timestamp,sent_count,received_count,error_count,total_throughput,interval_throughput,latency_ns_p25,latency_ns_p50,latency_ns_p75,latency_ns_p95,latency_ns_p99,latency_ns_min,latency_ns_max,latency_ns_mean,latency_ns_stddev,latency_sample_count,connections,active_connections,connection_attempts,connection_failures,crashes_injected,reconnects,reconnect_failures,duplicate_count,gap_count,interval_latency_ns_p50,interval_latency_ns_p95,interval_latency_ns_p99,interval_latency_ns_mean,interval_latency_sample_count
1782181048,0,0,0,0.00,0.00,0,0,0,0,0,0,0,0.00,0.00,0,1,1,1,0,0,0,0,0,0,0,0,0,0.00,0
1782181049,0,0,0,0.00,0.00,0,0,0,0,0,0,0,0.00,0.00,0,1,1,1,0,0,0,0,0,0,0,0,0,0.00,0
1782181050,0,0,0,0.00,0.00,0,0,0,0,0,0,0,0.00,0.00,0,1,1,1,0,0,0,0,0,0,0,0,0,0.00,0
1782181051,0,0,0,0.00,0.00,0,0,0,0,0,0,0,0.00,0.00,0,1,1,1,0,0,0,0,0,0,0,0,0,0.00,0
1782181052,0,0,0,0.00,0.00,0,0,0,0,0,0,0,0.00,0.00,0,1,1,1,0,0,0,0,0,0,0,0,0,0.00,0
1782181053,0,0,0,0.00,0.00,0,0,0,0,0,0,0,0.00,0.00,0,1,1,1,0,0,0,0,0,0,0,0,0,0.00,0
1782181054,0,0,0,0.00,0.00,0,0,0,0,0,0,0,0.00,0.00,0,1,1,1,0,0,0,0,0,0,0,0,0,0.00,0
1782181055,0,0,0,0.00,0.00,0,0,0,0,0,0,0,0.00,0.00,0,2,2,2,0,0,0,0,0,0,0,0,0,0.00,0
1782181056,0,0,0,0.00,0.00,0,0,0,0,0,0,0,0.00,0.00,0,2,2,2,0,0,0,0,0,0,0,0,0,0.00,0
1782181057,0,0,0,0.00,0.00,0,0,0,0,0,0,0,0.00,0.00,0,2,2,2,0,0,0,0,0,0,0,0,0,0.00,0
1782181058,0,0,0,0.00,0.00,0,0,0,0,0,0,0,0.00,0.00,0,2,2,2,0,0,0,0,0,0,0,0,0,0.00,0
1782181059,0,0,0,0.00,0.00,0,0,0,0,0,0,0,0.00,0.00,0,2,2,2,0,0,0,0,0,0,0,0,0,0.00,0
1782181060,0,0,0,0.00,0.00,0,0,0,0,0,0,0,0.00,0.00,0,2,2,2,0,0,0,0,0,0,0,0,0,0.00,0
1782181061,0,0,0,0.00,0.00,0,0,0,0,0,0,0,0.00,0.00,0,2,2,2,0,0,0,0,0,0,0,0,0,0.00,0
1782181062,0,0,0,0.00,0.00,0,0,0,0,0,0,0,0.00,0.00,0,3,3,3,0,0,0,0,0,0,0,0,0,0.00,0
1782181063,0,0,0,0.00,0.00,0,0,0,0,0,0,0,0.00,0.00,0,3,3,3,0,0,0,0,0,0,0,0,0,0.00,0
1782181064,0,0,0,0.00,0.00,0,0,0,0,0,0,0,0.00,0.00,0,3,3,3,0,0,0,0,0,0,0,0,0,0.00,0
1782181065,0,0,0,0.00,0.00,0,0,0,0,0,0,0,0.00,0.00,0,3,3,3,0,0,0,0,0,0,0,0,0,0.00,0
1782181066,0,0,0,0.00,0.00,0,0,0,0,0,0,0,0.00,0.00,0,3,3,3,0,0,0,0,0,0,0,0,0,0.00,0
1782181067,0,0,0,0.00,0.00,0,0,0,0,0,0,0,0.00,0.00,0,3,3,3,0,0,0,0,0,0,0,0,0,0.00,0
1782181068,0,0,0,0.00,0.00,0,0,0,0,0,0,0,0.00,0.00,0,3,3,3,0,0,0,0,0,0,0,0,0,0.00,0
1782181069,0,0,0,0.00,0.00,0,0,0,0,0,0,0,0.00,0.00,0,4,4,4,0,0,0,0,0,0,0,0,0,0.00,0
1782181070,0,0,0,0.00,0.00,0,0,0,0,0,0,0,0.00,0.00,0,4,4,4,0,0,0,0,0,0,0,0,0,0.00,0
1782181071,0,0,0,0.00,0.00,0,0,0,0,0,0,0,0.00,0.00,0,4,4,4,0,0,0,0,0,0,0,0,0,0.00,0
1782181072,0,0,0,0.00,0.00,0,0,0,0,0,0,0,0.00,0.00,0,4,4,4,0,0,0,0,0,0,0,0,0,0.00,0
1782181073,0,0,0,0.00,0.00,0,0,0,0,0,0,0,0.00,0.00,0,4,4,4,0,0,0,0,0,0,0,0,0,0.00,0
1782181074,0,0,0,0.00,0.00,0,0,0,0,0,0,0,0.00,0.00,0,4,4,4,0,0,0,0,0,0,0,0,0,0.00,0
1782181075,0,0,0,0.00,0.00,0,0,0,0,0,0,0,0.00,0.00,0,5,5,5,0,0,0,0,0,0,0,0,0,0.00,0
1782181076,0,0,0,0.00,0.00,0,0,0,0,0,0,0,0.00,0.00,0,5,5,5,0,0,0,0,0,0,0,0,0,0.00,0
1782181077,0,0,0,0.00,0.00,0,0,0,0,0,0,0,0.00,0.00,0,5,5,5,0,0,0,0,0,0,0,0,0,0.00,0
1782181078,0,0,0,0.00,0.00,0,0,0,0,0,0,0,0.00,0.00,0,5,5,5,0,0,0,0,0,0,0,0,0,0.00,0
1782181079,0,0,0,0.00,0.00,0,0,0,0,0,0,0,0.00,0.00,0,5,5,5,0,0,0,0,0,0,0,0,0,0.00,0
1782181080,0,0,0,0.00,0.00,0,0,0,0,0,0,0,0.00,0.00,0,5,5,5,0,0,0,0,0,0,0,0,0,0.00,0
1782181081,0,0,0,0.00,0.00,0,0,0,0,0,0,0,0.00,0.00,0,5,5,5,0,0,0,0,0,0,0,0,0,0.00,0
1782181082,0,0,0,0.00,0.00,0,0,0,0,0,0,0,0.00,0.00,0,6,6,6,0,0,0,0,0,0,0,0,0,0.00,0
1782181083,0,0,0,0.00,0.00,0,0,0,0,0,0,0,0.00,0.00,0,6,6,6,0,0,0,0,0,0,0,0,0,0.00,0
1782181084,0,0,0,0.00,0.00,0,0,0,0,0,0,0,0.00,0.00,0,6,6,6,0,0,0,0,0,0,0,0,0,0.00,0
1782181085,0,0,0,0.00,0.00,0,0,0,0,0,0,0,0.00,0.00,0,6,6,6,0,0,0,0,0,0,0,0,0,0.00,0
1782181086,0,0,0,0.00,0.00,0,0,0,0,0,0,0,0.00,0.00,0,6,6,6,0,0,0,0,0,0,0,0,0,0.00,0
1782181087,0,0,0,0.00,0.00,0,0,0,0,0,0,0,0.00,0.00,0,6,6,6,0,0,0,0,0,0,0,0,0,0.00,0
1782181088,0,0,0,0.00,0.00,0,0,0,0,0,0,0,0.00,0.00,0,6,6,6,0,0,0,0,0,0,0,0,0,0.00,0
1782181089,0,0,0,0.00,0.00,0,0,0,0,0,0,0,0.00,0.00,0,7,7,7,0,0,0,0,0,0,0,0,0,0.00,0
1782181090,0,0,0,0.00,0.00,0,0,0,0,0,0,0,0.00,0.00,0,7,7,7,0,0,0,0,0,0,0,0,0,0.00,0
1782181091,0,0,0,0.00,0.00,0,0,0,0,0,0,0,0.00,0.00,0,7,7,7,0,0,0,0,0,0,0,0,0,0.00,0
1782181092,0,0,0,0.00,0.00,0,0,0,0,0,0,0,0.00,0.00,0,7,7,7,0,0,0,0,0,0,0,0,0,0.00,0
1782181093,0,0,0,0.00,0.00,0,0,0,0,0,0,0,0.00,0.00,0,7,7,7,0,0,0,0,0,0,0,0,0,0.00,0
1782181094,0,0,0,0.00,0.00,0,0,0,0,0,0,0,0.00,0.00,0,7,7,7,0,0,0,0,0,0,0,0,0,0.00,0
1782181095,0,0,0,0.00,0.00,0,0,0,0,0,0,0,0.00,0.00,0,8,8,8,0,0,0,0,0,0,0,0,0,0.00,0
1782181096,0,0,0,0.00,0.00,0,0,0,0,0,0,0,0.00,0.00,0,8,8,8,0,0,0,0,0,0,0,0,0,0.00,0
1782181097,0,0,0,0.00,0.00,0,0,0,0,0,0,0,0.00,0.00,0,8,8,8,0,0,0,0,0,0,0,0,0,0.00,0
1782181098,0,0,0,0.00,0.00,0,0,0,0,0,0,0,0.00,0.00,0,8,8,8,0,0,0,0,0,0,0,0,0,0.00,0
1782181099,0,0,0,0.00,0.00,0,0,0,0,0,0,0,0.00,0.00,0,8,8,8,0,0,0,0,0,0,0,0,0,0.00,0
1782181100,0,0,0,0.00,0.00,0,0,0,0,0,0,0,0.00,0.00,0,8,8,8,0,0,0,0,0,0,0,0,0,0.00,0
1782181101,0,0,0,0.00,0.00,0,0,0,0,0,0,0,0.00,0.00,0,8,8,8,0,0,0,0,0,0,0,0,0,0.00,0
1782181102,0,0,0,0.00,0.00,0,0,0,0,0,0,0,0.00,0.00,0,9,9,9,0,0,0,0,0,0,0,0,0,0.00,0
1782181103,0,0,0,0.00,0.00,0,0,0,0,0,0,0,0.00,0.00,0,9,9,9,0,0,0,0,0,0,0,0,0,0.00,0
1782181104,0,0,0,0.00,0.00,0,0,0,0,0,0,0,0.00,0.00,0,9,9,9,0,0,0,0,0,0,0,0,0,0.00,0
1782181105,0,0,0,0.00,0.00,0,0,0,0,0,0,0,0.00,0.00,0,9,9,9,0,0,0,0,0,0,0,0,0,0.00,0
1782181106,0,0,0,0.00,0.00,0,0,0,0,0,0,0,0.00,0.00,0,9,9,9,0,0,0,0,0,0,0,0,0,0.00,0
1782181107,0,0,0,0.00,0.00,0,0,0,0,0,0,0,0.00,0.00,0,9,9,9,0,0,0,0,0,0,0,0,0,0.00,0
1782181108,0,0,0,0.00,0.00,0,0,0,0,0,0,0,0.00,0.00,0,9,9,9,0,0,0,0,0,0,0,0,0,0.00,0
1782181109,0,0,0,0.00,0.00,0,0,0,0,0,0,0,0.00,0.00,0,10,10,10,0,0,0,0,0,0,0,0,0,0.00,0
1782181110,0,140,0,250.81,139.93,4472831,43450367,103677951,170786815,197787647,986112,197787647,60561519.54,58499126.80,140,10,10,10,0,0,0,0,0,0,43450367,170786815,197787647,60561519.54,140
1782181111,0,340,0,218.20,200.00,2043903,2998271,14770175,136577023,197656575,936448,197787647,26403738.35,47184674.76,340,10,10,10,0,0,0,0,0,0,2281471,4485119,5472255,2493291.52,200
1782181112,0,540,0,211.13,200.11,1872895,2516991,3819519,107216895,170917887,663552,197787647,17441842.73,39224553.78,540,10,10,10,0,0,0,0,0,0,2121727,3753983,4091903,2206620.16,200
1782181113,0,740,0,207.98,199.91,1798143,2306047,3350527,102432767,170786815,663552,197787647,13315683.98,34188349.47,740,10,10,10,0,0,0,0,0,0,2072575,3469311,4239359,2175055.36,200
1782181114,0,940,0,206.22,199.96,1718271,2250751,3178495,90570751,155713535,657408,197787647,10957394.25,30674765.89,940,10,10,10,0,0,0,0,0,0,1955839,4202495,5713919,2231722.24,200
1782181115,0,1140,0,205.12,200.11,1659903,2150399,2932735,83623935,153616383,657408,197787647,9372063.89,28066526.22,1140,10,10,10,0,0,0,0,0,0,1930239,2908159,3465215,1921011.20,200
1782181116,0,1340,0,204.34,200.02,1672191,2140159,2867199,59211775,150208511,657408,197787647,8292888.07,26016557.93,1340,10,10,10,0,0,0,0,0,0,2045951,3239935,4081663,2141585.92,200
1782181117,0,1540,0,203.77,199.99,1655807,2121727,2783231,22462463,149946367,657408,197787647,7478706.87,24360723.10,1540,10,10,10,0,0,0,0,0,0,2035711,3084287,3850239,2023692.80,200
1782181118,0,1740,0,203.33,200.02,1611775,2097151,2736127,14688255,136577023,657408,197787647,6842464.07,22986798.65,1740,10,10,10,0,0,0,0,0,0,1836031,2967551,3354623,1943394.56,200
1782181119,0,1940,0,202.97,199.88,1594367,2072575,2670591,5472255,136445951,657408,197787647,6334434.84,21821869.97,1940,10,10,10,0,0,0,0,0,0,1902591,2836479,3088383,1914580.48,200
1782181120,0,2140,0,202.69,200.03,1602559,2074623,2643967,5472255,128450559,657408,197787647,5968294.52,20815079.42,2140,10,10,10,0,0,0,0,0,0,2101247,4734975,10665983,2416733.44,200
1782181121,0,2340,0,202.45,199.96,1561599,2045951,2592767,4837375,120913919,657408,197787647,5608648.75,19940965.05,2340,10,10,10,0,0,0,0,0,0,1757183,2643967,2928639,1760439.04,200
1782181122,0,2540,0,202.25,199.94,1545215,2032639,2553855,4591615,117637119,657408,197787647,5314299.16,19166895.04,2540,10,10,10,0,0,0,0,0,0,1850367,2865151,3520511,1870408.96,200
1782181123,0,2740,0,202.10,200.14,1553407,2031615,2535423,4472831,107216895,657408,197787647,5077185.31,18474301.00,2740,10,10,10,0,0,0,0,0,0,2007039,3450879,4145151,2065839.36,200
1782181124,0,2940,0,201.95,199.92,1556479,2022399,2514943,4304895,107085823,657408,197787647,4867914.45,17852307.10,2940,10,10,10,0,0,0,0,0,0,1956863,2959359,3930111,2000903.68,200
1782181125,0,3140,0,201.82,200.02,1545215,2009087,2484223,4153343,107020287,657408,197787647,4673833.50,17290920.40,3140,10,10,10,0,0,0,0,0,0,1799167,2779135,3035135,1820843.52,200
1782181126,0,3340,0,201.72,200.06,1551359,2011135,2488319,4091903,106823679,657408,197787647,4520880.75,16777077.60,3340,10,10,10,0,0,0,0,0,0,2024447,3454975,3932159,2119522.56,200
1782181127,0,3540,0,201.62,199.97,1548287,1994751,2469887,4020223,103677951,657408,197787647,4371373.49,16308170.72,3540,10,10,10,0,0,0,0,0,0,1858559,2859007,2979839,1874602.24,200
1782181128,0,3740,0,201.53,200.00,1539071,1994751,2478079,3895295,102432767,562176,197787647,4248475.38,15875548.42,3740,10,10,10,0,0,0,0,0,0,2007039,3450879,3682303,2073178.88,200
1782181129,0,3940,0,201.45,199.96,1535999,1986559,2469887,3819519,100335615,562176,197787647,4129760.16,15476422.91,3940,10,10,10,0,0,0,0,0,0,1843199,2936831,3274751,1909785.60,200
1782181130,0,4140,0,201.38,200.04,1541119,1988607,2463743,3887103,91881471,562176,197787647,4049916.29,15110155.32,4140,10,10,10,0,0,0,0,0,0,2012159,5136383,6320127,2476992.00,200
1782181131,0,4340,0,201.32,200.07,1537023,1985535,2455551,3809279,91291647,562176,197787647,3950772.20,14765327.40,4340,10,10,10,0,0,0,0,0,0,1764351,2926591,3379199,1898489.60,200
1782181132,0,4540,0,201.26,199.95,1529855,1980415,2451455,3741695,91160575,562176,197787647,3860957.21,14443080.39,4540,10,10,10,0,0,0,0,0,0,1882111,2912255,3280895,1911971.84,200
1782181133,0,4740,0,201.21,200.03,1531903,1983487,2453503,3721215,90570751,562176,197787647,3785422.15,14140431.06,4740,10,10,10,0,0,0,0,0,0,2030591,3074047,4046847,2070776.32,200
1782181134,0,4940,0,201.15,199.84,1533951,1973247,2443263,3649535,86507519,562176,197787647,3708290.18,13856638.54,4940,10,10,10,0,0,0,0,0,0,1825791,2656255,3115007,1880262.40,200
1782181135,0,5140,0,201.11,200.02,1532927,1970175,2439167,3583999,86376447,562176,197787647,3639025.46,13589185.69,5140,10,10,10,0,0,0,0,0,0,1900543,2836479,3168255,1928186.88,200
1782181136,0,5340,0,201.07,200.09,1532927,1971199,2437119,3569663,85327871,562176,197787647,3578608.71,13336437.15,5340,10,10,10,0,0,0,0,0,0,1972223,3043327,4702207,2025898.24,200
1782181137,0,5540,0,201.03,200.07,1529855,1968127,2437119,3528703,84017151,562176,197787647,3520419.30,13097555.41,5540,10,10,10,0,0,0,0,0,0,1908735,3231743,3590143,1966762.24,200
1782181138,0,5740,0,201.00,200.00,1525759,1965055,2435071,3516415,83623935,562176,197787647,3465614.85,12871270.38,5740,10,10,10,0,0,0,0,0,0,1748991,3123199,4575231,1947531.52,200
1782181139,0,5940,0,200.96,199.89,1521663,1960959,2428927,3493887,82378751,562176,197787647,3413541.88,12656301.07,5940,10,10,10,0,0,0,0,0,0,1844223,2963455,3467263,1919047.68,200
1782181140,0,6140,0,200.93,199.96,1526783,1961983,2435071,3518463,71106559,562176,197787647,3380883.10,12453004.08,6140,10,10,10,0,0,0,0,0,0,1974271,5763071,9388031,2410917.12,200
1782181141,0,6340,0,200.90,200.13,1522687,1959935,2422783,3514367,68354047,562176,197787647,3353007.20,12273531.26,6340,10,10,10,0,0,0,0,0,0,1832959,3272703,24690687,2497217.28,200
1782181142,0,6540,0,200.87,199.89,1527807,1963007,2414591,3493887,59277311,562176,197787647,3311911.54,12086979.79,6540,10,10,10,0,0,0,0,0,0,2013183,3057663,3473407,2009178.88,200
1782181143,0,6740,0,200.84,199.97,1525759,1959935,2412543,3477503,59211775,562176,197787647,3270081.52,11909104.19,6740,10,10,10,0,0,0,0,0,0,1831935,2811903,3133439,1902240.00,200
1782181144,0,6940,0,200.82,200.03,1523711,1959935,2408447,3459071,44662783,562176,197787647,3231441.82,11738773.99,6940,10,10,10,0,0,0,0,0,0,1960959,2838527,3106815,1929283.84,200
1782181145,0,7140,0,200.80,200.09,1519615,1958911,2402303,3426303,42795007,562176,197787647,3193463.97,11575743.66,7140,10,10,10,0,0,0,0,0,0,1903615,2824191,3012607,1875632.64,200
1782181146,0,7340,0,200.78,199.90,1518591,1957887,2402303,3403775,41058303,562176,197787647,3159876.81,11419179.35,7340,10,10,10,0,0,0,0,0,0,1940479,3006463,3526655,1960815.36,200
1782181147,0,7540,0,200.75,200.00,1517567,1955839,2398207,3381247,24821759,562176,197787647,3125810.66,11268950.95,7540,10,10,10,0,0,0,0,0,0,1893375,2815999,3092479,1875582.72,200
1782181148,0,7740,0,200.74,200.14,1517567,1956863,2402303,3389439,24690687,562176,197787647,3098677.68,11124357.20,7740,10,10,10,0,0,0,0,0,0,2031615,3446783,4444159,2075764.48,200
1782181149,0,7940,0,200.72,199.98,1513471,1955839,2400255,3379199,22478847,562176,197787647,3068580.88,10985453.67,7940,10,10,10,0,0,0,0,0,0,1885183,3090431,4075519,1903834.88,200
1782181150,0,8140,0,200.70,199.94,1506303,1948671,2392063,3362815,22167551,562176,197787647,3035261.30,10851972.50,8140,10,10,10,0,0,0,0,0,0,1657855,2590719,2752511,1712473.60,200
1782181151,0,8340,0,200.68,200.05,1504255,1946623,2390015,3354623,21807103,562176,197787647,3008158.08,10722908.52,8340,10,10,10,0,0,0,0,0,0,1919999,3063807,3907583,1905057.28,200
1782181152,0,8540,0,200.67,199.95,1500159,1942527,2383871,3338239,21495807,562176,197787647,2980519.81,10598440.92,8540,10,10,10,0,0,0,0,0,0,1801215,2662399,2961407,1828003.84,200
1782181153,0,8740,0,200.65,200.03,1499135,1941503,2381823,3317759,19628031,562176,197787647,2955802.42,10478098.91,8740,10,10,10,0,0,0,0,0,0,1917951,2873343,3100671,1900369.92,200
1782181154,0,8940,0,200.64,199.91,1498111,1940479,2375679,3299327,19529727,562176,197787647,2930662.51,10361880.69,8940,10,10,10,0,0,0,0,0,0,1849343,2797567,3020799,1832048.64,200
1782181155,0,9140,0,200.62,200.04,1497087,1940479,2371583,3289087,14974975,562176,197787647,2907742.00,10249370.44,9140,10,10,10,0,0,0,0,0,0,1934335,2760703,3321855,1883194.88,200
1782181156,0,9340,0,200.61,200.01,1497087,1939455,2369535,3278847,14770175,562176,197787647,2886161.35,10140431.14,9340,10,10,10,0,0,0,0,0,0,1854463,2916351,3340287,1899925.76,200
1782181157,0,9540,0,200.60,199.92,1496063,1934335,2361343,3272703,14688255,562176,197787647,2863344.19,10035072.88,9540,10,10,10,0,0,0,0,0,0,1801215,2572287,3338239,1797783.04,200
1782181158,0,9740,0,200.58,200.07,1496063,1930239,2357247,3258367,11231231,562176,197787647,2841317.03,9932940.26,9740,10,10,10,0,0,0,0,0,0,1762303,2686975,2971647,1790621.44,200
1782181159,0,9940,0,200.57,200.11,1496063,1930239,2355199,3256319,10665983,562176,197787647,2823350.26,9833676.29,9940,10,10,10,0,0,0,0,0,0,1889279,3176447,3551231,1948368.64,200
1782181160,0,10140,0,200.56,199.99,1496063,1929215,2353151,3244031,10600447,562176,197787647,2804820.30,9737440.20,10140,10,10,10,0,0,0,0,0,0,1897471,2736127,3928063,1883880.96,200
1782181161,0,10340,0,200.55,199.94,1492991,1924095,2347007,3248127,9420799,562176,197787647,2785385.84,9644241.05,10340,10,10,10,0,0,0,0,0,0,1695743,3256319,3624959,1800058.88,200
1782181162,0,10540,0,200.54,200.03,1484799,1918975,2344959,3239935,9388031,562176,197787647,2765885.06,9553823.35,10540,10,10,10,0,0,0,0,0,0,1635327,2983935,3743743,1757694.72,200
1782181163,0,10740,0,200.53,199.88,1479679,1915903,2342911,3239935,11231231,562176,197787647,2768237.26,9492102.16,10740,10,10,10,0,0,0,0,0,0,1654783,2973695,27426815,2892198.40,200
1782181164,0,10940,0,200.52,200.03,1478655,1909759,2336767,3225599,10665983,562176,197787647,2749521.41,9406169.78,10940,10,10,10,0,0,0,0,0,0,1718271,2674687,3033087,1744480.00,200
1782181165,0,11140,0,200.51,199.97,1477631,1905663,2332671,3211263,10600447,562176,197787647,2731419.94,9322603.46,11140,10,10,10,0,0,0,0,0,0,1687551,2852863,3141631,1741269.76,200
1782181166,0,11340,0,200.50,200.07,1475583,1905663,2332671,3211263,9420799,562176,197787647,2717448.71,9241154.69,11340,10,10,10,0,0,0,0,0,0,1873919,3067903,5165055,1939251.20,200
1782181167,0,11540,0,200.49,200.06,1474559,1902591,2328575,3201023,9388031,562176,197787647,2701320.78,9161745.18,11540,10,10,10,0,0,0,0,0,0,1786879,2680831,2854911,1786867.20,200
1782181168,0,11740,0,200.49,199.96,1472511,1900543,2324479,3201023,10829823,562176,197787647,2693096.36,9087724.82,11740,10,10,10,0,0,0,0,0,0,1802239,3151871,11542527,2218547.20,200
1782181169,0,11940,0,200.48,199.99,1472511,1899519,2320383,3178495,10665983,562176,197787647,2678161.97,9012204.30,11940,10,10,10,0,0,0,0,0,0,1820671,2572287,2775039,1801512.96,200
1782181170,0,12160,0,200.80,219.98,1472511,1900543,2322431,3178495,10584063,562176,197787647,2665886.65,8931179.33,12160,10,10,10,0,0,0,0,0,0,1977343,3080191,3446783,1999671.85,220
1782181171,0,12360,0,200.79,200.08,1472511,1898495,2320383,3172351,9420799,562176,197787647,2652912.22,8859500.47,12360,10,10,10,0,0,0,0,0,0,1795071,3045375,3131391,1864066.56,200
1782181172,0,12560,0,200.77,199.85,1471487,1896447,2316287,3170303,9404415,562176,197787647,2642973.25,8790950.96,12560,10,10,10,0,0,0,0,0,0,1725439,3041279,9314303,2028744.96,200
1782181173,0,12760,0,200.76,200.02,1471487,1896447,2318335,3176447,9355263,562176,197787647,2633304.76,8722665.73,12760,10,10,10,0,0,0,0,0,0,1894399,3600383,4378623,2026123.52,200
1782181174,0,12960,0,200.75,199.97,1468415,1894399,2318335,3176447,10665983,562176,197787647,2649403.93,8718162.88,12960,10,10,10,0,0,0,0,0,0,1741823,3309567,43515903,3676531.20,200
1782181175,0,13160,0,200.74,200.01,1465343,1894399,2320383,3174399,10584063,562176,197787647,2637991.59,8652585.53,13160,10,10,10,0,0,0,0,0,0,1867775,3028991,3758079,1898471.68,200
1782181176,0,13360,0,200.73,200.15,1467391,1896447,2318335,3174399,9715711,562176,197787647,2630421.65,8589151.40,13360,10,10,10,0,0,0,0,0,0,2041855,3166207,9215999,2132320.00,200
1782181177,0,13560,0,200.72,199.94,1469439,1898495,2318335,3174399,9404415,562176,197787647,2621703.82,8526204.90,13560,10,10,10,0,0,0,0,0,0,2035711,3141631,4112383,2039352.32,200
1782181178,0,13760,0,200.71,200.03,1468415,1898495,2316287,3170303,9355263,562176,197787647,2610833.06,8464769.02,13760,10,10,10,0,0,0,0,0,0,1912831,2865151,3440639,1873795.84,200
1782181179,0,13960,0,200.70,199.93,1469439,1899519,2316287,3168255,9338879,562176,197787647,2601463.53,8404613.26,13960,10,10,10,0,0,0,0,0,0,1988607,3080191,3620863,1956839.68,200
1782181180,0,14160,0,200.69,200.02,1471487,1899519,2316287,3170303,9314303,562176,197787647,2594174.95,8345908.62,14160,10,10,10,0,0,0,0,0,0,1894399,3454975,5545983,2085432.32,200
1782181181,0,14360,0,200.68,200.06,1470463,1898495,2314239,3166207,9338879,562176,197787647,2585641.86,8289416.94,14360,10,10,10,0,0,0,0,0,0,1811455,2842623,9691135,1981498.88,200
1782181182,0,14560,0,200.67,199.98,1468415,1898495,2314239,3166207,9314303,562176,197787647,2576720.21,8232968.98,14560,10,10,10,0,0,0,0,0,0,1866751,3115007,3606527,1936145.92,200
1782181183,0,14760,0,200.66,199.86,1468415,1897471,2316287,3170303,9289727,562176,197787647,2570009.67,8178288.74,14760,10,10,10,0,0,0,0,0,0,1861631,3667967,6754303,2081482.24,200
1782181184,0,14960,0,200.65,200.01,1466367,1897471,2316287,3164159,9224191,562176,197787647,2560833.25,8124135.48,14960,10,10,10,0,0,0,0,0,0,1842175,2852863,3530751,1883613.44,200
1782181185,0,15160,0,200.64,200.13,1468415,1898495,2320383,3176447,9388031,562176,197787647,2565348.07,8080879.36,15160,10,10,10,0,0,0,0,0,0,2014207,3739647,19529727,2903056.64,200
1782181186,0,15360,0,200.63,200.01,1469439,1897471,2316287,3170303,9338879,562176,197787647,2556031.53,8028705.99,15360,10,10,10,0,0,0,0,0,0,1866751,2666495,2832383,1849838.08,200
1782181187,0,15560,0,200.62,199.91,1469439,1896447,2314239,3162111,9314303,562176,197787647,2546181.76,7977632.70,15560,10,10,10,0,0,0,0,0,0,1758207,2664447,3094527,1789719.04,200
1782181188,0,15760,0,200.62,200.00,1467391,1894399,2312191,3158015,9289727,562176,197787647,2536680.45,7927622.82,15760,10,10,10,0,0,0,0,0,0,1724415,2867199,4431871,1797478.40,200
1782181189,0,15960,0,200.61,200.11,1464319,1893375,2312191,3155967,9224191,562176,197787647,2528014.23,7878524.85,15960,10,10,10,0,0,0,0,0,0,1836031,2861055,4177919,1845116.16,200
1782181190,0,16160,0,200.60,199.87,1465343,1894399,2310143,3155967,9388031,562176,197787647,2525964.50,7833471.17,16160,10,10,10,0,0,0,0,0,0,1951743,2871295,12165119,2362396.16,200
1782181191,0,16360,0,200.59,200.13,1466367,1893375,2310143,3151871,9338879,562176,197787647,2518325.77,7786084.86,16360,10,10,10,0,0,0,0,0,0,1865727,2969599,4016127,1901116.16,200
1782181192,0,16560,0,200.59,199.99,1463295,1890303,2308095,3149823,9314303,562176,197787647,2509213.67,7739643.77,16560,10,10,10,0,0,0,0,0,0,1620991,3049471,3248127,1763843.84,200
1782181193,0,16760,0,200.58,199.89,1460223,1888255,2306047,3141631,9289727,562176,197787647,2499585.51,7694035.97,16760,10,10,10,0,0,0,0,0,0,1694719,2529279,2807807,1702374.40,200
1782181194,0,16960,0,200.57,200.07,1457151,1886207,2301951,3133439,9224191,562176,197787647,2490275.05,7649255.41,16960,10,10,10,0,0,0,0,0,0,1693695,2672639,3348479,1710058.24,200
1782181195,0,17160,0,200.57,199.95,1456127,1883135,2297855,3129343,9183231,562176,197787647,2481076.10,7605201.05,17160,10,10,10,0,0,0,0,0,0,1700863,2510847,2955263,1701004.80,200
1782181196,0,17360,0,200.56,200.07,1454079,1882111,2295807,3123199,8822783,562176,197787647,2473149.04,7561832.02,17360,10,10,10,0,0,0,0,0,0,1800191,2596863,3317759,1793007.36,200
1782181197,0,17560,0,200.55,200.05,1452031,1880063,2293759,3123199,8310783,562176,197787647,2465276.71,7519320.43,17560,10,10,10,0,0,0,0,0,0,1669119,2902015,4040703,1781958.40,200
1782181198,0,17760,0,200.55,199.86,1449983,1879039,2293759,3117055,8146943,562176,197787647,2457755.10,7477460.43,17760,10,10,10,0,0,0,0,0,0,1736703,2854911,3313663,1797358.08,200
1782181199,0,17960,0,200.54,199.96,1448959,1880063,2293759,3112959,7782399,562176,197787647,2451166.18,7436203.95,17960,10,10,10,0,0,0,0,0,0,1961983,2686975,2918399,1866069.76,200
1782181200,0,18160,0,200.53,200.12,1448959,1880063,2289663,3106815,7520255,562176,197787647,2444071.05,7395665.78,18160,10,10,10,0,0,0,0,0,0,1857535,2764799,3031039,1806928.64,200
1782181201,0,18360,0,200.53,200.01,1446911,1876991,2287615,3104767,7024639,562176,197787647,2436267.91,7355848.52,18360,10,10,10,0,0,0,0,0,0,1693695,2764799,3067903,1727742.72,200
1782181202,0,18560,0,200.52,199.91,1446911,1873919,2285567,3100671,6840319,562176,197787647,2428587.77,7316649.58,18560,10,10,10,0,0,0,0,0,0,1720319,2457599,2996223,1723550.72,200
1782181203,0,18760,0,200.52,199.98,1445887,1873919,2287615,3100671,6811647,562176,197787647,2423649.99,7278091.94,18760,10,10,10,0,0,0,0,0,0,1859583,3405823,4087807,1965424.64,200
1782181204,0,18960,0,200.51,200.08,1444863,1873919,2285567,3096575,6684671,562176,197787647,2417682.46,7240100.19,18960,10,10,10,0,0,0,0,0,0,1859583,2861055,3528703,1857927.68,200
1782181205,0,19160,0,200.51,199.93,1444863,1872895,2285567,3092479,6258687,562176,197787647,2411130.86,7202752.46,19160,10,10,10,0,0,0,0,0,0,1755135,2824191,3080191,1790039.04,200
1782181206,0,19360,0,200.50,200.07,1442815,1870847,2283519,3088383,6184959,562176,197787647,2404110.31,7166061.78,19360,10,10,10,0,0,0,0,0,0,1650687,2822143,3915775,1731541.76,200
1782181207,0,19560,0,200.50,199.90,1442815,1869823,2283519,3084287,6111231,562176,197787647,2398045.45,7129770.73,19560,10,10,10,0,0,0,0,0,0,1769471,2709503,2965503,1810967.04,200
1782181208,0,19760,0,200.49,200.00,1441791,1867775,2281471,3082239,6017023,562176,197787647,2391907.50,7094082.30,19760,10,10,10,0,0,0,0,0,0,1725439,2701311,3198975,1791616.00,200
1782181209,0,19960,0,200.49,200.15,1440767,1866751,2279423,3080191,6111231,562176,197787647,2386004.34,7059342.26,19960,10,10,10,0,0,0,0,0,0,1688575,2611199,7475199,1802772.48,200
1782181210,0,20160,0,200.48,199.90,1437695,1865727,2275327,3076095,6017023,562176,197787647,2379514.74,7024730.86,20160,10,10,10,0,0,0,0,0,0,1799167,2525183,2975743,1731852.80,200
1782181211,0,20360,0,200.48,200.13,1439743,1866751,2277375,3069951,5951487,562176,197787647,2374644.13,6990509.10,20360,10,10,10,0,0,0,0,0,0,1867775,2740223,2965503,1883686.40,200
1782181212,0,20560,0,200.47,199.84,1435647,1862655,2273279,3065855,5910527,562176,197787647,2367098.85,6956994.44,20560,10,10,10,0,0,0,0,0,0,1612799,2396159,2707455,1598988.80,200
1782181213,0,20760,0,200.47,200.05,1435647,1861631,2273279,3063807,5832703,562176,197787647,2361770.65,6923803.94,20760,10,10,10,0,0,0,0,0,0,1801215,2709503,3194879,1814032.64,200
1782181214,0,20960,0,200.46,199.95,1435647,1860607,2273279,3061759,5763071,562176,197787647,2356896.53,6891094.36,20960,10,10,10,0,0,0,0,0,0,1777663,2867199,3080191,1850961.92,200
1782181215,0,21160,0,200.46,200.01,1434623,1859583,2273279,3059711,5713919,562176,197787647,2351995.10,6858879.18,21160,10,10,10,0,0,0,0,0,0,1774591,3012607,3248127,1838325.76,200
1782181216,0,21360,0,200.45,200.06,1433599,1859583,2273279,3055615,5545983,562176,197787647,2346453.33,6827190.46,21360,10,10,10,0,0,0,0,0,0,1714175,2863103,3020799,1760134.40,200
1782181217,0,21560,0,200.45,200.01,1432575,1857535,2271231,3051519,5500927,562176,197787647,2340723.98,6795886.75,21560,10,10,10,0,0,0,0,0,0,1675263,2543615,3043327,1728829.44,200
1782181218,0,21760,0,200.45,199.90,1431551,1857535,2271231,3053567,5545983,562176,197787647,2337737.53,6765459.35,21760,10,10,10,0,0,0,0,0,0,1848319,3375103,7303167,2015797.76,200
1782181219,0,21960,0,200.44,200.12,1431551,1856511,2271231,3053567,5500927,562176,197787647,2333457.98,6735027.73,21960,10,10,10,0,0,0,0,0,0,1843199,2981887,4061183,1867842.56,200
1782181220,0,22160,0,200.44,199.95,1429503,1855487,2269183,3053567,5472255,562176,197787647,2329022.06,6705026.80,22160,10,10,10,0,0,0,0,0,0,1750015,3037183,4155391,1841958.40,200
1782181221,0,22360,0,200.43,200.01,1427455,1855487,2269183,3051519,5353471,562176,197787647,2324275.85,6675408.93,22360,10,10,10,0,0,0,0,0,0,1698815,2908159,3203071,1798396.16,200
1782181222,0,22560,0,200.43,199.99,1428479,1855487,2269183,3053567,5304319,562176,197787647,2320876.38,6646131.32,22560,10,10,10,0,0,0,0,0,0,1884159,3295231,3735551,1940815.36,200
1782181223,0,22760,0,200.43,200.02,1428479,1854463,2269183,3051519,5193727,562176,197787647,2316508.19,6617238.36,22760,10,10,10,0,0,0,0,0,0,1801215,2801663,3373055,1823776.00,200
1782181224,0,22960,0,200.42,199.97,1427455,1853439,2267135,3051519,5185535,562176,197787647,2311814.00,6588805.50,22960,10,10,10,0,0,0,0,0,0,1745919,2947071,3936255,1777615.36,200
1782181225,0,23160,0,200.42,199.98,1427455,1853439,2267135,3049471,5169151,562176,197787647,2308055.06,6560627.01,23160,10,10,10,0,0,0,0,0,0,1930239,2893823,3082239,1876528.64,200
1782181226,0,23360,0,200.42,200.07,1427455,1852415,2267135,3045375,5160959,562176,197787647,2303750.74,6532852.05,23360,10,10,10,0,0,0,0,0,0,1755135,2891775,3139583,1805310.72,200
1782181227,0,23560,0,200.41,199.90,1426431,1851391,2265087,3043327,5124095,562176,197787647,2299211.32,6505405.89,23560,10,10,10,0,0,0,0,0,0,1769471,2684927,2947071,1769007.36,200
1782181228,0,23760,0,200.41,200.01,1426431,1850367,2263039,3041279,4911103,562176,197787647,2294698.79,6478351.73,23760,10,10,10,0,0,0,0,0,0,1682431,2775039,3008511,1763121.92,200
1782181229,0,23960,0,200.41,200.12,1426431,1849343,2260991,3037183,4890623,562176,197787647,2290282.63,6451616.26,23960,10,10,10,0,0,0,0,0,0,1768447,2709503,3362815,1765643.52,200
1782181230,0,24370,0,202.14,409.91,1425407,1850367,2267135,3063807,6000639,562176,197787647,2306280.24,6427112.71,24370,10,10,10,0,0,0,0,0,0,1985535,11616255,28524543,3241164.80,410
1782181231,0,24870,0,204.59,499.81,1421311,1851391,2273279,3094527,5881855,562176,197787647,2301127.54,6363727.77,24870,10,10,10,0,0,0,0,0,0,1909759,3684351,4280319,2049985.02,500
1782181232,0,25370,0,207.00,500.31,1417215,1850367,2275327,3131391,5763071,544256,197787647,2296422.97,6302674.09,25370,10,10,10,0,0,0,0,0,0,1762303,3921919,5005311,2062417.41,500
1782181233,0,25870,0,209.38,499.82,1414143,1850367,2283519,3162111,5619711,544256,197787647,2292429.33,6243090.32,25870,10,10,10,0,0,0,0,0,0,1883135,3940351,4718591,2089792.51,500
1782181234,0,26370,0,211.71,500.00,1412095,1852415,2291711,3207167,5832703,544256,197787647,2295187.63,6190335.51,26370,10,10,10,0,0,0,0,0,0,2087935,4825087,14876671,2437901.82,500
1782181235,0,26870,0,214.00,500.01,1407999,1851391,2295807,3231743,5763071,544256,197787647,2290539.47,6134509.51,26870,10,10,10,0,0,0,0,0,0,1734655,4100095,5619711,2045395.46,500
1782181236,0,27370,0,216.27,500.17,1403903,1853439,2303999,3260415,5910527,544256,197787647,2289309.36,6081094.70,27370,10,10,10,0,0,0,0,0,0,2117631,3975167,8642559,2223203.33,500
1782181237,0,27870,0,218.49,499.97,1397759,1849343,2308095,3276799,5763071,522496,197787647,2281549.23,6027844.47,27870,10,10,10,0,0,0,0,0,0,1567743,3657727,4188159,1856759.55,500
1782181238,0,28370,0,220.68,499.74,1393663,1850367,2312191,3305471,5910527,522496,197787647,2284949.98,5985916.90,28370,10,10,10,0,0,0,0,0,0,1968127,4263935,20037631,2474507.78,500
1782181239,0,28870,0,222.83,500.25,1393663,1853439,2320383,3334143,5881855,522496,197787647,2285088.57,5935675.05,28870,10,10,10,0,0,0,0,0,0,2215935,4218879,5808127,2292952.58,500
1782181240,0,29370,0,224.96,499.65,1390591,1852415,2322431,3354623,5931007,522496,197787647,2281623.56,5887840.88,29370,10,10,10,0,0,0,0,0,0,1674239,4780031,7688191,2081553.92,500
1782181241,0,29870,0,227.05,500.41,1386495,1850367,2322431,3364863,5881855,522496,197787647,2274894.69,5839859.86,29870,10,10,10,0,0,0,0,0,0,1708031,3657727,4984831,1879640.58,500
1782181242,0,30370,0,229.11,499.59,1383423,1849343,2328575,3373055,5763071,460800,197787647,2270806.34,5792994.66,30370,10,10,10,0,0,0,0,0,0,1784831,3598335,4722687,2026568.45,500
1782181243,0,30870,0,231.14,500.19,1381375,1850367,2332671,3399679,5763071,460800,197787647,2269498.24,5747785.73,30870,10,10,10,0,0,0,0,0,0,1964031,4276223,5414911,2190044.16,500
1782181244,0,31370,0,233.13,499.95,1380351,1851391,2338815,3411967,5713919,460800,197787647,2266211.22,5703300.17,31370,10,10,10,0,0,0,0,0,0,1928191,3639295,4947967,2063270.40,500
1782181245,0,31870,0,235.10,500.25,1379327,1851391,2342911,3411967,5742591,460800,197787647,2262058.07,5659827.32,31870,10,10,10,0,0,0,0,0,0,1852415,3432447,6045695,2001489.41,500
1782181246,0,32370,0,237.04,499.94,1378303,1852415,2349055,3440639,5672959,460800,197787647,2260579.73,5617531.46,32370,10,10,10,0,0,0,0,0,0,1923071,4155391,4481023,2166350.59,500
1782181247,0,32870,0,238.95,500.07,1374207,1851391,2353151,3457023,5742591,460800,197787647,2262192.88,5584772.62,32870,10,10,10,0,0,0,0,0,0,1804287,4093951,20594687,2366627.84,500
1782181248,0,33370,0,240.84,499.94,1373183,1853439,2359295,3483647,5713919,460800,197787647,2262130.90,5544680.29,33370,10,10,10,0,0,0,0,0,0,2022399,4521983,5480447,2258056.70,500
1782181249,0,33870,0,242.69,499.78,1373183,1854463,2367487,3491839,5672959,460800,197787647,2260519.07,5504836.46,33870,10,10,10,0,0,0,0,0,0,2092031,3661823,4399103,2152945.66,500
1782181250,0,34370,0,244.53,500.19,1372159,1855487,2369535,3495935,5640191,460800,197787647,2256838.82,5465828.17,34370,10,10,10,0,0,0,0,0,0,1905663,3545087,3901439,2007538.18,500
1782181251,0,34870,0,246.33,499.92,1371135,1856511,2373631,3502079,5652479,460800,197787647,2255057.38,5428517.21,34870,10,10,10,0,0,0,0,0,0,1939455,3930111,8691711,2132601.86,500
1782181252,0,35370,0,248.11,499.81,1370111,1856511,2375679,3508223,5619711,460800,197787647,2251861.99,5391120.94,35370,10,10,10,0,0,0,0,0,0,1876991,3594239,4014079,2029015.30,500
1782181253,0,35870,0,249.86,500.40,1371135,1858559,2383871,3526655,5631999,460800,197787647,2253116.68,5355069.25,35870,10,10,10,0,0,0,0,0,0,2107391,4435967,5668863,2341873.66,500
1782181254,0,36370,0,251.59,499.75,1371135,1860607,2390015,3543039,5595135,460800,197787647,2251740.65,5319499.27,36370,10,10,10,0,0,0,0,0,0,2030591,4044799,4665343,2153024.26,500
1782181255,0,36870,0,253.30,500.21,1369087,1860607,2396159,3553279,5595135,460800,197787647,2249708.26,5284834.08,36870,10,10,10,0,0,0,0,0,0,1851391,3874815,5451775,2101871.62,500
1782181256,0,37370,0,254.98,499.96,1367039,1859583,2396159,3561471,5631999,460800,197787647,2245919.35,5251055.36,37370,10,10,10,0,0,0,0,0,0,1709055,4093951,6664191,1966525.44,500
1782181257,0,37870,0,256.65,499.97,1362943,1857535,2396159,3565567,5660671,460800,197787647,2241239.04,5218073.63,37870,10,10,10,0,0,0,0,0,0,1725439,3661823,6205439,1891432.96,500
1782181258,0,38370,0,258.28,499.77,1359871,1856511,2398207,3565567,5668863,460800,197787647,2237641.53,5185434.69,38370,10,10,10,0,0,0,0,0,0,1812479,3713023,5971967,1965165.82,500
1782181259,0,38870,0,259.90,500.36,1359871,1858559,2404351,3588095,5713919,460800,197787647,2240171.89,5154628.96,38870,10,10,10,0,0,0,0,0,0,2168831,4501503,8278015,2434351.62,500
1782181260,0,39370,0,261.49,499.62,1359871,1860607,2412543,3608575,5898239,460800,197787647,2246711.91,5134678.85,39370,10,10,10,0,0,0,0,0,0,2082815,5414911,22593535,2755133.44,500
1782181261,0,39870,0,263.07,499.93,1360895,1861631,2416639,3614719,5881855,460800,197787647,2245976.83,5103962.82,39870,10,10,10,0,0,0,0,0,0,1942527,3989503,5292031,2188096.51,500
1782181262,0,40370,0,264.62,500.00,1358847,1862655,2420735,3618815,5808127,460800,197787647,2243381.92,5073485.57,40370,10,10,10,0,0,0,0,0,0,1891327,3762175,4073471,2036463.36,500
1782181263,0,40870,0,266.15,500.12,1356799,1862655,2424831,3633151,5808127,460800,197787647,2243054.19,5044155.30,40870,10,10,10,0,0,0,0,0,0,1913855,4108287,5976063,2216593.41,500
1782181264,0,41370,0,267.67,499.94,1356799,1864703,2430975,3643391,5808127,460800,197787647,2243366.51,5015045.72,41370,10,10,10,0,0,0,0,0,0,2107391,4472831,5251071,2268895.23,500
1782181265,0,41870,0,269.16,500.35,1354751,1863679,2433023,3649535,5763071,460800,197787647,2239994.23,4986257.49,41870,10,10,10,0,0,0,0,0,0,1738751,3831807,4517887,1960972.03,500
1782181266,0,42370,0,270.64,500.03,1354751,1865727,2437119,3655679,5718015,460800,197787647,2239776.04,4958067.32,42370,10,10,10,0,0,0,0,0,0,2195455,4161535,5324799,2221505.02,500
1782181267,0,42870,0,272.09,499.91,1352703,1864703,2443263,3665919,5763071,460800,197787647,2239108.81,4931975.23,42870,10,10,10,0,0,0,0,0,0,1783807,4296703,6561791,2182567.94,500
1782181268,0,43370,0,273.53,500.00,1352703,1865727,2445311,3672063,5742591,460800,197787647,2238465.66,4904881.06,43370,10,10,10,0,0,0,0,0,0,1955839,3901439,4653055,2183322.11,500
1782181269,0,43870,0,274.95,499.86,1352703,1867775,2453503,3682303,5750783,460800,197787647,2239917.70,4878564.30,43870,10,10,10,0,0,0,0,0,0,2285567,4116479,6803455,2365867.52,500
1782181270,0,44370,0,276.35,499.94,1352703,1869823,2457599,3688447,5799935,460800,197787647,2240491.54,4853288.18,44370,10,10,10,0,0,0,0,0,0,2099199,4939775,8093695,2290839.55,500
1782181271,0,44870,0,277.73,500.30,1348607,1867775,2457599,3688447,5750783,460800,197787647,2236603.34,4827520.46,44870,10,10,10,0,0,0,0,0,0,1518591,3768319,4276223,1891564.54,500
1782181272,0,45370,0,279.10,499.69,1344511,1866751,2459647,3690495,5718015,460800,197787647,2232974.71,4802141.25,45370,10,10,10,0,0,0,0,0,0,1632255,3905535,4501503,1907341.82,500
1782181273,0,45870,0,280.45,500.00,1341439,1863679,2459647,3688447,5705727,460800,197787647,2228140.35,4777098.55,45870,10,10,10,0,0,0,0,0,0,1518591,3534847,4124671,1789470.98,500
1782181274,0,46370,0,281.78,500.05,1341439,1866751,2465791,3692543,5799935,460800,197787647,2228789.41,4753022.13,46370,10,10,10,0,0,0,0,0,0,2092031,4038655,6283263,2288333.31,500
1782181275,0,46870,0,283.10,500.13,1342463,1867775,2469887,3702783,5881855,460800,197787647,2230518.85,4729658.86,46870,10,10,10,0,0,0,0,0,0,2129919,4620287,7094271,2390907.90,500
1782181276,0,47370,0,284.41,499.99,1340415,1867775,2473983,3710975,5914623,460800,197787647,2230304.08,4707248.77,47370,10,10,10,0,0,0,0,0,0,1827839,4706303,9535487,2210170.88,500
1782181277,0,47870,0,285.69,500.03,1338367,1865727,2473983,3715071,5910527,460800,197787647,2228042.06,4684201.58,47870,10,10,10,0,0,0,0,0,0,1596415,3903487,5312511,2013738.24,500
1782181278,0,48370,0,286.96,499.91,1335295,1863679,2473983,3710975,5877759,460800,197787647,2224098.54,4660968.05,48370,10,10,10,0,0,0,0,0,0,1602559,3514367,4151295,1846545.92,500
1782181279,0,48870,0,288.22,500.09,1335295,1864703,2478079,3715071,5861375,460800,197787647,2223315.24,4638490.83,48870,10,10,10,0,0,0,0,0,0,2030591,4130815,5509119,2147539.46,500
1782181280,0,49370,0,289.46,499.79,1335295,1866751,2482175,3727359,5992447,460800,197787647,2225346.25,4617599.24,49370,10,10,10,0,0,0,0,0,0,2072575,6000639,8179711,2423856.90,500
1782181281,0,49870,0,290.69,499.89,1335295,1868799,2488319,3729407,5988351,460800,197787647,2225770.22,4595862.82,49870,10,10,10,0,0,0,0,0,0,2177023,4128767,5550079,2267632.64,500
1782181282,0,50370,0,291.90,500.03,1335295,1869823,2490367,3731455,5976063,460800,197787647,2224335.02,4574140.12,50370,10,10,10,0,0,0,0,0,0,1928191,3930111,4841471,2081188.86,500
1782181283,0,50870,0,293.10,500.39,1333247,1869823,2492415,3733503,5963775,460800,197787647,2222502.92,4552775.72,50870,10,10,10,0,0,0,0,0,0,1840127,3766271,4591615,2037936.64,500
1782181284,0,51370,0,294.29,499.70,1333247,1869823,2494463,3735551,5963775,460800,197787647,2221485.11,4532027.12,51370,10,10,10,0,0,0,0,0,0,1899519,3926015,7376895,2117933.31,500
1782181285,0,51870,0,295.46,499.97,1331199,1869823,2496511,3737599,6017023,460800,197787647,2220889.20,4512123.06,51870,10,10,10,0,0,0,0,0,0,1916927,4165631,7217151,2159665.41,500
1782181286,0,52370,0,296.62,500.12,1329151,1869823,2498559,3739647,5992447,460800,197787647,2218952.43,4491624.92,52370,10,10,10,0,0,0,0,0,0,1810431,3780607,4321279,2018032.13,500
1782181287,0,52870,0,297.76,500.16,1328127,1869823,2500607,3743743,5963775,460800,197787647,2217195.86,4471406.20,52870,10,10,10,0,0,0,0,0,0,1843199,3876863,4210687,2033212.93,500
1782181288,0,53370,0,298.89,499.89,1328127,1868799,2502655,3747839,5931007,460800,197787647,2215877.32,4451556.14,53370,10,10,10,0,0,0,0,0,0,1830911,4057087,4911103,2076454.40,500
1782181289,0,53870,0,300.01,500.04,1326079,1867775,2502655,3747839,5922815,460800,197787647,2212996.14,4432087.12,53870,10,10,10,0,0,0,0,0,0,1606655,3782655,5726207,1905459.20,500
1782181290,0,54200,0,300.18,329.85,1324031,1867775,2504703,3751935,5918719,460800,197787647,2212398.26,4419785.21,54200,10,10,10,0,0,0,0,0,0,1805311,4497407,5812223,2114798.55,330
1782181291,0,54400,0,299.63,200.15,1324031,1867775,2502655,3751935,5947391,460800,197787647,2211819.52,4412136.68,54400,10,10,10,0,0,0,0,0,0,1935359,2914303,6217727,2054981.12,200
1782181292,0,54600,0,299.08,199.98,1324031,1867775,2502655,3747839,5931007,460800,197787647,2210191.99,4404284.81,54600,10,10,10,0,0,0,0,0,0,1744895,3018751,3250175,1767503.36,200
1782181293,0,54800,0,298.54,199.96,1324031,1866751,2500607,3747839,5922815,460800,197787647,2208609.13,4396439.89,54800,10,10,10,0,0,0,0,0,0,1783807,2809855,3180543,1776487.68,200
1782181294,0,55000,0,298.01,200.03,1324031,1865727,2498559,3745791,5914623,460800,197787647,2207028.77,4388691.83,55000,10,10,10,0,0,0,0,0,0,1674239,2920447,3407871,1774010.88,200
1782181295,0,55200,0,297.48,199.85,1324031,1864703,2496511,3741695,5910527,460800,197787647,2205309.40,4380936.28,55200,10,10,10,0,0,0,0,0,0,1663999,2648063,2955263,1732482.56,200
1782181296,0,55400,0,296.96,200.11,1325055,1865727,2494463,3739647,5894143,460800,197787647,2204210.90,4373191.21,55400,10,10,10,0,0,0,0,0,0,1929215,2885631,3389439,1901026.56,200
1782181297,0,55600,0,296.44,199.94,1325055,1864703,2494463,3737599,5881855,460800,197787647,2202750.38,4365530.94,55600,10,10,10,0,0,0,0,0,0,1753087,2856959,3409919,1798186.24,200
1782181298,0,55800,0,295.93,200.08,1324031,1863679,2492415,3735551,5873663,460800,197787647,2200990.59,4357940.37,55800,10,10,10,0,0,0,0,0,0,1647615,2795519,2990079,1711767.04,200
1782181299,0,56000,0,295.42,199.88,1325055,1863679,2490367,3733503,5861375,460800,197787647,2200080.82,4350604.62,56000,10,10,10,0,0,0,0,0,0,1916927,2807807,3389439,1946256.64,200
1782181300,0,56200,0,294.92,200.14,1325055,1863679,2488319,3731455,5840895,460800,197787647,2198631.68,4343045.57,56200,10,10,10,0,0,0,0,0,0,1852415,2500607,3543039,1792871.68,200
1782181301,0,56400,0,294.43,199.88,1326079,1863679,2488319,3729407,5832703,460800,197787647,2197691.31,4335517.18,56400,10,10,10,0,0,0,0,0,0,1902591,3063807,3409919,1933447.68,200
1782181302,0,56600,0,293.94,200.01,1325055,1863679,2486271,3725311,5808127,460800,197787647,2196063.22,4328050.49,56600,10,10,10,0,0,0,0,0,0,1787903,2547711,2975743,1736942.08,200
1782181303,0,56800,0,293.45,200.00,1325055,1862655,2484223,3725311,5799935,460800,197787647,2194513.91,4320641.22,56800,10,10,10,0,0,0,0,0,0,1746943,2693119,3774463,1756058.88,200
1782181304,0,57000,0,292.97,200.12,1325055,1862655,2482175,3721215,5771263,460800,197787647,2193322.68,4313229.88,57000,10,10,10,0,0,0,0,0,0,1875967,2818047,3276799,1855013.12,200
1782181305,0,57200,0,292.50,199.95,1326079,1862655,2482175,3719167,5767167,460800,197787647,2192217.41,4305855.39,57200,10,10,10,0,0,0,0,0,0,1864703,2869247,3178495,1877216.00,200
1782181306,0,57400,0,292.03,200.04,1325055,1862655,2480127,3717119,5763071,460800,197787647,2190891.59,4298569.50,57400,10,10,10,0,0,0,0,0,0,1853439,2820095,3981311,1811706.88,200
1782181307,0,57600,0,291.56,199.92,1326079,1860607,2478079,3717119,5758975,460800,197787647,2189846.32,4291497.80,57600,10,10,10,0,0,0,0,0,0,1698815,3190783,5545983,1889854.72,200
1782181308,0,57800,0,291.10,199.94,1326079,1860607,2478079,3715071,5746687,460800,197787647,2188323.84,4284260.36,57800,10,10,10,0,0,0,0,0,0,1723391,2629631,2815999,1749847.04,200
1782181309,0,58000,0,290.64,200.06,1326079,1859583,2476031,3710975,5742591,460800,197787647,2186849.06,4277081.06,58000,10,10,10,0,0,0,0,0,0,1727487,2877439,3237887,1760638.72,200
1782181310,0,58200,0,290.19,199.93,1326079,1859583,2476031,3710975,5742591,460800,197787647,2186135.66,4270119.41,58200,10,10,10,0,0,0,0,0,0,1852415,3254271,5320703,1979248.64,200
1782181311,0,58400,0,289.74,200.08,1326079,1858559,2473983,3708927,5734399,460800,197787647,2184398.73,4263023.43,58400,10,10,10,0,0,0,0,0,0,1678335,2674687,3346431,1678954.24,200
1782181312,0,58600,0,289.30,199.98,1325055,1857535,2473983,3704831,5718015,460800,197787647,2183035.77,4255962.04,58600,10,10,10,0,0,0,0,0,0,1782783,2998271,3295231,1785050.88,200
1782181313,0,58800,0,288.86,200.04,1326079,1857535,2471935,3700735,5713919,460800,197787647,2181963.09,4248888.04,58800,10,10,10,0,0,0,0,0,0,1848319,2799615,2973695,1867668.48,200
1782181314,0,59000,0,288.43,199.89,1326079,1857535,2469887,3698687,5713919,460800,197787647,2180514.63,4241843.70,59000,10,10,10,0,0,0,0,0,0,1764351,2496511,3006463,1754666.24,200
1782181315,0,59200,0,288.00,200.12,1326079,1856511,2467839,3696639,5705727,460800,197787647,2179482.97,4234875.29,59200,10,10,10,0,0,0,0,0,0,1827839,2988031,3239935,1875142.40,200
1782181316,0,59400,0,287.57,200.06,1326079,1856511,2467839,3694591,5701631,460800,197787647,2178432.46,4227963.09,59400,10,10,10,0,0,0,0,0,0,1809407,3209215,3614719,1867482.88,200
1782181317,0,59600,0,287.15,199.85,1326079,1856511,2465791,3692543,5685247,460800,197787647,2176959.85,4221024.87,59600,10,10,10,0,0,0,0,0,0,1778687,2435071,2998271,1739595.52,200
1782181318,0,59800,0,286.73,199.98,1327103,1855487,2463743,3692543,5672959,460800,197787647,2175634.74,4214159.25,59800,10,10,10,0,0,0,0,0,0,1710079,2787327,3694591,1780751.36,200
1782181319,0,60000,0,286.32,200.12,1327103,1854463,2461695,3690495,5668863,460800,197787647,2174184.41,4207291.85,60000,10,10,10,0,0,0,0,0,0,1722367,2535423,2969599,1740533.76,200
1782181320,0,60200,0,285.91,200.02,1327103,1854463,2459647,3690495,5668863,460800,197787647,2173243.86,4200527.08,60200,10,10,10,0,0,0,0,0,0,1836031,3020799,4255743,1891079.68,200
1782181321,0,60400,0,285.50,199.97,1327103,1854463,2459647,3688447,5660671,460800,197787647,2172108.09,4193850.41,60400,10,10,10,0,0,0,0,0,0,1702911,2828287,4870143,1830242.56,200
1782181322,0,60600,0,285.10,200.00,1327103,1853439,2457599,3686399,5652479,460800,197787647,2170898.20,4187093.79,60600,10,10,10,0,0,0,0,0,0,1776639,2609151,3487743,1805510.40,200
1782181323,0,60800,0,284.70,200.06,1327103,1853439,2455551,3686399,5648383,460800,197787647,2169586.64,4180370.88,60800,10,10,10,0,0,0,0,0,0,1791999,2682879,2992127,1772183.04,200
1782181324,0,61000,0,284.31,199.88,1327103,1852415,2453503,3682303,5640191,460800,197787647,2168243.80,4173691.24,61000,10,10,10,0,0,0,0,0,0,1768447,2504703,3405823,1760020.48,200
1782181325,0,61200,0,283.91,200.00,1328127,1852415,2453503,3680255,5636095,460800,197787647,2167260.62,4167039.67,61200,10,10,10,0,0,0,0,0,0,1805311,2957311,3256319,1867392.00,200
1782181326,0,61400,0,283.53,200.09,1328127,1852415,2451455,3680255,5631999,460800,197787647,2166626.19,4160448.20,61400,10,10,10,0,0,0,0,0,0,1952767,3000319,4198399,1972491.52,200
1782181327,0,61600,0,283.14,199.98,1329151,1852415,2451455,3678207,5627903,460800,197787647,2165729.37,4153898.77,61600,10,10,10,0,0,0,0,0,0,1790975,3168255,4044799,1890405.12,200
1782181328,0,61800,0,282.76,199.95,1329151,1851391,2449407,3678207,5619711,460800,197787647,2164403.17,4147335.53,61800,10,10,10,0,0,0,0,0,0,1708031,2766847,3309567,1755933.44,200
1782181329,0,62000,0,282.39,199.96,1329151,1851391,2449407,3676159,5611519,460800,197787647,2163193.51,4140826.13,62000,10,10,10,0,0,0,0,0,0,1743871,2711551,3178495,1789408.00,200
1782181330,0,62200,0,282.01,200.08,1329151,1851391,2447359,3676159,5636095,460800,197787647,2163242.82,4135067.89,62200,10,10,10,0,0,0,0,0,0,1867775,4071423,8994815,2178529.28,200
1782181331,0,62400,0,281.64,199.99,1329151,1851391,2447359,3674111,5631999,460800,197787647,2162105.07,4128587.53,62400,10,10,10,0,0,0,0,0,0,1864703,2615295,2777087,1808266.24,200
1782181332,0,62600,0,281.27,199.89,1330175,1851391,2445311,3674111,5627903,460800,197787647,2161135.23,4122192.39,62600,10,10,10,0,0,0,0,0,0,1801215,3272703,4218879,1858543.36,200
1782181333,0,62800,0,280.91,200.06,1329151,1850367,2445311,3670015,5619711,460800,197787647,2159724.87,4115847.03,62800,10,10,10,0,0,0,0,0,0,1641471,2848767,3106815,1718282.24,200
1782181334,0,63000,0,280.55,199.99,1329151,1850367,2443263,3665919,5611519,460800,197787647,2158581.59,4109473.34,63000,10,10,10,0,0,0,0,0,0,1885183,2590719,2904063,1799591.68,200
1782181335,0,63200,0,280.19,200.08,1329151,1850367,2441215,3665919,5603327,460800,197787647,2157301.01,4103131.32,63200,10,10,10,0,0,0,0,0,0,1740799,2639871,3086335,1753918.72,200
1782181336,0,63400,0,279.84,199.92,1330175,1849343,2439167,3663871,5595135,460800,197787647,2156188.78,4096856.32,63400,10,10,10,0,0,0,0,0,0,1679359,2813951,4028415,1804723.20,200
1782181337,0,63600,0,279.49,200.00,1330175,1849343,2437119,3663871,5582847,460800,197787647,2154895.28,4090566.94,63600,10,10,10,0,0,0,0,0,0,1728511,2555903,2820095,1744857.60,200
1782181338,0,63800,0,279.14,200.13,1331199,1849343,2437119,3661823,5578751,460800,197787647,2154474.95,4084394.95,63800,10,10,10,0,0,0,0,0,0,1853439,3315711,5201919,2020807.68,200
1782181339,0,64000,0,278.80,199.83,1331199,1848319,2437119,3659775,5566463,460800,197787647,2153355.18,4078213.58,64000,10,10,10,0,0,0,0,0,0,1696767,2975743,3264511,1796148.48,200
1782181340,0,64200,0,278.46,200.15,1331199,1848319,2435071,3659775,5550079,460800,197787647,2152595.32,4072074.45,64200,10,10,10,0,0,0,0,0,0,1769471,3495935,4390911,1909442.56,200
1782181341,0,64400,0,278.12,199.99,1331199,1848319,2435071,3657727,5550079,460800,197787647,2151675.22,4065906.80,64400,10,10,10,0,0,0,0,0,0,1839103,2744319,3280895,1856321.28,200
1782181342,0,64600,0,277.78,199.89,1332223,1848319,2433023,3655679,5545983,460800,197787647,2150455.61,4059735.49,64600,10,10,10,0,0,0,0,0,0,1778687,2445311,2662399,1757743.36,200
1782181343,0,64800,0,277.45,200.15,1332223,1848319,2430975,3655679,5537791,460800,197787647,2149412.85,4053612.13,64800,10,10,10,0,0,0,0,0,0,1851391,2674687,3061759,1812599.04,200
1782181344,0,65000,0,277.12,199.96,1331199,1847295,2430975,3653631,5533695,460800,197787647,2148059.82,4047574.91,65000,10,10,10,0,0,0,0,0,0,1639423,2809855,2990079,1709678.08,200
1782181345,0,65200,0,276.79,199.99,1331199,1847295,2428927,3651583,5529599,460800,197787647,2147374.81,4041539.48,65200,10,10,10,0,0,0,0,0,0,1923071,3223551,3661823,1924748.80,200
1782181346,0,65400,0,276.47,200.00,1330175,1846271,2426879,3649535,5529599,460800,197787647,2145691.38,4035848.40,65400,10,10,10,0,0,0,0,0,0,1430527,2562047,8609791,1596893.44,200
1782181347,0,65600,0,276.14,199.88,1331199,1846271,2426879,3649535,5521407,460800,197787647,2144865.30,4029871.53,65600,10,10,10,0,0,0,0,0,0,1820671,3178495,3727359,1874735.36,200
1782181348,0,65800,0,275.82,200.00,1330175,1845247,2424831,3645439,5509119,460800,197787647,2143420.99,4023930.13,65800,10,10,10,0,0,0,0,0,0,1657855,2545663,2828287,1669687.04,200
1782181349,0,66000,0,275.51,200.14,1330175,1844223,2424831,3643391,5509119,460800,197787647,2142064.57,4018028.29,66000,10,10,10,0,0,0,0,0,0,1647615,2787327,3000319,1695804.16,200
1782181350,0,66730,0,277.40,729.65,1327103,1844223,2428927,3686399,6225919,435968,197787647,2166801.95,4056607.50,66730,10,10,10,0,0,0,0,0,0,1878015,15720447,38567935,4403331.68,730
1782181351,0,67730,0,280.39,1000.67,1316863,1836031,2424831,3684351,6213631,388608,197787647,2156323.10,4029525.05,67730,10,10,10,0,0,0,0,0,0,1116159,3446783,4378623,1457069.44,1000
1782181352,0,68730,0,283.35,999.56,1303551,1826815,2418687,3678207,6184959,388608,197787647,2144897.63,4002814.28,68730,10,10,10,0,0,0,0,0,0,1071103,3137535,4800511,1371050.62,1000
1782181353,0,69730,0,286.30,1000.20,1293311,1819647,2414591,3678207,6184959,381696,197787647,2135509.92,3977193.51,69730,10,10,10,0,0,0,0,0,0,1027583,3794943,5689343,1490292.61,1000
1782181354,0,70730,0,289.22,999.53,1284095,1812479,2410495,3676159,6160383,381696,197787647,2126061.97,3951229.90,70730,10,10,10,0,0,0,0,0,0,1156095,3450879,4268031,1467256.19,1000
1782181355,0,71730,0,292.11,1000.06,1273855,1806335,2404351,3674111,6111231,381696,197787647,2117246.90,3925958.83,71730,10,10,10,0,0,0,0,0,0,1153023,3512319,4640767,1493757.06,1000
1782181356,0,72730,0,294.98,1000.47,1262591,1797119,2398207,3674111,6086655,381696,197787647,2106743.90,3901497.72,72730,10,10,10,0,0,0,0,0,0,1049599,3186687,5849087,1353363.84,1000
1782181357,0,73730,0,297.83,999.46,1253375,1788927,2392063,3665919,6057983,367104,197787647,2096663.11,3877214.98,73730,10,10,10,0,0,0,0,0,0,1143807,3125247,4085759,1363487.23,1000
1782181358,0,74730,0,300.65,1000.00,1245183,1781759,2385919,3665919,6057983,367104,197787647,2089854.67,3853967.57,74730,10,10,10,0,0,0,0,0,0,1240063,3667967,6012927,1587868.42,1000
1782181359,0,75730,0,303.46,1000.30,1233919,1773567,2379775,3661823,6021119,367104,197787647,2079876.01,3830547.47,75730,10,10,10,0,0,0,0,0,0,1055743,2967551,4407295,1334170.88,1000
1782181360,0,76730,0,306.24,999.76,1221631,1764351,2373631,3655679,5984255,367104,197787647,2068589.92,3807657.69,76730,10,10,10,0,0,0,0,0,0,975871,2895871,3559423,1213894.40,1000
1782181361,0,77730,0,308.99,1000.08,1214463,1758207,2369535,3651583,5984255,367104,197787647,2061462.90,3785360.10,77730,10,10,10,0,0,0,0,0,0,1239039,3303423,5631999,1514606.59,1000
1782181362,0,78730,0,311.73,999.73,1207295,1750015,2363391,3647487,5931007,367104,197787647,2052688.17,3763124.58,78730,10,10,10,0,0,0,0,0,0,1106943,2899967,3874815,1370628.10,1000
1782181363,0,79730,0,314.44,999.91,1198079,1742847,2357247,3645439,5931007,367104,197787647,2044600.47,3742413.67,79730,10,10,10,0,0,0,0,0,0,1068031,3215359,4579327,1407855.87,1000
1782181364,0,80730,0,317.14,1000.32,1188863,1735679,2353151,3641343,5898239,367104,197787647,2036433.09,3721127.58,80730,10,10,10,0,0,0,0,0,0,1067007,3180543,4575231,1385247.87,1000
1782181365,0,81703,0,319.71,973.67,1178623,1727487,2347007,3635199,5861375,367104,197787647,2028465.77,3703649.31,81703,10,10,10,0,0,0,0,0,0,1056767,3057663,3999743,1367416.11,973
1782181366,0,82730,0,322.46,1026.07,1169407,1720319,2342911,3639295,5951487,367104,197787647,2025994.69,3701557.79,82730,10,10,10,0,0,0,0,0,0,978431,4452351,23494655,1829407.53,1027
1782181367,0,83730,0,325.09,1000.74,1162239,1714175,2338815,3633151,5951487,367104,197787647,2019020.61,3681746.21,83730,10,10,10,0,0,0,0,0,0,1116159,3119103,4345855,1442054.91,1000
1782181368,0,84730,0,327.70,999.46,1157119,1710079,2334719,3633151,5926911,367104,197787647,2013558.91,3662257.24,84730,10,10,10,0,0,0,0,0,0,1206271,3618815,4407295,1556250.88,1000
1782181369,0,85730,0,330.29,999.99,1148927,1702911,2330623,3627007,5914623,367104,197787647,2005464.00,3643078.98,85730,10,10,10,0,0,0,0,0,0,1036287,3106815,4411391,1319582.21,1000
1782181370,0,86730,0,332.86,1000.58,1140735,1695743,2324479,3629055,6017023,367104,197787647,2002553.23,3638156.55,86730,10,10,10,0,0,0,0,0,0,969215,3885055,21413887,1753013.50,1000
1782181371,0,87730,0,335.41,999.37,1133567,1689599,2320383,3631103,5988351,367104,197787647,1996886.98,3619532.94,87730,10,10,10,0,0,0,0,0,0,1073151,3868671,5050367,1505452.54,1000
1782181372,0,88730,0,337.94,1000.15,1127423,1683455,2316287,3627007,5947391,367104,197787647,1990074.71,3600582.22,88730,10,10,10,0,0,0,0,0,0,1149951,3065855,3829759,1392434.56,1000
1782181373,0,89730,0,340.46,999.74,1121279,1677311,2312191,3624959,5971967,367104,197787647,1983619.52,3582962.33,89730,10,10,10,0,0,0,0,0,0,1040895,3260415,6791167,1410850.69,1000
1782181374,0,90730,0,342.95,999.90,1116159,1671167,2308095,3618815,5922815,367104,197787647,1977035.20,3564741.73,90730,10,10,10,0,0,0,0,0,0,1131519,2953215,4073471,1386223.49,1000
1782181375,0,91730,0,345.42,1000.66,1110015,1663999,2301951,3614719,5885951,367104,197787647,1969855.94,3546717.10,91730,10,10,10,0,0,0,0,0,0,1108991,2973695,3729407,1318481.92,1000
1782181376,0,92730,0,347.88,999.32,1103871,1658879,2297855,3610623,5849087,367104,197787647,1963459.13,3529221.16,92730,10,10,10,0,0,0,0,0,0,1058815,3192831,3977215,1376679.81,1000
1782181377,0,93730,0,350.32,1000.13,1095679,1650687,2293759,3608575,5836799,367104,197787647,1955759.19,3512379.35,93730,10,10,10,0,0,0,0,0,0,930303,3100671,4530175,1241743.49,1000
1782181378,0,94730,0,352.74,1000.02,1090559,1645567,2289663,3608575,5836799,367104,197787647,1951120.70,3495901.34,94730,10,10,10,0,0,0,0,0,0,1135615,3504127,5099519,1516354.94,1000
1782181379,0,95730,0,355.14,1000.01,1087487,1638399,2287615,3606527,5877759,367104,197787647,1946814.61,3480399.41,95730,10,10,10,0,0,0,0,0,0,1168383,3414015,8814591,1538899.33,1000
1782181380,0,96730,0,357.52,1000.12,1081343,1633279,2283519,3610623,5992447,367104,197787647,1948467.99,3488367.51,96730,10,10,10,0,0,0,0,0,0,1082367,4636671,24543231,2106746.11,1000
1782181381,0,97730,0,359.89,1000.43,1074175,1626111,2277375,3606527,5947391,367104,197787647,1940906.36,3472062.89,97730,10,10,10,0,0,0,0,0,0,973311,2631679,3850239,1209470.08,1000
1782181382,0,98730,0,362.23,999.42,1071103,1622015,2275327,3608575,6103039,367104,197787647,1944786.91,3484200.24,98730,10,10,10,0,0,0,0,0,0,1186815,7475199,27213823,2324032.77,1000
1782181383,0,99730,0,364.57,1000.08,1065983,1614847,2271231,3610623,6082559,367104,197787647,1938787.07,3468527.50,99730,10,10,10,0,0,0,0,0,0,1057791,3745791,5173247,1346422.40,1000
1782181384,0,100730,0,366.88,1000.36,1059839,1609727,2267135,3610623,6086655,367104,197787647,1933460.27,3453730.68,100730,10,10,10,0,0,0,0,0,0,993791,3774463,7573503,1402218.75,1000
1782181385,0,101730,0,369.18,1000.00,1055743,1603583,2265087,3610623,6074367,367104,197787647,1928645.21,3438446.93,101730,10,10,10,0,0,0,0,0,0,1072127,3463167,4044799,1443624.45,1000
1782181386,0,102727,0,371.45,996.78,1050623,1598463,2263039,3610623,6082559,367104,197787647,1924771.52,3424423.57,102727,10,10,10,0,0,0,0,0,0,1093631,3891199,7225343,1529515.01,997
1782181387,0,103730,0,373.72,1003.60,1047039,1594367,2258943,3614719,6062079,367104,197787647,1920712.11,3409999.01,103730,10,10,10,0,0,0,0,0,0,1094655,4108287,5050367,1504948.20,1003
1782181388,0,104730,0,375.97,999.16,1043967,1591295,2258943,3620863,6082559,367104,197787647,1918557.98,3396319.36,104730,10,10,10,0,0,0,0,0,0,1178623,4378623,6897663,1695110.66,1000
1782181389,0,105730,0,378.20,1000.25,1039359,1585151,2256895,3620863,6103039,367104,197787647,1913821.89,3382755.38,105730,10,10,10,0,0,0,0,0,0,1001983,3479551,6377471,1417810.43,1000
1782181390,0,106730,0,380.42,1000.13,1036287,1583103,2256895,3629055,6082559,367104,197787647,1912119.61,3369381.34,106730,10,10,10,0,0,0,0,0,0,1183743,4007935,5087231,1732138.37,1000
1782181391,0,107730,0,382.62,999.65,1032703,1579007,2256895,3635199,6160383,367104,197787647,1911050.80,3358680.04,107730,10,10,10,0,0,0,0,0,0,1072127,5402623,10649599,1796976.26,1000
1782181392,0,108730,0,384.81,1000.54,1027583,1572863,2252799,3635199,6172671,367104,197787647,1905968.04,3345704.87,108730,10,10,10,0,0,0,0,0,0,959999,3452927,7671807,1358402.18,1000
1782181393,0,109730,0,386.98,1000.11,1023487,1568767,2250751,3635199,6168575,367104,197787647,1902342.45,3332532.35,109730,10,10,10,0,0,0,0,0,0,1030143,3743743,4644863,1508132.35,1000
1782181394,0,110730,0,389.13,999.41,1019903,1564671,2248703,3639295,6205439,367104,197787647,1900317.38,3322315.89,110730,10,10,10,0,0,0,0,0,0,1076223,4087807,12681215,1678106.24,1000
1782181395,0,111730,0,391.27,1000.43,1014783,1556479,2244607,3637247,6172671,367104,197787647,1894437.53,3308977.36,111730,10,10,10,0,0,0,0,0,0,955903,3411967,4069375,1243362.05,1000
1782181396,0,112729,0,393.39,999.00,1011711,1553407,2244607,3641343,6172671,367104,197787647,1891608.84,3297006.40,112729,10,10,10,0,0,0,0,0,0,1052671,4145151,9265151,1575242.70,999
1782181397,0,113730,0,395.50,1000.56,1009663,1549311,2240511,3641343,6160383,367104,197787647,1888137.58,3284081.30,113730,10,10,10,0,0,0,0,0,0,1175551,3500031,4599807,1497217.41,1001
1782181398,0,114730,0,397.60,1000.04,1008127,1546239,2238463,3639295,6139903,367104,197787647,1885033.52,3271209.61,114730,10,10,10,0,0,0,0,0,0,1188863,3520511,4861951,1532008.58,1000
1782181399,0,115730,0,399.68,1000.12,1004031,1542143,2236415,3641343,6103039,367104,197787647,1880608.96,3258621.76,115730,10,10,10,0,0,0,0,0,0,976895,3667967,4407295,1372979.33,1000
1782181400,0,116730,0,401.74,1000.36,1001471,1540095,2236415,3649535,6111231,366592,197787647,1879661.72,3246885.89,116730,10,10,10,0,0,0,0,0,0,1317887,4354047,6152191,1770036.61,1000
1782181401,0,117730,0,403.80,999.70,998911,1535999,2234367,3649535,6143999,366592,197787647,1876343.08,3236174.54,117730,10,10,10,0,0,0,0,0,0,1051647,3844095,6967295,1488958.34,1000
1782181402,0,118730,0,405.83,1000.20,994815,1529855,2230271,3651583,6164479,366592,197787647,1872344.21,3225491.56,118730,10,10,10,0,0,0,0,0,0,950271,4106239,9297919,1401557.89,1000
1782181403,0,119730,0,407.86,999.78,992767,1527807,2230271,3659775,6230015,366592,197787647,1872797.00,3217441.66,119730,10,10,10,0,0,0,0,0,0,1155071,4845567,11755519,1926556.67,1000
1782181404,0,120730,0,409.87,999.76,989695,1524735,2226175,3659775,6221823,366592,197787647,1869200.20,3205754.90,120730,10,10,10,0,0,0,0,0,0,1043967,3520511,5881855,1438555.01,1000
1782181405,0,121730,0,411.87,1000.34,986623,1519615,2222079,3657727,6205439,366592,197787647,1864675.06,3194005.73,121730,10,10,10,0,0,0,0,0,0,1000959,3467263,4272127,1318355.07,1000
1782181406,0,122730,0,413.85,1000.29,984063,1517567,2224127,3661823,6172671,366592,197787647,1863441.69,3182873.98,122730,10,10,10,0,0,0,0,0,0,1113087,4136959,5181439,1713303.42,1000
1782181407,0,123730,0,415.82,999.70,982527,1515519,2224127,3667967,6172671,366592,197787647,1862487.76,3172501.13,123730,10,10,10,0,0,0,0,0,0,1193983,4061183,5439487,1745412.22,1000
1782181408,0,124730,0,417.77,999.75,980479,1511423,2220031,3663871,6160383,366592,197787647,1858280.45,3160962.53,124730,10,10,10,0,0,0,0,0,0,1118207,2783231,3733503,1337709.31,1000
1782181409,0,125730,0,419.72,1000.13,977407,1506303,2217983,3665919,6184959,366592,197787647,1855284.99,3151248.92,125730,10,10,10,0,0,0,0,0,0,1016319,3889151,8290303,1481661.70,1000
1782181410,0,126240,0,420.02,510.30,976895,1506303,2217983,3665919,6172671,366592,197787647,1854570.54,3145597.60,126240,10,10,10,0,0,0,0,0,0,1338367,4163583,4366335,1678437.15,510
1782181411,0,126440,0,419.29,199.86,977407,1506303,2217983,3665919,6172671,366592,197787647,1854487.35,3143176.08,126440,10,10,10,0,0,0,0,0,0,1787903,2590719,2891775,1801982.72,200
1782181412,0,126640,0,418.56,200.11,977919,1507327,2217983,3663871,6168575,366592,197787647,1854543.66,3140788.46,126640,10,10,10,0,0,0,0,0,0,1888255,2762751,3502079,1890138.88,200
1782181413,0,126840,0,417.84,199.92,978431,1508351,2217983,3663871,6160383,366592,197787647,1854716.57,3138552.45,126840,10,10,10,0,0,0,0,0,0,1785855,4251647,5914623,1964204.80,200
1782181414,0,127040,0,417.13,200.10,978943,1509375,2217983,3663871,6160383,366592,197787647,1854646.90,3136151.29,127040,10,10,10,0,0,0,0,0,0,1812479,2668543,2992127,1810460.16,200
1782181415,0,127240,0,416.42,199.92,979455,1509375,2217983,3661823,6152191,366592,197787647,1854589.78,3133756.33,127240,10,10,10,0,0,0,0,0,0,1814527,2799615,2922495,1818311.68,200
1782181416,0,127440,0,415.71,199.97,980479,1510399,2217983,3661823,6152191,366592,197787647,1854603.75,3131414.98,127440,10,10,10,0,0,0,0,0,0,1883135,2740223,4767743,1863490.56,200
1782181417,0,127640,0,415.01,200.02,980991,1511423,2217983,3661823,6148095,366592,197787647,1854763.71,3129028.57,127640,10,10,10,0,0,0,0,0,0,1995775,2762751,3160063,1956687.36,200
1782181418,0,127840,0,414.31,200.09,981503,1512447,2217983,3659775,6143999,366592,197787647,1854985.36,3126730.40,127840,10,10,10,0,0,0,0,0,0,1908735,3467263,4251647,1996440.32,200
1782181419,0,128040,0,413.62,199.83,981503,1512447,2217983,3659775,6139903,366592,197787647,1855092.45,3124467.20,128040,10,10,10,0,0,0,0,0,0,1797119,3080191,5492735,1923548.16,200
1782181420,0,128240,0,412.93,200.09,982015,1513471,2217983,3659775,6152191,366592,197787647,1855543.28,3122523.88,128240,10,10,10,0,0,0,0,0,0,1850367,3526655,8077311,2144163.84,200
1782181421,0,128440,0,412.25,199.98,983039,1514495,2217983,3661823,6148095,366592,197787647,1855746.04,3120319.21,128440,10,10,10,0,0,0,0,0,0,1829887,4251647,5500927,1985757.44,200
1782181422,0,128640,0,411.57,200.01,983039,1515519,2217983,3661823,6143999,366592,197787647,1855880.15,3118038.46,128640,10,10,10,0,0,0,0,0,0,1870847,2891775,4820991,1942003.20,200
1782181423,0,128840,0,410.90,200.05,983551,1515519,2217983,3659775,6139903,366592,197787647,1855784.31,3115753.76,128840,10,10,10,0,0,0,0,0,0,1656831,3246079,4184063,1794142.72,200
1782181424,0,129040,0,410.23,200.03,984063,1516543,2217983,3659775,6148095,366592,197787647,1855975.03,3113734.52,129040,10,10,10,0,0,0,0,0,0,1778687,3223551,8806399,1978833.92,200
1782181425,0,129240,0,409.56,199.93,984575,1517567,2217983,3659775,6143999,366592,197787647,1855937.97,3111386.02,129240,10,10,10,0,0,0,0,0,0,1901567,2605055,2932735,1832026.88,200
1782181426,0,129440,0,408.90,200.00,985087,1518591,2217983,3659775,6139903,366592,197787647,1856024.00,3109115.37,129440,10,10,10,0,0,0,0,0,0,1845247,3256319,4874239,1911619.84,200
1782181427,0,129640,0,408.24,200.06,985599,1519615,2217983,3657727,6135807,366592,197787647,1856065.15,3106795.52,129640,10,10,10,0,0,0,0,0,0,1831935,2746367,4020223,1882693.12,200
1782181428,0,129840,0,407.59,199.88,986111,1519615,2217983,3657727,6135807,366592,197787647,1856168.28,3104570.85,129840,10,10,10,0,0,0,0,0,0,1893375,3403775,4734975,1923020.80,200
1782181429,0,130040,0,406.94,200.07,986623,1520639,2217983,3655679,6123519,366592,197787647,1856312.55,3102292.61,130040,10,10,10,0,0,0,0,0,0,1867775,3246079,3543039,1949969.92,200
1782181430,0,130240,0,406.29,200.06,987135,1521663,2217983,3655679,6123519,366592,197787647,1856301.14,3099983.85,130240,10,10,10,0,0,0,0,0,0,1827839,2781183,3006463,1848884.48,200
1782181431,0,130440,0,405.65,199.96,987647,1522687,2217983,3653631,6111231,366592,197787647,1856281.18,3097673.41,130440,10,10,10,0,0,0,0,0,0,1793023,2719743,3069951,1843281.92,200
1782181432,0,130640,0,405.01,199.91,988159,1522687,2217983,3651583,6111231,366592,197787647,1856268.98,3095374.29,130640,10,10,10,0,0,0,0,0,0,1869823,2686975,3000319,1848309.76,200
1782181433,0,130840,0,404.38,200.11,988671,1523711,2217983,3651583,6103039,366592,197787647,1856166.29,3093093.91,130840,10,10,10,0,0,0,0,0,0,1741823,2836479,3078143,1789094.40,200
1782181434,0,131040,0,403.75,199.85,989183,1524735,2217983,3651583,6123519,366592,197787647,1857826.37,3097325.01,131040,10,10,10,0,0,0,0,0,0,1812479,3166207,24248319,2943850.24,200
1782181435,0,131240,0,403.12,199.99,989695,1524735,2217983,3651583,6123519,366592,197787647,1858067.08,3095126.80,131240,10,10,10,0,0,0,0,0,0,1927167,3239935,5521407,2015776.00,200
1782181436,0,131440,0,402.50,200.08,990207,1525759,2217983,3649535,6111231,366592,197787647,1858044.33,3092841.07,131440,10,10,10,0,0,0,0,0,0,1854463,2768895,3098623,1843118.08,200
1782181437,0,131640,0,401.88,199.92,990719,1525759,2217983,3649535,6111231,366592,197787647,1857990.36,3090579.16,131640,10,10,10,0,0,0,0,0,0,1801215,2977791,3315711,1822517.76,200
1782181438,0,131840,0,401.27,200.09,991231,1526783,2220031,3647487,6103039,366592,197787647,1858130.27,3088318.45,131840,10,10,10,0,0,0,0,0,0,1963007,2791423,3583999,1950220.80,200
1782181439,0,132040,0,400.66,199.92,991743,1527807,2220031,3647487,6098943,366592,197787647,1858402.03,3086168.05,132040,10,10,10,0,0,0,0,0,0,1818623,3536895,4812799,2037547.52,200
1782181440,0,132240,0,400.05,200.00,992255,1528831,2220031,3645439,6090751,366592,197787647,1858435.79,3083929.88,132240,10,10,10,0,0,0,0,0,0,1740799,3067903,3489791,1880727.04,200
1782181441,0,132440,0,399.45,200.06,992767,1528831,2220031,3645439,6086655,366592,197787647,1858594.74,3081759.68,132440,10,10,10,0,0,0,0,0,0,1818623,3450879,4628479,1963690.24,200
1782181442,0,132640,0,398.85,200.03,993279,1529855,2220031,3645439,6082559,366592,197787647,1858518.86,3079505.73,132640,10,10,10,0,0,0,0,0,0,1766399,2744319,3098623,1808272.64,200
1782181443,0,132840,0,398.25,200.01,993279,1529855,2220031,3643391,6078463,366592,197787647,1858387.29,3077282.29,132840,10,10,10,0,0,0,0,0,0,1641471,2975743,3233791,1771127.04,200
1782181444,0,133040,0,397.66,199.89,993791,1530879,2220031,3643391,6078463,366592,197787647,1858548.31,3075100.42,133040,10,10,10,0,0,0,0,0,0,1865727,3110911,4415487,1965497.60,200
1782181445,0,133240,0,397.07,199.99,994303,1531903,2220031,3643391,6090751,366592,197787647,1859403.08,3073948.49,133240,10,10,10,0,0,0,0,0,0,2002943,5017599,12238847,2427998.72,200
1782181446,0,133440,0,396.48,200.17,994815,1531903,2220031,3643391,6086655,366592,197787647,1859423.82,3071761.16,133440,10,10,10,0,0,0,0,0,0,1832959,3112959,3950591,1873236.48,200
1782181447,0,133640,0,395.90,199.97,995327,1532927,2220031,3643391,6082559,366592,197787647,1859423.85,3069565.59,133640,10,10,10,0,0,0,0,0,0,1786879,3121151,3964927,1859448.32,200
1782181448,0,133840,0,395.32,199.90,995839,1533951,2220031,3641343,6078463,366592,197787647,1859297.76,3067342.60,133840,10,10,10,0,0,0,0,0,0,1754111,2689023,3158015,1775043.84,200
1782181449,0,134040,0,394.75,199.96,995839,1533951,2220031,3641343,6078463,366592,197787647,1859165.84,3065127.15,134040,10,10,10,0,0,0,0,0,0,1787903,2682879,2981887,1770883.84,200
1782181450,0,134240,0,394.18,200.15,996351,1534975,2220031,3639295,6074367,366592,197787647,1859139.77,3062929.55,134240,10,10,10,0,0,0,0,0,0,1785855,2912255,3530751,1841669.12,200
1782181451,0,134440,0,393.61,200.03,996863,1534975,2220031,3637247,6066175,366592,197787647,1859069.95,3060722.30,134440,10,10,10,0,0,0,0,0,0,1779711,2840575,3221503,1812208.64,200
1782181452,0,134640,0,393.04,199.92,997375,1535999,2220031,3637247,6062079,366592,197787647,1859094.12,3058595.64,134640,10,10,10,0,0,0,0,0,0,1797119,3438591,3944447,1875335.68,200
1782181453,0,134840,0,392.48,200.09,997887,1535999,2220031,3637247,6062079,366592,197787647,1859049.01,3056429.49,134840,10,10,10,0,0,0,0,0,0,1768447,2750463,4595711,1828682.24,200
1782181454,0,135040,0,391.92,199.89,997887,1535999,2220031,3635199,6053887,366592,197787647,1858905.11,3054242.71,135040,10,10,10,0,0,0,0,0,0,1739775,2623487,2742271,1761889.28,200
1782181455,0,135240,0,391.37,200.09,998399,1537023,2220031,3633151,6045695,366592,197787647,1858864.69,3052059.70,135240,10,10,10,0,0,0,0,0,0,1852415,2711551,2930687,1831573.76,200
1782181456,0,135440,0,390.82,199.98,998911,1538047,2220031,3633151,6041599,366592,197787647,1858915.29,3049926.39,135440,10,10,10,0,0,0,0,0,0,1798143,2873343,5119999,1893131.52,200
1782181457,0,135640,0,390.27,200.01,999423,1538047,2220031,3631103,6041599,366592,197787647,1858763.20,3047746.29,135640,10,10,10,0,0,0,0,0,0,1663999,2648063,2727935,1755767.04,200
1782181458,0,135840,0,389.72,200.00,999935,1539071,2220031,3631103,6037503,366592,197787647,1858850.42,3045614.17,135840,10,10,10,0,0,0,0,0,0,1804287,2973695,4362239,1918004.48,200
1782181459,0,136040,0,389.18,199.99,999935,1539071,2220031,3631103,6033407,366592,197787647,1858591.81,3043458.27,136040,10,10,10,0,0,0,0,0,0,1628159,2600959,3059711,1682944.00,200
1782181460,0,136240,0,388.64,200.03,1000447,1540095,2220031,3629055,6029311,366592,197787647,1858674.07,3041324.90,136240,10,10,10,0,0,0,0,0,0,1842175,2924543,3854335,1914625.28,200
1782181461,0,136440,0,388.10,199.87,1000959,1541119,2220031,3629055,6021119,366592,197787647,1858685.64,3039168.60,136440,10,10,10,0,0,0,0,0,0,1842175,2815999,3643391,1866563.84,200
1782181462,0,136640,0,387.57,199.98,1001471,1541119,2217983,3627007,6021119,366592,197787647,1858601.76,3037018.94,136640,10,10,10,0,0,0,0,0,0,1703935,2873343,3137535,1801378.56,200
1782181463,0,136840,0,387.04,200.05,1001983,1542143,2217983,3627007,6017023,366592,197787647,1858494.61,3034857.56,136840,10,10,10,0,0,0,0,0,0,1818623,2635775,2865151,1785290.24,200
1782181464,0,137040,0,386.51,200.09,1001983,1542143,2217983,3624959,6012927,366592,197787647,1858410.03,3032711.88,137040,10,10,10,0,0,0,0,0,0,1860607,2746367,3006463,1800542.72,200
1782181465,0,137240,0,385.99,200.01,1003007,1543167,2217983,3624959,6012927,366592,197787647,1858499.22,3030576.50,137240,10,10,10,0,0,0,0,0,0,1911807,2777087,3104767,1919614.72,200
1782181466,0,137440,0,385.46,199.82,1003007,1543167,2217983,3622911,6008831,366592,197787647,1858433.23,3028499.87,137440,10,10,10,0,0,0,0,0,0,1663999,3117055,3887103,1813148.16,200
1782181467,0,137640,0,384.94,200.13,1003519,1544191,2217983,3622911,6004735,366592,197787647,1858333.36,3026377.89,137640,10,10,10,0,0,0,0,0,0,1739775,2822143,3084287,1789703.68,200
1782181468,0,137840,0,384.43,199.98,1004031,1544191,2217983,3620863,6000639,366592,197787647,1858321.66,3024267.15,137840,10,10,10,0,0,0,0,0,0,1836031,2914303,3371007,1850269.44,200
1782181469,0,138040,0,383.92,199.89,1004543,1545215,2217983,3620863,5996543,366592,197787647,1858312.40,3022153.78,138040,10,10,10,0,0,0,0,0,0,1851391,2918399,3614719,1851928.32,200
1782181470,0,139199,0,386.07,1159.70,1008127,1555455,2238463,3747839,12156927,366592,210632703,2172300.66,5388852.26,139199,10,10,10,0,0,0,0,0,0,35651583,79101951,200540159,39569143.16,1159
1782181471,0,141320,0,390.86,2120.63,1013759,1573887,2279423,4139007,54919167,366592,242089983,3354818.22,13722311.08,141320,10,10,10,0,0,0,0,0,0,60719103,203948031,224133119,80962202.25,2121
1782181472,0,143334,0,395.34,2014.51,1020415,1591295,2320383,5054463,62259199,366592,242089983,3789305.55,14247862.19,143334,10,10,10,0,0,0,0,0,0,29851647,67239935,80609279,34276767.90,2014
1782181473,0,145243,0,399.50,1909.55,1026559,1609727,2361343,9256959,75628543,366592,242089983,4299109.66,15615141.90,145243,10,10,10,0,0,0,0,0,0,21757951,128843775,160694271,42576879.10,1909
1782181474,0,147345,0,404.17,2102.05,1032703,1628159,2410495,14983167,81657855,366592,242089983,4595894.87,15954316.21,147345,10,10,10,0,0,0,0,0,0,16793599,82837503,110624767,25103018.50,2102
1782181475,0,149318,0,408.47,1971.24,1038847,1645567,2457599,20283391,82968575,366592,242089983,4952742.70,16332576.28,149318,10,10,10,0,0,0,0,0,0,25149439,81657855,104464383,31602384.90,1973
1782181476,0,151390,0,413.00,2072.74,1045503,1665023,2510847,23429119,87031807,366592,242089983,5284609.98,16739451.20,151390,10,10,10,0,0,0,0,0,0,20267007,91160575,125239295,29200516.94,2072
1782181477,0,153119,0,416.59,1729.71,1050623,1680383,2555903,24510463,92471295,366592,332660735,5640338.58,18395161.19,153119,10,10,10,0,0,0,0,0,0,14409727,227409919,313786367,36787679.43,1729
1782181478,0,155390,0,421.62,2269.77,1058815,1701887,2623487,28721151,129564671,366592,420216831,7117545.90,27072867.30,155390,10,10,10,0,0,0,0,0,0,36339711,381943807,409731071,106716183.90,2271
1782181479,0,157279,0,425.59,1890.21,1064959,1718271,2678783,31866879,137101311,366592,420216831,7606190.83,27777483.95,157279,10,10,10,0,0,0,0,0,0,24969215,140247039,167510015,47802345.50,1889
1782181480,0,159360,0,430.05,2080.08,1071103,1736703,2746367,33619967,136445951,366592,420216831,7809580.25,27743304.01,159360,10,10,10,0,0,0,0,0,0,17006591,65765375,88997887,23181461.28,2081
1782181481,0,161214,0,433.89,1853.74,1077247,1753087,2815999,34963455,146538495,366592,420216831,8198746.13,28523728.51,161214,10,10,10,0,0,0,0,0,0,20922367,211943423,245366783,41649379.83,1854
1782181482,0,163384,0,438.55,2169.46,1084415,1773567,2891775,39288831,162922495,366592,420216831,8870584.32,29905132.69,163384,10,10,10,0,0,0,0,0,0,19447807,199622655,211812351,58782898.85,2170
1782181483,0,165330,0,442.58,1946.71,1090559,1789951,2969599,42336255,161480703,366592,420216831,9132305.08,29959068.38,165330,10,10,10,0,0,0,0,0,0,25001983,90308607,109969407,31106089.31,1946
1782181484,0,167190,0,446.37,1860.89,1096703,1807359,3045375,44007423,177340415,366592,420216831,9664109.10,31838350.62,167190,10,10,10,0,0,0,0,0,0,10485759,276824063,337379327,56934624.41,1860
1782181485,0,169314,0,450.83,2123.92,1103871,1825791,3139583,45350911,188219391,366592,420216831,10126472.00,33331720.22,169314,10,10,10,0,0,0,0,0,0,11599871,283377663,352059391,46521223.71,2124
1782181486,0,171383,0,455.13,2067.97,1111039,1845247,3250175,48136191,187432959,366592,420216831,10546954.93,33788638.27,171383,10,10,10,0,0,0,0,0,0,20692991,158728191,183107583,44956644.28,2069
1782181487,0,173384,0,459.23,2001.43,1117183,1862655,3358719,47874047,185991167,366592,420216831,10561736.18,33618068.77,173384,10,10,10,0,0,0,0,0,0,7528447,39682047,59965439,11827731.06,2001
1782181488,0,175125,0,462.61,1741.58,1123327,1878015,3475455,49840127,192544767,366592,420216831,10937598.65,34349913.56,175125,10,10,10,0,0,0,0,0,0,22347775,242089983,287047679,48369269.05,1741
1782181489,0,177137,0,466.69,2010.47,1130495,1896447,3612671,54460415,240648191,366592,505413631,12687916.14,42284298.73,177137,10,10,10,0,0,0,0,0,0,34209791,439877631,478674943,165036002.48,2012
1782181490,0,179222,0,470.95,2086.38,1137663,1915903,3792895,59277311,245366783,366592,505413631,13217118.28,43056037.14,179222,10,10,10,0,0,0,0,0,0,18644991,234618879,292552703,58176965.06,2085
1782181491,0,181390,0,475.39,2166.09,1145855,1936383,4052991,60096511,243531775,366592,505413631,13421904.85,43113534.06,181390,10,10,10,0,0,0,0,0,0,15179775,160825343,211681279,30350991.11,2168
1782181492,0,183230,0,478.96,1841.12,1151999,1952767,4239359,61833215,245235711,366592,505413631,13605650.96,43331613.58,183230,10,10,10,0,0,0,0,0,0,9740287,181796863,261095423,31719621.57,1840
1782181493,0,185192,0,482.83,1961.53,1159167,1969151,4550655,64880639,253231103,366592,505413631,14045038.68,44130588.01,185192,10,10,10,0,0,0,0,0,0,17465343,263192575,332922879,55079194.10,1962
1782181494,0,187256,0,486.94,2064.44,1166335,1989631,5091327,70254591,274202623,366592,505413631,14814542.76,45731528.67,187256,10,10,10,0,0,0,0,0,0,28983295,297271295,339738623,83858146.73,2064
1782181495,0,189054,0,490.34,1797.91,1173503,2006015,5652479,76414975,280756223,366592,505413631,15563309.69,47188105.98,189054,10,10,10,0,0,0,0,0,0,38633471,301203455,376700927,93545011.83,1798
1782181496,0,190686,0,493.29,1632.39,1178623,2023423,6291455,80543743,311427071,366592,902299647,16979905.70,55984167.88,190686,10,10,10,0,0,0,0,0,0,22282239,764411903,894435327,181081095.53,1632
1782181497,0,193282,0,498.72,2594.87,1189887,2049023,7278591,100073471,376963071,366592,934281215,20850055.10,73855779.89,193282,10,10,10,0,0,0,0,0,0,170000383,868745215,908591103,305127138.81,2596
1782181498,0,195330,0,502.70,2048.28,1197055,2070527,8073215,101777407,375128063,366592,934281215,21133049.26,73612615.66,195330,10,10,10,0,0,0,0,0,0,36995071,122421247,161873919,47840899.50,2048
1782181499,0,197034,0,505.79,1704.46,1204223,2087935,8601599,102760447,373817343,366592,934281215,21275971.01,73556023.37,197034,10,10,10,0,0,0,0,0,0,17547263,204734463,309329919,37659130.59,1704
1782181500,0,198882,0,509.23,1848.10,1211391,2107391,9281535,111280127,438829055,366592,934281215,22973137.09,78477053.39,198882,10,10,10,0,0,0,0,0,0,42696703,554172415,594018303,203925205.33,1848
1782181501,0,200845,0,512.94,1962.60,1218559,2127871,10002431,130940927,533725183,366592,934281215,26236869.16,89674001.49,200845,10,10,10,0,0,0,0,0,0,289931263,806879231,850395135,356902972.51,1963
1782181502,0,202356,0,515.48,1511.37,1224703,2146303,10608639,143392767,595066879,366592,1045430271,28543869.06,98553910.87,202356,10,10,10,0,0,0,0,0,0,112263167,1006108671,1041235967,335194694.14,1511
1782181503,0,204876,0,520.57,2518.04,1234943,2170879,11640831,186122239,693108735,366592,1045430271,33929336.78,114397929.92,204876,10,10,10,0,0,0,0,0,0,500695039,926941183,993001471,466382394.51,2520
1782181504,0,207146,0,525.01,2271.64,1245183,2197503,12443647,206045183,690487295,366592,1045430271,35770476.18,116720436.79,207146,10,10,10,0,0,0,0,0,0,134479871,548405247,581959679,201940201.33,2270
1782181505,0,209345,0,529.24,2199.14,1254399,2224127,13213695,216399871,686817279,366592,1045430271,36525173.33,116862477.14,209345,10,10,10,0,0,0,0,0,0,47054847,330301439,346816511,107617712.60,2199
1782181506,0,211362,0,532.99,2017.21,1262591,2246655,13582335,213123071,686292991,366592,1045430271,36370009.12,116322916.46,211362,10,10,10,0,0,0,0,0,0,16113663,50200575,61767679,20265472.51,2017
1782181507,0,213182,0,536.23,1818.43,1269759,2267135,13844479,211025919,685768703,366592,1045430271,36298940.74,115874006.20,213182,10,10,10,0,0,0,0,0,0,15286271,112656383,166854655,28045559.28,1820
1782181508,0,215334,0,540.28,2151.86,1278975,2295807,14540799,212336639,684720127,366592,1045430271,36579939.93,115532665.10,215334,10,10,10,0,0,0,0,0,0,39157759,245759999,276561919,64416356.40,2152
1782181509,0,217251,0,543.73,1918.75,1287167,2320383,14843903,210632703,682622975,366592,1045430271,36488820.29,115051012.29,217251,10,10,10,0,0,0,0,0,0,17711103,73793535,137625599,26253474.92,1917
1782181510,0,219280,0,547.44,2028.71,1295359,2349055,15351807,207355903,680525823,366592,1045430271,36438974.26,114566121.02,219280,10,10,10,0,0,0,0,0,0,21463039,117571583,177602559,31101813.21,2029
1782181511,0,221347,0,551.22,2067.23,1303551,2377727,16064511,204079103,677904383,366592,1045430271,36562537.35,114084492.95,221347,10,10,10,0,0,0,0,0,0,40534015,124125183,150339583,49670865.80,2067
1782181512,0,223377,0,554.89,2029.77,1311743,2408447,16711679,201850879,676855807,366592,1045430271,36533229.08,113585079.09,223377,10,10,10,0,0,0,0,0,0,26886143,77791231,95027199,33337516.52,2030
1782181513,0,225368,0,558.45,1989.38,1319935,2437119,16924671,200802303,676855807,354304,1045430271,36495092.11,113133808.71,225368,10,10,10,0,0,0,0,0,0,15138815,109707263,149553151,32216376.83,1991
1782181514,0,227334,0,561.93,1966.53,1328127,2467839,17235967,200802303,675807231,354304,1045430271,36592074.71,112790292.15,227334,10,10,10,0,0,0,0,0,0,20529151,200671231,251002879,47709457.19,1966
1782181515,0,229358,0,565.54,2024.88,1336319,2500607,17645567,198967295,674758655,354304,1045430271,36517522.59,112309260.37,229358,10,10,10,0,0,0,0,0,0,23035903,71958527,86507519,28143890.72,2024
1782181516,0,231192,0,568.66,1832.69,1343487,2531327,18251775,199622655,673185791,354304,1045430271,36626572.11,111961328.90,231192,10,10,10,0,0,0,0,0,0,35815423,218628095,238813183,50264183.49,1834
1782181517,0,233378,0,572.63,2186.65,1353727,2570239,18890751,198967295,672137215,354304,1045430271,36910794.42,111632373.45,233378,10,10,10,0,0,0,0,0,0,38567935,192937983,226885631,66970228.87,2186
1782181518,0,235393,0,576.16,2016.35,1361919,2605055,18874367,197001215,670040063,354304,1045430271,36707620.56,111177814.72,235393,10,10,10,0,0,0,0,0,0,11272191,29229055,40402943,13175953.34,2015
1782181519,0,237336,0,579.49,1941.75,1370111,2643967,19398655,194641919,668467199,354304,1045430271,36672764.31,110731186.13,237336,10,10,10,0,0,0,0,0,0,30654463,58359807,79888383,32449956.03,1943
1782181520,0,239205,0,582.63,1870.02,1378303,2680831,19939327,193724415,668467199,354304,1045430271,36785003.39,110363545.63,239205,10,10,10,0,0,0,0,0,0,36569087,111083519,217186303,51037745.04,1869
1782181521,0,241190,0,586.04,1985.04,1387519,2723839,20463615,206962687,666894335,354304,1045430271,37949269.12,111932658.49,241190,10,10,10,0,0,0,0,0,0,50659327,493879295,519307263,178250620.97,1985
1782181522,0,243260,0,589.64,2068.29,1395711,2770943,21151743,208011263,664272895,354304,1045430271,38391251.08,111739751.60,243260,10,10,10,0,0,0,0,0,0,65667071,223477759,278134783,89889623.31,2070
1782181523,0,245200,0,592.90,1939.91,1403903,2820095,21774335,206307327,663224319,354304,1045430271,38491931.89,111349853.47,245200,10,10,10,0,0,0,0,0,0,39976959,117112831,176685055,51116474.33,1940
1782181524,0,247375,0,596.72,2176.12,1413119,2871295,22233087,207224831,662700031,354304,1045430271,38785679.74,111102163.17,247375,10,10,10,0,0,0,0,0,0,38436863,219676671,264110079,71901530.04,2175
1782181525,0,249410,0,600.18,2034.73,1421311,2916351,22052863,204734463,660602879,354304,1045430271,38554295.09,110679622.25,249410,10,10,10,0,0,0,0,0,0,8241151,24969215,41680895,10427130.34,2035
1782181526,0,251360,0,603.42,1950.78,1429503,2965503,22085631,203030527,659030015,354304,1045430271,38440261.06,110280944.18,251360,10,10,10,0,0,0,0,0,0,12156927,84672511,104136703,23855016.70,1950
1782181527,0,253390,0,606.84,2028.44,1437695,3010559,21889023,201457663,658505727,354304,1045430271,38207597.44,109870163.04,253390,10,10,10,0,0,0,0,0,0,8056831,21348351,27394047,9398569.74,2030
1782181528,0,255250,0,609.83,1860.53,1445887,3049471,21774335,200671231,656408575,354304,1045430271,38031913.47,109509056.86,255250,10,10,10,0,0,0,0,0,0,5890047,41091071,154796031,14098277.30,1860
1782181529,0,257370,0,613.43,2121.23,1454079,3102719,21692415,198967295,654311423,354304,1045430271,37913075.78,109126691.97,257370,10,10,10,0,0,0,0,0,0,9748479,130547711,191758335,23604906.02,2120
1782181530,0,258280,0,614.14,909.32,1457151,3115007,21594111,198311935,653262847,354304,1045430271,37802325.58,108950676.27,258280,10,10,10,0,0,0,0,0,0,5201919,17432575,31916031,6479492.36,910
1782181531,0,258480,0,613.15,200.10,1457151,3110911,21561343,198049791,653262847,354304,1045430271,37774719.07,108913039.68,258480,10,10,10,0,0,0,0,0,0,1899519,4792319,5160959,2123673.60,200
1782181532,0,258680,0,612.18,199.99,1457151,3104767,21544959,197918719,653262847,354304,1045430271,37746911.47,108875519.18,258680,10,10,10,0,0,0,0,0,0,1693695,2998271,3358719,1808371.20,200
1782181533,0,258880,0,611.20,200.03,1457151,3100671,21512191,197918719,652738559,354304,1045430271,37719187.41,108838023.20,258880,10,10,10,0,0,0,0,0,0,1828863,2924543,3928063,1860889.60,200
1782181534,0,259080,0,610.23,199.92,1457151,3094527,21479423,197787647,652738559,354304,1045430271,37691491.27,108800570.15,259080,10,10,10,0,0,0,0,0,0,1785855,2924543,3461119,1841603.84,200
1782181535,0,259280,0,609.27,200.00,1457151,3088383,21446655,197787647,652738559,354304,1045430271,37663869.79,108763144.25,259280,10,10,10,0,0,0,0,0,0,1913855,2838527,3127295,1883004.16,200
1782181536,0,259480,0,608.31,200.09,1456127,3082239,21430271,197656575,651165695,354304,1045430271,37636189.23,108725789.54,259480,10,10,10,0,0,0,0,0,0,1719295,2775039,3059711,1751104.00,200
1782181537,0,259680,0,607.36,199.85,1456127,3078143,21413887,197394431,651165695,354304,1045430271,37608628.52,108688447.69,259680,10,10,10,0,0,0,0,0,0,1806335,2916351,3610623,1851363.84,200
1782181538,0,259880,0,606.41,200.03,1456127,3074047,21381119,197263359,650641407,354304,1045430271,37581126.05,108651137.72,259880,10,10,10,0,0,0,0,0,0,1812479,2875391,3088383,1871928.32,200
1782181539,0,260080,0,605.46,200.11,1456127,3067903,21364735,197001215,650641407,354304,1045430271,37553598.38,108613888.15,260080,10,10,10,0,0,0,0,0,0,1780735,2852863,4837375,1784139.52,200
1782181540,0,260280,0,604.52,200.03,1455103,3061759,21331967,196870143,650117119,354304,1045430271,37526223.14,108576641.19,260280,10,10,10,0,0,0,0,0,0,1739775,3170303,5554175,1927461.12,200
1782181541,0,260480,0,603.58,199.83,1456127,3057663,21315583,196739071,650117119,354304,1045430271,37498866.96,108539437.95,260480,10,10,10,0,0,0,0,0,0,1814527,2963455,3760127,1897532.16,200
1782181542,0,260680,0,602.65,200.11,1456127,3051519,21282815,196607999,649592831,354304,1045430271,37471589.04,108502260.48,260680,10,10,10,0,0,0,0,0,0,1935359,3094527,3725311,1944833.28,200
1782181543,0,260880,0,601.72,199.95,1455103,3047423,21250047,196083711,649592831,354304,1045430271,37444341.80,108465124.41,260880,10,10,10,0,0,0,0,0,0,1932287,3071999,4767743,1930283.52,200
1782181544,0,261080,0,600.79,200.09,1455103,3043327,21233663,195821567,649592831,354304,1045430271,37417251.45,108427990.38,261080,10,10,10,0,0,0,0,0,0,1869823,3477503,7004159,2080606.72,200
1782181545,0,261280,0,599.87,200.01,1455103,3037183,21200895,195559423,649592831,354304,1045430271,37390059.06,108390937.65,261280,10,10,10,0,0,0,0,0,0,1843199,2871295,3094527,1893109.76,200
1782181546,0,261480,0,598.96,199.85,1455103,3031039,21184511,195428351,649592831,354304,1045430271,37362811.68,108353953.54,261480,10,10,10,0,0,0,0,0,0,1786879,2693119,2918399,1766828.80,200
1782181547,0,261680,0,598.05,200.06,1455103,3024895,21151743,195297279,649068543,354304,1045430271,37335700.83,108316975.96,261680,10,10,10,0,0,0,0,0,0,1838079,2985983,4005887,1890978.56,200
1782181548,0,261880,0,597.14,200.09,1455103,3020799,21135359,195297279,649068543,354304,1045430271,37308926.63,108279944.54,261880,10,10,10,0,0,0,0,0,0,2003967,4665343,9560063,2277562.88,200
1782181549,0,262080,0,596.24,199.94,1455103,3016703,21118975,195166207,649068543,354304,1045430271,37281817.55,108243067.08,262080,10,10,10,0,0,0,0,0,0,1784831,2877439,3223551,1785187.84,200
1782181550,0,262280,0,595.34,199.89,1454079,3010559,21086207,195035135,649068543,354304,1045430271,37254862.72,108206193.52,262280,10,10,10,0,0,0,0,0,0,1750015,3059711,6737919,1933258.24,200
1782181551,0,262480,0,594.44,200.14,1454079,3006463,21069823,194904063,649068543,354304,1045430271,37227892.60,108169371.78,262480,10,10,10,0,0,0,0,0,0,1786879,2996223,3375103,1859272.96,200
1782181552,0,262680,0,593.55,199.95,1454079,3000319,21053439,194641919,649068543,354304,1045430271,37200981.15,108132581.51,262680,10,10,10,0,0,0,0,0,0,1801215,2947071,4030463,1882398.72,200
1782181553,0,262880,0,592.66,200.09,1454079,2998271,21020671,194510847,649068543,354304,1045430271,37174153.57,108095814.63,262880,10,10,10,0,0,0,0,0,0,1853439,3643391,4366335,1938801.92,200
1782181554,0,263080,0,591.78,199.98,1454079,2992127,21004287,194379775,648544255,354304,1045430271,37147316.00,108059100.26,263080,10,10,10,0,0,0,0,0,0,1866751,2820095,3997695,1872017.92,200
1782181555,0,263280,0,590.90,199.94,1454079,2988031,20987903,194248703,648544255,354304,1045430271,37120614.85,108022392.48,263280,10,10,10,0,0,0,0,0,0,1932287,3686399,4702207,1997916.16,200
1782181556,0,263480,0,590.02,199.97,1454079,2983935,20955135,194117631,648544255,354304,1045430271,37093915.04,107985732.92,263480,10,10,10,0,0,0,0,0,0,1967103,3164159,3373055,1946292.48,200
1782181557,0,263680,0,589.15,200.12,1454079,2977791,20938751,193986559,648019967,354304,1045430271,37067162.22,107949141.13,263680,10,10,10,0,0,0,0,0,0,1687551,2916351,4349951,1822997.76,200
1782181558,0,263880,0,588.29,199.95,1454079,2973695,20905983,193855487,648019967,354304,1045430271,37040509.33,107912565.94,263880,10,10,10,0,0,0,0,0,0,1809407,3133439,3692543,1901340.16,200
1782181559,0,264080,0,587.42,200.00,1453055,2969599,20873215,193724415,648019967,354304,1045430271,37013828.93,107876049.00,264080,10,10,10,0,0,0,0,0,0,1753087,2904063,3438591,1811708.16,200
1782181560,0,264280,0,586.56,199.98,1453055,2965503,20856831,193593343,648019967,354304,1045430271,36987645.55,107839430.85,264280,10,10,10,0,0,0,0,0,0,1923071,6955007,9895935,2415106.56,200
1782181561,0,264480,0,585.71,200.01,1453055,2963455,20840447,193331199,648019967,354304,1045430271,36961136.95,107802957.90,264480,10,10,10,0,0,0,0,0,0,1754111,3342335,3852287,1932670.72,200
1782181562,0,264680,0,584.85,199.87,1453055,2957311,20824063,192937983,648019967,354304,1045430271,36934488.97,107766578.67,264680,10,10,10,0,0,0,0,0,0,1699839,2568191,2990079,1695206.40,200
1782181563,0,264880,0,584.00,199.99,1453055,2953215,20807679,192937983,648019967,354304,1045430271,36908039.41,107730185.24,264880,10,10,10,0,0,0,0,0,0,1782783,2992127,6082559,1904683.52,200
1782181564,0,265080,0,583.16,200.04,1452031,2947071,20774911,192675839,647495679,354304,1045430271,36881570.55,107693846.59,265080,10,10,10,0,0,0,0,0,0,1777663,3094527,3657727,1826213.12,200
1782181565,0,265280,0,582.32,199.99,1452031,2942975,20742143,192544767,647495679,354304,1045430271,36855146.48,107657542.08,265280,10,10,10,0,0,0,0,0,0,1817599,2811903,3448831,1832691.20,200
1782181566,0,265480,0,581.48,200.12,1452031,2938879,20725759,192413695,647495679,354304,1045430271,36828796.12,107621262.08,265480,10,10,10,0,0,0,0,0,0,1954815,2574335,2793471,1877681.92,200
1782181567,0,265680,0,580.65,200.03,1452031,2936831,20709375,192413695,647495679,354304,1045430271,36802523.09,107585006.40,265680,10,10,10,0,0,0,0,0,0,1901567,2990079,3336191,1927699.20,200
1782181568,0,265880,0,579.82,199.82,1452031,2930687,20676607,192282623,647495679,354304,1045430271,36776251.31,107548799.01,265880,10,10,10,0,0,0,0,0,0,1773567,2889727,3432447,1876814.08,200
1782181569,0,266080,0,578.99,200.02,1452031,2926591,20660223,192151551,646971391,354304,1045430271,36750026.76,107512624.79,266080,10,10,10,0,0,0,0,0,0,1916927,3043327,3332095,1887112.96,200
1782181570,0,266280,0,578.17,200.11,1452031,2922495,20643839,191758335,646447103,354304,1045430271,36723804.32,107476498.89,266280,10,10,10,0,0,0,0,0,0,1776639,2869247,4354047,1837473.28,200
1782181571,0,266480,0,577.35,199.97,1452031,2918399,20627455,191758335,646447103,354304,1045430271,36697721.52,107440391.26,266480,10,10,10,0,0,0,0,0,0,1702911,2619391,14426111,1971082.24,200
1782181572,0,266680,0,576.53,199.91,1451007,2914303,20594687,191627263,646447103,354304,1045430271,36671597.31,107404330.41,266680,10,10,10,0,0,0,0,0,0,1752063,2953215,4042751,1863695.36,200
1782181573,0,266880,0,575.72,200.06,1451007,2910207,20578303,191627263,645398527,354304,1045430271,36645467.11,107368319.58,266880,10,10,10,0,0,0,0,0,0,1787903,2834431,3581951,1803461.12,200
1782181574,0,267080,0,574.91,200.02,1451007,2906111,20561919,191496191,644349951,354304,1045430271,36619482.50,107332309.73,267080,10,10,10,0,0,0,0,0,0,1970175,2914303,3446783,1945619.20,200
1782181575,0,267280,0,574.11,199.92,1451007,2899967,20529151,191365119,644349951,354304,1045430271,36593444.17,107296365.13,267280,10,10,10,0,0,0,0,0,0,1816575,2660351,2869247,1821861.12,200
1782181576,0,267480,0,573.30,200.02,1451007,2895871,20512767,191234047,644349951,354304,1045430271,36567445.17,107260456.10,267480,10,10,10,0,0,0,0,0,0,1741823,2961407,3201023,1822378.24,200
1782181577,0,267680,0,572.51,200.12,1451007,2891775,20496383,191234047,644349951,354304,1045430271,36541587.82,107224549.52,267680,10,10,10,0,0,0,0,0,0,1926143,3194879,4063231,1959970.56,200
1782181578,0,267880,0,571.71,200.04,1451007,2887679,20463615,191102975,642777087,354304,1045430271,36515681.86,107188705.95,267880,10,10,10,0,0,0,0,0,0,1800191,2748415,3186687,1843147.52,200
1782181579,0,268080,0,570.92,199.87,1451007,2883583,20447231,190840831,642777087,354304,1045430271,36489942.75,107152857.37,268080,10,10,10,0,0,0,0,0,0,2037759,3164159,5607423,2014973.44,200
1782181580,0,268280,0,570.13,200.01,1451007,2881535,20414463,190709759,642777087,354304,1045430271,36464145.72,107117074.15,268280,10,10,10,0,0,0,0,0,0,1891327,2725887,3108863,1885803.52,200
1782181581,0,268480,0,569.35,200.10,1451007,2877439,20398079,190578687,642777087,354304,1045430271,36438392.80,107081324.49,268480,10,10,10,0,0,0,0,0,0,1833983,2922495,3297279,1893429.76,200
1782181582,0,268680,0,568.56,199.87,1451007,2873343,20365311,190578687,642777087,354304,1045430271,36412736.14,107045591.76,268680,10,10,10,0,0,0,0,0,0,1913855,3104767,4583423,1971235.84,200
1782181583,0,268880,0,567.79,200.07,1451007,2869247,20365311,190316543,642777087,354304,1045430271,36387087.96,107009904.03,268880,10,10,10,0,0,0,0,0,0,1844223,3354623,5156863,1931315.20,200
1782181584,0,269080,0,567.01,200.05,1451007,2865151,20332543,190185471,642777087,354304,1045430271,36361435.00,106974264.80,269080,10,10,10,0,0,0,0,0,0,1878015,3192831,3375103,1873596.16,200
1782181585,0,269280,0,566.24,199.91,1451007,2863103,20316159,190054399,642252799,354304,1045430271,36335871.14,106938643.94,269280,10,10,10,0,0,0,0,0,0,1856511,3037183,4632575,1942252.80,200
1782181586,0,269480,0,565.47,199.95,1451007,2859007,20299775,189923327,642252799,354304,1045430271,36310254.80,106903086.67,269480,10,10,10,0,0,0,0,0,0,1769471,2777087,2963455,1820417.28,200
1782181587,0,269680,0,564.71,200.08,1451007,2854911,20267007,189792255,642252799,354304,1045430271,36284655.41,106867571.05,269680,10,10,10,0,0,0,0,0,0,1772543,2750463,3250175,1792047.36,200
1782181588,0,269880,0,563.94,200.02,1451007,2850815,20250623,189267967,641728511,354304,1045430271,36259168.31,106832066.91,269880,10,10,10,0,0,0,0,0,0,1832959,3262463,4112383,1892350.72,200
1782181589,0,270080,0,563.19,200.02,1449983,2846719,20234239,189136895,641204223,354304,1045430271,36233728.78,106796594.49,270080,10,10,10,0,0,0,0,0,0,1769471,3313663,4395007,1905634.56,200
1782181590,0,271469,0,564.90,1388.33,1455103,2875391,20594687,190578687,640679935,354304,1045430271,36579278.68,106736858.21,271469,10,10,10,0,0,0,0,0,0,103350271,206176255,230817791,103768707.78,1389
1782181591,0,273863,0,568.70,2394.92,1465343,2930687,21413887,213385215,637009919,354304,1045430271,38639579.29,109177946.56,273863,10,10,10,0,0,0,0,0,0,299368447,462684159,521142271,272268545.50,2394
1782181592,0,275570,0,571.06,1706.45,1472511,2969599,22085631,243400703,680525823,354304,1054343167,42407360.25,119648182.46,275570,10,10,10,0,0,0,0,0,0,624951295,1029177343,1043857407,646892303.45,1707
1782181593,0,277088,0,573.02,1519.28,1477631,3010559,22691839,278921215,768081919,354304,1589641215,48054197.20,142953449.19,277088,10,10,10,0,0,0,0,0,0,1078984703,1519386623,1581252607,1073152259.04,1518
1782181594,0,278933,0,575.64,1844.74,1485823,3061759,23396351,327942143,1019740159,354304,2023751679,57647398.07,186070067.98,278933,10,10,10,0,0,0,0,0,0,1496317951,1922039807,2013265919,1498384982.30,1845
1782181595,0,280510,0,577.71,1576.81,1491967,3102719,24018943,368050175,1398800383,354304,2453667839,68451173.74,235674246.21,280510,10,10,10,0,0,0,0,0,0,2014314495,2332033023,2443182079,1979376701.69,1577
1782181596,0,282176,0,579.94,1666.09,1498111,3151871,24723455,416284671,1930428415,354304,2858418175,82189142.16,295385113.62,282176,10,10,10,0,0,0,0,0,0,2436890623,2782920703,2847932415,2395296899.53,1666
1782181597,0,283893,0,582.28,1716.08,1504255,3198975,25444351,504627199,2334130175,354304,3298820095,98471382.87,361680118.05,283893,10,10,10,0,0,0,0,0,0,2690646015,3261071359,3290431487,2774334839.13,1717
1782181598,0,285755,0,584.89,1861.57,1511423,3258367,26247167,599785471,2696937471,354304,3445620735,118799913.27,439492917.68,285755,10,10,10,0,0,0,0,0,0,3292528639,3409969151,3439329279,3218223909.12,1862
1782181599,0,287783,0,587.84,2028.74,1519615,3327999,27213823,711458815,3158310911,354304,3919577087,142265467.58,519556691.61,287783,10,10,10,0,0,0,0,0,0,3502243839,3871342591,3909091327,3448675463.32,2028
1782181600,0,289244,0,589.62,1461.25,1524735,3377151,28000255,813170687,3372220415,354304,4538236927,162025990.18,588452487.87,289244,10,10,10,0,0,0,0,0,0,4177526783,4496293887,4525654015,4054389080.84,1461
1782181601,0,290822,0,591.63,1578.25,1530879,3440639,28917759,1034944511,3810525183,354304,4882169855,185368927.71,666891157.77,290822,10,10,10,0,0,0,0,0,0,4575985663,4768923647,4873781247,4464079081.61,1578
1782181602,0,292268,0,593.37,1445.10,1537023,3493887,29704191,1385168895,4362076159,354304,5477761023,209040942.52,745585681.96,292268,10,10,10,0,0,0,0,0,0,5024776191,5427429375,5460983807,4969997160.45,1446
1782181603,0,293909,0,595.49,1642.11,1542143,3555327,30785535,1887436799,4726980607,354304,6081740799,237865992.75,837688563.20,293909,10,10,10,0,0,0,0,0,0,5452595199,6018826239,6060769279,5371711076.15,1641
1782181604,0,295409,0,597.32,1499.60,1548287,3614719,31703039,2256535551,5117050879,354304,6618611711,266913779.46,930048114.22,295409,10,10,10,0,0,0,0,0,0,6165626879,6572474367,6610223103,5958517740.89,1500
1782181605,0,296676,0,598.67,1266.53,1553407,3670015,32620543,2476736511,5486149631,354304,7163871231,293416929.29,1013146639.28,296676,10,10,10,0,0,0,0,0,0,6719275007,7142899711,7155482623,6472792611.97,1267
1782181606,0,298750,0,601.64,2075.70,1561599,3772415,34078719,3038773247,6379536383,354304,7440695295,340052327.17,1154005253.68,298750,10,10,10,0,0,0,0,0,0,7189037055,7365197823,7419723775,7011027882.09,2074
1782181607,0,300545,0,604.04,1794.60,1568767,3870719,35454975,3263168511,7084179455,354304,7822376959,382325575.50,1273646576.46,300545,10,10,10,0,0,0,0,0,0,7595884543,7772045311,7813988351,7418054232.71,1795
1782181608,0,302738,0,607.23,2193.15,1576959,4018175,37388287,3663724543,7335837695,354304,8099201023,435203843.02,1412325821.66,302738,10,10,10,0,0,0,0,0,0,7914651647,8044675071,8082423807,7682034171.10,2193
1782181609,0,305282,0,611.10,2542.59,1587199,4190207,39747583,4504682495,7902068735,354304,8124366847,497199954.63,1560737245.92,305282,10,10,10,0,0,0,0,0,0,7969177599,8086618111,8111783935,7874785975.55,2544
1782181610,0,308261,0,615.83,2979.03,1598463,4423679,42926079,5272240127,7944011775,354304,8698986495,567886411.94,1710255368.39,308261,10,10,10,0,0,0,0,0,0,7759462399,8321499135,8568963071,7811694086.02,2979
1782181611,0,311196,0,620.46,2934.59,1610751,4710399,46039039,6362759167,7956594687,354304,9277800447,635675634.48,1839360469.87,311196,10,10,10,0,0,0,0,0,0,7642021887,9227468799,9261023231,7755530329.32,2935
1782181612,0,313862,0,624.53,2667.89,1620991,5013503,49840127,7117733887,7998537727,354304,9277800447,697596467.13,1951433366.75,313862,10,10,10,0,0,0,0,0,0,7553941503,9202302975,9219080191,7925471725.18,2666
1782181613,0,316613,0,628.75,2750.94,1631231,5345279,53903359,7306477567,8057257983,354304,9344909311,762641010.13,2064619056.72,316613,10,10,10,0,0,0,0,0,0,7717519359,9294577663,9328132095,8183582614.29,2751
1782181614,0,318994,0,632.22,2380.63,1640447,5636095,58425343,7507804159,8283750399,354304,9563013119,819839573.49,2160933387.29,318994,10,10,10,0,0,0,0,0,0,7985954815,9521070079,9554624511,8425807125.40,2381
1782181615,0,321308,0,635.55,2313.02,1650687,5943295,63111167,7625244671,9118416895,354304,9588178943,874423732.86,2247107271.24,321308,10,10,10,0,0,0,0,0,0,8032092159,9445572607,9470738431,8399064758.76,2314
1782181616,0,323459,0,638.54,2151.92,1658879,6258687,68222975,7671382015,9168748543,354304,9974054911,926321350.79,2328494593.72,323459,10,10,10,0,0,0,0,0,0,8338276351,9856614399,9906946047,8678585331.15,2151
1782181617,0,324897,0,640.12,1438.04,1665023,6463487,71892991,7725907967,9177137151,354304,10687086591,962391981.86,2385859528.13,324897,10,10,10,0,0,0,0,0,0,8858370047,10611589119,10678697983,9076001340.53,1438
1782181618,0,325593,0,640.23,695.62,1667071,6565887,73859071,7755268095,9210691583,354304,11383341055,981234206.82,2418233332.85,325593,10,10,10,0,0,0,0,0,0,9185525759,11056185343,11383341055,9776898518.80,696
1782181619,0,326546,0,640.84,953.32,1671167,6696959,77135871,7839154175,9336520703,354304,11878268927,1009744724.81,2472008696.97,326546,10,10,10,0,0,0,0,0,0,10099884031,11844714495,11869880319,10750379651.63,953
1782181620,0,327011,0,640.50,465.01,1673215,6758399,78708735,7872708607,9420406783,354304,12473860095,1024657680.49,2501889601.27,327011,10,10,10,0,0,0,0,0,0,11995709439,12406751231,12448694271,11497272784.65,465
1782181621,0,327137,0,639.49,125.97,1673215,6778879,79036415,7881097215,9437183999,354304,13270777855,1029200100.86,2512094026.18,327137,10,10,10,0,0,0,0,0,0,12700352511,13262389247,13270777855,12818259057.78,126
1782181622,0,327578,0,639.10,441.05,1675263,6840319,80740351,7897874431,9521070079,354304,13782482943,1046049585.53,2552005988.22,327578,10,10,10,0,0,0,0,0,0,13539213311,13706985471,13782482943,13545119576.82,441
1782181623,0,327578,0,637.86,0.00,1675263,6840319,80740351,7897874431,9521070079,354304,13782482943,1046049585.53,2552005988.22,327578,10,10,10,0,0,0,0,0,0,0,0,0,0.00,0
1782181624,0,327578,0,636.62,0.00,1675263,6840319,80740351,7897874431,9521070079,354304,13782482943,1046049585.53,2552005988.22,327578,10,10,10,0,0,0,0,0,0,0,0,0,0.00,0
1782181625,0,327578,0,635.39,0.00,1675263,6840319,80740351,7897874431,9521070079,354304,13782482943,1046049585.53,2552005988.22,327578,10,10,10,0,0,0,0,0,0,0,0,0,0.00,0
1782181626,0,330017,0,638.88,2439.06,1685503,7172095,90439679,7960788991,11869880319,354304,16785604607,1149130889.10,2810702061.39,330017,10,10,10,0,0,0,0,0,0,15040774143,16492003327,16701718527,14993807913.35,2439
1782181627,0,333009,0,643.42,2991.03,1696767,7565311,103546879,8027897855,13044285439,354304,17104371711,1238154875.71,2955713271.76,333009,10,10,10,0,0,0,0,0,0,11299454975,13472104447,16936599551,11057482746.52,2992
1782181628,0,335152,0,646.32,2142.93,1705983,7888895,114425855,8283750399,13698596863,354304,17137926143,1315848656.55,3108280387.88,335152,10,10,10,0,0,0,0,0,0,14084472831,16793993215,17070817279,13388983637.65,2143
1782181629,0,335575,0,645.89,423.15,1707007,7946239,116785151,8325693439,13698596863,354304,17137926143,1326676569.89,3121267346.43,335575,10,10,10,0,0,0,0,0,0,9915334655,10510925823,10569646079,9905865246.26,423
1782181630,0,336676,0,646.76,1100.52,1711103,8105983,123011071,8673820671,13866369023,354304,17137926143,1364145648.07,3184618126.69,336676,10,10,10,0,0,0,0,0,0,12759072767,14386462719,14537457663,12784387164.08,1101
1782181631,0,337106,0,646.34,430.25,1713151,8171519,126287871,8774483967,13857980415,354304,17137926143,1376613717.10,3201684885.39,337106,10,10,10,0,0,0,0,0,0,11140071423,11785994239,11836325887,11138705836.65,430
1782181632,0,337136,0,645.16,29.99,1713151,8175615,126353407,8774483967,13857980415,354304,17137926143,1377563059.97,3203123664.37,337136,10,10,10,0,0,0,0,0,0,12046041087,12071206911,12071206911,12045202227.20,30
1782181633,0,337640,0,644.90,504.16,1715199,8257535,129892351,8883535871,13857980415,354304,17137926143,1394458337.85,3230423371.97,337640,10,10,10,0,0,0,0,0,0,12683575295,12834570239,12851347455,12696058343.62,504
1782181634,0,346615,0,660.78,8970.69,1750015,9535487,210108415,11358175231,22447915007,354304,25300041727,1890611491.87,4447004208.43,346615,10,10,10,0,0,0,0,0,0,21625831423,24914165759,25216155647,20555920787.10,8975
1782181635,0,357596,0,680.41,10982.52,1795071,11231231,423100415,14411628543,23152558079,354304,26206011391,2343225112.32,5104826505.80,357596,10,10,10,0,0,0,0,0,0,15812526079,24410849279,25887244287,16629963119.23,10981
1782181636,0,364082,0,691.44,6482.57,1821695,12263423,692584447,14638120959,23672651775,354304,27212644351,2545195600.94,5317041704.82,364082,10,10,10,0,0,0,0,0,0,12079595519,26357006335,27061649407,13680539240.67,6486
1782181637,0,368523,0,698.54,4441.21,1839103,12951551,1070596095,15502147583,24394072063,354304,27799846911,2724464852.58,5582850281.02,368523,10,10,10,0,0,0,0,0,0,11425284095,27095203839,27665629183,17421314137.93,4441
1782181638,0,372368,0,704.50,3846.44,1854463,13574143,1903165439,16408117247,24712839167,354304,27799846911,2893452317.65,5824516710.05,372368,10,10,10,0,0,0,0,0,0,21223178239,26071793663,26440892415,19090010858.76,3845
1782181639,0,379531,0,716.69,7164.57,1883135,14778367,3131047935,18773704703,24863834111,354304,27799846911,3193724554.26,6190434429.50,379531,10,10,10,0,0,0,0,0,0,19126026239,25316818943,26189234175,18803353508.79,7163
1782181640,0,381414,0,718.89,1882.42,1890303,15147007,3344957439,18723373055,24863834111,354304,27799846911,3243777295.93,6219515521.36,381414,10,10,10,0,0,0,0,0,0,11249123327,18253611007,18505269247,13332235658.26,1883
1782181641,0,382535,0,719.65,1121.01,1895423,15376383,3493855231,18706595839,24863834111,354304,27799846911,3282197592.44,6252051776.50,382535,10,10,10,0,0,0,0,0,0,17481859071,17985175551,18069061631,16354489273.66,1121
1782181642,0,384804,0,722.56,2270.06,1903615,15777791,4011851775,18656264191,24847056895,354304,27799846911,3353229014.28,6303300294.30,384804,10,10,10,0,0,0,0,0,0,16374562815,17213423615,17381195775,15328550720.65,2269
1782181643,0,385767,0,723.01,962.60,1907711,15982591,4362076159,18622709759,24847056895,354304,27799846911,3380687826.78,6320083654.87,385767,10,10,10,0,0,0,0,0,0,12842958847,16710107135,16819159039,14352921354.37,963
1782181644,0,387060,0,724.07,1292.57,1912831,16285695,4584374271,18589155327,24847056895,354304,27799846911,3415926251.43,6339552940.84,387060,10,10,10,0,0,0,0,0,0,13128171519,17515413503,17632854015,13929322510.26,1293
1782181645,0,388932,0,726.22,1872.20,1921023,16695295,4919918591,18555600895,24830279679,354304,27799846911,3465961725.81,6366566015.68,388932,10,10,10,0,0,0,0,0,0,12943622143,18169724927,18203279359,13811437532.99,1872
1782181646,0,391111,0,728.93,2180.46,1929215,17072127,5419040767,18538823679,24830279679,354304,27799846911,3519067832.36,6389982594.77,391111,10,10,10,0,0,0,0,0,0,12364808191,18488492031,18907922431,12998032603.46,2179
1782181647,0,391735,0,728.73,623.88,1932287,17203199,5574230015,18723373055,24830279679,354304,27799846911,3541175161.35,6410185359.78,391735,10,10,10,0,0,0,0,0,0,19327352831,19545456639,19562233855,17397616745.03,624
1782181648,0,392639,0,729.06,903.97,1935359,17416191,5825888255,19058917375,24813502463,354304,27799846911,3577774414.53,6447972097.67,392639,10,10,10,0,0,0,0,0,0,19461570559,19595788287,19629342719,19437518268.04,904
1782181649,0,398382,0,738.35,5740.36,1959935,18612223,7138705407,19428016127,24796725247,354304,27799846911,3746421766.29,6573643331.20,398382,10,10,10,0,0,0,0,0,0,16022241279,21189623807,22498246655,15276550191.43,5743
1782181650,0,402817,0,745.19,4436.72,1977343,19578879,7453278207,19495124991,24779948031,354304,27799846911,3888962171.63,6685271773.81,402817,10,10,10,0,0,0,0,0,0,17054040063,21692940287,22263365631,16692915218.24,4435
1782181651,0,406633,0,750.86,3815.71,1993727,20463615,7591690239,19696451583,24779948031,354304,27799846911,4015879031.19,6793654277.22,406633,10,10,10,0,0,0,0,0,0,19478347775,22062039039,22565355519,17413224057.29,3816
1782181652,0,410088,0,755.84,3456.28,2008063,21250047,7667187711,19797114879,24763170815,354304,27799846911,4105247609.50,6843518821.20,410088,10,10,10,0,0,0,0,0,0,13992198143,19981664255,20048773119,14623399013.66,3455
1782181653,0,413292,0,760.35,3203.66,2021375,22069247,7763656703,19780337663,24746393599,354304,27799846911,4215502799.34,6931099479.91,413292,10,10,10,0,0,0,0,0,0,18488492031,19612565503,19713228799,18327341217.08,3204
1782181654,0,414889,0,761.88,1596.74,2028543,22462463,7872708607,19763560447,24746393599,354304,27799846911,4261055477.47,6957169284.05,414889,10,10,10,0,0,0,0,0,0,16483614719,17163091967,17213423615,16049757700.17,1597
1782181655,0,414907,0,760.52,18.00,2028543,22462463,7872708607,19763560447,24746393599,354304,27799846911,4261367012.59,6957179144.09,414907,10,10,10,0,0,0,0,0,0,11442061311,11450449919,11450449919,11442061312.00,18
1782181656,0,414979,0,759.26,71.99,2028543,22495231,7872708607,19763560447,24746393599,354304,27799846911,4262905346.75,6957555879.28,414979,10,10,10,0,0,0,0,0,0,13186891775,13237223423,13237223423,13127705486.22,72
1782181657,0,414982,0,757.88,3.00,2028543,22495231,7872708607,19763560447,24746393599,354304,27799846911,4262973044.06,6957576287.98,414982,10,10,10,0,0,0,0,0,0,13631487999,13631487999,13631487999,13627293696.00,3
1782181658,0,415042,0,756.61,59.98,2028543,22511615,7876902911,19763560447,24746393599,354304,27799846911,4264471418.00,6958189326.54,415042,10,10,10,0,0,0,0,0,0,14612955135,14831058943,14831058943,14627775010.13,60
1782181659,0,415972,0,756.92,930.13,2032639,22790143,7902068735,19763560447,24746393599,354304,27799846911,4288981533.67,6969667052.84,415972,10,10,10,0,0,0,0,0,0,15233712127,15300820991,15342764031,15227398121.98,930
1782181660,0,417202,0,757.78,1230.30,2037759,23085055,7935623167,19746783231,24746393599,354304,27799846911,4320566435.25,6983584842.28,417202,10,10,10,0,0,0,0,0,0,14982053887,15174991871,15200157695,15002220647.23,1230
1782181661,0,417994,0,757.84,791.69,2041855,23298047,7948206079,19746783231,24729616383,354304,27799846911,4340324240.49,6991688422.85,417994,10,10,10,0,0,0,0,0,0,14747172863,14965276671,14998831103,14748147298.26,792
1782181662,0,418822,0,757.97,828.02,2044927,23494655,7960788991,19746783231,24729616383,354304,27799846911,4361371571.05,7000764534.06,418822,10,10,10,0,0,0,0,0,0,14998831103,15082717183,15107883007,14986562258.24,828
1782181663,0,421847,0,762.06,3025.11,2059263,24330239,8015314943,19897778175,25149046783,354304,29158801407,4483215135.93,7138783354.11,421847,10,10,10,0,0,0,0,0,0,24226299903,28655484927,29058138111,21352889690.98,3025
1782181664,0,429619,0,774.71,7776.68,2093055,26558463,8959033343,20887633919,25870467071,354304,29662117887,4786506331.07,7444918405.22,429619,10,10,10,0,0,0,0,0,0,21189623807,28873588735,29427236863,21248482758.82,7772
1782181665,0,434713,0,782.48,5091.18,2115583,28311551,9403629567,21541945343,26407337983,354304,30500978687,4991556361.36,7654156853.25,434713,10,10,10,0,0,0,0,0,0,22464692223,29662117887,30349983743,22285115247.27,5094
1782181666,0,438770,0,788.36,4055.58,2136063,29835263,9999220735,21978152959,26742882303,354304,30500978687,5149797215.76,7802725149.64,438770,10,10,10,0,0,0,0,0,0,22397583359,28185722879,28705816575,22105517337.93,4057
1782181667,0,443373,0,795.21,4605.44,2156543,31801343,10326376447,21927821311,26709327871,354304,30500978687,5221336820.47,7811405826.19,443373,10,10,10,0,0,0,0,0,0,12465471487,19142803455,19763560447,12040679067.17,4603
1782181668,0,445141,0,796.95,1767.60,2164735,32653311,10259267583,21911044095,26709327871,354304,30500978687,5223093834.60,7798369190.07,445141,10,10,10,0,0,0,0,0,0,6312427519,9714008063,10041163775,5663711834.06,1768
1782181669,0,445291,0,795.79,150.04,2164735,32587775,10250878975,21911044095,26709327871,354304,30500978687,5221340642.25,7797640519.18,445291,10,10,10,0,0,0,0,0,0,14467071,42795007,62881791,18555337.39,150
1782181670,0,447249,0,797.86,1956.83,2170879,33177599,10267656191,22011707391,26977763327,354304,33235664895,5247940205.40,7846203652.10,447249,10,10,10,0,0,0,0,0,0,3219128319,33000783871,33185333247,11297248721.72,1958
1782181671,0,459357,0,818.01,12118.58,2230271,39583743,11257511935,23739760639,29024583679,354304,33235664895,5763043483.08,8415747976.50,459357,10,10,10,0,0,0,0,0,0,25987907583,31725715455,32816234495,24790085590.86,12108
1782181672,0,461510,0,820.38,2151.98,2238463,40468479,11223957503,23722983423,29007806463,354304,33235664895,5757065699.39,8400103061.18,461510,10,10,10,0,0,0,0,0,0,4248829951,10359930879,10888413183,4481665428.04,2153
1782181673,0,462010,0,819.81,500.18,2238463,40108031,11215568895,23722983423,29007806463,354304,33235664895,5750838722.77,8397687652.27,462010,10,10,10,0,0,0,0,0,0,2797567,5640191,10420223,3214769.66,500
1782181674,0,462510,0,819.24,500.08,2238463,39780351,11215568895,23706206207,29007806463,354304,33235664895,5744625018.85,8395272299.66,462510,10,10,10,0,0,0,0,0,0,2775039,5423103,6180863,3038320.13,500
1782181675,0,463010,0,818.68,499.84,2236415,39518207,11207180287,23706206207,29007806463,354304,33235664895,5738424628.52,8392856958.26,463010,10,10,10,0,0,0,0,0,0,2686975,5271551,6782975,2939561.47,500
1782181676,0,463510,0,818.12,499.89,2236415,39190527,11198791679,23706206207,29007806463,354304,33235664895,5732237712.01,8390441501.55,463510,10,10,10,0,0,0,0,0,0,2727935,5586943,7774207,3029284.86,500
1782181677,0,464010,0,817.56,500.27,2236415,38830079,11190403071,23689428991,28991029247,354304,33235664895,5726064583.64,8388025698.37,464010,10,10,10,0,0,0,0,0,0,3147775,6483967,8003583,3451124.74,500
1782181678,0,464510,0,817.00,499.63,2234367,38535167,11182014463,23689428991,28991029247,354304,33235664895,5719904242.21,8385610215.10,464510,10,10,10,0,0,0,0,0,0,2617343,5656575,6283263,2984189.95,500
1782181679,0,465010,0,816.44,500.39,2232319,38207487,11173625855,23689428991,28991029247,354304,33235664895,5713756887.48,8383194898.13,465010,10,10,10,0,0,0,0,0,0,2424831,5173247,9379839,2741391.36,500
1782181680,0,465510,0,815.89,499.64,2230271,37879807,11173625855,23672651775,28991029247,354304,33235664895,5707623170.70,8380779287.41,465510,10,10,10,0,0,0,0,0,0,2394111,6086655,21331967,3143890.94,500
1782181681,0,466010,0,815.33,500.00,2230271,37617663,11165237247,23672651775,28991029247,354304,33235664895,5701502574.28,8378363718.13,466010,10,10,10,0,0,0,0,0,0,2729983,6111231,8249343,3104898.56,500
1782181682,0,466510,0,814.78,499.94,2228223,37322751,11165237247,23672651775,28991029247,354304,33235664895,5695396684.59,8375947099.09,466510,10,10,10,0,0,0,0,0,0,2512895,13336575,45481983,4585374.21,500
1782181683,0,467010,0,814.23,500.13,2228223,36962303,11156848639,23672651775,28991029247,354304,33235664895,5689302225.58,8373531634.44,467010,10,10,10,0,0,0,0,0,0,2717695,5464063,7286783,3050085.38,500
1782181684,0,467510,0,813.69,499.87,2226175,36667391,11148460031,23655874559,28974252031,354304,33235664895,5683220958.58,8371116113.11,467510,10,10,10,0,0,0,0,0,0,2785279,5623807,6991871,3195949.06,500
1782181685,0,468010,0,813.14,500.41,2226175,36405247,11148460031,23655874559,28974252031,354304,33235664895,5677152801.89,8368700574.28,468010,10,10,10,0,0,0,0,0,0,2797567,7098367,8626175,3304933.38,500
1782181686,0,468510,0,812.60,499.76,2224127,36175871,11140071423,23655874559,28974252031,354304,33235664895,5671097234.95,8366285354.22,468510,10,10,10,0,0,0,0,0,0,2703359,5324799,7516159,2965467.65,500
1782181687,0,469010,0,812.06,500.19,2224127,35880959,11131682815,23639097343,28974252031,354304,33235664895,5665054606.00,8363870200.19,469010,10,10,10,0,0,0,0,0,0,2723839,5484543,6500351,2990434.30,500
1782181688,0,469510,0,811.52,499.82,2224127,35586047,11131682815,23639097343,28974252031,354304,33235664895,5659025080.87,8361454983.78,469510,10,10,10,0,0,0,0,0,0,2881535,5771263,7127039,3209917.44,500
1782181689,0,470010,0,810.98,500.00,2222079,35291135,11123294207,23639097343,28974252031,354304,33235664895,5653008201.93,8359039998.28,470010,10,10,10,0,0,0,0,0,0,2701311,5513215,6119423,3038535.17,500
1782181690,0,470510,0,810.44,499.91,2222079,35028991,11123294207,23639097343,28974252031,354304,33235664895,5647004391.37,8356624942.04,470510,10,10,10,0,0,0,0,0,0,2940927,6520831,8486911,3302386.69,500
1782181691,0,471010,0,809.91,499.90,2222079,34766847,11114905599,23622320127,28957474815,354304,33235664895,5641013154.03,8354210133.39,471010,10,10,10,0,0,0,0,0,0,2777087,5898239,9666559,3138994.69,500
1782181692,0,471510,0,809.38,500.27,2222079,34537471,11106516991,23622320127,28957474815,354304,33235664895,5635034524.95,8351795532.16,471510,10,10,10,0,0,0,0,0,0,2740223,5304319,6397951,3046360.06,500
1782181693,0,472010,0,808.85,500.08,2220031,34242559,11106516991,23622320127,28957474815,354304,33235664895,5629068451.67,8349381157.56,472010,10,10,10,0,0,0,0,0,0,2480127,6590463,10330111,2942028.29,500
1782181694,0,472510,0,808.32,499.66,2220031,34045951,11089739775,23622320127,28957474815,354304,33235664895,5623115266.87,8346966769.19,472510,10,10,10,0,0,0,0,0,0,2719743,6647807,8593407,3189751.81,500
1782181695,0,473010,0,807.79,499.98,2217983,33783807,11081351167,23605542911,28957474815,354304,33235664895,5617174197.63,8344552871.35,473010,10,10,10,0,0,0,0,0,0,2502655,4747263,6008831,2744940.03,500
1782181696,0,473510,0,807.27,500.38,2217983,33554431,11072962559,23605542911,28957474815,354304,33235664895,5611247666.10,8342137821.74,473510,10,10,10,0,0,0,0,0,0,3069951,13787135,37486591,4630307.33,500
1782181697,0,474010,0,806.75,499.84,2217983,33325055,11064573951,23605542911,28957474815,354304,33235664895,5605331941.31,8339724108.43,474010,10,10,10,0,0,0,0,0,0,2658303,6246399,7843839,3022250.50,500
1782181698,0,474510,0,806.22,499.85,2215935,33128447,11047796735,23588765695,28940697599,354304,33235664895,5599428632.41,8337310635.32,474510,10,10,10,0,0,0,0,0,0,2631679,5644287,6639615,2973736.96,500
1782181699,0,475010,0,805.71,500.36,2215935,32964607,11031019519,23588765695,28940697599,354304,33235664895,5593537831.19,8334897325.00,475010,10,10,10,0,0,0,0,0,0,2627583,5525503,6717439,3049654.78,500
1782181700,0,475510,0,805.19,499.82,2213887,32669695,11022630911,23588765695,28940697599,354304,33235664895,5587659122.87,8332484439.61,475510,10,10,10,0,0,0,0,0,0,2514943,4747263,5881855,2768641.54,500
1782181701,0,476010,0,804.67,499.83,2213887,32407551,11014242303,23588765695,28940697599,354304,33235664895,5581792945.09,8330071669.91,476010,10,10,10,0,0,0,0,0,0,2658303,5304319,6762495,2940556.80,500
1782181702,0,476510,0,804.16,500.02,2211839,32178175,10997465087,23571988479,28940697599,354304,33235664895,5575939235.55,8327659042.20,476510,10,10,10,0,0,0,0,0,0,2555903,6520831,9355263,3090673.15,500
1782181703,0,477010,0,803.65,500.24,2211839,31899647,10980687871,23571988479,28940697599,354304,33235664895,5570098069.47,8325246490.54,477010,10,10,10,0,0,0,0,0,0,3209215,6287359,7389183,3349976.06,500
1782181704,0,477510,0,803.13,499.81,2211839,31703039,10955522047,23571988479,28940697599,354304,33235664895,5564268685.43,8322834508.54,477510,10,10,10,0,0,0,0,0,0,2600959,5619711,7671807,2919723.52,500
1782181705,0,478010,0,802.63,499.94,2209791,31473663,10938744831,23571988479,28923920383,354304,33235664895,5558451369.38,8320422888.96,478010,10,10,10,0,0,0,0,0,0,2443263,5513215,6504447,2798195.20,500
1782181706,0,478510,0,802.12,500.04,2207743,31260671,10921967615,23555211263,28923920383,354304,33235664895,5552646311.02,8318011489.53,478510,10,10,10,0,0,0,0,0,0,2449407,6041599,9773055,2894417.92,500
1782181707,0,479010,0,801.61,500.00,2205695,31080447,10905190399,23555211263,28923920383,354304,33235664895,5546853296.90,8315600437.13,479010,10,10,10,0,0,0,0,0,0,2447359,5955583,10420223,2822919.68,500
1782181708,0,479510,0,801.11,500.06,2203647,30867455,10896801791,23555211263,28923920383,354304,33235664895,5541072565.19,8313189557.48,479510,10,10,10,0,0,0,0,0,0,2723839,5689343,11436031,3015973.89,500
1782181709,0,480010,0,800.61,499.82,2203647,30670847,10888413183,23555211263,28923920383,354304,33235664895,5535303776.21,8310779061.52,480010,10,10,10,0,0,0,0,0,0,2480127,6180863,7770111,2919774.21,500
1782181710,0,481060,0,801.02,1050.10,2205695,30851071,10871635967,23538434047,28923920383,354304,33235664895,5523573093.62,8305495558.31,481060,10,10,10,0,0,0,0,0,0,124452863,463470591,473432063,160863617.95,1050
1782181711,0,482760,0,802.52,1700.92,2213887,31522815,10821304319,23521656831,28907143167,354304,33235664895,5506715337.36,8295718960.82,482760,10,10,10,0,0,0,0,0,0,638582783,1229979647,1244659711,736366967.87,1700
1782181712,0,484547,0,804.15,1786.96,2222079,32358399,10737418239,23504879615,28907143167,354304,33235664895,5491612210.95,8284139749.66,484547,10,10,10,0,0,0,0,0,0,1420820479,1820327935,1894776831,1411486129.21,1787
1782181713,0,486688,0,806.36,2139.78,2232319,33341439,10645143551,23488102399,28890365951,354304,33235664895,5476116549.11,8269212066.87,486688,10,10,10,0,0,0,0,0,0,2022703103,2493513727,2522873855,1969168181.21,2141
1782181714,0,487864,0,806.98,1176.21,2236415,33914879,10594811903,23471325183,28890365951,354304,33235664895,5469160949.51,8260468729.68,487864,10,10,10,0,0,0,0,0,0,2564816895,3252682751,3294625791,2590583689.58,1176
1782181715,0,489165,0,807.79,1301.88,2242559,34537471,10527703039,23471325183,28873588735,354304,33235664895,5463768764.01,8250154617.49,489165,10,10,10,0,0,0,0,0,0,3483369471,3909091327,3953131519,3441744792.89,1301
1782181716,0,490135,0,808.06,969.52,2246655,35028991,10468982783,23454547967,28873588735,354304,33235664895,5461309289.17,8242185966.54,490135,10,10,10,0,0,0,0,0,0,4219469823,4852809727,4869586943,4221011338.82,970
1782181717,0,490850,0,807.91,714.74,2250751,35422207,10418651135,23454547967,28873588735,354304,33235664895,5460637320.53,8236208256.88,490850,10,10,10,0,0,0,0,0,0,4999610367,5435817983,5687476223,5000000467.60,715
1782181718,0,492377,0,809.09,1527.28,2256895,36274175,10351542271,23437770751,28873588735,354304,33235664895,5461351856.18,8223461595.46,492377,10,10,10,0,0,0,0,0,0,5620367359,6572474367,6593445887,5691037399.60,1527
1782181719,0,493597,0,809.76,1219.68,2263039,36929535,10309599231,23420993535,28856811519,354304,33235664895,5463993722.47,8213491821.69,493597,10,10,10,0,0,0,0,0,0,6496976895,7335837695,7402946559,6530218474.18,1220
1782181720,0,495933,0,812.26,2335.90,2273279,38404095,10208935935,23404216319,28856811519,354304,33235664895,5472211555.60,8195038620.24,495933,10,10,10,0,0,0,0,0,0,7340031999,7860125695,7914651647,7208640399.78,2336
1782181721,0,497713,0,813.84,1781.63,2281471,39550975,10150215679,23387439103,28840034303,354304,33235664895,5480909601.20,8181691445.19,497713,10,10,10,0,0,0,0,0,0,7939817471,8480882687,8527020031,7904307269.03,1780
1782181722,0,498200,0,813.31,486.56,2283519,39813119,10125049855,23370661887,28840034303,354304,33235664895,5483766336.59,8178209508.95,498200,10,10,10,0,0,0,0,0,0,8501854207,8791261183,8808038399,8403344045.47,487
1782181723,0,499483,0,814.08,1283.03,2291711,40730623,10083106815,23370661887,28840034303,354304,33235664895,5493475469.20,8169966152.82,499483,10,10,10,0,0,0,0,0,0,9009364991,9974054911,10091495423,9263615658.40,1283
1782181724,0,501441,0,815.94,1958.26,2299903,42041343,10158604287,23353884671,28823257087,354304,33235664895,5511471929.45,8159095675.42,501441,10,10,10,0,0,0,0,0,0,10175381503,10720641023,10762584063,10102343205.13,1958
1782181725,0,504528,0,819.63,3087.94,2316287,44204031,10326376447,23320330239,28823257087,354304,33235664895,5542817327.39,8143955296.48,504528,10,10,10,0,0,0,0,0,0,10569646079,11123294207,11165237247,10634449231.69,3087
1782181726,0,507704,0,823.45,3174.99,2332671,46628863,10485759999,23286775807,28806479871,354304,33235664895,5576518003.18,8129614235.87,507704,10,10,10,0,0,0,0,0,0,11031019519,11500781567,11517558783,10930086816.56,3176
1782181727,0,510750,0,827.05,3045.75,2347007,49512447,10611589119,23253221375,28789702655,354304,33235664895,5610057361.23,8117020676.55,510750,10,10,10,0,0,0,0,0,0,11559501823,11869880319,11920211967,11200361445.78,3046
1782181728,0,512086,0,827.87,1335.86,2355199,50757631,10695475199,23236444159,28789702655,354304,33235664895,5625716966.68,8112247677.99,512086,10,10,10,0,0,0,0,0,0,11878268927,12037652479,12062818303,11612351310.18,1336
1782181729,0,514202,0,829.95,2117.53,2367487,52789247,10838081535,23219666943,28772925439,354304,33235664895,5655478212.44,8108867310.64,514202,10,10,10,0,0,0,0,0,0,13069451263,13572767743,13631487999,12857896596.08,2116
1782181730,0,518129,0,834.94,3926.64,2387967,57311231,11047796735,23169335295,28756148223,354304,33235664895,5710933325.80,8103120995.87,518129,10,10,10,0,0,0,0,0,0,13119782911,13698596863,13790871551,12972234624.23,3927
1782181731,0,521598,0,839.18,3466.90,2406399,61865983,11156848639,23135780863,28739371007,354304,33235664895,5759922986.29,8098387886.03,521598,10,10,10,0,0,0,0,0,0,13295943679,13723762687,13807648767,13077006814.79,3469
1782181732,0,524635,0,842.71,3039.72,2424831,66387967,11265900543,23102226431,28739371007,354304,33235664895,5805459007.88,8097085421.27,524635,10,10,10,0,0,0,0,0,0,13597933567,14571012095,14621343743,13626169506.52,3037
1782181733,0,528319,0,847.27,3683.78,2445311,72613887,11425284095,23051894783,28722593791,354304,33235664895,5861728170.79,8096887549.73,528319,10,10,10,0,0,0,0,0,0,13925089279,14889779199,14923333631,13874967119.50,3684
1782181734,0,530571,0,849.51,2251.58,2459647,77529087,11609833471,23035117567,28705816575,354304,33235664895,5896025736.23,8096830352.55,530571,10,10,10,0,0,0,0,0,0,13992198143,15191769087,15569256447,13942231542.00,2252
1782181735,0,533170,0,852.31,2599.77,2476031,83886079,11744051199,23001563135,28705816575,354304,33235664895,5939239861.24,8100827803.92,533170,10,10,10,0,0,0,0,0,0,14805893119,16164847615,16307453951,14761156567.02,2599
1782181736,0,535448,0,854.59,2277.01,2490367,89849855,11861491711,22984785919,28689039359,354304,33235664895,5979376792.15,8107097894.99,535448,10,10,10,0,0,0,0,0,0,15183380479,16726884351,16793993215,15373497711.71,2278
1782181737,0,536725,0,855.26,1276.57,2498559,93388799,11911823359,22968008703,28689039359,354304,33235664895,6003924563.80,8113114824.52,536725,10,10,10,0,0,0,0,0,0,16013852671,17330864127,17347641343,16296841738.83,1277
1782181738,0,538901,0,857.36,2175.64,2512895,99942399,12004098047,22951231487,28689039359,354304,33235664895,6044955731.36,8122477111.82,538901,10,10,10,0,0,0,0,0,0,15971909631,18102616063,18152947711,16165568512.00,2176
1782181739,0,539529,0,857.00,628.16,2514943,101711871,12037652479,22934454271,28672262143,354304,33235664895,6058090253.80,8126885588.94,539529,10,10,10,0,0,0,0,0,0,17020485631,18438160383,18438160383,17329120953.89,628
1782181740,0,542107,0,859.73,2578.96,2531327,109772799,12155092991,22917677055,28672262143,354304,33235664895,6112714347.42,8146439311.03,542107,10,10,10,0,0,0,0,0,0,16852713471,19595788287,19646119935,17544553992.34,2578
1782181741,0,545559,0,863.83,3450.77,2555903,122159103,12339642367,22884122623,28655484927,354304,33235664895,6192269468.65,8182051709.11,545559,10,10,10,0,0,0,0,0,0,18991808511,19914555391,20031995903,18685719092.80,3452
1782181742,0,545839,0,862.91,279.90,2557951,123273215,12348030975,22884122623,28655484927,354304,33235664895,6198849655.60,8185178776.91,545839,10,10,10,0,0,0,0,0,0,20115881983,20199768063,20216545279,19019850430.17,280
1782181743,0,547106,0,863.55,1268.08,2566143,129236991,12415139839,22867345407,28655484927,354304,33235664895,6231415743.68,8203637371.59,547106,10,10,10,0,0,0,0,0,0,20099104767,21625831423,21843935231,20261282315.72,1267
1782181744,0,547725,0,863.16,618.82,2570239,131530751,12448694271,22867345407,28655484927,354304,33235664895,6248352475.38,8214508526.72,547725,10,10,10,0,0,0,0,0,0,20635975679,22582132735,22632464383,21217960769.76,619
1782181745,0,547932,0,862.13,207.06,2570239,132317183,12457082879,22867345407,28638707711,354304,33235664895,6254195202.06,8218468805.25,547932,10,10,10,0,0,0,0,0,0,21223178239,22884122623,22900899839,21714134693.72,207
1782181746,0,548615,0,861.85,682.95,2574335,135004159,12482248703,22884122623,28638707711,354304,33235664895,6274680564.18,8233860556.18,548615,10,10,10,0,0,0,0,0,0,22447915007,24461180927,24494735359,22708919852.23,683
1782181747,0,549615,0,862.06,999.91,2582527,139460607,12524191743,22867345407,28638707711,354304,33235664895,6304366173.61,8255699266.45,549615,10,10,10,0,0,0,0,0,0,22598909951,22699573247,22716350463,22590336794.62,1000
1782181748,0,550607,0,862.27,992.23,2588671,144703487,12566134783,23051894783,28638707711,354304,33235664895,6339105588.83,8288700548.04,550607,10,10,10,0,0,0,0,0,0,25585254399,26038239231,26105348095,25586387538.58,992
1782181749,0,550607,0,860.92,0.00,2588671,144703487,12566134783,23051894783,28638707711,354304,33235664895,6339105588.83,8288700548.04,550607,10,10,10,0,0,0,0,0,0,0,0,0,0.00,0
1782181750,0,551103,0,860.35,496.04,2592767,147718143,12582911999,23152558079,28638707711,354304,33235664895,6358086063.30,8309072080.93,551103,10,10,10,0,0,0,0,0,0,27397193727,27799846911,27816624127,27428211282.58,496
1782181751,0,551103,0,859.01,0.00,2592767,147718143,12582911999,23152558079,28638707711,354304,33235664895,6358086063.30,8309072080.93,551103,10,10,10,0,0,0,0,0,0,0,0,0,0.00,0
1782181752,0,551103,0,857.67,0.00,2592767,147718143,12582911999,23152558079,28638707711,354304,33235664895,6358086063.30,8309072080.93,551103,10,10,10,0,0,0,0,0,0,0,0,0,0.00,0
1782181753,0,551103,0,856.34,0.00,2592767,147718143,12582911999,23152558079,28638707711,354304,33235664895,6358086063.30,8309072080.93,551103,10,10,10,0,0,0,0,0,0,0,0,0,0.00,0
1782181754,0,551103,0,855.01,0.00,2592767,147718143,12582911999,23152558079,28638707711,354304,33235664895,6358086063.30,8309072080.93,551103,10,10,10,0,0,0,0,0,0,0,0,0,0.00,0
1782181755,0,551103,0,853.68,0.00,2592767,147718143,12582911999,23152558079,28638707711,354304,33235664895,6358086063.30,8309072080.93,551103,10,10,10,0,0,0,0,0,0,0,0,0,0.00,0
1782181756,0,551103,0,852.36,0.00,2592767,147718143,12582911999,23152558079,28638707711,354304,33235664895,6358086063.30,8309072080.93,551103,10,10,10,0,0,0,0,0,0,0,0,0,0.00,0
1782181757,0,551103,0,851.05,0.00,2592767,147718143,12582911999,23152558079,28638707711,354304,33235664895,6358086063.30,8309072080.93,551103,10,10,10,0,0,0,0,0,0,0,0,0,0.00,0
1782181758,0,551103,0,849.74,0.00,2592767,147718143,12582911999,23152558079,28638707711,354304,33235664895,6358086063.30,8309072080.93,551103,10,10,10,0,0,0,0,0,0,0,0,0,0.00,0
1782181759,0,551103,0,848.43,0.00,2592767,147718143,12582911999,23152558079,28638707711,354304,33235664895,6358086063.30,8309072080.93,551103,10,10,10,0,0,0,0,0,0,0,0,0,0.00,0
1782181760,0,551103,0,847.12,0.00,2592767,147718143,12582911999,23152558079,28638707711,354304,33235664895,6358086063.30,8309072080.93,551103,10,10,10,0,0,0,0,0,0,0,0,0,0.00,0
1782181761,0,551103,0,845.82,0.00,2592767,147718143,12582911999,23152558079,28638707711,354304,33235664895,6358086063.30,8309072080.93,551103,10,10,10,0,0,0,0,0,0,0,0,0,0.00,0
1782181762,0,551103,0,844.53,0.00,2592767,147718143,12582911999,23152558079,28638707711,354304,33235664895,6358086063.30,8309072080.93,551103,10,10,10,0,0,0,0,0,0,0,0,0,0.00,0
1782181763,0,551103,0,843.24,0.00,2592767,147718143,12582911999,23152558079,28638707711,354304,33235664895,6358086063.30,8309072080.93,551103,10,10,10,0,0,0,0,0,0,0,0,0,0.00,0
1782181764,0,551103,0,841.95,0.00,2592767,147718143,12582911999,23152558079,28638707711,354304,33235664895,6358086063.30,8309072080.93,551103,10,10,10,0,0,0,0,0,0,0,0,0,0.00,0
1782181765,0,551103,0,840.66,0.00,2592767,147718143,12582911999,23152558079,28638707711,354304,33235664895,6358086063.30,8309072080.93,551103,10,10,10,0,0,0,0,0,0,0,0,0,0.00,0
1782181766,0,551103,0,839.38,0.00,2592767,147718143,12582911999,23152558079,28638707711,354304,33235664895,6358086063.30,8309072080.93,551103,10,10,10,0,0,0,0,0,0,0,0,0,0.00,0
1782181767,0,551103,0,838.11,0.00,2592767,147718143,12582911999,23152558079,28638707711,354304,33235664895,6358086063.30,8309072080.93,551103,10,10,10,0,0,0,0,0,0,0,0,0,0.00,0
1782181768,0,551103,0,836.83,0.00,2592767,147718143,12582911999,23152558079,28638707711,354304,33235664895,6358086063.30,8309072080.93,551103,10,10,10,0,0,0,0,0,0,0,0,0,0.00,0
1782181769,0,551103,0,835.56,0.00,2592767,147718143,12582911999,23152558079,28638707711,354304,33235664895,6358086063.30,8309072080.93,551103,10,10,10,0,0,0,0,0,0,0,0,0,0.00,0
1782181770,0,551103,0,834.30,0.00,2592767,147718143,12582911999,23152558079,28638707711,354304,33235664895,6358086063.30,8309072080.93,551103,10,10,10,0,0,0,0,0,0,0,0,0,0.00,0
1782181771,0,551103,0,833.04,0.00,2592767,147718143,12582911999,23152558079,28638707711,354304,33235664895,6358086063.30,8309072080.93,551103,10,10,10,0,0,0,0,0,0,0,0,0,0.00,0
1782181772,0,551103,0,831.78,0.00,2592767,147718143,12582911999,23152558079,28638707711,354304,33235664895,6358086063.30,8309072080.93,551103,10,10,10,0,0,0,0,0,0,0,0,0,0.00,0
1782181773,0,551103,0,830.53,0.00,2592767,147718143,12582911999,23152558079,28638707711,354304,33235664895,6358086063.30,8309072080.93,551103,10,10,10,0,0,0,0,0,0,0,0,0,0.00,0
1782181774,0,551103,0,829.28,0.00,2592767,147718143,12582911999,23152558079,28638707711,354304,33235664895,6358086063.30,8309072080.93,551103,10,10,10,0,0,0,0,0,0,0,0,0,0.00,0
1782181775,0,551103,0,828.03,0.00,2592767,147718143,12582911999,23152558079,28638707711,354304,33235664895,6358086063.30,8309072080.93,551103,10,10,10,0,0,0,0,0,0,0,0,0,0.00,0
1782181776,0,551103,0,826.79,0.00,2592767,147718143,12582911999,23152558079,28638707711,354304,33235664895,6358086063.30,8309072080.93,551103,10,10,10,0,0,0,0,0,0,0,0,0,0.00,0
1782181777,0,551103,0,825.55,0.00,2592767,147718143,12582911999,23152558079,28638707711,354304,33235664895,6358086063.30,8309072080.93,551103,10,10,10,0,0,0,0,0,0,0,0,0,0.00,0
1782181778,0,551103,0,824.32,0.00,2592767,147718143,12582911999,23152558079,28638707711,354304,33235664895,6358086063.30,8309072080.93,551103,10,10,10,0,0,0,0,0,0,0,0,0,0.00,0
1782181779,0,551103,0,823.08,0.00,2592767,147718143,12582911999,23152558079,28638707711,354304,33235664895,6358086063.30,8309072080.93,551103,10,10,10,0,0,0,0,0,0,0,0,0,0.00,0
1782181780,0,551103,0,821.86,0.00,2592767,147718143,12582911999,23152558079,28638707711,354304,33235664895,6358086063.30,8309072080.93,551103,10,10,10,0,0,0,0,0,0,0,0,0,0.00,0
1782181781,0,551103,0,820.63,0.00,2592767,147718143,12582911999,23152558079,28638707711,354304,33235664895,6358086063.30,8309072080.93,551103,10,10,10,0,0,0,0,0,0,0,0,0,0.00,0
1782181782,0,551103,0,819.41,0.00,2592767,147718143,12582911999,23152558079,28638707711,354304,33235664895,6358086063.30,8309072080.93,551103,10,10,10,0,0,0,0,0,0,0,0,0,0.00,0
1782181783,0,551103,0,818.20,0.00,2592767,147718143,12582911999,23152558079,28638707711,354304,33235664895,6358086063.30,8309072080.93,551103,10,10,10,0,0,0,0,0,0,0,0,0,0.00,0
1782181784,0,551103,0,816.98,0.00,2592767,147718143,12582911999,23152558079,28638707711,354304,33235664895,6358086063.30,8309072080.93,551103,10,10,10,0,0,0,0,0,0,0,0,0,0.00,0
1782181785,0,551103,0,815.77,0.00,2592767,147718143,12582911999,23152558079,28638707711,354304,33235664895,6358086063.30,8309072080.93,551103,10,10,10,0,0,0,0,0,0,0,0,0,0.00,0
1782181786,0,551103,0,814.57,0.00,2592767,147718143,12582911999,23152558079,28638707711,354304,33235664895,6358086063.30,8309072080.93,551103,10,10,10,0,0,0,0,0,0,0,0,0,0.00,0
1782181787,0,551103,0,813.37,0.00,2592767,147718143,12582911999,23152558079,28638707711,354304,33235664895,6358086063.30,8309072080.93,551103,10,10,10,0,0,0,0,0,0,0,0,0,0.00,0
1782181788,0,551103,0,812.17,0.00,2592767,147718143,12582911999,23152558079,28638707711,354304,33235664895,6358086063.30,8309072080.93,551103,10,10,10,0,0,0,0,0,0,0,0,0,0.00,0
1782181789,0,551103,0,810.97,0.00,2592767,147718143,12582911999,23152558079,28638707711,354304,33235664895,6358086063.30,8309072080.93,551103,10,10,10,0,0,0,0,0,0,0,0,0,0.00,0
1782181790,0,551103,0,809.78,0.00,2592767,147718143,12582911999,23152558079,28638707711,354304,33235664895,6358086063.30,8309072080.93,551103,10,10,10,0,0,0,0,0,0,0,0,0,0.00,0
1782181791,0,551103,0,808.59,0.00,2592767,147718143,12582911999,23152558079,28638707711,354304,33235664895,6358086063.30,8309072080.93,551103,10,10,10,0,0,0,0,0,0,0,0,0,0.00,0
1782181792,0,551103,0,807.41,0.00,2592767,147718143,12582911999,23152558079,28638707711,354304,33235664895,6358086063.30,8309072080.93,551103,10,10,10,0,0,0,0,0,0,0,0,0,0.00,0
1782181793,0,551103,0,806.23,0.00,2592767,147718143,12582911999,23152558079,28638707711,354304,33235664895,6358086063.30,8309072080.93,551103,10,10,10,0,0,0,0,0,0,0,0,0,0.00,0
1782181794,0,551103,0,805.05,0.00,2592767,147718143,12582911999,23152558079,28638707711,354304,33235664895,6358086063.30,8309072080.93,551103,10,10,10,0,0,0,0,0,0,0,0,0,0.00,0
1782181795,0,551103,0,803.88,0.00,2592767,147718143,12582911999,23152558079,28638707711,354304,33235664895,6358086063.30,8309072080.93,551103,10,10,10,0,0,0,0,0,0,0,0,0,0.00,0
1782181796,0,551103,0,802.70,0.00,2592767,147718143,12582911999,23152558079,28638707711,354304,33235664895,6358086063.30,8309072080.93,551103,10,10,10,0,0,0,0,0,0,0,0,0,0.00,0
1782181797,0,551103,0,801.54,0.00,2592767,147718143,12582911999,23152558079,28638707711,354304,33235664895,6358086063.30,8309072080.93,551103,10,10,10,0,0,0,0,0,0,0,0,0,0.00,0
1782181798,0,551103,0,800.37,0.00,2592767,147718143,12582911999,23152558079,28638707711,354304,33235664895,6358086063.30,8309072080.93,551103,10,10,10,0,0,0,0,0,0,0,0,0,0.00,0
1782181799,0,551103,0,799.21,0.00,2592767,147718143,12582911999,23152558079,28638707711,354304,33235664895,6358086063.30,8309072080.93,551103,10,10,10,0,0,0,0,0,0,0,0,0,0.00,0
1782181800,0,551103,0,798.05,0.00,2592767,147718143,12582911999,23152558079,28638707711,354304,33235664895,6358086063.30,8309072080.93,551103,10,10,10,0,0,0,0,0,0,0,0,0,0.00,0
1782181801,0,551103,0,796.90,0.00,2592767,147718143,12582911999,23152558079,28638707711,354304,33235664895,6358086063.30,8309072080.93,551103,10,10,10,0,0,0,0,0,0,0,0,0,0.00,0
1782181802,0,551103,0,795.75,0.00,2592767,147718143,12582911999,23152558079,28638707711,354304,33235664895,6358086063.30,8309072080.93,551103,10,10,10,0,0,0,0,0,0,0,0,0,0.00,0
1782181803,0,551103,0,794.60,0.00,2592767,147718143,12582911999,23152558079,28638707711,354304,33235664895,6358086063.30,8309072080.93,551103,10,10,10,0,0,0,0,0,0,0,0,0,0.00,0
1782181804,0,551103,0,793.46,0.00,2592767,147718143,12582911999,23152558079,28638707711,354304,33235664895,6358086063.30,8309072080.93,551103,10,10,10,0,0,0,0,0,0,0,0,0,0.00,0
1782181805,0,551103,0,792.32,0.00,2592767,147718143,12582911999,23152558079,28638707711,354304,33235664895,6358086063.30,8309072080.93,551103,10,10,10,0,0,0,0,0,0,0,0,0,0.00,0
1782181806,0,551103,0,791.18,0.00,2592767,147718143,12582911999,23152558079,28638707711,354304,33235664895,6358086063.30,8309072080.93,551103,10,10,10,0,0,0,0,0,0,0,0,0,0.00,0
1782181807,0,551103,0,790.05,0.00,2592767,147718143,12582911999,23152558079,28638707711,354304,33235664895,6358086063.30,8309072080.93,551103,10,10,10,0,0,0,0,0,0,0,0,0,0.00,0
1782181808,0,551103,0,788.92,0.00,2592767,147718143,12582911999,23152558079,28638707711,354304,33235664895,6358086063.30,8309072080.93,551103,10,10,10,0,0,0,0,0,0,0,0,0,0.00,0
1782181809,0,551103,0,787.79,0.00,2592767,147718143,12582911999,23152558079,28638707711,354304,33235664895,6358086063.30,8309072080.93,551103,10,10,10,0,0,0,0,0,0,0,0,0,0.00,0
1782181810,0,551103,0,786.66,0.00,2592767,147718143,12582911999,23152558079,28638707711,354304,33235664895,6358086063.30,8309072080.93,551103,10,10,10,0,0,0,0,0,0,0,0,0,0.00,0
1782181811,0,551103,0,785.54,0.00,2592767,147718143,12582911999,23152558079,28638707711,354304,33235664895,6358086063.30,8309072080.93,551103,10,10,10,0,0,0,0,0,0,0,0,0,0.00,0
1782181812,0,551103,0,784.42,0.00,2592767,147718143,12582911999,23152558079,28638707711,354304,33235664895,6358086063.30,8309072080.93,551103,10,10,10,0,0,0,0,0,0,0,0,0,0.00,0
1782181813,0,551103,0,783.31,0.00,2592767,147718143,12582911999,23152558079,28638707711,354304,33235664895,6358086063.30,8309072080.93,551103,10,10,10,0,0,0,0,0,0,0,0,0,0.00,0
1782181814,0,551103,0,782.20,0.00,2592767,147718143,12582911999,23152558079,28638707711,354304,33235664895,6358086063.30,8309072080.93,551103,10,10,10,0,0,0,0,0,0,0,0,0,0.00,0
1782181815,0,551103,0,781.09,0.00,2592767,147718143,12582911999,23152558079,28638707711,354304,33235664895,6358086063.30,8309072080.93,551103,10,10,10,0,0,0,0,0,0,0,0,0,0.00,0
1782181816,0,551103,0,779.98,0.00,2592767,147718143,12582911999,23152558079,28638707711,354304,33235664895,6358086063.30,8309072080.93,551103,10,10,10,0,0,0,0,0,0,0,0,0,0.00,0
1782181817,0,551103,0,778.88,0.00,2592767,147718143,12582911999,23152558079,28638707711,354304,33235664895,6358086063.30,8309072080.93,551103,10,10,10,0,0,0,0,0,0,0,0,0,0.00,0
1782181818,0,551103,0,777.78,0.00,2592767,147718143,12582911999,23152558079,28638707711,354304,33235664895,6358086063.30,8309072080.93,551103,10,10,10,0,0,0,0,0,0,0,0,0,0.00,0
1782181819,0,551103,0,776.68,0.00,2592767,147718143,12582911999,23152558079,28638707711,354304,33235664895,6358086063.30,8309072080.93,551103,10,10,10,0,0,0,0,0,0,0,0,0,0.00,0
1782181820,0,551103,0,775.59,0.00,2592767,147718143,12582911999,23152558079,28638707711,354304,33235664895,6358086063.30,8309072080.93,551103,10,10,10,0,0,0,0,0,0,0,0,0,0.00,0
1782181821,0,551103,0,774.50,0.00,2592767,147718143,12582911999,23152558079,28638707711,354304,33235664895,6358086063.30,8309072080.93,551103,10,10,10,0,0,0,0,0,0,0,0,0,0.00,0
1782181822,0,551103,0,773.42,0.00,2592767,147718143,12582911999,23152558079,28638707711,354304,33235664895,6358086063.30,8309072080.93,551103,10,10,10,0,0,0,0,0,0,0,0,0,0.00,0
1782181823,0,551103,0,772.33,0.00,2592767,147718143,12582911999,23152558079,28638707711,354304,33235664895,6358086063.30,8309072080.93,551103,10,10,10,0,0,0,0,0,0,0,0,0,0.00,0
1782181824,0,551103,0,771.25,0.00,2592767,147718143,12582911999,23152558079,28638707711,354304,33235664895,6358086063.30,8309072080.93,551103,10,10,10,0,0,0,0,0,0,0,0,0,0.00,0
1782181825,0,551103,0,770.17,0.00,2592767,147718143,12582911999,23152558079,28638707711,354304,33235664895,6358086063.30,8309072080.93,551103,10,10,10,0,0,0,0,0,0,0,0,0,0.00,0
1782181826,0,551103,0,769.10,0.00,2592767,147718143,12582911999,23152558079,28638707711,354304,33235664895,6358086063.30,8309072080.93,551103,10,10,10,0,0,0,0,0,0,0,0,0,0.00,0
1782181827,0,551103,0,768.03,0.00,2592767,147718143,12582911999,23152558079,28638707711,354304,33235664895,6358086063.30,8309072080.93,551103,10,10,10,0,0,0,0,0,0,0,0,0,0.00,0
1782181828,0,551103,0,766.96,0.00,2592767,147718143,12582911999,23152558079,28638707711,354304,33235664895,6358086063.30,8309072080.93,551103,10,10,10,0,0,0,0,0,0,0,0,0,0.00,0
1782181829,0,551103,0,765.89,0.00,2592767,147718143,12582911999,23152558079,28638707711,354304,33235664895,6358086063.30,8309072080.93,551103,10,10,10,0,0,0,0,0,0,0,0,0,0.00,0
1782181830,0,551103,0,764.83,0.00,2592767,147718143,12582911999,23152558079,28638707711,354304,33235664895,6358086063.30,8309072080.93,551103,10,10,10,0,0,0,0,0,0,0,0,0,0.00,0
1782181831,0,551103,0,763.77,0.00,2592767,147718143,12582911999,23152558079,28638707711,354304,33235664895,6358086063.30,8309072080.93,551103,10,10,10,0,0,0,0,0,0,0,0,0,0.00,0
1782181832,0,551103,0,762.71,0.00,2592767,147718143,12582911999,23152558079,28638707711,354304,33235664895,6358086063.30,8309072080.93,551103,10,10,10,0,0,0,0,0,0,0,0,0,0.00,0
1782181833,0,551103,0,761.66,0.00,2592767,147718143,12582911999,23152558079,28638707711,354304,33235664895,6358086063.30,8309072080.93,551103,10,10,10,0,0,0,0,0,0,0,0,0,0.00,0
