timestamp,sent_count,received_count,error_count,total_throughput,interval_throughput,latency_ns_p25,latency_ns_p50,latency_ns_p75,latency_ns_p95,latency_ns_p99,latency_ns_min,latency_ns_max,latency_ns_mean,latency_ns_stddev,latency_sample_count,connections,active_connections,connection_attempts,connection_failures,crashes_injected,reconnects,reconnect_failures,duplicate_count,gap_count,interval_latency_ns_p50,interval_latency_ns_p95,interval_latency_ns_p99,interval_latency_ns_mean,interval_latency_sample_count
1782181048,0,0,0,0.00,0.00,0,0,0,0,0,0,0,0.00,0.00,0,1,1,1,0,0,0,0,0,0,0,0,0,0.00,0
1782181049,0,0,0,0.00,0.00,0,0,0,0,0,0,0,0.00,0.00,0,1,1,1,0,0,0,0,0,0,0,0,0,0.00,0
1782181050,0,0,0,0.00,0.00,0,0,0,0,0,0,0,0.00,0.00,0,1,1,1,0,0,0,0,0,0,0,0,0,0.00,0
1782181051,0,0,0,0.00,0.00,0,0,0,0,0,0,0,0.00,0.00,0,1,1,1,0,0,0,0,0,0,0,0,0,0.00,0
1782181052,0,0,0,0.00,0.00,0,0,0,0,0,0,0,0.00,0.00,0,1,1,1,0,0,0,0,0,0,0,0,0,0.00,0
1782181053,0,0,0,0.00,0.00,0,0,0,0,0,0,0,0.00,0.00,0,1,1,1,0,0,0,0,0,0,0,0,0,0.00,0
1782181054,0,0,0,0.00,0.00,0,0,0,0,0,0,0,0.00,0.00,0,1,1,1,0,0,0,0,0,0,0,0,0,0.00,0
1782181055,0,0,0,0.00,0.00,0,0,0,0,0,0,0,0.00,0.00,0,2,2,2,0,0,0,0,0,0,0,0,0,0.00,0
1782181056,0,0,0,0.00,0.00,0,0,0,0,0,0,0,0.00,0.00,0,2,2,2,0,0,0,0,0,0,0,0,0,0.00,0
1782181057,0,0,0,0.00,0.00,0,0,0,0,0,0,0,0.00,0.00,0,2,2,2,0,0,0,0,0,0,0,0,0,0.00,0
1782181058,0,0,0,0.00,0.00,0,0,0,0,0,0,0,0.00,0.00,0,2,2,2,0,0,0,0,0,0,0,0,0,0.00,0
1782181059,0,0,0,0.00,0.00,0,0,0,0,0,0,0,0.00,0.00,0,2,2,2,0,0,0,0,0,0,0,0,0,0.00,0
1782181060,0,0,0,0.00,0.00,0,0,0,0,0,0,0,0.00,0.00,0,2,2,2,0,0,0,0,0,0,0,0,0,0.00,0
1782181061,0,0,0,0.00,0.00,0,0,0,0,0,0,0,0.00,0.00,0,2,2,2,0,0,0,0,0,0,0,0,0,0.00,0
1782181062,0,0,0,0.00,0.00,0,0,0,0,0,0,0,0.00,0.00,0,3,3,3,0,0,0,0,0,0,0,0,0,0.00,0
1782181063,0,0,0,0.00,0.00,0,0,0,0,0,0,0,0.00,0.00,0,3,3,3,0,0,0,0,0,0,0,0,0,0.00,0
1782181064,0,0,0,0.00,0.00,0,0,0,0,0,0,0,0.00,0.00,0,3,3,3,0,0,0,0,0,0,0,0,0,0.00,0
1782181065,0,0,0,0.00,0.00,0,0,0,0,0,0,0,0.00,0.00,0,3,3,3,0,0,0,0,0,0,0,0,0,0.00,0
1782181066,0,0,0,0.00,0.00,0,0,0,0,0,0,0,0.00,0.00,0,3,3,3,0,0,0,0,0,0,0,0,0,0.00,0
1782181067,0,0,0,0.00,0.00,0,0,0,0,0,0,0,0.00,0.00,0,3,3,3,0,0,0,0,0,0,0,0,0,0.00,0
1782181068,0,0,0,0.00,0.00,0,0,0,0,0,0,0,0.00,0.00,0,3,3,3,0,0,0,0,0,0,0,0,0,0.00,0
1782181069,0,0,0,0.00,0.00,0,0,0,0,0,0,0,0.00,0.00,0,4,4,4,0,0,0,0,0,0,0,0,0,0.00,0
1782181070,0,0,0,0.00,0.00,0,0,0,0,0,0,0,0.00,0.00,0,4,4,4,0,0,0,0,0,0,0,0,0,0.00,0
1782181071,0,0,0,0.00,0.00,0,0,0,0,0,0,0,0.00,0.00,0,4,4,4,0,0,0,0,0,0,0,0,0,0.00,0
1782181072,0,0,0,0.00,0.00,0,0,0,0,0,0,0,0.00,0.00,0,4,4,4,0,0,0,0,0,0,0,0,0,0.00,0
1782181073,0,0,0,0.00,0.00,0,0,0,0,0,0,0,0.00,0.00,0,4,4,4,0,0,0,0,0,0,0,0,0,0.00,0
1782181074,0,0,0,0.00,0.00,0,0,0,0,0,0,0,0.00,0.00,0,4,4,4,0,0,0,0,0,0,0,0,0,0.00,0
1782181075,0,0,0,0.00,0.00,0,0,0,0,0,0,0,0.00,0.00,0,5,5,5,0,0,0,0,0,0,0,0,0,0.00,0
1782181076,0,0,0,0.00,0.00,0,0,0,0,0,0,0,0.00,0.00,0,5,5,5,0,0,0,0,0,0,0,0,0,0.00,0
1782181077,0,0,0,0.00,0.00,0,0,0,0,0,0,0,0.00,0.00,0,5,5,5,0,0,0,0,0,0,0,0,0,0.00,0
1782181078,0,0,0,0.00,0.00,0,0,0,0,0,0,0,0.00,0.00,0,5,5,5,0,0,0,0,0,0,0,0,0,0.00,0
1782181079,0,0,0,0.00,0.00,0,0,0,0,0,0,0,0.00,0.00,0,5,5,5,0,0,0,0,0,0,0,0,0,0.00,0
1782181080,0,0,0,0.00,0.00,0,0,0,0,0,0,0,0.00,0.00,0,5,5,5,0,0,0,0,0,0,0,0,0,0.00,0
1782181081,0,0,0,0.00,0.00,0,0,0,0,0,0,0,0.00,0.00,0,5,5,5,0,0,0,0,0,0,0,0,0,0.00,0
1782181082,0,0,0,0.00,0.00,0,0,0,0,0,0,0,0.00,0.00,0,6,6,6,0,0,0,0,0,0,0,0,0,0.00,0
1782181083,0,0,0,0.00,0.00,0,0,0,0,0,0,0,0.00,0.00,0,6,6,6,0,0,0,0,0,0,0,0,0,0.00,0
1782181084,0,0,0,0.00,0.00,0,0,0,0,0,0,0,0.00,0.00,0,6,6,6,0,0,0,0,0,0,0,0,0,0.00,0
1782181085,0,0,0,0.00,0.00,0,0,0,0,0,0,0,0.00,0.00,0,6,6,6,0,0,0,0,0,0,0,0,0,0.00,0
1782181086,0,0,0,0.00,0.00,0,0,0,0,0,0,0,0.00,0.00,0,6,6,6,0,0,0,0,0,0,0,0,0,0.00,0
1782181087,0,0,0,0.00,0.00,0,0,0,0,0,0,0,0.00,0.00,0,6,6,6,0,0,0,0,0,0,0,0,0,0.00,0
1782181088,0,0,0,0.00,0.00,0,0,0,0,0,0,0,0.00,0.00,0,6,6,6,0,0,0,0,0,0,0,0,0,0.00,0
1782181089,0,0,0,0.00,0.00,0,0,0,0,0,0,0,0.00,0.00,0,7,7,7,0,0,0,0,0,0,0,0,0,0.00,0
1782181090,0,0,0,0.00,0.00,0,0,0,0,0,0,0,0.00,0.00,0,7,7,7,0,0,0,0,0,0,0,0,0,0.00,0
1782181091,0,0,0,0.00,0.00,0,0,0,0,0,0,0,0.00,0.00,0,7,7,7,0,0,0,0,0,0,0,0,0,0.00,0
1782181092,0,0,0,0.00,0.00,0,0,0,0,0,0,0,0.00,0.00,0,7,7,7,0,0,0,0,0,0,0,0,0,0.00,0
1782181093,0,0,0,0.00,0.00,0,0,0,0,0,0,0,0.00,0.00,0,7,7,7,0,0,0,0,0,0,0,0,0,0.00,0
1782181094,0,0,0,0.00,0.00,0,0,0,0,0,0,0,0.00,0.00,0,7,7,7,0,0,0,0,0,0,0,0,0,0.00,0
1782181095,0,0,0,0.00,0.00,0,0,0,0,0,0,0,0.00,0.00,0,8,8,8,0,0,0,0,0,0,0,0,0,0.00,0
1782181096,0,0,0,0.00,0.00,0,0,0,0,0,0,0,0.00,0.00,0,8,8,8,0,0,0,0,0,0,0,0,0,0.00,0
1782181097,0,0,0,0.00,0.00,0,0,0,0,0,0,0,0.00,0.00,0,8,8,8,0,0,0,0,0,0,0,0,0,0.00,0
1782181098,0,0,0,0.00,0.00,0,0,0,0,0,0,0,0.00,0.00,0,8,8,8,0,0,0,0,0,0,0,0,0,0.00,0
1782181099,0,0,0,0.00,0.00,0,0,0,0,0,0,0,0.00,0.00,0,8,8,8,0,0,0,0,0,0,0,0,0,0.00,0
1782181100,0,0,0,0.00,0.00,0,0,0,0,0,0,0,0.00,0.00,0,8,8,8,0,0,0,0,0,0,0,0,0,0.00,0
1782181101,0,0,0,0.00,0.00,0,0,0,0,0,0,0,0.00,0.00,0,8,8,8,0,0,0,0,0,0,0,0,0,0.00,0
1782181102,0,0,0,0.00,0.00,0,0,0,0,0,0,0,0.00,0.00,0,9,9,9,0,0,0,0,0,0,0,0,0,0.00,0
1782181103,0,0,0,0.00,0.00,0,0,0,0,0,0,0,0.00,0.00,0,9,9,9,0,0,0,0,0,0,0,0,0,0.00,0
1782181104,0,0,0,0.00,0.00,0,0,0,0,0,0,0,0.00,0.00,0,9,9,9,0,0,0,0,0,0,0,0,0,0.00,0
1782181105,0,0,0,0.00,0.00,0,0,0,0,0,0,0,0.00,0.00,0,9,9,9,0,0,0,0,0,0,0,0,0,0.00,0
1782181106,0,0,0,0.00,0.00,0,0,0,0,0,0,0,0.00,0.00,0,9,9,9,0,0,0,0,0,0,0,0,0,0.00,0
1782181107,0,0,0,0.00,0.00,0,0,0,0,0,0,0,0.00,0.00,0,9,9,9,0,0,0,0,0,0,0,0,0,0.00,0
1782181108,0,0,0,0.00,0.00,0,0,0,0,0,0,0,0.00,0.00,0,9,9,9,0,0,0,0,0,0,0,0,0,0.00,0
1782181109,0,0,0,0.00,0.00,0,0,0,0,0,0,0,0.00,0.00,0,10,10,10,0,0,0,0,0,0,0,0,0,0.00,0
1782181110,0,180,0,253.30,179.85,2363391,3596287,55508991,174456831,209846271,849408,209977343,41826517.33,59520320.51,180,10,10,10,0,0,0,0,0,0,3596287,174456831,209846271,41826517.33,180
1782181111,0,380,0,222.16,200.02,2203647,2873343,5042175,145227775,209584127,849408,209977343,21239976.42,45388183.12,380,10,10,10,0,0,0,0,0,0,2660351,4048895,8056831,2712089.60,200
1782181112,0,580,0,214.03,200.11,2052095,2635775,3465215,114294783,192937983,849408,209977343,14812502.95,37801803.50,580,10,10,10,0,0,0,0,0,0,2213887,4501503,8376319,2600303.36,200
1782181113,0,780,0,210.21,199.89,1973247,2439167,3262463,75825151,178782207,849408,209977343,11595981.46,33055988.75,780,10,10,10,0,0,0,0,0,0,2123775,3575807,3950591,2268069.12,200
1782181114,0,980,0,208.04,199.97,1907711,2373631,3182591,48267263,174456831,849408,209977343,9724881.24,29724971.67,980,10,10,10,0,0,0,0,0,0,2111487,4579327,6053887,2427590.40,200
1782181115,0,1180,0,206.63,200.00,1851391,2308095,3020799,35258367,159645695,849408,209977343,8430615.43,27241080.97,1180,10,10,10,0,0,0,0,0,0,2117631,2981887,3334143,2088712.96,200
1782181116,0,1380,0,205.67,200.17,1813503,2260991,2934783,19791871,159383551,849408,209977343,7516707.62,25288798.90,1380,10,10,10,0,0,0,0,0,0,2042879,3364863,3987455,2124651.52,200
1782181117,0,1580,0,204.91,199.83,1794047,2244607,2887679,17907711,148111359,849408,209977343,6834879.19,23703155.56,1580,10,10,10,0,0,0,0,0,0,2024447,3231743,3844095,2130263.04,200
1782181118,0,1780,0,204.36,200.14,1777663,2238463,2869247,8081407,147980287,849408,209977343,6311980.44,22381213.92,1780,10,10,10,0,0,0,0,0,0,2096127,3221503,3602431,2181080.32,200
1782181119,0,1980,0,203.92,200.00,1777663,2203647,2832383,8081407,145227775,849408,209977343,6030445.51,21336446.27,1980,10,10,10,0,0,0,0,0,0,2085887,3266559,32129023,3524784.64,200
1782181120,0,2180,0,203.54,199.89,1764351,2174975,2770943,8056831,144965631,849408,209977343,5689807.50,20368982.91,2180,10,10,10,0,0,0,0,0,0,1983487,3223551,9789439,2317491.20,200
1782181121,0,2380,0,203.24,200.06,1748991,2156543,2729983,6590463,142737407,849408,209977343,5381872.40,19521598.32,2380,10,10,10,0,0,0,0,0,0,1959935,3092479,3508223,2025379.84,200
1782181122,0,2580,0,202.98,199.97,1736703,2140159,2684927,5099519,128516095,849408,209977343,5118557.57,18772140.88,2580,10,10,10,0,0,0,0,0,0,1990655,2783231,3059711,1985111.04,200
1782181123,0,2780,0,202.76,199.95,1737727,2129919,2678783,4550655,124256255,849408,209977343,4904092.45,18101504.24,2780,10,10,10,0,0,0,0,0,0,2028543,3246079,3731455,2137492.48,200
1782181124,0,2980,0,202.59,200.15,1728511,2129919,2656255,4288511,114294783,849408,209977343,4714340.08,17498415.11,2980,10,10,10,0,0,0,0,0,0,2103295,2992127,3123199,2076782.08,200
1782181125,0,3180,0,202.41,199.83,1726463,2121727,2635775,3989503,110559231,849408,209977343,4550381.81,16951628.20,3180,10,10,10,0,0,0,0,0,0,2042879,3137535,3311615,2107403.52,200
1782181126,0,3380,0,202.27,200.05,1731583,2123775,2627583,3950591,110166015,849408,209977343,4407618.73,16452797.85,3380,10,10,10,0,0,0,0,0,0,2127871,2916351,3125247,2137685.76,200
1782181127,0,3580,0,202.14,199.96,1726463,2111487,2611199,3901439,93519871,840192,209977343,4275969.64,15996567.32,3580,10,10,10,0,0,0,0,0,0,1980415,3381247,4325375,2051100.16,200
1782181128,0,3780,0,202.03,200.11,1724415,2109439,2613247,3801087,79429631,516608,209977343,4161141.40,15575955.77,3780,10,10,10,0,0,0,0,0,0,1991679,3174399,3448831,2105715.84,200
1782181129,0,3980,0,201.93,200.01,1724415,2107391,2611199,3729407,75825151,516608,209977343,4058792.81,15186631.88,3980,10,10,10,0,0,0,0,0,0,2078719,3094527,3375103,2124404.48,200
1782181130,0,4180,0,201.83,199.97,1723391,2105343,2594815,3729407,75694079,516608,209977343,3975604.58,14826935.93,4180,10,10,10,0,0,0,0,0,0,2066431,3332095,10190847,2320158.72,200
1782181131,0,4380,0,201.75,200.04,1719295,2101247,2586623,3663871,75104255,516608,209977343,3888569.25,14490539.04,4380,10,10,10,0,0,0,0,0,0,2011135,3295231,3559423,2069530.88,200
1782181132,0,4580,0,201.67,199.99,1718271,2103295,2582527,3647487,55508991,516608,209977343,3814041.80,14175591.37,4580,10,10,10,0,0,0,0,0,0,2150399,3399679,4358143,2181890.56,200
1782181133,0,4780,0,201.60,199.96,1715199,2097151,2582527,3627007,55410687,516608,209977343,3739580.38,13881019.56,4780,10,10,10,0,0,0,0,0,0,1927167,3082239,3338239,2034414.08,200
1782181134,0,4980,0,201.54,200.03,1718271,2101247,2580479,3602431,48267263,516608,209977343,3677151.28,13603339.44,4980,10,10,10,0,0,0,0,0,0,2158591,3121151,3532799,2185095.68,200
1782181135,0,5180,0,201.48,200.00,1717247,2103295,2582527,3579903,47480831,516608,209977343,3621705.41,13342117.05,5180,10,10,10,0,0,0,0,0,0,2164735,3239935,6615039,2241103.36,200
1782181136,0,5380,0,201.42,199.94,1710079,2099199,2572287,3557375,47284223,516608,209977343,3560508.36,13095845.22,5380,10,10,10,0,0,0,0,0,0,1988607,2770943,2949119,1975504.64,200
1782181137,0,5580,0,201.37,200.01,1710079,2101247,2568191,3573759,45875199,516608,209977343,3512590.89,12862284.07,5580,10,10,10,0,0,0,0,0,0,2158591,3899391,4509695,2223610.88,200
1782181138,0,5780,0,201.32,200.02,1710079,2105343,2564095,3547135,35323903,516608,209977343,3466384.28,12640714.97,5780,10,10,10,0,0,0,0,0,0,2263039,3280895,3450879,2177219.84,200
1782181139,0,5980,0,201.28,200.09,1703935,2101247,2557951,3508223,35258367,516608,209977343,3416203.88,12430886.94,5980,10,10,10,0,0,0,0,0,0,1974271,2938879,3233791,1965990.40,200
1782181140,0,6180,0,201.24,199.97,1703935,2103295,2559999,3536895,34308095,516608,209977343,3376925.72,12230684.93,6180,10,10,10,0,0,0,0,0,0,2162687,3618815,3923967,2202508.80,200
1782181141,0,6380,0,201.20,199.90,1702911,2103295,2559999,3522559,32161791,516608,209977343,3337458.30,12040037.99,6380,10,10,10,0,0,0,0,0,0,2067455,3305471,3876863,2117914.88,200
1782181142,0,6580,0,201.16,200.11,1700863,2101247,2549759,3485695,31997951,516608,209977343,3295683.99,11858316.41,6580,10,10,10,0,0,0,0,0,0,1983487,2895871,3098623,1963083.52,200
1782181143,0,6780,0,201.13,199.92,1694719,2099199,2547711,3469311,31916031,516608,209977343,3259413.28,11684614.83,6780,10,10,10,0,0,0,0,0,0,2081791,3254271,4292607,2066106.88,200
1782181144,0,6980,0,201.09,200.07,1695743,2099199,2541567,3461119,30932991,516608,209977343,3224928.77,11518079.16,6980,10,10,10,0,0,0,0,0,0,2078719,2830335,3291135,2055904.00,200
1782181145,0,7180,0,201.06,199.97,1694719,2099199,2541567,3448831,29671423,516608,209977343,3192902.26,11358539.68,7180,10,10,10,0,0,0,0,0,0,2060287,3041279,3198975,2075176.96,200
1782181146,0,7380,0,201.03,199.96,1692671,2096127,2537471,3428351,28393471,516608,209977343,3161606.43,11205562.28,7380,10,10,10,0,0,0,0,0,0,2057215,3061759,3371007,2038086.40,200
1782181147,0,7580,0,201.01,199.97,1693695,2097151,2537471,3399679,23592959,516608,209977343,3134861.29,11058343.04,7580,10,10,10,0,0,0,0,0,0,2150399,3145727,3407871,2147965.44,200
1782181148,0,7780,0,200.98,200.12,1689599,2093055,2533375,3389439,20086783,516608,209977343,3105071.17,10917256.09,7780,10,10,10,0,0,0,0,0,0,1880063,2994175,3325951,1976025.60,200
1782181149,0,7980,0,200.95,199.84,1687551,2093055,2527231,3375103,19791871,516608,209977343,3076569.36,10781404.63,7980,10,10,10,0,0,0,0,0,0,2060287,2854911,3084287,1967848.96,200
1782181150,0,8180,0,200.93,200.05,1684479,2091007,2527231,3375103,19759103,516608,209977343,3052350.26,10650431.88,8180,10,10,10,0,0,0,0,0,0,2061311,3368959,4431871,2086008.32,200
1782181151,0,8380,0,200.91,200.09,1682431,2087935,2519039,3364863,19595263,516608,209977343,3025335.31,10524296.24,8380,10,10,10,0,0,0,0,0,0,1980415,2682879,3071999,1920423.68,200
1782181152,0,8580,0,200.89,199.99,1681407,2084863,2516991,3366911,18825215,516608,209977343,3018289.66,10412606.57,8580,10,10,10,0,0,0,0,0,0,2002943,3811327,17874943,2723077.12,200
1782181153,0,8780,0,200.87,199.97,1680383,2084863,2514943,3356671,18546687,516608,209977343,2995894.89,10294781.25,8780,10,10,10,0,0,0,0,0,0,2040831,3084287,3262463,2035159.04,200
1782181154,0,8980,0,200.85,199.93,1676287,2083839,2512895,3344383,17940479,516608,209977343,2973000.60,10180977.60,8980,10,10,10,0,0,0,0,0,0,2000895,2775039,3117055,1967941.12,200
1782181155,0,9180,0,200.83,200.03,1676287,2085887,2514943,3334143,17891327,516608,209977343,2954945.24,10070583.04,9180,10,10,10,0,0,0,0,0,0,2199551,3166207,3360767,2144259.84,200
1782181156,0,9380,0,200.81,199.93,1675263,2084863,2510847,3334143,17760255,516608,209977343,2937399.77,9964220.92,9380,10,10,10,0,0,0,0,0,0,2006015,3434495,6356991,2132062.72,200
1782181157,0,9580,0,200.79,199.98,1672191,2080767,2504703,3327999,15720447,516608,209977343,2916706.49,9860994.52,9580,10,10,10,0,0,0,0,0,0,1935359,2846719,3141631,1946191.36,200
1782181158,0,9780,0,200.78,200.12,1673215,2080767,2502655,3325951,15499263,516608,209977343,2898915.61,9760811.00,9780,10,10,10,0,0,0,0,0,0,1963007,3149823,3747839,2046732.80,200
1782181159,0,9980,0,200.76,200.04,1665023,2075647,2494463,3311615,14614527,516608,209977343,2876993.42,9663963.66,9980,10,10,10,0,0,0,0,0,0,1755135,2500607,2969599,1804998.40,200
1782181160,0,10180,0,200.75,199.86,1663999,2070527,2490367,3309567,10215423,516608,209977343,2858078.09,9569819.89,10180,10,10,10,0,0,0,0,0,0,1876991,2938879,3665919,1914202.88,200
1782181161,0,10380,0,200.73,200.05,1662975,2067455,2484223,3295231,10125311,516608,209977343,2840313.35,9478303.32,10380,10,10,10,0,0,0,0,0,0,1889279,2869247,3041279,1936088.32,200
1782181162,0,10580,0,200.72,200.00,1658879,2064383,2482175,3293183,9871359,516608,209977343,2823097.43,9389517.44,10580,10,10,10,0,0,0,0,0,0,1862655,3051519,3678207,1929591.04,200
1782181163,0,10780,0,200.71,199.99,1658879,2059263,2478079,3289087,9560063,516608,209977343,2807025.12,9303119.66,10780,10,10,10,0,0,0,0,0,0,1899519,3002367,4192255,1956800.00,200
1782181164,0,10980,0,200.69,200.09,1656831,2055167,2473983,3289087,9519103,516608,209977343,2791525.11,9219122.07,10980,10,10,10,0,0,0,0,0,0,1842175,3184639,4093951,1956074.24,200
1782181165,0,11180,0,200.68,199.87,1656831,2053119,2469887,3282943,9388031,516608,209977343,2777318.57,9137170.84,11180,10,10,10,0,0,0,0,0,0,1993727,2957311,3123199,1997379.84,200
1782181166,0,11380,0,200.67,200.15,1653759,2046975,2463743,3272703,9117695,516608,209977343,2760294.50,9057650.83,11380,10,10,10,0,0,0,0,0,0,1785855,2676735,2914303,1808648.96,200
1782181167,0,11580,0,200.66,199.83,1652735,2044927,2457599,3266559,8376319,516608,209977343,2746456.99,8980006.80,11580,10,10,10,0,0,0,0,0,0,1965055,3065855,3561471,1959102.72,200
1782181168,0,11780,0,200.65,200.14,1651711,2043903,2457599,3266559,9469951,516608,209977343,2740887.76,8906962.00,11780,10,10,10,0,0,0,0,0,0,2017279,4395007,11280383,2418429.44,200
1782181169,0,11980,0,200.63,199.86,1651711,2042879,2457599,3274751,9363455,516608,209977343,2731220.48,8833450.23,11980,10,10,10,0,0,0,0,0,0,1990655,3778559,5603327,2161817.60,200
1782181170,0,12200,0,200.95,220.13,1652735,2046975,2463743,3295231,9109503,516608,209977343,2728009.75,8755804.89,12200,10,10,10,0,0,0,0,0,0,2172927,4198399,8790015,2553170.62,220
1782181171,0,12400,0,200.94,199.93,1651711,2043903,2461695,3289087,8970239,516608,209977343,2715596.15,8685696.84,12400,10,10,10,0,0,0,0,0,0,1897471,2725887,3125247,1958366.72,200
1782181172,0,12600,0,200.93,200.14,1651711,2043903,2461695,3295231,8912895,516608,209977343,2708392.93,8617657.22,12600,10,10,10,0,0,0,0,0,0,2042879,4722687,6430719,2261793.28,200
1782181173,0,12800,0,200.91,199.90,1651711,2045951,2463743,3305471,9388031,516608,209977343,2706170.97,8553779.30,12800,10,10,10,0,0,0,0,0,0,2179071,3629055,11853823,2566187.52,200
1782181174,0,13000,0,200.90,200.08,1653759,2047999,2467839,3330047,9469951,516608,209977343,2705560.05,8490923.87,13000,10,10,10,0,0,0,0,0,0,2156543,5238783,13074431,2666461.44,200
1782181175,0,13200,0,200.88,199.84,1655807,2049023,2467839,3327999,9363455,516608,209977343,2697275.96,8426919.15,13200,10,10,10,0,0,0,0,0,0,2121727,3276799,3514367,2158809.60,200
1782181176,0,13400,0,200.87,200.05,1656831,2049023,2465791,3327999,9117695,516608,209977343,2688079.68,8364471.77,13400,10,10,10,0,0,0,0,0,0,2021375,3307519,3948543,2081125.12,200
1782181177,0,13600,0,200.86,200.13,1654783,2046975,2463743,3325951,9076735,516608,209977343,2677343.97,8303499.64,13600,10,10,10,0,0,0,0,0,0,1935359,3033087,3332095,1958051.84,200
1782181178,0,13800,0,200.84,199.83,1653759,2044927,2461695,3317759,8945663,516608,209977343,2667534.24,8243808.07,13800,10,10,10,0,0,0,0,0,0,1976319,3014655,3356671,2000472.32,200
1782181179,0,14000,0,200.83,200.05,1653759,2042879,2459647,3309567,8790015,516608,209977343,2657626.82,8185334.16,14000,10,10,10,0,0,0,0,0,0,1994751,2736127,2902015,1974014.72,200
1782181180,0,14200,0,200.82,200.12,1652735,2043903,2459647,3319807,9363455,516608,209977343,2658376.55,8133931.66,14200,10,10,10,0,0,0,0,0,0,2054143,6475775,15114239,2710858.24,200
1782181181,0,14400,0,200.81,199.93,1650687,2041855,2457599,3319807,9117695,516608,209977343,2650234.36,8078188.50,14400,10,10,10,0,0,0,0,0,0,1928191,3178495,5943295,2072138.24,200
1782181182,0,14600,0,200.80,200.06,1651711,2042879,2461695,3325951,9076735,516608,209977343,2645585.07,8023599.41,14600,10,10,10,0,0,0,0,0,0,2152447,3639295,7315455,2310836.48,200
1782181183,0,14800,0,200.79,199.89,1650687,2041855,2459647,3319807,8945663,516608,209977343,2636626.62,7969871.51,14800,10,10,10,0,0,0,0,0,0,1883135,3121151,3356671,1982659.84,200
1782181184,0,15000,0,200.78,200.10,1650687,2039807,2455551,3315711,8790015,516608,209977343,2627487.70,7917180.01,15000,10,10,10,0,0,0,0,0,0,1945599,2795519,3569663,1951207.68,200
1782181185,0,15200,0,200.77,200.01,1647615,2038783,2453503,3321855,9363455,516608,209977343,2639880.65,7910163.45,15200,10,10,10,0,0,0,0,0,0,1900543,3819519,35618815,3569351.68,200
1782181186,0,15400,0,200.76,199.89,1647615,2039807,2455551,3317759,9117695,516608,209977343,2632877.94,7859203.10,15400,10,10,10,0,0,0,0,0,0,2085887,3092479,3788799,2100672.00,200
1782181187,0,15600,0,200.75,200.08,1647615,2038783,2453503,3315711,9076735,516608,209977343,2625044.42,7809279.20,15600,10,10,10,0,0,0,0,0,0,2007039,3018751,4300799,2021863.68,200
1782181188,0,15800,0,200.74,199.93,1646591,2038783,2453503,3309567,8945663,516608,209977343,2617630.16,7760256.51,15800,10,10,10,0,0,0,0,0,0,2055167,3012607,3280895,2039317.76,200
1782181189,0,16000,0,200.73,200.06,1645567,2038783,2451455,3309567,8790015,516608,209977343,2610573.46,7712180.73,16000,10,10,10,0,0,0,0,0,0,1979391,3268607,3958783,2053094.40,200
1782181190,0,16200,0,200.72,199.91,1645567,2037759,2451455,3315711,8601599,516608,209977343,2604191.58,7665091.90,16200,10,10,10,0,0,0,0,0,0,1948671,3770367,4358143,2093640.96,200
1782181191,0,16400,0,200.71,199.99,1645567,2037759,2451455,3309567,8560639,516608,209977343,2596623.32,7618736.15,16400,10,10,10,0,0,0,0,0,0,1978367,2848767,3250175,1983594.24,200
1782181192,0,16600,0,200.70,200.07,1643519,2035711,2449407,3305471,8462335,516608,209977343,2588809.45,7573285.37,16600,10,10,10,0,0,0,0,0,0,1921023,3002367,3227647,1948071.68,200
1782181193,0,16800,0,200.69,199.92,1643519,2032639,2449407,3301375,8376319,516608,209977343,2581350.88,7528598.68,16800,10,10,10,0,0,0,0,0,0,1869823,2959359,3330047,1962289.92,200
1782181194,0,17000,0,200.68,200.02,1641471,2031615,2445311,3291135,8278015,516608,209977343,2573229.59,7484756.56,17000,10,10,10,0,0,0,0,0,0,1905663,2815999,3051519,1891041.28,200
1782181195,0,17200,0,200.68,200.15,1638399,2028543,2443263,3291135,8245247,516608,209977343,2565456.39,7441719.47,17200,10,10,10,0,0,0,0,0,0,1822719,2959359,3473407,1904734.72,200
1782181196,0,17400,0,200.67,199.95,1638399,2028543,2443263,3293183,8376319,516608,209977343,2562965.38,7400768.40,17400,10,10,10,0,0,0,0,0,0,2000895,3549183,10510335,2348738.56,200
1782181197,0,17600,0,200.66,200.03,1637375,2028543,2443263,3293183,8278015,516608,209977343,2556532.27,7359216.08,17600,10,10,10,0,0,0,0,0,0,1941503,3291135,4077567,1996851.20,200
1782181198,0,17800,0,200.65,199.97,1636351,2027519,2441215,3291135,8245247,516608,209977343,2550168.80,7318221.04,17800,10,10,10,0,0,0,0,0,0,1957887,2973695,3618815,1990183.68,200
1782181199,0,18000,0,200.65,200.04,1635327,2026495,2437119,3282943,8200191,516608,209977343,2542654.70,7277991.01,18000,10,10,10,0,0,0,0,0,0,1849343,2787327,2947071,1873899.52,200
1782181200,0,18200,0,200.64,199.85,1633279,2024447,2435071,3282943,8142847,516608,209977343,2537285.10,7238721.78,18200,10,10,10,0,0,0,0,0,0,1932287,2916351,6746111,2054021.12,200
1782181201,0,18400,0,200.63,200.00,1632255,2023423,2435071,3282943,8081407,516608,209977343,2531726.21,7200018.75,18400,10,10,10,0,0,0,0,0,0,1889279,3022847,5545983,2025867.52,200
1782181202,0,18600,0,200.63,200.14,1632255,2022399,2433023,3280895,8019967,516608,209977343,2525244.26,7161685.66,18600,10,10,10,0,0,0,0,0,0,1919999,2902015,3332095,1928904.96,200
1782181203,0,18800,0,200.62,199.94,1630207,2020351,2430975,3276799,7782399,516608,209977343,2518195.30,7124021.72,18800,10,10,10,0,0,0,0,0,0,1830911,2764799,3319807,1862641.92,200
1782181204,0,19000,0,200.61,199.97,1628159,2017279,2428927,3268607,7729151,516608,209977343,2511289.07,7086893.02,19000,10,10,10,0,0,0,0,0,0,1846271,2693119,2906111,1862103.04,200
1782181205,0,19200,0,200.61,199.99,1628159,2017279,2426879,3266559,7692287,516608,209977343,2506164.85,7050306.22,19200,10,10,10,0,0,0,0,0,0,2047999,3004415,3457023,2019363.84,200
1782181206,0,19400,0,200.60,199.95,1625087,2016255,2424831,3266559,7475199,516608,209977343,2500599.65,7014538.79,19400,10,10,10,0,0,0,0,0,0,1977343,2818047,5509119,1966341.12,200
1782181207,0,19600,0,200.59,200.04,1626111,2015231,2422783,3266559,8019967,516608,209977343,2499106.64,6981999.40,19600,10,10,10,0,0,0,0,0,0,1895423,3139583,12869631,2354284.80,200
1782181208,0,19800,0,200.59,200.07,1625087,2013183,2422783,3262463,7782399,516608,209977343,2493430.97,6947107.10,19800,10,10,10,0,0,0,0,0,0,1914879,2916351,3334143,1937214.72,200
1782181209,0,20000,0,200.58,199.88,1625087,2014207,2422783,3260415,7729151,516608,209977343,2489369.44,6912659.46,20000,10,10,10,0,0,0,0,0,0,2079743,3108863,3559423,2087278.08,200
1782181210,0,20200,0,200.58,200.15,1624063,2013183,2420735,3254271,7692287,516608,209977343,2483606.03,6878786.63,20200,10,10,10,0,0,0,0,0,0,1918975,2713599,2953215,1907265.28,200
1782181211,0,20400,0,200.57,199.99,1623039,2011135,2418687,3254271,7475199,516608,209977343,2477548.05,6845471.30,20400,10,10,10,0,0,0,0,0,0,1898495,2772991,3461119,1865692.16,200
1782181212,0,20600,0,200.56,199.98,1623039,2010111,2414591,3250175,7364607,516608,209977343,2472030.86,6812585.21,20600,10,10,10,0,0,0,0,0,0,1923071,2719743,3583999,1909277.44,200
1782181213,0,20800,0,200.56,199.99,1622015,2010111,2414591,3252223,7315455,516608,209977343,2467984.45,6780267.89,20800,10,10,10,0,0,0,0,0,0,2016255,3450879,4509695,2051203.84,200
1782181214,0,21000,0,200.55,200.04,1620991,2009087,2414591,3252223,7303167,516608,209977343,2463517.96,6748348.47,21000,10,10,10,0,0,0,0,0,0,1934335,3164159,3645439,1999002.88,200
1782181215,0,21200,0,200.55,199.90,1620991,2009087,2414591,3246079,7221247,516608,209977343,2458944.30,6716889.85,21200,10,10,10,0,0,0,0,0,0,1956863,3028991,3522559,1978709.76,200
1782181216,0,21400,0,200.54,200.02,1618943,2007039,2410495,3235839,7192575,516608,209977343,2453016.24,6685874.36,21400,10,10,10,0,0,0,0,0,0,1821695,2705407,3045375,1824642.56,200
1782181217,0,21600,0,200.54,200.06,1618943,2004991,2410495,3235839,7106559,516608,209977343,2448821.67,6655333.48,21600,10,10,10,0,0,0,0,0,0,1847295,2965503,4513791,2000002.56,200
1782181218,0,21800,0,200.53,199.87,1617919,2003967,2408447,3233791,7221247,516608,209977343,2449201.66,6632801.72,21800,10,10,10,0,0,0,0,0,0,1896447,2826239,21905407,2490240.00,200
1782181219,0,22000,0,200.53,200.03,1617919,2003967,2408447,3231743,7192575,516608,209977343,2444920.15,6602959.28,22000,10,10,10,0,0,0,0,0,0,1954815,2998271,3405823,1978236.16,200
1782181220,0,22200,0,200.52,200.09,1617919,2003967,2408447,3233791,7364607,516608,209977343,2443788.64,6574800.66,22200,10,10,10,0,0,0,0,0,0,1981439,3475455,8159231,2319322.88,200
1782181221,0,22400,0,200.52,199.99,1617919,2002943,2408447,3231743,7315455,516608,209977343,2439748.91,6545714.87,22400,10,10,10,0,0,0,0,0,0,1972223,2904063,3254271,1991338.24,200
1782181222,0,22600,0,200.51,200.02,1617919,2002943,2406399,3229695,7303167,516608,209977343,2435617.73,6517030.65,22600,10,10,10,0,0,0,0,0,0,1970175,2846719,3248127,1972925.44,200
1782181223,0,22800,0,200.51,199.96,1616895,2002943,2406399,3227647,7221247,516608,209977343,2431166.64,6488754.37,22800,10,10,10,0,0,0,0,0,0,1880063,2830335,3082239,1928193.28,200
1782181224,0,23000,0,200.51,200.02,1615871,2000895,2402303,3225599,7192575,516608,209977343,2426437.36,6460906.42,23000,10,10,10,0,0,0,0,0,0,1906687,2754559,4382719,1887299.84,200
1782181225,0,23200,0,200.50,199.93,1616895,2001919,2404351,3225599,7106559,516608,209977343,2423827.90,6433333.75,23200,10,10,10,0,0,0,0,0,0,2077695,3084287,4038655,2123740.16,200
1782181226,0,23400,0,200.50,200.11,1615871,2000895,2404351,3219455,6991871,516608,209977343,2419435.46,6406100.68,23400,10,10,10,0,0,0,0,0,0,1941503,2662399,2869247,1909912.32,200
1782181227,0,23600,0,200.49,199.87,1616895,1998847,2400255,3215359,6774783,516608,209977343,2414643.82,6379238.76,23600,10,10,10,0,0,0,0,0,0,1866751,2596863,2930687,1854022.40,200
1782181228,0,23800,0,200.49,200.02,1615871,1997823,2400255,3209215,6680575,516608,209977343,2410417.36,6352740.49,23800,10,10,10,0,0,0,0,0,0,1890303,2920447,3102719,1911694.08,200
1782181229,0,24000,0,200.48,200.14,1614847,1994751,2400255,3213311,6651903,516608,209977343,2407476.10,6326908.45,24000,10,10,10,0,0,0,0,0,0,1800191,3575807,6291455,2057466.88,200
1782181230,0,24460,0,202.63,459.89,1614847,1996799,2402303,3231743,7733247,516608,209977343,2418517.26,6286224.99,24460,10,10,10,0,0,0,0,0,0,2065407,8343551,22708223,2994577.81,460
1782181231,0,24960,0,205.08,499.96,1609727,1993727,2400255,3227647,7679999,516608,209977343,2407874.17,6223997.49,24960,10,10,10,0,0,0,0,0,0,1879039,2920447,3395583,1887214.08,500
1782181232,0,25460,0,207.48,499.96,1607679,1994751,2402303,3227647,7507967,516608,209977343,2400511.41,6163568.42,25460,10,10,10,0,0,0,0,0,0,2069503,3151871,4159487,2032962.56,500
1782181233,0,25960,0,209.85,500.13,1603583,1991679,2400255,3221503,7315455,516608,209977343,2390481.32,6104933.65,25960,10,10,10,0,0,0,0,0,0,1810431,2998271,3366911,1879749.12,500
1782181234,0,26460,0,212.17,499.98,1599487,1990655,2400255,3225599,7315455,516608,209977343,2384037.31,6049495.64,26460,10,10,10,0,0,0,0,0,0,1863679,3432447,7245823,2049464.32,500
1782181235,0,26960,0,214.46,500.11,1594367,1985535,2398207,3217407,7221247,516608,209977343,2372759.19,5994302.36,26960,10,10,10,0,0,0,0,0,0,1693695,2883583,3278847,1775921.15,500
1782181236,0,27460,0,216.72,499.95,1592319,1983487,2394111,3215359,7122943,516608,209977343,2364536.98,5940414.02,27460,10,10,10,0,0,0,0,0,0,1847295,3010559,3784703,1921195.01,500
1782181237,0,27960,0,218.93,499.89,1592319,1985535,2396159,3217407,6995967,516608,209977343,2359529.16,5887971.82,27960,10,10,10,0,0,0,0,0,0,2138111,3416063,3921919,2084499.97,500
1782181238,0,28460,0,221.12,499.71,1593343,1987583,2398207,3219455,7262207,502016,209977343,2362385.42,5847687.10,28460,10,10,10,0,0,0,0,0,0,2111487,3430399,21020671,2522107.65,500
1782181239,0,28960,0,223.27,500.13,1590271,1985535,2398207,3211263,7213055,502016,209977343,2354187.62,5797902.23,28960,10,10,10,0,0,0,0,0,0,1840127,2906111,3182591,1887568.90,500
1782181240,0,29460,0,225.38,500.14,1587199,1983487,2396159,3209215,7053311,502016,209977343,2346421.42,5749404.73,29460,10,10,10,0,0,0,0,0,0,1842175,3096575,3538943,1896602.62,500
1782181241,0,29960,0,227.47,499.92,1586175,1984511,2398207,3201023,6963199,502016,209977343,2340403.07,5701983.17,29960,10,10,10,0,0,0,0,0,0,2044927,2973695,3295231,1985802.24,500
1782181242,0,30460,0,229.52,500.07,1583103,1982463,2396159,3198975,7053311,502016,209977343,2336078.03,5659796.73,30460,10,10,10,0,0,0,0,0,0,1839103,3051519,13524991,2076921.34,500
1782181243,0,30960,0,231.55,500.04,1580031,1981439,2394111,3194879,6963199,502016,209977343,2328740.98,5614843.50,30960,10,10,10,0,0,0,0,0,0,1873919,2885631,3735551,1881767.94,500
1782181244,0,31460,0,233.54,499.83,1580031,1981439,2394111,3194879,6774783,502016,209977343,2323886.12,5570870.65,31460,10,10,10,0,0,0,0,0,0,2004991,3223551,4321279,2023273.47,500
1782181245,0,31960,0,235.50,499.95,1577983,1982463,2394111,3196927,6623231,502016,209977343,2319928.73,5528214.93,31960,10,10,10,0,0,0,0,0,0,2035711,3614719,4628479,2070929.92,500
1782181246,0,32460,0,237.44,500.27,1575935,1981439,2394111,3192831,6578175,502016,209977343,2313665.34,5486317.76,32460,10,10,10,0,0,0,0,0,0,1896447,2996223,3553279,1913308.93,500
1782181247,0,32960,0,239.34,499.94,1576959,1982463,2396159,3190783,6582271,502016,209977343,2310833.18,5445678.46,32960,10,10,10,0,0,0,0,0,0,2057215,3035135,7118847,2126969.34,500
1782181248,0,33460,0,241.22,500.12,1574911,1982463,2398207,3184639,6541311,502016,209977343,2305471.35,5405621.26,33460,10,10,10,0,0,0,0,0,0,1942527,3012607,3448831,1952019.97,500
1782181249,0,33960,0,243.07,499.63,1572863,1981439,2398207,3180543,6479871,502016,209977343,2299358.85,5366441.03,33960,10,10,10,0,0,0,0,0,0,1876991,2908159,3340287,1890310.14,500
1782181250,0,34460,0,244.90,500.23,1573887,1983487,2400255,3180543,6410239,502016,209977343,2296858.19,5328211.14,34460,10,10,10,0,0,0,0,0,0,2138111,3244031,5414911,2127013.38,500
1782181251,0,34960,0,246.70,499.99,1572863,1982463,2398207,3178495,6291455,502016,209977343,2292144.09,5290791.88,34960,10,10,10,0,0,0,0,0,0,1942527,3059711,4509695,1967248.13,500
1782181252,0,35460,0,248.48,499.99,1572863,1983487,2400255,3176447,6160383,502016,209977343,2288809.27,5253980.73,35460,10,10,10,0,0,0,0,0,0,2022399,3135487,3620863,2055639.04,500
1782181253,0,35960,0,250.23,499.83,1571839,1983487,2400255,3170303,6021119,502016,209977343,2284645.88,5217998.64,35960,10,10,10,0,0,0,0,0,0,2053119,3008511,3319807,1989378.05,500
1782181254,0,36460,0,251.95,500.29,1571839,1984511,2400255,3166207,6049791,502016,209977343,2281345.41,5183016.11,36460,10,10,10,0,0,0,0,0,0,2064383,2932735,6496255,2043975.68,500
1782181255,0,36960,0,253.65,499.88,1567743,1982463,2400255,3164159,5967871,502016,209977343,2275504.71,5148842.57,36960,10,10,10,0,0,0,0,0,0,1774591,2965503,4349951,1849600.51,500
1782181256,0,37460,0,255.33,499.81,1569791,1983487,2400255,3162111,5943295,502016,209977343,2273428.26,5115356.78,37460,10,10,10,0,0,0,0,0,0,2014207,3047423,5296127,2119937.02,500
1782181257,0,37960,0,256.99,499.94,1565695,1980415,2398207,3162111,5943295,502016,209977343,2268156.89,5082933.29,37960,10,10,10,0,0,0,0,0,0,1758207,2961407,5783551,1873226.50,500
1782181258,0,38460,0,258.62,500.32,1565695,1981439,2400255,3160063,5824511,385024,209977343,2265207.82,5050434.22,38460,10,10,10,0,0,0,0,0,0,2075647,3121151,3586047,2041314.05,500
1782181259,0,38960,0,260.24,499.85,1565695,1981439,2400255,3155967,5775359,385024,209977343,2261301.93,5018478.43,38960,10,10,10,0,0,0,0,0,0,1973247,2813951,3123199,1960861.18,500
1782181260,0,39460,0,261.83,499.80,1565695,1983487,2402303,3166207,6033407,385024,209977343,2267891.71,5002148.59,39460,10,10,10,0,0,0,0,0,0,2152447,4734975,24625151,2781367.30,500
1782181261,0,39960,0,263.40,500.16,1564671,1983487,2404351,3170303,5943295,385024,209977343,2265473.95,4971632.45,39960,10,10,10,0,0,0,0,0,0,1985535,3481599,4007935,2074663.94,500
1782181262,0,40460,0,264.95,500.24,1563647,1982463,2404351,3170303,5881855,385024,209977343,2261441.66,4941554.50,40460,10,10,10,0,0,0,0,0,0,1903615,3158015,3520511,1939181.57,500
1782181263,0,40960,0,266.48,500.05,1563647,1982463,2404351,3170303,5808127,385024,209977343,2258335.80,4911818.98,40960,10,10,10,0,0,0,0,0,0,2023423,2932735,3655679,2007009.28,500
1782181264,0,41460,0,267.98,499.72,1565695,1985535,2408447,3176447,6021119,385024,209977343,2260046.63,4884365.89,41460,10,10,10,0,0,0,0,0,0,2195455,3760127,9199615,2400197.63,500
1782181265,0,41960,0,269.48,500.19,1565695,1986559,2408447,3182591,6086655,385024,209977343,2260031.88,4857390.37,41960,10,10,10,0,0,0,0,0,0,2068479,3749887,9551871,2258808.83,500
1782181266,0,42460,0,270.95,499.72,1564671,1986559,2410495,3182591,6160383,385024,209977343,2257722.84,4829874.46,42460,10,10,10,0,0,0,0,0,0,2026495,3172351,7471103,2063948.29,500
1782181267,0,42960,0,272.40,500.13,1566719,1987583,2410495,3186687,6287359,385024,209977343,2258035.76,4803955.89,42960,10,10,10,0,0,0,0,0,0,2079743,3624959,9699327,2284609.02,500
1782181268,0,43460,0,273.83,500.19,1566719,1989631,2412543,3188735,6209535,385024,209977343,2256631.92,4777183.05,43460,10,10,10,0,0,0,0,0,0,2121727,3264511,4354047,2136014.08,500
1782181269,0,43960,0,275.25,499.95,1563647,1987583,2410495,3186687,6053887,385024,209977343,2251664.64,4750728.72,43960,10,10,10,0,0,0,0,0,0,1680383,2990079,3883007,1819908.61,500
1782181270,0,44460,0,276.65,499.89,1562623,1986559,2410495,3188735,6017023,385024,209977343,2249379.45,4724874.87,44460,10,10,10,0,0,0,0,0,0,1913855,3446783,5382143,2048465.92,500
1782181271,0,44960,0,278.03,499.74,1562623,1985535,2410495,3188735,6021119,385024,209977343,2246921.67,4699586.31,44960,10,10,10,0,0,0,0,0,0,1959935,3186687,7008255,2028375.04,500
1782181272,0,45460,0,279.39,500.13,1562623,1985535,2410495,3186687,5967871,385024,209977343,2244058.26,4674220.42,45460,10,10,10,0,0,0,0,0,0,1981439,2967551,3735551,1986580.99,500
1782181273,0,45960,0,280.74,499.97,1560575,1984511,2408447,3184639,5926911,385024,209977343,2239962.08,4649572.66,45960,10,10,10,0,0,0,0,0,0,1782783,2844671,5210111,1867537.66,500
1782181274,0,46460,0,282.07,500.40,1560575,1984511,2410495,3186687,5894143,385024,209977343,2238695.98,4625242.70,46460,10,10,10,0,0,0,0,0,0,2038783,3416063,4218879,2122315.26,500
1782181275,0,46960,0,283.39,499.88,1558527,1983487,2410495,3184639,5861375,385024,209977343,2234554.22,4601239.72,46960,10,10,10,0,0,0,0,0,0,1838079,3022847,3389439,1849702.66,500
1782181276,0,47460,0,284.69,499.78,1554431,1980415,2406399,3180543,5783551,385024,209977343,2229220.11,4577652.46,47460,10,10,10,0,0,0,0,0,0,1649663,2727935,3618815,1728240.13,500
1782181277,0,47960,0,285.97,499.94,1555455,1981439,2408447,3182591,5742591,385024,209977343,2227944.21,4554276.73,47960,10,10,10,0,0,0,0,0,0,2150399,3280895,3538943,2106835.46,500
1782181278,0,48460,0,287.24,500.01,1553407,1981439,2410495,3182591,5697535,385024,209977343,2225059.66,4531395.50,48460,10,10,10,0,0,0,0,0,0,1943551,3219455,3792895,1948374.27,500
1782181279,0,48960,0,288.49,500.27,1553407,1981439,2410495,3180543,5656575,385024,209977343,2222456.99,4508836.09,48960,10,10,10,0,0,0,0,0,0,1949695,3100671,4083711,1970206.21,500
1782181280,0,49460,0,289.73,499.87,1548287,1978367,2408447,3178495,5607423,385024,209977343,2218014.34,4486754.35,49460,10,10,10,0,0,0,0,0,0,1641471,2908159,4247551,1782989.31,500
1782181281,0,49960,0,290.95,499.75,1549311,1979391,2410495,3180543,5631999,385024,209977343,2217378.84,4465241.78,49960,10,10,10,0,0,0,0,0,0,2075647,3207167,6254591,2154515.20,500
1782181282,0,50460,0,292.17,500.20,1547263,1979391,2408447,3178495,5603327,385024,209977343,2213886.07,4443651.56,50460,10,10,10,0,0,0,0,0,0,1851391,2904063,3479551,1864888.83,500
1782181283,0,50960,0,293.36,500.21,1545215,1978367,2406399,3174399,5578751,385024,209977343,2210267.87,4422495.50,50960,10,10,10,0,0,0,0,0,0,1764351,2889727,3272703,1845118.98,500
1782181284,0,51460,0,294.55,500.01,1546239,1978367,2406399,3174399,5615615,385024,209977343,2208976.06,4402126.19,51460,10,10,10,0,0,0,0,0,0,2014207,2975743,8052735,2077314.56,500
1782181285,0,51960,0,295.71,500.04,1544191,1977343,2406399,3172351,5578751,385024,209977343,2206490.40,4381551.64,51960,10,10,10,0,0,0,0,0,0,1933311,3170303,4386815,1950666.75,500
1782181286,0,52460,0,296.87,499.73,1544191,1978367,2408447,3174399,5545983,385024,209977343,2206223.36,4361887.11,52460,10,10,10,0,0,0,0,0,0,1996799,3737599,5308415,2178472.96,500
1782181287,0,52960,0,298.01,500.10,1545215,1979391,2408447,3174399,5509119,385024,209977343,2204758.43,4341720.12,52960,10,10,10,0,0,0,0,0,0,2059263,3151871,3813375,2051057.15,500
1782181288,0,53460,0,299.14,500.16,1545215,1979391,2410495,3176447,5468159,385024,209977343,2203711.68,4321903.38,53460,10,10,10,0,0,0,0,0,0,2042879,3246079,3670015,2092840.45,500
1782181289,0,53960,0,300.26,499.84,1545215,1979391,2408447,3176447,5496831,385024,209977343,2202663.05,4303458.84,53960,10,10,10,0,0,0,0,0,0,1979391,3346431,8278015,2090543.62,500
1782181290,0,54240,0,300.15,279.91,1545215,1979391,2408447,3182591,5476351,385024,209977343,2202361.34,4292767.96,54240,10,10,10,0,0,0,0,0,0,2029567,3577855,5177343,2144216.69,280
1782181291,0,54440,0,299.60,200.05,1545215,1979391,2408447,3180543,5476351,385024,209977343,2201640.15,4285132.18,54440,10,10,10,0,0,0,0,0,0,1933311,3074047,6127615,2006053.12,200
1782181292,0,54640,0,299.05,200.06,1545215,1979391,2408447,3180543,5468159,385024,209977343,2200952.57,4277580.40,54640,10,10,10,0,0,0,0,0,0,1870847,3086335,5095423,2013794.56,200
1782181293,0,54840,0,298.51,199.97,1545215,1978367,2406399,3178495,5447679,385024,209977343,2199554.17,4269965.54,54840,10,10,10,0,0,0,0,0,0,1762303,2813951,3201023,1817510.40,200
1782181294,0,55040,0,297.98,200.01,1545215,1979391,2406399,3178495,5443583,385024,209977343,2198931.29,4262380.58,55040,10,10,10,0,0,0,0,0,0,2038783,2875391,4177919,2028136.96,200
1782181295,0,55240,0,297.45,200.01,1545215,1979391,2406399,3176447,5431295,385024,209977343,2198463.61,4254842.24,55240,10,10,10,0,0,0,0,0,0,2115583,3074047,3362815,2069758.72,200
1782181296,0,55440,0,296.93,199.87,1545215,1979391,2408447,3176447,5435391,385024,209977343,2198226.96,4247443.53,55440,10,10,10,0,0,0,0,0,0,2103295,3295231,5472255,2132864.00,200
1782181297,0,55640,0,296.41,200.15,1545215,1979391,2408447,3176447,5414911,385024,209977343,2197459.16,4239967.91,55640,10,10,10,0,0,0,0,0,0,1955839,2840575,3352575,1984624.64,200
1782181298,0,55840,0,295.90,199.98,1545215,1979391,2408447,3176447,5406719,385024,209977343,2196847.59,4232558.99,55840,10,10,10,0,0,0,0,0,0,1929215,3172351,4534271,2026708.48,200
1782181299,0,56040,0,295.40,199.89,1546239,1979391,2408447,3176447,5402623,385024,209977343,2196245.66,4225199.74,56040,10,10,10,0,0,0,0,0,0,1999871,3504127,3981311,2028188.16,200
1782181300,0,56240,0,294.90,200.14,1546239,1979391,2408447,3178495,5406719,385024,209977343,2196212.34,4218086.56,56240,10,10,10,0,0,0,0,0,0,2069503,4044799,5873663,2186874.88,200
1782181301,0,56440,0,294.40,199.84,1546239,1979391,2406399,3178495,5386239,385024,209977343,2195312.88,4210782.02,56440,10,10,10,0,0,0,0,0,0,1903615,2912255,3342335,1942385.92,200
1782181302,0,56640,0,293.91,200.16,1545215,1979391,2406399,3178495,5410815,385024,209977343,2194528.39,4203753.26,56640,10,10,10,0,0,0,0,0,0,1856511,2955263,6516735,1973144.32,200
1782181303,0,56840,0,293.43,200.00,1545215,1978367,2406399,3178495,5406719,385024,209977343,2193762.73,4196512.06,56840,10,10,10,0,0,0,0,0,0,1943551,3160063,3872767,1976928.00,200
1782181304,0,57040,0,292.95,199.90,1546239,1978367,2406399,3180543,5472255,385024,209977343,2194143.70,4189820.96,57040,10,10,10,0,0,0,0,0,0,1994751,6258687,6881279,2302416.64,200
1782181305,0,57240,0,292.47,200.03,1546239,1979391,2406399,3180543,5476351,385024,209977343,2193673.44,4182791.13,57240,10,10,10,0,0,0,0,0,0,2000895,3282943,6619135,2059554.56,200
1782181306,0,57440,0,292.00,200.07,1547263,1979391,2406399,3182591,5476351,385024,209977343,2193647.90,4175898.21,57440,10,10,10,0,0,0,0,0,0,1932287,4444159,6299647,2186337.28,200
1782181307,0,57640,0,291.54,199.95,1547263,1979391,2404351,3180543,5472255,385024,209977343,2193006.28,4168754.77,57640,10,10,10,0,0,0,0,0,0,2080767,2695167,2885631,2008733.44,200
1782181308,0,57840,0,291.08,199.99,1548287,1979391,2404351,3178495,5447679,385024,209977343,2191966.14,4161682.01,57840,10,10,10,0,0,0,0,0,0,1890303,2699263,3084287,1892198.40,200
1782181309,0,58040,0,290.62,199.95,1548287,1978367,2404351,3178495,5443583,385024,209977343,2191180.48,4154695.40,58040,10,10,10,0,0,0,0,0,0,1910783,3139583,3549183,1963966.72,200
1782181310,0,58240,0,290.17,199.99,1548287,1978367,2404351,3178495,5496831,385024,209977343,2191490.41,4148408.42,58240,10,10,10,0,0,0,0,0,0,1992703,4395007,8593407,2281432.32,200
1782181311,0,58440,0,289.72,200.03,1548287,1978367,2402303,3178495,5476351,385024,209977343,2190543.49,4141466.84,58440,10,10,10,0,0,0,0,0,0,1938431,2838527,3508223,1914801.92,200
1782181312,0,58640,0,289.28,200.08,1548287,1978367,2402303,3176447,5472255,385024,209977343,2189681.16,4134574.74,58640,10,10,10,0,0,0,0,0,0,1897471,3055615,3837951,1937708.80,200
1782181313,0,58840,0,288.84,199.95,1548287,1978367,2402303,3174399,5447679,385024,209977343,2188917.84,4127671.83,58840,10,10,10,0,0,0,0,0,0,1955839,2834431,3057663,1965111.04,200
1782181314,0,59040,0,288.41,199.93,1548287,1978367,2402303,3174399,5443583,385024,209977343,2188170.14,4120841.80,59040,10,10,10,0,0,0,0,0,0,1955839,3053567,3264511,1968198.40,200
1782181315,0,59240,0,287.98,200.05,1548287,1977343,2402303,3172351,5435391,385024,209977343,2187406.81,4114051.15,59240,10,10,10,0,0,0,0,0,0,1844223,2932735,4546559,1962069.76,200
1782181316,0,59440,0,287.55,200.08,1548287,1977343,2400255,3172351,5414911,385024,209977343,2186653.18,4107253.23,59440,10,10,10,0,0,0,0,0,0,1939455,2803711,3241983,1963427.84,200
1782181317,0,59640,0,287.13,200.03,1549311,1977343,2400255,3170303,5406719,385024,209977343,2185743.26,4100485.98,59640,10,10,10,0,0,0,0,0,0,1904639,2791423,3162111,1915316.48,200
1782181318,0,59840,0,286.71,199.85,1549311,1977343,2400255,3170303,5406719,385024,209977343,2185226.46,4093802.47,59840,10,10,10,0,0,0,0,0,0,1897471,2949119,4206591,2031116.80,200
1782181319,0,60040,0,286.30,200.06,1549311,1977343,2400255,3170303,5386239,385024,209977343,2184793.02,4087123.85,60040,10,10,10,0,0,0,0,0,0,2009087,3203071,3485695,2055107.84,200
1782181320,0,60240,0,285.89,200.08,1550335,1977343,2400255,3170303,5382143,385024,209977343,2184182.68,4080462.28,60240,10,10,10,0,0,0,0,0,0,1967103,2922495,3215359,2000957.44,200
1782181321,0,60440,0,285.48,199.90,1550335,1976319,2400255,3168255,5378047,385024,209977343,2183162.05,4073850.42,60440,10,10,10,0,0,0,0,0,0,1916927,2785279,3186687,1875747.84,200
1782181322,0,60640,0,285.08,199.99,1550335,1976319,2398207,3170303,5410815,385024,209977343,2183683.56,4068359.20,60640,10,10,10,0,0,0,0,0,0,1998847,5386239,10797055,2341283.84,200
1782181323,0,60840,0,284.68,199.98,1550335,1977343,2400255,3170303,5406719,385024,209977343,2183547.20,4061847.64,60840,10,10,10,0,0,0,0,0,0,2052095,3358719,4231167,2142204.16,200
1782181324,0,61040,0,284.29,200.02,1551359,1977343,2400255,3170303,5431295,385024,209977343,2183578.71,4055622.62,61040,10,10,10,0,0,0,0,0,0,2066431,3555327,7086079,2193163.52,200
1782181325,0,61240,0,283.90,200.10,1551359,1977343,2398207,3170303,5414911,385024,209977343,2182622.78,4049119.30,61240,10,10,10,0,0,0,0,0,0,1842175,2605055,3393535,1890872.32,200
1782181326,0,61440,0,283.51,199.93,1551359,1976319,2398207,3170303,5406719,385024,209977343,2181741.79,4042685.60,61440,10,10,10,0,0,0,0,0,0,1897471,2836479,3903487,1911983.36,200
1782181327,0,61640,0,283.13,199.98,1551359,1975295,2398207,3166207,5402623,385024,209977343,2180660.54,4036272.32,61640,10,10,10,0,0,0,0,0,0,1805311,2785279,3162111,1848501.76,200
1782181328,0,61840,0,282.75,199.95,1551359,1975295,2396159,3166207,5386239,385024,209977343,2180008.87,4029858.97,61840,10,10,10,0,0,0,0,0,0,1917951,2781183,3149823,1979162.88,200
1782181329,0,62040,0,282.37,200.08,1551359,1974271,2396159,3164159,5382143,385024,209977343,2179097.50,4023579.77,62040,10,10,10,0,0,0,0,0,0,1757183,2924543,5210111,1897303.04,200
1782181330,0,62240,0,282.00,200.02,1551359,1975295,2396159,3164159,5378047,385024,209977343,2178589.76,4017270.08,62240,10,10,10,0,0,0,0,0,0,2050047,3035135,4435967,2021086.72,200
1782181331,0,62440,0,281.63,199.95,1551359,1974271,2396159,3166207,5382143,385024,209977343,2178177.50,4011088.19,62440,10,10,10,0,0,0,0,0,0,1918975,3248127,5677055,2049882.88,200
1782181332,0,62640,0,281.26,200.04,1551359,1974271,2396159,3164159,5378047,385024,209977343,2177668.76,4004853.77,62640,10,10,10,0,0,0,0,0,0,1970175,3035135,4526079,2018840.32,200
1782181333,0,62840,0,280.90,199.98,1551359,1974271,2396159,3162111,5361663,385024,209977343,2176897.91,3998601.22,62840,10,10,10,0,0,0,0,0,0,1923071,2805759,3031039,1935468.80,200
1782181334,0,63040,0,280.54,199.94,1551359,1974271,2396159,3162111,5357567,385024,209977343,2176460.97,3992451.75,63040,10,10,10,0,0,0,0,0,0,1951743,3160063,3991551,2039173.12,200
1782181335,0,63240,0,280.18,200.02,1551359,1974271,2394111,3164159,5369855,385024,209977343,2176218.36,3986487.17,63240,10,10,10,0,0,0,0,0,0,1942527,4587519,5988351,2099749.12,200
1782181336,0,63440,0,279.83,199.95,1552383,1974271,2394111,3164159,5357567,385024,209977343,2175509.05,3980328.11,63440,10,10,10,0,0,0,0,0,0,1887231,2879487,3713023,1951225.60,200
1782181337,0,63640,0,279.48,200.03,1552383,1974271,2394111,3162111,5349375,385024,209977343,2174551.72,3974198.49,63640,10,10,10,0,0,0,0,0,0,1926143,2629631,2852863,1870883.84,200
1782181338,0,63840,0,279.13,200.13,1552383,1974271,2394111,3162111,5349375,385024,209977343,2174363.35,3968263.64,63840,10,10,10,0,0,0,0,0,0,1950719,3297279,5337087,2114426.88,200
1782181339,0,64040,0,278.79,199.92,1553407,1974271,2392063,3160063,5341183,385024,209977343,2173730.06,3962182.33,64040,10,10,10,0,0,0,0,0,0,1968127,2840575,3020799,1971584.00,200
1782181340,0,64240,0,278.44,200.02,1552383,1974271,2392063,3160063,5341183,385024,209977343,2173211.53,3956211.21,64240,10,10,10,0,0,0,0,0,0,1984511,2869247,5447679,2007175.68,200
1782181341,0,64440,0,278.11,200.06,1552383,1973247,2392063,3158015,5337087,385024,209977343,2172220.03,3950205.29,64440,10,10,10,0,0,0,0,0,0,1826815,2668543,3031039,1853752.32,200
1782181342,0,64640,0,277.77,199.85,1552383,1973247,2392063,3160063,5349375,385024,209977343,2172360.66,3944543.61,64640,10,10,10,0,0,0,0,0,0,1979391,4044799,7106559,2217669.12,200
1782181343,0,64840,0,277.44,200.09,1552383,1973247,2392063,3160063,5341183,385024,209977343,2171892.37,3938624.99,64840,10,10,10,0,0,0,0,0,0,1977343,3080191,3629055,2020541.44,200
1782181344,0,65040,0,277.11,199.98,1552383,1973247,2392063,3162111,5341183,385024,209977343,2171587.22,3932769.37,65040,10,10,10,0,0,0,0,0,0,1936383,3287039,4110335,2072657.92,200
1782181345,0,65240,0,276.78,200.03,1552383,1973247,2392063,3160063,5328895,385024,209977343,2170596.11,3926895.78,65240,10,10,10,0,0,0,0,0,0,1808383,2813951,3194879,1848286.72,200
1782181346,0,65440,0,276.46,199.94,1550335,1971199,2390015,3158015,5320703,385024,209977343,2168715.58,3921137.43,65440,10,10,10,0,0,0,0,0,0,1554431,2605055,2766847,1555287.04,200
1782181347,0,65640,0,276.13,199.98,1551359,1971199,2392063,3160063,5308415,385024,209977343,2168700.69,3915343.25,65640,10,10,10,0,0,0,0,0,0,2068479,3444735,4415487,2163831.04,200
1782181348,0,65840,0,275.82,200.03,1551359,1972223,2392063,3160063,5296127,385024,209977343,2168305.02,3909553.99,65840,10,10,10,0,0,0,0,0,0,2046975,3162111,3962879,2038446.08,200
1782181349,0,66040,0,275.50,200.02,1551359,1971199,2390015,3160063,5279743,385024,209977343,2167671.73,3903805.55,66040,10,10,10,0,0,0,0,0,0,1882111,2934783,4792319,1959191.04,200
1782181350,0,66910,0,277.97,870.35,1553407,1972223,2396159,3184639,6017023,385024,209977343,2190176.81,3939490.45,66910,10,10,10,0,0,0,0,0,0,2154495,11116543,38961151,3898493.35,870
1782181351,0,67910,0,280.96,999.43,1551359,1971199,2394111,3186687,6021119,385024,209977343,2187408.75,3912514.42,67910,10,10,10,0,0,0,0,0,0,1860607,3641343,6742015,2002197.89,1000
1782181352,0,68910,0,283.92,999.99,1550335,1969151,2392063,3186687,5951487,385024,209977343,2184483.85,3884979.93,68910,10,10,10,0,0,0,0,0,0,1880063,3305471,4575231,1985853.70,1000
1782181353,0,69910,0,286.86,1000.20,1551359,1970175,2392063,3190783,5926911,385024,209977343,2183265.90,3858477.43,69910,10,10,10,0,0,0,0,0,0,2008063,3426303,5341183,2099337.22,1000
1782181354,0,70910,0,289.77,999.51,1551359,1970175,2394111,3198975,6033407,385024,209977343,2183421.20,3833764.60,70910,10,10,10,0,0,0,0,0,0,1960959,3811327,7639039,2194278.40,1000
1782181355,0,71910,0,292.66,1000.41,1552383,1969151,2394111,3201023,5976063,385024,209977343,2181779.77,3807974.77,71910,10,10,10,0,0,0,0,0,0,1956863,3305471,4788223,2065385.47,1000
1782181356,0,72910,0,295.53,1000.08,1552383,1969151,2394111,3211263,6082559,385024,209977343,2182108.67,3784422.61,72910,10,10,10,0,0,0,0,0,0,1949695,4685823,7032831,2205760.51,1000
1782181357,0,73910,0,298.37,1000.00,1553407,1970175,2396159,3215359,6160383,385024,209977343,2182324.05,3760287.44,73910,10,10,10,0,0,0,0,0,0,2078719,3405823,6770687,2198027.26,1000
1782181358,0,74910,0,301.19,999.75,1553407,1970175,2396159,3217407,6197247,385024,209977343,2181612.61,3736983.77,74910,10,10,10,0,0,0,0,0,0,1949695,3389439,7766015,2129029.89,1000
1782181359,0,75910,0,303.99,999.99,1552383,1968127,2394111,3217407,6258687,385024,209977343,2179078.40,3714018.74,75910,10,10,10,0,0,0,0,0,0,1833983,2932735,7208959,1989240.83,1000
1782181360,0,76910,0,306.77,1000.38,1551359,1966079,2392063,3213311,6258687,385024,209977343,2176328.03,3691770.20,76910,10,10,10,0,0,0,0,0,0,1827839,3074047,5742591,1967547.65,1000
1782181361,0,77910,0,309.52,1000.24,1548287,1964031,2390015,3215359,6303743,385024,209977343,2174936.68,3671477.79,77910,10,10,10,0,0,0,0,0,0,1820671,3923967,8978431,2067927.68,1000
1782181362,0,78910,0,312.25,999.29,1546239,1961983,2390015,3217407,6287359,385024,209977343,2172064.58,3649623.68,78910,10,10,10,0,0,0,0,0,0,1798143,3522559,5705727,1948299.14,1000
1782181363,0,79910,0,314.97,1000.24,1545215,1960959,2387967,3217407,6320127,385024,209977343,2169754.63,3628655.60,79910,10,10,10,0,0,0,0,0,0,1823743,3092479,7581695,1987476.48,1000
1782181364,0,80910,0,317.65,999.99,1545215,1959935,2385919,3217407,6291455,385024,209977343,2167659.44,3607245.80,80910,10,10,10,0,0,0,0,0,0,1881087,3227647,4706303,2000232.96,1000
1782181365,0,81910,0,320.32,1000.03,1546239,1959935,2387967,3225599,6455295,385024,209977343,2174301.77,3604891.90,81910,10,10,10,0,0,0,0,0,0,1951743,5816319,22118399,2711732.48,1000
1782181366,0,82910,0,322.97,1000.32,1545215,1957887,2385919,3221503,6410239,385024,209977343,2171137.59,3584044.12,82910,10,10,10,0,0,0,0,0,0,1838079,2797567,5476351,1911959.55,1000
1782181367,0,83910,0,325.60,999.97,1545215,1958911,2385919,3227647,6397951,385024,209977343,2170581.88,3564074.61,83910,10,10,10,0,0,0,0,0,0,1969151,3934207,6180863,2124508.54,1000
1782181368,0,84910,0,328.20,999.57,1545215,1958911,2385919,3231743,6418431,385024,209977343,2171132.53,3545467.31,84910,10,10,10,0,0,0,0,0,0,1991679,3905535,7307263,2217337.09,1000
1782181369,0,85910,0,330.79,1000.53,1543167,1956863,2383871,3227647,6385663,385024,209977343,2167291.05,3525561.71,85910,10,10,10,0,0,0,0,0,0,1773567,2840575,3534847,1841111.55,1000
1782181370,0,86910,0,333.36,999.92,1542143,1955839,2383871,3229695,6524927,385024,209977343,2170072.06,3517002.06,86910,10,10,10,0,0,0,0,0,0,1852415,5423103,15794175,2408988.16,1000
1782181371,0,87910,0,335.91,999.55,1542143,1954815,2381823,3231743,6524927,385024,209977343,2168540.97,3498558.12,87910,10,10,10,0,0,0,0,0,0,1912831,3393535,5685247,2035473.66,1000
1782181372,0,88910,0,338.43,1000.47,1542143,1954815,2381823,3235839,6475775,385024,209977343,2166998.95,3480014.57,88910,10,10,10,0,0,0,0,0,0,1939455,3528703,4472831,2031440.13,1000
1782181373,0,89910,0,340.94,1000.09,1541119,1954815,2381823,3233791,6455295,385024,209977343,2164860.01,3461522.83,89910,10,10,10,0,0,0,0,0,0,1891327,3158015,3928063,1974686.98,1000
1782181374,0,90910,0,343.43,999.28,1541119,1953791,2379775,3231743,6455295,385024,209977343,2163121.91,3443722.75,90910,10,10,10,0,0,0,0,0,0,1890303,3004415,6397951,2006849.54,1000
1782181375,0,91910,0,345.90,1000.49,1540095,1952767,2379775,3229695,6455295,385024,209977343,2161153.09,3426783.71,91910,10,10,10,0,0,0,0,0,0,1847295,2912255,6246399,1982167.81,1000
1782181376,0,92910,0,348.36,999.70,1539071,1951743,2375679,3231743,6467583,385024,209977343,2159414.32,3409960.44,92910,10,10,10,0,0,0,0,0,0,1833983,3432447,6643711,1999603.46,1000
1782181377,0,93910,0,350.79,1000.12,1539071,1950719,2375679,3231743,6430719,385024,209977343,2157297.58,3392611.06,93910,10,10,10,0,0,0,0,0,0,1811455,3209215,4804607,1960631.81,1000
1782181378,0,94910,0,353.21,999.57,1539071,1949695,2373631,3229695,6430719,385024,209977343,2155134.35,3375932.27,94910,10,10,10,0,0,0,0,0,0,1844223,3104767,6217727,1951985.54,1000
1782181379,0,95910,0,355.60,1000.73,1538047,1949695,2375679,3235839,6496255,385024,209977343,2156046.20,3361638.68,95910,10,10,10,0,0,0,0,0,0,1933311,5386239,10035199,2242589.44,1000
1782181380,0,96910,0,357.98,999.34,1537023,1948671,2375679,3241983,6574079,385024,209977343,2161362.26,3369632.81,96910,10,10,10,0,0,0,0,0,0,1869823,4120575,24690687,2671225.60,1000
1782181381,0,97910,0,360.35,1000.77,1537023,1947647,2375679,3241983,6549503,385024,209977343,2159518.67,3353339.34,97910,10,10,10,0,0,0,0,0,0,1882111,3121151,5406719,1980855.94,1000
1782181382,0,98910,0,362.69,999.95,1535999,1946623,2375679,3256319,6737919,385024,209977343,2173122.34,3406092.85,98910,10,10,10,0,0,0,0,0,0,1798143,12754943,39256063,3505058.30,1000
1782181383,0,99910,0,365.02,999.97,1534975,1945599,2373631,3260415,6725631,385024,209977343,2171236.53,3390498.69,99910,10,10,10,0,0,0,0,0,0,1812479,3698687,6332415,1984710.91,1000
1782181384,0,100910,0,367.33,999.35,1532927,1943551,2373631,3264511,6742015,385024,209977343,2168854.80,3375805.81,100910,10,10,10,0,0,0,0,0,0,1693695,4218879,7733247,1930896.51,1000
1782181385,0,101910,0,369.63,1000.24,1530879,1942527,2371583,3266559,6721535,385024,209977343,2166065.92,3360232.15,101910,10,10,10,0,0,0,0,0,0,1799167,3344383,4395007,1884640.00,1000
1782181386,0,102910,0,371.90,999.74,1529855,1941503,2371583,3270655,6705151,385024,209977343,2165079.59,3345436.39,102910,10,10,10,0,0,0,0,0,0,1890303,3887103,6336511,2064562.43,1000
1782181387,0,103910,0,374.17,1000.52,1528831,1941503,2371583,3270655,6705151,385024,209977343,2163607.13,3330657.81,103910,10,10,10,0,0,0,0,0,0,1900543,3317759,5963775,2012076.29,1000
1782181388,0,104910,0,376.41,1000.31,1527807,1940479,2371583,3276799,6705151,385024,209977343,2163228.86,3317135.49,104910,10,10,10,0,0,0,0,0,0,1900543,4263935,6647807,2123922.94,1000
1782181389,0,105910,0,378.64,999.67,1527807,1938431,2369535,3280895,6709247,385024,209977343,2161546.73,3302918.44,105910,10,10,10,0,0,0,0,0,0,1772543,3778559,7065599,1985074.43,1000
1782181390,0,106910,0,380.85,999.53,1526783,1938431,2369535,3282943,6754303,385024,209977343,2161980.89,3290325.32,106910,10,10,10,0,0,0,0,0,0,1912831,4403199,9715711,2207962.50,1000
1782181391,0,107910,0,383.05,1000.28,1525759,1937407,2369535,3287039,6770687,385024,209977343,2161306.43,3278839.15,107910,10,10,10,0,0,0,0,0,0,1816575,3846143,10977279,2089199.49,1000
1782181392,0,108910,0,385.24,1000.45,1525759,1936383,2369535,3295231,6803455,385024,209977343,2161743.02,3266540.30,108910,10,10,10,0,0,0,0,0,0,1901567,4636671,7946239,2208856.06,1000
1782181393,0,109910,0,387.40,999.87,1524735,1936383,2369535,3299327,6799359,385024,209977343,2160662.07,3253098.04,109910,10,10,10,0,0,0,0,0,0,1836031,4091903,6709247,2042935.81,1000
1782181394,0,110910,0,389.55,999.32,1524735,1935359,2369535,3307519,6877183,385024,209977343,2161966.03,3242711.84,110910,10,10,10,0,0,0,0,0,0,1882111,4567039,10190847,2305284.48,1000
1782181395,0,111910,0,391.69,1000.66,1523711,1934335,2369535,3311615,6897663,385024,209977343,2161435.02,3230565.04,111910,10,10,10,0,0,0,0,0,0,1795071,4354047,8306687,2102540.54,1000
1782181396,0,112910,0,393.81,1000.33,1522687,1933311,2367487,3315711,6955007,385024,209977343,2161592.52,3219932.19,112910,10,10,10,0,0,0,0,0,0,1865727,4534271,10641407,2179217.79,1000
1782181397,0,113910,0,395.92,999.48,1521663,1932287,2367487,3315711,6926335,385024,209977343,2159594.39,3206811.72,113910,10,10,10,0,0,0,0,0,0,1824767,3274751,6217727,1933985.79,1000
1782181398,0,114910,0,398.01,1000.16,1520639,1932287,2367487,3319807,6922239,385024,209977343,2158501.18,3194153.50,114910,10,10,10,0,0,0,0,0,0,1838079,4157439,6242303,2033973.89,1000
1782181399,0,115910,0,400.09,999.32,1519615,1930239,2365439,3315711,6922239,385024,209977343,2156460.67,3181492.35,115910,10,10,10,0,0,0,0,0,0,1784831,3037183,5545983,1921985.41,1000
1782181400,0,116910,0,402.15,1000.51,1519615,1931263,2367487,3327999,7065599,385024,209977343,2159187.19,3173132.58,116910,10,10,10,0,0,0,0,0,0,1958911,7237631,11026431,2475218.18,1000
1782181401,0,117910,0,404.20,1000.25,1517567,1929215,2367487,3327999,7102463,385024,209977343,2158600.31,3164602.74,117910,10,10,10,0,0,0,0,0,0,1682431,3487743,14704639,2089988.61,1000
1782181402,0,118910,0,406.24,1000.17,1516543,1928191,2365439,3327999,7184383,385024,209977343,2158215.99,3156439.18,118910,10,10,10,0,0,0,0,0,0,1758207,3139583,12754943,2112900.99,1000
1782181403,0,119910,0,408.26,999.34,1514495,1926143,2365439,3332095,7221247,385024,209977343,2157572.99,3146058.28,119910,10,10,10,0,0,0,0,0,0,1762303,4665343,8732671,2081112.83,1000
1782181404,0,120910,0,410.27,1000.50,1513471,1925119,2365439,3334143,7192575,385024,209977343,2156189.52,3134299.50,120910,10,10,10,0,0,0,0,0,0,1830911,3606527,5877759,1990297.60,1000
1782181405,0,121910,0,412.26,999.66,1512447,1924095,2363391,3332095,7192575,385024,209977343,2154582.03,3122937.14,121910,10,10,10,0,0,0,0,0,0,1803263,3125247,6184959,1960220.67,1000
1782181406,0,122910,0,414.24,1000.00,1511423,1924095,2363391,3332095,7155711,385024,209977343,2152955.49,3111085.96,122910,10,10,10,0,0,0,0,0,0,1864703,3497983,4616191,1954663.68,1000
1782181407,0,123910,0,416.21,999.61,1510399,1923071,2363391,3332095,7127039,385024,209977343,2151168.09,3099764.35,123910,10,10,10,0,0,0,0,0,0,1751039,3311615,6606847,1931478.91,1000
1782181408,0,124910,0,418.17,1000.89,1509375,1922047,2363391,3336191,7110655,385024,209977343,2150117.68,3088491.57,124910,10,10,10,0,0,0,0,0,0,1825791,3731455,5226495,2019961.60,1000
1782181409,0,125910,0,420.11,999.41,1507327,1921023,2363391,3346431,7221247,385024,209977343,2151370.74,3080830.69,125910,10,10,10,0,0,0,0,0,0,1766399,6635519,11157503,2307890.82,1000
1782181410,0,126280,0,419.94,370.13,1507327,1921023,2363391,3348479,7270399,385024,209977343,2152062.60,3077848.09,126280,10,10,10,0,0,0,0,0,0,1936383,5996543,10838015,2387500.97,370
1782181411,0,126480,0,419.21,199.96,1507327,1921023,2363391,3348479,7262207,385024,209977343,2151586.44,3075544.68,126480,10,10,10,0,0,0,0,0,0,1730559,2947071,3293183,1850936.32,200
1782181412,0,126680,0,418.49,199.99,1508351,1921023,2363391,3346431,7262207,385024,209977343,2151312.91,3073199.70,126680,10,10,10,0,0,0,0,0,0,1998847,2918399,3141631,1978334.72,200
1782181413,0,126880,0,417.77,199.94,1508351,1921023,2363391,3344383,7258111,385024,209977343,2150872.98,3070866.54,126880,10,10,10,0,0,0,0,0,0,1850367,2646015,3106815,1872222.72,200
1782181414,0,127080,0,417.05,200.14,1508351,1921023,2361343,3344383,7245823,385024,209977343,2150610.79,3068529.82,127080,10,10,10,0,0,0,0,0,0,1982463,2844671,3100671,1984272.64,200
1782181415,0,127280,0,416.34,199.94,1508351,1921023,2361343,3344383,7241727,385024,209977343,2150326.62,3066282.67,127280,10,10,10,0,0,0,0,0,0,1839103,3252223,4816895,1969767.68,200
1782181416,0,127480,0,415.64,199.98,1508351,1921023,2361343,3344383,7237631,385024,209977343,2150001.52,3064007.12,127480,10,10,10,0,0,0,0,0,0,1924095,3000319,4171775,1943105.28,200
1782181417,0,127680,0,414.94,200.10,1508351,1921023,2361343,3342335,7221247,385024,209977343,2149788.63,3061707.80,127680,10,10,10,0,0,0,0,0,0,2019327,3151871,3684351,2014097.92,200
1782181418,0,127880,0,414.24,199.83,1508351,1921023,2361343,3342335,7221247,385024,209977343,2149750.04,3059420.06,127880,10,10,10,0,0,0,0,0,0,2109439,3334143,3727359,2125109.76,200
1782181419,0,128080,0,413.55,200.18,1509375,1922047,2361343,3344383,7221247,385024,209977343,2149932.77,3057389.95,128080,10,10,10,0,0,0,0,0,0,2019327,4607999,7823359,2266769.92,200
1782181420,0,128280,0,412.86,199.90,1509375,1922047,2361343,3342335,7221247,385024,209977343,2149558.58,3055090.49,128280,10,10,10,0,0,0,0,0,0,1898495,2662399,3860479,1909928.96,200
1782181421,0,128480,0,412.18,200.08,1509375,1921023,2361343,3344383,7221247,385024,209977343,2149739.79,3053205.34,128480,10,10,10,0,0,0,0,0,0,1882111,6766591,7364607,2265967.36,200
1782181422,0,128680,0,411.50,199.98,1509375,1922047,2361343,3344383,7221247,385024,209977343,2149585.34,3050969.11,128680,10,10,10,0,0,0,0,0,0,1929215,3268607,4198399,2050368.00,200
1782181423,0,128880,0,410.82,199.91,1509375,1922047,2361343,3344383,7221247,385024,209977343,2149662.34,3048852.22,128880,10,10,10,0,0,0,0,0,0,2109439,3526655,5373951,2199205.12,200
1782181424,0,129080,0,410.15,199.99,1509375,1922047,2361343,3344383,7213055,385024,209977343,2149591.14,3046772.95,129080,10,10,10,0,0,0,0,0,0,1869823,4558847,6508543,2103710.72,200
1782181425,0,129280,0,409.49,199.99,1509375,1922047,2361343,3346431,7204863,385024,209977343,2149599.96,3044653.48,129280,10,10,10,0,0,0,0,0,0,2003967,4726783,5165055,2155287.04,200
1782181426,0,129480,0,408.83,200.15,1509375,1922047,2361343,3346431,7200767,385024,209977343,2149342.67,3042413.96,129480,10,10,10,0,0,0,0,0,0,1983487,3207167,3588095,1983032.32,200
1782181427,0,129680,0,408.17,199.85,1510399,1922047,2361343,3346431,7192575,385024,209977343,2149369.21,3040275.27,129680,10,10,10,0,0,0,0,0,0,2000895,3301375,6975487,2166552.32,200
1782181428,0,129880,0,407.52,200.09,1510399,1922047,2361343,3344383,7188479,385024,209977343,2149073.42,3038033.70,129880,10,10,10,0,0,0,0,0,0,1918975,3024895,3860479,1957280.00,200
1782181429,0,130080,0,406.87,199.95,1510399,1922047,2361343,3344383,7184383,385024,209977343,2149161.52,3035964.46,130080,10,10,10,0,0,0,0,0,0,1995775,3690495,6279167,2206376.96,200
1782181430,0,130280,0,406.22,199.96,1510399,1922047,2361343,3344383,7184383,385024,209977343,2148875.84,3033795.91,130280,10,10,10,0,0,0,0,0,0,1838079,3217407,5292031,1963068.16,200
1782181431,0,130480,0,405.58,199.96,1510399,1922047,2361343,3344383,7176191,385024,209977343,2148639.47,3031601.70,130480,10,10,10,0,0,0,0,0,0,1896447,3330047,4231167,1994671.36,200
1782181432,0,130680,0,404.94,200.01,1510399,1922047,2361343,3344383,7167999,385024,209977343,2148475.60,3029428.08,130680,10,10,10,0,0,0,0,0,0,1906687,3315711,5038079,2041562.88,200
1782181433,0,130880,0,404.31,200.00,1511423,1922047,2361343,3344383,7151615,385024,209977343,2148339.39,3027191.20,130880,10,10,10,0,0,0,0,0,0,2091007,3069951,3405823,2059344.64,200
1782181434,0,131080,0,403.68,200.06,1511423,1922047,2361343,3344383,7143423,385024,209977343,2148157.08,3025045.54,131080,10,10,10,0,0,0,0,0,0,2008063,2844671,6832127,2028851.20,200
1782181435,0,131280,0,403.06,200.00,1511423,1922047,2361343,3342335,7139327,385024,209977343,2147889.94,3022828.11,131280,10,10,10,0,0,0,0,0,0,1927167,3133439,3325951,1972803.84,200
1782181436,0,131480,0,402.44,200.02,1511423,1923071,2361343,3342335,7127039,385024,209977343,2147718.56,3020640.17,131480,10,10,10,0,0,0,0,0,0,2039807,3086335,3450879,2035226.88,200
1782181437,0,131680,0,401.82,200.07,1511423,1922047,2361343,3344383,7127039,385024,209977343,2147679.09,3018543.09,131680,10,10,10,0,0,0,0,0,0,1860607,3737599,5177343,2121730.56,200
1782181438,0,131880,0,401.20,199.91,1511423,1922047,2361343,3344383,7122943,385024,209977343,2147508.37,3016367.46,131880,10,10,10,0,0,0,0,0,0,1947647,3411967,3852287,2035105.28,200
1782181439,0,132080,0,400.59,200.11,1511423,1922047,2361343,3344383,7118847,385024,209977343,2147254.46,3014174.93,132080,10,10,10,0,0,0,0,0,0,1878015,3133439,3344383,1979828.48,200
1782181440,0,132280,0,399.99,199.90,1511423,1922047,2361343,3342335,7110655,385024,209977343,2146953.61,3011977.45,132280,10,10,10,0,0,0,0,0,0,1858559,3047423,3295231,1948270.08,200
1782181441,0,132480,0,399.38,199.91,1511423,1922047,2361343,3340287,7106559,385024,209977343,2146620.40,3009794.12,132480,10,10,10,0,0,0,0,0,0,1861631,2803711,3473407,1926233.60,200
1782181442,0,132680,0,398.79,200.17,1511423,1922047,2361343,3342335,7106559,385024,209977343,2146543.15,3007735.34,132680,10,10,10,0,0,0,0,0,0,1970175,3756031,4984831,2095377.92,200
1782181443,0,132880,0,398.19,199.95,1512447,1922047,2361343,3342335,7102463,385024,209977343,2146357.01,3005644.02,132880,10,10,10,0,0,0,0,0,0,1938431,3133439,6373375,2022869.76,200
1782181444,0,133080,0,397.60,199.96,1512447,1922047,2361343,3340287,7098367,385024,209977343,2146028.70,3003495.12,133080,10,10,10,0,0,0,0,0,0,1899519,2945023,3835903,1927896.32,200
1782181445,0,133280,0,397.01,200.09,1512447,1923071,2361343,3340287,7094271,385024,209977343,2145936.64,3001319.76,133280,10,10,10,0,0,0,0,0,0,2071551,3002367,3332095,2084686.08,200
1782181446,0,133480,0,396.42,200.00,1512447,1923071,2361343,3338239,7086079,385024,209977343,2145804.33,2999199.36,133480,10,10,10,0,0,0,0,0,0,2008063,3065855,4763647,2057632.00,200
1782181447,0,133680,0,395.84,199.88,1512447,1923071,2361343,3336191,7081983,385024,209977343,2145620.35,2997024.98,133680,10,10,10,0,0,0,0,0,0,2074623,2729983,3338239,2022827.52,200
1782181448,0,133880,0,395.26,199.95,1512447,1923071,2361343,3336191,7069695,385024,209977343,2145258.62,2994909.31,133880,10,10,10,0,0,0,0,0,0,1856511,2850815,5316607,1903477.76,200
1782181449,0,134080,0,394.69,200.18,1512447,1923071,2361343,3336191,7065599,385024,209977343,2144972.07,2992748.33,134080,10,10,10,0,0,0,0,0,0,1928191,2760703,3035135,1953157.12,200
1782181450,0,134280,0,394.12,199.82,1513471,1923071,2361343,3336191,7094271,385024,209977343,2145291.73,2991396.38,134280,10,10,10,0,0,0,0,0,0,2003967,3137535,11386879,2359594.24,200
1782181451,0,134480,0,393.55,200.05,1513471,1923071,2361343,3336191,7086079,385024,209977343,2145264.57,2989333.71,134480,10,10,10,0,0,0,0,0,0,2040831,3219455,6062079,2127031.04,200
1782181452,0,134680,0,392.98,200.02,1513471,1923071,2361343,3334143,7081983,385024,209977343,2145050.93,2987207.12,134680,10,10,10,0,0,0,0,0,0,2094079,3219455,3426303,2001399.04,200
1782181453,0,134880,0,392.42,200.05,1513471,1923071,2361343,3334143,7069695,385024,209977343,2144664.50,2985084.43,134880,10,10,10,0,0,0,0,0,0,1794047,2768895,3391487,1884441.60,200
1782181454,0,135080,0,391.87,199.98,1513471,1923071,2361343,3334143,7065599,385024,209977343,2144541.67,2982982.04,135080,10,10,10,0,0,0,0,0,0,1964031,3129343,3651583,2061706.24,200
1782181455,0,135280,0,391.31,200.06,1513471,1923071,2361343,3332095,7065599,385024,209977343,2144149.09,2980858.16,135280,10,10,10,0,0,0,0,0,0,1863679,2633727,3545087,1878997.76,200
1782181456,0,135480,0,390.76,199.97,1513471,1923071,2361343,3330047,7053311,385024,209977343,2143867.96,2978755.32,135480,10,10,10,0,0,0,0,0,0,1858559,2756607,5148671,1953708.80,200
1782181457,0,135680,0,390.21,199.99,1513471,1923071,2361343,3330047,7053311,385024,209977343,2143435.32,2976647.37,135680,10,10,10,0,0,0,0,0,0,1734655,2738175,3260415,1850368.00,200
1782181458,0,135880,0,389.66,200.06,1513471,1923071,2359295,3330047,7049215,385024,209977343,2143128.58,2974524.87,135880,10,10,10,0,0,0,0,0,0,1913855,2895871,2963455,1935037.44,200
1782181459,0,136080,0,389.12,199.97,1514495,1923071,2359295,3327999,7036927,385024,209977343,2142728.98,2972417.65,136080,10,10,10,0,0,0,0,0,0,1832959,2822143,2953215,1871238.40,200
1782181460,0,136280,0,388.58,199.91,1514495,1923071,2359295,3327999,7032831,385024,209977343,2142561.12,2970344.79,136280,10,10,10,0,0,0,0,0,0,1911807,3137535,3555327,2028349.44,200
1782181461,0,136480,0,388.05,200.10,1514495,1923071,2359295,3325951,7028735,385024,209977343,2142414.78,2968325.11,136480,10,10,10,0,0,0,0,0,0,1940479,2863103,5754879,2042699.52,200
1782181462,0,136680,0,387.51,199.97,1514495,1923071,2359295,3327999,7024639,385024,209977343,2142343.73,2966302.56,136680,10,10,10,0,0,0,0,0,0,1883135,3350527,5242879,2093857.28,200
1782181463,0,136880,0,386.98,199.87,1514495,1923071,2359295,3327999,7016447,385024,209977343,2142185.76,2964316.21,136880,10,10,10,0,0,0,0,0,0,1935359,3659775,5320703,2034232.32,200
1782181464,0,137080,0,386.46,200.17,1514495,1923071,2359295,3327999,7012351,385024,209977343,2142359.61,2962349.73,137080,10,10,10,0,0,0,0,0,0,2119679,3852287,5173247,2261341.44,200
1782181465,0,137280,0,385.93,200.01,1514495,1923071,2359295,3327999,7008255,385024,209977343,2142207.64,2960280.46,137280,10,10,10,0,0,0,0,0,0,1974271,3303423,3885055,2038048.00,200
1782181466,0,137480,0,385.41,200.00,1515519,1923071,2359295,3327999,7000063,385024,209977343,2142036.16,2958275.31,137480,10,10,10,0,0,0,0,0,0,1820671,3446783,4423679,2024328.96,200
1782181467,0,137680,0,384.89,199.92,1515519,1923071,2359295,3330047,6995967,385024,209977343,2141837.58,2956256.82,137680,10,10,10,0,0,0,0,0,0,1905663,3399679,3858431,2005337.60,200
1782181468,0,137880,0,384.38,200.05,1515519,1923071,2359295,3327999,6995967,385024,209977343,2141697.79,2954205.54,137880,10,10,10,0,0,0,0,0,0,1952767,3115007,4014079,2045465.60,200
1782181469,0,138080,0,383.86,199.99,1515519,1923071,2359295,3327999,6991871,385024,209977343,2141353.75,2952157.94,138080,10,10,10,0,0,0,0,0,0,1906687,2725887,4227071,1904174.08,200
1782181470,0,139724,0,387.36,1644.56,1520639,1932287,2379775,3586047,16113663,385024,209977343,2382405.32,3885049.10,139724,10,10,10,0,0,0,0,0,0,20594687,45744127,58327039,22628390.93,1644
1782181471,0,141554,0,391.35,1829.70,1526783,1943551,2402303,4132863,23117823,385024,209977343,2606232.26,4606062.37,141554,10,10,10,0,0,0,0,0,0,16277503,49020927,60882943,19695847.10,1830
1782181472,0,143372,0,395.28,1817.19,1532927,1952767,2426879,5562367,35553279,385024,541065215,4170928.06,23186397.70,143372,10,10,10,0,0,0,0,0,0,35553279,485228543,527171583,126002033.78,1818
1782181473,0,145254,0,399.37,1881.66,1539071,1964031,2451455,8314879,93061119,385024,869269503,6450531.67,42690497.65,145254,10,10,10,0,0,0,0,0,0,35061759,822607871,855113727,180112236.28,1882
1782181474,0,147345,0,404.01,2091.79,1545215,1976319,2484223,13516799,296484863,385024,869269503,10001353.58,60955235.95,147345,10,10,10,0,0,0,0,0,0,133496831,789577727,804782079,256663756.95,2091
1782181475,0,149413,0,408.56,2068.32,1552383,1987583,2514943,20971519,431226879,385024,869269503,12400227.28,66911553.63,149413,10,10,10,0,0,0,0,0,0,120520703,523239423,556269567,183319978.83,2068
1782181476,0,151750,0,413.81,2337.02,1559551,2000895,2553855,26820607,429129727,385024,869269503,13377556.97,68036818.21,151750,10,10,10,0,0,0,0,0,0,27459583,338427903,352583679,75861835.91,2337
1782181477,0,153750,0,418.13,1999.29,1565695,2012159,2586623,28491775,427032575,385024,869269503,13465660.95,67612462.58,153750,10,10,10,0,0,0,0,0,0,16654335,49643519,61112319,20150550.53,2000
1782181478,0,155722,0,422.34,1971.87,1571839,2022399,2623487,28999679,422576127,385024,869269503,13501276.93,67193602.82,155722,10,10,10,0,0,0,0,0,0,15040511,35454975,49053695,16278131.80,1972
1782181479,0,157660,0,426.44,1938.30,1576959,2033663,2658303,34537471,420478975,385024,869269503,14006604.80,67104312.49,157660,10,10,10,0,0,0,0,0,0,41648127,124583935,141033471,54610663.69,1938
1782181480,0,159400,0,429.99,1740.52,1582079,2042879,2693119,43646975,415498239,385024,869269503,15164031.19,68494393.61,159400,10,10,10,0,0,0,0,0,0,92798975,349962239,369885183,120037505.47,1740
1782181481,0,161576,0,434.68,2175.71,1589247,2057215,2740223,64225279,410517503,385024,869269503,16851521.71,70621835.37,161576,10,10,10,0,0,0,0,0,0,139067391,329252863,349175807,140466406.12,2176
1782181482,0,163578,0,438.89,2001.38,1595391,2068479,2789375,78446591,445382655,385024,869269503,18244078.46,74226080.47,163578,10,10,10,0,0,0,0,0,0,12877823,487063551,500957183,130633563.56,2002
1782181483,0,165734,0,443.48,2156.94,1601535,2080767,2844671,89194495,443023359,385024,869269503,18881313.33,74705976.50,165734,10,10,10,0,0,0,0,0,0,23838719,297009151,315621375,67228996.87,2156
1782181484,0,167756,0,447.70,2021.05,1607679,2092031,2899967,85262335,440401919,385024,869269503,18785312.69,74272162.58,167756,10,10,10,0,0,0,0,0,0,7041023,36175871,72744959,10916583.69,2022
1782181485,0,169750,0,451.81,1995.03,1613823,2103295,2963455,82903039,438566911,385024,869269503,18693222.99,73844467.50,169750,10,10,10,0,0,0,0,0,0,8937471,27639807,38273023,10945680.82,1994
1782181486,0,171770,0,455.97,2018.44,1618943,2115583,3041279,79757311,436469759,385024,869269503,18619725.29,73417864.00,171770,10,10,10,0,0,0,0,0,0,10264575,30294015,38502399,12443370.71,2020
1782181487,0,173764,0,460.05,1995.49,1625087,2125823,3125247,76480511,434110463,385024,869269503,18528044.21,73005163.16,173764,10,10,10,0,0,0,0,0,0,8294399,26951679,36831231,10630321.94,1994
1782181488,0,175530,0,463.49,1765.87,1630207,2138111,3231743,80216063,431226879,385024,869269503,18713223.12,72898556.73,175530,10,10,10,0,0,0,0,0,0,17465343,200933375,293601279,36933736.95,1766
1782181489,0,177750,0,468.12,2219.13,1637375,2150399,3411967,89063423,430440447,385024,869269503,19255760.75,73406712.08,177750,10,10,10,0,0,0,0,0,0,20201471,336068607,395837439,62152891.73,2220
1782181490,0,179739,0,472.11,1989.26,1643519,2160639,3612671,85524479,427294719,385024,869269503,19137660.51,73009735.58,179739,10,10,10,0,0,0,0,0,0,7979007,17760255,23494655,8583453.99,1989
1782181491,0,181730,0,476.09,1990.56,1649663,2172927,3913727,84017151,425197567,385024,869269503,19103261.38,72614500.48,181730,10,10,10,0,0,0,0,0,0,14196735,31588351,40271871,15997854.28,1991
1782181492,0,183750,0,480.13,2019.64,1654783,2185215,4194303,81395711,422576127,385024,869269503,18998584.41,72224203.45,183750,10,10,10,0,0,0,0,0,0,7954431,21725183,27099135,9581284.12,2020
1782181493,0,185556,0,483.58,1806.17,1659903,2195455,4554751,81919999,420741119,385024,869269503,19081254.56,71979774.91,185556,10,10,10,0,0,0,0,0,0,17547263,116916223,217186303,27492461.71,1806
1782181494,0,187678,0,487.84,2123.34,1667071,2209791,5079039,100466687,418643967,385024,869269503,20135567.51,73132468.41,187678,10,10,10,0,0,0,0,0,0,50397183,295436287,312737791,112328825.36,2122
1782181495,0,189614,0,491.60,1934.98,1672191,2220031,5472255,100466687,417071103,385024,869269503,20206543.82,72858560.39,189614,10,10,10,0,0,0,0,0,0,14303231,97648639,205520895,27087066.84,1936
1782181496,0,191666,0,495.63,2052.96,1678335,2232319,5881855,102760447,414187519,385024,869269503,20329211.84,72626159.03,191666,10,10,10,0,0,0,0,0,0,11124735,132972543,214171647,31664287.19,2052
1782181497,0,193332,0,498.65,1664.90,1682431,2244607,6307839,105316351,430702591,385024,869269503,20931249.11,74132865.51,193332,10,10,10,0,0,0,0,0,0,25772031,523763711,649592831,90192998.34,1666
1782181498,0,195391,0,502.66,2059.86,1688575,2258943,6914047,116916223,458751999,385024,869269503,22563195.53,78391361.88,195391,10,10,10,0,0,0,0,0,0,58982399,621805567,700448767,175796544.28,2059
1782181499,0,197614,0,507.08,2223.48,1694719,2273279,7499775,139067391,457441279,385024,869269503,24125557.40,80756882.99,197614,10,10,10,0,0,0,0,0,0,179306495,371982335,387710975,161449646.12,2223
1782181500,0,199722,0,511.18,2108.64,1700863,2289663,8052735,138936319,456392703,385024,869269503,24313675.90,80451480.74,199722,10,10,10,0,0,0,0,0,0,28917759,131858431,172097535,41948803.89,2108
1782181501,0,201692,0,514.90,1969.17,1707007,2303999,8495103,135921663,455606271,385024,869269503,24264256.80,80069450.35,201692,10,10,10,0,0,0,0,0,0,15835135,44564479,63471615,19254062.78,1970
1782181502,0,203735,0,518.79,2041.70,1712127,2318335,9093119,139853823,453771263,385024,869269503,24612100.69,79946548.76,203735,10,10,10,0,0,0,0,0,0,32980991,187826175,206176255,58952447.87,2043
1782181503,0,205578,0,522.16,1844.45,1717247,2330623,9592831,139853823,452460543,385024,869269503,24721505.42,79723258.14,205578,10,10,10,0,0,0,0,0,0,21643263,138543103,255721471,36815684.76,1843
1782181504,0,207192,0,524.92,1613.59,1722367,2342911,9994239,150339583,461635583,385024,869269503,25659903.19,81952378.60,207192,10,10,10,0,0,0,0,0,0,34209791,659554303,688390143,145185267.63,1614
1782181505,0,209430,0,529.25,2238.02,1728511,2359295,10534911,169476095,499908607,385024,886571007,28183427.54,90697917.29,209430,10,10,10,0,0,0,0,0,0,67371007,830996479,877133823,261809011.53,2238
1782181506,0,211495,0,533.12,2065.14,1734655,2375679,11100159,186122239,498860031,385024,886571007,29241574.33,91828293.15,211495,10,10,10,0,0,0,0,0,0,40632319,356777983,369360895,136557642.63,2065
1782181507,0,213741,0,537.43,2245.16,1740799,2394111,11583487,190840831,497811455,385024,886571007,29768753.57,92194514.17,213741,10,10,10,0,0,0,0,0,0,30408703,371720191,398458879,79410682.98,2246
1782181508,0,215612,0,540.77,1872.29,1745919,2410495,12156927,188874751,497025023,385024,886571007,29830457.97,91837096.04,215612,10,10,10,0,0,0,0,0,0,28540927,102432767,163053567,36879501.75,1871
1782181509,0,217750,0,544.77,2137.18,1752063,2426879,12591103,198180863,496238591,385024,886571007,30401458.24,92395863.45,217750,10,10,10,0,0,0,0,0,0,18972671,356777983,396886015,87985420.09,2138
1782181510,0,219698,0,548.27,1948.86,1757183,2445311,13131775,197001215,495452159,385024,886571007,30369492.61,91995875.68,219698,10,10,10,0,0,0,0,0,0,23904255,53280767,71106559,26796332.68,1948
1782181511,0,221717,0,551.93,2018.25,1763327,2463743,13639679,193200127,494665727,385024,886571007,30351610.28,91597603.25,221717,10,10,10,0,0,0,0,0,0,22626303,76414975,103677951,28405739.71,2019
1782181512,0,223615,0,555.28,1897.95,1768447,2482175,13967359,192937983,494141439,385024,886571007,30443552.93,91341001.45,223615,10,10,10,0,0,0,0,0,0,21676031,163839999,242089983,41183936.61,1898
1782181513,0,225750,0,559.19,2134.67,1775615,2500607,14278655,191889407,493092863,385024,886571007,30484385.38,91034189.92,225750,10,10,10,0,0,0,0,0,0,16121855,164364287,216793087,34761082.00,2135
1782181514,0,227686,0,562.59,1936.75,1780735,2521087,14467071,189923327,492306431,385024,886571007,30363327.43,90661218.59,227686,10,10,10,0,0,0,0,0,0,13926399,38109183,51511295,16247196.03,1936
1782181515,0,229690,0,566.14,2004.26,1785855,2541567,15032319,187957247,490995711,385024,886571007,30450315.44,90299198.39,229690,10,10,10,0,0,0,0,0,0,36863999,85917695,109576191,40333524.57,2004
1782181516,0,231616,0,569.49,1925.39,1790975,2562047,15597567,187695103,490733567,385024,886571007,30650697.62,90064542.29,231616,10,10,10,0,0,0,0,0,0,37060607,173015039,228196351,54547781.12,1926
1782181517,0,233402,0,572.47,1785.59,1796095,2582527,16171007,195821567,494927871,385024,886571007,31462220.01,91448844.60,233402,10,10,10,0,0,0,0,0,0,40501247,515375103,538443775,136703860.68,1786
1782181518,0,235677,0,576.64,2274.21,1803263,2609151,16654335,201588735,494141439,385024,886571007,32079123.93,91897609.92,235677,10,10,10,0,0,0,0,0,0,30818303,344195071,407896063,95369940.45,2275
1782181519,0,237603,0,579.93,1927.60,1808383,2631679,17170431,199884799,493879295,385024,886571007,32131826.95,91555197.57,237603,10,10,10,0,0,0,0,0,0,33193983,88735743,121044991,38580887.53,1926
1782181520,0,239736,0,583.71,2131.35,1814527,2656255,17481727,200015871,492830719,385024,886571007,32411171.63,91418702.70,239736,10,10,10,0,0,0,0,0,0,23986175,202244095,233308159,63528439.84,2133
1782181521,0,241716,0,587.10,1980.10,1819647,2680831,17629183,198311935,491257855,385024,886571007,32280851.55,91061162.36,241716,10,10,10,0,0,0,0,0,0,12664831,42008575,49151999,16501854.64,1980
1782181522,0,243650,0,590.37,1934.49,1824767,2705407,18137087,199360511,490733567,385024,886571007,32614682.27,91036018.43,243650,10,10,10,0,0,0,0,0,0,39059455,253755391,322699263,74337653.28,1934
1782181523,0,245643,0,593.76,1993.41,1829887,2732031,18579455,200409087,490471423,385024,886571007,32822979.71,90887547.51,245643,10,10,10,0,0,0,0,0,0,29016063,218628095,240123903,58287943.03,1993
1782181524,0,247671,0,597.22,2028.74,1836031,2760703,18661375,198705151,489684991,385024,886571007,32779750.26,90579641.56,247671,10,10,10,0,0,0,0,0,0,13123583,132120575,155451391,27543550.49,2028
1782181525,0,249678,0,600.61,2006.34,1841151,2791423,18612223,197525503,488898559,385024,886571007,32696004.59,90279944.49,249678,10,10,10,0,0,0,0,0,0,10149887,112918527,183762943,22361489.03,2007
1782181526,0,251668,0,603.94,1990.48,1846271,2822143,18808831,195821567,487849983,385024,886571007,32690291.78,89978922.78,251668,10,10,10,0,0,0,0,0,0,17793023,115933183,159121407,31973526.26,1990
1782181527,0,253755,0,607.49,2085.59,1851391,2854911,18776063,194117631,487063551,385024,886571007,32620946.22,89677517.80,253755,10,10,10,0,0,0,0,0,0,8962047,130809855,154271743,24258675.43,2087
1782181528,0,255574,0,610.38,1818.95,1856511,2885631,18907135,195559423,486539263,385024,886571007,32771113.57,89596847.49,255574,10,10,10,0,0,0,0,0,0,14786559,227278847,261357567,53719830.66,1819
1782181529,0,257625,0,613.82,2051.08,1862655,2926591,19267583,201588735,485752831,385024,886571007,33453845.72,90249658.22,257625,10,10,10,0,0,0,0,0,0,61472767,357302271,367525887,118528729.43,2051
1782181530,0,258320,0,614.01,694.93,1863679,2934783,19316735,204210175,485490687,385024,886571007,33579731.10,90332609.63,258320,10,10,10,0,0,0,0,0,0,6385663,285474815,299630591,80243360.60,695
1782181531,0,258520,0,613.03,200.08,1862655,2930687,19283967,203948031,485490687,385024,886571007,33555293.57,90301933.34,258520,10,10,10,0,0,0,0,0,0,1933311,3108863,3586047,1991779.84,200
1782181532,0,258720,0,612.05,200.05,1862655,2928639,19267583,203816959,485228543,385024,886571007,33531109.27,90271214.31,258720,10,10,10,0,0,0,0,0,0,2170879,4460543,5218303,2270479.36,200
1782181533,0,258920,0,611.08,199.93,1862655,2924543,19251199,203554815,485228543,385024,886571007,33506762.86,90240593.37,258920,10,10,10,0,0,0,0,0,0,2008063,3155967,3792895,2012247.04,200
1782181534,0,259120,0,610.11,199.95,1861631,2920447,19218431,203423743,485228543,385024,886571007,33482438.04,90210008.26,259120,10,10,10,0,0,0,0,0,0,1935359,3162111,3708927,1991527.68,200
1782181535,0,259320,0,609.15,200.04,1861631,2916351,19202047,203292671,484966399,385024,886571007,33458121.88,90179463.23,259320,10,10,10,0,0,0,0,0,0,1935359,2910207,3569663,1954105.60,200
1782181536,0,259520,0,608.19,199.94,1860607,2912255,19185663,203161599,484966399,385024,886571007,33434068.06,90148881.90,259520,10,10,10,0,0,0,0,0,0,1853439,3244031,10231807,2245876.48,200
1782181537,0,259720,0,607.23,200.01,1860607,2908159,19169279,202899455,484966399,385024,886571007,33409831.79,90118395.80,259720,10,10,10,0,0,0,0,0,0,1850367,3160063,3565567,1960851.20,200
1782181538,0,259920,0,606.28,200.12,1859583,2906111,19136511,202768383,484704255,385024,886571007,33385647.25,90087934.49,259920,10,10,10,0,0,0,0,0,0,2007039,2834431,3076095,1979604.48,200
1782181539,0,260120,0,605.34,199.99,1859583,2902015,19120127,202375167,484179967,385024,886571007,33361597.24,90057471.22,260120,10,10,10,0,0,0,0,0,0,1992703,3612671,4866047,2106202.88,200
1782181540,0,260320,0,604.40,199.97,1859583,2899967,19103743,202244095,484179967,385024,886571007,33338140.94,90026866.83,260320,10,10,10,0,0,0,0,0,0,2107391,9093119,10919935,2830877.44,200
1782181541,0,260520,0,603.46,199.96,1858559,2895871,19070975,201981951,483917823,385024,886571007,33314174.64,89996460.02,260520,10,10,10,0,0,0,0,0,0,2053119,3186687,5976063,2119637.76,200
1782181542,0,260720,0,602.53,200.10,1858559,2893823,19054591,201588735,483393535,385024,886571007,33290170.17,89966108.25,260720,10,10,10,0,0,0,0,0,0,1998847,3223551,3512319,2021954.56,200
1782181543,0,260920,0,601.60,200.00,1858559,2891775,19038207,201588735,483131391,385024,886571007,33266223.16,89935779.48,260920,10,10,10,0,0,0,0,0,0,1973247,3065855,3358719,2048898.56,200
1782181544,0,261120,0,600.68,199.83,1857535,2887679,19005439,201195519,482607103,385024,886571007,33242197.06,89905520.40,261120,10,10,10,0,0,0,0,0,0,1833983,2811903,3835903,1897748.48,200
1782181545,0,261320,0,599.76,200.11,1857535,2883583,18989055,201064447,482607103,385024,886571007,33218298.10,89875259.96,261320,10,10,10,0,0,0,0,0,0,1998847,3080191,3940351,2015808.00,200
1782181546,0,261520,0,598.84,200.00,1856511,2881535,18972671,200933375,482607103,385024,886571007,33194696.82,89844941.57,261520,10,10,10,0,0,0,0,0,0,2240511,3919871,5857279,2357268.48,200
1782181547,0,261720,0,597.93,199.90,1856511,2879487,18956287,200933375,482607103,385024,886571007,33170785.58,89814769.22,261720,10,10,10,0,0,0,0,0,0,1852415,2727935,2916351,1904453.12,200
1782181548,0,261920,0,597.02,200.07,1855487,2875391,18939903,200671231,482607103,385024,886571007,33146916.05,89784625.29,261920,10,10,10,0,0,0,0,0,0,1901567,2957311,3260415,1911246.08,200
1782181549,0,262120,0,596.12,200.00,1855487,2871295,18907135,200671231,482344959,385024,886571007,33123132.11,89754495.67,262120,10,10,10,0,0,0,0,0,0,1832959,2979839,3506175,1975683.84,200
1782181550,0,262320,0,595.22,199.97,1854463,2869247,18890751,200540159,482344959,385024,886571007,33099373.95,89724397.61,262320,10,10,10,0,0,0,0,0,0,1909759,2953215,3395583,1961935.36,200
1782181551,0,262520,0,594.33,199.99,1854463,2865151,18890751,200409087,482344959,385024,886571007,33075613.33,89694342.93,262520,10,10,10,0,0,0,0,0,0,1737727,3051519,3661823,1911174.40,200
1782181552,0,262720,0,593.44,200.00,1854463,2863103,18874367,200278015,482082815,385024,886571007,33051982.93,89664284.41,262720,10,10,10,0,0,0,0,0,0,2016255,2971647,3098623,2034725.12,200
1782181553,0,262920,0,592.55,200.01,1853439,2859007,18841599,200015871,482082815,385024,886571007,33028329.19,89634276.30,262920,10,10,10,0,0,0,0,0,0,1864703,3061759,3829759,1956773.12,200
1782181554,0,263120,0,591.67,200.08,1853439,2856959,18825215,199753727,482082815,385024,886571007,33004791.63,89604270.39,263120,10,10,10,0,0,0,0,0,0,1958911,3344383,4538367,2062323.20,200
1782181555,0,263320,0,590.79,199.96,1852415,2854911,18808831,199491583,482082815,385024,886571007,32981259.74,89574303.44,263320,10,10,10,0,0,0,0,0,0,2041855,2979839,3399679,2022696.96,200
1782181556,0,263520,0,589.91,199.95,1852415,2850815,18792447,199360511,482082815,385024,886571007,32957804.22,89544352.49,263520,10,10,10,0,0,0,0,0,0,2011135,3121151,4546559,2076271.36,200
1782181557,0,263720,0,589.04,200.15,1852415,2848767,18776063,199360511,482082815,385024,886571007,32934384.19,89514430.44,263720,10,10,10,0,0,0,0,0,0,1964031,3182591,3764223,2076149.76,200
1782181558,0,263920,0,588.17,199.85,1851391,2846719,18759679,199098367,482082815,385024,886571007,32910924.53,89484563.13,263920,10,10,10,0,0,0,0,0,0,1915903,3065855,3276799,1977015.04,200
1782181559,0,264120,0,587.31,200.16,1851391,2844671,18743295,198967295,482082815,385024,886571007,32887996.30,89454590.77,264120,10,10,10,0,0,0,0,0,0,1937407,4546559,16891903,2631906.56,200
1782181560,0,264320,0,586.45,199.90,1851391,2842623,18726911,198836223,482082815,385024,886571007,32864723.80,89424742.90,264320,10,10,10,0,0,0,0,0,0,2085887,3227647,5206015,2131057.92,200
1782181561,0,264520,0,585.60,200.00,1850367,2838527,18710527,198836223,482082815,385024,886571007,32841433.30,89394942.19,264520,10,10,10,0,0,0,0,0,0,2026495,3719167,4333567,2060712.96,200
1782181562,0,264720,0,584.74,199.95,1850367,2836479,18677759,198705151,482082815,385024,886571007,32818138.41,89365183.49,264720,10,10,10,0,0,0,0,0,0,2003967,3065855,3383295,2008313.60,200
1782181563,0,264920,0,583.90,200.07,1850367,2834431,18661375,198443007,481820671,385024,886571007,32794868.45,89335458.20,264920,10,10,10,0,0,0,0,0,0,1843199,3031039,3485695,1994753.28,200
1782181564,0,265120,0,583.05,200.05,1849343,2832383,18644991,198311935,481820671,385024,886571007,32771624.44,89305764.58,265120,10,10,10,0,0,0,0,0,0,1863679,3067903,5169151,1982599.68,200
1782181565,0,265320,0,582.21,199.89,1849343,2828287,18628607,198180863,481820671,385024,886571007,32748452.64,89276086.67,265320,10,10,10,0,0,0,0,0,0,1949695,3098623,4018175,2031920.64,200
1782181566,0,265520,0,581.38,200.08,1848319,2826239,18595839,198049791,481296383,385024,886571007,32725321.19,89246435.91,265520,10,10,10,0,0,0,0,0,0,2020351,3041279,3923967,2039134.72,200
1782181567,0,265720,0,580.54,200.04,1848319,2824191,18579455,197918719,481296383,385024,886571007,32702174.91,89216830.56,265720,10,10,10,0,0,0,0,0,0,1993727,2955263,3317759,1973177.60,200
1782181568,0,265920,0,579.71,199.93,1848319,2822143,18563071,197918719,481296383,385024,886571007,32679310.99,89187171.01,265920,10,10,10,0,0,0,0,0,0,2134015,4073471,5058559,2302307.84,200
1782181569,0,266120,0,578.89,200.01,1848319,2818047,18530303,197918719,481034239,385024,886571007,32656280.78,89157607.65,266120,10,10,10,0,0,0,0,0,0,1990655,3315711,3776511,2035311.36,200
1782181570,0,266320,0,578.06,199.97,1848319,2815999,18497535,197787647,481034239,385024,886571007,32633356.58,89128048.24,266320,10,10,10,0,0,0,0,0,0,2195455,3033087,3571711,2130411.52,200
1782181571,0,266520,0,577.25,200.08,1847295,2813951,18481151,197656575,481034239,385024,886571007,32610434.72,89098528.24,266520,10,10,10,0,0,0,0,0,0,2083839,3026943,3229695,2087691.52,200
1782181572,0,266720,0,576.43,199.88,1847295,2811903,18464767,197525503,480772095,385024,886571007,32587494.60,89069055.11,266720,10,10,10,0,0,0,0,0,0,1952767,3031039,3457023,2017489.92,200
1782181573,0,266920,0,575.62,200.13,1846271,2809855,18448383,197394431,480772095,385024,886571007,32564547.61,89039625.61,266920,10,10,10,0,0,0,0,0,0,1873919,3092479,5976063,1962444.80,200
1782181574,0,267120,0,574.81,199.95,1846271,2807807,18415615,197394431,480772095,385024,886571007,32541819.98,89010160.77,267120,10,10,10,0,0,0,0,0,0,2111487,3495935,3817471,2209524.48,200
1782181575,0,267320,0,574.01,200.03,1846271,2805759,18399231,197263359,480772095,385024,886571007,32518962.77,88980779.90,267320,10,10,10,0,0,0,0,0,0,1974271,2977791,3799039,1990867.20,200
1782181576,0,267520,0,573.20,199.92,1846271,2803711,18382847,197132287,480247807,385024,886571007,32496133.25,88951429.95,267520,10,10,10,0,0,0,0,0,0,1893375,3039231,4020223,1982205.44,200
1782181577,0,267720,0,572.41,199.98,1845247,2801663,18350079,196870143,480247807,385024,886571007,32473447.66,88922070.75,267720,10,10,10,0,0,0,0,0,0,2056191,3184639,4571135,2129196.80,200
1782181578,0,267920,0,571.61,200.11,1845247,2799615,18333695,196607999,480247807,385024,886571007,32450703.03,88892772.31,267920,10,10,10,0,0,0,0,0,0,1902591,3155967,5357567,2004742.40,200
1782181579,0,268120,0,570.82,199.93,1845247,2795519,18300927,196345855,479985663,385024,886571007,32428130.76,88863457.54,268120,10,10,10,0,0,0,0,0,0,1969151,4349951,6959103,2190315.52,200
1782181580,0,268320,0,570.03,199.98,1845247,2793471,18284543,196214783,479985663,385024,886571007,32405549.18,88834181.91,268320,10,10,10,0,0,0,0,0,0,2115583,3012607,3663871,2132680.96,200
1782181581,0,268520,0,569.25,200.07,1844223,2791423,18268159,196083711,479985663,385024,886571007,32382973.32,88804945.09,268520,10,10,10,0,0,0,0,0,0,1989631,3117055,3766271,2095200.00,200
1782181582,0,268720,0,568.47,200.05,1844223,2789375,18251775,195952639,479723519,385024,886571007,32360564.41,88775699.03,268720,10,10,10,0,0,0,0,0,0,1999871,5287935,10371071,2274365.44,200
1782181583,0,268920,0,567.69,199.89,1844223,2787327,18235391,195952639,479723519,385024,886571007,32338204.75,88746469.68,268920,10,10,10,0,0,0,0,0,0,2077695,4505599,5599231,2295764.48,200
1782181584,0,269120,0,566.91,200.04,1844223,2785279,18219007,195821567,479723519,385024,886571007,32315615.04,88717355.00,269120,10,10,10,0,0,0,0,0,0,1974271,2631679,3170303,1941491.20,200
1782181585,0,269320,0,566.14,199.94,1844223,2783231,18186239,195690495,479461375,385024,886571007,32293218.60,88688215.86,269320,10,10,10,0,0,0,0,0,0,2070527,3391487,6361087,2156570.88,200
1782181586,0,269520,0,565.38,200.12,1843199,2781183,18169855,195690495,479461375,385024,886571007,32270784.70,88659129.99,269520,10,10,10,0,0,0,0,0,0,1853439,3614719,7020543,2061295.36,200
1782181587,0,269720,0,564.61,200.04,1843199,2779135,18153471,195559423,479461375,385024,886571007,32248320.42,88630091.10,269720,10,10,10,0,0,0,0,0,0,1867775,2981887,3358719,1975450.88,200
1782181588,0,269920,0,563.85,199.92,1843199,2777087,18120703,195559423,479461375,385024,886571007,32226053.65,88601025.03,269920,10,10,10,0,0,0,0,0,0,2058239,3500031,4194303,2197091.84,200
1782181589,0,270120,0,563.09,199.96,1842175,2775039,18104319,195297279,479461375,385024,886571007,32203660.87,88572039.80,270120,10,10,10,0,0,0,0,0,0,2027519,2746367,3035135,1982370.56,200
1782181590,0,272012,0,565.85,1891.91,1847295,2801663,18694143,198574079,478674943,385024,886571007,32883387.02,88808761.64,272012,10,10,10,0,0,0,0,0,0,120324095,236847103,302252031,129927587.32,1892
1782181591,0,274661,0,570.18,2649.74,1853439,2842623,19496959,210108415,480772095,385024,886571007,34726314.26,90906737.64,274661,10,10,10,0,0,0,0,0,0,187564031,441188351,498073599,223966904.97,2649
1782181592,0,276659,0,573.14,1997.86,1858559,2875391,20152319,233177087,551550975,385024,886571007,38247802.25,100226108.48,276659,10,10,10,0,0,0,0,0,0,563609599,697303039,726663167,522339599.63,1998
1782181593,0,278531,0,575.82,1872.07,1863679,2910207,20774911,261095423,655359999,385024,1125122047,43567569.05,119859257.37,278531,10,10,10,0,0,0,0,0,0,835190783,1075838975,1124073471,829764879.32,1872
1782181594,0,280337,0,578.36,1805.11,1868799,2945023,21446655,292290559,847773695,385024,1604321279,50994009.31,151718863.66,280337,10,10,10,0,0,0,0,0,0,1178599423,1518338047,1590689791,1196339431.34,1806
1782181595,0,281670,0,579.91,1333.42,1871871,2973695,21921791,316932095,1050148863,385024,2113929215,59070506.99,191753823.17,281670,10,10,10,0,0,0,0,0,0,1804599295,2020605951,2103443455,1757600986.93,1333
1782181596,0,282860,0,581.17,1190.29,1874943,2998271,22429695,342360063,1395654655,385024,2709520383,68737327.91,242922725.92,282860,10,10,10,0,0,0,0,0,0,2487222271,2663383039,2688548863,2356849469.53,1190
1782181597,0,284395,0,583.12,1534.60,1879039,3033087,23052287,371458047,1901068287,385024,3210739711,83483541.51,314621304.21,284395,10,10,10,0,0,0,0,0,0,2778726399,3168796671,3200253951,2800821638.25,1535
1782181598,0,286737,0,586.72,2343.53,1884159,3092479,23969791,479461375,2879389695,385024,3458203647,108614028.90,418441435.27,286737,10,10,10,0,0,0,0,0,0,3202351103,3407871999,3437232127,3160272850.53,2342
1782181599,0,288713,0,589.56,1975.83,1889279,3149823,24903679,554696703,3093299199,385024,3676307455,130459729.02,493554475.78,288713,10,10,10,0,0,0,0,0,0,3424649215,3623878655,3665821695,3300485294.12,1976
1782181600,0,290564,0,592.13,1850.70,1894399,3209215,25821183,687341567,3359637503,385024,4232052735,153744171.77,572097042.60,290564,10,10,10,0,0,0,0,0,0,3846176767,4198498303,4221566975,3785576326.29,1851
1782181601,0,292259,0,594.37,1694.59,1898495,3272703,26689535,866648063,3667918847,385024,4815060991,177599163.41,651007269.85,292259,10,10,10,0,0,0,0,0,0,4441767935,4743757823,4806672383,4266921754.43,1695
1782181602,0,293894,0,596.48,1634.19,1902591,3338239,27525119,1140850687,4114612223,385024,5381292031,202689677.39,731358553.38,293894,10,10,10,0,0,0,0,0,0,4781506559,5335154687,5372903423,4687661252.66,1635
1782181603,0,295305,0,598.13,1411.42,1906687,3403775,28262399,1591738367,4429185023,385024,6161432575,225599957.03,802066580.94,295305,10,10,10,0,0,0,0,0,0,5079302143,6090129407,6153043967,4997530308.31,1411
1782181604,0,297385,0,601.13,2081.09,1911807,3522559,29376511,2508193791,4882169855,385024,6434062335,263084816.26,917140649.60,297385,10,10,10,0,0,0,0,0,0,5481955327,6400507903,6425673727,5584943639.63,2080
1782181605,0,298999,0,603.17,1614.26,1915903,3627007,30359551,2891972607,5326766079,385024,6933184511,294224779.50,1008846044.62,298999,10,10,10,0,0,0,0,0,0,6027214847,6912212991,6924795903,6031869122.14,1614
1782181606,0,301310,0,606.61,2310.80,1921023,3788799,31719423,3168796671,6161432575,385024,7079985151,340836426.89,1137326329.61,301310,10,10,10,0,0,0,0,0,0,6270484479,7038042111,7067402239,6371488075.44,2311
1782181607,0,303589,0,609.97,2278.72,1927167,3956735,33472511,3458203647,6387924991,385024,7310671871,388839543.97,1261056256.20,303589,10,10,10,0,0,0,0,0,0,7063207935,7264534527,7302283263,6735403477.99,2279
1782181608,0,305924,0,613.43,2333.95,1933311,4163583,35389439,4009754623,6895435775,385024,7566524415,437273245.63,1372665885.89,305924,10,10,10,0,0,0,0,0,0,6568280063,7461666815,7553941503,6734463418.05,2335
1782181609,0,308614,0,617.59,2690.65,1940479,4431871,37617663,4634705919,7084179455,385024,7566524415,494674171.02,1498194816.16,308614,10,10,10,0,0,0,0,0,0,7407140863,7541358591,7558135807,7022674431.62,2690
1782181610,0,311487,0,622.09,2873.35,1947647,4714495,40501247,5293211647,7243563007,385024,7566524415,554285801.34,1614448929.09,311487,10,10,10,0,0,0,0,0,0,6836715519,7402946559,7457472511,6957691189.37,2873
1782181611,0,315130,0,628.11,3642.76,1956863,5091327,45121535,6266290175,7369392127,385024,7688159231,628380513.28,1745866696.34,315130,10,10,10,0,0,0,0,0,0,6794772479,7621050367,7658799103,6963691942.75,3643
1782181612,0,318848,0,634.26,3715.67,1966079,5509119,51511295,6463422463,7365197823,385024,7688159231,699759335.82,1856194457.28,318848,10,10,10,0,0,0,0,0,0,6706692095,7289700351,7327449087,6749680891.73,3718
1782181613,0,321527,0,638.32,2679.02,1973247,5783551,57573375,6509559807,7361003519,385024,7688159231,748059804.78,1922159426.69,321527,10,10,10,0,0,0,0,0,0,6459228159,6899630079,7004487679,6496662988.59,2679
1782181614,0,324057,0,642.07,2531.56,1979391,6074367,65339391,6543114239,7361003519,385024,7688159231,794731609.35,1985872793.33,324057,10,10,10,0,0,0,0,0,0,6522142719,7197425663,7251951615,6726053865.33,2530
1782181615,0,325433,0,643.52,1375.96,1982463,6217727,71237631,6568280063,7423918079,385024,7717519359,821572177.70,2024315141.08,325433,10,10,10,0,0,0,0,0,0,7281311743,7683964927,7709130751,7142701579.91,1376
1782181616,0,325964,0,643.29,530.68,1984511,6266879,73531391,6589251583,7457472511,385024,8053063679,832852849.23,2041855840.27,325964,10,10,10,0,0,0,0,0,0,7730102271,8011120639,8053063679,7746417403.66,531
1782181617,0,326540,0,643.16,576.41,1985535,6328319,75825151,6614417407,7491026943,385024,8317304831,845920122.38,2063602838.45,326540,10,10,10,0,0,0,0,0,0,8258584575,8304721919,8317304831,8240817038.22,576
1782181618,0,326837,0,642.48,297.05,1986559,6361087,77135871,6627000319,7511998463,385024,9076473855,852992462.53,2075965354.77,326837,10,10,10,0,0,0,0,0,0,8506048511,9059696639,9076473855,8628756617.91,297
1782181619,0,327314,0,642.16,476.86,1987583,6414335,79298559,6647971839,7537164287,385024,9512681471,865377622.36,2099635401.48,327314,10,10,10,0,0,0,0,0,0,9319743487,9479127039,9504292863,9351600853.60,477
1782181620,0,327611,0,641.48,297.09,1988607,6443007,80805887,6664749055,7549747199,385024,10225713151,873541918.62,2116124880.89,327611,10,10,10,0,0,0,0,0,0,9688842239,10208935935,10225713151,9871146180.53,297
1782181621,0,327656,0,640.32,44.99,1988607,6451199,81002495,6664749055,7553941503,385024,10460594175,874838844.48,2118871322.47,327656,10,10,10,0,0,0,0,0,0,10292822015,10460594175,10460594175,10316776152.18,45
1782181622,0,331620,0,646.80,3962.30,1998847,6955007,100466687,6908018687,10561257471,385024,13530824703,1004699887.69,2417162176.82,331620,10,10,10,0,0,0,0,0,0,11819548671,13245612031,13421772799,11738743775.97,3964
1782181623,0,333290,0,648.79,1670.30,2002943,7151615,108593151,7021264895,10938744831,385024,13530824703,1046896936.34,2485233320.13,333290,10,10,10,0,0,0,0,0,0,9588178943,11274289151,11383341055,9426169556.77,1670
1782181624,0,333290,0,647.53,0.00,2002943,7151615,108593151,7021264895,10938744831,385024,13530824703,1046896936.34,2485233320.13,333290,10,10,10,0,0,0,0,0,0,0,0,0,0.00,0
1782181625,0,335807,0,651.15,2516.00,2009087,7450623,123207679,7176454143,11450449919,385024,13530824703,1119101756.06,2614146941.53,335807,10,10,10,0,0,0,0,0,0,10737418239,12801015807,13128171519,10680144410.65,2517
1782181626,0,338664,0,655.42,2857.09,2016255,7827455,139329535,7356809215,11978932223,385024,16148070399,1204765676.11,2779722290.87,338664,10,10,10,0,0,0,0,0,0,9479127039,15913189375,16097738751,11273559516.34,2857
1782181627,0,346040,0,668.41,7380.36,2035711,8708095,193986559,8392802303,12809404415,385024,16148070399,1408787289.90,3092409232.72,346040,10,10,10,0,0,0,0,0,0,10762584063,14092861439,14436794367,10776300279.67,7376
1782181628,0,347296,0,669.54,1255.93,2038783,8847359,204210175,8380219391,12809404415,385024,16148070399,1428462393.74,3104403735.25,347296,10,10,10,0,0,0,0,0,0,6740246527,8283750399,8455716863,6849141479.54,1256
1782181629,0,349574,0,672.63,2276.79,2044927,9158655,224133119,9026142207,14151581695,385024,21458059263,1543038101.13,3415262389.76,349574,10,10,10,0,0,0,0,0,0,20082327551,21206401023,21390950399,19010854113.66,2278
1782181630,0,350477,0,673.07,902.99,2047999,9273343,233570303,9286189055,15124660223,385024,21458059263,1587532358.15,3524328639.52,350477,10,10,10,0,0,0,0,0,0,19746783231,20585644031,20686307327,18812377766.13,903
1782181631,0,354799,0,680.07,4323.04,2059263,9838591,288882687,10301210623,18605932543,385024,21458059263,1745861474.31,3800955974.25,354799,10,10,10,0,0,0,0,0,0,14487126015,20015218687,20283654143,14584990036.23,4322
1782181632,0,360500,0,689.68,5704.01,2074623,10543103,378011647,11811160063,19579011071,385024,21458059263,1982070244.23,4222790120.32,360500,10,10,10,0,0,0,0,0,0,17213423615,20568866815,21139292159,16682409721.04,5701
1782181633,0,363766,0,694.59,3263.44,2082815,10977279,494927871,12213813247,19579011071,385024,21458059263,2099765243.24,4386441214.05,363766,10,10,10,0,0,0,0,0,0,15023996927,18689818623,19126026239,15090900314.77,3266
1782181634,0,367416,0,700.23,3649.92,2092031,11493375,635437055,12364808191,19562233855,385024,21458059263,2194564462.19,4468863256.59,367416,10,10,10,0,0,0,0,0,0,12104761343,15057551359,15317598207,11642436429.01,3650
1782181635,0,372519,0,708.60,5101.96,2107391,12263423,1168113663,12524191743,19545456639,385024,21458059263,2322426112.85,4577050020.98,372519,10,10,10,0,0,0,0,0,0,10611589119,15275655167,15309209599,11528464960.71,5103
1782181636,0,374335,0,710.70,1817.12,2111487,12574719,1697644543,12750684159,19545456639,385024,21458059263,2369836952.65,4620543977.01,374335,10,10,10,0,0,0,0,0,0,14612955135,14822670335,14889779199,12095298753.97,1816
1782181637,0,377390,0,715.15,3053.73,2119679,13025279,2644508671,13321109503,19528679423,385024,21458059263,2454731584.99,4699873739.77,377390,10,10,10,0,0,0,0,0,0,13413384191,14503903231,14671675391,12857033449.46,3055
1782181638,0,379592,0,717.96,2201.81,2125823,13418495,2961178623,13279166463,19528679423,385024,21458059263,2505473159.00,4735225829.48,379592,10,10,10,0,0,0,0,0,0,12012486655,12725518335,12876513279,11201823121.79,2202
1782181639,0,381590,0,720.38,1999.60,2131967,13713407,3158310911,13254000639,19511902207,385024,21458059263,2550712397.22,4763890810.05,381590,10,10,10,0,0,0,0,0,0,11173625855,11702108159,11718885375,11145533675.76,1998
1782181640,0,383234,0,722.11,1642.81,2136063,13975551,3317694463,13220446207,19511902207,385024,21458059263,2583192258.96,4779377844.81,383234,10,10,10,0,0,0,0,0,0,10183770111,10452205567,10510925823,10122115884.22,1644
1782181641,0,384335,0,722.83,1100.95,2140159,14163967,3439329279,13203668991,19511902207,385024,21458059263,2604086459.19,4788442856.78,384335,10,10,10,0,0,0,0,0,0,9923723263,10225713151,10267656191,9876900202.72,1101
1782181642,0,384335,0,721.47,0.00,2140159,14163967,3439329279,13203668991,19511902207,385024,21458059263,2604086459.19,4788442856.78,384335,10,10,10,0,0,0,0,0,0,0,0,0,0.00,0
1782181643,0,386309,0,723.82,1973.50,2144255,14499839,3787456511,13799260159,19495124991,385024,21458059263,2666747241.38,4856087368.72,386309,10,10,10,0,0,0,0,0,0,14982053887,16206790655,16341008383,14866712652.77,1974
1782181644,0,389431,0,728.30,3120.51,2152447,15048703,4366270463,13782482943,19495124991,385024,21458059263,2738166006.15,4902883847.17,389431,10,10,10,0,0,0,0,0,0,11693719551,13589544959,13975420927,11575357421.63,3122
1782181645,0,391999,0,731.74,2569.69,2160639,15507455,4806672383,13732151295,19478347775,385024,21458059263,2768825167.58,4902310708.45,391999,10,10,10,0,0,0,0,0,0,7436500991,9353297919,9680453631,7418212977.25,2568
1782181646,0,397295,0,740.24,5292.81,2174975,16515071,5813305343,14487126015,19813892095,385024,23219666943,2929593659.00,5093246724.81,397295,10,10,10,0,0,0,0,0,0,14839447551,22347251711,23051894783,14829345900.28,5296
1782181647,0,400236,0,744.33,2943.70,2183167,17072127,6182404095,14780727295,20216545279,385024,23857201151,3030333747.05,5240919440.46,400236,10,10,10,0,0,0,0,0,0,19428016127,23370661887,23773315071,16639151591.80,2941
1782181648,0,410021,0,761.12,9780.16,2211839,19070975,6434062335,15141437439,20451426303,385024,23857201151,3260116054.99,5434124847.72,410021,10,10,10,0,0,0,0,0,0,12230590463,21525168127,22833790975,12658905201.44,9785
1782181649,0,411007,0,761.53,986.49,2213887,19283967,6450839551,15174991871,20518535167,385024,23857201151,3279076242.23,5449660408.70,411007,10,10,10,0,0,0,0,0,0,8233418751,22598909951,22733127679,11163533577.87,986
1782181650,0,414048,0,765.75,3038.21,2224127,19939327,6522142719,15510536191,20635975679,385024,23857201151,3379379623.61,5561531007.20,414048,10,10,10,0,0,0,0,0,0,17330864127,21541945343,21927821311,16935904409.21,3041
1782181651,0,419240,0,773.92,5194.07,2238463,21135359,6647971839,15787360255,20619198463,385024,23857201151,3501863623.47,5645487780.42,419240,10,10,10,0,0,0,0,0,0,12834570239,19008585727,19696451583,13269632339.23,5192
1782181652,0,419738,0,773.41,498.13,2240511,21250047,6664749055,15778971647,20619198463,385024,23857201151,3508204104.96,5645182589.20,419738,10,10,10,0,0,0,0,0,0,8476688383,10108272639,10200547327,8845921892.76,498
1782181653,0,420066,0,772.59,327.98,2242559,21331967,6677331967,15778971647,20619198463,385024,23857201151,3513312103.35,5645969267.01,420066,10,10,10,0,0,0,0,0,0,9764339711,11156848639,11173625855,10049961584.39,328
1782181654,0,420635,0,772.22,569.02,2244607,21463039,6694109183,15770583039,20619198463,385024,23857201151,3523496718.01,5649097688.66,420635,10,10,10,0,0,0,0,0,0,11869880319,12364808191,12381585407,11042319815.31,569
1782181655,0,420699,0,770.92,64.01,2244607,21479423,6694109183,15770583039,20619198463,385024,23857201151,3524841587.42,5649720750.93,420699,10,10,10,0,0,0,0,0,0,12398362623,12406751231,12406751231,12363890688.00,64
1782181656,0,422139,0,772.14,1438.93,2248703,21823487,6744440831,15753805823,20619198463,385024,23857201151,3556942184.79,5666777944.21,422139,10,10,10,0,0,0,0,0,0,13119782911,13404995583,13430161407,12935198583.47,1440
1782181657,0,424556,0,775.15,2416.98,2256895,22495231,6870269951,15720251391,20619198463,385024,23857201151,3607292817.36,5689701588.55,424556,10,10,10,0,0,0,0,0,0,12398362623,12876513279,12968787967,12401238073.62,2417
1782181658,0,425942,0,776.26,1386.30,2260991,22872063,6916407295,15703474175,20602421247,385024,23857201151,3634374328.18,5700180502.86,425942,10,10,10,0,0,0,0,0,0,11945377791,12104761343,12129927167,11929913943.92,1386
1782181659,0,427773,0,778.18,1831.42,2267135,23363583,7004487679,15686696959,20602421247,385024,23857201151,3668239452.15,5711407593.74,427773,10,10,10,0,0,0,0,0,0,11626610687,11911823359,11928600575,11546217952.40,1831
1782181660,0,429163,0,779.29,1390.39,2271231,23724031,7075790847,15837691903,20837302271,385024,28470935551,3717776046.35,5788011826.28,429163,10,10,10,0,0,0,0,0,0,26206011391,28252831743,28437381119,18962680730.34,1390
1782181661,0,437860,0,793.64,8696.02,2299903,26542079,7436500991,17867735039,23454547967,385024,29125246975,4083282677.51,6304696295.43,437860,10,10,10,0,0,0,0,0,0,22196256767,28286386175,28856811519,22119608117.01,8697
1782181662,0,446127,0,807.16,8266.34,2326527,29409279,7906263039,18488492031,24259854335,385024,29125246975,4312562647.17,6506915518.58,446127,10,10,10,0,0,0,0,0,0,16416505855,25149046783,26239565823,16456330339.96,8267
1782181663,0,447086,0,807.44,958.69,2328575,29802495,8032092159,18471714815,24243077119,385024,29125246975,4337187082.60,6521659841.43,447086,10,10,10,0,0,0,0,0,0,15837691903,15946743807,15963521023,15792479581.16,959
1782181664,0,452985,0,816.62,5901.28,2349055,32210943,8384413695,18387828735,24175968255,385024,29125246975,4439471581.07,6564524522.71,452985,10,10,10,0,0,0,0,0,0,14873001983,17297309695,18085838847,12191627417.80,5899
1782181665,0,455382,0,819.46,2397.39,2357247,33472511,8464105471,18354274303,24159191039,385024,29125246975,4468967226.28,6575020449.43,455382,10,10,10,0,0,0,0,0,0,12775849983,15997075455,16022241279,10043053520.37,2397
1782181666,0,456698,0,820.35,1315.95,2361343,33882111,8489271295,18354274303,24142413823,385024,29125246975,4475307601.55,6576760918.11,456698,10,10,10,0,0,0,0,0,0,1300234239,15200157695,15468593151,6669299068.69,1316
1782181667,0,458116,0,821.42,1417.63,2365439,34308095,8522825727,18320719871,24125636607,385024,29125246975,4483741720.25,6572912653.47,458116,10,10,10,0,0,0,0,0,0,8514437119,12222201855,12431917055,7200134626.03,1418
1782181668,0,458483,0,820.61,367.07,2367487,34177023,8514437119,18320719871,24125636607,385024,29125246975,4480397512.90,6571439373.70,458483,10,10,10,0,0,0,0,0,0,15941631,196345855,6069157887,305915514.77,367
1782181669,0,460070,0,821.98,1587.37,2371583,34766847,8476688383,18303942655,24108859391,385024,29125246975,4475929433.11,6562449194.58,460070,10,10,10,0,0,0,0,0,0,2908749823,7662993407,8275361791,3185104841.88,1587
1782181670,0,460570,0,821.40,499.60,2371583,34471935,8464105471,18287165439,24092082175,385024,29125246975,4471074966.43,6560538900.71,460570,10,10,10,0,0,0,0,0,0,3448831,10469375,19841023,4285998.08,500
1782181671,0,461080,0,820.85,510.24,2371583,34111487,8455716863,18287165439,24092082175,385024,29125246975,4466134133.76,6558590491.86,461080,10,10,10,0,0,0,0,0,0,3579903,9928703,13369343,4174711.72,510
1782181672,0,461573,0,820.27,493.17,2371583,33882111,8443133951,18270388223,24075304959,385024,29125246975,4461369158.18,6556706518.08,461573,10,10,10,0,0,0,0,0,0,2963455,10829823,51019775,4908832.71,493
1782181673,0,462070,0,819.69,496.77,2371583,33619967,8430551039,18270388223,24075304959,385024,29125246975,4456574063.40,6554808470.27,462070,10,10,10,0,0,0,0,0,0,3082239,5795839,7401471,3281746.93,497
1782181674,0,462570,0,819.13,500.01,2371583,33374207,8422162431,18270388223,24075304959,385024,29125246975,4451760389.99,6552899020.55,462570,10,10,10,0,0,0,0,0,0,3147775,5033983,6889471,3252245.50,500
1782181675,0,463070,0,818.56,500.16,2371583,33144831,8405385215,18253611007,24075304959,385024,29125246975,4446956996.43,6550989692.10,463070,10,10,10,0,0,0,0,0,0,2838527,5345279,7856127,3145474.56,500
1782181676,0,463571,0,818.00,501.02,2371583,32899071,8396996607,18253611007,24058527743,385024,29125246975,4442154857.65,6549076279.82,463571,10,10,10,0,0,0,0,0,0,3284991,6975487,8110079,3579200.38,501
1782181677,0,464070,0,817.44,498.85,2371583,32587775,8380219391,18253611007,24058527743,385024,29125246975,4437381642.43,6547170943.21,464070,10,10,10,0,0,0,0,0,0,2979839,5115903,6602751,3064699.64,499
1782181678,0,464570,0,816.88,499.96,2371583,32309247,8367636479,18236833791,24058527743,385024,29125246975,4432609485.84,6545261629.35,464570,10,10,10,0,0,0,0,0,0,3223551,5386239,6381567,3380071.94,500
1782181679,0,465070,0,816.33,500.18,2371583,32079871,8355053567,18236833791,24041750527,385024,29125246975,4427847572.88,6543352408.28,465070,10,10,10,0,0,0,0,0,0,3153919,5529599,8454143,3363766.27,500
1782181680,0,465570,0,815.77,499.93,2371583,31834111,8342470655,18236833791,24041750527,385024,29125246975,4423096766.80,6541442684.40,465570,10,10,10,0,0,0,0,0,0,3706879,6787071,25788415,4181997.06,500
1782181681,0,466070,0,815.22,499.83,2371583,31588351,8329887743,18220056575,24041750527,385024,29125246975,4418355395.22,6539533573.31,466070,10,10,10,0,0,0,0,0,0,3327999,5521407,6615039,3474661.38,500
1782181682,0,466580,0,814.69,509.86,2371583,31424511,8317304831,18220056575,24024973311,385024,29125246975,4413531005.97,6537585492.87,466580,10,10,10,0,0,0,0,0,0,2893823,13246463,53477375,4701402.35,510
1782181683,0,467070,0,814.12,490.17,2371583,31211519,8304721919,18220056575,24024973311,385024,29125246975,4408904294.30,6535714890.17,467070,10,10,10,0,0,0,0,0,0,3184639,5529599,7876607,3330560.52,490
1782181684,0,467570,0,813.57,499.90,2371583,30965759,8296333311,18203279359,24024973311,385024,29125246975,4404193096.30,6533806276.91,467570,10,10,10,0,0,0,0,0,0,3022847,5320703,6143999,3274594.30,500
1782181685,0,468070,0,813.03,499.97,2371583,30769151,8283750399,18203279359,24008196095,385024,29125246975,4399491845.96,6531897877.38,468070,10,10,10,0,0,0,0,0,0,2965503,5656575,7516159,3164601.86,500
1782181686,0,468570,0,812.49,500.22,2371583,30621695,8275361791,18203279359,24008196095,385024,29125246975,4394800871.25,6529989457.88,468570,10,10,10,0,0,0,0,0,0,3082239,6475775,7766015,3391813.63,500
1782181687,0,469070,0,811.95,499.86,2371583,30474239,8262778879,18186502143,24008196095,385024,29125246975,4390119799.19,6528081256.45,469070,10,10,10,0,0,0,0,0,0,3039231,5750783,7229439,3299927.55,500
1782181688,0,469570,0,811.41,500.26,2371583,30277631,8254390271,18186502143,23991418879,385024,29125246975,4385448471.54,6526173366.35,469570,10,10,10,0,0,0,0,0,0,2967551,5074943,5795839,3089149.95,500
1782181689,0,470070,0,810.87,499.95,2371583,30097407,8246001663,18169724927,23991418879,385024,29125246975,4380787334.56,6524265475.03,470070,10,10,10,0,0,0,0,0,0,3244031,5455871,6266879,3327152.13,500
1782181690,0,470576,0,810.35,506.13,2371583,29900799,8233418751,18169724927,23991418879,385024,29125246975,4376080423.77,6522334819.28,470576,10,10,10,0,0,0,0,0,0,3244031,6356991,8495103,3397507.04,506
1782181691,0,471073,0,809.81,497.01,2371583,29704191,8220835839,18169724927,23974641663,385024,29125246975,4371466851.32,6520438839.68,471073,10,10,10,0,0,0,0,0,0,3127295,5267455,6623231,3184214.02,497
1782181692,0,471571,0,809.27,497.97,2371583,29507583,8199864319,18169724927,23974641663,385024,29125246975,4366853612.72,6518539329.55,471571,10,10,10,0,0,0,0,0,0,2822143,5320703,7864319,3054125.24,498
1782181693,0,472070,0,808.74,498.97,2371583,29278207,8183087103,18152947711,23974641663,385024,29125246975,4362241227.14,6516635969.36,472070,10,10,10,0,0,0,0,0,0,3135487,6660095,7397375,3388959.29,499
1782181694,0,472570,0,808.21,499.97,2371583,29097983,8174698495,18152947711,23957864447,385024,29125246975,4357629050.87,6514729217.65,472570,10,10,10,0,0,0,0,0,0,2871295,4923391,5312511,3088945.66,500
1782181695,0,473070,0,807.69,499.72,2371583,28950527,8162115583,18152947711,23957864447,385024,29125246975,4353026692.99,6512822638.19,473070,10,10,10,0,0,0,0,0,0,2973695,5275647,6742015,3154164.22,500
1782181696,0,473570,0,807.16,500.32,2371583,28803071,8149532671,18136170495,23957864447,385024,29125246975,4348435577.55,6510915271.58,473570,10,10,10,0,0,0,0,0,0,3039231,16474111,37519359,4597615.62,500
1782181697,0,474070,0,806.64,499.86,2371583,28622847,8128561151,18136170495,23941087231,385024,29125246975,4343852834.55,6509009014.59,474070,10,10,10,0,0,0,0,0,0,3334143,5226495,6258687,3353630.21,500
1782181698,0,474570,0,806.12,500.13,2371583,28442623,8111783935,18136170495,23941087231,385024,29125246975,4339279997.28,6507102834.62,474570,10,10,10,0,0,0,0,0,0,3278847,6340607,10199039,3590073.34,500
1782181699,0,475070,0,805.60,499.84,2371583,28229631,8090812415,18119393279,23941087231,385024,29125246975,4334716882.30,6505196841.45,475070,10,10,10,0,0,0,0,0,0,3530751,6258687,7839743,3681929.73,500
1782181700,0,475576,0,805.09,506.15,2371583,28049407,8069840895,18119393279,23924310015,385024,29125246975,4330108702.85,6503268290.59,475576,10,10,10,0,0,0,0,0,0,3385343,6004735,9601023,3611044.43,506
1782181701,0,476070,0,804.57,493.56,2371583,27901951,8048869375,18119393279,23924310015,385024,29125246975,4325619013.05,6501385902.74,476070,10,10,10,0,0,0,0,0,0,3319807,5369855,6807551,3374650.04,494
1782181702,0,476571,0,804.05,501.34,2371583,27738111,8027897855,18102616063,23924310015,385024,29125246975,4321075148.50,6499477155.81,476571,10,10,10,0,0,0,0,0,0,3184639,5603327,7905279,3315476.95,501
1782181703,0,477070,0,803.54,498.86,2371583,27557887,8006926335,18102616063,23907532799,385024,29125246975,4316558716.93,6497576437.21,477070,10,10,10,0,0,0,0,0,0,3039231,5369855,6692863,3131245.27,499
1782181704,0,477578,0,803.04,507.83,2371583,27394047,7985954815,18102616063,23907532799,385024,29125246975,4311970610.18,6495641673.40,477578,10,10,10,0,0,0,0,0,0,2899967,6246399,7049215,3214527.50,508
1782181705,0,478070,0,802.52,492.19,2371583,27197439,7964983295,18085838847,23907532799,385024,29125246975,4307536622.72,6493767928.13,478070,10,10,10,0,0,0,0,0,0,3299327,5976063,8429567,3522673.95,492
1782181706,0,478570,0,802.01,500.08,2371583,27017215,7944011775,18085838847,23890755583,385024,29125246975,4303039818.89,6491864056.54,478570,10,10,10,0,0,0,0,0,0,3418111,6098943,7671807,3465807.87,500
1782181707,0,479072,0,801.51,502.03,2371583,26869759,7927234559,18085838847,23890755583,385024,29125246975,4298534321.05,6489952981.71,479072,10,10,10,0,0,0,0,0,0,2951167,5943295,7172095,3322967.20,502
1782181708,0,479570,0,801.01,497.88,2371583,26705919,7910457343,18069061631,23890755583,385024,29125246975,4294074076.45,6488057429.82,479570,10,10,10,0,0,0,0,0,0,3125247,6234111,8429567,3354591.10,498
1782181709,0,480070,0,800.50,500.09,2371583,26558463,7893680127,18069061631,23873978367,385024,29125246975,4289605588.65,6486154352.27,480070,10,10,10,0,0,0,0,0,0,3452927,6320127,7114751,3700197.38,500
1782181710,0,481480,0,801.52,1409.19,2377727,26935295,7834959871,18052284415,23857201151,385024,29125246975,4277845363.47,6480291851.54,481480,10,10,10,0,0,0,0,0,0,244842495,594542591,629145599,273780611.45,1410
1782181711,0,483080,0,802.85,1601.30,2381823,27492351,7759462399,18035507199,23857201151,385024,29125246975,4266672072.38,6472466440.86,483080,10,10,10,0,0,0,0,0,0,927465471,1218445311,1318060031,904349450.24,1600
1782181712,0,484340,0,803.60,1259.65,2387967,27934719,7730102271,18018729983,23840423935,385024,29125246975,4259713370.49,6465488326.29,484340,10,10,10,0,0,0,0,0,0,1545601023,1962934271,2054160383,1591769159.52,1260
1782181713,0,486180,0,805.32,1840.28,2394111,28590079,7696547839,18001952767,23823646719,385024,29125246975,4252139090.53,6454426488.83,486180,10,10,10,0,0,0,0,0,0,2243952639,2699034623,2747269119,2258374549.15,1840
1782181714,0,487560,0,806.27,1379.98,2398207,29048831,7662993407,17985175551,23806869503,385024,29125246975,4248516421.19,6445661223.34,487560,10,10,10,0,0,0,0,0,0,2921332735,3414163455,3548381183,2972234262.26,1380
1782181715,0,488960,0,807.25,1399.95,2404351,29589503,7629438975,17968398335,23806869503,385024,29125246975,4246983227.51,6436506074.82,488960,10,10,10,0,0,0,0,0,0,3707764735,4204789759,4227858431,3713037575.31,1400
1782181716,0,489938,0,807.53,977.56,2406399,29966335,7612661759,17951621119,23790092287,385024,29125246975,4247352874.70,6430096380.63,489938,10,10,10,0,0,0,0,0,0,4487905279,4978638847,5049942015,4432161350.15,978
1782181717,0,490960,0,807.88,1021.79,2410495,30375935,7583301631,17934843903,23790092287,385024,29125246975,4249502403.47,6423585064.81,490960,10,10,10,0,0,0,0,0,0,5272240127,5737807871,5771362303,5279967989.48,1022
1782181718,0,492418,0,808.95,1458.06,2416639,30834687,7562330111,17934843903,23773315071,385024,29125246975,4254750494.19,6414800890.73,492418,10,10,10,0,0,0,0,0,0,5989466111,6429868031,6601834495,6021967652.87,1458
1782181719,0,494089,0,810.37,1671.94,2422783,31539199,7541358591,17901289471,23756537855,385024,29125246975,4263204524.69,6405605540.94,494089,10,10,10,0,0,0,0,0,0,6794772479,7260340223,7390363647,6754477291.93,1671
1782181720,0,495964,0,812.11,1874.18,2428927,32440319,7545552895,17884512255,23739760639,385024,29125246975,4275063677.01,6396408664.68,495964,10,10,10,0,0,0,0,0,0,7398752255,7910457343,7964983295,7400117921.38,1875
1782181721,0,497510,0,813.31,1546.08,2435071,33259519,7616856063,17867735039,23739760639,385024,29125246975,4286657363.34,6389848004.25,497510,10,10,10,0,0,0,0,0,0,7977566207,8384413695,8417968127,8005965932.63,1546
1782181722,0,497715,0,812.32,205.04,2435071,33374207,7629438975,17867735039,23739760639,385024,29125246975,4288376265.36,6389093285.49,497715,10,10,10,0,0,0,0,0,0,8451522559,8552185855,8556380159,8459941858.03,205
1782181723,0,499129,0,813.30,1414.36,2441215,34111487,7709130751,17850957823,23722983423,385024,29125246975,4303156180.89,6386077480.46,499129,10,10,10,0,0,0,0,0,0,9462349823,10150215679,10183770111,9505550561.95,1414
1782181724,0,501264,0,815.45,2133.77,2447359,35291135,7864319999,17817403391,23706206207,385024,29125246975,4328407676.45,6384163477.67,501264,10,10,10,0,0,0,0,0,0,10225713151,10762584063,10796138495,10231805206.66,2135
1782181725,0,503954,0,818.49,2692.27,2457599,36732927,8053063679,17783848959,23689428991,385024,29125246975,4362996391.27,6384635370.60,503954,10,10,10,0,0,0,0,0,0,10645143551,11408506879,11450449919,10808378379.42,2690
1782181726,0,505810,0,820.17,1854.77,2465791,37748735,8208252927,17767071743,23655874559,385024,29125246975,4388874377.04,6387184310.74,505810,10,10,10,0,0,0,0,0,0,11408506879,11861491711,11920211967,11415444656.55,1856
1782181727,0,508660,0,823.46,2849.55,2476031,39649279,8384413695,17733517311,23639097343,385024,29125246975,4431373058.01,6394393703.68,508660,10,10,10,0,0,0,0,0,0,11987320831,12230590463,12348030975,11973919662.80,2850
1782181728,0,509666,0,823.76,1006.06,2480127,40304639,8447328255,17733517311,23639097343,385024,29125246975,4446502800.84,6397137273.91,509666,10,10,10,0,0,0,0,0,0,12046041087,12423528447,12499025919,12096497814.65,1006
1782181729,0,511838,0,825.93,2172.55,2490367,41844735,8606711807,17699962879,23605542911,385024,29125246975,4483979968.63,6409329335.94,511838,10,10,10,0,0,0,0,0,0,13371441151,13581156351,13614710783,13278104370.45,2172
1782181730,0,515578,0,830.63,3740.93,2504703,45219839,8984199167,17666408447,23588765695,385024,29125246975,4548195519.14,6430136940.02,515578,10,10,10,0,0,0,0,0,0,13279166463,14101250047,14168358911,13336419835.07,3740
1782181731,0,519640,0,835.82,4059.85,2523135,49807359,9261023231,17616076799,23555211263,385024,29125246975,4621353462.70,6458098622.06,519640,10,10,10,0,0,0,0,0,0,13472104447,14914945023,14965276671,13907081239.19,4062
1782181732,0,523289,0,840.34,3650.75,2539519,54362111,9495904255,17582522367,23521656831,385024,29125246975,4688417557.37,6485273028.94,523289,10,10,10,0,0,0,0,0,0,14587789311,14797504511,14940110847,14238756321.83,3649
1782181733,0,526136,0,843.56,2847.39,2549759,59342847,9663676415,17565745151,23504879615,385024,29125246975,4741238524.97,6507306065.83,526136,10,10,10,0,0,0,0,0,0,14344519679,15049162751,15082717183,14449925323.94,2847
1782181734,0,529555,0,847.68,3419.47,2564095,66387967,9856614399,17532190719,23471325183,385024,29125246975,4805646027.78,6535375869.86,529555,10,10,10,0,0,0,0,0,0,14587789311,15342764031,15401484287,14717054596.23,3419
1782181735,0,531945,0,850.15,2388.31,2576383,73269247,9999220735,17498636287,23454547967,385024,29125246975,4852822987.35,6558432816.12,531945,10,10,10,0,0,0,0,0,0,15275655167,15871246335,15888023551,15305875216.07,2390
1782181736,0,534679,0,853.15,2733.52,2586623,81002495,10108272639,17481859071,23420993535,385024,29125246975,4908588095.06,6587793791.02,534679,10,10,10,0,0,0,0,0,0,15711862783,16366174207,16399728639,15758613778.91,2734
1782181737,0,536905,0,855.34,2227.75,2598911,87752703,10217324543,17448304639,23404216319,385024,29125246975,4955363213.55,6614030185.47,536905,10,10,10,0,0,0,0,0,0,16324231167,16861102079,16903045119,16190616394.75,2226
1782181738,0,538188,0,856.02,1282.28,2605055,91815935,10267656191,17481859071,23404216319,385024,29125246975,4983793948.23,6631729731.88,538188,10,10,10,0,0,0,0,0,0,16944988159,17548967935,17582522367,16881380542.75,1283
1782181739,0,538650,0,855.39,462.20,2607103,93585407,10292822015,17515413503,23387439103,385024,29125246975,4994520676.65,6638995736.53,538650,10,10,10,0,0,0,0,0,0,17716740095,17817403391,17834180607,17490184129.94,462
1782181740,0,543328,0,861.45,4676.13,2627583,108789759,10485759999,18052284415,23353884671,385024,29125246975,5108954079.73,6723550932.51,543328,10,10,10,0,0,0,0,0,0,18270388223,18907922431,18958254079,18285429618.59,4678
1782181741,0,545808,0,864.02,2479.88,2639871,117964799,10594811903,18371051519,23337107455,385024,29125246975,5172219974.48,6773334691.14,545808,10,10,10,0,0,0,0,0,0,19025362943,19528679423,19595788287,19032757096.05,2480
1782181742,0,546528,0,863.79,719.94,2643967,120979455,10636754943,18471714815,23337107455,385024,29125246975,5190404820.39,6787365753.53,546528,10,10,10,0,0,0,0,0,0,18975031295,19209912319,19243466751,18975730346.67,720
1782181743,0,548462,0,865.48,1934.31,2654207,127664127,10770972671,18689818623,23320330239,385024,29125246975,5242269528.76,6831260526.16,548462,10,10,10,0,0,0,0,0,0,19897778175,20132659199,20233322495,19898689038.30,1934
1782181744,0,549317,0,865.46,855.50,2656255,130940927,10812915711,18756927487,23303553023,385024,29125246975,5266523113.71,6853538330.85,549317,10,10,10,0,0,0,0,0,0,20937965567,21088960511,21122514943,20824616342.01,855
1782181745,0,549589,0,864.53,271.93,2658303,131727359,10838081535,18773704703,23303553023,385024,29125246975,5274371982.34,6860915227.78,549589,10,10,10,0,0,0,0,0,0,21139292159,21256732671,21273509887,21125537310.12,272
1782181746,0,550015,0,863.84,425.92,2660351,133300223,10863247359,18807259135,23303553023,385024,29125246975,5287786628.64,6875163475.34,550015,10,10,10,0,0,0,0,0,0,22632464383,22783459327,22800236543,22594223358.80,426
1782181747,0,550520,0,863.28,505.22,2662399,135004159,10896801791,18857590783,23353884671,385024,29125246975,5304040746.55,6892916299.28,550520,10,10,10,0,0,0,0,0,0,22984785919,23387439103,23404216319,23007028189.53,505
1782181748,0,550712,0,862.23,191.91,2664447,135921663,10905190399,18874367999,23454547967,385024,29125246975,5310533027.29,6900478910.99,550712,10,10,10,0,0,0,0,0,0,24058527743,24209522687,24209522687,23925795498.67,192
1782181749,0,550744,0,860.93,31.99,2664447,135921663,10913579007,18874367999,23488102399,385024,29125246975,5311687231.97,6901939521.89,550744,10,10,10,0,0,0,0,0,0,25182601215,25199378431,25199378431,25175261184.00,32
1782181750,0,550749,0,859.59,5.00,2664447,135921663,10913579007,18874367999,23488102399,385024,29125246975,5311868621.00,6902170731.38,550749,10,10,10,0,0,0,0,0,0,25300041727,25300041727,25300041727,25291653120.00,5
1782181751,0,550749,0,858.25,0.00,2664447,135921663,10913579007,18874367999,23488102399,385024,29125246975,5311868621.00,6902170731.38,550749,10,10,10,0,0,0,0,0,0,0,0,0,0.00,0
1782181752,0,550749,0,856.92,0.00,2664447,135921663,10913579007,18874367999,23488102399,385024,29125246975,5311868621.00,6902170731.38,550749,10,10,10,0,0,0,0,0,0,0,0,0,0.00,0
1782181753,0,550749,0,855.59,0.00,2664447,135921663,10913579007,18874367999,23488102399,385024,29125246975,5311868621.00,6902170731.38,550749,10,10,10,0,0,0,0,0,0,0,0,0,0.00,0
1782181754,0,550749,0,854.26,0.00,2664447,135921663,10913579007,18874367999,23488102399,385024,29125246975,5311868621.00,6902170731.38,550749,10,10,10,0,0,0,0,0,0,0,0,0,0.00,0
1782181755,0,550749,0,852.93,0.00,2664447,135921663,10913579007,18874367999,23488102399,385024,29125246975,5311868621.00,6902170731.38,550749,10,10,10,0,0,0,0,0,0,0,0,0,0.00,0
1782181756,0,550749,0,851.62,0.00,2664447,135921663,10913579007,18874367999,23488102399,385024,29125246975,5311868621.00,6902170731.38,550749,10,10,10,0,0,0,0,0,0,0,0,0,0.00,0
1782181757,0,550749,0,850.30,0.00,2664447,135921663,10913579007,18874367999,23488102399,385024,29125246975,5311868621.00,6902170731.38,550749,10,10,10,0,0,0,0,0,0,0,0,0,0.00,0
1782181758,0,550749,0,848.99,0.00,2664447,135921663,10913579007,18874367999,23488102399,385024,29125246975,5311868621.00,6902170731.38,550749,10,10,10,0,0,0,0,0,0,0,0,0,0.00,0
1782181759,0,550749,0,847.68,0.00,2664447,135921663,10913579007,18874367999,23488102399,385024,29125246975,5311868621.00,6902170731.38,550749,10,10,10,0,0,0,0,0,0,0,0,0,0.00,0
1782181760,0,550749,0,846.38,0.00,2664447,135921663,10913579007,18874367999,23488102399,385024,29125246975,5311868621.00,6902170731.38,550749,10,10,10,0,0,0,0,0,0,0,0,0,0.00,0
1782181761,0,550749,0,845.08,0.00,2664447,135921663,10913579007,18874367999,23488102399,385024,29125246975,5311868621.00,6902170731.38,550749,10,10,10,0,0,0,0,0,0,0,0,0,0.00,0
1782181762,0,550749,0,843.79,0.00,2664447,135921663,10913579007,18874367999,23488102399,385024,29125246975,5311868621.00,6902170731.38,550749,10,10,10,0,0,0,0,0,0,0,0,0,0.00,0
1782181763,0,550749,0,842.50,0.00,2664447,135921663,10913579007,18874367999,23488102399,385024,29125246975,5311868621.00,6902170731.38,550749,10,10,10,0,0,0,0,0,0,0,0,0,0.00,0
1782181764,0,550749,0,841.21,0.00,2664447,135921663,10913579007,18874367999,23488102399,385024,29125246975,5311868621.00,6902170731.38,550749,10,10,10,0,0,0,0,0,0,0,0,0,0.00,0
1782181765,0,550749,0,839.93,0.00,2664447,135921663,10913579007,18874367999,23488102399,385024,29125246975,5311868621.00,6902170731.38,550749,10,10,10,0,0,0,0,0,0,0,0,0,0.00,0
1782181766,0,550749,0,838.65,0.00,2664447,135921663,10913579007,18874367999,23488102399,385024,29125246975,5311868621.00,6902170731.38,550749,10,10,10,0,0,0,0,0,0,0,0,0,0.00,0
1782181767,0,550749,0,837.37,0.00,2664447,135921663,10913579007,18874367999,23488102399,385024,29125246975,5311868621.00,6902170731.38,550749,10,10,10,0,0,0,0,0,0,0,0,0,0.00,0
1782181768,0,550749,0,836.10,0.00,2664447,135921663,10913579007,18874367999,23488102399,385024,29125246975,5311868621.00,6902170731.38,550749,10,10,10,0,0,0,0,0,0,0,0,0,0.00,0
1782181769,0,550749,0,834.83,0.00,2664447,135921663,10913579007,18874367999,23488102399,385024,29125246975,5311868621.00,6902170731.38,550749,10,10,10,0,0,0,0,0,0,0,0,0,0.00,0
1782181770,0,550749,0,833.57,0.00,2664447,135921663,10913579007,18874367999,23488102399,385024,29125246975,5311868621.00,6902170731.38,550749,10,10,10,0,0,0,0,0,0,0,0,0,0.00,0
1782181771,0,550749,0,832.31,0.00,2664447,135921663,10913579007,18874367999,23488102399,385024,29125246975,5311868621.00,6902170731.38,550749,10,10,10,0,0,0,0,0,0,0,0,0,0.00,0
1782181772,0,550749,0,831.06,0.00,2664447,135921663,10913579007,18874367999,23488102399,385024,29125246975,5311868621.00,6902170731.38,550749,10,10,10,0,0,0,0,0,0,0,0,0,0.00,0
1782181773,0,550749,0,829.80,0.00,2664447,135921663,10913579007,18874367999,23488102399,385024,29125246975,5311868621.00,6902170731.38,550749,10,10,10,0,0,0,0,0,0,0,0,0,0.00,0
1782181774,0,550749,0,828.56,0.00,2664447,135921663,10913579007,18874367999,23488102399,385024,29125246975,5311868621.00,6902170731.38,550749,10,10,10,0,0,0,0,0,0,0,0,0,0.00,0
1782181775,0,550749,0,827.31,0.00,2664447,135921663,10913579007,18874367999,23488102399,385024,29125246975,5311868621.00,6902170731.38,550749,10,10,10,0,0,0,0,0,0,0,0,0,0.00,0
1782181776,0,550749,0,826.07,0.00,2664447,135921663,10913579007,18874367999,23488102399,385024,29125246975,5311868621.00,6902170731.38,550749,10,10,10,0,0,0,0,0,0,0,0,0,0.00,0
1782181777,0,550749,0,824.83,0.00,2664447,135921663,10913579007,18874367999,23488102399,385024,29125246975,5311868621.00,6902170731.38,550749,10,10,10,0,0,0,0,0,0,0,0,0,0.00,0
1782181778,0,550749,0,823.60,0.00,2664447,135921663,10913579007,18874367999,23488102399,385024,29125246975,5311868621.00,6902170731.38,550749,10,10,10,0,0,0,0,0,0,0,0,0,0.00,0
1782181779,0,550749,0,822.37,0.00,2664447,135921663,10913579007,18874367999,23488102399,385024,29125246975,5311868621.00,6902170731.38,550749,10,10,10,0,0,0,0,0,0,0,0,0,0.00,0
1782181780,0,550749,0,821.14,0.00,2664447,135921663,10913579007,18874367999,23488102399,385024,29125246975,5311868621.00,6902170731.38,550749,10,10,10,0,0,0,0,0,0,0,0,0,0.00,0
1782181781,0,550749,0,819.92,0.00,2664447,135921663,10913579007,18874367999,23488102399,385024,29125246975,5311868621.00,6902170731.38,550749,10,10,10,0,0,0,0,0,0,0,0,0,0.00,0
1782181782,0,550749,0,818.70,0.00,2664447,135921663,10913579007,18874367999,23488102399,385024,29125246975,5311868621.00,6902170731.38,550749,10,10,10,0,0,0,0,0,0,0,0,0,0.00,0
1782181783,0,550749,0,817.49,0.00,2664447,135921663,10913579007,18874367999,23488102399,385024,29125246975,5311868621.00,6902170731.38,550749,10,10,10,0,0,0,0,0,0,0,0,0,0.00,0
1782181784,0,550749,0,816.28,0.00,2664447,135921663,10913579007,18874367999,23488102399,385024,29125246975,5311868621.00,6902170731.38,550749,10,10,10,0,0,0,0,0,0,0,0,0,0.00,0
1782181785,0,550749,0,815.07,0.00,2664447,135921663,10913579007,18874367999,23488102399,385024,29125246975,5311868621.00,6902170731.38,550749,10,10,10,0,0,0,0,0,0,0,0,0,0.00,0
1782181786,0,550749,0,813.86,0.00,2664447,135921663,10913579007,18874367999,23488102399,385024,29125246975,5311868621.00,6902170731.38,550749,10,10,10,0,0,0,0,0,0,0,0,0,0.00,0
1782181787,0,550749,0,812.66,0.00,2664447,135921663,10913579007,18874367999,23488102399,385024,29125246975,5311868621.00,6902170731.38,550749,10,10,10,0,0,0,0,0,0,0,0,0,0.00,0
1782181788,0,550749,0,811.46,0.00,2664447,135921663,10913579007,18874367999,23488102399,385024,29125246975,5311868621.00,6902170731.38,550749,10,10,10,0,0,0,0,0,0,0,0,0,0.00,0
1782181789,0,550749,0,810.27,0.00,2664447,135921663,10913579007,18874367999,23488102399,385024,29125246975,5311868621.00,6902170731.38,550749,10,10,10,0,0,0,0,0,0,0,0,0,0.00,0
1782181790,0,550749,0,809.08,0.00,2664447,135921663,10913579007,18874367999,23488102399,385024,29125246975,5311868621.00,6902170731.38,550749,10,10,10,0,0,0,0,0,0,0,0,0,0.00,0
1782181791,0,550749,0,807.89,0.00,2664447,135921663,10913579007,18874367999,23488102399,385024,29125246975,5311868621.00,6902170731.38,550749,10,10,10,0,0,0,0,0,0,0,0,0,0.00,0
1782181792,0,550749,0,806.71,0.00,2664447,135921663,10913579007,18874367999,23488102399,385024,29125246975,5311868621.00,6902170731.38,550749,10,10,10,0,0,0,0,0,0,0,0,0,0.00,0
1782181793,0,550749,0,805.53,0.00,2664447,135921663,10913579007,18874367999,23488102399,385024,29125246975,5311868621.00,6902170731.38,550749,10,10,10,0,0,0,0,0,0,0,0,0,0.00,0
1782181794,0,550749,0,804.35,0.00,2664447,135921663,10913579007,18874367999,23488102399,385024,29125246975,5311868621.00,6902170731.38,550749,10,10,10,0,0,0,0,0,0,0,0,0,0.00,0
1782181795,0,550749,0,803.18,0.00,2664447,135921663,10913579007,18874367999,23488102399,385024,29125246975,5311868621.00,6902170731.38,550749,10,10,10,0,0,0,0,0,0,0,0,0,0.00,0
1782181796,0,550749,0,802.01,0.00,2664447,135921663,10913579007,18874367999,23488102399,385024,29125246975,5311868621.00,6902170731.38,550749,10,10,10,0,0,0,0,0,0,0,0,0,0.00,0
1782181797,0,550749,0,800.84,0.00,2664447,135921663,10913579007,18874367999,23488102399,385024,29125246975,5311868621.00,6902170731.38,550749,10,10,10,0,0,0,0,0,0,0,0,0,0.00,0
1782181798,0,550749,0,799.68,0.00,2664447,135921663,10913579007,18874367999,23488102399,385024,29125246975,5311868621.00,6902170731.38,550749,10,10,10,0,0,0,0,0,0,0,0,0,0.00,0
1782181799,0,550749,0,798.52,0.00,2664447,135921663,10913579007,18874367999,23488102399,385024,29125246975,5311868621.00,6902170731.38,550749,10,10,10,0,0,0,0,0,0,0,0,0,0.00,0
1782181800,0,550749,0,797.37,0.00,2664447,135921663,10913579007,18874367999,23488102399,385024,29125246975,5311868621.00,6902170731.38,550749,10,10,10,0,0,0,0,0,0,0,0,0,0.00,0
1782181801,0,550749,0,796.21,0.00,2664447,135921663,10913579007,18874367999,23488102399,385024,29125246975,5311868621.00,6902170731.38,550749,10,10,10,0,0,0,0,0,0,0,0,0,0.00,0
1782181802,0,550749,0,795.06,0.00,2664447,135921663,10913579007,18874367999,23488102399,385024,29125246975,5311868621.00,6902170731.38,550749,10,10,10,0,0,0,0,0,0,0,0,0,0.00,0
1782181803,0,550749,0,793.92,0.00,2664447,135921663,10913579007,18874367999,23488102399,385024,29125246975,5311868621.00,6902170731.38,550749,10,10,10,0,0,0,0,0,0,0,0,0,0.00,0
1782181804,0,550749,0,792.78,0.00,2664447,135921663,10913579007,18874367999,23488102399,385024,29125246975,5311868621.00,6902170731.38,550749,10,10,10,0,0,0,0,0,0,0,0,0,0.00,0
1782181805,0,550749,0,791.64,0.00,2664447,135921663,10913579007,18874367999,23488102399,385024,29125246975,5311868621.00,6902170731.38,550749,10,10,10,0,0,0,0,0,0,0,0,0,0.00,0
1782181806,0,550749,0,790.50,0.00,2664447,135921663,10913579007,18874367999,23488102399,385024,29125246975,5311868621.00,6902170731.38,550749,10,10,10,0,0,0,0,0,0,0,0,0,0.00,0
1782181807,0,550749,0,789.37,0.00,2664447,135921663,10913579007,18874367999,23488102399,385024,29125246975,5311868621.00,6902170731.38,550749,10,10,10,0,0,0,0,0,0,0,0,0,0.00,0
1782181808,0,550749,0,788.24,0.00,2664447,135921663,10913579007,18874367999,23488102399,385024,29125246975,5311868621.00,6902170731.38,550749,10,10,10,0,0,0,0,0,0,0,0,0,0.00,0
1782181809,0,550749,0,787.11,0.00,2664447,135921663,10913579007,18874367999,23488102399,385024,29125246975,5311868621.00,6902170731.38,550749,10,10,10,0,0,0,0,0,0,0,0,0,0.00,0
1782181810,0,550749,0,785.99,0.00,2664447,135921663,10913579007,18874367999,23488102399,385024,29125246975,5311868621.00,6902170731.38,550749,10,10,10,0,0,0,0,0,0,0,0,0,0.00,0
1782181811,0,550749,0,784.87,0.00,2664447,135921663,10913579007,18874367999,23488102399,385024,29125246975,5311868621.00,6902170731.38,550749,10,10,10,0,0,0,0,0,0,0,0,0,0.00,0
1782181812,0,550749,0,783.75,0.00,2664447,135921663,10913579007,18874367999,23488102399,385024,29125246975,5311868621.00,6902170731.38,550749,10,10,10,0,0,0,0,0,0,0,0,0,0.00,0
1782181813,0,550749,0,782.64,0.00,2664447,135921663,10913579007,18874367999,23488102399,385024,29125246975,5311868621.00,6902170731.38,550749,10,10,10,0,0,0,0,0,0,0,0,0,0.00,0
1782181814,0,550749,0,781.53,0.00,2664447,135921663,10913579007,18874367999,23488102399,385024,29125246975,5311868621.00,6902170731.38,550749,10,10,10,0,0,0,0,0,0,0,0,0,0.00,0
1782181815,0,550749,0,780.42,0.00,2664447,135921663,10913579007,18874367999,23488102399,385024,29125246975,5311868621.00,6902170731.38,550749,10,10,10,0,0,0,0,0,0,0,0,0,0.00,0
1782181816,0,550749,0,779.31,0.00,2664447,135921663,10913579007,18874367999,23488102399,385024,29125246975,5311868621.00,6902170731.38,550749,10,10,10,0,0,0,0,0,0,0,0,0,0.00,0
1782181817,0,550749,0,778.21,0.00,2664447,135921663,10913579007,18874367999,23488102399,385024,29125246975,5311868621.00,6902170731.38,550749,10,10,10,0,0,0,0,0,0,0,0,0,0.00,0
1782181818,0,550749,0,777.11,0.00,2664447,135921663,10913579007,18874367999,23488102399,385024,29125246975,5311868621.00,6902170731.38,550749,10,10,10,0,0,0,0,0,0,0,0,0,0.00,0
1782181819,0,550749,0,776.02,0.00,2664447,135921663,10913579007,18874367999,23488102399,385024,29125246975,5311868621.00,6902170731.38,550749,10,10,10,0,0,0,0,0,0,0,0,0,0.00,0
1782181820,0,550749,0,774.93,0.00,2664447,135921663,10913579007,18874367999,23488102399,385024,29125246975,5311868621.00,6902170731.38,550749,10,10,10,0,0,0,0,0,0,0,0,0,0.00,0
1782181821,0,550749,0,773.84,0.00,2664447,135921663,10913579007,18874367999,23488102399,385024,29125246975,5311868621.00,6902170731.38,550749,10,10,10,0,0,0,0,0,0,0,0,0,0.00,0
1782181822,0,550749,0,772.75,0.00,2664447,135921663,10913579007,18874367999,23488102399,385024,29125246975,5311868621.00,6902170731.38,550749,10,10,10,0,0,0,0,0,0,0,0,0,0.00,0
1782181823,0,550749,0,771.67,0.00,2664447,135921663,10913579007,18874367999,23488102399,385024,29125246975,5311868621.00,6902170731.38,550749,10,10,10,0,0,0,0,0,0,0,0,0,0.00,0
1782181824,0,550749,0,770.59,0.00,2664447,135921663,10913579007,18874367999,23488102399,385024,29125246975,5311868621.00,6902170731.38,550749,10,10,10,0,0,0,0,0,0,0,0,0,0.00,0
1782181825,0,550749,0,769.51,0.00,2664447,135921663,10913579007,18874367999,23488102399,385024,29125246975,5311868621.00,6902170731.38,550749,10,10,10,0,0,0,0,0,0,0,0,0,0.00,0
1782181826,0,550749,0,768.44,0.00,2664447,135921663,10913579007,18874367999,23488102399,385024,29125246975,5311868621.00,6902170731.38,550749,10,10,10,0,0,0,0,0,0,0,0,0,0.00,0
1782181827,0,550749,0,767.37,0.00,2664447,135921663,10913579007,18874367999,23488102399,385024,29125246975,5311868621.00,6902170731.38,550749,10,10,10,0,0,0,0,0,0,0,0,0,0.00,0
1782181828,0,550749,0,766.30,0.00,2664447,135921663,10913579007,18874367999,23488102399,385024,29125246975,5311868621.00,6902170731.38,550749,10,10,10,0,0,0,0,0,0,0,0,0,0.00,0
1782181829,0,550749,0,765.24,0.00,2664447,135921663,10913579007,18874367999,23488102399,385024,29125246975,5311868621.00,6902170731.38,550749,10,10,10,0,0,0,0,0,0,0,0,0,0.00,0
1782181830,0,550749,0,764.18,0.00,2664447,135921663,10913579007,18874367999,23488102399,385024,29125246975,5311868621.00,6902170731.38,550749,10,10,10,0,0,0,0,0,0,0,0,0,0.00,0
1782181831,0,550749,0,763.12,0.00,2664447,135921663,10913579007,18874367999,23488102399,385024,29125246975,5311868621.00,6902170731.38,550749,10,10,10,0,0,0,0,0,0,0,0,0,0.00,0
1782181832,0,550749,0,762.06,0.00,2664447,135921663,10913579007,18874367999,23488102399,385024,29125246975,5311868621.00,6902170731.38,550749,10,10,10,0,0,0,0,0,0,0,0,0,0.00,0
1782181833,0,550749,0,761.01,0.00,2664447,135921663,10913579007,18874367999,23488102399,385024,29125246975,5311868621.00,6902170731.38,550749,10,10,10,0,0,0,0,0,0,0,0,0,0.00,0
