timestamp,sent_count,received_count,error_count,total_throughput,interval_throughput,latency_ns_p25,latency_ns_p50,latency_ns_p75,latency_ns_p95,latency_ns_p99,latency_ns_min,latency_ns_max,latency_ns_mean,latency_ns_stddev,latency_sample_count,connections,active_connections,connection_attempts,connection_failures,crashes_injected,reconnects,reconnect_failures,duplicate_count,gap_count,interval_latency_ns_p50,interval_latency_ns_p95,interval_latency_ns_p99,interval_latency_ns_mean,interval_latency_sample_count
1782181048,0,0,0,0.00,0.00,0,0,0,0,0,0,0,0.00,0.00,0,1,1,1,0,0,0,0,0,0,0,0,0,0.00,0
1782181049,0,0,0,0.00,0.00,0,0,0,0,0,0,0,0.00,0.00,0,1,1,1,0,0,0,0,0,0,0,0,0,0.00,0
1782181050,0,0,0,0.00,0.00,0,0,0,0,0,0,0,0.00,0.00,0,1,1,1,0,0,0,0,0,0,0,0,0,0.00,0
1782181051,0,0,0,0.00,0.00,0,0,0,0,0,0,0,0.00,0.00,0,1,1,1,0,0,0,0,0,0,0,0,0,0.00,0
1782181052,0,0,0,0.00,0.00,0,0,0,0,0,0,0,0.00,0.00,0,1,1,1,0,0,0,0,0,0,0,0,0,0.00,0
1782181053,0,0,0,0.00,0.00,0,0,0,0,0,0,0,0.00,0.00,0,1,1,1,0,0,0,0,0,0,0,0,0,0.00,0
1782181054,0,0,0,0.00,0.00,0,0,0,0,0,0,0,0.00,0.00,0,1,1,1,0,0,0,0,0,0,0,0,0,0.00,0
1782181055,0,0,0,0.00,0.00,0,0,0,0,0,0,0,0.00,0.00,0,2,2,2,0,0,0,0,0,0,0,0,0,0.00,0
1782181056,0,0,0,0.00,0.00,0,0,0,0,0,0,0,0.00,0.00,0,2,2,2,0,0,0,0,0,0,0,0,0,0.00,0
1782181057,0,0,0,0.00,0.00,0,0,0,0,0,0,0,0.00,0.00,0,2,2,2,0,0,0,0,0,0,0,0,0,0.00,0
1782181058,0,0,0,0.00,0.00,0,0,0,0,0,0,0,0.00,0.00,0,2,2,2,0,0,0,0,0,0,0,0,0,0.00,0
1782181059,0,0,0,0.00,0.00,0,0,0,0,0,0,0,0.00,0.00,0,2,2,2,0,0,0,0,0,0,0,0,0,0.00,0
1782181060,0,0,0,0.00,0.00,0,0,0,0,0,0,0,0.00,0.00,0,2,2,2,0,0,0,0,0,0,0,0,0,0.00,0
1782181061,0,0,0,0.00,0.00,0,0,0,0,0,0,0,0.00,0.00,0,2,2,2,0,0,0,0,0,0,0,0,0,0.00,0
1782181062,0,0,0,0.00,0.00,0,0,0,0,0,0,0,0.00,0.00,0,3,3,3,0,0,0,0,0,0,0,0,0,0.00,0
1782181063,0,0,0,0.00,0.00,0,0,0,0,0,0,0,0.00,0.00,0,3,3,3,0,0,0,0,0,0,0,0,0,0.00,0
1782181064,0,0,0,0.00,0.00,0,0,0,0,0,0,0,0.00,0.00,0,3,3,3,0,0,0,0,0,0,0,0,0,0.00,0
1782181065,0,0,0,0.00,0.00,0,0,0,0,0,0,0,0.00,0.00,0,3,3,3,0,0,0,0,0,0,0,0,0,0.00,0
1782181066,0,0,0,0.00,0.00,0,0,0,0,0,0,0,0.00,0.00,0,3,3,3,0,0,0,0,0,0,0,0,0,0.00,0
1782181067,0,0,0,0.00,0.00,0,0,0,0,0,0,0,0.00,0.00,0,3,3,3,0,0,0,0,0,0,0,0,0,0.00,0
1782181068,0,0,0,0.00,0.00,0,0,0,0,0,0,0,0.00,0.00,0,3,3,3,0,0,0,0,0,0,0,0,0,0.00,0
1782181069,0,0,0,0.00,0.00,0,0,0,0,0,0,0,0.00,0.00,0,4,4,4,0,0,0,0,0,0,0,0,0,0.00,0
1782181070,0,0,0,0.00,0.00,0,0,0,0,0,0,0,0.00,0.00,0,4,4,4,0,0,0,0,0,0,0,0,0,0.00,0
1782181071,0,0,0,0.00,0.00,0,0,0,0,0,0,0,0.00,0.00,0,4,4,4,0,0,0,0,0,0,0,0,0,0.00,0
1782181072,0,0,0,0.00,0.00,0,0,0,0,0,0,0,0.00,0.00,0,4,4,4,0,0,0,0,0,0,0,0,0,0.00,0
1782181073,0,0,0,0.00,0.00,0,0,0,0,0,0,0,0.00,0.00,0,4,4,4,0,0,0,0,0,0,0,0,0,0.00,0
1782181074,0,0,0,0.00,0.00,0,0,0,0,0,0,0,0.00,0.00,0,4,4,4,0,0,0,0,0,0,0,0,0,0.00,0
1782181075,0,0,0,0.00,0.00,0,0,0,0,0,0,0,0.00,0.00,0,5,5,5,0,0,0,0,0,0,0,0,0,0.00,0
1782181076,0,0,0,0.00,0.00,0,0,0,0,0,0,0,0.00,0.00,0,5,5,5,0,0,0,0,0,0,0,0,0,0.00,0
1782181077,0,0,0,0.00,0.00,0,0,0,0,0,0,0,0.00,0.00,0,5,5,5,0,0,0,0,0,0,0,0,0,0.00,0
1782181078,0,0,0,0.00,0.00,0,0,0,0,0,0,0,0.00,0.00,0,5,5,5,0,0,0,0,0,0,0,0,0,0.00,0
1782181079,0,0,0,0.00,0.00,0,0,0,0,0,0,0,0.00,0.00,0,5,5,5,0,0,0,0,0,0,0,0,0,0.00,0
1782181080,0,0,0,0.00,0.00,0,0,0,0,0,0,0,0.00,0.00,0,5,5,5,0,0,0,0,0,0,0,0,0,0.00,0
1782181081,0,0,0,0.00,0.00,0,0,0,0,0,0,0,0.00,0.00,0,5,5,5,0,0,0,0,0,0,0,0,0,0.00,0
1782181082,0,0,0,0.00,0.00,0,0,0,0,0,0,0,0.00,0.00,0,6,6,6,0,0,0,0,0,0,0,0,0,0.00,0
1782181083,0,0,0,0.00,0.00,0,0,0,0,0,0,0,0.00,0.00,0,6,6,6,0,0,0,0,0,0,0,0,0,0.00,0
1782181084,0,0,0,0.00,0.00,0,0,0,0,0,0,0,0.00,0.00,0,6,6,6,0,0,0,0,0,0,0,0,0,0.00,0
1782181085,0,0,0,0.00,0.00,0,0,0,0,0,0,0,0.00,0.00,0,6,6,6,0,0,0,0,0,0,0,0,0,0.00,0
1782181086,0,0,0,0.00,0.00,0,0,0,0,0,0,0,0.00,0.00,0,6,6,6,0,0,0,0,0,0,0,0,0,0.00,0
1782181087,0,0,0,0.00,0.00,0,0,0,0,0,0,0,0.00,0.00,0,6,6,6,0,0,0,0,0,0,0,0,0,0.00,0
1782181088,0,0,0,0.00,0.00,0,0,0,0,0,0,0,0.00,0.00,0,6,6,6,0,0,0,0,0,0,0,0,0,0.00,0
1782181089,0,0,0,0.00,0.00,0,0,0,0,0,0,0,0.00,0.00,0,7,7,7,0,0,0,0,0,0,0,0,0,0.00,0
1782181090,0,0,0,0.00,0.00,0,0,0,0,0,0,0,0.00,0.00,0,7,7,7,0,0,0,0,0,0,0,0,0,0.00,0
1782181091,0,0,0,0.00,0.00,0,0,0,0,0,0,0,0.00,0.00,0,7,7,7,0,0,0,0,0,0,0,0,0,0.00,0
1782181092,0,0,0,0.00,0.00,0,0,0,0,0,0,0,0.00,0.00,0,7,7,7,0,0,0,0,0,0,0,0,0,0.00,0
1782181093,0,0,0,0.00,0.00,0,0,0,0,0,0,0,0.00,0.00,0,7,7,7,0,0,0,0,0,0,0,0,0,0.00,0
1782181094,0,0,0,0.00,0.00,0,0,0,0,0,0,0,0.00,0.00,0,7,7,7,0,0,0,0,0,0,0,0,0,0.00,0
1782181095,0,0,0,0.00,0.00,0,0,0,0,0,0,0,0.00,0.00,0,8,8,8,0,0,0,0,0,0,0,0,0,0.00,0
1782181096,0,0,0,0.00,0.00,0,0,0,0,0,0,0,0.00,0.00,0,8,8,8,0,0,0,0,0,0,0,0,0,0.00,0
1782181097,0,0,0,0.00,0.00,0,0,0,0,0,0,0,0.00,0.00,0,8,8,8,0,0,0,0,0,0,0,0,0,0.00,0
1782181098,0,0,0,0.00,0.00,0,0,0,0,0,0,0,0.00,0.00,0,8,8,8,0,0,0,0,0,0,0,0,0,0.00,0
1782181099,0,0,0,0.00,0.00,0,0,0,0,0,0,0,0.00,0.00,0,8,8,8,0,0,0,0,0,0,0,0,0,0.00,0
1782181100,0,0,0,0.00,0.00,0,0,0,0,0,0,0,0.00,0.00,0,8,8,8,0,0,0,0,0,0,0,0,0,0.00,0
1782181101,0,0,0,0.00,0.00,0,0,0,0,0,0,0,0.00,0.00,0,8,8,8,0,0,0,0,0,0,0,0,0,0.00,0
1782181102,0,0,0,0.00,0.00,0,0,0,0,0,0,0,0.00,0.00,0,9,9,9,0,0,0,0,0,0,0,0,0,0.00,0
1782181103,0,0,0,0.00,0.00,0,0,0,0,0,0,0,0.00,0.00,0,9,9,9,0,0,0,0,0,0,0,0,0,0.00,0
1782181104,0,0,0,0.00,0.00,0,0,0,0,0,0,0,0.00,0.00,0,9,9,9,0,0,0,0,0,0,0,0,0,0.00,0
1782181105,0,0,0,0.00,0.00,0,0,0,0,0,0,0,0.00,0.00,0,9,9,9,0,0,0,0,0,0,0,0,0,0.00,0
1782181106,0,0,0,0.00,0.00,0,0,0,0,0,0,0,0.00,0.00,0,9,9,9,0,0,0,0,0,0,0,0,0,0.00,0
1782181107,0,0,0,0.00,0.00,0,0,0,0,0,0,0,0.00,0.00,0,9,9,9,0,0,0,0,0,0,0,0,0,0.00,0
1782181108,0,0,0,0.00,0.00,0,0,0,0,0,0,0,0.00,0.00,0,9,9,9,0,0,0,0,0,0,0,0,0,0.00,0
1782181109,0,0,0,0.00,0.00,0,0,0,0,0,0,0,0.00,0.00,0,10,10,10,0,0,0,0,0,0,0,0,0,0.00,0
1782181110,0,170,0,279.64,170.06,2775039,12247039,84606975,156893183,175898623,1115136,175898623,47207902.87,57160634.58,170,10,10,10,0,0,0,0,0,0,12247039,156893183,175898623,47207902.87,170
1782181111,0,370,0,230.17,200.08,2621439,3225599,9183231,154271743,174456831,1115136,175898623,23328939.59,44566205.39,370,10,10,10,0,0,0,0,0,0,3059711,4251647,4747263,3031820.80,200
1782181112,0,570,0,218.57,199.93,2240511,2955263,3749887,121044991,165675007,1115136,175898623,15994849.46,37267981.75,570,10,10,10,0,0,0,0,0,0,2267135,3637247,3868671,2426782.72,200
1782181113,0,770,0,213.45,200.09,2140159,2619391,3330047,101974015,157024255,1115136,175898623,12421573.49,32628139.48,770,10,10,10,0,0,0,0,0,0,2250751,3104767,3282943,2237736.96,200
1782181114,0,970,0,210.49,199.85,2111487,2594815,3225599,73334783,156762111,1115136,175898623,10380728.74,29347068.67,970,10,10,10,0,0,0,0,0,0,2396159,3874815,4911103,2523476.48,200
1782181115,0,1170,0,208.64,200.11,2036735,2484223,3133439,70320127,155713535,1115136,175898623,9000563.53,26895207.50,1170,10,10,10,0,0,0,0,0,0,2193407,3334143,5705727,2306762.24,200
1782181116,0,1370,0,207.32,199.90,2013183,2480127,3123199,26411007,155582463,1087488,175898623,8054491.75,24961564.71,1370,10,10,10,0,0,0,0,0,0,2408447,3954687,4636671,2519971.84,200
1782181117,0,1570,0,206.37,200.09,1977343,2412543,3045375,20217855,155451391,1087488,175898623,7303866.54,23400651.92,1570,10,10,10,0,0,0,0,0,0,2109439,2936831,3076095,2162083.84,200
1782181118,0,1770,0,205.62,199.94,1976319,2390015,3014655,11862015,154271743,1087488,175898623,6747689.08,22095279.63,1770,10,10,10,0,0,0,0,0,0,2271231,3434495,5529599,2381696.00,200
1782181119,0,1970,0,205.04,200.06,1957887,2357247,2963455,11862015,153354239,1087488,175898623,6500715.86,21166558.02,1970,10,10,10,0,0,0,0,0,0,2168831,3629055,47251455,4315002.88,200
1782181120,0,2170,0,204.56,199.95,1928191,2322431,2887679,5705727,150601727,1045504,175898623,6089177.89,20209302.50,2170,10,10,10,0,0,0,0,0,0,2058239,2641919,2871295,2035528.96,200
1782181121,0,2370,0,204.16,199.93,1908735,2299903,2844671,5505023,124649471,1045504,175898623,5763115.31,19369439.47,2370,10,10,10,0,0,0,0,0,0,2029567,3342335,7962623,2225336.32,200
1782181122,0,2570,0,203.84,200.08,1900543,2277375,2795519,4747263,123535359,1045504,175898623,5475203.19,18627238.08,2570,10,10,10,0,0,0,0,0,0,2066431,2736127,2992127,2063444.48,200
1782181123,0,2770,0,203.56,200.05,1895423,2273279,2760703,4358143,123469823,1045504,175898623,5241973.28,17962246.52,2770,10,10,10,0,0,0,0,0,0,2240511,3059711,4276223,2244968.96,200
1782181124,0,2970,0,203.31,199.93,1890303,2258943,2732031,4251647,110493695,1045504,175898623,5033184.19,17364832.16,2970,10,10,10,0,0,0,0,0,0,2029567,3090431,3686399,2141455.36,200
1782181125,0,3170,0,203.10,200.01,1887231,2250751,2709503,4130815,105775103,1045504,175898623,4854536.16,16822798.49,3170,10,10,10,0,0,0,0,0,0,2148351,3407871,3829759,2201612.80,200
1782181126,0,3370,0,202.92,199.99,1880063,2236415,2691071,4075519,105447423,1045504,175898623,4694190.64,16329015.47,3370,10,10,10,0,0,0,0,0,0,2086911,3291135,3940351,2152714.24,200
1782181127,0,3570,0,202.75,199.98,1869823,2226175,2682879,3940351,104398847,1045504,175898623,4551752.64,15876479.95,3570,10,10,10,0,0,0,0,0,0,2034687,3538943,3790847,2151672.32,200
1782181128,0,3770,0,202.60,200.01,1867775,2226175,2695167,3987455,102301695,1022464,175898623,4438073.18,15458276.06,3770,10,10,10,0,0,0,0,0,0,2279423,4452351,4702207,2408894.72,200
1782181129,0,3970,0,202.47,200.06,1860607,2215935,2689023,3889151,90963967,1022464,175898623,4324794.10,15072413.83,3970,10,10,10,0,0,0,0,0,0,2071551,3334143,3627007,2189483.52,200
1782181130,0,4170,0,202.35,199.96,1861631,2213887,2676735,3889151,84672511,1022464,175898623,4234876.38,14715527.99,4170,10,10,10,0,0,0,0,0,0,2152447,3399679,9478143,2450009.60,200
1782181131,0,4370,0,202.24,200.08,1861631,2207743,2670591,3874815,77922303,1022464,175898623,4146224.51,14381382.81,4370,10,10,10,0,0,0,0,0,0,2119679,3538943,4915199,2297832.96,200
1782181132,0,4570,0,202.14,199.90,1860607,2209791,2658303,3825663,76414975,1022464,175898623,4061971.49,14069091.01,4570,10,10,10,0,0,0,0,0,0,2256895,3104767,3454975,2221043.20,200
1782181133,0,4770,0,202.05,200.07,1860607,2209791,2643967,3796991,74776575,863744,175898623,3981866.40,13776608.01,4770,10,10,10,0,0,0,0,0,0,2174975,2766847,2963455,2151464.96,200
1782181134,0,4970,0,201.97,199.96,1861631,2207743,2637823,3772415,73269247,863744,175898623,3911611.18,13501321.21,4970,10,10,10,0,0,0,0,0,0,2195455,3100671,3565567,2236024.32,200
1782181135,0,5170,0,201.89,200.04,1860607,2205695,2627583,3731455,72286207,863744,175898623,3844707.18,13242221.05,5170,10,10,10,0,0,0,0,0,0,2154495,3198975,3497983,2182142.72,200
1782181136,0,5370,0,201.82,199.92,1857535,2203647,2623487,3672063,71041023,863744,175898623,3781200.42,12997665.23,5370,10,10,10,0,0,0,0,0,0,2152447,2967551,3213311,2139550.72,200
1782181137,0,5570,0,201.76,200.14,1855487,2201599,2621439,3672063,70582271,863744,175898623,3726418.04,12765897.15,5570,10,10,10,0,0,0,0,0,0,2172927,3465215,4243455,2255511.04,200
1782181138,0,5770,0,201.70,199.96,1853439,2201599,2619391,3629055,70385663,863744,175898623,3673851.70,12546125.45,5770,10,10,10,0,0,0,0,0,0,2181119,3147775,3196927,2209879.04,200
1782181139,0,5970,0,201.64,200.00,1856511,2203647,2615295,3592191,51118079,863744,175898623,3626090.73,12337191.76,5970,10,10,10,0,0,0,0,0,0,2267135,3112959,3819519,2248186.88,200
1782181140,0,6170,0,201.58,199.93,1854463,2199551,2607103,3602431,51019775,863744,175898623,3580058.80,12138747.83,6170,10,10,10,0,0,0,0,0,0,2105343,3846143,4517887,2206005.76,200
1782181141,0,6370,0,201.53,199.94,1855487,2199551,2605055,3624959,47349759,863744,175898623,3546142.02,11950374.99,6370,10,10,10,0,0,0,0,0,0,2240511,3805183,8302591,2499809.28,200
1782181142,0,6570,0,201.49,200.13,1852415,2197503,2600959,3583999,47251455,863744,175898623,3503977.09,11769729.70,6570,10,10,10,0,0,0,0,0,0,2121727,2912255,3086335,2161024.00,200
1782181143,0,6770,0,201.44,199.84,1851391,2199551,2607103,3614719,45154303,863744,175898623,3469410.96,11596928.26,6770,10,10,10,0,0,0,0,0,0,2254847,3778559,4122623,2333913.60,200
1782181144,0,6970,0,201.40,200.13,1849343,2195455,2600959,3583999,43188223,863744,175898623,3429469.03,11432042.37,6970,10,10,10,0,0,0,0,0,0,2064383,2922495,3184639,2077434.88,200
1782181145,0,7170,0,201.36,200.07,1847295,2195455,2598911,3565567,43024383,863744,175898623,3392837.16,11273917.43,7170,10,10,10,0,0,0,0,0,0,2125823,2942975,3430399,2116216.32,200
1782181146,0,7370,0,201.32,199.83,1847295,2195455,2598911,3543039,40075263,863744,175898623,3360313.76,11121910.83,7370,10,10,10,0,0,0,0,0,0,2187263,3074047,3237887,2194350.08,200
1782181147,0,7570,0,201.29,200.01,1845247,2193407,2592767,3532799,40009727,863744,175898623,3327523.14,10976136.22,7570,10,10,10,0,0,0,0,0,0,2117631,3026943,3325951,2119188.48,200
1782181148,0,7770,0,201.25,200.04,1841151,2191359,2590719,3512319,27770879,863744,175898623,3295839.09,10836011.42,7770,10,10,10,0,0,0,0,0,0,2129919,2869247,3071999,2096597.76,200
1782181149,0,7970,0,201.22,200.05,1841151,2191359,2590719,3514367,26361855,863744,175898623,3270762.00,10701009.32,7970,10,10,10,0,0,0,0,0,0,2189311,3567615,5001215,2296517.12,200
1782181150,0,8170,0,201.20,200.06,1836031,2187263,2584575,3500031,22216703,863744,175898623,3241020.82,10571226.76,8170,10,10,10,0,0,0,0,0,0,2032639,3096575,3467263,2055834.88,200
1782181151,0,8370,0,201.16,199.82,1836031,2185215,2580479,3491839,21004287,863744,175898623,3214735.54,10445806.32,8370,10,10,10,0,0,0,0,0,0,2131967,2963455,3756031,2140981.76,200
1782181152,0,8570,0,201.14,200.14,1830911,2183167,2578431,3497983,20840447,863744,175898623,3202782.99,10332050.62,8570,10,10,10,0,0,0,0,0,0,2136063,3739647,15138815,2702568.96,200
1782181153,0,8770,0,201.11,199.85,1829887,2183167,2580479,3485695,20381695,863744,175898623,3179534.33,10215030.80,8770,10,10,10,0,0,0,0,0,0,2117631,3094527,3381247,2183329.28,200
1782181154,0,8970,0,201.09,200.10,1827839,2179071,2572287,3469311,20185087,863744,175898623,3152934.10,10102233.25,8970,10,10,10,0,0,0,0,0,0,2028543,2576383,2848767,1986513.92,200
1782181155,0,9170,0,201.06,200.08,1825791,2177023,2568191,3463167,15294463,863744,175898623,3130410.57,9992888.11,9170,10,10,10,0,0,0,0,0,0,2117631,3112959,3461119,2120230.40,200
1782181156,0,9370,0,201.04,199.94,1824767,2174975,2568191,3448831,15138815,863744,175898623,3109239.75,9886956.49,9370,10,10,10,0,0,0,0,0,0,2033663,2957311,3145727,2138557.44,200
1782181157,0,9570,0,201.02,200.07,1818623,2168831,2559999,3430399,14295039,863744,175898623,3084530.12,9784753.44,9570,10,10,10,0,0,0,0,0,0,1890303,2629631,3106815,1926883.84,200
1782181158,0,9770,0,201.00,199.90,1810431,2164735,2557951,3430399,14172159,863744,175898623,3063142.74,9685813.90,9770,10,10,10,0,0,0,0,0,0,1860607,3115007,5206015,2039756.80,200
1782181159,0,9970,0,200.97,199.94,1807359,2160639,2555903,3430399,13582335,863744,175898623,3044108.27,9589628.89,9970,10,10,10,0,0,0,0,0,0,1951743,3250175,4603903,2114274.56,200
1782181160,0,10170,0,200.96,200.08,1801215,2156543,2553855,3438591,13361151,863744,175898623,3025697.40,9496666.62,10170,10,10,10,0,0,0,0,0,0,1882111,4718591,5361663,2107915.52,200
1782181161,0,10370,0,200.94,200.07,1798143,2152447,2549759,3426303,12754943,863744,175898623,3005908.53,9405934.00,10370,10,10,10,0,0,0,0,0,0,1926143,2912255,3127295,1999644.16,200
1782181162,0,10570,0,200.92,199.92,1797119,2152447,2547711,3411967,12247039,863744,175898623,2990161.69,9317534.31,10570,10,10,10,0,0,0,0,0,0,2142207,3307519,3610623,2173688.32,200
1782181163,0,10770,0,200.90,200.05,1789951,2148351,2547711,3420159,12156927,863744,175898623,2974521.88,9232685.44,10770,10,10,10,0,0,0,0,0,0,1849343,3444735,8056831,2147957.76,200
1782181164,0,10970,0,200.89,199.89,1788927,2144255,2543615,3407871,11419647,863744,175898623,2960363.60,9149845.96,10970,10,10,10,0,0,0,0,0,0,2081791,2985983,9658367,2197940.48,200
1782181165,0,11170,0,200.87,200.14,1785855,2140159,2537471,3403775,9805823,863744,175898623,2942778.10,9068724.64,11170,10,10,10,0,0,0,0,0,0,1939455,2729983,3815423,1978213.12,200
1782181166,0,11370,0,200.86,200.01,1787903,2138111,2533375,3399679,9601023,863744,175898623,2928360.43,8989473.41,11370,10,10,10,0,0,0,0,0,0,2042879,2942975,3426303,2123133.44,200
1782181167,0,11570,0,200.84,200.01,1786879,2136063,2531327,3403775,9478143,863744,175898623,2915598.87,8912724.98,11570,10,10,10,0,0,0,0,0,0,2000895,3563519,5607423,2190104.32,200
1782181168,0,11770,0,200.83,199.92,1783807,2134015,2529279,3399679,9256959,863744,175898623,2901552.50,8837628.69,11770,10,10,10,0,0,0,0,0,0,2043903,3008511,3561471,2088970.24,200
1782181169,0,11970,0,200.81,200.08,1785855,2129919,2529279,3399679,9584639,863744,175898623,2894221.97,8766456.64,11970,10,10,10,0,0,0,0,0,0,2043903,3407871,9723903,2462819.84,200
1782181170,0,12190,0,201.13,220.01,1785855,2131967,2531327,3426303,9666559,863744,175898623,2892441.77,8690670.23,12190,10,10,10,0,0,0,0,0,0,2172927,6823935,9732095,2795582.84,220
1782181171,0,12390,0,201.11,199.90,1783807,2127871,2527231,3407871,9650175,863744,175898623,2877822.68,8621215.76,12390,10,10,10,0,0,0,0,0,0,1974271,2871295,3248127,1986789.12,200
1782181172,0,12590,0,201.09,200.10,1783807,2125823,2523135,3409919,9740287,863744,175898623,2872734.97,8557890.70,12590,10,10,10,0,0,0,0,0,0,2093055,3485695,14098431,2557551.36,200
1782181173,0,12790,0,201.08,199.94,1782783,2127871,2523135,3407871,9723903,863744,175898623,2861962.91,8491422.00,12790,10,10,10,0,0,0,0,0,0,2166783,3155967,3573759,2183861.76,200
1782181174,0,12990,0,201.06,200.02,1783807,2127871,2521087,3411967,10952703,863744,175898623,2867312.12,8444645.37,12990,10,10,10,0,0,0,0,0,0,2144255,3778559,24870911,3209393.92,200
1782181175,0,13190,0,201.04,199.87,1785855,2127871,2521087,3405823,9830399,863744,175898623,2856236.58,8381022.29,13190,10,10,10,0,0,0,0,0,0,2162687,2779135,2885631,2136880.64,200
1782181176,0,13390,0,201.03,200.06,1784831,2125823,2516991,3399679,9805823,863744,175898623,2843688.28,8318995.83,13390,10,10,10,0,0,0,0,0,0,2030591,2797567,3239935,2016128.00,200
1782181177,0,13590,0,201.01,199.99,1783807,2125823,2512895,3389439,9740287,863744,175898623,2831787.65,8258324.66,13590,10,10,10,0,0,0,0,0,0,2032639,2824191,3067903,2035040.00,200
1782181178,0,13790,0,201.00,199.93,1783807,2125823,2510847,3389439,9723903,863744,175898623,2822764.67,8198963.73,13790,10,10,10,0,0,0,0,0,0,2134015,3098623,4747263,2209653.76,200
1782181179,0,13990,0,200.98,200.00,1782783,2125823,2514943,3399679,9682943,863744,175898623,2816226.65,8141094.81,13990,10,10,10,0,0,0,0,0,0,2187263,4714495,5246975,2365429.76,200
1782181180,0,14190,0,200.97,200.01,1782783,2125823,2514943,3393535,9666559,863744,175898623,2806493.58,8084131.24,14190,10,10,10,0,0,0,0,0,0,2119679,2895871,2998271,2125665.28,200
1782181181,0,14390,0,200.96,200.10,1783807,2125823,2514943,3393535,9650175,863744,175898623,2798136.93,8028322.57,14390,10,10,10,0,0,0,0,0,0,2113535,3082239,4093951,2205232.64,200
1782181182,0,14590,0,200.94,200.06,1784831,2125823,2514943,3383295,9601023,863744,175898623,2789897.26,7973676.13,14590,10,10,10,0,0,0,0,0,0,2166783,3112959,4202495,2197053.44,200
1782181183,0,14790,0,200.93,199.98,1784831,2125823,2514943,3383295,9584639,863744,175898623,2781820.49,7920165.32,14790,10,10,10,0,0,0,0,0,0,2107391,3559423,3811327,2192619.52,200
1782181184,0,14990,0,200.92,199.96,1784831,2125823,2512895,3379199,9560063,863744,175898623,2772609.32,7867733.80,14990,10,10,10,0,0,0,0,0,0,2101247,2873343,3586047,2091443.20,200
1782181185,0,15190,0,200.91,200.06,1783807,2125823,2512895,3383295,9601023,863744,175898623,2781405.10,7853954.08,15190,10,10,10,0,0,0,0,0,0,2066431,7581695,40730623,3440648.96,200
1782181186,0,15390,0,200.89,200.00,1781759,2123775,2510847,3377151,9584639,863744,175898623,2771303.28,7803383.60,15390,10,10,10,0,0,0,0,0,0,2007039,2656255,2924543,2004070.40,200
1782181187,0,15590,0,200.88,199.97,1780735,2121727,2510847,3371007,9560063,863744,175898623,2762931.74,7753806.22,15590,10,10,10,0,0,0,0,0,0,2034687,3186687,3420159,2118741.76,200
1782181188,0,15790,0,200.87,199.87,1777663,2121727,2508799,3364863,9527295,863744,175898623,2753589.68,7705182.00,15790,10,10,10,0,0,0,0,0,0,2018303,2811903,3190783,2025376.00,200
1782181189,0,15990,0,200.86,200.08,1777663,2119679,2506751,3356671,9478143,863744,175898623,2745345.33,7657380.00,15990,10,10,10,0,0,0,0,0,0,2083839,2994175,3137535,2094453.76,200
1782181190,0,16190,0,200.85,200.10,1774591,2117631,2502655,3354623,9453567,863744,175898623,2736600.33,7610712.85,16190,10,10,10,0,0,0,0,0,0,1964031,2879487,5365759,2037437.44,200
1782181191,0,16390,0,200.84,199.91,1772543,2117631,2500607,3342335,9363455,863744,175898623,2727866.29,7564721.81,16390,10,10,10,0,0,0,0,0,0,2003967,2840575,3010559,2020846.08,200
1782181192,0,16590,0,200.83,200.01,1772543,2117631,2500607,3334143,9215999,863744,175898623,2720336.13,7519478.42,16590,10,10,10,0,0,0,0,0,0,2077695,2873343,3338239,2103239.68,200
1782181193,0,16790,0,200.82,200.06,1768447,2115583,2498559,3336191,9052159,863744,175898623,2712356.14,7475277.30,16790,10,10,10,0,0,0,0,0,0,1889279,3637247,4259839,2050415.36,200
1782181194,0,16990,0,200.81,199.92,1766399,2113535,2496511,3334143,8396799,863744,175898623,2703695.36,7431781.46,16990,10,10,10,0,0,0,0,0,0,1919999,2684927,3649535,1976623.36,200
1782181195,0,17190,0,200.80,199.99,1764351,2111487,2492415,3330047,8368127,863744,175898623,2694843.61,7389113.57,17190,10,10,10,0,0,0,0,0,0,1913855,2988031,4022271,1942887.68,200
1782181196,0,17390,0,200.79,199.98,1762303,2109439,2494463,3334143,9363455,863744,175898623,2699014.09,7360165.82,17390,10,10,10,0,0,0,0,0,0,2010111,4521983,21315583,3057466.88,200
1782181197,0,17590,0,200.78,200.10,1762303,2109439,2492415,3338239,9215999,863744,175898623,2692961.60,7318894.58,17590,10,10,10,0,0,0,0,0,0,2003967,3481599,5332991,2166696.96,200
1782181198,0,17790,0,200.77,199.89,1760255,2107391,2490367,3334143,9052159,863744,175898623,2684624.69,7278216.45,17790,10,10,10,0,0,0,0,0,0,1918975,2689023,3465215,1951393.28,200
1782181199,0,17990,0,200.76,200.03,1760255,2105343,2490367,3325951,8396799,863744,175898623,2677724.79,7238133.09,17990,10,10,10,0,0,0,0,0,0,2027519,2797567,3723263,2063979.52,200
1782181200,0,18190,0,200.75,199.91,1759231,2105343,2488319,3327999,8368127,863744,175898623,2672954.32,7199207.40,18190,10,10,10,0,0,0,0,0,0,2028543,3354623,6541311,2243850.24,200
1782181201,0,18390,0,200.75,200.13,1758207,2103295,2486271,3321855,8314879,863744,175898623,2665437.60,7160483.06,18390,10,10,10,0,0,0,0,0,0,1936383,2951167,3366911,1981792.00,200
1782181202,0,18590,0,200.74,199.99,1758207,2103295,2488319,3323903,8224767,863744,175898623,2660552.20,7122358.65,18590,10,10,10,0,0,0,0,0,0,2119679,3350527,4497407,2211339.52,200
1782181203,0,18790,0,200.73,199.87,1758207,2103295,2486271,3315711,8167423,863744,175898623,2654528.13,7084756.20,18790,10,10,10,0,0,0,0,0,0,2041855,2758655,3784703,2094590.72,200
1782181204,0,18990,0,200.72,200.19,1757183,2101247,2486271,3311615,8056831,863744,175898623,2648502.14,7047813.85,18990,10,10,10,0,0,0,0,0,0,1993727,3088383,3512319,2082360.32,200
1782181205,0,19190,0,200.71,199.82,1756159,2099199,2484223,3307519,8024063,863744,175898623,2642042.96,7011507.92,19190,10,10,10,0,0,0,0,0,0,1993727,3018751,4489215,2028743.68,200
1782181206,0,19390,0,200.71,200.10,1755135,2096127,2480127,3299327,7962623,863744,175898623,2634804.82,6975755.76,19390,10,10,10,0,0,0,0,0,0,1942527,2633727,3139583,1940305.92,200
1782181207,0,19590,0,200.70,200.01,1755135,2095103,2476031,3303423,8224767,863744,175898623,2635703.09,6947743.95,19590,10,10,10,0,0,0,0,0,0,2019327,3725311,18071551,2722790.40,200
1782181208,0,19790,0,200.69,199.92,1754111,2095103,2476031,3303423,8167423,863744,175898623,2631255.95,6913092.16,19790,10,10,10,0,0,0,0,0,0,2080767,3194879,4886527,2195658.24,200
1782181209,0,19990,0,200.69,200.02,1754111,2095103,2476031,3299327,8056831,863744,175898623,2625882.82,6878867.65,19990,10,10,10,0,0,0,0,0,0,2049023,3139583,3645439,2094211.84,200
1782181210,0,20190,0,200.68,200.11,1753087,2094079,2476031,3303423,8024063,863744,175898623,2621623.04,6845389.97,20190,10,10,10,0,0,0,0,0,0,1986559,4415487,5267455,2195857.92,200
1782181211,0,20390,0,200.67,199.90,1751039,2091007,2476031,3311615,7962623,863744,175898623,2616949.72,6812254.36,20390,10,10,10,0,0,0,0,0,0,1965055,3739647,4040703,2145177.60,200
1782181212,0,20590,0,200.67,199.99,1753087,2091007,2476031,3319807,7667711,863744,175898623,2613294.45,6779455.06,20590,10,10,10,0,0,0,0,0,0,2111487,3592191,3989503,2240640.00,200
1782181213,0,20790,0,200.66,200.15,1754111,2091007,2476031,3323903,7565311,863744,175898623,2609630.11,6747202.68,20790,10,10,10,0,0,0,0,0,0,2053119,3846143,4562943,2232386.56,200
1782181214,0,20990,0,200.65,199.85,1752063,2089983,2478079,3321855,7475199,863744,175898623,2605078.00,6715415.85,20990,10,10,10,0,0,0,0,0,0,2070527,3186687,3565567,2131886.08,200
1782181215,0,21190,0,200.65,200.03,1752063,2089983,2476031,3315711,6823935,863744,175898623,2599675.05,6684035.90,21190,10,10,10,0,0,0,0,0,0,2004991,2891775,3268607,2032634.88,200
1782181216,0,21390,0,200.64,199.97,1751039,2087935,2473983,3311615,6762495,863744,175898623,2594120.07,6653136.40,21390,10,10,10,0,0,0,0,0,0,1924095,2859007,3411967,2005570.56,200
1782181217,0,21590,0,200.64,199.96,1751039,2087935,2473983,3305471,6717439,863744,175898623,2589443.65,6622629.36,21590,10,10,10,0,0,0,0,0,0,2084863,3076095,3399679,2089300.48,200
1782181218,0,21790,0,200.63,200.03,1751039,2087935,2473983,3299327,6471679,863744,175898623,2584931.42,6592491.94,21790,10,10,10,0,0,0,0,0,0,2071551,2838527,3258367,2097835.52,200
1782181219,0,21990,0,200.63,200.16,1750015,2087935,2473983,3295231,6426623,863744,175898623,2580601.59,6562805.70,21990,10,10,10,0,0,0,0,0,0,2087935,3004415,3401727,2108866.56,200
1782181220,0,22190,0,200.62,199.97,1748991,2087935,2473983,3289087,6340607,863744,175898623,2575850.98,6533517.91,22190,10,10,10,0,0,0,0,0,0,2016255,2940927,3190783,2053521.92,200
1782181221,0,22390,0,200.61,199.97,1750015,2087935,2473983,3287039,6316031,863744,175898623,2572496.20,6504577.83,22390,10,10,10,0,0,0,0,0,0,2117631,3092479,4255743,2200282.88,200
1782181222,0,22590,0,200.61,200.01,1750015,2087935,2471935,3282943,6275071,863744,175898623,2567965.09,6476074.13,22590,10,10,10,0,0,0,0,0,0,2078719,3041279,3387391,2060707.84,200
1782181223,0,22790,0,200.60,200.05,1746943,2086911,2471935,3278847,6189055,863744,175898623,2562621.75,6448001.03,22790,10,10,10,0,0,0,0,0,0,1917951,2803711,3119103,1959091.20,200
1782181224,0,22990,0,200.60,199.91,1748991,2086911,2467839,3274751,6119423,863744,175898623,2558639.34,6420178.77,22990,10,10,10,0,0,0,0,0,0,2144255,2891775,3395583,2104843.52,200
1782181225,0,23190,0,200.59,200.06,1746943,2086911,2467839,3276799,5988351,863744,175898623,2555544.65,6392951.57,23190,10,10,10,0,0,0,0,0,0,2041855,4016127,5582847,2199810.56,200
1782181226,0,23390,0,200.59,199.97,1746943,2086911,2467839,3274751,5947391,863744,175898623,2551463.47,6365892.26,23390,10,10,10,0,0,0,0,0,0,2009087,3084287,3536895,2078250.24,200
1782181227,0,23590,0,200.58,199.99,1746943,2084863,2463743,3270655,5906431,863744,175898623,2546672.23,6339188.05,23590,10,10,10,0,0,0,0,0,0,1977343,2766847,3012607,1986337.28,200
1782181228,0,23790,0,200.58,199.97,1746943,2084863,2463743,3266559,5898239,863744,175898623,2542328.21,6312783.29,23790,10,10,10,0,0,0,0,0,0,2037759,2697215,3121151,2029950.72,200
1782181229,0,23990,0,200.57,200.04,1746943,2084863,2463743,3272703,6119423,863744,175898623,2545203.75,6293623.52,23990,10,10,10,0,0,0,0,0,0,2067455,4308991,17678335,2887249.92,200
1782181230,0,24430,0,202.56,440.02,1751039,2089983,2476031,3354623,8024063,863744,175898623,2571698.10,6267384.29,24430,10,10,10,0,0,0,0,0,0,2854911,15433727,24887295,4016242.04,440
1782181231,0,24930,0,205.00,499.77,1753087,2095103,2488319,3383295,7827455,663040,175898623,2571644.04,6205459.83,24930,10,10,10,0,0,0,0,0,0,2668543,3942399,4665343,2569002.50,500
1782181232,0,25430,0,207.41,500.20,1757183,2103295,2504703,3459071,7540735,663040,175898623,2577466.18,6145963.17,25430,10,10,10,0,0,0,0,0,0,2813951,4435967,6184959,2867758.08,500
1782181233,0,25930,0,209.78,499.76,1760255,2109439,2516991,3508223,6848511,663040,175898623,2581867.00,6087784.68,25930,10,10,10,0,0,0,0,0,0,2844671,4171775,5062655,2805692.93,500
1782181234,0,26430,0,212.11,500.23,1764351,2115583,2533375,3549183,7540735,663040,175898623,2591892.14,6038038.12,26430,10,10,10,0,0,0,0,0,0,2805759,4849663,17350655,3111795.71,500
1782181235,0,26930,0,214.40,499.99,1768447,2119679,2547711,3575807,7475199,657920,175898623,2596000.95,5983508.78,26930,10,10,10,0,0,0,0,0,0,2736127,4163583,7434239,2813192.70,500
1782181236,0,27430,0,216.65,499.78,1771519,2125823,2564095,3622911,6889471,657920,175898623,2600588.09,5930046.44,27430,10,10,10,0,0,0,0,0,0,2902015,4345855,4800511,2847651.33,500
1782181237,0,27930,0,218.87,499.98,1774591,2134015,2578431,3667967,6823935,657920,175898623,2604644.52,5878148.34,27930,10,10,10,0,0,0,0,0,0,2922495,4308991,5545983,2827180.54,500
1782181238,0,28430,0,221.06,499.97,1777663,2140159,2592767,3696639,6889471,657920,175898623,2612878.59,5833768.52,28430,10,10,10,0,0,0,0,0,0,2777087,4554751,17154047,3072833.54,500
1782181239,0,28930,0,223.21,500.22,1781759,2146303,2607103,3723263,6848511,657920,175898623,2615773.92,5784558.89,28930,10,10,10,0,0,0,0,0,0,2807807,4159487,5697535,2780402.69,500
1782181240,0,29430,0,225.33,499.85,1782783,2150399,2617343,3735551,6840319,657920,175898623,2615681.14,5736766.51,29430,10,10,10,0,0,0,0,0,0,2514943,4104191,6189055,2610312.70,500
1782181241,0,29930,0,227.42,500.17,1785855,2156543,2633727,3747839,6778879,657920,175898623,2618224.21,5689872.57,29930,10,10,10,0,0,0,0,0,0,2783231,4214783,4747263,2767909.38,500
1782181242,0,30430,0,229.47,500.13,1785855,2160639,2648063,3756031,6737919,657920,175898623,2618211.43,5644117.13,30430,10,10,10,0,0,0,0,0,0,2738175,3993599,4153343,2617446.40,500
1782181243,0,30930,0,231.50,500.01,1787903,2164735,2662399,3772415,6778879,657920,175898623,2621942.79,5600509.51,30930,10,10,10,0,0,0,0,0,0,2881535,4681727,7692287,2849033.22,500
1782181244,0,31430,0,233.49,499.76,1785855,2166783,2670591,3778559,6807551,657920,175898623,2620539.94,5558032.22,31430,10,10,10,0,0,0,0,0,0,2525183,4243455,8798207,2533760.00,500
1782181245,0,31930,0,235.46,499.97,1786879,2172927,2680831,3788799,6766591,657920,175898623,2621160.20,5515692.31,31930,10,10,10,0,0,0,0,0,0,2664447,4087807,5595135,2660149.76,500
1782181246,0,32430,0,237.39,500.00,1787903,2177023,2693119,3792895,6668287,657920,175898623,2620670.12,5474126.70,32430,10,10,10,0,0,0,0,0,0,2668543,3993599,4370431,2589373.44,500
1782181247,0,32930,0,239.30,499.90,1788927,2181119,2709503,3815423,6885375,657920,175898623,2630657.90,5447240.82,32930,10,10,10,0,0,0,0,0,0,2826239,6668287,22544383,3278465.02,500
1782181248,0,33430,0,241.18,500.05,1789951,2185215,2717695,3831807,6840319,656896,175898623,2631654.94,5408391.34,33430,10,10,10,0,0,0,0,0,0,2564095,5566463,6496255,2697320.45,500
1782181249,0,33930,0,243.04,500.25,1790975,2187263,2723839,3842047,6807551,656896,175898623,2630410.82,5369534.76,33930,10,10,10,0,0,0,0,0,0,2492415,4020223,4669439,2547228.67,500
1782181250,0,34430,0,244.87,499.93,1790975,2191359,2732031,3842047,6766591,656896,175898623,2627654.04,5331404.41,34430,10,10,10,0,0,0,0,0,0,2494463,3751935,4354047,2440579.07,500
1782181251,0,34930,0,246.67,499.74,1788927,2191359,2736127,3842047,6807551,656896,175898623,2625205.35,5295196.03,34930,10,10,10,0,0,0,0,0,0,2381823,3887103,9363455,2456588.29,500
1782181252,0,35430,0,248.44,500.40,1788927,2195455,2744319,3848191,6840319,656896,175898623,2625787.56,5260705.73,35430,10,10,10,0,0,0,0,0,0,2568191,4147199,11419647,2666460.67,500
1782181253,0,35930,0,250.19,499.64,1788927,2197503,2754559,3848191,6807551,656896,175898623,2624575.97,5224957.59,35930,10,10,10,0,0,0,0,0,0,2631679,3829759,4296703,2538722.82,500
1782181254,0,36430,0,251.92,500.22,1789951,2199551,2762751,3848191,6766591,656896,175898623,2623481.45,5189926.15,36430,10,10,10,0,0,0,0,0,0,2641919,3858431,4431871,2544829.44,500
1782181255,0,36930,0,253.63,499.78,1791999,2203647,2772991,3850239,6770687,656896,175898623,2624818.56,5156264.28,36930,10,10,10,0,0,0,0,0,0,2680831,3987455,7553023,2722240.51,500
1782181256,0,37430,0,255.31,500.21,1790975,2205695,2775039,3864575,6717439,656896,175898623,2622848.82,5123290.40,37430,10,10,10,0,0,0,0,0,0,2314239,4489215,6070271,2477363.71,500
1782181257,0,37930,0,256.96,499.95,1790975,2209791,2783231,3872767,6647807,656896,175898623,2622701.88,5090705.66,37930,10,10,10,0,0,0,0,0,0,2668543,4222975,4943871,2611702.27,500
1782181258,0,38430,0,258.60,500.08,1793023,2213887,2793471,3883007,6615039,656896,175898623,2623815.05,5058878.32,38430,10,10,10,0,0,0,0,0,0,2713599,4206591,5607423,2708259.84,500
1782181259,0,38930,0,260.21,499.95,1791999,2215935,2799615,3897343,6651903,656896,175898623,2624986.50,5028407.03,38930,10,10,10,0,0,0,0,0,0,2557951,4710399,7573503,2715023.87,500
1782181260,0,39430,0,261.81,500.20,1795071,2220031,2805759,3903487,6799359,656896,175898623,2631718.00,5009901.52,39430,10,10,10,0,0,0,0,0,0,2672639,5128191,24510463,3155832.83,500
1782181261,0,39930,0,263.38,499.72,1795071,2224127,2811903,3921919,6832127,656896,175898623,2633691.32,4981118.38,39930,10,10,10,0,0,0,0,0,0,2609151,5259263,9699327,2789307.39,500
1782181262,0,40430,0,264.93,500.27,1796095,2228223,2820095,3926015,6860799,656896,175898623,2634876.55,4952552.34,40430,10,10,10,0,0,0,0,0,0,2656255,4038655,7815167,2729528.83,500
1782181263,0,40930,0,266.46,499.97,1798143,2230271,2828287,3928063,6832127,656896,175898623,2636250.38,4923569.09,40930,10,10,10,0,0,0,0,0,0,2705407,4280319,6025215,2747338.24,500
1782181264,0,41430,0,267.97,499.65,1799167,2234367,2836479,3938303,6799359,656896,175898623,2637802.71,4895177.53,41430,10,10,10,0,0,0,0,0,0,2693119,4579327,5820415,2764876.29,500
1782181265,0,41930,0,269.46,500.13,1800191,2240511,2842623,3940351,6774783,656896,175898623,2638341.67,4867150.78,41930,10,10,10,0,0,0,0,0,0,2713599,4014079,6385663,2683000.32,500
1782181266,0,42430,0,270.93,499.87,1799167,2242559,2848767,3948543,6737919,656896,175898623,2637406.21,4839713.67,42430,10,10,10,0,0,0,0,0,0,2504703,4407295,5033983,2558958.08,500
1782181267,0,42930,0,272.38,500.02,1801215,2246655,2854911,3952639,6651903,656896,175898623,2638047.70,4812410.49,42930,10,10,10,0,0,0,0,0,0,2762751,4182015,4972543,2692485.12,500
1782181268,0,43430,0,273.82,500.38,1801215,2248703,2863103,3960831,6643711,656896,175898623,2638479.53,4785797.03,43430,10,10,10,0,0,0,0,0,0,2605055,4163583,4292607,2675555.84,500
1782181269,0,43930,0,275.24,499.85,1802239,2252799,2869247,3964927,6664191,656896,175898623,2639137.08,4760440.90,43930,10,10,10,0,0,0,0,0,0,2699263,4464639,7434239,2696252.42,500
1782181270,0,44430,0,276.64,499.86,1801215,2252799,2873343,3983359,6848511,656896,175898623,2642781.67,4738735.73,44430,10,10,10,0,0,0,0,0,0,2580479,5959679,12099583,2962994.69,500
1782181271,0,44930,0,278.02,500.16,1803263,2256895,2879487,3987455,6832127,656896,175898623,2642830.46,4713529.60,44930,10,10,10,0,0,0,0,0,0,2605055,4276223,6516735,2647165.95,500
1782181272,0,45430,0,279.38,500.07,1802239,2258943,2883583,3999743,6799359,656896,175898623,2642979.02,4689117.96,45430,10,10,10,0,0,0,0,0,0,2598911,4882431,5718015,2656329.22,500
1782181273,0,45930,0,280.73,499.93,1801215,2258943,2887679,4001791,6762495,656896,175898623,2641163.53,4664650.14,45930,10,10,10,0,0,0,0,0,0,2416639,4102143,5009407,2476208.13,500
1782181274,0,46430,0,282.07,500.16,1802239,2263039,2895871,4007935,6815743,656896,175898623,2643289.73,4642335.88,46430,10,10,10,0,0,0,0,0,0,2662399,4722687,10330111,2838602.24,500
1782181275,0,46930,0,283.38,499.62,1802239,2265087,2899967,4018175,6864895,656896,175898623,2644872.43,4620916.61,46930,10,10,10,0,0,0,0,0,0,2576383,5054463,12050431,2791842.30,500
1782181276,0,47430,0,284.68,500.37,1803263,2269183,2906111,4028415,6860799,656896,175898623,2647194.15,4598345.22,47430,10,10,10,0,0,0,0,0,0,2824191,5558271,6316031,2865110.02,500
1782181277,0,47930,0,285.96,499.54,1805311,2273279,2916351,4036607,6860799,656896,175898623,2650292.15,4575804.88,47930,10,10,10,0,0,0,0,0,0,2863103,4685823,6926335,2944168.96,500
1782181278,0,48430,0,287.23,500.09,1806335,2277375,2922495,4040703,6832127,656896,175898623,2651679.44,4553149.84,48430,10,10,10,0,0,0,0,0,0,2840575,4378623,4825087,2784664.58,500
1782181279,0,48930,0,288.49,500.10,1808383,2281471,2926591,4048895,6840319,656896,175898623,2653529.35,4531445.61,48930,10,10,10,0,0,0,0,0,0,2723839,4567039,7360511,2832711.68,500
1782181280,0,49430,0,289.73,499.93,1806335,2281471,2928639,4052991,6877183,656896,175898623,2652114.31,4510513.28,49430,10,10,10,0,0,0,0,0,0,2338815,5156863,8126463,2513638.40,500
1782181281,0,49930,0,290.95,500.02,1806335,2283519,2930687,4055039,6860799,656896,175898623,2651473.40,4488993.78,49930,10,10,10,0,0,0,0,0,0,2588671,4095999,6676479,2588113.92,500
1782181282,0,50430,0,292.17,500.32,1806335,2285567,2934783,4069375,6832127,656896,175898623,2652273.47,4468168.72,50430,10,10,10,0,0,0,0,0,0,2719743,4747263,5373951,2732167.68,500
1782181283,0,50930,0,293.36,499.59,1807359,2287615,2938879,4067327,6811647,656896,175898623,2651700.57,4446929.26,50930,10,10,10,0,0,0,0,0,0,2643967,3930111,4415487,2593918.46,500
1782181284,0,51430,0,294.55,500.18,1807359,2291711,2945023,4071423,6799359,656896,175898623,2651521.67,4426479.33,51430,10,10,10,0,0,0,0,0,0,2635775,4411391,5689343,2633298.43,500
1782181285,0,51930,0,295.72,500.03,1807359,2291711,2947071,4081663,6778879,574464,175898623,2651148.49,4406579.66,51930,10,10,10,0,0,0,0,0,0,2455551,4722687,6660095,2612763.65,500
1782181286,0,52430,0,296.87,499.75,1808383,2293759,2951167,4081663,6770687,574464,175898623,2650895.47,4386679.94,52430,10,10,10,0,0,0,0,0,0,2609151,4214783,6008831,2624616.45,500
1782181287,0,52930,0,298.02,500.13,1810431,2297855,2957311,4083711,6778879,574464,175898623,2651935.81,4366939.38,52930,10,10,10,0,0,0,0,0,0,2807807,4122623,6823935,2761026.05,500
1782181288,0,53430,0,299.15,500.19,1808383,2297855,2957311,4083711,6762495,574464,175898623,2649259.83,4347576.28,53430,10,10,10,0,0,0,0,0,0,2295807,3917823,4816895,2365980.67,500
1782181289,0,53930,0,300.27,500.07,1809407,2299903,2961407,4085759,6717439,574464,175898623,2649338.12,4328323.28,53930,10,10,10,0,0,0,0,0,0,2744319,4147199,4497407,2657704.45,500
1782181290,0,54230,0,300.26,299.89,1809407,2299903,2961407,4089855,6766591,574464,175898623,2649752.70,4317803.24,54230,10,10,10,0,0,0,0,0,0,2240511,5586943,9420799,2724279.47,300
1782181291,0,54430,0,299.71,200.03,1808383,2297855,2959359,4087807,6762495,574464,175898623,2647234.66,4310146.79,54430,10,10,10,0,0,0,0,0,0,2031615,2637823,3014655,1964468.48,200
1782181292,0,54627,0,299.15,196.99,1806335,2295807,2957311,4085759,6750207,574464,175898623,2644785.80,4302668.76,54627,10,10,10,0,0,0,0,0,0,1974271,2889727,3719167,1968179.98,197
1782181293,0,54830,0,298.63,203.06,1806335,2293759,2953215,4083711,6721535,574464,175898623,2642575.73,4294966.41,54830,10,10,10,0,0,0,0,0,0,2029567,2721791,4542463,2047848.67,203
1782181294,0,55030,0,298.09,199.92,1806335,2291711,2951167,4081663,6713343,574464,175898623,2640355.18,4287448.53,55030,10,10,10,0,0,0,0,0,0,1998847,2895871,4268031,2031591.68,200
1782181295,0,55230,0,297.56,199.99,1806335,2291711,2949119,4079615,6692863,574464,175898623,2638686.02,4279874.71,55230,10,10,10,0,0,0,0,0,0,2096127,3020799,3252223,2179417.60,200
1782181296,0,55430,0,297.04,200.01,1805311,2291711,2947071,4079615,6676479,574464,175898623,2637384.05,4272566.65,55430,10,10,10,0,0,0,0,0,0,2094079,3749887,6156287,2277843.20,200
1782181297,0,55630,0,296.52,199.92,1805311,2289663,2945023,4075519,6668287,574464,175898623,2635849.72,4265143.70,55630,10,10,10,0,0,0,0,0,0,2103295,3641343,4024319,2210609.92,200
1782181298,0,55830,0,296.01,200.17,1804287,2287615,2942975,4071423,6660095,574464,175898623,2633424.43,4257780.36,55830,10,10,10,0,0,0,0,0,0,1960959,2912255,3184639,1958830.08,200
1782181299,0,56030,0,295.50,199.95,1804287,2287615,2940927,4071423,6655999,574464,175898623,2632057.75,4250552.04,56030,10,10,10,0,0,0,0,0,0,2094079,3385343,6492159,2250549.76,200
1782181300,0,56230,0,295.00,200.01,1804287,2285567,2938879,4067327,6647807,574464,175898623,2630483.98,4243186.17,56230,10,10,10,0,0,0,0,0,0,2129919,3037183,3727359,2189593.60,200
1782181301,0,56430,0,294.51,199.99,1804287,2285567,2936831,4065279,6635519,574464,175898623,2628450.18,4235917.31,56430,10,10,10,0,0,0,0,0,0,2011135,2949119,3692543,2056646.40,200
1782181302,0,56630,0,294.02,199.89,1804287,2283519,2934783,4063231,6635519,574464,175898623,2626900.03,4228636.06,56630,10,10,10,0,0,0,0,0,0,2187263,2981887,4143103,2189524.48,200
1782181303,0,56830,0,293.53,200.03,1803263,2283519,2932735,4061183,6631423,574464,175898623,2624732.31,4221476.82,56830,10,10,10,0,0,0,0,0,0,1961983,2875391,4317183,2010942.72,200
1782181304,0,57030,0,293.05,199.98,1803263,2281471,2930687,4059135,6602751,574464,175898623,2623082.74,4214279.64,57030,10,10,10,0,0,0,0,0,0,2043903,3201023,3756031,2154356.48,200
1782181305,0,57230,0,292.58,200.05,1803263,2281471,2928639,4057087,6586367,574464,175898623,2621692.03,4207117.36,57230,10,10,10,0,0,0,0,0,0,2191359,3141631,4575231,2225131.52,200
1782181306,0,57430,0,292.10,200.06,1803263,2281471,2926591,4055039,6582271,574464,175898623,2620128.02,4199997.25,57430,10,10,10,0,0,0,0,0,0,2111487,3219455,3436543,2172586.24,200
1782181307,0,57630,0,291.64,199.89,1803263,2279423,2926591,4055039,6635519,574464,175898623,2619576.01,4193941.23,57630,10,10,10,0,0,0,0,0,0,2038783,3557375,10674175,2461066.24,200
1782181308,0,57830,0,291.18,200.06,1802239,2277375,2924543,4052991,6631423,574464,175898623,2617310.98,4186939.20,57830,10,10,10,0,0,0,0,0,0,1901567,2736127,3024895,1964643.84,200
1782181309,0,58030,0,290.72,199.97,1801215,2275327,2922495,4050943,6602751,574464,175898623,2615431.00,4179991.02,58030,10,10,10,0,0,0,0,0,0,1976319,3119103,4984831,2071833.60,200
1782181310,0,58230,0,290.27,200.07,1801215,2275327,2920447,4048895,6586367,574464,175898623,2613728.32,4173023.90,58230,10,10,10,0,0,0,0,0,0,2050047,3047423,3551231,2119697.92,200
1782181311,0,58430,0,289.82,200.00,1800191,2273279,2918399,4046847,6582271,574464,175898623,2611952.94,4166125.01,58430,10,10,10,0,0,0,0,0,0,2001919,3088383,4333567,2095048.96,200
1782181312,0,58630,0,289.38,199.99,1800191,2273279,2916351,4046847,6569983,574464,175898623,2610492.42,4159248.94,58630,10,10,10,0,0,0,0,0,0,2125823,3065855,4374527,2183801.60,200
1782181313,0,58830,0,288.94,199.93,1799167,2271231,2914303,4044799,6565887,574464,175898623,2608202.10,4152433.57,58830,10,10,10,0,0,0,0,0,0,1904639,2701311,3084287,1936796.16,200
1782181314,0,59030,0,288.50,200.03,1798143,2269183,2912255,4040703,6549503,574464,175898623,2606238.15,4145629.28,59030,10,10,10,0,0,0,0,0,0,1987583,2957311,3565567,2028541.44,200
1782181315,0,59230,0,288.07,199.96,1798143,2267135,2910207,4038655,6545407,574464,175898623,2604570.55,4138809.05,59230,10,10,10,0,0,0,0,0,0,2092031,2891775,3119103,2112378.88,200
1782181316,0,59430,0,287.65,200.05,1798143,2267135,2906111,4036607,6533119,574464,175898623,2602970.70,4132046.46,59430,10,10,10,0,0,0,0,0,0,2085887,3131391,3532799,2129176.32,200
1782181317,0,59630,0,287.22,200.06,1798143,2267135,2906111,4036607,6516735,574464,175898623,2601785.06,4125409.64,59630,10,10,10,0,0,0,0,0,0,2168831,3753983,5537791,2249469.44,200
1782181318,0,59830,0,286.81,199.92,1797119,2265087,2904063,4032511,6496255,574464,175898623,2599969.41,4118748.92,59830,10,10,10,0,0,0,0,0,0,2051071,2975743,3479551,2058634.24,200
1782181319,0,60030,0,286.39,199.98,1797119,2265087,2902015,4030463,6479871,574464,175898623,2598164.57,4112096.82,60030,10,10,10,0,0,0,0,0,0,1988607,2881535,3137535,2058246.40,200
1782181320,0,60230,0,285.98,200.05,1795071,2263039,2899967,4028415,6471679,574464,175898623,2595839.34,4105549.39,60230,10,10,10,0,0,0,0,0,0,1860607,2666495,2996223,1897921.28,200
1782181321,0,60430,0,285.58,200.08,1795071,2260991,2897919,4026367,6467583,574464,175898623,2594279.26,4099013.49,60430,10,10,10,0,0,0,0,0,0,2034687,3469311,3952639,2124462.08,200
1782181322,0,60630,0,285.17,199.88,1795071,2260991,2895871,4026367,6492159,574464,175898623,2594266.91,4095261.28,60630,10,10,10,0,0,0,0,0,0,2061311,3385343,16728063,2590534.40,200
1782181323,0,60828,0,284.77,198.18,1795071,2260991,2893823,4024319,6475775,574464,175898623,2592625.14,4088779.02,60828,10,10,10,0,0,0,0,0,0,2144255,2846719,3305471,2089894.79,198
1782181324,0,61030,0,284.38,201.85,1795071,2258943,2891775,4022271,6471679,574464,175898623,2591206.80,4082184.73,61030,10,10,10,0,0,0,0,0,0,2150399,2955263,3272703,2164104.87,202
1782181325,0,61230,0,283.99,199.98,1795071,2258943,2891775,4022271,6516735,574464,175898623,2590728.93,4076209.97,61230,10,10,10,0,0,0,0,0,0,2144255,4370431,8749055,2444908.80,200
1782181326,0,61430,0,283.60,200.06,1794047,2256895,2889727,4020223,6492159,574464,175898623,2588808.05,4069797.87,61430,10,10,10,0,0,0,0,0,0,1950719,2918399,3090431,2000729.60,200
1782181327,0,61630,0,283.22,199.95,1794047,2256895,2887679,4018175,6475775,574464,175898623,2586935.30,4063410.02,61630,10,10,10,0,0,0,0,0,0,2023423,2856959,2994175,2011720.96,200
1782181328,0,61830,0,282.83,199.98,1793023,2254847,2883583,4018175,6471679,574464,175898623,2585010.48,4057073.97,61830,10,10,10,0,0,0,0,0,0,2007039,2781183,2940927,1991875.84,200
1782181329,0,62030,0,282.46,199.97,1791999,2254847,2881535,4014079,6459391,574464,175898623,2583635.55,4050725.22,62030,10,10,10,0,0,0,0,0,0,2077695,3377151,3774463,2158576.64,200
1782181330,0,62230,0,282.08,200.15,1791999,2252799,2879487,4012031,6451199,574464,175898623,2581833.37,4044436.99,62230,10,10,10,0,0,0,0,0,0,1978367,3035135,3649535,2022886.40,200
1782181331,0,62430,0,281.71,199.96,1790975,2252799,2879487,4009983,6447103,574464,175898623,2580547.02,4038220.21,62430,10,10,10,0,0,0,0,0,0,2059263,3438591,4825087,2180300.80,200
1782181332,0,62630,0,281.35,199.95,1790975,2250751,2877439,4007935,6426623,574464,175898623,2578498.55,4032013.21,62630,10,10,10,0,0,0,0,0,0,1931263,2672639,2762751,1939066.88,200
1782181333,0,62830,0,280.98,199.94,1789951,2248703,2875391,4005887,6414335,574464,175898623,2576606.38,4025820.83,62830,10,10,10,0,0,0,0,0,0,1973247,2826239,2981887,1984072.96,200
1782181334,0,63030,0,280.62,199.99,1788927,2248703,2873343,4005887,6447103,574464,175898623,2575577.30,4020371.24,63030,10,10,10,0,0,0,0,0,0,2032639,3297279,9838591,2252291.84,200
1782181335,0,63230,0,280.27,200.17,1788927,2248703,2871295,4005887,6438911,574464,175898623,2574549.67,4014347.20,63230,10,10,10,0,0,0,0,0,0,2097151,4571135,5042175,2250693.12,200
1782181336,0,63430,0,279.91,200.01,1787903,2246655,2869247,4003839,6422527,574464,175898623,2572717.80,4008243.75,63430,10,10,10,0,0,0,0,0,0,1937407,2791423,2883583,1993573.12,200
1782181337,0,63630,0,279.56,199.89,1787903,2246655,2867199,4001791,6410239,574464,175898623,2571226.63,4002184.61,63630,10,10,10,0,0,0,0,0,0,1996799,3469311,3946495,2098300.16,200
1782181338,0,63830,0,279.21,200.03,1786879,2244607,2865151,3999743,6397951,574464,175898623,2569452.99,3996138.31,63830,10,10,10,0,0,0,0,0,0,1917951,3018751,3248127,2005171.20,200
1782181339,0,64030,0,278.87,200.09,1786879,2244607,2863103,3997695,6389759,574464,175898623,2568184.94,3990135.94,64030,10,10,10,0,0,0,0,0,0,2062335,3356671,4775935,2163484.16,200
1782181340,0,64230,0,278.53,199.96,1785855,2242559,2863103,3995647,6385663,574464,175898623,2566231.00,3984179.62,64230,10,10,10,0,0,0,0,0,0,1865727,2879487,3311615,1940678.40,200
1782181341,0,64430,0,278.19,199.88,1785855,2242559,2861055,3993599,6381567,574464,175898623,2564691.11,3978190.82,64430,10,10,10,0,0,0,0,0,0,2068479,2906111,3565567,2070154.24,200
1782181342,0,64630,0,277.85,200.10,1785855,2240511,2859007,3991551,6373375,574464,175898623,2563547.35,3972228.80,64630,10,10,10,0,0,0,0,0,0,2087935,3303423,4206591,2195086.08,200
1782181343,0,64830,0,277.52,199.99,1785855,2240511,2856959,3989503,6365183,574464,175898623,2562167.83,3966276.05,64830,10,10,10,0,0,0,0,0,0,2131967,3123199,3577855,2116377.60,200
1782181344,0,65030,0,277.19,200.01,1784831,2240511,2856959,3987455,6340607,574464,175898623,2560641.75,3960435.00,65030,10,10,10,0,0,0,0,0,0,1990655,3053567,4390911,2065960.96,200
1782181345,0,65230,0,276.86,199.96,1783807,2238463,2854911,3985407,6320127,574464,175898623,2559102.71,3954585.87,65230,10,10,10,0,0,0,0,0,0,1974271,3000319,4059135,2058685.44,200
1782181346,0,65430,0,276.53,199.92,1780735,2236415,2852863,3985407,6316031,574464,175898623,2556472.52,3948958.96,65430,10,10,10,0,0,0,0,0,0,1561599,2584575,4110335,1698634.24,200
1782181347,0,65630,0,276.21,200.15,1780735,2236415,2850815,3983359,6311935,574464,175898623,2555126.93,3943186.49,65630,10,10,10,0,0,0,0,0,0,2057215,2928639,4456447,2114919.68,200
1782181348,0,65830,0,275.89,199.98,1780735,2234367,2846719,3981311,6303743,574464,175898623,2553388.80,3937392.21,65830,10,10,10,0,0,0,0,0,0,2025471,2566143,3512319,1983019.52,200
1782181349,0,66030,0,275.57,199.89,1779711,2234367,2846719,3977215,6287359,574464,175898623,2551881.98,3931622.26,66030,10,10,10,0,0,0,0,0,0,1953791,2988031,3629055,2055912.96,200
1782181350,0,66850,0,277.84,820.13,1774591,2232319,2850815,4016127,6909951,574464,175898623,2569667.19,3963313.56,66850,10,10,10,0,0,0,0,0,0,1973247,13033471,37388287,4001810.11,820
1782181351,0,67845,0,280.81,995.65,1761279,2224127,2842623,4007935,6901759,549888,175898623,2555761.27,3937488.90,67845,10,10,10,0,0,0,0,0,0,1362943,3215359,5369855,1621479.56,995
1782181352,0,68850,0,283.79,1004.58,1747967,2213887,2838527,4007935,6901759,543744,175898623,2544006.02,3912540.28,68850,10,10,10,0,0,0,0,0,0,1358847,4112383,6262783,1750438.85,1005
1782181353,0,69846,0,286.71,995.53,1737727,2207743,2832383,4003839,6868991,543744,175898623,2533368.37,3887308.46,69846,10,10,10,0,0,0,0,0,0,1529855,3760127,4497407,1798024.22,996
1782181354,0,70850,0,289.65,1004.42,1728511,2201599,2830335,4005887,6848511,463104,175898623,2525346.77,3862673.52,70850,10,10,10,0,0,0,0,0,0,1660927,4116479,5619711,1967302.76,1004
1782181355,0,71850,0,292.54,999.76,1717247,2193407,2824191,3993599,6832127,463104,175898623,2512677.04,3838387.41,71850,10,10,10,0,0,0,0,0,0,1429503,3112959,3731455,1615026.43,1000
1782181356,0,72846,0,295.39,996.56,1705983,2187263,2815999,3989503,6791167,463104,175898623,2501704.61,3814576.53,72846,10,10,10,0,0,0,0,0,0,1467391,3577855,4698111,1710169.19,996
1782181357,0,73840,0,298.21,993.89,1696767,2181119,2811903,3981311,6721535,449792,175898623,2491935.41,3791102.25,73840,10,10,10,0,0,0,0,0,0,1575935,3522559,4210687,1775992.79,994
1782181358,0,74850,0,301.08,1009.50,1688575,2174975,2807807,3973119,6660095,449792,175898623,2482138.34,3767921.20,74850,10,10,10,0,0,0,0,0,0,1568767,3440639,4833279,1765885.09,1010
1782181359,0,75850,0,303.88,1000.02,1675263,2166783,2799615,3966975,6631423,449792,175898623,2470402.17,3745694.01,75850,10,10,10,0,0,0,0,0,0,1355775,3309567,4218879,1591950.08,1000
1782181360,0,76850,0,306.65,1000.21,1668095,2162687,2795519,3962879,6578175,449792,175898623,2462351.92,3723555.99,76850,10,10,10,0,0,0,0,0,0,1569791,3682303,5619711,1851740.67,1000
1782181361,0,77850,0,309.41,1000.22,1661951,2158591,2793471,3964927,6631423,449792,175898623,2458296.30,3705398.90,77850,10,10,10,0,0,0,0,0,0,1694719,4284415,12763135,2146621.95,1000
1782181362,0,78850,0,312.14,999.70,1651711,2152447,2789375,3964927,6586367,449792,175898623,2449516.26,3684719.52,78850,10,10,10,0,0,0,0,0,0,1401855,4141055,5492735,1765990.02,1000
1782181363,0,79850,0,314.86,999.75,1641471,2144255,2783231,3954687,6561791,449792,175898623,2438804.71,3663936.20,79850,10,10,10,0,0,0,0,0,0,1376255,3303423,3948543,1594198.53,1000
1782181364,0,80850,0,317.55,1000.43,1629183,2140159,2779135,3950591,6545407,449792,175898623,2429397.13,3644044.75,80850,10,10,10,0,0,0,0,0,0,1260543,3551231,4825087,1678202.37,1000
1782181365,0,81850,0,320.22,1000.09,1619967,2134015,2775039,3960831,6664191,449792,175898623,2429185.13,3643499.28,81850,10,10,10,0,0,0,0,0,0,1512447,5525503,24428543,2412044.42,1000
1782181366,0,82850,0,322.87,999.97,1610751,2129919,2768895,3954687,6631423,449792,175898623,2420950.39,3623476.89,82850,10,10,10,0,0,0,0,0,0,1481727,3551231,4820991,1746937.09,1000
1782181367,0,83847,0,325.48,996.99,1604607,2125823,2768895,3958783,6660095,449792,175898623,2416821.40,3604922.15,83847,10,10,10,0,0,0,0,0,0,1724415,4055039,8888319,2073705.53,997
1782181368,0,84850,0,328.10,1002.61,1595391,2119679,2762751,3954687,6668287,449792,175898623,2409287.11,3586472.45,84850,10,10,10,0,0,0,0,0,0,1475583,3731455,7045119,1779448.47,1003
1782181369,0,85850,0,330.69,1000.39,1584127,2111487,2754559,3946495,6635519,449792,175898623,2398766.00,3567690.73,85850,10,10,10,0,0,0,0,0,0,1310719,3112959,3700735,1506049.79,1000
1782181370,0,86850,0,333.26,999.44,1577983,2107391,2752511,3948543,6713343,449792,175898623,2397970.14,3563269.62,86850,10,10,10,0,0,0,0,0,0,1613823,4571135,18317311,2329645.57,1000
1782181371,0,87850,0,335.81,1000.21,1570815,2103295,2748415,3944447,6688767,449792,175898623,2392070.49,3545077.32,87850,10,10,10,0,0,0,0,0,0,1617919,3563519,5816319,1879686.53,1000
1782181372,0,88850,0,338.34,1000.49,1560575,2096127,2740223,3938303,6664191,449792,175898623,2382700.45,3527891.47,88850,10,10,10,0,0,0,0,0,0,1277951,3442687,4812799,1559542.02,1000
1782181373,0,89846,0,340.83,995.71,1555455,2093055,2738175,3934207,6635519,449792,175898623,2377636.94,3510037.67,89846,10,10,10,0,0,0,0,0,0,1745919,3633151,5271551,1925937.09,996
1782181374,0,90841,0,343.30,995.45,1549311,2088959,2736127,3928063,6586367,449792,175898623,2371211.13,3492490.68,90841,10,10,10,0,0,0,0,0,0,1570815,3416063,3952639,1790976.77,995
1782181375,0,91847,0,345.80,1006.04,1542143,2083839,2732031,3923967,6565887,449792,175898623,2363740.14,3475381.95,91847,10,10,10,0,0,0,0,0,0,1479679,3395583,4081663,1689115.74,1006
1782181376,0,92850,0,348.26,1003.00,1532927,2077695,2725887,3917823,6541311,449792,175898623,2355166.27,3458591.22,92850,10,10,10,0,0,0,0,0,0,1334271,3272703,4177919,1570037.92,1003
1782181377,0,93850,0,350.70,999.78,1527807,2073599,2721791,3915775,6533119,449792,175898623,2350589.11,3442026.64,93850,10,10,10,0,0,0,0,0,0,1660927,3637247,5984255,1925599.62,1000
1782181378,0,94850,0,353.12,999.75,1522687,2070527,2717695,3909631,6529023,449792,175898623,2345442.09,3425739.21,94850,10,10,10,0,0,0,0,0,0,1605631,3504127,5615615,1862394.24,1000
1782181379,0,95850,0,355.52,1000.23,1514495,2064383,2713599,3911679,6529023,431616,175898623,2339954.92,3412168.56,95850,10,10,10,0,0,0,0,0,0,1387519,4108287,6451199,1819496.58,1000
1782181380,0,96850,0,357.90,1000.26,1508351,2060287,2711551,3915775,6586367,431616,175898623,2340913.33,3424421.82,96850,10,10,10,0,0,0,0,0,0,1468415,5038079,28311551,2432776.96,1000
1782181381,0,97850,0,360.26,999.13,1502207,2055167,2707455,3913727,6578175,431616,175898623,2334859.13,3408821.18,97850,10,10,10,0,0,0,0,0,0,1514495,3756031,4775935,1748509.82,1000
1782181382,0,98846,0,362.59,996.70,1497087,2052095,2707455,3923967,6754303,431616,175898623,2344426.35,3456911.60,98846,10,10,10,0,0,0,0,0,0,1593343,10706943,45121535,3284338.25,996
1782181383,0,99848,0,364.93,1002.01,1489919,2046975,2705407,3923967,6762495,431616,175898623,2339246.50,3442673.66,99848,10,10,10,0,0,0,0,0,0,1333247,3885055,8421375,1828261.17,1002
1782181384,0,100840,0,367.22,992.19,1484799,2043903,2705407,3923967,6729727,431616,175898623,2335549.39,3427491.45,100840,10,10,10,0,0,0,0,0,0,1671167,3936255,5386239,1963423.23,992
1782181385,0,101850,0,369.55,1009.95,1479679,2039807,2703359,3926015,6713343,431616,175898623,2331472.61,3412766.40,101850,10,10,10,0,0,0,0,0,0,1557503,4179967,5767167,1924441.22,1010
1782181386,0,102850,0,371.83,999.86,1473535,2036735,2701311,3928063,6729727,431616,175898623,2327553.81,3398590.71,102850,10,10,10,0,0,0,0,0,0,1527807,4198399,6836223,1928424.06,1000
1782181387,0,103850,0,374.09,999.73,1468415,2032639,2699263,3926015,6676479,431616,175898623,2321615.61,3383848.03,103850,10,10,10,0,0,0,0,0,0,1426431,3588095,4374527,1710870.78,1000
1782181388,0,104850,0,376.34,999.90,1461247,2027519,2695167,3926015,6676479,431616,175898623,2317201.94,3370620.53,104850,10,10,10,0,0,0,0,0,0,1478655,4130815,4952063,1858843.26,1000
1782181389,0,105848,0,378.56,998.66,1456127,2024447,2695167,3928063,6701055,431616,175898623,2314325.36,3358861.16,105848,10,10,10,0,0,0,0,0,0,1475583,4104191,13860863,2012110.88,998
1782181390,0,106847,0,380.77,998.36,1452031,2023423,2695167,3930111,6762495,431616,175898623,2313172.80,3348775.78,106847,10,10,10,0,0,0,0,0,0,1829887,4415487,17301503,2191054.80,999
1782181391,0,107846,0,382.97,999.08,1446911,2018303,2693119,3932159,6823935,431616,175898623,2309185.10,3336445.71,107846,10,10,10,0,0,0,0,0,0,1483775,4296703,9437183,1882684.22,999
1782181392,0,108850,0,385.16,1004.03,1440767,2014207,2691071,3938303,6823935,431616,175898623,2305489.77,3323629.94,108850,10,10,10,0,0,0,0,0,0,1431551,4620287,6291455,1908551.52,1004
1782181393,0,109840,0,387.30,990.12,1436671,2011135,2691071,3938303,6799359,431616,175898623,2302312.05,3310601.09,109840,10,10,10,0,0,0,0,0,0,1571839,4198399,6074367,1952923.67,990
1782181394,0,110850,0,389.48,1010.28,1432575,2009087,2689023,3948543,6832127,431616,175898623,2301109.91,3302414.02,110850,10,10,10,0,0,0,0,0,0,1543167,4730879,13311999,2170373.70,1010
1782181395,0,111847,0,391.61,996.18,1424383,2004991,2686975,3944447,6828031,431616,175898623,2295239.62,3289763.44,111847,10,10,10,0,0,0,0,0,0,1249279,3747839,5160959,1642559.94,997
1782181396,0,112850,0,393.74,1003.13,1419263,2000895,2682879,3944447,6840319,431616,175898623,2291383.07,3277589.63,112850,10,10,10,0,0,0,0,0,0,1397759,3946495,7921663,1861330.31,1003
1782181397,0,113850,0,395.85,1000.21,1415167,1997823,2682879,3944447,6815743,431616,175898623,2287240.86,3264834.94,113850,10,10,10,0,0,0,0,0,0,1507327,3805183,4374527,1819792.26,1000
1782181398,0,114846,0,397.93,995.59,1407999,1992703,2678783,3944447,6778879,418560,175898623,2281881.43,3252759.21,114846,10,10,10,0,0,0,0,0,0,1257471,4163583,5431295,1669259.44,996
1782181399,0,115850,0,400.02,1004.77,1400831,1987583,2674687,3944447,6778879,418560,175898623,2276070.75,3240600.72,115850,10,10,10,0,0,0,0,0,0,1307647,3434495,6569983,1611395.95,1004
1782181400,0,116847,0,402.08,996.87,1398783,1985535,2672639,3946495,6778879,418560,175898623,2273744.81,3229090.53,116847,10,10,10,0,0,0,0,0,0,1680383,4444159,7102463,2003473.97,997
1782181401,0,117850,0,404.14,1003.28,1393663,1982463,2672639,3952639,6766591,418560,175898623,2270950.73,3218036.42,117850,10,10,10,0,0,0,0,0,0,1444863,4354047,5210111,1945447.88,1003
1782181402,0,118850,0,406.18,999.85,1388543,1978367,2670591,3954687,6828031,418560,175898623,2268187.29,3208406.34,118850,10,10,10,0,0,0,0,0,0,1356799,4378623,9502719,1942515.46,1000
1782181403,0,119850,0,408.20,999.57,1384447,1975295,2668543,3954687,6848511,418560,175898623,2265535.81,3198772.33,119850,10,10,10,0,0,0,0,0,0,1505279,3919871,10633215,1950407.68,1000
1782181404,0,120849,0,410.20,999.52,1379327,1972223,2668543,3962879,6864895,418560,175898623,2263478.03,3188746.39,120849,10,10,10,0,0,0,0,0,0,1472511,4452351,7622655,2016606.43,999
1782181405,0,121850,0,412.20,1000.96,1375231,1968127,2666495,3960831,6840319,418560,175898623,2259056.60,3177244.02,121850,10,10,10,0,0,0,0,0,0,1406975,3680255,4747263,1725264.43,1001
1782181406,0,122840,0,414.15,989.83,1371135,1966079,2664447,3960831,6832127,418560,175898623,2256593.01,3166258.61,122840,10,10,10,0,0,0,0,0,0,1575935,3760127,6307839,1953372.96,990
1782181407,0,123847,0,416.14,1006.66,1367039,1961983,2664447,3960831,6823935,418560,175898623,2252834.13,3155426.60,123847,10,10,10,0,0,0,0,0,0,1401855,4128767,5787647,1794303.11,1007
1782181408,0,124850,0,418.11,1003.22,1361919,1958911,2662399,3958783,6799359,418560,175898623,2248928.58,3144635.61,124850,10,10,10,0,0,0,0,0,0,1389567,3880959,5578751,1766683.95,1003
1782181409,0,125847,0,420.04,997.13,1359871,1955839,2662399,3966975,6938623,418560,175898623,2248954.45,3137057.00,125847,10,10,10,0,0,0,0,0,0,1674239,7450623,9969663,2252194.54,997
1782181410,0,126264,0,420.03,417.16,1357823,1955839,2660351,3966975,6922239,418560,175898623,2247612.43,3132430.18,126264,10,10,10,0,0,0,0,0,0,1629183,3876863,4702207,1842602.67,417
1782181411,0,126460,0,419.29,195.98,1358847,1955839,2660351,3966975,6914047,418560,175898623,2247651.73,3130198.35,126460,10,10,10,0,0,0,0,0,0,2099199,4874239,5898239,2272963.92,196
1782181412,0,126660,0,418.56,199.91,1359871,1955839,2660351,3966975,6914047,418560,175898623,2247921.55,3128161.78,126660,10,10,10,0,0,0,0,0,0,2142207,4825087,5767167,2418534.40,200
1782181413,0,126860,0,417.84,200.10,1359871,1956863,2658303,3966975,6909951,418560,175898623,2247639.56,3125756.29,126860,10,10,10,0,0,0,0,0,0,2115583,2828287,2990079,2069052.16,200
1782181414,0,127067,0,417.15,206.99,1360895,1956863,2658303,3964927,6905855,418560,175898623,2247429.50,3123282.88,127067,10,10,10,0,0,0,0,0,0,2021375,3059711,3512319,2118695.57,207
1782181415,0,127268,0,416.44,201.01,1361919,1956863,2658303,3962879,6901759,418560,175898623,2247288.66,3120907.56,127268,10,10,10,0,0,0,0,0,0,2105343,3160063,3926015,2158250.67,201
1782181416,0,127460,0,415.71,192.00,1362943,1957887,2658303,3962879,6889471,418560,175898623,2247355.37,3118651.19,127460,10,10,10,0,0,0,0,0,0,2314239,3289087,4517887,2291576.00,192
1782181417,0,127661,0,415.01,201.01,1362943,1958911,2658303,3962879,6889471,418560,175898623,2247489.55,3116446.17,127661,10,10,10,0,0,0,0,0,0,2136063,5062655,6549503,2332575.20,201
1782181418,0,127860,0,414.31,198.97,1363967,1958911,2658303,3962879,6885375,418560,175898623,2247580.63,3114113.61,127860,10,10,10,0,0,0,0,0,0,2252799,3293183,4648959,2306011.98,199
1782181419,0,128063,0,413.63,202.91,1364991,1959935,2656255,3960831,6877183,418560,175898623,2247444.16,3111724.41,128063,10,10,10,0,0,0,0,0,0,2160639,3180543,3520511,2161488.71,203
1782181420,0,128264,0,412.95,201.12,1366015,1959935,2656255,3960831,6864895,418560,175898623,2247468.23,3109419.65,128264,10,10,10,0,0,0,0,0,0,2211839,3600383,5390335,2262803.10,201
1782181421,0,128460,0,412.25,195.82,1367039,1959935,2656255,3958783,6860799,418560,175898623,2247271.12,3107136.24,128460,10,10,10,0,0,0,0,0,0,2050047,3516415,3780607,2118282.45,196
1782181422,0,128662,0,411.58,202.18,1367039,1960959,2656255,3958783,6889471,418560,175898623,2247469.79,3105406.21,128662,10,10,10,0,0,0,0,0,0,2006015,3643391,11698175,2373811.96,202
1782181423,0,128860,0,410.90,197.90,1368063,1960959,2654207,3958783,6889471,418560,175898623,2247590.10,3103317.16,128860,10,10,10,0,0,0,0,0,0,2138111,3725311,9560063,2325769.05,198
1782181424,0,129060,0,410.23,200.04,1368063,1961983,2654207,3958783,6885375,418560,175898623,2247803.85,3101195.54,129060,10,10,10,0,0,0,0,0,0,2142207,4374527,6103039,2385521.92,200
1782181425,0,129269,0,409.59,209.02,1369087,1961983,2654207,3958783,6889471,418560,175898623,2247755.12,3098975.96,129269,10,10,10,0,0,0,0,0,0,2033663,2967551,6955007,2217661.86,209
1782181426,0,129460,0,408.90,190.99,1369087,1961983,2652159,3956735,6885375,418560,175898623,2247419.07,3096739.35,129460,10,10,10,0,0,0,0,0,0,2035711,2668543,2916351,2019979.39,191
1782181427,0,129660,0,408.24,199.90,1370111,1961983,2652159,3954687,6885375,418560,175898623,2247214.58,3094413.01,129660,10,10,10,0,0,0,0,0,0,2075647,2932735,3571711,2114846.72,200
1782181428,0,129861,0,407.59,201.12,1371135,1961983,2652159,3954687,6868991,418560,175898623,2247084.86,3092116.09,129861,10,10,10,0,0,0,0,0,0,2091007,3680255,3743743,2163408.88,201
1782181429,0,130063,0,406.95,202.04,1371135,1963007,2652159,3954687,6860799,418560,175898623,2247207.70,3089977.06,130063,10,10,10,0,0,0,0,0,0,2075647,4861951,5996543,2326178.22,202
1782181430,0,130260,0,406.29,196.98,1372159,1963007,2650111,3952639,6856703,418560,175898623,2247077.36,3087733.29,130260,10,10,10,0,0,0,0,0,0,2150399,3424255,4947967,2161022.05,197
1782181431,0,130462,0,405.66,202.00,1373183,1963007,2650111,3952639,6848511,418560,175898623,2246942.29,3085440.83,130462,10,10,10,0,0,0,0,0,0,2068479,3295231,4190207,2159841.58,202
1782181432,0,130663,0,405.02,200.96,1374207,1963007,2650111,3950591,6840319,418560,175898623,2246712.29,3083139.33,130663,10,10,10,0,0,0,0,0,0,2068479,2930687,3452927,2097427.10,201
1782181433,0,130867,0,404.40,204.04,1374207,1963007,2648063,3950591,6840319,418560,175898623,2246294.01,3080797.54,130867,10,10,10,0,0,0,0,0,0,1952767,2678783,2908159,1978388.08,204
1782181434,0,131067,0,403.77,199.98,1375231,1964031,2648063,3950591,6860799,418560,175898623,2246665.48,3078975.32,131067,10,10,10,0,0,0,0,0,0,2053119,5201919,8028159,2489733.12,200
1782181435,0,131260,0,403.12,193.04,1376255,1964031,2648063,3950591,6856703,418560,175898623,2246697.73,3076938.99,131260,10,10,10,0,0,0,0,0,0,2160639,3155967,6774783,2268595.07,193
1782181436,0,131461,0,402.50,201.01,1377279,1965055,2648063,3950591,6848511,418560,175898623,2246737.23,3074721.88,131461,10,10,10,0,0,0,0,0,0,2187263,3303423,5779455,2272533.65,201
1782181437,0,131662,0,401.89,200.91,1377279,1965055,2648063,3950591,6840319,418560,175898623,2246816.53,3072522.48,131662,10,10,10,0,0,0,0,0,0,2183167,3911679,4939775,2298680.04,201
1782181438,0,131865,0,401.28,203.09,1378303,1966079,2648063,3948543,6840319,418560,175898623,2246787.85,3070240.50,131865,10,10,10,0,0,0,0,0,0,2172927,3119103,3792895,2228186.17,203
1782181439,0,132062,0,400.66,197.00,1379327,1966079,2646015,3948543,6832127,418560,175898623,2246532.29,3068023.31,132062,10,10,10,0,0,0,0,0,0,2032639,3121151,3459071,2075468.67,197
1782181440,0,132263,0,400.06,200.94,1379327,1967103,2646015,3948543,6856703,418560,175898623,2247025.78,3066879.20,132263,10,10,10,0,0,0,0,0,0,2099199,3315711,11943935,2571260.18,201
1782181441,0,132466,0,399.47,203.05,1380351,1967103,2646015,3948543,6848511,418560,175898623,2246868.08,3064632.03,132466,10,10,10,0,0,0,0,0,0,2074623,2904063,4460543,2144122.33,203
1782181442,0,132663,0,398.86,197.00,1381375,1968127,2643967,3946495,6840319,418560,175898623,2246567.32,3062419.79,132663,10,10,10,0,0,0,0,0,0,2091007,2822143,2899967,2044331.53,197
1782181443,0,132862,0,398.26,198.92,1381375,1968127,2643967,3944447,6840319,418560,175898623,2246332.91,3060202.15,132862,10,10,10,0,0,0,0,0,0,2123775,2967551,3706879,2090061.19,199
1782181444,0,133065,0,397.68,203.09,1382399,1968127,2643967,3944447,6832127,418560,175898623,2246239.88,3057946.89,133065,10,10,10,0,0,0,0,0,0,2148351,3166207,3682303,2185352.20,203
1782181445,0,133263,0,397.08,197.93,1383423,1968127,2643967,3942399,6832127,418560,175898623,2246057.66,3055776.00,133263,10,10,10,0,0,0,0,0,0,2032639,3399679,4028415,2123600.16,198
1782181446,0,133460,0,396.49,197.05,1383423,1969151,2643967,3942399,6832127,418560,175898623,2246007.83,3053608.72,133460,10,10,10,0,0,0,0,0,0,2140159,3311615,4036607,2212297.42,197
1782181447,0,133660,0,395.90,200.00,1384447,1969151,2641919,3940351,6828031,418560,175898623,2245658.84,3051390.24,133660,10,10,10,0,0,0,0,0,0,2032639,2863103,3053567,2012782.08,200
1782181448,0,133863,0,395.33,203.02,1385471,1969151,2641919,3938303,6823935,418560,175898623,2245501.35,3049157.47,133863,10,10,10,0,0,0,0,0,0,2097151,3057663,3895295,2141804.45,203
1782181449,0,134062,0,394.76,199.00,1385471,1970175,2641919,3938303,6823935,418560,175898623,2245425.35,3046963.33,134062,10,10,10,0,0,0,0,0,0,2187263,3082239,3502079,2194298.21,199
1782181450,0,134264,0,394.19,201.99,1386495,1970175,2641919,3936255,6811647,418560,175898623,2245074.69,3044749.57,134264,10,10,10,0,0,0,0,0,0,1958911,3137535,3334143,2012351.37,202
1782181451,0,134465,0,393.62,200.91,1386495,1970175,2639871,3936255,6807551,418560,175898623,2244985.54,3042597.08,134465,10,10,10,0,0,0,0,0,0,2115583,3420159,4890623,2185437.61,201
1782181452,0,134669,0,393.07,204.10,1387519,1970175,2639871,3934207,6803455,418560,175898623,2244811.87,3040419.40,134669,10,10,10,0,0,0,0,0,0,2050047,3158015,5369855,2130337.88,204
1782181453,0,134868,0,392.51,199.00,1387519,1970175,2639871,3934207,6799359,418560,175898623,2244528.98,3038268.09,134868,10,10,10,0,0,0,0,0,0,1989631,2957311,4308991,2053089.13,199
1782181454,0,135061,0,391.93,193.00,1388543,1970175,2637823,3932159,6799359,418560,175898623,2244233.54,3036182.69,135061,10,10,10,0,0,0,0,0,0,2037759,3299327,3856383,2037785.20,193
1782181455,0,135261,0,391.37,199.94,1388543,1970175,2637823,3932159,6795263,418560,175898623,2243967.54,3034039.14,135261,10,10,10,0,0,0,0,0,0,1939455,3467263,3985407,2064335.36,200
1782181456,0,135460,0,390.82,199.02,1389567,1970175,2637823,3932159,6791167,418560,175898623,2243467.95,3031890.93,135460,10,10,10,0,0,0,0,0,0,1838079,2838527,3184639,1903890.01,199
1782181457,0,135663,0,390.28,203.03,1390591,1970175,2635775,3932159,6791167,418560,175898623,2243334.91,3029760.11,135663,10,10,10,0,0,0,0,0,0,1972223,3753983,5259263,2154559.05,203
1782181458,0,135860,0,389.72,196.99,1390591,1970175,2635775,3930111,6778879,418560,175898623,2242943.80,3027635.00,135860,10,10,10,0,0,0,0,0,0,1954815,2926591,3239935,1973611.86,197
1782181459,0,136062,0,389.19,202.01,1391615,1970175,2635775,3930111,6774783,418560,175898623,2242886.23,3025561.61,136062,10,10,10,0,0,0,0,0,0,2082815,3381247,5980159,2204163.80,202
1782181460,0,136260,0,388.64,197.98,1391615,1970175,2633727,3930111,6770687,418560,175898623,2242642.90,3023457.77,136260,10,10,10,0,0,0,0,0,0,2037759,2990079,5263359,2075434.67,198
1782181461,0,136464,0,388.11,204.02,1392639,1970175,2633727,3930111,6762495,418560,175898623,2242309.51,3021264.72,136464,10,10,10,0,0,0,0,0,0,2008063,2834431,3067903,2019621.65,204
1782181462,0,136665,0,387.58,201.00,1392639,1970175,2631679,3928063,6762495,418560,175898623,2241986.39,3019105.46,136665,10,10,10,0,0,0,0,0,0,1952767,2824191,3067903,2022612.70,201
1782181463,0,136866,0,387.06,200.94,1393663,1971199,2631679,3928063,6758399,418560,175898623,2241819.47,3016967.53,136866,10,10,10,0,0,0,0,0,0,2183167,3012607,4014079,2128327.96,201
1782181464,0,137064,0,386.52,198.06,1394687,1971199,2631679,3926015,6758399,418560,175898623,2241588.36,3014848.45,137064,10,10,10,0,0,0,0,0,0,2042879,3037183,3555327,2081834.67,198
1782181465,0,137260,0,385.99,195.96,1394687,1971199,2629631,3926015,6750207,418560,175898623,2241274.85,3012764.72,137260,10,10,10,0,0,0,0,0,0,2054143,2834431,3602431,2022032.98,196
1782181466,0,137465,0,385.48,205.04,1395711,1971199,2629631,3923967,6737919,418560,175898623,2240977.18,3010606.41,137465,10,10,10,0,0,0,0,0,0,2004991,2945023,4163583,2041667.43,205
1782181467,0,137663,0,384.96,197.97,1396735,1972223,2629631,3923967,6725631,418560,175898623,2240710.17,3008498.35,137663,10,10,10,0,0,0,0,0,0,2030591,2840575,3053567,2055336.08,198
1782181468,0,137864,0,384.44,201.03,1396735,1972223,2627583,3923967,6717439,418560,175898623,2240457.81,3006411.09,137864,10,10,10,0,0,0,0,0,0,2042879,3002367,4407295,2067621.57,201
1782181469,0,138060,0,383.92,196.00,1396735,1972223,2627583,3921919,6713343,418560,175898623,2240064.41,3004343.59,138060,10,10,10,0,0,0,0,0,0,1959935,2746367,3014655,1963350.20,196
1782181470,0,139610,0,387.15,1549.36,1403903,1983487,2658303,4136959,16408575,418560,175898623,2481844.09,4026496.47,139610,10,10,10,0,0,0,0,0,0,21823487,50495487,62029823,24017394.46,1550
1782181471,0,141329,0,390.83,1718.61,1411071,1996799,2695167,4468735,26296319,418560,403177471,2961289.48,9919219.68,141329,10,10,10,0,0,0,0,0,0,21217279,221511679,395313151,41899841.38,1719
1782181472,0,143600,0,396.02,2271.04,1421311,2014207,2744319,5738495,40763391,418560,412352511,4498467.80,22281198.35,143600,10,10,10,0,0,0,0,0,0,27639807,366477311,396099583,100160235.15,2271
1782181473,0,145560,0,400.32,1960.53,1429503,2029567,2789375,9027583,57573375,418560,412352511,5036339.70,23534402.61,145560,10,10,10,0,0,0,0,0,0,20692991,193593343,228196351,44443689.53,1960
1782181474,0,147590,0,404.79,2030.36,1438719,2045951,2834431,14008319,65798143,418560,412352511,5361086.00,23669235.83,147590,10,10,10,0,0,0,0,0,0,21348351,76939263,93913087,28646835.33,2030
1782181475,0,149618,0,409.23,2026.73,1447935,2062335,2883583,17629183,65241087,418560,412352511,5604881.47,23644156.71,149618,10,10,10,0,0,0,0,0,0,21561343,48431103,60751871,23347373.70,2028
1782181476,0,151462,0,413.15,1845.43,1456127,2076671,2930687,20905983,73531391,418560,412352511,5966696.31,24018616.01,151462,10,10,10,0,0,0,0,0,0,26148863,98762751,182452223,35323535.83,1844
1782181477,0,153464,0,417.47,2000.21,1465343,2092031,2985983,24313855,171311103,418560,412352511,7347768.99,28918984.14,153464,10,10,10,0,0,0,0,0,0,91947007,264765439,327942143,111833298.73,2002
1782181478,0,155430,0,421.67,1967.61,1473535,2107391,3041279,28917759,203948031,418560,412352511,8514566.22,32197124.46,155430,10,10,10,0,0,0,0,0,0,67076095,283639807,313524223,99593594.92,1966
1782181479,0,157481,0,426.08,2050.11,1482751,2123775,3098623,34209791,219283455,418560,442499071,9609064.76,35419829.22,157481,10,10,10,0,0,0,0,0,0,49381375,333709311,415498239,92552949.39,2051
1782181480,0,159598,0,430.64,2117.67,1491967,2140159,3162111,35028991,218103807,418560,442499071,9806333.66,35394677.73,159598,10,10,10,0,0,0,0,0,0,16228351,90963967,170131455,24480922.00,2117
1782181481,0,161610,0,434.89,2012.00,1500159,2156543,3233791,35880959,216793087,418560,442499071,9938140.06,35216993.83,161610,10,10,10,0,0,0,0,0,0,17743871,43122687,51773439,20393427.72,2012
1782181482,0,163630,0,439.15,2018.49,1509375,2170879,3301375,35160063,215220223,418560,442499071,9962760.32,35006870.38,163630,10,10,10,0,0,0,0,0,0,11345919,24313855,30228479,11932502.56,2020
1782181483,0,165517,0,443.02,1888.35,1516543,2187263,3360767,38502399,230031359,418560,442499071,10715301.23,37269058.48,165517,10,10,10,0,0,0,0,0,0,21905407,331874303,349700095,75971405.46,1887
1782181484,0,167622,0,447.46,2103.84,1525759,2203647,3446783,38862847,229375999,418560,442499071,10836447.04,37154199.49,167622,10,10,10,0,0,0,0,0,0,14278655,48234495,154796031,20362191.60,2105
1782181485,0,169568,0,451.45,1947.66,1533951,2220031,3522559,38731775,228589567,418560,442499071,10853636.66,36970699.58,169568,10,10,10,0,0,0,0,0,0,8675327,30244863,86114303,12334292.85,1946
1782181486,0,171612,0,455.68,2042.46,1542143,2236415,3614719,38961151,227803135,418560,442499071,10959295.27,36874130.60,171612,10,10,10,0,0,0,0,0,0,12140543,83623935,140902399,19724617.77,2044
1782181487,0,173608,0,459.76,1996.63,1550335,2254847,3715071,40108031,225705983,418560,442499071,11175461.26,37011165.04,173608,10,10,10,0,0,0,0,0,0,12304383,151912447,190840831,29760971.41,1996
1782181488,0,175614,0,463.84,2005.77,1558527,2271231,3825663,42827775,225050623,418560,442499071,11499800.01,37097227.92,175614,10,10,10,0,0,0,0,0,0,30375935,113573887,132513791,39569491.72,2006
1782181489,0,177627,0,467.92,2013.42,1567743,2289663,3979263,44302335,224264191,418560,442499071,11675348.90,37070455.80,177627,10,10,10,0,0,0,0,0,0,15179775,103350271,143392767,26990223.71,2013
1782181490,0,179620,0,471.93,1991.74,1575935,2306047,4136959,44040191,223346687,418560,442499071,11660120.87,36878139.19,179620,10,10,10,0,0,0,0,0,0,8138751,27410431,55869439,10302916.40,1993
1782181491,0,181586,0,475.84,1967.10,1584127,2324479,4366335,43778047,222167039,418560,442499071,11722942.90,36698385.04,181586,10,10,10,0,0,0,0,0,0,15007743,39485439,51806207,17462562.38,1966
1782181492,0,183460,0,479.50,1873.93,1592319,2342911,4669439,44302335,224919551,418560,442499071,11909992.28,36937381.66,183460,10,10,10,0,0,0,0,0,0,15581183,158203903,269484031,30034618.60,1874
1782181493,0,185581,0,483.78,2121.39,1601535,2363391,5165055,48168959,235536383,418560,442499071,12560036.35,38394024.87,185581,10,10,10,0,0,0,0,0,0,23298047,267386879,297009151,68786855.77,2121
1782181494,0,187428,0,487.32,1847.02,1609727,2381823,5705727,49151999,237502463,418560,442499071,12818514.12,38646533.16,187428,10,10,10,0,0,0,0,0,0,23658495,204210175,290979839,38789582.38,1847
1782181495,0,189314,0,490.95,1885.53,1616895,2400255,6201343,54198271,250478591,418560,442499071,13624921.27,40458669.80,189314,10,10,10,0,0,0,0,0,0,45678591,306184191,344195071,93764518.69,1886
1782181496,0,191492,0,495.31,2177.59,1626111,2422783,6856703,62390271,279707647,418560,557842431,15329716.31,47683275.39,191492,10,10,10,0,0,0,0,0,0,34635775,515112959,548929535,163512253.94,2178
1782181497,0,193620,0,499.53,2127.76,1634303,2445311,7577599,67633151,290717695,418560,557842431,16139375.37,49377925.19,193620,10,10,10,0,0,0,0,0,0,31113215,314834943,340000767,88998037.65,2128
1782181498,0,195620,0,503.39,2000.90,1642495,2467839,8196095,71630847,289931263,418560,557842431,16428746.51,49305740.66,195620,10,10,10,0,0,0,0,0,0,39387135,100335615,138543103,44442766.34,2000
1782181499,0,197322,0,506.46,1701.13,1649663,2486271,8626175,76939263,290717695,418560,557842431,16911126.32,49990722.69,197322,10,10,10,0,0,0,0,0,0,21889023,225705983,346030079,72353628.35,1702
1782181500,0,199548,0,510.87,2226.42,1657855,2510847,9248767,87097343,312475647,418560,557842431,18383837.41,55274271.24,199548,10,10,10,0,0,0,0,0,0,35487743,523239423,529793023,148931141.46,2226
1782181501,0,201446,0,514.41,1898.94,1665023,2533375,9674751,92274687,311689215,418560,557842431,18722621.54,55518549.04,201446,10,10,10,0,0,0,0,0,0,18989055,217579519,236453887,54341006.16,1898
1782181502,0,203602,0,518.59,2155.93,1673215,2559999,10395647,92930047,310902783,418560,557842431,18916203.61,55381438.48,203602,10,10,10,0,0,0,0,0,0,26836991,124846079,203292671,37003557.05,2156
1782181503,0,205507,0,522.11,1903.48,1680383,2582527,11026431,93650943,309854207,418560,557842431,19157127.94,55246108.98,205507,10,10,10,0,0,0,0,0,0,35618815,100007935,111804415,44906564.27,1905
1782181504,0,207622,0,526.15,2115.78,1689599,2609151,11493375,93257727,307757055,418560,557842431,19264263.44,55040268.75,207622,10,10,10,0,0,0,0,0,0,19709951,84148223,116785151,29674237.70,2115
1782181505,0,209490,0,529.54,1868.30,1695743,2631679,11763711,93847551,306970623,418560,557842431,19317649.40,54945190.77,209490,10,10,10,0,0,0,0,0,0,12722175,165281791,197132287,25251321.56,1868
1782181506,0,211624,0,533.59,2134.06,1704959,2660351,12075007,98238463,314572799,418560,557842431,19777185.01,55893171.97,211624,10,10,10,0,0,0,0,0,0,16179199,346292223,379584511,64888766.02,2134
1782181507,0,213630,0,537.29,2005.62,1711103,2680831,12238847,97976319,313524223,418560,557842431,19780751.64,55694811.13,213630,10,10,10,0,0,0,0,0,0,10035199,89849855,128516095,20157015.03,2006
1782181508,0,215476,0,540.57,1846.21,1718271,2705407,12632063,99876863,312999935,418560,557842431,20050242.16,55681570.79,215476,10,10,10,0,0,0,0,0,0,38699007,138412031,176553983,51237274.35,1846
1782181509,0,217548,0,544.40,2072.98,1726463,2732031,13025279,107675647,318767103,418560,557842431,20716521.32,56806604.70,217548,10,10,10,0,0,0,0,0,0,26165247,330563583,350748671,90005695.26,2072
1782181510,0,219555,0,548.05,2006.32,1734655,2762751,13475839,107610111,317456383,418560,557842431,20850074.27,56630011.55,219555,10,10,10,0,0,0,0,0,0,25706495,102629375,128712703,35326495.38,2007
1782181511,0,221570,0,551.71,2014.04,1742847,2793471,14016511,106430463,316145663,418560,557842431,20931998.58,56401173.26,221570,10,10,10,0,0,0,0,0,0,26296319,63799295,76087295,29858495.33,2015
1782181512,0,223408,0,554.90,1838.23,1750015,2820095,14385151,110690303,315883519,418560,557842431,21374792.77,56834963.35,223408,10,10,10,0,0,0,0,0,0,37552127,253624319,293863423,74753415.66,1838
1782181513,0,225176,0,557.91,1768.38,1758207,2844671,14663679,115539967,332660735,418560,693108735,22446909.20,61768308.52,225176,10,10,10,0,0,0,0,0,0,24313855,652214271,690487295,157921676.16,1768
1782181514,0,226658,0,560.19,1481.21,1764351,2867199,15081471,127336447,373555199,418560,1070071807,24787042.26,74198184.98,226658,10,10,10,0,0,0,0,0,0,351797247,1045430271,1059061759,380348310.97,1482
1782181515,0,229104,0,564.84,2448.51,1774591,2906111,15769599,149946367,482344959,418560,1070071807,28672214.47,89901223.75,229104,10,10,10,0,0,0,0,0,0,271319039,972554239,1039138815,388690760.63,2446
1782181516,0,231325,0,568.91,2218.81,1782783,2942975,16408575,170131455,497287167,418560,1070071807,30514054.42,92921717.57,231325,10,10,10,0,0,0,0,0,0,218890239,523763711,543162367,220506355.44,2221
1782181517,0,233600,0,573.10,2275.06,1791999,2983935,16891903,171442175,492044287,418560,1070071807,30721738.72,92658709.70,233600,10,10,10,0,0,0,0,0,0,27426815,185991167,215220223,51839351.39,2275
1782181518,0,235592,0,576.57,1993.93,1800191,3016703,17006591,170131455,491257855,418560,1070071807,30614042.48,92283715.26,235592,10,10,10,0,0,0,0,0,0,12992511,51052543,70451199,17984604.02,1992
1782181519,0,237561,0,579.97,1969.01,1807359,3051519,17530879,168296447,490209279,418560,1070071807,30676950.67,91920127.42,237561,10,10,10,0,0,0,0,0,0,35422207,74317823,103612415,38203952.63,1969
1782181520,0,239598,0,583.52,2036.60,1815551,3090431,17809407,166854655,489684991,418560,1070071807,30734271.16,91581565.31,239598,10,10,10,0,0,0,0,0,0,25346047,110755839,129433599,37419157.30,2037
1782181521,0,241586,0,586.93,1988.42,1823743,3125247,18169855,165412863,487849983,418560,1070071807,30812597.07,91270977.53,241586,10,10,10,0,0,0,0,0,0,26476543,118882303,132317183,40252602.21,1988
1782181522,0,243505,0,590.16,1918.25,1830911,3166207,18759679,166461439,484442111,418560,1070071807,31137003.26,91116036.52,243505,10,10,10,0,0,0,0,0,0,51937279,184811519,228982783,71977021.90,1919
1782181523,0,245596,0,593.79,2091.80,1840127,3213311,19267583,164888575,483655679,418560,1070071807,31137365.63,90738551.42,245596,10,10,10,0,0,0,0,0,0,28770303,62816255,77987839,31179564.93,2091
1782181524,0,247622,0,597.24,2024.87,1848319,3256319,19398655,163184639,483131391,418560,1070071807,31027490.13,90378869.83,247622,10,10,10,0,0,0,0,0,0,15204351,34897919,47415295,17708149.77,2026
1782181525,0,249630,0,600.64,2008.37,1854463,3291135,19251199,161087487,482344959,418560,1070071807,30862684.72,90035601.00,249630,10,10,10,0,0,0,0,0,0,8544255,24133631,36995071,10539255.84,2008
1782181526,0,251570,0,603.85,1939.78,1862655,3330047,19300351,159907839,482082815,418560,1070071807,30750425.80,89703738.33,251570,10,10,10,0,0,0,0,0,0,13451263,35880959,53510143,16305480.05,1940
1782181527,0,253564,0,607.18,1994.13,1869823,3364863,19333119,160038911,480247807,418560,1070071807,30750829.53,89453406.80,253564,10,10,10,0,0,0,0,0,0,9756671,163053567,208535551,30801765.17,1994
1782181528,0,255626,0,610.66,2062.41,1876991,3405823,19415039,162791423,473956351,418560,1070071807,30935538.03,89418370.51,255626,10,10,10,0,0,0,0,0,0,9035775,256245759,294649855,53649130.52,2062
1782181529,0,257630,0,613.98,2003.74,1885183,3444735,19283967,160956415,472383487,418560,1070071807,30769690.97,89091769.79,257630,10,10,10,0,0,0,0,0,0,7618559,23756799,35028991,9614590.72,2004
1782181530,0,258300,0,614.11,669.83,1886207,3446783,19202047,160432127,471859199,418560,1070071807,30705098.62,88985502.73,258300,10,10,10,0,0,0,0,0,0,3844095,15687679,20840447,5867892.16,670
1782181531,0,258500,0,613.13,200.03,1886207,3440639,19185663,160301055,471597055,418560,1070071807,30683002.60,88954618.33,258500,10,10,10,0,0,0,0,0,0,2036735,3391487,3590143,2145995.52,200
1782181532,0,258700,0,612.15,199.96,1886207,3436543,19152895,160301055,471597055,418560,1070071807,30661012.45,88923742.44,258700,10,10,10,0,0,0,0,0,0,2181119,3346431,3883007,2238739.20,200
1782181533,0,258900,0,611.18,199.95,1885183,3430399,19136511,160169983,471597055,418560,1070071807,30639041.20,88892903.33,258900,10,10,10,0,0,0,0,0,0,2154495,3500031,3706879,2219239.68,200
1782181534,0,259100,0,610.21,200.17,1885183,3426303,19103743,160038911,471334911,418560,1070071807,30617033.64,88862117.48,259100,10,10,10,0,0,0,0,0,0,2121727,3151871,3438591,2128238.08,200
1782181535,0,259300,0,609.25,199.96,1885183,3422207,19087359,159907839,471334911,418560,1070071807,30595038.95,88831369.47,259300,10,10,10,0,0,0,0,0,0,2092031,2836479,3045375,2100920.32,200
1782181536,0,259500,0,608.29,200.04,1884159,3416063,19054591,159514623,471334911,418560,1070071807,30573338.65,88800585.13,259500,10,10,10,0,0,0,0,0,0,2158591,3246079,14434303,2438896.64,200
1782181537,0,259700,0,607.33,199.94,1884159,3411967,19038207,159383551,471334911,418560,1070071807,30551380.79,88769910.03,259700,10,10,10,0,0,0,0,0,0,1995775,3059711,3448831,2061062.40,200
1782181538,0,259900,0,606.38,199.96,1884159,3407871,19005439,159252479,471072767,418560,1070071807,30529561.43,88739233.24,259900,10,10,10,0,0,0,0,0,0,2127871,2971647,5640191,2197116.16,200
1782181539,0,260100,0,605.44,199.97,1884159,3403775,18989055,159252479,470024191,418560,1070071807,30507878.34,88708558.16,260100,10,10,10,0,0,0,0,0,0,2162687,3223551,10125311,2330713.60,200
1782181540,0,260300,0,604.49,200.12,1883135,3399679,18972671,158859263,470024191,418560,1070071807,30486181.66,88677927.37,260300,10,10,10,0,0,0,0,0,0,2113535,4329471,5193727,2269651.20,200
1782181541,0,260500,0,603.56,199.84,1883135,3393535,18956287,158728191,470024191,418560,1070071807,30464375.14,88647371.09,260500,10,10,10,0,0,0,0,0,0,2101247,2807807,3121151,2083187.20,200
1782181542,0,260700,0,602.62,200.03,1883135,3389439,18939903,158597119,470024191,418560,1070071807,30442652.70,88616830.08,260700,10,10,10,0,0,0,0,0,0,2136063,3094527,3168255,2149166.08,200
1782181543,0,260900,0,601.70,200.04,1883135,3385343,18923519,158466047,469237759,418560,1070071807,30420986.42,88586313.89,260900,10,10,10,0,0,0,0,0,0,2085887,2947071,6352895,2178992.64,200
1782181544,0,261100,0,600.77,200.00,1883135,3381247,18907135,158334975,469237759,418560,1070071807,30399427.95,88555804.00,261100,10,10,10,0,0,0,0,0,0,2209791,3131391,3442687,2276405.76,200
1782181545,0,261300,0,599.85,199.92,1883135,3375103,18890751,158334975,468975615,418560,1070071807,30378014.42,88525296.11,261300,10,10,10,0,0,0,0,0,0,2166783,3252223,9764863,2422656.00,200
1782181546,0,261500,0,598.94,200.20,1882111,3371007,18874367,158203903,468975615,418560,1070071807,30356499.82,88494856.02,261500,10,10,10,0,0,0,0,0,0,2125823,3930111,4665343,2247667.20,200
1782181547,0,261700,0,598.02,199.87,1882111,3366911,18857983,157941759,468975615,418560,1070071807,30334959.96,88464464.23,261700,10,10,10,0,0,0,0,0,0,2183167,3080191,3358719,2171592.96,200
1782181548,0,261900,0,597.12,200.01,1882111,3362815,18841599,157810687,467927039,418560,1070071807,30313401.30,88434119.81,261900,10,10,10,0,0,0,0,0,0,2001919,2990079,4321279,2103896.32,200
1782181549,0,262100,0,596.21,199.95,1881087,3358719,18825215,157548543,467664895,418560,1070071807,30291811.45,88403826.13,262100,10,10,10,0,0,0,0,0,0,1944575,2699263,3487743,2019902.72,200
1782181550,0,262300,0,595.31,200.15,1881087,3354623,18808831,157417471,467402751,418560,1070071807,30270396.88,88373518.03,262300,10,10,10,0,0,0,0,0,0,2189311,3239935,3598335,2206598.40,200
1782181551,0,262500,0,594.42,200.00,1881087,3350527,18792447,157286399,467402751,418560,1070071807,30248902.62,88343276.16,262500,10,10,10,0,0,0,0,0,0,1999871,2758655,4259839,2059183.36,200
1782181552,0,262700,0,593.53,199.90,1880063,3344383,18776063,157155327,466354175,418560,1070071807,30227447.29,88313062.35,262700,10,10,10,0,0,0,0,0,0,2034687,2791423,2975743,2067330.56,200
1782181553,0,262900,0,592.64,199.96,1880063,3340287,18759679,157155327,466354175,418560,1070071807,30206141.74,88282842.59,262900,10,10,10,0,0,0,0,0,0,2045951,3237887,4108287,2221300.48,200
1782181554,0,263100,0,591.76,200.04,1880063,3338239,18726911,157024255,465567743,418560,1070071807,30184805.30,88252674.23,263100,10,10,10,0,0,0,0,0,0,2006015,4292607,4653055,2138060.80,200
1782181555,0,263300,0,590.88,200.05,1879039,3334143,18710527,157024255,465305599,418560,1070071807,30163453.89,88222549.87,263300,10,10,10,0,0,0,0,0,0,2050047,2975743,3559423,2075672.32,200
1782181556,0,263500,0,590.00,199.97,1879039,3330047,18694143,156762111,465305599,418560,1070071807,30142207.80,88192433.64,263500,10,10,10,0,0,0,0,0,0,2119679,3076095,4849663,2171723.52,200
1782181557,0,263700,0,589.13,200.02,1879039,3325951,18677759,156631039,464519167,418560,1070071807,30120935.78,88162365.29,263700,10,10,10,0,0,0,0,0,0,2095103,2899967,3231743,2095057.92,200
1782181558,0,263900,0,588.26,199.91,1878015,3323903,18661375,156499967,464519167,418560,1070071807,30099703.64,88132325.74,263900,10,10,10,0,0,0,0,0,0,2007039,3000319,5578751,2105125.12,200
1782181559,0,264100,0,587.40,200.13,1878015,3319807,18644991,156368895,464519167,418560,1070071807,30078457.93,88102329.91,264100,10,10,10,0,0,0,0,0,0,1947647,3227647,3428351,2044738.56,200
1782181560,0,264300,0,586.54,199.87,1878015,3315711,18628607,156237823,464519167,418560,1070071807,30057297.84,88072347.13,264300,10,10,10,0,0,0,0,0,0,2069503,2953215,3411967,2115397.12,200
1782181561,0,264500,0,585.68,200.01,1878015,3313663,18612223,156237823,463208447,418560,1070071807,30036337.44,88042343.20,264500,10,10,10,0,0,0,0,0,0,2193407,3868671,5189631,2337177.60,200
1782181562,0,264700,0,584.83,200.02,1876991,3309567,18579455,156106751,462946303,418560,1070071807,30015347.59,88012389.26,264700,10,10,10,0,0,0,0,0,0,2044927,3411967,5926911,2256261.12,200
1782181563,0,264900,0,583.98,199.94,1876991,3305471,18563071,156106751,462946303,418560,1070071807,29994177.13,87982530.17,264900,10,10,10,0,0,0,0,0,0,1907711,2740223,3176447,1975077.12,200
1782181564,0,265100,0,583.14,200.19,1875967,3301375,18530303,155975679,462946303,418560,1070071807,29973205.65,87952649.57,265100,10,10,10,0,0,0,0,0,0,2085887,3141631,6696959,2196477.44,200
1782181565,0,265300,0,582.30,199.81,1875967,3297279,18513919,155844607,462684159,418560,1070071807,29952245.86,87922804.30,265300,10,10,10,0,0,0,0,0,0,2127871,3194879,4134911,2170051.84,200
1782181566,0,265500,0,581.46,200.00,1875967,3293183,18497535,155713535,462684159,418560,1070071807,29931274.39,87893001.85,265500,10,10,10,0,0,0,0,0,0,2156543,2801663,2981887,2112609.28,200
1782181567,0,265700,0,580.63,200.19,1875967,3289087,18481151,155451391,461635583,418560,1070071807,29910381.87,87863214.96,265700,10,10,10,0,0,0,0,0,0,2105343,3018751,3297279,2175571.20,200
1782181568,0,265900,0,579.80,199.87,1874943,3284991,18448383,155320319,461635583,418560,1070071807,29889503.96,87833462.77,265900,10,10,10,0,0,0,0,0,0,2092031,3135487,3366911,2153198.08,200
1782181569,0,266100,0,578.97,200.04,1874943,3280895,18431999,154927103,461111295,418560,1070071807,29868667.93,87803736.78,266100,10,10,10,0,0,0,0,0,0,2127871,2990079,3213311,2167170.56,200
1782181570,0,266300,0,578.15,200.09,1874943,3276799,18399231,154927103,461111295,418560,1070071807,29847899.03,87774029.26,266300,10,10,10,0,0,0,0,0,0,2074623,3094527,3366911,2214873.60,200
1782181571,0,266500,0,577.33,199.90,1874943,3274751,18382847,154796031,461111295,418560,1070071807,29827347.11,87744300.56,266500,10,10,10,0,0,0,0,0,0,2117631,5591039,8585215,2462470.40,200
1782181572,0,266700,0,576.51,200.02,1874943,3270655,18350079,154796031,461111295,418560,1070071807,29806659.66,87714646.63,266700,10,10,10,0,0,0,0,0,0,2168831,3522559,3887103,2240629.76,200
1782181573,0,266900,0,575.70,199.89,1874943,3268607,18333695,154664959,461111295,418560,1070071807,29786007.89,87685022.31,266900,10,10,10,0,0,0,0,0,0,2054143,3725311,5656575,2246865.92,200
1782181574,0,267100,0,574.89,200.13,1874943,3264511,18317311,154664959,460849151,418560,1070071807,29765394.78,87655423.85,267100,10,10,10,0,0,0,0,0,0,2131967,3336191,4120575,2257208.32,200
1782181575,0,267300,0,574.09,200.02,1874943,3260415,18284543,154533887,460587007,418560,1070071807,29745015.94,87625793.22,267300,10,10,10,0,0,0,0,0,0,2353151,5083135,5697535,2529064.96,200
1782181576,0,267500,0,573.29,199.92,1874943,3258367,18268159,154402815,459014143,418560,1070071807,29724287.68,87596308.49,267500,10,10,10,0,0,0,0,0,0,2054143,2742271,3131391,2020979.20,200
1782181577,0,267700,0,572.49,200.06,1874943,3254271,18251775,154271743,459014143,418560,1070071807,29703654.65,87566832.63,267700,10,10,10,0,0,0,0,0,0,2105343,2785279,2928639,2106964.48,200
1782181578,0,267900,0,571.69,199.93,1874943,3250175,18219007,153878527,459014143,418560,1070071807,29683109.36,87537369.54,267900,10,10,10,0,0,0,0,0,0,2113535,3049471,4960255,2183244.80,200
1782181579,0,268100,0,570.90,200.09,1873919,3246079,18202623,153747455,458751999,418560,1070071807,29662455.53,87507978.58,268100,10,10,10,0,0,0,0,0,0,1930239,2985983,3131391,1996646.40,200
1782181580,0,268300,0,570.11,199.92,1873919,3241983,18186239,153485311,458227711,418560,1070071807,29642314.49,87478474.42,268300,10,10,10,0,0,0,0,0,0,2295807,4788223,8396799,2643249.92,200
1782181581,0,268500,0,569.33,200.09,1873919,3237887,18169855,153485311,458227711,418560,1070071807,29621812.25,87449112.93,268500,10,10,10,0,0,0,0,0,0,2077695,2854911,2971647,2118062.08,200
1782181582,0,268700,0,568.55,199.88,1872895,3233791,18153471,153223167,458227711,418560,1070071807,29601256.65,87419806.76,268700,10,10,10,0,0,0,0,0,0,2022399,2662399,2955263,2005358.08,200
1782181583,0,268900,0,567.77,200.07,1872895,3231743,18137087,153092095,458227711,418560,1070071807,29581357.26,87390369.69,268900,10,10,10,0,0,0,0,0,0,2134015,4020223,15392767,2846525.44,200
1782181584,0,269100,0,566.99,199.90,1872895,3227647,18120703,153092095,457965567,418560,1070071807,29561031.08,87361070.18,269100,10,10,10,0,0,0,0,0,0,2093055,3631103,4804607,2232485.12,200
1782181585,0,269300,0,566.22,199.99,1872895,3225599,18104319,152961023,457965567,418560,1070071807,29540753.46,87331795.02,269300,10,10,10,0,0,0,0,0,0,2138111,3563519,5521407,2257222.40,200
1782181586,0,269500,0,565.45,200.02,1872895,3221503,18087935,152961023,457179135,418560,1070071807,29520445.92,87302567.14,269500,10,10,10,0,0,0,0,0,0,2121727,2815999,7073791,2176337.92,200
1782181587,0,269700,0,564.69,199.98,1871871,3217407,18071551,152829951,457179135,418560,1070071807,29500279.10,87273333.95,269700,10,10,10,0,0,0,0,0,0,2144255,3948543,6447103,2325488.64,200
1782181588,0,269900,0,563.93,200.19,1871871,3213311,18055167,152698879,457179135,418560,1070071807,29480132.22,87244133.87,269900,10,10,10,0,0,0,0,0,0,2091007,3252223,6819839,2312070.40,200
1782181589,0,270100,0,563.17,199.96,1871871,3209215,18022399,152567807,456916991,418560,1070071807,29459864.23,87215006.72,270100,10,10,10,0,0,0,0,0,0,2131967,2942975,3360767,2108208.64,200
1782181590,0,271694,0,565.31,1593.64,1876991,3241983,18481151,159383551,454033407,418560,1070071807,30014137.38,87480698.71,271694,10,10,10,0,0,0,0,0,0,116654079,258605055,278921215,123934575.14,1594
1782181591,0,273878,0,568.67,2183.65,1885183,3284991,19103743,188612607,503054335,418560,1070071807,33209369.50,94671686.37,273878,10,10,10,0,0,0,0,0,0,431226879,621805567,644349951,430702682.02,2184
1782181592,0,276029,0,571.95,2151.52,1892351,3327999,19824639,218234879,605552639,418560,1101004799,37839327.08,108459410.15,276029,10,10,10,0,0,0,0,0,0,624427007,890241023,1065877503,627352820.22,2151
1782181593,0,277508,0,573.83,1478.41,1897471,3358719,20299775,244580351,723517439,418560,1809842175,43263357.90,133366392.05,277508,10,10,10,0,0,0,0,0,0,892862463,1757413375,1799356415,1055562075.56,1479
1782181594,0,279350,0,576.45,1842.20,1903615,3401727,20905983,278396927,947912703,418560,2127560703,52814080.29,179998738.15,279350,10,10,10,0,0,0,0,0,0,1523580927,2020605951,2108686335,1491685887.44,1842
1782181595,0,280787,0,578.22,1437.65,1908735,3436543,21446655,309329919,1351614463,418560,2457862143,62506310.10,225798315.21,280787,10,10,10,0,0,0,0,0,0,1996488703,2340421631,2420113407,1946656899.12,1437
1782181596,0,282017,0,579.56,1229.46,1912831,3467263,21872639,344457215,1779433471,418560,3045064703,73070877.31,276961960.45,282017,10,10,10,0,0,0,0,0,0,2556428287,2996830207,3034578943,2484772610.91,1230
1782181597,0,283958,0,582.35,1941.98,1919999,3516415,22527999,429654015,2319450111,418560,3326083071,92957126.15,365996587.28,283958,10,10,10,0,0,0,0,0,0,3045064703,3256877055,3303014399,2982323556.11,1941
1782181598,0,285762,0,584.85,1803.58,1926143,3563519,23166975,499384319,3028287487,418560,3906994175,113732450.18,448857516.87,285762,10,10,10,0,0,0,0,0,0,3405774847,3858759679,3879731199,3383865189.61,1804
1782181599,0,287794,0,587.80,2031.01,1933311,3620863,24018943,611844095,3334471679,418560,4324327423,138670919.10,536914968.84,287794,10,10,10,0,0,0,0,0,0,3590324223,4240441343,4311744511,3645790385.39,2032
1782181600,0,288752,0,588.56,957.98,1936383,3649535,24379391,666370047,3451912191,418560,5003804671,152182735.82,585449843.34,288752,10,10,10,0,0,0,0,0,0,4160749567,4915724287,4970250239,4211284801.74,958
1782181601,0,290639,0,591.20,1888.04,1942527,3710975,25067519,879755263,3984588799,418560,5435817983,182392599.59,693632923.51,290639,10,10,10,0,0,0,0,0,0,4647288831,5393874943,5427429375,4805158144.68,1887
1782181602,0,292058,0,592.88,1419.27,1947647,3753983,25640959,1152385023,4525654015,418560,5892997119,207272379.63,778697428.38,292058,10,10,10,0,0,0,0,0,0,5217714175,5880414207,5888802815,5303138758.63,1419
1782181603,0,293610,0,594.82,1552.05,1952767,3807231,26345471,1730150399,5179965439,418560,6190792703,236732174.76,875702422.79,293610,10,10,10,0,0,0,0,0,0,5842665471,6111100927,6178209791,5780526533.94,1552
1782181604,0,295699,0,597.85,2088.24,1959935,3887103,27426815,2279604223,5683281919,418560,6517948415,277693309.16,998909327.41,295699,10,10,10,0,0,0,0,0,0,6165626879,6438256639,6496976895,6034801338.03,2089
1782181605,0,297340,0,599.95,1641.83,1965055,3958783,28262399,2894069759,6060769279,418560,6958350335,312213054.74,1098964517.15,297340,10,10,10,0,0,0,0,0,0,6627000319,6933184511,6949961727,6532477679.31,1641
1782181606,0,299276,0,602.64,1934.07,1972223,4057087,29425663,3162505215,6450839551,418560,7214202879,354831836.97,1216230048.88,299276,10,10,10,0,0,0,0,0,0,7008681983,7142899711,7201619967,6900425177.92,1936
1782181607,0,301227,0,605.35,1952.49,1978367,4163583,30556159,3523215359,6954156031,418560,7667187711,399701350.70,1333686930.55,301227,10,10,10,0,0,0,0,0,0,7323254783,7608467455,7637827583,7282514569.78,1951
1782181608,0,303647,0,608.99,2419.83,1986559,4308991,32079871,4315938815,7306477567,418560,7826571263,456659499.93,1472652115.54,303647,10,10,10,0,0,0,0,0,0,7621050367,7788822527,7809794047,7546466283.69,2420
1782181609,0,306026,0,612.53,2378.91,1994751,4460543,33685503,5188354047,7549747199,418560,8044675071,512388473.97,1596482339.12,306026,10,10,10,0,0,0,0,0,0,7541358591,8002732031,8023703551,7625434200.24,2379
1782181610,0,308762,0,616.77,2736.33,2003967,4673535,35684351,5825888255,7738490879,418560,8401190911,576638587.27,1728972828.10,308762,10,10,10,0,0,0,0,0,0,7981760511,8342470655,8371830783,7763117085.94,2736
1782181611,0,311613,0,621.23,2849.65,2013183,4947967,38207487,6345981951,7998537727,418560,8527020031,642840102.93,1854506495.96,311613,10,10,10,0,0,0,0,0,0,8061452287,8392802303,8506048511,7812434061.51,2851
1782181612,0,314020,0,624.78,2408.57,2021375,5206015,40534015,6979321855,8136949759,418560,8841592831,699153978.02,1956335381.63,314020,10,10,10,0,0,0,0,0,0,8216641535,8799649791,8833204223,7989613287.64,2407
1782181613,0,315830,0,627.13,1808.65,2027519,5402623,42500095,7063207935,8287944703,418560,9034530815,742299847.54,2032492448.70,315830,10,10,10,0,0,0,0,0,0,8657043455,8959033343,9026142207,8227750648.36,1810
1782181614,0,317796,0,629.79,1966.14,2034687,5615615,44957695,7189037055,8417968127,418560,9730785279,790155434.02,2116074369.62,317796,10,10,10,0,0,0,0,0,0,9110028287,9604956159,9714008063,8477963102.54,1966
1782181615,0,320060,0,633.02,2263.76,2041855,5861375,48201727,7323254783,8757706751,418560,10166992895,847871311.94,2218495845.70,320060,10,10,10,0,0,0,0,0,0,9277800447,10133438463,10150215679,8949406267.70,2264
1782181616,0,322340,0,636.27,2279.90,2050047,6111231,51773439,7440695295,9151971327,418560,10259267583,905397256.16,2315665750.60,322340,10,10,10,0,0,0,0,0,0,9512681471,10208935935,10250878975,8980727829.56,2280
1782181617,0,323882,0,638.06,1542.49,2055167,6291455,54820863,7541358591,9957277695,418560,10552868863,950050524.51,2398712312.82,323882,10,10,10,0,0,0,0,0,0,10410262527,10527703039,10544480255,10284379007.17,1542
1782181618,0,324416,0,637.85,533.81,2057215,6352895,56000511,7562330111,10032775167,418560,10729029631,965676274.96,2427447260.21,324416,10,10,10,0,0,0,0,0,0,10343153663,10712252415,10729029631,10443015800.81,534
1782181619,0,325082,0,637.91,666.28,2059263,6447103,57540607,7591690239,10116661247,418560,10972299263,985953075.77,2465910698.37,325082,10,10,10,0,0,0,0,0,0,10888413183,10955522047,10972299263,10863008045.36,666
1782181620,0,325082,0,636.66,0.00,2059263,6447103,57540607,7591690239,10116661247,418560,10972299263,985953075.77,2465910698.37,325082,10,10,10,0,0,0,0,0,0,0,0,0,0.00,0
1782181621,0,325082,0,635.41,0.00,2059263,6447103,57540607,7591690239,10116661247,418560,10972299263,985953075.77,2465910698.37,325082,10,10,10,0,0,0,0,0,0,0,0,0,0.00,0
1782181622,0,325082,0,634.17,0.00,2059263,6447103,57540607,7591690239,10116661247,418560,10972299263,985953075.77,2465910698.37,325082,10,10,10,0,0,0,0,0,0,0,0,0,0.00,0
1782181623,0,325082,0,632.94,0.00,2059263,6447103,57540607,7591690239,10116661247,418560,10972299263,985953075.77,2465910698.37,325082,10,10,10,0,0,0,0,0,0,0,0,0,0.00,0
1782181624,0,325082,0,631.71,0.00,2059263,6447103,57540607,7591690239,10116661247,418560,10972299263,985953075.77,2465910698.37,325082,10,10,10,0,0,0,0,0,0,0,0,0,0.00,0
1782181625,0,326400,0,633.04,1319.22,2063359,6606847,61079551,7658799103,10267656191,418560,17968398335,1050258172.93,2660465904.96,326400,10,10,10,0,0,0,0,0,0,17079205887,17867735039,17951621119,16910978655.56,1318
1782181626,0,332400,0,643.43,5998.04,2083839,7385087,80674815,8346664959,15753805823,418560,18522046463,1298591349.82,3222204982.19,332400,10,10,10,0,0,0,0,0,0,14839447551,18152947711,18421383167,14807916172.63,6000
1782181627,0,335485,0,648.15,3084.08,2094079,7770111,95748095,9118416895,16131293183,418560,18522046463,1406270953.47,3405378575.75,335485,10,10,10,0,0,0,0,0,0,12725518335,17213423615,17616076799,13008442835.02,3085
1782181628,0,337078,0,649.97,1593.42,2099199,7954431,105447423,9370075135,16139681791,418560,18522046463,1457399560.94,3480844599.75,337078,10,10,10,0,0,0,0,0,0,11240734719,16005464063,16215179263,12225058616.73,1593
1782181629,0,337487,0,649.50,408.92,2101247,8019967,107675647,9596567551,16139681791,418560,18522046463,1473050588.50,3507651170.82,337487,10,10,10,0,0,0,0,0,0,14411628543,14847836159,14906556415,14371869823.69,409
1782181630,0,338414,0,650.04,927.45,2105343,8126463,112852991,10007609343,16131293183,418560,18522046463,1504964106.16,3555676419.94,338414,10,10,10,0,0,0,0,0,0,13136560127,14503903231,14621343743,13123515706.82,927
1782181631,0,341394,0,654.50,2978.78,2113535,8503295,132775935,10410262527,17699962879,418560,22666018815,1668787285.54,3954637440.59,341394,10,10,10,0,0,0,0,0,0,21088960511,22447915007,22598909951,20272833402.67,2980
1782181632,0,345403,0,660.92,4009.16,2127871,8970239,172228607,11936989183,19562233855,418560,22666018815,1846549265.55,4270803754.25,345403,10,10,10,0,0,0,0,0,0,17263755263,21105737727,21374173183,16984207884.13,4009
1782181633,0,355127,0,678.23,9727.44,2160639,10223615,298844159,14520680447,21156069375,418560,23857201151,2259736213.43,4916699132.27,355127,10,10,10,0,0,0,0,0,0,16299065343,23152558079,23739760639,16936413646.51,9724
1782181634,0,363909,0,693.68,8781.43,2191359,11493375,563609599,16357785599,21525168127,418560,24863834111,2625509162.64,5407276368.96,363909,10,10,10,0,0,0,0,0,0,17414750207,23404216319,24578621439,17416655841.45,8782
1782181635,0,368273,0,700.66,4362.73,2207743,12115967,892338175,16290676735,21508390911,418560,24863834111,2751660984.18,5497787828.41,368273,10,10,10,0,0,0,0,0,0,13061062655,14378074111,14948499455,13271318002.39,4364
1782181636,0,374411,0,710.99,6134.83,2230271,12992511,2262827007,16206790655,21491613695,418560,24863834111,2908269172.47,5587762205.56,374411,10,10,10,0,0,0,0,0,0,12650020863,13706985471,13790871551,12304581867.90,6138
1782181637,0,378671,0,717.71,4261.80,2246655,13606911,3139436543,16156459007,21474836479,418560,24863834111,3009900878.39,5637985725.82,378671,10,10,10,0,0,0,0,0,0,12004098047,13103005695,13295943679,11942301969.07,4260
1782181638,0,380661,0,720.12,1989.09,2252799,13942783,3420454911,16122904575,21458059263,418560,24863834111,3055665319.51,5658607301.43,380661,10,10,10,0,0,0,0,0,0,11811160063,12238979071,12322865151,11764040536.25,1990
1782181639,0,382949,0,723.08,2288.58,2260991,14303231,3846176767,16089350143,21458059263,418560,24863834111,3106537823.80,5679775085.88,382949,10,10,10,0,0,0,0,0,0,11676942335,12054429695,12071206911,11570339553.57,2288
1782181640,0,385914,0,727.31,2965.53,2273279,14770175,4580179967,16055795711,21441282047,418560,24863834111,3168041859.46,5701066587.34,385914,10,10,10,0,0,0,0,0,0,11114905599,11811160063,11836325887,11111687373.49,2965
1782181641,0,386376,0,726.81,462.27,2275327,14843903,4768923647,16047407103,21441282047,418560,24863834111,3177846503.62,5704711100.57,386376,10,10,10,0,0,0,0,0,0,11156848639,11895046143,11953766399,11367780369.73,462
1782181642,0,388151,0,728.78,1774.85,2281471,15122431,5276434431,16022241279,21441282047,418560,24863834111,3215476911.97,5718786320.08,388151,10,10,10,0,0,0,0,0,0,11232346111,12339642367,12423528447,11406737001.86,1775
1782181643,0,390519,0,731.85,2367.80,2289663,15466495,5729419263,15997075455,21424504831,418560,24863834111,3260995252.95,5731904133.50,390519,10,10,10,0,0,0,0,0,0,10301210623,12658409471,12733906943,10722139495.78,2368
1782181644,0,391941,0,733.14,1421.85,2295807,15695871,5960105983,15971909631,21424504831,418560,24863834111,3293766974.24,5747232203.83,391941,10,10,10,0,0,0,0,0,0,12247367679,12658409471,12691963903,12293752788.79,1422
1782181645,0,391941,0,731.77,0.00,2295807,15695871,5960105983,15971909631,21424504831,418560,24863834111,3293766974.24,5747232203.83,391941,10,10,10,0,0,0,0,0,0,0,0,0,0.00,0
1782181646,0,391941,0,730.40,0.00,2295807,15695871,5960105983,15971909631,21424504831,418560,24863834111,3293766974.24,5747232203.83,391941,10,10,10,0,0,0,0,0,0,0,0,0,0.00,0
1782181647,0,391941,0,729.05,0.00,2295807,15695871,5960105983,15971909631,21424504831,418560,24863834111,3293766974.24,5747232203.83,391941,10,10,10,0,0,0,0,0,0,0,0,0,0.00,0
1782181648,0,391941,0,727.69,0.00,2295807,15695871,5960105983,15971909631,21424504831,418560,24863834111,3293766974.24,5747232203.83,391941,10,10,10,0,0,0,0,0,0,0,0,0,0.00,0
1782181649,0,395180,0,732.35,3240.01,2310143,16203775,6471811071,16835936255,21827158015,418560,24863834111,3440124883.81,5946461667.94,395180,10,10,10,0,0,0,0,0,0,21156069375,22733127679,23035117567,21150426036.44,3239
1782181650,0,399439,0,738.87,4256.64,2326527,16957439,7042236415,17532190719,21810380799,418560,24863834111,3596675216.73,6105835025.32,399439,10,10,10,0,0,0,0,0,0,18220056575,20266876927,20552089599,18122517095.99,4259
1782181651,0,401208,0,740.77,1768.62,2334719,17285119,7126122495,17582522367,21810380799,418560,24863834111,3653334276.76,6151929537.08,401208,10,10,10,0,0,0,0,0,0,16424894463,18236833791,18454937599,16446911596.25,1769
1782181652,0,405679,0,747.65,4473.49,2353151,18104319,7327449087,17532190719,21793603583,418560,24863834111,3759599519.66,6201750404.07,405679,10,10,10,0,0,0,0,0,0,13270777855,15359541247,15619588095,13295377997.76,4471
1782181653,0,407445,0,749.52,1765.30,2359295,18464767,7386169343,17867735039,22162702335,418560,25618808831,3841242801.86,6313403110.80,407445,10,10,10,0,0,0,0,0,0,22917677055,25333596159,25568477183,22596036165.00,1766
1782181654,0,410207,0,753.22,2762.51,2371583,18956287,7541358591,18001952767,22162702335,418560,25618808831,3924997452.45,6376799883.23,410207,10,10,10,0,0,0,0,0,0,16097738751,20132659199,20501757951,16280324610.60,2762
1782181655,0,410243,0,751.90,36.00,2371583,18972671,7541358591,18001952767,22162702335,418560,25618808831,3925798391.36,6377093233.61,410243,10,10,10,0,0,0,0,0,0,13061062655,13069451263,13069451263,13052208014.22,36
1782181656,0,410331,0,750.69,87.96,2371583,18989055,7541358591,18001952767,22162702335,418560,25618808831,3928019349.00,6378212322.74,410331,10,10,10,0,0,0,0,0,0,14260633599,14369685503,14369685503,14281795770.18,88
1782181657,0,410387,0,749.42,56.03,2371583,18989055,7545552895,18001952767,22162702335,418560,25618808831,3929544833.02,6379113782.39,410387,10,10,10,0,0,0,0,0,0,15107883007,15133048831,15133048831,15107283821.71,56
1782181658,0,410836,0,748.87,449.05,2373631,19103743,7562330111,18001952767,22162702335,418560,25618808831,3943100001.72,6388790043.14,410836,10,10,10,0,0,0,0,0,0,16483614719,16592666623,16601055231,16332554385.96,449
1782181659,0,412331,0,750.23,1494.14,2379775,19447807,7612661759,17985175551,22145925119,418560,25618808831,3988197506.02,6420870833.38,412331,10,10,10,0,0,0,0,0,0,16366174207,16550723583,16584278015,16381293341.28,1495
1782181660,0,418915,0,760.82,6585.49,2410495,20889599,8145338367,19042140159,23353884671,418560,27279753215,4262166494.08,6747341165.36,418915,10,10,10,0,0,0,0,0,0,22397583359,26692550655,27111981055,21419807262.48,6584
1782181661,0,429340,0,778.34,10429.10,2457599,23347199,9974054911,19730006015,24125636607,418560,27984396287,4613575332.20,7051391333.38,429340,10,10,10,0,0,0,0,0,0,17850957823,26407337983,27648851967,18734480216.72,10425
1782181662,0,432321,0,782.33,2978.74,2471935,24182783,10175381503,19713228799,24092082175,418560,27984396287,4683058641.52,7076446484.22,432321,10,10,10,0,0,0,0,0,0,14696841215,15627976703,16030629887,14690426646.41,2981
1782181663,0,434368,0,784.61,2047.08,2482175,24674303,10343153663,19679674367,24092082175,418560,27984396287,4726468287.80,7087910451.55,434368,10,10,10,0,0,0,0,0,0,13857980415,14378074111,14403239935,13894471065.70,2047
1782181664,0,434520,0,783.47,152.05,2482175,24707071,10359930879,19679674367,24092082175,418560,27984396287,4728928465.11,7087906446.95,434520,10,10,10,0,0,0,0,0,0,11752439807,13002342399,13119782911,11759338334.32,152
1782181665,0,434574,0,782.16,54.03,2482175,24723455,10359930879,19679674367,24092082175,418560,27984396287,4730436641.39,7088757174.24,434574,10,10,10,0,0,0,0,0,0,16861102079,16936599551,16936599551,16866228451.56,54
1782181666,0,451022,0,810.30,16440.59,2566143,30294015,11400118271,21474836479,27464302591,418560,32094814207,5377892477.54,7818204537.67,451022,10,10,10,0,0,0,0,0,0,23370661887,31205621759,31876710399,22484377918.75,16448
1782181667,0,455237,0,816.41,4215.03,2588671,31965183,11509170175,21441282047,27430748159,418560,32094814207,5430238516.06,7822563179.62,455237,10,10,10,0,0,0,0,0,0,11366563839,18203279359,18236833791,11031475760.95,4215
1782181668,0,456692,0,817.55,1454.48,2596863,32407551,11525947391,21424504831,27430748159,418560,32094814207,5442909286.53,7824398922.72,456692,10,10,10,0,0,0,0,0,0,5263851519,18069061631,18102616063,9407310342.33,1455
1782181669,0,458180,0,818.75,1489.24,2605055,32882687,11551113215,21407727615,27413970943,418560,32094814207,5460512000.45,7822759789.24,458180,10,10,10,0,0,0,0,0,0,12012486655,16198402047,16559112191,10863078280.26,1488
1782181670,0,460570,0,821.56,2389.62,2615295,33685503,11517558783,21390950399,27397193727,418560,32094814207,5449380427.86,7806821526.68,460570,10,10,10,0,0,0,0,0,0,2634022911,8799649791,9806282751,3315378784.24,2390
1782181671,0,461070,0,820.98,499.60,2613247,33456127,11509170175,21390950399,27397193727,418560,32094814207,5443475274.05,7804645467.03,461070,10,10,10,0,0,0,0,0,0,3479551,8175615,10379263,4001895.17,500
1782181672,0,461570,0,820.41,500.36,2609151,33226751,11500781567,21390950399,27397193727,418560,32094814207,5437583397.73,7802468728.81,461570,10,10,10,0,0,0,0,0,0,2336767,12738559,46039039,4448562.18,500
1782181673,0,462070,0,819.84,499.66,2607103,32964607,11492392959,21374173183,27397193727,418560,32094814207,5431702718.06,7800292737.81,462070,10,10,10,0,0,0,0,0,0,2729983,5644287,6909951,3012087.30,500
1782181674,0,462570,0,819.28,500.03,2605055,32686079,11475615743,21374173183,27397193727,418560,32094814207,5425834646.84,7798116498.16,462570,10,10,10,0,0,0,0,0,0,2467839,6057983,8065023,2915315.20,500
1782181675,0,463070,0,818.71,500.09,2598911,32505855,11458838527,21374173183,27380416511,418560,32094814207,5419979063.26,7795940078.05,463070,10,10,10,0,0,0,0,0,0,2344959,5419007,5894143,2744470.02,500
1782181676,0,463570,0,818.15,500.32,2596863,32309247,11450449919,21374173183,27380416511,418560,32094814207,5414136127.29,7793763350.72,463570,10,10,10,0,0,0,0,0,0,2351103,6004735,6950911,2759406.59,500
1782181677,0,464070,0,817.59,499.82,2594815,32112639,11433672703,21357395967,27380416511,418560,32094814207,5408306115.02,7791586109.27,464070,10,10,10,0,0,0,0,0,0,2621439,6860799,9035775,3068535.81,500
1782181678,0,464570,0,817.03,499.84,2590719,31948799,11416895487,21357395967,27380416511,418560,32094814207,5402488530.76,7789408682.38,464570,10,10,10,0,0,0,0,0,0,2555903,6021119,7483391,2955879.94,500
1782181679,0,465070,0,816.47,500.36,2588671,31752191,11408506879,21357395967,27363639295,418560,32094814207,5396683394.15,7787231040.94,465070,10,10,10,0,0,0,0,0,0,2514943,5316607,7921663,2898764.80,500
1782181680,0,465570,0,815.92,499.94,2586623,31539199,11400118271,21357395967,27363639295,418560,32094814207,5390891635.70,7785052526.43,465570,10,10,10,0,0,0,0,0,0,2791423,8118271,27000831,3745426.94,500
1782181681,0,466070,0,815.37,499.91,2582527,31342591,11391729663,21340618751,27363639295,418560,32094814207,5385111281.12,7782874488.67,466070,10,10,10,0,0,0,0,0,0,2408447,5414911,7180287,2791922.69,500
1782181682,0,466570,0,814.82,499.93,2580479,31129599,11383341055,21340618751,27363639295,418560,32094814207,5379345173.72,7780694951.14,466570,10,10,10,0,0,0,0,0,0,2336767,12115967,50298879,4525818.88,500
1782181683,0,467070,0,814.27,499.78,2578431,30900223,11366563839,21340618751,27346862079,418560,32094814207,5373589698.53,7778516389.22,467070,10,10,10,0,0,0,0,0,0,2678783,5492735,7311359,2925575.68,500
1782181684,0,467570,0,813.72,500.46,2574335,30687231,11349786623,21323841535,27346862079,418560,32094814207,5367846510.61,7776337647.34,467570,10,10,10,0,0,0,0,0,0,2476031,5771263,6230015,2904951.81,500
1782181685,0,468070,0,813.17,499.66,2572287,30490623,11341398015,21323841535,27346862079,418560,32094814207,5362115843.18,7774158549.69,468070,10,10,10,0,0,0,0,0,0,2639871,6594559,7745535,3139499.52,500
1782181686,0,468570,0,812.63,499.98,2570239,30343167,11324620799,21323841535,27346862079,418560,32094814207,5356397327.86,7771979335.25,468570,10,10,10,0,0,0,0,0,0,2510847,6004735,6610943,3066398.21,500
1782181687,0,469070,0,812.09,499.92,2566143,30130175,11316232191,21323841535,27346862079,418560,32094814207,5350690683.92,7769800182.15,469070,10,10,10,0,0,0,0,0,0,2236415,5074943,6778879,2766380.54,500
1782181688,0,469570,0,811.55,500.23,2564095,29933567,11299454975,21307064319,27330084863,418560,32094814207,5344996378.49,7767620753.70,469570,10,10,10,0,0,0,0,0,0,2363391,5595135,12460031,2940680.19,500
1782181689,0,470070,0,811.01,500.12,2559999,29753343,11291066367,21307064319,27330084863,418560,32094814207,5339314172.54,7765441199.40,470070,10,10,10,0,0,0,0,0,0,2572287,5926911,8228863,2927276.54,500
1782181690,0,470570,0,810.48,499.93,2557951,29523967,11274289151,21307064319,27330084863,418560,32094814207,5333644439.16,7763261248.32,470570,10,10,10,0,0,0,0,0,0,2613247,6455295,9871359,3301306.88,500
1782181691,0,471070,0,809.94,499.71,2553855,29310975,11265900543,21307064319,27330084863,418560,32094814207,5327986107.43,7761081620.81,471070,10,10,10,0,0,0,0,0,0,2265087,5484543,6545407,2703779.33,500
1782181692,0,471570,0,809.41,500.30,2551807,29097983,11257511935,21290287103,27313307647,418560,32094814207,5322339683.40,7758901954.23,471570,10,10,10,0,0,0,0,0,0,2162687,5419007,6119423,2617751.04,500
1782181693,0,472070,0,808.88,500.01,2547711,28884991,11257511935,21290287103,27313307647,418560,32094814207,5316705478.85,7756722020.19,472070,10,10,10,0,0,0,0,0,0,2269183,5951487,12247039,2861793.28,500
1782181694,0,472570,0,808.35,500.00,2545663,28688383,11249123327,21290287103,27313307647,418560,32094814207,5311083151.35,7754542038.57,472570,10,10,10,0,0,0,0,0,0,2248703,5853183,9641983,2818870.78,500
1782181695,0,473070,0,807.83,499.91,2539519,28491775,11240734719,21290287103,27313307647,418560,32094814207,5305472296.21,7752362271.47,473070,10,10,10,0,0,0,0,0,0,1965055,5292031,6189055,2428665.86,500
1782181696,0,473570,0,807.30,500.10,2539519,28327935,11223957503,21273509887,27296530431,418560,32094814207,5299876064.00,7750180555.20,473570,10,10,10,0,0,0,0,0,0,2826239,13582335,51183615,5056918.02,500
1782181697,0,474070,0,806.78,500.14,2535423,28164095,11223957503,21273509887,27296530431,418560,32094814207,5294289442.18,7748000293.07,474070,10,10,10,0,0,0,0,0,0,2447359,6045695,9306111,2976460.29,500
1782181698,0,474570,0,806.26,499.57,2531327,28000255,11215568895,21273509887,27296530431,418560,32094814207,5288714173.91,7745820282.21,474570,10,10,10,0,0,0,0,0,0,2367487,4456447,5439487,2579313.66,500
1782181699,0,475070,0,805.74,500.39,2529279,27836415,11207180287,21273509887,27296530431,418560,32094814207,5283150877.88,7743640085.81,475070,10,10,10,0,0,0,0,0,0,2301951,5521407,7196671,2804083.20,500
1782181700,0,475570,0,805.22,499.60,2527231,27656191,11198791679,21256732671,27279753215,418560,32094814207,5277599768.74,7741459543.43,475570,10,10,10,0,0,0,0,0,0,2942975,5791743,14360575,3268929.02,500
1782181701,0,476070,0,804.71,500.33,2525183,27475967,11190403071,21256732671,27279753215,418560,32094814207,5272059788.78,7739279361.24,476070,10,10,10,0,0,0,0,0,0,2387967,5042175,6598655,2763248.13,500
1782181702,0,476570,0,804.19,499.92,2521087,27295743,11182014463,21256732671,27279753215,418560,32094814207,5266531778.44,7737098952.53,476570,10,10,10,0,0,0,0,0,0,2482175,6098943,8511487,3092012.03,500
1782181703,0,477070,0,803.68,499.97,2519039,27131903,11173625855,21256732671,27279753215,418560,32094814207,5261014997.96,7734918806.14,477070,10,10,10,0,0,0,0,0,0,2318335,4939775,8081407,2750855.68,500
1782181704,0,477570,0,803.17,499.76,2514943,26984447,11165237247,21256732671,27279753215,418560,32094814207,5255509523.12,7732738855.78,477570,10,10,10,0,0,0,0,0,0,2179071,5402623,5976063,2515761.66,500
1782181705,0,478070,0,802.66,500.32,2512895,26820607,11156848639,21239955455,27262975999,418560,32094814207,5250015925.56,7730558698.81,478070,10,10,10,0,0,0,0,0,0,2539519,5824511,6799359,2861147.65,500
1782181706,0,478570,0,802.15,499.80,2510847,26640383,11148460031,21239955455,27262975999,418560,32094814207,5244533879.56,7728378542.49,478570,10,10,10,0,0,0,0,0,0,2457599,6094847,8536063,2930422.27,500
1782181707,0,479070,0,801.65,500.16,2506751,26443775,11140071423,21239955455,27262975999,418560,32094814207,5239062993.67,7726198637.97,479070,10,10,10,0,0,0,0,0,0,2046975,6225919,10608639,2659272.19,500
1782181708,0,479570,0,801.14,500.08,2506751,26296319,11131682815,21239955455,27262975999,418560,32094814207,5233604173.53,7724018357.41,479570,10,10,10,0,0,0,0,0,0,2580479,6705151,13549567,3290244.10,500
1782181709,0,480070,0,800.64,500.09,2504703,26181631,11123294207,21239955455,27262975999,418560,32094814207,5228156426.61,7721838359.05,480070,10,10,10,0,0,0,0,0,0,2648063,6443007,7335935,3004447.23,500
1782181710,0,481325,0,801.40,1254.24,2508799,26394623,11106516991,21223178239,27246198783,418560,32094814207,5215085567.15,7716005444.54,481325,10,10,10,0,0,0,0,0,0,173408255,500432895,544210943,215143334.25,1255
1782181711,0,482998,0,802.85,1673.09,2514943,26984447,11072962559,21206401023,27229421567,418560,32094814207,5199927361.24,7706930316.23,482998,10,10,10,0,0,0,0,0,0,861929471,1143996415,1275068415,838885243.79,1673
1782181712,0,484860,0,804.60,1862.68,2523135,27623423,11031019519,21189623807,27229421567,418560,32094814207,5185688142.68,7695548673.95,484860,10,10,10,0,0,0,0,0,0,1497366527,1965031423,1995440127,1492071557.09,1862
1782181713,0,487190,0,807.13,2328.42,2533375,28393471,10955522047,21172846591,27212644351,418560,32094814207,5170295199.83,7680354176.99,487190,10,10,10,0,0,0,0,0,0,1922039807,2407530495,2512388095,1967109674.63,2330
1782181714,0,488223,0,807.50,1033.70,2539519,28786687,10938744831,21172846591,27195867135,418560,32094814207,5165273594.15,7673017766.41,488223,10,10,10,0,0,0,0,0,0,2688548863,3464495103,3493855231,2796952132.89,1033
1782181715,0,489685,0,808.58,1462.24,2545663,29392895,10896801791,21156069375,27195867135,418560,32094814207,5160135967.74,7662156786.45,489685,10,10,10,0,0,0,0,0,0,3422552063,4208984063,4238344191,3444467445.84,1462
1782181716,0,490796,0,809.08,1110.25,2551807,29851647,10854858751,21139292159,27179089919,418560,32094814207,5158018427.23,7653636201.28,490796,10,10,10,0,0,0,0,0,0,4238344191,4970250239,5003804671,4224690052.49,1111
1782181717,0,491945,0,809.64,1149.61,2555903,30326783,10821304319,21139292159,27179089919,418560,32094814207,5157421228.23,7644742216.07,491945,10,10,10,0,0,0,0,0,0,4764729343,5771362303,5867831295,4902327337.89,1149
1782181718,0,493420,0,810.74,1475.08,2564095,30867455,10779361279,21122514943,27162312703,418560,32094814207,5159511091.62,7633428630.01,493420,10,10,10,0,0,0,0,0,0,5821693951,6530531327,6606028799,5856526580.37,1475
1782181719,0,495013,0,812.02,1593.01,2570239,31555583,10745806847,21105737727,27162312703,418560,32094814207,5163584747.54,7621508415.84,495013,10,10,10,0,0,0,0,0,0,6501171199,7272923135,7386169343,6425369621.21,1593
1782181720,0,497550,0,814.84,2536.22,2582527,32538623,10687086591,21088960511,27145535487,418560,32094814207,5173453620.35,7603388427.62,497550,10,10,10,0,0,0,0,0,0,6866075647,7864319999,7944011775,7099043031.13,2537
1782181721,0,498992,0,815.87,1441.81,2590719,33226751,10645143551,21088960511,27128758271,418560,32094814207,5180777116.62,7593643572.20,498992,10,10,10,0,0,0,0,0,0,7646216191,8384413695,8434745343,7707688051.04,1442
1782181722,0,499206,0,814.89,214.00,2590719,33341439,10636754943,21088960511,27128758271,418560,32094814207,5182021395.77,7592257916.59,499206,10,10,10,0,0,0,0,0,0,7927234559,8715763711,8724152319,8083354786.69,214
1782181723,0,500885,0,816.30,1679.81,2598911,34111487,10603200511,21072183295,27128758271,418560,32094814207,5195474339.92,7583113372.49,500885,10,10,10,0,0,0,0,0,0,9219080191,10116661247,10150215679,9195349524.43,1679
1782181724,0,502560,0,817.69,1674.00,2609151,34963455,10594811903,21055406079,27111981055,418560,32094814207,5211255229.31,7575437434.20,502560,10,10,10,0,0,0,0,0,0,9823059967,10871635967,10947133439,9930306443.23,1675
1782181725,0,505780,0,821.59,3219.58,2625535,36569087,10619977727,21021851647,27095203839,418560,32094814207,5245214501.32,7563258897.66,505780,10,10,10,0,0,0,0,0,0,10351542271,11165237247,11215568895,10545392061.22,3220
1782181726,0,508980,0,825.45,3201.65,2641919,38567935,10695475199,21005074431,27078426623,418560,32094814207,5280113511.23,7552267964.61,508980,10,10,10,0,0,0,0,0,0,10653532159,11433672703,11458838527,10796120145.92,3200
1782181727,0,512201,0,829.33,3220.16,2658303,40632319,10829692927,20971519999,27061649407,418560,32094814207,5316869902.92,7542689564.51,512201,10,10,10,0,0,0,0,0,0,11031019519,11618222079,11710496767,11125087302.26,3221
1782181728,0,513485,0,830.07,1283.87,2664447,41484287,10888413183,20971519999,27061649407,418560,32094814207,5332531421.98,7539748672.23,513485,10,10,10,0,0,0,0,0,0,11584667647,11844714495,11895046143,11580074819.79,1284
1782181729,0,515719,0,832.33,2234.68,2676735,43155455,10980687871,20954742783,27044872191,418560,32094814207,5363358162.17,7537921401.51,515719,10,10,10,0,0,0,0,0,0,12423528447,12884901887,12943622143,12448885775.58,2234
1782181730,0,519940,0,837.79,4219.24,2699263,46956543,11148460031,20904411135,27028094975,418560,32094814207,5422770832.60,7536014088.80,519940,10,10,10,0,0,0,0,0,0,12482248703,13295943679,13354663935,12681771775.09,4221
1782181731,0,523552,0,842.25,3611.39,2717695,50528255,11274289151,20870856703,27011317759,418560,32094814207,5474181289.34,7535324194.62,523552,10,10,10,0,0,0,0,0,0,12641632255,13438550015,13530824703,12874611211.91,3612
1782181732,0,527150,0,846.68,3601.37,2738175,54984703,11433672703,20837302271,26977763327,418560,32094814207,5526650538.97,7536237328.40,527150,10,10,10,0,0,0,0,0,0,13321109503,13564379135,13698596863,13161553423.65,3598
1782181733,0,530138,0,850.12,2987.85,2756607,59604991,11542724607,20803747839,26960986111,418560,32094814207,5571633921.80,7538814266.08,530138,10,10,10,0,0,0,0,0,0,13396606975,14327742463,14369685503,13507708305.65,2988
1782181734,0,533477,0,854.10,3338.00,2777087,65503231,11702108159,20770193407,26944208895,418560,32094814207,5623229314.20,7543353738.46,533477,10,10,10,0,0,0,0,0,0,13883146239,14579400703,14654898175,13815106564.60,3339
1782181735,0,535310,0,855.66,1832.42,2787327,69337087,11785994239,20753416191,26944208895,418560,32094814207,5653473875.07,7548159458.02,535310,10,10,10,0,0,0,0,0,0,14503903231,15275655167,15300820991,14455862090.44,1833
1782181736,0,537848,0,858.35,2539.24,2803711,75300863,11928600575,20719861759,26927431679,418560,32094814207,5698107198.82,7558257588.47,537848,10,10,10,0,0,0,0,0,0,14856224767,15728639999,15762194431,15112080617.20,2538
1782181737,0,538720,0,858.37,871.76,2807807,77529087,11970543615,20719861759,26927431679,418560,32094814207,5714035135.29,7562515096.54,538720,10,10,10,0,0,0,0,0,0,15795748863,16114515967,16131293183,15538357125.87,872
1782181738,0,540695,0,860.15,1975.50,2820095,83230719,12054429695,20703084543,26910654463,418560,32094814207,5752182888.72,7574966852.57,540695,10,10,10,0,0,0,0,0,0,16181624831,16601055231,16802381823,16157731103.24,1975
1782181739,0,543428,0,863.12,2733.28,2834431,91684863,12163481599,20669530111,26893877247,418560,32094814207,5804473117.63,7591711806.76,543428,10,10,10,0,0,0,0,0,0,16097738751,17465081855,17498636287,16149539097.01,2733
1782181740,0,545716,0,865.38,2286.74,2846719,100139007,12264144895,20652752895,26877100031,418560,32094814207,5853398212.35,7613411731.28,545716,10,10,10,0,0,0,0,0,0,17095983103,18807259135,18857590783,17473706943.55,2288
1782181741,0,547485,0,866.81,1770.01,2856959,107479039,12322865151,20635975679,26877100031,418560,32094814207,5890394069.95,7628967869.06,547485,10,10,10,0,0,0,0,0,0,16953376767,19042140159,19075694591,17303187412.01,1769
1782181742,0,548740,0,867.43,1254.61,2865151,111673343,12373196799,20635975679,26860322815,418560,32094814207,5921782863.05,7648490566.96,548740,10,10,10,0,0,0,0,0,0,19881000959,20367540223,20468203519,19614925008.88,1255
1782181743,0,549920,0,867.92,1179.45,2873343,116588543,12415139839,20652752895,26860322815,418560,32094814207,5952172938.54,7668388219.85,549920,10,10,10,0,0,0,0,0,0,20199768063,20719861759,20753416191,20084588210.77,1180
1782181744,0,549920,0,866.55,0.00,2873343,116588543,12415139839,20652752895,26860322815,418560,32094814207,5952172938.54,7668388219.85,549920,10,10,10,0,0,0,0,0,0,0,0,0,0.00,0
1782181745,0,549920,0,865.19,0.00,2873343,116588543,12415139839,20652752895,26860322815,418560,32094814207,5952172938.54,7668388219.85,549920,10,10,10,0,0,0,0,0,0,0,0,0,0.00,0
1782181746,0,550647,0,864.97,727.18,2877439,119406591,12440305663,20753416191,26860322815,418560,32094814207,5975029091.40,7689067295.07,550647,10,10,10,0,0,0,0,0,0,23269998591,23588765695,23622320127,23263963871.25,727
1782181747,0,553820,0,868.59,3169.69,2897919,133824511,12524191743,21122514943,26843545599,418560,32094814207,6065237084.90,7758832834.76,553820,10,10,10,0,0,0,0,0,0,21776826367,23588765695,23823646719,21720062484.49,3173
1782181748,0,554933,0,868.97,1113.82,2906111,140509183,12557746175,21256732671,26843545599,418560,32094814207,6101323212.89,7792780218.65,554933,10,10,10,0,0,0,0,0,0,24125636607,24847056895,24947720191,24057495183.99,1113
1782181749,0,554937,0,867.62,4.00,2906111,140509183,12557746175,21256732671,26843545599,418560,32094814207,6101443972.10,7792881939.91,554937,10,10,10,0,0,0,0,0,0,22867345407,22867345407,22867345407,22854762496.00,4
1782181750,0,555779,0,867.58,841.90,2910207,145489919,12574523391,21374173183,26826768383,418560,32094814207,6126741038.09,7814015601.77,555779,10,10,10,0,0,0,0,0,0,22766682111,23186112511,23253221375,22799280123.14,842
1782181751,0,556124,0,866.77,345.14,2914303,147718143,12582911999,21424504831,26843545599,418560,32094814207,6137715495.50,7824092521.07,556124,10,10,10,0,0,0,0,0,0,23320330239,27967619071,27984396287,23817057407.63,345
1782181752,0,556124,0,865.42,0.00,2914303,147718143,12582911999,21424504831,26843545599,418560,32094814207,6137715495.50,7824092521.07,556124,10,10,10,0,0,0,0,0,0,0,0,0,0.00,0
1782181753,0,556124,0,864.07,0.00,2914303,147718143,12582911999,21424504831,26843545599,418560,32094814207,6137715495.50,7824092521.07,556124,10,10,10,0,0,0,0,0,0,0,0,0,0.00,0
1782181754,0,556124,0,862.73,0.00,2914303,147718143,12582911999,21424504831,26843545599,418560,32094814207,6137715495.50,7824092521.07,556124,10,10,10,0,0,0,0,0,0,0,0,0,0.00,0
1782181755,0,556124,0,861.40,0.00,2914303,147718143,12582911999,21424504831,26843545599,418560,32094814207,6137715495.50,7824092521.07,556124,10,10,10,0,0,0,0,0,0,0,0,0,0.00,0
1782181756,0,556124,0,860.06,0.00,2914303,147718143,12582911999,21424504831,26843545599,418560,32094814207,6137715495.50,7824092521.07,556124,10,10,10,0,0,0,0,0,0,0,0,0,0.00,0
1782181757,0,556124,0,858.74,0.00,2914303,147718143,12582911999,21424504831,26843545599,418560,32094814207,6137715495.50,7824092521.07,556124,10,10,10,0,0,0,0,0,0,0,0,0,0.00,0
1782181758,0,556124,0,857.41,0.00,2914303,147718143,12582911999,21424504831,26843545599,418560,32094814207,6137715495.50,7824092521.07,556124,10,10,10,0,0,0,0,0,0,0,0,0,0.00,0
1782181759,0,556124,0,856.09,0.00,2914303,147718143,12582911999,21424504831,26843545599,418560,32094814207,6137715495.50,7824092521.07,556124,10,10,10,0,0,0,0,0,0,0,0,0,0.00,0
1782181760,0,556124,0,854.78,0.00,2914303,147718143,12582911999,21424504831,26843545599,418560,32094814207,6137715495.50,7824092521.07,556124,10,10,10,0,0,0,0,0,0,0,0,0,0.00,0
1782181761,0,556124,0,853.46,0.00,2914303,147718143,12582911999,21424504831,26843545599,418560,32094814207,6137715495.50,7824092521.07,556124,10,10,10,0,0,0,0,0,0,0,0,0,0.00,0
1782181762,0,556124,0,852.16,0.00,2914303,147718143,12582911999,21424504831,26843545599,418560,32094814207,6137715495.50,7824092521.07,556124,10,10,10,0,0,0,0,0,0,0,0,0,0.00,0
1782181763,0,556124,0,850.85,0.00,2914303,147718143,12582911999,21424504831,26843545599,418560,32094814207,6137715495.50,7824092521.07,556124,10,10,10,0,0,0,0,0,0,0,0,0,0.00,0
1782181764,0,556124,0,849.55,0.00,2914303,147718143,12582911999,21424504831,26843545599,418560,32094814207,6137715495.50,7824092521.07,556124,10,10,10,0,0,0,0,0,0,0,0,0,0.00,0
1782181765,0,556124,0,848.26,0.00,2914303,147718143,12582911999,21424504831,26843545599,418560,32094814207,6137715495.50,7824092521.07,556124,10,10,10,0,0,0,0,0,0,0,0,0,0.00,0
1782181766,0,556124,0,846.97,0.00,2914303,147718143,12582911999,21424504831,26843545599,418560,32094814207,6137715495.50,7824092521.07,556124,10,10,10,0,0,0,0,0,0,0,0,0,0.00,0
1782181767,0,556124,0,845.68,0.00,2914303,147718143,12582911999,21424504831,26843545599,418560,32094814207,6137715495.50,7824092521.07,556124,10,10,10,0,0,0,0,0,0,0,0,0,0.00,0
1782181768,0,556124,0,844.39,0.00,2914303,147718143,12582911999,21424504831,26843545599,418560,32094814207,6137715495.50,7824092521.07,556124,10,10,10,0,0,0,0,0,0,0,0,0,0.00,0
1782181769,0,556124,0,843.11,0.00,2914303,147718143,12582911999,21424504831,26843545599,418560,32094814207,6137715495.50,7824092521.07,556124,10,10,10,0,0,0,0,0,0,0,0,0,0.00,0
1782181770,0,556124,0,841.84,0.00,2914303,147718143,12582911999,21424504831,26843545599,418560,32094814207,6137715495.50,7824092521.07,556124,10,10,10,0,0,0,0,0,0,0,0,0,0.00,0
1782181771,0,556124,0,840.56,0.00,2914303,147718143,12582911999,21424504831,26843545599,418560,32094814207,6137715495.50,7824092521.07,556124,10,10,10,0,0,0,0,0,0,0,0,0,0.00,0
1782181772,0,556124,0,839.30,0.00,2914303,147718143,12582911999,21424504831,26843545599,418560,32094814207,6137715495.50,7824092521.07,556124,10,10,10,0,0,0,0,0,0,0,0,0,0.00,0
1782181773,0,556124,0,838.03,0.00,2914303,147718143,12582911999,21424504831,26843545599,418560,32094814207,6137715495.50,7824092521.07,556124,10,10,10,0,0,0,0,0,0,0,0,0,0.00,0
1782181774,0,556124,0,836.77,0.00,2914303,147718143,12582911999,21424504831,26843545599,418560,32094814207,6137715495.50,7824092521.07,556124,10,10,10,0,0,0,0,0,0,0,0,0,0.00,0
1782181775,0,556124,0,835.51,0.00,2914303,147718143,12582911999,21424504831,26843545599,418560,32094814207,6137715495.50,7824092521.07,556124,10,10,10,0,0,0,0,0,0,0,0,0,0.00,0
1782181776,0,556124,0,834.26,0.00,2914303,147718143,12582911999,21424504831,26843545599,418560,32094814207,6137715495.50,7824092521.07,556124,10,10,10,0,0,0,0,0,0,0,0,0,0.00,0
1782181777,0,556124,0,833.01,0.00,2914303,147718143,12582911999,21424504831,26843545599,418560,32094814207,6137715495.50,7824092521.07,556124,10,10,10,0,0,0,0,0,0,0,0,0,0.00,0
1782181778,0,556124,0,831.76,0.00,2914303,147718143,12582911999,21424504831,26843545599,418560,32094814207,6137715495.50,7824092521.07,556124,10,10,10,0,0,0,0,0,0,0,0,0,0.00,0
1782181779,0,556124,0,830.52,0.00,2914303,147718143,12582911999,21424504831,26843545599,418560,32094814207,6137715495.50,7824092521.07,556124,10,10,10,0,0,0,0,0,0,0,0,0,0.00,0
1782181780,0,556124,0,829.28,0.00,2914303,147718143,12582911999,21424504831,26843545599,418560,32094814207,6137715495.50,7824092521.07,556124,10,10,10,0,0,0,0,0,0,0,0,0,0.00,0
1782181781,0,556124,0,828.05,0.00,2914303,147718143,12582911999,21424504831,26843545599,418560,32094814207,6137715495.50,7824092521.07,556124,10,10,10,0,0,0,0,0,0,0,0,0,0.00,0
1782181782,0,556124,0,826.82,0.00,2914303,147718143,12582911999,21424504831,26843545599,418560,32094814207,6137715495.50,7824092521.07,556124,10,10,10,0,0,0,0,0,0,0,0,0,0.00,0
1782181783,0,556124,0,825.59,0.00,2914303,147718143,12582911999,21424504831,26843545599,418560,32094814207,6137715495.50,7824092521.07,556124,10,10,10,0,0,0,0,0,0,0,0,0,0.00,0
1782181784,0,556124,0,824.37,0.00,2914303,147718143,12582911999,21424504831,26843545599,418560,32094814207,6137715495.50,7824092521.07,556124,10,10,10,0,0,0,0,0,0,0,0,0,0.00,0
1782181785,0,556124,0,823.15,0.00,2914303,147718143,12582911999,21424504831,26843545599,418560,32094814207,6137715495.50,7824092521.07,556124,10,10,10,0,0,0,0,0,0,0,0,0,0.00,0
1782181786,0,556124,0,821.93,0.00,2914303,147718143,12582911999,21424504831,26843545599,418560,32094814207,6137715495.50,7824092521.07,556124,10,10,10,0,0,0,0,0,0,0,0,0,0.00,0
1782181787,0,556124,0,820.72,0.00,2914303,147718143,12582911999,21424504831,26843545599,418560,32094814207,6137715495.50,7824092521.07,556124,10,10,10,0,0,0,0,0,0,0,0,0,0.00,0
1782181788,0,556124,0,819.51,0.00,2914303,147718143,12582911999,21424504831,26843545599,418560,32094814207,6137715495.50,7824092521.07,556124,10,10,10,0,0,0,0,0,0,0,0,0,0.00,0
1782181789,0,556124,0,818.30,0.00,2914303,147718143,12582911999,21424504831,26843545599,418560,32094814207,6137715495.50,7824092521.07,556124,10,10,10,0,0,0,0,0,0,0,0,0,0.00,0
1782181790,0,556124,0,817.10,0.00,2914303,147718143,12582911999,21424504831,26843545599,418560,32094814207,6137715495.50,7824092521.07,556124,10,10,10,0,0,0,0,0,0,0,0,0,0.00,0
1782181791,0,556124,0,815.90,0.00,2914303,147718143,12582911999,21424504831,26843545599,418560,32094814207,6137715495.50,7824092521.07,556124,10,10,10,0,0,0,0,0,0,0,0,0,0.00,0
1782181792,0,556124,0,814.71,0.00,2914303,147718143,12582911999,21424504831,26843545599,418560,32094814207,6137715495.50,7824092521.07,556124,10,10,10,0,0,0,0,0,0,0,0,0,0.00,0
1782181793,0,556124,0,813.51,0.00,2914303,147718143,12582911999,21424504831,26843545599,418560,32094814207,6137715495.50,7824092521.07,556124,10,10,10,0,0,0,0,0,0,0,0,0,0.00,0
1782181794,0,556124,0,812.32,0.00,2914303,147718143,12582911999,21424504831,26843545599,418560,32094814207,6137715495.50,7824092521.07,556124,10,10,10,0,0,0,0,0,0,0,0,0,0.00,0
1782181795,0,556124,0,811.14,0.00,2914303,147718143,12582911999,21424504831,26843545599,418560,32094814207,6137715495.50,7824092521.07,556124,10,10,10,0,0,0,0,0,0,0,0,0,0.00,0
1782181796,0,556124,0,809.96,0.00,2914303,147718143,12582911999,21424504831,26843545599,418560,32094814207,6137715495.50,7824092521.07,556124,10,10,10,0,0,0,0,0,0,0,0,0,0.00,0
1782181797,0,556124,0,808.78,0.00,2914303,147718143,12582911999,21424504831,26843545599,418560,32094814207,6137715495.50,7824092521.07,556124,10,10,10,0,0,0,0,0,0,0,0,0,0.00,0
1782181798,0,556124,0,807.61,0.00,2914303,147718143,12582911999,21424504831,26843545599,418560,32094814207,6137715495.50,7824092521.07,556124,10,10,10,0,0,0,0,0,0,0,0,0,0.00,0
1782181799,0,556124,0,806.44,0.00,2914303,147718143,12582911999,21424504831,26843545599,418560,32094814207,6137715495.50,7824092521.07,556124,10,10,10,0,0,0,0,0,0,0,0,0,0.00,0
1782181800,0,556124,0,805.27,0.00,2914303,147718143,12582911999,21424504831,26843545599,418560,32094814207,6137715495.50,7824092521.07,556124,10,10,10,0,0,0,0,0,0,0,0,0,0.00,0
1782181801,0,556124,0,804.10,0.00,2914303,147718143,12582911999,21424504831,26843545599,418560,32094814207,6137715495.50,7824092521.07,556124,10,10,10,0,0,0,0,0,0,0,0,0,0.00,0
1782181802,0,556124,0,802.94,0.00,2914303,147718143,12582911999,21424504831,26843545599,418560,32094814207,6137715495.50,7824092521.07,556124,10,10,10,0,0,0,0,0,0,0,0,0,0.00,0
1782181803,0,556124,0,801.78,0.00,2914303,147718143,12582911999,21424504831,26843545599,418560,32094814207,6137715495.50,7824092521.07,556124,10,10,10,0,0,0,0,0,0,0,0,0,0.00,0
1782181804,0,556124,0,800.63,0.00,2914303,147718143,12582911999,21424504831,26843545599,418560,32094814207,6137715495.50,7824092521.07,556124,10,10,10,0,0,0,0,0,0,0,0,0,0.00,0
1782181805,0,556124,0,799.48,0.00,2914303,147718143,12582911999,21424504831,26843545599,418560,32094814207,6137715495.50,7824092521.07,556124,10,10,10,0,0,0,0,0,0,0,0,0,0.00,0
1782181806,0,556124,0,798.33,0.00,2914303,147718143,12582911999,21424504831,26843545599,418560,32094814207,6137715495.50,7824092521.07,556124,10,10,10,0,0,0,0,0,0,0,0,0,0.00,0
1782181807,0,556124,0,797.19,0.00,2914303,147718143,12582911999,21424504831,26843545599,418560,32094814207,6137715495.50,7824092521.07,556124,10,10,10,0,0,0,0,0,0,0,0,0,0.00,0
1782181808,0,556124,0,796.05,0.00,2914303,147718143,12582911999,21424504831,26843545599,418560,32094814207,6137715495.50,7824092521.07,556124,10,10,10,0,0,0,0,0,0,0,0,0,0.00,0
1782181809,0,556124,0,794.91,0.00,2914303,147718143,12582911999,21424504831,26843545599,418560,32094814207,6137715495.50,7824092521.07,556124,10,10,10,0,0,0,0,0,0,0,0,0,0.00,0
1782181810,0,556124,0,793.77,0.00,2914303,147718143,12582911999,21424504831,26843545599,418560,32094814207,6137715495.50,7824092521.07,556124,10,10,10,0,0,0,0,0,0,0,0,0,0.00,0
1782181811,0,556124,0,792.64,0.00,2914303,147718143,12582911999,21424504831,26843545599,418560,32094814207,6137715495.50,7824092521.07,556124,10,10,10,0,0,0,0,0,0,0,0,0,0.00,0
1782181812,0,556124,0,791.51,0.00,2914303,147718143,12582911999,21424504831,26843545599,418560,32094814207,6137715495.50,7824092521.07,556124,10,10,10,0,0,0,0,0,0,0,0,0,0.00,0
1782181813,0,556124,0,790.39,0.00,2914303,147718143,12582911999,21424504831,26843545599,418560,32094814207,6137715495.50,7824092521.07,556124,10,10,10,0,0,0,0,0,0,0,0,0,0.00,0
1782181814,0,556124,0,789.27,0.00,2914303,147718143,12582911999,21424504831,26843545599,418560,32094814207,6137715495.50,7824092521.07,556124,10,10,10,0,0,0,0,0,0,0,0,0,0.00,0
1782181815,0,556124,0,788.15,0.00,2914303,147718143,12582911999,21424504831,26843545599,418560,32094814207,6137715495.50,7824092521.07,556124,10,10,10,0,0,0,0,0,0,0,0,0,0.00,0
1782181816,0,556124,0,787.03,0.00,2914303,147718143,12582911999,21424504831,26843545599,418560,32094814207,6137715495.50,7824092521.07,556124,10,10,10,0,0,0,0,0,0,0,0,0,0.00,0
1782181817,0,556124,0,785.92,0.00,2914303,147718143,12582911999,21424504831,26843545599,418560,32094814207,6137715495.50,7824092521.07,556124,10,10,10,0,0,0,0,0,0,0,0,0,0.00,0
1782181818,0,556124,0,784.81,0.00,2914303,147718143,12582911999,21424504831,26843545599,418560,32094814207,6137715495.50,7824092521.07,556124,10,10,10,0,0,0,0,0,0,0,0,0,0.00,0
1782181819,0,556124,0,783.71,0.00,2914303,147718143,12582911999,21424504831,26843545599,418560,32094814207,6137715495.50,7824092521.07,556124,10,10,10,0,0,0,0,0,0,0,0,0,0.00,0
1782181820,0,556124,0,782.60,0.00,2914303,147718143,12582911999,21424504831,26843545599,418560,32094814207,6137715495.50,7824092521.07,556124,10,10,10,0,0,0,0,0,0,0,0,0,0.00,0
1782181821,0,556124,0,781.50,0.00,2914303,147718143,12582911999,21424504831,26843545599,418560,32094814207,6137715495.50,7824092521.07,556124,10,10,10,0,0,0,0,0,0,0,0,0,0.00,0
1782181822,0,556124,0,780.41,0.00,2914303,147718143,12582911999,21424504831,26843545599,418560,32094814207,6137715495.50,7824092521.07,556124,10,10,10,0,0,0,0,0,0,0,0,0,0.00,0
1782181823,0,556124,0,779.31,0.00,2914303,147718143,12582911999,21424504831,26843545599,418560,32094814207,6137715495.50,7824092521.07,556124,10,10,10,0,0,0,0,0,0,0,0,0,0.00,0
1782181824,0,556124,0,778.22,0.00,2914303,147718143,12582911999,21424504831,26843545599,418560,32094814207,6137715495.50,7824092521.07,556124,10,10,10,0,0,0,0,0,0,0,0,0,0.00,0
1782181825,0,556124,0,777.13,0.00,2914303,147718143,12582911999,21424504831,26843545599,418560,32094814207,6137715495.50,7824092521.07,556124,10,10,10,0,0,0,0,0,0,0,0,0,0.00,0
1782181826,0,556124,0,776.05,0.00,2914303,147718143,12582911999,21424504831,26843545599,418560,32094814207,6137715495.50,7824092521.07,556124,10,10,10,0,0,0,0,0,0,0,0,0,0.00,0
1782181827,0,556124,0,774.97,0.00,2914303,147718143,12582911999,21424504831,26843545599,418560,32094814207,6137715495.50,7824092521.07,556124,10,10,10,0,0,0,0,0,0,0,0,0,0.00,0
1782181828,0,556124,0,773.89,0.00,2914303,147718143,12582911999,21424504831,26843545599,418560,32094814207,6137715495.50,7824092521.07,556124,10,10,10,0,0,0,0,0,0,0,0,0,0.00,0
1782181829,0,556124,0,772.82,0.00,2914303,147718143,12582911999,21424504831,26843545599,418560,32094814207,6137715495.50,7824092521.07,556124,10,10,10,0,0,0,0,0,0,0,0,0,0.00,0
1782181830,0,556124,0,771.74,0.00,2914303,147718143,12582911999,21424504831,26843545599,418560,32094814207,6137715495.50,7824092521.07,556124,10,10,10,0,0,0,0,0,0,0,0,0,0.00,0
1782181831,0,556124,0,770.67,0.00,2914303,147718143,12582911999,21424504831,26843545599,418560,32094814207,6137715495.50,7824092521.07,556124,10,10,10,0,0,0,0,0,0,0,0,0,0.00,0
1782181832,0,556124,0,769.61,0.00,2914303,147718143,12582911999,21424504831,26843545599,418560,32094814207,6137715495.50,7824092521.07,556124,10,10,10,0,0,0,0,0,0,0,0,0,0.00,0
1782181833,0,556124,0,768.54,0.00,2914303,147718143,12582911999,21424504831,26843545599,418560,32094814207,6137715495.50,7824092521.07,556124,10,10,10,0,0,0,0,0,0,0,0,0,0.00,0
