nohup: ignoring input
[23:37:04] Fan-out bursty-load benchmark -> /home/cc/mq-bench/results/fanout_bursty_load_20260611_233704
[23:37:04] Resolved: SUMMARY_CSV=/home/cc/mq-bench/results/fanout_bursty_load_20260611_233704/raw_data/summary_by_phase.csv | PLOTS_DIR=/home/cc/mq-bench/results/fanout_bursty_load_20260611_233704/plots | RAW_DIR=/home/cc/mq-bench/results/fanout_bursty_load_20260611_233704/raw_data
[23:37:04] Resolved payload=256B subs=1000 pubs=10 duration=1260s profile=warmup:60:20,baseline:60:20,burst:120:1000,recovery:90:20,burst:120:2000,recovery:90:20,burst:120:3000,recovery:90:20,burst:120:4000,recovery:90:20,burst:120:6000,recovery:180:20
[23:37:04] Inter-run cooldown: 120s (use --cooldown-sec N or --interval-sec N to override)
Controlled fan-out configuration:
Total subscribers: 1000
Subscribers per publisher/topic: 100
Publishers/topics: 10
Effective fan-out ratio: 1:100
Expected delivery target per phase:
  warmup:60s rate 20 msg/s/pub -> 20,000 delivered msg/s
  baseline:60s rate 20 msg/s/pub -> 20,000 delivered msg/s
  burst:120s rate 1,000 msg/s/pub -> 1,000,000 delivered msg/s
  recovery:90s rate 20 msg/s/pub -> 20,000 delivered msg/s
  burst:120s rate 2,000 msg/s/pub -> 2,000,000 delivered msg/s
  recovery:90s rate 20 msg/s/pub -> 20,000 delivered msg/s
  burst:120s rate 3,000 msg/s/pub -> 3,000,000 delivered msg/s
  recovery:90s rate 20 msg/s/pub -> 20,000 delivered msg/s
  burst:120s rate 4,000 msg/s/pub -> 4,000,000 delivered msg/s
  recovery:90s rate 20 msg/s/pub -> 20,000 delivered msg/s
  burst:120s rate 6,000 msg/s/pub -> 6,000,000 delivered msg/s
  recovery:180s rate 20 msg/s/pub -> 20,000 delivered msg/s
[23:37:06] [remote] ubuntu@192.168.0.245: cd /home/ubuntu && docker compose down
[23:37:17] [remote] ubuntu@192.168.0.245: cd /home/ubuntu && docker compose up -d router1
 Network ubuntu_default Creating 
 Network ubuntu_default Created 
 Container router1 Creating 
 Container router1 Created 
 Container router1 Starting 
 Container router1 Started 
[23:37:23] Waiting for 192.168.0.245:7447...
[23:37:23] Port 192.168.0.245:7447 is open.
[23:37:26] Starting remote stats collector on ubuntu@192.168.0.245 for 1335s...
[23:37:26] Run: transport=zenoh subs=1000 pubs=10 payload=256B profile=warmup:60:20,baseline:60:20,burst:120:1000,recovery:90:20,burst:120:2000,recovery:90:20,burst:120:3000,recovery:90:20,burst:120:4000,recovery:90:20,burst:120:6000,recovery:180:20
[run_fanout] Run ID: fanout_bursty_20260611_233726_zenoh_p256_s1000_u10_bursty | ENGINE=zenoh | PUBS=10 SUBS=1000 SUB_RAMP_UP_SECS=60 RATE_PROFILE=warmup:60:20,baseline:60:20,burst:120:1000,recovery:90:20,burst:120:2000,recovery:90:20,burst:120:3000,recovery:90:20,burst:120:4000,recovery:90:20,burst:120:6000,recovery:180:20 DURATION=1260s
[monitor] Capturing docker stats for: router1 → artifacts/fanout_bursty_20260611_233726_zenoh_p256_s1000_u10_bursty/fanout_singlesite/docker_stats.csv
[monitor] Skipping unknown container 'router1'
[monitor] No valid containers found to monitor
Starting 1000 subscribers across 10 controlled fan-out topics (100 per topic)
[sub] zenoh → topic_0 (subs=100, ramp_up=60s)
[cmd] ./target/release/mq-bench --snapshot-interval 1 sub --engine zenoh --endpoint tcp/192.168.0.245:7447 --expr topic_0 --subscribers 100 --ramp-up-secs 60 --csv artifacts/fanout_bursty_20260611_233726_zenoh_p256_s1000_u10_bursty/fanout_singlesite/sub_0.csv 
       1>artifacts/fanout_bursty_20260611_233726_zenoh_p256_s1000_u10_bursty/fanout_singlesite/sub_0.log 2>&1 &
[sub] zenoh → topic_1 (subs=100, ramp_up=60s)
[cmd] ./target/release/mq-bench --snapshot-interval 1 sub --engine zenoh --endpoint tcp/192.168.0.245:7447 --expr topic_1 --subscribers 100 --ramp-up-secs 60 --csv artifacts/fanout_bursty_20260611_233726_zenoh_p256_s1000_u10_bursty/fanout_singlesite/sub_1.csv 
       1>artifacts/fanout_bursty_20260611_233726_zenoh_p256_s1000_u10_bursty/fanout_singlesite/sub_1.log 2>&1 &
[sub] zenoh → topic_2 (subs=100, ramp_up=60s)
[cmd] ./target/release/mq-bench --snapshot-interval 1 sub --engine zenoh --endpoint tcp/192.168.0.245:7447 --expr topic_2 --subscribers 100 --ramp-up-secs 60 --csv artifacts/fanout_bursty_20260611_233726_zenoh_p256_s1000_u10_bursty/fanout_singlesite/sub_2.csv 
       1>artifacts/fanout_bursty_20260611_233726_zenoh_p256_s1000_u10_bursty/fanout_singlesite/sub_2.log 2>&1 &
[sub] zenoh → topic_3 (subs=100, ramp_up=60s)
[cmd] ./target/release/mq-bench --snapshot-interval 1 sub --engine zenoh --endpoint tcp/192.168.0.245:7447 --expr topic_3 --subscribers 100 --ramp-up-secs 60 --csv artifacts/fanout_bursty_20260611_233726_zenoh_p256_s1000_u10_bursty/fanout_singlesite/sub_3.csv 
       1>artifacts/fanout_bursty_20260611_233726_zenoh_p256_s1000_u10_bursty/fanout_singlesite/sub_3.log 2>&1 &
[sub] zenoh → topic_4 (subs=100, ramp_up=60s)
[cmd] ./target/release/mq-bench --snapshot-interval 1 sub --engine zenoh --endpoint tcp/192.168.0.245:7447 --expr topic_4 --subscribers 100 --ramp-up-secs 60 --csv artifacts/fanout_bursty_20260611_233726_zenoh_p256_s1000_u10_bursty/fanout_singlesite/sub_4.csv 
       1>artifacts/fanout_bursty_20260611_233726_zenoh_p256_s1000_u10_bursty/fanout_singlesite/sub_4.log 2>&1 &
[sub] zenoh → topic_5 (subs=100, ramp_up=60s)
[cmd] ./target/release/mq-bench --snapshot-interval 1 sub --engine zenoh --endpoint tcp/192.168.0.245:7447 --expr topic_5 --subscribers 100 --ramp-up-secs 60 --csv artifacts/fanout_bursty_20260611_233726_zenoh_p256_s1000_u10_bursty/fanout_singlesite/sub_5.csv 
       1>artifacts/fanout_bursty_20260611_233726_zenoh_p256_s1000_u10_bursty/fanout_singlesite/sub_5.log 2>&1 &
[sub] zenoh → topic_6 (subs=100, ramp_up=60s)
[cmd] ./target/release/mq-bench --snapshot-interval 1 sub --engine zenoh --endpoint tcp/192.168.0.245:7447 --expr topic_6 --subscribers 100 --ramp-up-secs 60 --csv artifacts/fanout_bursty_20260611_233726_zenoh_p256_s1000_u10_bursty/fanout_singlesite/sub_6.csv 
       1>artifacts/fanout_bursty_20260611_233726_zenoh_p256_s1000_u10_bursty/fanout_singlesite/sub_6.log 2>&1 &
[sub] zenoh → topic_7 (subs=100, ramp_up=60s)
[cmd] ./target/release/mq-bench --snapshot-interval 1 sub --engine zenoh --endpoint tcp/192.168.0.245:7447 --expr topic_7 --subscribers 100 --ramp-up-secs 60 --csv artifacts/fanout_bursty_20260611_233726_zenoh_p256_s1000_u10_bursty/fanout_singlesite/sub_7.csv 
       1>artifacts/fanout_bursty_20260611_233726_zenoh_p256_s1000_u10_bursty/fanout_singlesite/sub_7.log 2>&1 &
[sub] zenoh → topic_8 (subs=100, ramp_up=60s)
[cmd] ./target/release/mq-bench --snapshot-interval 1 sub --engine zenoh --endpoint tcp/192.168.0.245:7447 --expr topic_8 --subscribers 100 --ramp-up-secs 60 --csv artifacts/fanout_bursty_20260611_233726_zenoh_p256_s1000_u10_bursty/fanout_singlesite/sub_8.csv 
       1>artifacts/fanout_bursty_20260611_233726_zenoh_p256_s1000_u10_bursty/fanout_singlesite/sub_8.log 2>&1 &
[sub] zenoh → topic_9 (subs=100, ramp_up=60s)
[cmd] ./target/release/mq-bench --snapshot-interval 1 sub --engine zenoh --endpoint tcp/192.168.0.245:7447 --expr topic_9 --subscribers 100 --ramp-up-secs 60 --csv artifacts/fanout_bursty_20260611_233726_zenoh_p256_s1000_u10_bursty/fanout_singlesite/sub_9.csv 
       1>artifacts/fanout_bursty_20260611_233726_zenoh_p256_s1000_u10_bursty/fanout_singlesite/sub_9.log 2>&1 &
[sub] Waiting 60s for subscriber ramp-up before starting publishers
Running 10 controlled publishers across 10 topics (profile=warmup:60:20,baseline:60:20,burst:120:1000,recovery:90:20,burst:120:2000,recovery:90:20,burst:120:3000,recovery:90:20,burst:120:4000,recovery:90:20,burst:120:6000,recovery:180:20)
[pub] zenoh → topic_0 (payload=256, profile=warmup:60:20,baseline:60:20,burst:120:1000,recovery:90:20,burst:120:2000,recovery:90:20,burst:120:3000,recovery:90:20,burst:120:4000,recovery:90:20,burst:120:6000,recovery:180:20, dur=1260s)
[cmd] ./target/release/mq-bench --snapshot-interval 1 pub --engine zenoh --endpoint tcp/192.168.0.245:7447 --topic-prefix topic_0 --publishers 1 --payload 256 --rate-profile warmup:60:20\,baseline:60:20\,burst:120:1000\,recovery:90:20\,burst:120:2000\,recovery:90:20\,burst:120:3000\,recovery:90:20\,burst:120:4000\,recovery:90:20\,burst:120:6000\,recovery:180:20 --duration 1260 --csv artifacts/fanout_bursty_20260611_233726_zenoh_p256_s1000_u10_bursty/fanout_singlesite/pub_0.csv 
       1>artifacts/fanout_bursty_20260611_233726_zenoh_p256_s1000_u10_bursty/fanout_singlesite/pub_0.log 2>&1 &
[pub] zenoh → topic_1 (payload=256, profile=warmup:60:20,baseline:60:20,burst:120:1000,recovery:90:20,burst:120:2000,recovery:90:20,burst:120:3000,recovery:90:20,burst:120:4000,recovery:90:20,burst:120:6000,recovery:180:20, dur=1260s)
[cmd] ./target/release/mq-bench --snapshot-interval 1 pub --engine zenoh --endpoint tcp/192.168.0.245:7447 --topic-prefix topic_1 --publishers 1 --payload 256 --rate-profile warmup:60:20\,baseline:60:20\,burst:120:1000\,recovery:90:20\,burst:120:2000\,recovery:90:20\,burst:120:3000\,recovery:90:20\,burst:120:4000\,recovery:90:20\,burst:120:6000\,recovery:180:20 --duration 1260 --csv artifacts/fanout_bursty_20260611_233726_zenoh_p256_s1000_u10_bursty/fanout_singlesite/pub_1.csv 
       1>artifacts/fanout_bursty_20260611_233726_zenoh_p256_s1000_u10_bursty/fanout_singlesite/pub_1.log 2>&1 &
[pub] zenoh → topic_2 (payload=256, profile=warmup:60:20,baseline:60:20,burst:120:1000,recovery:90:20,burst:120:2000,recovery:90:20,burst:120:3000,recovery:90:20,burst:120:4000,recovery:90:20,burst:120:6000,recovery:180:20, dur=1260s)
[cmd] ./target/release/mq-bench --snapshot-interval 1 pub --engine zenoh --endpoint tcp/192.168.0.245:7447 --topic-prefix topic_2 --publishers 1 --payload 256 --rate-profile warmup:60:20\,baseline:60:20\,burst:120:1000\,recovery:90:20\,burst:120:2000\,recovery:90:20\,burst:120:3000\,recovery:90:20\,burst:120:4000\,recovery:90:20\,burst:120:6000\,recovery:180:20 --duration 1260 --csv artifacts/fanout_bursty_20260611_233726_zenoh_p256_s1000_u10_bursty/fanout_singlesite/pub_2.csv 
       1>artifacts/fanout_bursty_20260611_233726_zenoh_p256_s1000_u10_bursty/fanout_singlesite/pub_2.log 2>&1 &
[pub] zenoh → topic_3 (payload=256, profile=warmup:60:20,baseline:60:20,burst:120:1000,recovery:90:20,burst:120:2000,recovery:90:20,burst:120:3000,recovery:90:20,burst:120:4000,recovery:90:20,burst:120:6000,recovery:180:20, dur=1260s)
[cmd] ./target/release/mq-bench --snapshot-interval 1 pub --engine zenoh --endpoint tcp/192.168.0.245:7447 --topic-prefix topic_3 --publishers 1 --payload 256 --rate-profile warmup:60:20\,baseline:60:20\,burst:120:1000\,recovery:90:20\,burst:120:2000\,recovery:90:20\,burst:120:3000\,recovery:90:20\,burst:120:4000\,recovery:90:20\,burst:120:6000\,recovery:180:20 --duration 1260 --csv artifacts/fanout_bursty_20260611_233726_zenoh_p256_s1000_u10_bursty/fanout_singlesite/pub_3.csv 
       1>artifacts/fanout_bursty_20260611_233726_zenoh_p256_s1000_u10_bursty/fanout_singlesite/pub_3.log 2>&1 &
[pub] zenoh → topic_4 (payload=256, profile=warmup:60:20,baseline:60:20,burst:120:1000,recovery:90:20,burst:120:2000,recovery:90:20,burst:120:3000,recovery:90:20,burst:120:4000,recovery:90:20,burst:120:6000,recovery:180:20, dur=1260s)
[cmd] ./target/release/mq-bench --snapshot-interval 1 pub --engine zenoh --endpoint tcp/192.168.0.245:7447 --topic-prefix topic_4 --publishers 1 --payload 256 --rate-profile warmup:60:20\,baseline:60:20\,burst:120:1000\,recovery:90:20\,burst:120:2000\,recovery:90:20\,burst:120:3000\,recovery:90:20\,burst:120:4000\,recovery:90:20\,burst:120:6000\,recovery:180:20 --duration 1260 --csv artifacts/fanout_bursty_20260611_233726_zenoh_p256_s1000_u10_bursty/fanout_singlesite/pub_4.csv 
       1>artifacts/fanout_bursty_20260611_233726_zenoh_p256_s1000_u10_bursty/fanout_singlesite/pub_4.log 2>&1 &
[pub] zenoh → topic_5 (payload=256, profile=warmup:60:20,baseline:60:20,burst:120:1000,recovery:90:20,burst:120:2000,recovery:90:20,burst:120:3000,recovery:90:20,burst:120:4000,recovery:90:20,burst:120:6000,recovery:180:20, dur=1260s)
[cmd] ./target/release/mq-bench --snapshot-interval 1 pub --engine zenoh --endpoint tcp/192.168.0.245:7447 --topic-prefix topic_5 --publishers 1 --payload 256 --rate-profile warmup:60:20\,baseline:60:20\,burst:120:1000\,recovery:90:20\,burst:120:2000\,recovery:90:20\,burst:120:3000\,recovery:90:20\,burst:120:4000\,recovery:90:20\,burst:120:6000\,recovery:180:20 --duration 1260 --csv artifacts/fanout_bursty_20260611_233726_zenoh_p256_s1000_u10_bursty/fanout_singlesite/pub_5.csv 
       1>artifacts/fanout_bursty_20260611_233726_zenoh_p256_s1000_u10_bursty/fanout_singlesite/pub_5.log 2>&1 &
[pub] zenoh → topic_6 (payload=256, profile=warmup:60:20,baseline:60:20,burst:120:1000,recovery:90:20,burst:120:2000,recovery:90:20,burst:120:3000,recovery:90:20,burst:120:4000,recovery:90:20,burst:120:6000,recovery:180:20, dur=1260s)
[cmd] ./target/release/mq-bench --snapshot-interval 1 pub --engine zenoh --endpoint tcp/192.168.0.245:7447 --topic-prefix topic_6 --publishers 1 --payload 256 --rate-profile warmup:60:20\,baseline:60:20\,burst:120:1000\,recovery:90:20\,burst:120:2000\,recovery:90:20\,burst:120:3000\,recovery:90:20\,burst:120:4000\,recovery:90:20\,burst:120:6000\,recovery:180:20 --duration 1260 --csv artifacts/fanout_bursty_20260611_233726_zenoh_p256_s1000_u10_bursty/fanout_singlesite/pub_6.csv 
       1>artifacts/fanout_bursty_20260611_233726_zenoh_p256_s1000_u10_bursty/fanout_singlesite/pub_6.log 2>&1 &
[pub] zenoh → topic_7 (payload=256, profile=warmup:60:20,baseline:60:20,burst:120:1000,recovery:90:20,burst:120:2000,recovery:90:20,burst:120:3000,recovery:90:20,burst:120:4000,recovery:90:20,burst:120:6000,recovery:180:20, dur=1260s)
[cmd] ./target/release/mq-bench --snapshot-interval 1 pub --engine zenoh --endpoint tcp/192.168.0.245:7447 --topic-prefix topic_7 --publishers 1 --payload 256 --rate-profile warmup:60:20\,baseline:60:20\,burst:120:1000\,recovery:90:20\,burst:120:2000\,recovery:90:20\,burst:120:3000\,recovery:90:20\,burst:120:4000\,recovery:90:20\,burst:120:6000\,recovery:180:20 --duration 1260 --csv artifacts/fanout_bursty_20260611_233726_zenoh_p256_s1000_u10_bursty/fanout_singlesite/pub_7.csv 
       1>artifacts/fanout_bursty_20260611_233726_zenoh_p256_s1000_u10_bursty/fanout_singlesite/pub_7.log 2>&1 &
[pub] zenoh → topic_8 (payload=256, profile=warmup:60:20,baseline:60:20,burst:120:1000,recovery:90:20,burst:120:2000,recovery:90:20,burst:120:3000,recovery:90:20,burst:120:4000,recovery:90:20,burst:120:6000,recovery:180:20, dur=1260s)
[cmd] ./target/release/mq-bench --snapshot-interval 1 pub --engine zenoh --endpoint tcp/192.168.0.245:7447 --topic-prefix topic_8 --publishers 1 --payload 256 --rate-profile warmup:60:20\,baseline:60:20\,burst:120:1000\,recovery:90:20\,burst:120:2000\,recovery:90:20\,burst:120:3000\,recovery:90:20\,burst:120:4000\,recovery:90:20\,burst:120:6000\,recovery:180:20 --duration 1260 --csv artifacts/fanout_bursty_20260611_233726_zenoh_p256_s1000_u10_bursty/fanout_singlesite/pub_8.csv 
       1>artifacts/fanout_bursty_20260611_233726_zenoh_p256_s1000_u10_bursty/fanout_singlesite/pub_8.log 2>&1 &
[pub] zenoh → topic_9 (payload=256, profile=warmup:60:20,baseline:60:20,burst:120:1000,recovery:90:20,burst:120:2000,recovery:90:20,burst:120:3000,recovery:90:20,burst:120:4000,recovery:90:20,burst:120:6000,recovery:180:20, dur=1260s)
[cmd] ./target/release/mq-bench --snapshot-interval 1 pub --engine zenoh --endpoint tcp/192.168.0.245:7447 --topic-prefix topic_9 --publishers 1 --payload 256 --rate-profile warmup:60:20\,baseline:60:20\,burst:120:1000\,recovery:90:20\,burst:120:2000\,recovery:90:20\,burst:120:3000\,recovery:90:20\,burst:120:4000\,recovery:90:20\,burst:120:6000\,recovery:180:20 --duration 1260 --csv artifacts/fanout_bursty_20260611_233726_zenoh_p256_s1000_u10_bursty/fanout_singlesite/pub_9.csv 
       1>artifacts/fanout_bursty_20260611_233726_zenoh_p256_s1000_u10_bursty/fanout_singlesite/pub_9.log 2>&1 &
[watch] printing status every 1s...
[status] PUB sent=0 tps=0 (pubs=10) | SUB recv=0 itps=0 p99=0.00ms conn=0/0,0,0,1000,1000,1000,0,0,0,0,0,0,0,0,0,0,0
[status] PUB sent=210 tps=210 (pubs=10) | SUB recv=20000 itps=19993.58 p99=3.20ms conn=13967359/2744047.27,2151071.91,20000,1000,1000,1000,0,0,0,0,0,0,2307071,8346213.40,10206821.40,2744047.27,20000
[status] PUB sent=410 tps=205 (pubs=10) | SUB recv=40000 itps=20005.53 p99=3.10ms conn=13967359/2466052.82,1713988.64,40000,1000,1000,1000,0,0,0,0,0,0,2184395.80,3685170.20,4403403.80,2188058.36,20000
[status] PUB sent=610 tps=203 (pubs=10) | SUB recv=60000 itps=19995.89 p99=3.05ms conn=13967359/2359891.68,1522686.42,60000,1000,1000,1000,0,0,0,0,0,0,2146815,3650968.60,4163992.60,2147569.40,20000
[status] PUB sent=810 tps=203 (pubs=10) | SUB recv=80000 itps=20004.56 p99=3.02ms conn=13967359/2303624.57,1411649.12,80000,1000,1000,1000,0,0,0,0,0,0,2139442.20,3648101.40,3917208.60,2134823.27,20000
[status] PUB sent=1010 tps=202 (pubs=10) | SUB recv=100000 itps=19996.31 p99=3.00ms conn=13967359/2268382.19,1338928.20,100000,1000,1000,1000,0,0,0,0,0,0,2126642.20,3638885.40,3920075.80,2127412.65,20000
[status] PUB sent=1210 tps=202 (pubs=10) | SUB recv=120000 itps=19999.37 p99=2.99ms conn=13967359/2244146.18,1286353.10,120000,1000,1000,1000,0,0,0,0,0,0,2125515.80,3620043.80,3886283.80,2122966.13,20000
[status] PUB sent=1410 tps=201 (pubs=10) | SUB recv=140000 itps=19999.66 p99=2.98ms conn=13967359/2225615.44,1247817.25,140000,1000,1000,1000,0,0,0,0,0,0,2119064.60,3618610.20,3895295,2114430.99,20000
[status] PUB sent=1610 tps=201 (pubs=10) | SUB recv=160000 itps=20003.95 p99=2.97ms conn=13967359/2210530.73,1216580.27,160000,1000,1000,1000,0,0,0,0,0,0,2107595.80,3591576.60,3825048.60,2104937.79,20000
[status] PUB sent=1810 tps=201 (pubs=10) | SUB recv=186000 itps=6002.54 p99=2.98ms conn=13967359/2211879.15,1206613.23,186000,1000,1000,1000,0,0,0,0,0,0,2179412.33,3743743,4613460.33,2186918.10,6000
[status] PUB sent=2210 tps=201 (pubs=10) | SUB recv=220000 itps=19998.67 p99=2.96ms conn=13967359/2193737.88,1173228.57,220000,1000,1000,1000,0,0,0,0,0,0,2089163.80,3575397.40,3858021.40,2089235.81,20000
[status] PUB sent=2410 tps=201 (pubs=10) | SUB recv=240000 itps=19998.79 p99=2.95ms conn=13967359/2181049.96,1156088.26,240000,1000,1000,1000,0,0,0,0,0,0,2045848.60,3489995.80,3658341.40,2041482.73,20000
[status] PUB sent=2610 tps=201 (pubs=10) | SUB recv=260000 itps=20005.15 p99=2.94ms conn=13967359/2170224.61,1141189.36,260000,1000,1000,1000,0,0,0,0,0,0,2047282.20,3486104.60,3659979.80,2040320.49,20000
[status] PUB sent=2810 tps=201 (pubs=10) | SUB recv=280000 itps=19996.76 p99=2.94ms conn=13967359/2164584.87,1128401.82,280000,1000,1000,1000,0,0,0,0,0,0,2100939.80,3543858.20,3743128.60,2091268.28,20000
[status] PUB sent=3010 tps=201 (pubs=10) | SUB recv=300000 itps=20002.04 p99=2.93ms conn=13967359/2157763.99,1117764.13,300000,1000,1000,1000,0,0,0,0,0,0,2064792.60,3499621.40,3966975,2062271.65,20000
[status] PUB sent=3210 tps=201 (pubs=10) | SUB recv=320000 itps=19997.22 p99=2.93ms conn=13967359/2151182.80,1107988.91,320000,1000,1000,1000,0,0,0,0,0,0,2059160.60,3495320.60,3721010.20,2052464.92,20000
[status] PUB sent=3410 tps=201 (pubs=10) | SUB recv=340000 itps=20000.84 p99=2.92ms conn=13967359/2145478.66,1099301.37,340000,1000,1000,1000,0,0,0,0,0,0,2054757.40,3503103,3826277.40,2054212.47,20000
[status] PUB sent=3610 tps=201 (pubs=10) | SUB recv=360000 itps=19997.90 p99=2.92ms conn=13967359/2141013.52,1091673.61,360000,1000,1000,1000,0,0,0,0,0,0,2071448.60,3516824.60,3813579.80,2065106.10,20000
[status] PUB sent=3810 tps=201 (pubs=10) | SUB recv=380000 itps=20002.91 p99=2.92ms conn=13967359/2135677.81,1084812.89,380000,1000,1000,1000,0,0,0,0,0,0,2037656.60,3485490.20,3823000.60,2039634.98,20000
[status] PUB sent=4210 tps=200 (pubs=10) | SUB recv=420000 itps=19997.08 p99=2.91ms conn=13967359/2130562.35,1076841.81,420000,1000,1000,1000,0,0,0,0,0,0,2091621.40,3579083.80,4831231,2117031.61,20000
[status] PUB sent=4410 tps=200 (pubs=10) | SUB recv=440000 itps=19998.55 p99=2.91ms conn=13967359/2128414.20,1071203.84,440000,1000,1000,1000,0,0,0,0,0,0,2083122.20,3522763.80,3865189.40,2083303.12,20000
[status] PUB sent=4610 tps=200 (pubs=10) | SUB recv=460000 itps=20000.21 p99=2.91ms conn=13967359/2125730.26,1065997.78,460000,1000,1000,1000,0,0,0,0,0,0,2070936.60,3517439,3735551,2066683.48,20000
[status] PUB sent=4810 tps=200 (pubs=10) | SUB recv=480000 itps=19996.62 p99=2.91ms conn=13967359/2123406.27,1061031.14,480000,1000,1000,1000,0,0,0,0,0,0,2074930.20,3519077.40,3711179.80,2069954.60,20000
[status] PUB sent=5010 tps=200 (pubs=10) | SUB recv=500000 itps=20004.61 p99=2.90ms conn=13967359/2120548.66,1057637.39,500000,1000,1000,1000,0,0,0,0,0,0,2047896.60,3491634.20,4109515.80,2051966.03,20000
[status] PUB sent=5210 tps=200 (pubs=10) | SUB recv=520000 itps=19999.60 p99=2.90ms conn=13967359/2118005.09,1054955.82,520000,1000,1000,1000,0,0,0,0,0,0,2042059.80,3503512.60,4241407,2054415.74,20000
[status] PUB sent=5410 tps=200 (pubs=10) | SUB recv=540000 itps=19996.09 p99=2.90ms conn=13967359/2116447.04,1051829.60,540000,1000,1000,1000,0,0,0,0,0,0,2073496.60,3529317.40,4065279,2075937.77,20000
[status] PUB sent=5610 tps=200 (pubs=10) | SUB recv=560000 itps=20002.42 p99=2.90ms conn=13967359/2113755.47,1048173.09,560000,1000,1000,1000,0,0,0,0,0,0,2041752.60,3472587.80,3814808.60,2041083.12,20000
[status] PUB sent=5810 tps=200 (pubs=10) | SUB recv=580000 itps=20001.61 p99=2.89ms conn=13967359/2110512.21,1044244.16,580000,1000,1000,1000,0,0,0,0,0,0,2025573.40,3441253.40,3619634.20,2019700.96,20000
[status] PUB sent=6210 tps=200 (pubs=10) | SUB recv=620000 itps=19999.21 p99=2.89ms conn=13967359/2106702.56,1041805.57,620000,1000,1000,1000,0,0,0,0,0,0,2032843.80,3553893.40,5083135,2070963.10,20000
[status] PUB sent=6410 tps=200 (pubs=10) | SUB recv=640000 itps=19999.33 p99=2.89ms conn=13967359/2106302.81,1045733.87,640000,1000,1000,1000,0,0,0,0,0,0,2034175,3584203.80,5558680.60,2093910.61,20000
[status] PUB sent=6610 tps=200 (pubs=10) | SUB recv=660000 itps=19998.17 p99=2.89ms conn=13967359/2105511.86,1044866.64,660000,1000,1000,1000,0,0,0,0,0,0,2060491.80,3545087,4485528.60,2080201.20,20000
[status] PUB sent=6810 tps=200 (pubs=10) | SUB recv=680000 itps=20004.62 p99=2.89ms conn=13967359/2105406.04,1046188.00,680000,1000,1000,1000,0,0,0,0,0,0,2060696.60,3624959,5517720.60,2101914.16,20000
[status] PUB sent=7010 tps=200 (pubs=10) | SUB recv=700000 itps=19998.81 p99=2.89ms conn=13967359/2106754.31,1046332.71,700000,1000,1000,1000,0,0,0,0,0,0,2123775,3678616.60,4912741.40,2152595.37,20000
[status] PUB sent=7210 tps=200 (pubs=10) | SUB recv=720000 itps=20001.54 p99=2.89ms conn=13967359/2107975.48,1047388.51,720000,1000,1000,1000,0,0,0,0,0,0,2113023,3685784.60,5410815,2150716.41,20000
[status] PUB sent=7410 tps=200 (pubs=10) | SUB recv=740000 itps=19994.48 p99=2.89ms conn=13967359/2112149.27,1059982.50,740000,1000,1000,1000,0,0,0,0,0,0,2124389.40,3857407,7486463,2262405.58,20000
[status] PUB sent=7610 tps=200 (pubs=10) | SUB recv=760000 itps=20004.23 p99=2.89ms conn=13967359/2113290.23,1061221.82,760000,1000,1000,1000,0,0,0,0,0,0,2114047,3685579.80,5597797.40,2155505.73,20000
[status] PUB sent=7810 tps=200 (pubs=10) | SUB recv=780000 itps=19999.43 p99=2.89ms conn=13967359/2112907.58,1061125.79,780000,1000,1000,1000,0,0,0,0,0,0,2076875.80,3577035.80,4613938.20,2098366.90,20000
[status] PUB sent=8210 tps=200 (pubs=10) | SUB recv=820000 itps=19997.11 p99=2.89ms conn=13967359/2118038.35,1068987.06,820000,1000,1000,1000,0,0,0,0,0,0,2100120.60,3714047,5329099.80,2137466.99,20000
[status] PUB sent=8410 tps=200 (pubs=10) | SUB recv=840000 itps=19997.02 p99=2.90ms conn=13967359/2120626.43,1072901.76,840000,1000,1000,1000,0,0,0,0,0,0,2156543,4138802.20,6183935,2226737.71,20000
[status] PUB sent=8610 tps=200 (pubs=10) | SUB recv=860000 itps=20003.74 p99=2.90ms conn=13967359/2120585.75,1072651.67,860000,1000,1000,1000,0,0,0,0,0,0,2098175,3720805.40,4924210.20,2118877.12,20000
[status] PUB sent=8810 tps=200 (pubs=10) | SUB recv=880000 itps=20000.38 p99=2.90ms conn=13967359/2122253.27,1074257.61,880000,1000,1000,1000,0,0,0,0,0,0,2159000.60,3909221.40,5329919,2193956.70,20000
[status] PUB sent=9010 tps=200 (pubs=10) | SUB recv=900000 itps=19999.92 p99=2.90ms conn=13967359/2121264.74,1072174.97,900000,1000,1000,1000,0,0,0,0,0,0,2083224.60,3590962.20,3864370.20,2077769.58,20000
[status] PUB sent=9210 tps=200 (pubs=10) | SUB recv=920000 itps=20001.25 p99=2.90ms conn=13967359/2120301.21,1070214.58,920000,1000,1000,1000,0,0,0,0,0,0,2080459.80,3597515.80,3865599,2076942.39,20000
[status] PUB sent=9410 tps=200 (pubs=10) | SUB recv=940000 itps=19997.95 p99=2.90ms conn=13967359/2119332.81,1068402.66,940000,1000,1000,1000,0,0,0,0,0,0,2073906.20,3597925.40,3878091.80,2074786.20,20000
[status] PUB sent=9610 tps=200 (pubs=10) | SUB recv=960000 itps=19998.70 p99=2.90ms conn=13967359/2119164.40,1066904.45,960000,1000,1000,1000,0,0,0,0,0,0,2108107.80,3672472.60,4023090.20,2111249.00,20000
[status] PUB sent=9870 tps=200 (pubs=10) | SUB recv=994000 itps=13999.43 p99=2.90ms conn=13967359/2119676.14,1064337.29,994000,1000,1000,1000,0,0,0,0,0,0,2160200.14,3741987.57,4025781.86,2163966.12,14000
[status] PUB sent=10210 tps=200 (pubs=10) | SUB recv=1020000 itps=19999.36 p99=2.90ms conn=13967359/2119029.17,1062089.44,1020000,1000,1000,1000,0,0,0,0,0,0,2128895,3666738.20,3965541.40,2130828.11,20000
[status] PUB sent=10410 tps=200 (pubs=10) | SUB recv=1040000 itps=19998.15 p99=2.90ms conn=13967359/2118742.32,1060676.76,1040000,1000,1000,1000,0,0,0,0,0,0,2103807,3616152.60,4080639,2104113.43,20000
[status] PUB sent=10610 tps=200 (pubs=10) | SUB recv=1060000 itps=19999.96 p99=2.90ms conn=13967359/2118131.38,1059153.40,1060000,1000,1000,1000,0,0,0,0,0,0,2086911,3616767,3932159,2086362.59,20000
[status] PUB sent=10810 tps=200 (pubs=10) | SUB recv=1080000 itps=20002.05 p99=2.90ms conn=13967359/2117160.79,1057513.67,1080000,1000,1000,1000,0,0,0,0,0,0,2068888.60,3555941.40,3851877.40,2065719.16,20000
[status] PUB sent=11010 tps=200 (pubs=10) | SUB recv=1100000 itps=19997.69 p99=2.90ms conn=13967359/2116887.95,1055991.35,1100000,1000,1000,1000,0,0,0,0,0,0,2108107.80,3592805.40,3922533.40,2102154.70,20000
[status] PUB sent=11210 tps=200 (pubs=10) | SUB recv=1120000 itps=20002.52 p99=2.90ms conn=13967359/2116018.61,1054472.89,1120000,1000,1000,1000,0,0,0,0,0,0,2069195.80,3553893.40,3828735,2068204.56,20000
[status] PUB sent=11410 tps=200 (pubs=10) | SUB recv=1140000 itps=19999.05 p99=2.90ms conn=13967359/2115253.12,1052976.41,1140000,1000,1000,1000,0,0,0,0,0,0,2071858.20,3560856.60,3766271,2072386.31,20000
[status] PUB sent=11610 tps=200 (pubs=10) | SUB recv=1160000 itps=19999.26 p99=2.90ms conn=13967359/2114349.26,1051485.85,1160000,1000,1000,1000,0,0,0,0,0,0,2064895,3546111,3736165.40,2062829.12,20000
[status] PUB sent=12010 tps=200 (pubs=10) | SUB recv=1200000 itps=20001.40 p99=2.90ms conn=13967359/2113899.38,1048931.99,1200000,1000,1000,1000,0,0,0,0,0,0,2102578.20,3593419.80,3940555.80,2097717.55,20000
[status] PUB sent=12230 tps=200 (pubs=10) | SUB recv=1222000 itps=21999.85 p99=2.90ms conn=13967359/2115088.30,1049067.18,1222000,1000,1000,1000,0,0,0,0,0,0,2157055,3794943,4564786.20,2179938.09,22000
[status] PUB sent=12430 tps=200 (pubs=10) | SUB recv=1242000 itps=20004.06 p99=2.90ms conn=13967359/2114787.65,1048176.82,1242000,1000,1000,1000,0,0,0,0,0,0,2093771.80,3606117.40,3977829.40,2096418.52,20000
[status] PUB sent=12630 tps=200 (pubs=10) | SUB recv=1262000 itps=19997.48 p99=2.90ms conn=13967359/2114698.02,1047421.11,1262000,1000,1000,1000,0,0,0,0,0,0,2107186.20,3635199,3957349.40,2109131.94,20000
[status] PUB sent=12830 tps=200 (pubs=10) | SUB recv=1282000 itps=20001.80 p99=2.90ms conn=13967359/2114870.54,1046726.17,1282000,1000,1000,1000,0,0,0,0,0,0,2122136.60,3662847,4096203.80,2125756.27,20000
[status] PUB sent=13030 tps=200 (pubs=10) | SUB recv=1302000 itps=19995.17 p99=2.91ms conn=13967359/2115861.19,1046797.87,1302000,1000,1000,1000,0,0,0,0,0,0,2168114.20,3735551,4577893.40,2179362.12,20000
[status] PUB sent=13230 tps=200 (pubs=10) | SUB recv=1322000 itps=20002.46 p99=2.91ms conn=13967359/2117941.49,1052416.17,1322000,1000,1000,1000,0,0,0,0,0,0,2147531.80,3857407,7096728.60,2253368.97,20000
[status] PUB sent=13430 tps=200 (pubs=10) | SUB recv=1342000 itps=20004.02 p99=2.91ms conn=13967359/2118105.70,1051487.98,1342000,1000,1000,1000,0,0,0,0,0,0,2144664.60,3629874.20,4077567,2128959.67,20000
[status] PUB sent=13830 tps=200 (pubs=10) | SUB recv=1382000 itps=19999.26 p99=2.91ms conn=13967359/2117829.55,1049106.04,1382000,1000,1000,1000,0,0,0,0,0,0,2119371.80,3567615,3910245.40,2107811.62,20000
[status] PUB sent=14030 tps=200 (pubs=10) | SUB recv=1402000 itps=20000.17 p99=2.91ms conn=13967359/2117907.18,1047975.43,1402000,1000,1000,1000,0,0,0,0,0,0,2140773.40,3581951,3873176.60,2123271.17,20000
[status] PUB sent=14230 tps=200 (pubs=10) | SUB recv=1422000 itps=19999.86 p99=2.91ms conn=13967359/2118194.75,1047024.43,1422000,1000,1000,1000,0,0,0,0,0,0,2156338.20,3619224.60,3870719,2138353.97,20000
[status] PUB sent=14430 tps=200 (pubs=10) | SUB recv=1442000 itps=19996.04 p99=2.91ms conn=13967359/2118678.65,1047178.93,1442000,1000,1000,1000,0,0,0,0,0,0,2146712.60,3641138.20,4642405.40,2153083.34,20000
[status] PUB sent=14630 tps=200 (pubs=10) | SUB recv=1462000 itps=20005.27 p99=2.91ms conn=14630911/2120992.63,1058190.65,1462000,1000,1000,1000,0,0,0,0,0,0,2126335,3778149.40,8251186.20,2287831.17,20000
[status] PUB sent=14830 tps=200 (pubs=10) | SUB recv=1482000 itps=19994.84 p99=2.91ms conn=14630911/2120497.68,1057107.55,1482000,1000,1000,1000,0,0,0,0,0,0,2097458.20,3566795.80,3919666.20,2084316.41,20000
[status] PUB sent=15030 tps=200 (pubs=10) | SUB recv=1502000 itps=20005.06 p99=2.91ms conn=14630911/2120348.82,1057280.19,1502000,1000,1000,1000,0,0,0,0,0,0,2084453.40,3559013.40,4744600.60,2109318.37,20000
[status] PUB sent=15230 tps=200 (pubs=10) | SUB recv=1522000 itps=19998.13 p99=2.91ms conn=14630911/2120627.64,1056347.18,1522000,1000,1000,1000,0,0,0,0,0,0,2138623,3612875.80,4308171.80,2141567.11,20000
[status] PUB sent=15430 tps=200 (pubs=10) | SUB recv=1542000 itps=19997.35 p99=2.91ms conn=14630911/2120628.83,1055529.25,1542000,1000,1000,1000,0,0,0,0,0,0,2110565.40,3594853.40,4320050.20,2120718.97,20000
[status] PUB sent=15830 tps=200 (pubs=10) | SUB recv=1582000 itps=19998.42 p99=2.91ms conn=14630911/2119911.69,1053139.81,1582000,1000,1000,1000,0,0,0,0,0,0,2080459.80,3550411.80,3945880.60,2081276.57,20000
[status] PUB sent=16030 tps=200 (pubs=10) | SUB recv=1602000 itps=19997.92 p99=2.91ms conn=14630911/2118425.65,1051380.87,1602000,1000,1000,1000,0,0,0,0,0,0,2000178.20,3365682.20,3684965.40,2000879.91,20000
[status] PUB sent=16230 tps=200 (pubs=10) | SUB recv=1622000 itps=20001.10 p99=2.91ms conn=14630911/2118331.63,1050191.26,1622000,1000,1000,1000,0,0,0,0,0,0,2116607,3572530.20,3759512.60,2110801.42,20000
[status] PUB sent=16430 tps=200 (pubs=10) | SUB recv=1642000 itps=19996.37 p99=2.91ms conn=14630911/2118919.46,1050689.36,1642000,1000,1000,1000,0,0,0,0,0,0,2137701.40,3729611.80,5064498.20,2166592.44,20000
[status] PUB sent=16630 tps=200 (pubs=10) | SUB recv=1662000 itps=20003.85 p99=2.91ms conn=14630911/2119543.36,1051774.82,1662000,1000,1000,1000,0,0,0,0,0,0,2126335,3651378.20,5233663,2170765.13,20000
[status] PUB sent=16830 tps=200 (pubs=10) | SUB recv=1682000 itps=19998.82 p99=2.91ms conn=14630911/2120425.92,1052024.71,1682000,1000,1000,1000,0,0,0,0,0,0,2164735,3948952.60,4691557.40,2193766.56,20000
[status] PUB sent=17030 tps=200 (pubs=10) | SUB recv=1702000 itps=20001.63 p99=2.91ms conn=14630911/2120402.25,1050938.16,1702000,1000,1000,1000,0,0,0,0,0,0,2123570.20,3586866.20,3845938.20,2118411.91,20000
[status] PUB sent=17230 tps=200 (pubs=10) | SUB recv=1722000 itps=19996.93 p99=2.91ms conn=14630911/2121109.26,1050752.51,1722000,1000,1000,1000,0,0,0,0,0,0,2170674.20,3737394.20,4555365.40,2181275.45,20000
[status] PUB sent=17630 tps=200 (pubs=10) | SUB recv=1762000 itps=19999.78 p99=2.91ms conn=14630911/2120463.88,1048608.23,1762000,1000,1000,1000,0,0,0,0,0,0,2098891.80,3536280.60,3754187.80,2095711.09,20000
[status] PUB sent=17830 tps=200 (pubs=10) | SUB recv=1782000 itps=19998.18 p99=2.91ms conn=14630911/2120128.42,1047594.09,1782000,1000,1000,1000,0,0,0,0,0,0,2091416.60,3568024.60,3895499.80,2090574.74,20000
[status] PUB sent=18030 tps=200 (pubs=10) | SUB recv=1802000 itps=19999.29 p99=2.91ms conn=14630911/2120050.88,1047006.43,1802000,1000,1000,1000,0,0,0,0,0,0,2101144.60,3591167,4319231,2113141.47,20000
[status] PUB sent=18230 tps=200 (pubs=10) | SUB recv=1822000 itps=20001.88 p99=2.91ms conn=14630911/2120412.67,1046716.56,1822000,1000,1000,1000,0,0,0,0,0,0,2138930.20,3685784.60,4497407,2153010.37,20000
[status] PUB sent=18430 tps=200 (pubs=10) | SUB recv=1842000 itps=20003.10 p99=2.91ms conn=14630911/2119828.62,1046246.87,1842000,1000,1000,1000,0,0,0,0,0,0,2054450.20,3597311,4175051.80,2066622.03,20000
[status] PUB sent=18630 tps=200 (pubs=10) | SUB recv=1862000 itps=19997.60 p99=2.91ms conn=14630911/2119358.18,1045357.21,1862000,1000,1000,1000,0,0,0,0,0,0,2072575,3569253.40,3847167,2076030.43,20000
[status] PUB sent=18830 tps=200 (pubs=10) | SUB recv=1882000 itps=19999.97 p99=2.91ms conn=14630911/2119311.46,1044705.98,1882000,1000,1000,1000,0,0,0,0,0,0,2118347.80,3636427.80,3925810.20,2114961.81,20000
[status] PUB sent=19030 tps=200 (pubs=10) | SUB recv=1902000 itps=20001.16 p99=2.91ms conn=14630911/2118893.43,1043844.41,1902000,1000,1000,1000,0,0,0,0,0,0,2083531.80,3548363.80,3938303,2079556.30,20000
[status] PUB sent=19430 tps=200 (pubs=10) | SUB recv=1942000 itps=20001.56 p99=2.91ms conn=14630911/2118092.42,1042097.60,1942000,1000,1000,1000,0,0,0,0,0,0,2086501.40,3560447,4038450.20,2089150.08,20000
[status] PUB sent=19630 tps=200 (pubs=10) | SUB recv=1962000 itps=20000.60 p99=2.91ms conn=14630911/2117587.61,1041087.59,1962000,1000,1000,1000,0,0,0,0,0,0,2072267.80,3512933.40,3781631,2068570.34,20000
[status] PUB sent=19830 tps=200 (pubs=10) | SUB recv=1982000 itps=20002.44 p99=2.90ms conn=14630911/2116995.65,1040096.67,1982000,1000,1000,1000,0,0,0,0,0,0,2063461.40,3493682.20,3689061.40,2058925.02,20000
[status] PUB sent=20030 tps=200 (pubs=10) | SUB recv=2002000 itps=19996.59 p99=2.90ms conn=14630911/2116599.35,1039137.69,2002000,1000,1000,1000,0,0,0,0,0,0,2079947.80,3517643.80,3770162.20,2077326.47,20000
[status] PUB sent=20230 tps=200 (pubs=10) | SUB recv=2022000 itps=19999.74 p99=2.90ms conn=14630911/2116285.17,1038247.44,2022000,1000,1000,1000,0,0,0,0,0,0,2087218.20,3519077.40,3886283.80,2084835.68,20000
[status] PUB sent=20430 tps=200 (pubs=10) | SUB recv=2042000 itps=20002.07 p99=2.90ms conn=14630911/2115927.40,1037605.81,2042000,1000,1000,1000,0,0,0,0,0,0,2077183,3524607,4168088.60,2079756.81,20000
[status] PUB sent=20630 tps=200 (pubs=10) | SUB recv=2062000 itps=20000.28 p99=2.90ms conn=14630911/2115538.09,1036869.42,2062000,1000,1000,1000,0,0,0,0,0,0,2072370.20,3535051.80,4154776.60,2075789.10,20000
[status] PUB sent=20830 tps=200 (pubs=10) | SUB recv=2082000 itps=19999.21 p99=2.90ms conn=14630911/2115510.34,1036450.80,2082000,1000,1000,1000,0,0,0,0,0,0,2104523.80,3627826.20,4233829.40,2112649.31,20000
[status] PUB sent=21230 tps=200 (pubs=10) | SUB recv=2122000 itps=20001.33 p99=2.90ms conn=14630911/2116576.32,1037135.61,2122000,1000,1000,1000,0,0,0,0,0,0,2095307.80,3572120.60,3797400.60,2090898.21,20000
[status] PUB sent=21430 tps=200 (pubs=10) | SUB recv=2142000 itps=19998.37 p99=2.90ms conn=14630911/2116220.49,1036334.10,2142000,1000,1000,1000,0,0,0,0,0,0,2081688.60,3545496.60,3775077.40,2078466.58,20000
[status] PUB sent=21630 tps=200 (pubs=10) | SUB recv=2162000 itps=19999.36 p99=2.90ms conn=14630911/2115927.15,1035619.06,2162000,1000,1000,1000,0,0,0,0,0,0,2090085.40,3558603.80,3818085.40,2084510.82,20000
[status] PUB sent=21830 tps=200 (pubs=10) | SUB recv=2182000 itps=19998.13 p99=2.90ms conn=14630911/2115700.47,1034947.10,2182000,1000,1000,1000,0,0,0,0,0,0,2095615,3564747.80,3827506.20,2091196.51,20000
[status] PUB sent=22030 tps=200 (pubs=10) | SUB recv=2202000 itps=20002.76 p99=2.90ms conn=14630911/2116207.86,1035011.97,2202000,1000,1000,1000,0,0,0,0,0,0,2156235.80,3690904.60,4818943,2171564.16,20000
[status] PUB sent=22230 tps=200 (pubs=10) | SUB recv=2222000 itps=19997.70 p99=2.90ms conn=14630911/2116611.42,1035637.18,2222000,1000,1000,1000,0,0,0,0,0,0,2115480.60,3743538.20,5415730.20,2161043.22,20000
[status] PUB sent=22430 tps=200 (pubs=10) | SUB recv=2242000 itps=20003.36 p99=2.90ms conn=14630911/2116885.34,1035431.97,2242000,1000,1000,1000,0,0,0,0,0,0,2131250.20,3639909.40,4524850.20,2147317.92,20000
[status] PUB sent=22830 tps=200 (pubs=10) | SUB recv=2282000 itps=20001.11 p99=2.91ms conn=14630911/2117090.42,1034748.03,2282000,1000,1000,1000,0,0,0,0,0,0,2114149.40,3623115.80,3959602.20,2119406.93,20000
[status] PUB sent=23030 tps=200 (pubs=10) | SUB recv=2302000 itps=20001.30 p99=2.91ms conn=14630911/2117001.68,1034470.92,2302000,1000,1000,1000,0,0,0,0,0,0,2096024.60,3614923.80,4133272.60,2106875.83,20000
[status] PUB sent=23230 tps=200 (pubs=10) | SUB recv=2322000 itps=19999.40 p99=2.91ms conn=14630911/2116592.23,1034657.09,2322000,1000,1000,1000,0,0,0,0,0,0,2038066.20,3611647,4679269.40,2069464.51,20000
[status] PUB sent=23430 tps=200 (pubs=10) | SUB recv=2342000 itps=20001.04 p99=2.90ms conn=14630911/2115242.34,1033917.81,2342000,1000,1000,1000,0,0,0,0,0,0,1955327,3384933.40,3929291.80,1958520.22,20000
[status] PUB sent=23630 tps=200 (pubs=10) | SUB recv=2362000 itps=20000.32 p99=2.90ms conn=14630911/2113859.18,1033259.62,2362000,1000,1000,1000,0,0,0,0,0,0,1940171.80,3333119,3840818.20,1951892.02,20000
[status] PUB sent=23830 tps=200 (pubs=10) | SUB recv=2382000 itps=19999.85 p99=2.90ms conn=14630911/2112981.59,1032599.98,2382000,1000,1000,1000,0,0,0,0,0,0,2002635.80,3449855,3901234.20,2009338.29,20000
[status] PUB sent=24030 tps=200 (pubs=10) | SUB recv=2402000 itps=20000.86 p99=2.90ms conn=14630911/2113272.71,1032315.30,2402000,1000,1000,1000,0,0,0,0,0,0,2144971.80,3674930.20,4188363.80,2147945.14,20000
[status] PUB sent=44050 tps=361 (pubs=10) | SUB recv=3729818 itps=400364.50 p99=5.10ms conn=25198591/4624570.57,4626152.31,3729818,1000,1000,1000,0,0,0,0,0,0,8762647.16,15828701.25,17027123.48,8536924.90,400410
[status] PUB sent=54050 tps=439 (pubs=10) | SUB recv=5331849 itps=1001843.79 p99=10.65ms conn=28803071/6004657.53,5333499.41,5331849,1000,1000,1000,0,0,0,0,0,0,9737434.61,17656347.21,22139046.98,9570035.30,1001599
[status] PUB sent=64050 tps=516 (pubs=10) | SUB recv=6333220 itps=1001209.80 p99=11.96ms conn=28803071/6601837.67,5504861.42,6333220,1000,1000,1000,0,0,0,0,0,0,9121126.39,17513221.33,19024216.58,9781552.65,1001371
[status] PUB sent=74050 tps=592 (pubs=10) | SUB recv=7330867 itps=997512.03 p99=12.59ms conn=28803071/7014881.72,5574747.14,7330867,1000,1000,1000,0,0,0,0,0,0,8986442.65,17334602.75,19227870.92,9636950.29,997647
[status] PUB sent=84050 tps=667 (pubs=10) | SUB recv=8336328 itps=1005606.81 p99=12.86ms conn=28803071/7268295.87,5563773.84,8336328,1000,1000,1000,0,0,0,0,0,0,8309033.14,16848183.98,18160102.17,9115951.26,1005461
[status] PUB sent=94050 tps=741 (pubs=10) | SUB recv=9333127 itps=996768.52 p99=12.98ms conn=28803071/7439208.81,5525827.41,9333127,1000,1000,1000,0,0,0,0,0,0,7932940.05,16530709.71,18209083.79,8868570.50,996799
[status] PUB sent=104050 tps=813 (pubs=10) | SUB recv=10334016 itps=1000890.94 p99=13.13ms conn=28803071/7599848.66,5524074.75,10334016,1000,1000,1000,0,0,0,0,0,0,8674357.72,16949702.01,18647846.62,9097789.16,1000889
[status] PUB sent=114050 tps=884 (pubs=10) | SUB recv=11332982 itps=998969.75 p99=13.15ms conn=52592639/7759868.00,5689689.36,11332982,1000,1000,1000,0,0,0,0,0,0,7413916.49,18449526.13,38775384.46,9415222.04,998966
[status] PUB sent=134050 tps=1023 (pubs=10) | SUB recv=13332605 itps=1001177.16 p99=13.23ms conn=52592639/7965365.59,5600974.87,13332605,1000,1000,1000,0,0,0,0,0,0,8616783.02,17005865.51,18912481.05,9304540.56,1001340
[status] PUB sent=144050 tps=1091 (pubs=10) | SUB recv=14331161 itps=998416.60 p99=13.32ms conn=52592639/8083951.49,5596527.74,14331161,1000,1000,1000,0,0,0,0,0,0,8687324.33,17668293.00,23837043.71,9667296.76,998556
[status] PUB sent=154050 tps=1158 (pubs=10) | SUB recv=15331841 itps=1000951.84 p99=13.34ms conn=52592639/8150458.92,5554108.31,15331841,1000,1000,1000,0,0,0,0,0,0,8474417.23,16726568.27,18001269.98,9102939.98,1000680
[status] PUB sent=164050 tps=1224 (pubs=10) | SUB recv=16334387 itps=1002530.28 p99=13.34ms conn=52592639/8192971.18,5504944.74,16334387,1000,1000,1000,0,0,0,0,0,0,8084565.60,16402897.71,17715644.26,8843107.06,1002546
[status] PUB sent=174050 tps=1289 (pubs=10) | SUB recv=17331566 itps=997341.89 p99=13.34ms conn=52592639/8235402.25,5464366.17,17331566,1000,1000,1000,0,0,0,0,0,0,8301327.30,16457090.27,17722224.57,8930448.62,997179
[status] PUB sent=184050 tps=1353 (pubs=10) | SUB recv=18334318 itps=1002610.77 p99=13.35ms conn=52592639/8270841.05,5432075.76,18334318,1000,1000,1000,0,0,0,0,0,0,8127943.11,16615345.24,18283126.55,8883365.15,1002752
[status] PUB sent=204050 tps=1479 (pubs=10) | SUB recv=19733970 itps=401529.07 p99=13.33ms conn=52592639/8300947.99,5378838.83,19733970,1000,1000,1000,0,0,0,0,0,0,7835609.06,16175788.35,17505939.52,8648457.36,401620
[status] PUB sent=214050 tps=1540 (pubs=10) | SUB recv=21331425 itps=996637.33 p99=13.35ms conn=52592639/8351163.68,5336359.21,21331425,1000,1000,1000,0,0,0,0,0,0,8432516.13,16724751.80,17948904.04,9140453.35,996777
[status] PUB sent=224050 tps=1600 (pubs=10) | SUB recv=22333536 itps=1002233.99 p99=13.37ms conn=52592639/8383438.12,5320387.66,22333536,1000,1000,1000,0,0,0,0,0,0,8315855.38,16732344.49,18025846.37,9070447.60,1002111
[status] PUB sent=234050 tps=1660 (pubs=10) | SUB recv=23328808 itps=995258.67 p99=13.38ms conn=52592639/8403548.09,5308749.93,23328807,1000,1000,1000,0,0,0,0,0,0,8739151.68,16402684.81,18113871.14,8854808.86,995271
[status] PUB sent=244050 tps=1719 (pubs=10) | SUB recv=24331642 itps=1002793.95 p99=13.33ms conn=52592639/8397412.06,5272469.32,24331642,1000,1000,1000,0,0,0,0,0,0,7412105.88,15657247.83,18439762.09,8254670.60,1002835
[status] PUB sent=254050 tps=1777 (pubs=10) | SUB recv=25333654 itps=1002163.72 p99=13.31ms conn=52592639/8401643.57,5241901.21,25333654,1000,1000,1000,0,0,0,0,0,0,7585021.38,16069444.41,17392116.08,8504396.26,1002012
[status] PUB sent=264050 tps=1834 (pubs=10) | SUB recv=26334138 itps=1000323.42 p99=13.25ms conn=52592639/8389418.75,5202799.65,26334138,1000,1000,1000,0,0,0,0,0,0,7364365.94,15380412.81,16660284.12,8079869.21,1000484
[status] PUB sent=284050 tps=1946 (pubs=10) | SUB recv=28337042 itps=1004741.36 p99=13.21ms conn=52592639/8403729.53,5153730.42,28337042,1000,1000,1000,0,0,0,0,0,0,7794772.01,16063235.72,17197419.71,8654012.28,1004775
[status] PUB sent=294050 tps=2000 (pubs=10) | SUB recv=29331391 itps=994556.87 p99=13.21ms conn=52592639/8421561.69,5134543.39,29331391,1000,1000,1000,0,0,0,0,0,0,7981471.07,16578681.29,18317224.51,8929744.12,994349
[status] PUB sent=304050 tps=2054 (pubs=10) | SUB recv=30331433 itps=999949.43 p99=13.21ms conn=52592639/8437526.42,5115838.63,30331433,1000,1000,1000,0,0,0,0,0,0,7960506.47,16469111.67,17697019.82,8905774.55,1000042
[status] PUB sent=314050 tps=2108 (pubs=10) | SUB recv=31333944 itps=1002395.90 p99=13.21ms conn=52592639/8450311.42,5097413.61,31333943,1000,1000,1000,0,0,0,0,0,0,7866881.98,16442636.40,17733180.84,8837127.71,1002510
[status] PUB sent=324050 tps=2160 (pubs=10) | SUB recv=32335425 itps=1001542.33 p99=13.20ms conn=52592639/8453738.48,5078379.17,32335425,1000,1000,1000,0,0,0,0,0,0,7695281.37,16119419.65,17453750.74,8560962.93,1001482
[status] PUB sent=334050 tps=2212 (pubs=10) | SUB recv=33332979 itps=997416.74 p99=13.19ms conn=52592639/8462371.62,5061966.44,33332979,1000,1000,1000,0,0,0,0,0,0,7902203.30,16259753.83,17562247.28,8742212.55,997554
[status] PUB sent=344050 tps=2264 (pubs=10) | SUB recv=34332326 itps=999449.09 p99=13.19ms conn=52592639/8471611.53,5046156.88,34332326,1000,1000,1000,0,0,0,0,0,0,7885730.19,16352668.05,17592284.53,8779806.28,999347
[status] PUB sent=364050 tps=2364 (pubs=10) | SUB recv=35532992 itps=199586.54 p99=13.15ms conn=52592639/8466964.55,5023427.00,35532992,1000,1000,1000,0,0,0,0,0,0,7321803.50,16023829.46,17547506.66,8344068.26,199576
[status] PUB sent=374050 tps=2413 (pubs=10) | SUB recv=37332645 itps=1000812.74 p99=13.10ms conn=52592639/8456005.62,4988416.32,37332645,1000,1000,1000,0,0,0,0,0,0,7471746.45,15828529.62,17212529.19,8353793.56,1000810
[status] PUB sent=384050 tps=2462 (pubs=10) | SUB recv=38334404 itps=1001610.90 p99=13.08ms conn=52592639/8452906.18,4970930.36,38334404,1000,1000,1000,0,0,0,0,0,0,7485629.34,15819729.66,17131088.79,8337399.03,1001759
[status] PUB sent=394050 tps=2510 (pubs=10) | SUB recv=39331556 itps=997114.19 p99=13.06ms conn=52592639/8450669.32,4956505.44,39331556,1000,1000,1000,0,0,0,0,0,0,7474798.91,15760851.09,17120628.46,8364675.59,997152
[status] PUB sent=404050 tps=2557 (pubs=10) | SUB recv=40333890 itps=1002281.71 p99=13.07ms conn=52592639/8463884.81,4947836.08,40333890,1000,1000,1000,0,0,0,0,0,0,8015603.58,16617376.50,17922285.74,8982460.21,1002334
[status] PUB sent=414050 tps=2604 (pubs=10) | SUB recv=41333987 itps=1000372.89 p99=13.07ms conn=52592639/8471601.79,4939028.89,41333987,1000,1000,1000,0,0,0,0,0,0,7824646.87,16512897.22,17851615.86,8782827.56,1000097
[status] PUB sent=424050 tps=2650 (pubs=10) | SUB recv=42333043 itps=999058.42 p99=13.07ms conn=52592639/8479597.77,4929747.56,42333043,1000,1000,1000,0,0,0,0,0,0,7876504.60,16323038.69,17543926.28,8810415.57,999056
[status] PUB sent=444050 tps=2741 (pubs=10) | SUB recv=44335472 itps=1001082.71 p99=13.05ms conn=52592639/8480859.52,4906907.54,44335472,1000,1000,1000,0,0,0,0,0,0,7494959.54,15798618.89,17458652.89,8356693.16,1001000
[status] PUB sent=454050 tps=2786 (pubs=10) | SUB recv=45332261 itps=996700.52 p99=13.04ms conn=52592639/8482338.05,4897244.86,45332261,1000,1000,1000,0,0,0,0,0,0,7607455.88,16066522.15,17874627.18,8548100.12,996789
[status] PUB sent=464050 tps=2830 (pubs=10) | SUB recv=46332596 itps=1000324.33 p99=13.03ms conn=52592639/8480672.71,4887033.66,46332596,1000,1000,1000,0,0,0,0,0,0,7555568.35,15791948.23,17235382.87,8405204.52,1000335
[status] PUB sent=474050 tps=2873 (pubs=10) | SUB recv=47331706 itps=999251.60 p99=13.03ms conn=52592639/8484591.78,4879800.35,47331706,1000,1000,1000,0,0,0,0,0,0,7746482.42,16201349.71,17571657.98,8666334.40,999110
[status] PUB sent=484050 tps=2916 (pubs=10) | SUB recv=48333192 itps=1001414.75 p99=13.03ms conn=52592639/8488850.04,4871046.53,48333192,1000,1000,1000,0,0,0,0,0,0,7795493.29,16169195.48,17443513.38,8690101.62,1001486
[status] PUB sent=494050 tps=2958 (pubs=10) | SUB recv=49334047 itps=1000754.06 p99=13.00ms conn=52592639/8482532.70,4856001.70,49334047,1000,1000,1000,0,0,0,0,0,0,7458504.40,15517698.65,16870713.26,8177456.20,1000855
[status] PUB sent=504050 tps=3000 (pubs=10) | SUB recv=50334699 itps=1000820.64 p99=12.95ms conn=52592639/8465580.54,4836523.56,50334699,1000,1000,1000,0,0,0,0,0,0,7122684.63,14706739.36,16251801.45,7629807.20,1000652
[status] PUB sent=524050 tps=3083 (pubs=10) | SUB recv=52333645 itps=998974.52 p99=12.91ms conn=52592639/8459481.91,4813170.96,52333645,1000,1000,1000,0,0,0,0,0,0,7658629.12,15851704.59,18519857.52,8400914.76,999071
[status] PUB sent=534050 tps=3123 (pubs=10) | SUB recv=53336141 itps=1002674.19 p99=12.89ms conn=52592639/8460216.61,4804416.11,53336141,1000,1000,1000,0,0,0,0,0,0,7761594.00,15895080.25,17509427.15,8498569.84,1002496
[status] PUB sent=544050 tps=3163 (pubs=10) | SUB recv=54333769 itps=997510.09 p99=12.88ms conn=52592639/8460695.38,4795481.02,54333769,1000,1000,1000,0,0,0,0,0,0,7733350.13,15984946.16,17411738.17,8486292.01,997628
[status] PUB sent=554050 tps=3203 (pubs=10) | SUB recv=55334327 itps=1000715.73 p99=12.86ms conn=52592639/8459026.79,4786024.47,55334327,1000,1000,1000,0,0,0,0,0,0,7687190.24,15651035.77,16924646.13,8368416.55,1000558
[status] PUB sent=564050 tps=3242 (pubs=10) | SUB recv=56333988 itps=999547.87 p99=12.85ms conn=52592639/8456755.34,4775474.81,56333988,1000,1000,1000,0,0,0,0,0,0,7588302.37,15646085.16,16943688.70,8331023.73,999661
[status] PUB sent=574050 tps=3280 (pubs=10) | SUB recv=57330593 itps=996221.11 p99=12.81ms conn=52592639/8448510.27,4760335.79,57330595,1000,1000,1000,0,0,0,0,0,0,7274868.00,15192565.46,16586366.80,7982451.29,996607
[status] PUB sent=593050 tps=3352 (pubs=10) | SUB recv=58534363 itps=200693.70 p99=12.80ms conn=52592639/8449162.49,4753733.24,58534363,1000,1000,1000,0,0,0,0,0,0,7596429.49,15909620.79,17260621.39,8500992.53,200640
[status] PUB sent=604050 tps=3394 (pubs=10) | SUB recv=60334414 itps=1000845.24 p99=12.77ms conn=52592639/8447059.52,4738411.27,60334415,1000,1000,1000,0,0,0,0,0,0,7538423.21,15798147.12,17259466.04,8322435.61,1000575
[status] PUB sent=614050 tps=3430 (pubs=10) | SUB recv=61333390 itps=998766.19 p99=12.75ms conn=52592639/8448248.99,4751081.00,61333390,1000,1000,1000,0,0,0,0,0,0,7376012.59,16392818.01,30880844.13,8520088.91,998975
[status] PUB sent=624050 tps=3467 (pubs=10) | SUB recv=62335316 itps=1002063.88 p99=12.69ms conn=52592639/8432879.89,4733391.03,62335316,1000,1000,1000,0,0,0,0,0,0,7022402.63,14377112.53,15846871.31,7492053.11,1001926
[status] PUB sent=634050 tps=3503 (pubs=10) | SUB recv=63335315 itps=1000049.74 p99=12.64ms conn=52592639/8419937.85,4716827.17,63335315,1000,1000,1000,0,0,0,0,0,0,7177640.69,14531304.80,16022078.04,7613190.64,999999
[status] PUB sent=644050 tps=3539 (pubs=10) | SUB recv=64333381 itps=997985.29 p99=12.59ms conn=52592639/8408065.83,4700880.66,64333381,1000,1000,1000,0,0,0,0,0,0,7194661.30,14633267.07,16199737.80,7654690.45,998066
[status] PUB sent=654050 tps=3574 (pubs=10) | SUB recv=65333955 itps=1000323.17 p99=12.53ms conn=52592639/8397524.82,4684970.81,65333955,1000,1000,1000,0,0,0,0,0,0,7218775.97,14904996.34,16496617.90,7719775.16,1000574
[status] PUB sent=674050 tps=3644 (pubs=10) | SUB recv=67335080 itps=999855.02 p99=12.43ms conn=52592639/8372716.64,4656092.50,67335080,1000,1000,1000,0,0,0,0,0,0,7001187.78,14584498.25,16007265.45,7537561.49,999640
[status] PUB sent=684050 tps=3678 (pubs=10) | SUB recv=68335134 itps=999921.17 p99=12.38ms conn=52592639/8360449.56,4641987.94,68335134,1000,1000,1000,0,0,0,0,0,0,7022959.21,14461183.41,16178527.16,7534489.07,1000054
[status] PUB sent=694050 tps=3712 (pubs=10) | SUB recv=69333913 itps=998577.19 p99=12.31ms conn=52592639/8345940.49,4624949.72,69333913,1000,1000,1000,0,0,0,0,0,0,7055975.47,13914212.97,15492276.41,7353249.30,998779
[status] PUB sent=704050 tps=3745 (pubs=10) | SUB recv=70333450 itps=999572.15 p99=12.24ms conn=52592639/8334253.27,4610017.19,70333450,1000,1000,1000,0,0,0,0,0,0,7037434.91,14376306.43,16009736.18,7523557.49,999537
[status] PUB sent=714050 tps=3778 (pubs=10) | SUB recv=71333704 itps=1000215.86 p99=12.21ms conn=52592639/8328023.31,4600768.08,71333704,1000,1000,1000,0,0,0,0,0,0,7254289.40,15058753.19,16524089.92,7889959.65,1000254
[status] PUB sent=724050 tps=3811 (pubs=10) | SUB recv=72333147 itps=999650.52 p99=12.17ms conn=52592639/8320606.35,4590080.05,72333147,1000,1000,1000,0,0,0,0,0,0,7168916.46,14896243.26,16229142.13,7791232.68,999443
[status] PUB sent=744050 tps=3875 (pubs=10) | SUB recv=74334513 itps=998533.77 p99=12.02ms conn=52592639/8284185.09,4562523.81,74334513,1000,1000,1000,0,0,0,0,0,0,6693319.71,13533526.25,15118209.40,7046565.64,998513
[status] PUB sent=754050 tps=3907 (pubs=10) | SUB recv=75332645 itps=998305.81 p99=11.98ms conn=52592639/8276795.40,4552083.86,75332637,1000,1000,1000,0,0,0,0,0,0,7151562.01,14829238.94,16337617.08,7726453.83,998124
[status] PUB sent=764050 tps=3938 (pubs=10) | SUB recv=76334000 itps=1001228.81 p99=11.93ms conn=52592639/8265976.36,4541949.25,76334000,1000,1000,1000,0,0,0,0,0,0,6883799.49,14455664.73,16043980.89,7452058.81,1001363
[status] PUB sent=774050 tps=3970 (pubs=10) | SUB recv=77334092 itps=999826.48 p99=11.89ms conn=52592639/8259822.93,4532775.40,77334092,1000,1000,1000,0,0,0,0,0,0,7180003.99,14988880.07,16464325.33,7790150.55,1000092
[status] PUB sent=784050 tps=4000 (pubs=10) | SUB recv=78334891 itps=1001050.85 p99=11.85ms conn=52592639/8254438.98,4524538.24,78334891,1000,1000,1000,0,0,0,0,0,0,7296054.11,14982139.95,16323696.82,7838409.01,1000799
[status] PUB sent=794050 tps=4031 (pubs=10) | SUB recv=79333389 itps=998404.44 p99=11.81ms conn=52592639/8246955.45,4514922.71,79333389,1000,1000,1000,0,0,0,0,0,0,7300482.08,14528678.35,16033520.88,7659852.19,998498
[status] PUB sent=814050 tps=4091 (pubs=10) | SUB recv=81133944 itps=803440.13 p99=11.82ms conn=52592639/8251413.80,4511848.57,81133944,1000,1000,1000,0,0,0,0,0,0,7698514.91,15558953.16,16991154.00,8361371.73,803233
[status] PUB sent=824050 tps=4120 (pubs=10) | SUB recv=82332417 itps=997294.63 p99=11.84ms conn=52592639/8257963.15,4512223.84,82332417,1000,1000,1000,0,0,0,0,0,0,7900583.86,16385711.03,17758817.54,8805611.62,997283
[status] PUB sent=834050 tps=4150 (pubs=10) | SUB recv=83330959 itps=998605.48 p99=11.84ms conn=52592639/8259538.32,4509719.82,83330959,1000,1000,1000,0,0,0,0,0,0,7544848.36,15961971.52,17247213.09,8389414.74,998542
[status] PUB sent=844050 tps=4178 (pubs=10) | SUB recv=84336743 itps=1005798.67 p99=11.86ms conn=52592639/8266427.47,4510733.90,84336743,1000,1000,1000,0,0,0,0,0,0,7959382.35,16327141.31,17845553.34,8837205.52,1005784
[status] PUB sent=854050 tps=4207 (pubs=10) | SUB recv=85334221 itps=997455.27 p99=11.87ms conn=52592639/8269859.42,4509535.09,85334221,1000,1000,1000,0,0,0,0,0,0,7724228.31,16104152.05,17586818.03,8560030.75,997478
[status] PUB sent=864050 tps=4236 (pubs=10) | SUB recv=86331020 itps=996710.64 p99=11.89ms conn=52592639/8277263.54,4512465.87,86331020,1000,1000,1000,0,0,0,0,0,0,7950787.45,16556409.71,19650176.71,8911117.43,996799
[status] PUB sent=874050 tps=4264 (pubs=10) | SUB recv=87334161 itps=1003180.82 p99=11.90ms conn=52592639/8280749.59,4512055.22,87334161,1000,1000,1000,0,0,0,0,0,0,7829656.21,16135383.47,17822341.78,8580761.04,1003141
[status] PUB sent=894050 tps=4319 (pubs=10) | SUB recv=89332128 itps=1001052.06 p99=11.93ms conn=52592639/8290117.52,4512522.65,89332128,1000,1000,1000,0,0,0,0,0,0,7932893.99,16288874.92,17669783.39,8745198.73,1000790
[status] PUB sent=904050 tps=4346 (pubs=10) | SUB recv=90335207 itps=1003053.91 p99=11.94ms conn=52592639/8292958.41,4511843.91,90335207,1000,1000,1000,0,0,0,0,0,0,7681848.57,16137706.69,17781562.01,8545962.68,1003079
[status] PUB sent=914050 tps=4374 (pubs=10) | SUB recv=91330535 itps=995381.50 p99=11.93ms conn=52592639/8293278.29,4508396.56,91330535,1000,1000,1000,0,0,0,0,0,0,7586727.00,15610613.07,17552908.44,8322309.80,995328
[status] PUB sent=924050 tps=4400 (pubs=10) | SUB recv=92334539 itps=1004047.34 p99=11.94ms conn=52592639/8296579.28,4507438.80,92334539,1000,1000,1000,0,0,0,0,0,0,7793003.62,16062220.59,17806707.62,8596858.06,1004004
[status] PUB sent=934050 tps=4427 (pubs=10) | SUB recv=93333121 itps=998494.92 p99=11.94ms conn=52592639/8299612.44,4504897.32,93333121,1000,1000,1000,0,0,0,0,0,0,7761457.43,16009991.69,17235869.60,8580076.25,998582
[status] PUB sent=948050 tps=4464 (pubs=10) | SUB recv=94335281 itps=1002154.85 p99=11.96ms conn=52592639/8306293.41,4506651.53,94335281,1000,1000,1000,0,0,0,0,0,0,8066724.35,16539882.54,18499114.82,8928504.71,1002160
[status] PUB sent=964050 tps=4505 (pubs=10) | SUB recv=96330368 itps=999237.98 p99=11.98ms conn=52592639/8314098.06,4507256.48,96330368,1000,1000,1000,0,0,0,0,0,0,7622014.28,16098350.87,17607635.04,8512471.18,999221
[status] PUB sent=974050 tps=4530 (pubs=10) | SUB recv=97331933 itps=1001510.63 p99=11.98ms conn=52592639/8316201.20,4504890.21,97331933,1000,1000,1000,0,0,0,0,0,0,7694410.77,16038900.19,17610245.94,8518480.95,1001565
[status] PUB sent=984050 tps=4556 (pubs=10) | SUB recv=98333000 itps=1001046.48 p99=11.98ms conn=52592639/8316967.21,4501921.85,98333000,1000,1000,1000,0,0,0,0,0,0,7672313.40,15741674.20,17313277.31,8391444.93,1001067
[status] PUB sent=994050 tps=4581 (pubs=10) | SUB recv=99334327 itps=1001545.29 p99=11.97ms conn=52592639/8317181.94,4499138.63,99334327,1000,1000,1000,0,0,0,0,0,0,7550817.83,15764874.08,17409695.22,8338268.80,1001327
[status] PUB sent=1004050 tps=4606 (pubs=10) | SUB recv=100331951 itps=997513.60 p99=11.97ms conn=52592639/8318934.80,4496471.74,100331951,1000,1000,1000,0,0,0,0,0,0,7703005.51,15913831.74,17501993.96,8493469.10,997624
[status] PUB sent=1024050 tps=4655 (pubs=10) | SUB recv=101333220 itps=1001414.62 p99=11.96ms conn=52592639/8317501.72,4493061.93,101333220,1000,1000,1000,0,0,0,0,0,0,7442444.52,15457089.59,16888995.91,8173900.19,1001269
[status] PUB sent=1034050 tps=4679 (pubs=10) | SUB recv=103333081 itps=998668.02 p99=11.95ms conn=52592639/8316786.13,4487071.51,103333081,1000,1000,1000,0,0,0,0,0,0,7564675.41,15842140.68,17009644.04,8411421.92,998618
[status] PUB sent=1044050 tps=4703 (pubs=10) | SUB recv=104336404 itps=1003306.47 p99=11.96ms conn=52592639/8319717.86,4486066.44,104336404,1000,1000,1000,0,0,0,0,0,0,7801686.68,16077215.40,17527034.67,8621658.86,1003323
[status] PUB sent=1054050 tps=4727 (pubs=10) | SUB recv=105334055 itps=997688.67 p99=11.95ms conn=52592639/8319107.84,4482772.12,105334055,1000,1000,1000,0,0,0,0,0,0,7512730.74,15640081.12,17064086.75,8255310.68,997651
[status] PUB sent=1064050 tps=4750 (pubs=10) | SUB recv=106333869 itps=999864.90 p99=11.95ms conn=52592639/8320142.25,4482040.44,106333868,1000,1000,1000,0,0,0,0,0,0,7493602.97,15939221.34,17232736.90,8429121.35,999813
[status] PUB sent=1074050 tps=4774 (pubs=10) | SUB recv=107336037 itps=1002079.08 p99=11.92ms conn=52592639/8316562.05,4479931.43,107336037,1000,1000,1000,0,0,0,0,0,0,7119012.32,15816218.64,20486212.48,7936689.69,1002169
[status] PUB sent=1094050 tps=4820 (pubs=10) | SUB recv=108332240 itps=996046.21 p99=11.88ms conn=52592639/8308966.07,4472292.70,108332240,1000,1000,1000,0,0,0,0,0,0,6958566.36,14529136.13,16143706.00,7490536.28,996203
[status] PUB sent=1104050 tps=4842 (pubs=10) | SUB recv=110335460 itps=1000869.83 p99=11.83ms conn=52592639/8299494.61,4460530.08,110335460,1000,1000,1000,0,0,0,0,0,0,7205494.28,15098882.79,16624522.86,7837553.44,1000580
[status] PUB sent=1114050 tps=4865 (pubs=10) | SUB recv=111334544 itps=998969.51 p99=11.78ms conn=52592639/8290112.56,4453658.74,111334544,1000,1000,1000,0,0,0,0,0,0,6775244.48,14148142.21,15622413.45,7253990.76,999084
[status] PUB sent=1124050 tps=4887 (pubs=10) | SUB recv=112335596 itps=1000962.89 p99=11.72ms conn=52592639/8278648.24,4444560.94,112335594,1000,1000,1000,0,0,0,0,0,0,6709330.12,13199806.27,14808815.79,7003612.38,1001050
[status] PUB sent=1134050 tps=4909 (pubs=10) | SUB recv=113333083 itps=997640.13 p99=11.69ms conn=52592639/8269881.75,4438336.99,113333083,1000,1000,1000,0,0,0,0,0,0,6825431.78,14232764.44,15655072.98,7282613.57,997489
[status] PUB sent=1144050 tps=4931 (pubs=10) | SUB recv=114334470 itps=1001304.80 p99=11.66ms conn=52592639/8267773.65,4433994.03,114334470,1000,1000,1000,0,0,0,0,0,0,7322998.57,15452899.85,17358033.92,8029187.06,1001387
[status] PUB sent=1164050 tps=4975 (pubs=10) | SUB recv=116334845 itps=1000497.10 p99=11.60ms conn=67567615/8265231.10,4450042.87,116334845,1000,1000,1000,0,0,0,0,0,0,7131822.73,14243710.26,15775501.15,7507016.96,1000485
[status] PUB sent=1174050 tps=4996 (pubs=10) | SUB recv=117335360 itps=1000603.15 p99=11.55ms conn=67567615/8255919.44,4441896.14,117335360,1000,1000,1000,0,0,0,0,0,0,6867099.41,13646385.32,15337116.65,7173206.52,1000515
[status] PUB sent=1184050 tps=5017 (pubs=10) | SUB recv=118333903 itps=998677.67 p99=11.52ms conn=67567615/8251363.75,4435734.83,118333903,1000,1000,1000,0,0,0,0,0,0,7198930.39,14818149.26,16183656.31,7716040.07,998543
[status] PUB sent=1194050 tps=5038 (pubs=10) | SUB recv=119334357 itps=1000388.61 p99=11.49ms conn=67567615/8244922.50,4430375.40,119334357,1000,1000,1000,0,0,0,0,0,0,6905199.81,14520700.23,15816000.27,7483051.51,1000454
[status] PUB sent=1204050 tps=5059 (pubs=10) | SUB recv=120334670 itps=1000157.61 p99=11.46ms conn=67567615/8239121.27,4424082.80,120334670,1000,1000,1000,0,0,0,0,0,0,6957883.01,14654992.93,16162997.78,7547051.37,1000313
[status] PUB sent=1214050 tps=5080 (pubs=10) | SUB recv=121333473 itps=998891.93 p99=11.42ms conn=67567615/8232655.07,4417995.58,121333473,1000,1000,1000,0,0,0,0,0,0,6959511.94,14375249.56,15659822.92,7453614.75,998803
[status] PUB sent=1224270 tps=5080 (pubs=10) | SUB recv=122426000 itps=92117.40 p99=11.40ms conn=67567615/8227860.12,4412930.92,122426000,1000,1000,1000,0,0,0,0,0,0,6453201.75,15431636.42,16364361.29,6879373.19,92109
[status] PUB sent=1224470 tps=5060 (pubs=10) | SUB recv=122446000 itps=19995.82 p99=11.40ms conn=67567615/8226887.05,4413248.80,122446000,1000,1000,1000,0,0,0,0,0,0,2274815,3750911,4054015,2270451.90,20000
[status] PUB sent=1224670 tps=5040 (pubs=10) | SUB recv=122466000 itps=20005.61 p99=11.40ms conn=67567615/8225918.92,4413560.46,122466000,1000,1000,1000,0,0,0,0,0,0,2305023,3807435.80,4054629.40,2298723.12,20000
[status] PUB sent=1224870 tps=5020 (pubs=10) | SUB recv=122486000 itps=19998.45 p99=11.39ms conn=67567615/8224950.09,4413874.03,122486000,1000,1000,1000,0,0,0,0,0,0,2289970.20,3806207,4508261.40,2292534.96,20000
[status] PUB sent=1225070 tps=5000 (pubs=10) | SUB recv=122506000 itps=19998.76 p99=11.39ms conn=67567615/8223988.44,4414179.38,122506000,1000,1000,1000,0,0,0,0,0,0,2335435.80,3893656.60,4243250.20,2334548.03,20000
[status] PUB sent=1225270 tps=4981 (pubs=10) | SUB recv=122526000 itps=20000.58 p99=11.39ms conn=67567615/8223034.58,4414475.55,122526000,1000,1000,1000,0,0,0,0,0,0,2380696.60,3989093.40,4538571.80,2380389.06,20000
[status] PUB sent=1225670 tps=4942 (pubs=10) | SUB recv=122566000 itps=19998.16 p99=11.39ms conn=67567615/8221118.85,4415077.58,122566000,1000,1000,1000,0,0,0,0,0,0,2339736.60,3954072.60,4963531.80,2358397.07,20000
[status] PUB sent=1225870 tps=4923 (pubs=10) | SUB recv=122586000 itps=20000.88 p99=11.39ms conn=67567615/8220162.59,4415375.74,122586000,1000,1000,1000,0,0,0,0,0,0,2359602.20,3919871,4476107.80,2359901.63,20000
[status] PUB sent=1226070 tps=4904 (pubs=10) | SUB recv=122606000 itps=19998.49 p99=11.38ms conn=67567615/8219189.46,4415693.93,122606000,1000,1000,1000,0,0,0,0,0,0,2258328.60,3753163.80,4094360.60,2254594.41,20000
[status] PUB sent=1226270 tps=4886 (pubs=10) | SUB recv=122626000 itps=20000.40 p99=11.38ms conn=67567615/8218222.43,4416004.19,122626000,1000,1000,1000,0,0,0,0,0,0,2293656.60,3776920.60,4221746.20,2290038.60,20000
[status] PUB sent=1226470 tps=4867 (pubs=10) | SUB recv=122646000 itps=20000.25 p99=11.38ms conn=67567615/8217250.60,4416320.55,122646000,1000,1000,1000,0,0,0,0,0,0,2262219.80,3762175,4035992.60,2258680.27,20000
[status] PUB sent=1226670 tps=4848 (pubs=10) | SUB recv=122666000 itps=19999.03 p99=11.38ms conn=67567615/8216280.87,4416634.67,122666000,1000,1000,1000,0,0,0,0,0,0,2274610.20,3759922.20,4057701.40,2269585.24,20000
[status] PUB sent=1227070 tps=4812 (pubs=10) | SUB recv=122706000 itps=19998.70 p99=11.37ms conn=67567615/8214344.05,4417260.42,122706000,1000,1000,1000,0,0,0,0,0,0,2270616.60,3772415,4072242.20,2266691.35,20000
[status] PUB sent=1227270 tps=4794 (pubs=10) | SUB recv=122726000 itps=20002.46 p99=11.37ms conn=67567615/8213374.32,4417574.95,122726000,1000,1000,1000,0,0,0,0,0,0,2270616.60,3749682.20,3989298.20,2263812.42,20000
[status] PUB sent=1227470 tps=4776 (pubs=10) | SUB recv=122746000 itps=19998.77 p99=11.37ms conn=67567615/8212405.43,4417888.06,122746000,1000,1000,1000,0,0,0,0,0,0,2267135,3782040.60,4158872.60,2266968.54,20000
[status] PUB sent=1227670 tps=4758 (pubs=10) | SUB recv=122766000 itps=19999.57 p99=11.37ms conn=67567615/8211456.86,4418178.16,122766000,1000,1000,1000,0,0,0,0,0,0,2390936.60,3993803.80,4474879,2389829.81,20000
[status] PUB sent=1227870 tps=4741 (pubs=10) | SUB recv=122786000 itps=19999.38 p99=11.37ms conn=67567615/8210492.19,4418487.70,122786000,1000,1000,1000,0,0,0,0,0,0,2294885.40,3802930.20,4176075.80,2289051.68,20000
[status] PUB sent=1228070 tps=4723 (pubs=10) | SUB recv=122806000 itps=20000.43 p99=11.36ms conn=67567615/8209535.77,4418787.05,122806000,1000,1000,1000,0,0,0,0,0,0,2335128.60,3906149.40,4492287,2337786.31,20000
[status] PUB sent=1228470 tps=4689 (pubs=10) | SUB recv=122846000 itps=20004.01 p99=11.36ms conn=67567615/8207631.47,4419376.28,122846000,1000,1000,1000,0,0,0,0,0,0,2386226.20,3928063,4513176.60,2382017.44,20000
[status] PUB sent=1228670 tps=4672 (pubs=10) | SUB recv=122866000 itps=19998.15 p99=11.36ms conn=67567615/8206675.63,4419674.80,122866000,1000,1000,1000,0,0,0,0,0,0,2337791,3881163.80,4143307.80,2335607.83,20000
[status] PUB sent=1228870 tps=4655 (pubs=10) | SUB recv=122886000 itps=20000.14 p99=11.36ms conn=67567615/8205712.93,4419982.08,122886000,1000,1000,1000,0,0,0,0,0,0,2295807,3823205.40,4110130.20,2291590.07,20000
[status] PUB sent=1229070 tps=4638 (pubs=10) | SUB recv=122906000 itps=19998.55 p99=11.36ms conn=67567615/8204750.53,4420288.25,122906000,1000,1000,1000,0,0,0,0,0,0,2291096.60,3820133.40,4204952.60,2291437.35,20000
[status] PUB sent=1229270 tps=4621 (pubs=10) | SUB recv=122926000 itps=20003.18 p99=11.35ms conn=67567615/8203801.05,4420580.48,122926000,1000,1000,1000,0,0,0,0,0,0,2366975,3950386.20,4594891.80,2369022.93,20000
[status] PUB sent=1229470 tps=4605 (pubs=10) | SUB recv=122946000 itps=19999.47 p99=11.35ms conn=67567615/8202846.29,4420877.85,122946000,1000,1000,1000,0,0,0,0,0,0,2335435.80,3890789.40,4235058.20,2334589.14,20000
[status] PUB sent=1229870 tps=4572 (pubs=10) | SUB recv=122986000 itps=19998.67 p99=11.35ms conn=67567615/8200947.33,4421464.20,122986000,1000,1000,1000,0,0,0,0,0,0,2364107.80,3911269.40,4406680.60,2359654.25,20000
[status] PUB sent=1230070 tps=4556 (pubs=10) | SUB recv=123006000 itps=20001.29 p99=11.35ms conn=67567615/8199993.31,4421762.64,123006000,1000,1000,1000,0,0,0,0,0,0,2334411.80,3893861.40,4221746.20,2333429.33,20000
[status] PUB sent=1230270 tps=4540 (pubs=10) | SUB recv=123026000 itps=19999.55 p99=11.34ms conn=67567615/8199037.32,4422062.52,123026000,1000,1000,1000,0,0,0,0,0,0,2320997.40,3850648.60,4136549.40,2319399.31,20000
[status] PUB sent=1230470 tps=4524 (pubs=10) | SUB recv=123046000 itps=20001.17 p99=11.34ms conn=67567615/8198081.47,4422361.32,123046000,1000,1000,1000,0,0,0,0,0,0,2317106.20,3846347.80,4160715.80,2318361.11,20000
[status] PUB sent=1230670 tps=4508 (pubs=10) | SUB recv=123066000 itps=19999.83 p99=11.34ms conn=67567615/8197130.23,4422656.15,123066000,1000,1000,1000,0,0,0,0,0,0,2346187.80,3937483.80,4309810.20,2344835.71,20000
[status] PUB sent=1231050 tps=4478 (pubs=10) | SUB recv=123086000 itps=19998.09 p99=11.34ms conn=67567615/8196169.56,4422962.52,123086000,1000,1000,1000,0,0,0,0,0,0,2288536.60,3854130.20,4169727,2284839.86,20000
[status] PUB sent=1231270 tps=4461 (pubs=10) | SUB recv=123126000 itps=19998.75 p99=11.33ms conn=67567615/8194252.64,4423570.32,123126000,1000,1000,1000,0,0,0,0,0,0,2302360.60,3845938.20,4160306.20,2301175.98,20000
[status] PUB sent=1231470 tps=4446 (pubs=10) | SUB recv=123146000 itps=19998.10 p99=11.33ms conn=67567615/8193299.07,4423868.34,123146000,1000,1000,1000,0,0,0,0,0,0,2325298.20,3870923.80,4143512.60,2322839.58,20000
[status] PUB sent=1231670 tps=4430 (pubs=10) | SUB recv=123166000 itps=20000 p99=11.33ms conn=67567615/8192343.73,4424168.83,123166000,1000,1000,1000,0,0,0,0,0,0,2313727,3871743,4164607,2310044.20,20000
[status] PUB sent=1231870 tps=4415 (pubs=10) | SUB recv=123186000 itps=19999.72 p99=11.33ms conn=67567615/8191392.41,4424464.85,123186000,1000,1000,1000,0,0,0,0,0,0,2331544.60,3880959,4397055,2332883.28,20000
[status] PUB sent=1232070 tps=4400 (pubs=10) | SUB recv=123206000 itps=20001.91 p99=11.33ms conn=67567615/8190436.86,4424766.00,123206000,1000,1000,1000,0,0,0,0,0,0,2302360.60,3862527,4192050.20,2304917.35,20000
[status] PUB sent=1232470 tps=4370 (pubs=10) | SUB recv=123226000 itps=19999.06 p99=11.33ms conn=67567615/8189485.94,4425061.08,123226000,1000,1000,1000,0,0,0,0,0,0,2329189.40,3918437.40,4288920.60,2331536.56,20000
[status] PUB sent=1232670 tps=4356 (pubs=10) | SUB recv=123266000 itps=20000.85 p99=11.32ms conn=67567615/8187571.95,4425666.77,123266000,1000,1000,1000,0,0,0,0,0,0,2307992.60,3868261.40,4230347.80,2304272.59,20000
[status] PUB sent=1232870 tps=4341 (pubs=10) | SUB recv=123286000 itps=19995.07 p99=11.32ms conn=67567615/8186621.83,4425960.33,123286000,1000,1000,1000,0,0,0,0,0,0,2324376.60,3900005.40,4408523.80,2330741.77,20000
[status] PUB sent=1233070 tps=4327 (pubs=10) | SUB recv=123306000 itps=20006.15 p99=11.32ms conn=67567615/8185666.49,4426258.60,123306000,1000,1000,1000,0,0,0,0,0,0,2295192.60,3813989.40,4255743,2296701.65,20000
[status] PUB sent=1233270 tps=4312 (pubs=10) | SUB recv=123326000 itps=19997.63 p99=11.32ms conn=67567615/8184693.12,4426579.22,123326000,1000,1000,1000,0,0,0,0,0,0,2183986.20,3632127,3938507.80,2183548.72,20000
[status] PUB sent=1233470 tps=4298 (pubs=10) | SUB recv=123346000 itps=19999.93 p99=11.31ms conn=67567615/8183751.14,4426865.84,123346000,1000,1000,1000,0,0,0,0,0,0,2329701.40,4096613.40,5754879,2375237.41,20000
[status] PUB sent=1233870 tps=4270 (pubs=10) | SUB recv=123382000 itps=15997.81 p99=11.31ms conn=67567615/8182072.14,4427367.12,123382000,1000,1000,1000,0,0,0,0,0,0,2376959,3919871,4300799,2372698.38,16000
[status] PUB sent=1234070 tps=4255 (pubs=10) | SUB recv=123406000 itps=20001.51 p99=11.31ms conn=67567615/8180920.17,4427731.64,123406000,1000,1000,1000,0,0,0,0,0,0,2282904.60,3823410.20,4337867.80,2287378.55,20000
[status] PUB sent=1234270 tps=4242 (pubs=10) | SUB recv=123426000 itps=19998.24 p99=11.31ms conn=67567615/8179981.37,4428012.54,123426000,1000,1000,1000,0,0,0,0,0,0,2380799,4014693.40,4472011.80,2387298.34,20000
[status] PUB sent=1234470 tps=4228 (pubs=10) | SUB recv=123446000 itps=20001.62 p99=11.31ms conn=67567615/8179030.09,4428307.47,123446000,1000,1000,1000,0,0,0,0,0,0,2307787.80,3838155.80,4159896.60,2308368.61,20000
[status] PUB sent=1234670 tps=4214 (pubs=10) | SUB recv=123466000 itps=19998.39 p99=11.30ms conn=67567615/8178084.84,4428595.93,123466000,1000,1000,1000,0,0,0,0,0,0,2348747.80,3890584.60,4244479,2343746.16,20000
[status] PUB sent=1234870 tps=4200 (pubs=10) | SUB recv=123486000 itps=19999.96 p99=11.30ms conn=67567615/8177141.48,4428884.15,123486000,1000,1000,1000,0,0,0,0,0,0,2335231,4001381.40,4789247,2353458.28,20000
[status] PUB sent=1235270 tps=4173 (pubs=10) | SUB recv=123526000 itps=19998.64 p99=11.30ms conn=67567615/8175235.47,4429479.54,123526000,1000,1000,1000,0,0,0,0,0,0,2301643.80,3845528.60,4089855,2296649.13,20000
[status] PUB sent=1235470 tps=4160 (pubs=10) | SUB recv=123546000 itps=20003.18 p99=11.30ms conn=67567615/8174284.48,4429775.60,123546000,1000,1000,1000,0,0,0,0,0,0,2298981.40,3907173.40,4223794.20,2300665.92,20000
[status] PUB sent=1235670 tps=4147 (pubs=10) | SUB recv=123566000 itps=19997.52 p99=11.29ms conn=67567615/8173334.62,4430069.77,123566000,1000,1000,1000,0,0,0,0,0,0,2309016.60,3836927,4161535,2305804.47,20000
[status] PUB sent=1235870 tps=4133 (pubs=10) | SUB recv=123586000 itps=20000.88 p99=11.29ms conn=67567615/8172388.50,4430358.40,123586000,1000,1000,1000,0,0,0,0,0,0,2326731.80,3897138.20,4229733.40,2326951.49,20000
[status] PUB sent=1236070 tps=4120 (pubs=10) | SUB recv=123606000 itps=20001.11 p99=11.29ms conn=67567615/8171443.81,4430646.72,123606000,1000,1000,1000,0,0,0,0,0,0,2328267.80,3903077.40,4487371.80,2333930.28,20000
[status] PUB sent=1236270 tps=4107 (pubs=10) | SUB recv=123626000 itps=19998.79 p99=11.29ms conn=67567615/8170502.89,4430929.77,123626000,1000,1000,1000,0,0,0,0,0,0,2359397.40,3936459.80,4223179.80,2355314.20,20000
[status] PUB sent=1236670 tps=4081 (pubs=10) | SUB recv=123666000 itps=19998.56 p99=11.28ms conn=67567615/8168606.66,4431515.13,123666000,1000,1000,1000,0,0,0,0,0,0,2292837.40,3871333.40,4196555.80,2294683.91,20000
[status] PUB sent=1236870 tps=4069 (pubs=10) | SUB recv=123686000 itps=19999.80 p99=11.28ms conn=67567615/8167653.44,4431813.33,123686000,1000,1000,1000,0,0,0,0,0,0,2275122.20,3796581.40,4101119,2273566.71,20000
[status] PUB sent=1237070 tps=4056 (pubs=10) | SUB recv=123706000 itps=20001.73 p99=11.28ms conn=67567615/8166707.68,4432102.81,123706000,1000,1000,1000,0,0,0,0,0,0,2314239,3898981.40,4354251.80,2317860.47,20000
[status] PUB sent=1237270 tps=4043 (pubs=10) | SUB recv=123726000 itps=19994.65 p99=11.28ms conn=67567615/8165766.70,4432387.59,123726000,1000,1000,1000,0,0,0,0,0,0,2334821.40,3954277.40,4496997.40,2345494.46,20000
[status] PUB sent=1237470 tps=4031 (pubs=10) | SUB recv=123746000 itps=20002.02 p99=11.28ms conn=67567615/8164822.17,4432676.10,123746000,1000,1000,1000,0,0,0,0,0,0,2324786.20,3894475.80,4293835.80,2321703.19,20000
[status] PUB sent=1237870 tps=4006 (pubs=10) | SUB recv=123766000 itps=19999.26 p99=11.28ms conn=67567615/8163878.21,4432963.83,123766000,1000,1000,1000,0,0,0,0,0,0,2327039,3871128.60,4211915.80,2323285.53,20000
[status] PUB sent=1238070 tps=3994 (pubs=10) | SUB recv=123806000 itps=19994.04 p99=11.27ms conn=67567615/8161993.18,4433534.23,123806000,1000,1000,1000,0,0,0,0,0,0,2312293.40,3898571.80,4257381.40,2310160.42,20000
[status] PUB sent=1238270 tps=3982 (pubs=10) | SUB recv=123826000 itps=19999.64 p99=11.27ms conn=67567615/8161050.65,4433819.26,123826000,1000,1000,1000,0,0,0,0,0,0,2326527,3877272.60,4228504.60,2326534.98,20000
[status] PUB sent=1238470 tps=3970 (pubs=10) | SUB recv=123846000 itps=20000.04 p99=11.27ms conn=67567615/8160108.17,4434105.18,123846000,1000,1000,1000,0,0,0,0,0,0,2326322.20,3866008.60,4176895,2324915.39,20000
[status] PUB sent=1238670 tps=3957 (pubs=10) | SUB recv=123866000 itps=20000.96 p99=11.27ms conn=67567615/8159167.37,4434389.97,123866000,1000,1000,1000,0,0,0,0,0,0,2338507.80,3898367,4293426.20,2333448.95,20000
[status] PUB sent=1238870 tps=3946 (pubs=10) | SUB recv=123886000 itps=19999.47 p99=11.26ms conn=67567615/8158223.33,4434678.38,123886000,1000,1000,1000,0,0,0,0,0,0,2314443.80,3887103,4237925.40,2311465.19,20000
[status] PUB sent=1239270 tps=3922 (pubs=10) | SUB recv=123926000 itps=20003.33 p99=11.26ms conn=67567615/8156336.12,4435254.44,123926000,1000,1000,1000,0,0,0,0,0,0,2330111,3892223,4201880.60,2326381.45,20000
[status] PUB sent=1239470 tps=3910 (pubs=10) | SUB recv=123946000 itps=19998.24 p99=11.26ms conn=67567615/8155396.74,4435536.76,123946000,1000,1000,1000,0,0,0,0,0,0,2333695,3899800.60,4231167,2334661.38,20000
[status] PUB sent=1239670 tps=3898 (pubs=10) | SUB recv=123966000 itps=20004.09 p99=11.26ms conn=67567615/8154463.30,4435812.24,123966000,1000,1000,1000,0,0,0,0,0,0,2375679,3991346.20,4335205.40,2369659.90,20000
[status] PUB sent=1239870 tps=3887 (pubs=10) | SUB recv=123986000 itps=19994.22 p99=11.26ms conn=67567615/8153528.07,4436090.46,123986000,1000,1000,1000,0,0,0,0,0,0,2356427.80,3940351,4290968.60,2356737.14,20000
[status] PUB sent=1240070 tps=3875 (pubs=10) | SUB recv=124006000 itps=20000.18 p99=11.25ms conn=67567615/8152581.08,4436383.86,124006000,1000,1000,1000,0,0,0,0,0,0,2284133.40,3854539.80,4189592.60,2281867.49,20000
[status] PUB sent=1240470 tps=3852 (pubs=10) | SUB recv=124026000 itps=20000.83 p99=11.25ms conn=67567615/8151661.30,4436648.89,124026000,1000,1000,1000,0,0,0,0,0,0,2406194.20,4181605.40,5710027.80,2448800.31,20000
[status] PUB sent=1240670 tps=3841 (pubs=10) | SUB recv=124066000 itps=20000.76 p99=11.25ms conn=67567615/8149771.63,4437226.65,124066000,1000,1000,1000,0,0,0,0,0,0,2322123.80,3841227.80,4474059.80,2322459.44,20000
[status] PUB sent=1240870 tps=3830 (pubs=10) | SUB recv=124086000 itps=19997.33 p99=11.25ms conn=67567615/8148852.09,4437489.00,124086000,1000,1000,1000,0,0,0,0,0,0,2421144.60,4185701.40,5123275.80,2444699.31,20000
[status] PUB sent=1241070 tps=3819 (pubs=10) | SUB recv=124106000 itps=19999.98 p99=11.24ms conn=67567615/8147916.65,4437765.89,124106000,1000,1000,1000,0,0,0,0,0,0,2349567,3918642.20,4224613.40,2344165.00,20000
[status] PUB sent=1241270 tps=3808 (pubs=10) | SUB recv=124126000 itps=20005.16 p99=11.24ms conn=67567615/8146984.48,4438039.58,124126000,1000,1000,1000,0,0,0,0,0,0,2369330.20,3920280.60,4225842.20,2362574.81,20000
[status] PUB sent=1241470 tps=3797 (pubs=10) | SUB recv=124146000 itps=19998.14 p99=11.24ms conn=67567615/8146046.45,4438320.87,124146000,1000,1000,1000,0,0,0,0,0,0,2314239,3948952.60,4558232.60,2324375.18,20000
[status] PUB sent=1241870 tps=3775 (pubs=10) | SUB recv=124186000 itps=19996.63 p99=11.24ms conn=67567615/8144151.47,4438903.44,124186000,1000,1000,1000,0,0,0,0,0,0,2272050.20,3768319,4045823,2268363.19,20000
[status] PUB sent=1242070 tps=3764 (pubs=10) | SUB recv=124206000 itps=19999.60 p99=11.24ms conn=67567615/8143210.28,4439188.62,124206000,1000,1000,1000,0,0,0,0,0,0,2290175,3902667.80,4628274.20,2299095.54,20000
[status] PUB sent=1262070 tps=3813 (pubs=10) | SUB recv=126057845 itps=1852357.66 p99=11.39ms conn=67567615/8179142.94,4479201.91,126057844,1000,1000,1000,0,0,0,0,0,0,11200644.33,18876988.34,31000413.94,10589201.42,1851844
[status] PUB sent=1282090 tps=3862 (pubs=10) | SUB recv=128053458 itps=1994983.11 p99=11.55ms conn=67567615/8206627.06,4496745.56,128053458,1000,1000,1000,0,0,0,0,0,0,10411742.41,17258329.76,19133286.46,9942728.79,1995614
[status] PUB sent=1302090 tps=3910 (pubs=10) | SUB recv=130057405 itps=2003959.02 p99=11.71ms conn=67567615/8231189.00,4512304.43,130057405,1000,1000,1000,0,0,0,0,0,0,10139493.08,16984174.42,18507229.79,9800711.96,2003947
[status] PUB sent=1342090 tps=4006 (pubs=10) | SUB recv=132061383 itps=2004381.87 p99=11.85ms conn=67567615/8260966.36,4533432.74,132061383,1000,1000,1000,0,0,0,0,0,0,10439588.45,17740803.48,21354577.44,10193505.72,2003978
[status] PUB sent=1362090 tps=4054 (pubs=10) | SUB recv=136058971 itps=1999241.74 p99=12.10ms conn=67567615/8308603.65,4562767.35,136058971,1000,1000,1000,0,0,0,0,0,0,9912083.01,17143814.55,18819230.31,9938190.51,1999101
[status] PUB sent=1382070 tps=4101 (pubs=10) | SUB recv=138058960 itps=1999984.94 p99=12.19ms conn=67567615/8322721.31,4572455.51,138058960,1000,1000,1000,0,0,0,0,0,0,9427771.97,16502084.85,17950670.95,9283143.21,1999989
[status] PUB sent=1402090 tps=4148 (pubs=10) | SUB recv=140060152 itps=2001192.40 p99=12.24ms conn=67567615/8337781.69,4580733.82,140060151,1000,1000,1000,0,0,0,0,0,0,9283223.74,17037488.23,18780612.39,9376773.32,2001191
[status] PUB sent=1422090 tps=4195 (pubs=10) | SUB recv=142061562 itps=2001746.67 p99=12.30ms conn=67567615/8353871.49,4590152.36,142061562,1000,1000,1000,0,0,0,0,0,0,9359061.72,17157253.40,18809222.21,9479846.86,2001411
[status] PUB sent=1452090 tps=4265 (pubs=10) | SUB recv=144056781 itps=1994973.98 p99=12.35ms conn=67567615/8374208.82,4602087.58,144056781,1000,1000,1000,0,0,0,0,0,0,9687576.56,17879685.36,20069344.63,9822247.06,1995219
[status] PUB sent=1482090 tps=4334 (pubs=10) | SUB recv=148060865 itps=1998767.58 p99=12.45ms conn=67567615/8420171.60,4626681.84,148060865,1000,1000,1000,0,0,0,0,0,0,9595251.70,18120416.80,20220963.77,10087412.23,1999005
[status] PUB sent=1502070 tps=4379 (pubs=10) | SUB recv=150059548 itps=1999080.37 p99=12.50ms conn=67567615/8437889.85,4638716.95,150059548,1000,1000,1000,0,0,0,0,0,0,10029624.83,17674649.27,20434229.86,9750444.24,1998683
[status] PUB sent=1522090 tps=4425 (pubs=10) | SUB recv=152059854 itps=2000704.08 p99=12.55ms conn=67567615/8455512.87,4649020.69,152059854,1000,1000,1000,0,0,0,0,0,0,9724917.80,17492464.27,19404700.07,9777561.93,2000306
[status] PUB sent=1542090 tps=4470 (pubs=10) | SUB recv=154059599 itps=1998948.35 p99=12.60ms conn=67567615/8482812.62,4666149.22,154059599,1000,1000,1000,0,0,0,0,0,0,9784794.59,19166435.92,22445241.78,10558674.86,1999745
[status] PUB sent=1562090 tps=4515 (pubs=10) | SUB recv=156060343 itps=2001141.72 p99=12.65ms conn=67567615/8505471.37,4682930.29,156060337,1000,1000,1000,0,0,0,0,0,0,10823640.15,18357932.96,23101818.71,10250226.89,2000738
[status] PUB sent=1602090 tps=4604 (pubs=10) | SUB recv=160059445 itps=2000672.89 p99=12.75ms conn=67567615/8551724.12,4718542.58,160059445,1000,1000,1000,0,0,0,0,0,0,9617744.21,18431808.65,23926722.01,10059798.05,2000716
[status] PUB sent=1622090 tps=4648 (pubs=10) | SUB recv=162057894 itps=1998377.26 p99=12.79ms conn=67567615/8567291.41,4728367.39,162057894,1000,1000,1000,0,0,0,0,0,0,10266109.54,17512441.32,20477302.48,9814103.75,1998449
[status] PUB sent=1642090 tps=4692 (pubs=10) | SUB recv=164050880 itps=1993176.41 p99=12.83ms conn=67567615/8588253.38,4739444.10,164050880,1000,1000,1000,0,0,0,0,0,0,10328242.04,18171746.70,20108740.40,10292757.95,1992986
[status] PUB sent=1662090 tps=4735 (pubs=10) | SUB recv=166055455 itps=2004822.56 p99=12.86ms conn=67567615/8605033.45,4750012.39,166055453,1000,1000,1000,0,0,0,0,0,0,9968578.97,18072682.98,21958341.44,9978285.87,2004573
[status] PUB sent=1682090 tps=4779 (pubs=10) | SUB recv=168060009 itps=2003986.24 p99=12.90ms conn=67567615/8624220.77,4762207.79,168060009,1000,1000,1000,0,0,0,0,0,0,10162986.56,18365653.25,21596837.18,10213679.31,2004556
[status] PUB sent=1722090 tps=4865 (pubs=10) | SUB recv=172057434 itps=1998527.47 p99=12.98ms conn=67567615/8658084.56,4782156.14,172057434,1000,1000,1000,0,0,0,0,0,0,10550009.73,17685959.63,20925451.69,10146669.79,1998701
[status] PUB sent=1742090 tps=4907 (pubs=10) | SUB recv=174061042 itps=2003375.62 p99=13.02ms conn=67567615/8677561.78,4798472.47,174061042,1000,1000,1000,0,0,0,0,0,0,11195061.74,18387658.47,26308839.77,10350144.00,2003608
[status] PUB sent=1762090 tps=4950 (pubs=10) | SUB recv=176059408 itps=1998519.09 p99=13.05ms conn=67567615/8686280.78,4803187.32,176059408,1000,1000,1000,0,0,0,0,0,0,9824615.25,16684888.97,18337529.94,9445721.01,1998366
[status] PUB sent=1782090 tps=4992 (pubs=10) | SUB recv=178057753 itps=1998453.95 p99=13.08ms conn=67567615/8697846.63,4809223.20,178057753,1000,1000,1000,0,0,0,0,0,0,9766240.85,17280917.20,19112329.93,9716827.52,1998345
[status] PUB sent=1802090 tps=5034 (pubs=10) | SUB recv=180062357 itps=2004852.09 p99=13.10ms conn=67567615/8711489.67,4815605.07,180062353,1000,1000,1000,0,0,0,0,0,0,9893192.14,17347262.82,19515088.46,9923327.22,2004600
[status] PUB sent=1842090 tps=5117 (pubs=10) | SUB recv=184057641 itps=1995054.49 p99=13.16ms conn=67567615/8737595.95,4830099.63,184057641,1000,1000,1000,0,0,0,0,0,0,9864924.86,17184580.71,18667236.75,9769651.21,1994961
[status] PUB sent=1862090 tps=5158 (pubs=10) | SUB recv=186057594 itps=2000192.47 p99=13.18ms conn=67567615/8747466.92,4836617.52,186057594,1000,1000,1000,0,0,0,0,0,0,10426401.18,17015799.88,20534747.80,9655902.19,1999953
[status] PUB sent=1882090 tps=5199 (pubs=10) | SUB recv=188057501 itps=1999999.06 p99=13.21ms conn=67567615/8757099.34,4841869.67,188057500,1000,1000,1000,0,0,0,0,0,0,10259845.97,17100917.74,19723871.02,9653233.59,1999906
[status] PUB sent=1902090 tps=5240 (pubs=10) | SUB recv=190060650 itps=2003283.43 p99=13.23ms conn=67567615/8771882.43,4848872.87,190060650,1000,1000,1000,0,0,0,0,0,0,10031177.27,17996671.47,20070697.95,10159731.68,2003150
[status] PUB sent=1922090 tps=5280 (pubs=10) | SUB recv=192057799 itps=1996839.12 p99=13.25ms conn=67567615/8784615.20,4853706.45,192057799,1000,1000,1000,0,0,0,0,0,0,9578748.18,17775201.33,19823116.54,9996342.40,1997149
[status] PUB sent=1962090 tps=5361 (pubs=10) | SUB recv=195859588 itps=1801395.63 p99=13.30ms conn=67567615/8824536.51,4882500.37,195859588,1000,1000,1000,0,0,0,0,0,0,10758554.62,19442704.41,23349271.41,10750995.88,1801413
[status] PUB sent=1982090 tps=5401 (pubs=10) | SUB recv=198059765 itps=2000954.49 p99=13.31ms conn=67567615/8833777.84,4887468.60,198059765,1000,1000,1000,0,0,0,0,0,0,9952317.69,17176490.32,18791338.04,9570941.64,2001157
[status] PUB sent=2002090 tps=5440 (pubs=10) | SUB recv=200058668 itps=1998798.22 p99=13.33ms conn=67567615/8852087.57,4902647.61,200058668,1000,1000,1000,0,0,0,0,0,0,10112323.49,20055542.65,27563994.28,10666292.43,1998903
[status] PUB sent=2022090 tps=5480 (pubs=10) | SUB recv=202061241 itps=2002318.54 p99=13.35ms conn=67567615/8865825.03,4908713.67,202061241,1000,1000,1000,0,0,0,0,0,0,9894166.59,18395383.44,20300778.61,10238208.94,2002573
[status] PUB sent=2042090 tps=5519 (pubs=10) | SUB recv=204060057 itps=1999371.68 p99=13.37ms conn=67567615/8877835.69,4913388.33,204060057,1000,1000,1000,0,0,0,0,0,0,9590523.97,18412472.24,20984910.79,10091999.08,1998816
[status] PUB sent=2082090 tps=5597 (pubs=10) | SUB recv=206061467 itps=2001244.80 p99=13.38ms conn=67567615/8884221.70,4915060.18,206061467,1000,1000,1000,0,0,0,0,0,0,9259312.36,17236183.21,19119825.68,9535326.73,2001410
[status] PUB sent=2102090 tps=5636 (pubs=10) | SUB recv=210057602 itps=1998164 p99=13.39ms conn=67567615/8900534.10,4920527.63,210057601,1000,1000,1000,0,0,0,0,0,0,9361520.10,17514093.40,19598705.30,9624915.25,1997526
[status] PUB sent=2122090 tps=5674 (pubs=10) | SUB recv=212055508 itps=1997692.09 p99=13.41ms conn=67567615/8906894.21,4923382.22,212055508,1000,1000,1000,0,0,0,0,0,0,9510974.72,17036824.24,18497346.49,9575589.20,1997907
[status] PUB sent=2142090 tps=5712 (pubs=10) | SUB recv=214057267 itps=2001422.57 p99=13.42ms conn=67567615/8915938.78,4927138.49,214057267,1000,1000,1000,0,0,0,0,0,0,9951607.92,17490158.80,19317922.31,9874071.56,2001759
[status] PUB sent=2162090 tps=5750 (pubs=10) | SUB recv=216056778 itps=1999765.90 p99=13.44ms conn=67567615/8926832.91,4931726.98,216056778,1000,1000,1000,0,0,0,0,0,0,10030932.44,17744290.48,19659128.16,10093101.89,1999511
[status] PUB sent=2202090 tps=5826 (pubs=10) | SUB recv=218057384 itps=2000411.01 p99=13.46ms conn=67567615/8935679.64,4934906.27,218057384,1000,1000,1000,0,0,0,0,0,0,10338371.82,17406680.52,19350212.96,9891088.35,2000606
[status] PUB sent=2222090 tps=5863 (pubs=10) | SUB recv=222059487 itps=2000773.90 p99=13.48ms conn=67567615/8950401.88,4941822.76,222059487,1000,1000,1000,0,0,0,0,0,0,9651179.85,17734527.14,21465804.42,9739365.91,2001048
[status] PUB sent=2242090 tps=5900 (pubs=10) | SUB recv=224061413 itps=2001424.19 p99=13.50ms conn=67567615/8964847.35,4957106.62,224061413,1000,1000,1000,0,0,0,0,0,0,11476625.76,19844892.50,29585185.61,10567181.53,2001926
[status] PUB sent=2262090 tps=5937 (pubs=10) | SUB recv=226058253 itps=1997105 p99=13.51ms conn=67567615/8969736.82,4959042.30,226058253,1000,1000,1000,0,0,0,0,0,0,9922844.85,16738122.31,18327040.39,9518373.53,1996840
[status] PUB sent=2282090 tps=5974 (pubs=10) | SUB recv=228060831 itps=2002775.05 p99=13.52ms conn=67567615/8979128.00,4965477.56,228060831,1000,1000,1000,0,0,0,0,0,0,10825675.71,17720462.03,23680838.22,10039238.77,2002578
[status] PUB sent=2322090 tps=6047 (pubs=10) | SUB recv=230058301 itps=1997563.07 p99=13.54ms conn=141164543/9030813.39,5293244.40,230058301,1000,1000,1000,0,0,0,0,0,0,11882078.47,60450521.20,99856102.24,14931984.79,1997470
[status] PUB sent=2342090 tps=6083 (pubs=10) | SUB recv=234057390 itps=2000892.28 p99=13.57ms conn=141164543/9045087.87,5292772.48,234057390,1000,1000,1000,0,0,0,0,0,0,9744105.19,16997435.13,18673769.70,9617927.28,2000485
[status] PUB sent=2362090 tps=6119 (pubs=10) | SUB recv=236058992 itps=2001279.14 p99=13.57ms conn=141164543/9049379.83,5291882.10,236058992,1000,1000,1000,0,0,0,0,0,0,9693697.24,17174935.95,19207956.55,9551259.35,2001602
[status] PUB sent=2382090 tps=6155 (pubs=10) | SUB recv=238063563 itps=2004454.87 p99=13.58ms conn=141164543/9057691.80,5292619.02,238063563,1000,1000,1000,0,0,0,0,0,0,9772931.81,17994492.30,20039242.77,10036512.25,2004571
[status] PUB sent=2402090 tps=6191 (pubs=10) | SUB recv=240059094 itps=1995553.93 p99=13.59ms conn=141164543/9062422.15,5291938.41,240059094,1000,1000,1000,0,0,0,0,0,0,9636404.06,17227306.15,19308811.60,9626746.06,1995531
[status] PUB sent=2442090 tps=6262 (pubs=10) | SUB recv=243263420 itps=1199610.69 p99=13.62ms conn=141164543/9079563.70,5298032.38,243263420,1000,1000,1000,0,0,0,0,0,0,11000140.77,18481274.74,25208399.44,10521428.33,1199580
[status] PUB sent=2462090 tps=6297 (pubs=10) | SUB recv=246057619 itps=1998894.11 p99=13.63ms conn=141164543/9087683.09,5299769.54,246057619,1000,1000,1000,0,0,0,0,0,0,9839139.55,17090693.09,18815534.19,9654714.12,1998219
[status] PUB sent=2482090 tps=6332 (pubs=10) | SUB recv=248059523 itps=2001682.68 p99=13.64ms conn=141164543/9092880.05,5299107.78,248059523,1000,1000,1000,0,0,0,0,0,0,9934081.95,17185016.25,18943507.39,9731647.07,2001904
[status] PUB sent=2502090 tps=6367 (pubs=10) | SUB recv=250056471 itps=1997011.56 p99=13.65ms conn=141164543/9105835.29,5303735.20,250056471,1000,1000,1000,0,0,0,0,0,0,10494214.96,19111449.36,23778640.72,10715126.69,1996948
[status] PUB sent=2522090 tps=6401 (pubs=10) | SUB recv=252054419 itps=1998142.43 p99=13.67ms conn=141164543/9117456.27,5306860.32,252054419,1000,1000,1000,0,0,0,0,0,0,10369504.65,18719039.59,21415756.86,10571899.09,1997948
[status] PUB sent=2562090 tps=6470 (pubs=10) | SUB recv=256061100 itps=1999579.36 p99=13.69ms conn=141164543/9134145.74,5306808.03,256061100,1000,1000,1000,0,0,0,0,0,0,9311202.16,18199977.70,19946582.14,10058050.47,1999865
[status] PUB sent=2582090 tps=6504 (pubs=10) | SUB recv=258056761 itps=1996093.66 p99=13.70ms conn=141164543/9144174.33,5306973.44,258056761,1000,1000,1000,0,0,0,0,0,0,9429763.83,18894125.93,21193038.84,10430932.08,1995661
[status] PUB sent=2602090 tps=6538 (pubs=10) | SUB recv=260063405 itps=2006392.50 p99=13.71ms conn=141164543/9176184.23,5430670.51,260063405,1000,1000,1000,0,0,0,0,0,0,10316312.15,41398219.88,75234742.48,13292694.82,2006644
[status] PUB sent=2622090 tps=6572 (pubs=10) | SUB recv=262061024 itps=1997921.60 p99=13.70ms conn=141164543/9174592.79,5421966.52,262061024,1000,1000,1000,0,0,0,0,0,0,8382516.11,16641122.29,18514998.54,8967408.12,1997619
[status] PUB sent=2648070 tps=6615 (pubs=10) | SUB recv=264053428 itps=1992275.88 p99=13.69ms conn=141164543/9173527.51,5414282.61,264053428,1000,1000,1000,0,0,0,0,0,0,8393735.76,16717848.66,19256249.71,9033411.29,1992404
[status] PUB sent=2682090 tps=6672 (pubs=10) | SUB recv=268059648 itps=2003952.07 p99=13.70ms conn=141164543/9185947.30,5408944.14,268059648,1000,1000,1000,0,0,0,0,0,0,9155376.08,17743699.56,19492806.83,9836933.28,2003839
[status] PUB sent=2702090 tps=6705 (pubs=10) | SUB recv=270058093 itps=1998461.04 p99=13.70ms conn=141164543/9188256.76,5406193.58,270058093,1000,1000,1000,0,0,0,0,0,0,9415545.86,17145617.24,18920367.88,9498034.99,1998445
[status] PUB sent=2722090 tps=6738 (pubs=10) | SUB recv=272059884 itps=2001201.14 p99=13.70ms conn=141164543/9192812.92,5402522.06,272059884,1000,1000,1000,0,0,0,0,0,0,8913433.69,17869467.68,19660317.93,9807475.00,2001791
[status] PUB sent=2742090 tps=6771 (pubs=10) | SUB recv=274063778 itps=2004479.33 p99=13.71ms conn=141164543/9197466.91,5398885.42,274063778,1000,1000,1000,0,0,0,0,0,0,9007758.22,17805208.46,19573212.81,9829319.61,2003894
[status] PUB sent=2782090 tps=6836 (pubs=10) | SUB recv=276056012 itps=1991985.60 p99=13.71ms conn=141164543/9201430.64,5395141.73,276056012,1000,1000,1000,0,0,0,0,0,0,8981517.88,17707135.82,19511268.81,9746704.62,1992234
[status] PUB sent=2802070 tps=6868 (pubs=10) | SUB recv=280060948 itps=2001266.78 p99=13.70ms conn=141164543/9205841.41,5383828.27,280060948,1000,1000,1000,0,0,0,0,0,0,8392796.12,17188922.11,19045148.04,9226157.89,2001108
[status] PUB sent=2822090 tps=6900 (pubs=10) | SUB recv=282065121 itps=2004452.27 p99=13.70ms conn=141164543/9204572.95,5376288.34,282065121,1000,1000,1000,0,0,0,0,0,0,8255844.86,16919083.38,18644981.45,9027318.98,2004173
[status] PUB sent=2842090 tps=6932 (pubs=10) | SUB recv=284058276 itps=1992809.98 p99=13.69ms conn=141164543/9206376.84,5370663.22,284058276,1000,1000,1000,0,0,0,0,0,0,8591169.16,17440761.24,19233934.55,9461658.14,1993155
[status] PUB sent=2862090 tps=6964 (pubs=10) | SUB recv=286058504 itps=2000544 p99=13.69ms conn=141164543/9209038.70,5367399.96,286058504,1000,1000,1000,0,0,0,0,0,0,8940920.54,17468974.72,19242776.04,9587056.33,2000228
[status] PUB sent=2902090 tps=7027 (pubs=10) | SUB recv=290062553 itps=2001594.01 p99=13.70ms conn=141164543/9218638.91,5360291.81,290062553,1000,1000,1000,0,0,0,0,0,0,8871762.27,17871262.65,19694468.79,9807327.01,2001574
[status] PUB sent=2922090 tps=7058 (pubs=10) | SUB recv=292056213 itps=1994162.23 p99=13.70ms conn=141164543/9221750.62,5357078.68,292056213,1000,1000,1000,0,0,0,0,0,0,9033972.43,17668722.74,19377967.27,9674481.06,1993660
[status] PUB sent=2942090 tps=7089 (pubs=10) | SUB recv=294062832 itps=2006068.50 p99=13.70ms conn=141164543/9225768.86,5354830.50,294062832,1000,1000,1000,0,0,0,0,0,0,9208730.03,17815432.58,19944842.72,9810608.12,2006619
[status] PUB sent=2962090 tps=7120 (pubs=10) | SUB recv=296061599 itps=1999350.51 p99=13.70ms conn=141164543/9227406.91,5349796.95,296061599,1000,1000,1000,0,0,0,0,0,0,8595193.38,17468641.61,19166258.56,9468400.82,1998767
[status] PUB sent=2998090 tps=7176 (pubs=10) | SUB recv=298058300 itps=1996475.28 p99=13.70ms conn=141164543/9230294.07,5345914.13,298058297,1000,1000,1000,0,0,0,0,0,0,8824522.66,17732837.90,19389508.66,9658389.95,1996698
[status] PUB sent=3022090 tps=7213 (pubs=10) | SUB recv=302060107 itps=1997581.66 p99=13.70ms conn=141164543/9233274.26,5336987.89,302060107,1000,1000,1000,0,0,0,0,0,0,8587982.14,17469037.97,19062602.45,9416891.63,1998013
[status] PUB sent=3042090 tps=7243 (pubs=10) | SUB recv=304056667 itps=1996436.78 p99=13.70ms conn=141164543/9233643.30,5332837.66,304056667,1000,1000,1000,0,0,0,0,0,0,8651539.85,17077201.62,18819401.16,9289474.99,1996560
[status] PUB sent=3062090 tps=7273 (pubs=10) | SUB recv=306063831 itps=2006875.36 p99=13.69ms conn=141164543/9234710.74,5328539.92,306063831,1000,1000,1000,0,0,0,0,0,0,8648465.40,17316563.22,19067669.37,9396412.93,2007164
[status] PUB sent=3082090 tps=7304 (pubs=10) | SUB recv=308059057 itps=1995675.13 p99=13.69ms conn=141164543/9237511.66,5324939.99,308059057,1000,1000,1000,0,0,0,0,0,0,8861228.01,17706596.86,19558348.29,9667166.76,1995226
[status] PUB sent=3122090 tps=7363 (pubs=10) | SUB recv=310058470 itps=1999229.15 p99=13.70ms conn=141164543/9242440.25,5322610.47,310058470,1000,1000,1000,0,0,0,0,0,0,9289879.37,17949417.83,19884811.00,10001812.24,1999413
[status] PUB sent=3142090 tps=7393 (pubs=10) | SUB recv=314062014 itps=2000670.65 p99=13.70ms conn=141164543/9246895.01,5315849.47,314062014,1000,1000,1000,0,0,0,0,0,0,8690361.07,17537717.63,19238506.91,9477531.75,2000964
[status] PUB sent=3162090 tps=7423 (pubs=10) | SUB recv=316058870 itps=1997250.46 p99=13.70ms conn=141164543/9249649.82,5312449.10,316058870,1000,1000,1000,0,0,0,0,0,0,8766488.15,17867921.76,19516084.70,9682922.31,1996856
[status] PUB sent=3182090 tps=7452 (pubs=10) | SUB recv=318062642 itps=2003685.54 p99=13.70ms conn=141164543/9251741.08,5308703.49,318062642,1000,1000,1000,0,0,0,0,0,0,8841543.74,17632900.87,19378668.42,9581599.00,2003772
[status] PUB sent=3202090 tps=7482 (pubs=10) | SUB recv=320059246 itps=1996906.38 p99=13.70ms conn=141164543/9253666.32,5305213.92,320059246,1000,1000,1000,0,0,0,0,0,0,8598566.06,17621827.96,19364245.61,9560360.58,1996604
[status] PUB sent=3242090 tps=7540 (pubs=10) | SUB recv=324059816 itps=1997651.95 p99=13.70ms conn=141164543/9257818.43,5299123.84,324059816,1000,1000,1000,0,0,0,0,0,0,8501468.67,17405299.30,18908706.79,9375322.67,1997437
[status] PUB sent=3262090 tps=7569 (pubs=10) | SUB recv=326063106 itps=2003133.59 p99=13.70ms conn=141164543/9258642.45,5294628.56,326063106,1000,1000,1000,0,0,0,0,0,0,8426443.74,17449448.84,19198534.51,9391939.79,2003290
[status] PUB sent=3282070 tps=7597 (pubs=10) | SUB recv=328064404 itps=2001142.02 p99=13.69ms conn=141164543/9256655.29,5288448.72,328064404,1000,1000,1000,0,0,0,0,0,0,8166910.62,16756110.61,18500858.01,8932894.59,2001298
[status] PUB sent=3302090 tps=7626 (pubs=10) | SUB recv=330058713 itps=1994473.40 p99=13.68ms conn=141164543/9255496.67,5282738.64,330058713,1000,1000,1000,0,0,0,0,0,0,8328553.20,16950685.21,19660188.17,9064904.19,1994309
[status] PUB sent=3336090 tps=7674 (pubs=10) | SUB recv=332056820 itps=1998099.91 p99=13.68ms conn=141164543/9254038.68,5276794.51,332056820,1000,1000,1000,0,0,0,0,0,0,8244044.29,16866607.66,18658332.22,9013199.40,1998107
[status] PUB sent=3362090 tps=7711 (pubs=10) | SUB recv=336059887 itps=1998309.71 p99=13.66ms conn=141164543/9251934.68,5265623.03,336059887,1000,1000,1000,0,0,0,0,0,0,7960362.95,16354727.95,18024823.49,8662219.16,1997952
[status] PUB sent=3382090 tps=7739 (pubs=10) | SUB recv=338060710 itps=2000644.32 p99=13.65ms conn=141164543/9249548.37,5258981.40,338060710,1000,1000,1000,0,0,0,0,0,0,8296952.75,16336444.17,18201601.98,8848742.41,2000823
[status] PUB sent=3402070 tps=7767 (pubs=10) | SUB recv=340058542 itps=1997664.38 p99=13.65ms conn=141164543/9246961.27,5253694.51,340058542,1000,1000,1000,0,0,0,0,0,0,8219281.72,16399547.25,18104595.96,8809188.35,1997832
[status] PUB sent=3422090 tps=7795 (pubs=10) | SUB recv=342056778 itps=1998113.32 p99=13.64ms conn=141164543/9245922.02,5248360.56,342056778,1000,1000,1000,0,0,0,0,0,0,8426174.71,16859093.79,18599600.32,9069063.68,1998236
[status] PUB sent=3462090 tps=7851 (pubs=10) | SUB recv=346060709 itps=1997586.14 p99=13.64ms conn=141164543/9247484.61,5242987.51,346060709,1000,1000,1000,0,0,0,0,0,0,9301821.87,18285384.51,22708546.36,10006760.41,1997712
[status] PUB sent=3482090 tps=7878 (pubs=10) | SUB recv=348061324 itps=2000975.74 p99=13.64ms conn=141164543/9248483.10,5239204.67,348061324,1000,1000,1000,0,0,0,0,0,0,8576594.31,17422467.41,19136153.84,9421199.49,2000615
[status] PUB sent=3502090 tps=7905 (pubs=10) | SUB recv=350059422 itps=1998184.14 p99=13.63ms conn=141164543/9249555.15,5236074.70,350059422,1000,1000,1000,0,0,0,0,0,0,8777241.97,17372379.03,19125796.83,9436301.84,1998098
[status] PUB sent=3522090 tps=7933 (pubs=10) | SUB recv=352056971 itps=1997400.23 p99=13.63ms conn=141164543/9251249.68,5232983.21,352056971,1000,1000,1000,0,0,0,0,0,0,8671406.76,17600394.82,19317155.67,9548206.73,1997549
[status] PUB sent=3562090 tps=7987 (pubs=10) | SUB recv=354064364 itps=2007313.17 p99=13.63ms conn=141164543/9252479.51,5229610.90,354064364,1000,1000,1000,0,0,0,0,0,0,8581626.92,17503379.61,19062873.36,9468167.33,2007393
[status] PUB sent=3582090 tps=8014 (pubs=10) | SUB recv=358057504 itps=2000475.91 p99=13.63ms conn=141164543/9256375.07,5224374.68,358057504,1000,1000,1000,0,0,0,0,0,0,8766958.01,17438150.05,19193896.51,9433414.88,2000240
[status] PUB sent=3602090 tps=8040 (pubs=10) | SUB recv=360061767 itps=2003884.31 p99=13.63ms conn=141164543/9257359.85,5221337.91,360061767,1000,1000,1000,0,0,0,0,0,0,8743021.64,17408651.08,19208867.31,9433289.35,2004263
[status] PUB sent=3622090 tps=8067 (pubs=10) | SUB recv=362057332 itps=1995549.40 p99=13.63ms conn=141164543/9258150.02,5218707.60,362057332,1000,1000,1000,0,0,0,0,0,0,8711534.77,17284318.87,18989677.69,9400719.43,1995565
[status] PUB sent=3642090 tps=8094 (pubs=10) | SUB recv=364060465 itps=2003400.81 p99=13.63ms conn=141164543/9259493.21,5216414.24,364060465,1000,1000,1000,0,0,0,0,0,0,8759408.95,17487319.63,19187023.36,9502269.74,2003133
[status] PUB sent=3642510 tps=8059 (pubs=10) | SUB recv=364250000 itps=19999.09 p99=13.63ms conn=141164543/9258804.12,5216349.45,364250000,1000,1000,1000,0,0,0,0,0,0,2187979.80,3664075.80,4132658.20,2185756.46,20000
[status] PUB sent=3642710 tps=8041 (pubs=10) | SUB recv=364270000 itps=20005.30 p99=13.63ms conn=141164543/9258418.56,5216471.62,364270000,1000,1000,1000,0,0,0,0,0,0,2232421.40,3764632.60,4355071,2236402.36,20000
[status] PUB sent=3642910 tps=8024 (pubs=10) | SUB recv=364290000 itps=19996.46 p99=13.63ms conn=141164543/9258032.67,5216594.16,364290000,1000,1000,1000,0,0,0,0,0,0,2231704.60,3751730.20,4196965.40,2229555.55,20000
[status] PUB sent=3643110 tps=8007 (pubs=10) | SUB recv=364310000 itps=20001.48 p99=13.63ms conn=141164543/9257647.01,5216716.38,364310000,1000,1000,1000,0,0,0,0,0,0,2236619.80,3763608.60,4066712.60,2233017.78,20000
[status] PUB sent=3643310 tps=7990 (pubs=10) | SUB recv=364330000 itps=19998.25 p99=13.63ms conn=141164543/9257263.65,5216835.89,364330000,1000,1000,1000,0,0,0,0,0,0,2271947.80,3861298.20,4309195.80,2274108.99,20000
[status] PUB sent=3643710 tps=7956 (pubs=10) | SUB recv=364370000 itps=20002.96 p99=13.63ms conn=141164543/9256489.33,5217084.17,364370000,1000,1000,1000,0,0,0,0,0,0,2151525.40,3661003.80,3988683.80,2151979.59,20000
[status] PUB sent=3643910 tps=7939 (pubs=10) | SUB recv=364390000 itps=20000.45 p99=13.63ms conn=141164543/9256111.03,5217200.44,364390000,1000,1000,1000,0,0,0,0,0,0,2265906.20,4731698.20,6108159,2364020.02,20000
[status] PUB sent=3644110 tps=7922 (pubs=10) | SUB recv=364410000 itps=20001.47 p99=13.63ms conn=141164543/9255722.29,5217326.72,364410000,1000,1000,1000,0,0,0,0,0,0,2166680.60,3661413.40,4433714.20,2173101.10,20000
[status] PUB sent=3644310 tps=7905 (pubs=10) | SUB recv=364430000 itps=19997.56 p99=13.63ms conn=141164543/9255332.97,5217453.52,364430000,1000,1000,1000,0,0,0,0,0,0,2161867.80,3665509.40,3998514.20,2161673.38,20000
[status] PUB sent=3644710 tps=7872 (pubs=10) | SUB recv=364450000 itps=20000.52 p99=13.63ms conn=141164543/9254942.69,5217581.55,364450000,1000,1000,1000,0,0,0,0,0,0,2145586.20,3635199,3966975,2143465.14,20000
[status] PUB sent=3644910 tps=7855 (pubs=10) | SUB recv=364490000 itps=19996.87 p99=13.63ms conn=141164543/9254171.17,5217826.00,364490000,1000,1000,1000,0,0,0,0,0,0,2226789.40,3735551,4142079,2224004.58,20000
[status] PUB sent=3645110 tps=7839 (pubs=10) | SUB recv=364510000 itps=20002.48 p99=13.63ms conn=141164543/9253785.36,5217948.77,364510000,1000,1000,1000,0,0,0,0,0,0,2212760.60,3807640.60,4521573.40,2222511.61,20000
[status] PUB sent=3645310 tps=7823 (pubs=10) | SUB recv=364530000 itps=19997.61 p99=13.63ms conn=141164543/9253399.95,5218070.66,364530000,1000,1000,1000,0,0,0,0,0,0,2222488.60,3747839,4329675.80,2229130.43,20000
[status] PUB sent=3645510 tps=7806 (pubs=10) | SUB recv=364550000 itps=20002.60 p99=13.63ms conn=141164543/9253004.74,5218204.89,364550000,1000,1000,1000,0,0,0,0,0,0,2050661.40,3425483.80,3723877.40,2049776.33,20000
[status] PUB sent=3645910 tps=7774 (pubs=10) | SUB recv=364590000 itps=19997.34 p99=13.63ms conn=141164543/9252197.84,5218500.35,364590000,1000,1000,1000,0,0,0,0,0,0,2126437.40,4315544.60,5681151,2217663.12,20000
[status] PUB sent=3646110 tps=7758 (pubs=10) | SUB recv=364610000 itps=19999.62 p99=13.63ms conn=141164543/9251809.82,5218625.87,364610000,1000,1000,1000,0,0,0,0,0,0,2164427.80,3687627.80,4482661.40,2178514.72,20000
[status] PUB sent=3646310 tps=7742 (pubs=10) | SUB recv=364630000 itps=20001.05 p99=13.63ms conn=141164543/9251424.97,5218747.60,364630000,1000,1000,1000,0,0,0,0,0,0,2213784.60,3812965.40,4875058.20,2235447.19,20000
[status] PUB sent=3646510 tps=7726 (pubs=10) | SUB recv=364650000 itps=19998.02 p99=13.63ms conn=141164543/9251037.20,5218873.04,364650000,1000,1000,1000,0,0,0,0,0,0,2167807,3769343,4471397.40,2181342.52,20000
[status] PUB sent=3646810 tps=7702 (pubs=10) | SUB recv=364670000 itps=20000.44 p99=13.63ms conn=141164543/9250650.05,5218997.26,364670000,1000,1000,1000,0,0,0,0,0,0,2186853.40,3725720.60,4255333.40,2192033.09,20000
[status] PUB sent=3647110 tps=7678 (pubs=10) | SUB recv=364710000 itps=20000.14 p99=13.62ms conn=141164543/9249880.12,5219240.32,364710000,1000,1000,1000,0,0,0,0,0,0,2198117.40,3722034.20,4562738.20,2206798.10,20000
[status] PUB sent=3647310 tps=7662 (pubs=10) | SUB recv=364730000 itps=19999.97 p99=13.62ms conn=141164543/9249490.56,5219367.54,364730000,1000,1000,1000,0,0,0,0,0,0,2153061.40,3621887,3876658.20,2145668.58,20000
[status] PUB sent=3647510 tps=7647 (pubs=10) | SUB recv=364750000 itps=19998.84 p99=13.62ms conn=141164543/9249105.06,5219489.72,364750000,1000,1000,1000,0,0,0,0,0,0,2208255,3745176.60,4416306.20,2219012.28,20000
[status] PUB sent=3647710 tps=7631 (pubs=10) | SUB recv=364770000 itps=20001.93 p99=13.62ms conn=141164543/9248719.48,5219611.59,364770000,1000,1000,1000,0,0,0,0,0,0,2220850.20,3691723.80,3998104.60,2216690.43,20000
[status] PUB sent=3648110 tps=7600 (pubs=10) | SUB recv=364810000 itps=19999.10 p99=13.62ms conn=141164543/9247944.77,5219860.48,364810000,1000,1000,1000,0,0,0,0,0,0,2176818.20,3653631,4156415,2176596.93,20000
[status] PUB sent=3648310 tps=7585 (pubs=10) | SUB recv=364830000 itps=19997.96 p99=13.62ms conn=141164543/9247555.30,5219987.58,364830000,1000,1000,1000,0,0,0,0,0,0,2152037.40,3614309.40,3833445.40,2143498.04,20000
[status] PUB sent=3648510 tps=7570 (pubs=10) | SUB recv=364850000 itps=20002.10 p99=13.62ms conn=141164543/9247165.46,5220115.32,364850000,1000,1000,1000,0,0,0,0,0,0,2138315.80,3647282.20,3940760.60,2135855.42,20000
[status] PUB sent=3648710 tps=7554 (pubs=10) | SUB recv=364870000 itps=19998.55 p99=13.62ms conn=141164543/9246785.70,5220231.08,364870000,1000,1000,1000,0,0,0,0,0,0,2301746.20,4010597.40,4903525.40,2319081.27,20000
[status] PUB sent=3648950 tps=7536 (pubs=10) | SUB recv=364890000 itps=20000.74 p99=13.62ms conn=141164543/9246398.70,5220355.08,364890000,1000,1000,1000,0,0,0,0,0,0,2185727,3690904.60,3945471,2186022.30,20000
[status] PUB sent=3649310 tps=7509 (pubs=10) | SUB recv=364930000 itps=19997.69 p99=13.62ms conn=141164543/9245628.34,5220599.67,364930000,1000,1000,1000,0,0,0,0,0,0,2195352.60,3750296.60,4015922.20,2196457.81,20000
[status] PUB sent=3649510 tps=7494 (pubs=10) | SUB recv=364950000 itps=20001.59 p99=13.62ms conn=141164543/9245241.49,5220723.40,364950000,1000,1000,1000,0,0,0,0,0,0,2189618.20,3660594.20,3880959,2186570.53,20000
[status] PUB sent=3649710 tps=7479 (pubs=10) | SUB recv=364970000 itps=19997.49 p99=13.62ms conn=141164543/9244853.05,5220849.39,364970000,1000,1000,1000,0,0,0,0,0,0,2153983,3680050.20,4065279,2156879.19,20000
[status] PUB sent=3649910 tps=7464 (pubs=10) | SUB recv=364990000 itps=20000.39 p99=13.62ms conn=141164543/9244463.04,5220977.39,364990000,1000,1000,1000,0,0,0,0,0,0,2136472.60,3617791,3867237.40,2127272.31,20000
[status] PUB sent=3650310 tps=7434 (pubs=10) | SUB recv=365030000 itps=19997.81 p99=13.62ms conn=141164543/9243689.61,5221224.47,365030000,1000,1000,1000,0,0,0,0,0,0,2161458.20,3606527,3851058.20,2154859.70,20000
[status] PUB sent=3650510 tps=7420 (pubs=10) | SUB recv=365050000 itps=20003.15 p99=13.62ms conn=141164543/9243303.44,5221347.40,365050000,1000,1000,1000,0,0,0,0,0,0,2200063,3738623,4080024.60,2195128.11,20000
[status] PUB sent=3650710 tps=7405 (pubs=10) | SUB recv=365070000 itps=19996.38 p99=13.62ms conn=141164543/9242915.77,5221472.33,365070000,1000,1000,1000,0,0,0,0,0,0,2172005.40,3661413.40,3931135,2166859.50,20000
[status] PUB sent=3650910 tps=7390 (pubs=10) | SUB recv=365090000 itps=19997.61 p99=13.62ms conn=141164543/9242529.26,5221595.55,365090000,1000,1000,1000,0,0,0,0,0,0,2191563.80,3659160.60,3922328.60,2187529.68,20000
[status] PUB sent=3651110 tps=7376 (pubs=10) | SUB recv=365110000 itps=20005.90 p99=13.62ms conn=141164543/9242141.87,5221720.23,365110000,1000,1000,1000,0,0,0,0,0,0,2175691.80,3693771.80,4032511,2170368.66,20000
[status] PUB sent=3651510 tps=7347 (pubs=10) | SUB recv=365150000 itps=19998.78 p99=13.62ms conn=141164543/9241368.11,5221968.02,365150000,1000,1000,1000,0,0,0,0,0,0,2195864.60,3686603.80,4057087,2192635.98,20000
[status] PUB sent=3651710 tps=7333 (pubs=10) | SUB recv=365170000 itps=20001.99 p99=13.62ms conn=141164543/9240980.88,5222092.53,365170000,1000,1000,1000,0,0,0,0,0,0,2175179.80,3663256.60,4020223,2171050.05,20000
[status] PUB sent=3651910 tps=7318 (pubs=10) | SUB recv=365190000 itps=19998.05 p99=13.62ms conn=141164543/9240595.55,5222214.38,365190000,1000,1000,1000,0,0,0,0,0,0,2208767,3705855,3986021.40,2204982.23,20000
[status] PUB sent=3652110 tps=7304 (pubs=10) | SUB recv=365210000 itps=20001.53 p99=13.62ms conn=141164543/9240210.28,5222336.22,365210000,1000,1000,1000,0,0,0,0,0,0,2203647,3690085.40,4190207,2205438.17,20000
[status] PUB sent=3652510 tps=7276 (pubs=10) | SUB recv=365250000 itps=20000.47 p99=13.62ms conn=141164543/9239441.01,5222578.47,365250000,1000,1000,1000,0,0,0,0,0,0,2227813.40,3738008.60,4006911,2220487.73,20000
[status] PUB sent=3652710 tps=7262 (pubs=10) | SUB recv=365270000 itps=19998.97 p99=13.62ms conn=141164543/9239054.21,5222702.39,365270000,1000,1000,1000,0,0,0,0,0,0,2179275.80,3697048.60,3975781.40,2175201.93,20000
[status] PUB sent=3652910 tps=7248 (pubs=10) | SUB recv=365290000 itps=19999.49 p99=13.62ms conn=141164543/9238670.12,5222822.72,365290000,1000,1000,1000,0,0,0,0,0,0,2229554.20,3723467.80,4084120.60,2223759.51,20000
[status] PUB sent=3653110 tps=7234 (pubs=10) | SUB recv=365310000 itps=20000.72 p99=13.62ms conn=141164543/9238283.39,5222946.60,365310000,1000,1000,1000,0,0,0,0,0,0,2177227.80,3687423,3961650.20,2174836.69,20000
[status] PUB sent=3653310 tps=7220 (pubs=10) | SUB recv=365330000 itps=19999.44 p99=13.62ms conn=141164543/9237899.13,5223067.18,365330000,1000,1000,1000,0,0,0,0,0,0,2225355.80,3734117.40,4084735,2219261.25,20000
[status] PUB sent=3653710 tps=7192 (pubs=10) | SUB recv=365370000 itps=19998.27 p99=13.62ms conn=141164543/9237130.08,5223308.91,365370000,1000,1000,1000,0,0,0,0,0,0,2245119,3758693.40,4019608.60,2236944.58,20000
[status] PUB sent=3653910 tps=7179 (pubs=10) | SUB recv=365390000 itps=20003.22 p99=13.62ms conn=141164543/9236742.98,5223433.19,365390000,1000,1000,1000,0,0,0,0,0,0,2171595.80,3641343,3979877.40,2165035.66,20000
[status] PUB sent=3654110 tps=7165 (pubs=10) | SUB recv=365410000 itps=20000.68 p99=13.62ms conn=141164543/9236359.68,5223552.65,365410000,1000,1000,1000,0,0,0,0,0,0,2232728.60,3743128.60,4353227.80,2233734.14,20000
[status] PUB sent=3654310 tps=7151 (pubs=10) | SUB recv=365430000 itps=19997.60 p99=13.62ms conn=141164543/9235972.45,5223677.17,365430000,1000,1000,1000,0,0,0,0,0,0,2166987.80,3641343,4001586.20,2161072.31,20000
[status] PUB sent=3654710 tps=7124 (pubs=10) | SUB recv=365450000 itps=20002.04 p99=13.62ms conn=141164543/9235587.68,5223798.53,365450000,1000,1000,1000,0,0,0,0,0,0,2209893.40,3710770.20,4186520.60,2205324.13,20000
[status] PUB sent=3654910 tps=7111 (pubs=10) | SUB recv=365490000 itps=20000.46 p99=13.62ms conn=141164543/9234817.69,5224041.66,365490000,1000,1000,1000,0,0,0,0,0,0,2220440.60,3704216.60,3972914.20,2214452.02,20000
[status] PUB sent=3655110 tps=7097 (pubs=10) | SUB recv=365510000 itps=19997.40 p99=13.62ms conn=141164543/9234432.56,5224163.62,365510000,1000,1000,1000,0,0,0,0,0,0,2193919,3690904.60,4184267.80,2196410.60,20000
[status] PUB sent=3655310 tps=7084 (pubs=10) | SUB recv=365530000 itps=20002.52 p99=13.61ms conn=141164543/9234047.21,5224285.62,365530000,1000,1000,1000,0,0,0,0,0,0,2203032.60,3661413.40,3934821.40,2191536.82,20000
[status] PUB sent=3655510 tps=7071 (pubs=10) | SUB recv=365550000 itps=19996.42 p99=13.61ms conn=141164543/9233662.05,5224407.46,365550000,1000,1000,1000,0,0,0,0,0,0,2195967,3684760.60,3987045.40,2194217.29,20000
[status] PUB sent=3655910 tps=7044 (pubs=10) | SUB recv=365590000 itps=19998.96 p99=13.61ms conn=141164543/9232901.75,5224639.02,365590000,1000,1000,1000,0,0,0,0,0,0,2305432.60,3907583,4418968.60,2309158.34,20000
[status] PUB sent=3656110 tps=7031 (pubs=10) | SUB recv=365610000 itps=20002.71 p99=13.61ms conn=141164543/9232515.08,5224763.02,365610000,1000,1000,1000,0,0,0,0,0,0,2170367,3657727,3951615,2164305.31,20000
[status] PUB sent=3656310 tps=7018 (pubs=10) | SUB recv=365630000 itps=19997.13 p99=13.61ms conn=141164543/9232129.48,5224885.50,365630000,1000,1000,1000,0,0,0,0,0,0,2189208.60,3689266.20,4008139.80,2183247.78,20000
[status] PUB sent=3656510 tps=7005 (pubs=10) | SUB recv=365650000 itps=20004.99 p99=13.61ms conn=141164543/9231741.78,5225010.68,365650000,1000,1000,1000,0,0,0,0,0,0,2147224.60,3607141.40,3840613.40,2143899.42,20000
[status] PUB sent=3656910 tps=6979 (pubs=10) | SUB recv=365690000 itps=20000.56 p99=13.61ms conn=141164543/9230973.97,5225252.58,365690000,1000,1000,1000,0,0,0,0,0,0,2191461.40,3668581.40,3983359,2188306.43,20000
[status] PUB sent=3657110 tps=6966 (pubs=10) | SUB recv=365710000 itps=20001.58 p99=13.61ms conn=141164543/9230588.01,5225375.91,365710000,1000,1000,1000,0,0,0,0,0,0,2166680.60,3661413.40,4388453.40,2173422.50,20000
[status] PUB sent=3657310 tps=6953 (pubs=10) | SUB recv=365730000 itps=19996.97 p99=13.61ms conn=141164543/9230200.40,5225500.97,365730000,1000,1000,1000,0,0,0,0,0,0,2149477.40,3608984.60,3803135,2142677.80,20000
[status] PUB sent=3657510 tps=6940 (pubs=10) | SUB recv=365750000 itps=20005.08 p99=13.61ms conn=141164543/9229814.32,5225624.45,365750000,1000,1000,1000,0,0,0,0,0,0,2164939.80,3683736.60,4248165.40,2169726.87,20000
[status] PUB sent=3657850 tps=6919 (pubs=10) | SUB recv=365770000 itps=19995.99 p99=13.61ms conn=141164543/9229426.78,5225749.63,365770000,1000,1000,1000,0,0,0,0,0,0,2146098.20,3624549.40,4056472.60,2142300.05,20000
[status] PUB sent=3658110 tps=6902 (pubs=10) | SUB recv=365810000 itps=20004.49 p99=13.61ms conn=141164543/9228659.68,5225990.05,365810000,1000,1000,1000,0,0,0,0,0,0,2258431,3860069.40,4562123.80,2266610.60,20000
[status] PUB sent=3658310 tps=6890 (pubs=10) | SUB recv=365830000 itps=19999.56 p99=13.61ms conn=141164543/9228274.79,5226111.92,365830000,1000,1000,1000,0,0,0,0,0,0,2186955.80,3738008.60,4040907.80,2188437.17,20000
[status] PUB sent=3658510 tps=6877 (pubs=10) | SUB recv=365850000 itps=19996.87 p99=13.61ms conn=141164543/9227890.53,5226233.11,365850000,1000,1000,1000,0,0,0,0,0,0,2194738.20,3760127,4180171.80,2199119.28,20000
[status] PUB sent=3658710 tps=6864 (pubs=10) | SUB recv=365870000 itps=20003.08 p99=13.61ms conn=141164543/9227509.04,5226350.79,365870000,1000,1000,1000,0,0,0,0,0,0,2250443.80,3833650.20,4166245.40,2249152.81,20000
[status] PUB sent=3659110 tps=6840 (pubs=10) | SUB recv=365910000 itps=19999.47 p99=13.61ms conn=141164543/9226744.36,5226588.26,365910000,1000,1000,1000,0,0,0,0,0,0,2226072.60,3773029.40,4145970.20,2230191.31,20000
[status] PUB sent=3659310 tps=6827 (pubs=10) | SUB recv=365930000 itps=19998.23 p99=13.61ms conn=141164543/9226359.65,5226710.04,365930000,1000,1000,1000,0,0,0,0,0,0,2187467.80,3733707.80,4003224.60,2187983.30,20000
[status] PUB sent=3659510 tps=6815 (pubs=10) | SUB recv=365950000 itps=20000.80 p99=13.61ms conn=141164543/9225975.50,5226831.15,365950000,1000,1000,1000,0,0,0,0,0,0,2195864.60,3745791,4040293.40,2197290.49,20000
[status] PUB sent=3659710 tps=6802 (pubs=10) | SUB recv=365970000 itps=20001.27 p99=13.61ms conn=141164543/9225590.60,5226953.21,365970000,1000,1000,1000,0,0,0,0,0,0,2185727,3701144.60,3997490.20,2182951.85,20000
[status] PUB sent=3660110 tps=6778 (pubs=10) | SUB recv=365990000 itps=19996.65 p99=13.61ms conn=141164543/9225207.93,5227072.59,365990000,1000,1000,1000,0,0,0,0,0,0,2222693.40,3775487,4212120.60,2222938.94,20000
[status] PUB sent=3689971 tps=6821 (pubs=10) | SUB recv=368734241 itps=2724624.45 p99=13.68ms conn=142082047/9435107.12,6121244.60,368734241,1000,1000,1000,0,0,0,0,0,0,34698317.96,80395710.47,95202755.93,37687162.26,2724241
[status] PUB sent=3719926 tps=6863 (pubs=10) | SUB recv=371749894 itps=3015045.27 p99=13.73ms conn=142082047/9519720.01,6250837.24,371749894,1000,1000,1000,0,0,0,0,0,0,19928087.56,37077495.12,40859716.70,19865629.06,3015653
[status] PUB sent=3749938 tps=6906 (pubs=10) | SUB recv=374749539 itps=2999824.38 p99=13.78ms conn=142082047/9572641.82,6305089.15,374749539,1000,1000,1000,0,0,0,0,0,0,15526979.26,29591948.34,36425587.89,16131310.11,2999645
[status] PUB sent=3779934 tps=6948 (pubs=10) | SUB recv=377734624 itps=2985830.81 p99=13.85ms conn=142082047/9709760.76,6618716.68,377734624,1000,1000,1000,0,0,0,0,0,0,26114372.15,53056419.06,57741830.71,26923763.04,2985085
[status] PUB sent=3839928 tps=7033 (pubs=10) | SUB recv=383762484 itps=3028121.36 p99=13.96ms conn=142082047/9912175.95,6959673.50,383762484,1000,1000,1000,0,0,0,0,0,0,19085596.18,38775188.09,46905830.26,19786381.94,3027002
[status] PUB sent=3869934 tps=7075 (pubs=10) | SUB recv=386751797 itps=2988764.43 p99=14.01ms conn=142082047/9985121.75,7051172.81,386751797,1000,1000,1000,0,0,0,0,0,0,18593455.18,39056668.66,45004949.16,19349768.57,2989313
[status] PUB sent=3899934 tps=7117 (pubs=10) | SUB recv=389769651 itps=3017561.22 p99=14.05ms conn=142082047/10049592.76,7121013.62,389769651,1000,1000,1000,0,0,0,0,0,0,17592748.84,37103939.75,43991298.00,18311847.34,3017854
[status] PUB sent=3929901 tps=7158 (pubs=10) | SUB recv=392768330 itps=2998363.23 p99=14.10ms conn=142082047/10103651.32,7169289.82,392768330,1000,1000,1000,0,0,0,0,0,0,16493331.35,33183234.70,38303322.87,17130208.25,2998679
[status] PUB sent=3989936 tps=7241 (pubs=10) | SUB recv=398772036 itps=3016503.07 p99=14.18ms conn=142082047/10209950.45,7263869.20,398772017,1000,1000,1000,0,0,0,0,0,0,17068676.41,36003004.24,42205776.84,18078840.27,3016088
[status] PUB sent=4019894 tps=7282 (pubs=10) | SUB recv=401761213 itps=2988590.99 p99=14.22ms conn=142082047/10271482.36,7326625.92,401761213,1000,1000,1000,0,0,0,0,0,0,17694014.42,35995332.70,39234922.23,18480112.14,2989196
[status] PUB sent=4049939 tps=7324 (pubs=10) | SUB recv=404768038 itps=3006990.40 p99=14.27ms conn=142082047/10336981.88,7396775.52,404768038,1000,1000,1000,0,0,0,0,0,0,18548098.27,36730673.94,42195551.60,19088793.41,3006825
[status] PUB sent=4079940 tps=7365 (pubs=10) | SUB recv=407764714 itps=2996368.37 p99=14.31ms conn=142082047/10376464.33,7418381.59,407764714,1000,1000,1000,0,0,0,0,0,0,15588702.60,28565223.86,30876187.03,15709451.57,2996676
[status] PUB sent=4139904 tps=7446 (pubs=10) | SUB recv=413749871 itps=2990280.01 p99=14.39ms conn=142082047/10476328.71,7494253.44,413749870,1000,1000,1000,0,0,0,0,0,0,16576223.68,30895806.32,34836244.36,16805774.28,2989698
[status] PUB sent=4169925 tps=7486 (pubs=10) | SUB recv=416763802 itps=3013183.07 p99=14.42ms conn=142082047/10522154.97,7527105.39,416763802,1000,1000,1000,0,0,0,0,0,0,16322382.81,31262678.90,38156574.26,16813142.21,3013932
[status] PUB sent=4199924 tps=7527 (pubs=10) | SUB recv=419761430 itps=2998031.67 p99=14.46ms conn=142082047/10558775.47,7545627.96,419761430,1000,1000,1000,0,0,0,0,0,0,15506341.94,28325090.54,30480511.48,15650167.69,2997628
[status] PUB sent=4229934 tps=7567 (pubs=10) | SUB recv=422759552 itps=2998141.34 p99=14.50ms conn=142082047/10617648.70,7601036.50,422759551,1000,1000,1000,0,0,0,0,0,0,18395910.58,36194751.74,41113646.57,18860380.48,2998121
[status] PUB sent=4289918 tps=7647 (pubs=10) | SUB recv=428737582 itps=2973067.82 p99=14.58ms conn=142082047/10733632.67,7723031.51,428737582,1000,1000,1000,0,0,0,0,0,0,17316625.73,40844369.83,47833983.22,18782394.61,2973750
[status] PUB sent=4319936 tps=7687 (pubs=10) | SUB recv=431748152 itps=3010428.86 p99=14.63ms conn=142082047/10804429.78,7808212.81,431748152,1000,1000,1000,0,0,0,0,0,0,20797708.07,40891860.03,45223781.82,20886699.79,3010570
[status] PUB sent=4349924 tps=7726 (pubs=10) | SUB recv=434781657 itps=3034064.54 p99=14.66ms conn=142082047/10831717.47,7816789.21,434781657,1000,1000,1000,0,0,0,0,0,0,14364784.91,28651281.55,33133530.78,14715479.34,3033505
[status] PUB sent=4379940 tps=7766 (pubs=10) | SUB recv=437784190 itps=3002321.22 p99=14.67ms conn=142082047/10841047.72,7810636.82,437784190,1000,1000,1000,0,0,0,0,0,0,12489576.90,24119939.03,31565085.56,12192115.07,3002533
[status] PUB sent=4439928 tps=7844 (pubs=10) | SUB recv=443753986 itps=2972909.06 p99=14.71ms conn=142082047/10871639.17,7811785.77,443753986,1000,1000,1000,0,0,0,0,0,0,14601230.83,30471401.25,36312497.83,15241473.50,2972592
[status] PUB sent=4469945 tps=7884 (pubs=10) | SUB recv=446751624 itps=2998168.20 p99=14.75ms conn=142082047/10923199.46,7854841.91,446751624,1000,1000,1000,0,0,0,0,0,0,18090798.81,35507338.31,41578451.03,18555903.41,2997638
[status] PUB sent=4499944 tps=7922 (pubs=10) | SUB recv=449785969 itps=3033710.60 p99=14.76ms conn=142082047/10925594.64,7842502.31,449785969,1000,1000,1000,0,0,0,0,0,0,12202208.49,18837257.23,27033202.85,11278239.67,3034345
[status] PUB sent=4529951 tps=7961 (pubs=10) | SUB recv=452786650 itps=3000693.54 p99=14.77ms conn=142082047/10926873.21,7830970.46,452786638,1000,1000,1000,0,0,0,0,0,0,12420751.65,19602676.60,26066093.52,11118526.28,3000669
[status] PUB sent=4589950 tps=8038 (pubs=10) | SUB recv=457247099 itps=1458849.95 p99=14.80ms conn=142082047/10955555.22,7830344.50,457247099,1000,1000,1000,0,0,0,0,0,0,14345716.44,26693732.95,30477373.50,14510278.76,1483013
[status] PUB sent=4619948 tps=8077 (pubs=10) | SUB recv=459109311 itps=1593749.03 p99=14.82ms conn=151912447/10980333.86,7897251.31,459109310,1000,1000,1000,0,0,0,0,0,0,15177602.72,52721574.98,82363931.16,17573975.11,1566407
[status] PUB sent=4649942 tps=8115 (pubs=10) | SUB recv=464749572 itps=8939210.20 p99=14.87ms conn=166461439/11042030.29,7973299.50,464749572,1000,1000,1000,0,0,0,0,0,0,14970818.13,30531766.65,49382020.84,15779692.81,4521870
[status] PUB sent=4679939 tps=8153 (pubs=10) | SUB recv=467759730 itps=3010675.83 p99=14.90ms conn=166461439/11071147.53,7995927.47,467759730,1000,1000,1000,0,0,0,0,0,0,14842564.59,32753497.56,46665960.37,15566667.87,3010158
[status] PUB sent=4739928 tps=8229 (pubs=10) | SUB recv=473762726 itps=2990538.86 p99=14.96ms conn=166461439/11135119.56,8021944.62,473762726,1000,1000,1000,0,0,0,0,0,0,17127285.99,32936259.80,41079078.14,17631748.93,2990070
[status] PUB sent=4769926 tps=8267 (pubs=10) | SUB recv=476761815 itps=2998262.98 p99=14.99ms conn=166461439/11173324.54,8041780.92,476761815,1000,1000,1000,0,0,0,0,0,0,16863156.73,31329830.95,35989099.42,17208522.81,2999089
[status] PUB sent=4799931 tps=8304 (pubs=10) | SUB recv=479774360 itps=3012799.73 p99=15.03ms conn=166461439/11234812.91,8183486.48,479774360,1000,1000,1000,0,0,0,0,0,0,16530773.33,60170543.38,87902591.74,20965889.20,3012545
[status] PUB sent=4829914 tps=8342 (pubs=10) | SUB recv=482784061 itps=3009626.11 p99=15.03ms conn=166461439/11235706.27,8168756.27,482784061,1000,1000,1000,0,0,0,0,0,0,11396224.09,19563762.28,21713913.52,11378117.66,3009701
[status] PUB sent=4889925 tps=8416 (pubs=10) | SUB recv=488775666 itps=3024883.87 p99=15.10ms conn=166461439/11312400.54,8211346.25,488775666,1000,1000,1000,0,0,0,0,0,0,16409486.61,33398583.06,41462491.52,17207619.95,3024376
[status] PUB sent=4919938 tps=8454 (pubs=10) | SUB recv=491771402 itps=2996047.60 p99=15.13ms conn=166461439/11341502.20,8220111.55,491771402,1000,1000,1000,0,0,0,0,0,0,15704649.61,29862081.84,35960082.83,16089645.06,2995736
[status] PUB sent=4949935 tps=8490 (pubs=10) | SUB recv=494758996 itps=2987069.24 p99=15.16ms conn=166461439/11370439.33,8228067.18,494758996,1000,1000,1000,0,0,0,0,0,0,15823196.76,29768418.54,33707522.02,16133621.08,2987594
[status] PUB sent=4979946 tps=8527 (pubs=10) | SUB recv=497760087 itps=3000907.92 p99=15.18ms conn=166461439/11397467.70,8236953.16,497760087,1000,1000,1000,0,0,0,0,0,0,15522838.37,29817901.47,36873617.10,15853356.59,3001091
[status] PUB sent=5039939 tps=8601 (pubs=10) | SUB recv=503449742 itps=2694051.88 p99=15.25ms conn=322699263/11542193.76,8852560.44,503449742,1000,1000,1000,0,0,0,0,0,0,21887825.67,113543965.87,133921761.46,33037519.70,2694242
[status] PUB sent=5069935 tps=8637 (pubs=10) | SUB recv=506101747 itps=2651696.83 p99=15.31ms conn=967835647/12274645.71,16283000.78,506101745,1000,1000,1000,0,0,0,0,0,0,140063828.99,232209683.46,254244613.07,151321527.21,2652003
[status] PUB sent=5099927 tps=8673 (pubs=10) | SUB recv=508784837 itps=2683608.59 p99=15.36ms conn=1408237567/13441599.59,26459566.69,508784837,1000,1000,1000,0,0,0,0,0,0,226498397.13,338482883.27,360541732.09,233559805.46,2683092
[status] PUB sent=5129930 tps=8710 (pubs=10) | SUB recv=511488367 itps=2703283.48 p99=15.42ms conn=1710227455/15047435.78,37826062.08,511488367,1000,1000,1000,0,0,0,0,0,0,309449769.50,394020574.51,413207534.20,317254218.91,2703530
[status] PUB sent=5189923 tps=8782 (pubs=10) | SUB recv=516921742 itps=2694085.40 p99=15.53ms conn=2550136831/19724615.14,64438152.62,516921742,1000,1000,1000,0,0,0,0,0,0,509988137.51,582331844.81,600032253.24,511646709.99,2694032
[status] PUB sent=5219911 tps=8817 (pubs=10) | SUB recv=519622008 itps=2700397.69 p99=15.60ms conn=2877292543/22780081.78,78996821.49,519622008,1000,1000,1000,0,0,0,0,0,0,611949565.89,688854793.10,708485787.64,607699174.09,2700266
[status] PUB sent=5249931 tps=8853 (pubs=10) | SUB recv=522296031 itps=2674181.21 p99=15.66ms conn=3361734655/26059587.30,93870452.81,522296031,1000,1000,1000,0,0,0,0,0,0,666188858.10,757555760.59,777183542.52,663340286.72,2674023
[status] PUB sent=5279945 tps=8889 (pubs=10) | SUB recv=525022754 itps=2725919.19 p99=15.73ms conn=3829399551/29796083.43,110881761.59,525022754,1000,1000,1000,0,0,0,0,0,0,740508265.92,832836963.26,852601940.32,745511283.76,2726723
[status] PUB sent=5339963 tps=8960 (pubs=10) | SUB recv=530403684 itps=2716488.69 p99=15.86ms conn=4370464767/38707159.37,147091130.20,530403684,1000,1000,1000,0,0,0,0,0,0,992408680.59,1072196752.56,1094163093.50,995890796.77,2716559
[status] PUB sent=5369947 tps=8995 (pubs=10) | SUB recv=533352653 itps=2949121.50 p99=15.94ms conn=4378853375/44852680.31,167931335.96,533352653,1000,1000,1000,0,0,0,0,0,0,1132254314.48,1251204113.61,1272824394.71,1150190494.01,2948969
[status] PUB sent=5399952 tps=9030 (pubs=10) | SUB recv=535828624 itps=2475820.64 p99=16.00ms conn=4378853375/49572371.58,183268356.94,535828624,1000,1000,1000,0,0,0,0,0,0,1064835308.26,1187199996.44,1211024108.38,1066248197.20,2475971
[status] PUB sent=5429949 tps=9065 (pubs=10) | SUB recv=538996899 itps=3168688.45 p99=16.09ms conn=4378853375/56744485.17,204656529.78,538996899,1000,1000,1000,0,0,0,0,0,0,1286716256.52,1388808199.45,1413623788.41,1269714873.96,3168275
[status] PUB sent=5489953 tps=9135 (pubs=10) | SUB recv=545642297 itps=3285196.13 p99=16.26ms conn=4378853375/69194152.51,233682803.39,545642297,1000,1000,1000,0,0,0,0,0,0,1037485927.82,1132115455.92,1153822584.18,1039382325.17,3285117
[status] PUB sent=5519939 tps=9169 (pubs=10) | SUB recv=548622993 itps=2980601.51 p99=16.35ms conn=4378853375/73643689.78,241715715.48,548622993,1000,1000,1000,0,0,0,0,0,0,889394441.86,962414902.27,983824419.32,888170140.39,2980696
[status] PUB sent=5549948 tps=9204 (pubs=10) | SUB recv=551448369 itps=2825087.48 p99=16.43ms conn=4378853375/78321665.73,250686284.27,551448369,1000,1000,1000,0,0,0,0,0,0,981152865.27,1088312408.71,1110738247.18,986676931.29,2825376
[status] PUB sent=5579936 tps=9238 (pubs=10) | SUB recv=554341516 itps=2893332.97 p99=16.52ms conn=4378853375/82853450.34,259342222.44,554341516,1000,1000,1000,0,0,0,0,0,0,948352913.01,1022015659.94,1043498397.17,946634390.32,2893147
[status] PUB sent=5639932 tps=9307 (pubs=10) | SUB recv=560373864 itps=3060620.26 p99=16.70ms conn=4378853375/92595378.86,280136660.08,560373864,1000,1000,1000,0,0,0,0,0,0,993816070.40,1068863822.83,1094680708.59,994108995.61,3060270
[status] PUB sent=5669936 tps=9341 (pubs=10) | SUB recv=563431630 itps=3057756.52 p99=16.80ms conn=4378853375/97552002.08,290839873.60,563431630,1000,1000,1000,0,0,0,0,0,0,1007411056.73,1107615530.90,1129349933.47,1005915200.61,3057766
[status] PUB sent=5699957 tps=9375 (pubs=10) | SUB recv=566403772 itps=2971787.77 p99=16.90ms conn=4378853375/101897833.32,300866822.36,566403755,1000,1000,1000,0,0,0,0,0,0,925725752.13,1009908311.86,1034466234.99,925745679.18,2972125
[status] PUB sent=5744931 tps=9426 (pubs=10) | SUB recv=569492042 itps=3088273.88 p99=17.00ms conn=4378853375/106167462.15,311630052.58,569492007,1000,1000,1000,0,0,0,0,0,0,884540682.44,969424909.76,993091982.60,889242743.71,3088252
[status] PUB sent=5789930 tps=9476 (pubs=10) | SUB recv=575738376 itps=3111798.68 p99=17.22ms conn=4378853375/114333898.45,329387169.98,575738376,1000,1000,1000,0,0,0,0,0,0,777678578.34,928864525.35,960465817.82,791211804.76,3111546
[status] PUB sent=5819940 tps=9510 (pubs=10) | SUB recv=578823794 itps=3085475.84 p99=17.34ms conn=4378853375/118479001.18,339028287.39,578823794,1000,1000,1000,0,0,0,0,0,0,890557205.71,960715195.28,986356148.99,891954333.57,3085418
[status] PUB sent=5849934 tps=9543 (pubs=10) | SUB recv=581914571 itps=3091097 p99=17.45ms conn=4378853375/122163144.93,347178750.06,581914571,1000,1000,1000,0,0,0,0,0,0,809109659.26,885207487.66,920416143.07,812109416.86,3090777
[status] PUB sent=5909947 tps=9610 (pubs=10) | SUB recv=585035082 itps=3119968.71 p99=17.57ms conn=4378853375/126454023.93,357233448.50,585035082,1000,1000,1000,0,0,0,0,0,0,919506065.62,1008466823.68,1031191359.98,926619448.67,3120511
[status] PUB sent=5939936 tps=9643 (pubs=10) | SUB recv=591782027 itps=3063645.16 p99=17.88ms conn=4378853375/132365159.85,364811900.11,591782017,1000,1000,1000,0,0,0,0,0,0,459286653.60,557590940.85,577764449.49,460370685.25,3064164
[status] PUB sent=5969932 tps=9676 (pubs=10) | SUB recv=595426975 itps=3645929.02 p99=18.06ms conn=4378853375/134164160.94,366643189.70,595426975,1000,1000,1000,0,0,0,0,0,0,424174896.47,592212509.05,615188278.77,426243382.79,3644958
[status] PUB sent=5999958 tps=9709 (pubs=10) | SUB recv=598532732 itps=3105632.24 p99=18.18ms conn=4378853375/134727255.59,367185592.43,598532732,1000,1000,1000,0,0,0,0,0,0,242582220.96,273789119.08,288360830.34,242682174.86,3105757
[status] PUB sent=6059934 tps=9774 (pubs=10) | SUB recv=601604110 itps=3071621.04 p99=18.31ms conn=4378853375/135226346.50,367431302.38,601604110,1000,1000,1000,0,0,0,0,0,0,232136103.15,269023795.67,285384739.09,232486352.10,3071378
[status] PUB sent=6089937 tps=9807 (pubs=10) | SUB recv=607730253 itps=3046067.20 p99=18.58ms conn=4378853375/135624512.50,366897314.71,607730253,1000,1000,1000,0,0,0,0,0,0,155383627.13,189982191.07,203896491.28,157267376.82,3046059
[status] PUB sent=6119928 tps=9839 (pubs=10) | SUB recv=610779524 itps=3048933.75 p99=18.72ms conn=4378853375/135690111.51,366419329.37,610779524,1000,1000,1000,0,0,0,0,0,0,148902979.95,181447347.75,194508631.60,148764221.02,3049271
[status] PUB sent=6149935 tps=9872 (pubs=10) | SUB recv=613850448 itps=3071237.12 p99=18.88ms conn=4378853375/135632477.02,365784607.73,613850448,1000,1000,1000,0,0,0,0,0,0,123250582.62,161056986.85,179631368.59,124169489.61,3070924
[status] PUB sent=6209903 tps=9936 (pubs=10) | SUB recv=616908334 itps=3058075.91 p99=19.05ms conn=4378853375/135445520.14,365057164.33,616908333,1000,1000,1000,0,0,0,0,0,0,96469766.95,130767007.10,146134495.27,97915146.13,3057885
[status] PUB sent=6239940 tps=9968 (pubs=10) | SUB recv=623050571 itps=3070176.38 p99=19.41ms conn=4378853375/134713666.05,363472405.30,623050571,1000,1000,1000,0,0,0,0,0,0,43406509.45,101676489.21,118247905.68,48371468.41,3069846
[status] PUB sent=6269952 tps=10000 (pubs=10) | SUB recv=626090492 itps=3039354.67 p99=19.51ms conn=4378853375/134175228.18,362695014.79,626090491,1000,1000,1000,0,0,0,0,0,0,21143935.14,50759160.93,61392283.56,23819027.69,3039920
[status] PUB sent=6299909 tps=10032 (pubs=10) | SUB recv=629081477 itps=2991178.16 p99=19.59ms conn=4378853375/133631844.15,361930569.67,629081477,1000,1000,1000,0,0,0,0,0,0,19424409.53,36891427.37,40949861.30,19887554.72,2990986
[status] PUB sent=6359927 tps=10095 (pubs=10) | SUB recv=635085081 itps=3007944.98 p99=19.77ms conn=4378853375/132560487.26,360408785.32,635085081,1000,1000,1000,0,0,0,0,0,0,19526598.55,36869672.51,41927992.59,19874610.63,3007843
[status] PUB sent=6389917 tps=10127 (pubs=10) | SUB recv=638093716 itps=3009208.08 p99=19.86ms conn=4378853375/132029889.89,359652266.51,638093715,1000,1000,1000,0,0,0,0,0,0,19635650.90,37310692.12,41250505.98,20027408.54,3008634
[status] PUB sent=6419926 tps=10158 (pubs=10) | SUB recv=641089627 itps=2994620.10 p99=19.95ms conn=4378853375/131508782.45,358903076.48,641089629,1000,1000,1000,0,0,0,0,0,0,20027548.27,38173095.17,45519115.26,20519154.62,2995914
[status] PUB sent=6449944 tps=10190 (pubs=10) | SUB recv=644081342 itps=2992221.09 p99=20.03ms conn=4378853375/130990812.01,358163358.39,644081342,1000,1000,1000,0,0,0,0,0,0,19816241.97,37020465.81,41133986.19,19995713.16,2991713
[status] PUB sent=6509931 tps=10252 (pubs=10) | SUB recv=650052827 itps=2971580.65 p99=20.19ms conn=4378853375/129969924.74,356694174.58,650052827,1000,1000,1000,0,0,0,0,0,0,19261040.75,37596910.77,44739067.89,19919252.27,2971670
[status] PUB sent=6539924 tps=10283 (pubs=10) | SUB recv=653089671 itps=3037642.27 p99=20.24ms conn=4378853375/129446578.66,355956713.64,653089671,1000,1000,1000,0,0,0,0,0,0,16883282.06,32434035.89,43731600.65,17421529.70,3036844
[status] PUB sent=6569938 tps=10314 (pubs=10) | SUB recv=656071895 itps=2981866.26 p99=20.26ms conn=4378853375/128931159.99,355231360.14,656071895,1000,1000,1000,0,0,0,0,0,0,15812626.67,29066115.24,32148009.27,16057475.70,2982224
[status] PUB sent=6614940 tps=10360 (pubs=10) | SUB recv=659088231 itps=3016336.19 p99=20.33ms conn=4378853375/128427423.76,354508502.73,659088217,1000,1000,1000,0,0,0,0,0,0,18138524.44,35859516.89,41260539.94,18861143.16,3016322
[status] PUB sent=6659943 tps=10406 (pubs=10) | SUB recv=665086926 itps=3011673.96 p99=20.48ms conn=4378853375/127448827.09,353082090.17,665086926,1000,1000,1000,0,0,0,0,0,0,18778647.82,37858195.88,43985822.94,19761005.70,3011349
[status] PUB sent=6689944 tps=10437 (pubs=10) | SUB recv=667655502 itps=2568164.28 p99=20.61ms conn=4378853375/127196917.38,352535933.66,667655502,1000,1000,1000,0,0,0,0,0,0,52522191.65,169387392.86,193231821.14,61969391.91,2568576
[status] PUB sent=6719938 tps=10467 (pubs=10) | SUB recv=670690771 itps=3035341.57 p99=20.83ms conn=4378853375/127427755.22,352539882.53,670690767,1000,1000,1000,0,0,0,0,0,0,164364727.42,279117040.93,306707548.56,178204263.87,3035265
[status] PUB sent=6779930 tps=10528 (pubs=10) | SUB recv=673984279 itps=3293791.18 p99=20.97ms conn=4378853375/127327408.56,351864441.13,673984277,1000,1000,1000,0,0,0,0,0,0,103959886.24,177910324.73,195674368.98,106892800.88,3293510
[status] PUB sent=6809917 tps=10558 (pubs=10) | SUB recv=680106659 itps=3008310.10 p99=20.88ms conn=4378853375/126347534.79,350471025.98,680106656,1000,1000,1000,0,0,0,0,0,0,12510804.49,21946377.87,26950735.30,12509150.00,3008055
[status] PUB sent=6839937 tps=10588 (pubs=10) | SUB recv=683103228 itps=2996554.78 p99=20.83ms conn=4378853375/125849885.80,349786167.44,683103228,1000,1000,1000,0,0,0,0,0,0,13058785.39,24769579.91,29262463.08,12902694.89,2996572
[status] PUB sent=6869942 tps=10618 (pubs=10) | SUB recv=686102399 itps=2998657.48 p99=20.76ms conn=4378853375/125355128.03,349103636.20,686102399,1000,1000,1000,0,0,0,0,0,0,12480185.75,22330054.11,27504476.98,12667111.51,2999171
[status] PUB sent=6929922 tps=10678 (pubs=10) | SUB recv=692104688 itps=3004977.11 p99=20.64ms conn=4378853375/124374659.69,347750491.89,692104687,1000,1000,1000,0,0,0,0,0,0,12568587.89,22792080.77,28706921.20,12499255.77,3004905
[status] PUB sent=6959928 tps=10708 (pubs=10) | SUB recv=695105172 itps=3000232.80 p99=20.57ms conn=4378853375/123890761.13,347080190.49,695105172,1000,1000,1000,0,0,0,0,0,0,12194995.30,21504266.72,25511073.15,12272651.45,3000485
[status] PUB sent=6989926 tps=10737 (pubs=10) | SUB recv=698103258 itps=2998095.19 p99=20.53ms conn=4378853375/123415176.45,346413619.11,698103258,1000,1000,1000,0,0,0,0,0,0,12812557.37,24631695.52,31621942.55,13151038.49,2998086
[status] PUB sent=7019932 tps=10767 (pubs=10) | SUB recv=701101824 itps=2999027.72 p99=20.46ms conn=4378853375/122938099.83,345751982.61,701101824,1000,1000,1000,0,0,0,0,0,0,11677738.31,20192057.72,22367645.70,11868760.19,2998566
[status] PUB sent=7079935 tps=10826 (pubs=10) | SUB recv=707096594 itps=2989155.44 p99=20.36ms conn=4378853375/122006758.32,344435768.50,707096594,1000,1000,1000,0,0,0,0,0,0,13717973.29,28613748.53,37481802.07,13795563.85,2989454
[status] PUB sent=7109938 tps=10855 (pubs=10) | SUB recv=710000932 itps=2903619.01 p99=20.43ms conn=4378853375/121598919.31,343807370.01,710000932,1000,1000,1000,0,0,0,0,0,0,19519540.66,55230916.11,76569831.40,22305524.52,2904338
[status] PUB sent=7139939 tps=10884 (pubs=10) | SUB recv=713089929 itps=3089767.30 p99=20.48ms conn=4378853375/121162375.74,343138427.45,713089929,1000,1000,1000,0,0,0,0,0,0,18080858.90,48655231.64,66502990.43,20823547.33,3088997
[status] PUB sent=7199930 tps=10942 (pubs=10) | SUB recv=716092506 itps=3002232.38 p99=20.51ms conn=4378853375/120724064.40,342490722.39,716092506,1000,1000,1000,0,0,0,0,0,0,16203777.87,30425701.55,36447895.34,16628350.50,3002577
[status] PUB sent=7229921 tps=10971 (pubs=10) | SUB recv=722098170 itps=3014099.27 p99=20.57ms conn=4378853375/119858065.70,341205712.55,722098170,1000,1000,1000,0,0,0,0,0,0,16617925.01,31095378.02,35953314.31,16894445.97,3014037
[status] PUB sent=7259847 tps=11000 (pubs=10) | SUB recv=725083677 itps=2985901.78 p99=20.60ms conn=4378853375/119433366.41,340573127.57,725083677,1000,1000,1000,0,0,0,0,0,0,16532776.60,30423178.33,33695963.02,16712261.17,2985507
[status] PUB sent=7260055 tps=10984 (pubs=10) | SUB recv=725333025 itps=249244.49 p99=20.60ms conn=4378853375/119397659.41,340520046.81,725333025,1000,1000,1000,0,0,0,0,0,0,15017240.05,29960707.82,32407895.90,15564597.15,249348
[status] PUB sent=7260455 tps=10951 (pubs=10) | SUB recv=725353025 itps=20002.87 p99=20.59ms conn=4378853375/119394428.04,340515928.99,725353025,1000,1000,1000,0,0,0,0,0,0,2202623,3700735,3979877.40,2203326.81,20000
[status] PUB sent=7260655 tps=10935 (pubs=10) | SUB recv=725393025 itps=20000.18 p99=20.59ms conn=4378853375/119387966.70,340507693.52,725393025,1000,1000,1000,0,0,0,0,0,0,2254335,3815832.60,4232395.80,2255015.31,20000
[status] PUB sent=7260856 tps=10919 (pubs=10) | SUB recv=725413025 itps=19997.83 p99=20.59ms conn=4378853375/119384735.75,340503576.20,725413025,1000,1000,1000,0,0,0,0,0,0,2196786.20,3714661.40,3991551,2199446.24,20000
[status] PUB sent=7261056 tps=10902 (pubs=10) | SUB recv=725433025 itps=20006.33 p99=20.59ms conn=4378853375/119381504.07,340499459.41,725433025,1000,1000,1000,0,0,0,0,0,0,2164837.40,3669810.20,3967179.80,2166450.86,20000
[status] PUB sent=7261455 tps=10870 (pubs=10) | SUB recv=725471025 itps=17998.90 p99=20.59ms conn=4378853375/119375364.91,340491127.31,725471025,1000,1000,1000,0,0,0,0,0,0,2093965.22,3602431,3821567,2098112.56,18000
[status] PUB sent=7261656 tps=10854 (pubs=10) | SUB recv=725493025 itps=19999.87 p99=20.59ms conn=4378853375/119371814.40,340487108.13,725493025,1000,1000,1000,0,0,0,0,0,0,2211224.60,3749682.20,4080639,2212698.32,20000
[status] PUB sent=7261856 tps=10839 (pubs=10) | SUB recv=725513025 itps=20002.77 p99=20.59ms conn=4378853375/119368585.12,340482991.23,725513025,1000,1000,1000,0,0,0,0,0,0,2229963.80,3759307.80,4066098.20,2227632.88,20000
[status] PUB sent=7262056 tps=10823 (pubs=10) | SUB recv=725533025 itps=19996.08 p99=20.59ms conn=4378853375/119365355.31,340478874.82,725533025,1000,1000,1000,0,0,0,0,0,0,2203237.40,3737803.80,3967384.60,2201949.01,20000
[status] PUB sent=7262455 tps=10791 (pubs=10) | SUB recv=725573025 itps=19997.10 p99=20.59ms conn=4378853375/119358894.63,340470642.96,725573025,1000,1000,1000,0,0,0,0,0,0,2152651.80,3673291.80,3950386.20,2157300.33,20000
[status] PUB sent=7262655 tps=10776 (pubs=10) | SUB recv=725593025 itps=20000.03 p99=20.59ms conn=4378853375/119355665.59,340466526.79,725593025,1000,1000,1000,0,0,0,0,0,0,2210917.40,3752959,4093131.80,2210382.35,20000
[status] PUB sent=7262856 tps=10760 (pubs=10) | SUB recv=725613025 itps=20001.24 p99=20.59ms conn=4378853375/119352437.23,340462410.63,725613025,1000,1000,1000,0,0,0,0,0,0,2225355.80,3776920.60,4045413.40,2228866.17,20000
[status] PUB sent=7263055 tps=10744 (pubs=10) | SUB recv=725633025 itps=19993.82 p99=20.59ms conn=4378853375/119349208.86,340458294.60,725633025,1000,1000,1000,0,0,0,0,0,0,2220440.60,3773029.40,4085963.80,2221898.20,20000
[status] PUB sent=7263455 tps=10713 (pubs=10) | SUB recv=725673025 itps=19996.96 p99=20.59ms conn=4378853375/119342752.39,340450063.12,725673025,1000,1000,1000,0,0,0,0,0,0,2222898.20,3803339.80,4056472.60,2228144.63,20000
[status] PUB sent=7263655 tps=10698 (pubs=10) | SUB recv=725693025 itps=20003.93 p99=20.59ms conn=4378853375/119339522.61,340445948.38,725693025,1000,1000,1000,0,0,0,0,0,0,2146917.40,3650968.60,3943218.20,2151517.06,20000
[status] PUB sent=7263855 tps=10682 (pubs=10) | SUB recv=725713025 itps=19996.60 p99=20.59ms conn=4378853375/119336295.06,340441832.89,725713025,1000,1000,1000,0,0,0,0,0,0,2220235.80,3795352.60,4107672.60,2225833.37,20000
[status] PUB sent=7264255 tps=10651 (pubs=10) | SUB recv=725733025 itps=20006.72 p99=20.58ms conn=4378853375/119333067.10,340437717.83,725733025,1000,1000,1000,0,0,0,0,0,0,2198834.20,3780811.80,4074904.60,2204483.03,20000
[status] PUB sent=7264455 tps=10636 (pubs=10) | SUB recv=725773025 itps=19997.87 p99=20.58ms conn=4378853375/119326612.64,340429487.92,725773025,1000,1000,1000,0,0,0,0,0,0,2223307.80,3798424.60,4158258.20,2226721.63,20000
[status] PUB sent=7264656 tps=10621 (pubs=10) | SUB recv=725793025 itps=19998.97 p99=20.58ms conn=4378853375/119323385.92,340425372.98,725793025,1000,1000,1000,0,0,0,0,0,0,2230578.20,3778149.40,4047461.40,2230115.00,20000
[status] PUB sent=7264855 tps=10606 (pubs=10) | SUB recv=725813025 itps=20001.40 p99=20.58ms conn=4378853375/119320158.82,340421258.42,725813025,1000,1000,1000,0,0,0,0,0,0,2208357.40,3796376.60,4108082.20,2209985.63,20000
[status] PUB sent=7265255 tps=10575 (pubs=10) | SUB recv=725833025 itps=20004.94 p99=20.58ms conn=4378853375/119316933.36,340417143.53,725833025,1000,1000,1000,0,0,0,0,0,0,2262834.20,3845733.40,4257176.60,2262844.13,20000
[status] PUB sent=7265456 tps=10560 (pubs=10) | SUB recv=725873025 itps=20001.09 p99=20.58ms conn=4378853375/119310481.17,340408914.81,725873025,1000,1000,1000,0,0,0,0,0,0,2203851.80,3735755.80,4028619.80,2202453.61,20000
[status] PUB sent=7265655 tps=10545 (pubs=10) | SUB recv=725893025 itps=19998.36 p99=20.58ms conn=4378853375/119307256.08,340404800.20,725893025,1000,1000,1000,0,0,0,0,0,0,2245733.40,3864370.20,4795800.60,2256961.25,20000
[status] PUB sent=7265855 tps=10530 (pubs=10) | SUB recv=725913025 itps=20000.97 p99=20.58ms conn=4378853375/119304029.77,340400686.51,725913025,1000,1000,1000,0,0,0,0,0,0,2210405.40,3744767,4091288.60,2206198.74,20000
[status] PUB sent=7266257 tps=10500 (pubs=10) | SUB recv=725953025 itps=20001.42 p99=20.58ms conn=4378853375/119297577.91,340392459.36,725953025,1000,1000,1000,0,0,0,0,0,0,2173746.20,3880754.20,5372722.20,2228183.21,20000
[status] PUB sent=7266455 tps=10486 (pubs=10) | SUB recv=725973025 itps=19999.02 p99=20.58ms conn=4378853375/119294352.12,340388346.16,725973025,1000,1000,1000,0,0,0,0,0,0,2188184.60,3799448.60,4646091.80,2205970.90,20000
[status] PUB sent=7266655 tps=10471 (pubs=10) | SUB recv=725993025 itps=19999.01 p99=20.58ms conn=4378853375/119291127.15,340384232.58,725993025,1000,1000,1000,0,0,0,0,0,0,2206309.40,3806411.80,4768562.20,2229005.41,20000
[status] PUB sent=7266856 tps=10456 (pubs=10) | SUB recv=726013025 itps=20002.13 p99=20.58ms conn=4378853375/119287901.87,340380119.52,726013025,1000,1000,1000,0,0,0,0,0,0,2216037.40,3700325.40,4001995.80,2211417.40,20000
[status] PUB sent=7267255 tps=10426 (pubs=10) | SUB recv=726053025 itps=20001.15 p99=20.58ms conn=4378853375/119281451.70,340371893.80,726053025,1000,1000,1000,0,0,0,0,0,0,2221362.20,3738827.80,4043570.20,2218122.06,20000
[status] PUB sent=7267455 tps=10412 (pubs=10) | SUB recv=726073025 itps=20001.40 p99=20.58ms conn=4378853375/119278226.55,340367781.32,726073025,1000,1000,1000,0,0,0,0,0,0,2194840.60,3721010.20,4224818.20,2196604.85,20000
[status] PUB sent=7267655 tps=10397 (pubs=10) | SUB recv=726093025 itps=19996.14 p99=20.58ms conn=4378853375/119275001.26,340363669.08,726093025,1000,1000,1000,0,0,0,0,0,0,2188082.20,3677797.40,4048485.40,2185334.80,20000
[status] PUB sent=7268055 tps=10368 (pubs=10) | SUB recv=726113025 itps=19999.60 p99=20.58ms conn=4378853375/119271776.96,340359556.66,726113025,1000,1000,1000,0,0,0,0,0,0,2222795.80,3696843.80,3917208.60,2214709.01,20000
[status] PUB sent=7268255 tps=10354 (pubs=10) | SUB recv=726153025 itps=20001.43 p99=20.57ms conn=4378853375/119265324.75,340351334.04,726153025,1000,1000,1000,0,0,0,0,0,0,2129099.80,3589938.20,3900005.40,2126084.79,20000
[status] PUB sent=7268456 tps=10339 (pubs=10) | SUB recv=726173025 itps=20003.95 p99=20.57ms conn=4378853375/119262100.23,340347222.36,726173025,1000,1000,1000,0,0,0,0,0,0,2190539.80,3655269.40,4307352.60,2187396.53,20000
[status] PUB sent=7268655 tps=10325 (pubs=10) | SUB recv=726193025 itps=19996.71 p99=20.57ms conn=4378853375/119258877.64,340343110.15,726193025,1000,1000,1000,0,0,0,0,0,0,2246962.20,3821362.20,4145151,2250807.12,20000
[status] PUB sent=7269054 tps=10296 (pubs=10) | SUB recv=726213025 itps=19997.82 p99=20.57ms conn=4378853375/119255649.51,340339000.43,726213025,1000,1000,1000,0,0,0,0,0,0,2038373.40,3510271,3770367,2043331.86,20000
[status] PUB sent=7269256 tps=10282 (pubs=10) | SUB recv=726253025 itps=19998.47 p99=20.57ms conn=4378853375/119249192.50,340330782.07,726253025,1000,1000,1000,0,0,0,0,0,0,2038168.60,3479551,3857816.60,2047871.62,20000
[status] PUB sent=7269455 tps=10268 (pubs=10) | SUB recv=726273025 itps=20002.49 p99=20.57ms conn=4378853375/119245968.77,340326671.14,726273025,1000,1000,1000,0,0,0,0,0,0,2183986.20,3704626.20,3930315.80,2183658.88,20000
[status] PUB sent=7269656 tps=10253 (pubs=10) | SUB recv=726293025 itps=19999.25 p99=20.57ms conn=4378853375/119242746.49,340322559.91,726293025,1000,1000,1000,0,0,0,0,0,0,2230066.20,3782859.80,4129381.40,2230319.23,20000
[status] PUB sent=7270056 tps=10225 (pubs=10) | SUB recv=726333025 itps=20004.54 p99=20.57ms conn=4378853375/119236302.40,340314337.91,726333025,1000,1000,1000,0,0,0,0,0,0,2251263,3835083.80,4596939.80,2261198.98,20000
[status] PUB sent=7270257 tps=10211 (pubs=10) | SUB recv=726353025 itps=19999.88 p99=20.57ms conn=4378853375/119233080.39,340310227.06,726353025,1000,1000,1000,0,0,0,0,0,0,2217163.80,3756645.40,4100095,2220463.55,20000
[status] PUB sent=7270456 tps=10197 (pubs=10) | SUB recv=726373025 itps=19999.38 p99=20.57ms conn=4378853375/119229860.06,340306115.89,726373025,1000,1000,1000,0,0,0,0,0,0,2269797.40,3844299.80,4306533.40,2274981.42,20000
[status] PUB sent=7270675 tps=10182 (pubs=10) | SUB recv=726393025 itps=19998.66 p99=20.57ms conn=4378853375/119226638.67,340302005.26,726393025,1000,1000,1000,0,0,0,0,0,0,2225765.40,3783474.20,4077362.20,2229985.09,20000
[status] PUB sent=7271056 tps=10155 (pubs=10) | SUB recv=726433025 itps=20004.17 p99=20.57ms conn=4378853375/119220196.71,340293784.55,726433025,1000,1000,1000,0,0,0,0,0,0,2227301.40,3764223,4402789.40,2235445.64,20000
[status] PUB sent=7271255 tps=10141 (pubs=10) | SUB recv=726453025 itps=19997.52 p99=20.57ms conn=4378853375/119216973.99,340289675.22,726453025,1000,1000,1000,0,0,0,0,0,0,2159717.40,3675135,3941579.80,2162358.73,20000
[status] PUB sent=7271455 tps=10127 (pubs=10) | SUB recv=726473025 itps=20000.87 p99=20.56ms conn=4378853375/119213756.25,340285564.19,726473025,1000,1000,1000,0,0,0,0,0,0,2271231,4111154.20,5872229.40,2336763.44,20000
[status] PUB sent=7271856 tps=10100 (pubs=10) | SUB recv=726493025 itps=20001.17 p99=20.56ms conn=4378853375/119210535.49,340281454.48,726493025,1000,1000,1000,0,0,0,0,0,0,2220031,3790642.20,4108082.20,2220744.40,20000
[status] PUB sent=7272055 tps=10086 (pubs=10) | SUB recv=726533025 itps=19998.50 p99=20.56ms conn=4378853375/119204094.08,340273235.82,726533025,1000,1000,1000,0,0,0,0,0,0,2170264.60,3759103,4639333.40,2188682.12,20000
[status] PUB sent=7272256 tps=10072 (pubs=10) | SUB recv=726553025 itps=20003.28 p99=20.56ms conn=4378853375/119200872.94,340269126.97,726553025,1000,1000,1000,0,0,0,0,0,0,2188696.60,3745995.80,4160511,2187663.60,20000
[status] PUB sent=7272456 tps=10059 (pubs=10) | SUB recv=726573025 itps=20000.15 p99=20.56ms conn=4378853375/119197650.98,340265018.68,726573025,1000,1000,1000,0,0,0,0,0,0,2149887,3673291.80,3996056.60,2151586.96,20000
[status] PUB sent=7272855 tps=10032 (pubs=10) | SUB recv=726613025 itps=19999.48 p99=20.56ms conn=4378853375/119191211.68,340256800.56,726613025,1000,1000,1000,0,0,0,0,0,0,2200779.80,4092312.60,5538815,2256347.30,20000
[status] PUB sent=7273055 tps=10018 (pubs=10) | SUB recv=726633025 itps=20003.30 p99=20.56ms conn=4378853375/119187991.63,340252692.03,726633025,1000,1000,1000,0,0,0,0,0,0,2203032.60,3753163.80,4168498.20,2201536.08,20000
[status] PUB sent=7273255 tps=10004 (pubs=10) | SUB recv=726653025 itps=19999.65 p99=20.56ms conn=4378853375/119184770.86,340248584.06,726653025,1000,1000,1000,0,0,0,0,0,0,2171083.80,3652197.40,3886283.80,2168856.79,20000
[status] PUB sent=7273555 tps=9984 (pubs=10) | SUB recv=726673025 itps=19997.80 p99=20.56ms conn=4378853375/119181551.70,340244475.56,726673025,1000,1000,1000,0,0,0,0,0,0,2223103,3739851.80,4136959,2221046.87,20000
[status] PUB sent=7273855 tps=9964 (pubs=10) | SUB recv=726713025 itps=20004.53 p99=20.56ms conn=4378853375/119175110.69,340236260.39,726713025,1000,1000,1000,0,0,0,0,0,0,2148863,3599563.80,3888741.40,2143167.63,20000
[status] PUB sent=7274055 tps=9951 (pubs=10) | SUB recv=726733025 itps=20000.04 p99=20.56ms conn=4378853375/119171890.02,340232153.25,726733025,1000,1000,1000,0,0,0,0,0,0,2145483.80,3591576.60,4174642.20,2147080.40,20000
[status] PUB sent=7274255 tps=9938 (pubs=10) | SUB recv=726753025 itps=19997.04 p99=20.56ms conn=4378853375/119168674.85,340228044.25,726753025,1000,1000,1000,0,0,0,0,0,0,2285567,4008959,5889637.40,2340083.32,20000
[status] PUB sent=7274656 tps=9911 (pubs=10) | SUB recv=726773025 itps=19999.28 p99=20.56ms conn=4378853375/119165456.60,340223936.60,726773025,1000,1000,1000,0,0,0,0,0,0,2221771.80,3757055,4021247,2221719.27,20000
[status] PUB sent=7274855 tps=9898 (pubs=10) | SUB recv=726813025 itps=20002.01 p99=20.56ms conn=4378853375/119159019.26,340215722.15,726813025,1000,1000,1000,0,0,0,0,0,0,2189618.20,3724082.20,4005887,2192308.12,20000
[status] PUB sent=7275056 tps=9885 (pubs=10) | SUB recv=726833025 itps=19997.93 p99=20.56ms conn=4378853375/119155801.94,340211614.49,726833025,1000,1000,1000,0,0,0,0,0,0,2219109.40,3813170.20,4598168.60,2236577.54,20000
[status] PUB sent=7275255 tps=9871 (pubs=10) | SUB recv=726853025 itps=20002.03 p99=20.56ms conn=4378853375/119152584.41,340207507.42,726853025,1000,1000,1000,0,0,0,0,0,0,2221874.20,3760741.40,4054015,2222225.67,20000
[status] PUB sent=7275656 tps=9845 (pubs=10) | SUB recv=726893025 itps=19998.74 p99=20.55ms conn=4378853375/119146149.13,340199293.98,726893025,1000,1000,1000,0,0,0,0,0,0,2217471,3772415,4048280.60,2216572.38,20000
[status] PUB sent=7275855 tps=9832 (pubs=10) | SUB recv=726913025 itps=20001.65 p99=20.55ms conn=4378853375/119142931.01,340195187.73,726913025,1000,1000,1000,0,0,0,0,0,0,2182757.40,3695205.40,4085963.80,2181597.09,20000
[status] PUB sent=7276055 tps=9819 (pubs=10) | SUB recv=726933025 itps=20002.86 p99=20.55ms conn=4378853375/119139715.34,340191080.60,726933025,1000,1000,1000,0,0,0,0,0,0,2258226.20,3830373.40,4730264.60,2264312.37,20000
[status] PUB sent=7276455 tps=9793 (pubs=10) | SUB recv=726953025 itps=19995.50 p99=20.55ms conn=4378853375/119136499.30,340186973.85,726953025,1000,1000,1000,0,0,0,0,0,0,2239077.40,3796376.60,4577279,2244072.34,20000
[status] PUB sent=7276657 tps=9780 (pubs=10) | SUB recv=726993025 itps=20001.18 p99=20.55ms conn=4378853375/119130069.72,340178759.98,726993025,1000,1000,1000,0,0,0,0,0,0,2253618.20,4078591,6696139.80,2353178.04,20000
[status] PUB sent=7276855 tps=9768 (pubs=10) | SUB recv=727013025 itps=20002.12 p99=20.55ms conn=4378853375/119126852.26,340174654.56,727013025,1000,1000,1000,0,0,0,0,0,0,2165042.20,3698482.20,4281547.80,2173431.74,20000
[status] PUB sent=7277056 tps=9755 (pubs=10) | SUB recv=727033025 itps=19993.66 p99=20.55ms conn=4378853375/119123634.02,340170549.66,727033025,1000,1000,1000,0,0,0,0,0,0,2146917.40,3629055,3897343,2138386.83,20000
[status] PUB sent=7277455 tps=9729 (pubs=10) | SUB recv=727073025 itps=19996.52 p99=20.55ms conn=4378853375/119117202.05,340162338.71,727073025,1000,1000,1000,0,0,0,0,0,0,2175896.60,3668991,3934821.40,2171051.34,20000
[status] PUB sent=7277655 tps=9717 (pubs=10) | SUB recv=727093025 itps=20001.65 p99=20.55ms conn=4378853375/119113985.33,340158233.78,727093025,1000,1000,1000,0,0,0,0,0,0,2182859.80,3679231,4019199,2174242.18,20000
[status] PUB sent=7277855 tps=9704 (pubs=10) | SUB recv=727113025 itps=19996.28 p99=20.55ms conn=4378853375/119110770.87,340154128.18,727113025,1000,1000,1000,0,0,0,0,0,0,2198731.80,3888127,5599640.60,2250394.93,20000
[status] PUB sent=7357873 tps=9784 (pubs=10) | SUB recv=730128906 itps=3016819.70 p99=20.71ms conn=4378853375/119044073.27,339980873.07,730128906,1000,1000,1000,0,0,0,0,0,0,98523855.92,185523832.03,205119064.13,102963631.33,3015881
[status] PUB sent=7397873 tps=9825 (pubs=10) | SUB recv=737196430 itps=3557921.80 p99=21.18ms conn=4378853375/120461847.45,344625875.66,737196430,1000,1000,1000,0,0,0,0,0,0,290396781.46,421091171.94,451748138.31,299877210.20,3558450
[status] PUB sent=7437873 tps=9865 (pubs=10) | SUB recv=740719745 itps=3523817.04 p99=21.40ms conn=4378853375/121899935.47,349427366.96,740719745,1000,1000,1000,0,0,0,0,0,0,424049273.58,513048440.30,536042838.03,422796493.51,3523315
[status] PUB sent=7477873 tps=9904 (pubs=10) | SUB recv=744237055 itps=3517428.83 p99=21.63ms conn=4378853375/123736075.61,356225457.40,744237055,1000,1000,1000,0,0,0,0,0,0,511032157.31,590577320.24,609711135.62,510413750.79,3517310
[status] PUB sent=7557873 tps=9984 (pubs=10) | SUB recv=751331419 itps=3561960.76 p99=22.15ms conn=4378853375/129144126.59,373180329.59,751331419,1000,1000,1000,0,0,0,0,0,0,755367114.21,906666969.25,933089747.66,752791311.54,3562107
[status] PUB sent=7597873 tps=10024 (pubs=10) | SUB recv=754914809 itps=3583399.01 p99=22.44ms conn=4378853375/132671626.81,383831861.97,754914809,1000,1000,1000,0,0,0,0,0,0,871413882.47,951816350.59,971649954.22,872284604.82,3583390
[status] PUB sent=7637873 tps=10063 (pubs=10) | SUB recv=759054392 itps=4140308.56 p99=22.76ms conn=4378853375/137058710.54,397363731.38,759054390,1000,1000,1000,0,0,0,0,0,0,939642929.56,1048408218.71,1076940692.92,937109361.33,4139581
[status] PUB sent=7717873 tps=10142 (pubs=10) | SUB recv=763370614 itps=4315916.70 p99=23.06ms conn=4378853375/141351861.92,406746433.66,763370614,1000,1000,1000,0,0,0,0,0,0,894481341.93,1027780599.21,1050737573.55,896348684.11,4316224
[status] PUB sent=7757873 tps=10181 (pubs=10) | SUB recv=771625657 itps=3958834.67 p99=23.67ms conn=4378853375/147494762.06,415466995.63,771625657,1000,1000,1000,0,0,0,0,0,0,683552709.05,768647572.86,793609574.87,683416302.25,3958634
[status] PUB sent=7797873 tps=10220 (pubs=10) | SUB recv=775525474 itps=3900361.49 p99=23.96ms conn=4378853375/150441253.31,419213785.37,775525474,1000,1000,1000,0,0,0,0,0,0,730960634.91,825686037.64,847930708.17,733439954.23,3899817
[status] PUB sent=7837873 tps=10259 (pubs=10) | SUB recv=779477858 itps=3952092.98 p99=24.27ms conn=4378853375/153257957.22,422446058.40,779477858,1000,1000,1000,0,0,0,0,0,0,704656986.85,772613056.84,796176631.72,705943534.65,3952384
[status] PUB sent=7917873 tps=10337 (pubs=10) | SUB recv=787610646 itps=4034671.77 p99=24.98ms conn=4378853375/158889662.52,429029799.47,787610658,1000,1000,1000,0,0,0,0,0,0,677876257.92,774217558.77,797651556.04,675588453.68,4034802
[status] PUB sent=7957873 tps=10375 (pubs=10) | SUB recv=791753455 itps=4142472.49 p99=25.33ms conn=4378853375/161726503.05,432283557.47,791753455,1000,1000,1000,0,0,0,0,0,0,698837700.36,796286452.55,824213389.92,701054361.41,4142797
[status] PUB sent=7997873 tps=10414 (pubs=10) | SUB recv=795773191 itps=4020542.50 p99=25.70ms conn=4378853375/164229418.34,434900584.56,795773191,1000,1000,1000,0,0,0,0,0,0,656866545.95,746505314.77,769054095.29,657219961.80,4019736
[status] PUB sent=8077873 tps=10491 (pubs=10) | SUB recv=799282712 itps=3509224.45 p99=26.04ms conn=4378853375/166202337.63,436934170.24,799282712,1000,1000,1000,0,0,0,0,0,0,613541191.06,725592077.08,750348665.33,613555772.68,3509521
[status] PUB sent=8117873 tps=10529 (pubs=10) | SUB recv=806260646 itps=3534059.76 p99=26.61ms conn=4378853375/172087650.16,444914866.42,806260646,1000,1000,1000,0,0,0,0,0,0,960759580.55,1060228681.94,1082055366.92,957906394.40,3533988
[status] PUB sent=8157873 tps=10567 (pubs=10) | SUB recv=809810129 itps=3548759.88 p99=26.93ms conn=4378853375/175602576.83,450350327.71,809810129,1000,1000,1000,0,0,0,0,0,0,972421409.27,1095234767.66,1121160236.45,974013795.98,3549483
[status] PUB sent=8197873 tps=10605 (pubs=10) | SUB recv=813256277 itps=3446985.93 p99=27.27ms conn=4378853375/180208563.66,458455385.09,813256277,1000,1000,1000,0,0,0,0,0,0,1264583172.02,1359162305.60,1385302610.65,1262569156.06,3446148
[status] PUB sent=8277873 tps=10681 (pubs=10) | SUB recv=820239936 itps=3484147.64 p99=28.01ms conn=4378853375/189427377.50,475938235.61,820239936,1000,1000,1000,0,0,0,0,0,0,1307177090.21,1395342272.66,1413824678.94,1308825215.35,3482862
[status] PUB sent=8317873 tps=10719 (pubs=10) | SUB recv=823750117 itps=3509469.53 p99=28.44ms conn=4378853375/194662824.84,486171704.05,823750117,1000,1000,1000,0,0,0,0,0,0,1420273358.15,1532579548.11,1553615010.17,1418053581.85,3510181
[status] PUB sent=8357873 tps=10757 (pubs=10) | SUB recv=827254869 itps=3504786.28 p99=28.90ms conn=4378853375/200296887.30,496926496.32,827254869,1000,1000,1000,0,0,0,0,0,0,1519636398.76,1630138045.95,1658216626.33,1524516007.41,3504752
[status] PUB sent=8437873 tps=10832 (pubs=10) | SUB recv=834322622 itps=3532142.97 p99=29.90ms conn=4378853375/212151320.70,520316337.12,834322622,1000,1000,1000,0,0,0,0,0,0,1737826863.62,1862795544.94,1882743580.06,1741846185.41,3533018
[status] PUB sent=8477873 tps=10869 (pubs=10) | SUB recv=837856044 itps=3534014.78 p99=30.43ms conn=4378853375/219043109.96,533433072.29,837856044,1000,1000,1000,0,0,0,0,0,0,1853078861.18,1985116237.69,2028060046.83,1846353882.38,3533422
[status] PUB sent=8517873 tps=10906 (pubs=10) | SUB recv=841382008 itps=3525657.48 p99=31.06ms conn=4378853375/225803785.51,544018308.62,841382008,1000,1000,1000,0,0,0,0,0,0,1819360217.31,1984039529.51,2006007873.17,1832307106.99,3525964
[status] PUB sent=8557879 tps=10944 (pubs=10) | SUB recv=844856626 itps=3474941.59 p99=31.76ms conn=4378853375/232643391.75,554525275.54,844856626,1000,1000,1000,0,0,0,0,0,0,1885440398.32,1986544350.25,2010254886.66,1888860457.90,3474618
[status] PUB sent=8637873 tps=11018 (pubs=10) | SUB recv=852331327 itps=3878777.96 p99=33.69ms conn=4378853375/247396409.12,576894064.23,852331327,1000,1000,1000,0,0,0,0,0,0,1833154381.51,1964579610.22,1987829533.45,1840780437.30,3878665
[status] PUB sent=8677873 tps=11055 (pubs=10) | SUB recv=855813047 itps=3481519.53 p99=35.21ms conn=4378853375/254838040.77,588034136.90,855813047,1000,1000,1000,0,0,0,0,0,0,2073497192.63,2218989160.74,2245648477.92,2076562871.65,3481720
[status] PUB sent=8717873 tps=11092 (pubs=10) | SUB recv=859835150 itps=4021797.05 p99=38.02ms conn=4378853375/263279765.56,600101749.98,859835150,1000,1000,1000,0,0,0,0,0,0,2056760507.11,2189263575.17,2216173699.91,2059488914.80,4022103
[status] PUB sent=8797873 tps=11165 (pubs=10) | SUB recv=864053332 itps=4218789.23 p99=42.77ms conn=4378853375/271539888.42,611523666.70,864053332,1000,1000,1000,0,0,0,0,0,0,1956795356.34,2071621539.11,2098646412.86,1955285155.63,4218182
[status] PUB sent=8837873 tps=11201 (pubs=10) | SUB recv=871117340 itps=3570241.21 p99=59.76ms conn=4378853375/285284966.99,630086435.20,871117340,1000,1000,1000,0,0,0,0,0,0,1967881010.80,2104130258.04,2136436750.59,1967136352.14,3569837
[status] PUB sent=8877873 tps=11238 (pubs=10) | SUB recv=874714973 itps=3596895.56 p99=71.63ms conn=4378853375/292400429.42,639218656.71,874714971,1000,1000,1000,0,0,0,0,0,0,2007069974.96,2176335564.09,2199313921.65,2015312732.46,3597631
[status] PUB sent=8957873 tps=11310 (pubs=10) | SUB recv=878287147 itps=3573056.36 p99=86.27ms conn=4378853375/299779751.82,649388106.77,878287147,1000,1000,1000,0,0,0,0,0,0,2098474161.33,2212552746.92,2235224571.83,2106746648.72,3572176
[status] PUB sent=8997873 tps=11347 (pubs=10) | SUB recv=885468124 itps=3595302.93 p99=110.81ms conn=4378853375/314603307.26,670769533.74,885468123,1000,1000,1000,0,0,0,0,0,0,2262747443.97,2382316753.00,2430166670.44,2266501754.19,3594969
[status] PUB sent=9037873 tps=11383 (pubs=10) | SUB recv=889033014 itps=3564663.87 p99=121.24ms conn=4378853375/322802873.14,682848942.12,889033014,1000,1000,1000,0,0,0,0,0,0,2354130409.28,2491331468.25,2520062845.78,2359458187.20,3564891
[status] PUB sent=9077873 tps=11419 (pubs=10) | SUB recv=892618586 itps=3585442.61 p99=130.95ms conn=4378853375/330725166.25,693677197.39,892618574,1000,1000,1000,0,0,0,0,0,0,2276327701.85,2464800481.19,2492162600.87,2295043187.99,3585560
[status] PUB sent=9157873 tps=11490 (pubs=10) | SUB recv=899826354 itps=3598145.04 p99=160.81ms conn=4378853375/346479365.96,715390691.32,899826354,1000,1000,1000,0,0,0,0,0,0,2338737607.80,2435740025.04,2460733134.83,2334974857.73,3598997
[status] PUB sent=9197873 tps=11526 (pubs=10) | SUB recv=902968270 itps=3142232.21 p99=179.75ms conn=4378853375/354328530.47,726398630.67,902968270,1000,1000,1000,0,0,0,0,0,0,2575449909.11,2731104284.59,2756875159.29,2602283307.42,3141916
[status] PUB sent=9237873 tps=11562 (pubs=10) | SUB recv=905732747 itps=2765228.26 p99=197.60ms conn=4378853375/362172617.30,737737863.70,905732747,1000,1000,1000,0,0,0,0,0,0,2924728822.70,3047241570.20,3071164864.73,2924306978.20,2764477
[status] PUB sent=9317873 tps=11633 (pubs=10) | SUB recv=908601730 itps=2829234.30 p99=222.90ms conn=4378853375/370554895.75,749111218.68,908601730,1000,1000,1000,0,0,0,0,0,0,3011265097.93,3204417305.93,3231531695.01,3016825051.70,2868983
[status] PUB sent=9357873 tps=11668 (pubs=10) | SUB recv=918461417 itps=6050569.43 p99=257.69ms conn=4378853375/385799584.66,764478432.24,918461417,1000,1000,1000,0,0,0,0,0,0,1576568441.45,1758610780.77,1799074721.44,1586881424.45,5340054
[status] PUB sent=9397873 tps=11704 (pubs=10) | SUB recv=921328585 itps=6554099.76 p99=283.61ms conn=4378853375/389761459.52,767941179.79,921328585,1000,1000,1000,0,0,0,0,0,0,1654607253.71,1787017726.43,1810463657.59,1658898532.16,2867168
[status] PUB sent=9437873 tps=11739 (pubs=10) | SUB recv=925316127 itps=8664933.50 p99=292.74ms conn=4378853375/395481386.76,774697223.94,925316127,1000,1000,1000,0,0,0,0,0,0,1731366052.42,1821237996.42,1848420457.76,1717080623.70,3987542
[status] PUB sent=9517873 tps=11809 (pubs=10) | SUB recv=933433716 itps=11030378.53 p99=318.69ms conn=4378853375/405310717.39,781306827.89,933433716,1000,1000,1000,0,0,0,0,0,0,1480844242.98,1561203493.98,1594947763.63,1483430600.58,3457767
[status] PUB sent=9557873 tps=11844 (pubs=10) | SUB recv=939773252 itps=8737803.69 p99=363.37ms conn=4378853375/416007678.75,788599287.69,939773252,1000,1000,1000,0,0,0,0,0,0,1876837568.11,2025977333.30,2054679759.10,1886284531.47,5642613
[status] PUB sent=9597873 tps=11879 (pubs=10) | SUB recv=943646740 itps=3873437.49 p99=382.33ms conn=4378853375/421745486.35,793317310.84,943646740,1000,1000,1000,0,0,0,0,0,0,1825736909.02,1908054631.54,1932644237.29,1813833987.91,3873488
[status] PUB sent=9677873 tps=11948 (pubs=10) | SUB recv=947477016 itps=3830195.97 p99=413.12ms conn=4378853375/427556662.81,798130495.17,947477016,1000,1000,1000,0,0,0,0,0,0,1854375224.04,1977182042.72,2002306441.78,1859228355.68,3830276
[status] PUB sent=9717873 tps=11983 (pubs=10) | SUB recv=954582770 itps=3589070.78 p99=446.08ms conn=4378853375/438824274.19,808977828.90,954582770,1000,1000,1000,0,0,0,0,0,0,1981725200.02,2081315819.36,2106021052.05,1982116732.36,3589230
[status] PUB sent=9757873 tps=12017 (pubs=10) | SUB recv=958176040 itps=3593611.74 p99=458.11ms conn=4378853375/444722670.58,815353139.05,958176038,1000,1000,1000,0,0,0,0,0,0,1991341940.33,2142859598.12,2167705910.45,2011682765.80,3593268
[status] PUB sent=9797873 tps=12052 (pubs=10) | SUB recv=961708915 itps=3532254.02 p99=470.56ms conn=4378853375/451252194.48,822801191.34,961708915,1000,1000,1000,0,0,0,0,0,0,2222262530.68,2346145069.92,2366785735.76,2222169589.95,3532877
[status] PUB sent=9877873 tps=12120 (pubs=10) | SUB recv=968819718 itps=3582816.94 p99=496.74ms conn=4542431231/464718106.89,839021896.48,968819718,1000,1000,1000,0,0,0,0,0,0,2336276562.72,2446921092.12,2471473805.98,2342280722.87,3582636
[status] PUB sent=9917873 tps=12154 (pubs=10) | SUB recv=972275254 itps=3455719.62 p99=515.46ms conn=4911529983/471514414.61,846399402.85,972275254,1000,1000,1000,0,0,0,0,0,0,2354324457.11,2555300035.55,2576983324.81,2376977684.44,3455536
[status] PUB sent=9957873 tps=12188 (pubs=10) | SUB recv=975819163 itps=3543871.45 p99=541.97ms conn=4911529983/478749596.98,854177650.90,975819163,1000,1000,1000,0,0,0,0,0,0,2478051038.56,2597593174.44,2623026728.20,2463729678.87,3543909
[status] PUB sent=10037878 tps=12256 (pubs=10) | SUB recv=979299949 itps=3480365.23 p99=564.91ms conn=4911529983/485555527.14,861592622.24,979299949,1000,1000,1000,0,0,0,0,0,0,2399301038.61,2494294767.88,2517464230.26,2393560523.30,3480786
[status] PUB sent=10077873 tps=12290 (pubs=10) | SUB recv=986206628 itps=3428276.74 p99=609.10ms conn=4911529983/499223887.29,877003217.99,986206628,1000,1000,1000,0,0,0,0,0,0,2470647960.52,2594249221.90,2619134644.74,2460797457.33,3427665
[status] PUB sent=10117873 tps=12324 (pubs=10) | SUB recv=989665218 itps=3458073.60 p99=631.04ms conn=4911529983/506456027.02,885506848.94,989665218,1000,1000,1000,0,0,0,0,0,0,2568557237.69,2671342013.87,2692661253.28,2568679109.46,3458590
[status] PUB sent=10157873 tps=12358 (pubs=10) | SUB recv=993087137 itps=3422042.43 p99=655.69ms conn=4945084415/513653698.58,894086922.37,993087137,1000,1000,1000,0,0,0,0,0,0,2612391317.76,2704693740.57,2725562704.05,2595317581.33,3421919
[status] PUB sent=10237873 tps=12425 (pubs=10) | SUB recv=1000026432 itps=3502037.65 p99=755.52ms conn=5381292031/529336625.96,914006191.21,1000026419,1000,1000,1000,0,0,0,0,0,0,2893965303.99,3016052052.64,3041021823.58,2860208886.47,3502264
[status] PUB sent=10277873 tps=12458 (pubs=10) | SUB recv=1003501484 itps=3475187.88 p99=779.51ms conn=5381292031/536754814.33,922876688.83,1003501485,1000,1000,1000,0,0,0,0,0,0,2692045701.29,2816832074.05,2839480653.15,2671501135.05,3475066
[status] PUB sent=10317873 tps=12491 (pubs=10) | SUB recv=1006998615 itps=3497425.64 p99=798.07ms conn=5712642047/544541550.74,933772807.30,1006998615,1000,1000,1000,0,0,0,0,0,0,2782367010.99,2881292358.22,2900994436.61,2778945632.69,3497130
[status] PUB sent=10397873 tps=12558 (pubs=10) | SUB recv=1013880928 itps=3438600.56 p99=828.52ms conn=5867831295/560521829.13,954539523.66,1013880928,1000,1000,1000,0,0,0,0,0,0,2879911436.79,2973409991.75,2996747651.42,2834581915.03,3438735
[status] PUB sent=10437873 tps=12591 (pubs=10) | SUB recv=1017332414 itps=3451377.87 p99=843.39ms conn=5867831295/567926878.78,963254923.11,1017332414,1000,1000,1000,0,0,0,0,0,0,2741296231.29,2901500620.45,2922790453.14,2743175048.73,3451486
[status] PUB sent=10477873 tps=12624 (pubs=10) | SUB recv=1020681849 itps=3349692.51 p99=857.54ms conn=5867831295/575464562.93,972353663.83,1020681849,1000,1000,1000,0,0,0,0,0,0,2843401738.56,3029340713.13,3050238500.08,2864904547.52,3349435
[status] PUB sent=10557873 tps=12690 (pubs=10) | SUB recv=1024094404 itps=3412697.98 p99=873.33ms conn=6207569919/582948677.29,981408970.60,1024094404,1000,1000,1000,0,0,0,0,0,0,2832685320.58,3013348726.95,3038304781.52,2821418002.41,3412555
[status] PUB sent=10597873 tps=12723 (pubs=10) | SUB recv=1031294020 itps=3580499.82 p99=920.74ms conn=6207569919/599404885.11,1001028354.15,1031294020,1000,1000,1000,0,0,0,0,0,0,2888271198.16,3081341955.08,3100534865.08,2908018558.00,3580825
[status] PUB sent=10637873 tps=12755 (pubs=10) | SUB recv=1034855162 itps=3560698.26 p99=951.43ms conn=6207569919/607388439.42,1010558955.31,1034855161,1000,1000,1000,0,0,0,0,0,0,2921849982.04,3059018999.78,3082079410.65,2919397938.49,3561141
[status] PUB sent=10677873 tps=12788 (pubs=10) | SUB recv=1038456573 itps=3601374.16 p99=987.70ms conn=6207569919/615092567.58,1018690596.93,1038456573,1000,1000,1000,0,0,0,0,0,0,2829439475.79,3050924396.06,3080496984.45,2828851169.37,3601412
[status] PUB sent=10757873 tps=12853 (pubs=10) | SUB recv=1045667918 itps=3637101.01 p99=1074.59ms conn=6207569919/630220942.15,1034704257.05,1045667918,1000,1000,1000,0,0,0,0,0,0,2827547213.86,2958235760.14,2979681326.35,2818318558.49,3637097
[status] PUB sent=10797873 tps=12885 (pubs=10) | SUB recv=1049226269 itps=3557879.91 p99=1126.63ms conn=6207569919/637915108.56,1043249309.21,1049226269,1000,1000,1000,0,0,0,0,0,0,2890092873.01,3006577038.72,3030458613.85,2898946403.44,3558351
[status] PUB sent=10837873 tps=12918 (pubs=10) | SUB recv=1052864872 itps=3639544.27 p99=1168.23ms conn=6207569919/645719610.65,1051422498.89,1052864872,1000,1000,1000,0,0,0,0,0,0,2890870927.61,3072608520.11,3101923828.19,2896223062.79,3638603
[status] PUB sent=10917873 tps=12982 (pubs=10) | SUB recv=1056806164 itps=408994.37 p99=1201.01ms conn=6207569919/654215832.06,1059811808.10,1056806164,1000,1000,1000,0,0,0,0,0,0,3401580543,3489660927,3504340991,3402872503.64,409110
[status] PUB sent=10957873 tps=13014 (pubs=10) | SUB recv=1063756569 itps=3626097.38 p99=1270.37ms conn=6207569919/668421114.52,1073293727.89,1063756569,1000,1000,1000,0,0,0,0,0,0,2814723602.88,2994074039.85,3020574107.94,2824734972.77,3626408
[status] PUB sent=10997873 tps=13046 (pubs=10) | SUB recv=1067403810 itps=3647977.67 p99=1305.89ms conn=6207569919/676026199.50,1080550456.52,1067403810,1000,1000,1000,0,0,0,0,0,0,2917516050.39,3056191070.41,3085727907.59,2894129994.94,3647241
[status] PUB sent=11077873 tps=13110 (pubs=10) | SUB recv=1071086765 itps=3682285.55 p99=1337.03ms conn=6207569919/683452679.11,1087339804.33,1071086756,1000,1000,1000,0,0,0,0,0,0,2838685334.38,2973348054.04,2999678483.54,2835820005.50,3682946
[status] PUB sent=11117873 tps=13142 (pubs=10) | SUB recv=1078444814 itps=3638746.82 p99=1384.79ms conn=6207569919/698198935.52,1101926119.90,1078444814,1000,1000,1000,0,0,0,0,0,0,2798756023.71,2934720084.81,2960850149.08,2807429821.25,3638273
[status] PUB sent=11157873 tps=13173 (pubs=10) | SUB recv=1082183443 itps=3738124.89 p99=1404.45ms conn=6207569919/705783668.38,1109931947.07,1082183443,1000,1000,1000,0,0,0,0,0,0,2891618024.69,3052907426.33,3079699926.15,2893675490.52,3738629
[status] PUB sent=11197873 tps=13205 (pubs=10) | SUB recv=1085853289 itps=3669692.62 p99=1423.51ms conn=6207569919/713096694.99,1117084891.51,1085853289,1000,1000,1000,0,0,0,0,0,0,2867233919.93,2988935016.71,3015000756.68,2869600353.97,3669846
[status] PUB sent=11277873 tps=13268 (pubs=10) | SUB recv=1093151997 itps=3652292.32 p99=1455.15ms conn=6207569919/727679864.05,1129970419.35,1093151997,1000,1000,1000,0,0,0,0,0,0,2888857808.11,2980579432.58,3003005860.47,2876095961.01,3652967
[status] PUB sent=11317873 tps=13300 (pubs=10) | SUB recv=1096770014 itps=3618962.32 p99=1469.75ms conn=6207569919/734746824.85,1135995279.32,1096770014,1000,1000,1000,0,0,0,0,0,0,2875096430.58,2975367260.75,3002479006.02,2869966838.85,3618017
[status] PUB sent=11357873 tps=13331 (pubs=10) | SUB recv=1100341910 itps=3572417.22 p99=1485.09ms conn=6207569919/742156666.33,1142395321.95,1100341910,1000,1000,1000,0,0,0,0,0,0,3023622516.02,3108816614.65,3131876869.62,3017388629.72,3571896
[status] PUB sent=11437873 tps=13393 (pubs=10) | SUB recv=1107543759 itps=3627395.87 p99=1519.32ms conn=6207569919/757775329.05,1156818081.94,1107543758,1000,1000,1000,0,0,0,0,0,0,3176142729.35,3307382331.40,3333293882.38,3179332193.51,3627697
[status] PUB sent=11477873 tps=13424 (pubs=10) | SUB recv=1111213323 itps=3669519.14 p99=1536.32ms conn=6207569919/765917042.15,1164763305.13,1111213323,1000,1000,1000,0,0,0,0,0,0,3212308919.84,3377765549.00,3407650428.34,3223239239.18,3669565
[status] PUB sent=11517873 tps=13455 (pubs=10) | SUB recv=1114811749 itps=3598088.96 p99=1552.69ms conn=6207569919/773765372.09,1172574151.14,1114811749,1000,1000,1000,0,0,0,0,0,0,3198474513.13,3356600920.65,3381747867.85,3197371914.02,3598426
[status] PUB sent=11597873 tps=13517 (pubs=10) | SUB recv=1118523096 itps=3710748.12 p99=1571.61ms conn=6207569919/781779883.50,1180244640.56,1118523096,1000,1000,1000,0,0,0,0,0,0,3202925095.95,3376669246.28,3401333279.63,3189173069.02,3711347
[status] PUB sent=11637873 tps=13548 (pubs=10) | SUB recv=1125678442 itps=3595193.99 p99=1607.30ms conn=6207569919/796821907.15,1192484017.62,1125678442,1000,1000,1000,0,0,0,0,0,0,3207590118.08,3369951374.08,3396176251.67,3202589560.27,3594804
[status] PUB sent=11677873 tps=13579 (pubs=10) | SUB recv=1129305110 itps=3626101.15 p99=1625.90ms conn=6207569919/804523761.95,1198734547.65,1129305110,1000,1000,1000,0,0,0,0,0,0,3181091144.14,3378181627.51,3402658493.96,3195096022.82,3626668
[status] PUB sent=11757873 tps=13640 (pubs=10) | SUB recv=1132906195 itps=3601411.91 p99=1639.19ms conn=6207569919/812116130.14,1206220472.70,1132906195,1000,1000,1000,0,0,0,0,0,0,3172033982.28,3404372752.57,3434398882.12,3193093026.30,3601085
[status] PUB sent=11797873 tps=13671 (pubs=10) | SUB recv=1139903544 itps=3545123.68 p99=1666.30ms conn=6207569919/826672709.88,1218195608.02,1139903544,1000,1000,1000,0,0,0,0,0,0,3199624833.15,3407975732.42,3440910020.95,3188835306.19,3544723
[status] PUB sent=11837873 tps=13701 (pubs=10) | SUB recv=1143420075 itps=3516593.20 p99=1681.57ms conn=6207569919/834041213.16,1224261051.68,1143420075,1000,1000,1000,0,0,0,0,0,0,3228167231.61,3332921547.56,3355009535.76,3222583502.67,3516531
[status] PUB sent=11877873 tps=13732 (pubs=10) | SUB recv=1146956223 itps=3535897.06 p99=1698.55ms conn=6207569919/841707611.97,1230589412.51,1146956221,1000,1000,1000,0,0,0,0,0,0,3336618194.47,3429302176.15,3454593656.24,3320653416.77,3536146
[status] PUB sent=11957873 tps=13792 (pubs=10) | SUB recv=1154333842 itps=3822224.87 p99=1743.80ms conn=6207569919/858106464.50,1243847010.74,1154333842,1000,1000,1000,0,0,0,0,0,0,3371069307.92,3575522784.16,3600549660.62,3364995801.60,3822031
[status] PUB sent=11997873 tps=13822 (pubs=10) | SUB recv=1158189941 itps=3856613.95 p99=1762.58ms conn=6207569919/866082435.43,1249622183.26,1158189941,1000,1000,1000,0,0,0,0,0,0,3226756336.26,3455944628.50,3478834143.27,3253711271.24,3856099
[status] PUB sent=12037873 tps=13853 (pubs=10) | SUB recv=1162073282 itps=3882786.06 p99=1780.13ms conn=6207569919/873688226.30,1255107486.83,1162073282,1000,1000,1000,0,0,0,0,0,0,3153695899.52,3274495054.66,3300611874.37,3142083013.82,3883341
[status] PUB sent=12078093 tps=13867 (pubs=10) | SUB recv=1170187025 itps=4080057.85 p99=1817.77ms conn=6207569919/889036769.63,1265360684.95,1170187025,1000,1000,1000,0,0,0,0,0,0,3021172309.89,3148802806.73,3175045177.63,3025031386.31,4080693
[status] PUB sent=12078293 tps=13851 (pubs=10) | SUB recv=1174254362 itps=4067041.78 p99=1853.15ms conn=6207569919/896233165.68,1269517345.34,1174254362,1000,1000,1000,0,0,0,0,0,0,2968463263.48,3113491384.54,3140203142.46,2966661380.88,4067337
[status] PUB sent=12078493 tps=13836 (pubs=10) | SUB recv=1177931345 itps=3677011.45 p99=1869.60ms conn=6207569919/902430076.77,1272385102.93,1177931345,1000,1000,1000,0,0,0,0,0,0,2943911516.99,3056397855.49,3087788716.43,2881430218.43,3676983
[status] PUB sent=12078893 tps=13805 (pubs=10) | SUB recv=1177951345 itps=19998.49 p99=1869.55ms conn=6207569919/902414790.74,1272379855.67,1177951345,1000,1000,1000,0,0,0,0,0,0,2067147.80,3786955.80,4426136.60,2120378.52,20000
[status] PUB sent=12079093 tps=13789 (pubs=10) | SUB recv=1177991345 itps=20002.41 p99=1869.31ms conn=6207569919/902384222.37,1272369359.63,1177991345,1000,1000,1000,0,0,0,0,0,0,2153675.80,3621682.20,4132248.60,2165813.49,20000
[status] PUB sent=12079293 tps=13773 (pubs=10) | SUB recv=1178011345 itps=19998.12 p99=1869.10ms conn=6207569919/902368939.72,1272364111.03,1178011345,1000,1000,1000,0,0,0,0,0,0,2141592.60,4404837.40,5876325.40,2227243.36,20000
[status] PUB sent=12079693 tps=13743 (pubs=10) | SUB recv=1178031345 itps=20001.65 p99=1869.10ms conn=6207569919/902353655.56,1272358863.82,1178031345,1000,1000,1000,0,0,0,0,0,0,2105240.60,3613695,3879115.80,2107991.20,20000
[status] PUB sent=12079893 tps=13727 (pubs=10) | SUB recv=1178071345 itps=19995.93 p99=1869.08ms conn=6207569919/902323090.71,1272348367.88,1178071345,1000,1000,1000,0,0,0,0,0,0,2113330.20,3636223,4558642.20,2135855.99,20000
[status] PUB sent=12080093 tps=13712 (pubs=10) | SUB recv=1178091345 itps=20003.76 p99=1869.08ms conn=6207569919/902307807.77,1272343120.78,1178091345,1000,1000,1000,0,0,0,0,0,0,2088037.40,3594034.20,3851877.40,2087825.95,20000
[status] PUB sent=12080333 tps=13693 (pubs=10) | SUB recv=1178111345 itps=19999.83 p99=1869.08ms conn=6207569919/902292527.41,1272337872.18,1178111345,1000,1000,1000,0,0,0,0,0,0,2182143,3872562.20,4847205.40,2209880.88,20000
[status] PUB sent=12080693 tps=13666 (pubs=10) | SUB recv=1178151345 itps=20000.39 p99=1869.08ms conn=6207569919/902261965.73,1272327376.67,1178151345,1000,1000,1000,0,0,0,0,0,0,2093567,3803135,5505227.80,2148059.67,20000
[status] PUB sent=12080893 tps=13651 (pubs=10) | SUB recv=1178171345 itps=20003.23 p99=1869.08ms conn=6207569919/902246685.29,1272322129.17,1178171345,1000,1000,1000,0,0,0,0,0,0,2113739.80,3636837.40,3976600.60,2112815.12,20000
[status] PUB sent=12081093 tps=13636 (pubs=10) | SUB recv=1178191345 itps=19995.75 p99=1869.08ms conn=6207569919/902231404.45,1272316882.26,1178191345,1000,1000,1000,0,0,0,0,0,0,2062744.60,3506994.20,3770776.60,2059248.58,20000
[status] PUB sent=12081493 tps=13605 (pubs=10) | SUB recv=1178231345 itps=19998.60 p99=1868.77ms conn=6207569919/902200850.57,1272306383.85,1178231345,1000,1000,1000,0,0,0,0,0,0,2248293.40,3948952.60,4579531.80,2265326.64,20000
[status] PUB sent=12081693 tps=13590 (pubs=10) | SUB recv=1178251345 itps=20001.19 p99=1868.77ms conn=6207569919/902185572.93,1272301135.65,1178251345,1000,1000,1000,0,0,0,0,0,0,2146098.20,3730021.40,4288715.80,2156167.96,20000
[status] PUB sent=12081893 tps=13575 (pubs=10) | SUB recv=1178271345 itps=19998.15 p99=1868.77ms conn=6207569919/902170296.88,1272295886.70,1178271345,1000,1000,1000,0,0,0,0,0,0,2171800.60,3884645.40,5260901.40,2218876.37,20000
[status] PUB sent=12082293 tps=13545 (pubs=10) | SUB recv=1178291345 itps=19999.85 p99=1868.69ms conn=6207569919/902155021.11,1272290637.85,1178291345,1000,1000,1000,0,0,0,0,0,0,2201189.40,3801701.40,4339301.40,2204832.19,20000
[status] PUB sent=12082493 tps=13530 (pubs=10) | SUB recv=1178331345 itps=20000.36 p99=1868.66ms conn=6207569919/902124470.85,1272280140.24,1178331345,1000,1000,1000,0,0,0,0,0,0,2181835.80,3728383,4014898.20,2186223.99,20000
[status] PUB sent=12082693 tps=13515 (pubs=10) | SUB recv=1178351345 itps=20001.55 p99=1868.66ms conn=6207569919/902109196.85,1272274891.17,1178351345,1000,1000,1000,0,0,0,0,0,0,2194021.40,3784498.20,4707736.60,2217783.35,20000
[status] PUB sent=12083093 tps=13486 (pubs=10) | SUB recv=1178371345 itps=19999.82 p99=1868.66ms conn=6207569919/902093923.16,1272269642.20,1178371345,1000,1000,1000,0,0,0,0,0,0,2207743,3771595.80,4043160.60,2205239.23,20000
[status] PUB sent=12083293 tps=13471 (pubs=10) | SUB recv=1178411345 itps=19999.22 p99=1868.66ms conn=6207569919/902063375.57,1272259145.50,1178411345,1000,1000,1000,0,0,0,0,0,0,2120907.80,3659570.20,3951205.40,2123627.49,20000
[status] PUB sent=12083493 tps=13456 (pubs=10) | SUB recv=1178431345 itps=20003.02 p99=1868.66ms conn=6207569919/902048103.33,1272253896.49,1178431345,1000,1000,1000,0,0,0,0,0,0,2192075.80,3761970.20,4352818.20,2198590.55,20000
[status] PUB sent=12083893 tps=13427 (pubs=10) | SUB recv=1178451345 itps=19996.99 p99=1868.56ms conn=6207569919/902032832.03,1272248647.23,1178451345,1000,1000,1000,0,0,0,0,0,0,2209483.80,3777125.40,4977253.40,2224212.38,20000
[status] PUB sent=12084093 tps=13412 (pubs=10) | SUB recv=1178491345 itps=19997.97 p99=1868.53ms conn=6207569919/902002289.77,1272238149.35,1178491345,1000,1000,1000,0,0,0,0,0,0,2151013.40,3709746.20,4197989.40,2157880.56,20000
[status] PUB sent=12084293 tps=13397 (pubs=10) | SUB recv=1178511345 itps=20002.78 p99=1868.53ms conn=6207569919/901987019.38,1272232900.31,1178511345,1000,1000,1000,0,0,0,0,0,0,2166066.20,3739851.80,4593458.20,2186361.65,20000
[status] PUB sent=12084493 tps=13383 (pubs=10) | SUB recv=1178531345 itps=19997.36 p99=1868.53ms conn=6207569919/901971749.81,1272227651.11,1178531345,1000,1000,1000,0,0,0,0,0,0,2184805.40,3760741.40,4824677.40,2203382.90,20000
[status] PUB sent=12084893 tps=13354 (pubs=10) | SUB recv=1178571345 itps=20001.63 p99=1868.53ms conn=6207569919/901941210.94,1272217153.55,1178571345,1000,1000,1000,0,0,0,0,0,0,2201087,3695410.20,4948581.40,2220184.49,20000
[status] PUB sent=12085093 tps=13339 (pubs=10) | SUB recv=1178591345 itps=19996.83 p99=1868.53ms conn=6207569919/901925947.51,1272211900.92,1178591345,1000,1000,1000,0,0,0,0,0,0,2255563.80,4486143,9165823,2473590.75,20000
[status] PUB sent=12085293 tps=13325 (pubs=10) | SUB recv=1178611345 itps=20000.97 p99=1868.48ms conn=6207569919/901910679.01,1272206652.25,1178611345,1000,1000,1000,0,0,0,0,0,0,2146098.20,3640114.20,4037221.40,2144674.85,20000
[status] PUB sent=12085693 tps=13296 (pubs=10) | SUB recv=1178651345 itps=20002.95 p99=1868.46ms conn=6207569919/901880143.88,1272196154.59,1178651345,1000,1000,1000,0,0,0,0,0,0,2123979.80,3613490.20,4019608.60,2126774.09,20000
[status] PUB sent=12085893 tps=13281 (pubs=10) | SUB recv=1178671345 itps=19998.32 p99=1868.46ms conn=6207569919/901864877.27,1272190905.63,1178671345,1000,1000,1000,0,0,0,0,0,0,2152344.60,3688447,4320255,2164516.30,20000
[status] PUB sent=12086093 tps=13267 (pubs=10) | SUB recv=1178691345 itps=20004.56 p99=1868.35ms conn=6207569919/901849611.30,1272185656.49,1178691345,1000,1000,1000,0,0,0,0,0,0,2168114.20,3630898.20,4216626.20,2171937.15,20000
[status] PUB sent=12086493 tps=13238 (pubs=10) | SUB recv=1178731345 itps=19992.94 p99=1868.32ms conn=6207569919/901819080.39,1272175158.55,1178731345,1000,1000,1000,0,0,0,0,0,0,2164530.20,3628440.60,4027391,2159721.77,20000
[status] PUB sent=12086693 tps=13224 (pubs=10) | SUB recv=1178751345 itps=20002.34 p99=1868.32ms conn=6207569919/901803815.88,1272169909.42,1178751345,1000,1000,1000,0,0,0,0,0,0,2172927,3651992.60,3895499.80,2166163.30,20000
[status] PUB sent=12086893 tps=13210 (pubs=10) | SUB recv=1178771345 itps=20000.37 p99=1868.32ms conn=6207569919/901788552.12,1272164660.10,1178771345,1000,1000,1000,0,0,0,0,0,0,2159307.80,3702373.40,4754021.40,2179424,20000
[status] PUB sent=12087293 tps=13181 (pubs=10) | SUB recv=1178791345 itps=20001.14 p99=1868.32ms conn=6207569919/901773288.77,1272159410.78,1178791345,1000,1000,1000,0,0,0,0,0,0,2153471,3649125.40,4438219.80,2173074.25,20000
[status] PUB sent=12087493 tps=13167 (pubs=10) | SUB recv=1178831345 itps=20001.24 p99=1868.22ms conn=6207569919/901742763.34,1272148912.31,1178831345,1000,1000,1000,0,0,0,0,0,0,2157874.20,3675954.20,3975371.80,2157222.07,20000
[status] PUB sent=12087693 tps=13153 (pubs=10) | SUB recv=1178851345 itps=19999.24 p99=1868.22ms conn=6207569919/901727501.17,1272143663.23,1178851345,1000,1000,1000,0,0,0,0,0,0,2146098.20,3648101.40,4182015,2150959.44,20000
[status] PUB sent=12088093 tps=13125 (pubs=10) | SUB recv=1178871345 itps=19999.17 p99=1868.22ms conn=6207569919/901712240.04,1272138413.68,1178871345,1000,1000,1000,0,0,0,0,0,0,2185010.20,3717119,4296498.20,2182021.08,20000
[status] PUB sent=12088293 tps=13111 (pubs=10) | SUB recv=1178911345 itps=19999.18 p99=1868.12ms conn=6207569919/901681717.32,1272127915.85,1178911345,1000,1000,1000,0,0,0,0,0,0,2152754.20,3679435.80,4300184.60,2163425.84,20000
[status] PUB sent=12088493 tps=13097 (pubs=10) | SUB recv=1178931345 itps=20000.49 p99=1868.06ms conn=6207569919/901666457.83,1272122666.14,1178931345,1000,1000,1000,0,0,0,0,0,0,2189515.80,3689675.80,4228504.60,2187253.57,20000
[status] PUB sent=12088893 tps=13069 (pubs=10) | SUB recv=1178951345 itps=20004.75 p99=1868.01ms conn=6207569919/901651197.64,1272117417.26,1178951345,1000,1000,1000,0,0,0,0,0,0,2117835.80,3585023,3898981.40,2115698.47,20000
[status] PUB sent=12089093 tps=13055 (pubs=10) | SUB recv=1178991345 itps=20000.28 p99=1868.01ms conn=6207569919/901620679.73,1272106918.77,1178991345,1000,1000,1000,0,0,0,0,0,0,2145483.80,3631922.20,3936050.20,2145483.74,20000
[status] PUB sent=12089293 tps=13041 (pubs=10) | SUB recv=1179011345 itps=19998.66 p99=1867.80ms conn=6207569919/901605422.50,1272101668.76,1179011345,1000,1000,1000,0,0,0,0,0,0,2153471,3740671,5426379.80,2198854.86,20000
[status] PUB sent=12089553 tps=13023 (pubs=10) | SUB recv=1179031345 itps=19999.92 p99=1867.80ms conn=6207569919/901590166.99,1272096417.95,1179031345,1000,1000,1000,0,0,0,0,0,0,2209893.40,3893451.80,5741771.80,2268714.24,20000
[status] PUB sent=12089893 tps=13000 (pubs=10) | SUB recv=1179071345 itps=19992.98 p99=1867.80ms conn=6207569919/901559655.58,1272085917.51,1179071345,1000,1000,1000,0,0,0,0,0,0,2188287,3705855,4380671,2183380.29,20000
[status] PUB sent=12090093 tps=12986 (pubs=10) | SUB recv=1179091345 itps=20003.88 p99=1867.80ms conn=6207569919/901544399.35,1272080668.16,1179091345,1000,1000,1000,0,0,0,0,0,0,2155416.60,3572735,3857816.60,2135342.16,20000
[status] PUB sent=12090293 tps=12972 (pubs=10) | SUB recv=1179111345 itps=19999.81 p99=1867.80ms conn=6207569919/901529143.38,1272075418.96,1179111345,1000,1000,1000,0,0,0,0,0,0,2136984.60,3571301.40,3875429.40,2119930.03,20000
[status] PUB sent=12090693 tps=12945 (pubs=10) | SUB recv=1179151345 itps=20003.83 p99=1867.28ms conn=6207569919/901498634.63,1272064919.31,1179151345,1000,1000,1000,0,0,0,0,0,0,2104319,3718962.20,5108735,2150290.75,20000
[status] PUB sent=12090893 tps=12932 (pubs=10) | SUB recv=1179171345 itps=19993.71 p99=1867.05ms conn=6207569919/901483381.21,1272059669.29,1179171345,1000,1000,1000,0,0,0,0,0,0,2176715.80,3698072.60,4156415,2179017.16,20000
[status] PUB sent=12091093 tps=12918 (pubs=10) | SUB recv=1179191345 itps=20003.85 p99=1867.05ms conn=6207569919/901468127.92,1272054419.54,1179191345,1000,1000,1000,0,0,0,0,0,0,2152344.60,3697048.60,4168088.60,2155508.40,20000
[status] PUB sent=12091493 tps=12891 (pubs=10) | SUB recv=1179231345 itps=19999.42 p99=1867.05ms conn=6207569919/901437623.62,1272043919.40,1179231345,1000,1000,1000,0,0,0,0,0,0,2175179.80,3767704.60,4083915.80,2177136.04,20000
[status] PUB sent=12091693 tps=12877 (pubs=10) | SUB recv=1179251345 itps=20002.03 p99=1867.02ms conn=6207569919/901422372.23,1272038669.31,1179251345,1000,1000,1000,0,0,0,0,0,0,2175589.40,3753983,4028005.40,2176510.06,20000
[status] PUB sent=12091893 tps=12864 (pubs=10) | SUB recv=1179271345 itps=19999.11 p99=1866.97ms conn=6207569919/901407122.10,1272033418.64,1179271345,1000,1000,1000,0,0,0,0,0,0,2218187.80,3794738.20,4189797.40,2220210.05,20000
[status] PUB sent=12092293 tps=12837 (pubs=10) | SUB recv=1179307345 itps=16003.89 p99=1866.97ms conn=6207569919/901379674.48,1272023803.92,1179307345,1000,1000,1000,0,0,0,0,0,0,2236927,3857407,4617215,2245502.58,16000
[status] PUB sent=12092493 tps=12823 (pubs=10) | SUB recv=1179331345 itps=19998.02 p99=1866.97ms conn=6207569919/901361375.41,1272017666.05,1179331345,1000,1000,1000,0,0,0,0,0,0,2200165.40,3787160.60,4085759,2201047.63,20000
[status] PUB sent=12092693 tps=12810 (pubs=10) | SUB recv=1179351345 itps=20001.57 p99=1866.86ms conn=6207569919/901346126.02,1272012416.23,1179351345,1000,1000,1000,0,0,0,0,0,0,2142104.60,3693157.40,3986226.20,2141869.34,20000
[status] PUB sent=12093093 tps=12783 (pubs=10) | SUB recv=1179371345 itps=19999.55 p99=1866.86ms conn=6207569919/901330876.85,1272007166.56,1179371345,1000,1000,1000,0,0,0,0,0,0,2115275.80,3657317.40,4117912.60,2124684.16,20000
[status] PUB sent=12093293 tps=12770 (pubs=10) | SUB recv=1179411345 itps=19999.30 p99=1866.84ms conn=6207569919/901300379.78,1271996667.36,1179411345,1000,1000,1000,0,0,0,0,0,0,2162584.60,3633151,4036811.80,2153304.24,20000
[status] PUB sent=12093493 tps=12757 (pubs=10) | SUB recv=1179431345 itps=19997.99 p99=1866.63ms conn=6207569919/901285133.75,1271991416.50,1179431345,1000,1000,1000,0,0,0,0,0,0,2196274.20,3755621.40,4947762.20,2217524.06,20000
[status] PUB sent=12093893 tps=12730 (pubs=10) | SUB recv=1179451345 itps=20001.34 p99=1866.63ms conn=6207569919/901269886.28,1271986166.99,1179451345,1000,1000,1000,0,0,0,0,0,0,2106469.40,3554712.60,3821976.60,2103241.73,20000
[status] PUB sent=12094093 tps=12717 (pubs=10) | SUB recv=1179491345 itps=19996.11 p99=1866.63ms conn=6207569919/901239393.51,1271975667.43,1179491345,1000,1000,1000,0,0,0,0,0,0,2109541.40,3572325.40,3892837.40,2105896.60,20000
[status] PUB sent=12094293 tps=12704 (pubs=10) | SUB recv=1179511345 itps=20002.14 p99=1866.63ms conn=6207569919/901224148.48,1271970417.15,1179511345,1000,1000,1000,0,0,0,0,0,0,2155314.20,3628031,4116888.60,2155475.37,20000
[status] PUB sent=12094693 tps=12678 (pubs=10) | SUB recv=1179531345 itps=20000.24 p99=1866.63ms conn=6207569919/901208903.73,1271965167.04,1179531345,1000,1000,1000,0,0,0,0,0,0,2144971.80,3612056.60,3970456.60,2140507.85,20000
[status] PUB sent=12094893 tps=12665 (pubs=10) | SUB recv=1179571345 itps=19997.77 p99=1866.63ms conn=6207569919/901178417.91,1271954665.20,1179571345,1000,1000,1000,0,0,0,0,0,0,2225663,3761560.60,4450507.80,2226570.91,20000
[status] PUB sent=12095093 tps=12652 (pubs=10) | SUB recv=1179591345 itps=19999.88 p99=1866.45ms conn=6207569919/901163174.92,1271949414.86,1179591345,1000,1000,1000,0,0,0,0,0,0,2163301.40,3665099.80,4167064.60,2153767.91,20000
[status] PUB sent=12095493 tps=12626 (pubs=10) | SUB recv=1179611345 itps=20000.91 p99=1866.45ms conn=6207569919/901147932.62,1271944164.33,1179611345,1000,1000,1000,0,0,0,0,0,0,2167602.20,3654859.80,3896933.40,2163181.91,20000
[status] PUB sent=12095693 tps=12613 (pubs=10) | SUB recv=1179651345 itps=19998.59 p99=1866.32ms conn=6207569919/901117449.07,1271933663.56,1179651345,1000,1000,1000,0,0,0,0,0,0,2138213.40,3623115.80,4082277.40,2143338.05,20000
[status] PUB sent=12095893 tps=12600 (pubs=10) | SUB recv=1179671345 itps=20000.79 p99=1866.32ms conn=6207569919/901102207.71,1271928413.38,1179671345,1000,1000,1000,0,0,0,0,0,0,2128383,3619224.60,3966975,2127507.79,20000
[status] PUB sent=12215913 tps=12698 (pubs=10) | SUB recv=1182481599 itps=2810402.40 p99=1862.29ms conn=6207569919/899498264.03,1270860529.16,1182481599,1000,1000,1000,0,0,0,0,0,0,227714808.20,382896013.77,399779156.60,226204533.19,2810254
[status] PUB sent=12275913 tps=12748 (pubs=10) | SUB recv=1189452471 itps=3584747.90 p99=1858.08ms conn=6207569919/898983663.84,1267740161.00,1189452466,1000,1000,1000,0,0,0,0,0,0,1016534693.94,1190837402.71,1216235109.72,1017707970.35,3584177
[status] PUB sent=12335913 tps=12797 (pubs=10) | SUB recv=1192840058 itps=3387348.46 p99=1857.93ms conn=6207569919/900715469.59,1266748798.25,1192840058,1000,1000,1000,0,0,0,0,0,0,1519491833.87,1684107649.31,1702978096.44,1508787700.57,3387592
[status] PUB sent=12419913 tps=12865 (pubs=10) | SUB recv=1196342156 itps=3502247.61 p99=1867.06ms conn=6207569919/903658900.00,1266481153.21,1196342156,1000,1000,1000,0,0,0,0,0,0,1912952677.70,2100638692.99,2122430561.83,1906212710.53,3502098
[status] PUB sent=12515913 tps=12943 (pubs=10) | SUB recv=1203275854 itps=3538567.13 p99=1890.31ms conn=6207569919/913188351.18,1270129869.77,1203275854,1000,1000,1000,0,0,0,0,0,0,2722056969.81,2893451898.18,2912993832.55,2724432928.66,3538095
[status] PUB sent=12575913 tps=12992 (pubs=10) | SUB recv=1206770898 itps=3494712.25 p99=1907.31ms conn=6207569919/919837379.29,1274838013.54,1206770898,1000,1000,1000,0,0,0,0,0,0,3215627372.73,3393018935.04,3420904682.94,3208968783.34,3495044
[status] PUB sent=12641913 tps=13045 (pubs=10) | SUB recv=1210346530 itps=3575179.18 p99=1923.93ms conn=6207569919/927091125.05,1280965182.91,1210346530,1000,1000,1000,0,0,0,0,0,0,3378272497.17,3577050400.73,3598099701.64,3375220375.18,3575632
[status] PUB sent=12755913 tps=13137 (pubs=10) | SUB recv=1217376618 itps=3477016.68 p99=1957.48ms conn=6207569919/942743920.86,1295715267.33,1217376618,1000,1000,1000,0,0,0,0,0,0,3593710569.98,3891601796.87,3915571443.44,3633234736.64,3476422
[status] PUB sent=12815913 tps=13185 (pubs=10) | SUB recv=1220920368 itps=3542566.03 p99=1973.92ms conn=6207569919/950357454.40,1302172970.35,1220920368,1000,1000,1000,0,0,0,0,0,0,3565096945.86,3871634129.90,3894239380.27,3565817831.29,3543750
[status] PUB sent=12875913 tps=13233 (pubs=10) | SUB recv=1224470403 itps=3550692.99 p99=1990.31ms conn=6207569919/957856779.61,1308477320.04,1224470403,1000,1000,1000,0,0,0,0,0,0,3539828802.63,3777368264.31,3801234248.51,3537008506.11,3550035
[status] PUB sent=12995913 tps=13329 (pubs=10) | SUB recv=1231458997 itps=3553918.57 p99=2021.85ms conn=6207569919/973191162.98,1321867122.18,1231458997,1000,1000,1000,0,0,0,0,0,0,3765363323.27,4000685502.07,4020140932.63,3732835362.65,3554243
[status] PUB sent=13055913 tps=13377 (pubs=10) | SUB recv=1234979293 itps=3520401.45 p99=2041.34ms conn=6207569919/980694110.21,1327879020.14,1234979293,1000,1000,1000,0,0,0,0,0,0,3618323487.07,3833089255.93,3854069965.69,3605351772.66,3520296
[status] PUB sent=13115913 tps=13425 (pubs=10) | SUB recv=1238653606 itps=3674328.72 p99=2059.27ms conn=6207569919/988714629.17,1334570590.60,1238653606,1000,1000,1000,0,0,0,0,0,0,3629368471.31,4043063348.97,4069004029.74,3684504246.87,3674313
[status] PUB sent=13235913 tps=13520 (pubs=10) | SUB recv=1245831250 itps=3629362.53 p99=2095.30ms conn=6207569919/1003418270.44,1345974598.50,1245831250,1000,1000,1000,0,0,0,0,0,0,3451836729.42,3791049341.13,3811505272.89,3498388449.21,3629559
[status] PUB sent=13295913 tps=13567 (pubs=10) | SUB recv=1249456267 itps=3624868.79 p99=2113.25ms conn=6207569919/1010854465.48,1351583635.21,1249456267,1000,1000,1000,0,0,0,0,0,0,3571360954.68,3870717842.22,3899963531.64,3566496041.45,3625017
[status] PUB sent=13355913 tps=13615 (pubs=10) | SUB recv=1253086425 itps=3630194.25 p99=2132.42ms conn=6207569919/1018108698.43,1357172859.62,1253086425,1000,1000,1000,0,0,0,0,0,0,3523093399.61,3780451093.06,3803921110.71,3514927521.26,3630158
[status] PUB sent=13475913 tps=13709 (pubs=10) | SUB recv=1260204868 itps=3600643.66 p99=2171.97ms conn=6207569919/1032242495.73,1367579202.02,1260204868,1000,1000,1000,0,0,0,0,0,0,3630609218.90,3872369490.43,3897956494.82,3632693672.18,3600164
[status] PUB sent=13535913 tps=13756 (pubs=10) | SUB recv=1263864944 itps=3660140.08 p99=2189.69ms conn=6207569919/1039444682.22,1372928583.32,1263864944,1000,1000,1000,0,0,0,0,0,0,3545289795.32,3749788221.46,3771367020.52,3519237581.87,3660076
[status] PUB sent=13655913 tps=13850 (pubs=10) | SUB recv=1267459197 itps=3593956.79 p99=2208.99ms conn=6207569919/1046718226.76,1378236603.17,1267459197,1000,1000,1000,0,0,0,0,0,0,3623628275.36,3793832709.55,3817603641.71,3604350636.45,3594253
[status] PUB sent=13715913 tps=13897 (pubs=10) | SUB recv=1273757349 itps=2846857.91 p99=2238.92ms conn=6207569919/1059441137.52,1387343008.58,1273757349,1000,1000,1000,0,0,0,0,0,0,3666355367.31,3898206957.26,3917409234.06,3672723946.31,2847343
[status] PUB sent=13775913 tps=13943 (pubs=10) | SUB recv=1276545396 itps=2788344.44 p99=2251.63ms conn=6207569919/1065738273.82,1392616200.98,1276545396,1000,1000,1000,0,0,0,0,0,0,3952593636.41,4152655424.87,4169784815.05,3942670993.85,2788047
[status] PUB sent=13895913 tps=14036 (pubs=10) | SUB recv=1279359979 itps=2814690.77 p99=2264.50ms conn=6207569919/1072464407.60,1398692698.39,1279359979,1000,1000,1000,0,0,0,0,0,0,4144443297.32,4410893422.53,4434217575.92,4123081537.00,2814583
[status] PUB sent=13955913 tps=14083 (pubs=10) | SUB recv=1285051999 itps=2853141.36 p99=2288.19ms conn=6207569919/1086753929.30,1413221977.64,1285051999,1000,1000,1000,0,0,0,0,0,0,4349781821.92,4594157162.57,4638679523.38,4307769224.35,2853690
[status] PUB sent=14015913 tps=14129 (pubs=10) | SUB recv=1287846817 itps=2794686.59 p99=2299.47ms conn=6207569919/1094396718.75,1421809160.81,1287846817,1000,1000,1000,0,0,0,0,0,0,4667236947.72,4864920858.63,4884379580.00,4608536764.03,2794818
[status] PUB sent=14135913 tps=14221 (pubs=10) | SUB recv=1290724677 itps=2878320.19 p99=2311.45ms conn=6207569919/1102212795.83,1430588023.48,1290724677,1000,1000,1000,0,0,0,0,0,0,4589444297.33,4907762804.68,4948368452.46,4599919422.68,2877860
[status] PUB sent=14195913 tps=14267 (pubs=10) | SUB recv=1296490503 itps=2896422.44 p99=2335.18ms conn=6274678783/1117884503.61,1447225841.01,1296490503,1000,1000,1000,0,0,0,0,0,0,4612264796.58,4935437781.63,4956519396.93,4627568426.55,2896822
[status] PUB sent=14255913 tps=14313 (pubs=10) | SUB recv=1299368352 itps=2878084.13 p99=2345.88ms conn=6274678783/1125514164.74,1455119017.89,1299368352,1000,1000,1000,0,0,0,0,0,0,4580624664.53,4922700320.52,4943024690.16,4562728276.39,2877849
[status] PUB sent=14375913 tps=14405 (pubs=10) | SUB recv=1302285667 itps=2917800.31 p99=2356.77ms conn=6274678783/1133154527.23,1462853152.42,1302285667,1000,1000,1000,0,0,0,0,0,0,4538038655.03,4780328734.53,4799677096.85,4536162162.14,2917315
[status] PUB sent=14435913 tps=14450 (pubs=10) | SUB recv=1308038443 itps=2899457.84 p99=2378.89ms conn=6274678783/1147873243.60,1476917368.94,1308038443,1000,1000,1000,0,0,0,0,0,0,4421312149.11,4776217229.86,4816261432.67,4475232258.38,2899067
[status] PUB sent=14495913 tps=14496 (pubs=10) | SUB recv=1311230274 itps=3191208.86 p99=2391.25ms conn=6274678783/1156010304.81,1484522623.33,1311230274,1000,1000,1000,0,0,0,0,0,0,4509630541.67,4766304725.26,4783730008.68,4490644526.62,3191831
[status] PUB sent=14615913 tps=14587 (pubs=10) | SUB recv=1314075801 itps=2845606.19 p99=2404.49ms conn=6274678783/1163144196.42,1491070982.40,1314075801,1000,1000,1000,0,0,0,0,0,0,4490896248.53,4772147666.09,4790130765.11,4450470111.13,2845527
[status] PUB sent=14675913 tps=14632 (pubs=10) | SUB recv=1319469694 itps=2736973.05 p99=2431.71ms conn=6274678783/1177004136.49,1504662269.06,1319469694,1000,1000,1000,0,0,0,0,0,0,4677184169.56,4901797524.66,4918095858.29,4634778492.00,2736698
[status] PUB sent=14735913 tps=14677 (pubs=10) | SUB recv=1322138925 itps=2669187.11 p99=2444.58ms conn=6274678783/1184016769.95,1511599107.57,1322138925,1000,1000,1000,0,0,0,0,0,0,4680952803.59,4889611304.87,4905897561.07,4650542271.14,2669231
[status] PUB sent=14855913 tps=14767 (pubs=10) | SUB recv=1324912628 itps=2773469.98 p99=2457.02ms conn=6274678783/1191322013.61,1518984135.67,1324912628,1000,1000,1000,0,0,0,0,0,0,4684009828.29,4898194312.42,4915548355.36,4673507018.09,2773703
[status] PUB sent=14915913 tps=14812 (pubs=10) | SUB recv=1330568048 itps=2878282.62 p99=2479.10ms conn=6526337023/1206258737.80,1533419719.97,1330568048,1000,1000,1000,0,0,0,0,0,0,4619445407.55,5074132731.99,5094569923.24,4672730596.84,2877936
[status] PUB sent=14975913 tps=14857 (pubs=10) | SUB recv=1333391788 itps=2823994.58 p99=2489.45ms conn=6526337023/1213336311.85,1540023803.25,1333391788,1000,1000,1000,0,0,0,0,0,0,4585833137.16,4853093378.07,4873020954.20,4548343746.61,2823740
[status] PUB sent=15095913 tps=14946 (pubs=10) | SUB recv=1338924179 itps=2753709.46 p99=2519.14ms conn=7017070591/1227360037.49,1554423267.01,1338924179,1000,1000,1000,0,0,0,0,0,0,4755372398.32,5097920876.38,5113962347.54,4761565690.49,2754182
[status] PUB sent=15155913 tps=14991 (pubs=10) | SUB recv=1341816931 itps=2893145.74 p99=2531.95ms conn=7084179455/1235515673.75,1563381817.23,1341816931,1000,1000,1000,0,0,0,0,0,0,4999286013.51,5478883354.32,5496623679.87,5010391147.11,2892752
[status] PUB sent=15215913 tps=15035 (pubs=10) | SUB recv=1345241409 itps=3424196.92 p99=2544.07ms conn=7084179455/1244025928.41,1570928421.50,1345241409,1000,1000,1000,0,0,0,0,0,0,4500466926.01,4967546632.92,4989834238.31,4578608247.66,3424478
[status] PUB sent=15335913 tps=15124 (pubs=10) | SUB recv=1352441108 itps=3555633.47 p99=2567.24ms conn=7084179455/1259603499.14,1582826536.87,1352441108,1000,1000,1000,0,0,0,0,0,0,4339666127.03,4616332481.67,4642914375.37,4193106286.88,3555173
[status] PUB sent=15395913 tps=15168 (pubs=10) | SUB recv=1356160249 itps=3718393.20 p99=2578.86ms conn=7084179455/1266505017.56,1586848573.43,1356160249,1000,1000,1000,0,0,0,0,0,0,3778423576.21,4119584847.08,4138345435.23,3776196694.57,3719141
[status] PUB sent=15455913 tps=15212 (pubs=10) | SUB recv=1359818688 itps=3659199.47 p99=2591.95ms conn=7084179455/1272990812.65,1589900196.19,1359818688,1000,1000,1000,0,0,0,0,0,0,3678725984.21,3963714640.41,3990218302.31,3677234120.58,3658439
[status] PUB sent=15575913 tps=15300 (pubs=10) | SUB recv=1367076823 itps=3682524.32 p99=2618.26ms conn=7084179455/1285251922.03,1595051055.24,1367076823,1000,1000,1000,0,0,0,0,0,0,3563476454.27,3882506585.72,3906402898.06,3533614056.59,3682988
[status] PUB sent=15635913 tps=15344 (pubs=10) | SUB recv=1370691417 itps=3614423.76 p99=2633.89ms conn=7084179455/1291364416.75,1597676149.88,1370691417,1000,1000,1000,0,0,0,0,0,0,3615345611.55,3787725295.13,3810349252.51,3603173116.07,3614594
[status] PUB sent=15755913 tps=15432 (pubs=10) | SUB recv=1374310773 itps=3620324.70 p99=2649.99ms conn=7084179455/1297543736.53,1600492091.15,1374310773,1000,1000,1000,0,0,0,0,0,0,3647748315.07,3906004268.28,3929453292.28,3637722650.53,3619356
[status] PUB sent=15815913 tps=15475 (pubs=10) | SUB recv=1381661180 itps=3598502.99 p99=2680.66ms conn=7084179455/1309652948.84,1605084374.01,1381661180,1000,1000,1000,0,0,0,0,0,0,3604446481.09,3790701988.21,3811466351.43,3589420776.52,3598510
[status] PUB sent=15875913 tps=15519 (pubs=10) | SUB recv=1385309394 itps=3648113.17 p99=2694.10ms conn=7084179455/1315779358.99,1607716032.48,1385309394,1000,1000,1000,0,0,0,0,0,0,3617278081.52,3895321817.36,3920716980.91,3635989486.71,3648214
[status] PUB sent=15995913 tps=15606 (pubs=10) | SUB recv=1388989984 itps=3681092.09 p99=2710.79ms conn=7084179455/1321738536.32,1610188685.60,1388989984,1000,1000,1000,0,0,0,0,0,0,3595420189.14,3786880829.65,3876083124.64,3564668157.62,3680590
[status] PUB sent=16055913 tps=15649 (pubs=10) | SUB recv=1396275684 itps=3643215.78 p99=2747.39ms conn=7084179455/1333891490.91,1615646301.81,1396275684,1000,1000,1000,0,0,0,0,0,0,3637078611.69,3829322454.09,3857417102.63,3613962616.14,3643451
[status] PUB sent=16115913 tps=15692 (pubs=10) | SUB recv=1399890322 itps=3614965.56 p99=2761.48ms conn=7084179455/1339616751.39,1617770634.58,1399890322,1000,1000,1000,0,0,0,0,0,0,3563093618.90,3794618296.82,3823344031.11,3551191459.39,3614638
[status] PUB sent=16235913 tps=15778 (pubs=10) | SUB recv=1407017904 itps=3511609.24 p99=2806.01ms conn=7084179455/1351114197.40,1622112570.82,1407017901,1000,1000,1000,0,0,0,0,0,0,3598420038.05,3903700935.59,3927032812.56,3600686615.16,3511747
[status] PUB sent=16295913 tps=15821 (pubs=10) | SUB recv=1410082007 itps=3064036.74 p99=2817.02ms conn=7084179455/1356291529.72,1624491707.56,1410082007,1000,1000,1000,0,0,0,0,0,0,3737182832.46,3932903185.75,3951725714.69,3733689456.03,3064106
[status] PUB sent=16355913 tps=15864 (pubs=10) | SUB recv=1413104794 itps=3022221.57 p99=2826.15ms conn=7084179455/1361845265.00,1627585330.02,1413104794,1000,1000,1000,0,0,0,0,0,0,4000689332.29,4197355450.84,4217721430.51,3952574345.91,3022787
[status] PUB sent=16475913 tps=15950 (pubs=10) | SUB recv=1420424314 itps=3671288.25 p99=2848.17ms conn=7084179455/1375786536.84,1635377825.48,1420424314,1000,1000,1000,0,0,0,0,0,0,4147271000.72,4373254641.43,4397150618.34,4132074335.68,3671538
[status] PUB sent=16535913 tps=15992 (pubs=10) | SUB recv=1424046769 itps=3621778.32 p99=2859.39ms conn=7084179455/1382202188.68,1638407012.26,1424046769,1000,1000,1000,0,0,0,0,0,0,3903955409.45,4242121378.01,4263862820.85,3897885022.49,3622455
[status] PUB sent=16655913 tps=16077 (pubs=10) | SUB recv=1427723178 itps=3677141.86 p99=2869.82ms conn=7084179455/1388177133.35,1640967148.72,1427723178,1000,1000,1000,0,0,0,0,0,0,3748893903.58,3979994843.75,4001788010.19,3702555280.63,3676409
[status] PUB sent=16715913 tps=16120 (pubs=10) | SUB recv=1434899003 itps=3587236.73 p99=2888.85ms conn=7084179455/1399940892.75,1646228033.84,1434899003,1000,1000,1000,0,0,0,0,0,0,3754778473.78,4033289801.10,4055602153.52,3793615599.22,3587063
[status] PUB sent=16775913 tps=16162 (pubs=10) | SUB recv=1438516357 itps=3616785.02 p99=2897.69ms conn=7084179455/1405704549.69,1648441569.84,1438516357,1000,1000,1000,0,0,0,0,0,0,3686074951.89,3937025990.94,3966149349.47,3691979434.38,3617354
[status] PUB sent=16895913 tps=16246 (pubs=10) | SUB recv=1442102534 itps=3586850.10 p99=2906.39ms conn=7084179455/1411528175.01,1650831620.21,1442102534,1000,1000,1000,0,0,0,0,0,0,3740598426.75,4025369574.14,4052002585.90,3747547919.85,3586177
[status] PUB sent=16955913 tps=16288 (pubs=10) | SUB recv=1449171927 itps=3526871.24 p99=2923.19ms conn=7084179455/1422954037.33,1655384560.23,1449171927,1000,1000,1000,0,0,0,0,0,0,3755194103.79,3966074726.37,3992748575.74,3746197082.53,3526235
[status] PUB sent=17015913 tps=16330 (pubs=10) | SUB recv=1452630365 itps=3458456.19 p99=2932.11ms conn=7084179455/1428583286.95,1657762156.52,1452630365,1000,1000,1000,0,0,0,0,0,0,3829476953.88,4028053584.27,4059622344.89,3787379514.79,3458438
[status] PUB sent=17135913 tps=16414 (pubs=10) | SUB recv=1456226251 itps=3595708.98 p99=2941.12ms conn=7084179455/1434609979.29,1660283746.61,1456226243,1000,1000,1000,0,0,0,0,0,0,3867322789.26,4062316543.01,4122110432.63,3869218802.18,3595878
[status] PUB sent=17195913 tps=16455 (pubs=10) | SUB recv=1463308662 itps=3541754.57 p99=2963.08ms conn=7084179455/1446379545.30,1665696401.17,1463308662,1000,1000,1000,0,0,0,0,0,0,3866799840.83,4119842238.00,4148951869.72,3882143279.29,3541033
[status] PUB sent=17255913 tps=16497 (pubs=10) | SUB recv=1466891356 itps=3581949.85 p99=2975.98ms conn=7084179455/1452490922.87,1668547834.07,1466891356,1000,1000,1000,0,0,0,0,0,0,3969057582.66,4232301528.34,4257026828.52,3948610248.93,3582694
[status] PUB sent=17375913 tps=16580 (pubs=10) | SUB recv=1474135183 itps=3606516.13 p99=3015.52ms conn=7084179455/1463887923.68,1672911274.22,1474135177,1000,1000,1000,0,0,0,0,0,0,3765541016.68,4022414599.98,4042643794.24,3755724867.73,3606482
[status] PUB sent=17435913 tps=16621 (pubs=10) | SUB recv=1477742339 itps=3606571.12 p99=3026.06ms conn=7084179455/1469470596.53,1675025754.89,1477742300,1000,1000,1000,0,0,0,0,0,0,3769254075.03,3994313305.41,4022759531.90,3750960422.87,3607123
[status] PUB sent=17495913 tps=16663 (pubs=10) | SUB recv=1481346009 itps=3603598.95 p99=3035.29ms conn=7084179455/1475039520.55,1677015157.51,1481346009,1000,1000,1000,0,0,0,0,0,0,3778335131.28,3961429047.74,3991248008.43,3758640830.93,3603709
[status] PUB sent=17615913 tps=16745 (pubs=10) | SUB recv=1488594459 itps=3605610.05 p99=3051.62ms conn=7084179455/1486736159.33,1681878900.63,1488594459,1000,1000,1000,0,0,0,0,0,0,3919407228.31,4101280460.26,4126276257.53,3886227454.40,3606633
[status] PUB sent=17675913 tps=16786 (pubs=10) | SUB recv=1492171645 itps=3577875.57 p99=3058.42ms conn=7084179455/1492204915.44,1683797536.84,1492171644,1000,1000,1000,0,0,0,0,0,0,3820959817.23,4002317434.33,4033367478.68,3767949680.18,3577185
[status] PUB sent=17795913 tps=16868 (pubs=10) | SUB recv=1495817587 itps=3646866.08 p99=3065.39ms conn=7084179455/1497747338.17,1685767230.76,1495817587,1000,1000,1000,0,0,0,0,0,0,3750140478.98,3976164053.96,3995930588.30,3766089448.63,3645943
[status] PUB sent=17855913 tps=16909 (pubs=10) | SUB recv=1503113195 itps=3618933.22 p99=3079.21ms conn=7084179455/1508686656.02,1689756336.95,1503113194,1000,1000,1000,0,0,0,0,0,0,3703182901.38,4002405965.15,4036389159.22,3723346218.82,3619267
[status] PUB sent=17915913 tps=16950 (pubs=10) | SUB recv=1506754318 itps=3641678.81 p99=3085.46ms conn=7084179455/1514039793.11,1691540361.21,1506754318,1000,1000,1000,0,0,0,0,0,0,3750139424.57,3978442143.51,4026252886.97,3723898887.80,3641124
[status] PUB sent=18035913 tps=17031 (pubs=10) | SUB recv=1510375256 itps=3620920.27 p99=3093.02ms conn=7084179455/1519397216.69,1693492134.29,1510375231,1000,1000,1000,0,0,0,0,0,0,3722000969.93,4000342966.55,4025846375.26,3748757909.25,3620913
[status] PUB sent=18095913 tps=17072 (pubs=10) | SUB recv=1517502675 itps=3469080.76 p99=3109.83ms conn=7084179455/1530367572.85,1697487983.30,1517502673,1000,1000,1000,0,0,0,0,0,0,3868754563.52,4203491045.31,4235859777.65,3893894285.83,3469706
[status] PUB sent=18155913 tps=17112 (pubs=10) | SUB recv=1520676312 itps=3174040.57 p99=3116.99ms conn=7084179455/1535399843.64,1699432497.75,1520676312,1000,1000,1000,0,0,0,0,0,0,3958222369.57,4179326235.06,4202022527.72,3941623231.22,3173639
[status] PUB sent=18275913 tps=17193 (pubs=10) | SUB recv=1523853994 itps=3178116.31 p99=3124.42ms conn=7084179455/1540642219.44,1701653130.67,1523853992,1000,1000,1000,0,0,0,0,0,0,4051360311.57,4325152104.49,4344970174.39,4049377111.47,3177680
[status] PUB sent=18335913 tps=17233 (pubs=10) | SUB recv=1530207461 itps=3171829.11 p99=3138.22ms conn=7084179455/1551642230.00,1707105064.50,1530207461,1000,1000,1000,0,0,0,0,0,0,4260358007.70,4627143904.17,4661646360.41,4292391071.67,3171295
[status] PUB sent=18395913 tps=17273 (pubs=10) | SUB recv=1533438365 itps=3230831.95 p99=3144.21ms conn=7084179455/1557225690.09,1710048797.86,1533438365,1000,1000,1000,0,0,0,0,0,0,4177912521.79,4514838347.81,4539342253.06,4201641086.75,3230904
[status] PUB sent=18515913 tps=17353 (pubs=10) | SUB recv=1539794625 itps=3139172.56 p99=3156.08ms conn=7084179455/1568280757.85,1716617795.57,1539794625,1000,1000,1000,0,0,0,0,0,0,4062736905.98,4456975310.03,4480810403.22,4116827678.97,3138762
[status] PUB sent=18575913 tps=17393 (pubs=10) | SUB recv=1542886145 itps=3091117.98 p99=3162.44ms conn=7084179455/1573979984.76,1720324366.95,1542886145,1000,1000,1000,0,0,0,0,0,0,4437143368.61,4637029933.01,4661370468.76,4412596253.34,3091520
[status] PUB sent=18665913 tps=17453 (pubs=10) | SUB recv=1546019836 itps=3134397.38 p99=3169.82ms conn=7537164287/1580360833.56,1725180055.65,1546019836,1000,1000,1000,0,0,0,0,0,0,4774716206.66,4997921695.37,5020850426.56,4721998985.02,3133691
[status] PUB sent=18755913 tps=17512 (pubs=10) | SUB recv=1552316578 itps=3140217.23 p99=3185.96ms conn=7675576319/1592157246.33,1732405404.02,1552316578,1000,1000,1000,0,0,0,0,0,0,4341273186.81,4724817662.07,4746129679.38,4399028340.03,3140456
[status] PUB sent=18815913 tps=17552 (pubs=10) | SUB recv=1555452680 itps=3136231.36 p99=3194.17ms conn=7675576319/1598103245.55,1736160940.50,1555452680,1000,1000,1000,0,0,0,0,0,0,4532150174.73,4806938935.99,4828852526.08,4541270639.90,3136102
[status] PUB sent=18935913 tps=17631 (pubs=10) | SUB recv=1558654114 itps=3200758.92 p99=3203.23ms conn=7675576319/1603720499.85,1739061407.47,1558654114,1000,1000,1000,0,0,0,0,0,0,4320382230.94,4759109298.67,4779376370.69,4332926619.16,3201434
[status] PUB sent=18995913 tps=17671 (pubs=10) | SUB recv=1565374642 itps=3608222.59 p99=3225.96ms conn=7675576319/1615890226.93,1746282369.56,1565374642,1000,1000,1000,0,0,0,0,0,0,4461955757.97,4759548520.71,4787938202.54,4464793825.26,3608140
[status] PUB sent=19055913 tps=17710 (pubs=10) | SUB recv=1568913548 itps=3539137.63 p99=3233.44ms conn=7675576319/1621919189.77,1749210338.47,1568913548,1000,1000,1000,0,0,0,0,0,0,4173601317.44,4677165267.95,4708691754.03,4288727954.34,3538906
[status] PUB sent=19175913 tps=17788 (pubs=10) | SUB recv=1575810548 itps=3320360.59 p99=3246.76ms conn=7675576319/1632842186.62,1753724161.92,1575810548,1000,1000,1000,0,0,0,0,0,0,3906815224.80,4407572508.06,4432141843.20,3943462926.78,3320446
[status] PUB sent=19235913 tps=17828 (pubs=10) | SUB recv=1579660742 itps=3558477.63 p99=3252.62ms conn=7675576319/1638374720.40,1755593516.86,1579660742,1000,1000,1000,0,0,0,0,0,0,3881738697.90,4114716329.67,4134997912.59,3865707917.15,3558766
[status] PUB sent=19295913 tps=17867 (pubs=10) | SUB recv=1583261827 itps=3601645.32 p99=3259.38ms conn=7675576319/1643735669.01,1757466516.32,1583261827,1000,1000,1000,0,0,0,0,0,0,4001964396.79,4200015362.44,4233117185.44,3995382476.20,3601085
[status] PUB sent=19296333 tps=17834 (pubs=10) | SUB recv=1590388194 itps=3564099.03 p99=3274.29ms conn=7675576319/1653948325.46,1760478559.47,1590388194,1000,1000,1000,0,0,0,0,0,0,3973307795.57,4247170954.03,4268437213.49,3980143043.85,3563806
[status] PUB sent=19296533 tps=17818 (pubs=10) | SUB recv=1594018012 itps=3629926.42 p99=3281.71ms conn=7675576319/1659063364.03,1761872046.14,1594018012,1000,1000,1000,0,0,0,0,0,0,3874001540.99,4230229167.60,4256100659.12,3900194174.72,3629818
[status] PUB sent=19296933 tps=17785 (pubs=10) | SUB recv=1597450299 itps=3431785.72 p99=3290.35ms conn=7675576319/1664024641.61,1763315458.83,1597450299,1000,1000,1000,0,0,0,0,0,0,3994584548.35,4298061449.41,4317383822.54,3968134355.32,3432287
[status] PUB sent=19297133 tps=17769 (pubs=10) | SUB recv=1597900068 itps=20004.85 p99=3291.21ms conn=7675576319/1664602479.28,1763514455.40,1597900068,1000,1000,1000,0,0,0,0,0,0,2161663,3619019.80,4086783,2159676.17,20000
[status] PUB sent=19297333 tps=17753 (pubs=10) | SUB recv=1597920068 itps=19996.07 p99=3291.21ms conn=7675576319/1664581672.10,1763513362.11,1597920068,1000,1000,1000,0,0,0,0,0,0,2148146.20,3885464.60,5111807,2191664.60,20000
[status] PUB sent=19297733 tps=17721 (pubs=10) | SUB recv=1597940068 itps=20002.31 p99=3291.21ms conn=7675576319/1664560867.00,1763512267.07,1597940068,1000,1000,1000,0,0,0,0,0,0,2301746.20,3971685.40,5002034.20,2317008.65,20000
[status] PUB sent=19297933 tps=17705 (pubs=10) | SUB recv=1597980068 itps=20001.02 p99=3290.99ms conn=7675576319/1664519254.82,1763510079.68,1597980068,1000,1000,1000,0,0,0,0,0,0,2133093.40,3679026.20,3971685.40,2136051.08,20000
[status] PUB sent=19298133 tps=17689 (pubs=10) | SUB recv=1598000068 itps=20003.03 p99=3290.99ms conn=7675576319/1664498454.73,1763508980.75,1598000068,1000,1000,1000,0,0,0,0,0,0,2197298.20,4139621.40,13259160.60,2592191.40,20000
[status] PUB sent=19298533 tps=17656 (pubs=10) | SUB recv=1598020068 itps=19994.68 p99=3290.99ms conn=7675576319/1664477649.12,1763507887.24,1598020068,1000,1000,1000,0,0,0,0,0,0,2109029.40,3586661.40,3906354.20,2109765.72,20000
[status] PUB sent=19298733 tps=17640 (pubs=10) | SUB recv=1598060068 itps=20004.69 p99=3290.99ms conn=7675576319/1664436041.07,1763505698.11,1598060068,1000,1000,1000,0,0,0,0,0,0,2156747.80,3623115.80,4032715.80,2151311.19,20000
[status] PUB sent=19298933 tps=17625 (pubs=10) | SUB recv=1598080068 itps=19999.94 p99=3290.99ms conn=7675576319/1664415238.14,1763504602.90,1598080068,1000,1000,1000,0,0,0,0,0,0,2208664.60,3690085.40,4026981.40,2198418.10,20000
[status] PUB sent=19299333 tps=17593 (pubs=10) | SUB recv=1598120068 itps=19998.21 p99=3290.99ms conn=7675576319/1664373634.07,1763502411.65,1598120068,1000,1000,1000,0,0,0,0,0,0,2129611.80,3826277.40,6514482.20,2223971.23,20000
[status] PUB sent=19299533 tps=17577 (pubs=10) | SUB recv=1598140068 itps=19998.73 p99=3290.99ms conn=7675576319/1664352831.65,1763501316.79,1598140068,1000,1000,1000,0,0,0,0,0,0,2108824.60,3647691.80,3954482.20,2115142.15,20000
[status] PUB sent=19299733 tps=17561 (pubs=10) | SUB recv=1598160068 itps=20000.06 p99=3290.99ms conn=7675576319/1664332029.88,1763500221.59,1598160068,1000,1000,1000,0,0,0,0,0,0,2121317.40,3683122.20,3946904.60,2124752.32,20000
[status] PUB sent=19300133 tps=17530 (pubs=10) | SUB recv=1598200068 itps=19999.95 p99=3290.99ms conn=7675576319/1664290428.65,1763498029.79,1598200068,1000,1000,1000,0,0,0,0,0,0,2155826.20,3711179.80,4020223,2157871.05,20000
[status] PUB sent=19300333 tps=17514 (pubs=10) | SUB recv=1598220068 itps=19998.82 p99=3290.99ms conn=7675576319/1664269629.22,1763496933.17,1598220068,1000,1000,1000,0,0,0,0,0,0,2184703,3712408.60,4005067.80,2187052.05,20000
[status] PUB sent=19300733 tps=17483 (pubs=10) | SUB recv=1598240068 itps=19997.31 p99=3290.99ms conn=7675576319/1664248830.16,1763495836.44,1598240068,1000,1000,1000,0,0,0,0,0,0,2172415,3707493.40,4055653.40,2175426.96,20000
[status] PUB sent=19300933 tps=17467 (pubs=10) | SUB recv=1598280068 itps=20001.62 p99=3290.99ms conn=7675576319/1664207233.81,1763493642.17,1598280068,1000,1000,1000,0,0,0,0,0,0,2205592.60,3768933.40,4212530.20,2209884.61,20000
[status] PUB sent=19301133 tps=17451 (pubs=10) | SUB recv=1598300068 itps=19997.93 p99=3290.99ms conn=7675576319/1664186436.40,1763492544.69,1598300068,1000,1000,1000,0,0,0,0,0,0,2181119,3741490.20,3986635.80,2182036.34,20000
[status] PUB sent=19301533 tps=17420 (pubs=10) | SUB recv=1598320068 itps=19998.80 p99=3290.99ms conn=7675576319/1664165638.67,1763491447.82,1598320068,1000,1000,1000,0,0,0,0,0,0,2113023,3640319,3925400.60,2115059.75,20000
[status] PUB sent=19301733 tps=17405 (pubs=10) | SUB recv=1598360068 itps=20003.54 p99=3290.99ms conn=7675576319/1664124046.36,1763489251.85,1598360068,1000,1000,1000,0,0,0,0,0,0,2170264.60,3755416.60,4412415,2179060.62,20000
[status] PUB sent=19301933 tps=17389 (pubs=10) | SUB recv=1598380068 itps=19999.23 p99=3290.99ms conn=7675576319/1664103250.99,1763488153.51,1598380068,1000,1000,1000,0,0,0,0,0,0,2181119,3729611.80,4078386.20,2178757.01,20000
[status] PUB sent=19302333 tps=17358 (pubs=10) | SUB recv=1598420068 itps=20000.90 p99=3290.99ms conn=7675576319/1664061661.26,1763485956.71,1598420068,1000,1000,1000,0,0,0,0,0,0,2152037.40,3684760.60,3946699.80,2149368.41,20000
[status] PUB sent=19302533 tps=17343 (pubs=10) | SUB recv=1598440068 itps=20002.83 p99=3290.78ms conn=7675576319/1664040867.48,1763484857.65,1598440068,1000,1000,1000,0,0,0,0,0,0,2173029.40,3760536.60,4233624.60,2181229.38,20000
[status] PUB sent=19302733 tps=17327 (pubs=10) | SUB recv=1598460068 itps=19999.44 p99=3290.78ms conn=7675576319/1664020073.49,1763483759.10,1598460068,1000,1000,1000,0,0,0,0,0,0,2121215,3654450.20,3933592.60,2123156.95,20000
[status] PUB sent=19303133 tps=17297 (pubs=10) | SUB recv=1598500068 itps=19997.82 p99=3290.78ms conn=7675576319/1663978489.71,1763481558.79,1598500068,1000,1000,1000,0,0,0,0,0,0,2210200.60,4146175,5544344.60,2264731.12,20000
[status] PUB sent=19303333 tps=17281 (pubs=10) | SUB recv=1598520068 itps=20000.07 p99=3290.78ms conn=7675576319/1663957696.61,1763480460.21,1598520068,1000,1000,1000,0,0,0,0,0,0,2051275.80,3642776.60,4072651.80,2069183.56,20000
[status] PUB sent=19303733 tps=17251 (pubs=10) | SUB recv=1598540068 itps=20001.22 p99=3290.78ms conn=7675576319/1663936904.68,1763479360.81,1598540068,1000,1000,1000,0,0,0,0,0,0,2107903,3697253.40,4225637.40,2121191.03,20000
[status] PUB sent=19303933 tps=17236 (pubs=10) | SUB recv=1598580068 itps=20002.27 p99=3290.78ms conn=7675576319/1663895322.31,1763477161.39,1598580068,1000,1000,1000,0,0,0,0,0,0,2155519,3730635.80,4516453.40,2169936.15,20000
[status] PUB sent=19304133 tps=17220 (pubs=10) | SUB recv=1598600068 itps=19997.91 p99=3290.78ms conn=7675576319/1663874533.23,1763476060.07,1598600068,1000,1000,1000,0,0,0,0,0,0,2170059.80,3858431,5724773.40,2224030.29,20000
[status] PUB sent=19304533 tps=17190 (pubs=10) | SUB recv=1598620068 itps=19999.90 p99=3290.78ms conn=7675576319/1663853744.36,1763474958.81,1598620068,1000,1000,1000,0,0,0,0,0,0,2178968.60,3781631,4825906.20,2198681.60,20000
[status] PUB sent=19304733 tps=17175 (pubs=10) | SUB recv=1598660068 itps=19994.21 p99=3290.78ms conn=7675576319/1663812167.93,1763472755.87,1598660068,1000,1000,1000,0,0,0,0,0,0,2133912.60,3653221.40,3938507.80,2134484.70,20000
[status] PUB sent=19304933 tps=17160 (pubs=10) | SUB recv=1598680068 itps=20002.73 p99=3290.78ms conn=7675576319/1663791380.91,1763471653.64,1598680068,1000,1000,1000,0,0,0,0,0,0,2167499.80,3925810.20,5472050.20,2222579.62,20000
[status] PUB sent=19305333 tps=17130 (pubs=10) | SUB recv=1598720068 itps=19997.90 p99=3290.78ms conn=7675576319/1663749808.12,1763469448.79,1598720068,1000,1000,1000,0,0,0,0,0,0,2155109.40,3702578.20,4048485.40,2157416.32,20000
[status] PUB sent=19305533 tps=17115 (pubs=10) | SUB recv=1598740068 itps=20000.28 p99=3290.57ms conn=7675576319/1663729023.70,1763468344.93,1598740068,1000,1000,1000,0,0,0,0,0,0,2274405.40,4131634.20,5284863,2305663.37,20000
[status] PUB sent=19305733 tps=17100 (pubs=10) | SUB recv=1598760068 itps=19998.72 p99=3290.57ms conn=7675576319/1663708238.55,1763467242.01,1598760068,1000,1000,1000,0,0,0,0,0,0,2181221.40,3813579.80,4930559,2205500.03,20000
[status] PUB sent=19306133 tps=17070 (pubs=10) | SUB recv=1598800068 itps=19999.35 p99=3290.57ms conn=7675576319/1663666673.83,1763465031.68,1598800068,1000,1000,1000,0,0,0,0,0,0,2177535,5356543,8505957.40,2406619.76,20000
[status] PUB sent=19306333 tps=17055 (pubs=10) | SUB recv=1598820068 itps=20000.06 p99=3290.57ms conn=7675576319/1663645889.63,1763463928.70,1598820068,1000,1000,1000,0,0,0,0,0,0,2125413.40,3779787.80,4893285.40,2156965.40,20000
[status] PUB sent=19306733 tps=17025 (pubs=10) | SUB recv=1598840068 itps=20003.90 p99=3290.57ms conn=7675576319/1663625105.55,1763462825.94,1598840068,1000,1000,1000,0,0,0,0,0,0,2113330.20,3700120.60,4549426.20,2124771.79,20000
[status] PUB sent=19306933 tps=17010 (pubs=10) | SUB recv=1598880068 itps=20004.93 p99=3290.57ms conn=7675576319/1663583539.56,1763460618.98,1598880068,1000,1000,1000,0,0,0,0,0,0,2121317.40,3750911,5135359,2167583.85,20000
[status] PUB sent=19307133 tps=16996 (pubs=10) | SUB recv=1598900068 itps=19998.92 p99=3290.57ms conn=7675576319/1663562757.57,1763459514.95,1598900068,1000,1000,1000,0,0,0,0,0,0,2140773.40,3728178.20,4663909.40,2167022.82,20000
[status] PUB sent=19307533 tps=16966 (pubs=10) | SUB recv=1598920068 itps=20000.01 p99=3290.57ms conn=7675576319/1663541976.16,1763458410.63,1598920068,1000,1000,1000,0,0,0,0,0,0,2157771.80,3765656.60,4429208.60,2172082.06,20000
[status] PUB sent=19307733 tps=16951 (pubs=10) | SUB recv=1598960068 itps=19998.25 p99=3290.57ms conn=7675576319/1663500415.10,1763456201.20,1598960068,1000,1000,1000,0,0,0,0,0,0,2183371.80,3748453.40,4552703,2198771.46,20000
[status] PUB sent=19307933 tps=16937 (pubs=10) | SUB recv=1598980068 itps=20002.27 p99=3290.57ms conn=7675576319/1663479635.03,1763455096.41,1598980068,1000,1000,1000,0,0,0,0,0,0,2154597.40,3691928.60,3970661.40,2154972.59,20000
[status] PUB sent=19308333 tps=16908 (pubs=10) | SUB recv=1599020068 itps=19999.34 p99=3290.57ms conn=7675576319/1663438078.63,1763452884.09,1599020068,1000,1000,1000,0,0,0,0,0,0,2204261.40,3789618.20,4754226.20,2227847.14,20000
[status] PUB sent=19308533 tps=16893 (pubs=10) | SUB recv=1599040068 itps=20002.55 p99=3290.57ms conn=7675576319/1663417299.97,1763451778.78,1599040068,1000,1000,1000,0,0,0,0,0,0,2141080.60,3609599,4015512.60,2142830.83,20000
[status] PUB sent=19308733 tps=16878 (pubs=10) | SUB recv=1599060068 itps=19997.62 p99=3290.57ms conn=7675576319/1663396522.62,1763450672.48,1599060068,1000,1000,1000,0,0,0,0,0,0,2208869.40,3736370.20,4244683.80,2205528.65,20000
[status] PUB sent=19309133 tps=16849 (pubs=10) | SUB recv=1599100068 itps=20002.09 p99=3290.57ms conn=7675576319/1663354969.42,1763448459.34,1599100068,1000,1000,1000,0,0,0,0,0,0,2221874.20,3728792.60,4062821.40,2211355.36,20000
[status] PUB sent=19309333 tps=16835 (pubs=10) | SUB recv=1599120068 itps=19997.31 p99=3290.57ms conn=7675576319/1663334193.25,1763447352.75,1599120068,1000,1000,1000,0,0,0,0,0,0,2173029.40,3697867.80,4064050.20,2175717.94,20000
[status] PUB sent=19309733 tps=16806 (pubs=10) | SUB recv=1599140068 itps=20003.91 p99=3290.57ms conn=7675576319/1663313417.38,1763446246.18,1599140068,1000,1000,1000,0,0,0,0,0,0,2152959,3706059.80,4060773.40,2157424.49,20000
[status] PUB sent=19309933 tps=16791 (pubs=10) | SUB recv=1599180068 itps=20000.69 p99=3290.57ms conn=7675576319/1663271866.40,1763444033.06,1599180068,1000,1000,1000,0,0,0,0,0,0,2121931.80,3687832.60,4219288.60,2129672.61,20000
[status] PUB sent=19310133 tps=16777 (pubs=10) | SUB recv=1599200068 itps=20002.88 p99=3290.57ms conn=7675576319/1663251092.82,1763442925.12,1599200068,1000,1000,1000,0,0,0,0,0,0,2132376.60,4148018.20,5707365.40,2216513.37,20000
[status] PUB sent=19310533 tps=16748 (pubs=10) | SUB recv=1599232068 itps=12002.97 p99=3290.57ms conn=7675576319/1663217853.81,1763441479.42,1599232068,1000,1000,1000,0,0,0,0,0,0,2103124.33,3596969.67,3922943,2102392.85,12000
[status] PUB sent=19310733 tps=16734 (pubs=10) | SUB recv=1599260068 itps=19997.09 p99=3290.57ms conn=7675576319/1663188772.03,1763439602.93,1599260068,1000,1000,1000,0,0,0,0,0,0,2143435.80,3687218.20,3996261.40,2144039.16,20000
[status] PUB sent=19310933 tps=16719 (pubs=10) | SUB recv=1599280068 itps=20001.68 p99=3290.57ms conn=7675576319/1663167999.67,1763438494.90,1599280068,1000,1000,1000,0,0,0,0,0,0,2145279,3670834.20,3994418.20,2147923.35,20000
[status] PUB sent=19311333 tps=16691 (pubs=10) | SUB recv=1599320068 itps=20003.18 p99=3290.57ms conn=7675576319/1663126457.03,1763436277.63,1599320068,1000,1000,1000,0,0,0,0,0,0,2171083.80,3725720.60,4021042.20,2173844.62,20000
[status] PUB sent=19311533 tps=16677 (pubs=10) | SUB recv=1599340068 itps=19998.82 p99=3290.57ms conn=7675576319/1663105686.62,1763435168.54,1599340068,1000,1000,1000,0,0,0,0,0,0,2176818.20,3767090.20,4152933.40,2178823.74,20000
[status] PUB sent=19311933 tps=16648 (pubs=10) | SUB recv=1599360068 itps=20000.35 p99=3290.36ms conn=7675576319/1663084915.90,1763434060.01,1599360068,1000,1000,1000,0,0,0,0,0,0,2110565.40,3661618.20,3971480.60,2112879.94,20000
[status] PUB sent=19312133 tps=16634 (pubs=10) | SUB recv=1599400068 itps=20003.15 p99=3290.36ms conn=7675576319/1663043377.95,1763431840.45,1599400068,1000,1000,1000,0,0,0,0,0,0,2178968.60,3730226.20,3996261.40,2180107.06,20000
[status] PUB sent=19312333 tps=16620 (pubs=10) | SUB recv=1599420068 itps=19997.88 p99=3290.36ms conn=7675576319/1663022609.22,1763430730.86,1599420068,1000,1000,1000,0,0,0,0,0,0,2143128.60,3720191,4221131.80,2147144.40,20000
[status] PUB sent=19312733 tps=16592 (pubs=10) | SUB recv=1599440068 itps=19998.51 p99=3290.36ms conn=7675576319/1663001841.83,1763429620.23,1599440068,1000,1000,1000,0,0,0,0,0,0,2174258.20,3839179.80,5154200.60,2212873.25,20000
[status] PUB sent=19312933 tps=16578 (pubs=10) | SUB recv=1599480068 itps=19998.50 p99=3290.36ms conn=7675576319/1662960306.75,1763427400.12,1599480068,1000,1000,1000,0,0,0,0,0,0,2157874.20,3719781.40,4051762.20,2158272.81,20000
[status] PUB sent=19313133 tps=16564 (pubs=10) | SUB recv=1599500068 itps=20001.83 p99=3290.36ms conn=7675576319/1662939540.87,1763426288.82,1599500068,1000,1000,1000,0,0,0,0,0,0,2205899.80,3765861.40,4548402.20,2209438.35,20000
[status] PUB sent=19313533 tps=16536 (pubs=10) | SUB recv=1599540068 itps=20002.02 p99=3290.36ms conn=7675576319/1662898010.00,1763424066.36,1599540068,1000,1000,1000,0,0,0,0,0,0,2196171.80,3755416.60,4051762.20,2193112.53,20000
[status] PUB sent=19313733 tps=16522 (pubs=10) | SUB recv=1599560068 itps=19996.14 p99=3290.15ms conn=7675576319/1662877245.18,1763422954.94,1599560068,1000,1000,1000,0,0,0,0,0,0,2163096.60,3741899.80,4056063,2168921.68,20000
[status] PUB sent=19314133 tps=16494 (pubs=10) | SUB recv=1599580068 itps=20000.50 p99=3290.15ms conn=7675576319/1662856479.69,1763421844.41,1599580068,1000,1000,1000,0,0,0,0,0,0,2071346.20,3564952.60,3923147.80,2074610.76,20000
[status] PUB sent=19314333 tps=16480 (pubs=10) | SUB recv=1599620068 itps=20001.63 p99=3290.15ms conn=7675576319/1662814950.76,1763419622.26,1599620068,1000,1000,1000,0,0,0,0,0,0,2161048.60,3885259.80,5373746.20,2198553.80,20000
[status] PUB sent=19314533 tps=16466 (pubs=10) | SUB recv=1599640068 itps=19999.54 p99=3290.15ms conn=7675576319/1662794188.71,1763418509.27,1599640068,1000,1000,1000,0,0,0,0,0,0,2232011.80,3751935,4042546.20,2224207.93,20000
[status] PUB sent=19314933 tps=16438 (pubs=10) | SUB recv=1599660068 itps=19998.79 p99=3290.15ms conn=7675576319/1662773427.03,1763417396.20,1599660068,1000,1000,1000,0,0,0,0,0,0,2189311,3877887,4649368.60,2212978.56,20000
[status] PUB sent=19315133 tps=16424 (pubs=10) | SUB recv=1599700068 itps=20002.95 p99=3290.15ms conn=7675576319/1662731901.82,1763415172.70,1599700068,1000,1000,1000,0,0,0,0,0,0,2058034.20,3475250.20,3734936.60,2057033.62,20000
[status] PUB sent=19315333 tps=16411 (pubs=10) | SUB recv=1599720068 itps=19995.67 p99=3290.15ms conn=7675576319/1662711140.41,1763414060.18,1599720068,1000,1000,1000,0,0,0,0,0,0,2114866.20,3536485.40,3887922.20,2110177.06,20000
[status] PUB sent=19315733 tps=16383 (pubs=10) | SUB recv=1599760068 itps=19995.15 p99=3290.15ms conn=7675576319/1662669620.91,1763411832.77,1599760068,1000,1000,1000,0,0,0,0,0,0,2157669.40,3753983,4067122.20,2157295.30,20000
[status] PUB sent=19315933 tps=16370 (pubs=10) | SUB recv=1599780068 itps=20006.39 p99=3290.15ms conn=7675576319/1662648861.58,1763410719.07,1599780068,1000,1000,1000,0,0,0,0,0,0,2151423,3699096.60,4012850.20,2151394.23,20000
[status] PUB sent=19316333 tps=16342 (pubs=10) | SUB recv=1599800068 itps=19999.93 p99=3289.95ms conn=7675576319/1662628102.61,1763409605.33,1599800068,1000,1000,1000,0,0,0,0,0,0,2132581.40,3686194.20,4096203.80,2139338.83,20000
[status] PUB sent=19316533 tps=16328 (pubs=10) | SUB recv=1599840068 itps=19996.10 p99=3289.95ms conn=7675576319/1662586585.49,1763407377.88,1599840068,1000,1000,1000,0,0,0,0,0,0,2152651.80,3714661.40,4020427.80,2154385.55,20000
[status] PUB sent=19316733 tps=16315 (pubs=10) | SUB recv=1599860068 itps=20001.46 p99=3289.95ms conn=7675576319/1662565828.52,1763406263.02,1599860068,1000,1000,1000,0,0,0,0,0,0,2176306.20,3737394.20,4014898.20,2174052.85,20000
[status] PUB sent=19317133 tps=16288 (pubs=10) | SUB recv=1599880068 itps=19997.23 p99=3289.95ms conn=7675576319/1662545071.89,1763405148.13,1599880068,1000,1000,1000,0,0,0,0,0,0,2158591,3713023,3993599,2159833.31,20000
[status] PUB sent=19317333 tps=16274 (pubs=10) | SUB recv=1599920068 itps=20000.61 p99=3289.95ms conn=7675576319/1662503559.44,1763402918.40,1599920068,1000,1000,1000,0,0,0,0,0,0,2109234.20,3677183,3965951,2106845.31,20000
[status] PUB sent=19317533 tps=16261 (pubs=10) | SUB recv=1599940068 itps=20001.44 p99=3289.95ms conn=7675576319/1662482804.60,1763401802.63,1599940068,1000,1000,1000,0,0,0,0,0,0,2176203.80,3761355.80,4187954.20,2178635.86,20000
[status] PUB sent=19317933 tps=16234 (pubs=10) | SUB recv=1599980068 itps=19996.94 p99=3289.95ms conn=7675576319/1662441295.49,1763399571.32,1599980068,1000,1000,1000,0,0,0,0,0,0,2163915.80,3752754.20,4118527,2160764.62,20000
[status] PUB sent=19318133 tps=16220 (pubs=10) | SUB recv=1600000068 itps=20003.30 p99=3289.95ms conn=7675576319/1662420541.74,1763398455.30,1600000068,1000,1000,1000,0,0,0,0,0,0,2140568.60,3673496.60,4043160.60,2140770.66,20000
[status] PUB sent=19318533 tps=16193 (pubs=10) | SUB recv=1600020068 itps=19999.47 p99=3289.95ms conn=7675576319/1662399789.08,1763397338.52,1600020068,1000,1000,1000,0,0,0,0,0,0,2183986.20,3752344.60,4120370.20,2186678.62,20000
[status] PUB sent=19318733 tps=16180 (pubs=10) | SUB recv=1600060068 itps=19998.65 p99=3289.73ms conn=7675576319/1662358284.55,1763395105.01,1600060068,1000,1000,1000,0,0,0,0,0,0,2128792.60,3691723.80,4013259.80,2128364.63,20000
[status] PUB sent=19318933 tps=16166 (pubs=10) | SUB recv=1600080068 itps=20002.51 p99=3289.73ms conn=7675576319/1662337532.97,1763393988.01,1600080068,1000,1000,1000,0,0,0,0,0,0,2151115.80,3718962.20,4008139.80,2149110.75,20000
[status] PUB sent=19319333 tps=16140 (pubs=10) | SUB recv=1600100068 itps=19995.53 p99=3289.73ms conn=7675576319/1662316781.60,1763392871.08,1600100068,1000,1000,1000,0,0,0,0,0,0,2123570.20,3658546.20,3966155.80,2124156.77,20000
[status] PUB sent=19319533 tps=16126 (pubs=10) | SUB recv=1600140068 itps=20003.95 p99=3289.73ms conn=7675576319/1662275282.34,1763390634.78,1600140068,1000,1000,1000,0,0,0,0,0,0,2172517.40,4329061.40,5547416.60,2253730.71,20000
[status] PUB sent=19319733 tps=16113 (pubs=10) | SUB recv=1600160068 itps=20001.40 p99=3289.53ms conn=7675576319/1662254531.90,1763389517.77,1600160068,1000,1000,1000,0,0,0,0,0,0,2062847,3555736.60,4073061.40,2073375.34,20000
[status] PUB sent=19320133 tps=16087 (pubs=10) | SUB recv=1600200068 itps=20001.16 p99=3289.53ms conn=7675576319/1662213034.86,1763387280.98,1600200068,1000,1000,1000,0,0,0,0,0,0,2181733.40,3706469.40,4288306.20,2190746.41,20000
[status] PUB sent=19320333 tps=16074 (pubs=10) | SUB recv=1600220068 itps=20000.30 p99=3289.32ms conn=7675576319/1662192287.16,1763386162.17,1600220068,1000,1000,1000,0,0,0,0,0,0,2148351,3709746.20,4374936.60,2168868.15,20000
[status] PUB sent=19320733 tps=16047 (pubs=10) | SUB recv=1600240068 itps=19999.13 p99=3289.32ms conn=7675576319/1662171538.76,1763385044.27,1600240068,1000,1000,1000,0,0,0,0,0,0,2021375,3646053.40,4100095,2071200.03,20000
[status] PUB sent=19320933 tps=16034 (pubs=10) | SUB recv=1600280068 itps=19997.76 p99=3289.32ms conn=7675576319/1662130047.89,1763382803.75,1600280068,1000,1000,1000,0,0,0,0,0,0,2160946.20,3929701.40,7570226.20,2307590.91,20000
[status] PUB sent=19321133 tps=16021 (pubs=10) | SUB recv=1600300068 itps=20001.69 p99=3288.90ms conn=7675576319/1662109302.39,1763381683.93,1600300068,1000,1000,1000,0,0,0,0,0,0,2152139.80,3709131.80,5160959,2178471.56,20000
[status] PUB sent=19321533 tps=15995 (pubs=10) | SUB recv=1600320068 itps=20000.24 p99=3288.90ms conn=7675576319/1662088558.33,1763380563.04,1600320068,1000,1000,1000,0,0,0,0,0,0,2159205.40,3850853.40,6471883.80,2252624.20,20000
[status] PUB sent=19321733 tps=15982 (pubs=10) | SUB recv=1600360068 itps=19997.67 p99=3288.90ms conn=7675576319/1662047068.74,1763378323.47,1600360068,1000,1000,1000,0,0,0,0,0,0,2112101.40,3620453.40,4324351,2125737.87,20000
[status] PUB sent=19321933 tps=15969 (pubs=10) | SUB recv=1600380068 itps=19999.72 p99=3288.90ms conn=7675576319/1662026326.34,1763377201.74,1600380068,1000,1000,1000,0,0,0,0,0,0,2189823,3808459.80,6076619.80,2260697.62,20000
[status] PUB sent=19322333 tps=15942 (pubs=10) | SUB recv=1600420068 itps=19997.78 p99=3288.90ms conn=7675576319/1661984842.21,1763374958.54,1600420068,1000,1000,1000,0,0,0,0,0,0,2223000.60,3749477.40,4053810.20,2217564.46,20000
[status] PUB sent=19322533 tps=15930 (pubs=10) | SUB recv=1600440068 itps=20000.61 p99=3288.90ms conn=7675576319/1661964101.43,1763373836.13,1600440068,1000,1000,1000,0,0,0,0,0,0,2243071,3980491.80,4849253.40,2266410.84,20000
[status] PUB sent=19322933 tps=15904 (pubs=10) | SUB recv=1600460068 itps=20001.61 p99=3288.90ms conn=7675576319/1661943360.58,1763372714.08,1600460068,1000,1000,1000,0,0,0,0,0,0,2197810.20,3795967,4717362.20,2218697.85,20000
[status] PUB sent=19323133 tps=15891 (pubs=10) | SUB recv=1600500068 itps=20002.81 p99=3288.90ms conn=7675576319/1661901879.66,1763370470.05,1600500068,1000,1000,1000,0,0,0,0,0,0,2165144.60,3669605.40,3992779.80,2162207.85,20000
[status] PUB sent=19323333 tps=15878 (pubs=10) | SUB recv=1600520068 itps=20002.13 p99=3288.90ms conn=7675576319/1661881139.47,1763369348.15,1600520068,1000,1000,1000,0,0,0,0,0,0,2142719,3670424.60,4171365.40,2147424.50,20000
[status] PUB sent=19323733 tps=15852 (pubs=10) | SUB recv=1600554068 itps=14000.56 p99=3288.90ms conn=7675576319/1661845882.13,1763367795.03,1600554068,1000,1000,1000,0,0,0,0,0,0,2170293.86,3725311,4582837.86,2186254.10,14000
[status] PUB sent=19323933 tps=15839 (pubs=10) | SUB recv=1600580068 itps=20001.63 p99=3288.90ms conn=7675576319/1661818922.34,1763365980.88,1600580068,1000,1000,1000,0,0,0,0,0,0,2202725.40,3790642.20,4380875.80,2210508.88,20000
[status] PUB sent=19324313 tps=15815 (pubs=10) | SUB recv=1600600068 itps=20000.41 p99=3288.90ms conn=7675576319/1661798184.17,1763364858.18,1600600068,1000,1000,1000,0,0,0,0,0,0,2141797.40,3647691.80,4040088.60,2142882.34,20000
[status] PUB sent=19324533 tps=15801 (pubs=10) | SUB recv=1600640068 itps=20000.11 p99=3288.90ms conn=7675576319/1661756710.57,1763362610.99,1600640068,1000,1000,1000,0,0,0,0,0,0,2218085.40,3789003.80,4298341.40,2217317.19,20000
[status] PUB sent=19324733 tps=15788 (pubs=10) | SUB recv=1600660068 itps=19999.26 p99=3288.90ms conn=7675576319/1661735974.96,1763361486.62,1600660068,1000,1000,1000,0,0,0,0,0,0,2210917.40,3780607,4490239,2223646.92,20000
[status] PUB sent=19325133 tps=15763 (pubs=10) | SUB recv=1600680068 itps=20000.37 p99=3288.90ms conn=7675576319/1661715239.85,1763360362.04,1600680068,1000,1000,1000,0,0,0,0,0,0,2214911,3779173.40,4632984.60,2222358.05,20000
[status] PUB sent=19325333 tps=15750 (pubs=10) | SUB recv=1600720068 itps=20000.38 p99=3288.69ms conn=7675576319/1661673770.75,1763358112.66,1600720068,1000,1000,1000,0,0,0,0,0,0,2132274.20,3714251.80,4069170.20,2134024.56,20000
[status] PUB sent=19325533 tps=15737 (pubs=10) | SUB recv=1600740068 itps=19997.04 p99=3288.69ms conn=7675576319/1661653037.27,1763356987.35,1600740068,1000,1000,1000,0,0,0,0,0,0,2208255,3826277.40,4906597.40,2228281.04,20000
[status] PUB sent=19325933 tps=15712 (pubs=10) | SUB recv=1600780068 itps=20006.19 p99=3288.69ms conn=7675576319/1661611570.28,1763354737.65,1600780068,1000,1000,1000,0,0,0,0,0,0,2170981.40,3713227.80,4105010.20,2168569.05,20000
[status] PUB sent=19326133 tps=15700 (pubs=10) | SUB recv=1600800068 itps=19998.29 p99=3288.69ms conn=7675576319/1661590838.73,1763353611.32,1600800068,1000,1000,1000,0,0,0,0,0,0,2219007,3956530.20,5267659.80,2258268.57,20000
[status] PUB sent=19326533 tps=15674 (pubs=10) | SUB recv=1600820068 itps=19996.85 p99=3288.69ms conn=7675576319/1661570106.48,1763352485.95,1600820068,1000,1000,1000,0,0,0,0,0,0,2163506.20,3666943,3926834.20,2160601.35,20000
[status] PUB sent=19326733 tps=15662 (pubs=10) | SUB recv=1600860068 itps=19999.82 p99=3288.69ms conn=7675576319/1661528645.09,1763350233.04,1600860068,1000,1000,1000,0,0,0,0,0,0,2217573.40,3923147.80,5158091.80,2258090.72,20000
[status] PUB sent=19326933 tps=15649 (pubs=10) | SUB recv=1600880068 itps=19998.38 p99=3288.69ms conn=7675576319/1661507914.12,1763349107.28,1600880068,1000,1000,1000,0,0,0,0,0,0,2138623,3672063,3931339.80,2138446.99,20000
[status] PUB sent=19327333 tps=15624 (pubs=10) | SUB recv=1600918068 itps=18002.34 p99=3288.69ms conn=7675576319/1661468528.94,1763347246.28,1600918068,1000,1000,1000,0,0,0,0,0,0,2198868.33,3761719.89,4425271.89,2207598.04,18000
[status] PUB sent=19327533 tps=15612 (pubs=10) | SUB recv=1600940068 itps=20000.64 p99=3288.69ms conn=7675576319/1661445727.02,1763345725.98,1600940068,1000,1000,1000,0,0,0,0,0,0,2186034.20,3707903,4080229.40,2184380.58,20000
[status] PUB sent=19327933 tps=15587 (pubs=10) | SUB recv=1600960068 itps=19998.58 p99=3288.69ms conn=7675576319/1661425000.55,1763344596.99,1600960068,1000,1000,1000,0,0,0,0,0,0,2236312.60,4540005.40,6323813.40,2333631.32,20000
[status] PUB sent=19328133 tps=15575 (pubs=10) | SUB recv=1601000068 itps=19997.13 p99=3288.69ms conn=7675576319/1661383543.74,1763342343.52,1601000068,1000,1000,1000,0,0,0,0,0,0,2103602.20,3584818.20,4205157.40,2106255.10,20000
[status] PUB sent=19328333 tps=15562 (pubs=10) | SUB recv=1601020068 itps=20001.52 p99=3288.69ms conn=7675576319/1661362817.57,1763341215.07,1601020068,1000,1000,1000,0,0,0,0,0,0,2174360.60,4193688.60,5071461.40,2232238.59,20000
[status] PUB sent=19328733 tps=15538 (pubs=10) | SUB recv=1601040068 itps=19999.86 p99=3288.69ms conn=7675576319/1661342092.44,1763340085.89,1601040068,1000,1000,1000,0,0,0,0,0,0,2223103,4116069.40,5585714.20,2274719.59,20000
[status] PUB sent=19328933 tps=15525 (pubs=10) | SUB recv=1601080068 itps=20002.56 p99=3288.69ms conn=7675576319/1661300641.40,1763337829.09,1601080068,1000,1000,1000,0,0,0,0,0,0,2183986.20,3792075.80,4702411.80,2198121.04,20000
[status] PUB sent=19329133 tps=15513 (pubs=10) | SUB recv=1601100068 itps=19998.04 p99=3288.48ms conn=7675576319/1661279915.14,1763336701.79,1601100068,1000,1000,1000,0,0,0,0,0,0,2064280.60,3535666.20,3864370.20,2060284.73,20000
[status] PUB sent=19329533 tps=15488 (pubs=10) | SUB recv=1601140068 itps=19998.67 p99=3288.48ms conn=7675576319/1661238464.98,1763334445.80,1601140068,1000,1000,1000,0,0,0,0,0,0,2094693.40,3540376.60,3944242.20,2091504.18,20000
[status] PUB sent=19329733 tps=15476 (pubs=10) | SUB recv=1601160068 itps=20005.06 p99=3288.48ms conn=7675576319/1661217741.74,1763333316.44,1601160068,1000,1000,1000,0,0,0,0,0,0,2168523.80,3707083.80,4388658.20,2177210.30,20000
[status] PUB sent=19330133 tps=15452 (pubs=10) | SUB recv=1601180068 itps=19995.72 p99=3288.48ms conn=7675576319/1661197018.06,1763332187.78,1601180068,1000,1000,1000,0,0,0,0,0,0,2103704.60,3547135,3804978.20,2100511.29,20000
[status] PUB sent=19330333 tps=15440 (pubs=10) | SUB recv=1601220068 itps=20003.23 p99=3288.48ms conn=7675576319/1661155571.58,1763329930.47,1601220068,1000,1000,1000,0,0,0,0,0,0,2059877.40,3484466.20,3752754.20,2056778.25,20000
[status] PUB sent=19330533 tps=15427 (pubs=10) | SUB recv=1601240068 itps=19999.38 p99=3288.48ms conn=7675576319/1661134848.62,1763328801.95,1601240068,1000,1000,1000,0,0,0,0,0,0,2037042.20,3464395.80,3692338.20,2034138.88,20000
[status] PUB sent=19330933 tps=15403 (pubs=10) | SUB recv=1601280068 itps=20003.76 p99=3288.48ms conn=7675576319/1661093404.87,1763326543.66,1601280068,1000,1000,1000,0,0,0,0,0,0,2059467.80,3510271,3739442.20,2056274.40,20000
[status] PUB sent=19331133 tps=15391 (pubs=10) | SUB recv=1601300068 itps=20000.63 p99=3288.48ms conn=7675576319/1661072683.77,1763325414.20,1601300068,1000,1000,1000,0,0,0,0,0,0,2057317.40,3494091.80,3754802.20,2058117.65,20000
[status] PUB sent=19331533 tps=15367 (pubs=10) | SUB recv=1601320068 itps=19998.76 p99=3288.48ms conn=7675576319/1661051962.68,1763324284.96,1601320068,1000,1000,1000,0,0,0,0,0,0,2018200.60,3430808.60,3803544.60,2017478.07,20000
[status] PUB sent=19331733 tps=15355 (pubs=10) | SUB recv=1601360068 itps=19999.18 p99=3288.26ms conn=7675576319/1661010522.46,1763322025.48,1601360068,1000,1000,1000,0,0,0,0,0,0,2033663,3452312.60,3683736.60,2030712.36,20000

=== Summary (fanout_bursty_20260611_233726_zenoh_p256_s1000_u10_bursty) ===
Publishers: 10 | Subscribers: 1000
=== Summary ===
Publisher: sent=19331933 total_tps=15342.9 connections=10 active=10
Subscriber: recv=1601380068 total_tps=1271005.36 p50=13.62ms p95=1092.57ms p99=3288.26ms connections=7675576319 active=1660989803.41,1763320895.12,1601380068,1000,1000,1000,0,0,0,0,0,0,2056805.40,3493272.60,3869285.40,2056414.22,20000
Fanout run complete. Artifacts at artifacts/fanout_bursty_20260611_233726_zenoh_p256_s1000_u10_bursty/fanout_singlesite
Stopping subscribers (1066366 1066417 1066587 1066744 1066931 1067107 1067292 1067460 1067638 1067818) and publishers (1068114 1068248 1068345 1068513 1068686 1068848 1069043 1069218 1069399 1069567)
[23:59:28] [remote] ubuntu@192.168.0.245: cd /home/ubuntu && docker compose down
 Container router1 Stopping 
 Container router1 Stopped 
 Container router1 Removing 
 Container router1 Removed 
 Network ubuntu_default Removing 
 Network ubuntu_default Removed 
[23:59:42] Cooldown after zenoh: cleaning clients and waiting 120s for broker/network state to settle
[00:01:42] Wrote phase-rate summary: /home/cc/mq-bench/results/fanout_bursty_load_20260611_233704/phase-rate-summary.md
[00:01:42] Plotting bursty fan-out results to /home/cc/mq-bench/results/fanout_bursty_load_20260611_233704/plots
[plot] LaTeX mode enabled: PDF + PNG output, 300 DPI
[plot] Wrote plot points: /home/cc/mq-bench/results/fanout_bursty_load_20260611_233704/raw_data/plot_points.csv
[plot] Auto/selected plot tuning: throughput window=5, marker_every=22; latency window=3, marker_every=26; resource window=5, marker_every=15
[plot] Wrote plots to /home/cc/mq-bench/results/fanout_bursty_load_20260611_233704/plots
[plot] Wrote gallery: /home/cc/mq-bench/results/fanout_bursty_load_20260611_233704/plots/README.md
[00:01:49] Done. Phase summary CSV: /home/cc/mq-bench/results/fanout_bursty_load_20260611_233704/raw_data/summary_by_phase.csv
