timestamp,sent_count,received_count,error_count,total_throughput,interval_throughput,latency_ns_p25,latency_ns_p50,latency_ns_p75,latency_ns_p95,latency_ns_p99,latency_ns_min,latency_ns_max,latency_ns_mean,latency_ns_stddev,latency_sample_count,connections,active_connections,connection_attempts,connection_failures,crashes_injected,reconnects,reconnect_failures,duplicate_count,gap_count,interval_latency_ns_p50,interval_latency_ns_p95,interval_latency_ns_p99,interval_latency_ns_mean,interval_latency_sample_count
1781640716,0,0,0,0.00,0.00,0,0,0,0,0,0,0,0.00,0.00,0,0,0,1,0,0,0,0,0,0,0,0,0,0.00,0
1781640717,0,0,0,0.00,0.00,0,0,0,0,0,0,0,0.00,0.00,0,2,2,2,0,0,0,0,0,0,0,0,0,0.00,0
1781640718,0,0,0,0.00,0.00,0,0,0,0,0,0,0,0.00,0.00,0,4,4,4,0,0,0,0,0,0,0,0,0,0.00,0
1781640719,0,0,0,0.00,0.00,0,0,0,0,0,0,0,0.00,0.00,0,5,5,5,0,0,0,0,0,0,0,0,0,0.00,0
1781640720,0,0,0,0.00,0.00,0,0,0,0,0,0,0,0.00,0.00,0,7,7,7,0,0,0,0,0,0,0,0,0,0.00,0
1781640721,0,0,0,0.00,0.00,0,0,0,0,0,0,0,0.00,0.00,0,9,9,9,0,0,0,0,0,0,0,0,0,0.00,0
1781640722,0,0,0,0.00,0.00,0,0,0,0,0,0,0,0.00,0.00,0,10,10,10,0,0,0,0,0,0,0,0,0,0.00,0
1781640723,0,0,0,0.00,0.00,0,0,0,0,0,0,0,0.00,0.00,0,12,12,12,0,0,0,0,0,0,0,0,0,0.00,0
1781640724,0,0,0,0.00,0.00,0,0,0,0,0,0,0,0.00,0.00,0,14,14,14,0,0,0,0,0,0,0,0,0,0.00,0
1781640725,0,0,0,0.00,0.00,0,0,0,0,0,0,0,0.00,0.00,0,15,15,15,0,0,0,0,0,0,0,0,0,0.00,0
1781640726,0,0,0,0.00,0.00,0,0,0,0,0,0,0,0.00,0.00,0,17,17,17,0,0,0,0,0,0,0,0,0,0.00,0
1781640727,0,0,0,0.00,0.00,0,0,0,0,0,0,0,0.00,0.00,0,19,19,19,0,0,0,0,0,0,0,0,0,0.00,0
1781640728,0,0,0,0.00,0.00,0,0,0,0,0,0,0,0.00,0.00,0,20,20,20,0,0,0,0,0,0,0,0,0,0.00,0
1781640729,0,0,0,0.00,0.00,0,0,0,0,0,0,0,0.00,0.00,0,22,22,22,0,0,0,0,0,0,0,0,0,0.00,0
1781640730,0,0,0,0.00,0.00,0,0,0,0,0,0,0,0.00,0.00,0,24,24,24,0,0,0,0,0,0,0,0,0,0.00,0
1781640731,0,0,0,0.00,0.00,0,0,0,0,0,0,0,0.00,0.00,0,25,25,25,0,0,0,0,0,0,0,0,0,0.00,0
1781640732,0,0,0,0.00,0.00,0,0,0,0,0,0,0,0.00,0.00,0,27,27,27,0,0,0,0,0,0,0,0,0,0.00,0
1781640733,0,0,0,0.00,0.00,0,0,0,0,0,0,0,0.00,0.00,0,28,28,28,0,0,0,0,0,0,0,0,0,0.00,0
1781640734,0,0,0,0.00,0.00,0,0,0,0,0,0,0,0.00,0.00,0,30,30,30,0,0,0,0,0,0,0,0,0,0.00,0
1781640735,0,0,0,0.00,0.00,0,0,0,0,0,0,0,0.00,0.00,0,32,32,32,0,0,0,0,0,0,0,0,0,0.00,0
1781640736,0,0,0,0.00,0.00,0,0,0,0,0,0,0,0.00,0.00,0,33,33,33,0,0,0,0,0,0,0,0,0,0.00,0
1781640737,0,0,0,0.00,0.00,0,0,0,0,0,0,0,0.00,0.00,0,35,35,35,0,0,0,0,0,0,0,0,0,0.00,0
1781640738,0,0,0,0.00,0.00,0,0,0,0,0,0,0,0.00,0.00,0,37,37,37,0,0,0,0,0,0,0,0,0,0.00,0
1781640739,0,0,0,0.00,0.00,0,0,0,0,0,0,0,0.00,0.00,0,38,38,38,0,0,0,0,0,0,0,0,0,0.00,0
1781640740,0,0,0,0.00,0.00,0,0,0,0,0,0,0,0.00,0.00,0,40,40,40,0,0,0,0,0,0,0,0,0,0.00,0
1781640741,0,0,0,0.00,0.00,0,0,0,0,0,0,0,0.00,0.00,0,42,42,42,0,0,0,0,0,0,0,0,0,0.00,0
1781640742,0,0,0,0.00,0.00,0,0,0,0,0,0,0,0.00,0.00,0,43,43,43,0,0,0,0,0,0,0,0,0,0.00,0
1781640743,0,0,0,0.00,0.00,0,0,0,0,0,0,0,0.00,0.00,0,45,45,45,0,0,0,0,0,0,0,0,0,0.00,0
1781640744,0,0,0,0.00,0.00,0,0,0,0,0,0,0,0.00,0.00,0,47,47,47,0,0,0,0,0,0,0,0,0,0.00,0
1781640745,0,0,0,0.00,0.00,0,0,0,0,0,0,0,0.00,0.00,0,48,48,48,0,0,0,0,0,0,0,0,0,0.00,0
1781640746,0,0,0,0.00,0.00,0,0,0,0,0,0,0,0.00,0.00,0,50,50,50,0,0,0,0,0,0,0,0,0,0.00,0
1781640747,0,0,0,0.00,0.00,0,0,0,0,0,0,0,0.00,0.00,0,52,52,52,0,0,0,0,0,0,0,0,0,0.00,0
1781640748,0,0,0,0.00,0.00,0,0,0,0,0,0,0,0.00,0.00,0,53,53,53,0,0,0,0,0,0,0,0,0,0.00,0
1781640749,0,0,0,0.00,0.00,0,0,0,0,0,0,0,0.00,0.00,0,55,55,55,0,0,0,0,0,0,0,0,0,0.00,0
1781640750,0,0,0,0.00,0.00,0,0,0,0,0,0,0,0.00,0.00,0,56,56,56,0,0,0,0,0,0,0,0,0,0.00,0
1781640751,0,0,0,0.00,0.00,0,0,0,0,0,0,0,0.00,0.00,0,58,58,58,0,0,0,0,0,0,0,0,0,0.00,0
1781640752,0,0,0,0.00,0.00,0,0,0,0,0,0,0,0.00,0.00,0,60,60,60,0,0,0,0,0,0,0,0,0,0.00,0
1781640753,0,0,0,0.00,0.00,0,0,0,0,0,0,0,0.00,0.00,0,61,61,61,0,0,0,0,0,0,0,0,0,0.00,0
1781640754,0,0,0,0.00,0.00,0,0,0,0,0,0,0,0.00,0.00,0,63,63,63,0,0,0,0,0,0,0,0,0,0.00,0
1781640755,0,0,0,0.00,0.00,0,0,0,0,0,0,0,0.00,0.00,0,65,65,65,0,0,0,0,0,0,0,0,0,0.00,0
1781640756,0,0,0,0.00,0.00,0,0,0,0,0,0,0,0.00,0.00,0,66,66,66,0,0,0,0,0,0,0,0,0,0.00,0
1781640757,0,0,0,0.00,0.00,0,0,0,0,0,0,0,0.00,0.00,0,68,68,68,0,0,0,0,0,0,0,0,0,0.00,0
1781640758,0,0,0,0.00,0.00,0,0,0,0,0,0,0,0.00,0.00,0,70,70,70,0,0,0,0,0,0,0,0,0,0.00,0
1781640759,0,0,0,0.00,0.00,0,0,0,0,0,0,0,0.00,0.00,0,71,71,71,0,0,0,0,0,0,0,0,0,0.00,0
1781640760,0,0,0,0.00,0.00,0,0,0,0,0,0,0,0.00,0.00,0,73,73,73,0,0,0,0,0,0,0,0,0,0.00,0
1781640761,0,0,0,0.00,0.00,0,0,0,0,0,0,0,0.00,0.00,0,75,75,75,0,0,0,0,0,0,0,0,0,0.00,0
1781640762,0,0,0,0.00,0.00,0,0,0,0,0,0,0,0.00,0.00,0,76,76,76,0,0,0,0,0,0,0,0,0,0.00,0
1781640763,0,0,0,0.00,0.00,0,0,0,0,0,0,0,0.00,0.00,0,78,78,78,0,0,0,0,0,0,0,0,0,0.00,0
1781640764,0,0,0,0.00,0.00,0,0,0,0,0,0,0,0.00,0.00,0,80,80,80,0,0,0,0,0,0,0,0,0,0.00,0
1781640765,0,0,0,0.00,0.00,0,0,0,0,0,0,0,0.00,0.00,0,81,81,81,0,0,0,0,0,0,0,0,0,0.00,0
1781640766,0,0,0,0.00,0.00,0,0,0,0,0,0,0,0.00,0.00,0,83,83,83,0,0,0,0,0,0,0,0,0,0.00,0
1781640767,0,0,0,0.00,0.00,0,0,0,0,0,0,0,0.00,0.00,0,84,84,84,0,0,0,0,0,0,0,0,0,0.00,0
1781640768,0,0,0,0.00,0.00,0,0,0,0,0,0,0,0.00,0.00,0,86,86,86,0,0,0,0,0,0,0,0,0,0.00,0
1781640769,0,0,0,0.00,0.00,0,0,0,0,0,0,0,0.00,0.00,0,88,88,88,0,0,0,0,0,0,0,0,0,0.00,0
1781640770,0,0,0,0.00,0.00,0,0,0,0,0,0,0,0.00,0.00,0,89,89,89,0,0,0,0,0,0,0,0,0,0.00,0
1781640771,0,0,0,0.00,0.00,0,0,0,0,0,0,0,0.00,0.00,0,91,91,91,0,0,0,0,0,0,0,0,0,0.00,0
1781640772,0,0,0,0.00,0.00,0,0,0,0,0,0,0,0.00,0.00,0,93,93,93,0,0,0,0,0,0,0,0,0,0.00,0
1781640773,0,0,0,0.00,0.00,0,0,0,0,0,0,0,0.00,0.00,0,94,94,94,0,0,0,0,0,0,0,0,0,0.00,0
1781640774,0,0,0,0.00,0.00,0,0,0,0,0,0,0,0.00,0.00,0,96,96,96,0,0,0,0,0,0,0,0,0,0.00,0
1781640775,0,0,0,0.00,0.00,0,0,0,0,0,0,0,0.00,0.00,0,98,98,98,0,0,0,0,0,0,0,0,0,0.00,0
1781640776,0,0,0,0.00,0.00,0,0,0,0,0,0,0,0.00,0.00,0,99,99,99,0,0,0,0,0,0,0,0,0,0.00,0
1781640777,0,0,0,0.00,0.00,0,0,0,0,0,0,0,0.00,0.00,0,100,100,100,0,0,0,0,0,0,0,0,0,0.00,0
1781640778,0,2000,0,2135.08,1999.85,788479,1104895,1417215,1782783,2213887,319232,2832383,1119539.58,414996.56,2000,100,100,100,0,0,0,0,0,0,1104895,1782783,2213887,1119539.58,2000
1781640779,0,4000,0,2064.95,1999.28,790527,1105919,1422335,1838079,2381823,319232,3106815,1130264.90,432049.98,4000,100,100,100,0,0,0,0,0,0,1113087,1910783,2633727,1140990.21,2000
1781640780,0,6000,0,2042.71,1999.64,793087,1105919,1420287,1868799,2555903,319232,3149823,1134850.69,439878.47,6000,100,100,100,0,0,0,0,0,0,1103871,1938431,2646015,1144022.27,2000
1781640781,0,8000,0,2032.30,2001.67,798207,1113087,1428479,1904639,2981887,319232,5136383,1158790.26,516795.64,8000,100,100,100,0,0,0,0,0,0,1131519,2093055,4677631,1230608.96,2000
1781640782,0,10000,0,2025.60,1999.25,798207,1111039,1428479,1876991,2775039,319232,5136383,1151024.05,495582.10,10000,100,100,100,0,0,0,0,0,0,1104895,1781759,2078719,1119959.23,2000
1781640783,0,12000,0,2021.33,2000.24,792575,1101823,1413119,1826815,2629631,319232,5136383,1135003.72,475217.70,12000,100,100,100,0,0,0,0,0,0,1060863,1571839,1733631,1054902.08,2000
1781640784,0,14000,0,2018.16,1999.36,790527,1096703,1409023,1817599,2529279,319232,5136383,1129476.26,466017.72,14000,100,100,100,0,0,0,0,0,0,1074175,1726463,2299903,1096311.49,2000
1781640785,0,16000,0,2015.91,2000.27,792063,1094655,1403903,1779711,2433023,319232,5136383,1123968.74,453196.74,16000,100,100,100,0,0,0,0,0,0,1085439,1608703,1811455,1085416.06,2000
1781640786,0,18000,0,2014.03,1999.12,795135,1099775,1409023,1815551,2568191,319232,5136383,1131114.54,459205.74,18000,100,100,100,0,0,0,0,0,0,1131519,2162687,2881535,1188280.96,2000
1781640787,0,20000,0,2012.78,2001.64,800767,1107967,1420287,1848319,2922495,319232,15753215,1196530.41,988565.99,20000,100,100,100,0,0,0,0,0,0,1185791,2893823,14893055,1785273.28,2000
1781640788,0,22000,0,2011.55,1999.31,801279,1108991,1422335,1861631,2813951,319232,15753215,1193112.99,953044.33,22000,100,100,100,0,0,0,0,0,0,1121279,1995775,2660351,1158938.82,2000
1781640789,0,24000,0,2010.56,1999.78,798719,1106943,1418239,1838079,2775039,319232,15753215,1183995.61,918953.26,24000,100,100,100,0,0,0,0,0,0,1083391,1606655,2002943,1083704.32,2000
1781640790,0,26000,0,2009.80,2000.65,796671,1103871,1415167,1818623,2727935,319232,15753215,1175596.33,889032.47,26000,100,100,100,0,0,0,0,0,0,1069055,1632255,1809407,1074805.06,2000
1781640791,0,28000,0,2009.09,1999.91,797695,1106943,1420287,1829887,2729983,319232,15753215,1175931.82,865916.72,28000,100,100,100,0,0,0,0,0,0,1145855,2012159,2732031,1180293.12,2000
1781640792,0,30000,0,2008.41,1999.00,796671,1106943,1421311,1825791,2682879,319232,15753215,1172373.03,843270.37,30000,100,100,100,0,0,0,0,0,0,1103871,1771519,2211839,1122550.02,2000
1781640793,0,32000,0,2007.90,2000.29,798719,1107967,1420287,1827839,2664447,319232,15753215,1171105.50,823522.04,32000,100,100,100,0,0,0,0,0,0,1123327,1907711,2500607,1152092.61,2000
1781640794,0,34000,0,2007.43,1999.97,798207,1107967,1419263,1825791,2633727,319232,15753215,1168007.54,805068.41,34000,100,100,100,0,0,0,0,0,0,1112063,1791999,2246655,1118440.06,2000
1781640795,0,36000,0,2006.99,1999.42,798719,1107967,1418239,1826815,2648063,319232,15753215,1166674.01,790189.73,36000,100,100,100,0,0,0,0,0,0,1101823,1904639,3096575,1144004.10,2000
1781640796,0,38000,0,2006.68,2001.14,798207,1105919,1415167,1815551,2619391,319232,15753215,1162432.92,773578.93,38000,100,100,100,0,0,0,0,0,0,1082367,1653759,1822719,1086093.25,2000
1781640797,0,40000,0,2006.30,1999.22,798719,1106943,1415167,1823743,2756607,319232,15753215,1176839.02,841558.87,40000,100,100,100,0,0,0,0,0,0,1125375,2746367,10231807,1450555.01,2000
1781640798,0,42000,0,2006.01,2000.10,798719,1106943,1415167,1822719,2727935,319232,15753215,1174186.17,825926.84,42000,100,100,100,0,0,0,0,0,0,1107967,1785855,2181119,1121129.09,2000
1781640799,0,44000,0,2005.72,1999.73,799743,1106943,1416191,1838079,2828287,319232,15753215,1176920.00,819228.27,44000,100,100,100,0,0,0,0,0,0,1118207,2543615,3971071,1234330.43,2000
1781640800,0,46000,0,2005.50,2000.72,800255,1108991,1418239,1849343,2975743,319232,15753215,1184049.85,840114.60,46000,100,100,100,0,0,0,0,0,0,1136639,2103295,7806975,1340906.56,2000
1781640801,0,48000,0,2005.27,1999.91,799743,1107967,1416191,1839103,2908159,319232,15753215,1180543.21,826129.54,48000,100,100,100,0,0,0,0,0,0,1094655,1674239,1932287,1099890.50,2000
1781640802,0,50000,0,2005.03,1999.22,799743,1108991,1417215,1841151,2902015,319232,15753215,1179444.27,814716.49,50000,100,100,100,0,0,0,0,0,0,1125375,1888255,2875391,1153069.76,2000
1781640803,0,52000,0,2004.90,2001.82,801279,1110015,1418239,1846271,2877439,319232,15753215,1179180.83,803824.35,52000,100,100,100,0,0,0,0,0,0,1148927,1960959,2764799,1172594.88,2000
1781640804,0,54000,0,2004.69,1999.18,800255,1107967,1415167,1833983,2877439,319232,15753215,1176980.05,798935.24,54000,100,100,100,0,0,0,0,0,0,1064959,1608703,6238207,1119759.68,2000
1781640805,0,56000,0,2004.51,1999.57,800767,1108991,1416191,1833983,2834431,319232,15753215,1175661.21,788328.77,56000,100,100,100,0,0,0,0,0,0,1126399,1827839,2160639,1140052.42,2000
1781640806,0,58000,0,2004.39,2001.15,800767,1108991,1416191,1831935,2809855,319232,15753215,1173891.95,778013.24,58000,100,100,100,0,0,0,0,0,0,1118207,1805311,2044927,1124352.64,2000
1781640807,0,60000,0,2004.22,1999.34,800767,1107967,1415167,1831935,2871295,319232,15753215,1172971.40,771590.86,60000,100,100,100,0,0,0,0,0,0,1073151,1778687,3688447,1146275.58,2000
1781640808,0,62000,0,2004.11,2000.82,800767,1107967,1415167,1829887,2889727,319232,15753215,1172169.98,763784.71,62000,100,100,100,0,0,0,0,0,0,1105919,1777663,3092479,1148127.23,2000
1781640809,0,64000,0,2003.95,1998.91,800767,1107967,1414143,1831935,2859007,319232,15753215,1171233.99,756136.22,64000,100,100,100,0,0,0,0,0,0,1102847,1980415,2664447,1142218.43,2000
1781640810,0,66000,0,2003.81,1999.28,800767,1107967,1415167,1846271,3076095,319232,15753215,1175454.45,759905.39,66000,100,100,100,0,0,0,0,0,0,1116159,3819519,4517887,1310509.18,2000
1781640811,0,68000,0,2003.72,2000.92,800767,1107967,1416191,1844223,3035135,319232,15753215,1174172.95,752100.76,68000,100,100,100,0,0,0,0,0,0,1102847,1819647,2316287,1131883.33,2000
1781640812,0,70000,0,2003.63,2000.30,800767,1108991,1416191,1839103,2996223,319232,15753215,1172632.52,744086.49,70000,100,100,100,0,0,0,0,0,0,1125375,1744895,1943551,1120258.11,2000
1781640813,0,72000,0,2003.52,1999.72,801279,1110015,1418239,1841151,2981887,319232,15753215,1173125.30,737796.09,72000,100,100,100,0,0,0,0,0,0,1165311,1929215,2871295,1190372.54,2000
1781640814,0,74000,0,2003.44,2000.78,801791,1111039,1419263,1841151,2953215,319232,15753215,1172744.13,730779.54,74000,100,100,100,0,0,0,0,0,0,1156095,1826815,2113535,1159022.08,2000
1781640815,0,76000,0,2003.32,1998.59,802815,1112063,1421311,1841151,2961407,319232,15753215,1173054.54,725283.46,76000,100,100,100,0,0,0,0,0,0,1144831,1888255,3088383,1184539.58,2000
1781640816,0,78000,0,2003.22,1999.60,803327,1113087,1421311,1837055,2930687,319232,15753215,1172244.30,718569.94,78000,100,100,100,0,0,0,0,0,0,1139711,1728511,2000895,1141455.17,2000
1781640817,0,80000,0,2003.16,2000.72,804351,1114111,1423359,1843199,2975743,319232,15753215,1173798.83,715100.56,80000,100,100,100,0,0,0,0,0,0,1173503,2072575,3678207,1234425.47,2000
1781640818,0,82000,0,2003.09,2000.27,804863,1115135,1424383,1846271,2957311,319232,15753215,1173940.81,709956.10,82000,100,100,100,0,0,0,0,0,0,1148927,1927167,2768895,1179620.10,2000
1781640819,0,84000,0,2003.02,2000.15,805375,1116159,1425407,1849343,2930687,319232,15753215,1174072.63,704599.28,84000,100,100,100,0,0,0,0,0,0,1159167,1941503,2324479,1179477.12,2000
1781640820,0,86000,0,2002.93,1999.25,805887,1117183,1426431,1854463,2928639,319232,15753215,1174470.41,700285.80,86000,100,100,100,0,0,0,0,0,0,1150975,2087935,2809855,1191177.34,2000
1781640821,0,88000,0,2002.88,2000.74,805887,1117183,1426431,1854463,2928639,319232,15753215,1174133.15,695851.78,88000,100,100,100,0,0,0,0,0,0,1122303,1880063,2893823,1159630.91,2000
1781640822,0,90000,0,2002.82,2000.38,806399,1118207,1428479,1858559,2910207,319232,15753215,1174792.79,691285.20,90000,100,100,100,0,0,0,0,0,0,1181695,1977343,2349055,1203816.70,2000
1781640823,0,92000,0,2002.75,1999.57,806911,1119231,1429503,1859583,2885631,319232,15753215,1174608.26,686697.59,92000,100,100,100,0,0,0,0,0,0,1145855,1939455,2420735,1166304.58,2000
1781640824,0,94000,0,2002.70,2000.44,806911,1119231,1429503,1858559,2871295,319232,15753215,1173751.93,681920.30,94000,100,100,100,0,0,0,0,0,0,1118207,1761279,2256895,1134360.77,2000
1781640825,0,96000,0,2002.64,1999.72,806399,1118207,1429503,1858559,2840575,319232,15753215,1172939.44,677515.62,96000,100,100,100,0,0,0,0,0,0,1102847,1860607,2396159,1134752.38,2000
1781640826,0,98000,0,2002.57,1998.98,806399,1118207,1429503,1856511,2826239,319232,15753215,1172018.37,673218.85,98000,100,100,100,0,0,0,0,0,0,1104895,1779711,2375679,1127807.10,2000
1781640827,0,100000,0,2002.54,2001.46,805375,1117183,1428479,1851391,2809855,319232,15753215,1170034.39,668597.57,100000,100,100,100,0,0,0,0,0,0,1061887,1598463,2119679,1072819.26,2000
1781640828,0,102000,0,2002.47,1998.96,805375,1117183,1428479,1855487,2820095,319232,15753215,1170126.66,665955.66,102000,100,100,100,0,0,0,0,0,0,1123327,2039807,3252223,1174740.10,2000
1781640829,0,104000,0,2002.44,2000.84,804863,1116159,1426431,1850367,2807807,319232,15753215,1168439.30,661681.66,104000,100,100,100,0,0,0,0,0,0,1073151,1666047,1991679,1082384.19,2000
1781640830,0,106000,0,2002.39,1999.59,804863,1116159,1426431,1854463,2869247,319232,15753215,1169939.02,663634.69,106000,100,100,100,0,0,0,0,0,0,1119231,2246655,4849663,1247924.29,2000
1781640831,0,108000,0,2002.33,1999.38,804863,1116159,1426431,1856511,2842623,319232,15753215,1169331.43,660066.46,108000,100,100,100,0,0,0,0,0,0,1113087,1931263,2443263,1137128.96,2000
1781640832,0,110000,0,2002.30,2000.73,804863,1115135,1426431,1851391,2828287,319232,15753215,1168064.39,655961.14,110000,100,100,100,0,0,0,0,0,0,1081343,1688575,1910783,1099644.42,2000
1781640833,0,112000,0,2002.25,1999.34,805375,1116159,1426431,1855487,2840575,319232,15753215,1168824.33,653661.23,112000,100,100,100,0,0,0,0,0,0,1165311,2138111,3057663,1210621.18,2000
1781640834,0,114000,0,2002.22,2000.64,805375,1116159,1426431,1852415,2828287,319232,15753215,1167660.18,649891.35,114000,100,100,100,0,0,0,0,0,0,1100799,1665023,2065407,1102467.90,2000
1781640835,0,116000,0,2002.17,1999.36,805375,1115135,1425407,1850367,2840575,319232,15753215,1167011.78,647629.32,116000,100,100,100,0,0,0,0,0,0,1081343,1647615,3592191,1130052.61,2000
1781640836,0,118000,0,2002.15,2001.04,805375,1115135,1425407,1846271,2828287,319232,15753215,1166058.09,643905.81,118000,100,100,100,0,0,0,0,0,0,1106943,1662975,1868799,1110744.13,2000
1781640837,0,120000,0,2002.11,1999.75,805375,1115135,1424383,1845247,2820095,319232,15753215,1165334.01,641003.68,120000,100,100,100,0,0,0,0,0,0,1083391,1794047,2621439,1122613.44,2000
1781640838,0,129700,0,2128.42,9693.18,824831,1151999,1469439,2197503,3749887,294912,25116671,1256313.33,992428.53,129700,100,100,100,0,0,0,0,0,0,1929215,4509695,21512191,2381830.64,9700
1781640839,0,139700,0,2255.53,10007.18,842239,1179647,1505279,2385919,3839999,294912,25116671,1297756.29,1000127.92,139700,100,100,100,0,0,0,0,0,0,1719295,3180543,4554751,1835271.51,10000
1781640840,0,149700,0,2378.59,10001.06,856575,1203199,1542143,2519039,4419583,260096,25116671,1357886.42,1184773.39,149700,100,100,100,0,0,0,0,0,0,1775615,4464639,18726911,2197904.36,10000
1781640841,0,159700,0,2497.77,9994.02,872959,1228799,1576959,2592767,4292607,260096,25116671,1386277.40,1166346.72,159700,100,100,100,0,0,0,0,0,0,1761279,3080191,3860479,1811290.29,10000
1781640842,0,169700,0,2613.29,9998.75,888831,1255423,1611775,2686975,4345855,260096,25116671,1416542.01,1155719.89,169700,100,100,100,0,0,0,0,0,0,1779711,3303423,4497407,1899867.90,10000
1781640843,0,179700,0,2725.35,10007.83,903679,1277951,1651711,2727935,4231167,260096,25116671,1439548.03,1138861.89,179700,100,100,100,0,0,0,0,0,0,1791999,3160063,3743743,1829960.19,10000
1781640844,0,189700,0,2834.02,9996.60,918015,1299455,1699839,2775039,4143103,260096,25116671,1463367.39,1124566.47,189700,100,100,100,0,0,0,0,0,0,1838079,3067903,3588095,1891401.24,10000
1781640845,0,199700,0,2939.47,9995.00,930815,1317887,1748991,2822143,4288511,225152,25116671,1494044.52,1161380.48,199700,100,100,100,0,0,0,0,0,0,1866751,3518463,9641983,2075989.64,10000
1781640846,0,209700,0,3041.90,10001.99,941055,1332223,1782783,2846719,4276223,225152,25116671,1508594.31,1148026.12,209700,100,100,100,0,0,0,0,0,0,1688575,3155967,4169727,1799153.59,10000
1781640847,0,219700,0,3141.41,10002.85,951807,1348607,1813503,2883583,4382719,225152,25116671,1528092.46,1156957.38,219700,100,100,100,0,0,0,0,0,0,1721343,3411967,7147519,1936968.79,10000
1781640848,0,229700,0,3238.10,10001.83,963583,1364991,1846271,2899967,4411391,225152,25116671,1543882.57,1146308.92,229700,100,100,100,0,0,0,0,0,0,1801215,3065855,4882431,1890791.32,10000
1781640849,0,239700,0,3332.07,9994.32,975359,1380351,1875967,2920447,4423679,225152,25116671,1558019.14,1137864.28,239700,100,100,100,0,0,0,0,0,0,1801215,3315711,4575231,1882736.03,10000
1781640850,0,249700,0,3423.49,9999.60,983551,1391615,1893375,2957311,4427775,225152,25116671,1572304.79,1145832.07,249700,100,100,100,0,0,0,0,0,0,1697791,3577855,6463487,1914731.84,10000
1781640851,0,259700,0,3512.45,10002.15,993791,1404927,1917951,2955263,4370431,225152,25116671,1581740.52,1131655.09,259700,100,100,100,0,0,0,0,0,0,1805311,2936831,3428351,1817350.69,10000
1781640852,0,269700,0,3599.05,10006.45,1003519,1418239,1939455,2988031,4677631,225152,25116671,1602496.69,1161589.74,269700,100,100,100,0,0,0,0,0,0,1832959,4440063,11919359,2141534.50,10000
1781640853,0,279700,0,3683.31,9992.56,1010687,1428479,1954815,2998271,4657151,225152,25116671,1610672.89,1150823.25,279700,100,100,100,0,0,0,0,0,0,1751039,3168255,4481023,1831184.87,10000
1781640854,0,289700,0,3765.44,10004.93,1019903,1438719,1970175,3020799,4747263,196864,25116671,1624906.05,1165469.98,289700,100,100,100,0,0,0,0,0,0,1776639,3624959,7315455,2023007.56,10000
1781640855,0,299700,0,3845.40,9993.69,1028095,1448959,1986559,3039231,4734975,196864,25116671,1634963.11,1157296.75,299700,100,100,100,0,0,0,0,0,0,1819647,3495935,4567039,1926316.13,10000
1781640856,0,309700,0,3923.37,9999.50,1032703,1456127,1996799,3043327,4685823,196864,25116671,1639419.26,1146749.22,309700,100,100,100,0,0,0,0,0,0,1720319,3147775,3794943,1772970.21,10000
1781640857,0,319700,0,3999.41,10006.20,1037823,1461247,2002943,3053567,4636671,196864,25116671,1643516.81,1137506.52,319700,100,100,100,0,0,0,0,0,0,1632255,3313663,4149247,1770418.02,10000
1781640858,0,329700,0,4073.53,9995.30,1042943,1469439,2017279,3063807,4571135,196864,25116671,1650246.19,1128873.87,329700,100,100,100,0,0,0,0,0,0,1810431,3237887,3975167,1865384.22,10000
1781640859,0,339700,0,4145.86,10000.96,1050623,1479679,2031615,3076095,4640767,196864,25116671,1664852.89,1170404.33,339700,100,100,100,0,0,0,0,0,0,1854463,3448831,10780671,2146435.74,10000
1781640860,0,349700,0,4216.47,10004.52,1055743,1487871,2040831,3082239,4575231,196864,25116671,1669834.30,1160229.56,349700,100,100,100,0,0,0,0,0,0,1766399,3225599,3680255,1839053.01,10000
1781640861,0,359700,0,4285.36,9997.45,1060863,1491967,2045951,3084287,4636671,196864,25116671,1673836.48,1154098.97,359700,100,100,100,0,0,0,0,0,0,1687551,3229695,5566463,1813792.67,10000
1781640862,0,369700,0,4352.64,9999.80,1067007,1501183,2059263,3088383,4579327,196864,25116671,1680488.66,1145449.42,369700,100,100,100,0,0,0,0,0,0,1848319,3166207,4007935,1919767.73,10000
1781640863,0,379700,0,4418.37,10003.29,1072127,1508351,2066431,3102719,4579327,196864,25116671,1686205.42,1139102.74,379700,100,100,100,0,0,0,0,0,0,1757183,3504127,4554751,1897554.05,10000
1781640864,0,389700,0,4482.58,9999.43,1078271,1515519,2074623,3106815,4607999,196864,25116671,1692132.71,1133634.94,389700,100,100,100,0,0,0,0,0,0,1823743,3313663,5713919,1917191.80,10000
1781640865,0,399700,0,4545.32,10000.61,1083391,1523711,2082815,3112959,4661247,196864,25116671,1699257.96,1133342.49,399700,100,100,100,0,0,0,0,0,0,1840127,3317759,7172095,1976928.88,10000
1781640866,0,409700,0,4606.63,9994.73,1087487,1528831,2087935,3119103,4702207,196864,25116671,1704415.69,1134393.69,409700,100,100,100,0,0,0,0,0,0,1741823,3411967,6385663,1910569.96,10000
1781640867,0,419700,0,4666.61,10002.84,1092607,1533951,2094079,3115007,4665343,196864,25116671,1707356.45,1126155.47,419700,100,100,100,0,0,0,0,0,0,1803263,2983935,3735551,1827839.51,10000
1781640868,0,429700,0,4725.24,9996.16,1099775,1543167,2103295,3121151,4706303,196864,25116671,1715531.51,1130569.59,429700,100,100,100,0,0,0,0,0,0,1903615,3235839,9297919,2058638.71,10000
1781640869,0,439700,0,4782.62,10001.63,1104895,1549311,2109439,3123199,4710399,196864,25116671,1720597.66,1128162.97,439700,100,100,100,0,0,0,0,0,0,1826815,3207167,4767743,1938290.37,10000
1781640870,0,449700,0,4838.75,9998.42,1108991,1554431,2115583,3125247,4689919,196864,25116671,1724475.90,1121717.43,449700,100,100,100,0,0,0,0,0,0,1825791,3260415,4448255,1895002.01,10000
1781640871,0,459700,0,4893.71,10002.01,1113087,1559551,2121727,3137535,4681727,196864,25116671,1729011.16,1119972.61,459700,100,100,100,0,0,0,0,0,0,1800191,3543039,4370431,1932961.95,10000
1781640872,0,469700,0,4947.52,10004.49,1115135,1562623,2125823,3141631,4661247,196864,25116671,1730979.77,1114527.84,469700,100,100,100,0,0,0,0,0,0,1715199,3317759,4243455,1821476.81,10000
1781640873,0,479700,0,5000.15,9993.89,1119231,1567743,2131967,3155967,4681727,196864,25116671,1736324.21,1113656.27,479700,100,100,100,0,0,0,0,0,0,1839103,3577855,6590463,1987352.59,10000
1781640874,0,489700,0,5051.75,10005.16,1121279,1570815,2134015,3166207,4673535,196864,25116671,1738577.35,1108914.96,489700,100,100,100,0,0,0,0,0,0,1735679,3725311,4546559,1846660.46,10000
1781640875,0,499700,0,5102.27,9998.96,1124351,1573887,2138111,3170303,4792319,196864,25116671,1746064.34,1133559.84,499700,100,100,100,0,0,0,0,0,0,1758207,4411391,11829247,2112701.90,10000
1781640876,0,509700,0,5151.78,10000.76,1127423,1576959,2142207,3172351,4763647,196864,25116671,1747815.96,1127887.10,509700,100,100,100,0,0,0,0,0,0,1750015,3291135,3954687,1835344.54,10000
1781640877,0,519700,0,5200.28,9997.06,1130495,1581055,2146303,3178495,4800511,196864,25116671,1751023.81,1125267.13,519700,100,100,100,0,0,0,0,0,0,1758207,3465215,6217727,1914527.72,10000
1781640878,0,529700,0,5247.85,10003.07,1134591,1584127,2148351,3188735,4825087,196864,25116671,1755207.72,1124928.84,529700,100,100,100,0,0,0,0,0,0,1772543,3616767,5263359,1972645.82,10000
1781640879,0,539699,0,5294.44,9996.13,1136639,1588223,2152447,3194879,4825087,196864,25116671,1757971.79,1121163.19,539699,100,100,100,0,0,0,0,0,0,1811455,3485695,4825087,1904399.00,9999
1781640880,0,549700,0,5340.14,9996.89,1139711,1592319,2156543,3198975,4915199,196864,25116671,1763932.23,1130024.31,549700,100,100,100,0,0,0,0,0,0,1815551,3764223,10231807,2085584.30,10001
1781640881,0,559700,0,5385.02,10007.90,1143807,1595391,2158591,3194879,4886527,196864,25116671,1764874.35,1123734.84,559700,100,100,100,0,0,0,0,0,0,1764351,3028991,3608575,1816663.21,10000
1781640882,0,569700,0,5428.97,9994.40,1145855,1598463,2160639,3194879,4898815,196864,25116671,1767624.90,1124429.57,569700,100,100,100,0,0,0,0,0,0,1773567,3170303,5210111,1921572.63,10000
1781640883,0,579700,0,5472.11,9999.63,1147903,1601535,2160639,3190783,4870143,196864,25116671,1767811.97,1118329.28,579700,100,100,100,0,0,0,0,0,0,1724415,3098623,3549183,1778469.76,10000
1781640884,0,589700,0,5514.47,10002.91,1149951,1602559,2162687,3192831,4874239,196864,25116671,1768251.87,1114043.66,589700,100,100,100,0,0,0,0,0,0,1704959,3231743,5021695,1793752.86,10000
1781640885,0,599700,0,5556.03,10000.72,1153023,1606655,2164735,3194879,4923391,196864,25116671,1772907.32,1122215.96,599700,100,100,100,0,0,0,0,0,0,1812479,3512319,8601599,2047439.08,10000
1781640886,0,609700,0,5596.81,9996.73,1155071,1609727,2166783,3198975,4935679,196864,25116671,1775011.65,1119053.91,609700,100,100,100,0,0,0,0,0,0,1763327,3522559,5177343,1901208.63,10000
1781640887,0,619700,0,5636.86,10000.13,1158143,1611775,2168831,3198975,4947967,196864,25116671,1777107.18,1122547.98,619700,100,100,100,0,0,0,0,0,0,1743871,3137535,6254591,1904871.17,10000
1781640888,0,629700,0,5676.20,10001.29,1160191,1614847,2170879,3201023,4927487,196864,25116671,1778774.74,1118188.27,629700,100,100,100,0,0,0,0,0,0,1819647,3387391,4227071,1882113.74,10000
1781640889,0,639700,0,5714.84,10003.84,1162239,1616895,2170879,3205119,4935679,196864,25116671,1780051.75,1115422.35,639700,100,100,100,0,0,0,0,0,0,1705983,3713023,5804031,1860464.89,10000
1781640890,0,649700,0,5752.79,10000.00,1164287,1619967,2172927,3205119,4923391,196864,25116671,1781272.56,1111011.31,649700,100,100,100,0,0,0,0,0,0,1805311,3184639,4272127,1859368.00,10000
1781640891,0,659700,0,5790.05,9998.35,1166335,1622015,2174975,3198975,4890623,196864,25116671,1781494.91,1105852.40,659700,100,100,100,0,0,0,0,0,0,1760255,2969599,3409919,1795940.58,10000
1781640892,0,669700,0,5826.67,9997.43,1169407,1626111,2179071,3203071,4907007,196864,25116671,1785193.69,1104591.03,669700,100,100,100,0,0,0,0,0,0,1938431,3428351,7188479,2029202.61,10000
1781640893,0,679700,0,5862.65,9996.92,1170431,1628159,2181119,3196927,4882431,196864,25116671,1785363.40,1099581.31,679700,100,100,100,0,0,0,0,0,0,1774591,2959359,3414015,1796729.02,10000
1781640894,0,689700,0,5898.05,10004.21,1172479,1630207,2181119,3198975,4874239,196096,25116671,1786247.89,1095752.94,689700,100,100,100,0,0,0,0,0,0,1780735,3231743,4526079,1846366.50,10000
1781640895,0,699700,0,5932.84,10002.26,1173503,1632255,2185215,3198975,4849663,196096,25116671,1787190.12,1091648.43,699700,100,100,100,0,0,0,0,0,0,1773567,3190783,3725311,1852175.30,10000
1781640896,0,709700,0,5967.05,10001.14,1175551,1634303,2185215,3196927,4833279,196096,25116671,1787788.30,1087744.47,709700,100,100,100,0,0,0,0,0,0,1782783,3096575,4452351,1829643.57,10000
1781640897,0,719700,0,6000.64,9993.24,1177599,1637375,2187263,3194879,4816895,196096,25116671,1788572.73,1083635.63,719700,100,100,100,0,0,0,0,0,0,1796095,3119103,3936255,1844243.75,10000
1781640898,0,814500,0,6734.93,94859.00,1144831,1593343,2144255,3141631,4825087,196096,25116671,1750977.66,1057532.25,814500,100,100,100,0,0,0,0,0,0,1311743,2631679,5570559,1465564.40,94800
1781640899,0,914500,0,7499.75,99928.15,1127423,1558527,2096127,3090431,4648959,196096,25116671,1716878.75,1022522.20,914500,100,100,100,0,0,0,0,0,0,1337343,2531327,3612671,1439143.11,100000
1781640900,0,1014500,0,8252.20,100045.71,1125375,1543167,2069503,3071999,4653055,196096,25116671,1703784.01,1007676.09,1014500,100,100,100,0,0,0,0,0,0,1429503,2875391,6397951,1584032.69,100000
1781640901,0,1114500,0,8992.49,100010.35,1115135,1517567,2031615,3035135,4591615,196096,25116671,1679704.21,981867.98,1114500,100,100,100,0,0,0,0,0,0,1342463,2459647,4022271,1435414.60,100000
1781640902,0,1214500,0,9720.94,100033.18,1107967,1505279,2010111,3018751,4653055,196096,25116671,1669437.73,982414.47,1214500,100,100,100,0,0,0,0,0,0,1385471,2738175,6729727,1555017.82,100000
1781640903,0,1314490,0,10437.73,99991.32,1115135,1506303,1994751,3014655,4550655,196096,25116671,1665157.19,962299.21,1314490,100,100,100,0,0,0,0,0,0,1514495,2959359,4073471,1613164.78,99990
1781640904,0,1414500,0,11143.31,99941.80,1113087,1494015,1978367,2998271,4628479,196096,25116671,1659104.72,971890.13,1414500,100,100,100,0,0,0,0,0,0,1369087,2754559,7151615,1579553.58,100010
1781640905,0,1514500,0,11837.85,100000.65,1116159,1489919,1959935,2985983,4915199,196096,25116671,1655369.37,969547.16,1514500,100,100,100,0,0,0,0,0,0,1443839,2621439,6705151,1602532.81,100000
1781640906,0,1614500,0,12521.68,100069.50,1115135,1478655,1940479,2969599,4829183,196096,25116671,1644616.47,953552.32,1614500,100,100,100,0,0,0,0,0,0,1367039,2596863,4370431,1481763.92,100000
1781640907,0,1714500,0,13194.82,99909.89,1113087,1474559,1933311,2959359,4820991,196096,25116671,1639780.07,944111.58,1714500,100,100,100,0,0,0,0,0,0,1416191,2738175,4673535,1561696.41,100000
1781640908,0,1814500,0,13857.79,100015.83,1112063,1467391,1915903,2936831,4685823,196096,25116671,1629437.01,927339.80,1814500,100,100,100,0,0,0,0,0,0,1368063,2332671,3610623,1452105.18,100000
1781640909,0,1914500,0,14510.72,100023.73,1112063,1463295,1906687,2926591,4616191,196096,25116671,1623392.16,914503.34,1914500,100,100,100,0,0,0,0,0,0,1397759,2703359,3598335,1513708.42,100000
1781640910,0,2014500,0,15153.78,99976.16,1108991,1457151,1892351,2902015,4607999,196096,25116671,1614473.25,904191.06,2014500,100,100,100,0,0,0,0,0,0,1359871,2287615,3188735,1443720.60,100000
1781640911,0,2114500,0,15787.29,100031.83,1107967,1452031,1884159,2895871,4698111,196096,25116671,1612638.59,918478.70,2114500,100,100,100,0,0,0,0,0,0,1363967,2629631,7671807,1575679.45,100000
1781640912,0,2214500,0,16411.34,99965.72,1108991,1451007,1875967,2885631,4726783,196096,25116671,1610921.15,924779.67,2214500,100,100,100,0,0,0,0,0,0,1422335,2566143,8093695,1574605.91,100000
1781640913,0,2314500,0,17026.26,100008.00,1107967,1448959,1873919,2879487,4698111,196096,25116671,1607715.47,915648.93,2314500,100,100,100,0,0,0,0,0,0,1418239,2594815,4550655,1536725.64,100000
1781640914,0,2414500,0,17632.21,100020.53,1102847,1442815,1864703,2865151,4694015,196096,25116671,1600018.08,907913.66,2414500,100,100,100,0,0,0,0,0,0,1303551,2416639,4669439,1421862.00,100000
1781640915,0,2514500,0,18229.32,99981.26,1099775,1438719,1859583,2856959,4673535,196096,25116671,1594730.50,900674.19,2514500,100,100,100,0,0,0,0,0,0,1334271,2621439,3989503,1467061.95,100000
1781640916,0,2614500,0,18817.84,99980.07,1097727,1436671,1856511,2842623,4591615,196096,25116671,1590614.68,891594.16,2614500,100,100,100,0,0,0,0,0,0,1371135,2582527,3680255,1487122.19,100000
1781640917,0,2714500,0,19398.00,100020.41,1098751,1435647,1852415,2836479,4612095,196096,25116671,1589818.13,894309.64,2714500,100,100,100,0,0,0,0,0,0,1430527,2625535,8204287,1568992.41,100000
1781640918,0,2814500,0,19969.86,99970.38,1095679,1430527,1844223,2832383,4726783,196096,25116671,1588292.93,912799.37,2814500,100,100,100,0,0,0,0,0,0,1304575,2611199,8118271,1546891.52,100000
1781640919,0,2914500,0,20533.84,100097.11,1093631,1428479,1840127,2828287,4812799,196096,25116671,1587393.36,920030.69,2914500,100,100,100,0,0,0,0,0,0,1348607,2643967,6828031,1562074.94,100000
1781640920,0,3014500,0,21089.74,99960.07,1090559,1424383,1836031,2818047,4812799,196096,25116671,1584419.07,930793.00,3014500,100,100,100,0,0,0,0,0,0,1306623,2349055,4106239,1497733.18,100000
1781640921,0,3114500,0,21637.95,99990.78,1089535,1421311,1830911,2818047,4952063,196096,25116671,1583394.65,931760.39,3114500,100,100,100,0,0,0,0,0,0,1342463,2809855,6041599,1552513.55,100000
1781640922,0,3214500,0,22178.56,99964.54,1087487,1417215,1827839,2815999,4976639,196096,25116671,1580883.72,928062.67,3214500,100,100,100,0,0,0,0,0,0,1318911,2799615,5287935,1502680.88,100000
1781640923,0,3314500,0,22711.89,100051.02,1089535,1418239,1825791,2815999,4947967,196096,25116671,1580323.82,921770.31,3314500,100,100,100,0,0,0,0,0,0,1447935,2713599,4081663,1562325.79,100000
1781640924,0,3414500,0,23237.87,99987.74,1092607,1420287,1823743,2809855,5029887,196096,25116671,1584198.52,955240.36,3414500,100,100,100,0,0,0,0,0,0,1485823,2559999,8585215,1712625.61,100000
1781640925,0,3514500,0,23756.76,100003.57,1094655,1422335,1825791,2820095,5038079,196096,25116671,1586257.35,953333.07,3514500,100,100,100,0,0,0,0,0,0,1488895,3061759,5722111,1656556.09,100000
1781640926,0,3614500,0,24268.64,99974.05,1093631,1420287,1821695,2818047,5062655,196096,25116671,1583959.68,949888.75,3614500,100,100,100,0,0,0,0,0,0,1335295,2723839,5734399,1503207.96,100000
1781640927,0,3714500,0,24773.70,99988.17,1091583,1417215,1819647,2811903,5095423,196096,25116671,1581858.79,949180.90,3714500,100,100,100,0,0,0,0,0,0,1326079,2570239,6307839,1505922.00,100000
1781640928,0,3814500,0,25272.18,100046.73,1092607,1419263,1821695,2811903,5119999,196096,25116671,1583010.55,945438.87,3814500,100,100,100,0,0,0,0,0,0,1486847,2791423,5324799,1625792.63,100000
1781640929,0,3914500,0,25763.91,99939.06,1091583,1418239,1821695,2805759,5054463,196096,25116671,1580586.35,938425.76,3914500,100,100,100,0,0,0,0,0,0,1387519,2559999,3622911,1488115.22,100000
1781640930,0,4014500,0,26249.33,100012.71,1091583,1418239,1819647,2801663,5001215,196096,25116671,1578649.92,931818.89,4014500,100,100,100,0,0,0,0,0,0,1422335,2537471,3653631,1502848.48,100000
1781640931,0,4114500,0,26728.54,100067.30,1092607,1418239,1818623,2791423,4964351,196096,25116671,1577165.64,926175.74,4114500,100,100,100,0,0,0,0,0,0,1415167,2523135,3856383,1517579.10,100000
1781640932,0,4214500,0,27201.48,100011.02,1092607,1418239,1818623,2793471,4939775,196096,25116671,1576874.76,922353.72,4214500,100,100,100,0,0,0,0,0,0,1410047,2809855,4403199,1564906.73,100000
1781640933,0,4314500,0,27668.21,99936.65,1091583,1415167,1813503,2787327,4894719,196096,25116671,1573063.03,917254.38,4314500,100,100,100,0,0,0,0,0,0,1299455,2336767,3926015,1412417.78,100000
1781640934,0,4414500,0,28129.08,99986.32,1092607,1416191,1815551,2783231,4833279,196096,25116671,1573393.50,911591.82,4414500,100,100,100,0,0,0,0,0,0,1480703,2648063,4063231,1587651.62,100000
1781640935,0,4514500,0,28584.28,100074.84,1091583,1414143,1812479,2777087,4866047,196096,25116671,1571240.51,911815.09,4514500,100,100,100,0,0,0,0,0,0,1305599,2465791,6512639,1476196.71,100000
1781640936,0,4614500,0,29033.48,99926.51,1090559,1413119,1810431,2772991,4890623,196096,25116671,1570455.66,915478.77,4614500,100,100,100,0,0,0,0,0,0,1358847,2578431,6426623,1535023.56,100000
1781640937,0,4714500,0,29477.20,100005.47,1087487,1407999,1806335,2768895,4890623,196096,25116671,1567516.39,921776.49,4714500,100,100,100,0,0,0,0,0,0,1227775,2510847,4939775,1431883.79,100000
1781640938,0,4814500,0,29915.39,99993.87,1086463,1405951,1803263,2770943,4919295,196096,25116671,1566206.49,921334.85,4814500,100,100,100,0,0,0,0,0,0,1325055,2867199,5701631,1504451.28,100000
1781640939,0,4914500,0,30348.18,99999.44,1085439,1404927,1802239,2770943,5042175,196096,25116671,1569506.00,960720.03,4914500,100,100,100,0,0,0,0,0,0,1345535,2783231,12165119,1728360.77,100000
1781640940,0,5014500,0,30775.64,99991.41,1085439,1403903,1799167,2766847,4980735,196096,25116671,1567536.62,954866.53,5014500,100,100,100,0,0,0,0,0,0,1368063,2584575,3919871,1470751.30,100000
1781640941,0,5114500,0,31198.03,100068.19,1087487,1405951,1801215,2768895,4980735,196096,25116671,1569534.59,956619.97,5114500,100,100,100,0,0,0,0,0,0,1487871,2871295,4255743,1669723.18,100000
1781640942,0,5214500,0,31615.07,99943.61,1087487,1405951,1801215,2770943,5029887,196096,25116671,1570574.21,959054.49,5214500,100,100,100,0,0,0,0,0,0,1395711,2815999,8044543,1623745.35,100000
1781640943,0,5314500,0,32027.32,100071.51,1085439,1402879,1797119,2762751,5029887,196096,25116671,1567641.90,959327.08,5314500,100,100,100,0,0,0,0,0,0,1275903,2406399,4276223,1414736.44,100000
1781640944,0,5414500,0,32434.37,99937.69,1085439,1402879,1799167,2768895,5070847,196096,25116671,1569037.55,958372.85,5414500,100,100,100,0,0,0,0,0,0,1436671,3016703,6143999,1643209.79,100000
1781640945,0,5513347,0,32829.95,98903.33,1084415,1401855,1797119,2766847,5111807,196096,25116671,1570083.47,973364.48,5513347,100,100,100,0,0,0,0,0,0,1327103,2686975,12050431,1627375.40,98847
1781640946,0,5614500,0,33234.38,101155.96,1083391,1400831,1798143,2775039,5144575,196096,25116671,1572022.39,983596.60,5614500,100,100,100,0,0,0,0,0,0,1357823,3360767,11485183,1677703.15,101153
1781640947,0,5714500,0,33627.11,99921.51,1083391,1399807,1796095,2768895,5136383,196096,25116671,1569837.03,979736.91,5714500,100,100,100,0,0,0,0,0,0,1338367,2332671,4026367,1447139.71,100000
1781640948,0,5814500,0,34015.41,100004.33,1083391,1399807,1796095,2775039,5160959,196096,25116671,1570796.68,979991.71,5814500,100,100,100,0,0,0,0,0,0,1400831,3143679,6557695,1625636.08,100000
1781640949,0,5914500,0,34399.21,100016.22,1084415,1400831,1796095,2772991,5181439,196096,25116671,1571089.64,977912.93,5914500,100,100,100,0,0,0,0,0,0,1444863,2723839,6156287,1588123.84,100000
1781640950,0,6014500,0,34778.67,100059.76,1084415,1399807,1795071,2777087,5328895,196096,25116671,1572820.39,985886.16,6014500,100,100,100,0,0,0,0,0,0,1362943,3237887,9207807,1675185.24,100000
1781640951,0,6114500,0,35153.54,99951.66,1084415,1398783,1793023,2772991,5328895,196096,25116671,1571886.05,984872.96,6114500,100,100,100,0,0,0,0,0,0,1364991,2392063,4317183,1515690.75,100000
1781640952,0,6214500,0,35524.23,100002.06,1084415,1399807,1793023,2777087,5378047,196096,25116671,1572568.36,984143.61,6214500,100,100,100,0,0,0,0,0,0,1456127,2983935,6885375,1614287.71,100000
1781640953,0,6314500,0,35890.64,99972.21,1086463,1400831,1793023,2775039,5378047,196096,25116671,1573319.36,981869.29,6314500,100,100,100,0,0,0,0,0,0,1465343,2721791,4284415,1619990.51,100000
1781640954,0,6414500,0,36253.05,100038.79,1086463,1401855,1794047,2768895,5320703,196096,25116671,1572300.23,976613.07,6414500,100,100,100,0,0,0,0,0,0,1428479,2363391,3166207,1507947.24,100000
1781640955,0,6514500,0,36611.33,100012.65,1085439,1399807,1791999,2766847,5287935,196096,25116671,1570209.11,972841.88,6514500,100,100,100,0,0,0,0,0,0,1310719,2627583,4069375,1436074.36,100000
1781640956,0,6614500,0,36965.62,100017.46,1085439,1399807,1790975,2768895,5279743,196096,25116671,1569669.55,969771.24,6614500,100,100,100,0,0,0,0,0,0,1372159,2871295,4718591,1534519.84,100000
1781640957,0,6714360,0,37315.19,99877.55,1086463,1400831,1790975,2768895,5275647,196096,25116671,1569653.98,967049.65,6714360,100,100,100,0,0,0,0,0,0,1441791,2842623,5210111,1568622.56,99860
1781640958,0,6730100,0,37195.76,15725.58,1086463,1400831,1790975,2768895,5283839,196096,25116671,1569598.58,967383.80,6730100,100,100,100,0,0,0,0,0,0,1400831,2793471,7032831,1545964.04,15740
1781640959,0,6740100,0,37046.28,9999.98,1086463,1400831,1790975,2770943,5283839,196096,25116671,1569572.18,967245.26,6740100,100,100,100,0,0,0,0,0,0,1384447,3084287,4276223,1551809.40,10000
1781640960,0,6750100,0,36898.45,10000.62,1085439,1400831,1790975,2770943,5283839,196096,25116671,1569500.94,967335.76,6750100,100,100,100,0,0,0,0,0,0,1336319,2918399,5545983,1521486.09,10000
1781640961,0,6760084,0,36752.31,9992.95,1085439,1399807,1790975,2770943,5279743,196096,25116671,1569310.88,966946.86,6760084,100,100,100,0,0,0,0,0,0,1338367,2699263,3612671,1440807.05,9984
1781640962,0,6770100,0,36607.67,10012.61,1085439,1399807,1790975,2770943,5275647,196096,25116671,1569090.60,966605.50,6770100,100,100,100,0,0,0,0,0,0,1316863,2764799,3143679,1420421.04,10016
1781640963,0,6780100,0,36464.45,9993.68,1085439,1399807,1790975,2770943,5271551,196096,25116671,1568856.85,966296.87,6780100,100,100,100,0,0,0,0,0,0,1276927,2717695,4333567,1410605.64,10000
1781640964,0,6790100,0,36323.03,10007.68,1085439,1399807,1789951,2768895,5267455,196096,25116671,1568519.11,965851.59,6790100,100,100,100,0,0,0,0,0,0,1278975,2334719,3082239,1339525.94,10000
1781640965,0,6800100,0,36182.91,9997.06,1085439,1399807,1789951,2768895,5275647,196096,25116671,1568560.79,967532.23,6800100,100,100,100,0,0,0,0,0,0,1336319,2598911,9764863,1596861.11,10000
1781640966,0,6810100,0,36044.37,10002.57,1084415,1399807,1789951,2768895,5271551,196096,25116671,1568324.72,967215.97,6810100,100,100,100,0,0,0,0,0,0,1264639,2789375,4040703,1407797.14,10000
1781640967,0,6820100,0,35907.12,9992.99,1084415,1399807,1789951,2768895,5267455,196096,25116671,1568150.17,967074.63,6820100,100,100,100,0,0,0,0,0,0,1301503,2654207,4489215,1449280.00,10000
1781640968,0,6830100,0,35771.46,10001.17,1084415,1398783,1789951,2768895,5263359,196096,25116671,1567958.49,966792.08,6830100,100,100,100,0,0,0,0,0,0,1318911,2578431,3823615,1437230.17,10000
1781640969,0,6840100,0,35637.16,9998.26,1084415,1398783,1789951,2768895,5259263,196096,25116671,1567753.84,966377.86,6840100,100,100,100,0,0,0,0,0,0,1356799,2488319,3510271,1427973.38,10000
1781640970,0,6850100,0,35504.28,10000.30,1084415,1398783,1789951,2768895,5263359,196096,25116671,1567725.76,966508.42,6850100,100,100,100,0,0,0,0,0,0,1360895,2678783,8347647,1548523.58,10000
1781640971,0,6860100,0,35372.77,9999.52,1084415,1398783,1789951,2768895,5267455,196096,25116671,1567695.49,966722.11,6860100,100,100,100,0,0,0,0,0,0,1366015,2498559,7176191,1546955.40,10000
1781640972,0,6870074,0,35242.66,9984.15,1084415,1398783,1789951,2768895,5271551,196096,25116671,1567825.95,967946.99,6870074,100,100,100,0,0,0,0,0,0,1378303,3147775,12722175,1657556.83,9974
1781640973,0,6880076,0,35113.84,10002.05,1084415,1398783,1789951,2768895,5267455,187264,25116671,1567579.56,967497.50,6880076,100,100,100,0,0,0,0,0,0,1332223,2455551,2879487,1398340.27,10002
1781640974,0,6890082,0,34986.34,10005.91,1084415,1398783,1789951,2768895,5263359,187264,25116671,1567443.96,967161.50,6890082,100,100,100,0,0,0,0,0,0,1328127,2793471,3952639,1474207.34,10006
1781640975,0,6900044,0,34859.91,9961.62,1083391,1398783,1788927,2766847,5259263,187264,25116671,1567132.89,966776.75,6900044,100,100,100,0,0,0,0,0,0,1233919,2613247,3342335,1351989.03,9962
1781640976,0,6910100,0,34735.07,10046.82,1083391,1398783,1788927,2766847,5255167,187264,25116671,1566906.23,966351.55,6910100,100,100,100,0,0,0,0,0,0,1323007,2592767,3108863,1411382.33,10056
1781640977,0,6920100,0,34611.39,10001.87,1083391,1398783,1788927,2766847,5259263,187264,25116671,1566911.93,966515.77,6920100,100,100,100,0,0,0,0,0,0,1349631,3123199,6598655,1570850.66,10000
1781640978,0,6930100,0,34488.95,10002.74,1083391,1397759,1788927,2766847,5255167,187264,25116671,1566525.12,966062.60,6930100,100,100,100,0,0,0,0,0,0,1235967,2213887,2772991,1298845.00,10000
1781640979,0,6940001,0,34367.27,9905.45,1083391,1397759,1788927,2766847,5255167,187264,25116671,1566232.90,965870.90,6940001,100,100,100,0,0,0,0,0,0,1238015,2215935,4935679,1361698.87,9901
1781640980,0,6950100,0,34247.56,10091.82,1083391,1397759,1787903,2764799,5251071,187264,25116671,1565897.99,965423.09,6950100,100,100,100,0,0,0,0,0,0,1268735,2238463,2983935,1335744.65,10099
1781640981,0,6960066,0,34128.63,9973.62,1083391,1397759,1787903,2764799,5255167,187264,25116671,1565980.43,967095.10,6960066,100,100,100,0,0,0,0,0,0,1375231,2646015,10608639,1623477.37,9966
1781640982,0,6970095,0,34011.03,10029.02,1082367,1397759,1787903,2764799,5251071,187264,25116671,1565699.62,966677.90,6970095,100,100,100,0,0,0,0,0,0,1298431,2332671,3409919,1370814.71,10029
1781640983,0,6980046,0,33894.19,9950.76,1082367,1397759,1787903,2764799,5246975,187264,25116671,1565410.17,966218.25,6980046,100,100,100,0,0,0,0,0,0,1293311,2326527,2789375,1362670.94,9951
1781640984,0,6990100,0,33778.93,10050.28,1082367,1397759,1787903,2764799,5246975,187264,25116671,1565240.57,966024.45,6990100,100,100,100,0,0,0,0,0,0,1289215,2666495,5206015,1447493.53,10054
1781640985,0,7000077,0,33664.52,9980.86,1082367,1396735,1787903,2762751,5246975,187264,25116671,1564967.94,965785.17,7000077,100,100,100,0,0,0,0,0,0,1272831,2443263,4919295,1373959.81,9977
1781640986,0,7010093,0,33551.34,10016.07,1082367,1396735,1787903,2764799,5246975,173312,25116671,1564827.46,965838.70,7010093,100,100,100,0,0,0,0,0,0,1252351,3049471,5857279,1466647.96,10016
1781640987,0,7020100,0,33439.04,9997.42,1081343,1396735,1787903,2762751,5242879,173312,25116671,1564547.89,965421.88,7020100,100,100,100,0,0,0,0,0,0,1299455,2424831,3129343,1368699.70,10007
1781640988,0,7030100,0,33327.94,10001.56,1081343,1396735,1786879,2762751,5246975,173312,25116671,1564453.38,965515.66,7030100,100,100,100,0,0,0,0,0,0,1330175,2801663,5783551,1498108.20,10000
1781640989,0,7040100,0,33217.87,9999.53,1081343,1396735,1786879,2762751,5242879,173312,25116671,1564172.49,965003.23,7040100,100,100,100,0,0,0,0,0,0,1357823,2123775,2535423,1366705.72,10000
1781640990,0,7050077,0,33108.85,9985.06,1081343,1396735,1786879,2762751,5246975,173312,25116671,1564094.84,964877.69,7050077,100,100,100,0,0,0,0,0,0,1381375,2502655,6082559,1509298.16,9977
1781640991,0,7060100,0,33000.94,10023.42,1081343,1396735,1786879,2762751,5246975,173312,25116671,1564054.43,965301.58,7060100,100,100,100,0,0,0,0,0,0,1277951,3092479,8732671,1535629.35,10023
1781640992,0,7070034,0,32893.50,9925.78,1081343,1396735,1786879,2762751,5242879,173312,25116671,1563785.38,964885.99,7070034,100,100,100,0,0,0,0,0,0,1323007,2318335,3086335,1372574.27,9934
1781640993,0,7080021,0,32787.54,9995.10,1081343,1396735,1786879,2762751,5246975,173312,25116671,1563690.19,965178.05,7080021,100,100,100,0,0,0,0,0,0,1275903,2762751,8220671,1496304.63,9987
1781640994,0,7090030,0,32682.54,10008.75,1080319,1395711,1786879,2762751,5251071,173312,25116671,1563532.71,965811.01,7090030,100,100,100,0,0,0,0,0,0,1233919,2457599,11509759,1452135.48,10009
1781640995,0,7100100,0,32578.65,10061.68,1080319,1395711,1785855,2762751,5246975,173312,25116671,1563221.79,965495.87,7100100,100,100,100,0,0,0,0,0,0,1199103,2727935,3684351,1344310.72,10070
1781640996,0,7110100,0,32475.53,10000.51,1080319,1395711,1785855,2760703,5238783,173312,25116671,1562980.49,965085.19,7110100,100,100,100,0,0,0,0,0,0,1310719,2416639,3284991,1391652.22,10000
1781640997,0,7120100,0,32373.34,9999.78,1080319,1395711,1785855,2760703,5234687,173312,25116671,1562581.84,964667.19,7120100,100,100,100,0,0,0,0,0,0,1218559,2287615,2713599,1279140.33,10000
1781640998,0,7130100,0,32272.09,10001.04,1080319,1395711,1785855,2760703,5230591,173312,25116671,1562433.72,964503.13,7130100,100,100,100,0,0,0,0,0,0,1311743,2838527,4538367,1456969.29,10000
1781640999,0,7140100,0,32171.74,10000.35,1079295,1394687,1785855,2760703,5226495,173312,25116671,1562116.34,964063.02,7140100,100,100,100,0,0,0,0,0,0,1277951,2295807,2981887,1335826.18,10000
1781641000,0,7150100,0,32072.29,10000.34,1079295,1394687,1785855,2758655,5230591,173312,25116671,1561973.98,964502.93,7150100,100,100,100,0,0,0,0,0,0,1252351,2445311,8175615,1460324.67,10000
1781641001,0,7160029,0,31973.50,9935.48,1079295,1394687,1784831,2758655,5226495,173312,25116671,1561686.11,964021.18,7160029,100,100,100,0,0,0,0,0,0,1340415,2093055,2736127,1354381.08,9929
1781641002,0,7170100,0,31876.00,10061.55,1079295,1394687,1784831,2758655,5226495,173312,25116671,1561381.41,963965.09,7170100,100,100,100,0,0,0,0,0,0,1191935,2390015,5464063,1344754.39,10071
1781641003,0,7180100,0,31779.17,9999.48,1079295,1394687,1784831,2758655,5226495,173312,25116671,1561095.60,963552.35,7180100,100,100,100,0,0,0,0,0,0,1282047,2369535,3342335,1356170.32,10000
1781641004,0,7190100,0,31683.21,10001.05,1079295,1394687,1784831,2756607,5222399,173312,25116671,1560883.85,963182.38,7190100,100,100,100,0,0,0,0,0,0,1325055,2514943,3336191,1408841.23,10000
1781641005,0,7200100,0,31588.09,10000.12,1078271,1394687,1784831,2756607,5218303,173312,25116671,1560747.40,963022.93,7200100,100,100,100,0,0,0,0,0,0,1347583,2662399,4374527,1462642.32,10000
1781641006,0,7210100,0,31493.77,9998.77,1078271,1394687,1784831,2756607,5214207,173312,25116671,1560491.04,962560.83,7210100,100,100,100,0,0,0,0,0,0,1349631,2252799,2695167,1375905.14,10000
1781641007,0,7220100,0,31400.34,10003.32,1078271,1393663,1784831,2756607,5214207,173312,25116671,1560401.22,962930.31,7220100,100,100,100,0,0,0,0,0,0,1291263,2734079,5410815,1495639.80,10000
1781641008,0,7230100,0,31307.64,9997.67,1078271,1393663,1783807,2756607,5210111,173312,25116671,1560150.44,962522.93,7230100,100,100,100,0,0,0,0,0,0,1297407,2484223,3147775,1379087.72,10000
1781641009,0,7240044,0,31215.65,9952.99,1078271,1393663,1783807,2756607,5214207,173312,25116671,1559966.51,962505.93,7240044,100,100,100,0,0,0,0,0,0,1258495,2609151,7167999,1426236.26,9944
1781641010,0,7250100,0,31124.72,10048.60,1078271,1393663,1783807,2754559,5210111,173312,25116671,1559640.70,962120.72,7250100,100,100,100,0,0,0,0,0,0,1234943,2480127,2973695,1325065.86,10056
1781641011,0,7260050,0,31034.30,9957.01,1077247,1393663,1783807,2754559,5206015,173312,25116671,1559393.84,961712.32,7260050,100,100,100,0,0,0,0,0,0,1336319,2349055,3059711,1379518.18,9950
1781641012,0,7270052,0,30944.78,10002.21,1077247,1393663,1783807,2754559,5201919,173312,25116671,1559176.84,961474.80,7270052,100,100,100,0,0,0,0,0,0,1245183,2664447,4255743,1401661.45,10002
1781641013,0,7280100,0,30856.10,10039.58,1077247,1392639,1783807,2754559,5197823,173312,25116671,1558802.43,961074.89,7280100,100,100,100,0,0,0,0,0,0,1205247,2361343,2797567,1287906.96,10048
1781641014,0,7290088,0,30768.13,9996.47,1077247,1392639,1783807,2754559,5201919,173312,25116671,1558797.43,961294.24,7290088,100,100,100,0,0,0,0,0,0,1374207,2633727,8560639,1555150.97,9988
1781641015,0,7300100,0,30680.80,10004.70,1077247,1392639,1782783,2752511,5197823,173312,25116671,1558502.55,960871.69,7300100,100,100,100,0,0,0,0,0,0,1269759,2396159,2856959,1343794.84,10012
1781641016,0,7310100,0,30594.23,9998.62,1077247,1392639,1782783,2752511,5197823,173312,25116671,1558374.63,960771.33,7310100,100,100,100,0,0,0,0,0,0,1286143,2899967,5312511,1464993.42,10000
1781641017,0,7320100,0,30508.41,10000.46,1076223,1392639,1782783,2752511,5193727,173312,25116671,1558185.93,960428.64,7320100,100,100,100,0,0,0,0,0,0,1328127,2551807,3837951,1420241.36,10000
1781641018,0,7506900,0,31157.18,186937.25,1079295,1393663,1783807,2764799,5312511,173312,25116671,1562085.12,966309.72,7506900,100,100,100,0,0,0,0,0,0,1439743,3762175,8384511,1714881.91,186800
1781641019,0,7706900,0,31855.04,199969.19,1079295,1392639,1781759,2770943,5365759,173312,25116671,1562661.35,967395.67,7706900,100,100,100,0,0,0,0,0,0,1348607,3313663,6045695,1584289.78,200000
1781641020,0,7906900,0,32547.10,199880.17,1079295,1388543,1776639,2770943,5521407,173312,25116671,1561850.65,972665.96,7906900,100,100,100,0,0,0,0,0,0,1284095,2770943,7868415,1530611.03,200000
1781641021,0,8106900,0,33233.56,200004.77,1080319,1387519,1774591,2783231,5677055,173312,25116671,1564146.90,979321.47,8106900,100,100,100,0,0,0,0,0,0,1363967,3287039,7471103,1654927.70,200000
1781641022,0,8306900,0,33914.49,200102.90,1078271,1383423,1769471,2781183,5693439,173312,25116671,1560599.58,976197.64,8306900,100,100,100,0,0,0,0,0,0,1244159,2562047,6012927,1416810.99,200000
1781641023,0,8506900,0,34589.75,199925.38,1078271,1381375,1767423,2785279,5783551,173312,25116671,1561226.04,978347.38,8506900,100,100,100,0,0,0,0,0,0,1312767,3041279,7323647,1587245.84,200000
1781641024,0,8706900,0,35259.62,200020.16,1077247,1378303,1764351,2795519,5812223,173312,25116671,1560363.82,978695.15,8706900,100,100,100,0,0,0,0,0,0,1265663,3162111,6115327,1523689.64,200000
1781641025,0,8906900,0,35924.08,200034.12,1074175,1373183,1759231,2789375,5857279,173312,25116671,1556999.55,980542.30,8906900,100,100,100,0,0,0,0,0,0,1202175,2447359,7258111,1410537.65,200000
1781641026,0,9106900,0,36583.13,199919.03,1075199,1372159,1757183,2793471,5918719,173312,25116671,1558609.15,987797.55,9106900,100,100,100,0,0,0,0,0,0,1358847,3229695,7467007,1630291.82,200000
1781641027,0,9306900,0,37237.01,200064.78,1074175,1371135,1755135,2795519,5877759,173312,25116671,1557501.78,984808.67,9306900,100,100,100,0,0,0,0,0,0,1302527,2955263,5279743,1507078.13,200000
1781641028,0,9506900,0,37885.69,200080.40,1074175,1369087,1755135,2797567,5906431,173312,25116671,1558663.55,992423.33,9506900,100,100,100,0,0,0,0,0,0,1310719,2922495,8163327,1612726.18,200000
1781641029,0,9706900,0,38529.06,199861.07,1073151,1367039,1752063,2797567,5881855,173312,25116671,1556948.48,988846.52,9706900,100,100,100,0,0,0,0,0,0,1294335,2797567,5652479,1475423.16,200000
1781641030,0,9906900,0,39167.51,200079.10,1073151,1364991,1747967,2793471,5877759,173312,25116671,1554896.68,985923.65,9906900,100,100,100,0,0,0,0,0,0,1296383,2603007,5046271,1455313.65,200000
1781641031,0,10106900,0,39800.84,199976.35,1073151,1363967,1744895,2791423,5926911,173312,25116671,1555200.87,996452.06,10106900,100,100,100,0,0,0,0,0,0,1298431,2715647,8888319,1570268.76,200000
1781641032,0,10306900,0,40429.23,199999.68,1072127,1362943,1743871,2791423,5963775,173312,25116671,1554569.35,996330.20,10306900,100,100,100,0,0,0,0,0,0,1299455,2732031,6758399,1522655.77,200000
1781641033,0,10506900,0,41052.68,199960.70,1071103,1359871,1739775,2781183,5931007,173312,25116671,1550540.39,990366.02,10506900,100,100,100,0,0,0,0,0,0,1235967,2242559,3420159,1342910.14,200000
1781641034,0,10706900,0,41671.34,200053.72,1070079,1357823,1737727,2779135,5955583,173312,25116671,1550079.90,994464.29,10706900,100,100,100,0,0,0,0,0,0,1285119,2674687,8536063,1525888.36,200000
1781641035,0,10906900,0,42285.21,200041.52,1070079,1355775,1734655,2779135,5955583,173312,25116671,1548801.19,994140.02,10906900,100,100,100,0,0,0,0,0,0,1287167,2732031,6008831,1480345.81,200000
1781641036,0,11106900,0,42894.30,200006.61,1070079,1354751,1732607,2785279,5955583,173312,25116671,1548922.70,994020.19,11106900,100,100,100,0,0,0,0,0,0,1310719,3610623,5947391,1555549.27,200000
1781641037,0,11306900,0,43498.58,199856.79,1070079,1353727,1729535,2783231,5955583,173312,25116671,1547979.73,997525.04,11306900,100,100,100,0,0,0,0,0,0,1277951,2639871,6066175,1495612.46,200000
1781641038,0,11506900,0,44098.37,200031.76,1068031,1350655,1726463,2789375,5947391,173312,25116671,1546192.53,995709.28,11506900,100,100,100,0,0,0,0,0,0,1243135,3065855,5312511,1445154.38,200000
1781641039,0,11706900,0,44693.58,200026.15,1068031,1349631,1723391,2783231,5931007,173312,25116671,1543668.38,991898.42,11706900,100,100,100,0,0,0,0,0,0,1276927,2199551,5365759,1398442.51,200000
1781641040,0,11906900,0,45284.18,199929.60,1067007,1346559,1720319,2775039,5910527,173312,25116671,1540730.16,988309.96,11906900,100,100,100,0,0,0,0,0,0,1243135,2203647,5574655,1368742.71,200000
1781641041,0,12106900,0,45870.45,200098.32,1067007,1346559,1719295,2772991,5939199,173312,25116671,1540898.51,990324.89,12106900,100,100,100,0,0,0,0,0,0,1349631,2611199,8519679,1550921.27,200000
1781641042,0,12306900,0,46452.26,200052.26,1067007,1346559,1717247,2779135,5971967,173312,25116671,1542337.76,999087.89,12306900,100,100,100,0,0,0,0,0,0,1319935,3723263,10493951,1629462.09,200000
1781641043,0,12506900,0,47029.62,199976.56,1065983,1344511,1714175,2772991,5963775,173312,25116671,1540576.65,998600.32,12506900,100,100,100,0,0,0,0,0,0,1269759,2484223,5578751,1432207.47,200000
1781641044,0,12706900,0,47602.69,200008.52,1067007,1344511,1713151,2775039,5976063,173312,25116671,1540982.13,1003221.61,12706900,100,100,100,0,0,0,0,0,0,1314815,2994175,7319551,1566338.62,200000
1781641045,0,12906900,0,48171.46,199993.22,1065983,1343487,1711103,2772991,5984255,173312,25116671,1540107.06,1002495.89,12906900,100,100,100,0,0,0,0,0,0,1282047,2580479,7254015,1484509.85,200000
1781641046,0,13106900,0,48735.98,199968.12,1064959,1342463,1710079,2779135,6017023,173312,25116671,1541958.20,1023805.37,13106900,100,100,100,0,0,0,0,0,0,1281023,3143679,10641407,1661420.47,200000
1781641047,0,13306900,0,49296.34,199991.57,1064959,1341439,1708031,2775039,6062079,173312,25116671,1541100.60,1024995.51,13306900,100,100,100,0,0,0,0,0,0,1279999,2332671,7753727,1484898.79,200000
1781641048,0,13506900,0,49852.58,200003.29,1064959,1340415,1705983,2772991,6070271,173312,25116671,1540354.85,1024334.07,13506900,100,100,100,0,0,0,0,0,0,1283071,2531327,6279167,1490736.41,200000
1781641049,0,13706902,0,50404.82,200106.44,1064959,1340415,1705983,2777087,6131711,173312,25116671,1542153.69,1030959.56,13706902,100,100,100,0,0,0,0,0,0,1337343,3280895,9379839,1663636.37,200002
1781641050,0,13906900,0,50952.83,199910.32,1063935,1338367,1704959,2777087,6160383,173312,25116671,1542029.69,1033852.77,13906900,100,100,100,0,0,0,0,0,0,1243135,2887679,8404991,1533531.17,199998
1781641051,0,14106900,0,51496.94,200014.44,1063935,1338367,1702911,2772991,6135807,173312,25116671,1540666.84,1030091.53,14106900,100,100,100,0,0,0,0,0,0,1307647,2494463,5382143,1445901.55,200000
1781641052,0,14306900,0,52037.09,200014.36,1063935,1337343,1700863,2777087,6172671,173312,25116671,1541521.44,1041969.75,14306900,100,100,100,0,0,0,0,0,0,1284095,3127295,12050431,1601800.27,200000
1781641053,0,14506900,0,52573.31,200001.77,1062911,1335295,1698815,2775039,6225919,173312,25116671,1542248.52,1057263.76,14506900,100,100,100,0,0,0,0,0,0,1261567,2533375,9584639,1594259.76,200000
1781641054,0,14706900,0,53105.60,199938.70,1061887,1333247,1695743,2775039,6291455,173312,25116671,1541979.32,1064436.52,14706900,100,100,100,0,0,0,0,0,0,1208319,2779135,9166847,1522453.36,200000
1781641055,0,14906900,0,53634.18,200066.15,1061887,1333247,1693695,2775039,6336511,173312,25116671,1542575.36,1069622.86,14906900,100,100,100,0,0,0,0,0,0,1299455,2760703,10633215,1586404.84,200000
1781641056,0,15106900,0,54158.78,199867.08,1061887,1332223,1692671,2770943,6303743,173312,25116671,1541262.38,1065629.64,15106900,100,100,100,0,0,0,0,0,0,1294335,2510847,4775935,1443399.86,200000
1781641057,0,15306900,0,54679.81,200052.88,1060863,1331199,1690623,2768895,6307839,173312,25116671,1539694.51,1064818.53,15306900,100,100,100,0,0,0,0,0,0,1224703,2676735,8208383,1421266.70,200000
1781641058,0,15506900,0,55197.14,200068.23,1059839,1329151,1689599,2775039,6340607,173312,25116671,1539306.71,1066428.73,15506900,100,100,100,0,0,0,0,0,0,1227775,3172351,7577599,1509626.45,200000
1781641059,0,15706900,0,55710.76,200013.23,1058815,1328127,1686527,2770943,6352895,173312,25116671,1537952.87,1068218.64,15706900,100,100,100,0,0,0,0,0,0,1223679,2463743,9691135,1432983.80,200000
1781641060,0,15906900,0,56220.63,199901.51,1058815,1327103,1685503,2770943,6352895,173312,25116671,1537456.63,1066614.64,15906900,100,100,100,0,0,0,0,0,0,1282047,2930687,6311935,1498484.73,200000
1781641061,0,16106900,0,56727.01,199999.39,1058815,1327103,1685503,2775039,6393855,173312,25116671,1538712.95,1069588.65,16106900,100,100,100,0,0,0,0,0,0,1338367,3164159,8478719,1638633.58,200000
1781641062,0,16306900,0,57229.96,200130.42,1058815,1327103,1684479,2775039,6402047,173312,25116671,1538345.60,1068133.15,16306900,100,100,100,0,0,0,0,0,0,1311743,2795519,6828031,1508761.39,200000
1781641063,0,16506900,0,57729.12,199853.09,1058815,1327103,1683455,2772991,6389759,173312,25116671,1537193.32,1064697.78,16506900,100,100,100,0,0,0,0,0,0,1313791,2551807,4898815,1443242.39,200000
1781641064,0,16706900,0,58224.97,200020.05,1058815,1326079,1682431,2770943,6438911,173312,25116671,1537688.47,1070363.45,16706900,100,100,100,0,0,0,0,0,0,1297407,2428927,9404415,1578555.65,200000
1781641065,0,16906900,0,58717.47,200121.74,1059839,1326079,1682431,2768895,6410239,173312,25116671,1536853.99,1066800.92,16906900,100,100,100,0,0,0,0,0,0,1326079,2674687,4542463,1467146.22,200000
1781641066,0,17106900,0,59206.30,199859.67,1058815,1326079,1681407,2775039,6422527,173312,25116671,1537774.11,1070495.13,17106900,100,100,100,0,0,0,0,0,0,1282047,3854335,6799359,1615555.67,200000
1781641067,0,17306900,0,59692.00,200091.43,1058815,1325055,1681407,2775039,6455295,173312,25116671,1538952.54,1083052.00,17306900,100,100,100,0,0,0,0,0,0,1292287,2689023,14303231,1639749.06,200000
1781641068,0,17506900,0,60174.29,200028.75,1058815,1325055,1680383,2772991,6455295,173312,25116671,1538332.49,1080961.85,17506900,100,100,100,0,0,0,0,0,0,1297407,2629631,6172671,1484676.67,200000
1781641069,0,17706900,0,60653.25,200000.59,1058815,1324031,1678335,2768895,6447103,173312,25116671,1537023.76,1078622.81,17706900,100,100,100,0,0,0,0,0,0,1260543,2412543,6037503,1422464.86,200000
1781641070,0,17906900,0,61128.96,200022.00,1058815,1324031,1678335,2768895,6455295,173312,25116671,1536902.60,1079258.01,17906900,100,100,100,0,0,0,0,0,0,1289215,2727935,8118271,1526175.90,200000
1781641071,0,18106900,0,61601.36,199942.66,1057791,1323007,1678335,2772991,6508543,173312,27115519,1539477.68,1099675.04,18106900,100,100,100,0,0,0,0,0,0,1291263,4657151,16908287,1770035.98,200000
1781641072,0,18306900,0,62070.58,199979.87,1057791,1323007,1676287,2772991,6508543,173312,27115519,1539210.72,1105058.98,18306900,100,100,100,0,0,0,0,0,0,1254399,2680831,6893567,1515041.78,200000
1781641073,0,18506900,0,62536.70,200041.86,1057791,1323007,1676287,2775039,6508543,173312,27115519,1539206.68,1103583.50,18506900,100,100,100,0,0,0,0,0,0,1344511,2908159,5783551,1538836.83,200000
1781641074,0,18706900,0,62999.61,199967.50,1057791,1321983,1675263,2775039,6479871,173312,27115519,1538197.87,1100296.14,18706900,100,100,100,0,0,0,0,0,0,1287167,2707455,4354047,1444848.31,200000
1781641075,0,18906900,0,63459.47,200027.46,1057791,1320959,1673215,2775039,6459391,173312,27115519,1536645.30,1097920.15,18906900,100,100,100,0,0,0,0,0,0,1211391,2826239,5386239,1391425.99,200000
1781641076,0,19106900,0,63916.15,199933.74,1056767,1319935,1672191,2770943,6459391,173312,27115519,1535485.48,1097082.66,19106900,100,100,100,0,0,0,0,0,0,1229823,2476031,6049791,1425842.85,200000
1781641077,0,19306900,0,64369.82,199963.44,1056767,1319935,1672191,2775039,6508543,173312,27115519,1537126.46,1104424.43,19306900,100,100,100,0,0,0,0,0,0,1320959,3405823,11067391,1693896.54,200000
1781641078,0,19330400,0,64234.08,23507.28,1056767,1319935,1672191,2772991,6504447,173312,27115519,1536843.77,1104051.10,19330400,100,100,100,0,0,0,0,0,0,1165311,2678783,2854911,1304595.10,23500
1781641079,0,19340400,0,64054.48,10001.05,1055743,1319935,1672191,2772991,6504447,173312,27115519,1536574.78,1103868.36,19340400,100,100,100,0,0,0,0,0,0,962559,1753087,2320383,1016602.60,10000
1781641080,0,19350400,0,63875.96,9995.96,1055743,1318911,1672191,2772991,6500351,173312,27115519,1536343.66,1103714.32,19350400,100,100,100,0,0,0,0,0,0,974335,2014207,4321279,1089353.50,10000
1781641081,0,19360400,0,63698.68,9998.92,1055743,1318911,1671167,2772991,6500351,173312,27115519,1536135.28,1103587.19,19360400,100,100,100,0,0,0,0,0,0,955391,2422783,4685823,1132904.50,10000
1781641082,0,19370400,0,63522.67,10004.37,1055743,1318911,1671167,2772991,6496255,173312,27115519,1535888.16,1103416.02,19370400,100,100,100,0,0,0,0,0,0,955903,1928191,3065855,1057454.86,10000
1781641083,0,19380400,0,63347.76,10001.93,1055743,1318911,1671167,2770943,6496255,173312,27115519,1535673.29,1103299.13,19380400,100,100,100,0,0,0,0,0,0,990719,2035711,3717119,1119453.52,10000
1781641084,0,19390400,0,63173.88,9996.40,1055743,1318911,1671167,2770943,6496255,173312,27115519,1535435.54,1103146.32,19390400,100,100,100,0,0,0,0,0,0,958975,2032639,3772415,1074672.61,10000
1781641085,0,19400400,0,63001.21,10000.14,1054719,1318911,1671167,2770943,6496255,173312,27115519,1535280.62,1103512.18,19400400,100,100,100,0,0,0,0,0,0,940031,2287615,10133503,1234895.72,10000
1781641086,0,19410400,0,62829.68,10001.41,1054719,1317887,1670143,2770943,6496255,173312,27115519,1535008.54,1103331.79,19410400,100,100,100,0,0,0,0,0,0,967679,1630207,2527231,1007154.12,10000
1781641087,0,19420400,0,62659.29,10003.32,1054719,1317887,1670143,2770943,6492159,173312,27115519,1534755.09,1103175.08,19420400,100,100,100,0,0,0,0,0,0,940543,1913855,3657727,1042801.33,10000
1781641088,0,19430400,0,62489.87,9997.06,1054719,1317887,1670143,2770943,6492159,173312,27115519,1534542.92,1103094.26,19430400,100,100,100,0,0,0,0,0,0,964095,1998847,5525503,1122505.07,10000
1781641089,0,19440400,0,62321.57,9998.58,1053695,1317887,1670143,2770943,6492159,173312,27115519,1534272.07,1102911.34,19440400,100,100,100,0,0,0,0,0,0,957439,1716223,2385919,1007998.79,10000
1781641090,0,19450400,0,62154.30,9995.85,1053695,1317887,1670143,2768895,6492159,173312,27115519,1534068.25,1102905.51,19450400,100,100,100,0,0,0,0,0,0,1003519,1807359,3297279,1137822.23,10000
1781641091,0,19460400,0,61988.31,10007.28,1053695,1317887,1670143,2768895,6488063,173312,27115519,1533796.05,1102721.31,19460400,100,100,100,0,0,0,0,0,0,959999,1663999,2146303,1004354.58,10000
1781641092,0,19470400,0,61823.23,9999.73,1053695,1316863,1669119,2768895,6488063,173312,27115519,1533600.77,1102771.97,19470400,100,100,100,0,0,0,0,0,0,921599,2166783,6639615,1153591.55,10000
1781641093,0,19480400,0,61659.22,10001.10,1053695,1316863,1669119,2768895,6488063,173312,27115519,1533344.96,1102597.94,19480400,100,100,100,0,0,0,0,0,0,937983,1928191,2727935,1035264.45,10000
1781641094,0,19490400,0,61496.19,9997.94,1052671,1316863,1669119,2768895,6488063,173312,27115519,1533078.89,1102427.51,19490400,100,100,100,0,0,0,0,0,0,949759,1745919,2484223,1014765.20,10000
1781641095,0,19500400,0,61334.28,10003.24,1052671,1316863,1669119,2768895,6488063,173312,27115519,1532900.80,1102402.36,19500400,100,100,100,0,0,0,0,0,0,994815,2166783,5505023,1185787.48,10000
1781641096,0,19510400,0,61173.26,9996.90,1052671,1316863,1669119,2766847,6483967,173312,27115519,1532646.74,1102220.44,19510400,100,100,100,0,0,0,0,0,0,965119,1890303,2396159,1037224.15,10000
1781641097,0,19520400,0,61013.31,9999.62,1052671,1316863,1669119,2766847,6483967,173312,27115519,1532439.47,1102169.55,19520400,100,100,100,0,0,0,0,0,0,955391,2111487,5701631,1128049.06,10000
1781641098,0,19530400,0,60854.24,9993.82,1052671,1316863,1668095,2766847,6483967,173312,27115519,1532152.70,1101994.95,19530400,100,100,100,0,0,0,0,0,0,913407,1661951,2201599,972363.43,10000
1781641099,0,19540400,0,60696.37,10004.90,1051647,1315839,1668095,2766847,6479871,173312,27115519,1531905.75,1101806.14,19540400,100,100,100,0,0,0,0,0,0,994303,1793023,2473983,1049609.02,10000
1781641100,0,19550400,0,60539.45,10003.52,1051647,1315839,1668095,2764799,6479871,173312,27115519,1531667.68,1101630.66,19550400,100,100,100,0,0,0,0,0,0,974847,1932287,2867199,1066473.59,10000
1781641101,0,19560400,0,60383.30,9992.68,1051647,1315839,1668095,2764799,6479871,173312,27115519,1531411.46,1101446.93,19560400,100,100,100,0,0,0,0,0,0,975871,1716223,2314239,1030476.05,10000
1781641102,0,19570400,0,60228.37,10006.90,1051647,1315839,1668095,2764799,6479871,173312,27115519,1531185.77,1101373.69,19570400,100,100,100,0,0,0,0,0,0,940543,1906687,3651583,1089738.78,10000
1781641103,0,19580400,0,60074.21,9997.01,1051647,1315839,1667071,2764799,6475775,173312,27115519,1530929.96,1101206.30,19580400,100,100,100,0,0,0,0,0,0,929279,2004991,2850815,1030300.64,10000
1781641104,0,19590400,0,59921.04,9999.40,1050623,1315839,1667071,2764799,6475775,173312,27115519,1530691.35,1101100.35,19590400,100,100,100,0,0,0,0,0,0,928255,1769471,4481023,1063472.20,10000
1781641105,0,19600400,0,59768.90,10005.14,1050623,1314815,1667071,2764799,6475775,173312,27115519,1530443.54,1100932.59,19600400,100,100,100,0,0,0,0,0,0,936959,1941503,3061759,1044985.24,10000
1781641106,0,19610400,0,59617.58,9999.02,1050623,1314815,1667071,2762751,6471679,173312,27115519,1530195.06,1100764.76,19610400,100,100,100,0,0,0,0,0,0,950783,1959935,2994175,1043167.69,10000
1781641107,0,19620400,0,59467.21,10000.57,1050623,1314815,1667071,2762751,6471679,173312,27115519,1529967.05,1100626.93,19620400,100,100,100,0,0,0,0,0,0,957439,1947647,3897343,1082829.55,10000
1781641108,0,19630400,0,59317.59,9992.37,1050623,1314815,1667071,2762751,6471679,173312,27115519,1529688.19,1100453.76,19630400,100,100,100,0,0,0,0,0,0,928255,1764351,2146303,982554.03,10000
1781641109,0,19640400,0,59169.13,10006.14,1049599,1314815,1666047,2762751,6471679,173312,27115519,1529448.22,1100367.94,19640400,100,100,100,0,0,0,0,0,0,911359,2072575,3829759,1058362.20,10000
1781641110,0,19650400,0,59021.44,9999.39,1049599,1314815,1666047,2762751,6467583,173312,27115519,1529187.53,1100212.74,19650400,100,100,100,0,0,0,0,0,0,901119,2031615,2758655,1017197.84,10000
1781641111,0,19660400,0,58874.60,9997.83,1049599,1314815,1666047,2762751,6467583,173312,27115519,1528931.19,1100069.92,19660400,100,100,100,0,0,0,0,0,0,893951,2015231,3307519,1025213.71,10000
1781641112,0,19670400,0,58728.71,10002.14,1049599,1313791,1666047,2760703,6463487,173312,27115519,1528637.32,1099906.09,19670400,100,100,100,0,0,0,0,0,0,884735,1676287,2465791,950861.62,10000
1781641113,0,19680400,0,58583.69,10001.63,1048575,1313791,1666047,2760703,6463487,173312,27115519,1528375.35,1099729.31,19680400,100,100,100,0,0,0,0,0,0,946175,1807359,2473983,1013086.43,10000
1781641114,0,19690400,0,58439.47,9998.58,1048575,1313791,1666047,2760703,6463487,173312,27115519,1528155.94,1099609.28,19690400,100,100,100,0,0,0,0,0,0,933887,2148351,4722687,1096333.75,10000
1781641115,0,19700400,0,58296.11,9998.43,1048063,1313791,1665023,2760703,6459391,173312,27115519,1527874.74,1099442.58,19700400,100,100,100,0,0,0,0,0,0,906239,1695743,2271231,974176.56,10000
1781641116,0,19710400,0,58153.64,10001.78,1048063,1313791,1665023,2760703,6459391,173312,27115519,1527621.90,1099283.62,19710400,100,100,100,0,0,0,0,0,0,915967,2059263,3162111,1029525.49,10000
1781641117,0,19720400,0,58011.88,9993.62,1047551,1312767,1665023,2758655,6459391,173312,27115519,1527363.07,1099109.68,19720400,100,100,100,0,0,0,0,0,0,945663,1790975,2439167,1017202.75,10000
1781641118,0,19730400,0,57871.18,10007.16,1047551,1312767,1665023,2758655,6455295,173312,27115519,1527152.98,1098991.72,19730400,100,100,100,0,0,0,0,0,0,947199,2285567,4550655,1112851.39,10000
1781641119,0,19740400,0,57731.09,9994.68,1047551,1312767,1665023,2758655,6455295,173312,27115519,1526924.89,1098810.98,19740400,100,100,100,0,0,0,0,0,0,1006591,1932287,2932735,1076877.18,10000
1781641120,0,19750400,0,57591.99,10005.26,1047039,1312767,1665023,2758655,6455295,173312,27115519,1526701.66,1098631.45,19750400,100,100,100,0,0,0,0,0,0,1003007,2022399,2830335,1086041.14,10000
1781641121,0,19760400,0,57453.61,9999.53,1047039,1312767,1663999,2758655,6455295,173312,27115519,1526502.13,1098568.32,19760400,100,100,100,0,0,0,0,0,0,965631,1943551,6467583,1132423.42,10000
1781641122,0,19770400,0,57315.98,9996.58,1047039,1312767,1663999,2758655,6451199,173312,27115519,1526241.85,1098385.78,19770400,100,100,100,0,0,0,0,0,0,972287,1708031,2189311,1011923.93,10000
1781641123,0,19780400,0,57179.19,9998.79,1046527,1312767,1663999,2758655,6451199,173312,27115519,1526020.05,1098292.29,19780400,100,100,100,0,0,0,0,0,0,947711,1980415,4007935,1087515.40,10000
1781641124,0,19790400,0,57043.29,10005.86,1046527,1311743,1663999,2756607,6451199,173312,27115519,1525756.36,1098113.77,19790400,100,100,100,0,0,0,0,0,0,962047,1615871,2467839,1004159.58,10000
1781641125,0,19800400,0,56908.05,9997.47,1046015,1311743,1663999,2756607,6447103,173312,27115519,1525537.03,1097966.32,19800400,100,100,100,0,0,0,0,0,0,975359,1937407,4130815,1091474.65,10000
1781641126,0,19810400,0,56773.56,9996.65,1046015,1311743,1662975,2756607,6447103,173312,27115519,1525299.00,1097796.75,19810400,100,100,100,0,0,0,0,0,0,987647,1808383,2668543,1053985.56,10000
1781641127,0,19820400,0,56639.93,10001.81,1046015,1311743,1662975,2756607,6447103,173312,27115519,1525056.57,1097663.01,19820400,100,100,100,0,0,0,0,0,0,921599,1954815,4485119,1044797.99,10000
1781641128,0,19830400,0,56507.04,10000.73,1045503,1311743,1662975,2756607,6447103,173312,27115519,1524900.51,1097812.25,19830400,100,100,100,0,0,0,0,0,0,940543,2437119,7417855,1215591.30,10000
1781641129,0,19840400,0,56374.90,10000.57,1045503,1311743,1662975,2756607,6447103,173312,27115519,1524683.33,1097683.24,19840400,100,100,100,0,0,0,0,0,0,994303,1886207,4968447,1094002.73,10000
1781641130,0,19850400,0,56243.50,9999.56,1044991,1311743,1662975,2756607,6447103,173312,27115519,1524477.08,1097652.87,19850400,100,100,100,0,0,0,0,0,0,935423,1948671,6705151,1115264.58,10000
1781641131,0,19860400,0,56112.77,9995.75,1044991,1310719,1662975,2754559,6447103,173312,27115519,1524227.47,1097579.65,19860400,100,100,100,0,0,0,0,0,0,913407,1628159,7204863,1028743.97,10000
1781641132,0,19870400,0,55982.96,10006.90,1044991,1310719,1661951,2754559,6447103,173312,27115519,1524040.00,1097864.58,19870400,100,100,100,0,0,0,0,0,0,914943,1854463,6483967,1151727.06,10000
1781641133,0,19880400,0,55853.74,9997.38,1044479,1310719,1661951,2754559,6447103,173312,27115519,1523797.07,1097684.01,19880400,100,100,100,0,0,0,0,0,0,973311,1807359,2402303,1041077.03,10000
1781641134,0,19890400,0,55725.33,10003.63,1044479,1310719,1661951,2754559,6443007,173312,27115519,1523560.12,1097519.99,19890400,100,100,100,0,0,0,0,0,0,950783,1978367,3084287,1052486.64,10000
1781641135,0,19900400,0,55597.51,9995.35,1043967,1310719,1661951,2754559,6443007,173312,27115519,1523406.61,1097628.24,19900400,100,100,100,0,0,0,0,0,0,953855,2734079,4460543,1218079.07,10000
1781641136,0,19910400,0,55470.49,10001.31,1043967,1310719,1661951,2754559,6443007,173312,27115519,1523158.42,1097476.83,19910400,100,100,100,0,0,0,0,0,0,967167,1697791,2627583,1029254.72,10000
1781641137,0,19920400,0,55344.21,10003.13,1043967,1309695,1661951,2754559,6443007,173312,27115519,1522942.36,1097374.14,19920400,100,100,100,0,0,0,0,0,0,974335,1871871,3297279,1092744.87,10000
1781641138,0,20203200,0,55974.35,282720.84,1047551,1315839,1673215,2797567,6684671,173312,27115519,1537942.33,1130698.11,20203200,100,100,100,0,0,0,0,0,0,1867775,7258111,18137087,2594538.50,282800
1781641139,0,20503200,0,56648.55,299946.77,1051647,1321983,1683455,2828287,6782975,173312,27115519,1548947.20,1145988.76,20503200,100,100,100,0,0,0,0,0,0,1779711,5767167,9764863,2290059.55,300000
1781641140,0,20803200,0,57319.02,299942.95,1054719,1327103,1693695,2861055,6774783,173312,27115519,1557262.91,1148832.16,20803200,100,100,100,0,0,0,0,0,0,1768447,4845567,6635519,2125591.35,300000
1781641141,0,21103200,0,57985.92,300140.32,1058815,1332223,1704959,2910207,6832127,173312,27115519,1569403.31,1167755.39,21103200,100,100,100,0,0,0,0,0,0,1842175,5443583,14884863,2411267.53,300000
1781641142,0,21403200,0,58649.12,300073.21,1061887,1337343,1714175,2934783,6889471,173312,27115519,1577256.26,1172753.18,21403200,100,100,100,0,0,0,0,0,0,1748991,4673535,8740863,2129663.84,300000
1781641143,0,21703200,0,59308.65,299960.78,1065983,1343487,1723391,2955263,6963199,173312,27115519,1585719.15,1181450.30,21703200,100,100,100,0,0,0,0,0,0,1810431,4861951,10625023,2189495.74,300000
1781641144,0,22003200,0,59964.48,299793.28,1069055,1347583,1730559,2981887,7110655,173312,53149695,1606895.07,1394084.59,22003200,100,100,100,0,0,0,0,0,0,1712127,7057407,42139647,3138845.60,300000
1781641145,0,22303200,0,60616.84,299966.84,1072127,1352703,1737727,2998271,7159807,173312,53149695,1613181.66,1396482.95,22303200,100,100,100,0,0,0,0,0,0,1708031,4632575,9314303,2074265.92,300000
1781641146,0,22603200,0,61265.70,300015.64,1075199,1357823,1750015,3020799,7167999,173312,53149695,1620962.63,1395428.49,22603200,100,100,100,0,0,0,0,0,0,1931263,4542463,7663615,2199430.48,300000
1781641147,0,22903200,0,61911.10,300114.01,1079295,1363967,1758207,3047423,7192575,173312,53149695,1628171.79,1396617.26,22903200,100,100,100,0,0,0,0,0,0,1810431,4960255,7905279,2171338.97,300000
1781641148,0,23203200,0,62553.02,300112.43,1082367,1369087,1768447,3104767,7393279,173312,53149695,1648976.44,1507975.89,23203200,100,100,100,0,0,0,0,0,0,1910783,9584639,33816575,3237286.89,300000
1781641149,0,23503200,0,63191.40,299952.60,1085439,1374207,1779711,3151871,7479295,173312,53149695,1662417.35,1531540.58,23503200,100,100,100,0,0,0,0,0,0,1952767,6361087,17022975,2701990.58,300000
1781641150,0,23803200,0,63826.38,299992.47,1088511,1379327,1787903,3192831,7589887,173312,53149695,1672706.32,1543438.76,23803200,100,100,100,0,0,0,0,0,0,1791999,6946815,14409727,2478785.36,300000
1781641151,0,24102859,0,64457.12,299764.08,1092607,1384447,1796095,3248127,7745535,173312,53149695,1683745.19,1554681.53,24102859,100,100,100,0,0,0,0,0,0,1869823,7520255,11304959,2560610.31,299659
1781641152,0,24403200,0,65086.11,300099.26,1095679,1389567,1806335,3284991,7856127,173312,53149695,1693079.88,1562691.17,24403200,100,100,100,0,0,0,0,0,0,1903615,5644287,12746751,2442204.43,300341
1781641153,0,24703200,0,65710.97,299985.98,1098751,1394687,1814527,3334143,7868415,173312,53149695,1701211.91,1563633.96,24703200,100,100,100,0,0,0,0,0,0,1875967,5521407,9814015,2362703.29,300000
1781641154,0,25003026,0,66332.21,300065.95,1101823,1399807,1821695,3371007,7938047,173312,53149695,1709693.70,1573436.69,25003026,100,100,100,0,0,0,0,0,0,1809407,5898239,12353535,2408523.71,299826
1781641155,0,25303200,0,66950.91,300105.88,1104895,1404927,1829887,3391487,7958527,173312,53149695,1715157.33,1571518.12,25303200,100,100,100,0,0,0,0,0,0,1833983,4751359,8626175,2170251.21,300174
1781641156,0,25603200,0,67565.82,299843.93,1107967,1409023,1833983,3409919,7979007,173312,53149695,1719684.70,1572081.90,25603200,100,100,100,0,0,0,0,0,0,1710079,4534271,12099583,2101541.25,300000
1781641157,0,25903200,0,68177.59,300000.52,1111039,1413119,1840127,3450879,8011775,173312,53149695,1726167.12,1572977.64,25903200,100,100,100,0,0,0,0,0,0,1787903,5672959,8568831,2279402.26,300000
1781641158,0,26203200,0,68786.14,299992.15,1114111,1418239,1845247,3483647,8040447,173312,53149695,1732514.26,1578577.18,26203200,100,100,100,0,0,0,0,0,0,1758207,5619711,13688831,2280551.56,300000
1781641159,0,26503200,0,69391.58,300101.28,1117183,1422335,1852415,3516415,8040447,173312,53149695,1738451.56,1577943.39,26503200,100,100,100,0,0,0,0,0,0,1843199,5206015,8593407,2257039.08,300000
1781641160,0,26803200,0,69993.85,300107.69,1120255,1426431,1857535,3549183,8089599,173312,53149695,1745328.43,1583710.12,26803200,100,100,100,0,0,0,0,0,0,1797119,6443007,12050431,2352858.68,300000
1781641161,0,27103200,0,70592.76,299735.30,1122303,1430527,1863679,3573759,8093695,173312,53149695,1750550.01,1584673.93,27103200,100,100,100,0,0,0,0,0,0,1806335,5271551,9379839,2217067.62,300000
1781641162,0,27403200,0,71188.88,300250.50,1125375,1434623,1870847,3635199,8163327,173312,53149695,1759365.34,1592853.22,27403200,100,100,100,0,0,0,0,0,0,1846271,6606847,12500991,2555777.15,300000
1781641163,0,27703200,0,71781.65,299836.21,1128447,1438719,1875967,3649535,8142847,173312,53149695,1763300.07,1589922.96,27703200,100,100,100,0,0,0,0,0,0,1812479,4775935,7254015,2122713.99,300000
1781641164,0,28003200,0,72371.46,300003.42,1130495,1442815,1882111,3678207,8282111,173312,53149695,1771716.22,1607935.05,28003200,100,100,100,0,0,0,0,0,0,1865727,7012351,16318463,2548897.06,300000
1781641165,0,28303200,0,72958.20,299952.59,1133567,1446911,1888255,3694591,8265727,173312,53149695,1776076.00,1605348.25,28303200,100,100,100,0,0,0,0,0,0,1823743,4837375,7573503,2183035.00,300000
1781641166,0,28603200,0,73542.02,300125.89,1135615,1449983,1893375,3733503,8347647,173312,53149695,1783632.00,1619210.18,28603200,100,100,100,0,0,0,0,0,0,1791999,6569983,16613375,2496495.68,300000
1781641167,0,28903200,0,74122.69,299864.61,1137663,1453055,1898495,3770367,8343551,173312,53149695,1788756.30,1618072.91,28903200,100,100,100,0,0,0,0,0,0,1808383,5201919,8249343,2277327.96,300000
1781641168,0,29203200,0,74700.48,300004.01,1140735,1457151,1902591,3790847,8327167,173312,53149695,1792271.93,1614517.10,29203200,100,100,100,0,0,0,0,0,0,1790975,4685823,6316031,2130981.60,300000
1781641169,0,29503200,0,75275.33,300024.96,1142783,1460223,1906687,3819519,8437759,173312,53149695,1799345.37,1634101.83,29503200,100,100,100,0,0,0,0,0,0,1744895,5849087,19152895,2487901.65,300000
1781641170,0,29803200,0,75847.37,300203.73,1145855,1464319,1911807,3866623,8511487,173312,53149695,1807350.43,1644163.53,29803200,100,100,100,0,0,0,0,0,0,1868799,7110655,14811135,2594600.05,300000
1781641171,0,30103200,0,76416.37,299990.62,1147903,1468415,1917951,3928063,8650751,173312,53149695,1816365.58,1657045.77,30103200,100,100,100,0,0,0,0,0,0,1865727,7917567,13836287,2711967.07,300000
1781641172,0,30403200,0,76982.38,299814.40,1149951,1471487,1922047,3944447,8642559,173312,53149695,1819685.78,1654320.30,30403200,100,100,100,0,0,0,0,0,0,1812479,4902911,7614463,2152847.97,300000
1781641173,0,30703200,0,77545.66,300023.11,1153023,1475583,1927167,3950591,8650751,173312,53149695,1823490.01,1651927.78,30703200,100,100,100,0,0,0,0,0,0,1872895,4841471,9379839,2209025.72,300000
1781641174,0,31003200,0,78106.22,300198.67,1155071,1479679,1932287,3985407,8757247,173312,53149695,1830204.91,1660584.69,31003200,100,100,100,0,0,0,0,0,0,1843199,7360511,12632063,2517435.09,300000
1781641175,0,31303200,0,78663.81,299973.57,1158143,1482751,1938431,4032511,8830975,173312,53149695,1837272.50,1667307.58,31303200,100,100,100,0,0,0,0,0,0,1899519,7462911,12197887,2567664.96,300000
1781641176,0,31603200,0,79218.48,299782.48,1160191,1486847,1942527,4050943,8847359,173312,53149695,1841778.63,1668411.76,31603200,100,100,100,0,0,0,0,0,0,1852415,5136383,12230655,2311966.02,300000
1781641177,0,31903200,0,79770.51,299988.55,1162239,1489919,1946623,4071423,8880127,173312,53149695,1846150.60,1671413.69,31903200,100,100,100,0,0,0,0,0,0,1800191,4726783,11534335,2306711.65,300000
1781641178,0,32203200,0,80319.94,300214.17,1163263,1489919,1946623,4071423,8888319,173312,53149695,1846479.11,1669129.73,32203200,100,100,100,0,0,0,0,0,0,1527807,4108287,9510911,1881414.32,300000
1781641179,0,32503200,0,80866.45,299927.67,1165311,1491967,1946623,4071423,8888319,173312,53149695,1847504.48,1667188.81,32503200,100,100,100,0,0,0,0,0,0,1612799,4044799,7098367,1957572.45,300000
1781641180,0,32803200,0,81410.21,299886.36,1166335,1494015,1948671,4085759,8921087,173312,53149695,1850460.07,1669679.96,32803200,100,100,100,0,0,0,0,0,0,1703935,5300223,10715135,2170679.59,300000
1781641181,0,33103200,0,81951.45,300136.19,1169407,1498111,1954815,4104191,9019391,173312,53149695,1857331.98,1682271.19,33103200,100,100,100,0,0,0,0,0,0,1941503,5550079,15867903,2608734.74,300000
1781641182,0,33403200,0,82489.83,299847.75,1171455,1501183,1958911,4134911,9068543,173312,53149695,1862914.47,1686544.59,33403200,100,100,100,0,0,0,0,0,0,1865727,6836223,11001855,2478907.98,300000
1781641183,0,33703200,0,83025.81,300232.61,1174527,1505279,1965055,4159487,9191423,173312,53149695,1871141.18,1707815.46,33703200,100,100,100,0,0,0,0,0,0,1929215,7032831,20398079,2787136.54,300000
1781641184,0,34003200,0,83558.81,299728.20,1176575,1509375,1970175,4188159,9273343,173312,53149695,1878837.35,1726187.82,34003200,100,100,100,0,0,0,0,0,0,1908735,6262783,17301503,2743455.85,300000
1781641185,0,34303200,0,84089.54,300229.70,1179647,1513471,1974271,4198399,9273343,173312,53149695,1882397.35,1725515.32,34303200,100,100,100,0,0,0,0,0,0,1895423,5505023,9789439,2285901.75,300000
1781641186,0,34603200,0,84617.54,300024.36,1181695,1517567,1979391,4206591,9289727,173312,53149695,1885871.05,1723529.13,34603200,100,100,100,0,0,0,0,0,0,1932287,4816895,9764863,2283067.71,300000
1781641187,0,34903200,0,85142.84,299851.73,1183743,1520639,1984511,4235263,9338879,173312,53149695,1892106.06,1730582.10,34903200,100,100,100,0,0,0,0,0,0,1956863,6545407,12746751,2611277.51,300000
1781641188,0,35203200,0,85665.78,300132.50,1186815,1524735,1989631,4239359,9306111,173312,53149695,1894528.68,1726077.46,35203200,100,100,100,0,0,0,0,0,0,1918975,4325375,6553599,2176386.46,300000
1781641189,0,35503200,0,86186.00,299874.82,1188863,1527807,1994751,4259839,9347071,173312,53149695,1900760.95,1734118.94,35503200,100,100,100,0,0,0,0,0,0,1992703,6107135,16924671,2632079.90,300000
1781641190,0,35803200,0,86703.77,299970.20,1191935,1532927,2000895,4284415,9388031,173312,53149695,1906573.79,1737487.42,35803200,100,100,100,0,0,0,0,0,0,1999871,6823935,11632639,2594488.62,300000
1781641191,0,36103200,0,87219.07,300022.41,1193983,1535999,2004991,4280319,9355263,173312,53149695,1908532.56,1732551.29,36103200,100,100,100,0,0,0,0,0,0,1935359,3938303,6361087,2142300.43,300000
1781641192,0,36403200,0,87731.91,300051.44,1196031,1539071,2010111,4292607,9388031,173312,53149695,1913054.02,1736176.97,36403200,100,100,100,0,0,0,0,0,0,1951743,5283839,15032319,2457183.60,300000
1781641193,0,36703200,0,88242.34,300134.29,1198079,1543167,2013183,4292607,9420799,173312,53149695,1915580.08,1736414.08,36703200,100,100,100,0,0,0,0,0,0,1853439,4106239,12042239,2222102.50,300000
1781641194,0,37003200,0,88750.08,299781.09,1200127,1546239,2016255,4288511,9453567,173312,53149695,1917887.22,1735554.52,37003200,100,100,100,0,0,0,0,0,0,1894399,3768319,11149311,2200151.96,300000
1781641195,0,37303200,0,89255.68,300195.33,1203199,1549311,2020351,4292607,9428991,173312,53149695,1920795.63,1732655.49,37303200,100,100,100,0,0,0,0,0,0,1928191,5017599,8019967,2279530.89,300000
1781641196,0,37603200,0,89758.69,299949.47,1205247,1552383,2023423,4313087,9461759,173312,53149695,1924693.55,1735885.84,37603200,100,100,100,0,0,0,0,0,0,1872895,5931007,12935167,2409376.76,300000
1781641197,0,37903200,0,90259.31,299966.49,1207295,1555455,2026495,4313087,9502719,173312,53149695,1928664.33,1741222.81,37903200,100,100,100,0,0,0,0,0,0,1888255,5324799,13795327,2426377.66,300000
1781641198,0,37930800,0,90110.39,27591.87,1207295,1555455,2026495,4313087,9494527,173312,53149695,1928549.88,1740792.87,37930800,100,100,100,0,0,0,0,0,0,1796095,2678783,4313087,1771378.10,27600
1781641199,0,37940800,0,89920.55,10001.25,1207295,1555455,2026495,4313087,9494527,173312,53149695,1928384.75,1740625.68,37940800,100,100,100,0,0,0,0,0,0,1190911,2295807,3950591,1302012.80,10000
1781641200,0,37950800,0,89731.68,10004.10,1207295,1555455,2026495,4313087,9494527,173312,53149695,1928275.27,1740535.67,37950800,100,100,100,0,0,0,0,0,0,1256447,2678783,9297919,1512916.29,10000
1781641201,0,37960800,0,89543.45,9992.88,1207295,1555455,2026495,4313087,9494527,173312,53149695,1928114.74,1740386.89,37960800,100,100,100,0,0,0,0,0,0,1190911,2234367,5492735,1318886.39,10000
1781641202,0,37970800,0,89356.41,10006.84,1207295,1555455,2026495,4308991,9494527,173312,53149695,1927940.91,1740211.48,37970800,100,100,100,0,0,0,0,0,0,1214463,2109439,3151871,1268080.56,10000
1781641203,0,37980800,0,89170.02,9996.18,1207295,1554431,2026495,4308991,9494527,173312,53149695,1927796.71,1740061.47,37980800,100,100,100,0,0,0,0,0,0,1216511,2668543,5709823,1380240.01,10000
1781641204,0,37990800,0,88984.62,10002.12,1206271,1554431,2026495,4308991,9494527,173312,53149695,1927630.45,1739888.41,37990800,100,100,100,0,0,0,0,0,0,1212415,2344959,3192831,1296165.03,10000
1781641205,0,38000800,0,88800.03,9998.80,1206271,1554431,2026495,4308991,9486335,173312,53149695,1927483.35,1739732.98,38000800,100,100,100,0,0,0,0,0,0,1225727,2533375,5476351,1368645.40,10000
1781641206,0,38010800,0,88616.37,10002.69,1206271,1554431,2025471,4308991,9486335,173312,53149695,1927308.01,1739557.84,38010800,100,100,100,0,0,0,0,0,0,1202175,2099199,2965503,1260996.49,10000
1781641207,0,38020800,0,88433.54,10001.35,1206271,1554431,2025471,4308991,9486335,173312,53149695,1927140.90,1739385.89,38020800,100,100,100,0,0,0,0,0,0,1201151,2281471,3526655,1291942.54,10000
1781641208,0,38030800,0,88251.39,9993.06,1206271,1554431,2025471,4304895,9486335,173312,53149695,1926962.06,1739240.49,38030800,100,100,100,0,0,0,0,0,0,1132543,1881087,4227071,1247010.47,10000
1781641209,0,38040800,0,88070.26,10001.49,1206271,1554431,2025471,4304895,9486335,173312,53149695,1926769.86,1739072.87,38040800,100,100,100,0,0,0,0,0,0,1112063,2119679,3133439,1195793.25,10000
1781641210,0,38050800,0,87889.92,9999.23,1206271,1554431,2025471,4304895,9486335,173312,53149695,1926592.73,1738913.77,38050800,100,100,100,0,0,0,0,0,0,1145855,2129919,4628479,1252792.12,10000
1781641211,0,38060800,0,87710.41,9999.47,1206271,1554431,2025471,4304895,9486335,173312,53149695,1926420.66,1738737.06,38060800,100,100,100,0,0,0,0,0,0,1216511,2140159,2957311,1271680.70,10000
1781641212,0,38070800,0,87531.72,9998.72,1206271,1554431,2025471,4304895,9478143,173312,53149695,1926255.86,1738598.52,38070800,100,100,100,0,0,0,0,0,0,1139711,2340863,5996543,1299011.03,10000
1781641213,0,38080800,0,87353.92,10002.85,1206271,1553407,2025471,4304895,9478143,173312,53149695,1926118.74,1738458.72,38080800,100,100,100,0,0,0,0,0,0,1277951,2332671,6492159,1404092.81,10000
1781641214,0,38090800,0,87176.80,9995.76,1205247,1553407,2024447,4304895,9478143,173312,53149695,1925937.96,1738285.78,38090800,100,100,100,0,0,0,0,0,0,1176575,2256895,2809855,1237491.08,10000
1781641215,0,38100800,0,87000.75,10009.06,1205247,1553407,2024447,4300799,9478143,173312,53149695,1925777.69,1738123.19,38100800,100,100,100,0,0,0,0,0,0,1170431,2740223,3844095,1315302.28,10000
1781641216,0,38110800,0,86825.33,10000.25,1205247,1553407,2024447,4300799,9478143,173312,53149695,1925612.11,1737946.33,38110800,100,100,100,0,0,0,0,0,0,1236991,2177023,3080191,1294732.70,10000
1781641217,0,38120800,0,86650.58,9993.91,1205247,1553407,2024447,4300799,9478143,173312,53149695,1925470.99,1737806.36,38120800,100,100,100,0,0,0,0,0,0,1187839,2547711,5898239,1387675.88,10000
1781641218,0,38130800,0,86476.75,9999.97,1205247,1553407,2024447,4300799,9478143,173312,53149695,1925305.10,1737629.15,38130800,100,100,100,0,0,0,0,0,0,1241087,2250751,2967551,1292927.59,10000
1781641219,0,38140800,0,86303.64,9997.03,1205247,1553407,2024447,4300799,9469951,173312,53149695,1925147.66,1737453.98,38140800,100,100,100,0,0,0,0,0,0,1234943,2420735,3471359,1324807.18,10000
1781641220,0,38150800,0,86131.49,10006.00,1205247,1553407,2024447,4300799,9469951,173312,53149695,1924969.69,1737283.74,38150800,100,100,100,0,0,0,0,0,0,1172479,2131967,3469311,1246167.40,10000
1781641221,0,38160800,0,85960.06,10003.39,1205247,1553407,2024447,4296703,9469951,173312,53149695,1924773.36,1737114.04,38160800,100,100,100,0,0,0,0,0,0,1124351,1933311,2664447,1175745.38,10000
1781641222,0,38170800,0,85789.27,9996.05,1205247,1553407,2024447,4296703,9469951,173312,53149695,1924601.27,1736960.19,38170800,100,100,100,0,0,0,0,0,0,1153023,2185215,4419583,1267901.93,10000
1781641223,0,38180800,0,85619.27,9997.93,1205247,1552383,2023423,4296703,9469951,173312,53149695,1924419.87,1736790.56,38180800,100,100,100,0,0,0,0,0,0,1133567,2164735,3342335,1232008.96,10000
1781641224,0,38190800,0,85450.12,10002.27,1204223,1552383,2023423,4296703,9469951,173312,53149695,1924271.30,1736730.77,38190800,100,100,100,0,0,0,0,0,0,1149951,2303999,6123519,1357009.20,10000
1781641225,0,38200800,0,85281.65,9998.31,1204223,1552383,2023423,4296703,9469951,173312,53149695,1924112.50,1736561.15,38200800,100,100,100,0,0,0,0,0,0,1269759,2045951,4134911,1317666.07,10000
1781641226,0,38210800,0,85113.94,9998.87,1204223,1552383,2023423,4296703,9469951,173312,53149695,1923948.54,1736390.21,38210800,100,100,100,0,0,0,0,0,0,1228799,2234367,3635199,1297573.48,10000
1781641227,0,38220800,0,84947.05,10002.87,1204223,1552383,2023423,4296703,9461759,173312,53149695,1923770.54,1736238.94,38220800,100,100,100,0,0,0,0,0,0,1121279,2144255,5070847,1243625.84,10000
1781641228,0,38230800,0,84780.83,9999.31,1204223,1552383,2023423,4292607,9461759,173312,53149695,1923573.43,1736073.93,38230800,100,100,100,0,0,0,0,0,0,1085439,2113535,2770943,1170223.22,10000
1781641229,0,38240800,0,84615.29,9996.02,1204223,1552383,2023423,4292607,9461759,173312,53149695,1923394.01,1735910.17,38240800,100,100,100,0,0,0,0,0,0,1117183,2273279,3637247,1237436.76,10000
1781641230,0,38250800,0,84450.59,10002.08,1204223,1552383,2023423,4292607,9461759,173312,53149695,1923227.32,1735747.24,38250800,100,100,100,0,0,0,0,0,0,1204223,2019327,5083135,1285820.21,10000
1781641231,0,38260688,0,84286.46,9894.36,1204223,1552383,2022399,4292607,9461759,173312,53149695,1923079.90,1735645.96,38260688,100,100,100,0,0,0,0,0,0,1149951,2721791,6922239,1352792.03,9888
1781641232,0,38270800,0,84123.26,10103.55,1204223,1552383,2022399,4292607,9461759,173312,53149695,1922997.06,1735863.42,38270800,100,100,100,0,0,0,0,0,0,1243135,2975743,8183807,1609539.62,10112
1781641233,0,38280800,0,83960.80,10006.12,1204223,1551359,2022399,4292607,9461759,173312,53149695,1922813.91,1735689.51,38280800,100,100,100,0,0,0,0,0,0,1175551,2038783,2377727,1221903.57,10000
1781641234,0,38290800,0,83798.81,9993.29,1203199,1551359,2022399,4292607,9461759,173312,53149695,1922668.22,1735547.54,38290800,100,100,100,0,0,0,0,0,0,1222655,2275327,4628479,1364953.86,10000
1781641235,0,38300800,0,83637.79,10007.42,1203199,1551359,2022399,4292607,9461759,173312,53149695,1922492.50,1735374.63,38300800,100,100,100,0,0,0,0,0,0,1190911,2189311,2951167,1249638.22,10000
1781641236,0,38310800,0,83477.25,9995.13,1203199,1551359,2022399,4288511,9453567,173312,53149695,1922346.92,1735250.59,38310800,100,100,100,0,0,0,0,0,0,1199103,2398207,6148095,1364764.56,10000
1781641237,0,38320800,0,83317.45,9997.36,1203199,1551359,2022399,4288511,9453567,173312,53149695,1922161.41,1735076.82,38320800,100,100,100,0,0,0,0,0,0,1169407,1991679,2306047,1211471.30,10000
1781641238,0,38330800,0,83158.50,10006.24,1203199,1551359,2022399,4288511,9453567,173312,53149695,1921987.18,1734929.82,38330800,100,100,100,0,0,0,0,0,0,1127423,2144255,5525503,1254309.03,10000
1781641239,0,38340800,0,83000.06,9996.61,1203199,1551359,2021375,4288511,9453567,173312,53149695,1921857.86,1735023.79,38340800,100,100,100,0,0,0,0,0,0,1157119,2123775,12017663,1426159.48,10000
1781641240,0,38350800,0,82842.35,9998.80,1203199,1551359,2021375,4288511,9453567,173312,53149695,1921682.76,1734849.97,38350800,100,100,100,0,0,0,0,0,0,1208319,2109439,2795519,1250325.03,10000
1781641241,0,38360800,0,82685.36,10001.01,1203199,1551359,2021375,4288511,9453567,173312,53149695,1921528.30,1734728.82,38360800,100,100,100,0,0,0,0,0,0,1174527,2306047,5435391,1329160.55,10000
1781641242,0,38370800,0,82529.11,10004.79,1203199,1550335,2021375,4288511,9453567,173312,53149695,1921339.47,1734563.16,38370800,100,100,100,0,0,0,0,0,0,1124351,2127871,2875391,1197000.84,10000
1781641243,0,38380800,0,82373.37,9995.56,1203199,1550335,2021375,4284415,9453567,173312,53149695,1921182.74,1734416.20,38380800,100,100,100,0,0,0,0,0,0,1184767,2410495,4800511,1319788.68,10000
1781641244,0,38390800,0,82218.31,9996.18,1202175,1550335,2021375,4284415,9453567,173312,53149695,1921017.38,1734262.79,38390800,100,100,100,0,0,0,0,0,0,1188863,2256895,3782655,1286329.93,10000
1781641245,0,38400800,0,82064.01,10002.13,1202175,1550335,2021375,4284415,9453567,173312,53149695,1920861.37,1734089.99,38400800,100,100,100,0,0,0,0,0,0,1250303,2371583,3563519,1321925.60,10000
1781641246,0,38410800,0,81910.37,10001.85,1202175,1550335,2021375,4284415,9445375,173312,53149695,1920671.34,1733940.63,38410800,100,100,100,0,0,0,0,0,0,1073151,2129919,4853759,1190957.98,10000
1781641247,0,38420800,0,81757.39,10002.37,1202175,1550335,2020351,4284415,9445375,173312,53149695,1920499.30,1733768.16,38420800,100,100,100,0,0,0,0,0,0,1216511,2043903,2732031,1259667.30,10000
1781641248,0,38430800,0,81604.99,9998.36,1202175,1550335,2020351,4284415,9445375,173312,53149695,1920368.45,1733617.71,38430800,100,100,100,0,0,0,0,0,0,1285119,2641919,5988351,1417657.17,10000
1781641249,0,38440800,0,81453.34,10004.36,1202175,1550335,2020351,4284415,9445375,173312,53149695,1920183.68,1733453.39,38440800,100,100,100,0,0,0,0,0,0,1124351,2115583,3225599,1210074.45,10000
1781641250,0,38450800,0,81302.18,9995.68,1202175,1550335,2020351,4280319,9445375,173312,53149695,1920009.66,1733298.96,38450800,100,100,100,0,0,0,0,0,0,1121279,2406399,3899391,1251075.60,10000
1781641251,0,38460800,0,81151.78,10002.47,1202175,1550335,2020351,4280319,9445375,173312,53149695,1919875.17,1733144.72,38460800,100,100,100,0,0,0,0,0,0,1250303,2607103,5988351,1402741.19,10000
1781641252,0,38470800,0,81001.98,10000.90,1202175,1550335,2020351,4280319,9445375,173312,53149695,1919708.91,1732980.98,38470800,100,100,100,0,0,0,0,0,0,1179647,2281471,3749887,1280269.23,10000
1781641253,0,38480800,0,80852.67,9992.89,1202175,1549311,2020351,4280319,9445375,173312,53149695,1919555.24,1732837.01,38480800,100,100,100,0,0,0,0,0,0,1186815,2375679,5464063,1328379.54,10000
1781641254,0,38490800,0,80704.14,10001.52,1202175,1549311,2020351,4280319,9437183,173312,53149695,1919399.31,1732681.68,38490800,100,100,100,0,0,0,0,0,0,1217535,2248703,5619711,1319363.33,10000
1781641255,0,38500800,0,80556.18,9998.63,1201151,1549311,2020351,4280319,9437183,173312,53149695,1919274.98,1732668.16,38500800,100,100,100,0,0,0,0,0,0,1135615,2949119,9740287,1440704.88,10000
1781641256,0,38510800,0,80409.00,10007.89,1201151,1549311,2019327,4280319,9437183,173312,53149695,1919093.18,1732497.84,38510800,100,100,100,0,0,0,0,0,0,1172479,2078719,2654207,1219142.96,10000
1781641257,0,38520800,0,80262.23,9996.10,1201151,1549311,2019327,4276223,9437183,173312,53149695,1918917.81,1732326.94,38520800,100,100,100,0,0,0,0,0,0,1199103,2185215,2652159,1243582.44,10000
1781641258,0,38897600,0,80878.76,376686.19,1205247,1556479,2035711,4366335,9723903,173312,53149695,1940912.64,1783346.37,38897600,100,100,100,0,0,0,0,0,0,3080191,11067391,21757951,4189475.54,376800
1781641259,0,39297600,0,81540.90,399935.73,1208319,1563647,2052095,4444159,9748479,173312,53149695,1956393.69,1797099.62,39297600,100,100,100,0,0,0,0,0,0,2748415,7802879,17678335,3461832.87,400000
1781641260,0,39697600,0,82200.47,400354.85,1212415,1569791,2068479,4497407,9895935,173312,53149695,1971878.77,1817949.72,39697600,100,100,100,0,0,0,0,0,0,2666495,9715711,16646143,3493194.90,400000
1781641261,0,40097600,0,82857.12,399899.91,1215487,1576959,2083839,4542463,9936895,173312,53149695,1984024.01,1825147.63,40097600,100,100,100,0,0,0,0,0,0,2666495,5971967,14262271,3189365.60,400000
1781641262,0,40497600,0,83511.10,399977.66,1218559,1584127,2101247,4587519,9961471,173312,53149695,1997371.41,1830301.99,40497600,100,100,100,0,0,0,0,0,0,2865151,7401471,10747903,3335368.12,400000
1781641263,0,40897600,0,84162.35,399893.38,1222655,1591295,2119679,4628479,9928703,173312,53149695,2009101.89,1830830.41,40897600,100,100,100,0,0,0,0,0,0,2801663,6361087,8318975,3196743.15,400000
1781641264,0,41297600,0,84811.02,400112.76,1225727,1598463,2136063,4673535,9953279,173312,53149695,2021537.61,1835201.88,41297600,100,100,100,0,0,0,0,0,0,2822143,7327743,10436607,3293015.42,400000
1781641265,0,41697600,0,85456.96,399938.42,1228799,1604607,2148351,4698111,9986047,173312,53149695,2030544.24,1840303.45,41697600,100,100,100,0,0,0,0,0,0,2435071,7106559,12402687,2960424.87,400000
1781641266,0,42097600,0,86100.29,400026.22,1232895,1610751,2160639,4743167,10002431,173312,53149695,2039771.76,1843422.54,42097600,100,100,100,0,0,0,0,0,0,2361343,7495679,10674175,3001685.09,400000
1781641267,0,42497600,0,86741.00,400047.25,1235967,1615871,2170879,4771839,10002431,173312,53149695,2047550.76,1844071.94,42497600,100,100,100,0,0,0,0,0,0,2344959,6758399,9248767,2866243.78,400000
1781641268,0,42897280,0,87378.49,399792.62,1239039,1622015,2183167,4800511,10010623,173312,53149695,2056583.37,1849311.86,42897280,100,100,100,0,0,0,0,0,0,2367487,6922239,16211967,3017012.46,399680
1781641269,0,43296920,0,88013.26,399671.93,1242111,1628159,2193407,4837375,10067967,173312,53149695,2064913.38,1853091.85,43296920,100,100,100,0,0,0,0,0,0,2347007,6647807,11894783,2959054.86,399640
1781641270,0,43697600,0,88647.42,400383.61,1245183,1634303,2203647,4898815,10149887,173312,53149695,2077973.28,1874761.96,43697600,100,100,100,0,0,0,0,0,0,2451455,7561215,20725759,3489208.29,400680
1781641271,0,44097600,0,89277.79,400043.72,1249279,1640447,2215935,4915199,10158079,173312,53149695,2084913.71,1874943.77,44097600,100,100,100,0,0,0,0,0,0,2355199,5701631,11698175,2843113.44,400000
1781641272,0,44497600,0,89905.65,400132.59,1252351,1645567,2224127,4947967,10166271,173312,53149695,2092002.15,1875853.12,44497600,100,100,100,0,0,0,0,0,0,2277375,7131135,10362879,2873460.75,400000
1781641273,0,44897600,0,90530.92,399986.68,1255423,1651711,2236415,4956159,10182655,173312,53149695,2099159.67,1879663.17,44897600,100,100,100,0,0,0,0,0,0,2445311,5574655,10846207,2895390.35,400000
1781641274,0,45297600,0,91153.57,399780.63,1258495,1657855,2246655,4993023,10289151,173312,53149695,2110153.53,1896111.01,45297600,100,100,100,0,0,0,0,0,0,2437119,8146943,17203199,3344148.79,400000
1781641275,0,45697600,0,91773.91,400204.44,1261567,1663999,2256895,5009407,10305535,173312,53149695,2116508.68,1895770.47,45697600,100,100,100,0,0,0,0,0,0,2336767,6242303,11231231,2836190.37,400000
1781641276,0,46097600,0,92391.67,399965.69,1264639,1670143,2271231,5189631,12025855,173312,386662399,2613761.31,10250548.61,46097600,100,100,100,0,0,0,0,0,0,3350527,262799359,319029247,59421891.20,400000
1781641277,0,46497600,0,93006.91,399887.84,1267711,1676287,2283519,5222399,12042239,173312,386662399,2619273.83,10208850.51,46497600,100,100,100,0,0,0,0,0,0,2549759,6897663,15179775,3254559.13,400000
1781641278,0,46897600,0,93619.87,400259.75,1270783,1681407,2293759,5242879,12025855,173312,386662399,2621499.72,10166700.61,46897600,100,100,100,0,0,0,0,0,0,2357247,6762495,10526719,2880245.23,400000
1781641279,0,47294443,0,94223.96,396816.94,1273855,1687551,2303999,5308415,12132351,173312,386662399,2630168.16,10127800.85,47294443,100,100,100,0,0,0,0,0,0,2492415,10403839,15613951,3654576.85,396843
1781641280,0,47697600,0,94838.09,402887.93,1277951,1693695,2314239,5349375,12214271,173312,386662399,2637045.03,10088107.36,47697600,100,100,100,0,0,0,0,0,0,2533375,8986623,14680063,3443771.19,403157
1781641281,0,48097080,0,95442.77,399807.27,1281023,1699839,2324479,5410815,12361727,173312,386662399,2646151.94,10051058.28,48097080,100,100,100,0,0,0,0,0,0,2449407,11042815,17743871,3733510.45,399480
1781641282,0,48497600,0,96046.90,400394.11,1284095,1705983,2336767,5443583,12402687,173312,386662399,2652550.22,10012147.52,48497600,100,100,100,0,0,0,0,0,0,2580479,9068543,13680639,3420897.26,400520
1781641283,0,48897600,0,96647.60,399838.43,1287167,1711103,2349055,5505023,12599295,173312,386662399,2665565.04,9980626.15,48897600,100,100,100,0,0,0,0,0,0,2793471,12615679,26198015,4243534.88,400000
1781641284,0,49297600,0,97246.08,400175.04,1290239,1717247,2361343,5545983,12722175,173312,386662399,2674437.47,9944525.98,49297600,100,100,100,0,0,0,0,0,0,2701311,10657791,19021823,3759038.10,400000
1781641285,0,49697600,0,97842.10,399944.17,1293311,1723391,2371583,5611519,12812287,173312,386662399,2682875.31,9908887.07,49697600,100,100,100,0,0,0,0,0,0,2502655,9568255,17514495,3722788.67,400000
1781641286,0,50097600,0,98435.86,400117.00,1296383,1729535,2383871,5668863,12886015,173312,386662399,2691521.06,9873629.39,50097600,100,100,100,0,0,0,0,0,0,2662399,10035199,16211967,3765704.32,400000
1781641287,0,50495394,0,99022.83,397620.22,1299455,1735679,2396159,5750783,12951551,173312,386662399,2703367.91,9840403.66,50495394,100,100,100,0,0,0,0,0,0,2756607,11157503,18530303,4195342.91,397794
1781641288,0,50897600,0,99616.23,402241.95,1302527,1740799,2406399,5787647,12984319,173312,386662399,2709536.75,9805332.04,50897600,100,100,100,0,0,0,0,0,0,2527231,9093119,18841599,3484010.70,402206
1781641289,0,51297600,0,100203.00,400009.29,1304575,1745919,2414591,5799935,12951551,173312,386662399,2711371.36,9768347.61,51297600,100,100,100,0,0,0,0,0,0,2422783,6320127,10461183,2944814.33,400000
1781641290,0,51697600,0,100787.37,399802.98,1307647,1751039,2424831,5865471,13049855,173312,386662399,2722074.44,9736956.15,51697600,100,100,100,0,0,0,0,0,0,2588671,11370495,20479999,4094679.84,400000
1781641291,0,52097600,0,101369.73,400330.72,1310719,1756159,2433023,5881855,13049855,173312,386662399,2725105.61,9701266.69,52097600,100,100,100,0,0,0,0,0,0,2512895,6488063,12967935,3116865.76,400000
1781641292,0,52497600,0,101949.63,399915.88,1313791,1761279,2443263,5922815,13082623,173312,386662399,2732224.93,9668349.41,52497600,100,100,100,0,0,0,0,0,0,2482175,11051007,16859135,3659474.13,400000
1781641293,0,52897600,0,102527.33,400022.07,1316863,1767423,2453503,5980159,13295615,173312,386662399,2744595.35,9642536.70,52897600,100,100,100,0,0,0,0,0,0,2664447,13795327,27459583,4368138.96,400000
1781641294,0,53297600,0,103102.71,399859.15,1319935,1772543,2459647,6004735,13328383,173312,386662399,2748149.41,9608472.28,53297600,100,100,100,0,0,0,0,0,0,2428927,6889471,15065087,3218151.67,400000
1781641295,0,53697600,0,103676.05,400221.37,1323007,1777663,2469887,6049791,13443071,173312,386662399,2757858.95,9580366.18,53697600,100,100,100,0,0,0,0,0,0,2648063,9486335,25657343,4051597.65,400000
1781641296,0,54097600,0,104247.04,399945.01,1326079,1782783,2480127,6086655,13533183,173312,386662399,2765894.49,9552013.38,54097600,100,100,100,0,0,0,0,0,0,2590719,9306111,26787839,3844616.91,400000
1781641297,0,54497600,0,104815.81,399888.19,1328127,1788927,2490367,6127615,13598719,173312,386662399,2772619.00,9520937.00,54497600,100,100,100,0,0,0,0,0,0,2592767,8757247,19365887,3682068.70,400000
1781641298,0,54897600,0,105382.41,399922.12,1331199,1793023,2496511,6148095,13598719,173312,386662399,2775967.35,9488472.72,54897600,100,100,100,0,0,0,0,0,0,2467839,7946239,13221887,3232160.03,400000
1781641299,0,55297600,0,105946.94,400114.98,1334271,1798143,2504703,6168575,13656063,173312,386662399,2781401.62,9460708.84,55297600,100,100,100,0,0,0,0,0,0,2441215,7749631,28262399,3527223.32,400000
1781641300,0,55697600,0,106509.20,399898.51,1337343,1803263,2510847,6193151,13664255,173312,386662399,2785142.47,9429584.06,55697600,100,100,100,0,0,0,0,0,0,2430975,7458815,17711103,3302292.62,400000
1781641301,0,56097600,0,107069.32,399912.01,1340415,1808383,2521087,6234111,13762559,173312,386662399,2793820.40,9401609.93,56097600,100,100,100,0,0,0,0,0,0,2711551,11354111,22134783,4002169.68,400000
1781641302,0,56497600,0,107627.47,400231.74,1343487,1813503,2529279,6254591,13836287,173312,386662399,2798673.27,9373574.75,56497600,100,100,100,0,0,0,0,0,0,2459647,8790015,22839295,3479258.79,400000
1781641303,0,56897600,0,108183.37,399991.75,1345535,1817599,2533375,6270975,13877247,173312,386662399,2801320.07,9343782.51,56897600,100,100,100,0,0,0,0,0,0,2340863,7806975,17367039,3175164.92,400000
1781641304,0,57297600,0,108737.04,399742.16,1348607,1822719,2543615,6299647,13967359,173312,386662399,2807637.11,9314637.88,57297600,100,100,100,0,0,0,0,0,0,2719743,9715711,16506879,3706198.38,400000
1781641305,0,57697600,0,109288.74,399999.00,1351679,1827839,2551807,6340607,13959167,173312,386662399,2812695.43,9284861.58,57697600,100,100,100,0,0,0,0,0,0,2590719,8847359,13115391,3537269.37,400000
1781641306,0,58097600,0,109838.49,400270.30,1353727,1831935,2557951,6356991,13983743,173312,386662399,2816433.88,9256320.68,58097600,100,100,100,0,0,0,0,0,0,2428927,9363455,16400383,3355682.42,400000
1781641307,0,58497600,0,110385.95,399838.93,1356799,1837055,2566143,6397951,14262271,173312,386662399,2826938.82,9235660.90,58497600,100,100,100,0,0,0,0,0,0,2492415,15007743,27148287,4352718.82,400000
1781641308,0,58897600,0,110931.39,399930.45,1359871,1841151,2570239,6410239,14319615,173312,386662399,2831226.90,9209551.62,58897600,100,100,100,0,0,0,0,0,0,2400255,7868415,24477695,3458332.27,400000
1781641309,0,59297600,0,111474.88,400126.99,1361919,1845247,2576383,6430719,14360575,173312,386662399,2835726.78,9182587.05,59297600,100,100,100,0,0,0,0,0,0,2424831,8740863,18219007,3498307.46,400000
1781641310,0,59697600,0,112016.18,399824.28,1364991,1850367,2582527,6430719,14360575,173312,386662399,2837342.15,9153363.09,59697600,100,100,100,0,0,0,0,0,0,2500607,6385663,14254079,3076811.65,400000
1781641311,0,60097600,0,112555.53,399994.89,1368063,1854463,2590719,6443007,14417919,173312,386662399,2841194.18,9125958.85,60097600,100,100,100,0,0,0,0,0,0,2541567,7270399,16015359,3416085.83,400000
1781641312,0,60497600,0,113093.08,400379.76,1371135,1859583,2594815,6438911,14368767,173312,386662399,2841568.80,9096571.53,60497600,100,100,100,0,0,0,0,0,0,2416639,6258687,8347647,2897853.68,400000
1781641313,0,60897600,0,113628.26,399709.24,1374207,1864703,2605055,6500351,14491647,173312,386662399,2851739.30,9073099.44,60897600,100,100,100,0,0,0,0,0,0,2707455,12763135,22298623,4389966.73,400000
1781641314,0,61297600,0,114161.73,400241.66,1376255,1868799,2611199,6520831,14557183,173312,386662399,2856713.44,9047036.53,61297600,100,100,100,0,0,0,0,0,0,2570239,9674751,17956863,3613996.26,400000
1781641315,0,61697600,0,114693.07,399964.55,1379327,1873919,2619391,6553599,14557183,173312,386662399,2862115.74,9020488.32,61697600,100,100,100,0,0,0,0,0,0,2672639,8937471,14516223,3689985.42,400000
1781641316,0,62094080,0,115215.97,396562.09,1382399,1878015,2627583,6582271,14622719,173312,386662399,2867761.58,8996634.23,62094080,100,100,100,0,0,0,0,0,0,2576383,9322495,19382271,3746329.30,396480
1781641317,0,62497600,0,115749.73,403133.72,1384447,1882111,2635775,6627327,14671871,173312,386662399,2875575.60,8972078.89,62497600,100,100,100,0,0,0,0,0,0,2766847,11321343,18579455,4078006.19,403520
1781641318,0,62531200,0,115597.87,33601.11,1384447,1882111,2635775,6627327,14663679,173312,386662399,2875441.59,8969757.80,62531200,100,100,100,0,0,0,0,0,0,2003967,6311935,6705151,2626166.41,33600
1781641319,0,62541200,0,115403.02,10000.32,1384447,1882111,2635775,6627327,14663679,173312,386662399,2875169.23,8969070.85,62541200,100,100,100,0,0,0,0,0,0,1029631,2273279,3938303,1172057.61,10000
1781641320,0,62551200,0,115209.00,10005.29,1384447,1882111,2635775,6627327,14663679,173312,386662399,2874893.80,8968383.17,62551200,100,100,100,0,0,0,0,0,0,1043967,2234367,3235839,1152328.06,10000
1781641321,0,62561200,0,115015.55,9998.63,1384447,1882111,2635775,6627327,14663679,173312,386662399,2874654.79,8967696.45,62561200,100,100,100,0,0,0,0,0,0,1129471,2842623,7507967,1379611.32,10000
1781641322,0,62571200,0,114822.88,10002.07,1384447,1882111,2635775,6627327,14663679,173312,386662399,2874405.92,8967008.45,62571200,100,100,100,0,0,0,0,0,0,1098751,2930687,5783551,1317462.38,10000
1781641323,0,62581200,0,114630.80,9996.51,1383423,1882111,2635775,6623231,14663679,173312,386662399,2874131.67,8966321.16,62581200,100,100,100,0,0,0,0,0,0,1032191,2394111,2992127,1158131.26,10000
1781641324,0,62591200,0,114439.55,10002.56,1383423,1882111,2635775,6623231,14663679,173312,386662399,2873858.02,8965634.34,62591200,100,100,100,0,0,0,0,0,0,1051647,2318335,3213311,1161290.85,10000
1781641325,0,62601200,0,114248.88,9996.58,1383423,1882111,2635775,6623231,14655487,173312,386662399,2873597.04,8964947.32,62601200,100,100,100,0,0,0,0,0,0,1061887,2662399,4325375,1240118.99,10000
1781641326,0,62611200,0,114059.07,10004.76,1383423,1881087,2633727,6623231,14655487,173312,386662399,2873322.55,8964260.52,62611200,100,100,100,0,0,0,0,0,0,1036799,2263039,3100671,1154961.75,10000
1781641327,0,62621200,0,113869.73,9994.37,1383423,1881087,2633727,6623231,14655487,173312,386662399,2873064.17,8963577.26,62621200,100,100,100,0,0,0,0,0,0,1018879,2603007,6119423,1255313.66,10000
1781641328,0,62631200,0,113681.35,10007.40,1383423,1881087,2633727,6623231,14655487,173312,386662399,2872797.02,8962891.14,62631200,100,100,100,0,0,0,0,0,0,1023487,2555903,3739647,1199885.56,10000
1781641329,0,62641200,0,113493.35,9992.97,1383423,1881087,2633727,6623231,14655487,173312,386662399,2872529.63,8962204.03,62641200,100,100,100,0,0,0,0,0,0,1070079,2469887,3016703,1197816.31,10000
1781641330,0,62651200,0,113306.30,10005.87,1382399,1881087,2633727,6623231,14655487,173312,386662399,2872269.32,8961516.51,62651200,100,100,100,0,0,0,0,0,0,1073151,2590719,3461119,1241695.74,10000
1781641331,0,62661200,0,113119.80,9999.43,1382399,1881087,2633727,6619135,14655487,173312,386662399,2871994.34,8960830.42,62661200,100,100,100,0,0,0,0,0,0,1054719,2232319,3182591,1149199.99,10000
1781641332,0,62671200,0,112933.84,9993.24,1382399,1881087,2633727,6619135,14655487,173312,386662399,2871725.51,8960146.48,62671200,100,100,100,0,0,0,0,0,0,995327,2549759,4853759,1187189.54,10000
1781641333,0,62681200,0,112748.85,10008.15,1382399,1880063,2633727,6619135,14647295,173312,386662399,2871448.42,8959460.89,62681200,100,100,100,0,0,0,0,0,0,1063935,2070527,2871295,1134922.57,10000
1781641334,0,62691200,0,112564.30,9996.99,1382399,1880063,2633727,6619135,14647295,173312,386662399,2871188.12,8958773.22,62691200,100,100,100,0,0,0,0,0,0,1107967,2490367,3393535,1239592.69,10000
1781641335,0,62701200,0,112380.43,9997.71,1382399,1880063,2633727,6619135,14647295,173312,386662399,2870923.40,8958093.26,62701200,100,100,100,0,0,0,0,0,0,1006591,2357247,5681151,1211359.83,10000
1781641336,0,62711200,0,112197.31,10002.66,1381375,1880063,2633727,6619135,14647295,173312,386662399,2870662.99,8957406.48,62711200,100,100,100,0,0,0,0,0,0,1090559,2521087,3205119,1237854.11,10000
1781641337,0,62721200,0,112014.69,9994.74,1381375,1880063,2633727,6619135,14647295,173312,386662399,2870410.58,8956725.29,62721200,100,100,100,0,0,0,0,0,0,1000959,2725887,7180287,1287492.99,10000
1781641338,0,62731200,0,111832.86,10002.12,1381375,1880063,2633727,6619135,14647295,173312,386662399,2870162.93,8956045.83,62731200,100,100,100,0,0,0,0,0,0,983039,3790847,7090175,1316869.80,10000
1781641339,0,62741200,0,111651.75,10005.09,1381375,1880063,2631679,6619135,14647295,173312,386662399,2869893.52,8955360.96,62741200,100,100,100,0,0,0,0,0,0,1021439,2502655,3272703,1179859.42,10000
1781641340,0,62751200,0,111471.20,10001.17,1381375,1880063,2631679,6615039,14647295,173312,386662399,2869630.84,8954677.11,62751200,100,100,100,0,0,0,0,0,0,1065983,2293759,4038655,1221532.47,10000
1781641341,0,62761200,0,111291.19,9996.22,1381375,1879039,2631679,6615039,14639103,173312,386662399,2869365.44,8953992.21,62761200,100,100,100,0,0,0,0,0,0,1057791,2617343,3508223,1203945.34,10000
1781641342,0,62771200,0,111111.81,9996.01,1381375,1879039,2631679,6615039,14639103,173312,386662399,2869098.91,8953307.70,62771200,100,100,100,0,0,0,0,0,0,1061887,2367487,3674111,1196351.03,10000
1781641343,0,62781200,0,110933.25,10004.89,1380351,1879039,2631679,6615039,14639103,173312,386662399,2868833.04,8952622.91,62781200,100,100,100,0,0,0,0,0,0,1092607,2136063,3987455,1199946.00,10000
1781641344,0,62791200,0,110755.15,9996.48,1380351,1879039,2631679,6615039,14639103,173312,386662399,2868557.76,8951938.65,62791200,100,100,100,0,0,0,0,0,0,1070079,2044927,2713599,1140291.15,10000
1781641345,0,62801200,0,110577.77,10001.40,1380351,1879039,2631679,6615039,14639103,173312,386662399,2868308.26,8951265.28,62801200,100,100,100,0,0,0,0,0,0,1001983,2740223,9109503,1301705.00,10000
1781641346,0,62811200,0,110401.05,10003.53,1380351,1879039,2631679,6615039,14639103,173312,386662399,2868040.44,8950580.27,62811200,100,100,100,0,0,0,0,0,0,1115135,2152447,3088383,1186066.05,10000
1781641347,0,62821200,0,110224.88,9999.56,1380351,1879039,2631679,6615039,14639103,173312,386662399,2867806.13,8949904.84,62821200,100,100,100,0,0,0,0,0,0,1075199,2717695,9093119,1396068.33,10000
1781641348,0,62831200,0,110049.38,10002.23,1380351,1879039,2631679,6615039,14639103,173312,386662399,2867543.77,8949221.30,62831200,100,100,100,0,0,0,0,0,0,1019391,2717695,3817471,1219416.19,10000
1781641349,0,62841200,0,109874.42,9998.36,1380351,1878015,2631679,6610943,14639103,173312,386662399,2867274.98,8948537.52,62841200,100,100,100,0,0,0,0,0,0,1058815,2275327,3360767,1178385.51,10000
1781641350,0,62851200,0,109699.97,9993.22,1379327,1878015,2631679,6610943,14630911,173312,386662399,2867027.03,8947864.43,62851200,100,100,100,0,0,0,0,0,0,1062911,2437119,8634367,1308925.04,10000
1781641351,0,62861200,0,109526.26,10000.30,1379327,1878015,2629631,6610943,14630911,173312,386662399,2866763.04,8947182.97,62861200,100,100,100,0,0,0,0,0,0,1037823,2324479,5763071,1207527.23,10000
1781641352,0,62871200,0,109353.32,10008.47,1379327,1878015,2629631,6610943,14630911,173312,386662399,2866535.54,8946519.01,62871200,100,100,100,0,0,0,0,0,0,1111039,2756607,8609791,1436440.60,10000
1781641353,0,62881200,0,109180.80,9999.53,1379327,1878015,2629631,6610943,14630911,173312,386662399,2866272.81,8945835.24,62881200,100,100,100,0,0,0,0,0,0,1070079,2633727,3416063,1214467.75,10000
1781641354,0,62891200,0,109008.83,9997.04,1379327,1878015,2629631,6610943,14630911,173312,386662399,2865995.37,8945154.15,62891200,100,100,100,0,0,0,0,0,0,1028607,2019327,3416063,1121414.04,10000
1781641355,0,62901200,0,108837.48,9997.74,1379327,1878015,2629631,6610943,14630911,173312,386662399,2865742.44,8944483.45,62901200,100,100,100,0,0,0,0,0,0,979455,2303999,10280959,1275010.04,10000
1781641356,0,62911200,0,108666.84,10004.37,1379327,1876991,2629631,6610943,14630911,173312,386662399,2865475.02,8943800.81,62911200,100,100,100,0,0,0,0,0,0,1047551,2369535,3215359,1183383.18,10000
1781641357,0,62921200,0,108496.70,9999.65,1378303,1876991,2629631,6610943,14630911,173312,386662399,2865233.94,8943119.47,62921200,100,100,100,0,0,0,0,0,0,1118207,3147775,6492159,1348574.44,10000
1781641358,0,62931200,0,108327.10,9997.42,1378303,1876991,2629631,6606847,14622719,173312,386662399,2864964.52,8942437.80,62931200,100,100,100,0,0,0,0,0,0,1033215,2553855,3332095,1169746.85,10000
1781641359,0,62941200,0,108158.19,10003.19,1378303,1876991,2629631,6606847,14622719,173312,386662399,2864687.14,8941758.77,62941200,100,100,100,0,0,0,0,0,0,957439,2179071,4788223,1119096.91,10000
1781641360,0,62951200,0,107989.70,9993.91,1378303,1876991,2629631,6606847,14622719,173312,386662399,2864443.68,8941084.78,62951200,100,100,100,0,0,0,0,0,0,1049599,2451455,8122367,1332065.50,10000
1781641361,0,62961200,0,107821.88,9999.53,1378303,1876991,2629631,6606847,14622719,173312,386662399,2864163.78,8940405.11,62961200,100,100,100,0,0,0,0,0,0,987135,2252799,3330047,1102185.15,10000
1781641362,0,62971200,0,107654.78,10007.50,1378303,1876991,2629631,6606847,14622719,173312,386662399,2863904.38,8939723.85,62971200,100,100,100,0,0,0,0,0,0,1088511,2492415,4739071,1230698.13,10000
1781641363,0,62981200,0,107487.98,9992.60,1377279,1875967,2629631,6606847,14622719,173312,386662399,2863617.21,8939045.35,62981200,100,100,100,0,0,0,0,0,0,965631,1969151,2820095,1055254.44,10000
1781641364,0,62991200,0,107321.97,10004.74,1377279,1875967,2627583,6606847,14622719,173312,386662399,2863343.13,8938364.60,62991200,100,100,100,0,0,0,0,0,0,1027071,2181119,2893823,1137139.44,10000
1781641365,0,63001200,0,107156.35,9995.14,1377279,1875967,2627583,6606847,14622719,173312,386662399,2863109.05,8937704.24,63001200,100,100,100,0,0,0,0,0,0,1078271,2467839,9814015,1388642.50,10000
1781641366,0,63011200,0,106991.51,10006.91,1377279,1875967,2627583,6606847,14622719,173312,386662399,2862833.26,8937024.21,63011200,100,100,100,0,0,0,0,0,0,1016319,2183167,2961407,1125310.84,10000
1781641367,0,63021200,0,106827.02,9995.75,1377279,1875967,2627583,6606847,14622719,173312,386662399,2862626.83,8936394.25,63021200,100,100,100,0,0,0,0,0,0,1050623,2914303,16302079,1561866.20,10000
1781641368,0,63031200,0,106663.18,10000.79,1377279,1875967,2627583,6602751,14614527,173312,386662399,2862358.33,8935714.03,63031200,100,100,100,0,0,0,0,0,0,1030655,2449407,3108863,1170261.97,10000
1781641369,0,63041200,0,106499.94,10003.18,1377279,1875967,2627583,6602751,14614527,173312,386662399,2862078.92,8935035.33,63041200,100,100,100,0,0,0,0,0,0,1003519,1977343,2695167,1100921.73,10000
1781641370,0,63051200,0,106337.10,9994.70,1376255,1875967,2627583,6602751,14614527,173312,386662399,2861825.34,8934367.41,63051200,100,100,100,0,0,0,0,0,0,1001983,2512895,5873663,1263217.19,10000
1781641371,0,63061200,0,106174.94,10002.46,1376255,1874943,2627583,6602751,14614527,173312,386662399,2861557.82,8933686.72,63061200,100,100,100,0,0,0,0,0,0,1089535,2148351,3155967,1174818.60,10000
1781641372,0,63071200,0,106013.29,10000.66,1376255,1874943,2627583,6602751,14614527,173312,386662399,2861333.21,8933049.87,63071200,100,100,100,0,0,0,0,0,0,1051647,2652159,16039935,1444900.15,10000
1781641373,0,63081200,0,105852.20,10001.01,1376255,1874943,2627583,6602751,14614527,173312,386662399,2861061.38,8932370.24,63081200,100,100,100,0,0,0,0,0,0,1054719,2183167,2797567,1146621.13,10000
1781641374,0,63091200,0,105691.52,9994.30,1376255,1874943,2627583,6602751,14614527,173312,386662399,2860801.61,8931690.25,63091200,100,100,100,0,0,0,0,0,0,1087487,2351103,3258367,1222132.29,10000
1781641375,0,63101200,0,105531.50,10000.76,1376255,1874943,2627583,6602751,14614527,173312,386662399,2860554.55,8931015.87,63101200,100,100,100,0,0,0,0,0,0,1043455,2729983,6877183,1301839.58,10000
1781641376,0,63111200,0,105372.06,10003.40,1376255,1874943,2627583,6602751,14614527,173312,386662399,2860291.24,8930336.94,63111200,100,100,100,0,0,0,0,0,0,1054719,2426879,4202495,1198756.82,10000
1781641377,0,63121200,0,105213.05,9997.69,1375231,1874943,2625535,6598655,14606335,173312,386662399,2860030.85,8929660.47,63121200,100,100,100,0,0,0,0,0,0,1068031,2172927,4268031,1216690.46,10000
1781641378,0,63587050,0,105813.21,465944.92,1379327,1881087,2643967,6643711,14647295,173312,386662399,2871780.08,8903225.55,63587050,100,100,100,0,0,0,0,0,0,3381247,13320191,22183935,4463762.74,465850
1781641379,0,64087000,0,106468.05,500125.61,1382399,1887231,2654207,6688767,14671871,173312,386662399,2879905.41,8872966.00,64087000,100,100,100,0,0,0,0,0,0,2850815,9674751,19660799,3913341.12,499950
1781641380,0,64592000,0,107128.87,504536.81,1385471,1893375,2668543,6725631,14663679,173312,386662399,2887640.39,8842026.11,64592000,100,100,100,0,0,0,0,0,0,3008511,9568255,14090239,3869246.89,505000
1781641381,0,65091950,0,107779.45,500335.42,1389567,1899519,2676735,6733823,14680063,173312,386662399,2890360.16,8810526.46,65091950,100,100,100,0,0,0,0,0,0,2574335,7397375,16130047,3241746.25,499950
1781641382,0,65592000,0,108427.83,499881.34,1392639,1905663,2691071,6766591,14737407,173312,386662399,2899126.72,8782974.47,65592000,100,100,100,0,0,0,0,0,0,3084287,11091967,19726335,4040277.97,500050
1781641383,0,66089150,0,109069.46,497434.91,1396735,1911807,2703359,6766591,14770175,173312,386662399,2903452.71,8752952.24,66089150,100,100,100,0,0,0,0,0,0,2826239,6676479,16572415,3474206.21,497150
1781641384,0,66587000,0,109709.89,497478.26,1399807,1917951,2713599,6795263,14909439,173312,386662399,2912553.83,8728065.75,66587000,100,100,100,0,0,0,0,0,0,2854911,11370495,24870911,4120720.15,497850
1781641385,0,67092000,0,110360.20,505274.62,1402879,1924095,2725887,6828031,15065087,173312,386662399,2921519.61,8702162.21,67092000,100,100,100,0,0,0,0,0,0,2893823,11042815,24297471,4103706.15,505000
1781641386,0,67590850,0,110998.21,498932.97,1406975,1930239,2736127,6840319,15024127,173312,386662399,2925393.40,8671899.57,67590850,100,100,100,0,0,0,0,0,0,2740223,7761919,11739135,3446393.18,498850
1781641387,0,68092000,0,111637.74,500778.22,1410047,1935359,2746367,6856703,15089663,173312,386662399,2932209.58,8645335.44,68092000,100,100,100,0,0,0,0,0,0,2834431,8568831,22773759,3851517.17,501150
1781641388,0,68592000,0,112273.48,500153.67,1413119,1941503,2758655,6868991,15073279,173312,386662399,2936850.73,8616471.16,68592000,100,100,100,0,0,0,0,0,0,2873343,8544255,14647295,3568901.02,500000
1781641389,0,69087000,0,112898.85,494849.07,1416191,1946623,2766847,6889471,15089663,173312,386662399,2941945.18,8588954.80,69087000,100,100,100,0,0,0,0,0,0,2750463,8437759,17285119,3647881.15,495000
1781641390,0,69592000,0,113538.60,505108.72,1419263,1952767,2777087,6926335,15359999,173312,386662399,2953078.02,8568271.71,69592000,100,100,100,0,0,0,0,0,0,2744319,15589375,24838143,4476116.63,505000
1781641391,0,70092000,0,114168.15,500172.82,1423359,1958911,2787327,6922239,15310847,173312,386662399,2956371.45,8539456.77,70092000,100,100,100,0,0,0,0,0,0,2834431,6696959,12722175,3414764.42,500000
1781641392,0,70589550,0,114791.58,497492.89,1426431,1964031,2799615,6959103,15368191,173312,386662399,2964970.27,8515170.30,70589550,100,100,100,0,0,0,0,0,0,3010559,11173887,23265279,4176323.05,497550
1781641393,0,71092000,0,115420.94,502400.46,1429503,1970175,2809855,6983679,15425535,173312,386662399,2971659.38,8488912.79,71092000,100,100,100,0,0,0,0,0,0,2840575,8994815,17039359,3911417.82,502450
1781641394,0,71592000,0,116044.27,499909.13,1432575,1975295,2815999,6983679,15368191,173312,386662399,2973320.17,8460853.00,71592000,100,100,100,0,0,0,0,0,0,2676735,6987775,12763135,3209457.97,500000
1781641395,0,72092000,0,116665.72,500266.85,1436671,1981439,2826239,6995967,15327231,173312,386662399,2976188.80,8433349.95,72092000,100,100,100,0,0,0,0,0,0,2766847,7671807,14229503,3386930.38,500000
1781641396,0,72590100,0,117282.02,498152.28,1439743,1986559,2832383,7008255,15368191,173312,386662399,2979621.44,8407228.04,72590100,100,100,100,0,0,0,0,0,0,2701311,8314879,16924671,3476441.56,498100
1781641397,0,73092000,0,117902.38,501763.55,1442815,1990655,2840575,7012351,15384575,173312,386662399,2982739.21,8381140.35,73092000,100,100,100,0,0,0,0,0,0,2682879,8187903,15736831,3433663.86,501900
1781641398,0,73592000,0,118517.62,499680.50,1445887,1996799,2848767,7024639,15327231,173312,386662399,2986739.58,8354676.04,73592000,100,100,100,0,0,0,0,0,0,2785279,7802879,12075007,3571529.82,500000
1781641399,0,74092000,0,119131.10,500283.72,1448959,2001919,2861055,7057407,15368191,173312,386662399,2994412.85,8331307.69,74092000,100,100,100,0,0,0,0,0,0,3053567,9986047,16613375,4123795.69,500000
1781641400,0,74592000,0,119742.41,499748.88,1452031,2008063,2871295,7073791,15458303,173312,386662399,3000527.22,8308428.17,74592000,100,100,100,0,0,0,0,0,0,2834431,11984895,18808831,3906578.53,500000
1781641401,0,75092000,0,120351.85,499964.45,1456127,2013183,2881535,7086079,15409151,173312,386662399,3005856.05,8283357.94,75092000,100,100,100,0,0,0,0,0,0,3096575,8577023,14082047,3800832.57,500000
1781641402,0,75592000,0,120959.50,500387.48,1459199,2018303,2889727,7106559,15351807,173312,386662399,3009029.81,8258032.13,75592000,100,100,100,0,0,0,0,0,0,2734079,8511487,11862015,3485677.07,500000
1781641403,0,76092000,0,121565.06,500006.85,1462271,2023423,2897919,7127039,15425535,173312,386662399,3015240.44,8235970.52,76092000,100,100,100,0,0,0,0,0,0,2854911,10035199,20414463,3954188.02,500000
1781641404,0,76587000,0,122160.53,494552.66,1465343,2028543,2908159,7143423,15450111,173312,386662399,3020300.52,8213661.29,76587000,100,100,100,0,0,0,0,0,0,2863103,9158655,21413887,3798143.02,495000
1781641405,0,77092000,0,122770.26,505139.48,1468415,2032639,2914303,7155711,15458303,173312,386662399,3023995.90,8189733.38,77092000,100,100,100,0,0,0,0,0,0,2746367,9060351,16048127,3584427.86,505000
1781641406,0,77583450,0,123356.53,491625.35,1471487,2037759,2924543,7167999,15499263,173312,386662399,3029405.81,8168281.35,77583450,100,100,100,0,0,0,0,0,0,2840575,10633215,17104895,3878038.78,491450
1781641407,0,78092000,0,123968.06,508693.99,1474559,2042879,2932735,7196671,15605759,173312,386662399,3037528.75,8149133.09,78092000,100,100,100,0,0,0,0,0,0,2936831,12869631,24788991,4276748.78,508550
1781641408,0,78592000,0,124563.87,499548.84,1477631,2049023,2942975,7213055,15581183,173312,386662399,3043316.47,8126353.19,78592000,100,100,100,0,0,0,0,0,0,3020799,8691711,14819327,3947266.07,500000
1781641409,0,79092000,0,125158.01,500089.02,1480703,2054143,2951167,7217151,15532031,173312,386662399,3045322.65,8102076.47,79092000,100,100,100,0,0,0,0,0,0,2822143,7573503,10428415,3360662.38,500000
1781641410,0,79592000,0,125750.36,500314.53,1483775,2059263,2959359,7258111,15695871,173312,386662399,3055578.85,8086774.40,79592000,100,100,100,0,0,0,0,0,0,2889727,14647295,24575999,4677944.82,500000
1781641411,0,80092000,0,126340.64,499787.90,1487871,2064383,2969599,7274495,15728639,173312,386662399,3061481.22,8065904.29,80092000,100,100,100,0,0,0,0,0,0,3022847,9535487,17530879,4001043.87,500000
1781641412,0,80584695,0,126917.69,492827.42,1489919,2068479,2975743,7274495,15679487,173312,386662399,3063107.01,8042945.37,80584695,100,100,100,0,0,0,0,0,0,2709503,7036927,13008895,3327395.02,492695
1781641413,0,81092000,0,127515.90,507459.89,1492991,2072575,2985983,7294975,15777791,173312,386662399,3070951.02,8026718.43,81092000,100,100,100,0,0,0,0,0,0,2988031,14745599,26181631,4316961.21,507305
1781641414,0,81592000,0,128100.58,499685.87,1496063,2076671,2992127,7299071,15818751,173312,386662399,3073581.09,8005034.84,81592000,100,100,100,0,0,0,0,0,0,2740223,8085503,17252351,3500136.05,500000
1781641415,0,82092000,0,128683.51,499911.15,1499135,2081791,3002367,7311359,15876095,173312,386662399,3078843.72,7984342.23,82092000,100,100,100,0,0,0,0,0,0,3043327,8429567,18710527,3937620.26,500000
1781641416,0,82592000,0,129264.73,500167.71,1502207,2086911,3010559,7331839,15933439,173312,386662399,3084195.57,7964348.19,82592000,100,100,100,0,0,0,0,0,0,2985983,9379839,19546111,3962884.35,500000
1781641417,0,83092000,0,129844.03,499925.93,1505279,2092031,3020799,7368703,16179199,173312,386662399,3095149.58,7953082.28,83092000,100,100,100,0,0,0,0,0,0,2969599,17760255,31768575,4904576.04,500000
1781641418,0,83587100,0,130414.03,495393.41,1508351,2096127,3028991,7385087,16187391,173312,386662399,3099212.81,7932895.78,83587100,100,100,100,0,0,0,0,0,0,2904063,8970239,18612223,3781139.99,495100
1781641419,0,84092000,0,130997.28,504615.88,1511423,2101247,3035135,7397375,16187391,173312,386662399,3102994.08,7912005.90,84092000,100,100,100,0,0,0,0,0,0,2881535,8544255,15572991,3728989.62,504900
1781641420,0,84587400,0,131564.15,495610.59,1514495,2105343,3043327,7413759,16195583,173312,386662399,3106549.00,7891913.41,84587400,100,100,100,0,0,0,0,0,0,2844671,9068543,19922943,3709981.40,495400
1781641421,0,85092000,0,132143.35,504335.55,1517567,2109439,3049471,7401471,16146431,173312,386662399,3107187.07,7869308.04,85092000,100,100,100,0,0,0,0,0,0,2779135,6246399,7868415,3214148.91,504600
1781641422,0,85592000,0,132713.67,499871.60,1520639,2115583,3057663,7413759,16121855,173312,386662399,3111720.91,7849018.92,85592000,100,100,100,0,0,0,0,0,0,3039231,9428991,14163967,3883307.60,500000
1781641423,0,86089502,0,133278.48,497671.07,1523711,2119679,3065855,7434239,16187391,173312,386662399,3118019.41,7832250.80,86089502,100,100,100,0,0,0,0,0,0,2920447,10461183,24428543,4201634.95,497502
1781641424,0,86587000,0,133841.53,497633.28,1526783,2123775,3071999,7450623,16228351,173312,386662399,3122436.58,7813981.30,86587000,100,100,100,0,0,0,0,0,0,2906111,9273343,22626303,3886806.16,497498
1781641425,0,87091650,0,134413.90,504843.08,1529855,2129919,3082239,7462911,16277503,173312,386662399,3128098.07,7795454.76,87091650,100,100,100,0,0,0,0,0,0,3084287,8929279,18546687,4099486.27,504650
1781641426,0,87590200,0,134975.03,498561.83,1532927,2134015,3090431,7471103,16343039,173312,386662399,3132357.98,7777360.30,87590200,100,100,100,0,0,0,0,0,0,3024895,9347071,21856255,3876522.45,498550
1781641427,0,88092000,0,135539.31,501498.40,1534975,2138111,3094527,7479295,16293887,173312,386662399,3134223.88,7757148.43,88092000,100,100,100,0,0,0,0,0,0,2678783,8577023,12550143,3459919.76,501800
1781641428,0,88587050,0,136091.60,495035.43,1538047,2142207,3102719,7491583,16302079,173312,386662399,3139706.46,7740730.83,88587050,100,100,100,0,0,0,0,0,0,3026943,13189119,23199743,4115307.94,495050
1781641429,0,89092000,0,136657.41,505011.68,1541119,2146303,3108863,7512063,16359423,173312,386662399,3145155.06,7724407.68,89092000,100,100,100,0,0,0,0,0,0,2846719,11788287,23576575,4101043.10,504950
1781641430,0,89592000,0,137213.86,499922.16,1544191,2150399,3117055,7524351,16318463,173312,386662399,3149661.56,7705365.91,89592000,100,100,100,0,0,0,0,0,0,3080191,9322495,14499839,3952647.64,500000
1781641431,0,90092000,0,137768.60,499934.39,1547263,2154495,3123199,7532543,16351231,173312,386662399,3152224.20,7687060.80,90092000,100,100,100,0,0,0,0,0,0,2813951,9633791,18939903,3611408.54,500000
1781641432,0,90587000,0,138314.07,495069.48,1550335,2158591,3131391,7553023,16367615,173312,386662399,3157410.76,7669877.05,90587000,100,100,100,0,0,0,0,0,0,3037183,9986047,19791871,4101385.68,495000
1781641433,0,91092000,0,138873.06,504902.08,1552383,2162687,3135487,7561215,16441343,173312,386662399,3162252.50,7656041.42,91092000,100,100,100,0,0,0,0,0,0,2711551,11722751,24592383,4030763.40,505000
1781641434,0,91592000,0,139422.78,500028.28,1555455,2166783,3141631,7569407,16441343,173312,386662399,3165094.47,7638272.98,91592000,100,100,100,0,0,0,0,0,0,2891775,8306687,16359423,3682856.70,500000
1781641435,0,91798446,0,139524.82,206609.68,1556479,2166783,3145727,7606271,16826367,173312,655359999,3359034.22,11710836.63,91798446,100,100,100,0,0,0,0,0,0,3102719,488636415,578289663,89402500.37,206446
1781641436,0,92588671,0,140512.29,790109.02,1561599,2177023,3172351,7901183,20463615,173312,834142207,4680336.91,27442141.46,92588671,100,100,100,0,0,0,0,0,0,9773055,636485631,774897663,158172739.32,790225
1781641437,0,93092000,0,141061.96,503073.30,1564671,2181119,3178495,7925759,20545535,173312,834142207,4678422.81,27370257.76,93092000,100,100,100,0,0,0,0,0,0,2830335,13418495,27230207,4326319.16,503329
1781641438,0,93131600,0,140908.53,39616.54,1564671,2181119,3178495,7925759,20545535,173312,834142207,4677409.14,27364491.21,93131600,100,100,100,0,0,0,0,0,0,2127871,3907583,4149247,2294471.19,39600
1781641439,0,93141600,0,140710.65,9994.60,1563647,2181119,3178495,7925759,20545535,173312,834142207,4677061.99,27363043.88,93141600,100,100,100,0,0,0,0,0,0,1268735,2969599,3950591,1443984.08,10000
1781641440,0,93151600,0,140513.57,10004.22,1563647,2181119,3178495,7925759,20545535,173312,834142207,4676707.85,27361597.46,93151600,100,100,100,0,0,0,0,0,0,1219583,2826239,3426303,1378179.11,10000
1781641441,0,93161600,0,140316.88,9994.22,1563647,2179071,3178495,7925759,20545535,173312,834142207,4676356.63,27360151.16,93161600,100,100,100,0,0,0,0,0,0,1200127,3012607,3792895,1404653.49,10000
1781641442,0,93171600,0,140121.03,10006.38,1563647,2179071,3178495,7925759,20545535,173312,834142207,4676013.86,27358706.15,93171600,100,100,100,0,0,0,0,0,0,1181695,3149823,8781823,1482785.54,10000
1781641443,0,93181554,0,139925.62,9956.93,1563647,2179071,3178495,7925759,20545535,173312,834142207,4675675.29,27357266.60,93181554,100,100,100,0,0,0,0,0,0,1304575,3031039,4907007,1506531.62,9954
1781641444,0,93191600,0,139730.80,10042.18,1563647,2179071,3178495,7921663,20545535,173312,834142207,4675336.01,27355813.58,93191600,100,100,100,0,0,0,0,0,0,1243135,3461119,5980159,1528419.63,10046
1781641445,0,93201600,0,139536.55,9998.96,1563647,2179071,3178495,7921663,20529151,173312,834142207,4674989.98,27354367.89,93201600,100,100,100,0,0,0,0,0,0,1275903,2822143,4001791,1450221.83,10000
1781641446,0,93211600,0,139342.98,10003.33,1563647,2179071,3178495,7921663,20529151,173312,834142207,4674650.85,27352921.76,93211600,100,100,100,0,0,0,0,0,0,1303551,3309567,5218303,1513907.60,10000
1781641447,0,93221564,0,139149.89,9965.46,1563647,2179071,3176447,7921663,20529151,173312,834142207,4674306.68,27351481.34,93221564,100,100,100,0,0,0,0,0,0,1297407,2891775,4419583,1454620.94,9964
1781641448,0,93231600,0,138957.41,10034.10,1562623,2179071,3176447,7921663,20529151,173312,834142207,4673965.47,27350032.01,93231600,100,100,100,0,0,0,0,0,0,1264639,2914303,8577023,1504649.18,10036
1781641449,0,93241600,0,138765.38,9994.48,1562623,2179071,3176447,7921663,20529151,173312,834142207,4673613.39,27348587.43,93241600,100,100,100,0,0,0,0,0,0,1292287,2637823,3508223,1391070.12,10000
1781641450,0,93251600,0,138573.98,9997.46,1562623,2179071,3176447,7921663,20529151,173312,834142207,4673254.17,27347143.82,93251600,100,100,100,0,0,0,0,0,0,1188863,2646015,3188735,1323857.98,10000
1781641451,0,93261571,0,138383.36,9981.08,1562623,2179071,3176447,7921663,20529151,173312,834142207,4672910.09,27345703.65,93261571,100,100,100,0,0,0,0,0,0,1250303,2992127,5025791,1454964.38,9971
1781641452,0,93271600,0,138193.13,10026.19,1562623,2179071,3176447,7921663,20529151,173312,834142207,4672556.40,27344255.78,93271600,100,100,100,0,0,0,0,0,0,1221631,2779135,3579903,1383531.60,10029
1781641453,0,93281600,0,138003.46,9999.13,1562623,2179071,3176447,7921663,20529151,173312,834142207,4672203.33,27342812.66,93281600,100,100,100,0,0,0,0,0,0,1200127,2818047,4476927,1379022.86,10000
1781641454,0,93291600,0,137814.34,9998.61,1562623,2179071,3176447,7917567,20529151,173312,834142207,4671890.18,27341373.16,93291600,100,100,100,0,0,0,0,0,0,1251327,3883007,14925823,1750802.95,10000
1781641455,0,93301600,0,137625.80,9999.98,1562623,2179071,3176447,7917567,20529151,173312,834142207,4671546.05,27339929.15,93301600,100,100,100,0,0,0,0,0,0,1318911,2910207,3504127,1461064.87,10000
1781641456,0,93311600,0,137437.81,9999.27,1562623,2179071,3176447,7917567,20529151,173312,834142207,4671193.55,27338486.53,93311600,100,100,100,0,0,0,0,0,0,1180671,3008511,3694591,1382324.72,10000
1781641457,0,93321600,0,137250.37,9999.32,1561599,2179071,3176447,7917567,20529151,173312,834142207,4670853.01,27337043.61,93321600,100,100,100,0,0,0,0,0,0,1274879,3205119,6021119,1493200.79,10000
1781641458,0,93331600,0,137063.57,10003.83,1561599,2179071,3176447,7917567,20512767,173312,834142207,4670500.34,27335601.15,93331600,100,100,100,0,0,0,0,0,0,1282047,2689023,3641343,1379410.50,10000
1781641459,0,93341600,0,136877.15,9995.00,1561599,2179071,3176447,7917567,20512767,173312,834142207,4670146.75,27334159.15,93341600,100,100,100,0,0,0,0,0,0,1199103,2760703,3721215,1369959.85,10000
1781641460,0,93351600,0,136691.46,10004.80,1561599,2179071,3174399,7917567,20512767,173312,834142207,4669810.63,27332716.83,93351600,100,100,100,0,0,0,0,0,0,1256447,3207167,6377471,1532411.30,10000
1781641461,0,93361600,0,136506.09,9993.27,1561599,2177023,3174399,7917567,20512767,173312,834142207,4669449.88,27331275.88,93361600,100,100,100,0,0,0,0,0,0,1190911,2455551,3209215,1301791.47,10000
1781641462,0,93371600,0,136321.43,10002.18,1561599,2177023,3174399,7917567,20512767,173312,834142207,4669103.26,27329833.83,93371600,100,100,100,0,0,0,0,0,0,1305599,2695167,3624959,1433036.18,10000
1781641463,0,93381600,0,136137.25,9998.61,1561599,2177023,3174399,7917567,20512767,173312,834142207,4668787.97,27328399.18,93381600,100,100,100,0,0,0,0,0,0,1231871,3108863,18202623,1724842.80,10000
1781641464,0,93391600,0,135953.78,10007.80,1561599,2177023,3174399,7913471,20512767,173312,834142207,4668438.42,27326957.65,93391600,100,100,100,0,0,0,0,0,0,1312767,2410495,3581951,1404361.57,10000
1781641465,0,93401600,0,135770.57,9993.99,1561599,2177023,3174399,7913471,20512767,173312,834142207,4668085.06,27325517.01,93401600,100,100,100,0,0,0,0,0,0,1234943,2666495,3366911,1367913.69,10000
1781641466,0,93411600,0,135588.10,10004.69,1560575,2177023,3174399,7913471,20512767,173312,834142207,4667728.40,27324076.91,93411600,100,100,100,0,0,0,0,0,0,1239039,2582527,3735551,1336526.76,10000
1781641467,0,93421600,0,135406.03,9997.69,1560575,2177023,3174399,7913471,20512767,173312,834142207,4667398.05,27322635.85,93421600,100,100,100,0,0,0,0,0,0,1244159,3631103,7061503,1581551.11,10000
1781641468,0,93431600,0,135224.45,9995.70,1560575,2177023,3174399,7913471,20512767,173312,834142207,4667048.22,27321195.90,93431600,100,100,100,0,0,0,0,0,0,1210367,3168255,4767743,1398895.40,10000
1781641469,0,93441600,0,135043.54,10003.90,1560575,2177023,3174399,7913471,20512767,173312,834142207,4666685.08,27319757.26,93441600,100,100,100,0,0,0,0,0,0,1147903,2404351,3239935,1273792.93,10000
1781641470,0,93451600,0,134862.99,9995.11,1560575,2177023,3174399,7913471,20512767,173312,834142207,4666337.60,27318319.75,93451600,100,100,100,0,0,0,0,0,0,1164287,2656255,4415487,1419378.10,10000
1781641471,0,93461600,0,134683.23,10008.64,1560575,2177023,3174399,7913471,20512767,173312,834142207,4665985.55,27316880.29,93461600,100,100,100,0,0,0,0,0,0,1239039,2672639,3297279,1376011.55,10000
1781641472,0,93471600,0,134503.82,10000.69,1560575,2177023,3174399,7913471,20496383,173312,834142207,4665625.73,27315442.20,93471600,100,100,100,0,0,0,0,0,0,1142783,2535423,3270655,1302700.29,10000
1781641473,0,93481600,0,134324.89,9998.49,1560575,2177023,3174399,7913471,20496383,173312,834142207,4665292.21,27314003.09,93481600,100,100,100,0,0,0,0,0,0,1289215,3223551,6320127,1547852.76,10000
1781641474,0,93491600,0,134146.49,9999.27,1560575,2177023,3172351,7909375,20496383,173312,834142207,4664937.74,27312565.10,93491600,100,100,100,0,0,0,0,0,0,1192959,2713599,4841471,1351266.31,10000
1781641475,0,93501600,0,133968.64,10001.02,1559551,2177023,3172351,7909375,20496383,173312,834142207,4664583.58,27311126.75,93501600,100,100,100,0,0,0,0,0,0,1258495,2537471,3313663,1353518.83,10000
1781641476,0,93511600,0,133791.25,9998.88,1559551,2177023,3172351,7909375,20496383,173312,834142207,4664252.68,27309689.79,93511600,100,100,100,0,0,0,0,0,0,1300479,3018751,7049215,1570250.71,10000
1781641477,0,93521600,0,133614.28,9994.47,1559551,2177023,3172351,7909375,20496383,173312,834142207,4663895.63,27308252.24,93521600,100,100,100,0,0,0,0,0,0,1222655,2541567,2992127,1325108.21,10000
1781641478,0,93531600,0,133438.00,10003.76,1559551,2177023,3172351,7909375,20496383,173312,834142207,4663545.63,27306814.10,93531600,100,100,100,0,0,0,0,0,0,1284095,2580479,3080191,1390308.05,10000
1781641479,0,93541600,0,133262.20,10002.88,1559551,2174975,3172351,7909375,20496383,173312,834142207,4663203.12,27305376.13,93541600,100,100,100,0,0,0,0,0,0,1282047,2809855,5742591,1459631.76,10000
1781641480,0,93551600,0,133086.74,9994.72,1559551,2174975,3172351,7909375,20496383,173312,834142207,4662842.23,27303939.97,93551600,100,100,100,0,0,0,0,0,0,1146879,2660351,3741695,1287036.01,10000
1781641481,0,93561600,0,132911.88,9999.38,1559551,2174975,3172351,7909375,20496383,173312,834142207,4662486.70,27302503.21,93561600,100,100,100,0,0,0,0,0,0,1227775,2592767,3016703,1336457.24,10000
1781641482,0,93571600,0,132737.57,10002.80,1559551,2174975,3172351,7909375,20496383,173312,834142207,4662142.72,27301066.39,93571600,100,100,100,0,0,0,0,0,0,1213439,3209215,6369279,1443779.85,10000
1781641483,0,93581600,0,132563.76,10002.76,1559551,2174975,3172351,7905279,20496383,173312,834142207,4661783.13,27299630.60,93581600,100,100,100,0,0,0,0,0,0,1159167,2500607,3442687,1297064.03,10000
1781641484,0,93591600,0,132390.30,9995.53,1558527,2174975,3172351,7905279,20496383,173312,834142207,4661433.17,27298193.97,93591600,100,100,100,0,0,0,0,0,0,1260543,2584575,3543039,1386383.39,10000
1781641485,0,93601600,0,132217.36,9997.01,1558527,2174975,3172351,7905279,20496383,173312,834142207,4661096.68,27296758.22,93601600,100,100,100,0,0,0,0,0,0,1223679,3094527,6725631,1511861.13,10000
1781641486,0,93611600,0,132044.96,9999.39,1558527,2174975,3172351,7905279,20479999,173312,834142207,4660735.92,27295323.16,93611600,100,100,100,0,0,0,0,0,0,1203199,2353151,2703359,1284022.07,10000
1781641487,0,93621600,0,131873.05,9999.97,1558527,2174975,3170303,7905279,20479999,173312,834142207,4660384.21,27293887.55,93621600,100,100,100,0,0,0,0,0,0,1218559,2678783,3729407,1367970.57,10000
1781641488,0,93631600,0,131701.70,10004.31,1558527,2174975,3170303,7905279,20479999,173312,834142207,4660028.01,27292453.37,93631600,100,100,100,0,0,0,0,0,0,1151999,2545663,5373951,1325147.03,10000
1781641489,0,93641600,0,131530.70,9997.20,1558527,2174975,3170303,7905279,20479999,173312,834142207,4659678.40,27291017.88,93641600,100,100,100,0,0,0,0,0,0,1295359,2539519,3375103,1386235.32,10000
1781641490,0,93651600,0,131360.29,10002.88,1558527,2174975,3170303,7905279,20479999,173312,834142207,4659316.45,27289583.99,93651600,100,100,100,0,0,0,0,0,0,1170431,2435071,3366911,1269993.28,10000
1781641491,0,93661600,0,131190.34,10001.95,1558527,2174975,3170303,7905279,20479999,173312,834142207,4658968.31,27288149.13,93661600,100,100,100,0,0,0,0,0,0,1238015,2734079,4139007,1398544.36,10000
1781641492,0,93671600,0,131020.79,9997.68,1557503,2174975,3170303,7905279,20479999,173312,834142207,4658615.55,27286714.71,93671600,100,100,100,0,0,0,0,0,0,1220607,2605055,3352575,1354675.80,10000
1781641493,0,93681600,0,130851.73,9998.87,1557503,2174975,3170303,7901183,20479999,173312,834142207,4658265.42,27285280.30,93681600,100,100,100,0,0,0,0,0,0,1253375,2617343,3702783,1378476.08,10000
1781641494,0,93691600,0,130683.26,10005.14,1557503,2174975,3170303,7901183,20479999,173312,834142207,4657911.70,27283846.58,93691600,100,100,100,0,0,0,0,0,0,1204223,2795519,3428351,1344186.77,10000
1781641495,0,93701600,0,130515.14,9999.10,1557503,2174975,3170303,7901183,20479999,173312,834142207,4657578.55,27282412.73,93701600,100,100,100,0,0,0,0,0,0,1230847,3438591,7450623,1536279.78,10000
1781641496,0,93711600,0,130347.40,9994.07,1557503,2174975,3170303,7901183,20479999,173312,834142207,4657238.09,27280978.28,93711600,100,100,100,0,0,0,0,0,0,1328127,2947071,4825087,1467086.33,10000
1781641497,0,93721600,0,130180.22,9999.05,1557503,2172927,3170303,7901183,20479999,173312,834142207,4656881.35,27279545.38,93721600,100,100,100,0,0,0,0,0,0,1202175,2453503,3082239,1313805.86,10000
1781641498,0,94280400,0,130774.90,559239.05,1560575,2181119,3188735,7933951,20512767,173312,834142207,4659679.21,27200404.92,94280400,100,100,100,0,0,0,0,0,0,4132863,11599871,26918911,5128934.85,558800
1781641499,0,94884180,0,131430.12,603885.60,1564671,2187263,3205119,7974911,20512767,173312,834142207,4660990.09,27115506.25,94884180,100,100,100,0,0,0,0,0,0,3696639,12951551,20709375,4865683.41,603780
1781641500,0,95481840,0,132075.03,597647.60,1568767,2195455,3221503,7983103,20447231,173312,834142207,4658198.73,27031216.24,95481840,100,100,100,0,0,0,0,0,0,3555327,8544255,14303231,4215043.90,597660
1781641501,0,96080400,0,132719.24,598047.27,1571839,2201599,3235839,8024063,20594687,173312,834142207,4662834.55,26950009.07,96080400,100,100,100,0,0,0,0,0,0,3655679,18038783,27410431,5402338.40,598560
1781641502,0,96683520,0,133368.29,603663.75,1575935,2209791,3250175,8044543,20529151,173312,834142207,4661430.47,26866847.81,96683520,100,100,100,0,0,0,0,0,0,3579903,9969663,17350655,4437752.19,603120
1781641503,0,97280760,0,134007.27,597166.35,1580031,2215935,3266559,8069119,20463615,173312,834142207,4660149.01,26785007.09,97280760,100,100,100,0,0,0,0,0,0,3702783,10018815,13230079,4452701.55,597240
1781641504,0,97880400,0,134647.80,599618.97,1584127,2224127,3280895,8105983,20529151,173312,834142207,4662955.05,26705055.38,97880400,100,100,100,0,0,0,0,0,0,3690495,12623871,26427391,5118183.19,599640
1781641505,0,98480400,0,135286.91,599472.03,1587199,2230271,3297279,8126463,20496383,173312,834142207,4661859.60,26624799.35,98480400,100,100,100,0,0,0,0,0,0,3694591,10027007,19906559,4483155.53,600000
1781641506,0,99080400,0,135924.58,600473.09,1591295,2236415,3311615,8134655,20463615,173312,834142207,4659063.18,26544840.64,99080400,100,100,100,0,0,0,0,0,0,3639295,9281535,13746175,4200075.89,600000
1781641507,0,99680400,0,136560.31,599855.49,1594367,2242559,3323903,8151039,20398079,173312,834142207,4655690.61,26465420.77,99680400,100,100,100,0,0,0,0,0,0,3491839,9347071,12115967,4098764.48,600000
1781641508,0,100275555,0,137187.81,595455.00,1598463,2250751,3340287,8171519,20348927,173312,834142207,4655972.56,26387872.46,100275555,100,100,100,0,0,0,0,0,0,3868671,10428415,19791871,4703194.41,595155
1781641509,0,100880400,0,137826.70,604691.57,1602559,2256895,3356671,8204287,20496383,173312,834142207,4659557.58,26311471.74,100880400,100,100,100,0,0,0,0,0,0,3698687,16146431,28442623,5253908.99,604845
1781641510,0,101480400,0,138457.23,599851.96,1605631,2263039,3366911,8216575,20479999,173312,834142207,4657312.71,26234561.75,101480400,100,100,100,0,0,0,0,0,0,3401727,9543679,18415615,4279873.64,600000
1781641511,0,102080580,0,139086.41,600436.37,1609727,2271231,3379199,8249343,20479999,173312,834142207,4657123.78,26158926.19,102080580,100,100,100,0,0,0,0,0,0,3459071,12845055,18726911,4625178.94,600180
1781641512,0,102680460,0,139713.39,599842.94,1612799,2277375,3393535,8269823,20496383,173312,834142207,4657116.55,26084195.47,102680460,100,100,100,0,0,0,0,0,0,3557375,11608063,21004287,4655884.97,599880
1781641513,0,103280400,0,140338.57,599397.28,1616895,2285567,3405823,8290303,20479999,173312,834142207,4655784.74,26009345.85,103280400,100,100,100,0,0,0,0,0,0,3586047,10559487,15556607,4427845.39,599940
1781641514,0,103880760,0,140962.99,600934.40,1620991,2291711,3420159,8318975,20611071,173312,834142207,4658284.43,25936899.92,103880760,100,100,100,0,0,0,0,0,0,3575807,15327231,30031871,5088307.63,600360
1781641515,0,104480400,0,141584.48,599396.67,1624063,2297855,3432447,8331263,20545535,173312,834142207,4656327.40,25863010.67,104480400,100,100,100,0,0,0,0,0,0,3655679,8970239,13541375,4317294.43,599640
1781641516,0,105080400,0,142204.88,600090.81,1628159,2303999,3444735,8351743,20512767,173312,834142207,4655742.63,25790233.50,105080400,100,100,100,0,0,0,0,0,0,3590143,11952127,19529727,4553914.58,600000
1781641517,0,105680427,0,142823.67,600215.21,1631231,2310143,3461119,8384511,20496383,173312,834142207,4656511.07,25717950.43,105680427,100,100,100,0,0,0,0,0,0,3829759,10723327,17432575,4791084.18,600027
1781641518,0,106280400,0,143440.50,599460.89,1635327,2318335,3477503,8413183,20545535,173312,834142207,4659869.45,25647188.88,106280400,100,100,100,0,0,0,0,0,0,3979263,14475263,25526271,5251421.53,599973
1781641519,0,106881840,0,144057.97,601960.31,1638399,2324479,3491839,8445951,20578303,173312,834142207,4662179.66,25576857.68,106881840,100,100,100,0,0,0,0,0,0,3825663,13803519,24117247,5070416.34,601440
1781641520,0,107480820,0,144670.29,598949.49,1642495,2330623,3502079,8478719,20643839,173312,834142207,4663359.82,25507381.25,107480820,100,100,100,0,0,0,0,0,0,3508223,13148159,22937599,4873948.16,598980
1781641521,0,108080400,0,145281.71,599369.60,1645567,2336767,3516415,8519679,20676607,173312,834142207,4666106.00,25438156.59,108080400,100,100,100,0,0,0,0,0,0,3956735,12722175,21266431,5158385.11,599580
1781641522,0,108680400,0,145892.19,600210.71,1649663,2342911,3528703,8568831,20840447,173312,834142207,4671256.53,25372480.27,108680400,100,100,100,0,0,0,0,0,0,3551231,18169855,38731775,5599042.27,600000
1781641523,0,109088010,0,146243.06,407643.42,1651711,2347007,3538943,8577023,20873215,173312,834142207,4671637.98,25325904.18,109088010,100,100,100,0,0,0,0,0,0,3885055,9609215,23543807,4773342.96,407610
1781641524,0,109878799,0,147105.95,790675.53,1656831,2355199,3553279,8626175,21020671,173312,834142207,4678007.10,25240287.78,109878799,100,100,100,0,0,0,0,0,0,3717119,17039359,39026687,5556617.10,790789
1781641525,0,110480400,0,147713.62,601593.87,1659903,2361343,3563519,8634367,20987903,173312,834142207,4676401.42,25172549.44,110480400,100,100,100,0,0,0,0,0,0,3500031,9846783,15761407,4383133.31,601601
1781641526,0,111083940,0,148322.28,603625.06,1663999,2369535,3575807,8658943,21020671,173312,834142207,4677403.79,25106038.98,111083940,100,100,100,0,0,0,0,0,0,3694591,12320767,25804799,4860891.63,603540
1781641527,0,111680681,0,148920.21,596720.91,1667071,2375679,3588095,8699903,21118975,173312,834142207,4682011.56,25042144.71,111680681,100,100,100,0,0,0,0,0,0,3758079,16875519,32243711,5539752.15,596741
1781641528,0,112282665,0,149523.55,602012.91,1670143,2381823,3600383,8732671,21413887,173312,834142207,4687132.66,24978913.94,112282665,100,100,100,0,0,0,0,0,0,3796991,19709951,34373631,5637204.58,601984
1781641529,0,112880820,0,150120.15,598045.33,1674239,2385919,3612671,8740863,21348351,173312,834142207,4685332.77,24913613.41,112880820,100,100,100,0,0,0,0,0,0,3678207,10051583,18399231,4347467.59,598155
1781641530,0,113481069,0,150717.84,599816.16,1677311,2394111,3627007,8765439,21348351,173312,834142207,4687340.80,24849020.81,113481069,100,100,100,0,0,0,0,0,0,3964927,12345343,20856831,5064963.37,600249
1781641531,0,114080460,0,151313.02,599620.04,1681407,2400255,3637247,8781823,21364735,173312,834142207,4687924.64,24785200.88,114080460,100,100,100,0,0,0,0,0,0,3659775,13983743,24281087,4798461.09,599391
1781641532,0,114680460,0,151907.42,600186.95,1684479,2406399,3645439,8814591,21479423,173312,834142207,4688861.73,24722420.41,114680460,100,100,100,0,0,0,0,0,0,3352575,13721599,24543231,4867035.29,600000
1781641533,0,115280400,0,152499.96,599516.01,1687551,2412543,3653631,8830975,21381119,173312,834142207,4688512.38,24659034.45,115280400,100,100,100,0,0,0,0,0,0,3586047,10362879,19300351,4621733.45,599940
1781641534,0,115880400,0,153091.25,600247.47,1691647,2418687,3663871,8855551,21331967,173312,834142207,4688327.10,24596133.63,115880400,100,100,100,0,0,0,0,0,0,3721215,10559487,19300351,4652727.35,600000
1781641535,0,116480400,0,153680.89,600022.64,1694719,2424831,3674111,8880127,21413887,173312,834142207,4690736.46,24535163.38,116480400,100,100,100,0,0,0,0,0,0,3715071,14778367,28934143,5156065.44,600000
1781641536,0,117080400,0,154268.94,599889.69,1697791,2430975,3682303,8871935,21331967,173312,834142207,4688240.73,24472913.70,117080400,100,100,100,0,0,0,0,0,0,3489791,8404991,16842751,4203735.83,600000
1781641537,0,117681060,0,154856.46,600996.28,1701887,2437119,3694591,8912895,21610495,173312,834142207,4694327.30,24413948.41,117681060,100,100,100,0,0,0,0,0,0,3942399,18776063,31293439,5880719.01,600660
1781641538,0,118280400,0,155440.50,599092.12,1704959,2443263,3704831,8937471,21528575,173312,834142207,4695611.81,24353261.88,118280400,100,100,100,0,0,0,0,0,0,3733503,12386303,18137087,4947825.94,599340
1781641539,0,118881089,0,156024.97,600986.08,1708031,2449407,3715071,8953855,21528575,173312,834142207,4696147.30,24292929.74,118881089,100,100,100,0,0,0,0,0,0,3809279,12509183,20348927,4801590.90,600689
1781641540,0,119480400,0,156605.97,599246.88,1712127,2455551,3727359,8978431,21659647,173312,834142207,4698747.69,24234123.41,119480400,100,100,100,0,0,0,0,0,0,3817471,13746175,25051135,5214568.66,599311
1781641541,0,120079400,0,157184.95,598643.36,1715199,2461695,3735551,9003007,21839871,173312,834142207,4702478.69,24176720.01,120079400,100,100,100,0,0,0,0,0,0,3661823,14548991,33374207,5446687.76,599000
1781641542,0,120680400,0,157765.28,601399.20,1718271,2467839,3743743,9011199,21839871,173312,834142207,4701647.24,24117882.62,120680400,100,100,100,0,0,0,0,0,0,3565567,9854975,21102591,4535523.87,601000
1781641543,0,121280400,0,158342.57,599726.55,1721343,2471935,3751935,9019391,21774335,173312,834142207,4700203.69,24059015.46,121280400,100,100,100,0,0,0,0,0,0,3549183,10739711,16826367,4409856.08,600000
1781641544,0,121880400,0,158918.49,600147.20,1725439,2478079,3760127,9027583,21741567,173312,834142207,4699920.92,24000960.52,121880400,100,100,100,0,0,0,0,0,0,3614719,12304383,18579455,4642762.91,600000
1781641545,0,122486385,0,159500.71,606136.00,1728511,2484223,3770367,9043967,21708799,173312,834142207,4701390.93,23942940.03,122486385,100,100,100,0,0,0,0,0,0,3858431,12509183,19103743,4997050.89,605985
1781641546,0,123080400,0,160065.67,593656.50,1731583,2488319,3776511,9035775,21708799,173312,834142207,4699732.91,23886034.83,123080400,100,100,100,0,0,0,0,0,0,3512319,8814591,21168127,4357848.96,594015
1781641547,0,123680400,0,160637.02,599894.98,1734655,2494463,3786751,9052159,21839871,173312,834142207,4703278.08,23831558.27,123680400,100,100,100,0,0,0,0,0,0,3758079,15761407,36438015,5430511.80,600000
1781641548,0,124280760,0,161207.54,600786.66,1738751,2502655,3794943,9052159,21774335,173312,834142207,4702036.83,23774748.74,124280760,100,100,100,0,0,0,0,0,0,3715071,8740863,18776063,4446327.61,600360
1781641549,0,124876224,0,161770.11,595504.93,1741823,2506751,3801087,9076735,21872639,173312,834142207,4702955.83,23719822.01,124876224,100,100,100,0,0,0,0,0,0,3516415,13049855,23724031,4894762.46,595464
1781641550,0,125480460,0,162342.46,603942.85,1744895,2512895,3811327,9101311,21954559,173312,834142207,4704770.07,23664592.91,125480460,100,100,100,0,0,0,0,0,0,3876863,12206079,24788991,5079715.18,604236
1781641551,0,126080400,0,162907.87,599933.41,1747967,2516991,3819519,9125887,22102015,173312,834142207,4707255.66,23610824.51,126080400,100,100,100,0,0,0,0,0,0,3600383,14876671,28901375,5227129.95,599940
1781641552,0,126680400,0,163471.85,599836.18,1751039,2523135,3829759,9142271,22036479,173312,834142207,4707974.85,23555814.11,126680400,100,100,100,0,0,0,0,0,0,3893247,12730367,16891903,4859100.92,600000
1781641553,0,127280800,0,164035.09,600811.96,1755135,2529279,3839999,9158655,21954559,173312,834142207,4708391.43,23501058.06,127280800,100,100,100,0,0,0,0,0,0,3989503,11911167,15433727,4796285.84,600400
1781641554,0,127880400,0,164595.68,599498.89,1758207,2535423,3850239,9191423,21905407,173312,834142207,4711192.00,23447372.04,127880400,100,100,100,0,0,0,0,0,0,3969023,13623295,20529151,5305685.78,599600
1781641555,0,128480400,0,165155.21,599567.65,1761279,2541567,3860479,9240575,22282239,173312,834142207,4718966.54,23397847.62,128480400,100,100,100,0,0,0,0,0,0,3954687,23511039,38371327,6375986.39,600000
1781641556,0,129082560,0,165716.44,602715.21,1764351,2547711,3868671,9256959,22495231,173312,834142207,4721719.06,23346630.64,129082560,100,100,100,0,0,0,0,0,0,3680255,14950399,33161215,5309012.12,602160
1781641557,0,129684229,0,166275.39,601640.16,1767423,2551807,3876863,9273343,22462463,173312,834142207,4722640.86,23293798.71,129684229,100,100,100,0,0,0,0,0,0,3786751,13893631,21299199,4920405.46,601669
1781641558,0,129731907,0,166123.54,47682.33,1767423,2551807,3876863,9273343,22462463,173312,834142207,4722156.19,23289557.47,129731907,100,100,100,0,0,0,0,0,0,3360767,7987199,8716287,3403865.71,47678
1781641559,0,129741901,0,165923.87,9993.84,1767423,2551807,3876863,9273343,22462463,173312,834142207,4721960.42,23288705.94,129741901,100,100,100,0,0,0,0,0,0,1256447,3844095,30736383,2180564.36,9994
1781641560,0,129751959,0,165724.79,10058.35,1767423,2551807,3876863,9273343,22462463,173312,834142207,4721702.93,23287822.32,129751959,100,100,100,0,0,0,0,0,0,1309695,2570239,3500031,1400269.32,10058
1781641561,0,129761919,0,165526.09,9959.58,1767423,2551807,3876863,9273343,22462463,173312,834142207,4721447.87,23286947.52,129761919,100,100,100,0,0,0,0,0,0,1278975,2641919,3729407,1398722.60,9960
1781641562,0,129771912,0,165327.95,9993.11,1767423,2551807,3874815,9265151,22462463,173312,834142207,4721196.80,23286069.22,129771912,100,100,100,0,0,0,0,0,0,1349631,2664447,3581951,1460983.76,9993
1781641563,0,129781912,0,165130.31,10000.16,1767423,2551807,3874815,9265151,22462463,173312,834142207,4720963.82,23285189.48,129781912,100,100,100,0,0,0,0,0,0,1386495,3524607,7081983,1697578.04,10000
1781641564,0,129791965,0,164933.25,10053.07,1767423,2551807,3874815,9265151,22446079,173312,834142207,4720711.59,23284306.21,129791965,100,100,100,0,0,0,0,0,0,1331199,2940927,3928063,1464440.28,10053
1781641565,0,129801921,0,164736.57,9956.09,1767423,2551807,3874815,9265151,22446079,173312,834142207,4720462.90,23283431.34,129801921,100,100,100,0,0,0,0,0,0,1381375,2822143,3512319,1478357.81,9956
1781641566,0,129811908,0,164540.42,9987.02,1766399,2551807,3874815,9265151,22446079,173312,834142207,4720236.40,23282565.80,129811908,100,100,100,0,0,0,0,0,0,1208319,3055615,18579455,1776384.87,9987
1781641567,0,129821903,0,164344.76,9994.44,1766399,2551807,3874815,9265151,22446079,173312,834142207,4719975.59,23281689.20,129821903,100,100,100,0,0,0,0,0,0,1209343,2605055,3078143,1332686.22,9995
1781641568,0,129831960,0,164149.70,10057.56,1766399,2551807,3874815,9265151,22446079,173312,834142207,4719722.83,23280806.40,129831960,100,100,100,0,0,0,0,0,0,1275903,3033087,4440063,1456991.30,10057
1781641569,0,129841940,0,163955.03,9979.96,1766399,2551807,3874815,9265151,22446079,173312,834142207,4719482.89,23279930.33,129841940,100,100,100,0,0,0,0,0,0,1380351,2910207,8191999,1598001.74,9980
1781641570,0,129851918,0,163760.83,9977.62,1766399,2551807,3874815,9265151,22446079,173312,834142207,4719228.44,23279054.92,129851918,100,100,100,0,0,0,0,0,0,1247231,2826239,3684351,1408170.24,9978
1781641571,0,129861902,0,163567.15,9984.18,1766399,2551807,3874815,9265151,22446079,173312,834142207,4718982.76,23278177.98,129861902,100,100,100,0,0,0,0,0,0,1335295,3133439,4095999,1523686.49,9984
1781641572,0,129871955,0,163374.03,10052.72,1766399,2551807,3874815,9265151,22446079,173312,834142207,4718743.20,23277296.20,129871955,100,100,100,0,0,0,0,0,0,1282047,3620863,9838591,1624144.20,10053
1781641573,0,129881973,0,163181.36,10018.15,1766399,2551807,3874815,9265151,22446079,173312,834142207,4718492.58,23276417.04,129881973,100,100,100,0,0,0,0,0,0,1307647,2990079,3874815,1469509.38,10018
1781641574,0,129891950,0,162989.12,9977.27,1766399,2551807,3874815,9265151,22446079,173312,834142207,4718230.98,23275543.05,129891950,100,100,100,0,0,0,0,0,0,1142783,2629631,3416063,1312587.57,9977
1781641575,0,129901902,0,162797.33,9951.93,1765375,2551807,3874815,9265151,22446079,173312,834142207,4717981.71,23274671.32,129901902,100,100,100,0,0,0,0,0,0,1295359,2439167,8962047,1464641.78,9952
1781641576,0,129911965,0,162606.16,10063.05,1765375,2549759,3872767,9265151,22446079,173312,834142207,4717730.46,23273788.67,129911965,100,100,100,0,0,0,0,0,0,1263615,3229695,4706303,1474331.79,10063
1781641577,0,129921933,0,162415.33,9967.42,1765375,2549759,3872767,9265151,22446079,173312,834142207,4717477.85,23272914.37,129921933,100,100,100,0,0,0,0,0,0,1329151,2656255,3350527,1425296.91,9968
1781641578,0,129931939,0,162225.06,10006.53,1765375,2549759,3872767,9265151,22429695,173312,834142207,4717232.07,23272036.37,129931939,100,100,100,0,0,0,0,0,0,1343487,2983935,4624383,1525884.77,10006
1781641579,0,129941985,0,162035.28,10045.39,1765375,2549759,3872767,9265151,22429695,173312,834142207,4716980.42,23271155.31,129941985,100,100,100,0,0,0,0,0,0,1284095,2973695,3887103,1462172.53,10046
1781641580,0,129951925,0,161845.87,9940.70,1765375,2549759,3872767,9265151,22429695,173312,834142207,4716722.21,23270284.60,129951925,100,100,100,0,0,0,0,0,0,1242111,2459647,3067903,1341278.18,9940
1781641581,0,129961951,0,161657.02,10025.90,1765375,2549759,3872767,9265151,22429695,173312,834142207,4716465.16,23269406.05,129961951,100,100,100,0,0,0,0,0,0,1304575,2652159,3123199,1384760.33,10026
1781641582,0,129971900,0,161468.50,9946.77,1765375,2549759,3872767,9265151,22429695,173312,834142207,4716221.61,23268533.33,129971900,100,100,100,0,0,0,0,0,0,1319935,3002367,4653055,1534718.67,9949
1781641583,0,129981933,0,161280.64,10035.04,1765375,2549759,3872767,9265151,22429695,173312,834142207,4715963.17,23267654.60,129981933,100,100,100,0,0,0,0,0,0,1235967,2592767,3246079,1368078.98,10033
1781641584,0,129991900,0,161093.02,9961.59,1764351,2549759,3872767,9265151,22429695,173312,834142207,4715711.29,23266781.30,129991900,100,100,100,0,0,0,0,0,0,1262591,2797567,4308991,1430773.92,9967
1781641585,0,130001900,0,160906.09,10004.23,1764351,2549759,3872767,9256959,22429695,173312,834142207,4715467.80,23265904.77,130001900,100,100,100,0,0,0,0,0,0,1361919,3391487,6942719,1550368.20,10000
1781641586,0,130011980,0,160719.67,10081.25,1764351,2549759,3872767,9256959,22429695,173312,834142207,4715210.42,23265022.23,130011980,100,100,100,0,0,0,0,0,0,1238015,2815999,4263935,1395813.12,10080
1781641587,0,130021918,0,160533.50,9938.00,1764351,2549759,3872767,9256959,22429695,173312,834142207,4714952.82,23264152.37,130021918,100,100,100,0,0,0,0,0,0,1232895,2482175,3368959,1344941.21,9938
1781641588,0,130031903,0,160347.85,9984.90,1764351,2549759,3872767,9256959,22429695,173312,834142207,4714715.89,23263277.38,130031903,100,100,100,0,0,0,0,0,0,1414143,3213311,9887743,1629375.83,9985
1781641589,0,130041917,0,160162.71,10014.33,1764351,2549759,3872767,9256959,22429695,173312,834142207,4714460.08,23262400.54,130041917,100,100,100,0,0,0,0,0,0,1313791,2496511,3293183,1392873.08,10014
1781641590,0,130051983,0,159978.07,10065.96,1764351,2549759,3872767,9256959,22429695,173312,834142207,4714201.27,23261519.51,130051983,100,100,100,0,0,0,0,0,0,1286143,2611199,3280895,1370649.39,10066
1781641591,0,130061912,0,159793.71,9928.78,1764351,2549759,3870719,9256959,22413311,173312,834142207,4713954.26,23260650.28,130061912,100,100,100,0,0,0,0,0,0,1290239,2754559,6230015,1478582.29,9929
1781641592,0,130071980,0,159609.99,10068.21,1764351,2549759,3870719,9256959,22413311,173312,834142207,4713699.95,23259768.59,130071980,100,100,100,0,0,0,0,0,0,1342463,2500607,3172351,1428318.17,10068
1781641593,0,130081914,0,159426.55,9934.09,1763327,2547711,3870719,9256959,22413311,173312,834142207,4713447.98,23258898.93,130081914,100,100,100,0,0,0,0,0,0,1310719,2512895,3565567,1414352.31,9934
1781641594,0,130091965,0,159243.70,10050.91,1763327,2547711,3870719,9256959,22413311,173312,834142207,4713201.02,23258019.07,130091965,100,100,100,0,0,0,0,0,0,1298431,3207167,6168575,1516949.50,10051
1781641595,0,130101974,0,159061.25,10008.95,1763327,2547711,3870719,9256959,22413311,173312,834142207,4712951.63,23257142.88,130101974,100,100,100,0,0,0,0,0,0,1301503,2887679,4947967,1471458.52,10009
1781641596,0,130111943,0,158879.20,9969.19,1763327,2547711,3870719,9256959,22413311,173312,834142207,4712704.61,23256270.25,130111943,100,100,100,0,0,0,0,0,0,1324031,2957311,5201919,1489045.16,9969
1781641597,0,130121900,0,158697.48,9952.29,1763327,2547711,3870719,9256959,22413311,173312,834142207,4712456.49,23255398.49,130121900,100,100,100,0,0,0,0,0,0,1352703,2619391,3645439,1470084.62,9957
1781641598,0,130131966,0,158516.52,10070.71,1763327,2547711,3870719,9256959,22413311,173312,834142207,4712209.89,23254517.81,130131966,100,100,100,0,0,0,0,0,0,1338367,3061759,5943295,1524447.96,10066
1781641599,0,130141935,0,158335.79,9968.92,1763327,2547711,3870719,9256959,22413311,173312,834142207,4711955.35,23253645.92,130141935,100,100,100,0,0,0,0,0,0,1295359,2551807,3332095,1389274.94,9969
1781641600,0,130151900,0,158155.48,9964.48,1763327,2547711,3870719,9256959,22413311,173312,834142207,4711704.20,23252774.31,130151900,100,100,100,0,0,0,0,0,0,1294335,2684927,4583423,1431790.22,9965
1781641601,0,130161905,0,157975.69,10005.60,1763327,2547711,3870719,9256959,22413311,173312,834142207,4711466.09,23251900.62,130161905,100,100,100,0,0,0,0,0,0,1312767,3248127,6033407,1613965.39,10005
1781641602,0,130171900,0,157796.30,9994.67,1762303,2547711,3870719,9256959,22413311,173312,834142207,4711205.43,23251027.56,130171900,100,100,100,0,0,0,0,0,0,1200127,2478079,3368959,1316692.16,9995
1781641603,0,130181910,0,157617.37,10010.28,1762303,2547711,3870719,9256959,22413311,173312,834142207,4710947.80,23250152.81,130181910,100,100,100,0,0,0,0,0,0,1259519,2484223,3201023,1360638.56,10010
1781641604,0,130191951,0,157438.91,10041.02,1762303,2547711,3870719,9256959,22396927,173312,834142207,4710709.03,23249274.51,130191951,100,100,100,0,0,0,0,0,0,1342463,3436543,6889471,1615020.66,10041
1781641605,0,130201936,0,157260.81,9985.06,1762303,2547711,3868671,9256959,22396927,173312,834142207,4710453.86,23248402.01,130201936,100,100,100,0,0,0,0,0,0,1245183,2652159,3327999,1383330.47,9985
1781641606,0,130211900,0,157083.07,9961.65,1762303,2547711,3868671,9256959,22396927,173312,834142207,4710209.95,23247530.44,130211900,100,100,100,0,0,0,0,0,0,1359871,3000319,4964351,1523026.86,9964
1781641607,0,130221934,0,156905.93,10036.29,1762303,2547711,3868671,9248767,22396927,173312,834142207,4709984.65,23246659.18,130221934,100,100,100,0,0,0,0,0,0,1310719,3893247,19808255,1786298.73,10034
1781641608,0,130231900,0,156729.07,9964.59,1762303,2547711,3868671,9248767,22396927,173312,834142207,4709731.39,23245788.41,130231900,100,100,100,0,0,0,0,0,0,1309695,2623487,3262463,1400448.21,9966
1781641609,0,130241964,0,156552.80,10065.34,1762303,2547711,3868671,9248767,22396927,173312,834142207,4709473.11,23244909.42,130241964,100,100,100,0,0,0,0,0,0,1283071,2445311,3028991,1367257.58,10064
1781641610,0,130251972,0,156376.87,10008.04,1761279,2545663,3868671,9248767,22396927,173312,834142207,4709217.50,23244035.70,130251972,100,100,100,0,0,0,0,0,0,1230847,2619391,4792319,1382752.53,10008
1781641611,0,130261995,0,156201.37,10022.85,1761279,2545663,3868671,9248767,22396927,173312,834142207,4708973.00,23243160.96,130261995,100,100,100,0,0,0,0,0,0,1254399,3063807,5300223,1531599.41,10023
1781641612,0,130271923,0,156026.17,9928.00,1761279,2545663,3868671,9248767,22396927,173312,834142207,4708724.97,23242293.39,130271923,100,100,100,0,0,0,0,0,0,1355775,2619391,3409919,1454413.58,9928
1781641613,0,130281929,0,155851.50,10006.02,1761279,2545663,3868671,9248767,22396927,173312,834142207,4708471.90,23241419.35,130281929,100,100,100,0,0,0,0,0,0,1353727,2564095,3088383,1413626.32,10006
1781641614,0,130291900,0,155677.18,9970.01,1761279,2545663,3868671,9248767,22396927,173312,834142207,4708228.09,23240548.03,130291900,100,100,100,0,0,0,0,0,0,1314815,3035135,4976639,1522630.55,9971
1781641615,0,130301927,0,155503.38,10028.26,1761279,2545663,3868671,9248767,22396927,173312,834142207,4707981.82,23239671.73,130301927,100,100,100,0,0,0,0,0,0,1338367,2967551,4069375,1507896.53,10027
1781641616,0,130311930,0,155329.94,10002.74,1761279,2545663,3868671,9248767,22396927,173312,834142207,4707729.89,23238798.31,130311930,100,100,100,0,0,0,0,0,0,1320959,2656255,3674111,1426025.33,10003
1781641617,0,130321917,0,155156.90,9987.20,1761279,2545663,3868671,9248767,22380543,173312,834142207,4707500.74,23237928.88,130321917,100,100,100,0,0,0,0,0,0,1374207,3063807,9846783,1717541.22,9987
1781641618,0,130973800,0,155747.40,651230.43,1764351,2551807,3878911,9281535,22396927,173312,834142207,4710596.71,23181559.54,130973800,100,100,100,0,0,0,0,0,0,4087807,12484607,22839295,5329531.59,651883
1781641619,0,131670438,0,156389.97,697149.31,1768447,2557951,3889151,9322495,22527999,173312,834142207,4715582.66,23123351.71,131670438,100,100,100,0,0,0,0,0,0,3829759,15089663,29097983,5652983.21,696638
1781641620,0,132366916,0,157030.72,696591.89,1772543,2564095,3897343,9347071,22495231,173312,834142207,4716253.01,23063832.14,132366916,100,100,100,0,0,0,0,0,0,3581951,12009471,18563071,4842983.19,696478
1781641621,0,133073800,0,157682.25,706871.32,1775615,2570239,3909631,9404415,22544383,173312,834142207,4722645.20,23005722.41,133073800,100,100,100,0,0,0,0,0,0,4190207,14508031,31145983,5919608.13,706884
1781641622,0,133773800,0,158324.08,699944.95,1779711,2576383,3915775,9428991,22593535,173312,834142207,4723475.94,22947645.09,133773800,100,100,100,0,0,0,0,0,0,3405823,12656639,23953407,4881403.89,700000
1781641623,0,134473800,0,158964.40,699957.45,1782783,2582527,3928063,9478143,22708223,173312,834142207,4730100.21,22891515.38,134473800,100,100,100,0,0,0,0,0,0,4007935,17776639,29474815,5996035.03,700000
1781641624,0,135173800,0,159603.20,699963.91,1786879,2588671,3936255,9494527,22740991,173312,834142207,4731327.02,22834298.07,135173800,100,100,100,0,0,0,0,0,0,3545087,13049855,26132479,4967004.15,700000
1781641625,0,135873100,0,160239.64,699129.03,1789951,2594815,3942399,9486335,22675455,173312,834142207,4729449.39,22776189.62,135873100,100,100,100,0,0,0,0,0,0,3661823,8814591,14942207,4366505.12,699300
1781641626,0,136573800,0,160876.37,701047.72,1794047,2598911,3952639,9551871,22855679,173312,834142207,4737800.08,22723810.10,136573800,100,100,100,0,0,0,0,0,0,3540991,19890175,39452671,6357086.67,700700
1781641627,0,137273800,0,161510.67,699980.69,1797119,2605055,3964927,9576447,22888447,173312,834142207,4742838.69,22669065.81,137273800,100,100,100,0,0,0,0,0,0,4255743,14712831,31211519,5725899.18,700000
1781641628,0,137973584,0,162143.26,699851.86,1801215,2613247,3975167,9625599,23085055,173312,834142207,4753706.28,22623039.03,137973584,100,100,100,0,0,0,0,0,0,3928063,20774911,60588031,6885557.38,699784
1781641629,0,138673800,0,162774.65,699518.85,1804287,2619391,3985407,9674751,23183359,173312,834142207,4758904.32,22569156.69,138673800,100,100,100,0,0,0,0,0,0,3919871,17661951,27918335,5783148.79,700216
1781641630,0,139373488,0,163404.33,700387.11,1808383,2625535,3995647,9691135,23134207,173312,834142207,4760666.38,22513594.64,139373488,100,100,100,0,0,0,0,0,0,4124671,10805247,18694143,5109895.75,699688
1781641631,0,140073800,0,164032.96,699893.13,1811455,2629631,4001791,9707519,23085055,173312,834142207,4760380.12,22458758.62,140073800,100,100,100,0,0,0,0,0,0,3389439,11378687,20676607,4703408.90,700312
1781641632,0,140766800,0,164651.77,693319.29,1814527,2633727,4007935,9723903,23150591,173312,834142207,4761742.30,22405702.18,140766800,100,100,100,0,0,0,0,0,0,3643391,13664255,27869183,5037075.62,693000
1781641633,0,141473800,0,165285.23,706379.76,1818623,2639871,4014079,9740287,23150591,173312,834142207,4761603.78,22351400.43,141473800,100,100,100,0,0,0,0,0,0,3553279,11452415,22249471,4734023.46,707000
1781641634,0,142173800,0,165909.22,700025.17,1821695,2643967,4020223,9748479,23199743,173312,834142207,4762403.38,22298532.48,142173800,100,100,100,0,0,0,0,0,0,3510271,15990783,26738687,4924006.87,700000
1781641635,0,142873800,0,166531.77,700062.06,1824767,2650111,4028415,9781247,23199743,173312,834142207,4766730.69,22246745.87,142873800,100,100,100,0,0,0,0,0,0,3737599,17874943,27721727,5645630.83,700000
1781641636,0,143573800,0,167152.92,700256.94,1828863,2654207,4036607,9822207,23330815,173312,834142207,4772128.57,22197260.64,143573800,100,100,100,0,0,0,0,0,0,3610623,18989055,37552127,5873865.04,700000
1781641637,0,144273800,0,167772.56,700007.09,1831935,2660351,4040703,9846783,23347199,173312,834142207,4773377.54,22145260.80,144273800,100,100,100,0,0,0,0,0,0,3538943,11804671,28262399,5029548.24,700000
1781641638,0,144973800,0,168390.80,700169.66,1836031,2664447,4044799,9871359,23330815,173312,834142207,4773157.03,22093616.48,144973800,100,100,100,0,0,0,0,0,0,3211263,13385727,20332543,4727709.01,700000
1781641639,0,145673800,0,169007.42,699506.44,1839103,2670591,4055039,9904127,23379967,173312,834142207,4778197.33,22043742.87,145673800,100,100,100,0,0,0,0,0,0,4081663,15106047,30769151,5822072.12,700000
1781641640,0,146373800,0,169622.81,700185.47,1843199,2676735,4067327,9953279,23560191,173312,834142207,4786339.25,21996818.60,146373800,100,100,100,0,0,0,0,0,0,4120575,21053439,40435711,6480717.19,700000
1781641641,0,147073800,0,170236.72,700019.64,1846271,2680831,4077567,9994239,23658495,173312,834142207,4792166.68,21947913.29,147073800,100,100,100,0,0,0,0,0,0,4091903,16310271,34373631,6010713.38,700000
1781641642,0,147773800,0,170849.16,699824.97,1849343,2684927,4083711,10035199,23773183,173312,834142207,4796404.94,21899147.49,147773800,100,100,100,0,0,0,0,0,0,3672063,16023551,29097983,5686886.24,700000
1781641643,0,148472866,0,171459.33,699707.00,1852415,2691071,4093951,10051583,23724031,173312,834142207,4797570.90,21848676.84,148472866,100,100,100,0,0,0,0,0,0,3932159,12238847,17399807,5044040.91,699066
1781641644,0,149161064,0,172055.25,687738.79,1856511,2695167,4102143,10067967,23805951,173312,834142207,4801128.93,21801533.82,149161064,100,100,100,0,0,0,0,0,0,3737599,15441919,36503551,5568741.71,688198
1781641645,0,149873800,0,172678.21,712778.79,1859583,2701311,4110335,10092543,23789567,173312,834142207,4802210.22,21751188.57,149873800,100,100,100,0,0,0,0,0,0,3653631,13139967,17694719,5028503.22,712736
1781641646,0,150573800,0,173285.14,700250.35,1862655,2705407,4116479,10108927,23855103,173312,834142207,4804664.01,21703619.71,150573800,100,100,100,0,0,0,0,0,0,3536895,12075007,31293439,5330034.06,700000
1781641647,0,151273800,0,173890.61,700018.04,1866751,2709503,4124671,10108927,23855103,173312,834142207,4805652.37,21654894.61,151273800,100,100,100,0,0,0,0,0,0,3811327,9912319,23085055,5018252.59,700000
1781641648,0,151953042,0,174470.80,679053.94,1869823,2715647,4132863,10125311,23822335,173312,834142207,4807781.16,21608263.13,151953042,100,100,100,0,0,0,0,0,0,3803135,13131775,23019519,5281884.79,679242
1781641649,0,152673800,0,175097.38,720997.41,1872895,2721791,4145151,10166271,23920639,173312,834142207,4814271.66,21560970.59,152673800,100,100,100,0,0,0,0,0,0,4255743,19431423,31506431,6182624.32,720758
1781641650,0,153373800,0,175698.65,699871.03,1875967,2725887,4149247,10182655,23904255,173312,834142207,4815089.87,21513596.67,153373800,100,100,100,0,0,0,0,0,0,3551231,12967935,21938175,4993544.74,700000
1781641651,0,154073800,0,176298.62,700124.53,1879039,2729983,4157439,10190847,23920639,173312,834142207,4816765.01,21466504.37,154073800,100,100,100,0,0,0,0,0,0,3993599,12001279,24379391,5183798.72,700000
1781641652,0,154773800,0,176897.03,699469.59,1882111,2736127,4165631,10207231,23887871,173312,834142207,4818003.74,21419187.93,154773800,100,100,100,0,0,0,0,0,0,3823615,11862015,19464191,5090653.96,700000
1781641653,0,155473800,0,177494.36,700474.27,1886207,2740223,4175871,10239999,23986175,173312,834142207,4824286.76,21375145.65,155473800,100,100,100,0,0,0,0,0,0,4034559,21479423,33816575,6213497.62,700000
1781641654,0,156173800,0,178090.10,699697.19,1889279,2746367,4184063,10280959,23953407,173312,834142207,4826861.87,21328680.21,156173800,100,100,100,0,0,0,0,0,0,4108287,13574143,20725759,5398807.17,700000
1781641655,0,156873800,0,178684.58,700017.31,1892351,2750463,4192255,10280959,23937023,173312,834142207,4826989.27,21282376.38,156873800,100,100,100,0,0,0,0,0,0,3663871,10838015,19922943,4855412.29,700000
1781641656,0,157573800,0,179277.81,700391.61,1895423,2754559,4198399,10289151,23904255,173312,834142207,4827550.84,21236494.12,157573800,100,100,100,0,0,0,0,0,0,3684351,11517951,21725183,4953402.63,700000
1781641657,0,158273800,0,179869.48,699635.21,1898495,2760703,4210687,10297343,23953407,173312,834142207,4830021.35,21191456.09,158273800,100,100,100,0,0,0,0,0,0,4218879,13795327,25378815,5386145.59,700000
1781641658,0,158973800,0,180459.84,699768.66,1902591,2764799,4214783,10313727,23937023,173312,834142207,4830871.47,21146262.46,158973800,100,100,100,0,0,0,0,0,0,3663871,11509759,20512767,5023089.30,700000
1781641659,0,159673800,0,181048.93,700015.46,1905663,2768895,4222975,10338303,24051711,173312,834142207,4837471.71,21107097.13,159673800,100,100,100,0,0,0,0,0,0,3868671,17317887,48627711,6336421.26,700000
1781641660,0,160373800,0,181636.75,700226.76,1908735,2775039,4231167,10379263,24035327,173312,834142207,4840651.78,21062932.25,160373800,100,100,100,0,0,0,0,0,0,4005887,15327231,21970943,5566043.20,700000
1781641661,0,161073800,0,182223.22,700122.33,1911807,2779135,4239359,10403839,24051711,173312,834142207,4844634.64,21019535.25,161073800,100,100,100,0,0,0,0,0,0,4239359,15638527,24461311,5757129.34,700000
1781641662,0,161773800,0,182808.25,699768.57,1915903,2783231,4247551,10436607,24051711,173312,834142207,4847312.76,20976206.33,161773800,100,100,100,0,0,0,0,0,0,3813375,16908287,23560191,5463563.05,700000
1781641663,0,162473800,0,183391.99,699871.00,1918975,2787327,4255743,10436607,24002559,173312,834142207,4846530.23,20931967.06,162473800,100,100,100,0,0,0,0,0,0,3725311,10215423,19693567,4665683.69,700000
1781641664,0,163171556,0,183972.11,698377.89,1922047,2791423,4259839,10444799,23969791,173312,834142207,4846484.92,20888141.80,163171556,100,100,100,0,0,0,0,0,0,3768319,11624447,16310271,4835934.97,697756
1781641665,0,163873800,0,184555.78,702206.49,1924095,2795519,4268031,10461183,23969791,173312,834142207,4847256.85,20845311.59,163873800,100,100,100,0,0,0,0,0,0,3495935,15843327,23740415,5026620.36,702244
1781641666,0,164573800,0,185135.61,699964.09,1928191,2799615,4272127,10469375,23937023,173312,834142207,4849300.45,20802458.88,164573800,100,100,100,0,0,0,0,0,0,3930111,11329535,21315583,5327717.18,700000
1781641667,0,165273800,0,185713.99,699458.98,1931263,2803711,4280319,10452991,23920639,173312,834142207,4848964.65,20759487.89,165273800,100,100,100,0,0,0,0,0,0,3753983,9478143,19972095,4770015.57,700000
1781641668,0,165966800,0,186283.53,693520.10,1934335,2807807,4288511,10452991,23937023,173312,834142207,4849158.63,20717721.76,165966800,100,100,100,0,0,0,0,0,0,3844095,10567679,25231359,4895421.09,693000
1781641669,0,166673800,0,186867.29,706836.69,1936383,2811903,4292607,10469375,24002559,173312,834142207,4850710.41,20676767.72,166673800,100,100,100,0,0,0,0,0,0,3270655,17629183,28475391,5214989.00,707000
1781641670,0,167373800,0,187441.95,700004.24,1939455,2815999,4300799,10477567,24018943,173312,834142207,4853043.67,20635796.11,167373800,100,100,100,0,0,0,0,0,0,4198399,13246463,27164671,5408604.19,700000
1781641671,0,168073800,0,188015.32,700020.14,1942527,2820095,4308991,10518527,24035327,173312,834142207,4857206.51,20595354.16,168073800,100,100,100,0,0,0,0,0,0,3909631,17022975,24117247,5852564.00,700000
1781641672,0,168773800,0,188587.46,700149.81,1945599,2824191,4313087,10518527,24018943,173312,834142207,4857218.43,20554085.24,168773800,100,100,100,0,0,0,0,0,0,3768319,9814015,20692991,4860081.95,700000
1781641673,0,169473800,0,189158.26,699952.82,1948671,2828287,4325375,10551295,24084479,173312,834142207,4862828.73,20515275.66,169473800,100,100,100,0,0,0,0,0,0,4194303,17956863,33439743,6215501.81,700000
1781641674,0,170173800,0,189727.81,700034.31,1950719,2830335,4329471,10575871,24150015,173312,834142207,4866044.97,20476516.50,170173800,100,100,100,0,0,0,0,0,0,3733503,16637951,34013183,5644713.56,700000
1781641675,0,170873800,0,190295.97,699624.33,1953791,2834431,4337663,10584063,24117247,173312,834142207,4867291.39,20436058.45,170873800,100,100,100,0,0,0,0,0,0,3837951,14098431,19939327,5170304.67,700000
1781641676,0,171573800,0,190862.94,699888.20,1956863,2838527,4341759,10600447,24117247,173312,834142207,4868572.44,20396168.68,171573800,100,100,100,0,0,0,0,0,0,3663871,12951551,23560191,5181281.84,700000
1781641677,0,172273800,0,191428.80,700380.29,1959935,2842623,4349951,10657791,24264703,173312,834142207,4877139.81,20361527.18,172273800,100,100,100,0,0,0,0,0,0,4116479,24018943,40796159,6977050.32,700000
1781641678,0,172332300,0,191281.15,58471.04,1959935,2842623,4349951,10657791,24264703,173312,834142207,4876655.63,20358124.07,172332300,100,100,100,0,0,0,0,0,0,2795519,8634367,9060351,3450795.88,58500
1781641679,0,172342300,0,191080.30,10006.30,1959935,2842623,4349951,10657791,24264703,173312,834142207,4876447.46,20357552.33,172342300,100,100,100,0,0,0,0,0,0,1163263,2387967,3203071,1289080.79,10000
1781641680,0,172352300,0,190879.59,9992.30,1959935,2842623,4349951,10657791,24264703,173312,834142207,4876247.65,20356979.48,172352300,100,100,100,0,0,0,0,0,0,1292287,2742271,4206591,1432660.82,10000
1781641681,0,172362300,0,190679.57,10004.27,1959935,2842623,4349951,10657791,24264703,173312,834142207,4876041.62,20356407.53,172362300,100,100,100,0,0,0,0,0,0,1175551,2639871,3231743,1325151.70,10000
1781641682,0,172372300,0,190479.91,9999.58,1959935,2842623,4349951,10657791,24264703,173312,834142207,4875865.33,20355839.64,172372300,100,100,100,0,0,0,0,0,0,1323007,3379199,14065663,1837235.45,10000
1781641683,0,172382300,0,190280.71,10001.20,1958911,2842623,4349951,10657791,24248319,173312,834142207,4875660.05,20355267.54,172382300,100,100,100,0,0,0,0,0,0,1252351,2437119,3153919,1337108.52,10000
1781641684,0,172392300,0,190081.82,9994.56,1958911,2842623,4349951,10657791,24248319,173312,834142207,4875453.50,20354695.81,172392300,100,100,100,0,0,0,0,0,0,1196031,2543615,3450879,1314977.11,10000
1781641685,0,172402300,0,189883.48,10000.14,1958911,2842623,4349951,10657791,24248319,173312,834142207,4875249.37,20354123.96,172402300,100,100,100,0,0,0,0,0,0,1217535,2607103,4562943,1356217.86,10000
1781641686,0,172412300,0,189685.77,10009.60,1958911,2840575,4349951,10649599,24248319,173312,834142207,4875050.87,20353551.39,172412300,100,100,100,0,0,0,0,0,0,1291263,3014655,4595711,1452914.88,10000
1781641687,0,172422300,0,189488.16,9992.91,1958911,2840575,4349951,10649599,24248319,173312,834142207,4874855.53,20352978.47,172422300,100,100,100,0,0,0,0,0,0,1337343,3108863,4980735,1506860.88,10000
1781641688,0,172432300,0,189291.26,10006.66,1958911,2840575,4349951,10649599,24248319,173312,834142207,4874652.91,20352407.21,172432300,100,100,100,0,0,0,0,0,0,1147903,2639871,6897663,1381037.38,10000
1781641689,0,172442300,0,189094.54,9994.45,1958911,2840575,4349951,10649599,24248319,173312,834142207,4874452.16,20351835.15,172442300,100,100,100,0,0,0,0,0,0,1241087,2897919,4812799,1412883.53,10000
1781641690,0,172452300,0,188898.48,10005.43,1958911,2840575,4349951,10649599,24248319,173312,834142207,4874245.82,20351263.65,172452300,100,100,100,0,0,0,0,0,0,1211391,2424831,3162111,1316092.49,10000
1781641691,0,172462241,0,188702.69,9942.25,1958911,2840575,4349951,10649599,24248319,173312,834142207,4874037.99,20350696.16,172462241,100,100,100,0,0,0,0,0,0,1141759,2459647,3129343,1268615.29,9941
1781641692,0,172472300,0,188507.34,10053.94,1957887,2840575,4349951,10649599,24248319,173312,834142207,4873833.64,20350121.91,172472300,100,100,100,0,0,0,0,0,0,1183743,2600959,3823615,1370254.27,10059
1781641693,0,172482300,0,188312.52,10003.51,1957887,2840575,4349951,10649599,24248319,173312,834142207,4873626.62,20349550.76,172482300,100,100,100,0,0,0,0,0,0,1199103,2445311,3311615,1303191.80,10000
1781641694,0,172492300,0,188118.01,9998.00,1957887,2840575,4349951,10649599,24248319,173312,834142207,4873421.60,20348979.34,172492300,100,100,100,0,0,0,0,0,0,1195007,2635775,3741695,1337177.03,10000
1781641695,0,172502300,0,187923.92,9997.85,1957887,2840575,4349951,10649599,24248319,173312,834142207,4873221.14,20348407.51,172502300,100,100,100,0,0,0,0,0,0,1215487,3088383,4159487,1415437.70,10000
1781641696,0,172512300,0,187730.28,9998.91,1957887,2840575,4349951,10649599,24248319,173312,834142207,4873023.94,20347834.92,172512300,100,100,100,0,0,0,0,0,0,1358847,2717695,3717119,1471330.02,10000
1781641697,0,172522300,0,187537.16,10003.60,1957887,2840575,4349951,10649599,24248319,173312,834142207,4872822.98,20347263.87,172522300,100,100,100,0,0,0,0,0,0,1232895,2559999,3219455,1405967.34,10000
1781641698,0,172532300,0,187344.34,9998.14,1957887,2840575,4349951,10649599,24248319,173312,834142207,4872623.24,20346692.26,172532300,100,100,100,0,0,0,0,0,0,1263615,2564095,6205439,1426615.47,10000
1781641699,0,172542300,0,187151.97,9999.43,1957887,2840575,4349951,10649599,24248319,173312,834142207,4872416.63,20346121.24,172542300,100,100,100,0,0,0,0,0,0,1192959,2519039,3041279,1307745.73,10000
1781641700,0,172552300,0,186960.08,10002.55,1956863,2840575,4349951,10649599,24248319,173312,834142207,4872215.89,20345549.53,172552300,100,100,100,0,0,0,0,0,0,1273855,2807807,3670015,1408660.54,10000
1781641701,0,172562300,0,186768.55,9999.98,1956863,2840575,4349951,10649599,24248319,173312,834142207,4872015.98,20344979.49,172562300,100,100,100,0,0,0,0,0,0,1138687,2613247,9535487,1422453.57,10000
1781641702,0,172572300,0,186577.48,10002.28,1956863,2840575,4349951,10649599,24248319,173312,834142207,4871809.72,20344408.71,172572300,100,100,100,0,0,0,0,0,0,1202175,2490367,3788799,1312465.83,10000
1781641703,0,172582300,0,186386.67,9994.40,1956863,2840575,4345855,10649599,24248319,173312,834142207,4871601.27,20343838.25,172582300,100,100,100,0,0,0,0,0,0,1165311,2496511,3098623,1274421.38,10000
1781641704,0,172592300,0,186196.40,10001.39,1956863,2838527,4345855,10649599,24248319,173312,834142207,4871395.75,20343267.40,172592300,100,100,100,0,0,0,0,0,0,1183743,2559999,3178495,1324550.04,10000
1781641705,0,172602300,0,186006.42,9994.88,1956863,2838527,4345855,10649599,24248319,173312,834142207,4871197.65,20342695.66,172602300,100,100,100,0,0,0,0,0,0,1318911,2727935,4960255,1452118.23,10000
1781641706,0,172612300,0,185817.13,10009.01,1956863,2838527,4345855,10649599,24248319,173312,834142207,4870991.29,20342125.09,172612300,100,100,100,0,0,0,0,0,0,1160191,2512895,3905535,1309136.12,10000
1781641707,0,172622300,0,185628.05,9999.35,1956863,2838527,4345855,10649599,24248319,173312,834142207,4870783.50,20341554.76,172622300,100,100,100,0,0,0,0,0,0,1156095,2588671,3289087,1283999.15,10000
1781641708,0,172632300,0,185439.29,9994.39,1956863,2838527,4345855,10641407,24248319,173312,834142207,4870591.35,20340985.68,172632300,100,100,100,0,0,0,0,0,0,1269759,2600959,12918783,1553799.35,10000
1781641709,0,172642300,0,185251.11,10003.86,1955839,2838527,4345855,10641407,24248319,173312,834142207,4870388.77,20340414.73,172642300,100,100,100,0,0,0,0,0,0,1251327,2582527,3948543,1373145.82,10000
1781641710,0,172652300,0,185063.29,10001.43,1955839,2838527,4345855,10641407,24248319,173312,834142207,4870185.92,20339843.68,172652300,100,100,100,0,0,0,0,0,0,1294335,2551807,3186687,1368115.16,10000
1781641711,0,172662300,0,184875.83,9999.38,1955839,2838527,4345855,10641407,24248319,173312,834142207,4869989.29,20339274.19,172662300,100,100,100,0,0,0,0,0,0,1220607,2707455,7626751,1475078.71,10000
1781641712,0,172672300,0,184688.72,9996.87,1955839,2838527,4345855,10641407,24248319,173312,834142207,4869785.02,20338703.49,172672300,100,100,100,0,0,0,0,0,0,1272831,2353151,3274751,1342919.47,10000
1781641713,0,172682300,0,184502.06,9999.08,1955839,2838527,4345855,10641407,24248319,173312,834142207,4869589.27,20338131.62,172682300,100,100,100,0,0,0,0,0,0,1367039,2885631,3639295,1489480.45,10000
1781641714,0,172692300,0,184315.89,10004.17,1955839,2838527,4345855,10641407,24231935,173312,834142207,4869388.40,20337561.00,172692300,100,100,100,0,0,0,0,0,0,1232895,2658303,4947967,1400620.49,10000
1781641715,0,172702300,0,184129.93,9994.18,1955839,2838527,4345855,10641407,24231935,173312,834142207,4869183.91,20336990.77,172702300,100,100,100,0,0,0,0,0,0,1146879,2826239,4165631,1337796.96,10000
1781641716,0,172712300,0,183944.53,10002.85,1955839,2838527,4345855,10641407,24231935,173312,834142207,4868982.01,20336419.91,172712300,100,100,100,0,0,0,0,0,0,1267711,2643967,3348479,1382172.22,10000
1781641717,0,172722300,0,183759.41,9996.92,1954815,2838527,4345855,10641407,24231935,173312,834142207,4868778.31,20335849.60,172722300,100,100,100,0,0,0,0,0,0,1207295,2582527,3434495,1350652.11,10000
1781641718,0,172732300,0,183574.78,10001.61,1954815,2838527,4345855,10641407,24231935,173312,834142207,4868586.65,20335281.83,172732300,100,100,100,0,0,0,0,0,0,1191935,3180543,12500991,1558126.91,10000
1781641719,0,172742300,0,183390.54,10002.23,1954815,2838527,4345855,10641407,24231935,173312,834142207,4868379.24,20334712.05,172742300,100,100,100,0,0,0,0,0,0,1180671,2463743,3416063,1285744.67,10000
1781641720,0,172752300,0,183206.59,9996.36,1954815,2838527,4345855,10641407,24231935,173312,834142207,4868176.51,20334141.62,172752300,100,100,100,0,0,0,0,0,0,1239039,2691071,3825663,1366184.62,10000
1781641721,0,172762300,0,183023.21,10005.92,1954815,2838527,4345855,10641407,24231935,173312,834142207,4867986.09,20333571.12,172762300,100,100,100,0,0,0,0,0,0,1311743,3117055,6991871,1578534.82,10000
1781641722,0,172772300,0,182839.99,9993.99,1954815,2838527,4345855,10641407,24231935,173312,834142207,4867781.38,20333001.03,172772300,100,100,100,0,0,0,0,0,0,1228799,2480127,3276799,1331187.74,10000
1781641723,0,172782300,0,182657.37,10005.34,1954815,2836479,4345855,10641407,24231935,173312,834142207,4867577.11,20332430.98,172782300,100,100,100,0,0,0,0,0,0,1234943,2588671,3133439,1338233.24,10000
1781641724,0,172792300,0,182475.04,9999.85,1954815,2836479,4345855,10641407,24231935,173312,834142207,4867374.99,20331861.06,172792300,100,100,100,0,0,0,0,0,0,1211391,2660351,5677055,1375133.56,10000
1781641725,0,172802300,0,182293.01,9995.73,1954815,2836479,4345855,10641407,24231935,173312,834142207,4867172.21,20331290.88,172802300,100,100,100,0,0,0,0,0,0,1221631,2689023,3510271,1363393.91,10000
1781641726,0,172812300,0,182111.52,10003.89,1953791,2836479,4345855,10641407,24231935,173312,834142207,4866967.97,20330721.08,172812300,100,100,100,0,0,0,0,0,0,1159167,2779135,3983359,1337632.80,10000
1781641727,0,172822300,0,181930.36,10000.98,1953791,2836479,4345855,10641407,24231935,173312,834142207,4866774.35,20330149.70,172822300,100,100,100,0,0,0,0,0,0,1393663,2861055,4669439,1520766.25,10000
1781641728,0,172832300,0,181749.44,9994.04,1953791,2836479,4345855,10641407,24231935,173312,834142207,4866578.77,20329579.70,172832300,100,100,100,0,0,0,0,0,0,1264639,2631679,9265151,1486475.60,10000
1781641729,0,172842300,0,181569.12,10005.29,1953791,2836479,4345855,10641407,24231935,173312,834142207,4866373.41,20329009.98,172842300,100,100,100,0,0,0,0,0,0,1233919,2357247,3129343,1317053.06,10000
1781641730,0,172852300,0,181388.97,9994.58,1953791,2836479,4345855,10633215,24231935,173312,834142207,4866172.89,20328439.68,172852300,100,100,100,0,0,0,0,0,0,1307647,2574335,3448831,1400347.01,10000
1781641731,0,172862300,0,181209.41,10005.29,1953791,2836479,4345855,10633215,24231935,173312,834142207,4865975.71,20327869.99,172862300,100,100,100,0,0,0,0,0,0,1228799,2652159,7495679,1457738.48,10000
1781641732,0,172872300,0,181030.14,10000.95,1953791,2836479,4345855,10633215,24231935,165760,834142207,4865769.12,20327300.74,172872300,100,100,100,0,0,0,0,0,0,1199103,2471935,3426303,1294613.04,10000
1781641733,0,172882300,0,180851.18,9997.83,1953791,2836479,4341759,10633215,24231935,165760,834142207,4865563.50,20326731.57,172882300,100,100,100,0,0,0,0,0,0,1176575,2457599,3334143,1310888.09,10000
1781641734,0,172892300,0,180672.58,9996.30,1952767,2836479,4341759,10633215,24231935,165760,834142207,4865366.47,20326162.71,172892300,100,100,100,0,0,0,0,0,0,1232895,2916351,10354687,1459088.18,10000
1781641735,0,172902300,0,180494.54,10007.00,1952767,2836479,4341759,10633215,24231935,165760,834142207,4865156.75,20325594.05,172902300,100,100,100,0,0,0,0,0,0,1177599,2217983,2777087,1239193.26,10000
1781641736,0,172912300,0,180316.61,9992.65,1952767,2836479,4341759,10633215,24231935,165760,834142207,4864953.03,20325024.62,172912300,100,100,100,0,0,0,0,0,0,1226751,2459647,3663871,1342660.50,10000
1781641737,0,172922300,0,180139.17,9999.26,1952767,2836479,4341759,10633215,24231935,165760,834142207,4864753.27,20324455.07,172922300,100,100,100,0,0,0,0,0,0,1239039,2744319,6385663,1410748.49,10000
1781641738,0,172922900,0,179952.50,600.54,1952767,2836479,4341759,10633215,24231935,165760,834142207,4864740.22,20324421.02,172922900,100,100,100,0,0,0,0,0,0,1134591,1568767,1882111,1102631.89,600
