timestamp,sent_count,received_count,error_count,total_throughput,interval_throughput,latency_ns_p25,latency_ns_p50,latency_ns_p75,latency_ns_p95,latency_ns_p99,latency_ns_min,latency_ns_max,latency_ns_mean,latency_ns_stddev,latency_sample_count,connections,active_connections,connection_attempts,connection_failures,crashes_injected,reconnects,reconnect_failures,duplicate_count,gap_count,interval_latency_ns_p50,interval_latency_ns_p95,interval_latency_ns_p99,interval_latency_ns_mean,interval_latency_sample_count
1781640716,0,0,0,0.00,0.00,0,0,0,0,0,0,0,0.00,0.00,0,0,0,1,0,0,0,0,0,0,0,0,0,0.00,0
1781640717,0,0,0,0.00,0.00,0,0,0,0,0,0,0,0.00,0.00,0,2,2,2,0,0,0,0,0,0,0,0,0,0.00,0
1781640718,0,0,0,0.00,0.00,0,0,0,0,0,0,0,0.00,0.00,0,4,4,4,0,0,0,0,0,0,0,0,0,0.00,0
1781640719,0,0,0,0.00,0.00,0,0,0,0,0,0,0,0.00,0.00,0,5,5,5,0,0,0,0,0,0,0,0,0,0.00,0
1781640720,0,0,0,0.00,0.00,0,0,0,0,0,0,0,0.00,0.00,0,7,7,7,0,0,0,0,0,0,0,0,0,0.00,0
1781640721,0,0,0,0.00,0.00,0,0,0,0,0,0,0,0.00,0.00,0,9,9,9,0,0,0,0,0,0,0,0,0,0.00,0
1781640722,0,0,0,0.00,0.00,0,0,0,0,0,0,0,0.00,0.00,0,10,10,10,0,0,0,0,0,0,0,0,0,0.00,0
1781640723,0,0,0,0.00,0.00,0,0,0,0,0,0,0,0.00,0.00,0,12,12,12,0,0,0,0,0,0,0,0,0,0.00,0
1781640724,0,0,0,0.00,0.00,0,0,0,0,0,0,0,0.00,0.00,0,14,14,14,0,0,0,0,0,0,0,0,0,0.00,0
1781640725,0,0,0,0.00,0.00,0,0,0,0,0,0,0,0.00,0.00,0,15,15,15,0,0,0,0,0,0,0,0,0,0.00,0
1781640726,0,0,0,0.00,0.00,0,0,0,0,0,0,0,0.00,0.00,0,17,17,17,0,0,0,0,0,0,0,0,0,0.00,0
1781640727,0,0,0,0.00,0.00,0,0,0,0,0,0,0,0.00,0.00,0,19,19,19,0,0,0,0,0,0,0,0,0,0.00,0
1781640728,0,0,0,0.00,0.00,0,0,0,0,0,0,0,0.00,0.00,0,20,20,20,0,0,0,0,0,0,0,0,0,0.00,0
1781640729,0,0,0,0.00,0.00,0,0,0,0,0,0,0,0.00,0.00,0,22,22,22,0,0,0,0,0,0,0,0,0,0.00,0
1781640730,0,0,0,0.00,0.00,0,0,0,0,0,0,0,0.00,0.00,0,24,24,24,0,0,0,0,0,0,0,0,0,0.00,0
1781640731,0,0,0,0.00,0.00,0,0,0,0,0,0,0,0.00,0.00,0,25,25,25,0,0,0,0,0,0,0,0,0,0.00,0
1781640732,0,0,0,0.00,0.00,0,0,0,0,0,0,0,0.00,0.00,0,27,27,27,0,0,0,0,0,0,0,0,0,0.00,0
1781640733,0,0,0,0.00,0.00,0,0,0,0,0,0,0,0.00,0.00,0,29,29,29,0,0,0,0,0,0,0,0,0,0.00,0
1781640734,0,0,0,0.00,0.00,0,0,0,0,0,0,0,0.00,0.00,0,30,30,30,0,0,0,0,0,0,0,0,0,0.00,0
1781640735,0,0,0,0.00,0.00,0,0,0,0,0,0,0,0.00,0.00,0,32,32,32,0,0,0,0,0,0,0,0,0,0.00,0
1781640736,0,0,0,0.00,0.00,0,0,0,0,0,0,0,0.00,0.00,0,33,33,33,0,0,0,0,0,0,0,0,0,0.00,0
1781640737,0,0,0,0.00,0.00,0,0,0,0,0,0,0,0.00,0.00,0,35,35,35,0,0,0,0,0,0,0,0,0,0.00,0
1781640738,0,0,0,0.00,0.00,0,0,0,0,0,0,0,0.00,0.00,0,37,37,37,0,0,0,0,0,0,0,0,0,0.00,0
1781640739,0,0,0,0.00,0.00,0,0,0,0,0,0,0,0.00,0.00,0,38,38,38,0,0,0,0,0,0,0,0,0,0.00,0
1781640740,0,0,0,0.00,0.00,0,0,0,0,0,0,0,0.00,0.00,0,40,40,40,0,0,0,0,0,0,0,0,0,0.00,0
1781640741,0,0,0,0.00,0.00,0,0,0,0,0,0,0,0.00,0.00,0,42,42,42,0,0,0,0,0,0,0,0,0,0.00,0
1781640742,0,0,0,0.00,0.00,0,0,0,0,0,0,0,0.00,0.00,0,43,43,43,0,0,0,0,0,0,0,0,0,0.00,0
1781640743,0,0,0,0.00,0.00,0,0,0,0,0,0,0,0.00,0.00,0,45,45,45,0,0,0,0,0,0,0,0,0,0.00,0
1781640744,0,0,0,0.00,0.00,0,0,0,0,0,0,0,0.00,0.00,0,47,47,47,0,0,0,0,0,0,0,0,0,0.00,0
1781640745,0,0,0,0.00,0.00,0,0,0,0,0,0,0,0.00,0.00,0,48,48,48,0,0,0,0,0,0,0,0,0,0.00,0
1781640746,0,0,0,0.00,0.00,0,0,0,0,0,0,0,0.00,0.00,0,50,50,50,0,0,0,0,0,0,0,0,0,0.00,0
1781640747,0,0,0,0.00,0.00,0,0,0,0,0,0,0,0.00,0.00,0,52,52,52,0,0,0,0,0,0,0,0,0,0.00,0
1781640748,0,0,0,0.00,0.00,0,0,0,0,0,0,0,0.00,0.00,0,53,53,53,0,0,0,0,0,0,0,0,0,0.00,0
1781640749,0,0,0,0.00,0.00,0,0,0,0,0,0,0,0.00,0.00,0,55,55,55,0,0,0,0,0,0,0,0,0,0.00,0
1781640750,0,0,0,0.00,0.00,0,0,0,0,0,0,0,0.00,0.00,0,56,56,56,0,0,0,0,0,0,0,0,0,0.00,0
1781640751,0,0,0,0.00,0.00,0,0,0,0,0,0,0,0.00,0.00,0,58,58,58,0,0,0,0,0,0,0,0,0,0.00,0
1781640752,0,0,0,0.00,0.00,0,0,0,0,0,0,0,0.00,0.00,0,60,60,60,0,0,0,0,0,0,0,0,0,0.00,0
1781640753,0,0,0,0.00,0.00,0,0,0,0,0,0,0,0.00,0.00,0,61,61,61,0,0,0,0,0,0,0,0,0,0.00,0
1781640754,0,0,0,0.00,0.00,0,0,0,0,0,0,0,0.00,0.00,0,63,63,63,0,0,0,0,0,0,0,0,0,0.00,0
1781640755,0,0,0,0.00,0.00,0,0,0,0,0,0,0,0.00,0.00,0,65,65,65,0,0,0,0,0,0,0,0,0,0.00,0
1781640756,0,0,0,0.00,0.00,0,0,0,0,0,0,0,0.00,0.00,0,66,66,66,0,0,0,0,0,0,0,0,0,0.00,0
1781640757,0,0,0,0.00,0.00,0,0,0,0,0,0,0,0.00,0.00,0,68,68,68,0,0,0,0,0,0,0,0,0,0.00,0
1781640758,0,0,0,0.00,0.00,0,0,0,0,0,0,0,0.00,0.00,0,70,70,70,0,0,0,0,0,0,0,0,0,0.00,0
1781640759,0,0,0,0.00,0.00,0,0,0,0,0,0,0,0.00,0.00,0,71,71,71,0,0,0,0,0,0,0,0,0,0.00,0
1781640760,0,0,0,0.00,0.00,0,0,0,0,0,0,0,0.00,0.00,0,73,73,73,0,0,0,0,0,0,0,0,0,0.00,0
1781640761,0,0,0,0.00,0.00,0,0,0,0,0,0,0,0.00,0.00,0,75,75,75,0,0,0,0,0,0,0,0,0,0.00,0
1781640762,0,0,0,0.00,0.00,0,0,0,0,0,0,0,0.00,0.00,0,76,76,76,0,0,0,0,0,0,0,0,0,0.00,0
1781640763,0,0,0,0.00,0.00,0,0,0,0,0,0,0,0.00,0.00,0,78,78,78,0,0,0,0,0,0,0,0,0,0.00,0
1781640764,0,0,0,0.00,0.00,0,0,0,0,0,0,0,0.00,0.00,0,80,80,80,0,0,0,0,0,0,0,0,0,0.00,0
1781640765,0,0,0,0.00,0.00,0,0,0,0,0,0,0,0.00,0.00,0,81,81,81,0,0,0,0,0,0,0,0,0,0.00,0
1781640766,0,0,0,0.00,0.00,0,0,0,0,0,0,0,0.00,0.00,0,83,83,83,0,0,0,0,0,0,0,0,0,0.00,0
1781640767,0,0,0,0.00,0.00,0,0,0,0,0,0,0,0.00,0.00,0,84,84,84,0,0,0,0,0,0,0,0,0,0.00,0
1781640768,0,0,0,0.00,0.00,0,0,0,0,0,0,0,0.00,0.00,0,86,86,86,0,0,0,0,0,0,0,0,0,0.00,0
1781640769,0,0,0,0.00,0.00,0,0,0,0,0,0,0,0.00,0.00,0,88,88,88,0,0,0,0,0,0,0,0,0,0.00,0
1781640770,0,0,0,0.00,0.00,0,0,0,0,0,0,0,0.00,0.00,0,89,89,89,0,0,0,0,0,0,0,0,0,0.00,0
1781640771,0,0,0,0.00,0.00,0,0,0,0,0,0,0,0.00,0.00,0,91,91,91,0,0,0,0,0,0,0,0,0,0.00,0
1781640772,0,0,0,0.00,0.00,0,0,0,0,0,0,0,0.00,0.00,0,93,93,93,0,0,0,0,0,0,0,0,0,0.00,0
1781640773,0,0,0,0.00,0.00,0,0,0,0,0,0,0,0.00,0.00,0,94,94,94,0,0,0,0,0,0,0,0,0,0.00,0
1781640774,0,0,0,0.00,0.00,0,0,0,0,0,0,0,0.00,0.00,0,96,96,96,0,0,0,0,0,0,0,0,0,0.00,0
1781640775,0,0,0,0.00,0.00,0,0,0,0,0,0,0,0.00,0.00,0,98,98,98,0,0,0,0,0,0,0,0,0,0.00,0
1781640776,0,0,0,0.00,0.00,0,0,0,0,0,0,0,0.00,0.00,0,99,99,99,0,0,0,0,0,0,0,0,0,0.00,0
1781640777,0,0,0,0.00,0.00,0,0,0,0,0,0,0,0.00,0.00,0,100,100,100,0,0,0,0,0,0,0,0,0,0.00,0
1781640778,0,2000,0,2142.04,2000.07,793087,1166335,1485823,2529279,3528703,305152,4481023,1242466.24,644610.18,2000,100,100,100,0,0,0,0,0,0,1166335,2529279,3528703,1242466.24,2000
1781640779,0,4000,0,2068.21,1999.31,790527,1140735,1466367,2275327,3178495,305152,4481023,1198282.05,567778.28,4000,100,100,100,0,0,0,0,0,0,1111039,2077695,2723839,1154097.86,2000
1781640780,0,6000,0,2044.60,1998.94,799743,1147903,1478655,2215935,3018751,305152,4481023,1197826.11,542271.74,6000,100,100,100,0,0,0,0,0,0,1161215,2107391,2656255,1196914.24,2000
1781640781,0,8000,0,2033.60,2001.32,802815,1143807,1476607,2109439,2934783,305152,4481023,1186573.04,513585.41,8000,100,100,100,0,0,0,0,0,0,1131519,1860607,2152447,1152813.82,2000
1781640782,0,10000,0,2026.78,1999.96,799231,1133567,1458175,2025471,2824191,305152,4481023,1170425.65,492896.48,10000,100,100,100,0,0,0,0,0,0,1085439,1725439,2084863,1105836.10,2000
1781640783,0,12000,0,2022.33,2000.37,792575,1118207,1442815,1953791,2723839,305152,4481023,1153831.47,475755.74,12000,100,100,100,0,0,0,0,0,0,1061887,1614847,1944575,1070860.54,2000
1781640784,0,14000,0,2018.99,1999.14,795647,1121279,1442815,1970175,2779135,305152,4481023,1156412.53,478508.67,14000,100,100,100,0,0,0,0,0,0,1128447,2091007,2942975,1171898.94,2000
1781640785,0,16000,0,2016.67,2000.58,792063,1114111,1435647,1929215,2676735,305152,4481023,1148151.42,468806.78,16000,100,100,100,0,0,0,0,0,0,1084415,1641471,2152447,1090323.65,2000
1781640786,0,18000,0,2014.79,1999.92,791551,1116159,1435647,1929215,2791423,305152,4530175,1150488.97,478897.35,18000,100,100,100,0,0,0,0,0,0,1122303,1931263,3731455,1169189.31,2000
1781640787,0,20000,0,2013.21,1999.04,800255,1127423,1449983,2013183,3500031,305152,37289983,1314587.19,2188514.51,20000,100,100,100,0,0,0,0,0,0,1242111,4423679,33816575,2791471.23,2000
1781640788,0,22000,0,2011.98,1999.78,799231,1125375,1444863,2010111,3500031,305152,37289983,1300307.93,2093292.30,22000,100,100,100,0,0,0,0,0,0,1103871,1946623,3479551,1157515.26,2000
1781640789,0,24000,0,2011.00,2000.35,797695,1122303,1441791,1983487,3393535,305152,37289983,1284772.79,2008585.82,24000,100,100,100,0,0,0,0,0,0,1100799,1662975,2619391,1113886.34,2000
1781640790,0,26000,0,2010.19,2000.44,794111,1117183,1436671,1945599,3309567,305152,37289983,1267865.71,1933249.83,26000,100,100,100,0,0,0,0,0,0,1062911,1594367,1839103,1064980.67,2000
1781640791,0,28000,0,2009.39,1999.13,792575,1115135,1434623,1938431,3207167,305152,37289983,1257449.45,1866901.41,28000,100,100,100,0,0,0,0,0,0,1096703,1795071,2510847,1122038.14,2000
1781640792,0,30000,0,2008.78,2000.29,794111,1117183,1437695,1943551,3137535,305152,37289983,1251514.01,1807498.76,30000,100,100,100,0,0,0,0,0,0,1136639,1978367,2398207,1168417.73,2000
1781640793,0,32000,0,2008.25,2000.28,794623,1117183,1435647,1933311,3172351,305152,37289983,1245768.48,1754845.77,32000,100,100,100,0,0,0,0,0,0,1120255,1846271,3428351,1159585.60,2000
1781640794,0,34000,0,2007.79,2000.49,794111,1117183,1434623,1919999,3094527,305152,37289983,1238534.21,1705531.31,34000,100,100,100,0,0,0,0,0,0,1114111,1734655,2281471,1122785.92,2000
1781640795,0,36000,0,2007.30,1998.89,793087,1116159,1432575,1904639,3022847,305152,37289983,1231125.90,1660328.85,36000,100,100,100,0,0,0,0,0,0,1107967,1773567,2007039,1105184.64,2000
1781640796,0,38000,0,2007.00,2001.67,791039,1112063,1427455,1878015,2967551,305152,37289983,1221292.16,1618480.10,38000,100,100,100,0,0,0,0,0,0,1038335,1561599,1732607,1044284.74,2000
1781640797,0,40000,0,2006.57,1998.53,791039,1111039,1426431,1872895,2934783,305152,37289983,1216107.87,1580381.54,40000,100,100,100,0,0,0,0,0,0,1101823,1817599,2279423,1117606.46,2000
1781640798,0,42000,0,2006.30,2000.95,790527,1111039,1426431,1870847,2883583,305152,37289983,1212272.21,1545389.48,42000,100,100,100,0,0,0,0,0,0,1118207,1842175,2557951,1135558.91,2000
1781640799,0,44000,0,2006.04,2000.43,790527,1111039,1425407,1878015,2914303,305152,37289983,1210339.60,1513877.30,44000,100,100,100,0,0,0,0,0,0,1114111,2250751,3094527,1169754.75,2000
1781640800,0,46000,0,2005.71,1998.63,791039,1112063,1426431,1885183,2955263,305152,37289983,1208871.66,1484899.68,46000,100,100,100,0,0,0,0,0,0,1122303,2205695,3356671,1176577.09,2000
1781640801,0,48000,0,2005.49,2000.33,791039,1112063,1427455,1898495,3020799,305152,37289983,1211142.10,1465966.26,48000,100,100,100,0,0,0,0,0,0,1116159,2340863,6443007,1263362.30,2000
1781640802,0,50000,0,2005.27,2000.00,791039,1111039,1426431,1898495,3028991,305152,37289983,1208476.49,1439670.26,50000,100,100,100,0,0,0,0,0,0,1095679,1903615,3080191,1144501.82,2000
1781640803,0,52000,0,2005.10,2000.77,790527,1110015,1424383,1878015,2988031,305152,37289983,1203492.17,1413650.98,52000,100,100,100,0,0,0,0,0,0,1077247,1624063,1799167,1078884.22,2000
1781640804,0,54000,0,2004.86,1998.73,790015,1107967,1422335,1864703,2953215,305152,37289983,1198935.99,1389249.30,54000,100,100,100,0,0,0,0,0,0,1059839,1637375,1922047,1080475.07,2000
1781640805,0,56000,0,2004.74,2001.51,790527,1108991,1422335,1865727,3018751,305152,37289983,1198333.92,1368209.87,56000,100,100,100,0,0,0,0,0,0,1136639,2034687,3414015,1182078.08,2000
1781640806,0,58000,0,2004.55,1999.21,790015,1107967,1421311,1855487,2979839,305152,37289983,1194186.22,1346335.72,58000,100,100,100,0,0,0,0,0,0,1062911,1631231,1942527,1078050.56,2000
1781640807,0,60000,0,2004.37,1999.11,790527,1110015,1424383,1872895,3045375,305152,37289983,1206278.68,1398231.25,60000,100,100,100,0,0,0,0,0,0,1182719,2244607,17891327,1556960.19,2000
1781640808,0,62000,0,2004.28,2001.65,791039,1110015,1423359,1867775,3092479,305152,37289983,1206700.57,1383796.20,62000,100,100,100,0,0,0,0,0,0,1110015,1742847,6049791,1219357.31,2000
1781640809,0,64000,0,2004.15,2000.05,790527,1108991,1422335,1859583,3063807,305152,37289983,1203049.82,1363778.21,64000,100,100,100,0,0,0,0,0,0,1082367,1631231,2020351,1089876.48,2000
1781640810,0,66000,0,2003.98,1998.70,790527,1107967,1422335,1850367,3031039,305152,37289983,1199916.12,1344753.53,66000,100,100,100,0,0,0,0,0,0,1081343,1670143,2150399,1099637.63,2000
1781640811,0,68000,0,2003.88,2000.65,790015,1107967,1421311,1843199,2992127,305152,37289983,1196848.49,1326522.55,68000,100,100,100,0,0,0,0,0,0,1092607,1704959,1907711,1095616.83,2000
1781640812,0,70000,0,2003.76,1999.44,791039,1108991,1423359,1843199,2961407,305152,37289983,1195846.47,1309357.58,70000,100,100,100,0,0,0,0,0,0,1159167,1844223,2265087,1161777.86,2000
1781640813,0,72000,0,2003.68,2001.18,791039,1108991,1423359,1838079,2942975,305152,37289983,1193776.34,1292690.53,72000,100,100,100,0,0,0,0,0,0,1112063,1717247,1997823,1121321.79,2000
1781640814,0,74000,0,2003.54,1998.34,791039,1110015,1423359,1833983,2914303,305152,37289983,1192063.01,1276794.17,74000,100,100,100,0,0,0,0,0,0,1127423,1712127,2085887,1130382.91,2000
1781640815,0,76000,0,2003.49,2001.75,792063,1110015,1424383,1828863,2879487,305152,37289983,1190551.34,1261454.06,76000,100,100,100,0,0,0,0,0,0,1138687,1710079,1977343,1134619.78,2000
1781640816,0,78000,0,2003.38,1998.99,792575,1111039,1425407,1827839,2852863,305152,37289983,1189652.89,1246971.11,78000,100,100,100,0,0,0,0,0,0,1155071,1808383,2230271,1155511.49,2000
1781640817,0,80000,0,2003.28,1999.51,793599,1113087,1428479,1833983,2834431,305152,37289983,1190155.82,1233488.31,80000,100,100,100,0,0,0,0,0,0,1185791,1984511,2603007,1209770.30,2000
1781640818,0,82000,0,2003.23,2001.10,794623,1115135,1430527,1843199,2930687,305152,37289983,1193732.25,1225990.83,82000,100,100,100,0,0,0,0,0,0,1205247,2125823,5382143,1336789.38,2000
1781640819,0,84000,0,2003.13,1999.08,795135,1117183,1431551,1843199,2893823,305152,37289983,1193223.41,1213000.33,84000,100,100,100,0,0,0,0,0,0,1170431,1832959,2217983,1172361.09,2000
1781640820,0,86000,0,2003.06,2000.13,795647,1118207,1432575,1845247,2914303,305152,37289983,1193621.47,1201709.06,86000,100,100,100,0,0,0,0,0,0,1169407,1936383,3241983,1210340.10,2000
1781640821,0,88000,0,2003.01,2000.84,795647,1118207,1433599,1842175,2881535,305152,37289983,1192286.13,1189467.98,88000,100,100,100,0,0,0,0,0,0,1143807,1719295,1981439,1134866.37,2000
1781640822,0,90000,0,2002.93,1999.77,796159,1119231,1433599,1845247,2916351,305152,37289983,1192158.46,1178561.63,90000,100,100,100,0,0,0,0,0,0,1139711,1917951,3223551,1186541.12,2000
1781640823,0,92000,0,2002.86,1999.52,797183,1120255,1436671,1851391,2934783,305152,37289983,1193347.99,1168388.95,92000,100,100,100,0,0,0,0,0,0,1203199,2187263,3182591,1246876.80,2000
1781640824,0,94000,0,2002.80,2000.24,797183,1121279,1437695,1852415,2906111,305152,37289983,1192614.02,1157575.37,94000,100,100,100,0,0,0,0,0,0,1146879,1866751,2365439,1158851.46,2000
1781640825,0,96000,0,2002.75,2000.01,797183,1121279,1436671,1852415,2879487,305152,37289983,1191490.95,1147180.75,96000,100,100,100,0,0,0,0,0,0,1121279,1873919,2463743,1138706.56,2000
1781640826,0,98000,0,2002.70,2000.47,796671,1120255,1435647,1847295,2856959,305152,37289983,1189128.07,1136632.50,98000,100,100,100,0,0,0,0,0,0,1077247,1596415,1837055,1075709.50,2000
1781640827,0,100000,0,2002.65,2000.10,796671,1120255,1435647,1846271,2856959,305152,37289983,1188315.99,1126995.41,100000,100,100,100,0,0,0,0,0,0,1132543,1793023,2764799,1148524.22,2000
1781640828,0,102000,0,2002.57,1998.66,796671,1120255,1435647,1846271,2834431,305152,37289983,1187206.17,1117519.07,102000,100,100,100,0,0,0,0,0,0,1111039,1820671,2473983,1131715.46,2000
1781640829,0,104000,0,2002.52,2000.06,796159,1119231,1434623,1844223,2828287,305152,37289983,1185662.44,1108396.52,104000,100,100,100,0,0,0,0,0,0,1072127,1722367,2732031,1106931.84,2000
1781640830,0,106000,0,2002.48,2000.49,796159,1119231,1433599,1842175,2811903,305152,37289983,1184082.10,1099200.37,106000,100,100,100,0,0,0,0,0,0,1090559,1737727,1965055,1101904.58,2000
1781640831,0,108000,0,2002.45,2000.59,796159,1119231,1434623,1846271,2881535,305152,37289983,1185050.70,1092392.01,108000,100,100,100,0,0,0,0,0,0,1151999,2828287,3549183,1236386.37,2000
1781640832,0,110000,0,2002.41,2000.36,796159,1119231,1434623,1847295,2891775,305152,37289983,1184381.60,1084368.71,110000,100,100,100,0,0,0,0,0,0,1117183,1933311,2996223,1148250.56,2000
1781640833,0,112000,0,2002.37,2000.11,795647,1118207,1432575,1844223,2875391,305152,37289983,1182602.08,1076028.98,112000,100,100,100,0,0,0,0,0,0,1057791,1608703,2416639,1084728.45,2000
1781640834,0,114000,0,2002.31,1998.95,795647,1118207,1432575,1845247,2856959,305152,37289983,1181838.94,1067952.64,114000,100,100,100,0,0,0,0,0,0,1116159,1873919,2193407,1139103.04,2000
1781640835,0,116000,0,2002.27,1999.92,795647,1119231,1433599,1850367,2908159,305152,37289983,1182779.56,1061701.37,116000,100,100,100,0,0,0,0,0,0,1164287,2367487,3528703,1236394.88,2000
1781640836,0,118000,0,2002.23,2000.21,796159,1120255,1434623,1850367,2893823,305152,37289983,1182142.74,1053990.64,118000,100,100,100,0,0,0,0,0,0,1148927,1812479,2107391,1145206.91,2000
1781640837,0,120000,0,2002.19,1999.57,795647,1119231,1433599,1846271,2877439,305152,37289983,1180447.38,1046345.59,120000,100,100,100,0,0,0,0,0,0,1071103,1602559,2081791,1080421.12,2000
1781640838,0,129700,0,2128.51,9697.94,776191,1096703,1430527,1916927,3278847,221184,37289983,1201658.41,1226390.05,129700,100,100,100,0,0,0,0,0,0,834559,3436543,19038207,1464062.92,9700
1781640839,0,139700,0,2255.64,10009.52,758783,1071103,1420287,1926143,3272703,215808,37289983,1184000.03,1192878.20,139700,100,100,100,0,0,0,0,0,0,807423,2089983,3213311,954970.82,10000
1781640840,0,149700,0,2378.68,9995.06,747007,1053695,1415167,1974271,3565567,215808,37289983,1192865.92,1248225.29,149700,100,100,100,0,0,0,0,0,0,849919,3481599,13197311,1316722.51,10000
1781640841,0,159660,0,2497.27,9964.91,734719,1033727,1404927,1987583,3524607,206592,37289983,1178908.92,1218829.67,159660,100,100,100,0,0,0,0,0,0,817663,2191359,3360767,969133.45,9960
1781640842,0,169698,0,2613.41,10038.66,726527,1022463,1399807,2025471,3686399,206592,37289983,1176850.41,1210826.18,169698,100,100,100,0,0,0,0,0,0,867327,2795519,6152191,1144108.62,10038
1781640843,0,179700,0,2725.44,9996.21,717823,1007615,1390591,2042879,3713023,206592,37289983,1166892.02,1187591.74,179700,100,100,100,0,0,0,0,0,0,824319,2375679,3821567,997933.94,10002
1781640844,0,189677,0,2833.81,9982.33,709631,996351,1383423,2070527,3772415,191232,37289983,1160082.45,1169133.18,189677,100,100,100,0,0,0,0,0,0,822271,2725887,4157439,1037432.44,9977
1781640845,0,199700,0,2939.62,10020.67,704511,990719,1383423,2136063,4124671,191232,37289983,1170241.66,1203022.24,199700,100,100,100,0,0,0,0,0,0,889855,3645439,11296767,1362496.24,10023
1781640846,0,209669,0,3041.61,9971.69,697855,979455,1376255,2148351,4014079,191232,37289983,1161696.97,1182613.41,209669,100,100,100,0,0,0,0,0,0,812543,2412543,3323903,990529.04,9969
1781640847,0,219652,0,3140.86,9982.62,690175,968703,1368063,2154495,4102143,191232,37289983,1156671.54,1183568.26,219652,100,100,100,0,0,0,0,0,0,784383,2383871,9650175,1051124.43,9983
1781640848,0,229700,0,3238.19,10038.89,686591,963071,1366015,2177023,4009983,191232,37289983,1152128.81,1165399.51,229700,100,100,100,0,0,0,0,0,0,850943,2457599,3403775,1052823.38,10048
1781640849,0,239600,0,3330.84,9907.12,682495,955903,1360895,2203647,3985407,191232,37289983,1147758.32,1150697.57,239600,100,100,100,0,0,0,0,0,0,824831,2721791,3823615,1046354.19,9900
1781640850,0,249647,0,3422.93,10049.40,679423,951807,1356799,2222079,4009983,191232,37289983,1145544.18,1142223.00,249647,100,100,100,0,0,0,0,0,0,859647,2584575,5648383,1092741.45,10047
1781640851,0,259700,0,3512.58,10046.94,675839,946687,1352703,2222079,3930111,191232,37289983,1139782.75,1126007.76,259700,100,100,100,0,0,0,0,0,0,839679,2234367,2983935,996708.66,10053
1781640852,0,269700,0,3599.14,9996.90,673791,943615,1350655,2244607,4159487,191232,37289983,1145452.01,1148652.11,269700,100,100,100,0,0,0,0,0,0,877567,2938879,10158079,1292682.78,10000
1781640853,0,279700,0,3683.44,10001.67,669695,938495,1344511,2242559,4163583,191232,37289983,1139342.06,1135248.83,279700,100,100,100,0,0,0,0,0,0,816127,2172927,4227071,974556.83,10000
1781640854,0,289700,0,3765.54,9999.12,666623,934399,1343487,2279423,4284415,191232,37289983,1142173.61,1141386.99,289700,100,100,100,0,0,0,0,0,0,824831,3430399,8847359,1221371.88,10000
1781640855,0,299700,0,3845.53,9998.46,664575,931327,1340415,2295807,4308991,191232,37289983,1140791.78,1133117.41,299700,100,100,100,0,0,0,0,0,0,855039,2828287,4923391,1100760.08,10000
1781640856,0,309700,0,3923.52,10003.40,662015,928255,1338367,2320383,4341759,191232,37289983,1139308.63,1125471.54,309700,100,100,100,0,0,0,0,0,0,838143,2856959,5054463,1094858.75,10000
1781640857,0,319700,0,3999.56,10003.95,659455,924671,1335295,2332671,4341759,191232,37289983,1136961.36,1116436.39,319700,100,100,100,0,0,0,0,0,0,829951,2695167,4366335,1064266.39,10000
1781640858,0,329700,0,4073.68,9996.55,656895,920063,1328127,2322431,4300799,173056,37289983,1130584.01,1104192.29,329700,100,100,100,0,0,0,0,0,0,801279,2047999,3004415,926700.15,10000
1781640859,0,339603,0,4144.82,9902.43,654847,916479,1323007,2324479,4370431,173056,37289983,1130522.80,1124913.37,339603,100,100,100,0,0,0,0,0,0,811519,2449407,14966783,1128485.01,9903
1781640860,0,349700,0,4216.60,10099.43,653311,913919,1319935,2336767,4345855,173056,37289983,1128616.79,1116707.93,349700,100,100,100,0,0,0,0,0,0,839679,2695167,3928063,1064509.77,10097
1781640861,0,359683,0,4285.33,9987.18,652287,912383,1318911,2349055,4403199,173056,37289983,1130088.89,1121634.22,359683,100,100,100,0,0,0,0,0,0,862207,2684927,10084351,1181656.09,9983
1781640862,0,369700,0,4352.79,10013.28,651263,911359,1317887,2359295,4415487,173056,37289983,1129428.40,1114948.46,369700,100,100,100,0,0,0,0,0,0,872959,2695167,4997119,1105712.06,10017
1781640863,0,379665,0,4418.12,9968.37,650239,909823,1316863,2381823,4452351,173056,37289983,1129683.01,1109886.54,379665,100,100,100,0,0,0,0,0,0,852991,3176447,4837375,1139128.77,9965
1781640864,0,389700,0,4482.71,10031.31,648191,906239,1311743,2387967,4460543,173056,37289983,1127022.76,1103341.66,389700,100,100,100,0,0,0,0,0,0,803327,2570239,4780031,1026374.63,10035
1781640865,0,399677,0,4545.21,9980.99,646655,904703,1308671,2400255,4583423,173056,37289983,1127295.73,1102941.98,399677,100,100,100,0,0,0,0,0,0,833023,3086335,6647807,1137957.98,9977
1781640866,0,409700,0,4606.78,10018.40,645119,902143,1306623,2422783,4734975,173056,37289983,1130053.53,1112412.97,409700,100,100,100,0,0,0,0,0,0,824831,3504127,8945663,1240023.61,10023
1781640867,0,419634,0,4666.04,9938.55,643583,900095,1303551,2418687,4661247,173056,37289983,1126576.59,1103348.51,419634,100,100,100,0,0,0,0,0,0,824319,2236415,3397631,983179.83,9934
1781640868,0,429691,0,4725.30,10051.41,641535,897535,1299455,2426879,4763647,173056,37289983,1126158.64,1106505.33,429691,100,100,100,0,0,0,0,0,0,799231,2908159,8609791,1108719.51,10057
1781640869,0,439668,0,4782.45,9982.20,640511,894975,1294335,2426879,4726783,173056,37289983,1123072.65,1099677.50,439668,100,100,100,0,0,0,0,0,0,816127,2324479,4571135,990164.76,9977
1781640870,0,449700,0,4838.94,10032.03,638975,892927,1291263,2426879,4673535,173056,37289983,1120006.96,1092259.46,449700,100,100,100,0,0,0,0,0,0,807935,2410495,3817471,985648.35,10032
1781640871,0,459700,0,4893.83,9990.13,637951,891391,1287167,2422783,4702207,173056,37289983,1119739.20,1104635.51,459700,100,100,100,0,0,0,0,0,0,822783,2142207,6836223,1107698.11,10000
1781640872,0,469696,0,4947.62,10006.00,637439,890367,1287167,2422783,4653055,173056,37289983,1118206.43,1097046.67,469696,100,100,100,0,0,0,0,0,0,845311,2435071,3375103,1047716.90,9996
1781640873,0,479696,0,5000.29,10000.15,636927,889343,1286143,2424831,4636671,173056,37289983,1116896.98,1090889.44,479696,100,100,100,0,0,0,0,0,0,843775,2533375,4386815,1055392.35,10000
1781640874,0,489662,0,5051.52,9966.09,635903,887807,1284095,2433023,4665343,173056,37289983,1116293.23,1087085.14,489662,100,100,100,0,0,0,0,0,0,817663,2924543,5177343,1087233.03,9966
1781640875,0,499692,0,5102.35,10029.93,634879,886783,1282047,2435071,4722687,173056,37289983,1115859.56,1085225.29,499692,100,100,100,0,0,0,0,0,0,842751,2584575,5984255,1094687.93,10030
1781640876,0,509651,0,5151.44,9958.82,633855,885247,1279999,2437119,4722687,173056,37289983,1114318.31,1080388.18,509651,100,100,100,0,0,0,0,0,0,819199,2572287,4730879,1036985.88,9959
1781640877,0,519600,0,5199.43,9946.05,633343,884735,1278975,2443263,4874239,173056,37289983,1115638.43,1082887.99,519600,100,100,100,0,0,0,0,0,0,843263,3686399,6897663,1183263.64,9949
1781640878,0,529622,0,5247.23,10025.14,632831,883199,1277951,2465791,4939775,173056,37289983,1119488.24,1102703.68,529622,100,100,100,0,0,0,0,0,0,826367,3911679,10158079,1319084.96,10022
1781640879,0,539619,0,5293.82,9995.52,632319,882687,1276927,2471935,4964351,173056,37289983,1120303.94,1103747.75,539619,100,100,100,0,0,0,0,0,0,855551,2678783,8429567,1163518.60,9997
1781640880,0,549637,0,5339.72,10019.40,631807,881663,1275903,2484223,5013503,173056,37289983,1121682.55,1109675.21,549637,100,100,100,0,0,0,0,0,0,830975,3172351,8544255,1195940.94,10018
1781640881,0,559700,0,5385.16,10062.48,631295,881151,1273855,2476031,4984831,173056,37289983,1119433.84,1103029.01,559700,100,100,100,0,0,0,0,0,0,843775,2168831,3774463,996610.40,10063
1781640882,0,569700,0,5429.11,9994.04,630271,879615,1271807,2473983,4993023,173056,37289983,1118056.92,1099146.12,569700,100,100,100,0,0,0,0,0,0,820223,2373631,5263359,1040990.44,10000
1781640883,0,579700,0,5472.28,10002.91,629247,878591,1268735,2471935,4960255,173056,37289983,1115636.87,1093078.08,579700,100,100,100,0,0,0,0,0,0,809983,2338815,3657727,977766.56,10000
1781640884,0,589631,0,5513.99,9934.43,628735,877567,1267711,2476031,4993023,173056,37289983,1116678.87,1099755.31,589631,100,100,100,0,0,0,0,0,0,833023,2766847,8634367,1177503.67,9931
1781640885,0,599696,0,5556.15,10065.17,628735,877567,1267711,2471935,4984831,173056,37289983,1115511.35,1094314.24,599696,100,100,100,0,0,0,0,0,0,867327,2287615,4020223,1047114.99,10065
1781640886,0,609700,0,5596.94,9995.44,628735,877567,1266687,2476031,4972543,173056,37289983,1115585.24,1091608.79,609700,100,100,100,0,0,0,0,0,0,868351,2861055,4853759,1120014.70,10004
1781640887,0,619677,0,5636.82,9984.11,627711,876543,1263615,2478079,5005311,173056,37289983,1118903.97,1138262.91,619677,100,100,100,0,0,0,0,0,0,828415,2727935,23740415,1321713.34,9977
1781640888,0,629639,0,5675.82,9963.58,627199,874495,1259519,2471935,4993023,173056,37289983,1116182.93,1133252.37,629639,100,100,100,0,0,0,0,0,0,784383,2007039,4239359,946923.63,9962
1781640889,0,639692,0,5714.92,10052.83,626687,873471,1257471,2473983,5005311,173056,37289983,1115317.62,1130016.35,639692,100,100,100,0,0,0,0,0,0,817151,2719743,5988351,1061121.18,10053
1781640890,0,649700,0,5752.93,10006.97,626175,872959,1256447,2473983,5013503,173056,37289983,1114479.43,1126034.36,649700,100,100,100,0,0,0,0,0,0,840191,2519039,5566463,1060904.13,10008
1781640891,0,659600,0,5789.33,9899.81,625663,871935,1253375,2465791,4984831,173056,37289983,1111821.18,1119606.69,659600,100,100,100,0,0,0,0,0,0,813567,2022399,2940927,937370.29,9900
1781640892,0,669700,0,5826.82,10097.51,625151,871935,1252351,2471935,4997119,173056,37289983,1112582.23,1123446.00,669700,100,100,100,0,0,0,0,0,0,851455,2875391,6225919,1162284.13,10100
1781640893,0,679686,0,5862.72,9989.64,624639,870911,1249279,2461695,4968447,173056,37289983,1109896.82,1117168.72,679686,100,100,100,0,0,0,0,0,0,809471,1946623,2854911,929802.66,9986
1781640894,0,689700,0,5898.21,10012.25,624127,869887,1247231,2459647,4952063,173056,37289983,1108391.31,1112471.44,689700,100,100,100,0,0,0,0,0,0,819199,2406399,3995647,1006206.77,10014
1781640895,0,699671,0,5932.75,9972.74,623615,869375,1247231,2457599,4923391,173056,37289983,1107071.77,1107363.65,699671,100,100,100,0,0,0,0,0,0,832511,2306047,3708927,1015798.51,9971
1781640896,0,709700,0,5967.19,10028.07,623615,868863,1246207,2453503,4923391,173056,37289983,1106039.05,1103812.60,709700,100,100,100,0,0,0,0,0,0,839679,2240511,5083135,1033991.24,10029
1781640897,0,719665,0,6000.53,9966.02,622591,868351,1243135,2449407,4898815,173056,37289983,1104030.29,1098856.84,719665,100,100,100,0,0,0,0,0,0,799743,2121727,3831807,960967.84,9965
1781640898,0,813920,0,6730.30,94252.44,638463,887295,1259519,2490367,5009407,173056,37289983,1119670.64,1077125.65,813920,100,100,100,0,0,0,0,0,0,1019391,2736127,6131711,1239089.41,94255
1781640899,0,914151,0,7497.12,100229.16,652799,902655,1270783,2500607,5189631,173056,37289983,1134586.46,1075060.12,914151,100,100,100,0,0,0,0,0,0,1019391,2594815,6815743,1255709.51,100231
1781640900,0,1013960,0,8248.03,99814.61,664575,913919,1277951,2502655,5050367,173056,37289983,1138873.47,1043306.30,1013960,100,100,100,0,0,0,0,0,0,1009151,2516991,3872767,1178138.21,99809
1781640901,0,1113690,0,8986.18,99728.73,675839,924671,1286143,2504703,5128191,173056,37289983,1147558.67,1026738.78,1113690,100,100,100,0,0,0,0,0,0,1037311,2527231,5599231,1235861.48,99730
1781640902,0,1213556,0,9713.60,99865.17,686591,935423,1296383,2469887,4919295,173056,37289983,1150104.54,997488.48,1213556,100,100,100,0,0,0,0,0,0,1051647,2183167,3688447,1178495.77,99866
1781640903,0,1313632,0,10431.14,100074.78,695807,943615,1303551,2480127,5173247,173056,37289983,1162861.43,1011052.27,1313619,100,100,100,0,0,0,0,0,0,1041407,2584575,7647231,1317575.88,100063
1781640904,0,1413573,0,11136.32,99943.82,702975,950783,1310719,2473983,5017599,173056,37289983,1165720.90,990157.37,1413573,100,100,100,0,0,0,0,0,0,1042431,2365439,3969023,1203300.72,99954
1781640905,0,1513500,0,11830.35,99918.76,709631,957439,1315839,2455551,4923391,173056,37289983,1167191.95,970824.06,1513500,100,100,100,0,0,0,0,0,0,1043967,2254847,3991551,1188001.54,99927
1781640906,0,1613903,0,12517.32,100411.26,715775,962559,1319935,2437119,5001215,173056,37289983,1171002.86,965106.72,1613903,100,100,100,0,0,0,0,0,0,1039359,2246655,6647807,1228449.51,100403
1781640907,0,1713540,0,13187.81,99634.87,720383,966143,1320959,2435071,5029887,173056,37289983,1174554.22,964231.12,1713540,100,100,100,0,0,0,0,0,0,1018879,2406399,5947391,1232078.60,99637
1781640908,0,1813773,0,13852.61,100235.79,723967,968703,1317887,2424831,4935679,173056,37289983,1172076.71,947579.32,1813773,100,100,100,0,0,0,0,0,0,1001983,2230271,3418111,1129722.21,100233
1781640909,0,1913918,0,14506.67,100143.11,728575,973823,1324031,2461695,4931583,173056,37289983,1179353.38,944066.36,1913918,100,100,100,0,0,0,0,0,0,1062911,3225599,4923391,1311144.46,100145
1781640910,0,2013777,0,15148.74,99859.92,731135,975871,1324031,2461695,5029887,173056,37289983,1183395.45,953174.87,2013777,100,100,100,0,0,0,0,0,0,1016319,2426879,5419007,1260866.68,99859
1781640911,0,2114061,0,15784.38,100277.49,733695,978431,1327103,2449407,5013503,173056,37289983,1184265.55,944085.81,2114061,100,100,100,0,0,0,0,0,0,1034239,2281471,4796415,1201737.77,100284
1781640912,0,2214026,0,16408.26,99971.90,736767,980991,1326079,2439167,4988927,173056,37289983,1183830.38,933482.12,2214026,100,100,100,0,0,0,0,0,0,1026559,2269183,4747263,1174627.51,99965
1781640913,0,2313644,0,17020.39,99617.61,739327,984063,1328127,2430975,4988927,173056,37289983,1184886.39,929964.85,2313644,100,100,100,0,0,0,0,0,0,1041919,2275327,4825087,1208356.37,99618
1781640914,0,2413847,0,17627.86,100198.52,741375,985087,1326079,2412543,4984831,173056,37289983,1184708.01,929382.32,2413847,100,100,100,0,0,0,0,0,0,1003007,2121727,4521983,1180589.26,100203
1781640915,0,2513822,0,18224.87,99979.54,743935,986623,1325055,2404351,4919295,173056,37289983,1183237.89,918029.18,2513822,100,100,100,0,0,0,0,0,0,1024511,2252799,3788799,1147742.44,99975
1781640916,0,2613500,0,18811.13,99671.07,745471,987135,1324031,2408447,4894719,173056,37289983,1183059.59,910926.19,2613500,100,100,100,0,0,0,0,0,0,999935,2506751,4739071,1178563.12,99678
1781640917,0,2713505,0,19391.37,100012.48,747007,988671,1325055,2398207,4849663,173056,37289983,1182443.50,903403.67,2713505,100,100,100,0,0,0,0,0,0,1026047,2195455,3239935,1166342.71,100005
1781640918,0,2813509,0,19963.36,100002.31,749055,990207,1325055,2392063,4911103,173056,37289983,1185791.17,920465.79,2813509,100,100,100,0,0,0,0,0,0,1025023,2308095,6955007,1276626.75,100004
1781640919,0,2913500,0,20527.17,99974.76,750591,991743,1327103,2398207,5009407,173056,37289983,1190187.05,931035.42,2913500,100,100,100,0,0,0,0,0,0,1036287,2678783,8052735,1313876.52,99991
1781640920,0,3013536,0,21083.46,100051.48,753151,994303,1331199,2404351,5005311,173056,37289983,1193180.62,927533.43,3013536,100,100,100,0,0,0,0,0,0,1077247,2609151,4874239,1280366.94,100036
1781640921,0,3113523,0,21631.65,99983.36,753663,994815,1332223,2418687,5066751,173056,37289983,1197098.64,943187.46,3113523,100,100,100,0,0,0,0,0,0,1007103,2725887,7946239,1315185.02,99987
1781640922,0,3213526,0,22172.40,100008.22,754687,994815,1331199,2420735,5005311,173056,37289983,1196211.68,935535.23,3213526,100,100,100,0,0,0,0,0,0,997375,2506751,4034559,1168596.95,100003
1781640923,0,3313508,0,22705.58,99979.10,756223,996863,1333247,2433023,4964351,173056,37289983,1197621.61,930137.12,3313508,100,100,100,0,0,0,0,0,0,1048063,2750463,4386815,1242938.05,99982
1781640924,0,3413501,0,23231.58,99996.37,757247,997375,1333247,2428927,4956159,173056,37289983,1197329.92,924751.58,3413501,100,100,100,0,0,0,0,0,0,1023999,2312191,4509695,1187664.21,99993
1781640925,0,3513500,0,23750.49,99985.08,759295,998911,1334271,2433023,4915199,173056,37289983,1197736.24,918370.64,3513500,100,100,100,0,0,0,0,0,0,1038847,2578431,4052991,1211605.86,99999
1781640926,0,3613500,0,24262.43,99981.27,759807,998911,1333247,2424831,4915199,173056,37289983,1197107.87,916962.27,3613500,100,100,100,0,0,0,0,0,0,1004543,2144255,4003839,1175030.24,100000
1781640927,0,3713502,0,24767.63,100031.84,760831,999935,1332223,2416639,4915199,173056,37289983,1197698.88,921442.47,3713502,100,100,100,0,0,0,0,0,0,1026047,2205695,3997695,1219054.51,100002
1781640928,0,3813500,0,25266.07,100001.35,761855,1001471,1335295,2424831,4915199,173056,37289983,1200252.11,925976.73,3813500,100,100,100,0,0,0,0,0,0,1064959,2699263,7512063,1295068.19,99998
1781640929,0,3913516,0,25758.06,100016.35,762879,1002495,1337343,2430975,4898815,173056,37289983,1201514.99,922662.63,3913516,100,100,100,0,0,0,0,0,0,1035775,2654207,4341759,1249667.45,100016
1781640930,0,4013513,0,26243.49,99994.32,763903,1002495,1335295,2422783,4861951,173056,37289983,1199730.91,915980.51,4013513,100,100,100,0,0,0,0,0,0,1001471,2127871,3942399,1129908.46,99997
1781640931,0,4113540,0,26722.81,100023.72,764927,1003519,1336319,2416639,4816895,173056,37289983,1199236.01,909081.27,4113540,100,100,100,0,0,0,0,0,0,1052671,2267135,3540991,1179378.63,100027
1781640932,0,4213585,0,27196.06,100049.41,766463,1004543,1336319,2412543,4800511,173056,37289983,1199423.05,906133.57,4213585,100,100,100,0,0,0,0,0,0,1044991,2271231,4374527,1207113.65,100045
1781640933,0,4313549,0,27662.72,99963.62,766975,1004543,1335295,2410495,4804607,173056,37289983,1199028.57,903379.58,4313549,100,100,100,0,0,0,0,0,0,1008127,2273279,5300223,1182400.47,99964
1781640934,0,4413668,0,28124.42,100117.21,767487,1005055,1336319,2414591,4833279,173056,37289983,1200383.92,904070.48,4413668,100,100,100,0,0,0,0,0,0,1033215,2650111,5373951,1258778.18,100119
1781640935,0,4513701,0,28579.73,100035.58,767487,1005055,1336319,2418687,4866047,173056,37289983,1201985.23,912674.19,4513701,100,100,100,0,0,0,0,0,0,998911,2547711,9175039,1272638.67,100033
1781640936,0,4613500,0,29027.83,99791.52,767999,1005567,1336319,2416639,4866047,173056,37289983,1203413.12,921120.39,4613500,100,100,100,0,0,0,0,0,0,1033215,2351103,4130815,1267993.52,99799
1781640937,0,4713500,0,29471.60,100006.52,767999,1005055,1336319,2418687,4866047,173056,37289983,1203536.84,919979.43,4713500,100,100,100,0,0,0,0,0,0,989183,2543615,4952063,1209244.44,100000
1781640938,0,4813856,0,29912.05,100353.89,769023,1006079,1337343,2422783,4923391,173056,37289983,1207378.57,937717.48,4813856,100,100,100,0,0,0,0,0,0,1053695,2734079,9035775,1387816.12,100356
1781640939,0,4914269,0,30347.42,100412.91,769535,1006591,1336319,2420735,4923391,173056,37289983,1208373.48,948471.40,4914269,100,100,100,0,0,0,0,0,0,1013247,2355199,7946239,1256070.22,100413
1781640940,0,5013708,0,30771.47,99441.75,769535,1006079,1336319,2424831,4943871,173056,37289983,1208951.75,948360.78,5013708,100,100,100,0,0,0,0,0,0,1002495,2650111,5345279,1237529.89,99439
1781640941,0,5114147,0,31196.45,100439.96,770559,1007103,1336319,2422783,4943871,173056,37289983,1209042.40,945843.59,5114147,100,100,100,0,0,0,0,0,0,1039359,2336767,4362239,1213567.37,100439
1781640942,0,5213701,0,31610.91,99554.85,771071,1007615,1337343,2430975,4988927,173056,37289983,1211762.77,953088.58,5213701,100,100,100,0,0,0,0,0,0,1046015,2879487,8273919,1351509.80,99554
1781640943,0,5314434,0,32027.46,100726.60,771583,1008127,1338367,2433023,4980735,173056,37289983,1212947.00,957822.57,5314434,100,100,100,0,0,0,0,0,0,1038847,2564095,4087807,1274239.82,100733
1781640944,0,5413915,0,32431.53,99479.32,772607,1009151,1340415,2430975,4980735,173056,37289983,1213383.15,955815.48,5413915,100,100,100,0,0,0,0,0,0,1062911,2330623,5799935,1236683.32,99481
1781640945,0,5513500,0,32831.35,99554.39,773631,1010175,1341439,2443263,5021695,173056,37289983,1215989.28,960783.97,5513500,100,100,100,0,0,0,0,0,0,1052671,3115007,7516159,1357670.75,99585
1781640946,0,5613500,0,33229.00,100023.78,774143,1010687,1342463,2451455,5046271,173056,37289983,1217572.75,960382.80,5613500,100,100,100,0,0,0,0,0,0,1053695,2914303,6115327,1304877.16,100000
1781640947,0,5713504,0,33621.97,100015.34,774655,1011199,1343487,2449407,5005311,173056,37289983,1217360.80,955989.96,5713504,100,100,100,0,0,0,0,0,0,1041919,2344959,4354047,1205463.83,100004
1781640948,0,5813500,0,34010.26,99988.86,775167,1011711,1343487,2453503,5066751,173056,37289983,1219530.71,966810.18,5813500,100,100,100,0,0,0,0,0,0,1034239,2740223,8994815,1343513.22,99996
1781640949,0,5913681,0,34395.14,100189.02,775679,1012223,1343487,2449407,5038079,173056,37289983,1219089.23,962635.03,5913681,100,100,100,0,0,0,0,0,0,1031679,2328575,4263935,1193470.00,100181
1781640950,0,6013635,0,34774.24,99956.24,776191,1012223,1342463,2451455,5054463,173056,37289983,1219254.52,962699.75,6013635,100,100,100,0,0,0,0,0,0,1015807,2504703,6676479,1229033.95,99954
1781640951,0,6113696,0,35149.59,100061.09,777215,1013247,1345535,2455551,5083135,173056,37289983,1221333.13,963676.41,6113696,100,100,100,0,0,0,0,0,0,1088511,2676735,6250495,1346256.77,100061
1781640952,0,6213639,0,35519.98,99942.74,777727,1014271,1347583,2459647,5091327,173056,37289983,1222364.91,961896.43,6213639,100,100,100,0,0,0,0,0,0,1081343,2652159,6275071,1285481.01,99943
1781640953,0,6313553,0,35885.99,99912.67,778751,1015807,1349631,2461695,5095423,173056,37289983,1224031.22,963164.21,6313553,100,100,100,0,0,0,0,0,0,1086463,2603007,5664767,1327659.04,99914
1781640954,0,6413501,0,36248.06,99949.27,778751,1015807,1349631,2461695,5062655,173056,37289983,1223691.13,959804.40,6413501,100,100,100,0,0,0,0,0,0,1033215,2383871,4403199,1202207.93,99948
1781640955,0,6513501,0,36606.32,99986.70,779263,1016319,1349631,2457599,5029887,173056,37289983,1223418.37,955942.52,6513501,100,100,100,0,0,0,0,0,0,1042943,2301951,4059135,1205925.19,100000
1781640956,0,6613520,0,36960.74,100030.84,779775,1017343,1351679,2463743,5054463,173056,37289983,1225226.12,957241.53,6613520,100,100,100,0,0,0,0,0,0,1073151,2920447,6586367,1342951.63,100019
1781640957,0,6713500,0,37310.94,99962.03,780799,1017855,1351679,2465791,5087231,173056,37289983,1226639.17,959934.24,6713500,100,100,100,0,0,0,0,0,0,1060863,2562047,8413183,1320109.89,99980
1781640958,0,6730000,0,37195.88,16496.43,780287,1017855,1351679,2465791,5091327,173056,37289983,1226543.39,960040.67,6730000,100,100,100,0,0,0,0,0,0,967167,2654207,5369855,1187572.26,16500
1781640959,0,6740000,0,37046.32,9996.19,780287,1017343,1351679,2465791,5095423,173056,37289983,1226324.92,960168.62,6740000,100,100,100,0,0,0,0,0,0,835071,2383871,6234111,1079295.44,10000
1781640960,0,6750000,0,36898.53,10002.99,779775,1017343,1351679,2465791,5111807,173056,37289983,1226433.27,962526.76,6750000,100,100,100,0,0,0,0,0,0,817151,3076095,11517951,1299459.92,10000
1781640961,0,6760000,0,36752.20,9995.66,779775,1016831,1351679,2465791,5107711,173056,37289983,1226186.10,962252.97,6760000,100,100,100,0,0,0,0,0,0,858623,2392063,4292607,1059344.55,10000
1781640962,0,6770000,0,36607.70,10007.60,779263,1016831,1350655,2465791,5107711,173056,37289983,1225880.53,962179.42,6770000,100,100,100,0,0,0,0,0,0,804863,2322431,4714495,1019319.76,10000
1781640963,0,6780000,0,36464.48,9994.21,779263,1016319,1350655,2465791,5111807,173056,37289983,1225862.62,964320.25,6780000,100,100,100,0,0,0,0,0,0,854015,2631679,11853823,1213733.64,10000
1781640964,0,6790000,0,36323.03,10006.11,778751,1016319,1350655,2465791,5107711,173056,37289983,1225493.00,964017.81,6790000,100,100,100,0,0,0,0,0,0,803839,2256895,3672063,974896.14,10000
1781640965,0,6800000,0,36182.87,9995.18,778239,1015807,1350655,2465791,5111807,173056,37289983,1225326.41,965154.64,6800000,100,100,100,0,0,0,0,0,0,801791,2332671,6963199,1112207.80,10000
1781640966,0,6810000,0,36044.39,10005.52,778239,1015807,1349631,2465791,5111807,173056,37289983,1225001.68,965112.73,6810000,100,100,100,0,0,0,0,0,0,807935,2183167,4579327,1004185.82,10000
1781640967,0,6820000,0,35907.23,9997.82,777727,1015295,1349631,2465791,5115903,173056,37289983,1224998.25,966932.40,6820000,100,100,100,0,0,0,0,0,0,849919,2424831,8765439,1222664.67,10000
1781640968,0,6830000,0,35771.47,9996.21,777727,1015295,1349631,2465791,5111807,173056,37289983,1224620.39,966549.09,6830000,100,100,100,0,0,0,0,0,0,810495,2187263,3579903,966914.98,10000
1781640969,0,6840000,0,35637.29,10004.84,777215,1014783,1349631,2463743,5107711,173056,37289983,1224318.37,966194.89,6840000,100,100,100,0,0,0,0,0,0,857599,2220031,3620863,1018043.34,10000
1781640970,0,6850000,0,35504.29,9993.97,777215,1014271,1349631,2465791,5115903,173056,37289983,1224150.89,966464.92,6850000,100,100,100,0,0,0,0,0,0,825343,2760703,7331839,1109593.29,10000
1781640971,0,6860000,0,35372.91,10006.72,776703,1014271,1348607,2465791,5119999,173056,37289983,1224082.62,967937.38,6860000,100,100,100,0,0,0,0,0,0,823295,2600959,8298495,1177315.84,10000
1781640972,0,6870000,0,35242.66,9995.41,776191,1013759,1348607,2465791,5119999,173056,37289983,1223896.52,967920.31,6870000,100,100,100,0,0,0,0,0,0,837631,2926591,5201919,1096233.27,10000
1781640973,0,6880000,0,35113.91,10004.23,776191,1013759,1348607,2465791,5115903,173056,37289983,1223569.88,967559.41,6880000,100,100,100,0,0,0,0,0,0,835583,2414591,3475455,999167.28,10000
1781640974,0,6890000,0,34986.33,9997.01,775679,1013247,1348607,2465791,5115903,173056,37289983,1223330.57,967947.21,6890000,100,100,100,0,0,0,0,0,0,821759,2220031,5550079,1058683.67,10000
1781640975,0,6900000,0,34860.08,9999.13,775679,1013247,1347583,2463743,5111807,173056,37289983,1222897.51,967514.84,6900000,100,100,100,0,0,0,0,0,0,803839,1952767,2951167,924521.75,10000
1781640976,0,6910000,0,34735.18,10003.99,775167,1012735,1347583,2463743,5107711,173056,37289983,1222491.19,967080.97,6910000,100,100,100,0,0,0,0,0,0,824831,2081791,2736127,942132.87,10000
1781640977,0,6920000,0,34611.42,9997.79,775167,1012735,1347583,2463743,5111807,173056,37289983,1222416.81,967309.08,6920000,100,100,100,0,0,0,0,0,0,847871,3354623,6291455,1171016.52,10000
1781640978,0,6930000,0,34488.90,9997.95,774655,1012223,1347583,2463743,5107711,173056,37289983,1222155.36,967024.29,6930000,100,100,100,0,0,0,0,0,0,836095,2504703,4024319,1041233.45,10000
1781640979,0,6940000,0,34367.65,10001.31,774655,1012223,1347583,2463743,5111807,173056,37289983,1222027.42,967139.27,6940000,100,100,100,0,0,0,0,0,0,845823,2979839,6270975,1133364.74,10000
1781640980,0,6950000,0,34247.49,9994.59,774143,1011711,1346559,2463743,5107711,173056,37289983,1221596.72,966731.83,6950000,100,100,100,0,0,0,0,0,0,797695,1996799,3256319,922687.67,10000
1781640981,0,6960000,0,34128.59,10000.20,774143,1011711,1346559,2463743,5107711,173056,37289983,1221391.04,967007.53,6960000,100,100,100,0,0,0,0,0,0,834047,2361343,4272127,1078448.45,10000
1781640982,0,6970000,0,34010.97,10007.09,773631,1011199,1346559,2463743,5103615,173056,37289983,1220979.92,966610.08,6970000,100,100,100,0,0,0,0,0,0,800255,1950719,3239935,934839.32,10000
1781640983,0,6980000,0,33894.26,9993.13,773119,1010687,1346559,2463743,5099519,173056,37289983,1220632.63,966201.42,6980000,100,100,100,0,0,0,0,0,0,831487,2174975,2977791,978572.50,10000
1781640984,0,6990000,0,33778.93,10008.58,773119,1010687,1345535,2463743,5103615,173056,37289983,1220433.05,966413.79,6990000,100,100,100,0,0,0,0,0,0,821247,2525183,7532543,1081124.18,10000
1781640985,0,7000000,0,33664.53,9996.86,772607,1010175,1345535,2461695,5099519,173056,37289983,1220069.82,966048.15,7000000,100,100,100,0,0,0,0,0,0,804863,2134015,3612671,966175.69,10000
1781640986,0,7010000,0,33551.28,10000.88,772607,1010175,1345535,2461695,5099519,173056,37289983,1219886.34,966645.74,7010000,100,100,100,0,0,0,0,0,0,810495,2361343,5353471,1091448.97,10000
1781640987,0,7020000,0,33439.08,9999.34,772095,1009663,1345535,2461695,5099519,173056,37289983,1219755.55,966805.93,7020000,100,100,100,0,0,0,0,0,0,859647,2623487,6111231,1128067.52,10000
1781640988,0,7030000,0,33327.92,9997.39,772095,1009663,1345535,2463743,5099519,173056,37289983,1219543.77,966736.12,7030000,100,100,100,0,0,0,0,0,0,833023,2658303,4866047,1070878.07,10000
1781640989,0,7040000,0,33217.92,10004.30,771583,1009151,1344511,2463743,5095423,173056,37289983,1219214.28,966403.30,7040000,100,100,100,0,0,0,0,0,0,815103,2469887,3450879,987579.44,10000
1781640990,0,7050000,0,33108.89,10000.97,771583,1009151,1344511,2461695,5095423,173056,37289983,1218932.40,966275.51,7050000,100,100,100,0,0,0,0,0,0,824319,2195455,5554175,1020487.44,10000
1781640991,0,7060000,0,33000.86,9999.21,771071,1008639,1344511,2461695,5095423,173056,37289983,1218816.57,967100.47,7060000,100,100,100,0,0,0,0,0,0,827391,2748415,5234687,1137157.93,10000
1781640992,0,7070000,0,32893.76,9993.95,770559,1008639,1343487,2461695,5091327,173056,37289983,1218414.65,966705.14,7070000,100,100,100,0,0,0,0,0,0,800255,2059263,2949119,934661.62,10000
1781640993,0,7080000,0,32787.82,10005.98,770559,1008127,1343487,2461695,5095423,173056,37289983,1218266.52,967084.03,7080000,100,100,100,0,0,0,0,0,0,822783,2762751,6471679,1113536.20,10000
1781640994,0,7090000,0,32682.71,9995.65,770047,1008127,1343487,2463743,5115903,173056,37289983,1218359.11,968462.37,7090000,100,100,100,0,0,0,0,0,0,821759,4644863,10444799,1283913.89,10000
1781640995,0,7100000,0,32578.61,9998.20,770047,1007615,1343487,2463743,5111807,173056,37289983,1218056.58,968176.87,7100000,100,100,100,0,0,0,0,0,0,809471,2543615,3901439,1003560.92,10000
1781640996,0,7110000,0,32475.57,10006.14,769535,1007615,1343487,2461695,5107711,173056,37289983,1217701.62,967782.28,7110000,100,100,100,0,0,0,0,0,0,824831,2061311,3516415,965684.60,10000
1781640997,0,7120000,0,32373.34,9997.63,769535,1007103,1342463,2461695,5103615,173056,37289983,1217335.79,967413.83,7120000,100,100,100,0,0,0,0,0,0,811007,2207743,3538943,957232.03,10000
1781640998,0,7130000,0,32272.11,10002.36,769023,1007103,1342463,2463743,5107711,173056,37289983,1217319.90,968056.17,7130000,100,100,100,0,0,0,0,0,0,841727,3123199,9510911,1206002.87,10000
1781640999,0,7140000,0,32171.75,9999.74,769023,1006591,1342463,2461695,5103615,173056,37289983,1216984.51,967705.68,7140000,100,100,100,0,0,0,0,0,0,822271,2230271,3997695,977853.19,10000
1781641000,0,7150000,0,32072.26,9997.80,768511,1006591,1342463,2461695,5107711,173056,37289983,1216768.72,967871.10,7150000,100,100,100,0,0,0,0,0,0,820223,2363391,7061503,1062694.91,10000
1781641001,0,7160000,0,31973.62,9994.35,768511,1006079,1341439,2461695,5103615,173056,37289983,1216408.72,967490.80,7160000,100,100,100,0,0,0,0,0,0,814591,2168831,3569663,959003.54,10000
1781641002,0,7170000,0,31876.02,10006.19,767999,1006079,1341439,2461695,5103615,173056,37289983,1216199.74,967872.29,7170000,100,100,100,0,0,0,0,0,0,791551,2504703,6537215,1066571.79,10000
1781641003,0,7180000,0,31779.20,10000.39,767487,1005567,1341439,2461695,5099519,173056,37289983,1215838.02,967591.03,7180000,100,100,100,0,0,0,0,0,0,781823,2087935,4550655,956484.86,10000
1781641004,0,7190000,0,31683.19,9997.84,767487,1005567,1341439,2461695,5095423,173056,37289983,1215597.69,967320.03,7190000,100,100,100,0,0,0,0,0,0,831999,2652159,4093951,1043039.43,10000
1781641005,0,7200000,0,31588.11,10002.90,767487,1005055,1341439,2463743,5099519,173056,37289983,1215639.99,968244.58,7200000,100,100,100,0,0,0,0,0,0,858111,3239935,7049215,1246059.64,10000
1781641006,0,7210000,0,31493.76,9996.49,766975,1005055,1340415,2461695,5091327,173056,37289983,1215305.56,967900.55,7210000,100,100,100,0,0,0,0,0,0,808959,2267135,3622911,974509.36,10000
1781641007,0,7220000,0,31400.34,10004.64,766463,1004543,1340415,2463743,5099519,173056,37289983,1215195.97,968290.19,7220000,100,100,100,0,0,0,0,0,0,801791,3139583,7749631,1136181.80,10000
1781641008,0,7230000,0,31307.63,9996.69,766463,1004543,1340415,2461695,5095423,173056,37289983,1214829.58,967954.96,7230000,100,100,100,0,0,0,0,0,0,807935,1985535,4093951,950301.68,10000
1781641009,0,7240000,0,31215.72,9997.08,765951,1004031,1340415,2463743,5095423,173056,37289983,1214684.27,968381.54,7240000,100,100,100,0,0,0,0,0,0,813567,3065855,6295551,1109624.77,10000
1781641010,0,7250001,0,31124.72,10006.64,765951,1003519,1339391,2461695,5091327,173056,37289983,1214241.69,967941.31,7250001,100,100,100,0,0,0,0,0,0,790527,1779711,2566143,893842.70,10001
1781641011,0,7260000,0,31034.39,9996.87,765439,1003519,1339391,2461695,5087231,173056,37289983,1213876.43,967662.81,7260000,100,100,100,0,0,0,0,0,0,796159,2085887,3375103,949034.72,9999
1781641012,0,7270000,0,30944.82,9997.68,765439,1003007,1339391,2461695,5095423,173056,37289983,1213672.50,967712.18,7270000,100,100,100,0,0,0,0,0,0,828927,2486271,6787071,1065622.75,10000
1781641013,0,7280000,0,30856.09,10003.41,764927,1003007,1339391,2461695,5091327,173056,37289983,1213326.63,967357.56,7280000,100,100,100,0,0,0,0,0,0,812543,2105343,2975743,961877.41,10000
1781641014,0,7290000,0,30768.04,9997.52,764927,1002495,1338367,2459647,5095423,173056,37289983,1213130.07,967411.54,7290000,100,100,100,0,0,0,0,0,0,839167,2289663,6025215,1070034.87,10000
1781641015,0,7300000,0,30680.81,10004.36,764415,1002495,1338367,2459647,5087231,173056,37289983,1212774.35,967049.48,7300000,100,100,100,0,0,0,0,0,0,802303,2096127,3530751,953454.64,10000
1781641016,0,7310000,0,30594.20,9996.02,764415,1001983,1338367,2459647,5091327,173056,37289983,1212585.49,967386.15,7310000,100,100,100,0,0,0,0,0,0,821247,2211839,6672383,1074714.61,10000
1781641017,0,7320000,0,30508.38,10000.56,763903,1001983,1338367,2459647,5087231,173056,37289983,1212255.08,967048.87,7320000,100,100,100,0,0,0,0,0,0,804351,2381823,3692543,970731.83,10000
1781641018,0,7506900,0,31157.47,186885.01,767487,1007615,1349631,2525183,5214207,173056,37289983,1226750.12,988961.87,7506900,100,100,100,0,0,0,0,0,0,1291263,4313087,10780671,1794453.06,186900
1781641019,0,7706900,0,31855.31,199934.51,771583,1013759,1358847,2545663,5287935,173056,37289983,1234708.26,995450.62,7706900,100,100,100,0,0,0,0,0,0,1244159,3450879,7094271,1533412.80,200000
1781641020,0,7906900,0,32547.55,200146.31,774655,1018367,1367039,2580479,5275647,173056,37289983,1240999.77,993785.81,7906900,100,100,100,0,0,0,0,0,0,1214463,3121151,4976639,1483440.16,200000
1781641021,0,8106900,0,33233.92,199859.41,777727,1022463,1373183,2592767,5349375,173056,37289983,1247167.54,1005314.46,8106900,100,100,100,0,0,0,0,0,0,1186815,3198975,7278591,1491007.40,200000
1781641022,0,8306900,0,33914.84,200083.92,781311,1027583,1381375,2635775,5378047,173056,37289983,1255290.89,1006941.28,8306900,100,100,100,0,0,0,0,0,0,1249279,3856383,5529599,1584566.65,200000
1781641023,0,8506900,0,34590.19,200030.44,784383,1031679,1388543,2672639,5480447,173056,37289983,1265689.00,1033822.86,8506900,100,100,100,0,0,0,0,0,0,1217535,4218879,12075007,1697569.26,200000
1781641024,0,8706900,0,35260.03,199981.49,787455,1036287,1396735,2701311,5611519,173056,37289983,1274524.97,1045645.16,8706900,100,100,100,0,0,0,0,0,0,1238015,4382719,7413759,1650358.68,200000
1781641025,0,8906900,0,35924.43,199932.79,790015,1039871,1400831,2707455,5554175,173056,37289983,1276279.13,1039812.46,8906900,100,100,100,0,0,0,0,0,0,1177599,2977791,4481023,1352645.37,200000
1781641026,0,9106900,0,36583.65,200141.27,792575,1043455,1405951,2732031,5685247,173056,37289983,1283984.41,1055052.08,9106900,100,100,100,0,0,0,0,0,0,1209343,3860479,9592831,1627135.12,200000
1781641027,0,9306900,0,37237.40,199885.11,794623,1046015,1409023,2746367,5701631,173056,37289983,1287714.78,1057540.64,9306900,100,100,100,0,0,0,0,0,0,1168383,3186687,6279167,1457575.36,200000
1781641028,0,9506900,0,37886.01,199981.21,797695,1050623,1417215,2785279,5734399,173056,37289983,1294557.72,1059644.79,9506900,100,100,100,0,0,0,0,0,0,1254399,3702783,6918143,1612990.46,200000
1781641029,0,9706900,0,38529.45,199953.91,800255,1054719,1422335,2809855,5734399,173056,37289983,1299472.01,1058692.55,9706900,100,100,100,0,0,0,0,0,0,1233919,3635199,5640191,1533070.59,200000
1781641030,0,9906900,0,39167.83,199987.15,803327,1057791,1426431,2809855,5718015,173056,37289983,1301413.87,1055253.19,9906900,100,100,100,0,0,0,0,0,0,1214463,2785279,4550655,1395660.96,200000
1781641031,0,10106900,0,39801.30,200131.55,805375,1060863,1430527,2828287,5775359,173056,37289983,1307923.71,1075388.91,10106900,100,100,100,0,0,0,0,0,0,1214463,4026367,8019967,1630385.60,200000
1781641032,0,10306900,0,40429.59,199871.84,807423,1063935,1434623,2854911,5750783,173056,37289983,1312326.41,1076006.12,10306900,100,100,100,0,0,0,0,0,0,1201151,3567615,5201919,1534814.53,200000
1781641033,0,10506900,0,41053.16,200113.98,809983,1067007,1438719,2861055,5697535,173056,37289983,1314415.54,1070701.29,10506900,100,100,100,0,0,0,0,0,0,1230847,3010559,4218879,1422077.82,200000
1781641034,0,10706900,0,41671.83,200050.62,812543,1070079,1444863,2875391,5668863,173056,37289983,1318044.80,1068063.56,10706900,100,100,100,0,0,0,0,0,0,1249279,3225599,4575231,1508706.06,200000
1781641035,0,10906900,0,42285.62,199948.52,814079,1072127,1446911,2879487,5631999,173056,37289983,1318992.15,1063283.32,10906900,100,100,100,0,0,0,0,0,0,1169407,3045375,4243455,1369708.19,200000
1781641036,0,11106900,0,42894.66,199938.91,816127,1075199,1452031,2904063,5668863,173056,37289983,1325018.11,1070641.75,11106900,100,100,100,0,0,0,0,0,0,1256447,4259839,7700479,1653640.99,200000
1781641037,0,11306900,0,43499.01,199930.99,818687,1078271,1458175,2922495,5754879,173056,37289983,1330785.74,1075666.32,11306900,100,100,100,0,0,0,0,0,0,1253375,4341759,7770111,1651088.02,200000
1781641038,0,11506900,0,44098.93,200181.35,820223,1080319,1462271,2940927,5890047,173056,37289983,1342220.22,1162894.10,11506900,100,100,100,0,0,0,0,0,0,1231871,4345855,22249471,1988662.82,200000
1781641039,0,11706900,0,44694.00,199858.77,822271,1083391,1466367,2979839,5939199,173056,37289983,1348197.75,1167457.15,11706900,100,100,100,0,0,0,0,0,0,1223679,4661247,7786495,1692111.87,200000
1781641040,0,11906900,0,45284.71,200053.33,823807,1085439,1470463,3018751,6017023,173056,37289983,1354668.67,1174153.72,11906900,100,100,100,0,0,0,0,0,0,1220607,4861951,8024063,1733440.59,200000
1781641041,0,12106900,0,45870.99,200101.61,826367,1088511,1474559,3047423,6057983,173056,37289983,1360079.00,1178669.37,12106900,100,100,100,0,0,0,0,0,0,1249279,4530175,6967295,1682180.24,200000
1781641042,0,12306900,0,46452.68,199908.81,828415,1090559,1479679,3080191,6086655,173056,37289983,1365889.71,1182284.41,12306900,100,100,100,0,0,0,0,0,0,1256447,4485119,7299071,1717638.66,200000
1781641043,0,12506900,0,47030.07,200007.31,830463,1093631,1481727,3092479,6156287,173056,37289983,1369796.21,1185329.32,12506900,100,100,100,0,0,0,0,0,0,1220607,4102143,8527871,1610180.33,200000
1781641044,0,12706900,0,47603.08,199941.63,832511,1095679,1485823,3117055,6160383,173056,37289983,1374081.34,1190496.05,12706900,100,100,100,0,0,0,0,0,0,1242111,3999743,6512639,1642050.22,200000
1781641045,0,12906900,0,48171.85,199981.25,834559,1098751,1492991,3164159,6221823,173056,37289983,1382638.87,1199443.05,12906900,100,100,100,0,0,0,0,0,0,1347583,4935679,9314303,1926336.82,200000
1781641046,0,13106900,0,48736.44,200038.56,836095,1100799,1497087,3192831,6184959,173056,37289983,1386321.37,1197737.15,13106900,100,100,100,0,0,0,0,0,0,1227775,4024319,5222399,1623969.53,200000
1781641047,0,13306900,0,49296.89,200083.27,838143,1102847,1502207,3221503,6238207,173056,37289983,1392493.23,1205185.45,13306900,100,100,100,0,0,0,0,0,0,1288191,4505599,10182655,1796963.02,200000
1781641048,0,13506900,0,49853.13,200005.52,840191,1104895,1507327,3235839,6254591,173056,37289983,1396707.19,1207171.61,13506900,100,100,100,0,0,0,0,0,0,1273855,3944447,8658943,1677081.46,200000
1781641049,0,13706900,0,50405.21,199932.36,842239,1107967,1510399,3264511,6295551,173056,37289983,1401263.12,1209669.05,13706900,100,100,100,0,0,0,0,0,0,1275903,4362239,7524351,1708945.54,200000
1781641050,0,13906881,0,50953.34,200093.13,843775,1110015,1513471,3276799,6299647,173056,37289983,1404640.83,1210705.37,13906881,100,100,100,0,0,0,0,0,0,1223679,4767743,6393855,1636152.20,199981
1781641051,0,14106900,0,51497.32,199815.61,845311,1111039,1517567,3303423,6348799,173056,37289983,1409310.97,1214790.28,14106900,100,100,100,0,0,0,0,0,0,1247231,4726783,8376319,1734015.52,200019
1781641052,0,14306900,0,52037.48,200025.50,846847,1113087,1520639,3325951,6447103,173056,37289983,1417179.09,1247574.96,14306900,100,100,100,0,0,0,0,0,0,1245183,5345279,16457727,1972152.84,200000
1781641053,0,14506900,0,52573.80,200098.75,848383,1115135,1524735,3354623,6516735,173056,37289983,1423092.06,1257829.89,14506900,100,100,100,0,0,0,0,0,0,1277951,5353471,8830975,1846073.83,200000
1781641054,0,14706900,0,53106.06,199911.06,850431,1118207,1530879,3397631,6574079,173056,37289983,1430496.38,1267315.31,14706900,100,100,100,0,0,0,0,0,0,1307647,5332991,9240575,1967564.45,200000
1781641055,0,14906900,0,53634.63,200045.39,851967,1119231,1533951,3426303,6627327,173056,37289983,1435917.00,1274835.93,14906900,100,100,100,0,0,0,0,0,0,1248255,5296127,9338879,1834520.20,200000
1781641056,0,15106900,0,54159.35,199989.69,853503,1121279,1537023,3440639,6619135,173056,37289983,1438340.04,1273497.33,15106900,100,100,100,0,0,0,0,0,0,1234943,4069375,6479871,1618939.55,200000
1781641057,0,15306900,0,54680.42,200089.76,854527,1122303,1540095,3469311,6721535,173056,37289983,1443876.96,1281707.68,15306900,100,100,100,0,0,0,0,0,0,1239039,5320703,9879551,1862105.78,200000
1781641058,0,15506900,0,55197.64,199950.83,855551,1124351,1544191,3506175,6860799,173056,37289983,1452139.98,1311085.61,15506900,100,100,100,0,0,0,0,0,0,1251327,6537215,13238271,2084546.24,200000
1781641059,0,15706900,0,55711.22,199979.00,856575,1125375,1546239,3536895,6914047,173056,37289983,1456748.81,1319229.84,15706900,100,100,100,0,0,0,0,0,0,1205247,4890623,10084351,1814091.74,200000
1781641060,0,15906900,0,56221.22,200018.99,858111,1127423,1550335,3559423,6930431,173056,37289983,1460898.08,1320974.49,15906900,100,100,100,0,0,0,0,0,0,1284095,5128191,7200767,1786759.04,200000
1781641061,0,16106900,0,56727.65,200053.44,859647,1129471,1554431,3602431,7081983,173056,37289983,1470076.70,1345701.70,16106900,100,100,100,0,0,0,0,0,0,1303551,5685247,11960319,2200093.47,200000
1781641062,0,16306900,0,57230.39,199911.12,861183,1131519,1559551,3633151,7102463,173056,37289983,1475593.19,1351162.32,16306900,100,100,100,0,0,0,0,0,0,1293311,5255167,7708671,1919861.34,200000
1781641063,0,16506900,0,57729.69,199994.62,862207,1132543,1560575,3641343,7102463,173056,37289983,1477498.52,1351475.25,16506900,100,100,100,0,0,0,0,0,0,1208319,4562943,7147519,1632848.33,200000
1781641064,0,16706900,0,58225.57,200053.11,863231,1133567,1564671,3655679,7106559,173056,37289983,1480874.30,1353399.10,16706900,100,100,100,0,0,0,0,0,0,1267711,4689919,9412607,1759492.45,200000
1781641065,0,16906900,0,58717.97,200014.20,864767,1135615,1568767,3680255,7167999,173056,37289983,1486074.89,1360891.93,16906900,100,100,100,0,0,0,0,0,0,1304575,5984255,9035775,1920503.61,200000
1781641066,0,17106900,0,59206.99,200038.37,866303,1136639,1571839,3692543,7200767,173056,37289983,1489579.27,1364216.69,17106900,100,100,100,0,0,0,0,0,0,1299455,4362239,10444799,1785820.88,200000
1781641067,0,17306900,0,59692.56,199963.28,867327,1138687,1575935,3715071,7262207,173056,37289983,1494468.93,1371099.96,17306900,100,100,100,0,0,0,0,0,0,1289215,5189631,11108351,1912703.54,200000
1781641068,0,17506900,0,60174.82,199998.06,868863,1140735,1579007,3729407,7262207,173056,37289983,1497179.43,1371380.51,17506900,100,100,100,0,0,0,0,0,0,1286143,4550655,7204863,1731730.94,200000
1781641069,0,17706900,0,60653.69,199912.88,869887,1141759,1582079,3747839,7290879,173056,37289983,1500912.01,1374087.37,17706900,100,100,100,0,0,0,0,0,0,1282047,5058559,8855551,1827641.93,200000
1781641070,0,17906780,0,61129.13,200033.36,870911,1142783,1585151,3768319,7352319,173056,37289983,1505740.98,1385150.45,17906780,100,100,100,0,0,0,0,0,0,1274879,5558271,12492799,1933527.23,199880
1781641071,0,18106900,0,61601.81,199943.43,871935,1144831,1587199,3786751,7393279,173056,37289983,1509679.17,1393769.40,18106900,100,100,100,0,0,0,0,0,0,1272831,4648959,10248191,1862069.74,200120
1781641072,0,18306900,0,62071.16,200094.25,872959,1145855,1589247,3794943,7409663,173056,37289983,1511434.22,1393094.28,18306900,100,100,100,0,0,0,0,0,0,1248255,4485119,7819263,1670326.55,200000
1781641073,0,18506900,0,62537.32,200072.39,873983,1146879,1590271,3799039,7376895,173056,37289983,1512253.10,1390148.75,18506900,100,100,100,0,0,0,0,0,0,1250303,4120575,5922815,1587208.78,200000
1781641074,0,18706900,0,63000.24,199986.49,875007,1147903,1592319,3803135,7340031,173056,37289983,1512903.54,1387285.37,18706900,100,100,100,0,0,0,0,0,0,1223679,4124671,5922815,1573092.27,200000
1781641075,0,18906900,0,63459.99,199914.34,876031,1148927,1593343,3817471,7344127,173056,37289983,1514839.27,1387596.04,18906900,100,100,100,0,0,0,0,0,0,1233919,4481023,8929279,1695896.20,200000
1781641076,0,19106900,0,63916.77,200022.27,877055,1149951,1595391,3819519,7319551,173056,37289983,1515856.20,1384920.58,19106900,100,100,100,0,0,0,0,0,0,1242111,4112383,5804031,1611991.04,200000
1781641077,0,19306900,0,64370.48,200003.51,878079,1150975,1599487,3833855,7352319,173056,37289983,1519206.20,1387394.86,19306900,100,100,100,0,0,0,0,0,0,1307647,4853759,9936895,1839247.44,200000
1781641078,0,19330400,0,64234.70,23504.03,877567,1150975,1599487,3831807,7348223,173056,37289983,1518819.11,1386824.69,19330400,100,100,100,0,0,0,0,0,0,1020927,2437119,4464639,1200798.23,23500
1781641079,0,19340400,0,64055.12,10001.89,877567,1150975,1598463,3829759,7344127,173056,37289983,1518449.08,1386582.90,19340400,100,100,100,0,0,0,0,0,0,758783,1448959,1945599,803167.26,10000
1781641080,0,19350400,0,63876.53,9992.93,877055,1150975,1598463,3829759,7344127,173056,37289983,1518109.43,1386363.03,19350400,100,100,100,0,0,0,0,0,0,766463,1574911,4110335,861206.48,10000
1781641081,0,19360400,0,63699.23,9998.18,877055,1149951,1598463,3829759,7344127,173056,37289983,1517822.48,1386217.43,19360400,100,100,100,0,0,0,0,0,0,780287,1987583,5066751,962559.08,10000
1781641082,0,19370400,0,63523.21,10004.01,877055,1149951,1597439,3827711,7340031,173056,37289983,1517486.13,1385990.17,19370400,100,100,100,0,0,0,0,0,0,776191,1615871,3694591,866302.66,10000
1781641083,0,19380400,0,63348.38,10005.53,876543,1149951,1597439,3827711,7340031,173056,37289983,1517176.46,1385803.33,19380400,100,100,100,0,0,0,0,0,0,780799,1839103,3524607,917334.00,10000
1781641084,0,19390400,0,63174.46,9994.84,876543,1149951,1597439,3827711,7340031,173056,37289983,1516847.65,1385571.27,19390400,100,100,100,0,0,0,0,0,0,777215,1783807,2617343,879595.23,10000
1781641085,0,19400400,0,63001.78,9999.89,876031,1149951,1597439,3825663,7340031,173056,37289983,1516569.92,1385464.10,19400400,100,100,100,0,0,0,0,0,0,778239,1850367,6676479,978041.43,10000
1781641086,0,19410400,0,62830.23,10000.85,876031,1148927,1596415,3825663,7335935,173056,37289983,1516182.57,1385226.42,19410400,100,100,100,0,0,0,0,0,0,741375,1294335,1613823,764711.46,10000
1781641087,0,19420400,0,62659.69,9995.98,875519,1148927,1596415,3823615,7335935,173056,37289983,1515825.46,1384982.86,19420400,100,100,100,0,0,0,0,0,0,771071,1561599,2091007,822655.24,10000
1781641088,0,19430400,0,62490.46,10006.31,875519,1148927,1596415,3823615,7331839,173056,37289983,1515528.03,1384813.77,19430400,100,100,100,0,0,0,0,0,0,783871,1885183,4460543,937920.30,10000
1781641089,0,19440400,0,62322.09,9995.08,875007,1148927,1595391,3823615,7331839,173056,37289983,1515165.07,1384577.78,19440400,100,100,100,0,0,0,0,0,0,755711,1435647,2435071,809908.26,10000
1781641090,0,19450400,0,62154.99,10005.01,875007,1147903,1595391,3821567,7331839,173056,37289983,1514834.79,1384371.67,19450400,100,100,100,0,0,0,0,0,0,759807,1649663,4607999,872763.61,10000
1781641091,0,19460400,0,61988.86,10000.22,874495,1147903,1595391,3821567,7327743,173056,37289983,1514469.89,1384130.87,19460400,100,100,100,0,0,0,0,0,0,760831,1418239,2022399,804716.52,10000
1781641092,0,19470400,0,61823.64,9992.62,874495,1147903,1594367,3819519,7327743,173056,37289983,1514177.46,1383968.19,19470400,100,100,100,0,0,0,0,0,0,755711,2205695,5337087,945103.17,10000
1781641093,0,19480400,0,61659.60,10000.01,874495,1147903,1594367,3819519,7323647,173056,37289983,1513843.76,1383760.67,19480400,100,100,100,0,0,0,0,0,0,759295,1502207,4382719,864120.76,10000
1781641094,0,19490400,0,61496.73,10006.16,873983,1147903,1594367,3819519,7323647,173056,37289983,1513499.86,1383542.61,19490400,100,100,100,0,0,0,0,0,0,756223,1629183,2512895,843562.79,10000
1781641095,0,19500400,0,61334.68,9996.42,873983,1146879,1593343,3817471,7323647,173056,37289983,1513189.94,1383364.18,19500400,100,100,100,0,0,0,0,0,0,770047,1639423,3964927,909134.32,10000
1781641096,0,19510400,0,61173.84,10005.92,873471,1146879,1593343,3817471,7319551,173056,37289983,1512842.72,1383129.28,19510400,100,100,100,0,0,0,0,0,0,768511,1522687,2596863,835752.30,10000
1781641097,0,19520400,0,61013.78,9994.52,873471,1146879,1593343,3815423,7319551,173056,37289983,1512533.80,1383007.25,19520400,100,100,100,0,0,0,0,0,0,751615,1684479,3622911,909817.57,10000
1781641098,0,19530400,0,60854.93,10005.38,872959,1146879,1592319,3815423,7319551,173056,37289983,1512187.90,1382777.55,19530400,100,100,100,0,0,0,0,0,0,757759,1600511,2607103,836993.87,10000
1781641099,0,19540379,0,60696.92,9979.91,872959,1146879,1592319,3813375,7315455,173056,37289983,1511839.66,1382569.15,19540379,100,100,100,0,0,0,0,0,0,740863,1478655,3244031,830275.04,9979
1781641100,0,19550400,0,60539.87,10014.21,872447,1145855,1592319,3813375,7315455,173056,37289983,1511525.63,1382400.76,19550400,100,100,100,0,0,0,0,0,0,775167,1605631,6615039,899174.27,10021
1781641101,0,19560400,0,60383.91,10003.27,872447,1145855,1591295,3813375,7315455,173056,37289983,1511165.13,1382174.97,19560400,100,100,100,0,0,0,0,0,0,747519,1410047,2686975,806388.12,10000
1781641102,0,19570400,0,60228.88,10001.65,871935,1145855,1591295,3811327,7315455,173056,37289983,1510858.23,1382023.41,19570400,100,100,100,0,0,0,0,0,0,754175,1710079,6451199,910544.53,10000
1781641103,0,19580400,0,60074.74,9998.11,871935,1145855,1591295,3811327,7311359,173056,37289983,1510503.61,1381784.35,19580400,100,100,100,0,0,0,0,0,0,764927,1459199,2238463,816491.87,10000
1781641104,0,19590400,0,59921.61,10002.28,871935,1145855,1590271,3809279,7311359,173056,37289983,1510170.13,1381562.24,19590400,100,100,100,0,0,0,0,0,0,756223,1736703,3266559,857209.19,10000
1781641105,0,19600400,0,59769.34,9997.75,871423,1144831,1590271,3809279,7311359,173056,37289983,1509828.17,1381335.75,19600400,100,100,100,0,0,0,0,0,0,761343,1590271,2723839,839907.97,10000
1781641106,0,19610400,0,59617.97,9996.02,871423,1144831,1590271,3807231,7307263,173056,37289983,1509504.29,1381108.32,19610400,100,100,100,0,0,0,0,0,0,769023,1958911,3375103,874692.25,10000
1781641107,0,19620400,0,59467.63,10002.89,870911,1144831,1590271,3807231,7307263,173056,37289983,1509201.65,1381047.67,19620400,100,100,100,0,0,0,0,0,0,761343,1366015,5054463,915719.07,10000
1781641108,0,19630400,0,59318.17,10000.93,870911,1144831,1589247,3807231,7307263,173056,37289983,1508848.84,1380812.47,19630400,100,100,100,0,0,0,0,0,0,744447,1554431,2316287,816624.22,10000
1781641109,0,19640400,0,59169.63,10002.38,870399,1143807,1589247,3805183,7303167,173056,37289983,1508527.76,1380629.57,19640400,100,100,100,0,0,0,0,0,0,745471,1630207,4878335,878232.81,10000
1781641110,0,19650400,0,59021.86,9994.86,870399,1143807,1589247,3805183,7303167,168576,37289983,1508187.02,1380402.70,19650400,100,100,100,0,0,0,0,0,0,736767,1653759,2611199,838950.11,10000
1781641111,0,19660400,0,58875.03,9998.71,869887,1143807,1588223,3805183,7303167,168576,37289983,1507860.11,1380225.02,19660400,100,100,100,0,0,0,0,0,0,752127,1495039,3545087,865472.48,10000
1781641112,0,19670400,0,58729.19,10004.67,869887,1143807,1588223,3803135,7299071,168576,37289983,1507507.84,1379988.02,19670400,100,100,100,0,0,0,0,0,0,764927,1417215,2412543,814933.24,10000
1781641113,0,19680400,0,58584.15,10001.03,869375,1143807,1588223,3803135,7299071,168576,37289983,1507168.93,1379756.92,19680400,100,100,100,0,0,0,0,0,0,770047,1500159,2398207,840508.66,10000
1781641114,0,19690400,0,58439.98,10001.17,869375,1142783,1587199,3801087,7294975,168576,37289983,1506858.53,1379564.91,19690400,100,100,100,0,0,0,0,0,0,774655,1710079,5545983,895991.08,10000
1781641115,0,19700400,0,58296.51,9992.95,868863,1142783,1587199,3801087,7294975,168576,37289983,1506491.34,1379340.03,19700400,100,100,100,0,0,0,0,0,0,737279,1334271,2306047,783478.32,10000
1781641116,0,19710400,0,58154.00,9998.86,868863,1142783,1587199,3799039,7290879,168576,37289983,1506141.35,1379125.75,19710400,100,100,100,0,0,0,0,0,0,734207,1497087,3194879,816649.89,10000
1781641117,0,19720400,0,58012.43,10005.23,868863,1142783,1586175,3799039,7290879,168576,37289983,1505805.34,1378917.32,19720400,100,100,100,0,0,0,0,0,0,748031,1589247,3348479,843518.34,10000
1781641118,0,19730400,0,57871.61,10000.33,868351,1142783,1586175,3799039,7290879,168576,37289983,1505495.93,1378723.39,19730400,100,100,100,0,0,0,0,0,0,755711,1903615,3936255,895319.26,10000
1781641119,0,19740400,0,57731.62,10000.94,868351,1141759,1586175,3796991,7286783,168576,37289983,1505129.97,1378488.56,19740400,100,100,100,0,0,0,0,0,0,747519,1393663,1848319,783083.98,10000
1781641120,0,19750400,0,57592.36,9995.56,867839,1141759,1585151,3796991,7286783,168576,37289983,1504782.96,1378250.68,19750400,100,100,100,0,0,0,0,0,0,770559,1496063,2002943,819772.31,10000
1781641121,0,19760400,0,57453.94,9996.90,867839,1141759,1585151,3794943,7282687,168576,37289983,1504437.85,1378029.49,19760400,100,100,100,0,0,0,0,0,0,751103,1485823,2840575,822821.24,10000
1781641122,0,19770400,0,57316.48,10007.33,867327,1141759,1585151,3794943,7282687,168576,37289983,1504075.48,1377803.06,19770400,100,100,100,0,0,0,0,0,0,743423,1340415,2179071,788021.73,10000
1781641123,0,19780400,0,57179.74,10002.10,867327,1140735,1584127,3794943,7282687,168576,37289983,1503794.75,1377907.30,19780400,100,100,100,0,0,0,0,0,0,736255,1459199,6643711,948778.34,10000
1781641124,0,19790400,0,57043.75,9999.92,866815,1140735,1584127,3792895,7282687,168576,37289983,1503424.66,1377677.55,19790400,100,100,100,0,0,0,0,0,0,730111,1375231,1889279,771361.81,10000
1781641125,0,19800400,0,56908.46,9995.46,866815,1140735,1584127,3792895,7278591,168576,37289983,1503084.85,1377481.11,19800400,100,100,100,0,0,0,0,0,0,737791,1499135,2775039,830589.16,10000
1781641126,0,19810400,0,56774.00,9998.22,866303,1140735,1583103,3790847,7278591,168576,37289983,1502739.25,1377254.55,19810400,100,100,100,0,0,0,0,0,0,752127,1433599,3000319,818447.12,10000
1781641127,0,19820400,0,56640.37,10002.12,866303,1140735,1583103,3790847,7274495,168576,37289983,1502405.97,1377031.77,19820400,100,100,100,0,0,0,0,0,0,731135,1756159,3000319,842160.88,10000
1781641128,0,19830400,0,56507.45,9999.16,865791,1139711,1583103,3790847,7274495,168576,37289983,1502125.31,1376870.24,19830400,100,100,100,0,0,0,0,0,0,761343,2000895,6356991,945848.14,10000
1781641129,0,19840400,0,56375.30,9999.89,865791,1139711,1583103,3788799,7274495,168576,37289983,1501816.70,1376653.62,19840400,100,100,100,0,0,0,0,0,0,764415,1955839,3676159,889824.87,10000
1781641130,0,19850400,0,56243.84,9996.20,865791,1139711,1582079,3788799,7274495,168576,37289983,1501544.44,1376538.40,19850400,100,100,100,0,0,0,0,0,0,763391,1929215,7679999,961375.09,10000
1781641131,0,19860400,0,56113.20,10000.72,865279,1139711,1582079,3786751,7270399,168576,37289983,1501212.17,1376327.46,19860400,100,100,100,0,0,0,0,0,0,740351,1641471,3801087,841635.17,10000
1781641132,0,19870400,0,55983.35,10004.72,865279,1138687,1582079,3786751,7270399,168576,37289983,1500889.70,1376208.51,19870400,100,100,100,0,0,0,0,0,0,729087,1430527,3833855,860461.64,10000
1781641133,0,19880400,0,55854.20,10002.71,864767,1138687,1582079,3786751,7270399,168576,37289983,1500539.72,1375976.05,19880400,100,100,100,0,0,0,0,0,0,752127,1530879,2306047,805114.68,10000
1781641134,0,19890400,0,55725.73,9999.43,864767,1138687,1581055,3784703,7266303,168576,37289983,1500209.80,1375765.13,19890400,100,100,100,0,0,0,0,0,0,740863,1801215,3233791,844312.63,10000
1781641135,0,19900400,0,55597.98,9999.74,864255,1138687,1581055,3784703,7266303,168576,37289983,1499944.52,1375720.51,19900400,100,100,100,0,0,0,0,0,0,767999,1790975,6623231,972294.72,10000
1781641136,0,19910400,0,55470.93,9999.64,864255,1138687,1581055,3784703,7266303,168576,37289983,1499608.46,1375502.59,19910400,100,100,100,0,0,0,0,0,0,759807,1502207,2828287,830827.38,10000
1781641137,0,19920400,0,55344.62,10001.52,863743,1137663,1580031,3782655,7266303,168576,37289983,1499287.95,1375354.31,19920400,100,100,100,0,0,0,0,0,0,741887,1531903,2969599,861145.43,10000
1781641138,0,20200300,0,55966.65,279669.46,867327,1143807,1592319,3809279,7368703,168576,37289983,1509533.21,1394290.32,20200300,100,100,100,0,0,0,0,0,0,1616895,5681151,16621567,2238685.25,279900
1781641139,0,20500300,0,56640.97,300149.75,870399,1148927,1602559,3844095,7483391,168576,37289983,1519764.81,1412839.28,20500300,100,100,100,0,0,0,0,0,0,1564671,5861375,12984319,2208703.18,300000
1781641140,0,20800300,0,57311.49,299967.97,872959,1153023,1608703,3868671,7512063,168576,37289983,1524709.45,1414540.42,20800300,100,100,100,0,0,0,0,0,0,1416191,5132287,8454143,1862597.68,300000
1781641141,0,21100300,0,57978.34,300003.13,875519,1157119,1616895,3905535,7622655,168576,37289983,1535353.93,1447123.47,21100300,100,100,100,0,0,0,0,0,0,1485823,5898239,15671295,2273381.90,300000
1781641142,0,21400300,0,58641.54,300019.44,878079,1160191,1620991,3911679,7667711,168576,37289983,1539084.71,1447911.46,21400300,100,100,100,0,0,0,0,0,0,1382399,4702207,8888319,1801486.75,300000
1781641143,0,21700300,0,59301.07,299931.25,880639,1164287,1626111,3917823,7675903,168576,37289983,1542594.26,1446119.40,21700300,100,100,100,0,0,0,0,0,0,1442815,4206591,7745535,1792945.41,300000
1781641144,0,22000300,0,59957.12,300138.01,883199,1168383,1633279,3950591,7827455,168576,37289983,1555209.30,1509224.19,22000300,100,100,100,0,0,0,0,0,0,1492991,6385663,26198015,2467710.14,300000
1781641145,0,22300300,0,60609.41,299788.39,885247,1172479,1638399,3973119,7876607,168576,37289983,1560485.22,1513814.09,22300300,100,100,100,0,0,0,0,0,0,1421311,4780031,11263999,1947391.24,300000
1781641146,0,22600300,0,61258.34,300112.47,887807,1176575,1643519,3973119,7827455,168576,37289983,1563013.71,1508647.10,22600300,100,100,100,0,0,0,0,0,0,1464319,3979263,6127615,1750967.60,300000
1781641147,0,22900300,0,61903.76,300103.87,890367,1179647,1648639,3991551,7872511,168576,37289983,1567076.39,1510193.15,22900300,100,100,100,0,0,0,0,0,0,1426431,5009407,9486335,1873135.08,300000
1781641148,0,23200300,0,62545.66,300031.79,892927,1183743,1657855,4050943,8429567,168576,102301695,1624076.63,2259836.82,23200300,100,100,100,0,0,0,0,0,0,1595391,38764543,78053375,5975152.39,300000
1781641149,0,23500300,0,63184.04,299908.40,895487,1187839,1665023,4093951,8527871,168576,102301695,1632575.55,2260770.40,23500300,100,100,100,0,0,0,0,0,0,1549311,5652479,14688255,2289833.70,300000
1781641150,0,23797300,0,63811.06,297097.62,898047,1191935,1672191,4143103,8560639,168576,102301695,1639917.90,2257415.40,23797300,100,100,100,0,0,0,0,0,0,1518591,5750783,11935743,2220885.67,297000
1781641151,0,24100300,0,64450.63,302839.01,901119,1196031,1680383,4198399,8634367,168576,102301695,1649925.61,2259509.63,24100300,100,100,100,0,0,0,0,0,0,1594367,7020543,12574719,2435920.67,303000
1781641152,0,24400300,0,65078.88,300015.26,903679,1201151,1687551,4239359,8708095,168576,102301695,1659816.32,2270921.53,24400300,100,100,100,0,0,0,0,0,0,1583103,6336511,16146431,2454380.20,300000
1781641153,0,24700300,0,65703.86,300146.84,906751,1205247,1695743,4263935,8675327,168576,102301695,1664838.55,2262442.53,24700300,100,100,100,0,0,0,0,0,0,1630207,4997119,6455295,2073318.24,300000
1781641154,0,25000300,0,66325.44,299980.41,909311,1210367,1703935,4292607,8716287,168576,102301695,1671160.12,2258484.44,25000300,100,100,100,0,0,0,0,0,0,1592319,5603327,10395647,2191642.30,300000
1781641155,0,25300300,0,66943.63,299823.28,911871,1213439,1709055,4329471,8830975,168576,102301695,1679462.18,2264124.41,25300300,100,100,100,0,0,0,0,0,0,1523711,6774783,13180927,2371308.63,300000
1781641156,0,25600300,0,67558.68,300045.09,914431,1217535,1715199,4366335,8863743,168576,102301695,1685748.74,2260789.80,25600300,100,100,100,0,0,0,0,0,0,1544191,5869567,11182079,2215921.27,300000
1781641157,0,25900300,0,68170.56,300142.83,916991,1221631,1721343,4374527,8830975,168576,102301695,1688849.64,2252085.85,25900300,100,100,100,0,0,0,0,0,0,1564671,4681727,7348223,1953463.36,300000
1781641158,0,26200300,0,68779.15,300011.46,919039,1224703,1725439,4378623,8798207,168576,102301695,1691119.92,2243600.66,26200300,100,100,100,0,0,0,0,0,0,1496063,4567039,7438335,1887122.57,300000
1781641159,0,26500300,0,69384.45,299841.95,921599,1228799,1730559,4386815,8790015,168576,102301695,1694539.10,2236133.41,26500300,100,100,100,0,0,0,0,0,0,1535999,5103615,8552447,1993151.46,300000
1781641160,0,26800300,0,69986.68,299985.11,923647,1231871,1737727,4427775,8781823,168576,102301695,1701454.33,2232793.45,26800300,100,100,100,0,0,0,0,0,0,1616895,6520831,8617983,2312306.55,300000
1781641161,0,27100300,0,70585.75,299969.75,925695,1235967,1743871,4472831,8855551,168576,102301695,1709911.09,2237851.00,27100300,100,100,100,0,0,0,0,0,0,1571839,6422527,15532031,2465390.21,300000
1781641162,0,27400300,0,71181.84,300163.21,927743,1239039,1750015,4489215,8912895,168576,102301695,1716208.80,2239163.34,27400300,100,100,100,0,0,0,0,0,0,1559551,5709823,16138239,2285107.38,300000
1781641163,0,27700300,0,71774.62,299816.70,930303,1242111,1754111,4497407,8953855,168576,102301695,1719264.51,2234459.06,27700300,100,100,100,0,0,0,0,0,0,1513471,5013503,11616255,1998355.78,300000
1781641164,0,28000300,0,72364.41,299942.54,932351,1246207,1758207,4526079,9084927,168576,102301695,1726124.85,2237647.02,28000300,100,100,100,0,0,0,0,0,0,1528831,7143423,12853247,2359570.52,300000
1781641165,0,28300300,0,72951.36,300251.22,934911,1249279,1762303,4521983,9052159,168576,102301695,1727499.22,2228768.42,28300300,100,100,100,0,0,0,0,0,0,1551359,4415487,6008831,1855774.69,300000
1781641166,0,28600300,0,73535.00,299804.96,936959,1252351,1766399,4542463,9150463,168576,102301695,1733894.22,2236016.02,28600300,100,100,100,0,0,0,0,0,0,1541119,6119423,15556607,2337162.76,300000
1781641167,0,28900300,0,74115.84,300095.92,939519,1256447,1774591,4567039,9232383,168576,102301695,1740246.84,2233401.61,28900300,100,100,100,0,0,0,0,0,0,1712127,5529599,10125311,2345869.55,300000
1781641168,0,29200300,0,74693.69,300061.35,941567,1259519,1780735,4595711,9207807,168576,102301695,1745424.54,2228959.00,29200300,100,100,100,0,0,0,0,0,0,1616895,5812223,8855551,2244214.05,300000
1781641169,0,29500300,0,75268.51,299938.26,943615,1263615,1786879,4620287,9322495,168576,102301695,1753364.73,2237667.51,29500300,100,100,100,0,0,0,0,0,0,1614847,6504447,17825791,2526218.06,300000
1781641170,0,29797330,0,75832.87,297019.62,945663,1266687,1794047,4661247,9453567,168576,102301695,1763583.31,2247232.31,29797330,100,100,100,0,0,0,0,0,0,1633279,8519679,15269887,2778468.40,297030
1781641171,0,30100300,0,76409.44,302936.11,948223,1269759,1798143,4661247,9453567,168576,102301695,1765610.83,2240038.48,30100300,100,100,100,0,0,0,0,0,0,1592319,4607999,9502719,1965018.96,302970
1781641172,0,30400300,0,76975.58,300000.66,949759,1272831,1800191,4669439,9453567,168576,102301695,1767516.15,2234513.94,30400300,100,100,100,0,0,0,0,0,0,1487871,5394431,8585215,1958684.72,300000
1781641173,0,30700300,0,77538.84,299952.86,952319,1275903,1806335,4685823,9469951,168576,102301695,1772743.26,2233072.12,30700300,100,100,100,0,0,0,0,0,0,1658879,6365183,10977279,2302429.03,300000
1781641174,0,31000010,0,78098.70,299923.93,954367,1278975,1811455,4698111,9469951,168576,102301695,1776559.88,2230945.35,31000010,100,100,100,0,0,0,0,0,0,1595391,5795839,14196735,2167509.59,299710
1781641175,0,31300300,0,78656.89,300031.56,956415,1282047,1813503,4706303,9478143,168576,102301695,1779513.40,2226587.90,31300300,100,100,100,0,0,0,0,0,0,1535999,5353471,10485759,2084415.17,300290
1781641176,0,31600300,0,79211.73,300014.48,958463,1285119,1818623,4726783,9527295,168576,102301695,1785564.87,2231158.52,31600300,100,100,100,0,0,0,0,0,0,1584127,6246399,11575295,2416940.98,300000
1781641177,0,31900300,0,79763.79,299987.90,959999,1288191,1821695,4726783,9502719,168576,102301695,1786895.18,2224726.38,31900300,100,100,100,0,0,0,0,0,0,1520639,5050367,7106559,1927022.83,300000
1781641178,0,32200300,0,80313.12,300040.86,960511,1287167,1818623,4718591,9494527,168576,102301695,1784311.35,2217858.81,32200300,100,100,100,0,0,0,0,0,0,1261567,3096575,6967295,1509561.78,300000
1781641179,0,32500300,0,80859.82,300186.13,961023,1287167,1816575,4706303,9494527,168576,102301695,1782547.27,2211948.16,32500300,100,100,100,0,0,0,0,0,0,1297407,3405823,9592831,1593200.29,300000
1781641180,0,32800300,0,81403.58,299853.17,962047,1288191,1814527,4698111,9469951,168576,102301695,1780934.79,2204503.31,32800300,100,100,100,0,0,0,0,0,0,1343487,3467263,5849087,1606248.28,300000
1781641181,0,33100300,0,81944.78,300042.83,964095,1291263,1818623,4702207,9445375,168576,102301695,1783558.17,2199181.18,33100300,100,100,100,0,0,0,0,0,0,1577983,5083135,8265727,2070383.57,300000
1781641182,0,33400300,0,82483.19,299868.80,965631,1293311,1821695,4714495,9478143,168576,102301695,1787895.74,2202571.89,33400300,100,100,100,0,0,0,0,0,0,1535999,5640191,16973823,2266478.27,300000
1781641183,0,33700300,0,83019.12,300134.21,967167,1295359,1824767,4726783,9560063,168576,102301695,1792759.73,2206997.39,33700300,100,100,100,0,0,0,0,0,0,1569791,6078463,15458303,2334289.52,300000
1781641184,0,34000300,0,83552.26,299905.84,968703,1298431,1827839,4734975,9641983,168576,102301695,1797724.13,2214363.07,34000300,100,100,100,0,0,0,0,0,0,1538047,5627903,16646143,2355396.12,300000
1781641185,0,34300300,0,84082.84,299967.44,970239,1300479,1830911,4730879,9617407,168576,102301695,1798814.27,2207747.09,34300300,100,100,100,0,0,0,0,0,0,1552383,4378623,7434239,1922365.15,300000
1781641186,0,34600300,0,84610.87,300046.84,971775,1302527,1833983,4734975,9633791,168576,102301695,1801199.95,2204402.44,34600300,100,100,100,0,0,0,0,0,0,1534975,5095423,11141119,2073964.11,300000
1781641187,0,34900300,0,85136.32,300038.22,973311,1305599,1837055,4739071,9650175,168576,102301695,1804934.93,2205461.25,34900300,100,100,100,0,0,0,0,0,0,1591295,5271551,10289151,2235706.48,300000
1781641188,0,35200300,0,85659.12,299910.34,975359,1307647,1842175,4739071,9617407,168576,102301695,1806863.40,2199433.48,35200300,100,100,100,0,0,0,0,0,0,1638399,4820991,7786495,2031211.49,300000
1781641189,0,35500300,0,86179.51,300080.72,976895,1310719,1845247,4743167,9617407,168576,102301695,1809477.88,2197542.47,35500300,100,100,100,0,0,0,0,0,0,1591295,5054463,9682943,2116245.41,300000
1781641190,0,35800300,0,86697.43,300174.31,978431,1312767,1848319,4751359,9674751,168576,102301695,1812916.24,2199622.94,35800300,100,100,100,0,0,0,0,0,0,1560575,5758975,16506879,2219792.38,300000
1781641191,0,36099460,0,87210.74,299205.91,980479,1315839,1852415,4751359,9641983,168576,102301695,1814624.87,2193641.49,36099460,100,100,100,0,0,0,0,0,0,1653759,4718591,7585791,2019096.04,299160
1781641192,0,36400300,0,87725.50,300708.19,982527,1318911,1857535,4751359,9633791,168576,102301695,1817631.29,2191192.37,36400300,100,100,100,0,0,0,0,0,0,1744895,5386239,9445375,2178387.98,300840
1781641193,0,36700300,0,88235.75,299844.85,984063,1321983,1860607,4751359,9674751,168576,102301695,1819833.49,2187463.28,36700300,100,100,100,0,0,0,0,0,0,1653759,4624383,11263999,2087035.76,300000
1781641194,0,37000300,0,88743.69,300049.20,985599,1324031,1864703,4747263,9641983,168576,102301695,1820696.03,2181659.56,37000300,100,100,100,0,0,0,0,0,0,1638399,4093951,8204287,1926214.97,300000
1781641195,0,37297300,0,89242.14,297214.81,987647,1327103,1866751,4739071,9609215,168576,102301695,1820802.09,2174775.44,37297300,100,100,100,0,0,0,0,0,0,1631231,3526655,6549503,1834014.64,297000
1781641196,0,37600300,0,89752.37,302980.42,989183,1330175,1871871,4751359,9650175,168576,102301695,1825725.12,2176880.09,37600300,100,100,100,0,0,0,0,0,0,1756159,7266303,15171583,2431717.94,303000
1781641197,0,37900300,0,90253.01,299953.40,991231,1333247,1875967,4747263,9650175,168576,102301695,1828006.76,2174952.84,37900300,100,100,100,0,0,0,0,0,0,1689599,4628479,9428991,2113974.76,300000
1781641198,0,37927900,0,90104.05,27584.60,991231,1333247,1875967,4751359,9650175,168576,102301695,1828240.59,2174756.98,37927900,100,100,100,0,0,0,0,0,0,1582079,5844991,6123519,2149337.93,27600
1781641199,0,37937900,0,89914.24,10002.15,991231,1333247,1875967,4751359,9650175,168576,102301695,1827996.96,2174536.32,37937900,100,100,100,0,0,0,0,0,0,807423,1807359,2967551,903943.01,10000
1781641200,0,37947900,0,89725.25,9997.86,991231,1333247,1875967,4751359,9650175,168576,102301695,1827848.79,2174425.43,37947900,100,100,100,0,0,0,0,0,0,856063,3287039,9846783,1265735.51,10000
1781641201,0,37957900,0,89537.21,10001.00,990719,1333247,1875967,4751359,9650175,168576,102301695,1827612.37,2174212.76,37957900,100,100,100,0,0,0,0,0,0,798719,2019327,4395007,930431.87,10000
1781641202,0,37967900,0,89350.07,10001.97,990719,1332223,1874943,4751359,9650175,168576,102301695,1827370.56,2173998.57,37967900,100,100,100,0,0,0,0,0,0,788991,1760255,3448831,909525.91,10000
1781641203,0,37977900,0,89163.87,10004.47,990719,1332223,1874943,4751359,9650175,168576,102301695,1827154.88,2173791.78,37977900,100,100,100,0,0,0,0,0,0,835071,2220031,5840895,1008247.24,10000
1781641204,0,37987900,0,88978.45,10000.21,990207,1332223,1874943,4751359,9641983,168576,102301695,1826931.59,2173583.40,37987900,100,100,100,0,0,0,0,0,0,830975,1981439,4898815,978928.12,10000
1781641205,0,37997900,0,88793.75,9993.36,990207,1332223,1874943,4747263,9641983,168576,102301695,1826736.61,2173502.64,37997900,100,100,100,0,0,0,0,0,0,805375,2091007,7790591,1086031.24,10000
1781641206,0,38007900,0,88610.10,10002.14,990207,1332223,1874943,4747263,9641983,168576,102301695,1826501.12,2173284.27,38007900,100,100,100,0,0,0,0,0,0,813055,1944575,3260415,931706.21,10000
1781641207,0,38017900,0,88427.27,10000.44,989695,1332223,1874943,4747263,9641983,168576,102301695,1826281.75,2173064.85,38017900,100,100,100,0,0,0,0,0,0,836095,2252799,3698687,992513.14,10000
1781641208,0,38027900,0,88245.23,9998.01,989695,1332223,1873919,4747263,9641983,168576,102301695,1826046.33,2172897.05,38027900,100,100,100,0,0,0,0,0,0,767999,1754111,4763647,931011.33,10000
1781641209,0,38037900,0,88064.11,10001.30,989695,1331199,1873919,4747263,9641983,168576,102301695,1825800.99,2172680.93,38037900,100,100,100,0,0,0,0,0,0,784383,1773567,3217407,892840.00,10000
1781641210,0,38047900,0,87883.86,10003.07,989183,1331199,1873919,4747263,9641983,168576,102301695,1825582.16,2172505.65,38047900,100,100,100,0,0,0,0,0,0,799231,1892351,4616191,993172.18,10000
1781641211,0,38057900,0,87704.41,10001.82,989183,1331199,1873919,4747263,9641983,168576,102301695,1825332.60,2172289.41,38057900,100,100,100,0,0,0,0,0,0,767999,1790975,3004415,875839.12,10000
1781641212,0,38067900,0,87525.75,9999.61,989183,1331199,1873919,4747263,9641983,168576,102301695,1825115.32,2172088.04,38067900,100,100,100,0,0,0,0,0,0,824319,2084863,5160959,998161.60,10000
1781641213,0,38077900,0,87347.80,9994.50,988671,1331199,1873919,4747263,9641983,168576,102301695,1824873.81,2171870.97,38077900,100,100,100,0,0,0,0,0,0,806399,1758207,2584575,905511.78,10000
1781641214,0,38087900,0,87170.79,10000.83,988671,1331199,1872895,4743167,9633791,168576,102301695,1824608.72,2171655.36,38087900,100,100,100,0,0,0,0,0,0,779775,1361919,1821695,815200.04,10000
1781641215,0,38097900,0,86994.64,10003.19,988671,1331199,1872895,4743167,9633791,168576,102301695,1824401.66,2171438.98,38097900,100,100,100,0,0,0,0,0,0,838655,2461695,4167679,1035749.09,10000
1781641216,0,38107900,0,86819.17,9997.31,988159,1330175,1872895,4743167,9633791,168576,102301695,1824175.06,2171223.83,38107900,100,100,100,0,0,0,0,0,0,815615,2099199,3923967,960885.54,10000
1781641217,0,38117900,0,86644.48,9996.10,988159,1330175,1872895,4743167,9633791,168576,102301695,1823955.43,2171009.90,38117900,100,100,100,0,0,0,0,0,0,848383,1887231,4677631,986982.66,10000
1781641218,0,38127900,0,86470.65,9999.58,988159,1330175,1872895,4743167,9633791,168576,102301695,1823694.94,2170792.63,38127900,100,100,100,0,0,0,0,0,0,773119,1580031,2057215,830752.68,10000
1781641219,0,38137900,0,86297.65,10001.97,987647,1330175,1871871,4743167,9633791,168576,102301695,1823475.09,2170583.08,38137900,100,100,100,0,0,0,0,0,0,826367,2072575,4431871,985246.14,10000
1781641220,0,38147900,0,86125.43,10001.83,987647,1330175,1871871,4743167,9633791,168576,102301695,1823229.76,2170364.21,38147900,100,100,100,0,0,0,0,0,0,803327,1697791,2676735,887583.73,10000
1781641221,0,38157900,0,85953.97,10000.79,987647,1330175,1871871,4743167,9633791,168576,102301695,1822991.92,2170144.59,38157900,100,100,100,0,0,0,0,0,0,808447,1843199,2945023,915704.71,10000
1781641222,0,38167900,0,85783.33,10003.57,987135,1330175,1871871,4743167,9633791,168576,102301695,1822752.72,2169936.81,38167900,100,100,100,0,0,0,0,0,0,778239,1838079,4493311,910023.30,10000
1781641223,0,38177900,0,85613.37,9999.20,987135,1329151,1871871,4739071,9625599,168576,102301695,1822491.34,2169720.01,38177900,100,100,100,0,0,0,0,0,0,776703,1506303,2054143,824835.07,10000
1781641224,0,38187900,0,85444.21,10001.07,987135,1329151,1871871,4739071,9625599,168576,102301695,1822273.65,2169565.14,38187900,100,100,100,0,0,0,0,0,0,776703,1984511,4726783,991191.81,10000
1781641225,0,38197900,0,85275.77,9999.64,986623,1329151,1870847,4739071,9625599,168576,102301695,1822043.74,2169349.84,38197900,100,100,100,0,0,0,0,0,0,830463,1809407,3448831,944070.96,10000
1781641226,0,38207900,0,85107.99,9994.14,986623,1329151,1870847,4739071,9625599,168576,102301695,1821801.11,2169131.65,38207900,100,100,100,0,0,0,0,0,0,811007,1740799,2473983,895007.19,10000
1781641227,0,38217900,0,84941.06,10000.24,986623,1329151,1870847,4739071,9625599,168576,102301695,1821600.89,2168978.19,38217900,100,100,100,0,0,0,0,0,0,803839,2392063,5423103,1056598.21,10000
1781641228,0,38227900,0,84774.86,9999.41,986111,1329151,1870847,4739071,9625599,168576,102301695,1821358.76,2168758.33,38227900,100,100,100,0,0,0,0,0,0,801279,1811455,2433023,895960.55,10000
1781641229,0,38237900,0,84609.51,10005.76,986111,1329151,1870847,4739071,9625599,168576,102301695,1821173.65,2168594.45,38237900,100,100,100,0,0,0,0,0,0,803327,2676735,8073215,1113561.64,10000
1781641230,0,38247900,0,84444.76,9998.88,986111,1328127,1869823,4739071,9625599,168576,102301695,1820917.85,2168395.56,38247900,100,100,100,0,0,0,0,0,0,758783,1380351,2228223,842782.37,10000
1781641231,0,38257898,0,84280.70,9994.78,985599,1328127,1869823,4739071,9625599,168576,102301695,1820770.94,2168481.42,38257898,100,100,100,0,0,0,0,0,0,822783,2426879,16957439,1258748.02,9998
1781641232,0,38267900,0,84117.48,10004.92,985599,1328127,1869823,4739071,9625599,168576,102301695,1820563.74,2168334.08,38267900,100,100,100,0,0,0,0,0,0,805887,1845247,9936895,1028042.19,10002
1781641233,0,38277900,0,83954.86,9996.49,985599,1328127,1869823,4739071,9625599,168576,102301695,1820312.71,2168120.03,38277900,100,100,100,0,0,0,0,0,0,788991,1603583,3196927,859649.02,10000
1781641234,0,38287900,0,83793.10,10005.24,985087,1328127,1869823,4734975,9625599,168576,102301695,1820062.02,2167922.10,38287900,100,100,100,0,0,0,0,0,0,748543,1645567,2742271,860485.48,10000
1781641235,0,38297900,0,83631.84,9993.31,985087,1328127,1869823,4734975,9625599,168576,102301695,1819818.29,2167705.52,38297900,100,100,100,0,0,0,0,0,0,806399,1677311,2420735,886618.20,10000
1781641236,0,38307900,0,83471.45,10002.84,985087,1328127,1868799,4734975,9617407,168576,102301695,1819571.36,2167499.81,38307900,100,100,100,0,0,0,0,0,0,756735,1653759,4288511,873911.81,10000
1781641237,0,38317900,0,83311.79,10004.89,984575,1327103,1868799,4734975,9617407,168576,102301695,1819295.18,2167290.03,38317900,100,100,100,0,0,0,0,0,0,732159,1303551,1714175,761295.53,10000
1781641238,0,38327900,0,83152.63,9993.96,984575,1327103,1868799,4734975,9617407,168576,102301695,1819046.63,2167080.45,38327900,100,100,100,0,0,0,0,0,0,774655,1589247,4042751,866665.42,10000
1781641239,0,38337900,0,82994.23,9997.58,984063,1327103,1868799,4734975,9617407,168576,102301695,1818814.14,2166886.05,38337900,100,100,100,0,0,0,0,0,0,775679,1929215,5181439,927703.92,10000
1781641240,0,38347900,0,82836.65,10005.53,984063,1327103,1868799,4734975,9617407,168576,102301695,1818554.59,2166672.68,38347900,100,100,100,0,0,0,0,0,0,751615,1629183,2226175,823518.09,10000
1781641241,0,38357900,0,82679.67,10001.19,984063,1327103,1867775,4734975,9617407,168576,102301695,1818316.57,2166467.02,38357900,100,100,100,0,0,0,0,0,0,784383,1655807,3753983,905537.22,10000
1781641242,0,38367900,0,82523.30,9997.44,983551,1327103,1867775,4734975,9617407,168576,102301695,1818069.89,2166252.26,38367900,100,100,100,0,0,0,0,0,0,779263,1806335,2914303,871878.11,10000
1781641243,0,38377900,0,82367.69,10002.37,983551,1327103,1867775,4734975,9617407,168576,102301695,1817846.36,2166071.75,38377900,100,100,100,0,0,0,0,0,0,777727,1935359,7516159,960193.10,10000
1781641244,0,38387900,0,82212.58,9992.48,983551,1326079,1867775,4730879,9617407,168576,102301695,1817603.46,2165857.90,38387900,100,100,100,0,0,0,0,0,0,788479,1722367,2723839,885413.14,10000
1781641245,0,38397900,0,82058.33,10004.21,983039,1326079,1867775,4730879,9609215,168576,102301695,1817372.10,2165643.34,38397900,100,100,100,0,0,0,0,0,0,795135,2025471,3237887,929227.76,10000
1781641246,0,38407900,0,81904.75,10004.84,983039,1326079,1866751,4730879,9609215,168576,102301695,1817126.00,2165452.50,38407900,100,100,100,0,0,0,0,0,0,723967,1727487,4997119,872163.80,10000
1781641247,0,38417900,0,81751.63,9993.88,983039,1326079,1866751,4730879,9609215,168576,102301695,1816909.54,2165270.18,38417900,100,100,100,0,0,0,0,0,0,785407,1973247,5033983,985509.89,10000
1781641248,0,38427900,0,81599.36,10004.81,982527,1326079,1866751,4730879,9609215,168576,102301695,1816719.86,2165140.82,38427900,100,100,100,0,0,0,0,0,0,802303,2293759,5681151,1088010.16,10000
1781641249,0,38437900,0,81447.55,9994.56,982527,1326079,1866751,4730879,9609215,168576,102301695,1816452.84,2164935.82,38437900,100,100,100,0,0,0,0,0,0,707583,1480703,3190783,790368.02,10000
1781641250,0,38447900,0,81296.53,10003.38,982015,1326079,1866751,4730879,9609215,168576,102301695,1816204.92,2164725.36,38447900,100,100,100,0,0,0,0,0,0,753151,1781759,3500031,863248.19,10000
1781641251,0,38457900,0,81146.01,9994.77,982015,1325055,1866751,4730879,9609215,168576,102301695,1815967.75,2164507.62,38457900,100,100,100,0,0,0,0,0,0,802303,1787903,2725887,904097.45,10000
1781641252,0,38467900,0,80996.28,10004.53,982015,1325055,1865727,4730879,9609215,168576,102301695,1815710.13,2164294.87,38467900,100,100,100,0,0,0,0,0,0,758783,1581055,2351103,824968.71,10000
1781641253,0,38477900,0,80847.02,9994.83,981503,1325055,1865727,4726783,9609215,168576,102301695,1815508.77,2164128.39,38477900,100,100,100,0,0,0,0,0,0,774143,2537471,6488063,1040900.39,10000
1781641254,0,38487900,0,80698.59,10006.67,981503,1325055,1865727,4726783,9609215,168576,102301695,1815270.48,2163911.08,38487900,100,100,100,0,0,0,0,0,0,802815,1872895,2637823,898378.01,10000
1781641255,0,38497900,0,80550.61,9996.98,981503,1325055,1865727,4726783,9601023,168576,102301695,1815057.37,2163718.35,38497900,100,100,100,0,0,0,0,0,0,787455,2181119,5439487,994829.13,10000
1781641256,0,38507900,0,80403.40,10005.51,980991,1325055,1865727,4726783,9601023,168576,102301695,1814799.76,2163506.94,38507900,100,100,100,0,0,0,0,0,0,753151,1502207,2637823,823083.49,10000
1781641257,0,38517900,0,80256.61,9994.57,980991,1325055,1865727,4726783,9601023,168576,102301695,1814563.97,2163292.30,38517900,100,100,100,0,0,0,0,0,0,794623,1903615,3129343,906564.37,10000
1781641258,0,38894700,0,80873.16,376691.36,984063,1331199,1880063,4759551,9748479,168576,102301695,1827576.06,2177158.38,38894700,100,100,100,0,0,0,0,0,0,2205695,8822783,19939327,3157720.44,376800
1781641259,0,39294700,0,81535.43,400216.57,987647,1337343,1895423,4792319,9797631,168576,102301695,1838321.39,2180412.38,39294700,100,100,100,0,0,0,0,0,0,2156543,6795263,12845055,2883162.20,400000
1781641260,0,39694490,0,82194.50,399945.31,990719,1343487,1908735,4804607,9814015,168576,102301695,1846542.44,2179292.33,39694490,100,100,100,0,0,0,0,0,0,2094079,6180863,11616255,2654576.10,399790
1781641261,0,40094700,0,82851.57,400035.91,994303,1350655,1922047,4825087,9936895,168576,102301695,1858104.38,2194213.51,40094700,100,100,100,0,0,0,0,0,0,2094079,7471103,17907711,3004865.65,400210
1781641262,0,40490740,0,83497.47,396167.78,997375,1356799,1936383,4853759,10092543,168576,102301695,1870798.19,2207482.59,40490740,100,100,100,0,0,0,0,0,0,2174975,9011199,17825791,3155907.12,396040
1781641263,0,40894700,0,84156.85,403735.52,1000447,1363967,1950719,4870143,10100735,168576,102301695,1878640.11,2205292.30,40894700,100,100,100,0,0,0,0,0,0,2179071,6172671,10870783,2664671.20,403960
1781641264,0,41292272,0,84800.59,397788.16,1004031,1370111,1960959,4886527,10215423,168576,102301695,1888412.27,2220709.37,41292272,100,100,100,0,0,0,0,0,0,1993727,6897663,24936447,2893587.97,397572
1781641265,0,41690740,0,85443.40,398386.71,1006591,1375231,1969151,4919295,10412031,168576,102301695,1899950.69,2240818.98,41690740,100,100,100,0,0,0,0,0,0,1927167,10084351,23445503,3095649.08,398468
1781641266,0,42094700,0,86094.75,403720.91,1009151,1379327,1975295,4935679,10420223,168576,102301695,1904803.39,2237366.17,42094700,100,100,100,0,0,0,0,0,0,1797119,5689343,10788863,2405626.39,403960
1781641267,0,42493820,0,86733.83,399489.24,1012223,1384447,1982463,4972543,10485759,168576,102301695,1914064.00,2242281.74,42493820,100,100,100,0,0,0,0,0,0,1889279,8364031,14262271,2890769.63,399120
1781641268,0,42894700,0,87373.59,400577.79,1014783,1388543,1989631,4997119,10543103,168576,102301695,1920892.14,2243840.76,42894700,100,100,100,0,0,0,0,0,0,1841151,6631423,12460031,2644683.58,400880
1781641269,0,43294700,0,88009.12,400053.73,1017343,1393663,1994751,5025791,10543103,168576,102301695,1926675.73,2242138.63,43294700,100,100,100,0,0,0,0,0,0,1809407,6725631,10649599,2546889.92,400000
1781641270,0,43694700,0,88641.97,399842.77,1020415,1397759,1999871,5046271,10731519,168576,102301695,1936195.92,2262809.25,43694700,100,100,100,0,0,0,0,0,0,1789951,10870783,23855103,2966629.77,400000
1781641271,0,44094700,0,89272.42,400187.73,1022975,1401855,2006015,5070847,10805247,168576,102301695,1945108.69,2279537.01,44094700,100,100,100,0,0,0,0,0,0,1857535,7045119,25280511,2918711.10,400000
1781641272,0,44492900,0,89896.70,398417.61,1025535,1405951,2010111,5083135,10838015,168576,102301695,1949311.81,2279812.01,44492900,100,100,100,0,0,0,0,0,0,1739775,6635519,13418495,2414744.65,398200
1781641273,0,44894700,0,90525.50,401544.44,1028095,1411071,2015231,5103615,10887167,168576,102301695,1955290.28,2281901.46,44894700,100,100,100,0,0,0,0,0,0,1881087,6008831,16130047,2617309.22,401800
1781641274,0,45294700,0,91148.26,399977.49,1031167,1415167,2020351,5119999,10960895,168576,102301695,1961861.58,2290139.83,45294700,100,100,100,0,0,0,0,0,0,1829887,8015871,18202623,2699403.13,400000
1781641275,0,45693944,0,91767.14,399525.66,1033727,1419263,2023423,5128191,10960895,168576,102301695,1964911.85,2286861.04,45693944,100,100,100,0,0,0,0,0,0,1701887,6037503,11444223,2310968.80,399244
1781641276,0,46094700,0,92386.37,400613.32,1036287,1424383,2035711,5255167,12681215,168576,301465599,2326678.06,8286463.66,46094700,100,100,100,0,0,0,0,0,0,2510847,224133119,261881855,43575030.46,400756
1781641277,0,46494700,0,93001.57,399763.92,1039359,1428479,2042879,5275647,12673023,168576,301465599,2330269.23,8253416.74,46494700,100,100,100,0,0,0,0,0,0,1987583,6213631,11493375,2744104.59,400000
1781641278,0,46894561,0,93614.31,400219.21,1041407,1432575,2047999,5296127,12623871,168576,301465599,2331077.74,8219629.82,46894561,100,100,100,0,0,0,0,0,0,1859583,6422527,8089599,2425088.47,399861
1781641279,0,47294700,0,94224.88,399888.64,1043967,1437695,2055167,5349375,12640255,168576,301465599,2338323.95,8189777.71,47294700,100,100,100,0,0,0,0,0,0,1959935,8294399,14721023,3187549.09,400139
1781641280,0,47692620,0,94828.85,398186.87,1047039,1441791,2062335,5369855,12730367,168576,301465599,2343238.00,8159677.69,47692620,100,100,100,0,0,0,0,0,0,1981439,7778303,17580031,2927296.06,397920
1781641281,0,48094700,0,95438.44,401822.73,1049599,1445887,2066431,5402623,12787711,168576,301465599,2347688.60,8129664.88,48094700,100,100,100,0,0,0,0,0,0,1808383,8749055,15450111,2875595.89,402080
1781641282,0,48490700,0,96033.76,396160.51,1052671,1451007,2076671,5443583,12935167,168576,301465599,2357340.24,8103749.64,48490700,100,100,100,0,0,0,0,0,0,2234367,9084927,23674879,3529543.97,396000
1781641283,0,48894700,0,96642.45,403945.97,1054719,1455103,2081791,5488639,13082623,168576,301465599,2365557.68,8077978.98,48894700,100,100,100,0,0,0,0,0,0,1882111,8568831,23724031,3351868.37,404000
1781641284,0,49294700,0,97240.90,400084.35,1057791,1459199,2088959,5525503,13172735,168576,301465599,2372875.41,8051210.94,49294700,100,100,100,0,0,0,0,0,0,2023423,9912319,20316159,3267370.19,400000
1781641285,0,49694700,0,97836.94,399946.98,1059839,1462271,2093055,5558271,13295615,168576,301465599,2378120.82,8024459.22,49694700,100,100,100,0,0,0,0,0,0,1769471,9928703,18989055,3024548.73,400000
1781641286,0,50094700,0,98430.68,400051.70,1062911,1467391,2099199,5586943,13295615,168576,301465599,2381591.23,7995288.69,50094700,100,100,100,0,0,0,0,0,0,1916927,7639039,11509759,2812742.95,400000
1781641287,0,50494700,0,99021.95,399756.96,1064959,1471487,2105343,5631999,13385727,168576,301465599,2388959.33,7970991.99,50494700,100,100,100,0,0,0,0,0,0,1939455,9338879,23379967,3311716.17,400000
1781641288,0,50892060,0,99606.01,397662.77,1068031,1474559,2109439,5644287,13467647,168576,301465599,2393035.02,7943961.57,50892060,100,100,100,0,0,0,0,0,0,1883135,7499775,17563647,2910956.11,397360
1781641289,0,51290940,0,100190.60,398878.62,1070079,1478655,2113535,5660671,13459455,168576,301465599,2395487.86,7915562.39,51290940,100,100,100,0,0,0,0,0,0,1924095,7294975,13352959,2708438.57,398880
1781641290,0,51694700,0,100782.33,403563.15,1073151,1483775,2121727,5701631,13574143,168576,301465599,2403360.82,7890298.28,51694700,100,100,100,0,0,0,0,0,0,2002943,10199039,17350655,3403488.54,403760
1781641291,0,52092509,0,101360.38,398013.30,1075199,1487871,2127871,5722111,13541375,168576,301465599,2406837.49,7862420.75,52092509,100,100,100,0,0,0,0,0,0,2022399,7008255,11239423,2858625.82,397809
1781641292,0,52492967,0,101941.13,400249.06,1078271,1491967,2134015,5738495,13549567,168576,301465599,2410472.84,7835405.04,52492967,100,100,100,0,0,0,0,0,0,2002943,8089599,15458303,2883367.37,400458
1781641293,0,52894700,0,102522.20,401742.00,1080319,1496063,2140159,5767167,13492223,168576,301465599,2414017.40,7808029.26,52894700,100,100,100,0,0,0,0,0,0,2042879,7823359,10625023,2877172.20,401733
1781641294,0,53294700,0,103097.73,400134.32,1083391,1500159,2146303,5783551,13516799,168576,301465599,2417532.73,7781747.39,53294700,100,100,100,0,0,0,0,0,0,1977343,8302591,14450687,2882388.99,400000
1781641295,0,53694700,0,103670.88,399815.04,1085439,1505279,2152447,5820415,13721599,168576,301465599,2427153.37,7764739.78,53694700,100,100,100,0,0,0,0,0,0,2082815,13369343,25985023,3708976.00,400000
1781641296,0,54094700,0,104241.98,400125.24,1088511,1508351,2160639,5832703,13729791,168576,301465599,2430830.40,7738770.77,54094700,100,100,100,0,0,0,0,0,0,2041855,7147519,13934591,2924423.22,400000
1781641297,0,54490740,0,104803.14,395931.34,1090559,1512447,2164735,5849087,13729791,168576,301465599,2433508.53,7713953.82,54490740,100,100,100,0,0,0,0,0,0,1934335,8085503,19185663,2799311.43,396040
1781641298,0,54892860,0,105373.99,402346.01,1092607,1516543,2170879,5890047,13852671,168576,301465599,2441628.58,7692760.01,54892860,100,100,100,0,0,0,0,0,0,2047999,9363455,18825215,3541965.23,402120
1781641299,0,55290700,0,105934.30,397752.97,1095679,1519615,2174975,5902335,13975551,168576,301465599,2447432.77,7677259.59,55290700,100,100,100,0,0,0,0,0,0,1903615,10534911,30801919,3248278.62,397840
1781641300,0,55694700,0,106504.25,403920.24,1097727,1522687,2179071,5902335,13918207,168576,301465599,2448695.55,7651244.22,55694700,100,100,100,0,0,0,0,0,0,1931263,6152191,12435455,2621517.23,404000
1781641301,0,56092580,0,107060.45,398017.45,1099775,1526783,2187263,5914623,13926399,168576,301465599,2453071.01,7627045.05,56092580,100,100,100,0,0,0,0,0,0,2148351,7389183,14516223,3065541.81,397880
1781641302,0,56493089,0,107619.48,400530.32,1102847,1530879,2191359,5918719,13860863,168576,301465599,2454055.26,7601844.58,56493089,100,100,100,0,0,0,0,0,0,1980415,6856703,12214271,2591903.09,400509
1781641303,0,56894700,0,108178.41,401499.58,1104895,1533951,2197503,5951487,13901823,168576,301465599,2460090.47,7580217.71,56894700,100,100,100,0,0,0,0,0,0,1972223,9781247,16809983,3309040.71,401611
1781641304,0,57294700,0,108732.17,399903.28,1106943,1538047,2203647,5971967,13893631,168576,301465599,2464866.18,7557086.15,57294700,100,100,100,0,0,0,0,0,0,2055167,8310783,13000703,3144147.17,400000
1781641305,0,57694700,0,109283.97,400164.48,1108991,1540095,2205695,5976063,13836287,168576,301465599,2465565.61,7532535.95,57694700,100,100,100,0,0,0,0,0,0,1811455,6176767,10403839,2565750.48,400000
1781641306,0,58090700,0,109825.94,395821.48,1111039,1543167,2209791,5984255,13836287,168576,301465599,2468005.48,7509483.24,58090700,100,100,100,0,0,0,0,0,0,1954815,7299071,15777791,2823479.14,396000
1781641307,0,58494700,0,110381.15,404179.74,1113087,1546239,2211839,5996543,13893631,168576,301465599,2470244.13,7486854.28,58494700,100,100,100,0,0,0,0,0,0,1850367,7131135,16416767,2792136.06,404000
1781641308,0,58894700,0,110926.46,399653.52,1115135,1548287,2213887,6000639,13975551,168576,301465599,2471773.05,7466324.97,58894700,100,100,100,0,0,0,0,0,0,1818623,8470527,17907711,2695358.17,400000
1781641309,0,59290740,0,111462.61,396342.44,1118207,1551359,2217983,6012927,14032895,168576,301465599,2474362.91,7444784.91,59290740,100,100,100,0,0,0,0,0,0,1942527,6782975,16465919,2859498.45,396040
1781641310,0,59694700,0,112011.33,403718.35,1120255,1554431,2222079,6037503,14123007,168576,301465599,2480145.12,7426961.17,59694700,100,100,100,0,0,0,0,0,0,1952767,11100159,21217279,3328821.04,403960
1781641311,0,60094700,0,112550.78,400158.42,1122303,1558527,2228223,6053887,14139391,168576,301465599,2484202.01,7405972.73,60094700,100,100,100,0,0,0,0,0,0,2119679,8384511,17874943,3089639.57,400000
1781641312,0,60494700,0,113088.13,399981.26,1124351,1562623,2234367,6070271,14139391,168576,301465599,2487590.19,7384008.18,60494700,100,100,100,0,0,0,0,0,0,2119679,7077887,14303231,2996618.83,400000
1781641313,0,60889701,0,113614.21,395113.51,1126399,1564671,2236415,6090751,14172159,168576,301465599,2490611.62,7364198.92,60889701,100,100,100,0,0,0,0,0,0,1896447,9052159,16408575,2953345.79,395001
1781641314,0,61294700,0,114156.75,404733.37,1128447,1567743,2240511,6107135,14163967,168576,301465599,2493333.40,7342578.67,61294700,100,100,100,0,0,0,0,0,0,1994751,7737343,14073855,2902540.22,404999
1781641315,0,61694700,0,114688.15,400041.24,1131519,1570815,2246655,6131711,14163967,168576,301465599,2498330.46,7322524.29,61694700,100,100,100,0,0,0,0,0,0,2059263,8290303,13819903,3264064.17,400000
1781641316,0,62082820,0,115195.47,388061.50,1132543,1573887,2250751,6148095,14163967,168576,301465599,2500500.53,7301943.45,62082820,100,100,100,0,0,0,0,0,0,1906687,7282687,13787135,2845449.53,388120
1781641317,0,62490700,0,115737.73,408241.49,1135615,1576959,2256895,6184959,14335999,168576,301465599,2510325.46,7289946.01,62490700,100,100,100,0,0,0,0,0,0,2140159,13852671,23494655,4005764.20,407880
1781641318,0,62528268,0,115593.23,37569.41,1135615,1576959,2256895,6189055,14327807,168576,301465599,2510380.25,7287928.01,62528268,100,100,100,0,0,0,0,0,0,1898495,7274495,7876607,2601523.03,37568
1781641319,0,62538300,0,115398.43,10031.14,1134591,1576959,2256895,6184959,14327807,168576,301465599,2510163.75,7287381.57,62538300,100,100,100,0,0,0,0,0,0,825343,2914303,6303743,1160748.29,10032
1781641320,0,62548300,0,115204.22,9996.05,1134591,1576959,2256895,6184959,14327807,168576,301465599,2509908.63,7286830.25,62548300,100,100,100,0,0,0,0,0,0,786943,1836031,3233791,914407.90,10000
1781641321,0,62558300,0,115010.85,10002.11,1134591,1576959,2256895,6184959,14327807,168576,301465599,2509684.26,7286277.73,62558300,100,100,100,0,0,0,0,0,0,841727,2967551,4124671,1106307.72,10000
1781641322,0,62568300,0,114818.06,9995.73,1134591,1576959,2256895,6184959,14327807,168576,301465599,2509458.79,7285729.10,62568300,100,100,100,0,0,0,0,0,0,814079,3039231,5988351,1098951.88,10000
1781641323,0,62578297,0,114626.20,10004.06,1134591,1576959,2256895,6184959,14327807,168576,301465599,2509204.83,7285177.90,62578297,100,100,100,0,0,0,0,0,0,791551,1970175,3059711,919730.28,9997
1781641324,0,62588300,0,114434.82,9998.95,1134591,1575935,2256895,6184959,14319615,168576,301465599,2508964.60,7284625.60,62588300,100,100,100,0,0,0,0,0,0,822783,2508799,3856383,1006096.02,10003
1781641325,0,62598300,0,114244.30,10003.25,1134591,1575935,2256895,6184959,14319615,168576,301465599,2508751.13,7284085.39,62598300,100,100,100,0,0,0,0,0,0,804351,3272703,9748479,1172702.80,10000
1781641326,0,62608200,0,114054.02,9890.88,1133567,1575935,2256895,6184959,14319615,168576,301465599,2508518.69,7283542.02,62608200,100,100,100,0,0,0,0,0,0,803327,2435071,6025215,1038800.69,9900
1781641327,0,62618300,0,113865.09,10104.81,1133567,1575935,2256895,6184959,14319615,168576,301465599,2508280.66,7282990.46,62618300,100,100,100,0,0,0,0,0,0,784895,2527231,5767167,1032738.59,10100
1781641328,0,62628300,0,113676.46,9995.21,1133567,1575935,2256895,6184959,14319615,168576,301465599,2508038.45,7282439.73,62628300,100,100,100,0,0,0,0,0,0,794111,2586623,3737599,991369.67,10000
1781641329,0,62638300,0,113488.72,10004.89,1133567,1575935,2256895,6184959,14319615,168576,301465599,2507792.47,7281889.86,62638300,100,100,100,0,0,0,0,0,0,796159,2064383,3999743,967270.16,10000
1781641330,0,62648300,0,113301.61,10002.30,1133567,1575935,2256895,6180863,14319615,168576,301465599,2507565.03,7281341.06,62648300,100,100,100,0,0,0,0,0,0,822783,3028991,5312511,1082933.84,10000
1781641331,0,62658265,0,113115.11,9967.86,1133567,1575935,2256895,6180863,14311423,168576,301465599,2507323.56,7280791.61,62658264,100,100,100,0,0,0,0,0,0,818175,2211839,3504127,989083.90,9964
1781641332,0,62668253,0,112929.25,9986.81,1133567,1575935,2254847,6180863,14311423,168576,301465599,2507085.54,7280243.09,62668253,100,100,100,0,0,0,0,0,0,798719,2404351,3756031,1014058.27,9989
1781641333,0,62678300,0,112744.10,10042.48,1132543,1574911,2254847,6180863,14311423,168576,301465599,2506829.61,7279690.37,62678300,100,100,100,0,0,0,0,0,0,790015,1874943,2883583,910437.77,10047
1781641334,0,62688300,0,112559.53,9995.65,1132543,1574911,2254847,6180863,14311423,168576,301465599,2506584.97,7279139.57,62688300,100,100,100,0,0,0,0,0,0,822271,2138111,3788799,973238.82,10000
1781641335,0,62698300,0,112375.73,10001.21,1132543,1574911,2254847,6180863,14311423,168576,301465599,2506365.32,7278597.61,62698300,100,100,100,0,0,0,0,0,0,825855,2785279,9625599,1129385.06,10000
1781641336,0,62708300,0,112192.60,10001.62,1132543,1574911,2254847,6180863,14311423,168576,301465599,2506111.54,7278048.58,62708300,100,100,100,0,0,0,0,0,0,781823,1883135,3502079,914992.63,10000
1781641337,0,62718300,0,112010.04,9997.17,1132543,1574911,2254847,6180863,14303231,168576,301465599,2505890.73,7277516.40,62718300,100,100,100,0,0,0,0,0,0,805887,2275327,9863167,1121185.32,10000
1781641338,0,62728300,0,111828.35,10008.65,1132543,1574911,2254847,6180863,14303231,168576,301465599,2505659.36,7276971.57,62728300,100,100,100,0,0,0,0,0,0,793087,2662399,6918143,1054544.22,10000
1781641339,0,62738300,0,111646.98,9991.62,1132543,1574911,2254847,6180863,14303231,168576,301465599,2505420.07,7276421.21,62738300,100,100,100,0,0,0,0,0,0,819199,2596863,3688447,1004436.04,10000
1781641340,0,62748300,0,111466.40,9999.41,1131519,1574911,2254847,6176767,14303231,168576,301465599,2505182.49,7275871.38,62748300,100,100,100,0,0,0,0,0,0,805375,2691071,3979263,1014605.51,10000
1781641341,0,62758300,0,111286.50,10001.34,1131519,1574911,2254847,6176767,14303231,168576,301465599,2504930.95,7275322.28,62758300,100,100,100,0,0,0,0,0,0,793599,2144255,3205119,926592.05,10000
1781641342,0,62768270,0,111107.34,9979.03,1131519,1573887,2254847,6176767,14303231,168576,301465599,2504692.03,7274775.81,62768270,100,100,100,0,0,0,0,0,0,802303,2342911,4235263,1000762.99,9970
1781641343,0,62778300,0,110928.68,10027.30,1131519,1573887,2254847,6176767,14303231,168576,301465599,2504460.48,7274227.76,62778300,100,100,100,0,0,0,0,0,0,831487,2326527,5287935,1055422.10,10030
1781641344,0,62788300,0,110750.50,9992.20,1131519,1573887,2254847,6176767,14295039,168576,301465599,2504210.03,7273678.73,62788300,100,100,100,0,0,0,0,0,0,803839,2051071,3012607,931892.86,10000
1781641345,0,62798300,0,110573.17,10003.45,1131519,1573887,2254847,6176767,14295039,168576,301465599,2503984.67,7273140.33,62798300,100,100,100,0,0,0,0,0,0,799743,2596863,5128191,1089020.22,10000
1781641346,0,62808300,0,110396.36,9998.17,1131519,1573887,2252799,6176767,14295039,168576,301465599,2503734.34,7272591.60,62808300,100,100,100,0,0,0,0,0,0,793599,2138111,2906111,931659.24,10000
1781641347,0,62818300,0,110220.23,10001.07,1130495,1573887,2252799,6176767,14295039,168576,301465599,2503504.35,7272043.88,62818300,100,100,100,0,0,0,0,0,0,808447,2736127,4583423,1059013.13,10000
1781641348,0,62828300,0,110044.74,10002.74,1130495,1573887,2252799,6176767,14295039,168576,301465599,2503253.38,7271497.53,62828300,100,100,100,0,0,0,0,0,0,761343,2068479,4472831,926704.14,10000
1781641349,0,62838300,0,109869.90,10004.25,1130495,1573887,2252799,6176767,14295039,168576,301465599,2503000.25,7270949.64,62838300,100,100,100,0,0,0,0,0,0,782335,2105343,2875391,912622.59,10000
1781641350,0,62848300,0,109695.45,9993.00,1130495,1572863,2252799,6172671,14295039,168576,301465599,2502778.96,7270413.24,62848300,100,100,100,0,0,0,0,0,0,802815,2654207,6193151,1112200.72,10000
1781641351,0,62858300,0,109521.73,9999.22,1130495,1572863,2252799,6172671,14286847,168576,301465599,2502531.97,7269864.60,62858300,100,100,100,0,0,0,0,0,0,799743,2123775,2881535,950256.40,10000
1781641352,0,62868300,0,109348.65,10000.73,1130495,1572863,2252799,6172671,14286847,168576,301465599,2502298.57,7269320.40,62868300,100,100,100,0,0,0,0,0,0,807935,2236415,6807551,1035168.56,10000
1781641353,0,62878300,0,109176.21,10003.35,1130495,1572863,2252799,6172671,14286847,168576,301465599,2502062.00,7268772.24,62878300,100,100,100,0,0,0,0,0,0,807935,2562047,3833855,1014811.42,10000
1781641354,0,62888300,0,109004.28,9998.65,1129471,1572863,2252799,6172671,14286847,168576,301465599,2501816.20,7268223.56,62888300,100,100,100,0,0,0,0,0,0,824831,2060287,3047423,956257.59,10000
1781641355,0,62898300,0,108832.89,9995.58,1129471,1572863,2252799,6172671,14286847,168576,301465599,2501645.23,7267728.28,62898300,100,100,100,0,0,0,0,0,0,840703,3477503,15998975,1426428.76,10000
1781641356,0,62908300,0,108662.30,10006.66,1129471,1572863,2252799,6172671,14286847,168576,301465599,2501395.12,7267183.05,62908300,100,100,100,0,0,0,0,0,0,774655,2011135,3721215,928269.85,10000
1781641357,0,62918300,0,108492.16,9999.01,1129471,1572863,2252799,6172671,14286847,168576,301465599,2501178.59,7266638.42,62918300,100,100,100,0,0,0,0,0,0,833535,2914303,6701055,1139037.31,10000
1781641358,0,62928300,0,108322.53,9995.17,1129471,1572863,2252799,6172671,14286847,168576,301465599,2500959.54,7266097.98,62928300,100,100,100,0,0,0,0,0,0,809983,2686975,8384511,1122688.22,10000
1781641359,0,62938300,0,108153.55,9999.01,1129471,1572863,2250751,6172671,14278655,168576,301465599,2500703.00,7265551.73,62938300,100,100,100,0,0,0,0,0,0,777215,1770495,2799615,886392.55,10000
1781641360,0,62948300,0,107985.22,10002.65,1129471,1571839,2250751,6172671,14278655,168576,301465599,2500467.83,7265005.87,62948300,100,100,100,0,0,0,0,0,0,802815,2590719,5165055,1020295.59,10000
1781641361,0,62958300,0,107817.40,9998.92,1128447,1571839,2250751,6172671,14278655,168576,301465599,2500223.26,7264459.36,62958300,100,100,100,0,0,0,0,0,0,792063,2150399,3864575,960699.51,10000
1781641362,0,62968300,0,107650.24,10003.82,1128447,1571839,2250751,6168575,14278655,168576,301465599,2499966.86,7263913.35,62968300,100,100,100,0,0,0,0,0,0,778751,1864703,2529279,885752.65,10000
1781641363,0,62978300,0,107483.66,10004.28,1128447,1571839,2250751,6168575,14278655,168576,301465599,2499716.33,7263367.66,62978300,100,100,100,0,0,0,0,0,0,787455,1919999,3667967,922173.08,10000
1781641364,0,62988285,0,107317.56,9985.68,1128447,1571839,2250751,6168575,14278655,168576,301465599,2499474.20,7262821.50,62988285,100,100,100,0,0,0,0,0,0,814079,2232319,3573759,972256.68,9985
1781641365,0,62998300,0,107152.03,10013.16,1128447,1571839,2250751,6168575,14278655,168576,301465599,2499252.69,7262278.34,62998300,100,100,100,0,0,0,0,0,0,816639,3153919,5890047,1106127.06,10015
1781641366,0,63008284,0,106987.07,9985.93,1128447,1571839,2250751,6168575,14270463,168576,301465599,2498999.83,7261733.49,63008284,100,100,100,0,0,0,0,0,0,791039,1941503,2871295,903477.99,9984
1781641367,0,63018300,0,106822.68,10015.09,1128447,1571839,2250751,6168575,14270463,168576,301465599,2498805.76,7261206.91,63018300,100,100,100,0,0,0,0,0,0,839679,2834431,11665407,1277924.04,10016
1781641368,0,63028271,0,106658.80,9971.95,1127423,1570815,2250751,6168575,14270463,168576,301465599,2498570.46,7260663.43,63028271,100,100,100,0,0,0,0,0,0,793599,2809855,4313087,1011474.18,9971
1781641369,0,63038300,0,106495.45,10023.06,1127423,1570815,2250751,6168575,14270463,168576,301465599,2498317.96,7260117.38,63038300,100,100,100,0,0,0,0,0,0,767487,2086911,3571711,911397.85,10029
1781641370,0,63048300,0,106332.74,10001.80,1127423,1570815,2250751,6168575,14270463,168576,301465599,2498091.16,7259585.95,63048300,100,100,100,0,0,0,0,0,0,781823,2369535,6615039,1068418.82,10000
1781641371,0,63058300,0,106170.52,9998.51,1127423,1570815,2250751,6168575,14270463,168576,301465599,2497844.56,7259041.44,63058300,100,100,100,0,0,0,0,0,0,787455,2129919,3805183,943046.34,10000
1781641372,0,63068300,0,106008.86,9999.21,1127423,1570815,2250751,6168575,14270463,168576,301465599,2497671.82,7258590.99,63068300,100,100,100,0,0,0,0,0,0,812031,2570239,20348927,1408417.07,10000
1781641373,0,63078300,0,105847.77,10001.10,1127423,1570815,2248703,6164479,14270463,168576,301465599,2497416.79,7258045.95,63078300,100,100,100,0,0,0,0,0,0,792063,1850367,2353151,888992.73,10000
1781641374,0,63088300,0,105687.22,10001.31,1127423,1570815,2248703,6164479,14262271,168576,301465599,2497162.70,7257501.34,63088300,100,100,100,0,0,0,0,0,0,785919,1859583,2729983,894404.83,10000
1781641375,0,63098300,0,105527.13,9996.06,1126399,1570815,2248703,6164479,14262271,168576,301465599,2496942.27,7256963.01,63098300,100,100,100,0,0,0,0,0,0,813567,2852863,7311359,1106274.73,10000
1781641376,0,63108300,0,105367.64,10000.68,1126399,1570815,2248703,6164479,14262271,168576,301465599,2496728.28,7256424.49,63108300,100,100,100,0,0,0,0,0,0,828415,2863103,7585791,1146480.28,10000
1781641377,0,63118300,0,105208.72,10002.26,1126399,1569791,2248703,6164479,14262271,168576,301465599,2496524.43,7255885.77,63118300,100,100,100,0,0,0,0,0,0,855551,3555327,9076735,1210069.93,10000
1781641378,0,63585147,0,105810.60,467072.90,1129471,1575935,2263039,6209535,14401535,168576,301465599,2508262.22,7237604.15,63585147,100,100,100,0,0,0,0,0,0,2555903,12107775,18202623,4095225.93,466847
1781641379,0,64084100,0,106463.72,498924.42,1132543,1581055,2271231,6230015,14434303,168576,301465599,2512900.25,7212867.18,64084100,100,100,100,0,0,0,0,0,0,2273279,8065023,14852095,3103957.93,498953
1781641380,0,64584100,0,107116.41,499955.93,1135615,1587199,2281471,6250495,14548991,168576,301465599,2519705.55,7191218.16,64584100,100,100,100,0,0,0,0,0,0,2293759,9297919,18726911,3391928.17,500000
1781641381,0,65087077,0,107771.89,503008.09,1138687,1592319,2291711,6254591,14524415,168576,301465599,2523037.32,7166035.31,65087077,100,100,100,0,0,0,0,0,0,2279423,6586367,13123583,2950849.63,502977
1781641382,0,65584100,0,108415.37,497070.63,1141759,1598463,2303999,6283263,14573567,168576,301465599,2530643.91,7146188.84,65584100,100,100,100,0,0,0,0,0,0,2447359,9248767,24199167,3526755.98,497023
1781641383,0,66086444,0,109065.48,502344.60,1144831,1603583,2316287,6320127,14622719,168576,301465599,2538549.48,7124343.62,66086444,100,100,100,0,0,0,0,0,0,2504703,9560063,17252351,3570670.56,502344
1781641384,0,66584100,0,109705.71,497592.80,1147903,1608703,2326527,6361087,14696447,168576,301465599,2546717.17,7103865.74,66584100,100,100,100,0,0,0,0,0,0,2390015,11075583,17252351,3631349.12,497656
1781641385,0,67085493,0,110350.03,501446.95,1150975,1614847,2338815,6389759,14688255,168576,301465599,2553798.61,7081297.97,67085493,100,100,100,0,0,0,0,0,0,2488319,9003007,14376959,3494201.50,501393
1781641386,0,67584100,0,110987.62,498575.61,1154047,1619967,2349055,6434815,14893055,168576,301465599,2566535.01,7069745.52,67584100,100,100,100,0,0,0,0,0,0,2430975,16285695,27181055,4280164.11,498607
1781641387,0,68084150,0,111625.50,500080.92,1157119,1625087,2359295,6463487,14974975,168576,301465599,2574116.03,7051619.75,68084150,100,100,100,0,0,0,0,0,0,2383871,12664831,18513919,3598726.06,500050
1781641388,0,68584200,0,112261.28,500025.81,1159167,1629183,2365439,6475775,15024127,168576,301465599,2578911.69,7030769.33,68584200,100,100,100,0,0,0,0,0,0,2207743,7983103,18104319,3231862.86,500050
1781641389,0,69084600,0,112895.55,500354.96,1162239,1634303,2373631,6512639,15089663,168576,301465599,2588574.69,7016936.96,69084600,100,100,100,0,0,0,0,0,0,2308095,11665407,27262975,3912974.09,500400
1781641390,0,69584250,0,113526.53,499642.07,1165311,1638399,2381823,6529023,15220735,168576,301465599,2595312.79,7000374.79,69584250,100,100,100,0,0,0,0,0,0,2289663,11427839,25280511,3526963.06,499650
1781641391,0,70084450,0,114156.39,500278.30,1168383,1643519,2394111,6549503,15261695,168576,301465599,2603121.31,6981080.34,70084450,100,100,100,0,0,0,0,0,0,2580479,11427839,16105471,3689386.14,500200
1781641392,0,70584100,0,114783.15,499296.59,1170431,1648639,2402303,6578175,15433727,168576,301465599,2613259.12,6970628.64,70584100,100,100,100,0,0,0,0,0,0,2385919,15015935,29310975,4035260.75,499650
1781641393,0,71084322,0,115409.06,500577.56,1173503,1652735,2410495,6615039,15532031,168576,301465599,2621874.99,6954914.30,71084322,100,100,100,0,0,0,0,0,0,2320383,11075583,21495807,3837621.22,500222
1781641394,0,71585101,0,116033.72,500785.90,1176575,1657855,2416639,6623231,15548415,168576,301465599,2625414.58,6935036.09,71585101,100,100,100,0,0,0,0,0,0,2226175,8282111,19611647,3127851.74,500779
1781641395,0,72084150,0,116653.54,499026.78,1179647,1661951,2424831,6623231,15540223,168576,301465599,2627665.43,6913801.21,72084150,100,100,100,0,0,0,0,0,0,2277375,6828031,15220735,2950533.70,499049
1781641396,0,72587003,0,117277.50,502821.99,1181695,1667071,2435071,6655999,15589375,168576,301465599,2634014.07,6894901.12,72587003,100,100,100,0,0,0,0,0,0,2492415,9224191,17514495,3544093.86,502853
1781641397,0,73084100,0,117890.18,497103.55,1184767,1671167,2443263,6664191,15532031,168576,301465599,2637370.28,6874560.05,73084100,100,100,100,0,0,0,0,0,0,2349055,9158655,13737983,3127450.53,497097
1781641398,0,73584100,0,118505.39,499536.65,1187839,1676287,2449407,6684671,15532031,168576,301465599,2641400.03,6854765.12,73584100,100,100,100,0,0,0,0,0,0,2359295,8019967,14721023,3230420.71,500000
1781641399,0,74085603,0,119121.39,502002.19,1189887,1680383,2455551,6701055,15622143,168576,301465599,2645765.55,6836502.56,74085603,100,100,100,0,0,0,0,0,0,2222079,9027583,17940479,3286305.77,501503
1781641400,0,74585084,0,119731.99,499494.35,1192959,1684479,2461695,6713343,15572991,168576,301465599,2648674.55,6816190.55,74585084,100,100,100,0,0,0,0,0,0,2275327,7864319,12075007,3080153.09,499481
1781641401,0,75084299,0,120340.20,499213.03,1196031,1689599,2471935,6737919,15654911,168576,301465599,2655986.82,6800316.01,75084299,100,100,100,0,0,0,0,0,0,2543615,10592255,22495231,3748473.50,499215
1781641402,0,75584100,0,120947.38,499731.41,1198079,1694719,2480127,6754303,15712255,168576,301465599,2660343.32,6782752.32,75584100,100,100,100,0,0,0,0,0,0,2308095,9363455,16859135,3314813.20,499801
1781641403,0,76086250,0,121556.41,502199.05,1201151,1698815,2488319,6782975,15974399,168576,301465599,2670839.91,6774831.64,76086250,100,100,100,0,0,0,0,0,0,2404351,17268735,28262399,4250797.60,502150
1781641404,0,76584109,0,122156.64,497873.83,1204223,1703935,2494463,6795263,16031743,168576,301465599,2675477.11,6757496.64,76584109,100,100,100,0,0,0,0,0,0,2318335,9273343,18350079,3384166.13,497859
1781641405,0,77084548,0,122759.04,500363.19,1206271,1708031,2500607,6811647,16031743,168576,301465599,2679385.80,6738769.93,77084548,100,100,100,0,0,0,0,0,0,2355199,7852031,11378687,3277547.47,500439
1781641406,0,77584100,0,123358.17,499630.96,1209343,1712127,2508799,6840319,16064511,168576,301465599,2685219.98,6723007.82,77584100,100,100,100,0,0,0,0,0,0,2353151,10641407,20217855,3585476.40,499552
1781641407,0,78084100,0,123955.95,499696.08,1212415,1717247,2516991,6852607,16048127,168576,301465599,2689810.13,6705321.29,78084100,100,100,100,0,0,0,0,0,0,2422783,8241151,15695871,3402056.31,500000
1781641408,0,78586034,0,124555.15,502232.38,1214463,1721343,2523135,6877183,16048127,168576,301465599,2694587.18,6688374.35,78586034,100,100,100,0,0,0,0,0,0,2297855,9650175,13967359,3437735.52,501934
1781641409,0,79085100,0,125147.79,499071.02,1217535,1726463,2529279,6893567,16039935,168576,301465599,2698482.07,6670796.82,79085100,100,100,100,0,0,0,0,0,0,2410495,8421375,15802367,3311795.22,499066
1781641410,0,79584499,0,125739.09,499402.54,1220607,1730559,2535423,6918143,16138239,168576,301465599,2705679.04,6660148.21,79584499,100,100,100,0,0,0,0,0,0,2363391,12722175,27656191,3845395.46,499399
1781641411,0,80085644,0,126331.27,501141.71,1222655,1734655,2541567,6938623,16154623,168576,301465599,2710617.97,6643878.99,80085644,100,100,100,0,0,0,0,0,0,2312191,8814591,18251775,3494947.06,501145
1781641412,0,80584150,0,126917.40,498420.74,1225727,1738751,2549759,6963199,16162815,168576,301465599,2715618.63,6627503.22,80584150,100,100,100,0,0,0,0,0,0,2412543,9101311,18644991,3518980.89,498506
1781641413,0,81084100,0,127503.93,499788.26,1227775,1743871,2555903,6971391,16146431,168576,301465599,2718747.78,6610004.04,81084100,100,100,100,0,0,0,0,0,0,2342911,7778303,12247039,3223117.94,499950
1781641414,0,81588304,0,128095.42,504368.35,1230847,1747967,2562047,6991871,16203775,168576,301465599,2724735.08,6597412.99,81588304,100,100,100,0,0,0,0,0,0,2439167,11870207,19709951,3687589.07,504204
1781641415,0,82085103,0,128673.41,496850.14,1233919,1752063,2570239,7004159,16236543,168576,301465599,2730261.28,6584313.75,82085103,100,100,100,0,0,0,0,0,0,2435071,8126463,21331967,3637817.52,496799
1781641416,0,82585828,0,129255.70,500717.15,1235967,1756159,2576383,7016447,16244735,168576,301465599,2733790.18,6567994.43,82585828,100,100,100,0,0,0,0,0,0,2375679,8568831,16875519,3312292.24,500725
1781641417,0,83087371,0,129837.48,501581.52,1239039,1760255,2582527,7049215,16367615,168576,301465599,2745043.31,6566725.69,83087371,100,100,100,0,0,0,0,0,0,2353151,15720447,34471935,4598023.10,501543
1781641418,0,83584111,0,130409.83,496492.08,1241087,1764351,2586623,7057407,16383999,168576,301465599,2749106.26,6553880.21,83584111,100,100,100,0,0,0,0,0,0,2291711,8421375,22773759,3428697.34,496740
1781641419,0,84088007,0,130991.73,504106.01,1244159,1768447,2592767,7077887,16441343,168576,301465599,2755193.58,6542076.19,84088007,100,100,100,0,0,0,0,0,0,2383871,12042239,23691263,3764931.98,503896
1781641420,0,84585650,0,131562.02,497685.51,1247231,1772543,2598911,7102463,16498687,168576,301465599,2761068.72,6529245.27,84585650,100,100,100,0,0,0,0,0,0,2435071,10936319,19513343,3753805.55,497643
1781641421,0,85084100,0,132131.65,498123.81,1249279,1776639,2603007,7102463,16482303,168576,301465599,2762872.26,6512555.96,85084100,100,100,100,0,0,0,0,0,0,2359295,7151615,14655487,3068928.47,498450
1781641422,0,85584100,0,132702.17,500313.01,1252351,1780735,2611199,7127039,16539647,168576,301465599,2769164.75,6500265.51,85584100,100,100,100,0,0,0,0,0,0,2469887,12091391,22151167,3839946.54,500000
1781641423,0,86084841,0,133271.96,500755.45,1254399,1784831,2615295,7143423,16506879,168576,301465599,2772194.74,6484004.44,86084841,100,100,100,0,0,0,0,0,0,2375679,8228863,12312575,3290065.68,500741
1781641424,0,86584510,0,133838.32,499670.76,1257471,1788927,2621439,7172095,16580607,168576,301465599,2779513.71,6474243.38,86584510,100,100,100,0,0,0,0,0,0,2347007,12369919,22069247,4040452.79,499669
1781641425,0,87084100,0,134402.60,499078.93,1259519,1791999,2625535,7196671,16629759,168576,301465599,2785568.94,6463918.16,87084100,100,100,100,0,0,0,0,0,0,2390015,12132351,24936447,3835006.70,499590
1781641426,0,87585550,0,134968.40,501917.87,1261567,1797119,2635775,7213055,16662527,168576,301465599,2793116.26,6453831.93,87585550,100,100,100,0,0,0,0,0,0,2723839,10076159,26001407,4103818.29,501450
1781641427,0,88084100,0,135527.78,498451.05,1264639,1800191,2641919,7233535,16662527,168576,301465599,2797378.55,6439806.65,88084100,100,100,100,0,0,0,0,0,0,2406399,9781247,16523263,3546181.55,498550
1781641428,0,88584100,0,136087.56,499658.88,1266687,1804287,2648063,7254015,16711679,168576,301465599,2803558.79,6428637.90,88584100,100,100,100,0,0,0,0,0,0,2480127,12533759,20922367,3892318.99,500000
1781641429,0,89084500,0,136646.57,500861.97,1269759,1807359,2654207,7274495,16777215,168576,301465599,2810004.99,6420950.26,89084500,100,100,100,0,0,0,0,0,0,2428927,12328959,30081023,3951154.54,500400
1781641430,0,89588751,0,137209.59,504285.30,1271807,1811455,2660351,7294975,16777215,168576,301465599,2814046.57,6407716.63,89588751,100,100,100,0,0,0,0,0,0,2369535,10149887,16941055,3528060.61,504251
1781641431,0,90084492,0,137757.85,495735.96,1273855,1814527,2666495,7299071,16752639,168576,301465599,2817431.77,6393196.90,90084492,100,100,100,0,0,0,0,0,0,2516991,7725055,15933439,3429194.77,495741
1781641432,0,90584707,0,138311.28,500210.50,1275903,1818623,2672639,7315455,16752639,168576,301465599,2821920.47,6380102.24,90584707,100,100,100,0,0,0,0,0,0,2473983,9445375,16719871,3630297.01,500215
1781641433,0,91084150,0,138861.82,499413.57,1278975,1821695,2676735,7331839,16744447,168576,301465599,2825013.77,6366583.43,91084150,100,100,100,0,0,0,0,0,0,2347007,10100735,14450687,3386049.29,499443
1781641434,0,91587742,0,139416.99,503518.11,1281023,1824767,2682879,7344127,16809983,168576,301465599,2829797.05,6358602.47,91587742,100,100,100,0,0,0,0,0,0,2357247,10264575,29769727,3694943.52,503592
1781641435,0,91769324,0,139481.13,181620.32,1282047,1826815,2684927,7364607,16891903,168576,639107071,2867680.87,7450660.73,91769324,100,100,100,0,0,0,0,0,0,2791423,58621951,526647295,21975819.50,181582
1781641436,0,92584389,0,140506.40,815071.56,1286143,1835007,2711551,7729151,20398079,168576,738721791,4331362.07,27337459.15,92584389,100,100,100,0,0,0,0,0,0,10354687,642777087,708837375,169129303.91,815065
1781641437,0,93087383,0,141055.68,502995.27,1289215,1838079,2715647,7757823,20529151,168576,738721791,4330134.18,27265685.84,93087383,100,100,100,0,0,0,0,0,0,2328575,13434879,25116671,4104119.84,502994
1781641438,0,93128625,0,140904.65,41240.75,1289215,1838079,2715647,7757823,20512767,168576,738721791,4328960.73,27259708.90,93128625,100,100,100,0,0,0,0,0,0,1701887,2789375,3454975,1680356.34,41242
1781641439,0,93138692,0,140706.99,10067.17,1288191,1838079,2713599,7753727,20512767,168576,738721791,4328604.42,27258258.10,93138692,100,100,100,0,0,0,0,0,0,842239,2453503,3663871,1032472.82,10067
1781641440,0,93148600,0,140509.68,9907.60,1288191,1838079,2713599,7753727,20512767,168576,738721791,4328252.94,27256830.76,93148600,100,100,100,0,0,0,0,0,0,813055,2478079,4681727,1024169.24,9908
1781641441,0,93158646,0,140313.18,10046.14,1288191,1838079,2713599,7753727,20512767,168576,738721791,4327896.46,27255383.62,93158646,100,100,100,0,0,0,0,0,0,824319,2449407,3569663,1022583.39,10046
1781641442,0,93168661,0,140117.23,10015.32,1288191,1838079,2713599,7753727,20512767,168576,738721791,4327572.07,27253942.49,93168661,100,100,100,0,0,0,0,0,0,847871,3938303,8732671,1310170.42,10015
1781641443,0,93178600,0,139921.57,9930.22,1288191,1838079,2713599,7753727,20512767,168576,738721791,4327226.94,27252510.78,93178600,100,100,100,0,0,0,0,0,0,842239,2826239,4792319,1091902.10,9939
1781641444,0,93188650,0,139727.02,10058.80,1288191,1837055,2713599,7753727,20512767,168576,738721791,4326876.15,27251063.43,93188650,100,100,100,0,0,0,0,0,0,840703,2531327,4947967,1074546.40,10050
1781641445,0,93198697,0,139532.86,10046.64,1288191,1837055,2713599,7753727,20512767,168576,738721791,4326535.94,27249616.58,93198697,100,100,100,0,0,0,0,0,0,853503,3016703,6938623,1171024.68,10047
1781641446,0,93208688,0,139339.21,9991.19,1288191,1837055,2713599,7753727,20512767,168576,738721791,4326188.09,27248177.86,93208688,100,100,100,0,0,0,0,0,0,860671,2643967,4071423,1081288.21,9991
1781641447,0,93218600,0,139145.97,9909.76,1287167,1837055,2713599,7753727,20512767,168576,738721791,4325837.42,27246751.52,93218600,100,100,100,0,0,0,0,0,0,828415,2478079,3952639,1028251.58,9912
1781641448,0,93228615,0,138953.55,10017.26,1287167,1837055,2713599,7749631,20512767,168576,738721791,4325488.30,27245310.11,93228615,100,100,100,0,0,0,0,0,0,852479,2490367,4040703,1075994.94,10015
1781641449,0,93238661,0,138761.71,10046.17,1287167,1837055,2713599,7749631,20512767,168576,738721791,4325130.60,27243864.89,93238661,100,100,100,0,0,0,0,0,0,833535,2291711,3354623,1005570.75,10046
1781641450,0,93248600,0,138570.24,9937.12,1287167,1837055,2713599,7749631,20512767,168576,738721791,4324788.45,27242435.88,93248600,100,100,100,0,0,0,0,0,0,836095,2590719,6324223,1115080.91,9939
1781641451,0,93258600,0,138379.45,9999.29,1287167,1837055,2713599,7749631,20512767,168576,738721791,4324459.19,27240997.93,93258600,100,100,100,0,0,0,0,0,0,873983,2918399,8339455,1254085.90,10000
1781641452,0,93268668,0,138189.39,10070.39,1287167,1837055,2713599,7749631,20496383,168576,738721791,4324098.05,27239550.75,93268668,100,100,100,0,0,0,0,0,0,802303,2078719,3999743,978948.88,10068
1781641453,0,93278601,0,137999.61,9931.81,1287167,1837055,2711551,7749631,20496383,168576,738721791,4323750.68,27238122.28,93278601,100,100,100,0,0,0,0,0,0,854015,2713599,4435967,1062027.51,9933
1781641454,0,93288611,0,137810.56,10010.75,1287167,1836031,2711551,7749631,20496383,168576,738721791,4323415.91,27236687.82,93288611,100,100,100,0,0,0,0,0,0,848383,2441215,8798207,1203840.97,10010
1781641455,0,93298686,0,137622.15,10075.53,1286143,1836031,2711551,7749631,20496383,168576,738721791,4323065.88,27235239.30,93298686,100,100,100,0,0,0,0,0,0,841215,2559999,5111807,1081948.71,10075
1781641456,0,93308600,0,137434.05,9913.93,1286143,1836031,2711551,7749631,20496383,168576,738721791,4322711.47,27233814.85,93308600,100,100,100,0,0,0,0,0,0,823295,2367487,3137535,987497.42,9914
1781641457,0,93318634,0,137246.67,10033.92,1286143,1836031,2711551,7745535,20496383,168576,738721791,4322369.96,27232372.78,93318633,100,100,100,0,0,0,0,0,0,854015,3229695,6193151,1146237.98,10033
1781641458,0,93328610,0,137059.77,9976.33,1286143,1836031,2711551,7745535,20496383,168576,738721791,4322016.01,27230939.61,93328610,100,100,100,0,0,0,0,0,0,831999,2170879,4022271,1011426.77,9977
1781641459,0,93338600,0,136873.28,9982.29,1286143,1836031,2711551,7745535,20496383,168576,738721791,4321656.49,27229505.10,93338600,100,100,100,0,0,0,0,0,0,820735,2109439,3284991,962943.76,9990
1781641460,0,93348666,0,136687.76,10073.82,1286143,1836031,2711551,7745535,20496383,168576,738721791,4321323.66,27228058.81,93348666,100,100,100,0,0,0,0,0,0,843775,4003839,7000063,1235097.48,10066
1781641461,0,93358601,0,136502.43,9934.88,1286143,1836031,2711551,7745535,20496383,168576,738721791,4320961.46,27226633.08,93358601,100,100,100,0,0,0,0,0,0,818175,1844223,2646015,917714.40,9935
1781641462,0,93368651,0,136317.81,10050.18,1286143,1836031,2711551,7745535,20496383,168576,738721791,4320599.59,27225190.78,93368651,100,100,100,0,0,0,0,0,0,818687,2006015,3522559,959036.92,10050
1781641463,0,93378700,0,136133.55,10040.33,1285119,1836031,2711551,7745535,20496383,168576,738721791,4320258.89,27223747.86,93378700,100,100,100,0,0,0,0,0,0,855039,2799615,5410815,1154743.75,10049
1781641464,0,93388609,0,135949.97,9917.50,1285119,1835007,2711551,7745535,20496383,168576,738721791,4319904.01,27222325.98,93388609,100,100,100,0,0,0,0,0,0,824319,2191359,3311615,975664.80,9909
1781641465,0,93398656,0,135766.96,10047.06,1285119,1835007,2711551,7745535,20479999,168576,738721791,4319548.54,27220884.55,93398656,100,100,100,0,0,0,0,0,0,796159,2529279,4587519,1015393.80,10047
1781641466,0,93408600,0,135584.14,9934.54,1285119,1835007,2711551,7741439,20479999,168576,738721791,4319193.55,27219458.32,93408600,100,100,100,0,0,0,0,0,0,806911,2074623,3094527,984942.25,9944
1781641467,0,93418602,0,135402.30,10011.41,1285119,1835007,2709503,7741439,20479999,168576,738721791,4318853.06,27218023.19,93418602,100,100,100,0,0,0,0,0,0,847359,2629631,5435391,1138999.57,10002
1781641468,0,93428612,0,135220.82,10009.92,1285119,1835007,2709503,7741439,20479999,168576,738721791,4318501.48,27216587.29,93428612,100,100,100,0,0,0,0,0,0,827903,2578431,4280319,1037395.57,10010
1781641469,0,93438603,0,135039.83,9990.79,1285119,1835007,2709503,7741439,20479999,168576,738721791,4318140.35,27215155.20,93438603,100,100,100,0,0,0,0,0,0,818175,1859583,3823615,941085.11,9991
1781641470,0,93448617,0,134859.41,10014.38,1285119,1835007,2709503,7741439,20479999,168576,738721791,4317806.79,27213723.77,93448617,100,100,100,0,0,0,0,0,0,814079,2506751,9969663,1205389.56,10014
1781641471,0,93458700,0,134679.39,10072.35,1284095,1835007,2709503,7741439,20479999,168576,738721791,4317450.74,27212278.94,93458700,100,100,100,0,0,0,0,0,0,798719,2357247,5070847,1017656.32,10083
1781641472,0,93468603,0,134500.04,9913.41,1284095,1835007,2709503,7741439,20479999,168576,738721791,4317094.83,27210859.97,93468603,100,100,100,0,0,0,0,0,0,808447,2164735,3448831,958230.08,9903
1781641473,0,93478632,0,134321.18,10028.64,1284095,1835007,2709503,7741439,20479999,168576,738721791,4316751.05,27209423.07,93478632,100,100,100,0,0,0,0,0,0,824831,2631679,6610943,1112729.10,10029
1781641474,0,93488700,0,134142.73,10059.24,1284095,1833983,2709503,7741439,20479999,168576,738721791,4316390.88,27207981.62,93488700,100,100,100,0,0,0,0,0,0,769535,1964031,5574655,972324.60,10068
1781641475,0,93498600,0,133964.72,9900.47,1284095,1833983,2709503,7737343,20479999,168576,738721791,4316029.77,27206564.23,93498600,100,100,100,0,0,0,0,0,0,797695,1884159,2848767,905984.48,9900
1781641476,0,93508629,0,133787.56,10037.61,1284095,1833983,2709503,7737343,20479999,168576,738721791,4315695.52,27205129.06,93508629,100,100,100,0,0,0,0,0,0,834559,3414015,9420799,1199542.70,10029
1781641477,0,93518700,0,133610.64,10061.81,1284095,1833983,2709503,7737343,20463615,168576,738721791,4315335.58,27203686.98,93518700,100,100,100,0,0,0,0,0,0,809983,2154495,3586047,973324.00,10071
1781641478,0,93528600,0,133434.30,9908.20,1283071,1833983,2709503,7737343,20463615,168576,738721791,4314987.15,27202269.09,93528600,100,100,100,0,0,0,0,0,0,831999,2252799,3794943,1023602.70,9900
1781641479,0,93538685,0,133258.59,10085.95,1283071,1833983,2709503,7737343,20463615,168576,738721791,4314650.93,27200825.16,93538685,100,100,100,0,0,0,0,0,0,841727,2836479,9109503,1196543.76,10085
1781641480,0,93548653,0,133083.19,9967.91,1283071,1833983,2709503,7737343,20463615,168576,738721791,4314294.46,27199398.68,93548653,100,100,100,0,0,0,0,0,0,804863,2347007,3796991,969220.11,9968
1781641481,0,93558606,0,132908.28,9953.04,1283071,1833983,2707455,7737343,20463615,168576,738721791,4313933.93,27197974.86,93558606,100,100,100,0,0,0,0,0,0,804863,1912831,3153919,925220.46,9953
1781641482,0,93568667,0,132734.00,10060.31,1283071,1833983,2707455,7737343,20463615,168576,738721791,4313608.45,27196536.48,93568667,100,100,100,0,0,0,0,0,0,833023,3332095,10379263,1286956.95,10061
1781641483,0,93578600,0,132559.99,9930.50,1283071,1833983,2707455,7737343,20463615,168576,738721791,4313260.22,27195115.22,93578600,100,100,100,0,0,0,0,0,0,858623,2260991,5267455,1032915.36,9933
1781641484,0,93588627,0,132386.72,10030.11,1283071,1832959,2707455,7733247,20463615,168576,738721791,4312909.74,27193680.51,93588627,100,100,100,0,0,0,0,0,0,849919,2467839,4386815,1042081.13,10027
1781641485,0,93598690,0,132213.93,10063.20,1283071,1832959,2707455,7733247,20463615,168576,738721791,4312555.42,27192241.23,93598690,100,100,100,0,0,0,0,0,0,815615,2373631,4804607,1017238.45,10063
1781641486,0,93608699,0,132041.56,10008.97,1282047,1832959,2707455,7733247,20463615,168576,738721791,4312196.14,27190810.27,93608699,100,100,100,0,0,0,0,0,0,813055,2055167,3233791,952421.07,10009
1781641487,0,93618600,0,131869.50,9900.20,1282047,1832959,2707455,7733247,20463615,168576,738721791,4311851.76,27189394.37,93618600,100,100,100,0,0,0,0,0,0,823807,2551807,5111807,1055916.01,9901
1781641488,0,93628601,0,131698.09,10001.85,1282047,1832959,2707455,7733247,20463615,168576,738721791,4311507.31,27187964.94,93628601,100,100,100,0,0,0,0,0,0,820735,2500607,7475199,1087176.85,10001
1781641489,0,93638600,0,131527.14,9998.52,1282047,1832959,2707455,7733247,20463615,168576,738721791,4311148.39,27186536.19,93638600,100,100,100,0,0,0,0,0,0,815103,1897471,4202495,950268.67,9999
1781641490,0,93648630,0,131356.73,10030.51,1282047,1832959,2707455,7733247,20463615,168576,738721791,4310785.45,27185103.42,93648630,100,100,100,0,0,0,0,0,0,802815,1857535,3151871,922451.23,10030
1781641491,0,93658639,0,131186.76,10008.78,1282047,1832959,2707455,7733247,20447231,168576,738721791,4310433.98,27183673.24,93658639,100,100,100,0,0,0,0,0,0,841215,2170879,4796415,1021867.01,10009
1781641492,0,93668657,0,131017.27,10017.84,1282047,1832959,2707455,7733247,20447231,168576,738721791,4310078.46,27182242.26,93668657,100,100,100,0,0,0,0,0,0,812031,2310143,4251647,986363.99,10018
1781641493,0,93678600,0,130848.16,9943.11,1281023,1832959,2707455,7729151,20447231,168576,738721791,4309724.61,27180822.04,93678600,100,100,100,0,0,0,0,0,0,818175,2117631,3178495,976208.45,9943
1781641494,0,93688614,0,130679.62,10014.22,1281023,1831935,2705407,7729151,20447231,168576,738721791,4309372.42,27179392.23,93688614,100,100,100,0,0,0,0,0,0,801791,2535423,5218303,1014733.64,10014
1781641495,0,93698672,0,130511.61,10057.83,1281023,1831935,2705407,7729151,20447231,168576,738721791,4309036.12,27177957.81,93698672,100,100,100,0,0,0,0,0,0,801791,2306047,9969663,1176455.99,10058
1781641496,0,93708700,0,130343.84,10018.41,1281023,1831935,2705407,7729151,20447231,168576,738721791,4308694.57,27176525.38,93708700,100,100,100,0,0,0,0,0,0,875519,2818047,5705727,1117357.27,10028
1781641497,0,93718624,0,130176.75,9933.42,1281023,1831935,2705407,7729151,20447231,168576,738721791,4308349.00,27175108.94,93718624,100,100,100,0,0,0,0,0,0,844287,2174975,6090751,1045281.00,9924
1781641498,0,94277390,0,130771.18,558560.73,1284095,1838079,2717695,7802879,20578303,168576,738721791,4313644.04,27097734.17,94277390,100,100,100,0,0,0,0,0,0,2924543,17940479,28196863,5201750.47,558766
1781641499,0,94877500,0,131421.27,600034.80,1287167,1843199,2727935,7839743,20643839,168576,738721791,4312683.06,27013795.62,94877500,100,100,100,0,0,0,0,0,0,2715647,12148735,22298623,4161713.08,600110
1781641500,0,95477500,0,132069.38,599836.38,1291263,1849343,2740223,7880703,20692991,168576,738721791,4312750.62,26930457.66,95477500,100,100,100,0,0,0,0,0,0,2826239,12509183,22626303,4323433.54,600000
1781641501,0,96077500,0,132715.88,600434.91,1294335,1855487,2750463,7921663,20692991,168576,738721791,4312087.90,26847773.26,96077500,100,100,100,0,0,0,0,0,0,2719743,10862591,19300351,4206629.99,600000
1781641502,0,96677500,0,133360.46,599969.86,1297407,1861631,2760703,7966719,20627455,168576,738721791,4310736.73,26765679.77,96677500,100,100,100,0,0,0,0,0,0,2637823,11468799,17743871,4094374.38,600000
1781641503,0,97277500,0,134003.24,599887.04,1300479,1866751,2768895,8011775,20807679,168576,738721791,4313727.00,26686431.24,97277500,100,100,100,0,0,0,0,0,0,2654207,16908287,30015487,4795547.56,600000
1781641504,0,97877500,0,134644.25,599891.38,1304575,1870847,2775039,8069119,20987903,168576,738721791,4315248.73,26607726.85,97877500,100,100,100,0,0,0,0,0,0,2549759,15015935,25968639,4561964.45,600000
1781641505,0,98477500,0,135283.62,600289.78,1307647,1875967,2781183,8105983,20905983,168576,738721791,4313355.94,26528056.30,98477500,100,100,100,0,0,0,0,0,0,2484223,12173311,17727487,4004588.00,600000
1781641506,0,99071500,0,135912.91,593950.48,1310719,1881087,2785279,8134655,21069823,168576,738721791,4313043.06,26451245.07,99071500,100,100,100,0,0,0,0,0,0,2564095,16973823,27557887,4261170.63,594000
1781641507,0,99677500,0,136556.91,605954.36,1313791,1886207,2791423,8146943,20987903,168576,738721791,4308237.38,26371690.14,99677500,100,100,100,0,0,0,0,0,0,2502655,8929279,14721023,3522584.08,606000
1781641508,0,100277500,0,137190.89,599799.57,1316863,1891327,2799615,8204287,21102591,168576,738721791,4310921.76,26295731.60,100277500,100,100,100,0,0,0,0,0,0,2650111,17399807,27213823,4756876.12,600000
1781641509,0,100877500,0,137823.24,600140.68,1319935,1896447,2805759,8237055,21200895,168576,738721791,4309872.05,26219656.94,100877500,100,100,100,0,0,0,0,0,0,2551807,13246463,25837567,4134434.28,600000
1781641510,0,101477500,0,138453.84,600049.72,1323007,1901567,2809855,8261631,21118975,168576,738721791,4305918.05,26143196.92,101477500,100,100,100,0,0,0,0,0,0,2455551,10674175,16580607,3641136.09,600000
1781641511,0,102077500,0,139082.63,599761.26,1326079,1905663,2813951,8286207,21282815,168576,738721791,4305575.53,26069250.22,102077500,100,100,100,0,0,0,0,0,0,2537471,15081471,31686655,4247644.82,600000
1781641512,0,102677500,0,139709.81,600063.23,1329151,1910783,2822143,8335359,21430271,168576,738721791,4307169.04,25995862.34,102677500,100,100,100,0,0,0,0,0,0,2639871,16154623,28360703,4578271.13,600000
1781641513,0,103277500,0,140335.30,600132.75,1332223,1914879,2824191,8355839,21348351,168576,738721791,4302035.00,25921447.72,103277500,100,100,100,0,0,0,0,0,0,2410495,10493951,19415039,3423451.10,600000
1781641514,0,103877500,0,140959.07,600065.77,1335295,1919999,2832383,8372223,21348351,168576,738721791,4300235.08,25847780.55,103877500,100,100,100,0,0,0,0,0,0,2670591,10788863,18251775,3990416.03,600000
1781641515,0,104477500,0,141581.01,599603.66,1338367,1925119,2838527,8376319,21348351,168576,738721791,4296700.80,25774726.35,104477500,100,100,100,0,0,0,0,0,0,2637823,8413183,18448383,3684814.97,600000
1781641516,0,104837562,0,141876.78,360248.38,1340415,1928191,2844671,8404991,21348351,168576,738721791,4296794.10,25731439.69,104837562,100,100,100,0,0,0,0,0,0,2791423,11132927,26345471,4323865.82,360062
1781641517,0,105376186,0,142412.99,538667.51,1343487,1931263,2846719,8421375,21299199,168576,738721791,4292408.88,25666537.80,105376186,100,100,100,0,0,0,0,0,0,2420735,10059775,18415615,3438871.59,538624
1781641518,0,106277500,0,143437.16,900975.63,1347583,1938431,2856959,8478719,21561343,168576,738721791,4297028.38,25564759.86,106277500,100,100,100,0,0,0,0,0,0,2584575,16392191,36274175,4837112.48,901314
1781641519,0,106877500,0,144052.51,599935.72,1350655,1943551,2867199,8519679,21561343,168576,738721791,4298697.43,25494855.57,106877500,100,100,100,0,0,0,0,0,0,2918399,14303231,21987327,4594335.01,600000
1781641520,0,107477500,0,144666.34,600356.04,1353727,1948671,2875391,8552447,21495807,168576,738721791,4296668.48,25424711.57,107477500,100,100,100,0,0,0,0,0,0,2775039,10158079,16744447,3935253.64,600000
1781641521,0,108077500,0,145278.25,599536.23,1356799,1953791,2883583,8585215,21659647,168576,738721791,4299470.52,25357270.56,108077500,100,100,100,0,0,0,0,0,0,2682879,16482303,25919487,4801396.15,600000
1781641522,0,108677500,0,145888.71,600130.91,1359871,1957887,2887679,8617983,21757951,168576,738721791,4299540.78,25289704.98,108677500,100,100,100,0,0,0,0,0,0,2570239,15196159,26935295,4312197.76,600000
1781641523,0,109277500,0,146497.44,599852.24,1362943,1961983,2893823,8634367,21692415,168576,738721791,4296573.35,25221341.30,109277500,100,100,100,0,0,0,0,0,0,2529279,11165695,18481151,3759084.50,600000
1781641524,0,109877500,0,147104.73,600399.24,1366015,1966079,2899967,8658943,21757951,168576,738721791,4296433.80,25154595.39,109877500,100,100,100,0,0,0,0,0,0,2637823,13336575,25755647,4271017.82,600000
1781641525,0,110477500,0,147710.21,599858.01,1369087,1971199,2904063,8650751,21692415,168576,738721791,4290790.01,25086811.48,110477500,100,100,100,0,0,0,0,0,0,2562047,7081983,12689407,3257246.96,600000
1781641526,0,111077500,0,148314.01,599679.87,1371135,1974271,2912255,8683519,21692415,168576,738721791,4290751.30,25020701.54,111077500,100,100,100,0,0,0,0,0,0,2701311,10993663,20643839,4283623.58,600000
1781641527,0,111677212,0,148916.10,600226.30,1374207,1979391,2922495,8749055,21889023,168576,738721791,4297000.73,24957272.19,111677212,100,100,100,0,0,0,0,0,0,2891775,20611071,30015487,5454509.79,599712
1781641528,0,112277500,0,149517.18,600278.05,1377279,1983487,2924543,8757247,21970943,168576,738721791,4295882.67,24893189.77,112277500,100,100,100,0,0,0,0,0,0,2506751,13656063,26984447,4087878.46,600288
1781641529,0,112877500,0,150116.24,599889.30,1380351,1987583,2932735,8798207,22036479,168576,738721791,4297727.65,24829910.76,112877500,100,100,100,0,0,0,0,0,0,2670591,15867903,27901951,4642978.26,600000
1781641530,0,113477500,0,150713.68,599812.96,1383423,1992703,2938879,8830975,22151167,168576,738721791,4299973.97,24767141.84,113477500,100,100,100,0,0,0,0,0,0,2654207,14680063,29507583,4722570.92,600000
1781641531,0,114077500,0,151309.70,600270.82,1386495,1995775,2942975,8830975,22151167,168576,738721791,4297169.60,24703477.14,114077500,100,100,100,0,0,0,0,0,0,2549759,9043967,25165823,3766782.24,600000
1781641532,0,114677500,0,151903.93,599676.59,1388543,1999871,2947071,8847359,22151167,168576,738721791,4295046.23,24640409.64,114677500,100,100,100,0,0,0,0,0,0,2508799,10264575,20529151,3891331.58,600000
1781641533,0,115277500,0,152496.83,600369.67,1391615,2003967,2951167,8863743,22118399,168576,738721791,4293310.22,24577554.92,115277500,100,100,100,0,0,0,0,0,0,2600959,11042815,21315583,3961508.67,600000
1781641534,0,115877500,0,153087.88,599544.80,1394687,2008063,2957311,8896511,22167551,168576,738721791,4293797.24,24516083.88,115877500,100,100,100,0,0,0,0,0,0,2680831,15458303,23969791,4387366.38,600000
1781641535,0,116477500,0,153677.61,600240.46,1397759,2011135,2961407,8904703,22167551,168576,738721791,4290429.83,24454245.37,116477500,100,100,100,0,0,0,0,0,0,2512895,9584639,17743871,3640085.62,600000
1781641536,0,117077500,0,154265.64,599846.89,1399807,2015231,2965503,8921087,22167551,168576,738721791,4289432.86,24393137.62,117077500,100,100,100,0,0,0,0,0,0,2648063,12795903,20987903,4095892.21,600000
1781641537,0,117677500,0,154852.22,600094.70,1402879,2019327,2973695,8937471,22200319,168576,738721791,4289482.84,24332756.37,117677500,100,100,100,0,0,0,0,0,0,2672639,14786559,25100287,4299234.22,600000
1781641538,0,118277500,0,155437.25,600085.28,1405951,2022399,2979839,8970239,22200319,168576,738721791,4288945.31,24272594.87,118277500,100,100,100,0,0,0,0,0,0,2654207,11165695,22265855,4183521.39,600000
1781641539,0,118877500,0,156020.61,599692.95,1407999,2026495,2985983,9003007,22167551,168576,738721791,4289139.32,24212884.26,118877500,100,100,100,0,0,0,0,0,0,2750463,13426687,18841599,4327384.09,600000
1781641540,0,119477500,0,156602.71,600462.45,1411071,2029567,2990079,9035775,22216703,168576,738721791,4290571.51,24154974.76,119477500,100,100,100,0,0,0,0,0,0,2502655,17678335,27000831,4574330.66,600000
1781641541,0,120077500,0,157182.98,599598.21,1414143,2033663,2994175,9068543,22347775,168576,738721791,4293127.94,24098127.64,120077500,100,100,100,0,0,0,0,0,0,2627583,18841599,28540927,4802186.39,600000
1781641542,0,120677500,0,157761.97,600283.08,1416191,2037759,3000319,9109503,22478847,168576,738721791,4295768.46,24041966.47,120677500,100,100,100,0,0,0,0,0,0,2588671,17465343,37748735,4824214.41,600000
1781641543,0,121277500,0,158339.40,600125.04,1419263,2040831,3004415,9117695,22527999,168576,738721791,4296258.41,23984975.13,121277500,100,100,100,0,0,0,0,0,0,2633727,16269311,29278207,4394800.76,600000
1781641544,0,121877500,0,158915.17,599687.97,1422335,2044927,3008511,9134079,22511615,168576,738721791,4294613.94,23927240.34,121877500,100,100,100,0,0,0,0,0,0,2607103,10739711,20742143,3962218.82,600000
1781641545,0,122477500,0,159489.60,600133.74,1425407,2047999,3016703,9175039,22659071,168576,738721791,4297445.20,23871842.22,122477500,100,100,100,0,0,0,0,0,0,2666495,18989055,27525119,4872556.61,600000
1781641546,0,123065500,0,160046.78,587723.33,1427455,2051071,3018751,9175039,22626303,168576,738721791,4293713.47,23815797.78,123065500,100,100,100,0,0,0,0,0,0,2461695,8552447,20676607,3516413.62,588000
1781641547,0,123677500,0,160633.87,612265.18,1430527,2055167,3024895,9215999,22757375,168576,738721791,4297255.26,23760369.04,123677500,100,100,100,0,0,0,0,0,0,2697215,17694719,27705343,5009463.39,612000
1781641548,0,124277500,0,161203.79,600012.67,1433599,2059263,3031039,9232383,22708223,168576,738721791,4296076.74,23704307.16,124277500,100,100,100,0,0,0,0,0,0,2748415,11599871,20267007,4053150.07,600000
1781641549,0,124877500,0,161772.12,599709.18,1435647,2062335,3033087,9240575,22675455,168576,738721791,4293546.76,23648836.81,124877500,100,100,100,0,0,0,0,0,0,2512895,13869055,21970943,3769514.27,600000
1781641550,0,125477500,0,162339.09,599995.22,1438719,2066431,3039231,9248767,22659071,168576,738721791,4292926.30,23593761.41,125477500,100,100,100,0,0,0,0,0,0,2695167,10551295,21086207,4163789.95,600000
1781641551,0,126076712,0,162903.63,599377.26,1440767,2069503,3043327,9265151,22659071,168576,738721791,4292102.54,23539502.57,126076712,100,100,100,0,0,0,0,0,0,2547711,11304959,24805375,4119604.50,599212
1781641552,0,126677500,0,163468.67,600729.34,1443839,2073599,3049471,9289727,22609919,168576,738721791,4292096.59,23484977.19,126677500,100,100,100,0,0,0,0,0,0,2734079,11968511,19365887,4290848.39,600788
1781641553,0,127271620,0,164023.83,594556.06,1446911,2076671,3053567,9289727,22544383,168576,738721791,4289111.64,23431064.13,127271620,100,100,100,0,0,0,0,0,0,2547711,9109503,17137663,3652662.82,594120
1781641554,0,127877500,0,164592.47,605643.40,1448959,2079743,3059711,9306111,22495231,168576,738721791,4288514.09,23376596.29,127877500,100,100,100,0,0,0,0,0,0,2707455,10690559,18628607,4162991.94,605880
1781641555,0,128477500,0,165152.22,600158.00,1452031,2083839,3063807,9330687,22495231,168576,738721791,4287849.84,23323709.72,128477500,100,100,100,0,0,0,0,0,0,2682879,15917055,20856831,4146280.49,600000
1781641556,0,129077500,0,165710.47,599977.94,1454079,2086911,3069951,9371647,22626303,168576,738721791,4291682.22,23273195.29,129077500,100,100,100,0,0,0,0,0,0,2750463,21053439,32587775,5112306.13,600000
1781641557,0,129677500,0,166267.27,599909.87,1457151,2089983,3076095,9396223,22691839,168576,738721791,4292527.49,23221648.01,129677500,100,100,100,0,0,0,0,0,0,2662399,11395071,27410431,4474369.66,600000
1781641558,0,129729000,0,166120.18,51468.93,1457151,2091007,3076095,9388031,22675455,168576,738721791,4291916.10,23217077.31,129729000,100,100,100,0,0,0,0,0,0,2523135,5439487,5701631,2752431.74,51500
1781641559,0,129739000,0,165920.56,10001.54,1457151,2091007,3076095,9388031,22675455,168576,738721791,4291676.92,23216203.68,129739000,100,100,100,0,0,0,0,0,0,823295,3127295,7294975,1188844.38,10000
1781641560,0,129749000,0,165721.51,10005.08,1457151,2089983,3076095,9388031,22675455,168576,738721791,4291416.18,23215328.70,129749000,100,100,100,0,0,0,0,0,0,784383,1794047,4313087,908507.14,10000
1781641561,0,129759000,0,165522.86,9999.22,1457151,2089983,3076095,9388031,22675455,168576,738721791,4291159.87,23214453.40,129759000,100,100,100,0,0,0,0,0,0,785919,2285567,4562943,965555.39,10000
1781641562,0,129769000,0,165324.71,9999.68,1456127,2089983,3076095,9388031,22675455,168576,738721791,4290901.35,23213578.30,129769000,100,100,100,0,0,0,0,0,0,789503,2046975,3620863,936407.67,10000
1781641563,0,129779000,0,165126.96,9994.12,1456127,2089983,3076095,9388031,22675455,168576,738721791,4290646.70,23212702.88,129779000,100,100,100,0,0,0,0,0,0,799231,2308095,3985407,986068.86,10000
1781641564,0,129789000,0,164929.92,10004.01,1456127,2089983,3074047,9388031,22675455,168576,738721791,4290388.44,23211827.78,129789000,100,100,100,0,0,0,0,0,0,808447,2134015,3205119,938730.30,10000
1781641565,0,129799000,0,164733.24,9997.75,1456127,2089983,3074047,9388031,22675455,168576,738721791,4290130.79,23210952.79,129799000,100,100,100,0,0,0,0,0,0,809471,1984511,3934207,946158.44,10000
1781641566,0,129809000,0,164537.12,10000.59,1456127,2089983,3074047,9388031,22675455,168576,738721791,4289881.36,23210081.86,129809000,100,100,100,0,0,0,0,0,0,728575,2316287,9625599,1052245.47,10000
1781641567,0,129819000,0,164341.44,9997.67,1456127,2089983,3074047,9388031,22675455,168576,738721791,4289622.32,23209207.30,129819000,100,100,100,0,0,0,0,0,0,775167,2238463,3670015,927144.19,10000
1781641568,0,129829000,0,164146.47,10007.89,1456127,2089983,3074047,9388031,22675455,168576,738721791,4289357.72,23208333.62,129829000,100,100,100,0,0,0,0,0,0,715263,1988607,3420159,854232.67,10000
1781641569,0,129839000,0,163951.84,10000.97,1456127,2089983,3074047,9388031,22675455,168576,738721791,4289113.93,23207461.78,129839000,100,100,100,0,0,0,0,0,0,758783,2582527,8351743,1124055.31,10000
1781641570,0,129849000,0,163757.59,9995.18,1455103,2089983,3074047,9388031,22675455,168576,738721791,4288848.01,23206588.57,129849000,100,100,100,0,0,0,0,0,0,720383,1616895,4943871,836133.66,10000
1781641571,0,129859000,0,163564.01,10004.10,1455103,2088959,3074047,9388031,22675455,168576,738721791,4288587.58,23205714.86,129859000,100,100,100,0,0,0,0,0,0,746495,1927167,4526079,906927.93,10000
1781641572,0,129869000,0,163370.83,10000.22,1455103,2088959,3074047,9388031,22675455,168576,738721791,4288327.57,23204841.43,129869000,100,100,100,0,0,0,0,0,0,730111,2063359,5365759,911918.87,10000
1781641573,0,129879000,0,163178.08,9997.22,1455103,2088959,3074047,9388031,22675455,168576,738721791,4288065.54,23203968.14,129879000,100,100,100,0,0,0,0,0,0,744447,1803263,4575231,885136.16,10000
1781641574,0,129889000,0,162985.89,10000.99,1455103,2088959,3074047,9388031,22675455,168576,738721791,4287798.54,23203095.33,129889000,100,100,100,0,0,0,0,0,0,710655,1659903,3391487,820058.67,10000
1781641575,0,129899000,0,162794.20,10001.62,1455103,2088959,3074047,9379839,22659071,168576,738721791,4287542.68,23202221.63,129899000,100,100,100,0,0,0,0,0,0,777215,2228223,5181439,964139.64,10000
1781641576,0,129909000,0,162602.87,9995.79,1455103,2088959,3074047,9379839,22659071,168576,738721791,4287289.00,23201348.36,129909000,100,100,100,0,0,0,0,0,0,802303,2060287,5578751,992044.84,10000
1781641577,0,129919000,0,162412.16,10003.09,1454079,2088959,3074047,9379839,22659071,168576,738721791,4287029.53,23200474.77,129919000,100,100,100,0,0,0,0,0,0,798719,1810431,3545087,916231.59,10000
1781641578,0,129929000,0,162221.89,10001.05,1454079,2088959,3071999,9379839,22659071,168576,738721791,4286784.03,23199601.85,129929000,100,100,100,0,0,0,0,0,0,853503,2084863,5914623,1097291.11,10000
1781641579,0,129939000,0,162032.03,9998.04,1454079,2088959,3071999,9379839,22659071,168576,738721791,4286531.16,23198727.81,129939000,100,100,100,0,0,0,0,0,0,845311,2174975,4472831,1000972.73,10000
1781641580,0,129949000,0,161842.57,9994.40,1454079,2088959,3071999,9379839,22659071,168576,738721791,4286265.60,23197855.45,129949000,100,100,100,0,0,0,0,0,0,738815,1526783,4020223,835618.91,10000
1781641581,0,129959000,0,161653.75,10002.48,1454079,2088959,3071999,9379839,22659071,168576,738721791,4285999.87,23196982.97,129959000,100,100,100,0,0,0,0,0,0,765439,1560575,2691071,832907.03,10000
1781641582,0,129969000,0,161465.38,10001.68,1454079,2087935,3071999,9379839,22659071,168576,738721791,4285752.00,23196110.39,129969000,100,100,100,0,0,0,0,0,0,806911,2584575,8708095,1064417.52,10000
1781641583,0,129979000,0,161277.50,10002.86,1454079,2087935,3071999,9379839,22659071,168576,738721791,4285491.37,23195237.52,129979000,100,100,100,0,0,0,0,0,0,787967,1932287,2705407,898089.34,10000
1781641584,0,129989000,0,161090.01,9999.54,1454079,2087935,3071999,9379839,22659071,168576,738721791,4285226.84,23194365.24,129989000,100,100,100,0,0,0,0,0,0,774143,1533951,2975743,846924.60,10000
1781641585,0,129999000,0,160903.03,10001.08,1453055,2087935,3071999,9379839,22659071,168576,738721791,4284983.37,23193493.30,129999000,100,100,100,0,0,0,0,0,0,804351,2379775,10477567,1120190.18,10000
1781641586,0,130009000,0,160716.35,9993.47,1453055,2087935,3071999,9379839,22659071,168576,738721791,4284725.39,23192620.86,130009000,100,100,100,0,0,0,0,0,0,763903,2083839,3565567,931028.18,10000
1781641587,0,130019000,0,160530.34,10003.57,1453055,2087935,3071999,9379839,22659071,168576,738721791,4284457.78,23191749.28,130019000,100,100,100,0,0,0,0,0,0,740863,1516543,2430975,805261.79,10000
1781641588,0,130029000,0,160344.75,10002.09,1453055,2087935,3071999,9379839,22659071,168576,738721791,4284212.10,23190877.25,130029000,100,100,100,0,0,0,0,0,0,780287,2936831,7004159,1089876.13,10000
1781641589,0,130039000,0,160159.45,9992.97,1453055,2087935,3071999,9379839,22659071,168576,738721791,4283954.80,23190004.89,130039000,100,100,100,0,0,0,0,0,0,800255,1997823,4567039,938369.52,10000
1781641590,0,130049000,0,159974.85,10006.15,1453055,2087935,3071999,9379839,22659071,168576,738721791,4283691.82,23189133.15,130049000,100,100,100,0,0,0,0,0,0,772607,1611775,3825663,863908.70,10000
1781641591,0,130059000,0,159790.59,9999.55,1453055,2087935,3071999,9379839,22659071,168576,738721791,4283430.06,23188261.45,130059000,100,100,100,0,0,0,0,0,0,767999,1737727,3381247,879208.49,10000
1781641592,0,130069000,0,159606.70,9996.11,1453055,2087935,3069951,9379839,22659071,168576,738721791,4283170.38,23187389.38,130069000,100,100,100,0,0,0,0,0,0,806911,1795071,2793471,905862.29,10000
1781641593,0,130079000,0,159423.47,10006.50,1452031,2086911,3069951,9379839,22659071,168576,738721791,4282911.68,23186517.54,130079000,100,100,100,0,0,0,0,0,0,798719,1871871,4612095,917937.50,10000
1781641594,0,130089000,0,159240.55,9999.37,1452031,2086911,3069951,9371647,22659071,168576,738721791,4282655.93,23185645.53,130089000,100,100,100,0,0,0,0,0,0,804863,2016255,5124095,955990.87,10000
1781641595,0,130099000,0,159058.07,9999.01,1452031,2086911,3069951,9371647,22642687,168576,738721791,4282399.82,23184773.54,130099000,100,100,100,0,0,0,0,0,0,796671,2075647,3713023,950667.83,10000
1781641596,0,130109000,0,158876.03,9998.52,1452031,2086911,3069951,9371647,22642687,168576,738721791,4282137.12,23183902.38,130109000,100,100,100,0,0,0,0,0,0,767487,1676287,3409919,864373.51,10000
1781641597,0,130119000,0,158694.43,9998.24,1452031,2086911,3069951,9371647,22642687,168576,738721791,4281883.93,23183030.65,130119000,100,100,100,0,0,0,0,0,0,815615,2172927,4009983,987649.96,10000
1781641598,0,130129000,0,158513.40,10005.15,1452031,2086911,3069951,9371647,22642687,168576,738721791,4281639.18,23182161.31,130129000,100,100,100,0,0,0,0,0,0,783871,2029567,11231231,1096980.28,10000
1781641599,0,130139000,0,158332.58,9993.52,1452031,2086911,3069951,9371647,22642687,168576,738721791,4281377.07,23181290.47,130139000,100,100,100,0,0,0,0,0,0,775167,1623039,3387391,870600.63,10000
1781641600,0,130149000,0,158152.40,10003.35,1451007,2086911,3069951,9371647,22642687,168576,738721791,4281114.18,23180419.79,130149000,100,100,100,0,0,0,0,0,0,757247,1730559,3715071,859899.03,10000
1781641601,0,130159000,0,157972.49,9994.63,1451007,2086911,3069951,9371647,22642687,168576,738721791,4280867.39,23179548.41,130159000,100,100,100,0,0,0,0,0,0,819711,2723839,4657151,1068944.98,10000
1781641602,0,130169000,0,157793.27,10008.44,1451007,2086911,3069951,9371647,22642687,168576,738721791,4280603.95,23178677.94,130169000,100,100,100,0,0,0,0,0,0,760319,1598463,3164159,851709.74,10000
1781641603,0,130179000,0,157614.32,9999.30,1451007,2086911,3069951,9371647,22642687,168576,738721791,4280337.54,23177807.81,130179000,100,100,100,0,0,0,0,0,0,756735,1510399,2023423,812490.62,10000
1781641604,0,130189000,0,157435.80,9999.62,1451007,2086911,3069951,9371647,22642687,168576,738721791,4280105.93,23176938.13,130189000,100,100,100,0,0,0,0,0,0,813567,4448255,8314879,1264978.99,10000
1781641605,0,130199000,0,157257.67,9996.94,1451007,2085887,3067903,9371647,22642687,168576,738721791,4279847.25,23176067.36,130199000,100,100,100,0,0,0,0,0,0,784383,2107391,3125247,912075.11,10000
1781641606,0,130209000,0,157079.96,9996.62,1451007,2085887,3067903,9371647,22642687,168576,738721791,4279587.63,23175197.22,130209000,100,100,100,0,0,0,0,0,0,772607,1726463,3348479,899363.21,10000
1781641607,0,130219000,0,156902.72,9998.99,1451007,2085887,3067903,9371647,22642687,168576,738721791,4279345.98,23174328.68,130219000,100,100,100,0,0,0,0,0,0,798719,2596863,13697023,1132948.92,10000
1781641608,0,130229000,0,156725.98,10002.81,1449983,2085887,3067903,9371647,22642687,168576,738721791,4279084.13,23173458.59,130229000,100,100,100,0,0,0,0,0,0,771583,1750015,2629631,869205.63,10000
1781641609,0,130239000,0,156549.67,10003.25,1449983,2085887,3067903,9371647,22642687,168576,738721791,4278820.89,23172588.73,130239000,100,100,100,0,0,0,0,0,0,774143,1563647,2709503,850718.49,10000
1781641610,0,130249000,0,156373.68,9997.26,1449983,2085887,3067903,9371647,22642687,168576,738721791,4278556.99,23171719.15,130249000,100,100,100,0,0,0,0,0,0,725503,1851391,2942975,841567.30,10000
1781641611,0,130259000,0,156198.16,10000.29,1449983,2085887,3067903,9371647,22642687,168576,738721791,4278309.47,23170849.46,130259000,100,100,100,0,0,0,0,0,0,803839,1976319,8462335,1054421.61,10000
1781641612,0,130269000,0,156023.09,10001.73,1449983,2085887,3067903,9363455,22642687,168576,738721791,4278049.01,23169979.48,130269000,100,100,100,0,0,0,0,0,0,811519,1632255,2625535,885208.19,10000
1781641613,0,130279000,0,155848.42,10000.34,1449983,2085887,3067903,9363455,22626303,168576,738721791,4277789.10,23169109.70,130279000,100,100,100,0,0,0,0,0,0,786431,1751039,3727359,892068.10,10000
1781641614,0,130289000,0,155674.04,9993.95,1449983,2085887,3067903,9363455,22626303,168576,738721791,4277546.12,23168240.74,130289000,100,100,100,0,0,0,0,0,0,801791,2607103,6963199,1111934.81,10000
1781641615,0,130299000,0,155500.32,10006.91,1449983,2084863,3067903,9363455,22626303,168576,738721791,4277285.83,23167371.16,130299000,100,100,100,0,0,0,0,0,0,804863,1666047,3000319,886048.26,10000
1781641616,0,130309000,0,155326.89,10000.36,1448959,2084863,3067903,9363455,22626303,168576,738721791,4277024.14,23166501.86,130309000,100,100,100,0,0,0,0,0,0,774143,1683455,3020799,867230.39,10000
1781641617,0,130319000,0,155153.83,9997.63,1448959,2084863,3067903,9363455,22626303,168576,738721791,4276785.43,23165635.22,130319000,100,100,100,0,0,0,0,0,0,795647,2355199,15712255,1166125.07,10000
1781641618,0,130970900,0,155744.52,651865.93,1452031,2091007,3086335,9404415,22626303,168576,738721791,4280801.30,23109522.93,130970900,100,100,100,0,0,0,0,0,0,3680255,11263999,20381695,5083600.05,651900
1781641619,0,131668940,0,156388.74,698460.00,1456127,2097151,3100671,9453567,22724607,168576,738721791,4286514.97,23051800.96,131668940,100,100,100,0,0,0,0,0,0,3403775,14573567,34144255,5358551.57,698040
1781641620,0,132364460,0,157028.28,695310.95,1459199,2103295,3110911,9469951,22659071,168576,738721791,4287126.48,22992455.37,132364460,100,100,100,0,0,0,0,0,0,3024895,12607487,17514495,4402891.60,695520
1781641621,0,133070900,0,157679.18,706037.74,1462271,2109439,3125247,9535487,22855679,168576,738721791,4295612.10,22936844.30,133070900,100,100,100,0,0,0,0,0,0,3293183,21413887,37289983,5885548.25,706440
1781641622,0,133770900,0,158321.13,700366.82,1466367,2115583,3135487,9568255,22839295,168576,738721791,4298249.43,22878994.65,133770900,100,100,100,0,0,0,0,0,0,3092479,15843327,21086207,4799610.27,700000
1781641623,0,134470900,0,158961.38,699680.04,1469439,2121727,3149823,9617407,22904831,168576,738721791,4303562.37,22822030.64,134470900,100,100,100,0,0,0,0,0,0,3352575,16228351,25280511,5318871.75,700000
1781641624,0,135170900,0,159600.28,700300.40,1472511,2127871,3164159,9658367,22904831,168576,738721791,4308196.91,22765502.02,135170900,100,100,100,0,0,0,0,0,0,3205119,15785983,29179903,5198496.98,700000
1781641625,0,135863900,0,160229.34,693003.13,1476607,2131967,3174399,9658367,22839295,168576,738721791,4306841.82,22708141.01,135863900,100,100,100,0,0,0,0,0,0,3121151,8773631,15540223,4042530.22,693000
1781641626,0,136570900,0,160873.41,707024.92,1479679,2138111,3188735,9682943,22790143,168576,738721791,4309173.48,22650696.01,136570900,100,100,100,0,0,0,0,0,0,3348479,12500991,17842175,4757247.74,707000
1781641627,0,137269694,0,161506.37,699025.20,1482751,2144255,3203071,9748479,23068671,168576,738721791,4319691.57,22598731.05,137269694,100,100,100,0,0,0,0,0,0,3557375,21905407,36470783,6375326.16,698794
1781641628,0,137970900,0,162140.55,700976.28,1485823,2148351,3217407,9789439,23330815,168576,738721791,4327405.15,22547511.57,137970900,100,100,100,0,0,0,0,0,0,3282943,18268159,44728319,5837431.83,701206
1781641629,0,138670900,0,162771.76,699539.08,1489919,2154495,3231743,9854975,23642111,168576,738721791,4339438.65,22497979.77,138670900,100,100,100,0,0,0,0,0,0,3497983,26738687,40435711,6711257.49,700000
1781641630,0,139362746,0,163392.25,692520.13,1492991,2160639,3244031,9895935,23691263,168576,738721791,4345352.92,22445382.68,139362746,100,100,100,0,0,0,0,0,0,3293183,16277503,29949951,5530786.10,691846
1781641631,0,140070900,0,164030.12,707867.24,1496063,2166783,3254271,9912319,23658495,168576,738721791,4345539.55,22390095.87,140070900,100,100,100,0,0,0,0,0,0,3061759,12599295,21643263,4382267.43,708154
1781641632,0,140755643,0,164639.19,684753.54,1499135,2170879,3264511,9928703,23609343,168576,738721791,4345198.12,22336537.85,140755643,100,100,100,0,0,0,0,0,0,3121151,10887167,15409151,4275356.05,684743
1781641633,0,141470900,0,165282.53,715439.11,1503231,2177023,3278847,9986047,23805951,168576,738721791,4353991.15,22284943.97,141470900,100,100,100,0,0,0,0,0,0,3348479,20529151,31735807,6084374.54,715257
1781641634,0,142163900,0,165898.19,692437.00,1506303,2183167,3287039,10027007,24018943,168576,738721791,4361043.65,22236034.35,142163900,100,100,100,0,0,0,0,0,0,3053567,21266431,36208639,5800759.40,693000
1781641635,0,142866253,0,166523.65,702984.43,1509375,2187263,3301375,10067967,23986175,168576,738721791,4364963.49,22183458.60,142866253,100,100,100,0,0,0,0,0,0,3393535,14278655,20611071,5158381.15,702353
1781641636,0,143570900,0,167149.98,704000.37,1512447,2193407,3307519,10092543,24051711,168576,738721791,4367147.03,22131943.44,143570900,100,100,100,0,0,0,0,0,0,2975743,12959743,32112639,4809856.74,704647
1781641637,0,144270900,0,167769.71,700326.37,1515519,2197503,3315711,10125311,24051711,168576,738721791,4369237.83,22080414.17,144270900,100,100,100,0,0,0,0,0,0,3014655,13107199,22691839,4798065.27,700000
1781641638,0,144970900,0,168387.93,700065.80,1518591,2203647,3321855,10141695,24199167,168576,738721791,4371151.73,22030630.87,144970900,100,100,100,0,0,0,0,0,0,2981887,15523839,35291135,4765608.82,700000
1781641639,0,145670900,0,169004.67,699910.17,1522687,2207743,3334143,10174463,24231935,168576,738721791,4375340.74,21979966.86,145670900,100,100,100,0,0,0,0,0,0,3301375,15302655,26689535,5242889.34,700000
1781641640,0,146370900,0,169620.08,700272.93,1525759,2213887,3346431,10215423,24346623,168576,738721791,4381163.92,21930959.11,146370900,100,100,100,0,0,0,0,0,0,3274751,19415039,29589503,5592975.07,700000
1781641641,0,147062423,0,170224.13,691337.98,1528831,2217983,3354623,10264575,24444927,168576,738721791,4386571.88,21883333.79,147062423,100,100,100,0,0,0,0,0,0,3045375,17661951,32784383,5531245.42,691523
1781641642,0,147763900,0,170838.40,701682.08,1531903,2224127,3366911,10297343,24494079,168576,738721791,4390748.86,21834195.55,147763900,100,100,100,0,0,0,0,0,0,3268607,16621567,27033599,5266439.20,701477
1781641643,0,148470900,0,171457.56,706974.72,1534975,2228223,3373055,10330111,24641535,168576,738721791,4396648.84,21789101.03,148470900,100,100,100,0,0,0,0,0,0,3049471,18202623,43057151,5629753.22,707000
1781641644,0,149170900,0,172067.22,699958.06,1538047,2234367,3383295,10330111,24592383,168576,738721791,4395937.21,21738806.64,149170900,100,100,100,0,0,0,0,0,0,3209215,9994239,16302079,4244999.30,700000
1781641645,0,149870900,0,172675.51,700090.98,1541119,2238463,3391487,10330111,24526847,168576,738721791,4396924.96,21689456.16,149870900,100,100,100,0,0,0,0,0,0,3033087,11894783,20873215,4607415.11,700000
1781641646,0,150570900,0,173282.22,699462.26,1544191,2244607,3403775,10354687,24477695,168576,738721791,4399331.22,21640435.91,150570900,100,100,100,0,0,0,0,0,0,3403775,13271039,18563071,4914515.46,700000
1781641647,0,151270900,0,173887.76,700233.66,1547263,2248703,3416063,10387455,24575999,168576,738721791,4405167.31,21593813.45,151270900,100,100,100,0,0,0,0,0,0,3276799,18448383,28835839,5660516.96,700000
1781641648,0,151970900,0,174491.92,700312.95,1551359,2254847,3426303,10436607,24657919,168576,738721791,4411064.71,21547712.46,151970900,100,100,100,0,0,0,0,0,0,3172351,17530879,27377663,5685499.97,700000
1781641649,0,152670900,0,175094.50,699590.04,1554431,2258943,3434495,10452991,24707071,168576,738721791,4412738.39,21500828.09,152670900,100,100,100,0,0,0,0,0,0,3106815,11452415,29179903,4776097.64,700000
1781641650,0,153359108,0,175682.41,688572.60,1556479,2263039,3440639,10485759,24723455,168576,738721791,4415754.74,21454873.81,153359108,100,100,100,0,0,0,0,0,0,3035135,15679487,25034751,5084896.48,688208
1781641651,0,154070900,0,176295.75,711445.27,1559551,2267135,3454975,10502143,24674303,168576,738721791,4417691.66,21406671.24,154070900,100,100,100,0,0,0,0,0,0,3514367,11862015,20119551,4835010.06,711792
1781641652,0,154770900,0,176894.31,699971.69,1562623,2273279,3469311,10534911,24674303,168576,738721791,4421959.17,21360721.42,154770900,100,100,100,0,0,0,0,0,0,3452927,16891903,24346623,5361243.38,700000
1781641653,0,155470900,0,177491.47,699874.69,1566719,2277375,3477503,10543103,24625151,168576,738721791,4422548.65,21313936.49,155470900,100,100,100,0,0,0,0,0,0,3162111,13516799,20086783,4552884.06,700000
1781641654,0,156170900,0,178087.29,699940.04,1569791,2283519,3487743,10543103,24575999,168576,738721791,4422967.04,21267200.43,156170900,100,100,100,0,0,0,0,0,0,3233791,11526143,16842751,4515891.06,700000
1781641655,0,156870900,0,178681.95,700610.87,1572863,2287615,3497983,10584063,24739839,168576,738721791,4429823.35,21225739.03,156870900,100,100,100,0,0,0,0,0,0,3241983,19038207,42008575,5959476.48,700000
1781641656,0,157570900,0,179274.88,699337.44,1575935,2291711,3508223,10608639,24788991,168576,738721791,4433649.32,21181261.79,157570900,100,100,100,0,0,0,0,0,0,3194879,13000703,26689535,5291052.86,700000
1781641657,0,158270900,0,179866.83,700603.64,1579007,2297855,3520511,10625023,24772607,168576,738721791,4436744.31,21136331.55,158270900,100,100,100,0,0,0,0,0,0,3401727,14827519,22396927,5133431.95,700000
1781641658,0,158970900,0,180457.19,699739.73,1582079,2301951,3530751,10649599,24756223,168576,738721791,4439569.00,21091837.19,158970900,100,100,100,0,0,0,0,0,0,3223551,14786559,23199743,5078234.02,700000
1781641659,0,159670900,0,181046.24,699843.47,1585151,2306047,3540991,10674175,24838143,168576,738721791,4443360.05,21049460.36,159670900,100,100,100,0,0,0,0,0,0,3198975,14467071,36175871,5304312.64,700000
1781641660,0,160367262,0,181630.03,696878.64,1588223,2310143,3551231,10682367,24788991,168576,738721791,4445193.04,21005025.62,160367262,100,100,100,0,0,0,0,0,0,3385343,11993087,18972671,4865484.01,696362
1781641661,0,161070900,0,182220.54,703499.68,1591295,2316287,3561471,10682367,24739839,168576,738721791,4446049.62,20960236.28,161070900,100,100,100,0,0,0,0,0,0,3297279,10256383,17367039,4641273.93,703638
1781641662,0,161768660,0,182803.15,697890.99,1594367,2320383,3573759,10715135,24788991,168576,738721791,4450942.28,20918104.54,161768660,100,100,100,0,0,0,0,0,0,3432447,15491071,26623999,5580363.40,697760
1781641663,0,162470900,0,183389.26,701549.40,1597439,2324479,3581951,10739711,24805375,168576,738721791,4453670.05,20875097.33,162470900,100,100,100,0,0,0,0,0,0,3221503,15917055,26345471,5082042.89,702240
1781641664,0,163170900,0,183971.91,700593.23,1600511,2330623,3590143,10731519,24756223,168576,738721791,4453299.84,20831263.39,163170900,100,100,100,0,0,0,0,0,0,3166207,9879551,17809407,4367373.04,700000
1781641665,0,163870900,0,184552.95,699621.93,1603583,2334719,3598335,10756095,24788991,168576,738721791,4456420.95,20789058.06,163870900,100,100,100,0,0,0,0,0,0,3260415,14098431,27934719,5183957.18,700000
1781641666,0,164562154,0,185123.03,691479.14,1605631,2338815,3604479,10756095,24838143,168576,738721791,4457213.63,20747595.45,164562154,100,100,100,0,0,0,0,0,0,3090431,14376959,33390591,4645126.81,691254
1781641667,0,165270900,0,185711.35,708535.96,1608703,2342911,3614719,10780671,24936447,168576,738721791,4462239.07,20706776.95,165270900,100,100,100,0,0,0,0,0,0,3317759,19038207,30146559,5629084.74,708746
1781641668,0,165970900,0,186288.59,699957.64,1611775,2347007,3620863,10780671,24903679,168576,738721791,4461976.59,20664538.85,165970900,100,100,100,0,0,0,0,0,0,3125247,11026431,22921215,4400005.32,700000
1781641669,0,166670900,0,186864.58,700135.50,1614847,2351103,3624959,10788863,24952831,168576,738721791,4463307.93,20623876.93,166670900,100,100,100,0,0,0,0,0,0,3028991,15794175,32505855,4778970.98,700000
1781641670,0,167370900,0,187439.19,699821.34,1617919,2355199,3633151,10805247,25051135,168576,738721791,4466614.54,20584565.02,167370900,100,100,100,0,0,0,0,0,0,3168255,17793023,37748735,5253923.57,700000
1781641671,0,168070900,0,188012.59,700084.40,1620991,2361343,3643391,10821631,25067519,168576,738721791,4468835.09,20543570.07,168070900,100,100,100,0,0,0,0,0,0,3293183,12689407,26361855,4999769.54,700000
1781641672,0,168770900,0,188584.76,700245.87,1624063,2365439,3649535,10829823,25067519,168576,738721791,4469454.09,20502516.34,168770900,100,100,100,0,0,0,0,0,0,3082239,14360575,19382271,4618078.12,700000
1781641673,0,169470900,0,189155.54,699885.10,1627135,2369535,3663871,10846207,25116671,168576,738721791,4473719.58,20462961.80,169470900,100,100,100,0,0,0,0,0,0,3670015,17088511,28229631,5502133.15,700000
1781641674,0,170170900,0,189725.01,699765.28,1630207,2373631,3670015,10846207,25116671,168576,738721791,4473894.64,20422492.31,170170900,100,100,100,0,0,0,0,0,0,3112959,11018239,27508735,4516277.48,700000
1781641675,0,170870900,0,190293.28,699964.31,1632255,2377727,3676159,10862591,25133055,168576,738721791,4475237.76,20382378.52,170870900,100,100,100,0,0,0,0,0,0,3153919,13443071,25706495,4801752.68,700000
1781641676,0,171570895,0,190860.41,700393.39,1635327,2381823,3684351,10878975,25214975,168576,738721791,4478021.94,20343662.79,171570895,100,100,100,0,0,0,0,0,0,3248127,15499263,34340863,5157649.57,699995
1781641677,0,172270900,0,191426.15,699946.44,1638399,2385919,3692543,10903551,25264127,168576,738721791,4482275.13,20306120.60,172270900,100,100,100,0,0,0,0,0,0,3176447,17186815,37519359,5524729.40,700005
1781641678,0,172329400,0,191278.65,58513.02,1638399,2385919,3690495,10903551,25264127,168576,738721791,4481782.29,20302716.38,172329400,100,100,100,0,0,0,0,0,0,2732031,6709247,7966719,3030452.59,58500
1781641679,0,172339400,0,191077.67,10000.40,1638399,2385919,3690495,10903551,25264127,168576,738721791,4481593.63,20302143.14,172339400,100,100,100,0,0,0,0,0,0,1061887,2682879,3620863,1230442.30,10000
1781641680,0,172349400,0,190876.97,9992.34,1638399,2385919,3690495,10903551,25264127,168576,738721791,4481409.96,20301569.59,172349400,100,100,100,0,0,0,0,0,0,1092607,3028991,5214207,1316000.18,10000
1781641681,0,172359400,0,190676.93,10002.93,1638399,2385919,3690495,10903551,25264127,168576,738721791,4481222.56,20300996.27,172359400,100,100,100,0,0,0,0,0,0,1083391,2674687,3913727,1251398.09,10000
1781641682,0,172369400,0,190477.20,9996.87,1638399,2385919,3690495,10903551,25264127,168576,738721791,4481046.67,20300424.28,172369400,100,100,100,0,0,0,0,0,0,1080319,3055615,10665983,1449535.72,10000
1781641683,0,172379400,0,190278.02,10001.34,1638399,2385919,3690495,10903551,25264127,168576,738721791,4480853.92,20299851.90,172379400,100,100,100,0,0,0,0,0,0,982527,2580479,3780607,1158383.44,10000
1781641684,0,172389400,0,190079.30,10002.86,1637375,2385919,3690495,10903551,25264127,168576,738721791,4480662.68,20299279.15,172389400,100,100,100,0,0,0,0,0,0,1067007,2336767,3344383,1184097.57,10000
1781641685,0,172399400,0,189880.97,10000.48,1637375,2385919,3690495,10903551,25264127,168576,738721791,4480474.64,20298706.64,172399400,100,100,100,0,0,0,0,0,0,1034751,2689023,4345855,1238919.37,10000
1781641686,0,172409400,0,189683.12,10002.81,1637375,2385919,3690495,10903551,25264127,168576,738721791,4480287.60,20298133.58,172409400,100,100,100,0,0,0,0,0,0,1100799,2486271,4149247,1255727.24,10000
1781641687,0,172419400,0,189485.61,9997.74,1637375,2385919,3690495,10895359,25264127,168576,738721791,4480099.81,20297560.69,172419400,100,100,100,0,0,0,0,0,0,1028095,2809855,3579903,1242267.40,10000
1781641688,0,172429400,0,189288.52,9997.54,1637375,2385919,3690495,10895359,25264127,168576,738721791,4479914.85,20296988.05,172429400,100,100,100,0,0,0,0,0,0,1025023,3055615,6361087,1290872.54,10000
1781641689,0,172439400,0,189091.89,9998.45,1637375,2385919,3688447,10895359,25264127,168576,738721791,4479729.82,20296414.92,172439400,100,100,100,0,0,0,0,0,0,1110015,2865151,4345855,1289267.56,10000
1781641690,0,172449400,0,188895.67,9997.87,1637375,2385919,3688447,10895359,25264127,168576,738721791,4479540.39,20295842.49,172449400,100,100,100,0,0,0,0,0,0,998911,2846719,3973119,1213002.50,10000
1781641691,0,172459400,0,188700.04,10005.15,1637375,2385919,3688447,10895359,25264127,168576,738721791,4479364.42,20295270.38,172459400,100,100,100,0,0,0,0,0,0,1091583,3094527,8511487,1444906.44,10000
1781641692,0,172469400,0,188504.76,10002.05,1637375,2385919,3688447,10895359,25264127,168576,738721791,4479173.54,20294698.21,172469400,100,100,100,0,0,0,0,0,0,1006591,2689023,3880959,1187126.68,10000
1781641693,0,172479400,0,188309.78,9995.46,1637375,2383871,3688447,10895359,25264127,168576,738721791,4478982.24,20294126.41,172479400,100,100,100,0,0,0,0,0,0,978431,2521087,4702207,1179668.36,10000
1781641694,0,172489400,0,188115.32,9999.95,1637375,2383871,3688447,10895359,25264127,168576,738721791,4478807.95,20293552.24,172489400,100,100,100,0,0,0,0,0,0,1224703,3543039,4468735,1472775.62,10000
1781641695,0,172499400,0,187921.41,10006.36,1636351,2383871,3688447,10895359,25264127,168576,738721791,4478625.09,20292979.93,172499400,100,100,100,0,0,0,0,0,0,1071103,3022847,5853183,1324437.24,10000
1781641696,0,172509400,0,187727.67,9993.82,1636351,2383871,3688447,10895359,25264127,168576,738721791,4478444.80,20292406.89,172509400,100,100,100,0,0,0,0,0,0,1111039,3332095,5332991,1368512.07,10000
1781641697,0,172519400,0,187534.43,9997.96,1636351,2383871,3688447,10895359,25247743,168576,738721791,4478254.26,20291834.87,172519400,100,100,100,0,0,0,0,0,0,1024511,2758655,3604479,1191223.03,10000
1781641698,0,172529400,0,187341.72,10003.58,1636351,2383871,3688447,10895359,25247743,168576,738721791,4478075.43,20291263.01,172529400,100,100,100,0,0,0,0,0,0,1072127,3186687,7843839,1392945.61,10000
1781641699,0,172539400,0,187149.46,10004.72,1636351,2383871,3688447,10895359,25247743,168576,738721791,4477884.66,20290691.37,172539400,100,100,100,0,0,0,0,0,0,972287,2689023,4423679,1186430.75,10000
1781641700,0,172549400,0,186957.34,9990.95,1636351,2383871,3688447,10895359,25247743,168576,738721791,4477696.46,20290119.07,172549400,100,100,100,0,0,0,0,0,0,1097727,2275327,3854335,1230480.04,10000
1781641701,0,172559400,0,186765.88,10003.33,1636351,2383871,3686399,10895359,25247743,168576,738721791,4477515.23,20289547.30,172559400,100,100,100,0,0,0,0,0,0,1031167,3235839,6885375,1350512.38,10000
1781641702,0,172569400,0,186574.80,10001.61,1636351,2383871,3686399,10895359,25247743,168576,738721791,4477322.95,20288975.87,172569400,100,100,100,0,0,0,0,0,0,1013759,2400255,4122623,1159387.35,10000
1781641703,0,172579400,0,186384.18,10003.91,1636351,2383871,3686399,10895359,25247743,168576,738721791,4477137.43,20288403.88,172579400,100,100,100,0,0,0,0,0,0,1043455,2988031,5234687,1275594.32,10000
1781641704,0,172589400,0,186193.82,9996.39,1636351,2383871,3686399,10895359,25247743,168576,738721791,4476948.06,20287831.94,172589400,100,100,100,0,0,0,0,0,0,1071103,2549759,3334143,1208847.40,10000
1781641705,0,172599400,0,186003.87,9996.35,1635327,2383871,3686399,10895359,25247743,160256,738721791,4476765.80,20287259.80,172599400,100,100,100,0,0,0,0,0,0,1091583,3055615,5853183,1331019.50,10000
1781641706,0,172609400,0,185814.55,10007.67,1635327,2383871,3686399,10895359,25247743,160256,738721791,4476580.06,20286687.79,172609400,100,100,100,0,0,0,0,0,0,1047039,3196927,4440063,1270719.83,10000
1781641707,0,172619400,0,185625.43,9997.12,1635327,2383871,3686399,10895359,25247743,160256,738721791,4476391.69,20286116.05,172619400,100,100,100,0,0,0,0,0,0,1068031,2623487,4206591,1225022.66,10000
1781641708,0,172629400,0,185436.68,9995.02,1635327,2383871,3686399,10895359,25247743,160256,738721791,4476212.52,20285544.39,172629400,100,100,100,0,0,0,0,0,0,1123327,3211263,4853759,1383454.01,10000
1781641709,0,172639400,0,185248.54,10005.50,1635327,2383871,3686399,10895359,25247743,160256,738721791,4476022.41,20284972.82,172639400,100,100,100,0,0,0,0,0,0,1047039,2406399,3293183,1194080.79,10000
1781641710,0,172649400,0,185060.60,9995.34,1635327,2383871,3686399,10887167,25247743,160256,738721791,4475828.96,20284401.87,172649400,100,100,100,0,0,0,0,0,0,990207,2283519,3516415,1136042.96,10000
1781641711,0,172659400,0,184873.13,9998.66,1635327,2383871,3686399,10887167,25247743,160256,738721791,4475659.03,20283833.35,172659400,100,100,100,0,0,0,0,0,0,1082367,3608575,11665407,1541979.39,10000
1781641712,0,172669400,0,184686.24,10007.86,1635327,2383871,3684351,10887167,25247743,160256,738721791,4475468.22,20283262.10,172669400,100,100,100,0,0,0,0,0,0,1071103,2185215,4028415,1180829.94,10000
1781641713,0,172679400,0,184499.44,9991.92,1635327,2383871,3684351,10887167,25247743,160256,738721791,4475276.84,20282690.99,172679400,100,100,100,0,0,0,0,0,0,1026559,2428927,3887103,1170825.11,10000
1781641714,0,172689400,0,184313.35,10007.96,1635327,2383871,3684351,10887167,25247743,160256,738721791,4475091.62,20282119.04,172689400,100,100,100,0,0,0,0,0,0,1100799,2697215,3858431,1276657.80,10000
1781641715,0,172699400,0,184127.39,9994.29,1634303,2383871,3684351,10887167,25247743,160256,738721791,4474904.05,20281547.60,172699400,100,100,100,0,0,0,0,0,0,1049599,2574335,4157439,1235868.08,10000
1781641716,0,172709400,0,183942.01,10003.90,1634303,2383871,3684351,10887167,25247743,160256,738721791,4474709.16,20280977.02,172709400,100,100,100,0,0,0,0,0,0,1001983,2045951,2613247,1108875.00,10000
1781641717,0,172719400,0,183756.89,9996.44,1634303,2383871,3684351,10887167,25247743,160256,738721791,4474520.66,20280406.12,172719400,100,100,100,0,0,0,0,0,0,1016831,2787327,4825087,1218923.74,10000
1781641718,0,172729400,0,183572.22,9999.98,1634303,2383871,3684351,10887167,25247743,160256,738721791,4474335.78,20279837.13,172729400,100,100,100,0,0,0,0,0,0,1011711,2303999,7761919,1281222.69,10000
1781641719,0,172739400,0,183388.05,10005.08,1634303,2383871,3684351,10887167,25247743,160256,738721791,4474149.39,20279265.85,172739400,100,100,100,0,0,0,0,0,0,1059839,2818047,4296703,1254607.48,10000
1781641720,0,172749400,0,183204.00,9991.37,1634303,2381823,3684351,10887167,25247743,160256,738721791,4473956.79,20278695.31,172749400,100,100,100,0,0,0,0,0,0,993791,2351103,3418111,1147004.86,10000
1781641721,0,172759400,0,183020.51,10000.35,1634303,2381823,3684351,10887167,25247743,160256,738721791,4473781.03,20278123.78,172759400,100,100,100,0,0,0,0,0,0,1141759,3586047,4952063,1437513.75,10000
1781641722,0,172769394,0,182837.60,10004.02,1634303,2381823,3684351,10887167,25247743,160256,738721791,4473592.96,20277553.32,172769394,100,100,100,0,0,0,0,0,0,1003007,2975743,4591615,1222598.65,9994
1781641723,0,172779400,0,182654.69,9995.99,1634303,2381823,3684351,10887167,25247743,160256,738721791,4473400.98,20276982.36,172779400,100,100,100,0,0,0,0,0,0,1049599,2150399,3325951,1158431.48,10006
1781641724,0,172789400,0,182472.41,10002.23,1634303,2381823,3682303,10887167,25247743,160256,738721791,4473219.13,20276411.47,172789400,100,100,100,0,0,0,0,0,0,1075199,2838527,7536639,1331321.06,10000
1781641725,0,172799400,0,182290.42,9997.75,1633279,2381823,3682303,10887167,25231359,160256,738721791,4473028.89,20275840.86,172799400,100,100,100,0,0,0,0,0,0,1037311,2611199,3850239,1185823.38,10000
1781641726,0,172809400,0,182108.95,10004.87,1633279,2381823,3682303,10887167,25231359,160256,738721791,4472835.91,20275270.84,172809400,100,100,100,0,0,0,0,0,0,958975,2506751,3913727,1138243.87,10000
1781641727,0,172819400,0,181927.74,9998.65,1633279,2381823,3682303,10887167,25231359,160256,738721791,4472646.88,20274699.99,172819400,100,100,100,0,0,0,0,0,0,1100799,2334719,3915775,1206056.98,10000
1781641728,0,172829400,0,181746.87,9996.28,1633279,2381823,3682303,10887167,25231359,160256,738721791,4472464.35,20274129.17,172829400,100,100,100,0,0,0,0,0,0,1105919,2772991,4952063,1317952.02,10000
1781641729,0,172839400,0,181566.55,10005.08,1633279,2381823,3682303,10887167,25231359,160256,738721791,4472273.49,20273558.80,172839400,100,100,100,0,0,0,0,0,0,1006079,2441215,3704831,1173575.36,10000
1781641730,0,172849400,0,181386.57,10002.96,1633279,2381823,3682303,10887167,25231359,160256,738721791,4472082.50,20272988.59,172849400,100,100,100,0,0,0,0,0,0,1008127,2414591,4143103,1171040.84,10000
1781641731,0,172859400,0,181206.88,9998.46,1633279,2381823,3682303,10887167,25231359,160256,738721791,4471902.12,20272419.22,172859400,100,100,100,0,0,0,0,0,0,1055743,2768895,11378687,1354036.26,10000
1781641732,0,172869400,0,181027.60,10000.33,1633279,2381823,3682303,10887167,25231359,160256,738721791,4471708.78,20271849.43,172869400,100,100,100,0,0,0,0,0,0,963071,2381823,3874815,1129713.39,10000
1781641733,0,172879400,0,180848.68,9999.73,1633279,2381823,3682303,10878975,25231359,160256,738721791,4471516.06,20271279.56,172879400,100,100,100,0,0,0,0,0,0,1001471,2234367,3844095,1139861.17,10000
1781641734,0,172889400,0,180670.16,10001.17,1633279,2381823,3682303,10878975,25231359,160256,738721791,4471334.25,20270709.23,172889400,100,100,100,0,0,0,0,0,0,1047039,3500031,7114751,1328358.73,10000
1781641735,0,172899400,0,180491.92,9995.82,1632255,2381823,3680255,10878975,25231359,160256,738721791,4471148.83,20270138.74,172899400,100,100,100,0,0,0,0,0,0,1057791,2572287,5169151,1265409.68,10000
1781641736,0,172909400,0,180314.23,10005.60,1632255,2381823,3680255,10878975,25231359,160256,738721791,4470959.34,20269568.85,172909400,100,100,100,0,0,0,0,0,0,982015,2643967,4898815,1194710.66,10000
1781641737,0,172919400,0,180136.74,9996.17,1632255,2381823,3680255,10878975,25231359,160256,738721791,4470776.23,20268998.59,172919400,100,100,100,0,0,0,0,0,0,1073151,3084287,5091327,1304561.70,10000
1781641738,0,172920000,0,179949.85,599.84,1632255,2381823,3680255,10878975,25231359,160256,738721791,4470763.59,20268964.58,172920000,100,100,100,0,0,0,0,0,0,777727,1665023,2277375,829143.25,600
