timestamp,sent_count,received_count,error_count,total_throughput,interval_throughput,latency_ns_p25,latency_ns_p50,latency_ns_p75,latency_ns_p95,latency_ns_p99,latency_ns_min,latency_ns_max,latency_ns_mean,latency_ns_stddev,latency_sample_count,connections,active_connections,connection_attempts,connection_failures,crashes_injected,reconnects,reconnect_failures,duplicate_count,gap_count,interval_latency_ns_p50,interval_latency_ns_p95,interval_latency_ns_p99,interval_latency_ns_mean,interval_latency_sample_count
1782774438,0,0,0,0.00,0.00,0,0,0,0,0,0,0,0.00,0.00,0,0,0,1,0,0,0,0,0,0,0,0,0,0.00,0
1782774439,0,0,0,0.00,0.00,0,0,0,0,0,0,0,0.00,0.00,0,1,1,1,0,0,0,0,0,0,0,0,0,0.00,0
1782774440,0,0,0,0.00,0.00,0,0,0,0,0,0,0,0.00,0.00,0,1,1,1,0,0,0,0,0,0,0,0,0,0.00,0
1782774441,0,0,0,0.00,0.00,0,0,0,0,0,0,0,0.00,0.00,0,1,1,1,0,0,0,0,0,0,0,0,0,0.00,0
1782774442,0,0,0,0.00,0.00,0,0,0,0,0,0,0,0.00,0.00,0,1,1,1,0,0,0,0,0,0,0,0,0,0.00,0
1782774443,0,0,0,0.00,0.00,0,0,0,0,0,0,0,0.00,0.00,0,1,1,1,0,0,0,0,0,0,0,0,0,0.00,0
1782774444,0,0,0,0.00,0.00,0,0,0,0,0,0,0,0.00,0.00,0,1,1,1,0,0,0,0,0,0,0,0,0,0.00,0
1782774445,0,0,0,0.00,0.00,0,0,0,0,0,0,0,0.00,0.00,0,2,2,2,0,0,0,0,0,0,0,0,0,0.00,0
1782774446,0,0,0,0.00,0.00,0,0,0,0,0,0,0,0.00,0.00,0,2,2,2,0,0,0,0,0,0,0,0,0,0.00,0
1782774447,0,0,0,0.00,0.00,0,0,0,0,0,0,0,0.00,0.00,0,2,2,2,0,0,0,0,0,0,0,0,0,0.00,0
1782774448,0,0,0,0.00,0.00,0,0,0,0,0,0,0,0.00,0.00,0,2,2,2,0,0,0,0,0,0,0,0,0,0.00,0
1782774449,0,0,0,0.00,0.00,0,0,0,0,0,0,0,0.00,0.00,0,2,2,2,0,0,0,0,0,0,0,0,0,0.00,0
1782774450,0,0,0,0.00,0.00,0,0,0,0,0,0,0,0.00,0.00,0,2,2,2,0,0,0,0,0,0,0,0,0,0.00,0
1782774451,0,0,0,0.00,0.00,0,0,0,0,0,0,0,0.00,0.00,0,2,2,2,0,0,0,0,0,0,0,0,0,0.00,0
1782774452,0,0,0,0.00,0.00,0,0,0,0,0,0,0,0.00,0.00,0,3,3,3,0,0,0,0,0,0,0,0,0,0.00,0
1782774453,0,0,0,0.00,0.00,0,0,0,0,0,0,0,0.00,0.00,0,3,3,3,0,0,0,0,0,0,0,0,0,0.00,0
1782774454,0,0,0,0.00,0.00,0,0,0,0,0,0,0,0.00,0.00,0,3,3,3,0,0,0,0,0,0,0,0,0,0.00,0
1782774455,0,0,0,0.00,0.00,0,0,0,0,0,0,0,0.00,0.00,0,3,3,3,0,0,0,0,0,0,0,0,0,0.00,0
1782774456,0,0,0,0.00,0.00,0,0,0,0,0,0,0,0.00,0.00,0,3,3,3,0,0,0,0,0,0,0,0,0,0.00,0
1782774457,0,0,0,0.00,0.00,0,0,0,0,0,0,0,0.00,0.00,0,3,3,3,0,0,0,0,0,0,0,0,0,0.00,0
1782774458,0,0,0,0.00,0.00,0,0,0,0,0,0,0,0.00,0.00,0,3,3,3,0,0,0,0,0,0,0,0,0,0.00,0
1782774459,0,0,0,0.00,0.00,0,0,0,0,0,0,0,0.00,0.00,0,4,4,4,0,0,0,0,0,0,0,0,0,0.00,0
1782774460,0,0,0,0.00,0.00,0,0,0,0,0,0,0,0.00,0.00,0,4,4,4,0,0,0,0,0,0,0,0,0,0.00,0
1782774461,0,0,0,0.00,0.00,0,0,0,0,0,0,0,0.00,0.00,0,4,4,4,0,0,0,0,0,0,0,0,0,0.00,0
1782774462,0,0,0,0.00,0.00,0,0,0,0,0,0,0,0.00,0.00,0,4,4,4,0,0,0,0,0,0,0,0,0,0.00,0
1782774463,0,0,0,0.00,0.00,0,0,0,0,0,0,0,0.00,0.00,0,4,4,4,0,0,0,0,0,0,0,0,0,0.00,0
1782774464,0,0,0,0.00,0.00,0,0,0,0,0,0,0,0.00,0.00,0,4,4,4,0,0,0,0,0,0,0,0,0,0.00,0
1782774465,0,0,0,0.00,0.00,0,0,0,0,0,0,0,0.00,0.00,0,5,5,5,0,0,0,0,0,0,0,0,0,0.00,0
1782774466,0,0,0,0.00,0.00,0,0,0,0,0,0,0,0.00,0.00,0,5,5,5,0,0,0,0,0,0,0,0,0,0.00,0
1782774467,0,0,0,0.00,0.00,0,0,0,0,0,0,0,0.00,0.00,0,5,5,5,0,0,0,0,0,0,0,0,0,0.00,0
1782774468,0,0,0,0.00,0.00,0,0,0,0,0,0,0,0.00,0.00,0,5,5,5,0,0,0,0,0,0,0,0,0,0.00,0
1782774469,0,0,0,0.00,0.00,0,0,0,0,0,0,0,0.00,0.00,0,5,5,5,0,0,0,0,0,0,0,0,0,0.00,0
1782774470,0,0,0,0.00,0.00,0,0,0,0,0,0,0,0.00,0.00,0,5,5,5,0,0,0,0,0,0,0,0,0,0.00,0
1782774471,0,0,0,0.00,0.00,0,0,0,0,0,0,0,0.00,0.00,0,5,5,5,0,0,0,0,0,0,0,0,0,0.00,0
1782774472,0,0,0,0.00,0.00,0,0,0,0,0,0,0,0.00,0.00,0,6,6,6,0,0,0,0,0,0,0,0,0,0.00,0
1782774473,0,0,0,0.00,0.00,0,0,0,0,0,0,0,0.00,0.00,0,6,6,6,0,0,0,0,0,0,0,0,0,0.00,0
1782774474,0,0,0,0.00,0.00,0,0,0,0,0,0,0,0.00,0.00,0,6,6,6,0,0,0,0,0,0,0,0,0,0.00,0
1782774475,0,0,0,0.00,0.00,0,0,0,0,0,0,0,0.00,0.00,0,6,6,6,0,0,0,0,0,0,0,0,0,0.00,0
1782774476,0,0,0,0.00,0.00,0,0,0,0,0,0,0,0.00,0.00,0,6,6,6,0,0,0,0,0,0,0,0,0,0.00,0
1782774477,0,0,0,0.00,0.00,0,0,0,0,0,0,0,0.00,0.00,0,6,6,6,0,0,0,0,0,0,0,0,0,0.00,0
1782774478,0,0,0,0.00,0.00,0,0,0,0,0,0,0,0.00,0.00,0,6,6,6,0,0,0,0,0,0,0,0,0,0.00,0
1782774479,0,0,0,0.00,0.00,0,0,0,0,0,0,0,0.00,0.00,0,7,7,7,0,0,0,0,0,0,0,0,0,0.00,0
1782774480,0,0,0,0.00,0.00,0,0,0,0,0,0,0,0.00,0.00,0,7,7,7,0,0,0,0,0,0,0,0,0,0.00,0
1782774481,0,0,0,0.00,0.00,0,0,0,0,0,0,0,0.00,0.00,0,7,7,7,0,0,0,0,0,0,0,0,0,0.00,0
1782774482,0,0,0,0.00,0.00,0,0,0,0,0,0,0,0.00,0.00,0,7,7,7,0,0,0,0,0,0,0,0,0,0.00,0
1782774483,0,0,0,0.00,0.00,0,0,0,0,0,0,0,0.00,0.00,0,7,7,7,0,0,0,0,0,0,0,0,0,0.00,0
1782774484,0,0,0,0.00,0.00,0,0,0,0,0,0,0,0.00,0.00,0,7,7,7,0,0,0,0,0,0,0,0,0,0.00,0
1782774485,0,0,0,0.00,0.00,0,0,0,0,0,0,0,0.00,0.00,0,8,8,8,0,0,0,0,0,0,0,0,0,0.00,0
1782774486,0,0,0,0.00,0.00,0,0,0,0,0,0,0,0.00,0.00,0,8,8,8,0,0,0,0,0,0,0,0,0,0.00,0
1782774487,0,0,0,0.00,0.00,0,0,0,0,0,0,0,0.00,0.00,0,8,8,8,0,0,0,0,0,0,0,0,0,0.00,0
1782774488,0,0,0,0.00,0.00,0,0,0,0,0,0,0,0.00,0.00,0,8,8,8,0,0,0,0,0,0,0,0,0,0.00,0
1782774489,0,0,0,0.00,0.00,0,0,0,0,0,0,0,0.00,0.00,0,8,8,8,0,0,0,0,0,0,0,0,0,0.00,0
1782774490,0,0,0,0.00,0.00,0,0,0,0,0,0,0,0.00,0.00,0,8,8,8,0,0,0,0,0,0,0,0,0,0.00,0
1782774491,0,0,0,0.00,0.00,0,0,0,0,0,0,0,0.00,0.00,0,8,8,8,0,0,0,0,0,0,0,0,0,0.00,0
1782774492,0,0,0,0.00,0.00,0,0,0,0,0,0,0,0.00,0.00,0,9,9,9,0,0,0,0,0,0,0,0,0,0.00,0
1782774493,0,0,0,0.00,0.00,0,0,0,0,0,0,0,0.00,0.00,0,9,9,9,0,0,0,0,0,0,0,0,0,0.00,0
1782774494,0,0,0,0.00,0.00,0,0,0,0,0,0,0,0.00,0.00,0,9,9,9,0,0,0,0,0,0,0,0,0,0.00,0
1782774495,0,0,0,0.00,0.00,0,0,0,0,0,0,0,0.00,0.00,0,9,9,9,0,0,0,0,0,0,0,0,0,0.00,0
1782774496,0,0,0,0.00,0.00,0,0,0,0,0,0,0,0.00,0.00,0,9,9,9,0,0,0,0,0,0,0,0,0,0.00,0
1782774497,0,0,0,0.00,0.00,0,0,0,0,0,0,0,0.00,0.00,0,9,9,9,0,0,0,0,0,0,0,0,0,0.00,0
1782774498,0,0,0,0.00,0.00,0,0,0,0,0,0,0,0.00,0.00,0,9,9,9,0,0,0,0,0,0,0,0,0,0.00,0
1782774499,0,0,0,0.00,0.00,0,0,0,0,0,0,0,0.00,0.00,0,10,10,10,0,0,0,0,0,0,0,0,0,0.00,0
1782774500,0,180,0,221.19,180.00,852991,1195007,1507327,2150399,2807807,389376,2918399,1227080.53,506394.94,180,10,10,10,0,0,0,0,0,0,1195007,2150399,2807807,1227080.53,180
1782774501,0,380,0,209.55,200.07,853503,1162239,1483775,1974271,2412543,385792,2918399,1182984.42,461600.48,380,10,10,10,0,0,0,0,0,0,1127423,1753087,2168831,1143297.92,200
1782774502,0,580,0,206.12,199.91,844799,1130495,1397759,1885183,2390015,327168,2918399,1137975.61,422985.74,580,10,10,10,0,0,0,0,0,0,1067007,1490943,1564671,1052458.88,200
1782774503,0,780,0,204.52,200.03,826879,1104895,1384447,1833983,2412543,327168,2918399,1118546.22,423523.33,780,10,10,10,0,0,0,0,0,0,1047039,1609727,2451455,1062200.96,200
1782774504,0,980,0,203.57,199.94,826879,1092607,1358847,1742847,2390015,327168,2918399,1102642.55,409415.27,980,10,10,10,0,0,0,0,0,0,1036799,1579007,1886207,1040618.24,200
1782774505,0,1180,0,202.96,199.99,768511,1053695,1331199,1733631,2420735,311040,2918399,1065913.82,426466.80,1180,10,10,10,0,0,0,0,0,0,822783,1673215,2721791,885943.04,200
1782774506,0,1380,0,202.53,200.05,768511,1046527,1328127,1713151,2396159,311040,2918399,1060569.41,419084.44,1380,10,10,10,0,0,0,0,0,0,1003007,1598463,2021375,1029037.44,200
1782774507,0,1580,0,202.21,200.02,727039,1024511,1297407,1702911,2344959,311040,2918399,1030409.96,415796.46,1580,10,10,10,0,0,0,0,0,0,858111,1282047,1858559,822309.76,200
1782774508,0,1780,0,201.97,200.09,729599,1026047,1293311,1704959,2451455,311040,3342335,1036117.86,426003.84,1780,10,10,10,0,0,0,0,0,0,1052671,1705983,3090431,1081210.24,200
1782774509,0,1980,0,201.77,200.00,701439,1004031,1263615,1687551,2412543,306688,3342335,1015601.65,422917.54,1980,10,10,10,0,0,0,0,0,0,839679,1359871,1818623,833007.36,200
1782774510,0,2180,0,201.59,199.84,707071,1009151,1277951,1728511,2861055,306688,12066815,1064436.08,747670.89,2180,10,10,10,0,0,0,0,0,0,1091583,3581951,11640831,1547896.96,200
1782774511,0,2380,0,201.46,200.08,711679,1008639,1282047,1742847,2807807,306688,12066815,1062811.16,723804.21,2380,10,10,10,0,0,0,0,0,0,1005055,1751039,1868799,1045099.52,200
1782774512,0,2580,0,201.34,199.96,714751,1008127,1289215,1733631,2693119,306688,12066815,1060154.69,703035.15,2580,10,10,10,0,0,0,0,0,0,1000959,1609727,1904639,1028542.72,200
1782774513,0,2780,0,201.25,199.98,696319,994303,1268735,1725439,2635775,306688,12066815,1044143.15,686218.53,2780,10,10,10,0,0,0,0,0,0,832511,1349631,2026495,837594.24,200
1782774514,0,2980,0,201.16,199.98,699903,995839,1277951,1734655,2553855,306688,12066815,1044892.74,671526.28,2980,10,10,10,0,0,0,0,0,0,1031679,1819647,2037759,1055312.00,200
1782774515,0,3180,0,201.09,200.07,701951,997375,1277951,1723391,2484223,306688,12066815,1042864.10,656511.61,3180,10,10,10,0,0,0,0,0,0,1014271,1553407,1813503,1012637.44,200
1782774516,0,3380,0,201.03,200.11,707071,1001471,1277951,1718271,2420735,306688,12066815,1044195.14,643457.42,3380,10,10,10,0,0,0,0,0,0,1053695,1645567,2085887,1065358.72,200
1782774517,0,3580,0,200.97,199.96,692735,986623,1259519,1705983,2396159,306688,12066815,1029001.83,631458.17,3580,10,10,10,0,0,0,0,0,0,783359,1167359,1357823,772234.88,200
1782774518,0,3780,0,200.92,199.95,697855,989695,1264639,1702911,2344959,306688,12066815,1030644.99,620835.56,3780,10,10,10,0,0,0,0,0,0,1032191,1676287,1780735,1060057.60,200
1782774519,0,3980,0,200.87,199.94,688639,979967,1254399,1693695,2451455,306688,12066815,1022962.33,614269.78,3980,10,10,10,0,0,0,0,0,0,812543,1323007,2777087,877760.00,200
1782774520,0,4180,0,200.83,200.01,692735,982015,1259519,1705983,2412543,306688,12066815,1025375.60,606670.23,4180,10,10,10,0,0,0,0,0,0,1004543,1752063,1916927,1073399.68,200
1782774521,0,4380,0,200.80,200.13,687615,976895,1251327,1687551,2390015,306688,12066815,1018062.61,597015.22,4380,10,10,10,0,0,0,0,0,0,886783,1329151,1422335,865221.12,200
1782774522,0,4580,0,200.76,199.95,691711,982015,1258495,1688575,2328575,306688,12066815,1022050.85,590674.16,4580,10,10,10,0,0,0,0,0,0,1084415,1702911,1924095,1109393.28,200
1782774523,0,4780,0,200.72,199.95,688127,976895,1251327,1690623,2328575,306688,12066815,1017892.15,584594.63,4780,10,10,10,0,0,0,0,0,0,859135,1919999,2308095,922657.92,200
1782774524,0,4980,0,200.69,199.95,693247,987135,1268735,1740799,2516991,306688,12066815,1033091.70,594783.74,4980,10,10,10,0,0,0,0,0,0,1345535,2865151,3768319,1396360.96,200
1782774525,0,5180,0,200.67,200.02,693759,984575,1269759,1727487,2492415,306688,12066815,1031473.82,587023.21,5180,10,10,10,0,0,0,0,0,0,948735,1556479,1640447,991188.48,200
1782774526,0,5380,0,200.64,200.01,701951,991231,1281023,1732607,2484223,306688,12066815,1037482.94,582743.42,5380,10,10,10,0,0,0,0,0,0,1200127,1839103,2217983,1193119.36,200
1782774527,0,5580,0,200.62,200.16,707071,997375,1294335,1748991,2420735,306688,12066815,1044491.91,579311.22,5580,10,10,10,0,0,0,0,0,0,1232895,1985535,2156543,1233032.96,200
1782774528,0,5780,0,200.60,199.82,712191,1003519,1309695,1753087,2396159,306688,12066815,1049300.75,575100.87,5780,10,10,10,0,0,0,0,0,0,1218559,1852415,2022399,1183467.52,200
1782774529,0,5980,0,200.58,200.09,717823,1011711,1325055,1798143,2584575,306688,12066815,1062375.21,582139.00,5980,10,10,10,0,0,0,0,0,0,1420287,2652159,3203071,1440227.20,200
1782774530,0,6180,0,200.56,200.06,722431,1018367,1335295,1833983,2664447,306688,12066815,1071761.67,584609.19,6180,10,10,10,0,0,0,0,0,0,1307647,2217983,3332095,1352416.64,200
1782774531,0,6380,0,200.54,199.90,725503,1022463,1345535,1851391,2799615,306688,12066815,1083580.65,618915.86,6380,10,10,10,0,0,0,0,0,0,1267711,2533375,8318975,1448787.20,200
1782774532,0,6580,0,200.53,200.06,728063,1026047,1350655,1865727,2789375,306688,12066815,1087686.44,616206.08,6580,10,10,10,0,0,0,0,0,0,1178623,2232319,2717695,1218661.12,200
1782774533,0,6780,0,200.51,199.92,733695,1031167,1357823,1885183,2871295,306688,12066815,1101917.17,670955.82,6780,10,10,10,0,0,0,0,0,0,1259519,2273279,9699327,1570108.16,200
1782774534,0,6980,0,200.49,200.01,735743,1032191,1359871,1879039,2861055,306688,12066815,1102314.21,664703.13,6980,10,10,10,0,0,0,0,0,0,1084415,1776639,2024447,1115774.08,200
1782774535,0,7180,0,200.48,200.07,739327,1036287,1364991,1886207,2818047,306688,12066815,1106031.03,660149.96,7180,10,10,10,0,0,0,0,0,0,1217535,2097151,2299903,1235747.84,200
1782774536,0,7380,0,200.47,200.08,742399,1039359,1368063,1892351,2807807,306688,12066815,1107669.25,656144.88,7380,10,10,10,0,0,0,0,0,0,1115135,2042879,2455551,1166481.28,200
1782774537,0,7580,0,200.46,199.99,735743,1031679,1360895,1884159,2789375,306688,12066815,1100650.10,650698.70,7580,10,10,10,0,0,0,0,0,0,804863,1321983,1641471,841643.52,200
1782774538,0,7780,0,200.45,199.99,738815,1034239,1367039,1912831,3117055,306688,12066815,1111993.45,678366.77,7780,10,10,10,0,0,0,0,0,0,1200127,3680255,7655423,1541906.56,200
1782774539,0,7980,0,200.44,200.02,743935,1039359,1376255,1937407,3117055,306688,12066815,1118146.34,677731.27,7980,10,10,10,0,0,0,0,0,0,1301503,2519039,3067903,1357493.76,200
1782774540,0,8180,0,200.42,199.93,746495,1042431,1377279,1937407,3158015,306688,12066815,1121074.61,676809.36,8180,10,10,10,0,0,0,0,0,0,1162239,2009087,4184063,1237912.32,200
1782774541,0,8380,0,200.42,200.06,747519,1044479,1382399,1942527,3119103,306688,12066815,1122859.59,672982.67,8380,10,10,10,0,0,0,0,0,0,1198079,2121727,2535423,1195865.60,200
1782774542,0,8580,0,200.41,200.01,751615,1047039,1385471,1953791,3160063,306688,12066815,1126355.42,672301.33,8580,10,10,10,0,0,0,0,0,0,1166335,2750463,3313663,1272830.72,200
1782774543,0,8780,0,200.39,199.86,753151,1048063,1390591,1957887,3135487,306688,12066815,1127792.31,668354.20,8780,10,10,10,0,0,0,0,0,0,1123327,2011135,2162687,1189434.88,200
1782774544,0,8980,0,200.38,199.97,754175,1047039,1390591,1951743,3117055,306688,12066815,1126009.79,663616.29,8980,10,10,10,0,0,0,0,0,0,973823,1719295,2006015,1047756.80,200
1782774545,0,9180,0,200.38,200.01,752127,1046015,1384447,1951743,3162111,306688,12066815,1125979.96,674281.01,9180,10,10,10,0,0,0,0,0,0,983551,2015231,7065599,1124640.64,200
1782774546,0,9380,0,200.37,199.98,755199,1047551,1389567,1958911,3158015,306688,12066815,1128415.19,671190.25,9380,10,10,10,0,0,0,0,0,0,1160191,2148351,2658303,1240192.64,200
1782774547,0,9580,0,200.36,200.04,757759,1048063,1392639,1958911,3135487,306688,12066815,1129913.15,668261.08,9580,10,10,10,0,0,0,0,0,0,1108991,1930239,3078143,1200167.04,200
1782774548,0,9780,0,200.35,199.98,761343,1050623,1394687,1958911,3119103,306688,12066815,1131490.12,664562.93,9780,10,10,10,0,0,0,0,0,0,1195007,1949695,2426879,1207027.20,200
1782774549,0,9980,0,200.35,200.01,764415,1053695,1398783,1961983,3096575,306688,12066815,1133855.72,661876.49,9980,10,10,10,0,0,0,0,0,0,1212415,2077695,2695167,1249533.44,200
1782774550,0,10180,0,200.34,199.98,765439,1055743,1401855,1960959,3084287,306688,12066815,1135280.26,658349.64,10180,10,10,10,0,0,0,0,0,0,1198079,1912831,2248703,1206364.80,200
1782774551,0,10380,0,200.33,200.04,767999,1056767,1405951,1972223,3119103,306688,12066815,1139520.72,659141.75,10380,10,10,10,0,0,0,0,0,0,1244159,2301951,3878911,1355360.00,200
1782774552,0,10580,0,200.33,200.07,769023,1057791,1406975,1974271,3096575,306688,12066815,1140138.60,655954.59,10580,10,10,10,0,0,0,0,0,0,1098751,1998847,2412543,1172206.72,200
1782774553,0,10780,0,200.32,199.99,770559,1059839,1410047,1978367,3090431,306688,12066815,1142278.15,654655.80,10780,10,10,10,0,0,0,0,0,0,1157119,2443263,2895871,1255460.48,200
1782774554,0,10980,0,200.32,200.01,773631,1061887,1411071,1975295,3078143,306688,12066815,1142853.50,650962.09,10980,10,10,10,0,0,0,0,0,0,1209343,1776639,2079743,1173864.96,200
1782774555,0,11180,0,200.31,199.93,776191,1063935,1416191,1989631,3096575,306688,12066815,1146421.09,650729.36,11180,10,10,10,0,0,0,0,0,0,1286143,2279423,3483647,1342281.60,200
1782774556,0,11380,0,200.30,200.00,776191,1064959,1415167,1987583,3084287,306688,12066815,1145770.35,647628.12,11380,10,10,10,0,0,0,0,0,0,1081343,1853439,2164735,1109393.92,200
1782774557,0,11580,0,200.30,200.13,778751,1067007,1419263,1991679,3078143,306688,12066815,1148243.84,646453.67,11580,10,10,10,0,0,0,0,0,0,1229823,2228223,2838527,1288985.60,200
1782774558,0,11780,0,200.29,199.90,779775,1069055,1421311,1991679,3067903,306688,12066815,1148793.58,643313.15,11780,10,10,10,0,0,0,0,0,0,1105919,1958911,2248703,1180623.36,200
1782774559,0,11980,0,200.29,200.05,781823,1071103,1424383,1989631,3065855,306688,12066815,1150126.65,640389.23,11980,10,10,10,0,0,0,0,0,0,1215487,1862655,2107391,1228644.48,200
1782774560,0,12200,0,200.61,219.83,783359,1072127,1423359,1986559,3035135,306688,12066815,1149820.79,636836.77,12200,10,10,10,0,0,0,0,0,0,1091583,1809407,2195455,1133165.38,220
1782774561,0,12400,0,200.60,200.19,779263,1068031,1419263,1978367,3012607,306688,12066815,1145310.65,633947.93,12400,10,10,10,0,0,0,0,0,0,843775,1419263,1663999,870192.00,200
1782774562,0,12600,0,200.59,199.83,779775,1068031,1419263,1975295,2920447,306688,12066815,1144916.00,631013.12,12600,10,10,10,0,0,0,0,0,0,1091583,1828863,1958911,1120448.00,200
1782774563,0,12800,0,200.58,200.09,780799,1067007,1419263,1970175,2899967,306688,12066815,1143937.46,627690.94,12800,10,10,10,0,0,0,0,0,0,1039871,1617919,1874943,1082289.28,200
1782774564,0,13000,0,200.58,200.00,781311,1068031,1419263,1966079,2891775,306688,12066815,1143846.41,625050.57,13000,10,10,10,0,0,0,0,0,0,1079295,1894399,2185215,1138019.20,200
1782774565,0,13200,0,200.57,200.00,782335,1069055,1420287,1974271,3039231,306688,12066815,1146514.22,628129.82,13200,10,10,10,0,0,0,0,0,0,1161215,3133439,4403199,1319921.92,200
1782774566,0,13400,0,200.56,200.05,785407,1071103,1425407,1978367,3035135,306688,12066815,1148829.24,627016.35,13400,10,10,10,0,0,0,0,0,0,1275903,2252799,2473983,1301620.48,200
1782774567,0,13600,0,200.55,199.84,786943,1072127,1425407,1976319,3012607,306688,12066815,1148898.34,624305.43,13600,10,10,10,0,0,0,0,0,0,1138687,1750015,2279423,1153528.32,200
1782774568,0,13800,0,200.54,200.00,788991,1076223,1429503,1986559,3065855,306688,12066815,1152595.24,624996.69,13800,10,10,10,0,0,0,0,0,0,1364991,2701311,3237887,1403984.00,200
1782774569,0,14000,0,200.53,200.13,790527,1076223,1431551,1992703,3078143,306688,12066815,1154667.66,625277.07,14000,10,10,10,0,0,0,0,0,0,1171455,2912255,3192831,1297664.64,200
1782774570,0,14200,0,200.53,199.97,791551,1078271,1434623,1997823,3090431,306688,12066815,1156264.68,624698.25,14200,10,10,10,0,0,0,0,0,0,1178623,2242559,3436543,1268056.32,200
1782774571,0,14400,0,200.52,200.04,792063,1079295,1435647,1999871,3078143,306688,12066815,1157224.04,623392.04,14400,10,10,10,0,0,0,0,0,0,1144831,2387967,2695167,1225338.88,200
1782774572,0,14600,0,200.51,200.04,792575,1079295,1434623,1996799,3074047,306688,12066815,1156427.80,620742.74,14600,10,10,10,0,0,0,0,0,0,1087487,1649663,1856511,1099098.24,200
1782774573,0,14800,0,200.50,199.83,794111,1080319,1435647,1996799,3067903,306688,12066815,1156867.68,618733.15,14800,10,10,10,0,0,0,0,0,0,1127423,1964031,2469887,1188979.20,200
1782774574,0,15000,0,200.50,200.03,795135,1081343,1438719,1999871,3065855,306688,12066815,1158676.57,617878.13,15000,10,10,10,0,0,0,0,0,0,1240063,2291711,2682879,1292534.40,200
1782774575,0,15200,0,200.49,200.06,795647,1082367,1440767,1999871,3039231,306688,12066815,1159378.91,616126.89,15200,10,10,10,0,0,0,0,0,0,1189887,2002943,2166783,1212053.76,200
1782774576,0,15400,0,200.49,200.06,796159,1083391,1442815,1998847,3035135,306688,12066815,1159670.55,614085.16,15400,10,10,10,0,0,0,0,0,0,1211391,1753087,2063359,1181835.52,200
1782774577,0,15600,0,200.48,200.03,797183,1084415,1444863,1995775,3024895,306688,12066815,1160399.77,612124.93,15600,10,10,10,0,0,0,0,0,0,1198079,1839103,2111487,1216549.76,200
1782774578,0,15800,0,200.47,199.85,798207,1086463,1444863,1992703,3012607,306688,12066815,1160504.51,609987.24,15800,10,10,10,0,0,0,0,0,0,1132543,1826815,2195455,1168674.56,200
1782774579,0,16000,0,200.47,200.10,798719,1087487,1446911,1991679,2985983,306688,12066815,1160567.71,607997.18,16000,10,10,10,0,0,0,0,0,0,1131519,1809407,2079743,1165560.32,200
1782774580,0,16200,0,200.46,199.99,799743,1089535,1448959,1994751,3039231,306688,12066815,1162947.61,610613.05,16200,10,10,10,0,0,0,0,0,0,1276927,2410495,4644863,1353339.52,200
1782774581,0,16400,0,200.46,200.01,800255,1091583,1452031,1998847,3026943,306688,12066815,1164542.72,609760.66,16400,10,10,10,0,0,0,0,0,0,1287167,2295807,2781183,1293746.56,200
1782774582,0,16600,0,200.45,199.95,800767,1091583,1452031,1998847,3020799,306688,12066815,1164144.84,607719.34,16600,10,10,10,0,0,0,0,0,0,1097727,1731583,2252799,1131518.72,200
1782774583,0,16800,0,200.44,199.92,801791,1092607,1452031,1998847,2996223,306688,12066815,1164453.42,606117.63,16800,10,10,10,0,0,0,0,0,0,1148927,1981439,2267135,1190065.92,200
1782774584,0,17000,0,200.44,200.18,801791,1093631,1451007,1992703,2938879,306688,12066815,1163778.28,603911.42,17000,10,10,10,0,0,0,0,0,0,1139711,1674239,1818623,1107066.24,200
1782774585,0,17200,0,200.43,199.92,798719,1088511,1445887,1988607,2918399,306688,12066815,1159842.74,602340.03,17200,10,10,10,0,0,0,0,0,0,817663,1260543,1468415,825321.60,200
1782774586,0,17400,0,200.43,200.08,799231,1088511,1447935,1991679,2899967,306688,12066815,1160362.67,601300.24,17400,10,10,10,0,0,0,0,0,0,1129471,2127871,2519039,1205076.48,200
1782774587,0,17600,0,200.42,199.87,798719,1087487,1447935,1991679,2895871,306688,12066815,1159589.52,599989.54,17600,10,10,10,0,0,0,0,0,0,1018367,1987583,2263039,1092325.76,200
1782774588,0,17800,0,200.42,199.94,798719,1087487,1447935,1991679,2899967,306688,12066815,1159685.97,599109.03,17800,10,10,10,0,0,0,0,0,0,1112063,1992703,2973695,1168173.44,200
1782774589,0,18000,0,200.42,200.15,796159,1084415,1442815,1988607,2891775,306688,12066815,1156254.17,597373.50,18000,10,10,10,0,0,0,0,0,0,870399,1265663,1375231,850823.68,200
1782774590,0,18200,0,200.41,200.03,796671,1084415,1442815,1987583,2875391,306688,12066815,1156034.45,595827.89,18200,10,10,10,0,0,0,0,0,0,1084415,1911807,2131967,1136259.84,200
1782774591,0,18400,0,200.41,199.85,794111,1081343,1438719,1983487,2871295,306688,12066815,1152478.55,594349.83,18400,10,10,10,0,0,0,0,0,0,827903,1314815,1514495,828892.16,200
1782774592,0,18600,0,200.40,200.03,794623,1081343,1438719,1983487,2861055,306688,12066815,1152232.83,592679.99,18600,10,10,10,0,0,0,0,0,0,1120255,1935359,2244607,1129626.24,200
1782774593,0,18800,0,200.40,200.08,792575,1078271,1434623,1977343,2844671,306688,12066815,1148986.64,591121.33,18800,10,10,10,0,0,0,0,0,0,831999,1315839,1476607,847091.20,200
1782774594,0,19000,0,200.39,199.91,793599,1079295,1435647,1978367,2842623,306688,12066815,1149782.14,590217.79,19000,10,10,10,0,0,0,0,0,0,1150975,2080767,2617343,1224558.72,200
1782774595,0,19200,0,200.39,200.02,794111,1080319,1438719,1984511,2834431,306688,12066815,1151011.59,589549.13,19200,10,10,10,0,0,0,0,0,0,1233919,2156543,2394111,1267809.28,200
1782774596,0,19400,0,200.38,199.94,794111,1080319,1438719,1981439,2828287,306688,12066815,1150705.27,588220.83,19400,10,10,10,0,0,0,0,0,0,1055743,1870847,2029567,1121299.20,200
1782774597,0,19600,0,200.38,200.08,790015,1076223,1435647,1976319,2826239,306688,12066815,1146850.18,587141.83,19600,10,10,10,0,0,0,0,0,0,744447,1254399,1604607,772906.24,200
1782774598,0,19800,0,200.38,199.96,790527,1077247,1435647,1975295,2813951,306688,12066815,1146705.39,585657.71,19800,10,10,10,0,0,0,0,0,0,1129471,1818623,2052095,1132515.84,200
1782774599,0,20000,0,200.37,200.05,791039,1077247,1436671,1975295,2809855,306688,12066815,1147239.61,584724.05,20000,10,10,10,0,0,0,0,0,0,1147903,2051071,2299903,1200127.36,200
1782774600,0,20200,0,200.37,200.08,791039,1077247,1436671,1976319,2818047,306688,12066815,1147212.90,584288.38,20200,10,10,10,0,0,0,0,0,0,1091583,2099199,3145727,1144542.08,200
1782774601,0,20400,0,200.37,199.82,788479,1075199,1433599,1974271,2811903,306688,12066815,1144132.32,582898.98,20400,10,10,10,0,0,0,0,0,0,830975,1271807,1479679,832993.28,200
1782774602,0,20600,0,200.36,200.07,788479,1074175,1432575,1972223,2809855,306688,12066815,1143326.16,581587.44,20600,10,10,10,0,0,0,0,0,0,1021951,1692671,2369535,1061098.24,200
1782774603,0,20800,0,200.36,200.00,786431,1072127,1430527,1974271,2834431,306688,12066815,1142120.46,582107.14,20800,10,10,10,0,0,0,0,0,0,883199,2930687,3280895,1017932.80,200
1782774604,0,21000,0,200.35,199.93,785919,1072127,1430527,1972223,2828287,306688,12066815,1141626.01,580773.62,21000,10,10,10,0,0,0,0,0,0,1053695,1622015,2250751,1090203.52,200
1782774605,0,21200,0,200.35,200.02,782335,1068031,1426431,1968127,2826239,306688,12066815,1138457.30,579585.78,21200,10,10,10,0,0,0,0,0,0,824319,1242111,1642495,805743.36,200
1782774606,0,21400,0,200.35,200.12,782847,1069055,1426431,1970175,2813951,306688,12066815,1138608.02,578769.25,21400,10,10,10,0,0,0,0,0,0,1090559,2136063,2672639,1154583.68,200
1782774607,0,21600,0,200.35,199.93,783871,1069055,1426431,1967103,2809855,306688,12066815,1138515.08,577252.55,21600,10,10,10,0,0,0,0,0,0,1098751,1696767,2033663,1128570.24,200
1782774608,0,21800,0,200.34,200.11,783871,1069055,1426431,1965055,2809855,306688,12066815,1137906.06,575843.74,21800,10,10,10,0,0,0,0,0,0,1042943,1667071,2008063,1072132.48,200
1782774609,0,22000,0,200.34,199.98,780799,1065983,1423359,1961983,2803711,306688,12066815,1135689.11,574559.88,22000,10,10,10,0,0,0,0,0,0,875007,1457151,1775615,894041.60,200
1782774610,0,22200,0,200.34,200.02,781823,1067007,1423359,1961983,2801663,306688,12066815,1135581.88,573397.97,22200,10,10,10,0,0,0,0,0,0,1075199,1875967,2277375,1123786.88,200
1782774611,0,22400,0,200.33,199.87,782335,1068031,1424383,1959935,2797567,306688,12066815,1135614.30,572139.74,22400,10,10,10,0,0,0,0,0,0,1156095,1739775,2103295,1139212.16,200
1782774612,0,22600,0,200.33,200.10,782847,1068031,1424383,1959935,2789375,306688,12066815,1135770.79,571090.97,22600,10,10,10,0,0,0,0,0,0,1121279,1853439,2197503,1153297.92,200
1782774613,0,22800,0,200.33,199.95,779263,1064959,1420287,1955839,2781183,306688,12066815,1132873.53,570192.64,22800,10,10,10,0,0,0,0,0,0,741375,1384447,1648639,805482.88,200
1782774614,0,23000,0,200.32,199.99,778239,1065983,1421311,1956863,2781183,306688,12066815,1132845.40,569679.10,23000,10,10,10,0,0,0,0,0,0,1101823,2016255,2465791,1129639.04,200
1782774615,0,23200,0,200.32,200.05,775679,1063935,1419263,1955839,2772991,306688,12066815,1130735.33,568749.74,23200,10,10,10,0,0,0,0,0,0,863743,1406975,2248703,888076.80,200
1782774616,0,23400,0,200.32,200.02,776703,1064959,1419263,1956863,2777087,306688,12066815,1131255.54,568321.12,23400,10,10,10,0,0,0,0,0,0,1134591,2158591,2879487,1191600.64,200
1782774617,0,23600,0,200.32,199.96,774655,1062911,1416191,1953791,2762751,306688,12066815,1129305.72,567344.75,23600,10,10,10,0,0,0,0,0,0,888831,1597439,1979391,901176.32,200
1782774618,0,23800,0,200.31,200.05,775167,1063935,1417215,1952767,2760703,306688,12066815,1129368.36,566323.61,23800,10,10,10,0,0,0,0,0,0,1122303,1748991,2203647,1136760.32,200
1782774619,0,24000,0,200.31,199.91,775679,1063935,1418239,1952767,2756607,306688,12066815,1129877.02,565445.95,24000,10,10,10,0,0,0,0,0,0,1156095,1905663,2203647,1190407.68,200
1782774620,0,24460,0,202.46,459.80,776703,1065983,1420287,1958911,2772991,306688,12066815,1131417.30,565246.70,24460,10,10,10,0,0,0,0,0,0,1133567,2220031,2957311,1211779.34,460
1782774621,0,24960,0,204.90,500.25,770559,1060863,1415167,1954815,2762751,306688,12066815,1126933.97,563967.56,24960,10,10,10,0,0,0,0,0,0,850943,1709055,2707455,907609.60,500
1782774622,0,25460,0,207.31,500.14,771071,1059839,1411071,1951743,2777087,306688,12066815,1125873.05,563880.38,25460,10,10,10,0,0,0,0,0,0,1027583,1682431,3379199,1072912.13,500
1782774623,0,25960,0,209.67,499.98,771071,1059839,1409023,1949695,2783231,306688,12066815,1125083.34,562734.06,25960,10,10,10,0,0,0,0,0,0,1060863,1718271,3006463,1084870.91,500
1782774624,0,26460,0,212.00,499.75,771583,1060863,1406975,1940479,2772991,306688,12066815,1123799.83,559903.95,26460,10,10,10,0,0,0,0,0,0,1068031,1713151,1940479,1057160.45,500
1782774625,0,26960,0,214.29,500.20,765951,1056767,1399807,1932287,2758655,306688,12066815,1118241.79,557481.27,26960,10,10,10,0,0,0,0,0,0,824831,1247231,1353727,824109.82,500
1782774626,0,27460,0,216.54,500.12,765951,1056767,1399807,1930239,2744319,306688,12066815,1118029.65,555559.05,27460,10,10,10,0,0,0,0,0,0,1091583,1863679,2437119,1106591.23,500
1782774627,0,27960,0,218.76,499.58,762879,1053695,1394687,1925119,2742271,306688,12066815,1113608.41,554014.39,27960,10,10,10,0,0,0,0,0,0,862719,1323007,2004991,870793.73,500
1782774628,0,28460,0,220.94,500.30,762879,1052671,1391615,1926143,2721791,306688,12066815,1112695.93,552626.48,28460,10,10,10,0,0,0,0,0,0,1008127,1943551,2658303,1061670.40,500
1782774629,0,28960,0,223.09,499.88,761855,1051647,1388543,1923071,2717695,293632,12066815,1110699.33,551017.97,28960,10,10,10,0,0,0,0,0,0,960511,1766399,2559999,997052.67,500
1782774630,0,29460,0,225.21,500.24,762879,1052671,1389567,1923071,2705407,293632,12066815,1111190.77,549644.60,29460,10,10,10,0,0,0,0,0,0,1102847,1912831,2500607,1139654.91,500
1782774631,0,29960,0,227.29,499.78,761855,1050623,1386495,1923071,2748415,272128,12066815,1111016.86,557910.33,29960,10,10,10,0,0,0,0,0,0,948223,1935359,6189055,1100770.05,500
1782774632,0,30460,0,229.34,500.05,760831,1049599,1383423,1921023,2748415,272128,12066815,1109540.79,556658.58,30460,10,10,10,0,0,0,0,0,0,982015,1785855,2672639,1021095.17,500
1782774633,0,30960,0,231.37,499.72,755711,1045503,1377279,1912831,2736127,272128,12066815,1104401.17,554795.15,30960,10,10,10,0,0,0,0,0,0,788479,1230847,1424383,791294.98,500
1782774634,0,31460,0,233.36,500.04,756223,1045503,1377279,1914879,2748415,272128,12066815,1104564.57,554478.02,31460,10,10,10,0,0,0,0,0,0,1065983,1973247,3442687,1114682.37,500
1782774635,0,31960,0,235.32,500.19,756735,1045503,1376255,1912831,2742271,272128,12066815,1104154.74,552594.76,31960,10,10,10,0,0,0,0,0,0,1061887,1801215,2334719,1078368.26,500
1782774636,0,32460,0,237.26,500.15,755711,1045503,1374207,1912831,2744319,272128,12066815,1103766.02,553269.08,32460,10,10,10,0,0,0,0,0,0,1041919,1903615,4016127,1078919.42,500
1782774637,0,32960,0,239.16,499.94,753663,1043455,1369087,1907711,2744319,272128,12066815,1100732.38,551907.85,32960,10,10,10,0,0,0,0,0,0,886783,1374207,2340863,903788.54,500
1782774638,0,33460,0,241.04,499.80,754687,1044479,1370111,1909759,2736127,272128,12066815,1101260.44,550830.19,33460,10,10,10,0,0,0,0,0,0,1107967,2009087,2559999,1136069.89,500
1782774639,0,33960,0,242.90,500.16,755199,1044991,1369087,1910783,2736127,272128,12066815,1101202.34,550311.69,33960,10,10,10,0,0,0,0,0,0,1058815,1992703,2725887,1097314.56,500
1782774640,0,34460,0,244.72,500.04,755199,1044991,1369087,1915903,2795519,272128,25853951,1110709.66,693910.23,34460,10,10,10,0,0,0,0,0,0,1077247,3758079,24018943,1756446.21,500
1782774641,0,34960,0,246.52,499.73,752639,1042431,1363967,1910783,2781183,272128,25853951,1107495.34,690574.36,34960,10,10,10,0,0,0,0,0,0,886271,1391615,1884159,885964.80,500
1782774642,0,35460,0,248.30,499.97,752639,1042431,1361919,1905663,2766847,272128,25853951,1105999.47,686959.15,35460,10,10,10,0,0,0,0,0,0,1022975,1523711,1696767,1001408.26,500
1782774643,0,35960,0,250.05,500.07,748543,1039359,1356799,1901567,2758655,272128,25853951,1102501.23,683875.95,35960,10,10,10,0,0,0,0,0,0,833023,1308671,1758207,854405.89,500
1782774644,0,36460,0,251.77,500.13,748543,1039359,1354751,1900543,2791423,272128,25853951,1102865.89,685882.66,36460,10,10,10,0,0,0,0,0,0,1035775,1820671,5324799,1129092.35,500
1782774645,0,36960,0,253.47,500.12,745471,1036287,1349631,1894399,2781183,272128,25853951,1099106.65,682821.65,36960,10,10,10,0,0,0,0,0,0,825855,1285119,1430527,824982.78,500
1782774646,0,37460,0,255.15,500.07,746495,1035775,1348607,1892351,2777087,272128,25853951,1098345.39,679848.26,37460,10,10,10,0,0,0,0,0,0,1025023,1753087,2107391,1042073.34,500
1782774647,0,37960,0,256.81,499.64,747007,1036799,1348607,1888255,2772991,272128,25853951,1098404.76,678034.24,37960,10,10,10,0,0,0,0,0,0,1094655,1761279,2027519,1102852.86,500
1782774648,0,38460,0,258.44,500.23,746495,1037311,1347583,1885183,2758655,272128,25853951,1097747.81,675194.13,38460,10,10,10,0,0,0,0,0,0,1051647,1633279,2209791,1047871.49,500
1782774649,0,38960,0,260.06,500.00,745471,1035775,1344511,1885183,2775039,272128,25853951,1096217.43,673741.22,38960,10,10,10,0,0,0,0,0,0,928255,1537023,3395583,978501.12,500
1782774650,0,39460,0,261.65,499.76,745471,1036287,1343487,1882111,2760703,272128,25853951,1095773.77,670893.33,39460,10,10,10,0,0,0,0,0,0,1078271,1668095,2037759,1061203.97,500
1782774651,0,39960,0,263.22,500.18,743935,1033727,1340415,1880063,2762751,272128,25853951,1093578.57,668757.89,39960,10,10,10,0,0,0,0,0,0,864255,1609727,3016703,920333.06,500
1782774652,0,40460,0,264.77,499.87,744447,1033727,1340415,1881087,2797567,272128,25853951,1094190.61,670114.73,40460,10,10,10,0,0,0,0,0,0,1029631,1999871,4743167,1143104.77,500
1782774653,0,40960,0,266.30,499.96,745471,1035263,1341439,1890303,2861055,272128,25853951,1100074.59,704621.65,40960,10,10,10,0,0,0,0,0,0,1154047,3631103,13328383,1576206.34,500
1782774654,0,41460,0,267.81,500.28,745983,1035775,1342463,1886207,2861055,272128,25853951,1100360.70,704717.33,41460,10,10,10,0,0,0,0,0,0,1093631,1672191,2600959,1123798.53,500
1782774655,0,41960,0,269.30,499.71,747007,1036799,1342463,1892351,2893823,272128,25853951,1101817.34,704416.04,41960,10,10,10,0,0,0,0,0,0,1128447,2453503,4009983,1222602.24,500
1782774656,0,42460,0,270.77,500.18,747519,1037311,1343487,1892351,2879487,272128,25853951,1102148.71,701997.81,42460,10,10,10,0,0,0,0,0,0,1085439,1880063,2455551,1129957.12,500
1782774657,0,42960,0,272.22,500.08,748031,1038335,1344511,1893375,2891775,272128,25853951,1102787.97,700921.25,42960,10,10,10,0,0,0,0,0,0,1100799,1953791,3002367,1157073.66,500
1782774658,0,43460,0,273.65,500.13,748543,1039359,1345535,1894399,2930687,272128,25853951,1105527.60,711956.42,43460,10,10,10,0,0,0,0,0,0,1158143,2172927,9273343,1340917.25,500
1782774659,0,43960,0,275.07,499.94,749055,1039871,1345535,1894399,2920447,272128,25853951,1105685.55,709624.97,43960,10,10,10,0,0,0,0,0,0,1088511,1903615,2762751,1119414.27,500
1782774660,0,44460,0,276.47,499.72,749567,1040383,1346559,1893375,2912255,272128,25853951,1105498.05,707231.45,44460,10,10,10,0,0,0,0,0,0,1087487,1790975,2551807,1089013.50,500
1782774661,0,44960,0,277.85,500.04,750079,1041407,1347583,1896447,2912255,272128,25853951,1106402.00,705796.23,44960,10,10,10,0,0,0,0,0,0,1166335,2119679,2523135,1186780.42,500
1782774662,0,45460,0,279.22,500.27,750591,1041919,1348607,1899519,2899967,272128,25853951,1106502.65,703894.16,45460,10,10,10,0,0,0,0,0,0,1074175,2057215,2705407,1115553.28,500
1782774663,0,45960,0,280.56,499.66,750591,1041919,1347583,1900543,2930687,272128,25853951,1107655.51,709781.61,45960,10,10,10,0,0,0,0,0,0,1051647,1983487,8462335,1212473.86,500
1782774664,0,46460,0,281.89,500.18,750591,1041919,1346559,1896447,2918399,272128,25853951,1106865.11,707112.58,46460,10,10,10,0,0,0,0,0,0,1046015,1712127,1878015,1034211.07,500
1782774665,0,46960,0,283.21,500.15,748031,1039359,1343487,1893375,2899967,272128,25853951,1104310.87,704873.86,46960,10,10,10,0,0,0,0,0,0,842751,1331199,2189311,866971.65,500
1782774666,0,47460,0,284.51,499.79,748543,1039359,1342463,1893375,2918399,272128,25853951,1103968.71,703122.92,47460,10,10,10,0,0,0,0,0,0,1037823,1703935,3522559,1071832.83,500
1782774667,0,47960,0,285.79,499.98,748543,1039359,1342463,1893375,2938879,272128,25853951,1104985.55,706702.48,47960,10,10,10,0,0,0,0,0,0,1033215,1944575,7237631,1201504.26,500
1782774668,0,48460,0,287.06,500.16,748543,1039359,1342463,1892351,2930687,272128,25853951,1104524.25,704403.39,48460,10,10,10,0,0,0,0,0,0,1047039,1827839,2248703,1060275.71,500
1782774669,0,48960,0,288.32,499.73,747007,1037311,1340415,1887231,2918399,272128,25853951,1102128.04,702046.10,48960,10,10,10,0,0,0,0,0,0,857599,1424383,1859583,869887.23,500
1782774670,0,49460,0,289.56,500.42,747007,1037311,1339391,1890303,2918399,272128,25853951,1101911.30,700266.78,49460,10,10,10,0,0,0,0,0,0,1034751,2030591,2850815,1080688.38,500
1782774671,0,49960,0,290.78,499.55,747519,1037823,1339391,1892351,2930687,272128,25853951,1102588.70,701037.25,49960,10,10,10,0,0,0,0,0,0,1087487,2103295,5255167,1169597.18,500
1782774672,0,50460,0,291.99,500.21,747519,1037311,1338367,1893375,2957311,272128,25853951,1102815.93,700418.85,50460,10,10,10,0,0,0,0,0,0,1028607,1951743,4192255,1125520.90,500
1782774673,0,50960,0,293.19,499.84,745983,1036287,1335295,1887231,2938879,272128,25853951,1100530.67,698001.55,50960,10,10,10,0,0,0,0,0,0,880127,1327103,1611775,869901.82,500
1782774674,0,51460,0,294.37,500.17,745983,1036287,1335295,1886207,2938879,272128,25853951,1100352.93,696624.10,51460,10,10,10,0,0,0,0,0,0,1029631,1801215,3084287,1082237.70,500
1782774675,0,51960,0,295.54,500.04,746495,1036287,1336319,1891327,2973695,272128,25853951,1101768.17,699466.35,51960,10,10,10,0,0,0,0,0,0,1091583,2361343,5734399,1247424.51,500
1782774676,0,52460,0,296.70,500.17,746495,1036287,1336319,1896447,2992127,272128,25853951,1102517.27,702006.61,52460,10,10,10,0,0,0,0,0,0,1004543,2291711,5611519,1180364.29,500
1782774677,0,52960,0,297.84,499.61,743935,1034239,1333247,1893375,2973695,272128,25853951,1100266.07,699990.34,52960,10,10,10,0,0,0,0,0,0,822783,1593343,1992703,864070.14,500
1782774678,0,53460,0,298.97,500.41,744447,1034239,1333247,1894399,2959359,272128,25853951,1100222.93,698133.92,53460,10,10,10,0,0,0,0,0,0,1046527,1949695,2510847,1095653.38,500
1782774679,0,53960,0,300.09,499.75,744447,1034239,1333247,1893375,2959359,272128,25853951,1100088.14,696302.92,53960,10,10,10,0,0,0,0,0,0,1042943,1872895,2445311,1085676.80,500
1782774680,0,54240,0,299.98,279.87,744959,1035263,1334271,1893375,2955263,272128,25853951,1100329.24,695120.79,54240,10,10,10,0,0,0,0,0,0,1161215,1704959,2068479,1146792.69,280
1782774681,0,54440,0,299.43,200.01,745471,1035775,1335295,1891327,2938879,272128,25853951,1100533.90,694222.76,54440,10,10,10,0,0,0,0,0,0,1171455,1707007,1847295,1156035.84,200
1782774682,0,54640,0,298.88,200.10,745983,1036287,1336319,1890303,2938879,272128,25853951,1100799.32,693370.72,54640,10,10,10,0,0,0,0,0,0,1165311,1782783,2121727,1173048.32,200
1782774683,0,54840,0,298.35,199.94,746495,1036287,1337343,1888255,2930687,272128,25853951,1100994.34,692517.99,54840,10,10,10,0,0,0,0,0,0,1159167,1704959,1981439,1154273.92,200
1782774684,0,55040,0,297.81,200.08,746495,1036799,1337343,1887231,2930687,272128,25853951,1101049.53,691619.68,55040,10,10,10,0,0,0,0,0,0,1111039,1626111,1685503,1116183.04,200
1782774685,0,55240,0,297.29,200.01,747007,1037311,1338367,1886207,2922495,272128,25853951,1101238.93,690774.07,55240,10,10,10,0,0,0,0,0,0,1199103,1718271,1827839,1153360.64,200
1782774686,0,55440,0,296.77,199.86,747007,1037311,1339391,1886207,2920447,272128,25853951,1101621.23,690054.46,55440,10,10,10,0,0,0,0,0,0,1150975,1967103,2193407,1207211.52,200
1782774687,0,55640,0,296.25,200.04,747519,1037823,1340415,1886207,2918399,272128,25853951,1101975.04,689410.25,55640,10,10,10,0,0,0,0,0,0,1163263,2006015,2396159,1200051.20,200
1782774688,0,55840,0,295.74,200.04,748031,1038335,1341439,1886207,2918399,272128,25853951,1102300.56,688639.65,55840,10,10,10,0,0,0,0,0,0,1180671,1769471,2065407,1192861.44,200
1782774689,0,56040,0,295.24,200.06,748543,1038847,1342463,1887231,2918399,272128,25853951,1102900.14,688176.21,56040,10,10,10,0,0,0,0,0,0,1253375,2119679,2975743,1270303.36,200
1782774690,0,56240,0,294.74,200.02,749055,1039359,1342463,1886207,2922495,272128,25853951,1103330.64,687725.75,56240,10,10,10,0,0,0,0,0,0,1148927,1763327,3512319,1223957.12,200
1782774691,0,56440,0,294.24,199.85,749055,1039359,1343487,1886207,2920447,272128,25853951,1103406.56,686888.71,56440,10,10,10,0,0,0,0,0,0,1098751,1703935,1954815,1124755.20,200
1782774692,0,56640,0,293.75,200.04,749567,1039871,1343487,1885183,2918399,272128,25853951,1103618.06,686069.39,56640,10,10,10,0,0,0,0,0,0,1206271,1717247,1952767,1163303.04,200
1782774693,0,56840,0,293.27,199.99,750079,1040383,1344511,1885183,2918399,272128,25853951,1103861.48,685294.73,56840,10,10,10,0,0,0,0,0,0,1160191,1733631,2525183,1172796.16,200
1782774694,0,57040,0,292.79,200.09,750591,1040895,1344511,1885183,2904063,272128,25853951,1104239.56,684636.69,57040,10,10,10,0,0,0,0,0,0,1259519,1950719,2439167,1211692.16,200
1782774695,0,57240,0,292.32,199.92,751103,1041407,1345535,1884159,2899967,272128,25853951,1104319.35,683746.77,57240,10,10,10,0,0,0,0,0,0,1112063,1634303,1716223,1127075.20,200
1782774696,0,57440,0,291.85,200.01,751615,1041919,1345535,1883135,2895871,272128,25853951,1104517.36,682935.04,57440,10,10,10,0,0,0,0,0,0,1158143,1780735,1907711,1161185.92,200
1782774697,0,57640,0,291.39,200.13,751615,1041919,1346559,1883135,2891775,272128,25853951,1104752.75,682211.41,57640,10,10,10,0,0,0,0,0,0,1158143,1852415,2164735,1172357.76,200
1782774698,0,57840,0,290.93,199.81,752127,1042431,1347583,1884159,2893823,272128,25853951,1105181.29,681676.81,57840,10,10,10,0,0,0,0,0,0,1188863,1944575,2924543,1228686.72,200
1782774699,0,58040,0,290.47,200.07,753151,1042943,1347583,1883135,2887679,272128,25853951,1105362.26,680893.99,58040,10,10,10,0,0,0,0,0,0,1168383,1778687,2205695,1157698.56,200
1782774700,0,58240,0,290.02,199.98,753151,1042943,1348607,1882111,2877439,272128,25853951,1105423.50,680128.97,58240,10,10,10,0,0,0,0,0,0,1098751,1753087,1969151,1123194.24,200
1782774701,0,58440,0,289.57,200.11,753663,1042943,1348607,1882111,2875391,272128,25853951,1105546.24,679394.93,58440,10,10,10,0,0,0,0,0,0,1121279,1709055,2355199,1141289.60,200
1782774702,0,58640,0,289.13,200.01,754175,1043967,1349631,1882111,2877439,272128,25853951,1105854.64,678878.28,58640,10,10,10,0,0,0,0,0,0,1126399,1831935,3135487,1195967.36,200
1782774703,0,58840,0,288.69,199.89,754687,1044479,1349631,1882111,2877439,272128,25853951,1106248.22,678297.55,58840,10,10,10,0,0,0,0,0,0,1232895,1899519,2840575,1221646.72,200
1782774704,0,59040,0,288.26,200.01,755199,1044479,1350655,1882111,2875391,272128,25853951,1106463.34,677679.47,59040,10,10,10,0,0,0,0,0,0,1076223,2006015,2588671,1169752.32,200
1782774705,0,59240,0,287.83,200.07,755199,1044991,1351679,1884159,2912255,272128,25853951,1107681.99,679866.82,59240,10,10,10,0,0,0,0,0,0,1208319,3899391,5849087,1467425.92,200
1782774706,0,59440,0,287.41,199.89,755711,1044991,1351679,1884159,2899967,272128,25853951,1107863.16,679123.71,59440,10,10,10,0,0,0,0,0,0,1123327,1844223,2215935,1161528.32,200
1782774707,0,59640,0,286.99,200.14,756223,1045503,1351679,1885183,2897919,272128,25853951,1108230.30,678512.41,59640,10,10,10,0,0,0,0,0,0,1212415,1980415,2383871,1217344.00,200
1782774708,0,59840,0,286.57,199.91,756223,1046015,1352703,1884159,2893823,272128,25853951,1108312.11,677756.43,59840,10,10,10,0,0,0,0,0,0,1139711,1733631,1954815,1132705.92,200
1782774709,0,60040,0,286.16,200.00,756735,1046015,1352703,1884159,2887679,272128,25853951,1108541.24,677156.96,60040,10,10,10,0,0,0,0,0,0,1075199,1876991,2623487,1177098.88,200
1782774710,0,60240,0,285.75,200.06,757247,1046527,1353727,1884159,2891775,272128,25853951,1108903.26,676699.23,60240,10,10,10,0,0,0,0,0,0,1197055,1785855,3381247,1217581.44,200
1782774711,0,60440,0,285.35,200.01,757759,1047039,1353727,1883135,2885631,272128,25853951,1109075.24,675946.11,60440,10,10,10,0,0,0,0,0,0,1185791,1742847,1943551,1160873.60,200
1782774712,0,60640,0,284.94,199.85,757759,1047039,1354751,1884159,2877439,272128,25853951,1109433.61,675442.42,60640,10,10,10,0,0,0,0,0,0,1186815,1972223,2746367,1217734.40,200
1782774713,0,60840,0,284.55,200.11,758271,1047039,1355775,1883135,2875391,272128,25853951,1109515.31,674690.67,60840,10,10,10,0,0,0,0,0,0,1122303,1699839,2076671,1134287.36,200
1782774714,0,61040,0,284.15,199.99,758783,1047551,1355775,1883135,2871295,272128,25853951,1109694.79,673979.97,61040,10,10,10,0,0,0,0,0,0,1162239,1810431,1969151,1164292.48,200
1782774715,0,61240,0,283.76,200.02,758783,1048063,1356799,1883135,2865151,272128,25853951,1110120.87,673425.43,61240,10,10,10,0,0,0,0,0,0,1219583,2010111,2359295,1240159.36,200
1782774716,0,61440,0,283.38,200.05,759295,1048575,1357823,1885183,2875391,272128,25853951,1110928.94,673355.48,61440,10,10,10,0,0,0,0,0,0,1292287,2396159,3123199,1358359.04,200
1782774717,0,61640,0,282.99,199.86,759807,1049599,1357823,1886207,2879487,272128,25853951,1111456.38,673097.45,61640,10,10,10,0,0,0,0,0,0,1231871,2079743,3397631,1273486.72,200
1782774718,0,61840,0,282.61,200.03,760319,1049599,1358847,1886207,2877439,272128,25853951,1111777.11,672489.87,61840,10,10,10,0,0,0,0,0,0,1135615,1954815,2172927,1210627.20,200
1782774719,0,62040,0,282.24,200.11,760319,1049599,1359871,1886207,2879487,272128,25853951,1111998.00,672051.82,62040,10,10,10,0,0,0,0,0,0,1093631,1853439,3006463,1180297.60,200
1782774720,0,62240,0,281.87,199.90,760831,1049599,1359871,1887231,2893823,272128,25853951,1112638.87,672644.27,62240,10,10,10,0,0,0,0,0,0,1180671,2103295,5324799,1311434.88,200
1782774721,0,62440,0,281.50,199.96,760831,1050623,1360895,1886207,2887679,272128,25853951,1112792.67,671954.58,62440,10,10,10,0,0,0,0,0,0,1134591,1729535,1933311,1160656.64,200
1782774722,0,62640,0,281.13,200.02,761343,1050623,1360895,1886207,2881535,272128,25853951,1112966.83,671264.92,62640,10,10,10,0,0,0,0,0,0,1138687,1817599,2140159,1167338.88,200
1782774723,0,62840,0,280.77,200.04,761855,1051647,1361919,1886207,2877439,272128,25853951,1113285.64,670646.48,62840,10,10,10,0,0,0,0,0,0,1202175,1972223,2291711,1213136.00,200
1782774724,0,63040,0,280.41,200.04,761855,1051647,1361919,1885183,2875391,272128,25853951,1113281.93,669887.27,63040,10,10,10,0,0,0,0,0,0,1092607,1662975,1719295,1112116.48,200
1782774725,0,63240,0,280.05,199.95,762367,1051647,1362943,1885183,2871295,272128,25853951,1113634.36,669286.83,63240,10,10,10,0,0,0,0,0,0,1250303,1821695,2326527,1224720.00,200
1782774726,0,63440,0,279.70,200.08,762879,1051647,1362943,1884159,2867199,272128,25853951,1113739.05,668570.50,63440,10,10,10,0,0,0,0,0,0,1127423,1695743,1873919,1146844.16,200
1782774727,0,63640,0,279.35,199.93,762879,1052671,1363967,1885183,2865151,272128,25853951,1114019.03,668022.02,63640,10,10,10,0,0,0,0,0,0,1173503,1954815,2582527,1202826.88,200
1782774728,0,63840,0,279.00,200.03,763391,1052671,1364991,1886207,2881535,272128,25853951,1114949.10,669572.48,63840,10,10,10,0,0,0,0,0,0,1218559,2981887,6639615,1410898.56,200
1782774729,0,64040,0,278.66,199.95,763391,1053695,1364991,1888255,2893823,272128,25853951,1115596.94,669670.98,64040,10,10,10,0,0,0,0,0,0,1250303,2422783,4210687,1322386.56,200
1782774730,0,64240,0,278.32,200.10,763903,1053695,1366015,1888255,2891775,272128,25853951,1115879.66,669130.25,64240,10,10,10,0,0,0,0,0,0,1174527,1896447,2514943,1206406.40,200
1782774731,0,64440,0,277.98,199.82,764415,1053695,1367039,1889279,2893823,272128,25853951,1116320.65,668753.22,64440,10,10,10,0,0,0,0,0,0,1195007,2085887,2988031,1257967.36,200
1782774732,0,64640,0,277.65,200.04,764415,1054719,1368063,1890303,2899967,272128,25853951,1116896.98,668953.18,64640,10,10,10,0,0,0,0,0,0,1245183,1958911,5074943,1302591.36,200
1782774733,0,64840,0,277.32,200.08,764927,1054719,1369087,1892351,2895871,272128,25853951,1117426.30,668595.06,64840,10,10,10,0,0,0,0,0,0,1239039,2390015,2568191,1288502.40,200
1782774734,0,65040,0,276.99,200.03,764927,1054719,1369087,1891327,2893823,272128,25853951,1117456.34,667906.91,65040,10,10,10,0,0,0,0,0,0,1153023,1675263,1830911,1127193.60,200
1782774735,0,65240,0,276.66,199.90,765439,1055743,1370111,1893375,2893823,272128,25853951,1118036.18,667729.68,65240,10,10,10,0,0,0,0,0,0,1240063,2244607,3629055,1306602.88,200
1782774736,0,65440,0,276.34,200.03,765951,1055743,1371135,1894399,2916351,272128,25853951,1118735.48,667928.41,65440,10,10,10,0,0,0,0,0,0,1265663,2338815,3960831,1346846.72,200
1782774737,0,65640,0,276.01,199.98,766463,1056767,1371135,1894399,2904063,272128,25853951,1118990.37,667310.25,65640,10,10,10,0,0,0,0,0,0,1147903,1860607,2138111,1202390.40,200
1782774738,0,65840,0,275.70,200.05,766463,1056767,1372159,1894399,2916351,272128,25853951,1119314.17,667149.91,65840,10,10,10,0,0,0,0,0,0,1171455,1961983,4288511,1225582.72,200
1782774739,0,66040,0,275.38,200.05,766975,1056767,1372159,1897471,2918399,272128,25853951,1120007.16,667125.47,66040,10,10,10,0,0,0,0,0,0,1293311,2576383,3332095,1348140.80,200
1782774740,0,66900,0,277.81,859.76,763903,1054719,1372159,1905663,3049471,215296,25853951,1123784.95,701646.52,66900,10,10,10,0,0,0,0,0,0,834559,4143103,12214271,1413883.98,860
1782774741,0,67900,0,280.79,999.43,758271,1049599,1367039,1900543,3026943,207488,25853951,1118355.00,698970.69,67900,10,10,10,0,0,0,0,0,0,724479,1370111,1861631,755091.52,1000
1782774742,0,68900,0,283.76,1000.73,753151,1044991,1363967,1900543,3043327,207488,25853951,1115222.85,700566.21,68900,10,10,10,0,0,0,0,0,0,744959,1900543,4902911,902549.57,1000
1782774743,0,69900,0,286.69,999.51,747007,1039871,1359871,1897471,3039231,207488,25853951,1110491.14,698402.14,69900,10,10,10,0,0,0,0,0,0,731135,1423359,2295807,784476.61,1000
1782774744,0,70900,0,289.61,1000.53,742399,1035263,1355775,1894399,3039231,207488,25853951,1106505.86,698657.86,70900,10,10,10,0,0,0,0,0,0,741375,1535999,2220031,827934.59,1000
1782774745,0,71900,0,292.50,999.54,737791,1030655,1351679,1890303,3020799,207488,25853951,1102170.13,696028.97,71900,10,10,10,0,0,0,0,0,0,744447,1498111,1977343,794767.23,1000
1782774746,0,72900,0,295.36,1000.28,734719,1027071,1349631,1892351,3055615,207488,25853951,1101203.08,703617.66,72900,10,10,10,0,0,0,0,0,0,823295,2174975,5451775,1031672.19,1000
1782774747,0,73900,0,298.21,999.74,731135,1023487,1346559,1891327,3043327,207488,25853951,1098125.48,701358.23,73900,10,10,10,0,0,0,0,0,0,784383,1783807,2424831,873768.13,1000
1782774748,0,74900,0,301.03,999.64,727039,1019903,1343487,1892351,3045375,207488,25853951,1095521.11,701286.12,74900,10,10,10,0,0,0,0,0,0,767999,1954815,3520511,903058.24,1000
1782774749,0,75900,0,303.83,1000.19,723455,1016831,1341439,1893375,3063807,207488,25853951,1093890.73,708809.67,75900,10,10,10,0,0,0,0,0,0,764927,2089983,6705151,971774.91,1000
1782774750,0,76900,0,306.60,1000.03,720383,1013759,1338367,1892351,3045375,207488,25853951,1091369.54,706713.22,76900,10,10,10,0,0,0,0,0,0,800767,1873919,2729983,900011.46,1000
1782774751,0,77900,0,309.36,999.91,717823,1010687,1336319,1891327,3051519,207488,25853951,1089254.78,706132.39,77900,10,10,10,0,0,0,0,0,0,797183,1745919,3358719,926630.08,1000
1782774752,0,78900,0,312.09,1000.38,714239,1006079,1333247,1890303,3035135,207488,25853951,1085834.78,704100.55,78900,10,10,10,0,0,0,0,0,0,736255,1796095,2666495,819416.19,1000
1782774753,0,79900,0,314.80,1000.11,711679,1003519,1331199,1893375,3053567,207488,25853951,1084633.92,704850.09,79900,10,10,10,0,0,0,0,0,0,817151,2103295,4825087,989886.40,1000
1782774754,0,80900,0,317.49,999.76,709119,1000447,1328127,1892351,3039231,207488,25853951,1081683.17,702537.08,80900,10,10,10,0,0,0,0,0,0,776191,1717247,2342911,845918.53,1000
1782774755,0,81900,0,320.16,1000.31,707071,997375,1326079,1897471,3061759,207488,25853951,1081316.05,709527.31,81900,10,10,10,0,0,0,0,0,0,795135,2369535,7184383,1051615.62,1000
1782774756,0,82900,0,322.80,999.51,703999,993279,1321983,1893375,3059711,207488,25853951,1077903.58,708389.67,82900,10,10,10,0,0,0,0,0,0,740863,1418239,2285567,798422.08,1000
1782774757,0,83900,0,325.43,1000.71,700415,989183,1318911,1887231,3049471,207488,25853951,1074519.55,706076.16,83900,10,10,10,0,0,0,0,0,0,747519,1504255,1947647,793983.68,1000
1782774758,0,84900,0,328.04,999.83,698367,986111,1316863,1887231,3055615,207488,25853951,1072606.02,707749.87,84900,10,10,10,0,0,0,0,0,0,753151,1881087,3495935,912061.06,1000
1782774759,0,85900,0,330.62,1000.09,695807,984063,1314815,1887231,3053567,207488,25853951,1070856.78,705971.57,85900,10,10,10,0,0,0,0,0,0,797695,1904639,2945023,922345.98,1000
1782774760,0,86900,0,333.19,999.40,694271,981503,1312767,1890303,3078143,207488,25853951,1070026.51,707859.53,86900,10,10,10,0,0,0,0,0,0,807423,2291711,5419007,998706.82,1000
1782774761,0,87900,0,335.74,1000.25,691711,977919,1309695,1887231,3067903,207488,25853951,1067216.54,705788.65,87900,10,10,10,0,0,0,0,0,0,755711,1596415,2701311,823029.82,1000
1782774762,0,88900,0,338.26,1000.12,689663,974335,1306623,1888255,3074047,207488,25853951,1065190.31,706531.40,88900,10,10,10,0,0,0,0,0,0,751615,1935359,3375103,887084.99,1000
1782774763,0,89900,0,340.77,999.83,688127,971775,1304575,1887231,3069951,207488,25853951,1063213.65,704745.74,89900,10,10,10,0,0,0,0,0,0,792575,1824767,2947071,887488.19,1000
1782774764,0,90900,0,343.26,999.60,686079,969215,1302527,1887231,3082239,207488,25853951,1062110.08,707790.08,90900,10,10,10,0,0,0,0,0,0,806399,1814527,5029887,962899.14,1000
1782774765,0,91900,0,345.73,1000.47,684031,966143,1300479,1885183,3078143,207488,25853951,1059814.20,705923.40,91900,10,10,10,0,0,0,0,0,0,762879,1656831,2553855,851119.17,1000
1782774766,0,92900,0,348.18,999.63,681983,962047,1297407,1882111,3069951,207488,25853951,1057003.32,703764.52,92900,10,10,10,0,0,0,0,0,0,756223,1485823,2103295,798682.88,1000
1782774767,0,93900,0,350.62,1000.61,679935,959487,1295359,1883135,3078143,207488,25853951,1055252.65,702680.40,93900,10,10,10,0,0,0,0,0,0,769535,2007039,3534847,892615.49,1000
1782774768,0,94900,0,353.03,999.49,677887,956415,1293311,1880063,3063807,207488,25853951,1052748.77,700612.58,94900,10,10,10,0,0,0,0,0,0,759295,1591295,2281471,817634.82,1000
1782774769,0,95900,0,355.43,999.81,675839,952831,1290239,1882111,3112959,207488,25853951,1051958.47,704346.90,95900,10,10,10,0,0,0,0,0,0,749055,3055615,5836799,976958.91,1000
1782774770,0,96900,0,357.81,1000.27,673791,950783,1287167,1881087,3110911,207488,25853951,1050226.85,702784.86,96900,10,10,10,0,0,0,0,0,0,785919,1852415,2859007,884164.54,1000
1782774771,0,97900,0,360.17,1000.48,672255,948223,1285119,1884159,3121151,207488,25853951,1049130.70,703119.60,97900,10,10,10,0,0,0,0,0,0,768511,2351103,4157439,942913.47,1000
1782774772,0,98900,0,362.52,999.52,670207,945151,1283071,1883135,3125247,207488,25853951,1047031.59,701787.46,98900,10,10,10,0,0,0,0,0,0,759295,1724415,3262463,841528.58,1000
1782774773,0,99900,0,364.85,999.64,668159,942591,1279999,1883135,3121151,207488,25853951,1045124.69,700177.28,99900,10,10,10,0,0,0,0,0,0,757759,1897471,2623487,856532.54,1000
1782774774,0,100900,0,367.16,1000.71,666623,940543,1278975,1884159,3135487,207488,25853951,1044013.39,700699.18,100900,10,10,10,0,0,0,0,0,0,753663,2158591,4792319,932994.88,1000
1782774775,0,101900,0,369.45,999.95,664575,937471,1275903,1883135,3125247,207488,25853951,1041772.85,698973.59,101900,10,10,10,0,0,0,0,0,0,743935,1695743,2586623,815702.21,1000
1782774776,0,102900,0,371.73,999.93,663039,935423,1274879,1884159,3133439,207488,25853951,1040695.86,698982.10,102900,10,10,10,0,0,0,0,0,0,779263,2004991,3635199,930950.08,1000
1782774777,0,103900,0,373.99,999.89,661503,933375,1271807,1881087,3121151,193536,25853951,1038458.60,696973.78,103900,10,10,10,0,0,0,0,0,0,760319,1494015,2057215,808245.12,1000
1782774778,0,104900,0,376.24,1000.16,659967,931327,1269759,1881087,3129343,193536,25853951,1037166.81,697864.50,104900,10,10,10,0,0,0,0,0,0,757759,1835007,5423103,902949.31,1000
1782774779,0,105900,0,378.47,999.50,658943,929279,1268735,1884159,3141631,193536,25853951,1036485.36,697797.97,105900,10,10,10,0,0,0,0,0,0,772607,2482175,3880959,965001.22,1000
1782774780,0,106900,0,380.68,1000.35,657407,926719,1266687,1883135,3141631,193536,25853951,1034738.74,696806.07,106900,10,10,10,0,0,0,0,0,0,751615,1692671,2697215,849771.90,1000
1782774781,0,107900,0,382.88,1000.36,655359,924671,1264639,1882111,3133439,193536,25853951,1032601.58,695194.98,107900,10,10,10,0,0,0,0,0,0,727551,1704959,2426879,804139.39,1000
1782774782,0,108900,0,385.06,999.64,654335,922623,1261567,1880063,3127295,193536,25853951,1030711.20,693453.58,108900,10,10,10,0,0,0,0,0,0,774143,1618943,2244607,826739.52,1000
1782774783,0,109900,0,387.23,999.52,653311,921599,1260543,1881087,3131391,193536,25853951,1030102.69,693939.20,109900,10,10,10,0,0,0,0,0,0,800767,2014207,3311615,963835.65,1000
1782774784,0,110900,0,389.38,1000.39,651263,918527,1257471,1880063,3131391,193536,25853951,1028329.64,694521.61,110900,10,10,10,0,0,0,0,0,0,723967,1600511,2766847,833471.81,1000
1782774785,0,111900,0,391.51,999.64,650239,916991,1256447,1882111,3141631,193536,25853951,1027559.97,695428.82,111900,10,10,10,0,0,0,0,0,0,756223,2293759,4907007,942202.56,1000
1782774786,0,112900,0,393.64,1000.20,648703,914943,1254399,1884159,3133439,193536,25853951,1026180.44,694207.69,112900,10,10,10,0,0,0,0,0,0,751103,2099199,2719743,871811.20,1000
1782774787,0,113900,0,395.74,1000.26,647679,912895,1252351,1883135,3141631,193536,25853951,1025242.10,697987.56,113900,10,10,10,0,0,0,0,0,0,738815,1849343,7237631,919303.36,1000
1782774788,0,114900,0,397.83,999.70,646655,911359,1250303,1884159,3135487,193536,25853951,1024194.81,696883.17,114900,10,10,10,0,0,0,0,0,0,786943,1946623,3008511,904909.25,1000
1782774789,0,115900,0,399.91,1000.35,645119,909823,1248255,1881087,3135487,193536,25853951,1022395.92,695241.39,115900,10,10,10,0,0,0,0,0,0,763903,1495039,2447359,815703.36,1000
1782774790,0,116900,0,401.98,1000.22,644095,908287,1246207,1884159,3160063,193536,25853951,1023181.22,709086.10,116900,10,10,10,0,0,0,0,0,0,763903,2461695,11239423,1114197.63,1000
1782774791,0,117900,0,404.03,999.75,643583,906751,1245183,1884159,3155967,193536,25853951,1021762.56,707498.54,117900,10,10,10,0,0,0,0,0,0,772607,1896447,2523135,855920.32,1000
1782774792,0,118900,0,406.06,1000.23,642047,905215,1243135,1886207,3166207,193536,25853951,1022317.51,719495.93,118900,10,10,10,0,0,0,0,0,0,765951,2301951,10928127,1087747.01,1000
1782774793,0,119900,0,408.08,999.46,641023,903167,1240063,1884159,3164159,193536,25853951,1020464.66,717685.67,119900,10,10,10,0,0,0,0,0,0,757247,1392639,2621439,800160.83,1000
1782774794,0,120900,0,410.09,999.90,639999,901631,1238015,1883135,3176447,193536,25853951,1019595.20,720872.15,120900,10,10,10,0,0,0,0,0,0,751615,1687551,3792895,915346.82,1000
1782774795,0,121900,0,412.08,1000.31,638975,900095,1235967,1883135,3184639,193536,25853951,1018339.51,720467.11,121900,10,10,10,0,0,0,0,0,0,761343,1872895,3332095,866526.40,1000
1782774796,0,122900,0,414.06,999.62,637951,898047,1232895,1881087,3188735,193536,25853951,1016858.09,719510.25,122900,10,10,10,0,0,0,0,0,0,758783,1613823,3387391,836273.41,1000
1782774797,0,123900,0,416.03,1000.72,637439,896511,1230847,1880063,3166207,193536,25853951,1015251.48,717704.80,123900,10,10,10,0,0,0,0,0,0,753151,1622015,2162687,817798.85,1000
1782774798,0,124900,0,417.99,1000.18,635903,894975,1228799,1878015,3162111,193536,25853951,1013620.12,716150.31,124900,10,10,10,0,0,0,0,0,0,749055,1461247,2969599,811494.27,1000
1782774799,0,125900,0,419.93,999.97,635391,893951,1226751,1879039,3186687,193536,25853951,1013053.13,717232.43,125900,10,10,10,0,0,0,0,0,0,769535,2024447,4636671,942235.97,1000
1782774800,0,126280,0,419.79,379.72,635391,893951,1227775,1879039,3182591,193536,25853951,1013111.75,716639.24,126280,10,10,10,0,0,0,0,0,0,929791,1945599,2572287,1032535.41,380
1782774801,0,126480,0,419.07,200.10,635903,894463,1227775,1879039,3176447,193536,25853951,1013416.57,716373.23,126480,10,10,10,0,0,0,0,0,0,1137663,1902591,2641919,1205879.04,200
1782774802,0,126680,0,418.34,200.06,635903,894463,1228799,1879039,3188735,193536,25853951,1013814.90,716920.97,126680,10,10,10,0,0,0,0,0,0,1030655,1707007,5754879,1265715.20,200
1782774803,0,126880,0,417.62,199.86,635903,894975,1229823,1879039,3186687,193536,25853951,1014018.09,716549.24,126880,10,10,10,0,0,0,0,0,0,1096703,1786879,2031615,1142718.08,200
1782774804,0,127080,0,416.91,200.01,636415,895487,1229823,1879039,3184639,193536,25853951,1014321.95,716226.25,127080,10,10,10,0,0,0,0,0,0,1203199,1895423,2028543,1207094.40,200
1782774805,0,127274,0,416.18,194.13,636415,895999,1230847,1879039,3184639,193536,25853951,1014502.11,716030.21,127274,10,10,10,0,0,0,0,0,0,1064959,1631231,4980735,1132515.63,194
1782774806,0,127480,0,415.50,205.89,636927,895999,1230847,1879039,3188735,193536,25853951,1015091.60,717746.76,127480,10,10,10,0,0,0,0,0,0,1165311,1917951,9281535,1379300.04,206
1782774807,0,127680,0,414.80,199.95,636927,896511,1231871,1880063,3192831,193536,25853951,1015554.24,717819.61,127680,10,10,10,0,0,0,0,0,0,1225727,2291711,4341759,1310437.12,200
1782774808,0,127880,0,414.10,199.97,637439,897023,1231871,1879039,3188735,193536,25853951,1015780.13,717443.53,127880,10,10,10,0,0,0,0,0,0,1151999,1716223,1849343,1159989.76,200
1782774809,0,128080,0,413.41,200.13,637439,897023,1232895,1879039,3188735,193536,25853951,1016062.91,717175.58,128080,10,10,10,0,0,0,0,0,0,1159167,1919999,2842623,1196873.60,200
1782774810,0,128280,0,412.72,199.99,637951,897535,1232895,1880063,3186687,193536,25853951,1016362.01,716904.88,128280,10,10,10,0,0,0,0,0,0,1149951,2127871,2420735,1207907.20,200
1782774811,0,128480,0,412.04,200.03,637951,898047,1233919,1880063,3188735,193536,25853951,1016815.62,717021.18,128480,10,10,10,0,0,0,0,0,0,1255423,2049023,5234687,1307757.44,200
1782774812,0,128680,0,411.36,199.87,638463,898559,1234943,1880063,3186687,193536,25853951,1017009.99,716637.15,128680,10,10,10,0,0,0,0,0,0,1095679,1674239,1817599,1141877.76,200
1782774813,0,128880,0,410.69,199.98,638463,898559,1235967,1880063,3184639,193536,25853951,1017270.24,716305.86,128880,10,10,10,0,0,0,0,0,0,1124351,1918975,2340863,1184715.52,200
1782774814,0,129080,0,410.02,200.05,638975,899071,1235967,1880063,3176447,193536,25853951,1017520.16,715998.34,129080,10,10,10,0,0,0,0,0,0,1155071,1884159,2838527,1178565.76,200
1782774815,0,129280,0,409.36,199.99,638975,899583,1236991,1879039,3168255,193536,25853951,1017686.39,715622.01,129280,10,10,10,0,0,0,0,0,0,1111039,1681407,1913855,1124971.52,200
1782774816,0,129480,0,408.69,200.05,638975,900095,1236991,1879039,3166207,193536,25853951,1017894.15,715246.18,129480,10,10,10,0,0,0,0,0,0,1134591,1704959,1897471,1152190.08,200
1782774817,0,129680,0,408.04,200.04,639487,900095,1238015,1879039,3164159,193536,25853951,1018160.79,714972.09,129680,10,10,10,0,0,0,0,0,0,1160191,1795071,2791423,1190784.00,200
1782774818,0,129880,0,407.39,199.92,639487,900607,1239039,1880063,3162111,193536,25853951,1018598.29,714769.31,129880,10,10,10,0,0,0,0,0,0,1263615,2181119,2426879,1302272.64,200
1782774819,0,130080,0,406.74,199.93,639999,901119,1239039,1880063,3164159,193536,25853951,1018994.47,714707.37,130080,10,10,10,0,0,0,0,0,0,1138687,2494463,3401727,1276273.28,200
1782774820,0,130280,0,406.09,200.04,639999,901119,1240063,1880063,3164159,193536,25853951,1019222.32,714423.68,130280,10,10,10,0,0,0,0,0,0,1153023,1743871,2605055,1167419.52,200
1782774821,0,130480,0,405.45,200.13,640511,901631,1240063,1880063,3162111,193536,25853951,1019419.30,714070.63,130480,10,10,10,0,0,0,0,0,0,1164287,1787903,2028543,1147730.56,200
1782774822,0,130680,0,404.82,199.95,640511,902143,1241087,1879039,3162111,193536,25853951,1019539.72,713673.49,130680,10,10,10,0,0,0,0,0,0,1089535,1671167,1831935,1098101.76,200
1782774823,0,130880,0,404.18,199.85,640511,902143,1241087,1880063,3160063,193536,25853951,1019818.62,713390.51,130880,10,10,10,0,0,0,0,0,0,1154047,2043903,2484223,1202049.28,200
1782774824,0,131080,0,403.55,200.02,641023,902655,1241087,1880063,3160063,193536,25853951,1020011.70,713057.91,131080,10,10,10,0,0,0,0,0,0,1078271,1816575,2381823,1146363.52,200
1782774825,0,131280,0,402.93,200.06,641023,903167,1242111,1880063,3162111,193536,25853951,1020334.38,712973.13,131280,10,10,10,0,0,0,0,0,0,1166335,1762303,4012031,1231822.72,200
1782774826,0,131480,0,402.31,200.02,641535,903167,1243135,1880063,3160063,193536,25853951,1020552.12,712630.61,131480,10,10,10,0,0,0,0,0,0,1147903,1846271,2029567,1163472.64,200
1782774827,0,131680,0,401.69,200.05,641535,903679,1243135,1880063,3160063,193536,25853951,1020871.63,712434.68,131680,10,10,10,0,0,0,0,0,0,1151999,2260991,2887679,1230918.40,200
1782774828,0,131880,0,401.08,199.88,642047,904191,1244159,1880063,3158015,193536,25853951,1021085.12,712073.85,131880,10,10,10,0,0,0,0,0,0,1174527,1818623,2059263,1161645.44,200
1782774829,0,132080,0,400.47,200.02,642047,904703,1244159,1880063,3158015,193536,25853951,1021283.12,711744.44,132080,10,10,10,0,0,0,0,0,0,1117183,1714175,2510847,1151844.48,200
1782774830,0,132280,0,399.86,200.03,642559,904703,1245183,1880063,3158015,193536,25853951,1021466.31,711420.62,132280,10,10,10,0,0,0,0,0,0,1098751,1778687,2656255,1142446.08,200
1782774831,0,132480,0,399.26,200.02,643071,905215,1245183,1880063,3158015,193536,25853951,1021731.80,711198.70,132480,10,10,10,0,0,0,0,0,0,1093631,1855487,3293183,1197326.08,200
1782774832,0,132680,0,398.66,200.02,643071,905727,1246207,1880063,3158015,193536,25853951,1021988.67,710881.26,132680,10,10,10,0,0,0,0,0,0,1185791,1832959,2285567,1192143.36,200
1782774833,0,132880,0,398.07,200.03,643583,905727,1246207,1880063,3158015,193536,25853951,1022214.96,710600.80,132880,10,10,10,0,0,0,0,0,0,1089535,2254847,2457599,1172330.24,200
1782774834,0,133080,0,397.47,199.86,643583,906239,1247231,1880063,3155967,193536,25853951,1022432.90,710272.01,133080,10,10,10,0,0,0,0,0,0,1171455,1790975,2030591,1167235.84,200
1782774835,0,133280,0,396.89,200.20,643583,906239,1247231,1880063,3155967,193536,25853951,1022636.23,709958.30,133280,10,10,10,0,0,0,0,0,0,1130495,1904639,2713599,1157933.44,200
1782774836,0,133480,0,396.30,199.99,644095,906751,1248255,1880063,3158015,193536,25853951,1022921.33,709877.27,133480,10,10,10,0,0,0,0,0,0,1102847,2017279,3719167,1212910.08,200
1782774837,0,133680,0,395.72,199.97,644095,907263,1248255,1880063,3158015,193536,25853951,1023114.42,709542.77,133680,10,10,10,0,0,0,0,0,0,1106943,1700863,2621439,1151984.00,200
1782774838,0,133880,0,395.14,199.85,644607,907263,1249279,1879039,3155967,193536,25853951,1023233.52,709140.70,133880,10,10,10,0,0,0,0,0,0,1118207,1612799,1665023,1102840.32,200
1782774839,0,134080,0,394.57,200.02,644607,907775,1249279,1880063,3158015,193536,25853951,1023891.19,711260.56,134080,10,10,10,0,0,0,0,0,0,1180671,2496511,9969663,1464131.84,200
1782774840,0,134280,0,394.00,199.98,645119,908287,1250303,1880063,3158015,193536,25853951,1024208.23,711018.34,134280,10,10,10,0,0,0,0,0,0,1199103,2021375,2729983,1236751.36,200
1782774841,0,134480,0,393.43,200.06,645119,908287,1251327,1880063,3158015,193536,25853951,1024587.79,710865.28,134480,10,10,10,0,0,0,0,0,0,1238015,2123775,3166207,1279429.12,200
1782774842,0,134680,0,392.87,200.01,645119,908799,1251327,1880063,3158015,193536,25853951,1024898.19,710629.97,134680,10,10,10,0,0,0,0,0,0,1224703,1812479,2840575,1233607.04,200
1782774843,0,134880,0,392.31,200.02,645631,909311,1252351,1880063,3155967,193536,25853951,1025021.90,710265.71,134880,10,10,10,0,0,0,0,0,0,1107967,1645567,1711103,1108327.68,200
1782774844,0,135080,0,391.75,199.89,645631,909311,1252351,1880063,3158015,193536,25853951,1025292.40,710092.84,135080,10,10,10,0,0,0,0,0,0,1149951,1867775,3792895,1207719.04,200
1782774845,0,135280,0,391.19,200.01,646143,909823,1253375,1879039,3158015,193536,25853951,1025467.10,709748.45,135280,10,10,10,0,0,0,0,0,0,1103871,1696767,2183167,1143463.04,200
1782774846,0,135480,0,390.64,200.02,646143,909823,1253375,1880063,3155967,193536,25853951,1025700.78,709431.44,135480,10,10,10,0,0,0,0,0,0,1134591,1893375,2314239,1183760.64,200
1782774847,0,135680,0,390.09,200.10,646655,910335,1254399,1880063,3158015,193536,25853951,1026024.51,709297.40,135680,10,10,10,0,0,0,0,0,0,1168383,2637823,3239935,1245317.12,200
1782774848,0,135880,0,389.55,200.01,646655,910847,1255423,1880063,3158015,193536,25853951,1026283.86,709061.04,135880,10,10,10,0,0,0,0,0,0,1156095,1874943,3053567,1202225.28,200
1782774849,0,136080,0,389.01,200.04,647167,911359,1255423,1879039,3155967,193536,25853951,1026469.73,708722.91,136080,10,10,10,0,0,0,0,0,0,1129471,1729535,2113535,1152748.80,200
1782774850,0,136273,0,388.45,192.89,647167,911359,1255423,1880063,3155967,193536,25853951,1026707.70,708560.51,136273,10,10,10,0,0,0,0,0,0,1093631,2131967,3559423,1194496.00,193
1782774851,0,136480,0,387.93,207.14,647679,911871,1256447,1880063,3158015,193536,25853951,1027323.29,710476.53,136480,10,10,10,0,0,0,0,0,0,1114111,2125823,9076735,1432583.42,207
1782774852,0,136680,0,387.40,199.83,647679,911871,1256447,1880063,3158015,193536,25853951,1027488.65,710136.92,136680,10,10,10,0,0,0,0,0,0,1128447,1720319,1964031,1140327.68,200
1782774853,0,136880,0,386.87,200.01,648191,912383,1257471,1880063,3155967,193536,25853951,1027785.92,709934.03,136880,10,10,10,0,0,0,0,0,0,1168383,2209791,2793471,1230940.80,200
1782774854,0,137080,0,386.34,200.09,648191,912895,1257471,1881087,3155967,193536,25853951,1028134.30,709745.88,137080,10,10,10,0,0,0,0,0,0,1231871,2101247,3074047,1266567.04,200
1782774855,0,137280,0,385.82,199.97,648191,912895,1258495,1881087,3155967,193536,25853951,1028355.14,709437.95,137280,10,10,10,0,0,0,0,0,0,1168383,1843199,2138111,1179719.04,200
1782774856,0,137480,0,385.30,200.05,648703,913407,1258495,1881087,3151871,193536,25853951,1028630.85,709170.46,137480,10,10,10,0,0,0,0,0,0,1160191,1945599,2574335,1217875.20,200
1782774857,0,137680,0,384.78,199.96,648703,913919,1259519,1881087,3149823,193536,25853951,1028878.64,708852.36,137680,10,10,10,0,0,0,0,0,0,1235967,1795071,2095103,1199208.96,200
1782774858,0,137880,0,384.27,200.04,649215,914431,1260543,1881087,3155967,193536,25853951,1029282.20,708763.76,137880,10,10,10,0,0,0,0,0,0,1296383,1898495,3504127,1307096.96,200
1782774859,0,138080,0,383.75,200.00,649215,914431,1260543,1881087,3155967,193536,25853951,1029607.03,708537.40,138080,10,10,10,0,0,0,0,0,0,1239039,2023423,2658303,1253545.60,200
1782774860,0,139750,0,387.32,1669.96,649727,913919,1260543,1892351,3225599,193536,25853951,1032097.64,717381.60,139750,10,10,10,0,0,0,0,0,0,872959,3756031,7843839,1238027.34,1670
1782774861,0,141750,0,391.78,1998.95,647167,909823,1255423,1886207,3205119,193536,25853951,1027920.52,714166.72,141750,10,10,10,0,0,0,0,0,0,717311,1207295,2185215,736044.58,2000
1782774862,0,143750,0,396.21,2001.47,645119,907263,1252351,1887231,3225599,191616,25853951,1027087.15,717625.99,143750,10,10,10,0,0,0,0,0,0,777215,1981439,6053887,968022.05,2000
1782774863,0,145750,0,400.62,1999.41,644607,905215,1249279,1885183,3205119,191616,25853951,1024675.05,714357.13,145750,10,10,10,0,0,0,0,0,0,783871,1651711,2123775,851305.22,2000
1782774864,0,147750,0,405.00,1999.15,644095,903679,1247231,1885183,3225599,191616,25853951,1024396.35,718292.91,147750,10,10,10,0,0,0,0,0,0,809471,2036735,5091327,1004086.43,2000
1782774865,0,149750,0,409.36,1999.63,643071,901119,1243135,1881087,3205119,191616,25853951,1021721.81,715054.72,149750,10,10,10,0,0,0,0,0,0,768511,1515519,2220031,824140.10,2000
1782774866,0,151750,0,413.70,2000.46,642047,899583,1241087,1882111,3241983,191616,25853951,1021637.61,718627.04,151750,10,10,10,0,0,0,0,0,0,801279,2064383,6205439,1015333.15,2000
1782774867,0,153750,0,418.01,2000.24,641535,897535,1236991,1882111,3241983,191616,25853951,1020084.69,717113.97,153750,10,10,10,0,0,0,0,0,0,801279,1886207,2826239,902256.32,2000
1782774868,0,155750,0,422.30,1999.72,640511,895999,1234943,1881087,3266559,191616,25853951,1019381.01,719969.37,155750,10,10,10,0,0,0,0,0,0,784383,1745919,4833279,965286.02,2000
1782774869,0,157750,0,426.57,2001.00,639999,893951,1231871,1878015,3248127,191616,25853951,1017273.65,716747.76,157750,10,10,10,0,0,0,0,0,0,799231,1522687,2004991,853163.30,2000
1782774870,0,159750,0,430.81,1998.81,639487,892415,1229823,1879039,3250175,191616,25853951,1016253.67,716579.29,159750,10,10,10,0,0,0,0,0,0,794623,2057215,4562943,935802.02,2000
1782774871,0,161750,0,435.03,1999.78,637951,889343,1224703,1874943,3237887,191616,25853951,1013508.79,713815.55,161750,10,10,10,0,0,0,0,0,0,732671,1341439,2553855,794261.95,2000
1782774872,0,163750,0,439.23,2001.67,636927,887807,1221631,1871871,3225599,191616,25853951,1011634.88,711152.85,163750,10,10,10,0,0,0,0,0,0,782335,1618943,2459647,860082.05,2000
1782774873,0,165750,0,443.40,1999.24,636927,887295,1219583,1872895,3241983,191616,25853951,1011440.20,712029.94,165750,10,10,10,0,0,0,0,0,0,841727,1939455,5218303,995500.93,2000
1782774874,0,167750,0,447.56,1999.86,635903,884735,1216511,1869823,3229695,191616,25853951,1009286.57,709510.08,167750,10,10,10,0,0,0,0,0,0,756223,1665023,2347007,830804.58,2000
1782774875,0,169750,0,451.69,2000.72,634367,882687,1213439,1868799,3241983,191616,25853951,1007503.02,708700.15,169750,10,10,10,0,0,0,0,0,0,752127,1521663,3842047,857907.42,2000
1782774876,0,171750,0,455.80,1998.69,633343,881151,1210367,1865727,3225599,191616,25853951,1005339.52,705881.79,171750,10,10,10,0,0,0,0,0,0,769535,1500159,2057215,821712.54,2000
1782774877,0,173750,0,459.88,2000.96,633343,880639,1209343,1865727,3239935,191616,25853951,1005830.51,712913.90,173750,10,10,10,0,0,0,0,0,0,835583,1909759,8265727,1047994.66,2000
1782774878,0,175750,0,463.95,1999.85,631807,878079,1205247,1863679,3229695,191616,25853951,1003607.84,711104.05,175750,10,10,10,0,0,0,0,0,0,739839,1517567,2150399,810513.12,2000
1782774879,0,177750,0,467.99,1999.53,631807,877055,1203199,1862655,3239935,191616,25853951,1002928.11,714829.29,177750,10,10,10,0,0,0,0,0,0,793599,1561599,3440639,943196.80,2000
1782774880,0,179750,0,472.02,2000.81,630783,875007,1199103,1858559,3229695,191616,25853951,1000799.63,712485.95,179750,10,10,10,0,0,0,0,0,0,756223,1425407,2498559,811631.07,2000
1782774881,0,181750,0,476.02,1999.58,630271,874495,1197055,1859583,3237887,191616,25853951,1000086.60,711528.41,181750,10,10,10,0,0,0,0,0,0,821247,1900543,3977215,936002.72,2000
1782774882,0,183750,0,480.00,1999.12,629247,872959,1195007,1854463,3221503,191616,25853951,997920.52,708707.96,183750,10,10,10,0,0,0,0,0,0,770047,1398783,1685503,801078.69,2000
1782774883,0,185750,0,483.96,2000.25,629247,871423,1191935,1853439,3217407,191616,25853951,996496.75,706679.98,185750,10,10,10,0,0,0,0,0,0,790527,1633279,3065855,865687.81,2000
1782774884,0,187750,0,487.90,2000.73,629247,870911,1190911,1853439,3196927,191616,25853951,995588.21,704358.78,187750,10,10,10,0,0,0,0,0,0,817663,1847295,2164735,911207.62,2000
1782774885,0,189750,0,491.82,2000.33,628223,869375,1187839,1849343,3192831,191616,25853951,993774.29,702231.94,189750,10,10,10,0,0,0,0,0,0,763903,1538047,2217983,823492.13,2000
1782774886,0,191750,0,495.72,1999.30,627711,867839,1184767,1846271,3166207,191616,25853951,992023.13,699567.66,191750,10,10,10,0,0,0,0,0,0,782847,1516543,1868799,825881.95,2000
1782774887,0,193750,0,499.60,1999.37,627711,867327,1183743,1843199,3178495,191616,25853951,991335.00,698193.59,193750,10,10,10,0,0,0,0,0,0,816127,1714175,3487743,925360.77,2000
1782774888,0,195750,0,503.46,2001.84,626687,865791,1181695,1840127,3162111,191616,25853951,989380.02,695660.47,195750,10,10,10,0,0,0,0,0,0,756735,1398783,1911807,799990.94,2000
1782774889,0,197750,0,507.29,1998.37,626175,864767,1178623,1841151,3198975,191616,25853951,989385.29,700243.21,197750,10,10,10,0,0,0,0,0,0,762879,2193407,6172671,989901.18,2000
1782774890,0,199750,0,511.11,2000.00,625663,863231,1176575,1839103,3194879,191616,25853951,987689.27,698035.55,199750,10,10,10,0,0,0,0,0,0,754175,1559551,2465791,819995.39,2000
1782774891,0,201750,0,514.91,2000.60,624639,862207,1174527,1837055,3192831,182272,25853951,986164.24,695999.58,201750,10,10,10,0,0,0,0,0,0,761343,1533951,2220031,833851.84,2000
1782774892,0,203750,0,518.69,2000.55,624127,861183,1172479,1837055,3194879,182272,25853951,985450.88,696468.10,203750,10,10,10,0,0,0,0,0,0,776191,1855487,3588095,913490.94,2000
1782774893,0,205750,0,522.46,2000.19,624127,859647,1170431,1833983,3182591,182272,25853951,984004.78,694208.40,205750,10,10,10,0,0,0,0,0,0,773119,1558527,2172927,836683.62,2000
1782774894,0,207750,0,526.20,1999.59,623103,858623,1168383,1836031,3194879,182272,25853951,983686.76,697039.07,207750,10,10,10,0,0,0,0,0,0,778751,2020351,4866047,950970.11,2000
1782774895,0,209750,0,529.92,1999.98,623103,857599,1166335,1832959,3194879,182272,25853951,982328.03,695631.84,209750,10,10,10,0,0,0,0,0,0,764927,1514495,2400255,841189.89,2000
1782774896,0,211750,0,533.63,2000.45,622079,856575,1163263,1831935,3194879,182272,25853951,981048.91,695342.95,211750,10,10,10,0,0,0,0,0,0,763903,1485823,2621439,846901.41,2000
1782774897,0,213750,0,537.31,1999.90,621567,855551,1161215,1828863,3184639,182272,25853951,979437.48,693109.90,213750,10,10,10,0,0,0,0,0,0,753663,1544191,2146303,808827.20,2000
1782774898,0,215750,0,540.98,2000.04,620543,854015,1158143,1825791,3194879,182272,25853951,978989.33,705756.87,215750,10,10,10,0,0,0,0,0,0,732671,1220607,5558271,931093.02,2000
1782774899,0,217750,0,544.63,1999.67,619519,852991,1156095,1822719,3188735,182272,25853951,977321.06,703639.43,217750,10,10,10,0,0,0,0,0,0,756735,1444863,2082815,797356.80,2000
1782774900,0,219750,0,548.26,2000.50,619519,852991,1155071,1823743,3196927,182272,25853951,978192.65,712064.61,219750,10,10,10,0,0,0,0,0,0,835583,2189311,7434239,1073086.69,2000
1782774901,0,221750,0,551.87,1999.60,620031,852991,1155071,1823743,3198975,182272,25853951,978055.58,710540.42,221750,10,10,10,0,0,0,0,0,0,876543,1809407,3276799,962994.98,2000
1782774902,0,223750,0,555.47,1999.83,619519,852479,1154047,1825791,3215359,182272,25853951,977908.68,714017.33,223750,10,10,10,0,0,0,0,0,0,759807,2001919,5488639,961621.12,2000
1782774903,0,225750,0,559.05,2000.43,619519,852479,1154047,1829887,3237887,182272,25853951,979280.05,719472.29,225750,10,10,10,0,0,0,0,0,0,857087,2527231,8568831,1132702.66,2000
1782774904,0,227750,0,562.60,1999.65,619519,851967,1153023,1830911,3244031,182272,25853951,979772.94,726248.28,227750,10,10,10,0,0,0,0,0,0,822271,1941503,4640767,1035407.07,2000
1782774905,0,229750,0,566.15,2000.46,619519,851967,1151999,1828863,3231743,182272,25853951,978904.67,724047.67,229750,10,10,10,0,0,0,0,0,0,821247,1637375,2127871,880030.91,2000
1782774906,0,231750,0,569.67,1999.00,619007,851455,1150975,1829887,3237887,182272,25853951,978880.63,726372.23,231750,10,10,10,0,0,0,0,0,0,808447,1955839,4640767,976119.10,2000
1782774907,0,233750,0,573.18,2000.75,619007,850431,1149951,1828863,3225599,182272,25853951,977844.05,724397.18,233750,10,10,10,0,0,0,0,0,0,785407,1626111,2484223,857729.57,2000
1782774908,0,235750,0,576.67,1998.98,619007,849919,1148927,1829887,3250175,182272,25853951,978346.10,730624.18,235750,10,10,10,0,0,0,0,0,0,812031,2146303,5267455,1037023.23,2000
1782774909,0,237750,0,580.14,2000.29,618495,848895,1146879,1828863,3248127,182272,25853951,977319.61,729861.31,237750,10,10,10,0,0,0,0,0,0,761343,1641471,2893823,856322.75,2000
1782774910,0,239750,0,583.60,1999.98,618495,848383,1146879,1826815,3233791,182272,25853951,976336.50,727737.62,239750,10,10,10,0,0,0,0,0,0,787455,1610751,2071551,859469.31,2000
1782774911,0,241750,0,587.04,2000.76,617983,847359,1144831,1826815,3246079,182272,25853951,975887.75,727757.57,241750,10,10,10,0,0,0,0,0,0,782847,1802239,4526079,922093.31,2000
1782774912,0,243750,0,590.46,1999.89,617983,846847,1143807,1825791,3233791,182272,25853951,974992.44,725705.91,243750,10,10,10,0,0,0,0,0,0,804351,1703935,2099199,866772.48,2000
1782774913,0,245750,0,593.87,1999.13,617471,846335,1142783,1825791,3244031,182272,25853951,974720.18,727975.28,245750,10,10,10,0,0,0,0,0,0,772095,1786879,6434815,941538.27,2000
1782774914,0,247750,0,597.26,2000.47,617471,845823,1141759,1826815,3254271,182272,25853951,974347.29,727403.74,247750,10,10,10,0,0,0,0,0,0,800255,1971199,4046847,928528.26,2000
1782774915,0,249750,0,600.63,1999.18,617471,845311,1140735,1827839,3266559,182272,25853951,975108.58,735804.00,249750,10,10,10,0,0,0,0,0,0,807935,2009087,10256383,1069413.02,2000
1782774916,0,251750,0,603.99,2001.18,616959,844799,1139711,1827839,3258367,182272,25853951,974443.49,734573.43,251750,10,10,10,0,0,0,0,0,0,778751,1924095,2877439,891390.43,2000
1782774917,0,253750,0,607.33,2000.16,616959,844287,1138687,1826815,3266559,182272,25853951,974431.29,739338.37,253750,10,10,10,0,0,0,0,0,0,799231,1730559,3975167,972896.45,2000
1782774918,0,255750,0,610.65,1999.50,616959,843775,1137663,1825791,3260415,182272,25853951,973894.53,737848.20,255750,10,10,10,0,0,0,0,0,0,795647,1736703,2574335,905792.48,2000
1782774919,0,257750,0,613.96,2000.21,616447,843263,1136639,1824767,3276799,182272,25853951,974427.12,747104.52,257750,10,10,10,0,0,0,0,0,0,793599,1727487,8421375,1042532.67,2000
1782774920,0,258300,0,613.81,550.05,616447,843263,1136639,1824767,3274751,182272,25853951,974430.36,746656.86,258300,10,10,10,0,0,0,0,0,0,849407,1788927,2877439,975948.10,550
1782774921,0,258500,0,612.83,199.87,616959,843775,1137663,1824767,3272703,182272,25853951,974608.94,746485.69,258500,10,10,10,0,0,0,0,0,0,1191935,1861631,2072575,1205248.00,200
1782774922,0,258700,0,611.85,200.04,616959,843775,1137663,1825791,3272703,182272,25853951,974796.28,746325.47,258700,10,10,10,0,0,0,0,0,0,1204223,1935359,2367487,1216931.84,200
1782774923,0,258900,0,610.88,200.05,616959,844287,1138687,1825791,3272703,182272,25853951,974967.36,746145.09,258900,10,10,10,0,0,0,0,0,0,1243135,1782783,2199551,1196251.52,200
1782774924,0,259100,0,609.92,200.08,616959,844287,1138687,1825791,3270655,182272,25853951,975150.73,745967.42,259100,10,10,10,0,0,0,0,0,0,1236991,1847295,2044927,1212528.64,200
1782774925,0,259300,0,608.95,199.98,616959,844287,1138687,1826815,3272703,182272,25853951,975505.68,746013.87,259300,10,10,10,0,0,0,0,0,0,1388543,2545663,3342335,1435338.24,200
1782774926,0,259500,0,607.99,200.02,617471,844799,1139711,1827839,3270655,182272,25853951,975673.60,745846.21,259500,10,10,10,0,0,0,0,0,0,1171455,1937407,2142207,1193386.88,200
1782774927,0,259700,0,607.04,199.92,617471,844799,1139711,1827839,3268607,182272,25853951,975887.88,745715.26,259700,10,10,10,0,0,0,0,0,0,1269759,2038783,2244607,1253909.12,200
1782774928,0,259900,0,606.09,200.01,617471,844799,1140735,1828863,3266559,182272,25853951,976121.53,745612.18,259900,10,10,10,0,0,0,0,0,0,1283071,2242559,2463743,1279528.32,200
1782774929,0,260100,0,605.15,200.08,617471,845311,1140735,1828863,3266559,182272,25853951,976304.32,745450.62,260100,10,10,10,0,0,0,0,0,0,1214463,1989631,2166783,1213838.08,200
1782774930,0,260300,0,604.21,199.84,617471,845311,1141759,1828863,3264511,182272,25853951,976489.55,745296.22,260300,10,10,10,0,0,0,0,0,0,1247231,1900543,2263039,1217374.72,200
1782774931,0,260500,0,603.27,200.07,617983,845311,1141759,1828863,3262463,182272,25853951,976653.04,745151.82,260500,10,10,10,0,0,0,0,0,0,1188863,2144255,2564095,1189435.52,200
1782774932,0,260700,0,602.34,200.08,617983,845823,1141759,1828863,3260415,182272,25853951,976727.18,744937.36,260700,10,10,10,0,0,0,0,0,0,1126399,1564671,1726463,1073301.76,200
1782774933,0,260900,0,601.41,200.01,617983,845823,1142783,1829887,3258367,182272,25853951,976978.65,744834.36,260900,10,10,10,0,0,0,0,0,0,1339391,2179071,2559999,1304766.72,200
1782774934,0,261100,0,600.49,199.82,617983,845823,1142783,1829887,3258367,182272,25853951,977183.61,744698.92,261100,10,10,10,0,0,0,0,0,0,1262591,2035711,2289663,1244552.96,200
1782774935,0,261300,0,599.57,200.09,617983,846335,1143807,1829887,3258367,182272,25853951,977398.55,744593.41,261300,10,10,10,0,0,0,0,0,0,1240063,2242559,3057663,1258003.20,200
1782774936,0,261500,0,598.65,200.07,618495,846335,1143807,1830911,3258367,182272,25853951,977616.43,744454.83,261500,10,10,10,0,0,0,0,0,0,1297407,1989631,2306047,1262273.28,200
1782774937,0,261700,0,597.74,199.87,618495,846847,1144831,1829887,3256319,182272,25853951,977784.10,744271.90,261700,10,10,10,0,0,0,0,0,0,1239039,1731583,2043903,1197011.20,200
1782774938,0,261900,0,596.84,200.06,618495,846847,1144831,1830911,3256319,182272,25853951,977989.16,744126.44,261900,10,10,10,0,0,0,0,0,0,1286143,1967103,2258943,1246309.12,200
1782774939,0,262100,0,595.93,199.93,618495,846847,1145855,1830911,3256319,182272,25853951,978186.93,743988.43,262100,10,10,10,0,0,0,0,0,0,1269759,1998847,2236415,1237168.64,200
1782774940,0,262300,0,595.04,199.98,618495,847359,1145855,1830911,3254271,182272,25853951,978419.41,743870.88,262300,10,10,10,0,0,0,0,0,0,1319935,2021375,2598911,1283084.16,200
1782774941,0,262500,0,594.14,200.08,618495,847359,1145855,1830911,3254271,182272,25853951,978527.28,743678.25,262500,10,10,10,0,0,0,0,0,0,1049599,1719295,1932287,1120003.20,200
1782774942,0,262700,0,593.25,199.92,619007,847871,1146879,1831935,3254271,182272,25853951,978769.01,743565.91,262700,10,10,10,0,0,0,0,0,0,1328127,2033663,2252799,1296034.56,200
1782774943,0,262900,0,592.37,200.14,619007,847871,1146879,1831935,3252223,182272,25853951,978980.15,743426.79,262900,10,10,10,0,0,0,0,0,0,1293311,1982463,2301951,1256316.16,200
1782774944,0,263100,0,591.48,199.99,619007,847871,1147903,1832959,3252223,182272,25853951,979225.45,743336.60,263100,10,10,10,0,0,0,0,0,0,1273855,2115583,3031039,1301667.20,200
1782774945,0,263300,0,590.61,199.90,619007,848383,1147903,1832959,3252223,182272,25853951,979437.79,743214.53,263300,10,10,10,0,0,0,0,0,0,1247231,2037759,2426879,1258778.24,200
1782774946,0,263500,0,589.73,200.04,619007,848383,1148927,1833983,3250175,182272,25853951,979665.74,743135.08,263500,10,10,10,0,0,0,0,0,0,1262591,2131967,3162111,1279753.60,200
1782774947,0,263700,0,588.86,199.94,619519,848895,1148927,1833983,3250175,182272,25853951,979857.95,742985.53,263700,10,10,10,0,0,0,0,0,0,1261567,1930239,2156543,1233098.24,200
1782774948,0,263900,0,588.00,200.12,619519,848895,1149951,1835007,3250175,182272,25853951,980171.16,743076.65,263900,10,10,10,0,0,0,0,0,0,1287167,2234367,5267455,1393136.64,200
1782774949,0,264100,0,587.13,200.04,619519,848895,1149951,1835007,3250175,182272,25853951,980384.91,742925.37,264100,10,10,10,0,0,0,0,0,0,1330175,1903615,2026495,1262430.08,200
1782774950,0,264300,0,586.27,199.97,619519,849407,1150975,1836031,3252223,182272,25853951,980657.52,742928.43,264300,10,10,10,0,0,0,0,0,0,1262591,2418687,3876863,1340645.12,200
1782774951,0,264500,0,585.42,200.03,619519,849407,1150975,1836031,3250175,182272,25853951,980789.42,742747.92,264500,10,10,10,0,0,0,0,0,0,1195007,1703935,1948671,1155084.80,200
1782774952,0,264700,0,584.57,199.80,620031,849407,1150975,1836031,3250175,182272,25853951,980927.76,742567.95,264700,10,10,10,0,0,0,0,0,0,1182719,1783807,2211839,1163888.64,200
1782774953,0,264900,0,583.72,200.08,620031,849919,1151999,1836031,3250175,182272,25853951,981114.85,742410.76,264900,10,10,10,0,0,0,0,0,0,1266687,1881087,2230271,1228732.80,200
1782774954,0,265100,0,582.88,200.00,620031,849919,1151999,1836031,3248127,182272,25853951,981273.01,742236.29,265100,10,10,10,0,0,0,0,0,0,1203199,1842175,1995775,1190752.64,200
1782774955,0,265300,0,582.04,200.10,620031,850431,1153023,1836031,3248127,182272,25853951,981479.07,742103.89,265300,10,10,10,0,0,0,0,0,0,1292287,2081791,2480127,1254612.48,200
1782774956,0,265500,0,581.20,199.85,620031,850431,1153023,1836031,3248127,182272,25853951,981684.06,741955.19,265500,10,10,10,0,0,0,0,0,0,1234943,1866751,2213887,1253594.88,200
1782774957,0,265700,0,580.37,200.06,620543,850431,1154047,1837055,3246079,182272,25853951,981931.58,741860.70,265700,10,10,10,0,0,0,0,0,0,1361919,2260991,2504703,1310522.24,200
1782774958,0,265900,0,579.54,200.04,620543,850943,1154047,1837055,3244031,182272,25853951,982155.01,741740.84,265900,10,10,10,0,0,0,0,0,0,1250303,2065407,2590719,1278980.48,200
1782774959,0,266100,0,578.71,199.88,620543,850943,1155071,1838079,3248127,182272,25853951,982614.93,742972.43,266100,10,10,10,0,0,0,0,0,0,1330175,2420735,10117119,1594074.88,200
1782774960,0,266300,0,577.89,200.02,620543,850943,1155071,1838079,3250175,182272,25853951,982889.08,743151.46,266300,10,10,10,0,0,0,0,0,0,1207295,2014207,5631999,1347643.52,200
1782774961,0,266500,0,577.07,200.14,620543,851455,1156095,1839103,3250175,182272,25853951,983124.66,743103.35,266500,10,10,10,0,0,0,0,0,0,1247231,2539519,3284991,1296801.92,200
1782774962,0,266700,0,576.26,199.90,621055,851455,1156095,1838079,3250175,182272,25853951,983293.48,742941.15,266700,10,10,10,0,0,0,0,0,0,1213439,1787903,2040831,1208247.04,200
1782774963,0,266900,0,575.45,199.96,621055,851967,1156095,1839103,3252223,182272,25853951,983620.57,743117.09,266900,10,10,10,0,0,0,0,0,0,1377279,2351103,5849087,1419796.48,200
1782774964,0,267100,0,574.64,200.15,621055,851967,1157119,1840127,3250175,182272,25853951,983853.17,743024.14,267100,10,10,10,0,0,0,0,0,0,1334271,2109439,2605055,1294264.96,200
1782774965,0,267300,0,573.83,199.88,621055,851967,1157119,1840127,3250175,182272,25853951,984087.39,742909.98,267300,10,10,10,0,0,0,0,0,0,1374207,2065407,2271231,1296881.92,200
1782774966,0,267500,0,573.03,200.00,621055,852479,1158143,1840127,3250175,182272,25853951,984296.05,742931.73,267500,10,10,10,0,0,0,0,0,0,1192959,2077695,5394431,1263169.28,200
1782774967,0,267700,0,572.24,199.97,621567,852479,1158143,1841151,3250175,182272,25853951,984533.18,742839.56,267700,10,10,10,0,0,0,0,0,0,1240063,2226175,2607103,1301690.88,200
1782774968,0,267900,0,571.44,200.10,621567,852479,1159167,1841151,3250175,182272,25853951,984688.76,742671.33,267900,10,10,10,0,0,0,0,0,0,1204223,1845247,2109439,1192936.96,200
1782774969,0,268100,0,570.65,199.89,621567,852991,1159167,1841151,3250175,182272,25853951,984894.00,742582.14,268100,10,10,10,0,0,0,0,0,0,1222655,2051071,2811903,1259807.36,200
1782774970,0,268300,0,569.87,200.16,621567,852991,1160191,1842175,3250175,182272,25853951,985189.09,742571.58,268300,10,10,10,0,0,0,0,0,0,1361919,2433023,2750463,1380764.80,200
1782774971,0,268500,0,569.08,199.85,621567,852991,1160191,1843199,3248127,182272,25853951,985391.57,742443.41,268500,10,10,10,0,0,0,0,0,0,1288191,2191359,2344959,1257016.32,200
1782774972,0,268700,0,568.30,200.09,622079,853503,1160191,1844223,3248127,182272,25853951,985670.01,742384.03,268700,10,10,10,0,0,0,0,0,0,1401855,2330623,2473983,1359472.00,200
1782774973,0,268900,0,567.52,200.06,622079,853503,1161215,1845247,3248127,182272,25853951,985872.68,742252.72,268900,10,10,10,0,0,0,0,0,0,1291263,2024447,2283519,1258160.00,200
1782774974,0,269100,0,566.75,199.86,622079,853503,1161215,1845247,3246079,182272,25853951,986089.44,742168.72,269100,10,10,10,0,0,0,0,0,0,1242111,2342911,2856959,1277527.68,200
1782774975,0,269300,0,565.98,200.13,622079,854015,1162239,1846271,3248127,182272,25853951,986390.35,742139.67,269300,10,10,10,0,0,0,0,0,0,1349631,2209791,3504127,1391265.92,200
1782774976,0,269500,0,565.21,199.84,622079,854015,1162239,1847295,3248127,182272,25853951,986699.14,742139.04,269500,10,10,10,0,0,0,0,0,0,1425407,2342911,3643391,1402487.68,200
1782774977,0,269700,0,564.45,200.16,622591,854527,1163263,1847295,3250175,182272,25853951,986974.28,742153.34,269700,10,10,10,0,0,0,0,0,0,1287167,2283519,4341759,1357726.72,200
1782774978,0,269900,0,563.69,200.04,622591,854527,1163263,1848319,3250175,182272,25853951,987183.88,742121.38,269900,10,10,10,0,0,0,0,0,0,1160191,2152447,2975743,1269818.24,200
1782774979,0,270100,0,562.93,200.00,622591,854527,1164287,1849343,3248127,182272,25853951,987413.14,742036.66,270100,10,10,10,0,0,0,0,0,0,1273855,2328575,2631679,1296803.20,200
1782774980,0,272610,0,566.98,2509.23,624127,856575,1168383,1870847,3440639,182272,25853951,995946.59,774906.81,272610,10,10,10,0,0,0,0,0,0,1165311,5545983,15278079,1914227.71,2510
1782774981,0,275610,0,572.03,3000.92,625663,857599,1169407,1871871,3434495,182272,25853951,996733.55,772750.68,275610,10,10,10,0,0,0,0,0,0,975359,2081791,3227647,1068244.12,3000
1782774982,0,278610,0,577.05,2997.42,626687,859647,1173503,1876991,3450879,182272,25853951,999256.76,773687.41,278610,10,10,10,0,0,0,0,0,0,1078271,2457599,4108287,1231064.64,3000
1782774983,0,281610,0,582.06,3000.48,628223,861183,1176575,1882111,3450879,182272,25853951,1000874.66,772002.14,281610,10,10,10,0,0,0,0,0,0,1045503,2138111,3479551,1151129.22,3000
1782774984,0,284610,0,587.05,2999.52,629247,863231,1181695,1889279,3479551,182272,25853951,1004179.46,775464.66,284610,10,10,10,0,0,0,0,0,0,1143807,2754559,4812799,1314400.19,3000
1782774985,0,287610,0,592.02,3002.02,630783,865279,1184767,1897471,3520511,182272,25853951,1007406.04,781998.43,287610,10,10,10,0,0,0,0,0,0,1048575,2834431,7208959,1313512.36,3000
1782774986,0,290610,0,596.96,2998.43,632319,866815,1186815,1899519,3547135,182272,25853951,1009181.13,782004.39,290610,10,10,10,0,0,0,0,0,0,1041407,2121727,4653055,1179358.78,3000
1782774987,0,293610,0,601.89,3000.71,633343,868351,1188863,1900543,3524607,182272,25853951,1010248.27,779767.64,293610,10,10,10,0,0,0,0,0,0,1032703,1956863,2912255,1113621.89,3000
1782774988,0,296610,0,606.80,3001.37,634879,869887,1191935,1905663,3551231,182272,25853951,1013767.24,795239.37,296610,10,10,10,0,0,0,0,0,0,1054719,2248703,10641407,1358168.62,3000
1782774989,0,299610,0,611.68,2999.92,636415,871935,1193983,1910783,3559423,182272,25853951,1015538.64,794363.85,299610,10,10,10,0,0,0,0,0,0,1053695,2615295,3858431,1190676.99,3000
1782774990,0,302610,0,616.55,2998.69,637439,872959,1196031,1914879,3567615,182272,25853951,1017279.22,797714.84,302610,10,10,10,0,0,0,0,0,0,980991,2250751,6504447,1191111.30,3000
1782774991,0,305610,0,621.39,2998.51,638975,874495,1199103,1915903,3551231,182272,25853951,1018382.74,795517.50,305610,10,10,10,0,0,0,0,0,0,1031679,1971199,2824191,1129694.85,3000
1782774992,0,308610,0,626.22,3000.56,639999,875519,1201151,1917951,3553279,182272,25853951,1019649.29,794309.91,308610,10,10,10,0,0,0,0,0,0,1019391,2140159,3635199,1148673.11,3000
1782774993,0,311610,0,631.03,3000.59,641535,877055,1204223,1927167,3538943,182272,25853951,1021434.81,792966.62,311610,10,10,10,0,0,0,0,0,0,1067007,2590719,3258367,1205110.53,3000
1782774994,0,314610,0,635.82,3000.55,642559,878591,1205247,1932287,3581951,182272,25853951,1025199.92,821330.39,314610,10,10,10,0,0,0,0,0,0,1026559,2568191,13197311,1416282.71,3000
1782774995,0,317610,0,640.58,2999.20,643583,880127,1206271,1934335,3588095,182272,25853951,1026236.12,819529.19,317610,10,10,10,0,0,0,0,0,0,1026047,2115583,4149247,1134901.82,3000
1782774996,0,320610,0,645.33,3000.54,645119,881663,1208319,1937407,3602431,182272,25853951,1027528.43,818410.49,320610,10,10,10,0,0,0,0,0,0,1031679,2285567,4026367,1164345.45,3000
1782774997,0,323610,0,650.06,2998.66,646143,882687,1209343,1939455,3600383,182272,25853951,1028244.88,816664.56,323610,10,10,10,0,0,0,0,0,0,984063,2136063,3252223,1104812.25,3000
1782774998,0,326610,0,654.77,3001.05,647167,884223,1211391,1945599,3606527,182272,25853951,1030038.45,816353.64,326610,10,10,10,0,0,0,0,0,0,1046527,2510847,3856383,1223510.72,3000
1782774999,0,329610,0,659.47,3001.19,648191,885247,1213439,1950719,3612671,182272,25853951,1031433.29,814981.86,329610,10,10,10,0,0,0,0,0,0,1030655,2433023,3688447,1183289.56,3000
1782775000,0,332610,0,664.14,2998.77,648703,886271,1214463,1954815,3616767,182272,25853951,1032733.38,815176.83,332610,10,10,10,0,0,0,0,0,0,992767,2494463,5292031,1175574.10,3000
1782775001,0,335610,0,668.79,3000.51,649727,887295,1215487,1956863,3602431,182272,25853951,1033703.55,813149.88,335610,10,10,10,0,0,0,0,0,0,1040383,2136063,3104767,1141265.69,3000
1782775002,0,338610,0,673.43,2999.15,650751,888831,1218559,1963007,3616767,182272,25853951,1035426.05,812228.11,338610,10,10,10,0,0,0,0,0,0,1059839,2465791,4106239,1228122.15,3000
1782775003,0,341610,0,678.05,3002.06,652287,889855,1219583,1964031,3622911,182272,25853951,1036640.74,811583.89,341610,10,10,10,0,0,0,0,0,0,1051647,1990655,4040703,1173743.62,3000
1782775004,0,344598,0,682.62,2987.97,653311,891391,1221631,1969151,3639295,182272,25853951,1038360.37,812291.38,344598,10,10,10,0,0,0,0,0,0,1027583,2353151,6316031,1234960.71,2988
1782775005,0,347610,0,687.23,3010.32,654335,892927,1223679,1973247,3635199,182272,25853951,1039635.41,811091.56,347610,10,10,10,0,0,0,0,0,0,1048575,2291711,2959359,1185510.95,3012
1782775006,0,350610,0,691.79,3000.04,655359,893951,1225727,1976319,3631103,182272,25853951,1040758.83,811992.82,350610,10,10,10,0,0,0,0,0,0,1021439,2310143,3217407,1170929.69,3000
1782775007,0,353610,0,696.34,2999.14,656383,894975,1226751,1977343,3624959,182272,25853951,1041690.07,810174.55,353610,10,10,10,0,0,0,0,0,0,1053695,2154495,3188735,1150524.18,3000
1782775008,0,356610,0,700.87,3001.19,657407,896511,1227775,1977343,3620863,182272,25853951,1042484.24,810822.20,356610,10,10,10,0,0,0,0,0,0,1028607,1882111,3018751,1136092.82,3000
1782775009,0,359610,0,705.38,2999.98,657919,897535,1227775,1975295,3604479,182272,25853951,1042466.88,808394.98,359610,10,10,10,0,0,0,0,0,0,994303,1710079,2695167,1040402.54,3000
1782775010,0,362610,0,709.87,3001.10,658943,898559,1229823,1981439,3629055,182272,25853951,1044307.84,808600.57,362610,10,10,10,0,0,0,0,0,0,1076223,2705407,4644863,1264984.02,3000
1782775011,0,365610,0,714.34,3000.15,659967,900095,1230847,1981439,3618815,182272,25853951,1045135.33,806882.65,365610,10,10,10,0,0,0,0,0,0,1048575,2064383,3457023,1145154.67,3000
1782775012,0,368595,0,718.77,2985.13,660991,900607,1231871,1982463,3637247,182272,25853951,1046186.55,807992.59,368595,10,10,10,0,0,0,0,0,0,983039,2236415,5894143,1174941.76,2985
1782775013,0,371610,0,723.24,3013.98,662015,902143,1232895,1983487,3639295,182272,25853951,1046978.80,806632.79,371610,10,10,10,0,0,0,0,0,0,1048575,2061311,4079615,1143834.68,3015
1782775014,0,374610,0,727.66,2999.59,662527,903167,1233919,1985535,3682303,182272,25853951,1048634.51,807851.46,374610,10,10,10,0,0,0,0,0,0,1082367,2422783,5894143,1253726.70,3000
1782775015,0,377610,0,732.07,3000.03,663551,904703,1235967,1986559,3667967,182272,25853951,1049380.94,805776.64,377610,10,10,10,0,0,0,0,0,0,1057791,2032639,2621439,1142588.52,3000
1782775016,0,380588,0,736.41,2979.44,665087,906239,1238015,1987583,3674111,182272,25853951,1050861.68,806399.65,380588,10,10,10,0,0,0,0,0,0,1091583,2121727,5521407,1238618.69,2978
1782775017,0,383601,0,740.81,3013.25,665599,906751,1238015,1988607,3655679,182272,25853951,1051147.16,804428.83,383601,10,10,10,0,0,0,0,0,0,995327,2085887,2967551,1087207.38,3013
1782775018,0,386610,0,745.18,3008.18,666111,907775,1239039,1989631,3665919,182272,25853951,1052275.51,805880.75,386610,10,10,10,0,0,0,0,0,0,1013247,2125823,5304319,1196123.35,3009
1782775019,0,389610,0,749.52,2999.73,667135,908287,1240063,1991679,3647487,182272,25853951,1052945.81,804152.11,389610,10,10,10,0,0,0,0,0,0,1006591,2115583,3051519,1139327.30,3000
1782775020,0,392610,0,753.84,2998.97,668159,909311,1241087,1993727,3667967,182272,25853951,1053906.57,804520.09,392610,10,10,10,0,0,0,0,0,0,1005567,2537471,5468159,1178680.51,3000
1782775021,0,395610,0,758.14,2999.59,668671,909823,1241087,1992703,3657727,182272,25853951,1053753.27,802556.46,395610,10,10,10,0,0,0,0,0,0,972287,1790975,2891775,1033691.22,3000
1782775022,0,398592,0,762.40,2984.24,669183,910847,1242111,1996799,3686399,182272,25853951,1055438.29,805393.50,398592,10,10,10,0,0,0,0,0,0,1034751,2424831,7315455,1278982.78,2982
1782775023,0,401610,0,766.70,3015.34,670207,911359,1244159,1999871,3684351,182272,25853951,1056340.09,804029.38,401610,10,10,10,0,0,0,0,0,0,1027583,2244607,3102719,1175441.75,3018
1782775024,0,404610,0,770.96,3001.52,671231,912383,1246207,2003967,3713023,182272,25853951,1058103.55,806910.86,404610,10,10,10,0,0,0,0,0,0,1071103,2574335,6438911,1294178.39,3000
1782775025,0,407610,0,775.20,2999.47,671743,913407,1247231,2007039,3717119,182272,25853951,1059093.86,806474.58,407610,10,10,10,0,0,0,0,0,0,1017855,2351103,4132863,1192657.58,3000
1782775026,0,410610,0,779.42,3000.25,672767,913919,1247231,2012159,3745791,182272,25853951,1060464.47,809214.58,410610,10,10,10,0,0,0,0,0,0,992255,2555903,5763071,1246688.41,3000
1782775027,0,413610,0,783.63,2998.82,673279,915455,1249279,2013183,3739647,182272,25853951,1061160.59,807669.81,413610,10,10,10,0,0,0,0,0,0,1084415,2111487,2478079,1156438.85,3000
1782775028,0,416595,0,787.79,2985.12,674303,916479,1250303,2016255,3776511,182272,25853951,1063408.11,817946.40,416595,10,10,10,0,0,0,0,0,0,1051647,2791423,13647871,1374830.40,2985
1782775029,0,419610,0,792.00,3016.93,674815,916991,1251327,2018303,3768319,182272,25853951,1064124.79,816991.94,419610,10,10,10,0,0,0,0,0,0,989183,2533375,3538943,1163152.15,3015
1782775030,0,422610,0,796.16,2999.57,675327,918015,1251327,2021375,3788799,182272,25853951,1065101.73,817510.51,422610,10,10,10,0,0,0,0,0,0,1013759,2416639,5869567,1201745.88,3000
1782775031,0,425610,0,800.30,3000.13,675327,918015,1251327,2020351,3772415,182272,25853951,1064597.05,815433.07,425610,10,10,10,0,0,0,0,0,0,963583,1669119,2582527,993502.12,3000
1782775032,0,428610,0,804.43,2998.06,676351,919039,1252351,2019327,3770367,182272,25853951,1065141.98,815353.70,428610,10,10,10,0,0,0,0,0,0,1012223,1890303,3602431,1142451.18,3000
1782775033,0,431610,0,808.54,3000.70,676863,919551,1252351,2018303,3760127,182272,25853951,1065112.69,813337.06,431610,10,10,10,0,0,0,0,0,0,988671,1888255,2410495,1060928.81,3000
1782775034,0,434610,0,812.64,3002.05,677375,920575,1252351,2020351,3774463,182272,25853951,1065990.14,813377.28,434610,10,10,10,0,0,0,0,0,0,1051647,2369535,5853183,1192229.44,3000
1782775035,0,437610,0,816.72,2999.86,677887,920575,1252351,2019327,3772415,182272,25853951,1065829.48,812079.86,437610,10,10,10,0,0,0,0,0,0,989695,1820671,3014655,1042554.03,3000
1782775036,0,440610,0,820.79,2999.61,677887,921599,1252351,2020351,3788799,182272,25853951,1066338.55,812717.19,440610,10,10,10,0,0,0,0,0,0,1009663,2070527,4702207,1140597.03,3000
1782775037,0,443610,0,824.84,2999.70,678399,921599,1251327,2018303,3770367,182272,25853951,1065993.93,810765.18,443610,10,10,10,0,0,0,0,0,0,988671,1687551,2691071,1015378.75,3000
1782775038,0,446610,0,828.88,2999.48,679423,922623,1252351,2019327,3788799,182272,25853951,1068106.14,827366.18,446610,10,10,10,0,0,0,0,0,0,1052671,2142207,11173887,1380439.34,3000
1782775039,0,449610,0,832.90,2999.61,679935,923647,1253375,2018303,3782655,182272,25853951,1068492.10,825692.30,449610,10,10,10,0,0,0,0,0,0,1056767,1907711,3053567,1125949.48,3000
1782775040,0,450580,0,833.15,970.08,680447,924159,1253375,2017279,3776511,182272,25853951,1068521.37,825009.46,450580,10,10,10,0,0,0,0,0,0,1040895,1833983,2224127,1082088.51,970
1782775041,0,451080,0,832.54,500.17,680447,924159,1253375,2017279,3782655,182272,25853951,1068943.65,828942.57,451080,10,10,10,0,0,0,0,0,0,1035263,2146303,18808831,1449484.54,500
1782775042,0,451580,0,831.93,500.03,680447,924159,1253375,2017279,3780607,182272,25853951,1068991.85,828618.20,451580,10,10,10,0,0,0,0,0,0,1080319,1774591,2576383,1112479.23,500
1782775043,0,452080,0,831.31,500.02,680447,924671,1253375,2017279,3782655,182272,25853951,1069152.60,828506.24,452080,10,10,10,0,0,0,0,0,0,1131519,2252799,4313087,1214333.44,500
1782775044,0,452580,0,830.71,499.58,680447,924671,1254399,2017279,3782655,182272,25853951,1069205.64,828283.84,452580,10,10,10,0,0,0,0,0,0,1054719,1935359,3534847,1117163.01,500
1782775045,0,453080,0,830.10,500.15,680959,924671,1254399,2017279,3784703,182272,25853951,1069352.22,828254.63,453080,10,10,10,0,0,0,0,0,0,1116159,1931263,4952063,1202034.43,500
1782775046,0,453580,0,829.50,500.00,680959,925183,1254399,2017279,3786751,182272,25853951,1069547.41,828173.03,453580,10,10,10,0,0,0,0,0,0,1145855,2131967,5242879,1246418.18,500
1782775047,0,454080,0,828.90,500.10,680959,925183,1254399,2018303,3784703,182272,25853951,1069672.62,827954.36,454080,10,10,10,0,0,0,0,0,0,1137663,2240511,3266559,1183254.78,500
1782775048,0,454580,0,828.30,500.16,680959,925183,1254399,2017279,3782655,182272,25853951,1069707.00,827678.16,454580,10,10,10,0,0,0,0,0,0,1042431,1874943,3076095,1100932.10,500
1782775049,0,455080,0,827.70,499.96,680959,925695,1255423,2017279,3782655,182272,25853951,1069711.27,827314.97,455080,10,10,10,0,0,0,0,0,0,1043967,1699839,1957887,1073590.27,500
1782775050,0,455580,0,827.10,499.78,681471,925695,1255423,2017279,3786751,182272,25853951,1070024.95,828363.19,455580,10,10,10,0,0,0,0,0,0,1125375,2203647,10248191,1355529.98,500
1782775051,0,456080,0,826.51,500.21,681471,925695,1255423,2017279,3782655,182272,25853951,1070109.41,828053.35,456080,10,10,10,0,0,0,0,0,0,1139711,1985535,2512895,1147062.27,500
1782775052,0,456580,0,825.92,500.09,681471,926207,1255423,2017279,3782655,182272,25853951,1070201.51,827851.38,456580,10,10,10,0,0,0,0,0,0,1098751,1963007,2752511,1154213.89,500
1782775053,0,457080,0,825.33,499.98,681471,926207,1256447,2017279,3782655,182272,25853951,1070284.28,827628.79,457080,10,10,10,0,0,0,0,0,0,1133567,1830911,3268607,1145866.75,500
1782775054,0,457580,0,824.74,499.60,681471,926207,1256447,2017279,3784703,182272,25853951,1070445.42,828233.38,457580,10,10,10,0,0,0,0,0,0,1065983,1967103,5066751,1217747.84,500
1782775055,0,458080,0,824.16,500.02,681983,926719,1256447,2017279,3782655,182272,25853951,1070521.02,827919.58,458080,10,10,10,0,0,0,0,0,0,1129471,1944575,2512895,1139705.60,500
1782775056,0,458580,0,823.58,500.09,681983,926719,1256447,2017279,3782655,182272,25853951,1070625.38,827667.63,458580,10,10,10,0,0,0,0,0,0,1159167,1970175,2985983,1166240.00,500
1782775057,0,459080,0,823.00,499.99,681983,927231,1257471,2017279,3782655,182272,25853951,1070791.52,827710.70,459080,10,10,10,0,0,0,0,0,0,1149951,1931263,4796415,1223166.72,500
1782775058,0,459580,0,822.42,500.06,681983,927231,1257471,2017279,3782655,182272,25853951,1070840.13,827396.61,459580,10,10,10,0,0,0,0,0,0,1107967,1965055,2316287,1115473.41,500
1782775059,0,460080,0,821.84,499.88,681983,927231,1257471,2017279,3788799,182272,25853951,1071217.03,829350.50,460080,10,10,10,0,0,0,0,0,0,1125375,2666495,12926975,1417647.36,500
1782775060,0,460580,0,821.27,500.24,681983,927743,1257471,2017279,3792895,182272,25853951,1071380.99,829348.94,460580,10,10,10,0,0,0,0,0,0,1134591,2267135,5402623,1222255.10,500
1782775061,0,461080,0,820.70,499.79,682495,927743,1257471,2017279,3788799,182272,25853951,1071407.70,829053.33,461080,10,10,10,0,0,0,0,0,0,1044479,2061311,2949119,1096011.78,500
1782775062,0,461580,0,820.13,500.12,682495,927743,1257471,2017279,3788799,182272,25853951,1071408.36,828722.48,461580,10,10,10,0,0,0,0,0,0,1076223,1764351,2392063,1072016.64,500
1782775063,0,462080,0,819.56,499.82,682495,927743,1258495,2017279,3788799,182272,25853951,1071662.35,830182.70,462080,10,10,10,0,0,0,0,0,0,1073151,2013183,12566527,1306129.92,500
1782775064,0,462580,0,819.00,500.08,682495,928255,1258495,2017279,3788799,182272,25853951,1071773.54,829968.34,462580,10,10,10,0,0,0,0,0,0,1122303,1986559,3016703,1174537.73,500
1782775065,0,463080,0,818.43,500.15,682495,928255,1258495,2017279,3788799,182272,25853951,1071803.91,829644.97,463080,10,10,10,0,0,0,0,0,0,1095679,1874943,2457599,1099894.78,500
1782775066,0,463580,0,817.87,499.76,682495,928255,1258495,2016255,3784703,182272,25853951,1071773.10,829281.91,463580,10,10,10,0,0,0,0,0,0,1053695,1641471,1883135,1043241.73,500
1782775067,0,464080,0,817.31,500.02,683007,928767,1258495,2016255,3782655,182272,25853951,1071827.42,828980.28,464080,10,10,10,0,0,0,0,0,0,1097727,2040831,2514943,1122193.92,500
1782775068,0,464580,0,816.75,500.00,683007,928767,1258495,2016255,3788799,182272,25853951,1072142.04,830131.43,464580,10,10,10,0,0,0,0,0,0,1132543,2059263,9641983,1364153.34,500
1782775069,0,465080,0,816.20,500.18,683007,928767,1259519,2016255,3788799,182272,25853951,1072304.79,830157.54,465080,10,10,10,0,0,0,0,0,0,1128447,2006015,4243455,1223525.63,500
1782775070,0,465580,0,815.64,500.04,683007,929279,1259519,2016255,3796991,182272,25853951,1072457.30,830052.11,465580,10,10,10,0,0,0,0,0,0,1130495,2121727,4513791,1214318.59,500
1782775071,0,466080,0,815.09,499.78,683007,929279,1259519,2016255,3790847,182272,25853951,1072541.93,829759.78,466080,10,10,10,0,0,0,0,0,0,1126399,1997823,2564095,1151344.38,500
1782775072,0,466580,0,814.54,500.08,683519,929791,1259519,2016255,3801087,182272,25853951,1072873.40,831475.35,466580,10,10,10,0,0,0,0,0,0,1121279,2076671,12820479,1381860.35,500
1782775073,0,467080,0,813.99,500.06,683519,929791,1259519,2016255,3794943,182272,25853951,1072959.35,831192.70,467080,10,10,10,0,0,0,0,0,0,1126399,2014207,2856959,1153166.08,500
1782775074,0,467580,0,813.45,500.12,683519,929791,1260543,2016255,3790847,182272,25853951,1072956.46,830873.64,467580,10,10,10,0,0,0,0,0,0,1060863,1780735,2650111,1070250.75,500
1782775075,0,468080,0,812.90,499.77,683519,929791,1260543,2016255,3788799,182272,25853951,1072960.80,830548.29,468080,10,10,10,0,0,0,0,0,0,1080319,1660927,2131967,1077024.26,500
1782775076,0,468580,0,812.36,499.96,683519,930303,1260543,2016255,3788799,182272,25853951,1073036.64,830251.11,468580,10,10,10,0,0,0,0,0,0,1108991,2099199,2516991,1144033.54,500
1782775077,0,469080,0,811.82,500.17,684031,930303,1260543,2016255,3788799,182272,25853951,1073243.05,830539.28,469080,10,10,10,0,0,0,0,0,0,1119231,2006015,6627327,1266677.76,500
1782775078,0,469580,0,811.28,500.22,684031,930303,1261567,2016255,3788799,182272,25853951,1073360.78,830282.32,469580,10,10,10,0,0,0,0,0,0,1140735,2034687,3076095,1183812.10,500
1782775079,0,470080,0,810.74,499.65,684031,930815,1261567,2016255,3788799,182272,25853951,1073513.84,830158.52,470080,10,10,10,0,0,0,0,0,0,1126399,2131967,4151295,1217264.64,500
1782775080,0,470580,0,810.21,499.93,684031,930815,1261567,2016255,3786751,182272,25853951,1073587.09,829847.00,470580,10,10,10,0,0,0,0,0,0,1162239,1868799,2308095,1142450.18,500
1782775081,0,471080,0,809.68,500.32,684543,931327,1261567,2016255,3786751,182272,25853951,1073696.85,829653.44,471080,10,10,10,0,0,0,0,0,0,1094655,2125823,3827711,1177001.73,500
1782775082,0,471580,0,809.14,499.68,684543,931327,1261567,2016255,3784703,182272,25853951,1073737.22,829332.64,471580,10,10,10,0,0,0,0,0,0,1137663,1835007,2275327,1111770.11,500
1782775083,0,472080,0,808.61,500.33,684543,931327,1262591,2016255,3786751,182272,25853951,1073882.05,829223.78,472080,10,10,10,0,0,0,0,0,0,1125375,2125823,4911103,1210481.15,500
1782775084,0,472580,0,808.09,499.76,684543,931839,1262591,2016255,3782655,182272,25853951,1073960.14,828950.65,472580,10,10,10,0,0,0,0,0,0,1104895,2049023,2879487,1147686.40,500
1782775085,0,473080,0,807.56,499.96,684543,931839,1262591,2016255,3782655,182272,25853951,1074076.98,828782.72,473080,10,10,10,0,0,0,0,0,0,1119231,1994751,2953215,1184516.10,500
1782775086,0,473580,0,807.04,500.33,684543,931839,1262591,2016255,3786751,182272,25853951,1074382.69,831684.81,473580,10,10,10,0,0,0,0,0,0,1078271,1771519,16564223,1363625.47,500
1782775087,0,474080,0,806.51,499.66,685055,932351,1262591,2015231,3782655,182272,25853951,1074372.82,831332.71,474080,10,10,10,0,0,0,0,0,0,1077247,1643519,1975295,1065025.02,500
1782775088,0,474580,0,805.99,500.18,685055,932351,1262591,2015231,3782655,182272,25853951,1074446.66,831121.23,474580,10,10,10,0,0,0,0,0,0,1095679,1931263,2918399,1144463.36,500
1782775089,0,475080,0,805.48,500.11,685055,932351,1263615,2015231,3780607,182272,25853951,1074480.28,830801.19,475080,10,10,10,0,0,0,0,0,0,1100799,1818623,2416639,1106390.02,500
1782775090,0,475580,0,804.96,500.01,685055,932863,1263615,2015231,3784703,182272,25853951,1074713.31,831066.00,475580,10,10,10,0,0,0,0,0,0,1136639,2146303,6201343,1296131.58,500
1782775091,0,476080,0,804.44,499.82,685567,932863,1263615,2015231,3786751,182272,25853951,1074835.78,831014.69,476080,10,10,10,0,0,0,0,0,0,1093631,2238463,3987455,1191322.62,500
1782775092,0,476580,0,803.93,500.25,685567,932863,1263615,2015231,3788799,182272,25853951,1074972.22,830960.07,476580,10,10,10,0,0,0,0,0,0,1098751,2055167,5398527,1204881.15,500
1782775093,0,477080,0,803.42,499.86,685567,933375,1263615,2015231,3786751,182272,25853951,1075097.02,830733.38,477080,10,10,10,0,0,0,0,0,0,1125375,2228223,3385343,1194058.50,500
1782775094,0,477580,0,802.91,499.76,685567,933375,1263615,2015231,3786751,182272,25853951,1075201.44,830572.40,477580,10,10,10,0,0,0,0,0,0,1120255,1901567,3217407,1174827.01,500
1782775095,0,478080,0,802.40,500.21,685567,933375,1264639,2015231,3788799,182272,25853951,1075298.22,830458.11,478080,10,10,10,0,0,0,0,0,0,1091583,1871871,4554751,1167737.09,500
1782775096,0,478580,0,801.89,500.07,686079,933887,1264639,2015231,3788799,182272,25853951,1075381.19,830242.20,478580,10,10,10,0,0,0,0,0,0,1088511,1887231,3305471,1154719.74,500
1782775097,0,479080,0,801.39,499.74,686079,933887,1264639,2015231,3784703,182272,25853951,1075375.96,829903.41,479080,10,10,10,0,0,0,0,0,0,1070079,1712127,2058239,1070373.38,500
1782775098,0,479580,0,800.88,500.22,686079,933887,1264639,2015231,3786751,182272,25853951,1075476.35,829747.89,479580,10,10,10,0,0,0,0,0,0,1106943,2071551,4988927,1171656.96,500
1782775099,0,480080,0,800.38,499.91,686079,934399,1264639,2015231,3788799,182272,25853951,1075658.79,829940.24,480080,10,10,10,0,0,0,0,0,0,1138687,2016255,6606847,1250656.51,500
1782775100,0,484248,0,805.99,4170.56,686079,933375,1263615,2014207,3807231,182272,25853951,1075141.06,829515.80,484248,10,10,10,0,0,0,0,0,0,845823,1965055,5914623,1015507.69,4168
1782775101,0,489255,0,812.97,5007.15,685055,930815,1260543,2013183,3817471,182272,25853951,1073604.78,828488.96,489255,10,10,10,0,0,0,0,0,0,797183,1790975,5308415,925023.96,5007
1782775102,0,494245,0,819.90,4987.25,683007,928255,1257471,2007039,3801087,182272,25853951,1070517.50,825407.40,494245,10,10,10,0,0,0,0,0,0,731135,1285119,1794047,767819.48,4990
1782775103,0,499240,0,826.81,4995.71,681471,925695,1254399,2006015,3811327,182272,25853951,1068707.32,824627.18,499240,10,10,10,0,0,0,0,0,0,768511,1500159,5337087,889592.79,4995
1782775104,0,504240,0,833.71,5000.27,679935,923135,1250303,1999871,3792895,182272,25853951,1065872.58,821517.54,504240,10,10,10,0,0,0,0,0,0,759807,1302527,1696767,782829.95,5000
1782775105,0,509240,0,840.59,5001.06,678911,921599,1248255,1999871,3819519,182272,25853951,1065193.70,824432.68,509240,10,10,10,0,0,0,0,0,0,795647,1831935,8429567,996730.46,5000
1782775106,0,514240,0,847.44,5000.29,678399,919551,1245183,1997823,3807231,182272,25853951,1063480.05,822091.86,514240,10,10,10,0,0,0,0,0,0,800255,1710079,3287039,888947.85,5000
1782775107,0,519240,0,854.28,5000.01,677887,918015,1243135,1998847,3831807,182272,25853951,1063020.96,823919.57,519240,10,10,10,0,0,0,0,0,0,809983,2189311,6938623,1015804.67,5000
1782775108,0,524241,0,861.09,5001.39,676863,916991,1241087,1994751,3817471,182272,25853951,1061297.41,821335.43,524241,10,10,10,0,0,0,0,0,0,812031,1526783,2809855,882345.54,5001
1782775109,0,529241,0,867.87,4999.98,676351,915455,1238015,1993727,3817471,182272,25853951,1060481.12,824570.22,529241,10,10,10,0,0,0,0,0,0,820223,1765375,2824191,974894.23,5000
1782775110,0,534265,0,874.68,5024.04,675839,913919,1235967,1991679,3811327,182272,25853951,1058787.53,822423.24,534265,10,10,10,0,0,0,0,0,0,790015,1522687,3672063,880380.56,5024
1782775111,0,539262,0,881.42,4996.51,674815,912383,1232895,1990655,3835903,182272,25853951,1058492.54,832560.22,539262,10,10,10,0,0,0,0,0,0,785407,1738751,13500415,1026953.90,4997
1782775112,0,544268,0,888.15,5006.18,674303,910847,1230847,1984511,3811327,182272,25853951,1056374.53,829445.15,544268,10,10,10,0,0,0,0,0,0,805887,1299455,1642495,828215.34,5006
1782775113,0,549240,0,894.80,4970.89,673791,909823,1228799,1981439,3831807,182272,25853951,1055177.62,827816.02,549240,10,10,10,0,0,0,0,0,0,817663,1651711,4427775,924155.92,4972
1782775114,0,554240,0,901.48,5000.45,673279,908287,1225727,1977343,3807231,182272,25853951,1053103.47,824895.90,554240,10,10,10,0,0,0,0,0,0,783359,1432575,1797119,825261.76,5000
1782775115,0,559240,0,908.13,5000.59,672255,906751,1223679,1976319,3848191,182272,25853951,1052462.13,826173.34,559240,10,10,10,0,0,0,0,0,0,808447,1811455,6053887,981371.55,5000
1782775116,0,564241,0,914.77,5000.92,671231,905215,1221631,1974271,3848191,182272,25853951,1050725.79,825067.71,564241,10,10,10,0,0,0,0,0,0,751615,1485823,3706879,856557.88,5001
1782775117,0,569260,0,921.41,5019.50,670207,903167,1218559,1970175,3835903,182272,25853951,1048649.90,822544.88,569260,10,10,10,0,0,0,0,0,0,780287,1316863,1895423,815276.25,5019
1782775118,0,574241,0,927.97,4980.85,669695,902143,1216511,1971199,3868671,182272,30932991,1050542.11,855614.80,574241,10,10,10,0,0,0,0,0,0,800767,2406399,17334271,1266796.44,4981
1782775119,0,579240,0,934.54,4999.04,669183,901119,1214463,1966079,3848191,182272,30932991,1048760.50,852637.08,579240,10,10,10,0,0,0,0,0,0,815103,1414143,1858559,844104.23,4999
1782775120,0,584240,0,941.09,4999.40,668671,899583,1212415,1961983,3844095,182272,30932991,1047312.43,850950.47,584240,10,10,10,0,0,0,0,0,0,806399,1333247,3094527,879557.00,5000
1782775121,0,589261,0,947.65,5021.68,668159,898559,1209343,1960959,3839999,182272,30932991,1046035.76,848987.96,589261,10,10,10,0,0,0,0,0,0,817151,1654783,2768895,897483.73,5021
1782775122,0,594241,0,954.12,4979.59,667647,897535,1208319,1957887,3839999,182272,30932991,1045330.93,851374.87,594241,10,10,10,0,0,0,0,0,0,808959,1530879,9191423,961930.63,4980
1782775123,0,599275,0,960.66,5034.40,666623,895999,1205247,1952767,3817471,182272,30932991,1043413.74,848499.29,599275,10,10,10,0,0,0,0,0,0,792575,1342463,1796095,817098.98,5034
1782775124,0,604245,0,967.08,4969.53,666623,895487,1204223,1951743,3839999,182272,30932991,1043145.73,851636.76,604245,10,10,10,0,0,0,0,0,0,818687,1579007,10289151,1010828.61,4970
1782775125,0,609241,0,973.52,4995.94,666111,893951,1202175,1950719,3842047,182272,30932991,1042011.12,851055.41,609241,10,10,10,0,0,0,0,0,0,798719,1703935,4767743,904784.86,4996
1782775126,0,614271,0,979.99,5030.14,665599,892927,1200127,1948671,3854335,182272,30932991,1040804.59,849666.05,614271,10,10,10,0,0,0,0,0,0,796159,1388543,4374527,894668.88,5030
1782775127,0,619265,0,986.38,4994.24,665087,891903,1197055,1943551,3835903,182272,30932991,1038856.14,846839.29,619265,10,10,10,0,0,0,0,0,0,780799,1223679,1623039,799192.77,4994
1782775128,0,624245,0,992.74,4980.12,664575,890879,1195007,1940479,3833855,182272,30932991,1037538.92,844843.95,624245,10,10,10,0,0,0,0,0,0,818175,1414143,2633727,873742.52,4980
1782775129,0,629241,0,999.09,4996.01,664063,890367,1192959,1937407,3823615,182272,30932991,1036424.48,842689.76,629241,10,10,10,0,0,0,0,0,0,809471,1542143,3579903,897175.35,4996
1782775130,0,634240,0,1005.43,4998.99,664063,889343,1190911,1935359,3805183,182272,30932991,1034991.03,840106.64,634240,10,10,10,0,0,0,0,0,0,808959,1488895,2365439,854557.70,4999
1782775131,0,639240,0,1011.76,5000.01,663551,887807,1188863,1933311,3805183,182272,30932991,1033903.70,840205.41,639240,10,10,10,0,0,0,0,0,0,773631,1489919,2701311,895978.65,5000
1782775132,0,644241,0,1018.06,5000.84,663039,887295,1187839,1932287,3792895,182272,30932991,1033021.49,838042.41,644241,10,10,10,0,0,0,0,0,0,813055,1803263,2709503,920255.40,5001
1782775133,0,649243,0,1024.34,5002.22,663039,886783,1186815,1930239,3792895,182272,30932991,1032555.37,838692.46,649243,10,10,10,0,0,0,0,0,0,843263,1633279,2490367,972520.38,5002
1782775134,0,654241,0,1030.60,4997.94,662527,886271,1185791,1928191,3776511,182272,30932991,1031309.41,836590.93,654241,10,10,10,0,0,0,0,0,0,804863,1646591,2553855,869459.31,4998
1782775135,0,659253,0,1036.87,5011.93,662527,885247,1184767,1927167,3776511,182272,30932991,1030803.46,836391.61,659253,10,10,10,0,0,0,0,0,0,831487,1858559,3674111,964758.98,5012
1782775136,0,664262,0,1043.10,5008.17,662015,884223,1181695,1923071,3772415,182272,30932991,1029197.56,834126.59,664262,10,10,10,0,0,0,0,0,0,784895,1299455,1751039,817839.48,5009
1782775137,0,669245,0,1049.28,4983.20,661503,883711,1180671,1921023,3792895,182272,30932991,1029055.59,839233.45,669245,10,10,10,0,0,0,0,0,0,817663,1401855,10379263,1010129.74,4983
1782775138,0,674257,0,1055.48,5012.44,661503,883199,1178623,1918975,3803135,182272,30932991,1028393.97,838416.06,674257,10,10,10,0,0,0,0,0,0,818175,1601535,4390911,940048.38,5012
1782775139,0,679240,0,1061.62,4981.83,660991,882175,1177599,1915903,3803135,182272,30932991,1027213.72,836600.98,679240,10,10,10,0,0,0,0,0,0,784895,1454079,3983359,867512.91,4983
1782775140,0,684240,0,1067.77,5000.27,660479,881151,1175551,1912831,3780607,182272,30932991,1025625.35,834274.94,684240,10,10,10,0,0,0,0,0,0,776191,1347583,2465791,809848.83,5000
1782775141,0,689240,0,1073.90,5000.68,659967,880639,1173503,1910783,3799039,182272,30932991,1025503.07,840816.58,689240,10,10,10,0,0,0,0,0,0,790527,1589247,7917567,1008769.14,5000
1782775142,0,694275,0,1080.06,5035.06,659455,879615,1172479,1908735,3776511,182272,30932991,1024204.17,838532.05,694275,10,10,10,0,0,0,0,0,0,785407,1583103,2451455,846397.69,5035
1782775143,0,699240,0,1086.09,4963.77,658431,878591,1170431,1907711,3768319,182272,30932991,1022893.29,836571.36,699240,10,10,10,0,0,0,0,0,0,769023,1547263,2848767,839588.09,4965
1782775144,0,704275,0,1092.22,5036.51,658431,878079,1169407,1905663,3768319,182272,30932991,1022204.15,835567.74,704275,10,10,10,0,0,0,0,0,0,821247,1655807,2299903,926498.52,5035
1782775145,0,709240,0,1098.21,4964.24,657919,877567,1168383,1905663,3766271,182272,30932991,1021414.74,833874.60,709240,10,10,10,0,0,0,0,0,0,799743,1774591,3338239,909438.39,4965
1782775146,0,714240,0,1104.24,5000.16,657919,877055,1167359,1905663,3770367,182272,30932991,1021423.38,835741.62,714240,10,10,10,0,0,0,0,0,0,829439,1961983,4374527,1022649.11,5000
1782775147,0,719240,0,1110.26,5000.18,657407,876543,1166335,1904639,3764223,182272,30932991,1020448.84,833842.58,719240,10,10,10,0,0,0,0,0,0,808447,1692671,2426879,881237.85,5000
1782775148,0,724240,0,1116.25,5000.46,657407,876031,1165311,1903615,3762175,182272,30932991,1020175.16,836039.24,724240,10,10,10,0,0,0,0,0,0,821759,1721343,3729407,980807.42,5000
1782775149,0,729244,0,1122.24,5003.97,656895,875007,1163263,1902591,3772415,182272,30932991,1019462.03,834990.71,729244,10,10,10,0,0,0,0,0,0,796159,1613823,4628479,916248.42,5004
1782775150,0,734241,0,1128.19,4997.02,656895,874495,1162239,1900543,3788799,182272,30932991,1019933.10,847414.23,734241,10,10,10,0,0,0,0,0,0,813567,1502207,16613375,1088679.35,4997
1782775151,0,739268,0,1134.17,5026.75,656383,873983,1161215,1898495,3772415,182272,30932991,1018755.15,845227.08,739268,10,10,10,0,0,0,0,0,0,784895,1653759,2426879,846704.57,5027
1782775152,0,744248,0,1140.06,4980.11,656383,873471,1160191,1896447,3760127,182272,30932991,1017769.39,843008.98,744248,10,10,10,0,0,0,0,0,0,827391,1582079,2230271,871436.09,4980
1782775153,0,749280,0,1146.02,5032.27,655871,872447,1158143,1894399,3760127,182272,30932991,1016880.70,843244.11,749280,10,10,10,0,0,0,0,0,0,777215,1349631,3520511,885440.55,5032
1782775154,0,754269,0,1151.88,4989.08,655359,871935,1157119,1893375,3762175,182272,30932991,1016215.68,844971.72,754269,10,10,10,0,0,0,0,0,0,763391,1445887,9633791,916339.66,4989
1782775155,0,759245,0,1157.72,4975.69,654847,870911,1156095,1892351,3762175,182272,30932991,1015461.84,843625.67,759245,10,10,10,0,0,0,0,0,0,780799,1676287,3813375,901193.02,4976
1782775156,0,764240,0,1163.56,4994.44,654335,870399,1155071,1892351,3766271,182272,30932991,1015342.56,846817.44,764240,10,10,10,0,0,0,0,0,0,821247,1657855,12066815,997212.66,4995
1782775157,0,769240,0,1169.39,4998.88,654335,869887,1153023,1891327,3756031,182272,30932991,1014449.85,844899.66,769240,10,10,10,0,0,0,0,0,0,800255,1791999,3098623,878000.03,5000
1782775158,0,774240,0,1175.20,5000.75,653823,869375,1153023,1891327,3762175,182272,30932991,1014084.70,845149.97,774240,10,10,10,0,0,0,0,0,0,786943,1823743,4960255,957906.84,5000
1782775159,0,779247,0,1181.01,5008.10,653311,868863,1151999,1894399,3811327,182272,30932991,1015292.45,851290.65,779247,10,10,10,0,0,0,0,0,0,829951,3049471,9289727,1202049.70,5007
1782775160,0,780620,0,1181.30,1372.09,653311,868863,1151999,1893375,3809279,182272,30932991,1015026.01,850687.12,780620,10,10,10,0,0,0,0,0,0,807423,1547263,2057215,863807.16,1373
1782775161,0,781120,0,1180.27,500.23,653311,868863,1151999,1893375,3809279,182272,30932991,1015078.29,850489.20,781120,10,10,10,0,0,0,0,0,0,1077247,1882111,2371583,1096691.20,500
1782775162,0,781620,0,1179.25,500.05,653823,868863,1151999,1894399,3807231,182272,30932991,1015203.21,850366.02,781620,10,10,10,0,0,0,0,0,0,1140735,2174975,3543039,1210366.46,500
1782775163,0,782120,0,1178.22,499.98,653823,869375,1151999,1894399,3807231,182272,30932991,1015299.04,850200.63,782120,10,10,10,0,0,0,0,0,0,1121279,2059263,2787327,1165102.85,500
1782775164,0,782620,0,1177.20,499.76,653823,869375,1153023,1894399,3809279,182272,30932991,1015579.90,851900.21,782620,10,10,10,0,0,0,0,0,0,1099775,2797567,16007167,1454903.55,500
1782775165,0,783120,0,1176.18,499.92,653823,869375,1153023,1894399,3809279,182272,30932991,1015727.07,851796.36,783120,10,10,10,0,0,0,0,0,0,1180671,2125823,4374527,1246090.75,500
1782775166,0,783620,0,1175.17,500.34,653823,869375,1153023,1895423,3811327,182272,30932991,1015925.90,851948.17,783620,10,10,10,0,0,0,0,0,0,1125375,3682303,6389759,1327337.22,500
1782775167,0,784120,0,1174.16,499.79,653823,869887,1153023,1895423,3811327,182272,30932991,1015964.74,851746.05,784120,10,10,10,0,0,0,0,0,0,1076223,1801215,2263039,1076840.96,500
1782775168,0,784620,0,1173.15,499.92,653823,869887,1154047,1895423,3813375,182272,30932991,1016236.00,852830.88,784620,10,10,10,0,0,0,0,0,0,1093631,3196927,11763711,1441636.10,500
1782775169,0,785120,0,1172.15,500.27,653823,869887,1154047,1895423,3813375,182272,30932991,1016279.91,852627.16,785120,10,10,10,0,0,0,0,0,0,1068031,1825791,2301951,1085182.21,500
1782775170,0,785620,0,1171.15,500.00,654335,869887,1154047,1895423,3811327,182272,30932991,1016352.60,852467.45,785620,10,10,10,0,0,0,0,0,0,1104895,1780735,3309567,1130489.60,500
1782775171,0,786120,0,1170.15,499.68,654335,869887,1154047,1895423,3811327,182272,30932991,1016428.09,852329.05,786120,10,10,10,0,0,0,0,0,0,1088511,2150399,3305471,1135049.98,500
1782775172,0,786620,0,1169.15,500.08,654335,870399,1154047,1895423,3811327,182272,30932991,1016483.14,852132.55,786620,10,10,10,0,0,0,0,0,0,1106943,1800191,2371583,1103038.72,500
1782775173,0,787120,0,1168.16,500.14,654335,870399,1154047,1895423,3813375,182272,30932991,1016622.55,852222.05,787120,10,10,10,0,0,0,0,0,0,1072127,2324479,5980159,1235948.80,500
1782775174,0,787620,0,1167.17,500.03,654335,870399,1155071,1895423,3811327,182272,30932991,1016656.97,852024.35,787620,10,10,10,0,0,0,0,0,0,1053695,1739775,2328575,1070828.80,500
1782775175,0,788120,0,1166.18,499.78,654335,870399,1155071,1895423,3811327,182272,30932991,1016679.43,851809.47,788120,10,10,10,0,0,0,0,0,0,1048063,1684479,2220031,1052072.45,500
1782775176,0,788620,0,1165.20,500.35,654335,870399,1155071,1895423,3811327,182272,30932991,1016743.83,851644.46,788620,10,10,10,0,0,0,0,0,0,1058815,1923071,3401727,1118240.26,500
1782775177,0,789120,0,1164.21,499.86,654335,870911,1155071,1895423,3813375,182272,30932991,1016944.44,852347.89,789120,10,10,10,0,0,0,0,0,0,1091583,2074623,12173311,1333352.70,500
1782775178,0,789620,0,1163.23,499.74,654335,870911,1155071,1895423,3811327,182272,30932991,1016990.05,852140.69,789620,10,10,10,0,0,0,0,0,0,1060863,1832959,2146303,1088982.02,500
1782775179,0,790120,0,1162.26,499.96,654335,870911,1155071,1895423,3811327,182272,30932991,1017044.74,851981.31,790120,10,10,10,0,0,0,0,0,0,1059839,1821695,3256319,1103415.30,500
1782775180,0,790620,0,1161.29,500.24,654847,870911,1156095,1895423,3811327,182272,30932991,1017070.44,851771.21,790620,10,10,10,0,0,0,0,0,0,1061887,1626111,2121727,1057686.53,500
1782775181,0,791120,0,1160.32,499.97,654847,870911,1156095,1894399,3809279,182272,30932991,1017085.23,851548.00,791120,10,10,10,0,0,0,0,0,0,1065983,1568767,1859583,1040465.15,500
1782775182,0,791620,0,1159.35,500.16,654847,871423,1156095,1894399,3811327,182272,30932991,1017232.57,851987.89,791620,10,10,10,0,0,0,0,0,0,1092607,1838079,9576447,1250365.95,500
1782775183,0,792120,0,1158.39,499.84,654847,871423,1156095,1894399,3809279,182272,30932991,1017228.06,851763.38,792120,10,10,10,0,0,0,0,0,0,1019391,1558527,1774591,1010074.11,500
1782775184,0,792620,0,1157.42,499.94,654847,871423,1156095,1894399,3809279,182272,30932991,1017278.03,851560.00,792620,10,10,10,0,0,0,0,0,0,1118207,1840127,2127871,1096443.90,500
1782775185,0,793120,0,1156.47,500.10,654847,871423,1156095,1894399,3809279,182272,30932991,1017291.03,851339.58,793120,10,10,10,0,0,0,0,0,0,1048063,1599487,1940479,1037908.22,500
1782775186,0,793620,0,1155.51,499.78,654847,871423,1157119,1894399,3809279,182272,30932991,1017414.31,851398.67,793620,10,10,10,0,0,0,0,0,0,1089535,2014207,6909951,1212961.79,500
1782775187,0,794120,0,1154.56,500.12,654847,871423,1157119,1894399,3809279,182272,30932991,1017462.42,851203.30,794120,10,10,10,0,0,0,0,0,0,1065983,1896447,2220031,1093828.35,500
1782775188,0,794620,0,1153.61,499.92,654847,871935,1157119,1894399,3809279,182272,30932991,1017515.94,851054.36,794620,10,10,10,0,0,0,0,0,0,1039359,2107391,3192831,1102519.55,500
1782775189,0,795120,0,1152.66,500.09,654847,871935,1157119,1894399,3809279,182272,30932991,1017574.77,850937.06,795120,10,10,10,0,0,0,0,0,0,1084415,1690623,5087231,1111069.70,500
1782775190,0,795620,0,1151.71,500.06,655359,871935,1157119,1894399,3809279,182272,30932991,1017648.70,850860.86,795620,10,10,10,0,0,0,0,0,0,1063935,1884159,3821567,1135212.80,500
1782775191,0,796120,0,1150.77,499.99,655359,871935,1157119,1894399,3809279,182272,30932991,1017683.09,850693.61,796120,10,10,10,0,0,0,0,0,0,1050623,1750015,2809855,1072410.88,500
1782775192,0,796620,0,1149.83,499.93,655359,871935,1157119,1894399,3809279,182272,30932991,1017716.56,850530.82,796620,10,10,10,0,0,0,0,0,0,1026047,1704959,2951167,1070999.81,500
1782775193,0,797120,0,1148.90,500.16,655359,872447,1157119,1894399,3807231,182272,30932991,1017763.64,850354.43,797120,10,10,10,0,0,0,0,0,0,1054719,1876991,3018751,1092780.80,500
1782775194,0,797620,0,1147.96,500.12,655359,872447,1158143,1893375,3807231,182272,30932991,1017779.09,850144.99,797620,10,10,10,0,0,0,0,0,0,1041407,1603583,2240511,1042397.70,500
1782775195,0,798120,0,1147.03,499.56,655359,872447,1158143,1894399,3807231,182272,30932991,1017850.13,850034.16,798120,10,10,10,0,0,0,0,0,0,1069055,2068479,3749887,1131178.50,500
1782775196,0,798620,0,1146.10,500.12,655359,872447,1158143,1894399,3807231,182272,30932991,1017927.52,849949.08,798620,10,10,10,0,0,0,0,0,0,1070079,1899519,3944447,1141460.48,500
1782775197,0,799120,0,1145.18,500.23,655359,872447,1158143,1894399,3807231,182272,30932991,1017979.44,849763.74,799120,10,10,10,0,0,0,0,0,0,1101823,1931263,2476031,1100910.34,500
1782775198,0,799620,0,1144.25,500.09,655359,872447,1158143,1894399,3805183,182272,30932991,1018029.33,849585.04,799620,10,10,10,0,0,0,0,0,0,1084415,1714175,2850815,1097773.31,500
1782775199,0,800120,0,1143.33,499.65,655359,872959,1159167,1893375,3805183,182272,30932991,1018055.36,849380.32,800120,10,10,10,0,0,0,0,0,0,1061887,1645567,2148351,1059685.38,500
1782775200,0,800620,0,1142.41,500.09,655359,872959,1159167,1894399,3805183,182272,30932991,1018162.86,849283.69,800620,10,10,10,0,0,0,0,0,0,1111039,2205695,3745791,1190177.54,500
1782775201,0,801120,0,1141.50,500.18,655871,872959,1159167,1893375,3805183,182272,30932991,1018181.61,849087.32,801120,10,10,10,0,0,0,0,0,0,1036287,1687551,2492415,1048201.73,500
1782775202,0,801620,0,1140.59,499.99,655871,872959,1159167,1893375,3803135,182272,30932991,1018231.26,848884.09,801620,10,10,10,0,0,0,0,0,0,1108991,1766399,2062335,1097783.30,500
1782775203,0,802120,0,1139.68,499.70,655871,872959,1159167,1893375,3803135,182272,30932991,1018293.64,848693.62,802120,10,10,10,0,0,0,0,0,0,1113087,1782783,2533375,1118303.74,500
1782775204,0,802620,0,1138.77,500.08,655871,873471,1159167,1893375,3803135,182272,30932991,1018359.10,848590.27,802620,10,10,10,0,0,0,0,0,0,1085439,1799167,2795519,1123373.82,500
1782775205,0,803120,0,1137.86,499.91,655871,873471,1160191,1893375,3801087,182272,30932991,1018406.08,848381.37,803120,10,10,10,0,0,0,0,0,0,1093631,1652735,2040831,1093824.00,500
1782775206,0,803620,0,1136.96,500.41,655871,873471,1160191,1893375,3801087,182272,30932991,1018457.01,848185.75,803620,10,10,10,0,0,0,0,0,0,1122303,1732607,2077695,1100257.54,500
1782775207,0,804120,0,1136.06,499.64,655871,873471,1160191,1893375,3799039,182272,30932991,1018530.79,848066.47,804120,10,10,10,0,0,0,0,0,0,1091583,1903615,3620863,1137117.70,500
1782775208,0,804620,0,1135.16,499.95,655871,873471,1160191,1893375,3796991,182272,30932991,1018582.75,847893.47,804620,10,10,10,0,0,0,0,0,0,1056767,2156543,2768895,1102155.26,500
1782775209,0,805120,0,1134.27,500.32,656383,873983,1160191,1893375,3801087,182272,30932991,1018799.85,848674.03,805120,10,10,10,0,0,0,0,0,0,1120255,2103295,11771903,1368164.10,500
1782775210,0,805620,0,1133.38,499.66,656383,873983,1161215,1893375,3799039,182272,30932991,1018893.68,848743.95,805620,10,10,10,0,0,0,0,0,0,1110015,1828863,2529279,1169971.71,500
1782775211,0,806120,0,1132.49,500.14,656383,873983,1161215,1893375,3799039,182272,30932991,1018953.58,848579.81,806120,10,10,10,0,0,0,0,0,0,1103871,1745919,3176447,1115481.34,500
1782775212,0,806620,0,1131.60,500.15,656383,873983,1161215,1893375,3799039,182272,30932991,1019065.86,848463.18,806620,10,10,10,0,0,0,0,0,0,1161215,2119679,3401727,1200073.98,500
1782775213,0,807120,0,1130.71,499.72,656383,873983,1161215,1893375,3801087,182272,30932991,1019228.52,848678.94,807120,10,10,10,0,0,0,0,0,0,1118207,2010111,6434815,1281641.22,500
1782775214,0,807620,0,1129.83,500.01,656383,874495,1161215,1893375,3801087,182272,30932991,1019279.61,848486.76,807620,10,10,10,0,0,0,0,0,0,1111039,1848319,2224127,1101757.95,500
1782775215,0,808120,0,1128.95,500.28,656383,874495,1162239,1893375,3799039,182272,30932991,1019287.24,848268.03,808120,10,10,10,0,0,0,0,0,0,1053695,1501183,2022399,1031608.58,500
1782775216,0,808620,0,1128.08,499.65,656383,874495,1162239,1893375,3794943,182272,30932991,1019297.39,848058.74,808620,10,10,10,0,0,0,0,0,0,1048575,1548287,2277375,1035695.36,500
1782775217,0,809120,0,1127.20,500.26,656383,874495,1162239,1893375,3792895,182272,30932991,1019358.16,847861.56,809120,10,10,10,0,0,0,0,0,0,1129471,1812479,2150399,1117638.14,500
1782775218,0,809620,0,1126.33,499.90,656895,874495,1162239,1893375,3794943,182272,30932991,1019516.97,848388.50,809620,10,10,10,0,0,0,0,0,0,1062911,1945599,10338303,1276520.19,500
1782775219,0,810120,0,1125.46,500.16,656895,875007,1162239,1893375,3792895,182272,30932991,1019563.04,848182.48,810120,10,10,10,0,0,0,0,0,0,1088511,1707007,2152447,1094159.87,500
1782775220,0,818330,0,1135.29,8207.65,657919,876031,1163263,1895423,3780607,182272,30932991,1020445.89,845786.93,818330,10,10,10,0,0,0,0,0,0,991743,2138111,3690495,1107561.15,8210
1782775221,0,828330,0,1147.57,10004.30,659455,877055,1162239,1892351,3807231,182272,30932991,1021776.91,856539.95,828330,10,10,10,0,0,0,0,0,0,940031,1565695,7098367,1130697.96,10000
1782775222,0,838330,0,1159.82,10001.01,660991,878079,1162239,1893375,3790847,182272,30932991,1021951.28,852933.48,838330,10,10,10,0,0,0,0,0,0,951295,1910783,2906111,1036395.17,10000
1782775223,0,848330,0,1172.03,9991.70,662527,879103,1161215,1892351,3811327,182272,30932991,1022577.80,850789.02,848330,10,10,10,0,0,0,0,0,0,964095,1815551,4866047,1075100.51,10000
1782775224,0,858330,0,1184.21,9999.87,664063,880127,1161215,1890303,3809279,182272,30932991,1022538.34,847527.97,858330,10,10,10,0,0,0,0,0,0,935935,1655807,3186687,1019191.21,10000
1782775225,0,868330,0,1196.35,10004.75,665087,881151,1162239,1887231,3801087,182272,30932991,1022628.43,843889.98,868330,10,10,10,0,0,0,0,0,0,968191,1698815,2105343,1030360.42,10000
1782775226,0,878330,0,1208.47,10000.52,666111,881151,1160191,1883135,3801087,182272,30932991,1022227.66,842325.63,878330,10,10,10,0,0,0,0,0,0,895999,1518591,2551807,987427.99,10000
1782775227,0,888330,0,1220.55,9998.81,667647,882175,1160191,1883135,3803135,182272,30932991,1022717.35,840027.87,888330,10,10,10,0,0,0,0,0,0,949759,1990655,3809279,1065728.57,10000
1782775228,0,898330,0,1232.59,9996.46,668671,883199,1162239,1883135,3817471,182272,30932991,1024246.08,842291.27,898330,10,10,10,0,0,0,0,0,0,999423,1859583,5013503,1160047.57,10000
1782775229,0,908330,0,1244.61,10002.11,670207,884735,1165311,1882111,3803135,182272,30932991,1025238.88,839004.92,908330,10,10,10,0,0,0,0,0,0,1055743,1800191,2940927,1114424.54,10000
1782775230,0,918330,0,1256.59,10000.90,671743,886271,1166335,1883135,3846143,182272,30932991,1028667.34,861651.07,918330,10,10,10,0,0,0,0,0,0,998911,1913855,10395647,1340084.80,10000
1782775231,0,928330,0,1268.53,9996.17,672767,887807,1169407,1886207,3905535,182272,30932991,1031423.91,863507.70,928330,10,10,10,0,0,0,0,0,0,1070079,3168255,6541311,1284568.10,10000
1782775232,0,938330,0,1280.45,10002.50,673791,889343,1171455,1887231,3905535,182272,30932991,1032714.10,861898.49,938330,10,10,10,0,0,0,0,0,0,1049599,1952767,3459071,1152486.68,10000
1782775233,0,948330,0,1292.33,10000.56,675327,890367,1173503,1888255,3899391,182272,30932991,1033681.43,859251.76,948330,10,10,10,0,0,0,0,0,0,1023999,2002943,3610623,1124448.67,10000
1782775234,0,958330,0,1304.18,10002.49,676351,891903,1174527,1886207,3901439,182272,30932991,1034246.32,856808.04,958330,10,10,10,0,0,0,0,0,0,1014783,1623039,3932159,1087816.09,10000
1782775235,0,968330,0,1316.00,10001.47,677887,893439,1176575,1887231,3913727,182272,30932991,1035424.98,854489.39,968330,10,10,10,0,0,0,0,0,0,1047039,1929215,4452351,1148379.81,10000
1782775236,0,978330,0,1327.78,9997.48,678911,894463,1178623,1886207,3915775,182272,30932991,1036472.94,852745.40,978330,10,10,10,0,0,0,0,0,0,1020927,1866751,4894719,1137949.73,10000
1782775237,0,988330,0,1339.54,9995.17,680447,896511,1181695,1887231,3928063,182272,30932991,1037887.11,850849.86,988330,10,10,10,0,0,0,0,0,0,1096703,1953791,4050943,1176240.14,10000
1782775238,0,998330,0,1351.26,10004.63,681471,897535,1183743,1888255,3954687,182272,30932991,1040061.10,856316.58,998330,10,10,10,0,0,0,0,0,0,1062911,1980415,9125887,1254922.88,10000
1782775239,0,1008330,0,1362.95,10002.04,682495,899583,1186815,1891327,3960831,182272,30932991,1041991.13,855946.01,1008330,10,10,10,0,0,0,0,0,0,1130495,2289663,5263359,1234672.13,10000
1782775240,0,1018330,0,1374.61,9993.61,683519,900607,1188863,1892351,3985407,182272,30932991,1044425.29,866811.39,1018330,10,10,10,0,0,0,0,0,0,1054719,2017279,6569983,1289868.32,10000
1782775241,0,1028330,0,1386.24,9999.99,685055,902143,1191935,1897471,4012031,182272,30932991,1046495.31,866107.97,1028330,10,10,10,0,0,0,0,0,0,1099775,2660351,4607999,1257292.18,10000
1782775242,0,1038330,0,1397.83,10003.62,686079,903679,1193983,1903615,4034559,182272,30932991,1048605.54,867517.52,1038330,10,10,10,0,0,0,0,0,0,1095679,2400255,4841471,1265606.50,10000
1782775243,0,1048330,0,1409.40,10002.37,687103,904703,1196031,1903615,4034559,182272,30932991,1049523.81,866669.33,1048330,10,10,10,0,0,0,0,0,0,1037311,1861631,2590719,1144871.11,10000
1782775244,0,1058330,0,1420.93,9995.05,688127,905727,1198079,1905663,4081663,182272,30932991,1051556.99,871017.21,1058330,10,10,10,0,0,0,0,0,0,1040895,2244607,7819263,1264700.50,10000
1782775245,0,1068330,0,1432.44,10008.30,689663,907775,1200127,1909759,4130815,182272,30932991,1054118.74,874693.26,1068330,10,10,10,0,0,0,0,0,0,1144831,2566143,6590463,1325236.61,10000
1782775246,0,1078330,0,1443.91,9991.97,691199,909823,1203199,1909759,4124671,182272,30932991,1055553.11,872436.48,1078330,10,10,10,0,0,0,0,0,0,1156095,1900543,4065279,1208791.11,10000
1782775247,0,1088330,0,1455.35,10002.95,692735,911871,1206271,1910783,4136959,182272,30932991,1057444.78,872735.49,1088330,10,10,10,0,0,0,0,0,0,1160191,2131967,4296703,1261430.00,10000
1782775248,0,1098330,0,1466.76,9995.40,694271,914431,1209343,1914879,4147199,182272,30932991,1059637.71,871300.92,1098330,10,10,10,0,0,0,0,0,0,1198079,2525183,4276223,1298300.35,10000
1782775249,0,1108330,0,1478.14,10007.92,695807,916479,1211391,1913855,4159487,182272,30932991,1061427.65,872208.24,1108330,10,10,10,0,0,0,0,0,0,1153023,1862655,4562943,1258021.81,10000
1782775250,0,1118330,0,1489.49,9993.85,697343,919039,1214463,1912831,4130815,182272,30932991,1062640.99,869294.76,1118330,10,10,10,0,0,0,0,0,0,1167359,1788927,2801663,1197119.66,10000
1782775251,0,1128330,0,1500.81,9998.90,698879,921087,1215487,1908735,4128767,182272,30932991,1063509.26,866876.64,1128330,10,10,10,0,0,0,0,0,0,1124351,1595391,4020223,1160610.82,10000
1782775252,0,1138330,0,1512.10,10007.96,700415,923135,1217535,1912831,4114431,182272,30932991,1064789.30,864736.53,1138330,10,10,10,0,0,0,0,0,0,1135615,2482175,3497983,1209219.80,10000
1782775253,0,1148330,0,1523.36,9991.46,701439,925183,1219583,1921023,4284415,155392,69992447,1088854.47,1364504.40,1148330,10,10,10,0,0,0,0,0,0,1178623,20004863,59801599,3828264.81,10000
1782775254,0,1158330,0,1534.59,10004.60,702975,926719,1220607,1923071,4284415,155392,69992447,1090151.14,1361833.92,1158330,10,10,10,0,0,0,0,0,0,1090559,2166783,3719167,1239051.30,10000
1782775255,0,1168330,0,1545.79,10002.72,704511,928767,1221631,1923071,4263935,155392,69992447,1090782.75,1356729.15,1168330,10,10,10,0,0,0,0,0,0,1091583,2012159,3203071,1163944.89,10000
1782775256,0,1178330,0,1556.96,10000.25,706047,930815,1222655,1918975,4259839,155392,69992447,1091199.82,1351696.77,1178330,10,10,10,0,0,0,0,0,0,1119231,1608703,2371583,1139927.26,10000
1782775257,0,1188330,0,1568.10,9999.41,707583,932863,1223679,1918975,4276223,155392,69992447,1093334.43,1353046.45,1188330,10,10,10,0,0,0,0,0,0,1140735,1900543,5980159,1344861.27,10000
1782775258,0,1198330,0,1579.21,9994.80,709119,934911,1223679,1915903,4268031,155392,69992447,1093617.72,1348187.12,1198330,10,10,10,0,0,0,0,0,0,1079295,1541119,3264511,1127282.62,10000
1782775259,0,1208330,0,1590.30,9998.50,710655,936447,1223679,1913855,4263935,155392,69992447,1093717.08,1343438.97,1208330,10,10,10,0,0,0,0,0,0,1034239,1745919,4147199,1105622.94,10000
1782775260,0,1218330,0,1601.35,10003.29,712191,938495,1223679,1910783,4272127,155392,69992447,1094407.92,1339626.03,1218330,10,10,10,0,0,0,0,0,0,1101823,1656831,4370431,1177883.89,10000
1782775261,0,1228330,0,1612.38,10006.25,713727,940543,1225727,1910783,4251647,155392,69992447,1095217.16,1334753.23,1228330,10,10,10,0,0,0,0,0,0,1143807,1838079,3137535,1193809.72,10000
1782775262,0,1238330,0,1623.37,9996.10,715263,942591,1225727,1911807,4272127,155392,69992447,1096506.35,1331545.33,1238330,10,10,10,0,0,0,0,0,0,1118207,2166783,6086655,1254861.18,10000
1782775263,0,1248330,0,1634.34,10003.47,716287,944127,1226751,1912831,4280319,155392,69992447,1097657.48,1328226.00,1248330,10,10,10,0,0,0,0,0,0,1117183,2146303,4370431,1240205.14,10000
1782775264,0,1258330,0,1645.28,9996.73,717823,945663,1226751,1913855,4280319,155392,69992447,1098366.85,1325090.70,1258330,10,10,10,0,0,0,0,0,0,1072127,1931263,4222975,1186920.29,10000
1782775265,0,1268330,0,1656.19,9993.98,719359,947199,1226751,1910783,4317183,155392,69992447,1099229.21,1322519.40,1268330,10,10,10,0,0,0,0,0,0,1059839,1627135,6946815,1207743.05,10000
1782775266,0,1278330,0,1667.07,10003.00,719871,947711,1225727,1909759,4325375,155392,69992447,1099116.05,1318459.45,1278330,10,10,10,0,0,0,0,0,0,985599,1777663,4603903,1084762.76,10000
1782775267,0,1288330,0,1677.92,9998.36,720383,947711,1224703,1908735,4304895,155392,69992447,1098376.11,1313849.71,1288330,10,10,10,0,0,0,0,0,0,945151,1683455,2607103,1003787.36,10000
1782775268,0,1298330,0,1688.74,10002.36,720895,947711,1224703,1909759,4333567,155392,69992447,1099307.88,1314838.06,1298330,10,10,10,0,0,0,0,0,0,955903,2115583,7032831,1219350.96,10000
1782775269,0,1308330,0,1699.54,9999.01,721407,947711,1223679,1908735,4317183,155392,69992447,1098688.33,1310477.76,1308330,10,10,10,0,0,0,0,0,0,937471,1789951,3448831,1018249.57,10000
1782775270,0,1318330,0,1710.31,10002.56,721919,948223,1223679,1906687,4300799,155392,69992447,1098348.12,1305912.84,1318330,10,10,10,0,0,0,0,0,0,997887,1711103,2357247,1053837.48,10000
1782775271,0,1328330,0,1721.05,10004.01,722943,948735,1224703,1905663,4280319,155392,69992447,1098489.32,1301645.34,1328330,10,10,10,0,0,0,0,0,0,1029631,1884159,3282943,1117105.32,10000
1782775272,0,1338330,0,1731.76,9995.44,723967,949759,1225727,1906687,4280319,155392,69992447,1099069.79,1297797.48,1338330,10,10,10,0,0,0,0,0,0,1075199,1926143,3610623,1176174.15,10000
1782775273,0,1348330,0,1742.45,9995.90,724479,950271,1225727,1909759,4304895,155392,69992447,1100501.96,1298156.78,1348330,10,10,10,0,0,0,0,0,0,1036287,2568191,5353471,1292174.25,10000
1782775274,0,1358330,0,1753.10,10000.73,725503,951295,1226751,1908735,4304895,155392,69992447,1101064.23,1295141.57,1358330,10,10,10,0,0,0,0,0,0,1049599,1818623,4292607,1176876.54,10000
1782775275,0,1368330,0,1763.74,10002.33,726015,952319,1227775,1908735,4300799,155392,69992447,1101484.84,1291369.76,1368330,10,10,10,0,0,0,0,0,0,1049599,1946623,3657727,1158618.13,10000
1782775276,0,1378330,0,1774.34,10002.09,726527,952831,1227775,1910783,4300799,155392,69992447,1102473.64,1291452.63,1378330,10,10,10,0,0,0,0,0,0,1022463,2107391,4108287,1237773.25,10000
1782775277,0,1388330,0,1784.91,9997.98,727551,953855,1229823,1916927,4321279,155392,69992447,1104065.72,1289748.60,1388330,10,10,10,0,0,0,0,0,0,1062911,2711551,7151615,1323506.87,10000
1782775278,0,1398330,0,1795.46,9997.53,728063,953855,1229823,1918975,4300799,155392,69992447,1104139.48,1285953.47,1398330,10,10,10,0,0,0,0,0,0,990719,2123775,3590143,1114379.88,10000
1782775279,0,1408330,0,1805.98,10006.77,728575,953855,1229823,1918975,4284415,155392,69992447,1103952.21,1282007.56,1408330,10,10,10,0,0,0,0,0,0,961023,1936383,3006463,1077766.60,10000
1782775280,0,1411060,0,1807.17,2729.10,728575,954367,1229823,1917951,4284415,155392,69992447,1103957.95,1280990.45,1411060,10,10,10,0,0,0,0,0,0,1010175,1777663,2367487,1106915.19,2730
1782775281,0,1412060,0,1806.13,1000.35,728575,954367,1229823,1917951,4280319,155392,69992447,1103893.06,1280612.92,1412060,10,10,10,0,0,0,0,0,0,903167,1894399,2678783,1012337.66,1000
1782775282,0,1413060,0,1805.11,1000.15,728575,954367,1229823,1917951,4280319,155392,69992447,1103886.82,1280349.48,1413060,10,10,10,0,0,0,0,0,0,933887,2058239,4325375,1095068.03,1000
1782775283,0,1414060,0,1804.08,999.05,728575,954367,1229823,1917951,4280319,155392,69992447,1103865.69,1280035.53,1414060,10,10,10,0,0,0,0,0,0,973823,1796095,5197823,1074018.50,1000
1782775284,0,1415060,0,1803.05,1000.13,728575,954367,1229823,1917951,4284415,155392,69992447,1103914.77,1279861.48,1415060,10,10,10,0,0,0,0,0,0,990719,2101247,6078463,1173317.50,1000
1782775285,0,1416060,0,1802.03,1000.32,728575,954367,1229823,1917951,4284415,155392,69992447,1103928.44,1279474.23,1416060,10,10,10,0,0,0,0,0,0,1110015,1882111,2973695,1123269.63,1000
1782775286,0,1417060,0,1801.01,999.79,728575,954367,1229823,1917951,4280319,155392,69992447,1103918.32,1279113.87,1417060,10,10,10,0,0,0,0,0,0,997375,1999871,3764223,1089587.01,1000
1782775287,0,1418060,0,1799.99,1000.13,728575,954367,1229823,1917951,4284415,155392,69992447,1103987.67,1279003.60,1418060,10,10,10,0,0,0,0,0,0,1038335,2027519,7516159,1202252.10,1000
1782775288,0,1419060,0,1798.98,999.70,728575,954367,1229823,1917951,4284415,155392,69992447,1103971.37,1278638.63,1419060,10,10,10,0,0,0,0,0,0,974847,1864703,3829759,1080860.22,1000
1782775289,0,1420060,0,1797.97,1000.72,728575,954367,1229823,1917951,4284415,155392,69992447,1104076.75,1278586.86,1420060,10,10,10,0,0,0,0,0,0,1116159,2022399,4235263,1253612.61,1000
1782775290,0,1421060,0,1796.96,999.58,728575,954367,1229823,1918975,4284415,155392,69992447,1104059.42,1278251.06,1421060,10,10,10,0,0,0,0,0,0,1007615,1958911,4268031,1079452.03,1000
1782775291,0,1422060,0,1795.95,999.69,728575,954367,1229823,1918975,4284415,155392,69992447,1104126.14,1278242.65,1422060,10,10,10,0,0,0,0,0,0,967167,2394111,7774207,1198939.52,1000
1782775292,0,1423060,0,1794.95,1000.71,728575,954879,1230847,1918975,4284415,155392,69992447,1104190.96,1277887.67,1423060,10,10,10,0,0,0,0,0,0,1094655,2127871,3743743,1196377.54,1000
1782775293,0,1424060,0,1793.95,999.84,728575,954879,1230847,1918975,4284415,155392,69992447,1104136.66,1277505.20,1424060,10,10,10,0,0,0,0,0,0,1000447,1634303,2408447,1026854.08,1000
1782775294,0,1425060,0,1792.95,999.39,729087,954879,1230847,1918975,4284415,155392,69992447,1104176.59,1277244.61,1425060,10,10,10,0,0,0,0,0,0,984063,2656255,4878335,1161039.55,1000
1782775295,0,1426060,0,1791.95,1000.80,729087,954879,1230847,1918975,4284415,155392,69992447,1104202.99,1276897.51,1426060,10,10,10,0,0,0,0,0,0,1049599,2081791,3327999,1141832.38,1000
1782775296,0,1427060,0,1790.96,999.47,729087,954879,1230847,1918975,4288511,155392,69992447,1104255.94,1276730.71,1427060,10,10,10,0,0,0,0,0,0,969727,2086911,7213055,1179763.26,1000
1782775297,0,1428060,0,1789.97,999.81,729087,954879,1230847,1918975,4284415,155392,69992447,1104279.00,1276389.82,1428060,10,10,10,0,0,0,0,0,0,1029119,1961983,3512319,1137189.76,1000
1782775298,0,1429060,0,1788.98,1000.14,729087,954879,1230847,1919999,4288511,155392,69992447,1104363.78,1276208.51,1429060,10,10,10,0,0,0,0,0,0,1032703,2437119,5300223,1225426.30,1000
1782775299,0,1430060,0,1787.99,999.84,729087,954879,1230847,1919999,4284415,155392,69992447,1104386.06,1275816.77,1430060,10,10,10,0,0,0,0,0,0,1101823,1886207,2371583,1136228.10,1000
1782775300,0,1431060,0,1787.01,1000.12,729087,954879,1230847,1919999,4284415,155392,69992447,1104463.70,1275677.07,1431060,10,10,10,0,0,0,0,0,0,1106943,1981439,3973119,1215494.91,1000
1782775301,0,1432060,0,1786.03,1000.65,729087,954879,1230847,1919999,4284415,155392,69992447,1104432.09,1275327.86,1432060,10,10,10,0,0,0,0,0,0,971263,1924095,4259839,1059203.01,1000
1782775302,0,1433060,0,1785.05,999.41,729087,954879,1230847,1919999,4284415,155392,69992447,1104364.24,1274969.35,1433060,10,10,10,0,0,0,0,0,0,916479,1926143,3266559,1007190.72,1000
1782775303,0,1434060,0,1784.07,1000.36,729087,954879,1230847,1919999,4284415,155392,69992447,1104348.14,1274689.14,1434060,10,10,10,0,0,0,0,0,0,904191,2521087,4763647,1081276.86,1000
1782775304,0,1435060,0,1783.10,1000.26,729087,954879,1230847,1919999,4284415,155392,69992447,1104280.27,1274326.92,1435060,10,10,10,0,0,0,0,0,0,901119,1917951,3403775,1006952.83,1000
1782775305,0,1436060,0,1782.12,999.40,729087,954879,1230847,1919999,4284415,155392,69992447,1104274.83,1274169.28,1436060,10,10,10,0,0,0,0,0,0,951807,1836031,2764799,1096467.26,1000
1782775306,0,1437060,0,1781.15,1000.04,729087,954879,1230847,1919999,4280319,155392,69992447,1104200.72,1273794.46,1437060,10,10,10,0,0,0,0,0,0,914431,1840127,2220031,997769.86,1000
1782775307,0,1438060,0,1780.19,1000.08,729087,954879,1230847,1919999,4284415,155392,69992447,1104244.63,1273890.95,1438060,10,10,10,0,0,0,0,0,0,935423,2072575,5730303,1167353.92,1000
1782775308,0,1439060,0,1779.22,999.75,729087,954879,1230847,1919999,4284415,155392,69992447,1104232.45,1273573.11,1439060,10,10,10,0,0,0,0,0,0,957439,2177023,4440063,1086713.66,1000
1782775309,0,1440058,0,1778.26,998.31,729087,954879,1230847,1919999,4284415,155392,69992447,1104201.31,1273225.29,1440058,10,10,10,0,0,0,0,0,0,965631,1848319,2703359,1059301.19,998
1782775310,0,1441060,0,1777.30,1001.99,729087,954879,1230847,1919999,4280319,155392,69992447,1104227.60,1272900.63,1441060,10,10,10,0,0,0,0,0,0,1051647,2091007,3350527,1142013.96,1002
1782775311,0,1442060,0,1776.34,999.81,729087,954879,1230847,1919999,4280319,155392,69992447,1104287.59,1272556.73,1442060,10,10,10,0,0,0,0,0,0,1131519,1933311,3323903,1190734.14,1000
1782775312,0,1443060,0,1775.39,1000.70,729087,955391,1230847,1919999,4280319,155392,69992447,1104310.26,1272209.74,1443060,10,10,10,0,0,0,0,0,0,1061887,2022399,3708927,1136999.10,1000
1782775313,0,1444060,0,1774.43,999.06,729087,955391,1230847,1919999,4280319,155392,69992447,1104254.07,1271842.76,1444060,10,10,10,0,0,0,0,0,0,961023,1765375,2711551,1023165.50,1000
1782775314,0,1445060,0,1773.48,1000.18,729087,955391,1230847,1919999,4284415,155392,69992447,1104398.64,1272611.63,1445060,10,10,10,0,0,0,0,0,0,963583,2250751,9633791,1313172.61,1000
1782775315,0,1446060,0,1772.54,1000.10,729087,955391,1230847,1919999,4280319,155392,69992447,1104365.40,1272236.90,1446060,10,10,10,0,0,0,0,0,0,1004031,1695743,2826239,1056322.82,1000
1782775316,0,1447060,0,1771.59,999.91,729087,955391,1230847,1919999,4284415,155392,69992447,1104428.01,1271958.61,1447060,10,10,10,0,0,0,0,0,0,1034751,2590719,4788223,1194966.66,1000
1782775317,0,1448060,0,1770.65,1000.62,729087,955391,1230847,1919999,4280319,155392,69992447,1104450.41,1271576.53,1448060,10,10,10,0,0,0,0,0,0,1105919,1837055,2666495,1136869.95,1000
1782775318,0,1449060,0,1769.71,999.29,729087,955391,1230847,1919999,4280319,155392,69992447,1104402.87,1271220.70,1449060,10,10,10,0,0,0,0,0,0,970239,1801215,3659775,1035562.69,1000
1782775319,0,1450060,0,1768.77,1000.08,729087,955391,1230847,1919999,4284415,155392,69992447,1104568.09,1271476.80,1450060,10,10,10,0,0,0,0,0,0,1075199,2494463,13541375,1343976.83,1000
1782775320,0,1451060,0,1767.83,999.91,729599,955391,1230847,1919999,4284415,155392,69992447,1104595.17,1271159.76,1451060,10,10,10,0,0,0,0,0,0,1046527,2064383,4411391,1143865.73,1000
1782775321,0,1452060,0,1766.90,1000.25,729087,955391,1231871,1919999,4288511,155392,69992447,1104645.46,1271132.12,1452060,10,10,10,0,0,0,0,0,0,1017343,1971199,8486911,1177619.90,1000
1782775322,0,1453060,0,1765.96,999.92,729087,955391,1231871,1919999,4284415,155392,69992447,1104589.03,1270756.11,1453060,10,10,10,0,0,0,0,0,0,952831,1851391,2213887,1022650.30,1000
1782775323,0,1454060,0,1765.03,999.76,729087,955391,1231871,1919999,4284415,155392,69992447,1104605.48,1270714.88,1454060,10,10,10,0,0,0,0,0,0,932351,2158591,6496255,1128502.85,1000
1782775324,0,1455060,0,1764.11,1000.88,729087,955391,1231871,1919999,4284415,155392,69992447,1104534.83,1270331.72,1455060,10,10,10,0,0,0,0,0,0,948735,1726463,2445311,1001814.72,1000
1782775325,0,1456060,0,1763.18,999.47,729087,955391,1231871,1919999,4280319,155392,69992447,1104529.29,1269973.36,1456060,10,10,10,0,0,0,0,0,0,1020415,2079743,3364863,1096463.68,1000
1782775326,0,1457060,0,1762.26,1000.00,729087,955903,1231871,1919999,4280319,155392,69992447,1104587.89,1269653.43,1457060,10,10,10,0,0,0,0,0,0,1122303,1909759,4139007,1189921.79,1000
1782775327,0,1458060,0,1761.34,1000.02,729087,955903,1231871,1921023,4280319,155392,69992447,1104605.49,1269334.81,1458060,10,10,10,0,0,0,0,0,0,1060863,2082815,4014079,1130243.07,1000
1782775328,0,1459060,0,1760.42,999.79,729087,955903,1231871,1921023,4280319,155392,69992447,1104752.68,1269606.41,1459060,10,10,10,0,0,0,0,0,0,1022975,2504703,8781823,1319369.92,1000
1782775329,0,1460060,0,1759.50,1000.70,729087,955903,1231871,1921023,4280319,155392,69992447,1104723.55,1269271.98,1460060,10,10,10,0,0,0,0,0,0,948223,2038783,3760127,1062216.00,1000
1782775330,0,1461060,0,1758.59,999.14,729087,955903,1231871,1921023,4280319,155392,69992447,1104708.21,1268914.66,1461060,10,10,10,0,0,0,0,0,0,1026559,1918975,2867199,1082307.78,1000
1782775331,0,1462060,0,1757.68,1000.52,729087,955903,1231871,1921023,4280319,155392,69992447,1104651.52,1268576.33,1462060,10,10,10,0,0,0,0,0,0,927231,1959935,3235839,1021826.30,1000
1782775332,0,1463060,0,1756.77,999.43,729599,955903,1231871,1921023,4280319,155392,69992447,1104680.09,1268315.12,1463060,10,10,10,0,0,0,0,0,0,1013759,2080767,5820415,1146444.99,1000
1782775333,0,1464060,0,1755.86,1000.05,729599,955903,1231871,1921023,4280319,155392,69992447,1104664.92,1267935.66,1464060,10,10,10,0,0,0,0,0,0,1030655,1821695,2316287,1082481.92,1000
1782775334,0,1465060,0,1754.95,1000.43,729599,955903,1231871,1921023,4276223,155392,69992447,1104639.54,1267548.63,1465060,10,10,10,0,0,0,0,0,0,1068031,1707007,2519039,1067471.87,1000
1782775335,0,1466060,0,1754.05,999.77,729599,955903,1231871,1921023,4280319,155392,69992447,1104684.48,1267597.41,1466060,10,10,10,0,0,0,0,0,0,985599,1750015,4870143,1170526.59,1000
1782775336,0,1467060,0,1753.15,1000.06,729599,955903,1231871,1921023,4276223,155392,69992447,1104616.93,1267253.45,1467060,10,10,10,0,0,0,0,0,0,919551,1782783,3319807,1005583.04,1000
1782775337,0,1468060,0,1752.25,999.86,729599,955903,1231871,1921023,4276223,155392,69992447,1104683.34,1267154.06,1468060,10,10,10,0,0,0,0,0,0,1056767,2195455,4077567,1202118.46,1000
1782775338,0,1469060,0,1751.35,999.85,729599,955903,1231871,1921023,4276223,155392,69992447,1104665.65,1266828.72,1469060,10,10,10,0,0,0,0,0,0,975871,1953791,3504127,1078693.18,1000
1782775339,0,1470060,0,1750.46,1000.36,729599,955903,1231871,1921023,4280319,155392,69992447,1104835.15,1267548.90,1470060,10,10,10,0,0,0,0,0,0,1043967,1982463,9560063,1353845.06,1000
1782775340,0,1486470,0,1767.89,16404.21,731647,959487,1238015,1948671,4362239,155392,69992447,1111509.37,1267509.06,1486470,10,10,10,0,0,0,0,0,0,1381375,3903487,6787071,1709407.10,16410
1782775341,0,1506470,0,1789.55,20009.74,734719,964607,1246207,1983487,4489215,155392,69992447,1120825.86,1271345.07,1506470,10,10,10,0,0,0,0,0,0,1421311,4489215,7786495,1813259.81,20000
1782775342,0,1526470,0,1811.16,20008.38,737791,969727,1254399,2011135,4485119,155392,69992447,1127157.05,1266902.22,1526470,10,10,10,0,0,0,0,0,0,1447935,2844671,4452351,1604044.73,20000
1782775343,0,1546470,0,1832.72,19995.47,740863,973823,1260543,2039807,4497407,155392,69992447,1133901.03,1267833.37,1546470,10,10,10,0,0,0,0,0,0,1405951,3022847,5844991,1648624.91,20000
1782775344,0,1566470,0,1854.22,20005.25,743423,978431,1267711,2050047,4493311,155392,69992447,1138645.27,1262488.31,1566470,10,10,10,0,0,0,0,0,0,1402879,2543615,4354047,1505486.57,20000
1782775345,0,1586470,0,1875.67,19999.41,745983,983039,1273855,2075647,4575231,155392,69992447,1145390.15,1261294.03,1586470,10,10,10,0,0,0,0,0,0,1341439,4095999,5840895,1673672.87,20000
1782775346,0,1606470,0,1897.08,19994.66,748543,986111,1278975,2088959,4640767,155392,69992447,1150190.21,1262242.01,1606470,10,10,10,0,0,0,0,0,0,1259519,2811903,6057983,1530947.44,20000
1782775347,0,1626470,0,1918.43,19987.87,751615,990719,1285119,2101247,4673535,155392,69992447,1155329.01,1258775.80,1626470,10,10,10,0,0,0,0,0,0,1381375,2953215,5558271,1568095.83,20000
1782775348,0,1646470,0,1939.73,20016.30,754175,994815,1290239,2109439,4698111,155392,69992447,1159091.74,1254272.48,1646470,10,10,10,0,0,0,0,0,0,1314815,2785279,5033983,1465089.71,20000
1782775349,0,1666470,0,1960.98,19986.26,756735,998399,1295359,2125823,4714495,155392,69992447,1163435.70,1250071.40,1666470,10,10,10,0,0,0,0,0,0,1337343,2803711,5382143,1521045.84,20000
1782775350,0,1686470,0,1982.19,20015.65,758783,1001471,1299455,2134015,4747263,155392,69992447,1166961.06,1248108.14,1686470,10,10,10,0,0,0,0,0,0,1233919,2619391,6021119,1460706.81,20000
1782775351,0,1706470,0,2003.34,19982.07,761343,1005055,1304575,2150399,4763647,155392,69992447,1171997.23,1245508.08,1706470,10,10,10,0,0,0,0,0,0,1356799,3209215,5591039,1596664.43,20000
1782775352,0,1726470,0,2024.44,20008.91,763903,1009151,1311743,2168831,4784127,155392,69992447,1177663.72,1246330.92,1726470,10,10,10,0,0,0,0,0,0,1422335,3342335,5783551,1661148.33,20000
1782775353,0,1746470,0,2045.49,19999.57,766463,1013247,1316863,2185215,4833279,155392,69992447,1182762.85,1245694.99,1746470,10,10,10,0,0,0,0,0,0,1370111,3043327,7315455,1622937.39,20000
1782775354,0,1766470,0,2066.50,20007.78,769023,1016831,1323007,2199551,4804607,155392,69992447,1186358.25,1240703.20,1766470,10,10,10,0,0,0,0,0,0,1415167,2686975,3371007,1500321.56,20000
1782775355,0,1786470,0,2087.45,19998.40,771071,1020927,1329151,2215935,4837375,155392,69992447,1191370.50,1238598.61,1786470,10,10,10,0,0,0,0,0,0,1410047,3356671,6299647,1634069.76,20000
1782775356,0,1806470,0,2108.36,20002.61,773631,1024511,1333247,2228223,4829183,155392,69992447,1194640.96,1234274.43,1806470,10,10,10,0,0,0,0,0,0,1318911,2658303,4702207,1486769.77,20000
1782775357,0,1826470,0,2129.22,19996.50,776191,1028607,1339391,2246655,4890623,155392,69992447,1201580.53,1246606.08,1826470,10,10,10,0,0,0,0,0,0,1389567,3999743,9748479,1828386.78,20000
1782775358,0,1846470,0,2150.02,19995.53,778239,1032191,1344511,2260991,4956159,155392,69992447,1206597.34,1245849.87,1846470,10,10,10,0,0,0,0,0,0,1392639,3579903,6483967,1664749.87,20000
1782775359,0,1866470,0,2170.78,19997.16,780799,1035775,1349631,2275327,4993023,155392,69992447,1211583.55,1249621.12,1866470,10,10,10,0,0,0,0,0,0,1386495,2879487,6070271,1671928.03,20000
1782775360,0,1886470,0,2191.50,19994.51,783359,1039871,1356799,2289663,5009407,155392,69992447,1216316.18,1247091.74,1886470,10,10,10,0,0,0,0,0,0,1437695,3545087,5214207,1657981.47,20000
1782775361,0,1906470,0,2212.16,20007.23,785407,1043455,1361919,2306047,5050367,155392,69992447,1222477.82,1255083.33,1906470,10,10,10,0,0,0,0,0,0,1390591,3389439,7933951,1803665.40,20000
1782775362,0,1926470,0,2232.78,19993.57,787967,1047039,1366015,2316287,5083135,155392,69992447,1226076.35,1252705.89,1926470,10,10,10,0,0,0,0,0,0,1326079,2965503,6279167,1569101.01,20000
1782775363,0,1946470,0,2253.34,19998.19,790015,1050623,1370111,2322431,5087231,155392,69992447,1229051.34,1249071.41,1946470,10,10,10,0,0,0,0,0,0,1337343,2885631,5177343,1515612.47,20000
1782775364,0,1966470,0,2273.87,20008.26,792575,1053695,1373183,2332671,5111807,155392,69992447,1232824.49,1247532.19,1966470,10,10,10,0,0,0,0,0,0,1330175,2938879,6696959,1600041.19,20000
1782775365,0,1986434,0,2294.30,19971.50,794623,1056767,1377279,2342911,5128191,155392,69992447,1236741.00,1245503.56,1986434,10,10,10,0,0,0,0,0,0,1369087,3680255,5566463,1622520.45,19964
1782775366,0,2006470,0,2314.77,20032.00,796671,1058815,1380351,2351103,5156863,155392,69992447,1239952.39,1244243.08,2006470,10,10,10,0,0,0,0,0,0,1288191,2777087,7741439,1558340.27,20036
1782775367,0,2026470,0,2335.14,19996.35,798719,1062911,1385471,2365439,5140479,155392,69992447,1243376.76,1240362.92,2026470,10,10,10,0,0,0,0,0,0,1387519,2906111,4026367,1586921.14,20000
1782775368,0,2046470,0,2355.48,20001.39,801279,1067007,1390591,2381823,5144575,155392,69992447,1248122.77,1238027.98,2046470,10,10,10,0,0,0,0,0,0,1478655,3336191,5242879,1729004.71,20000
1782775369,0,2066470,0,2375.76,19991.02,803839,1071103,1396735,2392063,5169151,155392,69992447,1252722.54,1236979.93,2066470,10,10,10,0,0,0,0,0,0,1474559,4192255,5709823,1723387.39,20000
1782775370,0,2086470,0,2396.00,19999.03,805887,1074175,1402879,2408447,5201919,155392,69992447,1258324.67,1241796.62,2086470,10,10,10,0,0,0,0,0,0,1508351,3606527,12091391,1837156.19,20000
1782775371,0,2106470,0,2416.19,20010.23,808447,1077247,1406975,2422783,5206015,155392,69992447,1262317.74,1239648.05,2106470,10,10,10,0,0,0,0,0,0,1431551,3266559,5517311,1678888.92,20000
1782775372,0,2126470,0,2436.34,20002.24,810495,1080319,1411071,2435071,5214207,155392,69992447,1266123.69,1241911.06,2126470,10,10,10,0,0,0,0,0,0,1393663,2899967,8773631,1666979.37,20000
1782775373,0,2146470,0,2456.44,19986.67,812543,1083391,1416191,2443263,5210111,155392,69992447,1269055.26,1238784.40,2146470,10,10,10,0,0,0,0,0,0,1431551,2881535,4093951,1580750.25,20000
1782775374,0,2166470,0,2476.49,20000.93,814591,1086463,1418239,2451455,5210111,155392,69992447,1271737.94,1236417.59,2166470,10,10,10,0,0,0,0,0,0,1309695,3526655,5775359,1559652.84,20000
1782775375,0,2186470,0,2496.50,20015.95,816127,1087487,1421311,2457599,5222399,155392,69992447,1274072.86,1236179.21,2186470,10,10,10,0,0,0,0,0,0,1258495,2879487,6709247,1526999.80,20000
1782775376,0,2206470,0,2516.47,19998.69,818175,1090559,1423359,2463743,5238783,155392,69992447,1276442.06,1234335.02,2206470,10,10,10,0,0,0,0,0,0,1288191,3321855,6410239,1535450.86,20000
1782775377,0,2226470,0,2536.38,19999.60,819711,1091583,1425407,2465791,5271551,155392,69992447,1278663.13,1233933.64,2226470,10,10,10,0,0,0,0,0,0,1254399,2715647,8228863,1523699.22,20000
1782775378,0,2246470,0,2556.25,19998.01,821759,1095679,1430527,2486271,5324799,155392,69992447,1284947.23,1240382.69,2246470,10,10,10,0,0,0,0,0,0,1516543,4575231,9248767,1984515.90,20000
1782775379,0,2266470,0,2576.08,19999.56,823807,1098751,1433599,2500607,5353471,155392,69992447,1288684.40,1240652.65,2266470,10,10,10,0,0,0,0,0,0,1384447,3301375,7868415,1708455.78,20000
1782775380,0,2286470,0,2595.86,19988.35,825855,1099775,1435647,2502655,5373951,155392,69992447,1290596.62,1238943.03,2286470,10,10,10,0,0,0,0,0,0,1282047,2621439,7278591,1507296.19,20000
1782775381,0,2306470,0,2615.60,20003.54,827903,1102847,1440767,2529279,5681151,155392,91815935,1345656.02,2098761.36,2306470,10,10,10,0,0,0,0,0,0,1472511,53706751,76611583,7640239.08,20000
1782775382,0,2326470,0,2635.29,20005.17,829951,1105919,1445887,2549759,5808127,155392,91815935,1352571.94,2098361.74,2326470,10,10,10,0,0,0,0,0,0,1556479,6176767,10993663,2150140.61,20000
1782775383,0,2346470,0,2654.94,20004.56,831999,1108991,1451007,2572287,5861375,155392,91815935,1358500.43,2094811.20,2346470,10,10,10,0,0,0,0,0,0,1575935,5419007,7299071,2048122.76,20000
1782775384,0,2366470,0,2674.54,19985.73,834047,1113087,1457151,2590719,5955583,155392,91815935,1364832.25,2092829.21,2366470,10,10,10,0,0,0,0,0,0,1590271,6008831,9748479,2107703.62,20000
1782775385,0,2386470,0,2694.10,20003.29,836095,1117183,1463295,2607103,6004735,155392,91815935,1370885.60,2090488.29,2386470,10,10,10,0,0,0,0,0,0,1642495,5529599,11239423,2087139.37,20000
1782775386,0,2406470,0,2713.62,20011.78,838143,1120255,1468415,2625535,6000639,155392,91815935,1375259.22,2084780.33,2406470,10,10,10,0,0,0,0,0,0,1580031,4501503,5644287,1897135.18,20000
1782775387,0,2426470,0,2733.09,19998.05,840703,1123327,1473535,2639871,6021119,155392,91815935,1379781.26,2080048.51,2426470,10,10,10,0,0,0,0,0,0,1564671,5226495,7110655,1923888.47,20000
1782775388,0,2446410,0,2752.45,19941.87,842751,1127423,1480703,2660351,6041599,155392,91815935,1385491.00,2075784.15,2446410,10,10,10,0,0,0,0,0,0,1766399,4775935,8187903,2080300.71,19940
1782775389,0,2466390,0,2771.81,19972.78,844799,1130495,1486847,2678783,6119423,155392,91815935,1391750.28,2075707.05,2466390,10,10,10,0,0,0,0,0,0,1592319,6197247,11714559,2158155.09,19980
1782775390,0,2486470,0,2791.23,20074.84,846847,1133567,1490943,2693119,6139903,155392,91815935,1395701.76,2071424.73,2486470,10,10,10,0,0,0,0,0,0,1500159,4669439,6721535,1881054.61,20080
1782775391,0,2506470,0,2810.53,20001.89,848895,1136639,1496063,2715647,6217727,155392,91815935,1402332.04,2071483.43,2506470,10,10,10,0,0,0,0,0,0,1650687,5967871,10002431,2226631.79,20000
1782775392,0,2526470,0,2829.78,20006.45,850943,1139711,1501183,2736127,6262783,155392,91815935,1408316.59,2076072.24,2526470,10,10,10,0,0,0,0,0,0,1540095,5193727,14049279,2158322.12,20000
1782775393,0,2546470,0,2848.99,19989.84,852991,1142783,1505279,2744319,6287359,155392,91815935,1411950.77,2071833.87,2546470,10,10,10,0,0,0,0,0,0,1524735,5111807,8396799,1871032.46,20000
1782775394,0,2566470,0,2868.16,20014.30,855039,1145855,1510399,2760703,6307839,155392,91815935,1416418.59,2067532.63,2566470,10,10,10,0,0,0,0,0,0,1628159,5210111,7438335,1985277.28,20000
1782775395,0,2586470,0,2887.29,19990.20,856575,1148927,1515519,2781183,6365183,155392,91815935,1422052.90,2066647.44,2586470,10,10,10,0,0,0,0,0,0,1615871,5939199,10231807,2145067.85,20000
1782775396,0,2606470,0,2906.37,20012.27,858623,1150975,1519615,2793471,6373375,155392,91815935,1425088.39,2061272.77,2606470,10,10,10,0,0,0,0,0,0,1501183,4073471,6664191,1817647.96,20000
1782775397,0,2626470,0,2925.41,19982.60,860671,1154047,1522687,2803711,6365183,155392,91815935,1428214.54,2056215.98,2626470,10,10,10,0,0,0,0,0,0,1484799,4972543,6307839,1835625.43,20000
1782775398,0,2646470,0,2944.40,20011.94,862719,1157119,1528831,2813951,6406143,155392,91815935,1432378.71,2052174.19,2646470,10,10,10,0,0,0,0,0,0,1628159,5038079,7774207,1979231.90,20000
1782775399,0,2666470,0,2963.36,19995.34,864767,1160191,1534975,2832383,6475775,155392,91815935,1438370.43,2050597.07,2666470,10,10,10,0,0,0,0,0,0,1692671,6201343,9060351,2231216.28,20000
1782775400,0,2671100,0,2965.21,4630.00,864767,1161215,1535999,2834431,6479871,155392,91815935,1439221.36,2049560.75,2671100,10,10,10,0,0,0,0,0,0,1618943,4784127,6766591,1929280.19,4630
1782775401,0,2672100,0,2963.03,999.95,864767,1161215,1535999,2834431,6479871,155392,91815935,1439236.32,2049536.57,2672100,10,10,10,0,0,0,0,0,0,1243135,2623487,10477567,1479185.92,1000
1782775402,0,2673100,0,2960.85,999.76,864767,1161215,1535999,2834431,6475775,155392,91815935,1439138.33,2049184.61,2673100,10,10,10,0,0,0,0,0,0,1139711,2080767,2951167,1177318.08,1000
1782775403,0,2674100,0,2958.68,1000.00,864767,1161215,1535999,2834431,6475775,155392,91815935,1439045.60,2048844.22,2674100,10,10,10,0,0,0,0,0,0,1093631,2220031,3307519,1191170.05,1000
1782775404,0,2675100,0,2956.52,999.92,864767,1161215,1535999,2834431,6475775,155392,91815935,1438972.12,2048576.42,2675100,10,10,10,0,0,0,0,0,0,1050623,2379775,3883007,1242457.92,1000
1782775405,0,2676100,0,2954.36,1000.07,864767,1161215,1535999,2834431,6475775,155392,91815935,1438860.81,2048242.94,2676100,10,10,10,0,0,0,0,0,0,998911,2281471,4247551,1141104.06,1000
1782775406,0,2677100,0,2952.21,1000.66,864767,1161215,1535999,2834431,6475775,155392,91815935,1438737.88,2047927.69,2677100,10,10,10,0,0,0,0,0,0,945663,2075647,3883007,1109765.31,1000
1782775407,0,2678100,0,2950.05,999.40,864767,1161215,1535999,2834431,6471679,155392,91815935,1438627.16,2047586.29,2678100,10,10,10,0,0,0,0,0,0,991231,2467839,3207167,1142220.99,1000
1782775408,0,2679100,0,2947.91,1000.02,864767,1160191,1535999,2834431,6471679,155392,91815935,1438541.44,2047282.72,2679100,10,10,10,0,0,0,0,0,0,1001983,2752511,4988927,1208973.63,1000
1782775409,0,2680100,0,2945.77,1000.75,864767,1160191,1535999,2832383,6471679,155392,91815935,1438424.23,2046943.17,2680100,10,10,10,0,0,0,0,0,0,1035263,2024447,4001791,1124403.52,1000
1782775410,0,2681100,0,2943.63,999.58,864767,1160191,1535999,2832383,6471679,155392,91815935,1438339.04,2046626.43,2681100,10,10,10,0,0,0,0,0,0,1028095,2627583,4198399,1210028.99,1000
1782775411,0,2682100,0,2941.50,999.84,864767,1160191,1535999,2832383,6467583,155392,91815935,1438239.32,2046292.74,2682100,10,10,10,0,0,0,0,0,0,1013759,2476031,3725311,1170866.94,1000
1782775412,0,2683100,0,2939.37,1000.50,864767,1160191,1535999,2832383,6467583,155392,91815935,1438129.04,2045950.68,2683100,10,10,10,0,0,0,0,0,0,1046527,2000895,3233791,1142346.82,1000
1782775413,0,2684100,0,2937.25,999.19,864767,1160191,1535999,2832383,6467583,155392,91815935,1438089.24,2045715.30,2684100,10,10,10,0,0,0,0,0,0,1067007,2729983,6443007,1331313.79,1000
1782775414,0,2685100,0,2935.13,1000.26,864767,1160191,1535999,2832383,6467583,155392,91815935,1437981.88,2045365.92,2685100,10,10,10,0,0,0,0,0,0,1108991,1981439,3119103,1149822.21,1000
1782775415,0,2686100,0,2933.02,1000.06,864767,1160191,1534975,2832383,6467583,155392,91815935,1437899.82,2045067.06,2686100,10,10,10,0,0,0,0,0,0,1118207,1998847,3383295,1217552.26,1000
1782775416,0,2687100,0,2930.91,1000.21,864255,1160191,1534975,2832383,6467583,155392,91815935,1437792.48,2044727.26,2687100,10,10,10,0,0,0,0,0,0,1063935,2070527,3530751,1149478.08,1000
1782775417,0,2688100,0,2928.81,1000.20,864255,1160191,1534975,2832383,6463487,155392,91815935,1437698.94,2044398.83,2688100,10,10,10,0,0,0,0,0,0,988159,2740223,3569663,1186328.96,1000
1782775418,0,2689100,0,2926.71,999.56,864255,1160191,1534975,2832383,6463487,155392,91815935,1437597.61,2044063.94,2689100,10,10,10,0,0,0,0,0,0,1073151,2160639,4136959,1165230.40,1000
1782775419,0,2690100,0,2924.61,1000.33,864255,1160191,1534975,2830335,6463487,155392,91815935,1437474.60,2043713.58,2690100,10,10,10,0,0,0,0,0,0,1040895,1986559,2856959,1106683.71,1000
1782775420,0,2691100,0,2922.52,999.53,864255,1160191,1534975,2830335,6463487,155392,91815935,1437356.24,2043382.03,2691100,10,10,10,0,0,0,0,0,0,1005567,2150399,3377151,1118947.07,1000
1782775421,0,2692100,0,2920.44,1000.09,864255,1160191,1534975,2830335,6463487,155392,91815935,1437211.90,2043043.26,2692100,10,10,10,0,0,0,0,0,0,942591,2083839,3078143,1048788.67,1000
1782775422,0,2693100,0,2918.36,999.84,864255,1160191,1534975,2830335,6463487,155392,91815935,1437129.62,2042714.30,2693100,10,10,10,0,0,0,0,0,0,1138687,2136063,4159487,1215611.97,1000
1782775423,0,2694100,0,2916.28,1000.40,864255,1160191,1534975,2830335,6459391,155392,91815935,1437031.03,2042363.48,2694100,10,10,10,0,0,0,0,0,0,1091583,2057215,2846719,1171512.13,1000
1782775424,0,2695100,0,2914.21,999.65,864255,1160191,1534975,2830335,6459391,155392,91815935,1436956.78,2042069.90,2695100,10,10,10,0,0,0,0,0,0,1063935,2422783,5414911,1236946.37,1000
1782775425,0,2696100,0,2912.14,1000.34,864255,1160191,1534975,2830335,6459391,155392,91815935,1436845.28,2041722.85,2696100,10,10,10,0,0,0,0,0,0,1060863,2009087,2969599,1136329.02,1000
1782775426,0,2697100,0,2910.08,999.88,864255,1160191,1534975,2828287,6459391,155392,91815935,1436687.41,2041373.62,2697100,10,10,10,0,0,0,0,0,0,997375,1636351,2113535,1011048.13,1000
1782775427,0,2698100,0,2908.02,999.94,864255,1160191,1533951,2828287,6459391,155392,91815935,1436601.28,2041069.20,2698100,10,10,10,0,0,0,0,0,0,1131519,1918975,5058559,1204297.66,1000
1782775428,0,2699100,0,2905.97,1000.33,864255,1160191,1533951,2828287,6455295,155392,91815935,1436496.58,2040714.90,2699100,10,10,10,0,0,0,0,0,0,1137663,2008063,2428927,1154000.13,1000
1782775429,0,2700100,0,2903.92,1000.24,864255,1160191,1533951,2828287,6455295,155392,91815935,1436374.02,2040369.92,2700100,10,10,10,0,0,0,0,0,0,1044479,1882111,2959359,1105577.09,1000
1782775430,0,2701100,0,2901.87,999.78,864255,1160191,1533951,2828287,6455295,155392,91815935,1436266.40,2040023.99,2701100,10,10,10,0,0,0,0,0,0,1137663,1979391,3123199,1145688.32,1000
1782775431,0,2702100,0,2899.83,1000.28,864255,1160191,1533951,2828287,6455295,155392,91815935,1436165.33,2039693.54,2702100,10,10,10,0,0,0,0,0,0,1065983,1929215,4050943,1163172.86,1000
1782775432,0,2703100,0,2897.79,999.99,864255,1159167,1533951,2826239,6451199,155392,91815935,1436006.65,2039343.23,2703100,10,10,10,0,0,0,0,0,0,967167,1596415,1872895,1007230.98,1000
1782775433,0,2704100,0,2895.76,999.71,864255,1159167,1533951,2826239,6451199,155392,91815935,1435892.62,2039014.05,2704100,10,10,10,0,0,0,0,0,0,1008127,2088959,3250175,1127650.82,1000
1782775434,0,2705100,0,2893.73,1000.09,863743,1159167,1533951,2826239,6451199,155392,91815935,1435789.63,2038706.61,2705100,10,10,10,0,0,0,0,0,0,1029119,2220031,5062655,1157289.41,1000
1782775435,0,2706100,0,2891.71,999.32,863743,1159167,1533951,2826239,6451199,155392,91815935,1435679.16,2038362.00,2706100,10,10,10,0,0,0,0,0,0,1095679,1947647,2947071,1136848.70,1000
1782775436,0,2707100,0,2889.69,1000.15,863743,1159167,1533951,2826239,6451199,155392,91815935,1435608.98,2038060.39,2707100,10,10,10,0,0,0,0,0,0,1130495,2414591,5423103,1245715.71,1000
1782775437,0,2708100,0,2887.67,1000.06,863743,1159167,1532927,2826239,6447103,155392,91815935,1435466.18,2037725.77,2708100,10,10,10,0,0,0,0,0,0,989183,1768447,2686975,1048894.72,1000
1782775438,0,2709100,0,2885.66,999.94,863743,1159167,1532927,2826239,6447103,155392,91815935,1435385.58,2037417.26,2709100,10,10,10,0,0,0,0,0,0,1078271,2267135,4931583,1217108.86,1000
1782775439,0,2710100,0,2883.66,1000.18,863743,1159167,1532927,2826239,6447103,155392,91815935,1435261.13,2037075.43,2710100,10,10,10,0,0,0,0,0,0,1007103,2025471,3108863,1098102.85,1000
1782775440,0,2711100,0,2881.65,1000.11,863743,1159167,1532927,2826239,6447103,155392,91815935,1435206.66,2036795.20,2711100,10,10,10,0,0,0,0,0,0,1092607,2932735,7491583,1287591.74,1000
1782775441,0,2712100,0,2879.66,999.81,863743,1159167,1532927,2826239,6447103,155392,91815935,1435109.07,2036462.39,2712100,10,10,10,0,0,0,0,0,0,1081343,2121727,3758079,1170519.30,1000
1782775442,0,2713100,0,2877.66,1000.19,863743,1159167,1532927,2824191,6443007,155392,91815935,1435024.84,2036134.08,2713100,10,10,10,0,0,0,0,0,0,1114111,2146303,4231167,1206583.30,1000
1782775443,0,2714100,0,2875.67,999.52,863743,1159167,1532927,2824191,6443007,155392,91815935,1434929.70,2035823.44,2714100,10,10,10,0,0,0,0,0,0,1043455,2103295,4399103,1176826.50,1000
1782775444,0,2715100,0,2873.69,1000.14,863743,1159167,1532927,2824191,6443007,155392,91815935,1434814.98,2035477.36,2715100,10,10,10,0,0,0,0,0,0,1065983,1908735,3127295,1123454.59,1000
1782775445,0,2716100,0,2871.71,1000.45,863743,1159167,1532927,2824191,6443007,155392,91815935,1434704.40,2035152.72,2716100,10,10,10,0,0,0,0,0,0,1053695,1976319,2748415,1134461.82,1000
1782775446,0,2717100,0,2869.73,1000.14,863743,1159167,1532927,2824191,6438911,155392,91815935,1434590.97,2034816.68,2717100,10,10,10,0,0,0,0,0,0,1083391,1803263,3010559,1126497.73,1000
1782775447,0,2718100,0,2867.76,1000.11,863743,1159167,1532927,2824191,6438911,155392,91815935,1434540.71,2034577.78,2718100,10,10,10,0,0,0,0,0,0,1075199,2277375,6918143,1297984.13,1000
1782775448,0,2719100,0,2865.79,999.57,863743,1159167,1532927,2824191,6438911,155392,91815935,1434385.44,2034233.66,2719100,10,10,10,0,0,0,0,0,0,965119,1705983,2146303,1012353.73,1000
1782775449,0,2720100,0,2863.82,999.90,863743,1159167,1531903,2824191,6438911,155392,91815935,1434268.79,2033910.12,2720100,10,10,10,0,0,0,0,0,0,985087,1861631,5046271,1117078.34,1000
1782775450,0,2721100,0,2861.87,1000.21,863743,1159167,1531903,2822143,6438911,155392,91815935,1434213.82,2033769.08,2721100,10,10,10,0,0,0,0,0,0,953343,2267135,10952703,1284701.31,1000
1782775451,0,2722100,0,2859.91,1000.18,863743,1159167,1531903,2822143,6438911,155392,91815935,1434126.49,2033461.25,2722100,10,10,10,0,0,0,0,0,0,1050623,2357247,5550079,1196480.51,1000
1782775452,0,2723100,0,2857.96,999.61,863231,1159167,1531903,2822143,6438911,155392,91815935,1434045.30,2033207.21,2723100,10,10,10,0,0,0,0,0,0,1014271,2140159,5779455,1213034.75,1000
1782775453,0,2724100,0,2856.01,1000.49,863231,1158143,1531903,2822143,6434815,155392,91815935,1433889.01,2032863.08,2724100,10,10,10,0,0,0,0,0,0,939519,1754111,2015231,1008288.51,1000
1782775454,0,2725100,0,2854.07,999.74,863231,1158143,1531903,2822143,6434815,155392,91815935,1433814.92,2032547.62,2725100,10,10,10,0,0,0,0,0,0,1080319,2678783,4280319,1232001.66,1000
1782775455,0,2726100,0,2852.12,999.53,863231,1158143,1531903,2822143,6434815,155392,91815935,1433727.83,2032203.25,2726100,10,10,10,0,0,0,0,0,0,1177599,2032639,2934783,1196387.52,1000
1782775456,0,2727100,0,2850.19,1000.22,863231,1158143,1531903,2822143,6430719,155392,91815935,1433601.38,2031861.10,2727100,10,10,10,0,0,0,0,0,0,1037311,1876991,2727935,1088895.74,1000
1782775457,0,2728100,0,2848.26,1000.04,863231,1158143,1531903,2822143,6430719,155392,91815935,1433499.59,2031534.20,2728100,10,10,10,0,0,0,0,0,0,1024511,2449407,3934207,1155893.12,1000
1782775458,0,2729100,0,2846.33,1000.05,863231,1158143,1531903,2820095,6430719,155392,91815935,1433357.52,2031203.41,2729100,10,10,10,0,0,0,0,0,0,961023,1811455,3788799,1045792.64,1000
1782775459,0,2730100,0,2844.41,1000.55,863231,1158143,1531903,2820095,6430719,155392,91815935,1433329.15,2031120.94,2730100,10,10,10,0,0,0,0,0,0,1036799,2619391,9084927,1355898.11,1000
1782775460,0,2763100,0,2875.79,32985.25,866815,1164287,1546239,2877439,6463487,155392,91815935,1445508.45,2027477.70,2763100,10,10,10,0,0,0,0,0,0,2040831,5603327,8028159,2453105.35,33000
1782775461,0,2803100,0,2914.39,40018.94,870911,1172479,1564671,2934783,6569983,155392,91815935,1461785.03,2029198.91,2803100,10,10,10,0,0,0,0,0,0,2107391,6119423,10764287,2586130.77,40000
1782775462,0,2843100,0,2952.91,40000.47,875519,1179647,1583103,2981887,6553599,155392,91815935,1473586.28,2021383.52,2843100,10,10,10,0,0,0,0,0,0,2057215,4558847,6295551,2300588.45,40000
1782775463,0,2883100,0,2991.35,39974.33,879615,1187839,1601535,3067903,6688767,155392,91815935,1490818.34,2023183.45,2883100,10,10,10,0,0,0,0,0,0,2260991,6356991,10551295,2715630.14,40000
1782775464,0,2923100,0,3029.71,40012.93,883711,1195007,1620991,3127295,6860799,155392,91815935,1510996.74,2050501.60,2923100,10,10,10,0,0,0,0,0,0,2125823,8335359,19415039,2965405.24,40000
1782775465,0,2963100,0,3067.98,39973.56,887807,1203199,1640447,3178495,7020543,155392,91815935,1525908.67,2056020.13,2963100,10,10,10,0,0,0,0,0,0,2063359,6033407,10756095,2615635.46,40000
1782775466,0,3002300,0,3105.35,39205.30,891903,1210367,1658879,3241983,7159807,155392,91815935,1542895.50,2065864.89,3002300,10,10,10,0,0,0,0,0,0,2189311,6655999,15024127,2826917.29,39200
1782775467,0,3043100,0,3144.30,40794.58,895999,1217535,1677311,3311615,7217151,155392,91815935,1558319.70,2069497.01,3043100,10,10,10,0,0,0,0,0,0,2138111,6307839,9773055,2693321.58,40800
1782775468,0,3083100,0,3182.35,40036.83,899583,1224703,1694719,3371007,7278591,155392,91815935,1571595.78,2066347.42,3083100,10,10,10,0,0,0,0,0,0,2164735,5832703,8351743,2581606.69,40000
1782775469,0,3123100,0,3220.31,39990.58,903679,1231871,1714175,3424255,7368703,155392,91815935,1586415.66,2076633.22,3123100,10,10,10,0,0,0,0,0,0,2111487,5955583,12738559,2728695.23,40000
1782775470,0,3163100,0,3258.19,39988.29,907775,1239039,1731583,3467263,7368703,155392,91815935,1597204.42,2070549.49,3163100,10,10,10,0,0,0,0,0,0,2160639,4792319,7405567,2439563.48,40000
1782775471,0,3202850,0,3295.75,39752.12,911359,1246207,1747967,3516415,7577599,155392,91815935,1610770.36,2075310.86,3202850,10,10,10,0,0,0,0,0,0,2056191,7401471,13000703,2690278.69,39750
1782775472,0,3242977,0,3333.61,40151.40,915455,1254399,1767423,3569663,7651327,155392,91815935,1623628.05,2073508.44,3242977,10,10,10,0,0,0,0,0,0,2226175,5423103,9207807,2649900.30,40127
1782775473,0,3282902,0,3371.18,39911.74,919039,1261567,1784831,3602431,7745535,155392,91815935,1636230.81,2077152.30,3282902,10,10,10,0,0,0,0,0,0,2156543,6369279,11411455,2659912.14,39925
1782775474,0,3323100,0,3408.96,40188.44,923135,1269759,1803263,3647487,7835647,155392,91815935,1647219.68,2073373.78,3323100,10,10,10,0,0,0,0,0,0,2109439,5378047,9019391,2544661.43,40198
1782775475,0,3363047,0,3446.41,39968.81,927231,1276927,1821695,3725311,8065023,155392,91815935,1665004.24,2091554.11,3363047,10,10,10,0,0,0,0,0,0,2287615,9445375,19251199,3144461.93,39947
1782775476,0,3403100,0,3483.88,40044.67,930815,1285119,1838079,3784703,8060927,155392,91815935,1675823.45,2087313.10,3403100,10,10,10,0,0,0,0,0,0,2160639,5537791,7987199,2584257.18,40053
1782775477,0,3442700,0,3520.82,39599.57,934911,1292287,1854463,3844095,8204287,155392,91815935,1691371.58,2109102.78,3442700,10,10,10,0,0,0,0,0,0,2174975,7016447,24363007,3027528.90,39600
1782775478,0,3483100,0,3558.49,40404.47,939007,1299455,1869823,3878911,8294399,155392,91815935,1702100.02,2109537.36,3483100,10,10,10,0,0,0,0,0,0,2066431,7503871,11296767,2616328.40,40400
1782775479,0,3522671,0,3595.24,39538.13,942591,1306623,1884159,3903487,8331263,155392,91815935,1710814.75,2107869.39,3522671,10,10,10,0,0,0,0,0,0,2036735,5390335,12009471,2477898.18,39571
1782775480,0,3562900,0,3632.60,40265.42,946175,1314815,1900543,3938303,8495103,155392,91815935,1723472.78,2115999.93,3562900,10,10,10,0,0,0,0,0,0,2127871,8495103,14794751,2831878.98,40229
1782775481,0,3603100,0,3669.84,40190.14,950271,1321983,1915903,3979263,8577023,155392,91815935,1735404.07,2121844.57,3603100,10,10,10,0,0,0,0,0,0,2172927,6729727,14123007,2792867.00,40200
1782775482,0,3643100,0,3706.80,39970.04,953855,1330175,1931263,4038655,8790015,155392,91815935,1751755.80,2147232.29,3643100,10,10,10,0,0,0,0,0,0,2205695,8888319,23347199,3224678.30,40000
1782775483,0,3683100,0,3743.70,40033.21,957951,1337343,1945599,4069375,8830975,155392,91815935,1762259.12,2148074.50,3683100,10,10,10,0,0,0,0,0,0,2168831,6017023,12058623,2718875.54,40000
1782775484,0,3722940,0,3780.35,39843.24,962047,1345535,1963007,4106239,8929279,155392,91815935,1775521.46,2158151.55,3722940,10,10,10,0,0,0,0,0,0,2297855,7139327,17580031,3001588.91,39840
1782775485,0,3763100,0,3817.25,40134.13,965631,1352703,1978367,4145151,9052159,155392,91815935,1786431.53,2160609.83,3763100,10,10,10,0,0,0,0,0,0,2154495,6189055,13705215,2797824.12,40160
1782775486,0,3803100,0,3853.92,40003.38,969727,1359871,1989631,4171775,9093119,155392,91815935,1795052.92,2159404.68,3803100,10,10,10,0,0,0,0,0,0,2101247,6418431,12255231,2606131.86,40000
1782775487,0,3843100,0,3890.51,40021.83,973311,1368063,2002943,4214783,9150463,155392,91815935,1805889.75,2163485.73,3843100,10,10,10,0,0,0,0,0,0,2211839,7221247,13656063,2836228.02,40000
1782775488,0,3883100,0,3927.03,39989.83,976895,1375231,2017279,4255743,9183231,155392,91815935,1816003.88,2163531.86,3883100,10,10,10,0,0,0,0,0,0,2260991,6184959,12476415,2787744.51,40000
1782775489,0,3923100,0,3963.47,39988.93,980479,1382399,2028543,4284415,9191423,155392,91815935,1823879.73,2159746.93,3923100,10,10,10,0,0,0,0,0,0,2115583,6201343,9265151,2588448.15,40000
1782775490,0,3963100,0,3999.84,39990.06,984575,1389567,2041855,4304895,9248767,155392,91815935,1834572.15,2170385.88,3963100,10,10,10,0,0,0,0,0,0,2306047,6049791,14671871,2883258.01,40000
1782775491,0,4003100,0,4036.14,40002.95,988159,1396735,2054143,4337663,9297919,155392,91815935,1844758.70,2175434.16,4003100,10,10,10,0,0,0,0,0,0,2201599,7057407,16121855,2854015.97,40000
1782775492,0,4042953,0,4072.22,39885.19,991743,1404927,2065407,4386815,9347071,155392,91815935,1856097.38,2185955.64,4042953,10,10,10,0,0,0,0,0,0,2201599,6516735,18710527,2995029.87,39853
1782775493,0,4083100,0,4108.52,40132.57,995327,1412095,2076671,4419583,9338879,155392,91815935,1863630.61,2181940.13,4083100,10,10,10,0,0,0,0,0,0,2168831,5726207,8814591,2622254.98,40147
1782775494,0,4123100,0,4144.60,40005.68,998911,1419263,2085887,4435967,9338879,155392,91815935,1869773.32,2176904.09,4123100,10,10,10,0,0,0,0,0,0,2107391,5201919,9084927,2496805.92,40000
1782775495,0,4163100,0,4180.60,40005.44,1002495,1426431,2097151,4460543,9314303,155392,91815935,1877222.36,2171899.41,4163100,10,10,10,0,0,0,0,0,0,2238463,5586943,7610367,2645050.80,40000
1782775496,0,4203100,0,4216.54,39999.09,1005567,1433599,2109439,4472831,9355263,155392,91815935,1884638.49,2171229.93,4203100,10,10,10,0,0,0,0,0,0,2211839,6488063,12345343,2656490.79,40000
1782775497,0,4243100,0,4252.40,39999.48,1009151,1440767,2117631,4493311,9420799,155392,91815935,1893280.74,2178225.39,4243100,10,10,10,0,0,0,0,0,0,2146303,6012927,14901247,2801387.10,40000
1782775498,0,4283100,0,4288.19,39976.35,1012735,1447935,2129919,4509695,9494527,155392,91815935,1902374.55,2184222.92,4283100,10,10,10,0,0,0,0,0,0,2236415,6688767,17793023,2867022.60,40000
1782775499,0,4322700,0,4323.50,39593.95,1016319,1455103,2138111,4517887,9453567,155392,91815935,1907368.75,2177560.40,4322700,10,10,10,0,0,0,0,0,0,2203647,5181439,6623231,2447536.52,39600
1782775500,0,4363100,0,4359.55,40418.92,1019903,1462271,2148351,4546559,9535487,155392,91815935,1916883.67,2185121.20,4363100,10,10,10,0,0,0,0,0,0,2238463,7196671,20348927,2934957.53,40400
1782775501,0,4403100,0,4395.13,40002.12,1022975,1469439,2158591,4575231,9691135,155392,91815935,1930571.11,2227851.73,4403100,10,10,10,0,0,0,0,0,0,2170879,10051583,28573695,3423562.48,40000
1782775502,0,4443100,0,4430.64,40011.07,1026559,1476607,2164735,4616191,9805823,155392,91815935,1939549.24,2233568.79,4443100,10,10,10,0,0,0,0,0,0,2071551,9150463,13467647,2927839.28,40000
1782775503,0,4483100,0,4466.07,39978.45,1030143,1483775,2174975,4632575,9830399,155392,91815935,1947033.13,2232967.57,4483100,10,10,10,0,0,0,0,0,0,2279423,6311935,11313151,2778325.23,40000
1782775504,0,4522874,0,4501.21,39800.19,1033727,1490943,2183167,4648959,9945087,155392,91815935,1955466.14,2235318.64,4522874,10,10,10,0,0,0,0,0,0,2234367,8126463,13205503,2905986.87,39774
1782775505,0,4563100,0,4536.73,40203.67,1037311,1498111,2193407,4677631,9969663,155392,91815935,1964168.21,2237281.96,4563100,10,10,10,0,0,0,0,0,0,2265087,7262207,11993087,2942598.80,40226
1782775506,0,4602853,0,4571.70,39751.53,1040895,1505279,2205695,4829183,11444223,155392,255328255,2191223.95,6019720.41,4602853,10,10,10,0,0,0,0,0,0,2764799,166592511,234749951,28254113.65,39753
1782775507,0,4642700,0,4606.70,39836.92,1043967,1512447,2215935,4845567,11452415,155392,255328255,2196301.48,5996764.90,4642700,10,10,10,0,0,0,0,0,0,2267135,5775359,13959167,2782823.47,39847
1782775508,0,4683100,0,4642.19,40411.61,1047551,1519615,2224127,4882431,11673599,155392,255328255,2203876.76,5976385.24,4683100,10,10,10,0,0,0,0,0,0,2273279,7258111,14950399,3074415.03,40400
1782775509,0,4723100,0,4677.20,40015.01,1051647,1526783,2234367,4911103,11739135,155392,255328255,2210999.84,5955564.20,4723100,10,10,10,0,0,0,0,0,0,2283519,7000063,14155775,3044951.85,40000
1782775510,0,4763100,0,4712.15,39997.84,1054719,1533951,2242559,4931583,11886591,155392,255328255,2217892.09,5935627.62,4763100,10,10,10,0,0,0,0,0,0,2297855,6348799,16687103,3031712.62,40000
1782775511,0,4802820,0,4746.74,39706.91,1057791,1541119,2250751,4960255,11952127,155392,255328255,2223854.93,5915643.86,4802820,10,10,10,0,0,0,0,0,0,2226175,7356415,16924671,2938899.50,39720
1782775512,0,4843100,0,4781.83,40285.50,1060863,1548287,2260991,5001215,11943935,155392,255328255,2231713.11,5895050.04,4843100,10,10,10,0,0,0,0,0,0,2387967,7634943,11157503,3168690.09,40280
1782775513,0,4882983,0,4816.45,39892.67,1064959,1555455,2271231,5021695,11927551,155392,255328255,2237058.62,5873822.81,4882983,10,10,10,0,0,0,0,0,0,2285567,6909951,11452415,2886178.55,39883
1782775514,0,4923100,0,4851.24,40117.18,1068031,1561599,2277375,5038079,12042239,155392,255328255,2242934.25,5856471.26,4923100,10,10,10,0,0,0,0,0,0,2174975,7548927,19054591,2958107.46,40117
1782775515,0,4963100,0,4885.84,39979.57,1071103,1567743,2283519,5058559,12050431,155392,255328255,2247716.46,5836228.42,4963100,10,10,10,0,0,0,0,0,0,2240511,6533119,12664831,2836299.16,40000
1782775516,0,5002700,0,4919.98,39605.58,1074175,1574911,2291711,5095423,12075007,155392,255328255,2255786.18,5822759.31,5002700,10,10,10,0,0,0,0,0,0,2332671,8388607,19578879,3267170.70,39600
1782775517,0,5043100,0,4954.83,40384.30,1078271,1581055,2301951,5128191,12132351,155392,255328255,2263012.42,5803775.99,5043100,10,10,10,0,0,0,0,0,0,2383871,7262207,14106623,3157830.96,40400
1782775518,0,5083100,0,4989.24,40034.74,1081343,1587199,2308095,5148671,12107775,155392,255328255,2267946.91,5784171.47,5083100,10,10,10,0,0,0,0,0,0,2195455,8044543,11526143,2890075.25,40000
1782775519,0,5122820,0,5023.29,39712.98,1084415,1594367,2316287,5173247,12099583,155392,255328255,2272700.10,5764154.36,5122820,10,10,10,0,0,0,0,0,0,2320383,5910527,11657215,2880982.50,39720
1782775520,0,5131960,0,5027.32,9133.92,1084415,1595391,2318335,5173247,12091391,155392,255328255,2273663.95,5759478.43,5131960,10,10,10,0,0,0,0,0,0,2547711,6565887,8077311,2813886.27,9140
1782775521,0,5133960,0,5024.36,2000.52,1084415,1595391,2318335,5173247,12091391,155392,255328255,2273301.27,5758439.35,5133960,10,10,10,0,0,0,0,0,0,1128447,2287615,8724479,1342667.68,2000
1782775522,0,5135960,0,5021.41,2001.01,1084415,1594367,2318335,5173247,12083199,155392,255328255,2272877.75,5757367.02,5135960,10,10,10,0,0,0,0,0,0,1112063,2140159,2805759,1185708.38,2000
1782775523,0,5137960,0,5018.45,1998.68,1084415,1594367,2316287,5173247,12083199,155392,255328255,2272465.96,5756299.68,5137960,10,10,10,0,0,0,0,0,0,1094655,2385919,4182015,1214991.52,2000
1782775524,0,5139960,0,5015.51,2000.18,1084415,1594367,2316287,5173247,12083199,155392,255328255,2271993.94,5755242.99,5139960,10,10,10,0,0,0,0,0,0,913919,2187263,3438591,1059374.85,2000
1782775525,0,5141960,0,5012.57,1999.98,1083391,1593343,2316287,5169151,12083199,155392,255328255,2271497.90,5754185.18,5141960,10,10,10,0,0,0,0,0,0,927231,1865727,2414591,996691.04,2000
1782775526,0,5143960,0,5009.63,1999.68,1083391,1593343,2316287,5169151,12075007,155392,255328255,2271054.75,5753145.00,5143960,10,10,10,0,0,0,0,0,0,944639,2131967,5570559,1131717.60,2000
1782775527,0,5145960,0,5006.71,2000.61,1083391,1593343,2316287,5169151,12075007,155392,255328255,2270609.67,5752079.41,5145960,10,10,10,0,0,0,0,0,0,1048575,1924095,3061759,1125874.91,2000
1782775528,0,5147960,0,5003.78,2000.37,1083391,1592319,2316287,5169151,12075007,155392,255328255,2270216.98,5751048.18,5147960,10,10,10,0,0,0,0,0,0,1064959,2081791,4268031,1259843.94,2000
1782775529,0,5149960,0,5000.87,1999.39,1083391,1592319,2314239,5165055,12075007,155392,255328255,2269786.53,5749978.57,5149960,10,10,10,0,0,0,0,0,0,1121279,1788927,2492415,1161802.62,2000
1782775530,0,5151960,0,4997.96,2001.18,1082367,1592319,2314239,5165055,12075007,155392,255328255,2269377.95,5748938.07,5151960,10,10,10,0,0,0,0,0,0,1049599,1874943,6877183,1217300.93,2000
1782775531,0,5153960,0,4995.05,1998.45,1082367,1591295,2314239,5165055,12075007,155392,255328255,2268957.33,5747876.84,5153960,10,10,10,0,0,0,0,0,0,1057791,2166783,3248127,1185462.75,2000
1782775532,0,5155960,0,4992.15,2000.69,1082367,1591295,2314239,5165055,12066815,155392,255328255,2268514.72,5746811.82,5155960,10,10,10,0,0,0,0,0,0,1071103,1907711,2328575,1127901.34,2000
1782775533,0,5157960,0,4989.26,2000.74,1082367,1591295,2314239,5160959,12066815,155392,255328255,2268105.77,5745765.39,5157960,10,10,10,0,0,0,0,0,0,1035775,2070527,6684671,1213845.25,2000
1782775534,0,5159960,0,4986.37,1998.93,1081343,1590271,2314239,5160959,12066815,155392,255328255,2267660.95,5744728.57,5159960,10,10,10,0,0,0,0,0,0,1001983,1725439,3375103,1120474.18,2000
1782775535,0,5161960,0,4983.48,2000.71,1081343,1590271,2312191,5160959,12066815,155392,255328255,2267236.38,5743670.69,5161960,10,10,10,0,0,0,0,0,0,1046527,2146303,3883007,1171861.50,2000
1782775536,0,5163960,0,4980.61,1999.60,1081343,1590271,2312191,5160959,12058623,155392,255328255,2266824.39,5742607.43,5163960,10,10,10,0,0,0,0,0,0,1096703,2117631,3239935,1203489.95,2000
1782775537,0,5165960,0,4977.74,2000.59,1081343,1589247,2312191,5160959,12058623,155392,255328255,2266454.70,5741593.06,5165960,10,10,10,0,0,0,0,0,0,1069055,2390015,4497407,1311927.39,2000
1782775538,0,5167960,0,4974.87,1998.71,1081343,1589247,2312191,5156863,12058623,155392,255328255,2266020.01,5740539.90,5167960,10,10,10,0,0,0,0,0,0,1022975,2056191,4599807,1143223.74,2000
1782775539,0,5169960,0,4972.01,2000.52,1080319,1589247,2312191,5156863,12058623,155392,255328255,2265554.40,5739491.30,5169960,10,10,10,0,0,0,0,0,0,906239,2028543,3723263,1062424.86,2000
1782775540,0,5171960,0,4969.15,1999.55,1080319,1588223,2312191,5156863,12058623,155392,255328255,2265146.78,5738485.46,5171960,10,10,10,0,0,0,0,0,0,891391,2512895,7667711,1211445.60,2000
1782775541,0,5173960,0,4966.30,1999.82,1080319,1588223,2310143,5156863,12050431,155392,255328255,2264682.18,5737434.38,5173960,10,10,10,0,0,0,0,0,0,990207,1987583,2648063,1063239.68,2000
1782775542,0,5175960,0,4963.46,2000.58,1080319,1588223,2310143,5156863,12050431,155392,255328255,2264325.62,5736493.73,5175960,10,10,10,0,0,0,0,0,0,936447,2500607,9437183,1341910.08,2000
1782775543,0,5177960,0,4960.62,2001.18,1079295,1588223,2310143,5152767,12050431,155392,255328255,2263942.39,5735435.85,5177960,10,10,10,0,0,0,0,0,0,1166335,2445311,3588095,1272163.97,2000
1782775544,0,5179960,0,4957.78,1999.29,1079295,1587199,2310143,5152767,12050431,155392,255328255,2263531.61,5734378.92,5179960,10,10,10,0,0,0,0,0,0,1118207,2215935,3819519,1200014.30,2000
1782775545,0,5181960,0,4954.96,2000.24,1079295,1587199,2310143,5152767,12042239,155392,255328255,2263106.23,5733323.05,5181960,10,10,10,0,0,0,0,0,0,1069055,2240511,2961407,1161398.02,2000
1782775546,0,5183960,0,4952.13,1999.81,1079295,1586175,2310143,5152767,12042239,155392,255328255,2262631.20,5732277.59,5183960,10,10,10,0,0,0,0,0,0,932351,1911807,3473407,1031834.62,2000
1782775547,0,5185960,0,4949.32,2000.46,1078271,1586175,2310143,5148671,12042239,155392,255328255,2262189.47,5731243.08,5185960,10,10,10,0,0,0,0,0,0,957951,2058239,4145151,1117239.10,2000
1782775548,0,5187960,0,4946.50,1999.03,1078271,1586175,2308095,5148671,12034047,155392,255328255,2261756.97,5730189.74,5187960,10,10,10,0,0,0,0,0,0,1088511,2085887,2965503,1140292.90,2000
1782775549,0,5189960,0,4943.70,2000.32,1078271,1586175,2308095,5148671,12034047,155392,255328255,2261387.15,5729191.43,5189960,10,10,10,0,0,0,0,0,0,1037823,2398207,8421375,1302072.16,2000
1782775550,0,5191960,0,4940.89,1999.29,1078271,1585151,2308095,5148671,12034047,155392,255328255,2260929.91,5728146.53,5191960,10,10,10,0,0,0,0,0,0,965631,1968127,3237887,1074410.50,2000
1782775551,0,5193960,0,4938.10,1999.67,1078271,1585151,2308095,5148671,12034047,155392,255328255,2260456.14,5727110.50,5193960,10,10,10,0,0,0,0,0,0,939007,1724415,2299903,1030547.10,2000
1782775552,0,5195960,0,4935.31,2000.48,1077247,1584127,2308095,5144575,12025855,155392,255328255,2260017.20,5726066.17,5195960,10,10,10,0,0,0,0,0,0,1016319,1797119,3833855,1120098.94,2000
1782775553,0,5197960,0,4932.52,1999.99,1077247,1584127,2308095,5144575,12025855,155392,255328255,2259578.67,5725020.69,5197960,10,10,10,0,0,0,0,0,0,996863,2107391,3561471,1120298.43,2000
1782775554,0,5199960,0,4929.74,2000.29,1077247,1584127,2306047,5144575,12025855,155392,255328255,2259133.68,5723994.95,5199960,10,10,10,0,0,0,0,0,0,895999,2164735,4792319,1102600.13,2000
1782775555,0,5201960,0,4926.97,1999.80,1077247,1584127,2306047,5144575,12025855,155392,255328255,2258714.81,5722948.25,5201960,10,10,10,0,0,0,0,0,0,1017343,2328575,3428351,1169672.32,2000
1782775556,0,5203960,0,4924.20,1999.81,1076223,1583103,2306047,5140479,12017663,155392,255328255,2258287.96,5721905.95,5203960,10,10,10,0,0,0,0,0,0,1051647,2123775,2746367,1148058.94,2000
1782775557,0,5205960,0,4921.43,2000.76,1076223,1583103,2306047,5140479,12017663,155392,255328255,2257909.91,5720856.00,5205960,10,10,10,0,0,0,0,0,0,1190911,2701311,4464639,1274214.75,2000
1782775558,0,5207942,0,4918.66,1981.43,1076223,1583103,2306047,5140479,12017663,155392,255328255,2257517.12,5719812.63,5207942,10,10,10,0,0,0,0,0,0,1173503,2377727,3254271,1225818.45,1982
1782775559,0,5209956,0,4915.92,2015.51,1076223,1582079,2306047,5140479,12017663,155392,255328255,2257176.25,5718759.08,5209956,10,10,10,0,0,0,0,0,0,1253375,2387967,5951487,1375728.40,2014
1782775560,0,5211960,0,4913.17,2003.11,1076223,1582079,2303999,5136383,12009471,155392,255328255,2256755.13,5717709.56,5211960,10,10,10,0,0,0,0,0,0,1088511,2138111,2842623,1161926.58,2004
1782775561,0,5213960,0,4910.43,1999.56,1076223,1582079,2303999,5136383,12009471,155392,255328255,2256353.02,5716684.34,5213960,10,10,10,0,0,0,0,0,0,1070079,2094079,3348479,1208477.79,2000
1782775562,0,5215960,0,4907.69,2000.01,1076223,1581055,2303999,5136383,12009471,155392,255328255,2255874.13,5715644.17,5215960,10,10,10,0,0,0,0,0,0,1017343,1591295,2053119,1007419.68,2000
1782775563,0,5217956,0,4904.96,1997.32,1075199,1581055,2303999,5136383,12009471,155392,255328255,2255523.68,5714620.81,5217956,10,10,10,0,0,0,0,0,0,1132543,3229695,8699903,1339723.58,1996
1782775564,0,5219960,0,4902.23,2003.10,1075199,1581055,2303999,5136383,12001279,155392,255328255,2255144.03,5713575.34,5219960,10,10,10,0,0,0,0,0,0,1167359,2080767,3954687,1266609.05,2004
1782775565,0,5221960,0,4899.51,2000.25,1075199,1580031,2303999,5132287,12001279,155392,255328255,2254670.51,5712536.89,5221960,10,10,10,0,0,0,0,0,0,1006591,1614847,2177023,1018803.42,2000
1782775566,0,5223960,0,4896.79,1999.83,1075199,1580031,2301951,5132287,12001279,155392,255328255,2254236.09,5711498.58,5223960,10,10,10,0,0,0,0,0,0,1007103,2136063,3930111,1119967.74,2000
1782775567,0,5225960,0,4894.08,1999.69,1075199,1580031,2301951,5132287,12001279,155392,255328255,2253817.46,5710457.23,5225960,10,10,10,0,0,0,0,0,0,1058815,2166783,3606527,1160361.22,2000
1782775568,0,5227960,0,4891.37,2000.35,1074175,1579007,2301951,5132287,11993087,155392,255328255,2253424.16,5709424.06,5227960,10,10,10,0,0,0,0,0,0,1005055,2955263,4960255,1225753.60,2000
1782775569,0,5229960,0,4888.67,2000.19,1074175,1579007,2301951,5128191,11993087,155392,255328255,2252960.00,5708387.97,5229960,10,10,10,0,0,0,0,0,0,971263,1798143,2842623,1039648.00,2000
1782775570,0,5231952,0,4885.96,1991.94,1074175,1579007,2301951,5128191,11993087,155392,255328255,2252650.48,5707527.88,5231952,10,10,10,0,0,0,0,0,0,1007615,2627583,15269887,1440014.81,1992
1782775571,0,5233960,0,4883.27,2007.27,1074175,1577983,2301951,5128191,11993087,155392,255328255,2252214.52,5706482.46,5233960,10,10,10,0,0,0,0,0,0,1058815,1908735,2361343,1116300.69,2008
1782775572,0,5235960,0,4880.59,2000.48,1074175,1577983,2301951,5128191,11993087,155392,255328255,2251817.26,5705443.80,5235960,10,10,10,0,0,0,0,0,0,1108991,2220031,4139007,1212194.91,2000
1782775573,0,5237950,0,4877.90,1990.02,1073151,1577983,2299903,5128191,11984895,155392,255328255,2251423.69,5704415.25,5237950,10,10,10,0,0,0,0,0,0,1121279,2197503,5046271,1215889.91,1990
1782775574,0,5239960,0,4875.23,2009.79,1073151,1577983,2299903,5124095,11984895,155392,255328255,2251049.41,5703370.93,5239960,10,10,10,0,0,0,0,0,0,1121279,2617343,4427775,1275679.90,2010
1782775575,0,5241960,0,4872.55,1999.98,1073151,1576959,2299903,5124095,11976703,155392,255328255,2250662.51,5702349.51,5241960,10,10,10,0,0,0,0,0,0,1018367,2379775,7073791,1236985.15,2000
1782775576,0,5243946,0,4869.88,1987.06,1073151,1576959,2299903,5124095,11968511,155392,255328255,2250242.85,5701321.79,5243946,10,10,10,0,0,0,0,0,0,1020415,2015231,3839999,1142591.10,1986
1782775577,0,5245960,0,4867.22,2012.37,1073151,1576959,2299903,5124095,11968511,155392,255328255,2249836.72,5700286.14,5245960,10,10,10,0,0,0,0,0,0,996863,2711551,5091327,1192378.47,2014
1782775578,0,5247960,0,4864.57,2000.87,1072127,1575935,2299903,5124095,11960319,155392,255328255,2249397.65,5699253.88,5247960,10,10,10,0,0,0,0,0,0,972287,2191359,3108863,1097709.60,2000
1782775579,0,5249960,0,4861.91,1999.92,1072127,1575935,2297855,5119999,11960319,155392,255328255,2248976.70,5698226.29,5249960,10,10,10,0,0,0,0,0,0,984575,2404351,4804607,1144426.21,2000
1782775580,0,5298340,0,4902.18,48357.28,1076223,1586175,2320383,5160959,11960319,155392,255328255,2261410.42,5677295.87,5298340,10,10,10,0,0,0,0,0,0,2998271,8413183,11943935,3610656.53,48380
1782775581,0,5358940,0,4953.66,60600.49,1082367,1599487,2347007,5226495,12099583,155392,255328255,2280373.72,5655901.96,5358940,10,10,10,0,0,0,0,0,0,3006463,9388031,16678911,3938360.31,60600
1782775582,0,5418340,0,5003.94,59405.03,1087487,1612799,2371583,5296127,12378111,155392,255328255,2301040.03,5642108.11,5418340,10,10,10,0,0,0,0,0,0,2881535,12853247,20987903,4165510.38,59400
1782775583,0,5478940,0,5055.24,60615.60,1092607,1626111,2396159,5402623,12648447,155392,255328255,2326318.91,5629315.35,5478940,10,10,10,0,0,0,0,0,0,3278847,13492223,20299775,4586542.93,60600
1782775584,0,5538940,0,5105.89,59975.91,1097727,1640447,2420735,5468159,12705791,155392,255328255,2345260.11,5609325.48,5538940,10,10,10,0,0,0,0,0,0,3201023,8806399,18579455,4074888.37,60000
1782775585,0,5598940,0,5156.45,60041.90,1102847,1652735,2443263,5533695,12877823,155392,255328255,2365035.21,5596347.93,5598940,10,10,10,0,0,0,0,0,0,2996223,9003007,22626303,4190586.50,60000
1782775586,0,5658940,0,5206.91,60006.42,1107967,1666047,2467839,5627903,13066239,155392,255328255,2386061.43,5581757.77,5658940,10,10,10,0,0,0,0,0,0,3123199,11321343,17317887,4348136.67,60000
1782775587,0,5718940,0,5257.28,59994.87,1113087,1678335,2494463,5709823,13287423,155392,255328255,2409124.67,5572994.96,5718940,10,10,10,0,0,0,0,0,0,3205119,12902399,26066943,4584350.07,60000
1782775588,0,5778940,0,5307.56,59964.97,1118207,1691647,2514943,5779455,13361151,155392,255328255,2427007.82,5556469.62,5778940,10,10,10,0,0,0,0,0,0,2881535,12009471,15392767,4131552.52,60000
1782775589,0,5838940,0,5357.74,60024.84,1123327,1704959,2541567,5869567,13533183,155392,255328255,2449650.69,5543667.26,5838940,10,10,10,0,0,0,0,0,0,3354623,13148159,19038207,4630512.99,60000
1782775590,0,5898940,0,5407.83,59967.59,1129471,1717247,2564095,5947391,13787135,155392,255328255,2472440.55,5540813.93,5898940,10,10,10,0,0,0,0,0,0,3162111,14417919,25804799,4690251.74,60000
1782775591,0,5958940,0,5457.84,60010.56,1134591,1729535,2588671,6033407,14082047,155392,255328255,2496508.89,5539799.55,5958940,10,10,10,0,0,0,0,0,0,3215359,14368767,24297471,4862803.70,60000
1782775592,0,6018940,0,5507.74,59985.37,1139711,1742847,2613247,6103039,14295039,155392,255328255,2515255.28,5526124.52,6018940,10,10,10,0,0,0,0,0,0,3092479,11485183,19021823,4377064.85,60000
1782775593,0,6078940,0,5557.57,60044.23,1144831,1756159,2635775,6184959,14532607,155392,255328255,2536985.27,5522488.40,6078940,10,10,10,0,0,0,0,0,0,3219455,11075583,26542079,4716843.63,60000
1782775594,0,6138940,0,5607.29,59968.32,1149951,1769471,2658303,6221823,14565375,155392,255328255,2550454.61,5503495.59,6138940,10,10,10,0,0,0,0,0,0,3024895,9461759,15138815,3915110.69,60000
1782775595,0,6198940,0,5656.93,60041.77,1155071,1782783,2682879,6320127,14737407,155392,255328255,2575080.13,5510609.94,6198940,10,10,10,0,0,0,0,0,0,3172351,13336575,34996223,5094656.23,60000
1782775596,0,6258940,0,5706.47,59962.42,1160191,1796095,2705407,6373375,14811135,155392,255328255,2590621.02,5494917.13,6258940,10,10,10,0,0,0,0,0,0,3129343,11468799,17907711,4196238.72,60000
1782775597,0,6318940,0,5755.93,60023.26,1165311,1809407,2729983,6459391,15056895,155392,255328255,2613101.05,5494994.91,6318940,10,10,10,0,0,0,0,0,0,3225599,14483455,29638655,4958120.04,60000
1782775598,0,6378940,0,5805.30,59976.22,1170431,1822719,2752511,6504447,15130623,155392,255328255,2629045.34,5484723.96,6378940,10,10,10,0,0,0,0,0,0,3194879,9576447,26198015,4308229.35,60000
1782775599,0,6438940,0,5854.58,60037.76,1175551,1835007,2770943,6569983,15187967,155392,255328255,2643758.22,5469226.09,6438940,10,10,10,0,0,0,0,0,0,3100671,10534911,17350655,4207967.26,60000
1782775600,0,6497740,0,5902.67,58798.07,1180671,1848319,2787327,6590463,15114239,155392,255328255,2652896.85,5448359.95,6497740,10,10,10,0,0,0,0,0,0,3055615,8749055,10280959,3653630.05,58800
1782775601,0,6558940,0,5952.86,61186.71,1185791,1861631,2811903,6696959,15450111,155392,255328255,2677862.10,5446996.08,6558940,10,10,10,0,0,0,0,0,0,3637247,16056319,25608191,5328477.75,61200
1782775602,0,6618940,0,6001.86,59969.60,1191935,1875967,2836479,6803455,15892479,155392,255328255,2704662.50,5448319.46,6618940,10,10,10,0,0,0,0,0,0,3819519,16719871,23052287,5634365.71,60000
1782775603,0,6678940,0,6050.79,60018.88,1197055,1890303,2861055,7020543,16793599,155392,255328255,2774013.94,5651365.96,6678940,10,10,10,0,0,0,0,0,0,3618815,49053695,70582271,10424564.99,60000
1782775604,0,6738940,0,6099.62,59983.30,1202175,1903615,2883583,7127039,17252351,155392,255328255,2803960.73,5670643.62,6738940,10,10,10,0,0,0,0,0,0,3459071,22953983,33161215,6137507.01,60000
1782775605,0,6798940,0,6148.36,60026.14,1207295,1916927,2906111,7229439,17350655,155392,255328255,2822113.19,5658352.90,6798940,10,10,10,0,0,0,0,0,0,3553279,12419071,18530303,4860919.12,60000
1782775606,0,6858940,0,6197.01,59968.13,1212415,1931263,2928639,7315455,17580031,155392,255328255,2843218.65,5656729.04,6858940,10,10,10,0,0,0,0,0,0,3504127,13647871,25296895,5234798.05,60000
1782775607,0,6918940,0,6245.58,60042.09,1217535,1944575,2949119,7401471,17760255,155392,255328255,2863583.36,5652536.26,6918940,10,10,10,0,0,0,0,0,0,3479551,14827519,26001407,5191589.03,60000
1782775608,0,6978940,0,6294.06,59985.38,1222655,1957887,2973695,7487487,18055167,155392,255328255,2888865.11,5663743.57,6978940,10,10,10,0,0,0,0,0,0,3647487,16924671,34471935,5804246.28,60000
1782775609,0,7038940,0,6342.45,60007.67,1227775,1971199,2994175,7593983,18038783,155392,255328255,2907599.07,5652605.60,7038940,10,10,10,0,0,0,0,0,0,3598335,12943359,17776639,5086652.08,60000
1782775610,0,7098940,0,6390.76,59975.39,1232895,1984511,3016703,7659519,18431999,155392,255328255,2936896.91,5694215.46,7098940,10,10,10,0,0,0,0,0,0,3610623,22249471,52035583,6373993.25,60000
1782775611,0,7158940,0,6438.98,60018.98,1238015,1997823,3039231,7720959,18530303,155392,255328255,2952580.20,5681580.99,7158940,10,10,10,0,0,0,0,0,0,3571711,12558335,19103743,4808159.35,60000
1782775612,0,7218940,0,6487.11,59982.08,1243135,2010111,3059711,7794687,18841599,155392,255328255,2973461.38,5685609.30,7218940,10,10,10,0,0,0,0,0,0,3448831,21020671,31424511,5464913.15,60000
1782775613,0,7278940,0,6535.15,60010.89,1248255,2022399,3078143,7864319,19005439,155392,255328255,2993911.74,5689785.19,7278940,10,10,10,0,0,0,0,0,0,3450879,16678911,36274175,5454410.08,60000
1782775614,0,7338940,0,6583.11,59981.41,1254399,2035711,3098623,7962623,19136511,155392,255328255,3013844.40,5684645.97,7338940,10,10,10,0,0,0,0,0,0,3610623,16121855,21151743,5431988.93,60000
1782775615,0,7398940,0,6630.98,60036.59,1259519,2049023,3119103,8024063,19234815,155392,255328255,3032541.79,5681308.84,7398940,10,10,10,0,0,0,0,0,0,3549183,15179775,25444351,5319524.63,60000
1782775616,0,7458940,0,6678.77,59955.18,1264639,2061311,3139583,8110079,19333119,155392,255328255,3051684.26,5675539.40,7458940,10,10,10,0,0,0,0,0,0,3602431,14811135,23674879,5412251.00,60000
1782775617,0,7518940,0,6726.47,60034.11,1269759,2074623,3158015,8216575,20070399,155392,255328255,3086669.82,5728456.45,7518940,10,10,10,0,0,0,0,0,0,3729407,32931839,45711359,7435923.17,60000
1782775618,0,7578940,0,6774.09,60015.96,1274879,2086911,3178495,8273919,20070399,155392,255328255,3101735.41,5718613.50,7578940,10,10,10,0,0,0,0,0,0,3590143,13082623,20037631,4989689.71,60000
1782775619,0,7638790,0,6821.49,59857.67,1281023,2099199,3194879,8318975,20152319,155392,255328255,3117870.17,5717165.44,7638790,10,10,10,0,0,0,0,0,0,3444735,13795327,28688383,5161051.54,59850
1782775620,0,7697140,0,6867.45,58292.20,1286143,2111487,3211263,8364031,20135935,155392,255328255,3130747.15,5707220.16,7697140,10,10,10,0,0,0,0,0,0,3387391,15204351,19283967,4816513.94,58350
1782775621,0,7758359,0,6915.91,61257.39,1291263,2125823,3227647,8454143,20398079,155392,255328255,3153958.52,5720744.22,7758359,10,10,10,0,0,0,0,0,0,3559423,19693567,37060607,6072352.44,61219
1782775622,0,7818940,0,6963.70,60579.30,1296383,2138111,3246079,8552447,20824063,155392,255328255,3177630.23,5734480.47,7818940,10,10,10,0,0,0,0,0,0,3592191,23838719,34701311,6209169.61,60581
1782775623,0,7878940,0,7010.90,60015.04,1302527,2150399,3264511,8601599,20840447,155392,255328255,3190934.43,5722987.39,7878940,10,10,10,0,0,0,0,0,0,3629055,12197887,21102591,4924679.15,60000
1782775624,0,7938940,0,7058.01,60001.41,1307647,2164735,3280895,8699903,21037055,155392,255328255,3210833.95,5726321.12,7938940,10,10,10,0,0,0,0,0,0,3518463,19447807,29425663,5823953.72,60000
1782775625,0,7998940,0,7105.03,59976.50,1313791,2177023,3301375,8765439,21020671,155392,255328255,3227411.79,5720274.70,7998940,10,10,10,0,0,0,0,0,0,3758079,14843903,19185663,5420919.35,60000
1782775626,0,8058940,0,7151.97,59991.65,1318911,2189311,3315711,8798207,21053439,155392,255328255,3238671.29,5710340.48,8058940,10,10,10,0,0,0,0,0,0,3463167,12525567,21479423,4739739.45,60000
1782775627,0,8118940,0,7198.83,60017.78,1325055,2201599,3332095,8855551,21004287,155392,255328255,3252654.05,5698788.72,8118940,10,10,10,0,0,0,0,0,0,3815423,11599871,17448959,5130756.92,60000
1782775628,0,8178940,0,7245.61,60014.56,1330175,2213887,3348479,8904703,21053439,155392,255328255,3268080.97,5698814.04,8178940,10,10,10,0,0,0,0,0,0,3497983,13099007,30900223,5355584.82,60000
1782775629,0,8238940,0,7292.30,59967.95,1336319,2226175,3366911,9003007,21282815,155392,255328255,3292123.26,5713470.27,8238940,10,10,10,0,0,0,0,0,0,3829759,20627455,32456703,6569464.46,60000
1782775630,0,8298940,0,7338.91,60008.17,1341439,2238463,3385343,9084927,21413887,155392,255328255,3311870.91,5715355.38,8298940,10,10,10,0,0,0,0,0,0,3932159,17055743,31965183,6023533.33,60000
1782775631,0,8358940,0,7385.44,59999.65,1347583,2250751,3397631,9158655,21725183,155392,255328255,3330507.31,5726711.65,8358940,10,10,10,0,0,0,0,0,0,3422207,23756799,34799615,5908212.57,60000
1782775632,0,8418940,0,7431.88,59981.86,1352703,2260991,3409919,9199615,21757951,155392,255328255,3342592.80,5719537.40,8418940,10,10,10,0,0,0,0,0,0,3387391,14098431,22446079,5026291.48,60000
1782775633,0,8478940,0,7478.25,59994.95,1358847,2273279,3424255,9265151,21889023,155392,255328255,3358188.14,5719368.67,8478940,10,10,10,0,0,0,0,0,0,3588095,17448959,26558463,5546458.07,60000
1782775634,0,8538880,0,7524.48,59983.71,1363967,2283519,3432447,9281535,21807103,155392,255328255,3365999.12,5705987.22,8538880,10,10,10,0,0,0,0,0,0,3186687,10412031,17301503,4470918.25,59940
1782775635,0,8598940,0,7570.73,60045.73,1370111,2293759,3436543,9289727,21774335,155392,255328255,3370777.07,5691428.29,8598940,10,10,10,0,0,0,0,0,0,3047423,10346495,14843903,4050069.67,60060
1782775636,0,8658940,0,7616.85,60002.35,1375231,2303999,3444735,9363455,21938175,155392,255328255,3385787.70,5694905.81,8658940,10,10,10,0,0,0,0,0,0,3090431,20365311,27934719,5537046.35,60000
1782775637,0,8718940,0,7662.89,59982.30,1381375,2314239,3452927,9437183,22036479,155392,255328255,3402349.97,5707470.44,8718940,10,10,10,0,0,0,0,0,0,3233791,18759679,40108031,5792545.54,60000
1782775638,0,8778940,0,7708.85,60038.77,1387519,2324479,3465215,9469951,22183935,155392,255328255,3415100.08,5703250.23,8778940,10,10,10,0,0,0,0,0,0,3457023,16211967,26460159,5267891.11,60000
1782775639,0,8838940,0,7754.72,59946.25,1392639,2336767,3477503,9510911,22151167,155392,255328255,3425111.65,5692606.21,8838940,10,10,10,0,0,0,0,0,0,3557375,11902975,21200895,4889960.47,60000
1782775640,0,8851980,0,7759.36,13046.05,1393663,2338815,3481599,9519103,22134783,155392,255328255,3426650.39,5690046.36,8851980,10,10,10,0,0,0,0,0,0,3577855,11886591,17596415,4469657.15,13040
1782775641,0,8853980,0,7754.31,2000.23,1392639,2338815,3479551,9519103,22134783,155392,255328255,3426097.79,5689530.19,8853980,10,10,10,0,0,0,0,0,0,844799,2115583,4050943,980288.48,2000
1782775642,0,8855980,0,7749.28,2000.48,1392639,2336767,3479551,9510911,22134783,155392,255328255,3425558.56,5689010.97,8855980,10,10,10,0,0,0,0,0,0,856063,2428927,4171775,1038394.78,2000
1782775643,0,8857980,0,7744.25,1998.98,1391615,2336767,3479551,9510911,22134783,155392,255328255,3425013.11,5688495.97,8857980,10,10,10,0,0,0,0,0,0,854015,2217983,4874239,1009774.53,2000
1782775644,0,8859980,0,7739.24,2000.74,1391615,2336767,3479551,9510911,22134783,155392,255328255,3424478.82,5687977.93,8859980,10,10,10,0,0,0,0,0,0,866303,2400255,4919295,1058133.82,2000
1782775645,0,8861980,0,7734.22,1998.70,1391615,2336767,3479551,9510911,22118399,155392,255328255,3423924.37,5687462.33,8861980,10,10,10,0,0,0,0,0,0,818687,2020351,3371007,967687.74,2000
1782775646,0,8863980,0,7729.23,2001.65,1390591,2336767,3479551,9510911,22118399,155392,255328255,3423400.42,5686963.71,8863980,10,10,10,0,0,0,0,0,0,858111,2260991,4886527,1101800.51,2000
1782775647,0,8865980,0,7724.24,1999.76,1390591,2334719,3477503,9510911,22118399,155392,255328255,3422841.99,5686449.05,8865980,10,10,10,0,0,0,0,0,0,859135,1745919,3098623,947862.72,2000
1782775648,0,8867980,0,7719.25,1999.54,1389567,2334719,3477503,9510911,22102015,155392,255328255,3422270.06,5685937.86,8867980,10,10,10,0,0,0,0,0,0,838143,1540095,1851391,886931.39,2000
1782775649,0,8869980,0,7714.28,2000.46,1389567,2334719,3477503,9502719,22102015,155392,255328255,3421785.81,5685448.05,8869980,10,10,10,0,0,0,0,0,0,904191,3008511,7684095,1274621.22,2000
1782775650,0,8871980,0,7709.31,1999.55,1388543,2334719,3477503,9502719,22102015,155392,255328255,3421242.50,5684930.04,8871980,10,10,10,0,0,0,0,0,0,854015,2328575,3467263,1011695.90,2000
1782775651,0,8873980,0,7704.36,1999.98,1388543,2334719,3477503,9502719,22085631,155392,255328255,3420700.34,5684412.86,8873980,10,10,10,0,0,0,0,0,0,862207,2330623,4182015,1015678.53,2000
1782775652,0,8875980,0,7699.40,1999.39,1387519,2332671,3477503,9502719,22085631,155392,255328255,3420207.17,5683892.01,8875980,10,10,10,0,0,0,0,0,0,937471,3397631,6660095,1232016.26,2000
1782775653,0,8877980,0,7694.47,2000.33,1387519,2332671,3475455,9502719,22085631,155392,255328255,3419656.44,5683375.24,8877980,10,10,10,0,0,0,0,0,0,875519,1947647,2840575,975507.49,2000
1782775654,0,8879980,0,7689.54,1999.94,1387519,2332671,3475455,9502719,22069247,155392,255328255,3419109.05,5682862.37,8879980,10,10,10,0,0,0,0,0,0,839679,1978367,4771839,989265.54,2000
1782775655,0,8881980,0,7684.62,2000.86,1386495,2332671,3475455,9502719,22069247,155392,255328255,3418565.83,5682345.02,8881980,10,10,10,0,0,0,0,0,0,878591,2234367,3467263,1006637.70,2000
1782775656,0,8883980,0,7679.70,1999.65,1386495,2332671,3475455,9494527,22069247,155392,255328255,3418040.23,5681826.21,8883980,10,10,10,0,0,0,0,0,0,875519,2349055,4665343,1083879.14,2000
1782775657,0,8885980,0,7674.80,2000.14,1385471,2330623,3475455,9494527,22069247,155392,255328255,3417532.32,5681347.22,8885980,10,10,10,0,0,0,0,0,0,856063,2357247,7725055,1161390.40,2000
1782775658,0,8887980,0,7669.90,1999.84,1385471,2330623,3475455,9494527,22069247,155392,255328255,3416997.25,5680826.58,8887980,10,10,10,0,0,0,0,0,0,900607,2234367,3336191,1039707.07,2000
1782775659,0,8889980,0,7665.01,1999.84,1384447,2330623,3473407,9494527,22069247,155392,255328255,3416452.91,5680310.99,8889980,10,10,10,0,0,0,0,0,0,844287,2320383,3682303,997408.45,2000
1782775660,0,8891980,0,7660.13,2000.49,1384447,2330623,3473407,9494527,22052863,155392,255328255,3415924.56,5679801.95,8891980,10,10,10,0,0,0,0,0,0,854015,2387967,5586943,1067417.60,2000
1782775661,0,8893980,0,7655.26,2000.11,1383423,2330623,3473407,9494527,22052863,155392,255328255,3415366.90,5679288.73,8893980,10,10,10,0,0,0,0,0,0,864767,1762303,2516991,935983.68,2000
1782775662,0,8895980,0,7650.39,1999.89,1383423,2328575,3473407,9494527,22052863,155392,255328255,3414828.90,5678773.60,8895980,10,10,10,0,0,0,0,0,0,842751,2301951,4460543,1022388.42,2000
1782775663,0,8897980,0,7645.54,1999.76,1383423,2328575,3473407,9486335,22052863,155392,255328255,3414298.01,5678254.68,8897980,10,10,10,0,0,0,0,0,0,902655,2077695,4493311,1052875.55,2000
1782775664,0,8899980,0,7640.69,1999.93,1382399,2328575,3471359,9486335,22052863,155392,255328255,3413719.18,5677750.34,8899980,10,10,10,0,0,0,0,0,0,797183,1456127,2367487,838528.19,2000
1782775665,0,8901980,0,7635.85,2000.06,1382399,2328575,3471359,9486335,22052863,155392,255328255,3413178.73,5677235.30,8901980,10,10,10,0,0,0,0,0,0,855039,2353151,3813375,1008164.58,2000
1782775666,0,8903980,0,7631.02,1998.78,1381375,2328575,3471359,9486335,22036479,155392,255328255,3412630.64,5676724.51,8903980,10,10,10,0,0,0,0,0,0,835071,1993727,3512319,973094.85,2000
1782775667,0,8905980,0,7626.20,2001.30,1381375,2326527,3471359,9486335,22036479,155392,255328255,3412124.35,5676238.93,8905980,10,10,10,0,0,0,0,0,0,866303,2668543,8503295,1158111.65,2000
1782775668,0,8907980,0,7621.39,2000.07,1380351,2326527,3471359,9486335,22036479,155392,255328255,3411564.38,5675731.15,8907980,10,10,10,0,0,0,0,0,0,814079,1723391,3325951,918024.00,2000
1782775669,0,8909980,0,7616.58,1999.24,1380351,2326527,3471359,9486335,22036479,155392,255328255,3411020.16,5675218.18,8909980,10,10,10,0,0,0,0,0,0,840191,2082815,4055039,987085.79,2000
1782775670,0,8911980,0,7611.78,1999.69,1379327,2326527,3469311,9478143,22036479,155392,255328255,3410472.31,5674708.73,8911980,10,10,10,0,0,0,0,0,0,816127,1999871,4591615,969815.52,2000
1782775671,0,8913980,0,7607.00,2000.60,1379327,2324479,3469311,9478143,22020095,155392,255328255,3409911.83,5674199.31,8913980,10,10,10,0,0,0,0,0,0,834559,1705983,2461695,912407.36,2000
1782775672,0,8915980,0,7602.22,2000.20,1378303,2324479,3469311,9478143,22020095,155392,255328255,3409360.02,5673686.68,8915980,10,10,10,0,0,0,0,0,0,870911,1686527,2236415,949933.76,2000
1782775673,0,8917980,0,7597.44,2000.20,1378303,2324479,3469311,9478143,22020095,155392,255328255,3408870.94,5673237.04,8917980,10,10,10,0,0,0,0,0,0,870399,2084863,12066815,1228563.81,2000
1782775674,0,8919980,0,7592.68,1999.52,1378303,2324479,3469311,9478143,22020095,155392,255328255,3408319.03,5672724.85,8919980,10,10,10,0,0,0,0,0,0,834559,1949695,2185215,947360.54,2000
1782775675,0,8921980,0,7587.92,2000.34,1377279,2324479,3469311,9478143,22020095,155392,255328255,3407797.46,5672214.19,8921980,10,10,10,0,0,0,0,0,0,842751,2344959,6672383,1081600.58,2000
1782775676,0,8923980,0,7583.17,2000.00,1377279,2322431,3467263,9478143,22020095,155392,255328255,3407258.16,5671699.74,8923980,10,10,10,0,0,0,0,0,0,882175,2144255,3229695,1001428.99,2000
1782775677,0,8925980,0,7578.43,1999.80,1376255,2322431,3467263,9478143,22003711,155392,255328255,3406703.93,5671190.33,8925980,10,10,10,0,0,0,0,0,0,842239,1808383,2689023,933770.40,2000
1782775678,0,8927980,0,7573.70,2000.16,1376255,2322431,3467263,9469951,22003711,155392,255328255,3406145.11,5670683.71,8927980,10,10,10,0,0,0,0,0,0,809983,1739775,3262463,912119.26,2000
1782775679,0,8929980,0,7568.98,1999.80,1375231,2322431,3467263,9469951,22003711,155392,255328255,3405581.88,5670178.30,8929980,10,10,10,0,0,0,0,0,0,795135,1684479,2377727,891343.46,2000
1782775680,0,8931980,0,7564.26,2000.18,1375231,2322431,3467263,9469951,22003711,155392,255328255,3405028.51,5669669.38,8931980,10,10,10,0,0,0,0,0,0,838655,1786879,2678783,934213.76,2000
1782775681,0,8933980,0,7559.55,2000.25,1374207,2320383,3465215,9469951,22003711,155392,255328255,3404488.40,5669161.22,8933980,10,10,10,0,0,0,0,0,0,818175,2064383,4161535,992378.94,2000
1782775682,0,8935980,0,7554.85,2000.03,1374207,2320383,3465215,9469951,22003711,155392,255328255,3403930.84,5668656.58,8935980,10,10,10,0,0,0,0,0,0,790015,1704959,3520511,913300.77,2000
1782775683,0,8937980,0,7550.16,1998.90,1373183,2320383,3465215,9469951,22003711,155392,255328255,3403375.84,5668151.11,8937980,10,10,10,0,0,0,0,0,0,803327,1879039,3815423,923657.63,2000
1782775684,0,8939980,0,7545.47,2000.24,1373183,2320383,3465215,9469951,22003711,155392,255328255,3402817.33,5667644.02,8939980,10,10,10,0,0,0,0,0,0,820735,1830911,2553855,906823.04,2000
1782775685,0,8941980,0,7540.80,1999.76,1373183,2320383,3465215,9461759,21987327,155392,255328255,3402271.14,5667132.12,8941980,10,10,10,0,0,0,0,0,0,884223,1835007,2508799,960810.66,2000
1782775686,0,8943980,0,7536.13,1999.86,1372159,2318335,3465215,9461759,21987327,155392,255328255,3401751.26,5666623.29,8943980,10,10,10,0,0,0,0,0,0,893951,2131967,6930431,1077366.98,2000
1782775687,0,8945980,0,7531.47,2000.81,1372159,2318335,3463167,9461759,21987327,155392,255328255,3401185.18,5666120.22,8945980,10,10,10,0,0,0,0,0,0,785407,1776639,2562047,869680.70,2000
1782775688,0,8947980,0,7526.82,2000.34,1371135,2318335,3463167,9461759,21987327,155392,255328255,3400626.07,5665614.62,8947980,10,10,10,0,0,0,0,0,0,825343,1653759,2478079,899764.38,2000
1782775689,0,8949980,0,7522.17,2000.14,1371135,2318335,3463167,9461759,21987327,155392,255328255,3400100.13,5665127.66,8949980,10,10,10,0,0,0,0,0,0,818687,1852415,4841471,1047018.14,2000
1782775690,0,8951980,0,7517.53,1999.91,1370111,2316287,3463167,9461759,21987327,155392,255328255,3399535.66,5664623.63,8951980,10,10,10,0,0,0,0,0,0,808959,1684479,2267135,873562.11,2000
1782775691,0,8953980,0,7512.90,1999.30,1370111,2316287,3463167,9461759,21987327,155392,255328255,3399002.17,5664120.22,8953980,10,10,10,0,0,0,0,0,0,820735,1831935,6799359,1011101.98,2000
1782775692,0,8955980,0,7508.28,2001.10,1369087,2316287,3463167,9461759,21987327,155392,255328255,3398450.49,5663612.37,8955980,10,10,10,0,0,0,0,0,0,840703,1794047,2598911,928568.96,2000
1782775693,0,8957980,0,7503.67,1999.89,1369087,2316287,3461119,9453567,21987327,155392,255328255,3397890.53,5663107.38,8957980,10,10,10,0,0,0,0,0,0,843775,1499135,2402303,890410.24,2000
1782775694,0,8959980,0,7499.06,1998.98,1368063,2316287,3461119,9453567,21970943,155392,255328255,3397367.71,5662607.98,8959980,10,10,10,0,0,0,0,0,0,816127,2111487,7114751,1055666.85,2000
1782775695,0,8961980,0,7494.46,2000.96,1368063,2314239,3461119,9453567,21970943,155392,255328255,3396795.63,5662108.48,8961980,10,10,10,0,0,0,0,0,0,785919,1519615,2383871,833862.88,2000
1782775696,0,8963980,0,7489.87,2000.12,1368063,2314239,3461119,9453567,21970943,155392,255328255,3396242.62,5661601.77,8963980,10,10,10,0,0,0,0,0,0,822271,1817599,2623487,918232.54,2000
1782775697,0,8965980,0,7485.29,1999.84,1367039,2314239,3461119,9453567,21970943,155392,255328255,3395730.54,5661107.68,8965980,10,10,10,0,0,0,0,0,0,827391,2385919,6029311,1100585.54,2000
1782775698,0,8967980,0,7480.71,1999.59,1367039,2314239,3459071,9453567,21970943,155392,255328255,3395170.78,5660604.60,8967980,10,10,10,0,0,0,0,0,0,804863,1697791,2777087,885756.61,2000
1782775699,0,8969980,0,7476.15,2000.61,1366015,2314239,3459071,9453567,21970943,155392,255328255,3394644.87,5660100.96,8969980,10,10,10,0,0,0,0,0,0,847359,2113535,5038079,1036476.48,2000
1782775700,0,9035180,0,7524.22,65176.66,1372159,2326527,3481599,9691135,22675455,155392,255328255,3444444.62,5740125.77,9035180,10,10,10,0,0,0,0,0,0,6344703,32325631,53182463,10295713.93,65200
1782775701,0,9115180,0,7584.52,80026.15,1379327,2340863,3504127,9871359,22970367,155392,255328255,3473927.95,5757129.58,9115180,10,10,10,0,0,0,0,0,0,3960831,22298623,32522239,6803768.57,80000
1782775702,0,9193100,0,7642.94,77249.35,1386495,2355199,3530751,10231807,24854527,155392,255328255,3598957.25,6542013.68,9193100,10,10,10,0,0,0,0,0,0,5349375,94896127,151126015,18225041.91,77920
1782775703,0,9275180,0,7704.83,82780.12,1394687,2371583,3559423,10567679,25935871,155392,255328255,3672947.46,6692644.87,9275180,10,10,10,0,0,0,0,0,0,5537791,46104575,65830911,11959977.77,82080
1782775704,0,9355180,0,7764.84,80011.59,1401855,2385919,3579903,10657791,25870335,155392,255328255,3689899.73,6678752.00,9355180,10,10,10,0,0,0,0,0,0,3930111,13901823,24690687,5655341.51,80000
1782775705,0,9434380,0,7824.08,79155.99,1409023,2398207,3602431,10887167,26230783,155392,255328255,3728530.03,6707628.38,9434380,10,10,10,0,0,0,0,0,0,4382719,26902527,41517055,8291578.03,79200
1782775706,0,9515180,0,7884.55,80828.14,1417215,2412543,3618815,11059199,26394623,155392,255328255,3753488.24,6717796.46,9515180,10,10,10,0,0,0,0,0,0,3518463,23560191,35586047,6667662.48,80800
1782775707,0,9594380,0,7943.60,79208.93,1425407,2424831,3637247,11296767,27049983,155392,255328255,3796664.57,6792104.22,9594380,10,10,10,0,0,0,0,0,0,3780607,34308095,64192511,8983918.24,79200
1782775708,0,9675180,0,8003.86,80765.48,1432575,2439167,3657727,11460607,27590655,155392,255328255,3833006.56,6838695.83,9675180,10,10,10,0,0,0,0,0,0,3936255,31178751,51675135,8148339.27,80800
1782775709,0,9755180,0,8063.37,80001.50,1440767,2451455,3680255,11681791,28131327,155392,255328255,3869959.39,6878518.67,9755180,10,10,10,0,0,0,0,0,0,3956735,32047103,45940735,8339024.86,80000
1782775710,0,9835180,0,8122.78,79993.20,1447935,2465791,3700735,11862015,28311551,155392,255328255,3898037.77,6887319.50,9835180,10,10,10,0,0,0,0,0,0,4044799,22118399,33243135,7321909.17,80000
1782775711,0,9915180,0,8182.10,80036.26,1456127,2478079,3719167,12099583,29097983,155392,255328255,3938515.32,6958739.27,9915180,10,10,10,0,0,0,0,0,0,3856383,36208639,64618495,8914814.86,80000
1782775712,0,9993740,0,8240.13,78562.49,1463295,2492415,3737599,12312575,29523967,155392,255328255,3971843.97,6996679.45,9993740,10,10,10,0,0,0,0,0,0,3735551,30228479,49479679,8178304.49,78560
1782775713,0,10074780,0,8300.11,81050.13,1471487,2504703,3753983,12427263,29491199,155392,255328255,3989994.56,6990005.78,10074780,10,10,10,0,0,0,0,0,0,3749887,19070975,24788991,6228300.47,81040
1782775714,0,10155180,0,8359.46,80402.94,1479679,2519039,3776511,12656639,30064639,155392,255328255,4034248.01,7071871.21,10155180,10,10,10,0,0,0,0,0,0,4100095,35782655,68943871,9579568.66,80400
1782775715,0,10235180,0,8418.38,79943.15,1486847,2531327,3792895,12771327,30228479,155392,255328255,4058924.20,7084458.94,10235180,10,10,10,0,0,0,0,0,0,3649535,25477119,43253759,7191313.59,80000
1782775716,0,10315180,0,8477.21,80010.18,1495039,2543615,3807231,12836863,30146559,155392,255328255,4073197.06,7074322.03,10315180,10,10,10,0,0,0,0,0,0,3631103,17858559,27197439,5899263.31,80000
1782775717,0,10394540,0,8535.42,79416.64,1502207,2555903,3821567,12886015,30294015,155392,255328255,4087674.64,7074227.51,10394540,10,10,10,0,0,0,0,0,0,3555327,18235391,42598399,5969464.71,79360
1782775718,0,10475180,0,8594.57,80581.79,1510399,2568191,3844095,13074431,30785535,155392,255328255,4124783.46,7127243.45,10475180,10,10,10,0,0,0,0,0,0,4126719,35291135,56164351,8908129.60,80640
1782775719,0,10552895,0,8651.24,77721.48,1518591,2578431,3858431,13221887,31096831,155392,255328255,4151387.18,7153923.20,10552895,10,10,10,0,0,0,0,0,0,3686399,26787839,52658175,7737294.91,77715
1782775720,0,10635180,0,8711.55,82292.13,1526783,2590719,3872767,13418495,32014335,155392,255328255,4197924.36,7263027.86,10635180,10,10,10,0,0,0,0,0,0,3620863,46235647,67305471,10166229.55,82285
1782775721,0,10715180,0,8769.90,79995.44,1534975,2600959,3889151,13524991,32423935,155392,255328255,4222699.94,7295628.83,10715180,10,10,10,0,0,0,0,0,0,3780607,26181631,58654719,7516358.81,80000
1782775722,0,10795180,0,8828.15,80040.33,1543167,2613247,3909631,13664255,32653311,155392,255328255,4249942.59,7308650.90,10795180,10,10,10,0,0,0,0,0,0,3987455,25051135,43384831,7898816.96,80000
1782775723,0,10874380,0,8885.65,79200.40,1551359,2625535,3928063,13787135,33210367,155392,255328255,4282504.15,7358738.89,10874380,10,10,10,0,0,0,0,0,0,4024319,37093375,63569919,8720734.72,79200
1782775724,0,10954380,0,8943.71,79974.19,1559551,2635775,3944447,13885439,33226751,155392,255328255,4300569.01,7355998.84,10954380,10,10,10,0,0,0,0,0,0,3684351,19972095,33652735,6756120.46,80000
1782775725,0,11035180,0,9002.33,80759.79,1566719,2646015,3962879,14049279,33488895,155392,255328255,4327762.63,7374457.14,11035180,10,10,10,0,0,0,0,0,0,4003839,24903679,45940735,8014510.62,80800
1782775726,0,11113622,0,9058.94,78505.35,1574911,2656255,3977215,14131199,33849343,155392,255328255,4350069.21,7391194.93,11113622,10,10,10,0,0,0,0,0,0,3762175,25886719,52985855,7488148.40,78442
1782775727,0,11195180,0,9117.98,81491.90,1583103,2668543,3993599,14262271,33783807,155392,255328255,4370878.57,7391716.52,11195180,10,10,10,0,0,0,0,0,0,3839999,21970943,32669695,7206496.88,81558
1782775728,0,11275180,0,9175.66,80009.23,1591295,2676735,4007935,14401535,33882111,155392,255328255,4392559.33,7398479.11,11275180,10,10,10,0,0,0,0,0,0,3735551,23937023,34668543,7426559.68,80000
1782775729,0,11355180,0,9233.25,80009.50,1599487,2686975,4024319,14483455,33751039,155392,255328255,4406699.32,7387990.91,11355180,10,10,10,0,0,0,0,0,0,3891199,18743295,23838719,6399584.67,80000
1782775730,0,11434648,0,9290.32,79478.57,1607679,2697215,4038655,14589951,33849343,155392,255328255,4425422.57,7389287.10,11434648,10,10,10,0,0,0,0,0,0,3762175,21463039,35880959,7100787.46,79468
1782775731,0,11514380,0,9347.50,79761.15,1615871,2707455,4057087,14671871,34078719,155392,255328255,4449229.81,7403151.31,11514380,10,10,10,0,0,0,0,0,0,4032511,27099135,40534015,7863509.87,79732
1782775732,0,11595180,0,9405.46,80805.23,1624063,2715647,4075519,14794751,34373631,155392,255328255,4476839.35,7430034.20,11595180,10,10,10,0,0,0,0,0,0,4077567,31834111,49709055,8411329.95,80800
1782775733,0,11675180,0,9462.68,79997.15,1632255,2725887,4098047,14917631,34766847,155392,255328255,4505560.45,7462030.43,11675180,10,10,10,0,0,0,0,0,0,4526079,31473663,51871743,8668388.76,80000
1782775734,0,11754540,0,9519.29,79361.04,1640447,2734079,4122623,15106047,35094527,155392,255328255,4539900.61,7496680.41,11754540,10,10,10,0,0,0,0,0,0,4689919,31539199,50036735,9591911.62,79360
1782775735,0,11835180,0,9576.82,80526.95,1648639,2742271,4132863,15122431,34963455,155392,255328255,4545830.13,7481759.59,11835180,10,10,10,0,0,0,0,0,0,3543039,16695295,25378815,5410149.19,80640
1782775736,0,11915180,0,9633.77,80111.17,1656831,2752511,4153343,15359999,35782655,155392,255328255,4603921.96,7652964.96,11915180,10,10,10,0,0,0,0,0,0,4227071,60194815,93192191,13198014.14,80000
1782775737,0,11995180,0,9690.62,79942.77,1665023,2760703,4171775,15458303,35782655,155392,255328255,4623216.84,7656326.25,11995180,10,10,10,0,0,0,0,0,0,4112383,23904255,37552127,7496990.36,80000
1782775738,0,12074964,0,9747.20,79820.02,1673215,2770943,4188159,15532031,35717119,155392,255328255,4635024.75,7645131.82,12074964,10,10,10,0,0,0,0,0,0,4007935,18431999,29474815,6410293.59,79784
1782775739,0,12155180,0,9804.04,80205.80,1681407,2779135,4206591,15605759,35913727,155392,255328255,4657795.96,7665497.45,12155180,10,10,10,0,0,0,0,0,0,4003839,31703039,52723711,8085560.78,80216
1782775740,0,12235180,0,9860.61,80016.25,1688575,2787327,4227071,15745023,35979263,155392,255328255,4679430.85,7674767.67,12235180,10,10,10,0,0,0,0,0,0,4329471,27770879,38305791,7966630.22,80000
1782775741,0,12315180,0,9917.10,80019.34,1696767,2795519,4247551,15917055,36339711,155392,255328255,4716402.19,7742150.83,12315180,10,10,10,0,0,0,0,0,0,3987455,39878655,67436543,10370789.92,80000
1782775742,0,12394380,0,9972.84,79138.18,1703935,2803711,4259839,15941631,36274175,155392,255328255,4724915.20,7731520.04,12394380,10,10,10,0,0,0,0,0,0,3821567,17809407,34144255,6048642.98,79200
1782775743,0,12471980,0,10027.21,77615.72,1711103,2811903,4280319,16064511,36503551,155392,255328255,4744623.69,7744170.32,12471980,10,10,10,0,0,0,0,0,0,3969023,27721727,46432255,7892491.05,77600
1782775744,0,12554712,0,10085.61,82708.52,1719295,2820095,4300799,16146431,36569087,155392,255328255,4764507.40,7752815.31,12554712,10,10,10,0,0,0,0,0,0,4141055,27312127,42532863,7762008.36,82732
1782775745,0,12635180,0,10142.11,80510.93,1727487,2828287,4313087,16228351,36438015,155392,255328255,4776524.68,7744761.33,12635180,10,10,10,0,0,0,0,0,0,3655679,19824639,29884415,6651474.53,80468
1782775746,0,12715180,0,10198.14,80009.15,1734655,2834431,4333567,16318463,36929535,155392,255328255,4801334.15,7783461.72,12715180,10,10,10,0,0,0,0,0,0,4024319,37879807,58720255,8719735.82,80000
1782775747,0,12795180,0,10254.08,79961.29,1742847,2842623,4341759,16343039,36863999,155392,255328255,4808742.59,7772201.06,12795180,10,10,10,0,0,0,0,0,0,3553279,18546687,28606463,5986238.16,80000
1782775748,0,12875180,0,10309.93,80036.52,1750015,2848767,4362239,16474111,37224447,155392,255328255,4835945.31,7805905.29,12875180,10,10,10,0,0,0,0,0,0,3946495,38502399,53182463,9186740.75,80000
1782775749,0,12955180,0,10365.69,80024.20,1758207,2856959,4382719,16564223,37519359,155392,255328255,4858103.37,7821782.38,12955180,10,10,10,0,0,0,0,0,0,4214783,28295167,49610751,8424216.24,80000
1782775750,0,13033706,0,10420.19,78521.58,1765375,2863103,4390911,16613375,37486591,155392,255328255,4865965.72,7815007.59,13033706,10,10,10,0,0,0,0,0,0,3540991,19726335,33914879,6163093.23,78526
1782775751,0,13115180,0,10476.94,81412.18,1772543,2869247,4411391,16662527,37355519,155392,255328255,4878375.13,7808795.54,13115180,10,10,10,0,0,0,0,0,0,4093951,21594111,30375935,6863554.48,81474
1782775752,0,13195180,0,10532.43,79999.85,1779711,2875391,4419583,16744447,37879807,155392,255328255,4899152.98,7848504.19,13195180,10,10,10,0,0,0,0,0,0,3493887,36798463,66584575,8305468.71,80000
1782775753,0,13275082,0,10587.76,79925.03,1787903,2881535,4440063,16859135,37945343,155392,255328255,4920621.63,7860940.70,13275082,10,10,10,0,0,0,0,0,0,4114431,28131327,43909119,8465999.29,79902
1782775754,0,13353580,0,10641.88,78513.01,1795071,2885631,4444159,16908287,37912575,155392,255328255,4930122.64,7857394.32,13353580,10,10,10,0,0,0,0,0,0,3338239,21889023,36110335,6536871.93,78498
1782775755,0,13435180,0,10698.38,81549.70,1802239,2893823,4456447,16957439,37978111,155392,255328255,4942596.67,7859301.24,13435180,10,10,10,0,0,0,0,0,0,3704831,24363007,39059455,6983933.26,81600
1782775756,0,13515180,0,10753.53,80021.44,1810431,2899967,4481023,17039359,38404095,155392,255328255,4970647.19,7914441.25,13515180,10,10,10,0,0,0,0,0,0,4345855,37224447,73531391,9681443.80,80000
1782775757,0,13595180,0,10808.58,80047.29,1816575,2906111,4501503,17088511,38404095,155392,255328255,4983847.96,7912494.80,13595180,10,10,10,0,0,0,0,0,0,4206591,20217855,37453823,7213982.91,80000
1782775758,0,13675180,0,10863.54,79947.35,1823743,2912255,4509695,17121279,38502399,155392,255328255,4993858.43,7913746.06,13675180,10,10,10,0,0,0,0,0,0,3729407,22183935,43089919,6695034.36,80000
1782775759,0,13755180,0,10918.42,80005.18,1830911,2918399,4517887,17186815,38371327,155392,255328255,5002717.63,7905879.79,13755180,10,10,10,0,0,0,0,0,0,3684351,20774911,27705343,6517107.59,80000
1782775760,0,13774450,0,10925.05,19275.68,1830911,2918399,4521983,17186815,38338559,155392,255328255,5003453.48,7902804.65,13774450,10,10,10,0,0,0,0,0,0,3506175,17858559,22790143,5528713.46,19270
1782775761,0,13779450,0,10920.35,4998.20,1829887,2918399,4517887,17186815,38338559,155392,255328255,5002149.48,7901722.57,13779450,10,10,10,0,0,0,0,0,0,1104895,2775039,6021119,1409771.83,5000
1782775762,0,13784450,0,10915.66,4999.34,1828863,2918399,4517887,17170431,38338559,155392,255328255,5000742.82,7900639.14,13784450,10,10,10,0,0,0,0,0,0,1076223,1847295,2545663,1124138.73,5000
1782775763,0,13789450,0,10910.98,5002.35,1827839,2916351,4517887,17170431,38305791,155392,255328255,4999355.01,7899551.21,13789450,10,10,10,0,0,0,0,0,0,1053695,2091007,3751935,1173310.57,5000
1782775764,0,13794450,0,10906.31,5001.13,1825791,2916351,4513791,17170431,38305791,155392,255328255,4997972.30,7898463.98,13794450,10,10,10,0,0,0,0,0,0,1046015,2240511,4751359,1184633.09,5000
1782775765,0,13799450,0,10901.65,4999.13,1824767,2916351,4513791,17154047,38305791,155392,255328255,4996596.67,7897371.99,13799450,10,10,10,0,0,0,0,0,0,1089535,2250751,3780607,1201363.06,5000
1782775766,0,13804450,0,10896.99,4999.44,1823743,2914303,4513791,17154047,38305791,155392,255328255,4995228.51,7896279.54,13804450,10,10,10,0,0,0,0,0,0,1065983,2312191,4792319,1219271.44,5000
1782775767,0,13809450,0,10892.34,5001.22,1822719,2914303,4509695,17154047,38305791,155392,255328255,4993841.46,7895197.23,13809450,10,10,10,0,0,0,0,0,0,1016319,2303999,4808703,1164347.10,5000
1782775768,0,13814450,0,10887.70,5001.19,1821695,2914303,4509695,17154047,38273023,155392,255328255,4992526.59,7894108.50,13814450,10,10,10,0,0,0,0,0,0,1080319,2955263,7364607,1361007.41,5000
1782775769,0,13819450,0,10883.05,4995.13,1819647,2914303,4509695,17137663,38273023,155392,255328255,4991147.52,7893021.11,13819450,10,10,10,0,0,0,0,0,0,1074175,2027519,4048895,1180917.98,5000
1782775770,0,13824450,0,10878.42,5000.46,1818623,2912255,4505599,17137663,38273023,155392,255328255,4989760.46,7891939.63,13824450,10,10,10,0,0,0,0,0,0,1061887,1908735,4677631,1156090.04,5000
1782775771,0,13829450,0,10873.80,5002.81,1817599,2912255,4505599,17137663,38273023,155392,255328255,4988406.68,7890849.83,13829450,10,10,10,0,0,0,0,0,0,1053695,2531327,5582847,1245337.09,5000
1782775772,0,13834450,0,10869.19,4999.99,1816575,2912255,4505599,17137663,38273023,155392,255328255,4987028.51,7889764.72,13834450,10,10,10,0,0,0,0,0,0,1086463,1864703,4276223,1175180.89,5000
1782775773,0,13839450,0,10864.58,4998.70,1815551,2910207,4505599,17121279,38273023,155392,255328255,4985679.51,7888677.80,13839450,10,10,10,0,0,0,0,0,0,1044479,2181119,6320127,1253137.02,5000
1782775774,0,13844450,0,10859.98,4999.88,1813503,2910207,4501503,17121279,38240255,155392,255328255,4984308.08,7887593.93,13844450,10,10,10,0,0,0,0,0,0,1039359,2252799,4583423,1188337.84,5000
1782775775,0,13849450,0,10855.38,4998.53,1812479,2910207,4501503,17121279,38240255,155392,255328255,4982917.07,7886514.86,13849450,10,10,10,0,0,0,0,0,0,1036287,2069503,2955263,1131365.12,5000
1782775776,0,13854450,0,10850.80,5003.76,1811455,2908159,4501503,17121279,38240255,155392,255328255,4981589.58,7885440.88,13854450,10,10,10,0,0,0,0,0,0,1054719,2492415,5001215,1304594.93,5000
1782775777,0,13859450,0,10846.22,4999.48,1810431,2908159,4497407,17104895,38240255,155392,255328255,4980217.50,7884359.22,13859450,10,10,10,0,0,0,0,0,0,1039359,2061311,4788223,1178316.76,5000
1782775778,0,13864450,0,10841.65,5000.70,1808383,2908159,4497407,17104895,38207487,155392,255328255,4978819.44,7883286.81,13864450,10,10,10,0,0,0,0,0,0,1028607,1855487,3477503,1103554.59,5000
1782775779,0,13869450,0,10837.09,4998.16,1807359,2906111,4497407,17104895,38207487,155392,255328255,4977441.56,7882209.56,13869450,10,10,10,0,0,0,0,0,0,1056767,1930239,4665343,1156722.68,5000
1782775780,0,13874450,0,10832.53,4999.38,1806335,2906111,4493311,17104895,38207487,155392,255328255,4976109.28,7881120.09,13874450,10,10,10,0,0,0,0,0,0,1065983,2746367,5681151,1280536.68,5000
1782775781,0,13879450,0,10827.98,4999.47,1805311,2906111,4493311,17088511,38207487,155392,255328255,4974715.64,7880048.85,13879450,10,10,10,0,0,0,0,0,0,1019903,1724415,3788799,1107505.89,5000
1782775782,0,13884450,0,10823.43,4999.76,1803263,2906111,4493311,17088511,38207487,155392,255328255,4973369.67,7878979.06,13884450,10,10,10,0,0,0,0,0,0,1051647,2170879,4689919,1237113.33,5000
1782775783,0,13889450,0,10818.90,5003.74,1802239,2904063,4489215,17088511,38207487,155392,255328255,4971976.85,7877912.58,13889450,10,10,10,0,0,0,0,0,0,1002495,1801215,3364863,1104269.22,5000
1782775784,0,13894450,0,10814.37,5000.06,1801215,2904063,4489215,17088511,38174719,155392,255328255,4970628.04,7876824.91,13894450,10,10,10,0,0,0,0,0,0,1098751,2351103,4003839,1223775.78,5000
1782775785,0,13899450,0,10809.85,4999.99,1800191,2904063,4489215,17072127,38174719,155392,255328255,4969270.48,7875742.49,13899450,10,10,10,0,0,0,0,0,0,1043455,2293759,4136959,1196755.67,5000
1782775786,0,13904450,0,10805.33,4998.31,1799167,2902015,4485119,17072127,38174719,155392,255328255,4967893.45,7874667.89,13904450,10,10,10,0,0,0,0,0,0,1062911,1883135,3379199,1139893.04,5000
1782775787,0,13909450,0,10800.82,4998.38,1797119,2902015,4485119,17072127,38174719,155392,255328255,4966532.42,7873589.45,13909450,10,10,10,0,0,0,0,0,0,1067007,2013183,4820991,1181661.24,5000
1782775788,0,13914450,0,10796.33,5001.38,1796095,2902015,4485119,17072127,38174719,155392,255328255,4965165.00,7872518.38,13914450,10,10,10,0,0,0,0,0,0,1055743,1751039,5500927,1161146.89,5000
1782775789,0,13919450,0,10791.83,4999.57,1795071,2899967,4481023,17055743,38174719,155392,255328255,4963786.84,7871447.87,13919450,10,10,10,0,0,0,0,0,0,1021951,2013183,3962879,1128520.77,5000
1782775790,0,13924450,0,10787.34,4997.79,1793023,2899967,4481023,17055743,38174719,155392,255328255,4962388.55,7870390.23,13924450,10,10,10,0,0,0,0,0,0,966143,1669119,4968447,1069721.68,5000
1782775791,0,13929450,0,10782.86,4999.72,1791999,2899967,4481023,17055743,38174719,155392,255328255,4961002.67,7869324.28,13929450,10,10,10,0,0,0,0,0,0,1006591,1990655,3209215,1101469.59,5000
1782775792,0,13934450,0,10778.39,5000.02,1790975,2897919,4476927,17055743,38141951,155392,255328255,4959613.82,7868257.59,13934450,10,10,10,0,0,0,0,0,0,1041407,1780735,2478079,1090444.49,5000
1782775793,0,13939450,0,10773.92,5000.37,1788927,2897919,4476927,17055743,38141951,155392,255328255,4958273.62,7867186.84,13939450,10,10,10,0,0,0,0,0,0,1071103,1998847,6209535,1223266.18,5000
1782775794,0,13944450,0,10769.47,5004.43,1787903,2897919,4476927,17039359,38141951,155392,255328255,4956878.91,7866126.27,13944450,10,10,10,0,0,0,0,0,0,1001471,1810431,2445311,1068591.16,5000
1782775795,0,13949450,0,10765.02,4998.79,1786879,2895871,4472831,17039359,38141951,155392,255328255,4955506.61,7865054.94,13949450,10,10,10,0,0,0,0,0,0,1050623,1980415,2893823,1128301.75,5000
1782775796,0,13954450,0,10760.57,5000.32,1785855,2895871,4472831,17039359,38141951,155392,255328255,4954158.52,7863993.17,13954450,10,10,10,0,0,0,0,0,0,1048063,1988607,3420159,1193136.65,5000
1782775797,0,13959450,0,10756.13,4997.28,1783807,2895871,4472831,17039359,38141951,155392,255328255,4952799.52,7862921.21,13959450,10,10,10,0,0,0,0,0,0,1060863,2013183,2871295,1159974.82,5000
1782775798,0,13964450,0,10751.70,5001.52,1782783,2893823,4472831,17039359,38141951,155392,255328255,4951425.56,7861858.48,13964450,10,10,10,0,0,0,0,0,0,983551,2066431,5218303,1115478.77,5000
1782775799,0,13969450,0,10747.27,4997.71,1781759,2893823,4468735,17022975,38109183,155392,255328255,4950076.84,7860790.27,13969450,10,10,10,0,0,0,0,0,0,1023999,2193407,5009407,1183259.84,5000
1782775800,0,13974450,0,10742.85,5002.37,1780735,2893823,4468735,17022975,38109183,155392,255328255,4948698.41,7859725.45,13974450,10,10,10,0,0,0,0,0,0,1033215,1899519,2488319,1097523.26,5000
1782775801,0,13979450,0,10738.44,5000.41,1778687,2891775,4468735,17022975,38109183,155392,255328255,4947366.39,7858645.56,13979450,10,10,10,0,0,0,0,0,0,1094655,2142207,4853759,1224522.61,5000
1782775802,0,13984450,0,10734.04,4997.58,1777663,2891775,4464639,17022975,38109183,155392,255328255,4946001.79,7857582.65,13984450,10,10,10,0,0,0,0,0,0,997375,2144255,5017599,1130707.90,5000
1782775803,0,13989450,0,10729.64,5002.04,1776639,2891775,4464639,17022975,38109183,155392,255328255,4944665.95,7856512.04,13989450,10,10,10,0,0,0,0,0,0,1030655,2465791,6443007,1208476.04,5000
1782775804,0,13994450,0,10725.25,4998.30,1775615,2891775,4464639,17006591,38109183,155392,255328255,4943316.21,7855440.17,13994450,10,10,10,0,0,0,0,0,0,1063935,2066431,3883007,1166903.78,5000
1782775805,0,13999450,0,10720.86,5000.48,1773567,2889727,4460543,17006591,38076415,155392,255328255,4941976.49,7854369.81,13999450,10,10,10,0,0,0,0,0,0,1035775,2680831,4607999,1192253.57,5000
1782775806,0,14004450,0,10716.48,4998.73,1772543,2889727,4460543,17006591,38076415,155392,255328255,4940604.97,7853308.74,14004450,10,10,10,0,0,0,0,0,0,1050623,1850367,3291135,1100490.27,5000
1782775807,0,14009450,0,10712.12,5003.09,1771519,2889727,4460543,17006591,38076415,155392,255328255,4939219.48,7852252.92,14009450,10,10,10,0,0,0,0,0,0,1013759,1742847,2134015,1058605.66,5000
1782775808,0,14014450,0,10707.75,5000.19,1770495,2887679,4456447,16990207,38076415,155392,255328255,4937869.25,7851187.36,14014450,10,10,10,0,0,0,0,0,0,1009663,2463743,4255743,1154670.81,5000
1782775809,0,14019450,0,10703.39,4997.75,1768447,2887679,4456447,16990207,38076415,155392,255328255,4936531.65,7850124.80,14019450,10,10,10,0,0,0,0,0,0,1003519,2070527,6426623,1187406.07,5000
1782775810,0,14024450,0,10699.05,5003.31,1767423,2887679,4456447,16990207,38076415,155392,255328255,4935158.86,7849071.03,14024450,10,10,10,0,0,0,0,0,0,989695,1819647,2936831,1085994.80,5000
1782775811,0,14029450,0,10694.70,4997.81,1766399,2885631,4452351,16990207,38076415,155392,255328255,4933822.30,7848012.54,14029450,10,10,10,0,0,0,0,0,0,972287,2322431,6135807,1184905.20,5000
1782775812,0,14034450,0,10690.36,5000.44,1765375,2885631,4452351,16973823,38043647,155392,255328255,4932464.90,7846950.31,14034450,10,10,10,0,0,0,0,0,0,1033727,1939455,2506751,1123754.12,5000
1782775813,0,14039450,0,10686.03,4998.78,1763327,2885631,4452351,16973823,38043647,155392,255328255,4931124.17,7845886.71,14039450,10,10,10,0,0,0,0,0,0,1034239,2113535,5119999,1167854.05,5000
1782775814,0,14044450,0,10681.71,5002.01,1762303,2883583,4448255,16973823,38043647,155392,255328255,4929749.16,7844832.38,14044450,10,10,10,0,0,0,0,0,0,1001983,1841151,2473983,1068880.37,5000
1782775815,0,14049450,0,10677.38,4996.53,1761279,2883583,4448255,16973823,38043647,155392,255328255,4928389.48,7843774.58,14049450,10,10,10,0,0,0,0,0,0,1005567,2123775,3350527,1109197.30,5000
1782775816,0,14054450,0,10673.07,5000.95,1760255,2883583,4448255,16957439,38043647,155392,255328255,4927037.53,7842714.99,14054450,10,10,10,0,0,0,0,0,0,1032191,1826815,3067903,1128195.70,5000
1782775817,0,14059450,0,10668.77,5003.51,1758207,2881535,4444159,16957439,38043647,155392,255328255,4925662.29,7841661.93,14059450,10,10,10,0,0,0,0,0,0,1031167,1634303,2232319,1060001.54,5000
1782775818,0,14064450,0,10664.47,4997.00,1757183,2881535,4444159,16957439,38010879,155392,255328255,4924290.40,7840611.64,14064450,10,10,10,0,0,0,0,0,0,998399,1723391,3121151,1066693.89,5000
1782775819,0,14069450,0,10660.18,5000.10,1756159,2881535,4444159,16957439,38010879,155392,255328255,4922968.68,7839544.87,14069450,10,10,10,0,0,0,0,0,0,1056767,2557951,5046271,1205133.81,5000
1782775820,0,14150420,0,10713.41,80979.69,1763327,2891775,4505599,17891327,43089919,155392,255328255,5163583.79,8793423.14,14150420,10,10,10,0,0,0,0,0,0,40763391,112394239,133693439,46973170.08,80970
1782775821,0,14249146,0,10780.00,98747.45,1772543,2904063,4587519,18792447,45613055,155392,255328255,5332151.79,9169575.06,14249146,10,10,10,0,0,0,0,0,0,23658495,77332479,101646335,29493042.08,98726
1782775822,0,14349420,0,10847.65,100251.87,1781759,2918399,4665343,19169279,46006271,155392,255328255,5409314.85,9250028.43,14349420,10,10,10,0,0,0,0,0,0,11894783,45121535,60555263,16374346.96,100274
1782775823,0,14450420,0,10915.75,101021.25,1791999,2930687,4743167,19644415,46465023,155392,255328255,5482067.45,9327741.66,14450420,10,10,10,0,0,0,0,0,0,10575871,46596095,61210623,15818280.98,101000
1782775824,0,14549420,0,10982.24,98963.67,1801215,2942975,4833279,19906559,46432255,155392,255328255,5534934.86,9345716.36,14549420,10,10,10,0,0,0,0,0,0,10690559,30785535,43253759,13251666.20,99000
1782775825,0,14650420,0,11050.13,100971.19,1810431,2957311,4927487,20250623,47284223,155392,255328255,5620987.84,9481159.53,14650420,10,10,10,0,0,0,0,0,0,11886591,61571071,82116607,18017234.63,101000
1782775826,0,14749780,0,11116.69,99412.91,1819647,2969599,5025791,20725759,49283071,155392,255328255,5735424.27,9710788.59,14749780,10,10,10,0,0,0,0,0,0,14344191,73269247,91619327,22608831.90,99360
1782775827,0,14850420,0,11184.12,100658.54,1828863,2983935,5136383,21233663,50200575,155392,255328255,5842163.32,9928988.32,14850420,10,10,10,0,0,0,0,0,0,13787135,73007103,112656383,21485818.91,100640
1782775828,0,14950420,0,11250.95,99974.57,1838079,2996223,5246975,21528575,50757631,155392,255328255,5912007.12,9993987.30,14950420,10,10,10,0,0,0,0,0,0,11034623,44826623,69795839,16284103.59,100000
1782775829,0,15051020,0,11318.15,100650.14,1847295,3010559,5369855,21938175,51412991,155392,255328255,5995513.48,10089574.57,15051020,10,10,10,0,0,0,0,0,0,12263423,51576831,71696383,18405605.49,100600
1782775830,0,15150020,0,11384.03,99004.61,1856511,3024895,5496831,22183935,51838975,155392,255328255,6063579.86,10150286.14,15150020,10,10,10,0,0,0,0,0,0,12312575,41320447,77135871,16411745.01,99000
1782775831,0,15250340,0,11450.80,100214.47,1866751,3039231,5627903,22675455,52297727,155392,255328255,6158918.45,10279526.02,15250340,10,10,10,0,0,0,0,0,0,14909439,54755327,90046463,20556661.29,100320
1782775832,0,15350420,0,11517.30,100101.34,1875967,3053567,5746687,23019519,52822015,155392,255328255,6235669.26,10360092.50,15350420,10,10,10,0,0,0,0,0,0,12517375,52330495,66715647,17931073.67,100080
1782775833,0,15450420,0,11583.64,100002.36,1885183,3067903,5861375,23511039,53641215,155392,255328255,6327878.57,10492089.60,15450420,10,10,10,0,0,0,0,0,0,14680063,60456959,92274687,20482393.54,100000
1782775834,0,15545526,0,11646.22,95173.77,1894399,3080191,5980159,23724031,53706751,155392,255328255,6386231.81,10528116.68,15545526,10,10,10,0,0,0,0,0,0,12435455,40828927,63766527,15865992.76,95106
1782775835,0,15651420,0,11716.77,105795.08,1904639,3096575,6115327,24084479,54132735,155392,255328255,6467708.78,10614677.86,15651420,10,10,10,0,0,0,0,0,0,13221887,52396031,79036415,18428748.26,105894
1782775836,0,15750420,0,11782.06,99081.72,1913855,3108863,6238207,24330239,54001663,155392,255328255,6526435.38,10636349.53,15750420,10,10,10,0,0,0,0,0,0,13131775,37748735,44498943,15810826.04,99000
1782775837,0,15851020,0,11848.46,100620.41,1923071,3123199,6356991,24674303,54755327,155392,255328255,6604785.71,10769709.42,15851020,10,10,10,0,0,0,0,0,0,12025855,67305471,106889215,18871691.41,100600
1782775838,0,15947420,0,11911.60,96322.33,1931263,3137535,6483967,24854527,54722559,155392,255328255,6657260.40,10791474.91,15947420,10,10,10,0,0,0,0,0,0,12156927,39682047,54132735,15285655.83,96400
1782775839,0,16050640,0,11979.76,103267.58,1941503,3151871,6627327,25280511,54919167,155392,255328255,6741341.45,10867404.54,16050640,10,10,10,0,0,0,0,0,0,14286847,50921471,62193663,19731806.01,103220
1782775840,0,16148420,0,12043.75,97790.82,1950719,3166207,6762495,26017791,56524799,155392,255328255,6895979.53,11283850.73,16148420,10,10,10,0,0,0,0,0,0,19660799,107544575,141557759,32279903.80,97780
1782775841,0,16248420,0,12109.30,99969.01,1959935,3180543,6905855,26689535,57999359,155392,255328255,7018428.97,11472444.64,16248420,10,10,10,0,0,0,0,0,0,19759103,71892991,91357183,26792080.18,100000
1782775842,0,16349903,0,12175.85,101460.11,1969151,3196927,7036927,26935295,57835519,155392,255328255,7075978.18,11490541.16,16349903,10,10,10,0,0,0,0,0,0,13156351,37486591,46759935,16290168.48,101483
1782775843,0,16450420,0,12241.59,100518.58,1977343,3211263,7163903,27197439,57868287,155392,255328255,7140945.35,11526059.03,16450420,10,10,10,0,0,0,0,0,0,13967359,43646975,62095359,17708380.94,100517
1782775844,0,16550420,0,12306.85,100016.26,1986559,3225599,7282687,28000255,60850175,155392,255328255,7318792.39,12101767.29,16550420,10,10,10,0,0,0,0,0,0,22052863,130088959,170524671,36575377.72,100000
1782775845,0,16650520,0,12372.09,100104.33,1994751,3239935,7385087,28131327,60719103,155392,255328255,7363918.13,12107172.16,16650520,10,10,10,0,0,0,0,0,0,11943935,35520511,54132735,14824956.54,100100
1782775846,0,16749420,0,12436.33,98893.70,2003967,3254271,7499775,28327935,60719103,155392,255328255,7417335.61,12128971.36,16749420,10,10,10,0,0,0,0,0,0,12099583,42565631,60915711,16410549.37,98900
1782775847,0,16851020,0,12502.49,101643.14,2012159,3270655,7655423,28852223,61571071,155392,255328255,7516478.97,12258902.38,16851020,10,10,10,0,0,0,0,0,0,17039359,63864831,101974015,23860905.22,101600
1782775848,0,16950420,0,12566.92,99413.25,2021375,3284991,7757823,29130751,61800447,155392,255328255,7576223.11,12302969.55,16950420,10,10,10,0,0,0,0,0,0,12673023,51085311,72876031,17704490.14,99400
1782775849,0,17050520,0,12631.76,100103.89,2029567,3301375,7880703,29409279,61833215,155392,255328255,7640360.41,12336575.26,17050520,10,10,10,0,0,0,0,0,0,13746175,46006271,62488575,18501041.53,100100
1782775850,0,17149420,0,12695.63,98898.23,2038783,3315711,7983103,29802495,63504383,155392,255328255,7757502.18,12680613.22,17149420,10,10,10,0,0,0,0,0,0,13852671,113836031,153747455,27952933.35,98900
1782775851,0,17248666,0,12759.65,99196.48,2046975,3332095,8097791,29949951,63373311,155392,255328255,7805275.51,12688283.00,17248666,10,10,10,0,0,0,0,0,0,12255231,39059455,49250303,16060367.34,99246
1782775852,0,17350026,0,12825.14,101391.96,2056191,3348479,8228863,30212095,63504383,155392,255328255,7873433.91,12734087.65,17350026,10,10,10,0,0,0,0,0,0,13910015,49250303,71172095,19472106.35,101360
1782775853,0,17450420,0,12889.82,100317.12,2064383,3364863,8351743,30441471,63406079,155392,255328255,7934103.32,12756941.03,17450420,10,10,10,0,0,0,0,0,0,15359999,44498943,53805055,18418952.35,100394
1782775854,0,17550420,0,12954.12,100067.68,2072575,3379199,8445951,30474239,63307775,155392,255328255,7966473.90,12745315.76,17550420,10,10,10,0,0,0,0,0,0,10747903,33030143,40927231,13615275.57,100000
1782775855,0,17650420,0,13018.33,100014.70,2081791,3395583,8577023,30801919,63799295,155392,255328255,8048955.04,12827360.17,17650420,10,10,10,0,0,0,0,0,0,16596991,63799295,83034111,22524741.86,100000
1782775856,0,17750120,0,13082.21,99690.20,2089983,3411967,8675327,30867455,63700991,155392,255328255,8087955.52,12822466.59,17750120,10,10,10,0,0,0,0,0,0,11812863,35127295,42270719,14992417.04,99700
1782775857,0,17851420,0,13147.18,101269.95,2099199,3428351,8740863,30900223,63635455,155392,255328255,8116178.21,12817683.17,17851420,10,10,10,0,0,0,0,0,0,9527295,35979263,60981247,13061450.29,101300
1782775858,0,17951020,0,13210.80,99586.78,2107391,3444735,8822783,30932991,63569919,155392,255328255,8148004.63,12812869.76,17951020,10,10,10,0,0,0,0,0,0,10829823,33849343,55705599,13852290.67,99600
1782775859,0,18043420,0,13269.04,92388.47,2115583,3459071,8888319,31047679,63471615,155392,255328255,8182373.05,12816574.52,18043420,10,10,10,0,0,0,0,0,0,10502143,41451519,51675135,14859300.42,92400
1782775860,0,18150420,0,13337.92,106999.01,2125823,3475455,8986623,31490047,65142783,155392,255328255,8306435.40,13172579.70,18150420,10,10,10,0,0,0,0,0,0,13336575,124583935,154796031,29227081.31,107000
1782775861,0,18251120,0,13402.07,100758.44,2134015,3491839,9060351,31539199,65044479,155392,255328255,8339090.50,13165440.36,18251120,10,10,10,0,0,0,0,0,0,10805247,36143103,45219839,14224928.02,100700
1782775862,0,18348020,0,13463.34,96862.97,2142207,3506175,9125887,31571967,64978943,155392,255328255,8365557.84,13157762.46,18348020,10,10,10,0,0,0,0,0,0,9945087,32899071,52166655,13350682.41,96900
1782775863,0,18429392,0,13513.14,81412.08,2148351,3522559,9256959,32604159,73334783,155392,818413567,9338845.04,25000198.46,18429392,10,10,10,0,0,0,0,0,0,131727359,713555967,780664831,228798769.70,81372
1782775864,0,18549420,0,13591.18,120016.13,2158591,3543039,9363455,33062911,75825151,155392,818413567,9643866.05,27237204.76,18549420,10,10,10,0,0,0,0,0,0,13221887,351272959,687341567,56477536.90,120028
1782775865,0,18650420,0,13655.17,100987.12,2166783,3559423,9453567,33357823,75694079,155392,818413567,9693531.01,27198170.12,18650420,10,10,10,0,0,0,0,0,0,13672447,55443455,67567615,18814879.10,101000
1782775866,0,18749094,0,13717.38,98672.67,2174975,3575807,9527295,33554431,76283903,155392,818413567,9741705.71,27179023.41,18749094,10,10,10,0,0,0,0,0,0,10690559,75038719,94699519,18847227.97,98674
1782775867,0,18850079,0,13781.17,100957.96,2183167,3592191,9584639,33505279,76152831,155392,818413567,9755147.14,27113973.81,18850079,10,10,10,0,0,0,0,0,0,9854975,30048255,38731775,12250712.30,100985
1782775868,0,18951420,0,13845.14,101363.44,2191359,3608575,9666559,33685503,76021759,155392,818413567,9796369.52,27069197.44,18951420,10,10,10,0,0,0,0,0,0,11771903,51380223,70975487,17463997.49,101341
1782775869,0,19045996,0,13904.06,94421.75,2199551,3624959,9732095,33751039,75825151,155392,818413567,9819176.85,27014964.66,19045996,10,10,10,0,0,0,0,0,0,10608639,38174719,51871743,14389377.84,94576
1782775870,0,19144635,0,13965.90,98815.99,2207743,3643391,9797631,33947647,75628543,155392,818413567,9859389.07,26970802.11,19144635,10,10,10,0,0,0,0,0,0,11214847,49086463,59277311,17623882.73,98639
1782775871,0,19251420,0,14033.55,106741.61,2215935,3661823,9871359,34242559,76021759,155392,818413567,9911499.09,26946401.43,19251420,10,10,10,0,0,0,0,0,0,11640831,66224127,85131263,19253890.41,106785
1782775872,0,19349420,0,14094.72,98054.27,2224127,3680255,9936895,34340863,75825151,155392,818413567,9938970.87,26896204.65,19349420,10,10,10,0,0,0,0,0,0,10772479,45809663,64159743,15335612.02,98000
1782775873,0,19449940,0,14157.63,100512.50,2232319,3696639,9977855,34308095,75694079,155392,818413567,9948159.01,26835271.11,19449940,10,10,10,0,0,0,0,0,0,8699903,32243711,45219839,11716813.12,100520
1782775874,0,19548520,0,14219.04,98594.39,2240511,3715071,10043391,34308095,75431935,155392,818413567,9966733.39,26778104.91,19548520,10,10,10,0,0,0,0,0,0,10641407,35323903,49774591,13631478.00,98580
1782775875,0,19650420,0,14282.77,101872.68,2248703,3731455,10092543,34373631,75628543,155392,818413567,9991278.96,26732877.98,19650420,10,10,10,0,0,0,0,0,0,9502719,39157759,88276991,14700107.52,101900
1782775876,0,19749420,0,14344.29,98977.31,2256895,3747839,10141695,34340863,75366399,155392,818413567,10006740.31,26675453.49,19749420,10,10,10,0,0,0,0,0,0,9846783,34078719,46923775,13075650.40,99000
1782775877,0,19850486,0,14407.24,101102.05,2265087,3766271,10182655,34406399,75235327,155392,818413567,10024110.92,26625190.93,19850486,10,10,10,0,0,0,0,0,0,8757247,42926079,68550655,13418520.89,101066
1782775878,0,19950420,0,14469.26,99888.73,2273279,3784703,10223615,34340863,75038719,155392,818413567,10032407.17,26564388.94,19950420,10,10,10,0,0,0,0,0,0,9281535,26869759,38731775,11680340.31,99934
1782775879,0,20048420,0,14529.80,97996.92,2281471,3801087,10264575,34340863,74776575,155392,818413567,10042374.81,26509806.03,20048420,10,10,10,0,0,0,0,0,0,8708095,32833535,53051391,12071543.28,98000
1782775880,0,20074490,0,14538.16,26080.77,2281471,3805183,10280959,34471935,75366399,155392,818413567,10066474.02,26522918.42,20074490,10,10,10,0,0,0,0,0,0,17661951,93716479,103677951,28599316.43,26070
1782775881,0,20079490,0,14531.26,4998.02,2281471,3803135,10280959,34471935,75366399,155392,818413567,10064284.47,26519988.05,20079490,10,10,10,0,0,0,0,0,0,1060863,1894399,5410815,1273471.65,5000
1782775882,0,20084490,0,14524.37,5002.79,2279423,3803135,10272767,34471935,75366399,155392,818413567,10062049.82,26517065.88,20084490,10,10,10,0,0,0,0,0,0,1031167,1789951,2353151,1087919.55,5000
1782775883,0,20089490,0,14517.48,4995.66,2277375,3801087,10272767,34471935,75366399,155392,818413567,10059822.71,26514142.37,20089490,10,10,10,0,0,0,0,0,0,1057791,1853439,2455551,1113739.58,5000
1782775884,0,20094490,0,14510.61,5000.94,2277375,3801087,10272767,34439167,75366399,155392,818413567,10057624.90,26511212.46,20094490,10,10,10,0,0,0,0,0,0,1086463,2012159,5234687,1227047.95,5000
1782775885,0,20099490,0,14503.75,5000.39,2275327,3799039,10264575,34439167,75366399,155392,818413567,10055381.72,26508297.14,20099490,10,10,10,0,0,0,0,0,0,965119,1756159,2772991,1040254.45,5000
1782775886,0,20104490,0,14496.89,4998.31,2275327,3799039,10264575,34439167,75366399,155392,818413567,10053187.50,26505369.30,20104490,10,10,10,0,0,0,0,0,0,1020927,2598911,5210111,1232652.33,5000
1782775887,0,20109490,0,14490.05,5001.70,2273279,3796991,10264575,34439167,75366399,155392,818413567,10050982.72,26502445.60,20109490,10,10,10,0,0,0,0,0,0,1025023,2263039,4919295,1185783.60,5000
1782775888,0,20114490,0,14483.21,4998.94,2273279,3796991,10264575,34439167,75366399,155392,818413567,10048771.36,26499524.43,20114490,10,10,10,0,0,0,0,0,0,1021439,2103295,4268031,1154928.61,5000
1782775889,0,20119490,0,14476.40,5002.41,2271231,3794943,10256383,34439167,75300863,155392,818413567,10046581.88,26496598.51,20119490,10,10,10,0,0,0,0,0,0,1065983,2353151,5275647,1238531.37,5000
1782775890,0,20124475,0,14469.58,4987.09,2269183,3794943,10256383,34439167,75300863,155392,818413567,10044385.92,26493685.78,20124475,10,10,10,0,0,0,0,0,0,1069055,2036735,4069375,1181478.04,4985
1782775891,0,20129490,0,14462.78,5011.49,2269183,3792895,10256383,34406399,75300863,155392,818413567,10042193.43,26490755.39,20129490,10,10,10,0,0,0,0,0,0,1033727,2103295,7843839,1244020.43,5015
1782775892,0,20134490,0,14455.98,5000.11,2267135,3792895,10248191,34406399,75300863,155392,818413567,10040007.04,26487831.56,20134490,10,10,10,0,0,0,0,0,0,1094655,2502655,4878335,1237827.35,5000
1782775893,0,20139490,0,14449.19,4998.43,2267135,3790847,10248191,34406399,75300863,155392,818413567,10037768.17,26484925.13,20139490,10,10,10,0,0,0,0,0,0,957951,1780735,2359295,1022084.77,5000
1782775894,0,20144490,0,14442.43,5004.00,2265087,3788799,10248191,34406399,75300863,155392,818413567,10035562.63,26482009.49,20144490,10,10,10,0,0,0,0,0,0,1044991,2136063,3006463,1151887.17,5000
1782775895,0,20149487,0,14435.66,4994.56,2265087,3788799,10239999,34406399,75300863,155392,818413567,10033399.03,26479087.09,20149487,10,10,10,0,0,0,0,0,0,1106943,2813951,7327743,1311225.28,4997
1782775896,0,20154490,0,14428.90,5002.41,2263039,3786751,10239999,34406399,75235327,155392,818413567,10031185.10,26476174.59,20154490,10,10,10,0,0,0,0,0,0,1032703,1846271,3559423,1114625.38,5003
1782775897,0,20159490,0,14422.16,5001.30,2260991,3786751,10239999,34406399,75235327,155392,818413567,10028963.77,26473267.42,20159490,10,10,10,0,0,0,0,0,0,1037823,1892351,2177023,1075000.86,5000
1782775898,0,20164490,0,14415.42,4998.58,2260991,3784703,10231807,34373631,75235327,155392,818413567,10026754.91,26470358.02,20164490,10,10,10,0,0,0,0,0,0,1046015,2038783,3688447,1120855.22,5000
1782775899,0,20169490,0,14408.70,5003.34,2258943,3784703,10231807,34373631,75235327,155392,818413567,10024611.69,26467438.39,20169490,10,10,10,0,0,0,0,0,0,1079295,2772991,8650751,1381242.14,5000
1782775900,0,20174490,0,14401.98,4997.33,2258943,3782655,10231807,34373631,75235327,155392,818413567,10022445.30,26464520.77,20174490,10,10,10,0,0,0,0,0,0,1049599,2842623,6479871,1283435.32,5000
1782775901,0,20179490,0,14395.27,5000.94,2256895,3782655,10223615,34373631,75235327,155392,818413567,10020243.26,26461612.82,20179490,10,10,10,0,0,0,0,0,0,1041919,2142207,2848767,1135226.09,5000
1782775902,0,20184490,0,14388.58,5002.33,2256895,3780607,10223615,34373631,75235327,155392,818413567,10018032.60,26458709.21,20184490,10,10,10,0,0,0,0,0,0,1021951,1802239,3293183,1096026.66,5000
1782775903,0,20189490,0,14381.88,4995.06,2254847,3780607,10223615,34340863,75169791,155392,818413567,10015868.93,26455796.83,20189490,10,10,10,0,0,0,0,0,0,1063935,2529279,6717439,1281362.42,5000
1782775904,0,20194490,0,14375.21,5004.12,2252799,3778559,10215423,34340863,75169791,155392,818413567,10013670.60,26452891.74,20194490,10,10,10,0,0,0,0,0,0,1027071,1989631,2902015,1137050.74,5000
1782775905,0,20199490,0,14368.55,5000.80,2252799,3778559,10215423,34340863,75169791,155392,818413567,10011462.71,26449990.66,20199490,10,10,10,0,0,0,0,0,0,1029631,1835007,2437119,1094020.40,5000
1782775906,0,20204490,0,14361.88,4998.22,2250751,3776511,10215423,34340863,75169791,155392,818413567,10009265.07,26447087.39,20204490,10,10,10,0,0,0,0,0,0,1079295,1924095,2385919,1131003.06,5000
1782775907,0,20209490,0,14355.23,5000.17,2250751,3776511,10207231,34340863,75169791,155392,818413567,10007084.58,26444186.79,20209490,10,10,10,0,0,0,0,0,0,1005055,1791999,4792319,1195982.84,5000
1782775908,0,20214490,0,14348.59,4997.40,2248703,3774463,10207231,34340863,75169791,155392,818413567,10004893.82,26441284.95,20214490,10,10,10,0,0,0,0,0,0,1025023,2285567,3778559,1150035.52,5000
1782775909,0,20219490,0,14341.96,5000.12,2248703,3774463,10207231,34308095,75169791,155392,818413567,10002686.52,26438389.07,20219490,10,10,10,0,0,0,0,0,0,1008127,1833983,3049471,1078792.84,5000
1782775910,0,20224490,0,14335.34,5002.90,2246655,3772415,10199039,34308095,75169791,155392,818413567,10000486.93,26435491.81,20224490,10,10,10,0,0,0,0,0,0,1052671,1952767,2512895,1105580.35,5000
1782775911,0,20229490,0,14328.73,4999.84,2244607,3772415,10199039,34308095,75169791,155392,818413567,9998338.71,26432580.71,20229490,10,10,10,0,0,0,0,0,0,1120255,2473983,4853759,1309014.07,5000
1782775912,0,20234490,0,14322.12,4999.22,2244607,3770367,10199039,34308095,75169791,155392,818413567,9996137.13,26429687.14,20234490,10,10,10,0,0,0,0,0,0,992255,1957887,3293183,1088773.98,5000
1782775913,0,20239490,0,14315.53,4999.29,2242559,3770367,10190847,34308095,75104255,155392,818413567,9993947.36,26426791.29,20239490,10,10,10,0,0,0,0,0,0,1017343,2181119,4067327,1132171.81,5000
1782775914,0,20244490,0,14308.95,5001.02,2242559,3768319,10190847,34308095,75104255,155392,818413567,9991767.47,26423893.60,20244490,10,10,10,0,0,0,0,0,0,1021951,2217983,4669439,1167805.07,5000
1782775915,0,20249490,0,14302.37,4997.35,2240511,3768319,10190847,34308095,75104255,155392,818413567,9989599.62,26420996.22,20249490,10,10,10,0,0,0,0,0,0,1010687,2030591,6819839,1212177.69,5000
1782775916,0,20254490,0,14295.80,4999.76,2240511,3766271,10182655,34275327,75038719,155392,818413567,9987403.58,26418105.81,20254490,10,10,10,0,0,0,0,0,0,1005055,2061311,2533375,1093680.52,5000
1782775917,0,20259490,0,14289.24,5000.32,2238463,3766271,10182655,34275327,75038719,155392,818413567,9985217.33,26415214.17,20259490,10,10,10,0,0,0,0,0,0,991743,2002943,4251647,1128950.21,5000
1782775918,0,20264490,0,14282.70,5002.58,2236415,3764223,10182655,34275327,75038719,155392,818413567,9983053.93,26412316.54,20264490,10,10,10,0,0,0,0,0,0,1079295,2232319,4820991,1217147.17,5000
1782775919,0,20269490,0,14276.16,5000.23,2236415,3762175,10174463,34275327,75038719,155392,818413567,9980899.00,26409419.62,20269490,10,10,10,0,0,0,0,0,0,1084415,2482175,3784703,1247198.68,5000
1782775920,0,20274490,0,14269.64,4999.90,2234367,3762175,10174463,34275327,75038719,155392,818413567,9978698.90,26406535.43,20274490,10,10,10,0,0,0,0,0,0,983551,1990655,2607103,1059737.09,5000
1782775921,0,20279490,0,14263.11,4996.91,2234367,3760127,10174463,34275327,75038719,155392,818413567,9976495.24,26403653.50,20279490,10,10,10,0,0,0,0,0,0,990207,1790975,2435071,1040859.51,5000
1782775922,0,20284490,0,14256.60,5001.03,2232319,3760127,10166271,34242559,75038719,155392,818413567,9974300.18,26400770.18,20284490,10,10,10,0,0,0,0,0,0,1017855,1821695,2652159,1071349.61,5000
1782775923,0,20289490,0,14250.10,4999.45,2232319,3758079,10166271,34242559,74973183,155392,818413567,9972141.03,26397878.51,20289490,10,10,10,0,0,0,0,0,0,1028607,2367487,4562943,1212682.29,5000
1782775924,0,20294490,0,14243.61,5001.11,2230271,3758079,10166271,34242559,74973183,155392,818413567,9969950.45,26394996.13,20294490,10,10,10,0,0,0,0,0,0,1010175,1733631,2598911,1080830.17,5000
1782775925,0,20299490,0,14237.13,5000.02,2230271,3756031,10158079,34242559,74973183,155392,818413567,9967774.99,26392111.37,20299490,10,10,10,0,0,0,0,0,0,982527,2256895,4222975,1137777.50,5000
1782775926,0,20304490,0,14230.66,5002.15,2228223,3756031,10158079,34242559,74973183,155392,818413567,9965591.72,26389230.09,20304490,10,10,10,0,0,0,0,0,0,987647,1972223,4239359,1101766.49,5000
1782775927,0,20309490,0,14224.19,4998.56,2226175,3753983,10158079,34242559,74973183,155392,818413567,9963456.48,26386337.66,20309490,10,10,10,0,0,0,0,0,0,1122303,2103295,5017599,1292450.53,5000
1782775928,0,20314490,0,14217.74,5001.26,2226175,3753983,10158079,34242559,74973183,155392,818413567,9961278.30,26383457.09,20314490,10,10,10,0,0,0,0,0,0,1009151,1995775,4415487,1113721.10,5000
1782775929,0,20319490,0,14211.29,5000.71,2224127,3751935,10149887,34209791,74973183,155392,818413567,9959078.16,26380584.30,20319490,10,10,10,0,0,0,0,0,0,970751,1758207,2349055,1020142.78,5000
1782775930,0,20324490,0,14204.84,4995.56,2224127,3751935,10149887,34209791,74973183,155392,818413567,9956884.63,26377710.48,20324490,10,10,10,0,0,0,0,0,0,987135,1700863,2189311,1042595.99,5000
1782775931,0,20329490,0,14198.42,5002.16,2222079,3749887,10149887,34209791,74907647,155392,818413567,9954758.08,26374822.70,20329490,10,10,10,0,0,0,0,0,0,1048575,2633727,9674751,1310576.10,5000
1782775932,0,20334490,0,14192.00,5002.03,2222079,3749887,10141695,34209791,74907647,155392,818413567,9952585.55,26371944.90,20334490,10,10,10,0,0,0,0,0,0,1036799,1905663,2775039,1119293.63,5000
1782775933,0,20339490,0,14185.59,5000.74,2220031,3747839,10141695,34209791,74907647,155392,818413567,9950406.51,26369070.51,20339490,10,10,10,0,0,0,0,0,0,997887,1964031,3000319,1088466.94,5000
1782775934,0,20344490,0,14179.19,4997.84,2217983,3747839,10141695,34177023,74907647,155392,818413567,9948220.34,26366199.90,20344490,10,10,10,0,0,0,0,0,0,958975,1977343,2906111,1055111.01,5000
1782775935,0,20349490,0,14172.79,4998.21,2217983,3745791,10133503,34177023,74907647,155392,818413567,9946074.07,26363319.97,20349490,10,10,10,0,0,0,0,0,0,1085439,1909759,4517887,1213129.88,5000
1782775936,0,20354490,0,14166.41,5003.52,2215935,3745791,10133503,34177023,74842111,155392,818413567,9943905.03,26360446.20,20354490,10,10,10,0,0,0,0,0,0,1014271,2044927,3041279,1116119.36,5000
1782775937,0,20359490,0,14160.03,4996.28,2215935,3743743,10133503,34177023,74842111,155392,818413567,9941721.50,26357578.26,20359490,10,10,10,0,0,0,0,0,0,975359,1898495,2590719,1052807.10,5000
1782775938,0,20364490,0,14153.67,5001.89,2213887,3743743,10125311,34177023,74842111,155392,818413567,9939539.14,26354711.67,20364490,10,10,10,0,0,0,0,0,0,962047,1937407,3133439,1053155.67,5000
1782775939,0,20369490,0,14147.31,4999.15,2211839,3741695,10125311,34177023,74776575,155392,818413567,9937397.83,26351836.51,20369490,10,10,10,0,0,0,0,0,0,987135,2547711,4456447,1216067.53,5000
1782775940,0,20370390,0,14138.11,899.77,2211839,3741695,10125311,34177023,74776575,155392,818413567,9937001.94,26351321.86,20370390,10,10,10,0,0,0,0,0,0,903167,2011135,2830335,976917.62,900
1782775941,0,20370390,0,14128.31,0.00,2211839,3741695,10125311,34177023,74776575,155392,818413567,9937001.94,26351321.86,20370390,10,10,10,0,0,0,0,0,0,0,0,0,0.00,0
1782775942,0,20370390,0,14118.52,0.00,2211839,3741695,10125311,34177023,74776575,155392,818413567,9937001.94,26351321.86,20370390,10,10,10,0,0,0,0,0,0,0,0,0,0.00,0
