timestamp,sent_count,received_count,error_count,total_throughput,interval_throughput,latency_ns_p25,latency_ns_p50,latency_ns_p75,latency_ns_p95,latency_ns_p99,latency_ns_min,latency_ns_max,latency_ns_mean,latency_ns_stddev,latency_sample_count,connections,active_connections,connection_attempts,connection_failures,crashes_injected,reconnects,reconnect_failures,duplicate_count,gap_count,interval_latency_ns_p50,interval_latency_ns_p95,interval_latency_ns_p99,interval_latency_ns_mean,interval_latency_sample_count
1782774438,0,0,0,0.00,0.00,0,0,0,0,0,0,0,0.00,0.00,0,0,0,1,0,0,0,0,0,0,0,0,0,0.00,0
1782774439,0,0,0,0.00,0.00,0,0,0,0,0,0,0,0.00,0.00,0,1,1,1,0,0,0,0,0,0,0,0,0,0.00,0
1782774440,0,0,0,0.00,0.00,0,0,0,0,0,0,0,0.00,0.00,0,1,1,1,0,0,0,0,0,0,0,0,0,0.00,0
1782774441,0,0,0,0.00,0.00,0,0,0,0,0,0,0,0.00,0.00,0,1,1,1,0,0,0,0,0,0,0,0,0,0.00,0
1782774442,0,0,0,0.00,0.00,0,0,0,0,0,0,0,0.00,0.00,0,1,1,1,0,0,0,0,0,0,0,0,0,0.00,0
1782774443,0,0,0,0.00,0.00,0,0,0,0,0,0,0,0.00,0.00,0,1,1,1,0,0,0,0,0,0,0,0,0,0.00,0
1782774444,0,0,0,0.00,0.00,0,0,0,0,0,0,0,0.00,0.00,0,1,1,1,0,0,0,0,0,0,0,0,0,0.00,0
1782774445,0,0,0,0.00,0.00,0,0,0,0,0,0,0,0.00,0.00,0,2,2,2,0,0,0,0,0,0,0,0,0,0.00,0
1782774446,0,0,0,0.00,0.00,0,0,0,0,0,0,0,0.00,0.00,0,2,2,2,0,0,0,0,0,0,0,0,0,0.00,0
1782774447,0,0,0,0.00,0.00,0,0,0,0,0,0,0,0.00,0.00,0,2,2,2,0,0,0,0,0,0,0,0,0,0.00,0
1782774448,0,0,0,0.00,0.00,0,0,0,0,0,0,0,0.00,0.00,0,2,2,2,0,0,0,0,0,0,0,0,0,0.00,0
1782774449,0,0,0,0.00,0.00,0,0,0,0,0,0,0,0.00,0.00,0,2,2,2,0,0,0,0,0,0,0,0,0,0.00,0
1782774450,0,0,0,0.00,0.00,0,0,0,0,0,0,0,0.00,0.00,0,2,2,2,0,0,0,0,0,0,0,0,0,0.00,0
1782774451,0,0,0,0.00,0.00,0,0,0,0,0,0,0,0.00,0.00,0,2,2,2,0,0,0,0,0,0,0,0,0,0.00,0
1782774452,0,0,0,0.00,0.00,0,0,0,0,0,0,0,0.00,0.00,0,3,3,3,0,0,0,0,0,0,0,0,0,0.00,0
1782774453,0,0,0,0.00,0.00,0,0,0,0,0,0,0,0.00,0.00,0,3,3,3,0,0,0,0,0,0,0,0,0,0.00,0
1782774454,0,0,0,0.00,0.00,0,0,0,0,0,0,0,0.00,0.00,0,3,3,3,0,0,0,0,0,0,0,0,0,0.00,0
1782774455,0,0,0,0.00,0.00,0,0,0,0,0,0,0,0.00,0.00,0,3,3,3,0,0,0,0,0,0,0,0,0,0.00,0
1782774456,0,0,0,0.00,0.00,0,0,0,0,0,0,0,0.00,0.00,0,3,3,3,0,0,0,0,0,0,0,0,0,0.00,0
1782774457,0,0,0,0.00,0.00,0,0,0,0,0,0,0,0.00,0.00,0,3,3,3,0,0,0,0,0,0,0,0,0,0.00,0
1782774458,0,0,0,0.00,0.00,0,0,0,0,0,0,0,0.00,0.00,0,3,3,3,0,0,0,0,0,0,0,0,0,0.00,0
1782774459,0,0,0,0.00,0.00,0,0,0,0,0,0,0,0.00,0.00,0,4,4,4,0,0,0,0,0,0,0,0,0,0.00,0
1782774460,0,0,0,0.00,0.00,0,0,0,0,0,0,0,0.00,0.00,0,4,4,4,0,0,0,0,0,0,0,0,0,0.00,0
1782774461,0,0,0,0.00,0.00,0,0,0,0,0,0,0,0.00,0.00,0,4,4,4,0,0,0,0,0,0,0,0,0,0.00,0
1782774462,0,0,0,0.00,0.00,0,0,0,0,0,0,0,0.00,0.00,0,4,4,4,0,0,0,0,0,0,0,0,0,0.00,0
1782774463,0,0,0,0.00,0.00,0,0,0,0,0,0,0,0.00,0.00,0,4,4,4,0,0,0,0,0,0,0,0,0,0.00,0
1782774464,0,0,0,0.00,0.00,0,0,0,0,0,0,0,0.00,0.00,0,4,4,4,0,0,0,0,0,0,0,0,0,0.00,0
1782774465,0,0,0,0.00,0.00,0,0,0,0,0,0,0,0.00,0.00,0,5,5,5,0,0,0,0,0,0,0,0,0,0.00,0
1782774466,0,0,0,0.00,0.00,0,0,0,0,0,0,0,0.00,0.00,0,5,5,5,0,0,0,0,0,0,0,0,0,0.00,0
1782774467,0,0,0,0.00,0.00,0,0,0,0,0,0,0,0.00,0.00,0,5,5,5,0,0,0,0,0,0,0,0,0,0.00,0
1782774468,0,0,0,0.00,0.00,0,0,0,0,0,0,0,0.00,0.00,0,5,5,5,0,0,0,0,0,0,0,0,0,0.00,0
1782774469,0,0,0,0.00,0.00,0,0,0,0,0,0,0,0.00,0.00,0,5,5,5,0,0,0,0,0,0,0,0,0,0.00,0
1782774470,0,0,0,0.00,0.00,0,0,0,0,0,0,0,0.00,0.00,0,5,5,5,0,0,0,0,0,0,0,0,0,0.00,0
1782774471,0,0,0,0.00,0.00,0,0,0,0,0,0,0,0.00,0.00,0,5,5,5,0,0,0,0,0,0,0,0,0,0.00,0
1782774472,0,0,0,0.00,0.00,0,0,0,0,0,0,0,0.00,0.00,0,6,6,6,0,0,0,0,0,0,0,0,0,0.00,0
1782774473,0,0,0,0.00,0.00,0,0,0,0,0,0,0,0.00,0.00,0,6,6,6,0,0,0,0,0,0,0,0,0,0.00,0
1782774474,0,0,0,0.00,0.00,0,0,0,0,0,0,0,0.00,0.00,0,6,6,6,0,0,0,0,0,0,0,0,0,0.00,0
1782774475,0,0,0,0.00,0.00,0,0,0,0,0,0,0,0.00,0.00,0,6,6,6,0,0,0,0,0,0,0,0,0,0.00,0
1782774476,0,0,0,0.00,0.00,0,0,0,0,0,0,0,0.00,0.00,0,6,6,6,0,0,0,0,0,0,0,0,0,0.00,0
1782774477,0,0,0,0.00,0.00,0,0,0,0,0,0,0,0.00,0.00,0,6,6,6,0,0,0,0,0,0,0,0,0,0.00,0
1782774478,0,0,0,0.00,0.00,0,0,0,0,0,0,0,0.00,0.00,0,6,6,6,0,0,0,0,0,0,0,0,0,0.00,0
1782774479,0,0,0,0.00,0.00,0,0,0,0,0,0,0,0.00,0.00,0,7,7,7,0,0,0,0,0,0,0,0,0,0.00,0
1782774480,0,0,0,0.00,0.00,0,0,0,0,0,0,0,0.00,0.00,0,7,7,7,0,0,0,0,0,0,0,0,0,0.00,0
1782774481,0,0,0,0.00,0.00,0,0,0,0,0,0,0,0.00,0.00,0,7,7,7,0,0,0,0,0,0,0,0,0,0.00,0
1782774482,0,0,0,0.00,0.00,0,0,0,0,0,0,0,0.00,0.00,0,7,7,7,0,0,0,0,0,0,0,0,0,0.00,0
1782774483,0,0,0,0.00,0.00,0,0,0,0,0,0,0,0.00,0.00,0,7,7,7,0,0,0,0,0,0,0,0,0,0.00,0
1782774484,0,0,0,0.00,0.00,0,0,0,0,0,0,0,0.00,0.00,0,7,7,7,0,0,0,0,0,0,0,0,0,0.00,0
1782774485,0,0,0,0.00,0.00,0,0,0,0,0,0,0,0.00,0.00,0,8,8,8,0,0,0,0,0,0,0,0,0,0.00,0
1782774486,0,0,0,0.00,0.00,0,0,0,0,0,0,0,0.00,0.00,0,8,8,8,0,0,0,0,0,0,0,0,0,0.00,0
1782774487,0,0,0,0.00,0.00,0,0,0,0,0,0,0,0.00,0.00,0,8,8,8,0,0,0,0,0,0,0,0,0,0.00,0
1782774488,0,0,0,0.00,0.00,0,0,0,0,0,0,0,0.00,0.00,0,8,8,8,0,0,0,0,0,0,0,0,0,0.00,0
1782774489,0,0,0,0.00,0.00,0,0,0,0,0,0,0,0.00,0.00,0,8,8,8,0,0,0,0,0,0,0,0,0,0.00,0
1782774490,0,0,0,0.00,0.00,0,0,0,0,0,0,0,0.00,0.00,0,8,8,8,0,0,0,0,0,0,0,0,0,0.00,0
1782774491,0,0,0,0.00,0.00,0,0,0,0,0,0,0,0.00,0.00,0,8,8,8,0,0,0,0,0,0,0,0,0,0.00,0
1782774492,0,0,0,0.00,0.00,0,0,0,0,0,0,0,0.00,0.00,0,9,9,9,0,0,0,0,0,0,0,0,0,0.00,0
1782774493,0,0,0,0.00,0.00,0,0,0,0,0,0,0,0.00,0.00,0,9,9,9,0,0,0,0,0,0,0,0,0,0.00,0
1782774494,0,0,0,0.00,0.00,0,0,0,0,0,0,0,0.00,0.00,0,9,9,9,0,0,0,0,0,0,0,0,0,0.00,0
1782774495,0,0,0,0.00,0.00,0,0,0,0,0,0,0,0.00,0.00,0,9,9,9,0,0,0,0,0,0,0,0,0,0.00,0
1782774496,0,0,0,0.00,0.00,0,0,0,0,0,0,0,0.00,0.00,0,9,9,9,0,0,0,0,0,0,0,0,0,0.00,0
1782774497,0,0,0,0.00,0.00,0,0,0,0,0,0,0,0.00,0.00,0,9,9,9,0,0,0,0,0,0,0,0,0,0.00,0
1782774498,0,0,0,0.00,0.00,0,0,0,0,0,0,0,0.00,0.00,0,9,9,9,0,0,0,0,0,0,0,0,0,0.00,0
1782774499,0,0,0,0.00,0.00,0,0,0,0,0,0,0,0.00,0.00,0,10,10,10,0,0,0,0,0,0,0,0,0,0.00,0
1782774500,0,160,0,217.64,159.93,715775,1038847,1406975,2322431,2752511,351232,2947071,1138469.60,537890.25,160,10,10,10,0,0,0,0,0,0,1038847,2322431,2752511,1138469.60,160
1782774501,0,360,0,207.51,200.05,728063,1035263,1383423,1874943,2562047,351232,2947071,1102152.18,457264.12,360,10,10,10,0,0,0,0,0,0,1023999,1710079,1874943,1073098.24,200
1782774502,0,560,0,204.77,200.04,716799,1020415,1350655,1897471,2564095,351232,2947071,1085584.69,449695.60,560,10,10,10,0,0,0,0,0,0,1001983,1912831,2564095,1055763.20,200
1782774503,0,760,0,203.47,199.91,714239,1007615,1331199,1887231,2504703,351232,2947071,1069779.37,440604.87,760,10,10,10,0,0,0,0,0,0,976383,1882111,2113535,1025524.48,200
1782774504,0,960,0,202.74,200.02,706559,1012735,1323007,1845247,2449407,348928,2947071,1056710.67,428482.15,960,10,10,10,0,0,0,0,0,0,1012735,1548287,2078719,1007049.60,200
1782774505,0,1160,0,202.27,200.06,692735,982015,1284095,1759231,2381823,318976,2947071,1020769.10,417700.48,1160,10,10,10,0,0,0,0,0,0,862207,1338367,1576959,848249.60,200
1782774506,0,1360,0,201.94,200.00,694271,984575,1276927,1724415,2353151,318976,2947071,1016796.71,408773.42,1360,10,10,10,0,0,0,0,0,0,993279,1531903,1743871,993756.80,200
1782774507,0,1560,0,201.69,200.02,684543,971775,1246207,1697791,2322431,318976,2947071,997949.87,404063.51,1560,10,10,10,0,0,0,0,0,0,859135,1429503,1827839,869791.36,200
1782774508,0,1760,0,201.50,200.05,686079,971263,1256447,1674239,2242559,318976,2947071,998032.00,400848.17,1760,10,10,10,0,0,0,0,0,0,955903,1594367,2057215,998672.64,200
1782774509,0,1960,0,201.33,199.84,677887,952831,1227775,1662975,2322431,318976,2947071,985222.47,400446.83,1960,10,10,10,0,0,0,0,0,0,869375,1370111,2369535,872498.56,200
1782774510,0,2160,0,201.21,200.03,678911,961535,1247231,1710079,2381823,318976,15835135,1030585.66,802191.49,2160,10,10,10,0,0,0,0,0,0,1069055,2146303,15384575,1475144.96,200
1782774511,0,2360,0,201.11,200.08,679423,967679,1258495,1718271,2381823,318976,15835135,1032846.37,777737.08,2360,10,10,10,0,0,0,0,0,0,1030655,1782783,2365439,1057262.08,200
1782774512,0,2560,0,201.02,199.97,679935,972287,1268735,1718271,2365439,318976,15835135,1033733.50,755420.59,2560,10,10,10,0,0,0,0,0,0,1027583,1711103,2036735,1044201.60,200
1782774513,0,2760,0,200.95,200.06,673791,958975,1242111,1691647,2353151,315904,15835135,1017640.81,733452.99,2760,10,10,10,0,0,0,0,0,0,839679,1196031,1303551,811654.40,200
1782774514,0,2960,0,200.88,199.87,673279,959487,1250303,1707007,2332671,315904,15835135,1018369.73,717172.91,2960,10,10,10,0,0,0,0,0,0,973311,1887231,2244607,1028428.80,200
1782774515,0,3160,0,200.83,200.04,672767,957951,1252351,1705983,2322431,315904,15835135,1015729.50,700811.34,3160,10,10,10,0,0,0,0,0,0,921599,1658879,1946623,976654.08,200
1782774516,0,3360,0,200.78,199.98,675327,959999,1256447,1707007,2308095,315904,15835135,1019261.90,693844.55,3360,10,10,10,0,0,0,0,0,0,998911,1791999,2067455,1075073.92,200
1782774517,0,3560,0,200.73,200.05,671743,950783,1233919,1688575,2285567,315904,15835135,1009312.04,678805.34,3560,10,10,10,0,0,0,0,0,0,827391,1220607,1721343,842154.24,200
1782774518,0,3760,0,200.70,200.04,675327,956927,1243135,1675263,2244607,315904,15835135,1011890.83,665536.83,3760,10,10,10,0,0,0,0,0,0,1061887,1633279,1692671,1057793.28,200
1782774519,0,3960,0,200.66,199.86,672255,948735,1224703,1674239,2322431,315904,15835135,1005555.52,656551.01,3960,10,10,10,0,0,0,0,0,0,826367,1289215,2957311,886451.84,200
1782774520,0,4160,0,200.63,200.08,675327,950271,1231871,1677311,2322431,315904,15835135,1009200.46,647038.09,4160,10,10,10,0,0,0,0,0,0,995327,1819647,2166783,1081370.24,200
1782774521,0,4360,0,200.60,200.02,673279,943103,1217535,1667071,2297855,315904,15835135,1001139.08,635942.32,4360,10,10,10,0,0,0,0,0,0,821759,1253375,1592319,833462.40,200
1782774522,0,4560,0,200.57,199.91,676863,946687,1221631,1670143,2254847,315904,15835135,1003796.32,626778.57,4560,10,10,10,0,0,0,0,0,0,994303,1676287,1776639,1061724.16,200
1782774523,0,4760,0,200.55,200.06,674303,940543,1212415,1662975,2242559,315904,15835135,997268.01,617269.83,4760,10,10,10,0,0,0,0,0,0,837631,1432575,1731583,848422.40,200
1782774524,0,4960,0,200.53,200.01,679423,949759,1226751,1718271,2381823,315904,15835135,1012448.65,623438.26,4960,10,10,10,0,0,0,0,0,0,1214463,2566143,3557375,1373747.84,200
1782774525,0,5160,0,200.51,200.04,683519,955903,1231871,1717247,2365439,315904,15835135,1014982.33,615915.60,5160,10,10,10,0,0,0,0,0,0,1089535,1677311,2199551,1077817.60,200
1782774526,0,5360,0,200.49,199.96,685567,961535,1240063,1728511,2410495,315904,15835135,1020340.20,612760.61,5360,10,10,10,0,0,0,0,0,0,1056767,2152447,2854911,1158573.44,200
1782774527,0,5560,0,200.47,200.01,692223,969215,1252351,1745919,2406399,315904,15835135,1027280.16,607440.75,5560,10,10,10,0,0,0,0,0,0,1174527,1895423,2162687,1213271.04,200
1782774528,0,5760,0,200.45,200.01,697855,973823,1261567,1740799,2369535,315904,15835135,1031913.71,601186.15,5760,10,10,10,0,0,0,0,0,0,1156095,1684479,1841151,1160726.40,200
1782774529,0,5960,0,200.44,200.04,700927,978943,1273855,1763327,2365439,315904,15835135,1038235.73,597401.74,5960,10,10,10,0,0,0,0,0,0,1225727,1951743,2150399,1220309.76,200
1782774530,0,6160,0,200.42,199.87,705535,983551,1284095,1786879,2381823,315904,15835135,1045104.31,596090.66,6160,10,10,10,0,0,0,0,0,0,1188863,2220031,2713599,1249788.16,200
1782774531,0,6360,0,200.41,200.00,709119,988671,1290239,1819647,2428927,315904,15835135,1050932.91,594526.02,6360,10,10,10,0,0,0,0,0,0,1143807,2299903,2510847,1230453.76,200
1782774532,0,6560,0,200.40,199.99,711167,993791,1299455,1829887,2414591,315904,15835135,1055487.24,590632.99,6560,10,10,10,0,0,0,0,0,0,1230847,1868799,2052095,1200314.88,200
1782774533,0,6760,0,200.39,200.17,714239,996863,1309695,1850367,2486271,315904,23461887,1081824.32,818794.81,6760,10,10,10,0,0,0,0,0,0,1200127,3168255,15597567,1945680.64,200
1782774534,0,6960,0,200.38,200.00,715263,997887,1312767,1850367,2486271,315904,23461887,1083002.54,810413.65,6960,10,10,10,0,0,0,0,0,0,1054719,1739775,2465791,1122826.24,200
1782774535,0,7160,0,200.36,199.87,716799,999423,1315839,1858559,2473983,315904,23461887,1084532.74,802324.31,7160,10,10,10,0,0,0,0,0,0,1072127,1944575,2349055,1137783.68,200
1782774536,0,7360,0,200.35,199.97,718847,1003519,1326079,1887231,2490367,315904,23461887,1090380.38,797478.67,7360,10,10,10,0,0,0,0,0,0,1212415,2281471,2639871,1299726.08,200
1782774537,0,7560,0,200.35,200.09,716287,997887,1316863,1885183,2510847,315904,23461887,1084870.26,790596.35,7560,10,10,10,0,0,0,0,0,0,836607,1418239,2746367,882097.92,200
1782774538,0,7760,0,200.33,199.93,717823,999935,1321983,1890303,2514943,315904,23461887,1087717.11,784053.80,7760,10,10,10,0,0,0,0,0,0,1107967,1960959,2516991,1195328.00,200
1782774539,0,7960,0,200.33,200.01,720383,1004031,1329151,1908735,2519039,315904,23461887,1092621.27,779186.63,7960,10,10,10,0,0,0,0,0,0,1204223,2230271,2551807,1282902.40,200
1782774540,0,8160,0,200.32,199.98,721407,1005567,1334271,1902591,2514943,315904,23461887,1093452.27,771952.20,8160,10,10,10,0,0,0,0,0,0,1145855,1667071,2004991,1126526.08,200
1782774541,0,8360,0,200.31,200.10,722431,1008639,1341439,1908735,2519039,315904,23461887,1095802.21,766989.65,8360,10,10,10,0,0,0,0,0,0,1122303,2020351,3119103,1191680.00,200
1782774542,0,8560,0,200.31,200.01,723455,1011199,1344511,1908735,2514943,315904,23461887,1097292.37,760826.12,8560,10,10,10,0,0,0,0,0,0,1147903,1860607,2187263,1159580.80,200
1782774543,0,8760,0,200.30,200.00,724991,1012735,1347583,1909759,2504703,315904,23461887,1098965.98,755320.84,8760,10,10,10,0,0,0,0,0,0,1078271,1978367,2246655,1170596.48,200
1782774544,0,8960,0,200.29,200.02,728575,1015807,1353727,1911807,2514943,315904,23461887,1101406.06,750300.79,8960,10,10,10,0,0,0,0,0,0,1115135,1929215,2629631,1208281.60,200
1782774545,0,9160,0,200.28,199.90,723967,1012223,1347583,1909759,2516991,315904,23461887,1097818.01,745320.24,9160,10,10,10,0,0,0,0,0,0,860159,1853439,2590719,937073.28,200
1782774546,0,9360,0,200.28,200.13,727039,1014783,1349631,1908735,2510847,315904,23461887,1098967.85,739763.37,9360,10,10,10,0,0,0,0,0,0,1099775,1823743,2306047,1151630.72,200
1782774547,0,9560,0,200.27,199.83,729599,1017343,1353727,1914879,2549759,315904,23461887,1103268.27,740135.15,9560,10,10,10,0,0,0,0,0,0,1183743,2674687,4571135,1304528.00,200
1782774548,0,9760,0,200.27,200.11,730111,1018879,1354751,1908735,2543615,315904,23461887,1102868.89,734474.53,9760,10,10,10,0,0,0,0,0,0,1088511,1646591,1838079,1083778.56,200
1782774549,0,9960,0,200.26,200.01,733695,1021439,1358847,1916927,2562047,315904,23461887,1106320.23,731268.38,9960,10,10,10,0,0,0,0,0,0,1193983,2359295,2762751,1274745.60,200
1782774550,0,10160,0,200.26,200.01,734719,1022463,1361919,1919999,2582527,315904,23461887,1108018.27,727590.59,10160,10,10,10,0,0,0,0,0,0,1137663,2281471,2904063,1192580.48,200
1782774551,0,10360,0,200.25,199.96,735743,1025023,1367039,1932287,2574335,315904,23461887,1110290.38,723656.65,10360,10,10,10,0,0,0,0,0,0,1215487,2041855,2435071,1225713.92,200
1782774552,0,10560,0,200.25,199.99,737279,1026559,1371135,1923071,2566143,315904,23461887,1110775.59,718669.27,10560,10,10,10,0,0,0,0,0,0,1080319,1727487,2006015,1135909.12,200
1782774553,0,10760,0,200.24,200.05,738303,1028095,1373183,1929215,2570239,315904,23461887,1112182.52,715225.96,10760,10,10,10,0,0,0,0,0,0,1132543,2071551,2938879,1186468.48,200
1782774554,0,10960,0,200.24,200.03,740351,1030143,1378303,1936383,2570239,315904,23461887,1114438.67,711708.12,10960,10,10,10,0,0,0,0,0,0,1219583,2123775,2383871,1235819.52,200
1782774555,0,11160,0,200.23,199.91,741375,1032191,1382399,1946623,2623487,315904,23461887,1118485.85,711936.88,11160,10,10,10,0,0,0,0,0,0,1199103,2752511,3702783,1340271.36,200
1782774556,0,11360,0,200.23,200.09,741887,1033727,1384447,1947647,2611199,315904,23461887,1119401.54,708248.51,11360,10,10,10,0,0,0,0,0,0,1100799,1996799,2318335,1170497.28,200
1782774557,0,11560,0,200.22,199.84,741887,1034751,1384447,1957887,2609151,315904,23461887,1120427.91,705473.60,11560,10,10,10,0,0,0,0,0,0,1108991,2160639,2541567,1178725.76,200
1782774558,0,11760,0,200.22,200.11,743423,1036799,1392639,1966079,2639871,315904,23461887,1124122.86,704053.81,11760,10,10,10,0,0,0,0,0,0,1268735,2566143,2873343,1337690.88,200
1782774559,0,11960,0,200.22,199.90,744447,1037823,1396735,1979391,2652159,315904,23461887,1127870.38,704526.51,11960,10,10,10,0,0,0,0,0,0,1206271,2455551,3698687,1348224.64,200
1782774560,0,12180,0,200.54,220.01,744447,1039871,1398783,1978367,2652159,315904,23461887,1128798.03,700651.11,12180,10,10,10,0,0,0,0,0,0,1159167,1906687,2303999,1179228.51,220
1782774561,0,12380,0,200.53,200.02,743423,1035263,1392639,1973247,2648063,313600,23461887,1124301.60,696848.71,12380,10,10,10,0,0,0,0,0,0,833535,1265663,1739775,850468.48,200
1782774562,0,12580,0,200.53,200.08,742911,1035263,1392639,1969151,2639871,313600,23461887,1123250.75,693342.37,12580,10,10,10,0,0,0,0,0,0,985087,1729535,2105343,1058203.52,200
1782774563,0,12780,0,200.52,199.98,743423,1035263,1391615,1964031,2629631,313600,23461887,1122500.44,689241.56,12780,10,10,10,0,0,0,0,0,0,1052671,1603583,1748991,1075305.60,200
1782774564,0,12980,0,200.51,199.92,744447,1036287,1393663,1966079,2643967,313600,23461887,1123834.52,686977.90,12980,10,10,10,0,0,0,0,0,0,1154047,2260991,2940927,1209082.24,200
1782774565,0,13180,0,200.50,200.13,745471,1037311,1394687,1966079,2639871,313600,23461887,1124276.04,683686.65,13180,10,10,10,0,0,0,0,0,0,1106943,1951743,2134015,1152931.20,200
1782774566,0,13380,0,200.50,200.00,745983,1038847,1397759,1973247,2648063,313600,23461887,1125884.67,681677.07,13380,10,10,10,0,0,0,0,0,0,1167359,2097151,2775039,1231893.12,200
1782774567,0,13580,0,200.49,199.82,747007,1040383,1398783,1969151,2643967,313600,23461887,1126656.50,678238.30,13580,10,10,10,0,0,0,0,0,0,1177599,1756159,2066431,1178291.84,200
1782774568,0,13780,0,200.48,199.98,749055,1043455,1403903,1997823,2705407,313600,23461887,1134167.62,687794.07,13780,10,10,10,0,0,0,0,0,0,1351679,3536895,5861375,1644172.80,200
1782774569,0,13980,0,200.47,200.17,749567,1043967,1405951,1994751,2691071,313600,23461887,1134538.44,684696.11,13980,10,10,10,0,0,0,0,0,0,1100799,1798143,2244607,1160087.68,200
1782774570,0,14180,0,200.47,199.83,750079,1044991,1407999,1998847,2705407,313600,23461887,1135946.04,682852.04,14180,10,10,10,0,0,0,0,0,0,1136639,2267135,2920447,1234337.28,200
1782774571,0,14380,0,200.46,200.17,751103,1047039,1409023,1996799,2691071,313600,23461887,1136646.13,679715.50,14380,10,10,10,0,0,0,0,0,0,1168383,1864703,2306047,1186282.88,200
1782774572,0,14580,0,200.45,199.89,752127,1048575,1410047,1997823,2705407,313600,23461887,1137929.46,677632.21,14580,10,10,10,0,0,0,0,0,0,1168383,2299903,2910207,1230200.32,200
1782774573,0,14780,0,200.45,200.00,752639,1048575,1410047,1997823,2713599,313600,23461887,1138198.26,675288.47,14780,10,10,10,0,0,0,0,0,0,1094655,1922047,2813951,1157793.92,200
1782774574,0,14980,0,200.44,200.02,753663,1049599,1413119,1999871,2705407,313600,23461887,1139481.21,673157.95,14980,10,10,10,0,0,0,0,0,0,1153023,2134015,2598911,1234291.20,200
1782774575,0,15180,0,200.44,200.04,754687,1051647,1415167,2003967,2713599,313600,23461887,1141279.70,671446.77,15180,10,10,10,0,0,0,0,0,0,1252351,2498559,2799615,1275986.56,200
1782774576,0,15380,0,200.43,200.06,754687,1052671,1417215,2004991,2717695,313600,23461887,1141929.98,669730.31,15380,10,10,10,0,0,0,0,0,0,1146879,2012159,3000319,1191286.40,200
1782774577,0,15580,0,200.42,199.82,755199,1053695,1418239,1999871,2713599,313600,23461887,1142166.95,667043.91,15580,10,10,10,0,0,0,0,0,0,1096703,1854463,2081791,1160389.76,200
1782774578,0,15780,0,200.42,200.06,756223,1054719,1421311,2007039,2734079,313600,23461887,1144248.53,666706.53,15780,10,10,10,0,0,0,0,0,0,1259519,2625535,3667967,1306403.84,200
1782774579,0,15980,0,200.41,200.01,756735,1055743,1422335,2004991,2721791,313600,23461887,1144472.06,664101.46,15980,10,10,10,0,0,0,0,0,0,1117183,1864703,2191359,1162108.80,200
1782774580,0,16180,0,200.41,200.06,757247,1056767,1422335,2001919,2734079,313600,23461887,1144814.86,662100.19,16180,10,10,10,0,0,0,0,0,0,1117183,1860607,2965503,1172204.80,200
1782774581,0,16380,0,200.40,199.98,757759,1058815,1423359,1999871,2734079,313600,23461887,1145228.54,659883.51,16380,10,10,10,0,0,0,0,0,0,1134591,1938431,2375679,1178695.04,200
1782774582,0,16580,0,200.40,199.95,757759,1058815,1423359,1998847,2740223,313600,23461887,1145049.38,657796.47,16580,10,10,10,0,0,0,0,0,0,1074175,1658879,2887679,1130375.68,200
1782774583,0,16780,0,200.39,199.99,758271,1059839,1423359,2004991,2740223,313600,23461887,1145962.34,656679.89,16780,10,10,10,0,0,0,0,0,0,1125375,2250751,3166207,1221647.36,200
1782774584,0,16980,0,200.39,200.05,758271,1059839,1422335,2001919,2734079,313600,23461887,1145455.06,654251.55,16980,10,10,10,0,0,0,0,0,0,1076223,1788927,2125823,1102894.08,200
1782774585,0,17180,0,200.38,199.90,756735,1056767,1418239,1996799,2721791,313600,23461887,1142292.94,651795.13,17180,10,10,10,0,0,0,0,0,0,920575,1306623,1403903,873829.12,200
1782774586,0,17380,0,200.38,200.00,756735,1056767,1418239,1995775,2717695,313600,23461887,1142251.36,649867.10,17380,10,10,10,0,0,0,0,0,0,1077247,1918975,2531327,1138679.04,200
1782774587,0,17580,0,200.38,200.04,756735,1057791,1419263,1998847,2752511,313600,23461887,1143765.28,651461.87,17580,10,10,10,0,0,0,0,0,0,1137663,3346431,4407295,1275324.80,200
1782774588,0,17780,0,200.37,200.05,757247,1057791,1419263,1997823,2750463,313600,23461887,1143617.07,649382.95,17780,10,10,10,0,0,0,0,0,0,1069055,1864703,2265087,1130590.08,200
1782774589,0,17980,0,200.37,199.98,755199,1053695,1415167,1993727,2742271,313600,23461887,1140130.63,647161.98,17980,10,10,10,0,0,0,0,0,0,842239,1241087,1309695,830186.24,200
1782774590,0,18180,0,200.36,200.02,755711,1053695,1414143,1989631,2740223,313600,23461887,1139551.11,644702.63,18180,10,10,10,0,0,0,0,0,0,1077247,1654783,1959935,1087452.16,200
1782774591,0,18380,0,200.36,200.02,754175,1050623,1411071,1989631,2754559,313600,23461887,1138412.73,648086.01,18380,10,10,10,0,0,0,0,0,0,865791,1762303,5013503,1034933.76,200
1782774592,0,18580,0,200.36,199.96,754175,1051647,1411071,1991679,2752511,313600,23461887,1138557.80,646344.83,18580,10,10,10,0,0,0,0,0,0,1111039,2117631,2545663,1151889.28,200
1782774593,0,18780,0,200.35,199.94,753151,1049599,1406975,1985535,2752511,313600,23461887,1135490.53,644250.66,18780,10,10,10,0,0,0,0,0,0,849919,1276927,1426431,850541.44,200
1782774594,0,18980,0,200.35,200.02,753151,1049599,1406975,1986559,2746367,313600,23461887,1135371.74,642487.87,18980,10,10,10,0,0,0,0,0,0,1059839,2061311,2441215,1124217.60,200
1782774595,0,19180,0,200.34,200.01,753663,1049599,1407999,1985535,2740223,313600,23461887,1135221.02,640634.33,19180,10,10,10,0,0,0,0,0,0,1044479,1870847,2332671,1120917.12,200
1782774596,0,19380,0,200.34,200.03,753663,1049599,1407999,1989631,2752511,313600,23461887,1135935.34,640175.19,19380,10,10,10,0,0,0,0,0,0,1063935,2428927,3184639,1204439.04,200
1782774597,0,19580,0,200.34,199.99,752127,1046527,1403903,1983487,2752511,313600,23461887,1132917.69,638257.88,19580,10,10,10,0,0,0,0,0,0,829439,1281023,1719295,840507.52,200
1782774598,0,19780,0,200.33,199.99,752639,1047039,1404927,1979391,2746367,313600,23461887,1133109.41,636171.14,19780,10,10,10,0,0,0,0,0,0,1150975,1802239,1969151,1151878.40,200
1782774599,0,19980,0,200.33,200.08,752639,1047551,1405951,1980415,2746367,313600,23461887,1133239.24,634880.43,19980,10,10,10,0,0,0,0,0,0,1095679,2134015,2611199,1146079.36,200
1782774600,0,20180,0,200.33,199.98,753151,1048063,1405951,1982463,2752511,313600,23461887,1133928.39,633784.72,20180,10,10,10,0,0,0,0,0,0,1130495,2197503,3041279,1202775.04,200
1782774601,0,20380,0,200.33,200.06,751615,1045503,1401855,1978367,2750463,313600,23461887,1130813.61,631964.62,20380,10,10,10,0,0,0,0,0,0,823295,1209343,1421311,816532.48,200
1782774602,0,20580,0,200.32,200.01,751615,1045503,1401855,1975295,2742271,313600,23461887,1130257.12,630023.17,20580,10,10,10,0,0,0,0,0,0,1019391,1690623,2168831,1073550.72,200
1782774603,0,20780,0,200.32,199.84,750591,1042943,1397759,1970175,2740223,313600,23461887,1127749.17,628210.30,20780,10,10,10,0,0,0,0,0,0,862207,1485823,1738751,869681.28,200
1782774604,0,20980,0,200.31,200.02,751103,1042431,1397759,1967103,2723839,313600,23461887,1127022.90,626124.83,20980,10,10,10,0,0,0,0,0,0,987647,1615871,1840127,1051562.88,200
1782774605,0,21180,0,200.31,200.06,750079,1039871,1394687,1964031,2717695,313600,23461887,1124566.08,624382.25,21180,10,10,10,0,0,0,0,0,0,841727,1295359,2101247,866845.44,200
1782774606,0,21380,0,200.31,199.98,750079,1039871,1394687,1960959,2717695,313600,23461887,1124196.97,622666.51,21380,10,10,10,0,0,0,0,0,0,1031679,1731583,2107391,1085108.48,200
1782774607,0,21580,0,200.31,200.04,750079,1040383,1394687,1960959,2713599,313600,23461887,1124273.91,621322.97,21580,10,10,10,0,0,0,0,0,0,1078271,1922047,2510847,1132499.20,200
1782774608,0,21780,0,200.30,200.02,750079,1039871,1394687,1959935,2707455,313600,23461887,1123764.54,619804.12,21780,10,10,10,0,0,0,0,0,0,1005055,1683455,2424831,1068803.20,200
1782774609,0,21980,0,200.30,199.86,749567,1037311,1391615,1958911,2705407,313600,23461887,1121385.27,618149.03,21980,10,10,10,0,0,0,0,0,0,847871,1282047,2011135,862282.24,200
1782774610,0,22180,0,200.30,200.09,749567,1037311,1390591,1956863,2695167,313600,23461887,1120993.27,616482.71,22180,10,10,10,0,0,0,0,0,0,1019903,1696767,2015231,1077912.96,200
1782774611,0,22380,0,200.30,199.96,750079,1037311,1390591,1955839,2695167,313600,23461887,1120882.89,615089.29,22380,10,10,10,0,0,0,0,0,0,1044991,1835007,2359295,1108641.28,200
1782774612,0,22580,0,200.29,200.06,750079,1037823,1391615,1958911,2705407,313600,23461887,1121486.23,614783.82,22580,10,10,10,0,0,0,0,0,0,1068031,2322431,3166207,1189000.32,200
1782774613,0,22780,0,200.29,199.99,749055,1034751,1386495,1954815,2703359,313600,23461887,1118960.40,613141.19,22780,10,10,10,0,0,0,0,0,0,842751,1234943,1356799,833793.92,200
1782774614,0,22980,0,200.29,200.01,749055,1035263,1387519,1958911,2721791,313600,23461887,1120965.48,621536.08,22980,10,10,10,0,0,0,0,0,0,1061887,3223551,6569983,1349344.64,200
1782774615,0,23180,0,200.29,200.04,747519,1033215,1384447,1953791,2717695,313600,23461887,1118553.51,619977.53,23180,10,10,10,0,0,0,0,0,0,855551,1234943,1658879,841417.60,200
1782774616,0,23380,0,200.28,199.99,748031,1034239,1385471,1959935,2723839,313600,23461887,1119906.67,619916.28,23380,10,10,10,0,0,0,0,0,0,1142783,2316287,3121151,1276737.92,200
1782774617,0,23580,0,200.28,200.04,747007,1031679,1382399,1959935,2734079,313600,23461887,1117955.18,618856.94,23580,10,10,10,0,0,0,0,0,0,863743,1256447,2949119,889826.56,200
1782774618,0,23780,0,200.28,199.86,747007,1032191,1382399,1959935,2740223,313600,23461887,1118126.55,617662.37,23780,10,10,10,0,0,0,0,0,0,1115135,1691647,3067903,1138330.88,200
1782774619,0,23980,0,200.28,200.00,747007,1032191,1381375,1955839,2723839,313600,23461887,1117218.97,615964.53,23980,10,10,10,0,0,0,0,0,0,962047,1594367,1683455,1009307.52,200
1782774620,0,24420,0,202.26,439.87,750079,1038847,1394687,2036735,2936831,313600,23461887,1132709.52,633062.78,24420,10,10,10,0,0,0,0,0,0,1926143,3602431,3991551,1976944.58,440
1782774621,0,24920,0,204.71,500.45,753663,1046015,1406975,2063359,2942975,313600,23461887,1141671.47,634688.45,24920,10,10,10,0,0,0,0,0,0,1523711,2598911,3096575,1579373.31,500
1782774622,0,25420,0,207.11,499.77,757759,1053695,1420287,2136063,3092479,297472,23461887,1161228.49,697637.06,25420,10,10,10,0,0,0,0,0,0,1895423,3393535,14434303,2135950.34,500
1782774623,0,25920,0,209.48,500.22,761343,1061887,1435647,2207743,3147775,297472,23461887,1175602.09,705469.87,25920,10,10,10,0,0,0,0,0,0,1816575,3295231,3811327,1906355.71,500
1782774624,0,26420,0,211.81,499.71,765439,1071103,1452031,2265087,3223551,297472,23461887,1190687.76,715779.25,26420,10,10,10,0,0,0,0,0,0,1852415,3407871,4071423,1972729.09,500
1782774625,0,26920,0,214.10,500.08,769023,1077247,1461247,2273279,3217407,297472,23461887,1196841.05,714314.69,26920,10,10,10,0,0,0,0,0,0,1465343,2400255,2867199,1521980.93,500
1782774626,0,27420,0,216.36,499.78,773631,1084415,1473535,2328575,3289087,297472,23461887,1210488.40,726554.81,27420,10,10,10,0,0,0,0,0,0,1810431,3430399,4743167,1945261.57,500
1782774627,0,27920,0,218.58,500.38,777215,1091583,1484799,2334719,3274751,297472,23461887,1217371.42,725525.57,27920,10,10,10,0,0,0,0,0,0,1547263,2504703,2977791,1594836.48,500
1782774628,0,28420,0,220.76,499.97,781311,1099775,1499135,2383871,3334143,297472,23461887,1230016.71,733058.87,28420,10,10,10,0,0,0,0,0,0,1837055,3438591,3930111,1936129.28,500
1782774629,0,28920,0,222.92,499.72,784895,1107967,1509375,2414591,3385343,297472,23461887,1239950.59,736756.96,28920,10,10,10,0,0,0,0,0,0,1750015,3227647,3661823,1804592.64,500
1782774630,0,29420,0,225.04,500.20,790015,1117183,1521663,2461695,3438591,297472,23461887,1253745.42,746499.46,29420,10,10,10,0,0,0,0,0,0,1977343,3526655,4386815,2051638.27,500
1782774631,0,29920,0,227.12,500.05,794111,1125375,1532927,2498559,3477503,297472,23461887,1265231.65,752669.59,29920,10,10,10,0,0,0,0,0,0,1760255,3532799,3987455,1941081.60,500
1782774632,0,30420,0,229.18,500.06,797695,1131519,1543167,2527231,3508223,297472,23461887,1274851.49,757597.20,30420,10,10,10,0,0,0,0,0,0,1757183,3334143,4284415,1850502.40,500
1782774633,0,30920,0,231.20,500.07,801279,1136639,1547263,2521087,3504127,297472,23461887,1278067.34,754731.38,30920,10,10,10,0,0,0,0,0,0,1436671,2373631,2789375,1473719.81,500
1782774634,0,31420,0,233.20,499.72,804863,1143807,1557503,2555903,3512319,297472,23461887,1288735.13,761478.62,31420,10,10,10,0,0,0,0,0,0,1771519,3411967,5140479,1948431.10,500
1782774635,0,31920,0,235.16,499.90,809983,1153023,1571839,2600959,3549183,297472,23461887,1302832.46,770169.98,31920,10,10,10,0,0,0,0,0,0,2096127,3543039,4247551,2188708.86,500
1782774636,0,32420,0,237.10,499.96,814591,1161215,1584127,2629631,3583999,297472,23461887,1313658.58,778220.95,32420,10,10,10,0,0,0,0,0,0,1902591,3592191,5451775,2004797.95,500
1782774637,0,32920,0,239.01,500.08,818687,1166335,1589247,2621439,3573759,297472,23461887,1317053.56,775217.00,32920,10,10,10,0,0,0,0,0,0,1518591,2416639,2699263,1537184.26,500
1782774638,0,33420,0,240.89,500.02,822783,1173503,1601535,2656255,3604479,297472,23461887,1327146.51,780642.00,33420,10,10,10,0,0,0,0,0,0,1854463,3596287,4136959,1991665.92,500
1782774639,0,33920,0,242.74,499.92,826367,1180671,1612799,2684927,3649535,297472,23461887,1337250.31,787258.48,33920,10,10,10,0,0,0,0,0,0,1952767,3764223,5238783,2012588.80,500
1782774640,0,34420,0,244.57,500.35,831487,1187839,1624063,2715647,3698687,297472,23461887,1349784.61,804103.34,34420,10,10,10,0,0,0,0,0,0,1958911,4038655,9453567,2200111.36,500
1782774641,0,34920,0,246.38,499.93,836095,1193983,1630207,2715647,3713023,297472,23461887,1354419.52,803367.61,34920,10,10,10,0,0,0,0,0,0,1565695,2740223,4513791,1673486.34,500
1782774642,0,35420,0,248.15,499.71,840191,1200127,1639423,2742271,3731455,297472,23461887,1362789.94,806671.74,35420,10,10,10,0,0,0,0,0,0,1893375,3387391,3934207,1947380.48,500
1782774643,0,35920,0,249.90,500.06,842751,1205247,1644543,2736127,3717119,297472,23461887,1365207.89,804004.65,35920,10,10,10,0,0,0,0,0,0,1503231,2430975,3166207,1536495.36,500
1782774644,0,36420,0,251.63,500.34,846847,1211391,1652735,2754559,3756031,297472,23461887,1374268.32,819858.58,36420,10,10,10,0,0,0,0,0,0,1686527,3846143,5963775,2025169.41,500
1782774645,0,36920,0,253.34,499.83,850943,1216511,1657855,2750463,3747839,297472,23461887,1377040.89,816584.07,36920,10,10,10,0,0,0,0,0,0,1529855,2385919,3000319,1578994.94,500
1782774646,0,37420,0,255.02,500.11,856063,1221631,1668095,2764799,3760127,297472,23461887,1385336.67,825995.22,37420,10,10,10,0,0,0,0,0,0,1813503,3278847,8454143,1997897.47,500
1782774647,0,37920,0,256.68,499.92,860159,1228799,1679359,2793471,3774463,297472,23461887,1394289.90,830142.24,37920,10,10,10,0,0,0,0,0,0,1969151,3590143,4235263,2064349.70,500
1782774648,0,38420,0,258.31,500.16,863743,1235967,1689599,2809855,3782655,297472,23461887,1401488.99,832140.79,38420,10,10,10,0,0,0,0,0,0,1849343,3293183,4321279,1947467.52,500
1782774649,0,38920,0,259.93,499.93,867839,1241087,1697791,2811903,3817471,297472,23461887,1407385.07,837922.77,38920,10,10,10,0,0,0,0,0,0,1672191,2902015,6287359,1860440.06,500
1782774650,0,39420,0,261.52,499.86,871423,1247231,1713151,2842623,3858431,297472,23461887,1416176.62,842999.27,39420,10,10,10,0,0,0,0,0,0,1966079,3663871,4972543,2100510.72,500
1782774651,0,39920,0,263.09,500.14,873983,1250303,1715199,2846719,3860479,297472,23461887,1418538.73,841644.63,39920,10,10,10,0,0,0,0,0,0,1464319,3010559,4141055,1604767.49,500
1782774652,0,40420,0,264.64,499.91,877567,1255423,1727487,2873343,3913727,297472,23461887,1426179.86,847481.01,40420,10,10,10,0,0,0,0,0,0,1813503,4231167,5312511,2036247.55,500
1782774653,0,40920,0,266.17,500.12,882175,1260543,1741823,2889727,3952639,297472,23461887,1435539.62,860942.15,40920,10,10,10,0,0,0,0,0,0,1997823,4075519,9404415,2192182.78,500
1782774654,0,41420,0,267.68,499.60,885759,1265663,1757183,2918399,3973119,297472,23461887,1444547.62,866122.22,41420,10,10,10,0,0,0,0,0,0,2059263,3839999,4837375,2181762.82,500
1782774655,0,41920,0,269.18,500.43,889855,1271807,1771519,2945023,3987455,297472,23461887,1452987.58,869471.63,41920,10,10,10,0,0,0,0,0,0,2068479,3627007,4100095,2152153.34,500
1782774656,0,42420,0,270.65,499.74,893439,1278975,1785855,2957311,3991551,297472,23461887,1460168.17,871374.11,42420,10,10,10,0,0,0,0,0,0,1997823,3485695,4489215,2062189.31,500
1782774657,0,42920,0,272.10,500.28,898047,1285119,1801215,2973695,4001791,297472,23461887,1467335.54,874313.31,42920,10,10,10,0,0,0,0,0,0,1966079,3627007,5640191,2075414.78,500
1782774658,0,43420,0,273.54,499.77,902655,1290239,1816575,2994175,4048895,297472,23461887,1477498.70,893941.03,43420,10,10,10,0,0,0,0,0,0,2140159,3936255,9781247,2349904.38,500
1782774659,0,43920,0,274.96,500.19,906239,1295359,1830911,3018751,4079615,297472,23461887,1485920.22,898650.96,43920,10,10,10,0,0,0,0,0,0,2131967,4009983,4472831,2217244.67,500
1782774660,0,44420,0,276.36,499.66,910847,1302527,1844223,3045375,4100095,297472,23461887,1493838.41,902083.15,44420,10,10,10,0,0,0,0,0,0,2101247,3958783,4730879,2189372.93,500
1782774661,0,44920,0,277.74,500.43,914943,1307647,1857535,3059711,4128767,297472,23461887,1500613.29,904393.02,44920,10,10,10,0,0,0,0,0,0,2029567,3825663,4640767,2102492.93,500
1782774662,0,45420,0,279.10,499.81,918527,1311743,1866751,3074047,4134911,297472,23461887,1506203.71,906015.08,45420,10,10,10,0,0,0,0,0,0,1824767,3731455,4481023,2008447.23,500
1782774663,0,45920,0,280.45,500.00,921599,1315839,1876991,3084287,4159487,297472,23461887,1513815.81,922326.29,45920,10,10,10,0,0,0,0,0,0,1878015,3604479,11689983,2205299.46,500
1782774664,0,46420,0,281.79,499.97,925183,1320959,1885183,3088383,4151295,297472,23461887,1517754.04,921691.45,46420,10,10,10,0,0,0,0,0,0,1736703,3315711,3874815,1879440.38,500
1782774665,0,46920,0,283.10,499.87,927231,1324031,1887231,3084287,4161535,297472,23461887,1519671.07,925366.53,46920,10,10,10,0,0,0,0,0,0,1537023,2584575,8093695,1697648.13,500
1782774666,0,47420,0,284.40,499.86,931327,1329151,1899519,3090431,4161535,297472,23461887,1524856.75,925684.97,47420,10,10,10,0,0,0,0,0,0,1965055,3284991,4012031,2011481.34,500
1782774667,0,47920,0,285.69,500.24,934911,1335295,1911807,3104767,4173823,297472,24559615,1533604.43,949887.45,47920,10,10,10,0,0,0,0,0,0,2073599,3819519,10739711,2363234.82,500
1782774668,0,48420,0,286.96,500.21,937471,1341439,1921023,3106815,4179967,297472,24559615,1538145.11,952347.03,48420,10,10,10,0,0,0,0,0,0,1816575,3264511,6193151,1973323.78,500
1782774669,0,48920,0,288.21,499.87,940543,1344511,1922047,3104767,4173823,297472,24559615,1539429.60,949508.74,48920,10,10,10,0,0,0,0,0,0,1620991,2680831,3559423,1663819.52,500
1782774670,0,49420,0,289.45,499.96,943615,1349631,1930239,3112959,4177919,297472,24559615,1543709.15,949648.62,49420,10,10,10,0,0,0,0,0,0,1835007,3547135,4419583,1962420.48,500
1782774671,0,49920,0,290.68,500.04,947199,1353727,1936383,3119103,4184063,297472,24559615,1547625.28,949295.83,49920,10,10,10,0,0,0,0,0,0,1801215,3385343,4374527,1934695.17,500
1782774672,0,50420,0,291.89,500.17,949247,1356799,1944575,3131391,4210687,297472,24559615,1553010.11,953807.63,50420,10,10,10,0,0,0,0,0,0,1856511,4139007,6205439,2090631.94,500
1782774673,0,50920,0,293.09,499.75,951295,1359871,1946623,3127295,4202495,297472,24559615,1554038.20,951039.57,50920,10,10,10,0,0,0,0,0,0,1589247,2629631,3424255,1657710.08,500
1782774674,0,51420,0,294.27,500.15,954879,1363967,1952767,3131391,4210687,297472,24559615,1558041.76,951022.14,51420,10,10,10,0,0,0,0,0,0,1906687,3633151,4878335,1965764.61,500
1782774675,0,51920,0,295.44,499.62,957439,1367039,1958911,3131391,4202495,297472,24559615,1560831.83,949506.65,51920,10,10,10,0,0,0,0,0,0,1823743,3098623,3520511,1847762.43,500
1782774676,0,52420,0,296.60,500.43,959999,1372159,1966079,3137535,4214783,297472,24559615,1564990.22,950784.60,52420,10,10,10,0,0,0,0,0,0,1802239,3532799,5869567,1996797.18,500
1782774677,0,52920,0,297.75,499.92,960511,1372159,1965055,3135487,4202495,297472,24559615,1564646.49,948568.02,52920,10,10,10,0,0,0,0,0,0,1403903,2914303,3868671,1528610.30,500
1782774678,0,53420,0,298.88,500.02,963071,1375231,1969151,3135487,4202495,297472,24559615,1566980.29,947163.21,53420,10,10,10,0,0,0,0,0,0,1729535,3233791,4030463,1813989.38,500
1782774679,0,53920,0,300.00,500.00,965631,1379327,1978367,3143679,4206591,297472,24559615,1571752.88,947834.75,53920,10,10,10,0,0,0,0,0,0,2063359,3577855,4395007,2081656.83,500
1782774680,0,54220,0,300.00,300.04,966143,1379327,1978367,3141631,4202495,297472,24559615,1571399.59,946413.75,54220,10,10,10,0,0,0,0,0,0,1397759,2777087,3293183,1507900.59,300
1782774681,0,54420,0,299.45,200.01,964607,1377279,1975295,3139583,4198399,297472,24559615,1569723.05,945366.86,54420,10,10,10,0,0,0,0,0,0,1081343,1729535,2001919,1115213.44,200
1782774682,0,54620,0,298.90,200.01,963583,1376255,1972223,3137535,4198399,297472,24559615,1568186.63,944272.30,54620,10,10,10,0,0,0,0,0,0,1081343,1883135,2068479,1150127.36,200
1782774683,0,54820,0,298.36,199.87,963071,1375231,1970175,3137535,4202495,297472,24559615,1567932.89,947617.41,54820,10,10,10,0,0,0,0,0,0,1187839,2717695,10592255,1498637.44,200
1782774684,0,55020,0,297.83,199.98,962047,1374207,1967103,3135487,4202495,297472,24559615,1566313.66,946507.78,55020,10,10,10,0,0,0,0,0,0,1119231,1646591,1868799,1122482.56,200
1782774685,0,55220,0,297.30,199.99,961535,1372159,1964031,3131391,4198399,297472,24559615,1564746.41,945477.18,55220,10,10,10,0,0,0,0,0,0,1082367,1655807,2734079,1133596.80,200
1782774686,0,55420,0,296.78,199.97,961023,1372159,1961983,3129343,4198399,297472,24559615,1563523.12,944312.43,55420,10,10,10,0,0,0,0,0,0,1169407,1951743,2265087,1225772.80,200
1782774687,0,55620,0,296.27,200.07,960511,1371135,1958911,3127295,4192255,297472,24559615,1562223.99,943171.63,55620,10,10,10,0,0,0,0,0,0,1255423,1811455,2189311,1202233.60,200
1782774688,0,55820,0,295.76,199.99,959487,1369087,1956863,3125247,4186111,297472,24559615,1560919.20,942111.43,55820,10,10,10,0,0,0,0,0,0,1199103,1976319,2351103,1198058.24,200
1782774689,0,56020,0,295.25,200.08,958975,1368063,1953791,3123199,4186111,297472,24559615,1559565.88,941189.65,56020,10,10,10,0,0,0,0,0,0,1086463,2424831,2740223,1181854.08,200
1782774690,0,56220,0,294.75,199.87,957951,1367039,1951743,3121151,4186111,297472,24559615,1558279.52,940303.77,56220,10,10,10,0,0,0,0,0,0,1132543,1879039,3676159,1197969.28,200
1782774691,0,56420,0,294.26,200.04,956927,1364991,1948671,3119103,4184063,297472,24559615,1556681.83,939288.72,56420,10,10,10,0,0,0,0,0,0,1073151,1740799,2193407,1107572.48,200
1782774692,0,56620,0,293.77,200.02,955903,1363967,1946623,3117055,4179967,297472,24559615,1555104.31,938278.39,56620,10,10,10,0,0,0,0,0,0,1039359,1771519,2181119,1110085.12,200
1782774693,0,56820,0,293.29,200.04,954879,1362943,1944575,3115007,4175871,297472,24559615,1553835.78,937361.51,56820,10,10,10,0,0,0,0,0,0,1078271,2170879,2899967,1194713.60,200
1782774694,0,57020,0,292.81,199.94,953855,1361919,1941503,3112959,4173823,297472,24559615,1552524.23,936250.36,57020,10,10,10,0,0,0,0,0,0,1172479,1776639,2134015,1179912.32,200
1782774695,0,57220,0,292.33,200.04,953343,1360895,1938431,3110911,4171775,297472,24559615,1551052.25,935157.63,57220,10,10,10,0,0,0,0,0,0,1104895,1677311,1743871,1131393.28,200
1782774696,0,57420,0,291.87,200.01,952319,1359871,1935359,3106815,4165631,297472,24559615,1549595.57,934084.26,57420,10,10,10,0,0,0,0,0,0,1083391,1679359,1935359,1132837.12,200
1782774697,0,57620,0,291.40,200.02,951807,1357823,1933311,3104767,4163583,297472,24559615,1548160.99,933040.97,57620,10,10,10,0,0,0,0,0,0,1138687,1641471,2320383,1136293.12,200
1782774698,0,57820,0,290.94,200.02,951295,1357823,1930239,3102719,4163583,297472,24559615,1546896.97,931982.74,57820,10,10,10,0,0,0,0,0,0,1140735,1956863,2260991,1182734.72,200
1782774699,0,58020,0,290.49,200.02,950271,1355775,1928191,3100671,4161535,297472,24559615,1545573.45,930924.33,58020,10,10,10,0,0,0,0,0,0,1111039,1733631,2146303,1162942.72,200
1782774700,0,58220,0,290.03,199.92,949759,1354751,1924095,3098623,4159487,297472,24559615,1544236.75,929870.00,58220,10,10,10,0,0,0,0,0,0,1166335,1685503,2242559,1156459.52,200
1782774701,0,58420,0,289.59,200.05,948735,1353727,1922047,3096575,4155391,297472,24559615,1542710.43,928864.24,58420,10,10,10,0,0,0,0,0,0,1053695,1652735,1950719,1098400.64,200
1782774702,0,58620,0,289.15,200.04,947711,1352703,1919999,3094527,4151295,297472,24559615,1541162.25,927909.81,58620,10,10,10,0,0,0,0,0,0,1023999,1655807,1985535,1088938.24,200
1782774703,0,58820,0,288.71,199.88,947199,1351679,1916927,3092479,4145151,297472,24559615,1539796.23,926877.78,58820,10,10,10,0,0,0,0,0,0,1098751,1676287,2086911,1139414.40,200
1782774704,0,59020,0,288.28,200.03,946687,1350655,1913855,3090431,4141055,297472,24559615,1538529.64,925925.21,59020,10,10,10,0,0,0,0,0,0,1121279,1680383,3000319,1166027.52,200
1782774705,0,59220,0,287.85,199.94,945663,1349631,1910783,3088383,4139007,297472,24559615,1537397.53,925015.23,59220,10,10,10,0,0,0,0,0,0,1101823,2166783,2580479,1203312.00,200
1782774706,0,59420,0,287.42,200.08,944639,1347583,1908735,3086335,4139007,297472,24559615,1536029.74,924086.59,59420,10,10,10,0,0,0,0,0,0,1079295,1655807,2842623,1131027.20,200
1782774707,0,59620,0,287.00,199.94,944127,1347583,1906687,3084287,4136959,297472,24559615,1534992.29,923153.82,59620,10,10,10,0,0,0,0,0,0,1195007,2150399,2781183,1226763.52,200
1782774708,0,59820,0,286.58,199.97,943103,1345535,1904639,3082239,4134911,297472,24559615,1533644.98,922189.01,59820,10,10,10,0,0,0,0,0,0,1117183,1832959,2166783,1132013.44,200
1782774709,0,60020,0,286.17,200.17,942591,1344511,1901567,3078143,4130815,297472,24559615,1532288.74,921149.54,60020,10,10,10,0,0,0,0,0,0,1104895,1619967,1665023,1126635.52,200
1782774710,0,60220,0,285.76,200.00,942079,1344511,1899519,3078143,4130815,297472,24559615,1531266.51,920383.98,60220,10,10,10,0,0,0,0,0,0,1147903,1956863,3612671,1224496.00,200
1782774711,0,60420,0,285.36,199.83,941567,1342463,1896447,3076095,4130815,297472,24559615,1530046.39,919418.28,60420,10,10,10,0,0,0,0,0,0,1154047,1736703,2846719,1162670.08,200
1782774712,0,60620,0,284.96,200.05,941055,1341439,1894399,3074047,4130815,297472,24559615,1528879.74,918342.40,60620,10,10,10,0,0,0,0,0,0,1140735,1733631,1953791,1176433.92,200
1782774713,0,60820,0,284.56,200.08,940543,1341439,1891327,3071999,4128767,297472,24559615,1527791.88,917333.58,60820,10,10,10,0,0,0,0,0,0,1192959,1855487,2426879,1198062.08,200
1782774714,0,61020,0,284.16,200.02,939519,1340415,1889279,3069951,4124671,297472,24559615,1526796.20,916337.91,61020,10,10,10,0,0,0,0,0,0,1193983,1939455,2629631,1224008.96,200
1782774715,0,61220,0,283.77,199.91,938495,1339391,1886207,3067903,4124671,297472,24559615,1525490.73,915370.97,61220,10,10,10,0,0,0,0,0,0,1091583,1673215,1907711,1127192.96,200
1782774716,0,61420,0,283.39,199.97,938495,1338367,1884159,3065855,4122623,297472,24559615,1524409.38,914384.88,61420,10,10,10,0,0,0,0,0,0,1186815,1794047,2326527,1193406.08,200
1782774717,0,61620,0,283.00,200.06,937983,1337343,1882111,3067903,4130815,297472,24559615,1524540.65,918084.77,61620,10,10,10,0,0,0,0,0,0,1200127,4022271,10362879,1564854.40,200
1782774718,0,61820,0,282.63,200.00,937983,1337343,1880063,3065855,4128767,297472,24559615,1523754.35,917110.12,61820,10,10,10,0,0,0,0,0,0,1190911,2136063,3024895,1281496.96,200
1782774719,0,62020,0,282.25,200.07,937471,1336319,1878015,3063807,4128767,297472,24559615,1522674.61,916569.43,62020,10,10,10,0,0,0,0,0,0,1116159,1693695,2164735,1188924.16,200
1782774720,0,62220,0,281.88,199.84,936447,1335295,1875967,3063807,4124671,297472,24559615,1521705.99,915669.82,62220,10,10,10,0,0,0,0,0,0,1181695,2061311,3076095,1221337.60,200
1782774721,0,62420,0,281.51,200.09,935935,1334271,1873919,3061759,4122623,297472,24559615,1520571.02,914719.23,62420,10,10,10,0,0,0,0,0,0,1119231,1894399,2258943,1167481.60,200
1782774722,0,62620,0,281.14,200.03,935423,1333247,1871871,3059711,4120575,297472,24559615,1519534.67,913837.99,62620,10,10,10,0,0,0,0,0,0,1136639,2154495,2607103,1196090.24,200
1782774723,0,62820,0,280.78,200.01,934911,1333247,1869823,3057663,4118527,297472,24559615,1518668.08,912967.05,62820,10,10,10,0,0,0,0,0,0,1219583,2279423,2758655,1247340.80,200
1782774724,0,63020,0,280.42,199.96,933887,1332223,1867775,3055615,4114431,297472,24559615,1517733.39,912213.03,63020,10,10,10,0,0,0,0,0,0,1162239,2238463,3065855,1224147.20,200
1782774725,0,63220,0,280.06,199.96,933375,1331199,1864703,3051519,4112383,297472,24559615,1516378.22,911287.27,63220,10,10,10,0,0,0,0,0,0,1072127,1650687,1734655,1089362.56,200
1782774726,0,63420,0,279.71,200.02,932863,1330175,1862655,3051519,4102143,297472,24559615,1515417.94,910390.35,63420,10,10,10,0,0,0,0,0,0,1135615,2028543,2979839,1211874.56,200
1782774727,0,63620,0,279.36,200.09,932863,1330175,1860607,3049471,4100095,297472,24559615,1514608.33,909494.05,63620,10,10,10,0,0,0,0,0,0,1214463,2248703,3002367,1257881.60,200
1782774728,0,63820,0,279.01,199.99,932351,1329151,1859583,3049471,4118527,297472,24559615,1516615.26,941936.80,63820,10,10,10,0,0,0,0,0,0,1132543,2195455,22462463,2155017.60,200
1782774729,0,64020,0,278.67,199.83,932351,1328127,1857535,3047423,4114431,297472,24559615,1515626.05,940997.95,64020,10,10,10,0,0,0,0,0,0,1166335,1888255,3090431,1199971.20,200
1782774730,0,64220,0,278.33,200.06,931839,1328127,1855487,3047423,4116479,297472,24559615,1514864.88,940388.79,64220,10,10,10,0,0,0,0,0,0,1129471,2081791,4460543,1271213.44,200
1782774731,0,64420,0,277.99,200.01,931327,1328127,1853439,3047423,4118527,297472,24559615,1514471.11,939900.74,64420,10,10,10,0,0,0,0,0,0,1206271,2818047,4259839,1388032.00,200
1782774732,0,64620,0,277.66,200.11,930303,1327103,1851391,3045375,4116479,297472,24559615,1513420.55,938889.78,64620,10,10,10,0,0,0,0,0,0,1144831,1790975,2197503,1175034.88,200
1782774733,0,64820,0,277.32,200.00,929791,1326079,1850367,3043327,4114431,297472,24559615,1512700.35,938110.20,64820,10,10,10,0,0,0,0,0,0,1155071,2414591,3563519,1280002.56,200
1782774734,0,65020,0,276.99,199.82,929279,1325055,1848319,3043327,4104191,297472,24559615,1511713.03,937175.90,65020,10,10,10,0,0,0,0,0,0,1139711,1802239,2813951,1191721.60,200
1782774735,0,65220,0,276.67,199.99,928767,1324031,1846271,3041279,4114431,297472,24559615,1510849.83,936584.12,65220,10,10,10,0,0,0,0,0,0,1120255,1866751,4636671,1230224.64,200
1782774736,0,65420,0,276.34,200.10,928767,1324031,1844223,3041279,4114431,297472,24559615,1510309.80,935841.30,65420,10,10,10,0,0,0,0,0,0,1207295,2754559,4003839,1334206.72,200
1782774737,0,65620,0,276.02,200.00,928767,1323007,1843199,3039231,4104191,297472,24559615,1509427.23,934835.13,65620,10,10,10,0,0,0,0,0,0,1139711,1939455,2430975,1220736.64,200
1782774738,0,65820,0,275.70,199.94,928255,1323007,1841151,3041279,4118527,297472,24559615,1509153.65,934861.25,65820,10,10,10,0,0,0,0,0,0,1173503,3645439,4911103,1419394.56,200
1782774739,0,66020,0,275.39,200.09,928255,1321983,1841151,3041279,4128767,297472,24559615,1509222.91,936255.77,66020,10,10,10,0,0,0,0,0,0,1179647,3289087,6512639,1532016.00,200
1782774740,0,66820,0,277.57,800.23,928767,1323007,1842175,3051519,4186111,283392,24559615,1512972.12,945572.88,66820,10,10,10,0,0,0,0,0,0,1406975,4861951,8200191,1822375.36,800
1782774741,0,67820,0,280.55,999.28,927231,1318911,1835007,3045375,4175871,228608,24559615,1508518.49,941679.18,67820,10,10,10,0,0,0,0,0,0,1117183,2097151,3489791,1210927.10,1000
1782774742,0,68820,0,283.52,1000.75,926207,1316863,1829887,3043327,4186111,228608,24559615,1506665.29,941535.11,68820,10,10,10,0,0,0,0,0,0,1172479,2709503,6111231,1380981.38,1000
1782774743,0,69820,0,286.46,1000.03,925183,1313791,1821695,3037183,4186111,228608,24559615,1502524.44,938168.75,69820,10,10,10,0,0,0,0,0,0,1119231,2129919,3731455,1217550.72,1000
1782774744,0,70820,0,289.37,999.58,923647,1309695,1815551,3035135,4218879,228608,24559615,1501680.69,946423.82,70820,10,10,10,0,0,0,0,0,0,1125375,2850815,8527871,1442770.18,1000
1782774745,0,71820,0,292.27,999.77,922623,1306623,1808383,3024895,4202495,228608,24559615,1497744.17,942228.22,71820,10,10,10,0,0,0,0,0,0,1150975,1963007,2975743,1218960.13,1000
1782774746,0,72822,0,295.14,1002.49,922111,1305599,1807359,3018751,4206591,228608,24559615,1497177.82,948827.37,72822,10,10,10,0,0,0,0,0,0,1235967,2635775,5021695,1456583.54,1002
1782774747,0,73820,0,297.98,997.91,921599,1303551,1802239,3010559,4192255,228608,24559615,1494350.78,945011.10,73820,10,10,10,0,0,0,0,0,0,1198079,2387967,3092479,1288067.27,998
1782774748,0,74821,0,300.81,1001.30,920063,1302527,1797119,3002367,4179967,228608,24559615,1491273.30,941187.07,74821,10,10,10,0,0,0,0,0,0,1183743,2267135,2678783,1264320.64,1001
1782774749,0,75820,0,303.60,998.17,919551,1300479,1793023,3000319,4198399,228608,24559615,1490114.70,946591.33,75820,10,10,10,0,0,0,0,0,0,1159167,2725887,11632639,1403340.30,999
1782774750,0,76820,0,306.38,1000.11,917503,1298431,1789951,2998271,4186111,228608,24559615,1487709.90,943761.49,76820,10,10,10,0,0,0,0,0,0,1180671,2637823,3483647,1305377.98,1000
1782774751,0,77820,0,309.14,1000.46,916991,1297407,1785855,2994175,4202495,228608,24559615,1486429.17,946212.75,77820,10,10,10,0,0,0,0,0,0,1182719,2504703,6488063,1388043.65,1000
1782774752,0,78820,0,311.87,1000.02,915455,1295359,1780735,2988031,4192255,228608,24559615,1483259.37,943193.84,78820,10,10,10,0,0,0,0,0,0,1100799,2336767,3500031,1236585.86,1000
1782774753,0,79820,0,314.58,999.94,915967,1294335,1778687,2983935,4210687,228608,24559615,1482974.07,943246.17,79820,10,10,10,0,0,0,0,0,0,1276927,2566143,6348799,1460486.91,1000
1782774754,0,80820,0,317.27,999.46,914431,1293311,1776639,2975743,4198399,210816,24559615,1480170.91,939937.90,80820,10,10,10,0,0,0,0,0,0,1175551,2316287,2856959,1256422.14,1000
1782774755,0,81820,0,319.94,1000.47,913407,1291263,1773567,2973695,4206591,210816,24559615,1479132.14,943092.27,81820,10,10,10,0,0,0,0,0,0,1181695,2521087,5197823,1395179.14,1000
1782774756,0,82820,0,322.59,999.66,912383,1288191,1767423,2967551,4202495,210816,24559615,1475804.39,940529.15,82820,10,10,10,0,0,0,0,0,0,1111039,1997823,3270655,1203527.42,1000
1782774757,0,83820,0,325.22,1000.26,911871,1286143,1762303,2959359,4186111,210816,24559615,1472513.17,936603.33,83820,10,10,10,0,0,0,0,0,0,1150975,1978367,2457599,1199934.66,1000
1782774758,0,84820,0,327.83,999.71,911359,1284095,1760255,2955263,4198399,210816,24559615,1471388.32,936662.33,84820,10,10,10,0,0,0,0,0,0,1164287,2807807,6504447,1377103.23,1000
1782774759,0,85821,0,330.42,1001.75,911871,1284095,1760255,2951167,4184063,210816,24559615,1470516.10,933825.92,85821,10,10,10,0,0,0,0,0,0,1264639,2639871,3291135,1396608.64,1001
1782774760,0,86820,0,332.98,998.59,910847,1283071,1758207,2945023,4171775,210816,24559615,1469134.28,932299.73,86820,10,10,10,0,0,0,0,0,0,1224703,2500607,3096575,1350426.01,999
1782774761,0,87820,0,335.53,999.64,910335,1282047,1753087,2938879,4161535,210816,24559615,1466160.96,928953.98,87820,10,10,10,0,0,0,0,0,0,1139711,2109439,2715647,1208017.79,1000
1782774762,0,88820,0,338.06,1000.41,909311,1279999,1752063,2934783,4163583,210816,24559615,1464511.21,928146.36,88820,10,10,10,0,0,0,0,0,0,1137663,2547711,4988927,1319630.08,1000
1782774763,0,89820,0,340.57,1000.20,908287,1277951,1748991,2926591,4151295,210816,24559615,1462176.06,925056.38,89820,10,10,10,0,0,0,0,0,0,1173503,2320383,2895871,1254768.26,1000
1782774764,0,90820,0,343.06,1000.08,906751,1275903,1745919,2920447,4139007,210816,24559615,1458982.90,922017.14,90820,10,10,10,0,0,0,0,0,0,1082367,2105343,2617343,1172172.54,1000
1782774765,0,91820,0,345.53,999.43,906239,1274879,1744895,2920447,4139007,210816,24559615,1457794.52,920002.96,91820,10,10,10,0,0,0,0,0,0,1213439,2705407,3962879,1349866.11,1000
1782774766,0,92820,0,347.99,1000.45,905215,1272831,1740799,2912255,4130815,210816,24559615,1454770.05,916970.01,92820,10,10,10,0,0,0,0,0,0,1112063,2026495,2699263,1177063.62,1000
1782774767,0,93820,0,350.42,1000.15,905215,1271807,1737727,2908159,4130815,210816,24559615,1453312.64,914871.37,93820,10,10,10,0,0,0,0,0,0,1206271,2287615,4231167,1318035.07,1000
1782774768,0,94820,0,352.84,999.32,904191,1270783,1734655,2904063,4134911,210816,24559615,1451405.34,913506.43,94820,10,10,10,0,0,0,0,0,0,1147903,2183167,4648959,1272462.46,1000
1782774769,0,95820,0,355.24,1000.65,903167,1267711,1731583,2904063,4145151,210816,24559615,1450675.16,919032.14,95820,10,10,10,0,0,0,0,0,0,1086463,2908159,8273919,1381440.32,1000
1782774770,0,96820,0,357.62,999.97,902655,1266687,1729535,2897919,4136959,210816,24559615,1448772.96,916216.89,96820,10,10,10,0,0,0,0,0,0,1182719,2394111,2867199,1266504.19,1000
1782774771,0,97820,0,359.98,999.66,902143,1265663,1727487,2897919,4141055,210816,24559615,1447731.67,916165.17,97820,10,10,10,0,0,0,0,0,0,1153023,2721791,5132287,1346913.73,1000
1782774772,0,98820,0,362.33,1000.32,901119,1264639,1724415,2893823,4132863,210816,24559615,1445515.84,913659.91,98820,10,10,10,0,0,0,0,0,0,1125375,2252799,3252223,1228763.01,1000
1782774773,0,99820,0,364.66,999.93,900095,1263615,1721343,2889727,4128767,210816,24559615,1443604.55,911095.25,99820,10,10,10,0,0,0,0,0,0,1196031,2367487,2979839,1254730.50,1000
1782774774,0,100820,0,366.97,999.45,899583,1262591,1721343,2889727,4130815,210816,24559615,1443033.21,910796.44,100820,10,10,10,0,0,0,0,0,0,1182719,2910207,5267455,1386002.37,1000
1782774775,0,101820,0,369.27,1000.13,898047,1261567,1718271,2887679,4130815,210816,24559615,1441094.29,910170.07,101820,10,10,10,0,0,0,0,0,0,1090559,2363391,4098047,1245612.10,1000
1782774776,0,102820,0,371.55,1000.56,898047,1260543,1715199,2885631,4134911,210816,24559615,1439990.89,909587.10,102820,10,10,10,0,0,0,0,0,0,1180671,2426879,4894719,1327643.65,1000
1782774777,0,103820,0,373.81,999.73,897023,1258495,1712127,2881535,4128767,210816,24559615,1437562.42,906967.19,103820,10,10,10,0,0,0,0,0,0,1086463,2148351,2906111,1187866.62,1000
1782774778,0,104820,0,376.06,999.67,895999,1257471,1709055,2877439,4134911,210816,24559615,1436429.83,908853.41,104820,10,10,10,0,0,0,0,0,0,1142783,2197503,7270399,1318844.42,1000
1782774779,0,105820,0,378.29,999.86,896511,1257471,1708031,2877439,4136959,210816,24559615,1435736.80,907491.00,105820,10,10,10,0,0,0,0,0,0,1198079,2670591,4202495,1363093.31,1000
1782774780,0,106820,0,380.50,1000.20,895999,1255423,1707007,2873343,4139007,210816,24559615,1434603.25,906714.70,106820,10,10,10,0,0,0,0,0,0,1119231,2682879,4179967,1314651.52,1000
1782774781,0,107820,0,382.70,999.80,894975,1254399,1702911,2867199,4130815,210816,24559615,1432138.34,903980.55,107820,10,10,10,0,0,0,0,0,0,1107967,2053119,2631679,1168836.35,1000
1782774782,0,108820,0,384.88,999.95,894975,1253375,1699839,2865151,4128767,210816,24559615,1430619.43,901639.50,108820,10,10,10,0,0,0,0,0,0,1176575,2363391,3280895,1266850.24,1000
1782774783,0,109820,0,387.05,1000.50,894975,1253375,1698815,2861055,4128767,210816,24559615,1429747.00,900274.68,109820,10,10,10,0,0,0,0,0,0,1201151,2408447,4947967,1334808.83,1000
1782774784,0,110820,0,389.20,999.31,893951,1251327,1695743,2856959,4128767,210816,24559615,1427692.25,898278.59,110820,10,10,10,0,0,0,0,0,0,1089535,2332671,3432447,1202040.06,1000
1782774785,0,111820,0,391.34,1000.95,892927,1249279,1694719,2856959,4130815,210816,24559615,1426845.87,899505.20,111820,10,10,10,0,0,0,0,0,0,1083391,2613247,5103615,1333049.79,1000
1782774786,0,112820,0,393.46,999.22,892415,1249279,1692671,2854911,4130815,210816,24559615,1425655.82,898294.33,112820,10,10,10,0,0,0,0,0,0,1165311,2637823,4689919,1292584.38,1000
1782774787,0,113820,0,395.57,1000.51,891903,1248255,1692671,2854911,4139007,210816,24559615,1425410.60,899452.57,113820,10,10,10,0,0,0,0,0,0,1190911,2734079,7745535,1397745.60,1000
1782774788,0,114820,0,397.67,999.87,891391,1247231,1690623,2850815,4136959,210816,24559615,1424144.13,897885.11,114820,10,10,10,0,0,0,0,0,0,1166335,2566143,3540991,1279993.73,1000
1782774789,0,115820,0,399.75,1000.34,890879,1246207,1688575,2846719,4130815,210816,24559615,1422218.41,895527.20,115820,10,10,10,0,0,0,0,0,0,1111039,2073599,2629631,1201107.14,1000
1782774790,0,116820,0,401.81,999.93,890367,1245183,1687551,2844671,4134911,210816,24559615,1421978.46,896736.46,116820,10,10,10,0,0,0,0,0,0,1191935,2725887,5615615,1394187.65,1000
1782774791,0,117820,0,403.86,999.66,890367,1245183,1686527,2840575,4130815,210816,24559615,1420699.26,894354.94,117820,10,10,10,0,0,0,0,0,0,1212415,2187263,2693119,1271263.49,1000
1782774792,0,118820,0,405.90,999.71,890367,1244159,1684479,2836479,4134911,210816,24559615,1419850.24,894074.66,118820,10,10,10,0,0,0,0,0,0,1169407,2308095,5824511,1319818.24,1000
1782774793,0,119820,0,407.92,1000.31,890367,1244159,1683455,2832383,4128767,210816,24559615,1418341.93,891699.38,119820,10,10,10,0,0,0,0,0,0,1175551,2150399,2897919,1239125.25,1000
1782774794,0,120820,0,409.93,999.78,889855,1243135,1682431,2826239,4128767,210816,24559615,1417130.36,890515.72,120820,10,10,10,0,0,0,0,0,0,1136639,2361343,4263935,1271959.68,1000
1782774795,0,121820,0,411.92,999.98,889343,1242111,1680383,2824191,4124671,210816,24559615,1415756.00,888773.00,121820,10,10,10,0,0,0,0,0,0,1132543,2267135,3344383,1249705.22,1000
1782774796,0,122820,0,413.90,1000.16,888831,1241087,1679359,2820095,4130815,210816,24559615,1414821.11,889231.04,122820,10,10,10,0,0,0,0,0,0,1130495,2324479,5128191,1300933.12,1000
1782774797,0,123820,0,415.87,1000.44,887807,1239039,1677311,2815999,4124671,210816,24559615,1412895.38,887180.86,123820,10,10,10,0,0,0,0,0,0,1104895,2146303,2824191,1176377.22,1000
1782774798,0,124820,0,417.83,1000.08,887295,1238015,1675263,2811903,4114431,210816,24559615,1411208.08,885033.20,124820,10,10,10,0,0,0,0,0,0,1101823,2197503,2756607,1202286.66,1000
1782774799,0,125820,0,419.77,999.62,887295,1236991,1674239,2811903,4114431,210816,24559615,1410579.96,884577.51,125820,10,10,10,0,0,0,0,0,0,1158143,2928639,4640767,1332177.66,1000
1782774800,0,126260,0,419.84,439.93,886783,1236991,1673215,2809855,4112383,210816,24559615,1409770.33,883640.57,126260,10,10,10,0,0,0,0,0,0,1091583,2199551,3071999,1178253.96,440
1782774801,0,126460,0,419.11,200.01,886783,1235967,1672191,2807807,4102143,210816,24559615,1409552.24,883251.46,126460,10,10,10,0,0,0,0,0,0,1217535,2267135,3344383,1271871.36,200
1782774802,0,126660,0,418.39,200.04,886271,1235967,1672191,2807807,4100095,210816,24559615,1409042.25,882793.01,126660,10,10,10,0,0,0,0,0,0,1038847,1868799,2086911,1086577.92,200
1782774803,0,126860,0,417.67,199.99,886271,1235967,1671167,2805759,4100095,210816,24559615,1408595.90,882288.02,126860,10,10,10,0,0,0,0,0,0,1119231,1686527,1853439,1125924.48,200
1782774804,0,127060,0,416.95,199.96,885759,1235967,1670143,2805759,4112383,210816,24559615,1408317.46,882259.95,127060,10,10,10,0,0,0,0,0,0,1023999,2301951,4829183,1231703.04,200
1782774805,0,127260,0,416.24,200.04,885759,1234943,1670143,2805759,4104191,210816,24559615,1407888.54,881817.20,127260,10,10,10,0,0,0,0,0,0,1086463,1683455,2965503,1135389.44,200
1782774806,0,127460,0,415.54,200.07,885247,1234943,1669119,2803711,4102143,210816,24559615,1407522.62,881356.42,127460,10,10,10,0,0,0,0,0,0,1114111,1734655,2762751,1174691.20,200
1782774807,0,127660,0,414.84,199.83,885247,1234943,1668095,2803711,4100095,210816,24559615,1407169.66,880945.59,127660,10,10,10,0,0,0,0,0,0,1110015,1956863,3317759,1182229.76,200
1782774808,0,127860,0,414.14,200.02,885247,1234943,1668095,2803711,4100095,210816,24559615,1406864.64,880530.78,127860,10,10,10,0,0,0,0,0,0,1117183,2430975,2936831,1212165.76,200
1782774809,0,128060,0,413.45,200.03,884735,1234943,1667071,2801663,4100095,210816,24559615,1406464.06,880113.39,128060,10,10,10,0,0,0,0,0,0,1111039,1701887,3221503,1150376.96,200
1782774810,0,128260,0,412.76,199.99,884735,1233919,1667071,2801663,4100095,210816,24559615,1406234.61,879832.89,128260,10,10,10,0,0,0,0,0,0,1158143,2559999,3874815,1259319.04,200
1782774811,0,128460,0,412.08,200.04,884735,1233919,1666047,2801663,4100095,210816,24559615,1405794.34,879343.60,128460,10,10,10,0,0,0,0,0,0,1117183,1675263,1875967,1123446.40,200
1782774812,0,128660,0,411.40,200.02,884735,1233919,1665023,2801663,4100095,210816,24559615,1405455.71,879064.24,128660,10,10,10,0,0,0,0,0,0,1056767,1732607,3993599,1187952.64,200
1782774813,0,128860,0,410.73,199.99,884223,1233919,1665023,2799615,4100095,210816,24559615,1405162.00,878637.73,128860,10,10,10,0,0,0,0,0,0,1177599,2082815,2820095,1216222.08,200
1782774814,0,129060,0,410.06,199.99,884223,1232895,1663999,2799615,4098047,210816,24559615,1404742.88,878194.14,129060,10,10,10,0,0,0,0,0,0,1080319,1785855,2762751,1134702.72,200
1782774815,0,129260,0,409.39,200.04,884223,1232895,1663999,2797567,4098047,210816,24559615,1404370.32,877691.56,129260,10,10,10,0,0,0,0,0,0,1140735,1720319,2054143,1163957.76,200
1782774816,0,129460,0,408.73,200.01,884223,1232895,1662975,2797567,4098047,210816,24559615,1403953.06,877209.90,129460,10,10,10,0,0,0,0,0,0,1111039,1677311,2281471,1134273.92,200
1782774817,0,129660,0,408.08,200.00,883711,1232895,1662975,2797567,4098047,210816,24559615,1403893.09,877239.39,129660,10,10,10,0,0,0,0,0,0,1170431,3624959,4988927,1365079.04,200
1782774818,0,129860,0,407.42,200.01,883711,1232895,1661951,2797567,4098047,210816,24559615,1403647.76,876966.41,129860,10,10,10,0,0,0,0,0,0,1128447,2637823,4089855,1244595.20,200
1782774819,0,130060,0,406.77,199.92,883711,1231871,1661951,2795519,4098047,210816,24559615,1403187.27,876475.15,130060,10,10,10,0,0,0,0,0,0,1040895,1629183,1942527,1104191.36,200
1782774820,0,130260,0,406.13,200.10,883199,1231871,1660927,2793471,4098047,210816,24559615,1402703.90,875998.18,130260,10,10,10,0,0,0,0,0,0,1035263,1662975,1987583,1088371.20,200
1782774821,0,130460,0,405.49,199.86,883199,1231871,1659903,2793471,4091903,210816,24559615,1402230.31,875524.74,130460,10,10,10,0,0,0,0,0,0,1093631,1656831,1807359,1093781.12,200
1782774822,0,130660,0,404.85,200.09,882687,1230847,1658879,2793471,4089855,210816,24559615,1401806.87,875106.59,130660,10,10,10,0,0,0,0,0,0,1036287,1757183,2856959,1125596.80,200
1782774823,0,130860,0,404.22,199.88,882687,1230847,1658879,2793471,4089855,210816,24559615,1401338.71,874724.71,130860,10,10,10,0,0,0,0,0,0,1002495,1702911,3065855,1095488.64,200
1782774824,0,131060,0,403.59,200.03,882175,1230847,1658879,2791423,4087807,210816,24559615,1400945.56,874244.53,131060,10,10,10,0,0,0,0,0,0,1095679,1795071,2199551,1143710.72,200
1782774825,0,131260,0,402.97,200.02,882175,1230847,1657855,2789375,4087807,210816,24559615,1400581.83,873775.83,131260,10,10,10,0,0,0,0,0,0,1128447,1842175,2527231,1162227.20,200
1782774826,0,131460,0,402.35,200.11,882175,1230847,1657855,2789375,4085759,210816,24559615,1400207.00,873330.51,131460,10,10,10,0,0,0,0,0,0,1122303,1768447,2629631,1154208.64,200
1782774827,0,131660,0,401.73,199.97,881663,1229823,1656831,2787327,4083711,210816,24559615,1399709.35,872871.29,131660,10,10,10,0,0,0,0,0,0,1041407,1608703,1684479,1072603.52,200
1782774828,0,131860,0,401.11,199.96,881663,1229823,1655807,2785279,4079615,210816,24559615,1399318.16,872406.65,131860,10,10,10,0,0,0,0,0,0,1117183,1661951,2543615,1141794.56,200
1782774829,0,132060,0,400.50,200.02,881663,1229823,1655807,2785279,4079615,210816,24559615,1398941.01,871945.43,132060,10,10,10,0,0,0,0,0,0,1120255,1806335,2154495,1150284.80,200
1782774830,0,132260,0,399.90,199.93,881663,1229823,1654783,2785279,4083711,210816,24559615,1398763.91,871866.42,132260,10,10,10,0,0,0,0,0,0,1128447,2140159,4984831,1281829.76,200
1782774831,0,132460,0,399.29,200.07,881151,1228799,1654783,2783231,4083711,210816,24559615,1398312.37,871421.95,132460,10,10,10,0,0,0,0,0,0,1073151,1672191,2277375,1099707.52,200
1782774832,0,132660,0,398.70,200.01,881151,1228799,1653759,2783231,4079615,210816,24559615,1397867.26,870971.40,132660,10,10,10,0,0,0,0,0,0,1056767,1652735,2226175,1103073.28,200
1782774833,0,132860,0,398.10,200.04,880639,1228799,1653759,2783231,4079615,210816,24559615,1397722.52,870959.35,132860,10,10,10,0,0,0,0,0,0,1072127,2990079,4681727,1301715.20,200
1782774834,0,133060,0,397.51,200.02,880639,1228799,1652735,2781183,4079615,210816,24559615,1397362.66,870520.29,133060,10,10,10,0,0,0,0,0,0,1150975,1826815,2568191,1158305.28,200
1782774835,0,133260,0,396.92,199.82,880127,1228799,1652735,2781183,4077567,210816,24559615,1397000.40,870051.12,133260,10,10,10,0,0,0,0,0,0,1151999,1816575,2134015,1155989.76,200
1782774836,0,133460,0,396.34,200.17,880127,1227775,1651711,2779135,4075519,210816,24559615,1396524.46,869601.00,133460,10,10,10,0,0,0,0,0,0,1090559,1610751,1871871,1079407.36,200
1782774837,0,133660,0,395.75,199.92,879615,1227775,1650687,2779135,4073471,210816,24559615,1396017.61,869139.77,133660,10,10,10,0,0,0,0,0,0,1025535,1566719,1655807,1057792.00,200
1782774838,0,133860,0,395.18,199.99,879615,1227775,1650687,2777087,4073471,210816,24559615,1395633.87,868788.45,133860,10,10,10,0,0,0,0,0,0,1068031,1900543,2303999,1139183.36,200
1782774839,0,134060,0,394.60,199.91,879103,1227775,1649663,2777087,4071423,210816,24559615,1395386.76,868353.08,134060,10,10,10,0,0,0,0,0,0,1160191,2138111,2347007,1229995.52,200
1782774840,0,134260,0,394.03,200.15,879103,1226751,1649663,2775039,4069375,210816,24559615,1394979.04,867891.79,134260,10,10,10,0,0,0,0,0,0,1074175,1721343,1931263,1121684.48,200
1782774841,0,134460,0,393.46,199.86,879103,1226751,1649663,2772991,4067327,210816,24559615,1394830.56,867464.51,134460,10,10,10,0,0,0,0,0,0,1229823,2260991,2826239,1295153.92,200
1782774842,0,134660,0,392.90,200.17,879103,1226751,1648639,2772991,4067327,210816,24559615,1394443.60,867002.01,134660,10,10,10,0,0,0,0,0,0,1106943,1688575,2078719,1134292.48,200
1782774843,0,134860,0,392.34,199.87,878591,1226751,1647615,2770943,4065279,210816,24559615,1393977.24,866552.67,134860,10,10,10,0,0,0,0,0,0,1021951,1653759,1940479,1079980.16,200
1782774844,0,135060,0,391.78,200.03,878591,1226751,1647615,2770943,4063231,210816,24559615,1393614.64,866083.30,135060,10,10,10,0,0,0,0,0,0,1147903,1767423,1932287,1149111.04,200
1782774845,0,135260,0,391.22,200.03,878079,1226751,1646591,2768895,4061183,210816,24559615,1393221.18,865634.49,135260,10,10,10,0,0,0,0,0,0,1087487,1767423,2136063,1127520.00,200
1782774846,0,135460,0,390.67,199.95,878079,1226751,1646591,2768895,4059135,210816,24559615,1392881.74,865181.69,135460,10,10,10,0,0,0,0,0,0,1131519,1806335,2293759,1163313.92,200
1782774847,0,135660,0,390.13,200.09,878079,1226751,1645567,2766847,4057087,210816,24559615,1392530.66,864850.86,135660,10,10,10,0,0,0,0,0,0,1078271,1970175,3624959,1154748.16,200
1782774848,0,135860,0,389.58,199.99,877567,1225727,1645567,2766847,4057087,210816,24559615,1392171.72,864405.75,135860,10,10,10,0,0,0,0,0,0,1101823,1850367,2094079,1148697.60,200
1782774849,0,136060,0,389.04,200.01,877567,1225727,1645567,2764799,4052991,210816,24559615,1391858.03,864007.00,136060,10,10,10,0,0,0,0,0,0,1087487,1947647,2867199,1178768.64,200
1782774850,0,136260,0,388.50,200.00,877567,1225727,1644543,2764799,4052991,210816,24559615,1391485.01,863584.91,136260,10,10,10,0,0,0,0,0,0,1088511,1761279,2537471,1137719.04,200
1782774851,0,136460,0,387.96,199.99,877055,1225727,1643519,2764799,4050943,210816,24559615,1391163.92,863233.86,136460,10,10,10,0,0,0,0,0,0,1099775,1699839,3260415,1172408.32,200
1782774852,0,136660,0,387.43,199.93,877055,1225727,1643519,2762751,4048895,210816,24559615,1390837.75,862814.76,136660,10,10,10,0,0,0,0,0,0,1096703,1923071,2625535,1168293.76,200
1782774853,0,136860,0,386.90,199.94,877055,1224703,1642495,2762751,4048895,210816,24559615,1390419.87,862351.66,136860,10,10,10,0,0,0,0,0,0,1055743,1674239,1739775,1104880.64,200
1782774854,0,137060,0,386.37,199.98,876543,1224703,1642495,2760703,4046847,210816,24559615,1390153.47,861931.72,137060,10,10,10,0,0,0,0,0,0,1146879,1927167,3006463,1207857.28,200
1782774855,0,137260,0,385.85,200.11,876543,1224703,1642495,2760703,4042751,210816,24559615,1389848.61,861529.86,137260,10,10,10,0,0,0,0,0,0,1086463,2086911,2721791,1180924.80,200
1782774856,0,137460,0,385.33,200.04,876543,1224703,1641471,2758655,4038655,210816,24559615,1389503.13,861097.32,137460,10,10,10,0,0,0,0,0,0,1110015,1780735,2449407,1152398.72,200
1782774857,0,137660,0,384.81,199.98,876543,1224703,1641471,2758655,4038655,210816,24559615,1389088.75,860643.30,137660,10,10,10,0,0,0,0,0,0,1085439,1698815,1889279,1104289.92,200
1782774858,0,137860,0,384.29,199.88,876031,1224703,1640447,2756607,4036607,210816,24559615,1388686.76,860204.39,137860,10,10,10,0,0,0,0,0,0,1086463,1663999,1950719,1111996.16,200
1782774859,0,138060,0,383.78,200.02,876031,1223679,1640447,2756607,4036607,210816,24559615,1388401.83,859755.14,138060,10,10,10,0,0,0,0,0,0,1146879,1932287,2328575,1192000.00,200
1782774860,0,139590,0,386.96,1530.73,875519,1221631,1639423,2766847,4100095,210816,24559615,1389719.22,866199.16,139590,10,10,10,0,0,0,0,0,0,1072127,4325375,7413759,1508594.61,1530
1782774861,0,141590,0,391.42,2000.32,873983,1217535,1634303,2756607,4087807,210816,24559615,1385080.33,862260.03,141590,10,10,10,0,0,0,0,0,0,997375,1753087,2424831,1061308.61,2000
1782774862,0,143590,0,395.85,1999.97,869887,1211391,1629183,2752511,4100095,210816,24559615,1380928.46,863757.70,143590,10,10,10,0,0,0,0,0,0,920575,2028543,4571135,1086996.61,2000
1782774863,0,145590,0,400.26,2000.29,867327,1207295,1625087,2744319,4085759,210816,24559615,1376708.79,860413.94,145590,10,10,10,0,0,0,0,0,0,978943,2002943,2615295,1073757.66,2000
1782774864,0,147590,0,404.65,1999.98,863743,1204223,1622015,2742271,4098047,210816,24559615,1373764.96,862595.57,147590,10,10,10,0,0,0,0,0,0,944127,2277375,4755455,1159469.38,2000
1782774865,0,149590,0,409.01,1998.78,861183,1200127,1618943,2734079,4079615,210816,24559615,1369610.27,859439.66,149590,10,10,10,0,0,0,0,0,0,967167,1997823,2981887,1063014.78,2000
1782774866,0,151590,0,413.35,2000.77,860671,1197055,1614847,2727935,4079615,210816,24559615,1367460.69,862534.07,151590,10,10,10,0,0,0,0,0,0,1050623,1917951,3831807,1206682.75,2000
1782774867,0,153590,0,417.67,2000.15,858623,1192959,1610751,2721791,4067327,210816,24559615,1363550.16,860082.07,153590,10,10,10,0,0,0,0,0,0,940543,2091007,3198975,1067151.71,2000
1782774868,0,155590,0,421.96,1998.51,856575,1188863,1607679,2721791,4100095,210816,24559615,1361389.24,864384.48,155590,10,10,10,0,0,0,0,0,0,973311,2056191,6225919,1195441.18,2000
1782774869,0,157590,0,426.22,2001.22,855039,1185791,1602559,2713599,4087807,210816,24559615,1357865.97,860778.79,157590,10,10,10,0,0,0,0,0,0,1025023,1874943,2504703,1083773.41,2000
1782774870,0,159590,0,430.47,1999.51,852991,1181695,1598463,2707455,4069375,210816,24559615,1353747.84,857650.59,159590,10,10,10,0,0,0,0,0,0,962047,1855487,2863103,1029259.52,2000
1782774871,0,161590,0,434.69,2000.06,850943,1177599,1593343,2703359,4069375,210816,24559615,1350291.49,857924.10,161590,10,10,10,0,0,0,0,0,0,957439,1702911,3293183,1074491.71,2000
1782774872,0,163590,0,438.89,1999.63,848895,1174527,1589247,2693119,4052991,210816,24559615,1346501.61,854558.47,163590,10,10,10,0,0,0,0,0,0,973311,1769471,2385919,1040298.82,2000
1782774873,0,165590,0,443.07,2000.82,846847,1171455,1586175,2691071,4052991,210816,24559615,1343842.99,853254.19,165590,10,10,10,0,0,0,0,0,0,964095,2291711,4177919,1126380.67,2000
1782774874,0,167590,0,447.22,1999.26,845823,1168383,1583103,2684927,4038655,210816,24559615,1341379.30,850543.97,167590,10,10,10,0,0,0,0,0,0,1010687,2038783,3215359,1137398.62,2000
1782774875,0,169590,0,451.36,2001.25,844799,1165311,1580031,2682879,4065279,210816,24559615,1339401.29,852477.15,169590,10,10,10,0,0,0,0,0,0,977919,2420735,5459967,1173653.82,2000
1782774876,0,171590,0,455.47,1999.52,843775,1162239,1575935,2676735,4048895,210816,24559615,1335849.31,849165.10,171590,10,10,10,0,0,0,0,0,0,992255,1704959,2260991,1034659.07,2000
1782774877,0,173590,0,459.55,1998.83,843263,1160191,1573887,2676735,4083711,210816,24559615,1337179.10,879812.15,173590,10,10,10,0,0,0,0,0,0,1025023,2541567,13107199,1451268.80,2000
1782774878,0,175590,0,463.62,2000.73,841727,1157119,1570815,2670591,4067327,210816,24559615,1334192.11,876929.62,175590,10,10,10,0,0,0,0,0,0,972799,2016255,3141631,1074936.19,2000
1782774879,0,177590,0,467.67,2000.53,840191,1154047,1568767,2668543,4065279,210816,24559615,1331790.95,875086.31,177590,10,10,10,0,0,0,0,0,0,974335,2295807,3827711,1120980.67,2000
1782774880,0,179590,0,471.69,1999.90,838655,1149951,1563647,2658303,4048895,210816,24559615,1328022.24,871643.19,179590,10,10,10,0,0,0,0,0,0,954367,1684479,1974271,993379.90,2000
1782774881,0,181590,0,475.70,2000.09,838143,1147903,1562623,2652159,4048895,210816,24559615,1326140.50,869778.24,181590,10,10,10,0,0,0,0,0,0,1019391,2183167,3944447,1157169.54,2000
1782774882,0,183590,0,479.68,1999.37,837631,1145855,1559551,2646015,4030463,210816,24559615,1323254.26,866358.04,183590,10,10,10,0,0,0,0,0,0,1029631,1772543,2181119,1061197.70,2000
1782774883,0,185590,0,483.64,2000.50,836095,1142783,1555455,2641919,4024319,210816,24559615,1320591.98,864494.08,185590,10,10,10,0,0,0,0,0,0,949247,2080767,3776511,1076208.06,2000
1782774884,0,187590,0,487.58,1999.28,834559,1140735,1553407,2637823,4012031,210816,24559615,1317872.33,861774.32,187590,10,10,10,0,0,0,0,0,0,955391,1992703,2908159,1065502.98,2000
1782774885,0,189590,0,491.50,2000.23,833535,1137663,1550335,2633727,4012031,210816,24559615,1315426.89,860380.11,189590,10,10,10,0,0,0,0,0,0,987647,1928191,3065855,1086056.77,2000
1782774886,0,191590,0,495.40,1999.50,833023,1135615,1546239,2627583,3999743,210816,24559615,1312796.82,857166.57,191590,10,10,10,0,0,0,0,0,0,1005055,1682431,2357247,1063479.49,2000
1782774887,0,193590,0,499.28,2000.51,833023,1134591,1545215,2625535,3999743,210816,24559615,1311707.84,855651.56,193590,10,10,10,0,0,0,0,0,0,1047551,2365439,3637247,1207388.22,2000
1782774888,0,195590,0,503.14,1999.99,831487,1131519,1541119,2621439,3987455,210816,24559615,1308736.42,853169.54,195590,10,10,10,0,0,0,0,0,0,942591,1777663,3125247,1021118.46,2000
1782774889,0,197590,0,506.99,1999.72,829951,1129471,1538047,2617343,3973119,210816,24559615,1306069.85,850699.32,197590,10,10,10,0,0,0,0,0,0,945151,2059263,2871295,1045292.51,2000
1782774890,0,199590,0,510.81,1999.85,827903,1127423,1535999,2611199,3962879,210816,24559615,1303169.47,848247.68,199590,10,10,10,0,0,0,0,0,0,908799,2035711,2648063,1016625.86,2000
1782774891,0,201590,0,514.61,2000.64,826367,1124351,1531903,2605055,3952639,210816,24559615,1300364.28,845706.46,201590,10,10,10,0,0,0,0,0,0,942079,1908735,2527231,1020421.12,2000
1782774892,0,203590,0,518.39,2000.33,825855,1122303,1529855,2603007,3962879,210816,24559615,1299161.26,846219.14,203590,10,10,10,0,0,0,0,0,0,999935,2310143,6029311,1177902.40,2000
1782774893,0,205590,0,522.15,1999.52,824831,1121279,1526783,2598911,3952639,210816,24559615,1296770.27,843648.05,205590,10,10,10,0,0,0,0,0,0,972287,1816575,2766847,1053380.03,2000
1782774894,0,207590,0,525.90,1999.77,824319,1120255,1524735,2598911,3962879,210816,24559615,1296452.43,852164.75,207590,10,10,10,0,0,0,0,0,0,1000447,2426879,7192575,1263779.68,2000
1782774895,0,209590,0,529.62,2000.83,823295,1118207,1522687,2592767,3952639,210816,24559615,1294170.42,849525.61,209590,10,10,10,0,0,0,0,0,0,986623,1874943,2787327,1057308.74,2000
1782774896,0,211590,0,533.33,1999.85,821759,1116159,1519615,2590719,3962879,210816,24559615,1292421.12,850313.86,211590,10,10,10,0,0,0,0,0,0,931839,2105343,4968447,1109103.33,2000
1782774897,0,213590,0,537.02,1999.62,821247,1114111,1515519,2584575,3950591,210816,24559615,1290135.57,847573.88,213590,10,10,10,0,0,0,0,0,0,997375,1643519,2865151,1048335.84,2000
1782774898,0,215590,0,540.69,2000.35,820735,1112063,1512447,2580479,3958783,210816,24559615,1288614.32,850741.38,215590,10,10,10,0,0,0,0,0,0,968191,1766399,5664767,1126152.19,2000
1782774899,0,217590,0,544.34,1999.73,820223,1110015,1509375,2578431,3944447,210816,24559615,1286581.98,848219.10,217590,10,10,10,0,0,0,0,0,0,1010175,1992703,2871295,1067506.56,2000
1782774900,0,219590,0,547.97,1999.76,819199,1108991,1507327,2578431,3956735,210816,24559615,1285880.98,850332.17,219590,10,10,10,0,0,0,0,0,0,1007103,2574335,5689343,1209615.68,2000
1782774901,0,221590,0,551.58,1999.88,819199,1108991,1507327,2578431,3956735,203008,24559615,1285748.91,851256.23,221590,10,10,10,0,0,0,0,0,0,1081343,2625535,3913727,1271248.48,2000
1782774902,0,223590,0,555.18,1999.82,818175,1106943,1505279,2576383,3964927,203008,24559615,1285097.79,858578.43,223590,10,10,10,0,0,0,0,0,0,957439,2244607,5763071,1212956.42,2000
1782774903,0,225590,0,558.76,2000.98,817151,1105919,1504255,2578431,3983359,203008,24559615,1284702.91,859026.66,225590,10,10,10,0,0,0,0,0,0,974847,3112959,5435391,1240557.95,2000
1782774904,0,227590,0,562.32,2000.23,816639,1104895,1502207,2576383,3991551,203008,24559615,1283861.35,859915.91,227590,10,10,10,0,0,0,0,0,0,983551,2408447,5283839,1188937.28,2000
1782774905,0,229590,0,565.86,1999.87,816127,1103871,1501183,2574335,3983359,203008,24559615,1282322.42,857820.61,229590,10,10,10,0,0,0,0,0,0,983039,2091007,3045375,1107200.13,2000
1782774906,0,231590,0,569.39,1998.74,815103,1102847,1499135,2572287,3995647,203008,24559615,1281460.73,859342.85,231590,10,10,10,0,0,0,0,0,0,965631,2142207,7385087,1182542.50,2000
1782774907,0,233590,0,572.90,2000.28,814591,1101823,1497087,2570239,3985407,203008,24559615,1279921.99,857297.90,233590,10,10,10,0,0,0,0,0,0,956415,2265087,3123199,1101743.36,2000
1782774908,0,235590,0,576.39,2000.79,813567,1099775,1495039,2568191,3995647,203008,24559615,1278897.47,856576.51,235590,10,10,10,0,0,0,0,0,0,990207,2508799,4788223,1159239.07,2000
1782774909,0,237590,0,579.86,2000.30,812031,1098751,1494015,2568191,3991551,203008,24559615,1277207.51,854868.17,237590,10,10,10,0,0,0,0,0,0,920063,2222079,3330047,1078139.14,2000
1782774910,0,239590,0,583.32,1999.38,811519,1097727,1491967,2564095,3993599,203008,24559615,1275791.84,853641.27,239590,10,10,10,0,0,0,0,0,0,938495,2156543,4104191,1107616.93,2000
1782774911,0,241590,0,586.76,1999.11,810495,1096703,1490943,2564095,4001791,203008,24559615,1275488.07,857998.92,241590,10,10,10,0,0,0,0,0,0,968703,2682879,5382143,1239097.98,2000
1782774912,0,243590,0,590.18,2000.17,809471,1094655,1489919,2564095,4005887,203008,24559615,1274388.99,857993.34,243590,10,10,10,0,0,0,0,0,0,923647,2527231,5136383,1141625.73,2000
1782774913,0,245590,0,593.59,2001.39,808959,1093631,1487871,2564095,4012031,203008,24559615,1273658.95,860251.51,245590,10,10,10,0,0,0,0,0,0,969727,2121727,5648383,1184743.87,2000
1782774914,0,247590,0,596.98,1999.33,807423,1091583,1485823,2564095,4007935,203008,24559615,1272124.39,858735.88,247590,10,10,10,0,0,0,0,0,0,926719,2519039,3534847,1083687.65,2000
1782774915,0,249590,0,600.36,2000.53,806911,1090559,1484799,2562047,4012031,203008,24559615,1271782.86,865163.43,249590,10,10,10,0,0,0,0,0,0,948735,2453503,11223039,1229502.91,2000
1782774916,0,251590,0,603.72,1999.97,805887,1088511,1482751,2559999,4014079,203008,24559615,1270591.88,864811.29,251590,10,10,10,0,0,0,0,0,0,929791,2326527,4046847,1121963.74,2000
1782774917,0,253590,0,607.06,1999.40,805375,1087487,1480703,2557951,4028415,203008,24559615,1270132.17,874345.03,253590,10,10,10,0,0,0,0,0,0,938495,1928191,7348223,1212303.30,2000
1782774918,0,255590,0,610.39,1999.00,804351,1085439,1478655,2557951,4022271,203008,24559615,1268548.31,872633.16,255590,10,10,10,0,0,0,0,0,0,924671,2273279,3438591,1067722.27,2000
1782774919,0,257590,0,613.70,2001.45,803839,1084415,1476607,2555903,4036607,203008,24559615,1268472.50,881373.98,257590,10,10,10,0,0,0,0,0,0,958975,2252799,7327743,1258784.00,2000
1782774920,0,258280,0,613.88,689.92,803327,1084415,1476607,2555903,4034559,203008,24559615,1268276.31,880912.59,258280,10,10,10,0,0,0,0,0,0,967679,2674687,3403775,1195035.46,690
1782774921,0,258480,0,612.90,199.89,803327,1084415,1477631,2555903,4034559,203008,24559615,1268443.14,880818.81,258480,10,10,10,0,0,0,0,0,0,1342463,2756607,4003839,1483896.32,200
1782774922,0,258680,0,611.92,200.05,803839,1084415,1477631,2555903,4030463,203008,24559615,1268636.73,880627.44,258680,10,10,10,0,0,0,0,0,0,1445887,2498559,2764799,1518833.92,200
1782774923,0,258880,0,610.95,200.11,803839,1084415,1478655,2557951,4032511,203008,24559615,1268859.67,880558.82,258880,10,10,10,0,0,0,0,0,0,1443839,2879487,4063231,1557200.00,200
1782774924,0,259080,0,609.98,199.98,803839,1084415,1478655,2557951,4028415,203008,24559615,1269005.12,880452.27,259080,10,10,10,0,0,0,0,0,0,1361919,3141631,3426303,1457284.48,200
1782774925,0,259280,0,609.02,199.90,803839,1085439,1478655,2557951,4028415,203008,24559615,1269081.95,880262.24,259280,10,10,10,0,0,0,0,0,0,1275903,2646015,2969599,1368600.32,200
1782774926,0,259480,0,608.06,200.12,804351,1085439,1479679,2557951,4026367,203008,24559615,1269183.98,880026.54,259480,10,10,10,0,0,0,0,0,0,1382399,2164735,2564095,1401455.36,200
1782774927,0,259680,0,607.10,199.87,804351,1085439,1479679,2559999,4028415,203008,24559615,1269710.86,880253.33,259680,10,10,10,0,0,0,0,0,0,1754111,3522559,4468735,1953290.88,200
1782774928,0,259880,0,606.16,200.05,804351,1085439,1479679,2559999,4028415,203008,24559615,1269854.42,880082.45,259880,10,10,10,0,0,0,0,0,0,1411071,2512895,3635199,1456254.08,200
1782774929,0,260080,0,605.21,200.10,804351,1085439,1480703,2559999,4026367,203008,24559615,1270035.34,879915.14,260080,10,10,10,0,0,0,0,0,0,1405951,2684927,3323903,1505121.92,200
1782774930,0,260280,0,604.27,199.87,804863,1086463,1480703,2559999,4026367,203008,24559615,1270170.73,879703.93,260280,10,10,10,0,0,0,0,0,0,1395711,2383871,2934783,1446234.24,200
1782774931,0,260480,0,603.33,200.12,804863,1086463,1480703,2559999,4022271,203008,24559615,1270266.72,879492.13,260480,10,10,10,0,0,0,0,0,0,1357823,2220031,2979839,1395178.24,200
1782774932,0,260680,0,602.40,199.88,804863,1086463,1481727,2559999,4022271,203008,24559615,1270464.67,879354.51,260680,10,10,10,0,0,0,0,0,0,1427455,2852863,3487743,1528278.40,200
1782774933,0,260880,0,601.47,199.93,804863,1086463,1481727,2559999,4024319,203008,24559615,1270774.62,879369.30,260880,10,10,10,0,0,0,0,0,0,1566719,3137535,4575231,1674764.80,200
1782774934,0,261080,0,600.55,200.15,805375,1087487,1482751,2559999,4022271,203008,24559615,1270978.51,879199.80,261080,10,10,10,0,0,0,0,0,0,1454079,2484223,3280895,1536937.60,200
1782774935,0,261280,0,599.63,200.01,805375,1087487,1482751,2559999,4022271,203008,24559615,1271114.98,879054.30,261280,10,10,10,0,0,0,0,0,0,1353727,2732031,3758079,1449254.40,200
1782774936,0,261480,0,598.72,199.86,805375,1087487,1482751,2559999,4022271,203008,24559615,1271283.44,878863.91,261480,10,10,10,0,0,0,0,0,0,1453055,2398207,2879487,1491355.52,200
1782774937,0,261680,0,597.80,200.00,805375,1087487,1483775,2559999,4020223,203008,24559615,1271512.70,878722.49,261680,10,10,10,0,0,0,0,0,0,1540095,2637823,2881535,1571250.56,200
1782774938,0,261880,0,596.90,200.13,805887,1088511,1483775,2562047,4022271,203008,24559615,1271823.52,878921.54,261880,10,10,10,0,0,0,0,0,0,1440767,3487743,5660671,1678497.28,200
1782774939,0,262080,0,596.00,200.00,805887,1088511,1483775,2559999,4022271,203008,24559615,1271977.25,878710.92,262080,10,10,10,0,0,0,0,0,0,1471487,2293759,2527231,1473274.88,200
1782774940,0,262280,0,595.10,199.89,805887,1088511,1484799,2559999,4020223,203008,24559615,1272068.72,878516.43,262280,10,10,10,0,0,0,0,0,0,1317887,2338815,3612671,1391932.16,200
1782774941,0,262480,0,594.20,200.11,805887,1088511,1484799,2562047,4020223,203008,24559615,1272273.52,878389.91,262480,10,10,10,0,0,0,0,0,0,1452031,2789375,3170303,1540848.64,200
1782774942,0,262680,0,593.31,200.01,806399,1088511,1484799,2562047,4026367,203008,24559615,1272712.87,878677.06,262680,10,10,10,0,0,0,0,0,0,1539071,4095999,5242879,1849320.96,200
1782774943,0,262880,0,592.43,199.97,806399,1089535,1485823,2562047,4026367,203008,24559615,1272826.63,878460.28,262880,10,10,10,0,0,0,0,0,0,1418239,2310143,2635775,1422236.16,200
1782774944,0,263080,0,591.54,200.01,806399,1089535,1485823,2562047,4028415,203008,24559615,1273146.92,878509.74,263080,10,10,10,0,0,0,0,0,0,1550335,3311615,4890623,1694138.24,200
1782774945,0,263280,0,590.66,199.86,806399,1089535,1485823,2562047,4026367,203008,24559615,1273250.67,878309.89,263280,10,10,10,0,0,0,0,0,0,1391615,2289663,2859007,1409717.12,200
1782774946,0,263480,0,589.79,200.08,806911,1089535,1486847,2564095,4026367,203008,24559615,1273537.49,878233.24,263480,10,10,10,0,0,0,0,0,0,1569791,2918399,3274751,1651106.56,200
1782774947,0,263680,0,588.92,199.91,806911,1089535,1486847,2564095,4028415,203008,24559615,1273666.87,878155.02,263680,10,10,10,0,0,0,0,0,0,1294335,3121151,4163583,1444118.40,200
1782774948,0,263880,0,588.05,200.08,806911,1090559,1487871,2564095,4028415,203008,24559615,1273947.31,878096.84,263880,10,10,10,0,0,0,0,0,0,1545215,2885631,3928063,1643678.72,200
1782774949,0,264080,0,587.19,200.07,806911,1090559,1487871,2564095,4026367,203008,24559615,1274165.44,877934.82,264080,10,10,10,0,0,0,0,0,0,1561599,2553855,3092479,1561962.24,200
1782774950,0,264280,0,586.33,200.01,806911,1090559,1487871,2564095,4026367,203008,24559615,1274135.42,877691.28,264280,10,10,10,0,0,0,0,0,0,1213439,1860607,2099199,1234499.84,200
1782774951,0,264480,0,585.48,199.99,807423,1090559,1487871,2564095,4024319,203008,24559615,1274290.61,877490.10,264480,10,10,10,0,0,0,0,0,0,1459199,2377727,3026943,1479356.16,200
1782774952,0,264680,0,584.63,200.02,807423,1090559,1487871,2564095,4030463,203008,24559615,1274493.47,877807.64,264680,10,10,10,0,0,0,0,0,0,1307647,2689023,6729727,1542751.36,200
1782774953,0,264880,0,583.78,200.01,807423,1091583,1488895,2564095,4028415,203008,24559615,1274644.85,877625.01,264880,10,10,10,0,0,0,0,0,0,1429503,2367487,3135487,1474988.16,200
1782774954,0,265080,0,582.93,199.83,807423,1091583,1488895,2564095,4034559,203008,24559615,1274965.42,878254.29,265080,10,10,10,0,0,0,0,0,0,1378303,3796991,7725055,1699528.32,200
1782774955,0,265280,0,582.09,200.02,807423,1091583,1488895,2564095,4034559,203008,24559615,1275082.01,878051.62,265280,10,10,10,0,0,0,0,0,0,1434623,2424831,2695167,1429611.52,200
1782774956,0,265480,0,581.26,200.00,807935,1091583,1489919,2564095,4034559,203008,24559615,1275345.34,878047.84,265480,10,10,10,0,0,0,0,0,0,1521663,2807807,4968447,1624627.84,200
1782774957,0,265680,0,580.42,200.02,807935,1091583,1489919,2564095,4034559,203008,24559615,1275525.17,877963.47,265680,10,10,10,0,0,0,0,0,0,1406975,3092479,3815423,1514227.20,200
1782774958,0,265880,0,579.59,200.03,807935,1092607,1490943,2564095,4034559,203008,24559615,1275764.26,877826.67,265880,10,10,10,0,0,0,0,0,0,1533951,2588671,3313663,1593374.72,200
1782774959,0,266080,0,578.77,199.93,808447,1092607,1490943,2564095,4034559,203008,24559615,1276154.08,878800.24,266080,10,10,10,0,0,0,0,0,0,1548287,2957311,13254655,1794376.32,200
1782774960,0,266280,0,577.95,200.16,808447,1092607,1491967,2566143,4038655,203008,24559615,1276692.23,880556.81,266280,10,10,10,0,0,0,0,0,0,1478655,4669439,11452415,1992647.68,200
1782774961,0,266480,0,577.13,199.84,808447,1092607,1491967,2566143,4036607,203008,24559615,1276898.06,880502.92,266480,10,10,10,0,0,0,0,0,0,1438719,2985983,3440639,1550940.80,200
1782774962,0,266680,0,576.31,200.18,808447,1093631,1491967,2566143,4036607,203008,24559615,1276980.09,880277.09,266680,10,10,10,0,0,0,0,0,0,1366015,2330623,2562047,1386273.28,200
1782774963,0,266880,0,575.50,199.85,808959,1093631,1492991,2566143,4036607,203008,24559615,1277112.49,880093.71,266880,10,10,10,0,0,0,0,0,0,1413119,2326527,3309567,1453653.76,200
1782774964,0,267080,0,574.69,200.13,808959,1093631,1492991,2566143,4034559,203008,24559615,1277270.02,879923.97,267080,10,10,10,0,0,0,0,0,0,1431551,2508799,2971647,1487487.36,200
1782774965,0,267280,0,573.89,199.86,808959,1093631,1492991,2566143,4036607,203008,24559615,1277530.37,879861.56,267280,10,10,10,0,0,0,0,0,0,1548287,2850815,4370431,1625200.00,200
1782774966,0,267480,0,573.09,200.12,808959,1093631,1494015,2566143,4034559,203008,24559615,1277687.31,879710.97,267480,10,10,10,0,0,0,0,0,0,1449983,2545663,3383295,1487425.28,200
1782774967,0,267680,0,572.29,200.01,809471,1094655,1494015,2566143,4034559,203008,24559615,1277978.83,879691.37,267680,10,10,10,0,0,0,0,0,0,1478655,3344383,3831807,1667852.80,200
1782774968,0,267880,0,571.50,199.89,809471,1094655,1495039,2566143,4034559,203008,24559615,1278182.94,879556.56,267880,10,10,10,0,0,0,0,0,0,1431551,2658303,2959359,1551362.56,200
1782774969,0,268080,0,570.70,199.99,809471,1094655,1495039,2568191,4032511,203008,24559615,1278424.94,879494.41,268080,10,10,10,0,0,0,0,0,0,1494015,3090431,3778559,1602555.52,200
1782774970,0,268280,0,569.92,199.98,809471,1095679,1496063,2568191,4038655,203008,24559615,1278950.61,880311.38,268280,10,10,10,0,0,0,0,0,0,1527807,4775935,7827455,1983560.32,200
1782774971,0,268480,0,569.13,200.14,809983,1095679,1496063,2568191,4038655,203008,24559615,1279127.73,880148.22,268480,10,10,10,0,0,0,0,0,0,1463295,2553855,3106815,1516720.00,200
1782774972,0,268680,0,568.35,199.95,809983,1095679,1496063,2570239,4044799,203008,24559615,1279649.02,880618.01,268680,10,10,10,0,0,0,0,0,0,1611775,4134911,5443583,1979431.04,200
1782774973,0,268880,0,567.57,199.91,809983,1095679,1497087,2570239,4042751,203008,24559615,1279818.05,880471.27,268880,10,10,10,0,0,0,0,0,0,1389567,2668543,3608575,1506890.88,200
1782774974,0,269080,0,566.80,200.04,809983,1096703,1497087,2570239,4042751,203008,24559615,1280052.57,880301.83,269080,10,10,10,0,0,0,0,0,0,1569791,2455551,2768895,1595336.96,200
1782774975,0,269280,0,566.03,199.97,810495,1096703,1498111,2572287,4040703,203008,24559615,1280305.72,880210.27,269280,10,10,10,0,0,0,0,0,0,1483775,2914303,3436543,1620894.08,200
1782774976,0,269480,0,565.26,200.01,810495,1096703,1498111,2572287,4046847,203008,24559615,1280666.40,880361.22,269480,10,10,10,0,0,0,0,0,0,1609727,2871295,5459967,1766293.76,200
1782774977,0,269680,0,564.50,200.06,810495,1096703,1498111,2572287,4044799,203008,24559615,1280760.10,880175.10,269680,10,10,10,0,0,0,0,0,0,1371135,2373631,2803711,1407006.08,200
1782774978,0,269880,0,563.74,199.95,810495,1097727,1499135,2572287,4042751,203008,24559615,1280946.48,879976.99,269880,10,10,10,0,0,0,0,0,0,1455103,2502655,2807807,1532258.56,200
1782774979,0,270080,0,562.98,200.14,811007,1097727,1499135,2572287,4042751,203008,24559615,1281067.09,879829.84,270080,10,10,10,0,0,0,0,0,0,1381375,2603007,3756031,1443815.04,200
1782774980,0,272370,0,566.57,2288.24,809471,1096703,1500159,2586623,4173823,203008,24559615,1287004.02,923757.90,272370,10,10,10,0,0,0,0,0,0,933887,8130559,18563071,1987198.88,2290
1782774981,0,275370,0,571.62,3000.37,805375,1091583,1495039,2580479,4171775,203008,24559615,1282227.18,921412.91,275370,10,10,10,0,0,0,0,0,0,757759,1543167,3016703,848538.11,3000
1782774982,0,278370,0,576.65,2999.28,801791,1087487,1490943,2576383,4190207,203008,24559615,1278999.56,920748.75,278370,10,10,10,0,0,0,0,0,0,786943,2025471,5275647,982736.23,3000
1782774983,0,281370,0,581.66,3001.91,798719,1083391,1486847,2572287,4171775,203008,24559615,1274555.81,918011.46,281370,10,10,10,0,0,0,0,0,0,762879,1680383,2803711,862220.33,3000
1782774984,0,284370,0,586.65,3000.29,795135,1080319,1483775,2568191,4190207,203008,24559615,1271778.34,920658.59,284370,10,10,10,0,0,0,0,0,0,780287,2059263,5079039,1011279.21,3000
1782774985,0,287370,0,591.62,2999.86,792575,1077247,1479679,2564095,4188159,203008,24559615,1268917.67,920182.51,287370,10,10,10,0,0,0,0,0,0,828415,1845247,4052991,997755.39,3000
1782774986,0,290370,0,596.57,2998.56,791039,1074175,1477631,2562047,4202495,203008,24559615,1267308.61,923566.23,290370,10,10,10,0,0,0,0,0,0,846335,2385919,4837375,1113176.87,3000
1782774987,0,293370,0,601.50,3002.05,787967,1070079,1473535,2555903,4184063,203008,24559615,1263256.79,920877.32,293370,10,10,10,0,0,0,0,0,0,777727,1651711,2985983,871081.07,3000
1782774988,0,296370,0,606.40,3000.02,784895,1065983,1469439,2553855,4186111,203008,24559615,1260647.02,925699.08,296370,10,10,10,0,0,0,0,0,0,785919,1838079,8650751,1005437.35,3000
1782774989,0,299370,0,611.29,3000.11,781823,1061887,1465343,2547711,4165631,203008,24559615,1256406.76,922774.52,299370,10,10,10,0,0,0,0,0,0,756223,1518591,2220031,837511.27,3000
1782774990,0,302370,0,616.16,2999.40,779263,1058815,1462271,2545663,4186111,203008,24559615,1255063.58,939559.99,302370,10,10,10,0,0,0,0,0,0,789503,1791999,9461759,1121027.52,3000
1782774991,0,305370,0,621.01,2999.66,776191,1054719,1458175,2539519,4165631,203008,24559615,1251027.64,936526.92,305370,10,10,10,0,0,0,0,0,0,775679,1540095,2224127,844245.59,3000
1782774992,0,308370,0,625.83,3000.41,774143,1051647,1455103,2537471,4165631,203008,24559615,1249115.20,940904.55,308370,10,10,10,0,0,0,0,0,0,799743,2213887,3633151,1054447.96,3000
1782774993,0,311370,0,630.64,2999.31,771583,1048575,1452031,2531327,4153343,203008,24559615,1246087.14,938242.90,311370,10,10,10,0,0,0,0,0,0,792063,2044927,2676735,934832.77,3000
1782774994,0,314370,0,635.43,3001.06,769535,1044991,1448959,2527231,4184063,203008,24559615,1244699.79,949212.90,314370,10,10,10,0,0,0,0,0,0,788991,1783807,10682367,1100706.43,3000
1782774995,0,317370,0,640.20,2999.62,766463,1041407,1444863,2523135,4163583,203008,24559615,1240967.89,946362.74,317370,10,10,10,0,0,0,0,0,0,765951,1572863,2615295,849902.38,3000
1782774996,0,320370,0,644.95,2998.45,764415,1038847,1441791,2519039,4163583,203008,24559615,1238310.74,944442.49,320370,10,10,10,0,0,0,0,0,0,797183,1931263,4155391,957211.22,3000
1782774997,0,323370,0,649.68,3001.55,761855,1035263,1437695,2514943,4147199,203008,24559615,1234628.18,941652.98,323370,10,10,10,0,0,0,0,0,0,763391,1486847,2748415,841366.83,3000
1782774998,0,326370,0,654.40,3000.23,760319,1033215,1435647,2514943,4175871,203008,24559615,1233447.39,946692.77,326370,10,10,10,0,0,0,0,0,0,821759,2406399,6508543,1106170.07,3000
1782774999,0,329370,0,659.09,2997.57,758271,1030143,1432575,2512895,4171775,203008,24559615,1230710.83,944460.12,329370,10,10,10,0,0,0,0,0,0,791551,1938431,3674111,933001.15,3000
1782775000,0,332370,0,663.76,3002.63,756223,1027583,1429503,2506751,4163583,203008,24559615,1227781.96,941902.33,332370,10,10,10,0,0,0,0,0,0,801279,1740799,3264511,906221.33,3000
1782775001,0,335370,0,668.42,2998.35,754175,1024511,1426431,2502655,4153343,203008,24559615,1224712.17,939374.80,335370,10,10,10,0,0,0,0,0,0,774143,1652735,3244031,884609.47,3000
1782775002,0,338370,0,673.06,2999.45,752127,1021951,1423359,2498559,4153343,203008,24559615,1222535.64,941670.38,338370,10,10,10,0,0,0,0,0,0,789503,1720319,2938879,979221.95,3000
1782775003,0,341370,0,677.68,3002.46,750591,1019391,1419263,2492415,4141055,203008,24559615,1219653.12,939130.72,341370,10,10,10,0,0,0,0,0,0,787455,1697791,2834431,894533.40,3000
1782775004,0,344370,0,682.28,2999.13,748543,1016831,1417215,2492415,4161535,203008,24559615,1218436.46,942196.19,344370,10,10,10,0,0,0,0,0,0,813055,2435071,5050367,1079992.32,3000
1782775005,0,347364,0,686.85,2994.37,747007,1013759,1414143,2486271,4145151,203008,24559615,1215150.71,939387.80,347364,10,10,10,0,0,0,0,0,0,784383,1413119,2246655,837223.42,2994
1782775006,0,350370,0,691.43,3006.11,744959,1010687,1410047,2482175,4151295,203008,24559615,1212734.53,940090.98,350370,10,10,10,0,0,0,0,0,0,764927,1596415,7290879,933528.78,3006
1782775007,0,353370,0,695.97,2997.48,742911,1008127,1406975,2476031,4134911,203008,24559615,1209560.38,937423.94,353370,10,10,10,0,0,0,0,0,0,778751,1385471,2387967,838851.16,3000
1782775008,0,356370,0,700.50,3002.41,740863,1005567,1403903,2473983,4143103,203008,24559615,1207279.37,935847.95,356370,10,10,10,0,0,0,0,0,0,781823,1785855,4759551,938599.15,3000
1782775009,0,359370,0,705.01,2998.30,739327,1003007,1400831,2467839,4128767,203008,24559615,1204326.08,933097.03,359370,10,10,10,0,0,0,0,0,0,768511,1600511,2099199,853504.62,3000
1782775010,0,362370,0,709.51,2999.35,738303,1000959,1398783,2463743,4128767,203008,24559615,1202715.69,933322.41,362370,10,10,10,0,0,0,0,0,0,821247,1992703,5853183,1009808.00,3000
1782775011,0,365370,0,713.98,3001.30,736255,998399,1395711,2459647,4100095,203008,24559615,1199841.48,930629.24,365370,10,10,10,0,0,0,0,0,0,778239,1572863,2236415,852664.77,3000
1782775012,0,368370,0,718.44,3001.31,735231,996351,1392639,2457599,4100095,203008,24559615,1197996.55,928867.34,368370,10,10,10,0,0,0,0,0,0,827903,2010111,4018175,973302.91,3000
1782775013,0,371370,0,722.88,2998.25,733695,994303,1389567,2453503,4087807,203008,24559615,1195435.88,926286.95,371370,10,10,10,0,0,0,0,0,0,791039,1626111,2750463,881011.11,3000
1782775014,0,374370,0,727.31,3000.49,732671,992767,1387519,2449407,4077567,203008,24559615,1193617.44,924423.75,374370,10,10,10,0,0,0,0,0,0,821759,1960959,3674111,968513.49,3000
1782775015,0,377370,0,731.71,3001.32,731647,990719,1385471,2447359,4067327,203008,24559615,1191495.72,922056.72,377370,10,10,10,0,0,0,0,0,0,820223,1871871,2922495,926726.31,3000
1782775016,0,380370,0,736.10,2997.74,730111,988159,1382399,2445311,4071423,203008,24559615,1189981.51,925410.69,380370,10,10,10,0,0,0,0,0,0,770559,1838079,4126719,999508.03,3000
1782775017,0,383370,0,740.48,2999.87,728575,985599,1379327,2441215,4057087,203008,24559615,1187300.14,922977.53,383370,10,10,10,0,0,0,0,0,0,771071,1609727,2686975,847329.98,3000
1782775018,0,386370,0,744.83,3000.90,727039,983551,1377279,2439167,4061183,203008,24559615,1185481.95,921495.00,386370,10,10,10,0,0,0,0,0,0,784383,1953791,4444159,953135.13,3000
1782775019,0,389370,0,749.17,2999.53,726015,981503,1375231,2439167,4057087,203008,24559615,1184006.02,920206.73,389370,10,10,10,0,0,0,0,0,0,785919,2566143,3895295,993920.58,3000
1782775020,0,392370,0,753.49,3001.87,724479,979967,1372159,2435071,4063231,203008,24559615,1182115.74,918623.01,392370,10,10,10,0,0,0,0,0,0,805887,1788927,4325375,936776.79,3000
1782775021,0,395370,0,757.80,2998.67,723455,977407,1369087,2433023,4052991,203008,24559615,1179882.30,916493.95,395370,10,10,10,0,0,0,0,0,0,795647,1644543,3110911,887770.82,3000
1782775022,0,398370,0,762.09,2998.75,722943,975871,1367039,2430975,4057087,203008,24559615,1178801.90,916800.14,398370,10,10,10,0,0,0,0,0,0,831487,2316287,4206591,1036415.83,3000
1782775023,0,401370,0,766.36,3002.37,721919,974335,1364991,2430975,4048895,203008,24559615,1177090.05,914977.68,401370,10,10,10,0,0,0,0,0,0,811519,2035711,3571711,949772.78,3000
1782775024,0,404370,0,770.62,3000.02,720895,972287,1361919,2428927,4065279,203008,24559615,1175560.68,914581.15,404370,10,10,10,0,0,0,0,0,0,801279,1851391,4964351,970946.52,3000
1782775025,0,407370,0,774.86,3000.46,719871,970751,1359871,2424831,4052991,203008,24559615,1173693.17,912505.40,407370,10,10,10,0,0,0,0,0,0,801791,1769471,3227647,921971.82,3000
1782775026,0,410364,0,779.07,2993.76,718847,968703,1357823,2420735,4063231,203008,24559615,1172627.16,916814.28,410364,10,10,10,0,0,0,0,0,0,800255,1780735,10493951,1027583.14,2994
1782775027,0,413370,0,783.29,3004.54,717823,967167,1355775,2416639,4052991,203008,24559615,1170564.76,914730.78,413370,10,10,10,0,0,0,0,0,0,791551,1616895,2592767,889016.68,3006
1782775028,0,416370,0,787.48,3000.60,717311,965631,1353727,2414591,4075519,203008,24559615,1171015.66,933190.37,416370,10,10,10,0,0,0,0,0,0,820735,1938431,12017663,1233144.94,3000
1782775029,0,419370,0,791.66,2998.78,716287,963583,1351679,2414591,4067327,203008,24559615,1169371.56,931383.61,419370,10,10,10,0,0,0,0,0,0,783871,2119679,3442687,941187.86,3000
1782775030,0,422370,0,795.82,3001.03,715263,962047,1349631,2414591,4063231,203008,24559615,1167777.83,929846.77,422370,10,10,10,0,0,0,0,0,0,784895,2301951,3393535,944990.12,3000
1782775031,0,425370,0,799.97,3001.31,714239,959487,1346559,2408447,4059135,203008,24559615,1165410.33,928127.90,425370,10,10,10,0,0,0,0,0,0,751615,1352703,3885055,832089.41,3000
1782775032,0,428370,0,804.10,2997.05,713215,957951,1343487,2406399,4071423,203008,24559615,1163910.28,928159.70,428370,10,10,10,0,0,0,0,0,0,798719,1553407,6664191,951218.90,3000
1782775033,0,431370,0,808.21,3002.91,712191,956415,1341439,2404351,4067327,203008,24559615,1162232.63,926659.88,431370,10,10,10,0,0,0,0,0,0,772095,2014207,3899391,922680.58,3000
1782775034,0,434370,0,812.31,2998.98,711167,954879,1339391,2402303,4073471,203008,24559615,1160840.85,926834.35,434370,10,10,10,0,0,0,0,0,0,790015,1895423,6123519,960716.42,3000
1782775035,0,437370,0,816.39,2998.91,709631,952319,1336319,2396159,4061183,203008,24559615,1158251.96,924578.58,437370,10,10,10,0,0,0,0,0,0,740351,1355775,1868799,783406.31,3000
1782775036,0,440370,0,820.46,3002.02,708607,950271,1334271,2394111,4052991,203008,24559615,1156202.83,922835.60,440370,10,10,10,0,0,0,0,0,0,758271,1626111,3805183,857461.18,3000
1782775037,0,443370,0,824.51,2999.65,707583,948735,1331199,2392063,4059135,203008,24559615,1154531.19,922131.12,443370,10,10,10,0,0,0,0,0,0,746495,2022399,4681727,909150.63,3000
1782775038,0,446370,0,828.55,2999.25,706559,947199,1329151,2392063,4063231,203008,24559615,1153272.92,922352.42,446370,10,10,10,0,0,0,0,0,0,786943,2134015,4255743,967313.75,3000
1782775039,0,449370,0,832.58,2999.69,706047,945663,1327103,2390015,4052991,203008,24559615,1151834.27,920770.46,449370,10,10,10,0,0,0,0,0,0,795135,1898495,3682303,937776.34,3000
1782775040,0,450540,0,833.20,1169.69,705535,945151,1326079,2387967,4050943,203008,24559615,1151245.10,920104.94,450540,10,10,10,0,0,0,0,0,0,824831,1557503,3549183,924959.40,1170
1782775041,0,451040,0,832.58,499.96,706047,945151,1326079,2387967,4055039,203008,28377087,1151458.74,921709.76,451040,10,10,10,0,0,0,0,0,0,1051647,2652159,5652479,1343970.30,500
1782775042,0,451540,0,831.97,500.21,706047,945663,1326079,2387967,4052991,203008,28377087,1151491.62,921360.60,451540,10,10,10,0,0,0,0,0,0,1101823,2260991,2723839,1181148.42,500
1782775043,0,452040,0,831.36,499.88,706047,945663,1327103,2387967,4050943,203008,28377087,1151560.40,921049.31,452040,10,10,10,0,0,0,0,0,0,1078271,2369535,3219455,1213674.75,500
1782775044,0,452540,0,830.75,500.32,706047,946175,1327103,2387967,4048895,203008,28377087,1151694.44,920790.08,452540,10,10,10,0,0,0,0,0,0,1145855,2629631,3571711,1272876.29,500
1782775045,0,453040,0,830.15,499.97,706047,946175,1327103,2387967,4046847,203008,28377087,1151817.67,920501.07,453040,10,10,10,0,0,0,0,0,0,1178623,2416639,3627007,1263347.71,500
1782775046,0,453540,0,829.54,499.72,706559,946175,1327103,2387967,4044799,203008,28377087,1151971.90,920208.17,453540,10,10,10,0,0,0,0,0,0,1211391,2496511,3278847,1291721.47,500
1782775047,0,454040,0,828.94,500.22,706559,946687,1328127,2387967,4042751,203008,28377087,1152045.36,919851.95,454040,10,10,10,0,0,0,0,0,0,1157119,2129919,2613247,1218679.30,500
1782775048,0,454540,0,828.34,499.96,706559,946687,1328127,2387967,4042751,203008,28377087,1152072.57,919482.60,454540,10,10,10,0,0,0,0,0,0,1110015,2203647,2496511,1176784.64,500
1782775049,0,455040,0,827.74,499.86,706559,946687,1328127,2387967,4042751,203008,28377087,1152101.45,919134.50,455040,10,10,10,0,0,0,0,0,0,1116159,2066431,3088383,1178353.41,500
1782775050,0,455540,0,827.15,500.11,707071,947199,1328127,2387967,4048895,203008,28377087,1152732.39,921331.16,455540,10,10,10,0,0,0,0,0,0,1186815,4114431,12238847,1726936.32,500
1782775051,0,456040,0,826.56,500.02,707071,947199,1329151,2387967,4050943,203008,28377087,1152859.00,921136.70,456040,10,10,10,0,0,0,0,0,0,1120255,2404351,4661247,1268207.62,500
1782775052,0,456540,0,825.97,499.76,707071,947711,1329151,2387967,4048895,203008,28377087,1152934.71,920790.32,456540,10,10,10,0,0,0,0,0,0,1173503,2134015,2867199,1221990.66,500
1782775053,0,457040,0,825.38,500.07,707071,947711,1329151,2387967,4046847,203008,28377087,1152981.51,920471.02,457040,10,10,10,0,0,0,0,0,0,1091583,2291711,3538943,1195710.98,500
1782775054,0,457540,0,824.79,500.12,707071,947711,1329151,2387967,4044799,203008,28377087,1152998.79,920187.62,457540,10,10,10,0,0,0,0,0,0,1025023,2297855,3080191,1168800.26,500
1782775055,0,458040,0,824.21,499.85,707583,948223,1330175,2387967,4044799,203008,28377087,1153161.40,919896.93,458040,10,10,10,0,0,0,0,0,0,1207295,2340863,3225599,1301965.06,500
1782775056,0,458540,0,823.62,500.27,707583,948223,1330175,2387967,4044799,203008,28377087,1153165.14,919559.86,458540,10,10,10,0,0,0,0,0,0,1113087,1898495,2635775,1156587.78,500
1782775057,0,459040,0,823.04,499.83,707583,948223,1330175,2387967,4046847,203008,28377087,1153308.01,919418.95,459040,10,10,10,0,0,0,0,0,0,1127423,2529279,4812799,1284328.96,500
1782775058,0,459540,0,822.47,500.05,707583,948223,1330175,2387967,4044799,203008,28377087,1153358.04,919099.13,459540,10,10,10,0,0,0,0,0,0,1128447,2269183,3446783,1199290.37,500
1782775059,0,460040,0,821.89,500.11,707583,948735,1330175,2387967,4048895,203008,28377087,1153698.12,920244.08,460040,10,10,10,0,0,0,0,0,0,1173503,2715647,10297343,1466261.25,500
1782775060,0,460540,0,821.32,500.05,708095,948735,1331199,2387967,4048895,203008,28377087,1153776.90,919925.60,460540,10,10,10,0,0,0,0,0,0,1148927,2383871,2793471,1226255.36,500
1782775061,0,461040,0,820.74,499.67,708095,948735,1331199,2387967,4046847,203008,28377087,1153854.18,919633.76,461040,10,10,10,0,0,0,0,0,0,1132543,2246655,3221503,1225037.31,500
1782775062,0,461540,0,820.17,500.11,708095,949247,1331199,2387967,4046847,203008,28377087,1153934.84,919322.96,461540,10,10,10,0,0,0,0,0,0,1171455,2140159,3274751,1228306.94,500
1782775063,0,462040,0,819.61,500.04,708095,949247,1331199,2387967,4048895,203008,28377087,1154182.89,920279.19,462040,10,10,10,0,0,0,0,0,0,1158143,2375679,11075583,1383159.55,500
1782775064,0,462540,0,819.04,500.03,708095,949759,1331199,2385919,4046847,203008,28377087,1154251.01,919945.37,462540,10,10,10,0,0,0,0,0,0,1158143,2222079,3088383,1217195.78,500
1782775065,0,463040,0,818.48,500.19,708607,949759,1331199,2385919,4044799,203008,28377087,1154202.82,919602.11,463040,10,10,10,0,0,0,0,0,0,1038335,1964031,3461119,1109625.34,500
1782775066,0,463540,0,817.91,499.77,708607,949759,1332223,2385919,4044799,203008,28377087,1154226.58,919262.34,463540,10,10,10,0,0,0,0,0,0,1075199,2085887,2842623,1176227.84,500
1782775067,0,464040,0,817.35,499.93,708607,949759,1332223,2385919,4042751,203008,28377087,1154190.92,918890.53,464040,10,10,10,0,0,0,0,0,0,1041919,1993727,2398207,1121133.06,500
1782775068,0,464540,0,816.80,499.95,708607,949759,1332223,2385919,4044799,203008,28377087,1154455.72,919682.47,464540,10,10,10,0,0,0,0,0,0,1110015,3137535,7196671,1400207.62,500
1782775069,0,465040,0,816.24,500.30,708607,950271,1332223,2385919,4042751,203008,28377087,1154548.56,919391.84,465040,10,10,10,0,0,0,0,0,0,1120255,2449407,3096575,1240803.33,500
1782775070,0,465540,0,815.68,499.62,708607,950271,1332223,2385919,4042751,203008,28377087,1154662.23,919106.35,465540,10,10,10,0,0,0,0,0,0,1162239,2301951,3653631,1260393.22,500
1782775071,0,466040,0,815.13,500.28,709119,950271,1332223,2385919,4040703,203008,28377087,1154666.26,918779.61,466040,10,10,10,0,0,0,0,0,0,1078271,2113535,3323903,1158417.66,500
1782775072,0,466540,0,814.58,500.01,709119,950783,1333247,2385919,4042751,203008,28377087,1154830.28,918750.69,466540,10,10,10,0,0,0,0,0,0,1137663,2455551,5959679,1307705.09,500
1782775073,0,467040,0,814.04,500.13,709119,950783,1333247,2385919,4040703,203008,28377087,1154875.86,918379.55,467040,10,10,10,0,0,0,0,0,0,1123327,2017279,2420735,1197411.58,500
1782775074,0,467540,0,813.49,499.61,709119,950783,1333247,2385919,4040703,203008,28377087,1154908.10,918063.55,467540,10,10,10,0,0,0,0,0,0,1119231,2232319,2815999,1185017.86,500
1782775075,0,468040,0,812.94,500.14,709119,951295,1333247,2385919,4040703,203008,28377087,1154937.37,917776.42,468040,10,10,10,0,0,0,0,0,0,1075199,2181119,3463167,1182309.63,500
1782775076,0,468540,0,812.40,500.10,709631,951295,1333247,2385919,4040703,203008,28377087,1155143.82,917636.37,468540,10,10,10,0,0,0,0,0,0,1176575,2990079,4505599,1348397.31,500
1782775077,0,469040,0,811.86,499.87,709631,951807,1334271,2385919,4042751,203008,28377087,1155385.12,917711.65,469040,10,10,10,0,0,0,0,0,0,1187839,2945023,5869567,1381498.37,500
1782775078,0,469540,0,811.32,499.91,709631,951807,1334271,2385919,4042751,203008,28377087,1155530.82,917432.51,469540,10,10,10,0,0,0,0,0,0,1182719,2320383,3207167,1292215.55,500
1782775079,0,470040,0,810.78,499.96,709631,951807,1334271,2385919,4042751,203008,28377087,1155626.59,917155.51,470040,10,10,10,0,0,0,0,0,0,1146879,2379775,3110911,1245558.02,500
1782775080,0,470540,0,810.25,500.24,709631,952319,1334271,2385919,4040703,203008,28377087,1155650.35,916812.56,470540,10,10,10,0,0,0,0,0,0,1111039,2067455,2863103,1177982.21,500
1782775081,0,471040,0,809.72,500.19,710143,952319,1334271,2385919,4038655,203008,28377087,1155711.39,916493.83,471040,10,10,10,0,0,0,0,0,0,1133567,2324479,3008511,1213154.82,500
1782775082,0,471540,0,809.19,499.98,710143,952319,1335295,2385919,4040703,203008,28377087,1156086.21,917668.82,471540,10,10,10,0,0,0,0,0,0,1206271,2572287,10272767,1509205.76,500
1782775083,0,472040,0,808.65,499.62,710143,952831,1335295,2385919,4038655,203008,28377087,1156139.73,917324.55,472040,10,10,10,0,0,0,0,0,0,1157119,2177023,2646015,1206609.92,500
1782775084,0,472540,0,808.13,500.45,710143,952831,1335295,2385919,4038655,203008,28377087,1156309.28,917169.18,472540,10,10,10,0,0,0,0,0,0,1154047,2689023,3375103,1316377.60,500
1782775085,0,473040,0,807.60,499.80,710655,953343,1335295,2385919,4038655,203008,28377087,1156390.75,916921.12,473040,10,10,10,0,0,0,0,0,0,1128447,2381823,3581951,1233389.06,500
1782775086,0,473540,0,807.08,500.13,710655,953343,1335295,2385919,4042751,203008,28377087,1156682.46,917787.09,473540,10,10,10,0,0,0,0,0,0,1128447,2658303,9682943,1432659.71,500
1782775087,0,474040,0,806.55,499.63,710655,953855,1336319,2387967,4040703,203008,28377087,1156835.74,917582.07,474040,10,10,10,0,0,0,0,0,0,1181695,2789375,3708927,1302000.64,500
1782775088,0,474540,0,806.03,500.15,710655,953855,1336319,2387967,4040703,203008,28377087,1156926.39,917294.34,474540,10,10,10,0,0,0,0,0,0,1146879,2211839,3639295,1242877.70,500
1782775089,0,475040,0,805.51,499.78,710655,953855,1336319,2387967,4042751,203008,28377087,1157026.41,917225.01,475040,10,10,10,0,0,0,0,0,0,1099775,2340863,5279743,1251947.78,500
1782775090,0,475540,0,805.00,500.33,710655,954367,1336319,2385919,4040703,203008,28377087,1157027.04,916881.83,475540,10,10,10,0,0,0,0,0,0,1121279,2032639,2748415,1157627.65,500
1782775091,0,476040,0,804.48,499.67,711167,954367,1336319,2385919,4044799,203008,28377087,1157132.06,916864.67,476040,10,10,10,0,0,0,0,0,0,1099775,2281471,5578751,1257013.50,500
1782775092,0,476540,0,803.97,500.22,711167,954367,1337343,2385919,4042751,203008,28377087,1157153.40,916505.36,476540,10,10,10,0,0,0,0,0,0,1141759,2031615,2574335,1177473.28,500
1782775093,0,477040,0,803.46,499.79,711167,954879,1337343,2385919,4042751,203008,28377087,1157216.07,916177.61,477040,10,10,10,0,0,0,0,0,0,1136639,2232319,2580479,1216939.52,500
1782775094,0,477540,0,802.95,500.31,711167,954879,1337343,2385919,4040703,203008,28377087,1157172.08,915818.00,477540,10,10,10,0,0,0,0,0,0,1044991,1974271,2510847,1115208.45,500
1782775095,0,478040,0,802.44,499.70,711167,954879,1337343,2385919,4042751,203008,28377087,1157394.36,916895.15,478040,10,10,10,0,0,0,0,0,0,1122303,2373631,8904703,1369690.88,500
1782775096,0,478540,0,801.93,500.44,711167,955391,1337343,2385919,4040703,203008,28377087,1157480.58,916608.95,478540,10,10,10,0,0,0,0,0,0,1153023,2250751,3293183,1239912.96,500
1782775097,0,479040,0,801.43,499.97,711679,955391,1337343,2385919,4040703,203008,28377087,1157580.02,916300.29,479040,10,10,10,0,0,0,0,0,0,1168383,2248703,2961407,1252750.08,500
1782775098,0,479540,0,800.92,499.90,711679,955391,1337343,2383871,4038655,203008,28377087,1157607.24,915980.02,479540,10,10,10,0,0,0,0,0,0,1103871,2125823,3192831,1183682.82,500
1782775099,0,480040,0,800.42,499.78,711679,955903,1338367,2385919,4038655,203008,28377087,1157688.69,915730.88,480040,10,10,10,0,0,0,0,0,0,1092607,2623487,3678207,1235803.90,500
1782775100,0,483890,0,805.50,3851.44,711679,954879,1336319,2383871,4028415,203008,28377087,1156620.53,913416.91,483890,10,10,10,0,0,0,0,0,0,897535,2097151,3151871,1023436.58,3850
1782775101,0,488890,0,812.47,4999.58,710655,952831,1333247,2377727,4012031,203008,28377087,1153946.77,910125.28,488890,10,10,10,0,0,0,0,0,0,825855,1576959,2686975,895186.15,5000
1782775102,0,493890,0,819.41,4998.71,710143,951295,1330175,2371583,4007935,203008,28377087,1151936.83,908689.42,493890,10,10,10,0,0,0,0,0,0,870911,1612799,2473983,955408.76,5000
1782775103,0,498890,0,826.34,5000.33,709119,949247,1326079,2369535,4036607,203008,28377087,1150548.61,911233.34,498890,10,10,10,0,0,0,0,0,0,819711,1737727,6389759,1013423.27,5000
1782775104,0,503890,0,833.24,5002.51,709119,947711,1321983,2363391,4018175,203008,28377087,1147881.68,907603.02,503890,10,10,10,0,0,0,0,0,0,853503,1465343,1768447,881780.63,5000
1782775105,0,508890,0,840.12,4999.31,708607,946687,1319935,2359295,4026367,203008,28377087,1146944.81,907578.33,508890,10,10,10,0,0,0,0,0,0,875007,1941503,7593983,1052528.15,5000
1782775106,0,513890,0,846.98,4999.45,708095,945663,1317887,2355199,4028415,203008,28377087,1145375.05,906057.46,513890,10,10,10,0,0,0,0,0,0,866303,1686527,4210687,985608.50,5000
1782775107,0,518890,0,853.81,4999.61,707583,944639,1315839,2355199,4042751,203008,28377087,1144567.85,906206.10,518890,10,10,10,0,0,0,0,0,0,845311,2209791,5480447,1061605.68,5000
1782775108,0,523890,0,860.62,5000.79,707583,944127,1313791,2349055,4028415,203008,28377087,1142717.79,902795.03,523890,10,10,10,0,0,0,0,0,0,887807,1632255,2189311,950722.30,5000
1782775109,0,528890,0,867.41,4999.34,707071,943103,1311743,2347007,4028415,203008,28377087,1141374.87,900797.65,528890,10,10,10,0,0,0,0,0,0,868863,1907711,3893247,1000666.52,5000
1782775110,0,533890,0,874.18,5001.49,707071,942079,1308671,2340863,4014079,203008,28377087,1139408.27,897646.83,533890,10,10,10,0,0,0,0,0,0,875007,1543167,2205695,931384.41,5000
1782775111,0,538890,0,880.92,5000.17,706559,941055,1306623,2336767,4034559,203008,28377087,1139815.32,911981.87,538890,10,10,10,0,0,0,0,0,0,873471,1795071,9789439,1183279.56,5000
1782775112,0,543890,0,887.64,4999.73,706559,939519,1303551,2330623,4018175,203008,28377087,1137614.74,908650.74,543890,10,10,10,0,0,0,0,0,0,850943,1634303,1980415,900440.35,5000
1782775113,0,548890,0,894.34,4997.58,706047,939007,1302527,2328575,4028415,203008,28377087,1136907.64,907645.22,548890,10,10,10,0,0,0,0,0,0,888319,1996799,5836799,1059991.12,5000
1782775114,0,553890,0,901.02,5002.52,705535,937471,1300479,2322431,4018175,203008,28377087,1134983.11,904898.51,553890,10,10,10,0,0,0,0,0,0,835583,1746943,3119103,923712.15,5000
1782775115,0,558890,0,907.68,4996.98,705535,936447,1298431,2322431,4048895,203008,28377087,1134410.52,904919.80,558890,10,10,10,0,0,0,0,0,0,849407,2377727,5574655,1070980.20,5000
1782775116,0,563790,0,914.15,4903.08,705023,935423,1295359,2318335,4038655,203008,28377087,1132447.95,901926.52,563790,10,10,10,0,0,0,0,0,0,863743,1454079,2459647,908599.04,4900
1782775117,0,568890,0,920.93,5100.13,704511,933887,1293311,2314239,4042751,203008,28377087,1131770.53,907095.17,568890,10,10,10,0,0,0,0,0,0,840191,1770495,4542463,1056883.85,5100
1782775118,0,573890,0,927.52,4996.66,703999,933375,1292287,2318335,4073471,203008,28377087,1131836.61,911018.36,573890,10,10,10,0,0,0,0,0,0,852479,2818047,5181439,1139355.17,5000
1782775119,0,578890,0,934.09,4999.98,703999,932351,1290239,2312191,4059135,203008,28377087,1130195.55,907931.38,578890,10,10,10,0,0,0,0,0,0,880127,1658879,2244607,941837.00,5000
1782775120,0,583890,0,940.64,5002.35,703487,931327,1288191,2306047,4042751,203008,28377087,1128377.01,905008.36,583890,10,10,10,0,0,0,0,0,0,861695,1603583,2156543,917830.72,5000
1782775121,0,588890,0,947.17,4998.22,702975,930815,1286143,2299903,4042751,203008,28377087,1127110.50,903237.79,588890,10,10,10,0,0,0,0,0,0,876543,1649663,2029567,979209.74,5000
1782775122,0,593865,0,953.64,4978.42,702975,929791,1284095,2299903,4061183,203008,28377087,1126349.37,904765.24,593865,10,10,10,0,0,0,0,0,0,852991,1764351,8888319,1036254.73,4975
1782775123,0,598890,0,960.17,5024.67,702463,929279,1282047,2295807,4042751,203008,28377087,1124947.76,902019.09,598890,10,10,10,0,0,0,0,0,0,868351,1822719,2721791,959302.80,5025
1782775124,0,603890,0,966.63,4998.14,702463,928767,1281023,2293759,4042751,203008,28377087,1124746.38,905561.63,603890,10,10,10,0,0,0,0,0,0,905215,1822719,4685823,1100625.16,5000
1782775125,0,608890,0,973.08,4997.41,702463,927743,1278975,2287615,4032511,203008,28377087,1123033.20,902891.55,608890,10,10,10,0,0,0,0,0,0,830463,1607679,2469887,916119.03,5000
1782775126,0,613890,0,979.50,5001.70,701951,926719,1277951,2287615,4046847,203008,28377087,1122775.18,905497.58,613890,10,10,10,0,0,0,0,0,0,857599,2001919,7217151,1091353.14,5000
1782775127,0,618890,0,985.91,5000.79,700927,925695,1275903,2281471,4036607,203008,28377087,1121007.80,902693.98,618890,10,10,10,0,0,0,0,0,0,838143,1739775,2152447,904013.44,5000
1782775128,0,623890,0,992.29,5000.83,700927,925183,1273855,2277375,4028415,203008,28377087,1119803.58,900658.46,623890,10,10,10,0,0,0,0,0,0,873983,1726463,2813951,970746.96,5000
1782775129,0,628890,0,998.66,4997.38,700927,924671,1273855,2271231,4009983,203008,28377087,1118695.94,897923.92,628890,10,10,10,0,0,0,0,0,0,890367,1780735,2406399,980487.01,5000
1782775130,0,633890,0,1005.00,5003.51,700927,924159,1271807,2269183,4028415,203008,28377087,1118467.50,904805.50,633890,10,10,10,0,0,0,0,0,0,851455,1697791,7569407,1089734.39,5000
1782775131,0,638890,0,1011.33,4998.38,700415,923647,1270783,2265087,4028415,203008,28377087,1117967.41,906614.81,638890,10,10,10,0,0,0,0,0,0,871423,1862655,3514367,1054567.80,5000
1782775132,0,643890,0,1017.63,5000.46,700415,923135,1269759,2260991,4012031,203008,28377087,1117149.22,904103.15,643890,10,10,10,0,0,0,0,0,0,898559,1868799,2605055,1012602.06,5000
1782775133,0,648890,0,1023.91,4997.91,700927,923647,1269759,2256895,4001791,203008,28377087,1116581.98,901727.92,648890,10,10,10,0,0,0,0,0,0,959487,1739775,3205119,1043533.72,5000
1782775134,0,653890,0,1030.18,5000.82,700927,923135,1268735,2254847,3993599,203008,28377087,1115652.25,899398.98,653890,10,10,10,0,0,0,0,0,0,886271,1919999,3026943,994993.61,5000
1782775135,0,658890,0,1036.42,5001.18,700415,922623,1266687,2254847,3993599,203008,28377087,1114728.52,898312.14,658890,10,10,10,0,0,0,0,0,0,823807,1994751,4179967,993925.40,5000
1782775136,0,663890,0,1042.65,4999.47,700415,922111,1265663,2248703,3983359,203008,28377087,1113594.50,895647.95,663890,10,10,10,0,0,0,0,0,0,901119,1667071,2312191,964155.66,5000
1782775137,0,668890,0,1048.85,5000.08,699903,921599,1264639,2246655,3991551,203008,28377087,1113447.85,901448.53,668890,10,10,10,0,0,0,0,0,0,860671,1859583,5869567,1093975.22,5000
1782775138,0,673890,0,1055.04,5000.72,699903,921087,1262591,2242559,3979263,203008,28377087,1111960.24,898801.10,673890,10,10,10,0,0,0,0,0,0,854527,1528831,2228223,912951.65,5000
1782775139,0,678890,0,1061.21,5001.06,699391,920575,1261567,2240511,3983359,203008,28377087,1111191.16,898771.75,678890,10,10,10,0,0,0,0,0,0,858111,1854463,4247551,1007535.81,5000
1782775140,0,683890,0,1067.35,4999.09,699391,920063,1259519,2234367,3969023,203008,28377087,1109808.58,896109.98,683890,10,10,10,0,0,0,0,0,0,879103,1456127,2060287,922084.42,5000
1782775141,0,688890,0,1073.48,4998.41,699391,919551,1258495,2234367,3991551,203008,28377087,1109519.74,896499.47,688890,10,10,10,0,0,0,0,0,0,876031,2057215,6623231,1070013.17,5000
1782775142,0,693890,0,1079.59,5000.67,699391,919039,1256447,2232319,3989503,203008,28377087,1108577.21,894890.78,693890,10,10,10,0,0,0,0,0,0,855551,1770495,3987455,978717.59,5000
1782775143,0,698890,0,1085.68,5001.56,698879,918015,1255423,2232319,3987455,203008,28377087,1107235.53,892892.29,698890,10,10,10,0,0,0,0,0,0,832511,1677311,2867199,921038.82,5000
1782775144,0,703890,0,1091.75,4999.13,698367,917503,1254399,2226175,3975167,203008,28377087,1106017.02,890492.28,703890,10,10,10,0,0,0,0,0,0,860159,1626111,2089983,935696.95,5000
1782775145,0,708890,0,1097.80,5000.17,698367,917503,1253375,2224127,3987455,203008,28377087,1105744.37,889553.45,708890,10,10,10,0,0,0,0,0,0,915455,1928191,4771839,1067361.20,5000
1782775146,0,713890,0,1103.84,4997.10,698367,916991,1252351,2224127,4001791,203008,28377087,1105438.04,888575.67,713890,10,10,10,0,0,0,0,0,0,883199,2138111,4829183,1062007.14,5000
1782775147,0,718890,0,1109.85,5001.69,698367,916479,1251327,2222079,3991551,203008,28377087,1104464.22,886530.27,718890,10,10,10,0,0,0,0,0,0,847871,1813503,3026943,965424.08,5000
1782775148,0,723890,0,1115.85,4997.58,698367,916479,1250303,2222079,4012031,203008,28377087,1104765.04,888637.96,723890,10,10,10,0,0,0,0,0,0,908799,2324479,6344703,1148016.41,5000
1782775149,0,728890,0,1121.83,5002.09,697855,915967,1249279,2217983,3997695,203008,28377087,1103504.48,886332.47,728890,10,10,10,0,0,0,0,0,0,850943,1670143,2441215,921002.42,5000
1782775150,0,733890,0,1127.79,4997.80,697855,915967,1249279,2217983,4016127,203008,28377087,1104506.14,896902.12,733890,10,10,10,0,0,0,0,0,0,898559,2455551,8159231,1250527.10,5000
1782775151,0,738890,0,1133.73,5001.35,697855,915455,1248255,2217983,4005887,203008,28377087,1103753.64,894860.25,738890,10,10,10,0,0,0,0,0,0,887295,2025471,2875391,993302.63,5000
1782775152,0,743890,0,1139.65,4998.76,697343,914943,1248255,2215935,4012031,203008,28377087,1103463.06,895303.09,743890,10,10,10,0,0,0,0,0,0,846335,2085887,4644863,1060521.91,5000
1782775153,0,748890,0,1145.56,5004.15,697343,914431,1247231,2213887,4026367,203008,28377087,1102923.06,894954.44,748890,10,10,10,0,0,0,0,0,0,853503,1857535,6180863,1022583.32,5000
1782775154,0,753890,0,1151.44,4999.10,696831,913919,1246207,2213887,4034559,203008,28377087,1102726.98,899597.55,753890,10,10,10,0,0,0,0,0,0,849407,1770495,6082559,1073357.79,5000
1782775155,0,758890,0,1157.31,5001.07,696831,913407,1245183,2209791,4036607,203008,28377087,1102067.60,898506.02,758890,10,10,10,0,0,0,0,0,0,886783,1652735,4681727,1002648.58,5000
1782775156,0,763890,0,1163.16,4997.73,696831,913407,1244159,2209791,4063231,203008,28377087,1102347.11,904008.79,763890,10,10,10,0,0,0,0,0,0,870911,2096127,5988351,1144770.60,5000
1782775157,0,768890,0,1169.00,4999.27,696831,912895,1243135,2209791,4057087,203008,28377087,1101810.96,902334.56,768890,10,10,10,0,0,0,0,0,0,898559,2078719,3440639,1019898.47,5000
1782775158,0,773890,0,1174.81,4999.12,697343,913919,1243135,2211839,4075519,203008,28377087,1103095.30,906611.73,773890,10,10,10,0,0,0,0,0,0,996351,2592767,8364031,1300598.02,5000
1782775159,0,778890,0,1180.61,5001.67,697343,913919,1243135,2211839,4120575,203008,28377087,1103733.13,909548.79,778890,10,10,10,0,0,0,0,0,0,918527,2660351,8232959,1202455.09,5000
1782775160,0,780580,0,1181.38,1689.39,697343,913919,1243135,2213887,4147199,203008,28377087,1104266.69,911666.77,780580,10,10,10,0,0,0,0,0,0,978431,4726783,9363455,1350178.01,1690
1782775161,0,781080,0,1180.35,500.04,697343,913919,1243135,2213887,4153343,203008,28377087,1104352.55,911650.10,781080,10,10,10,0,0,0,0,0,0,1078271,2040831,5562367,1238387.97,500
1782775162,0,781580,0,1179.33,500.36,697343,913919,1243135,2211839,4151295,203008,28377087,1104372.67,911423.67,781580,10,10,10,0,0,0,0,0,0,1098751,1895423,2406399,1135803.90,500
1782775163,0,782080,0,1178.30,499.74,697343,913919,1243135,2211839,4147199,203008,28377087,1104409.16,911206.37,782080,10,10,10,0,0,0,0,0,0,1116159,1919999,2510847,1161444.35,500
1782775164,0,782580,0,1177.28,499.94,697343,914431,1244159,2211839,4153343,203008,28377087,1104562.68,911703.87,782580,10,10,10,0,0,0,0,0,0,1105919,2570239,8187903,1344702.72,500
1782775165,0,783080,0,1176.26,500.15,697343,914431,1244159,2211839,4155391,203008,28377087,1104641.14,911702.29,783080,10,10,10,0,0,0,0,0,0,1050623,2179071,5959679,1227432.19,500
1782775166,0,783580,0,1175.25,499.79,697343,914431,1244159,2211839,4155391,203008,28377087,1104710.78,911563.59,783580,10,10,10,0,0,0,0,0,0,1115135,2289663,3069951,1213778.94,500
1782775167,0,784080,0,1174.24,500.31,697343,914431,1244159,2211839,4153343,203008,28377087,1104656.73,911318.28,784080,10,10,10,0,0,0,0,0,0,1017343,1561599,2081791,1019954.18,500
1782775168,0,784580,0,1173.23,499.70,697855,914431,1244159,2211839,4157439,203008,28377087,1104833.29,911727.41,784580,10,10,10,0,0,0,0,0,0,1060863,3262463,9707519,1381709.82,500
1782775169,0,785080,0,1172.23,500.23,697855,914431,1244159,2211839,4157439,203008,28377087,1104922.51,911578.19,785080,10,10,10,0,0,0,0,0,0,1150975,2242559,3944447,1244925.70,500
1782775170,0,785580,0,1171.22,499.75,697855,914431,1244159,2211839,4155391,203008,28377087,1104929.77,911350.78,785580,10,10,10,0,0,0,0,0,0,1070079,1941503,2340863,1116321.54,500
1782775171,0,786080,0,1170.22,500.26,697855,914943,1244159,2211839,4153343,203008,28377087,1104938.07,911146.86,786080,10,10,10,0,0,0,0,0,0,1049599,1994751,2695167,1117990.40,500
1782775172,0,786580,0,1169.23,499.70,697855,914943,1244159,2211839,4153343,203008,28377087,1104973.57,910991.78,786580,10,10,10,0,0,0,0,0,0,1043455,2263039,4030463,1160778.50,500
1782775173,0,787080,0,1168.23,499.99,697855,914943,1245183,2211839,4155391,203008,28377087,1105091.07,911189.14,787080,10,10,10,0,0,0,0,0,0,1050623,2310143,8396799,1289933.31,500
1782775174,0,787580,0,1167.24,500.18,697855,914943,1245183,2211839,4153343,203008,28377087,1105090.04,910953.51,787580,10,10,10,0,0,0,0,0,0,1091583,1812479,2332671,1103468.54,500
1782775175,0,788080,0,1166.26,500.22,697855,914943,1245183,2211839,4151295,203008,28377087,1105085.52,910737.35,788080,10,10,10,0,0,0,0,0,0,1052671,1832959,2568191,1097967.62,500
1782775176,0,788580,0,1165.27,499.62,697855,914943,1245183,2211839,4151295,203008,28377087,1105098.75,910579.25,788580,10,10,10,0,0,0,0,0,0,989695,2055167,3819519,1125955.58,500
1782775177,0,789080,0,1164.29,500.31,697855,914943,1245183,2211839,4151295,203008,28377087,1105082.01,910409.86,789080,10,10,10,0,0,0,0,0,0,993791,1925119,3928063,1078680.83,500
1782775178,0,789580,0,1163.31,499.69,697855,915455,1245183,2211839,4149247,203008,28377087,1105107.95,910205.70,789580,10,10,10,0,0,0,0,0,0,1097727,1965055,2615295,1146045.44,500
1782775179,0,790080,0,1162.34,500.11,698367,915455,1245183,2211839,4147199,203008,28377087,1105151.24,910016.30,790080,10,10,10,0,0,0,0,0,0,1104895,2121727,3149823,1173515.01,500
1782775180,0,790580,0,1161.36,500.30,698367,915455,1245183,2209791,4145151,203008,28377087,1105146.66,909787.96,790580,10,10,10,0,0,0,0,0,0,1047551,1851391,2430975,1097911.04,500
1782775181,0,791080,0,1160.39,499.88,698367,915455,1245183,2209791,4147199,203008,28377087,1105210.91,909685.84,791080,10,10,10,0,0,0,0,0,0,1099775,2077695,5361663,1206789.89,500
1782775182,0,791580,0,1159.42,499.72,698367,915455,1245183,2209791,4151295,203008,28377087,1105340.62,909751.05,791580,10,10,10,0,0,0,0,0,0,1158143,2277375,7417855,1310561.02,500
1782775183,0,792080,0,1158.46,500.14,698367,915455,1246207,2209791,4147199,203008,28377087,1105340.26,909527.71,792080,10,10,10,0,0,0,0,0,0,1049599,1798143,2598911,1104773.38,500
1782775184,0,792580,0,1157.50,500.04,698367,915967,1246207,2209791,4145151,203008,28377087,1105411.00,909336.05,792580,10,10,10,0,0,0,0,0,0,1162239,2220031,3074047,1217485.06,500
1782775185,0,793080,0,1156.54,500.26,698367,915967,1246207,2209791,4145151,203008,28377087,1105399.17,909124.73,793080,10,10,10,0,0,0,0,0,0,1010687,2013183,2420735,1086646.02,500
1782775186,0,793580,0,1155.58,499.79,698367,915967,1246207,2209791,4145151,203008,28377087,1105505.23,909068.89,793580,10,10,10,0,0,0,0,0,0,1116159,2473983,5001215,1273724.42,500
1782775187,0,794080,0,1154.63,500.01,698367,915967,1246207,2209791,4143103,203008,28377087,1105485.93,908855.26,794080,10,10,10,0,0,0,0,0,0,1021439,2010111,2408447,1074856.45,500
1782775188,0,794580,0,1153.68,499.87,698879,915967,1246207,2209791,4141055,203008,28377087,1105485.52,908640.92,794580,10,10,10,0,0,0,0,0,0,1057791,1948671,2498559,1104827.65,500
1782775189,0,795080,0,1152.73,500.08,698879,915967,1246207,2209791,4141055,203008,28377087,1105551.13,908499.00,795080,10,10,10,0,0,0,0,0,0,1113087,2076671,3239935,1209817.09,500
1782775190,0,795580,0,1151.79,500.06,698879,915967,1246207,2209791,4141055,203008,28377087,1105662.54,908366.61,795580,10,10,10,0,0,0,0,0,0,1132543,2572287,3559423,1282834.94,500
1782775191,0,796080,0,1150.85,500.19,698879,916479,1247231,2209791,4141055,203008,28377087,1105830.23,908972.54,796080,10,10,10,0,0,0,0,0,0,1093631,2418687,11739135,1372646.14,500
1782775192,0,796580,0,1149.91,499.51,698879,916479,1247231,2209791,4141055,203008,28377087,1105908.50,908791.41,796580,10,10,10,0,0,0,0,0,0,1142783,2207743,3391487,1230525.18,500
1782775193,0,797080,0,1148.97,500.25,698879,916479,1247231,2209791,4139007,203008,28377087,1105982.73,908633.78,797080,10,10,10,0,0,0,0,0,0,1094655,2373631,3299327,1224244.48,500
1782775194,0,797580,0,1148.04,499.98,698879,916479,1247231,2209791,4139007,203008,28377087,1106008.59,908444.43,797580,10,10,10,0,0,0,0,0,0,1077247,2179071,2990079,1147237.38,500
1782775195,0,798080,0,1147.10,499.75,698879,916991,1247231,2209791,4141055,203008,28377087,1106166.89,908801.77,798080,10,10,10,0,0,0,0,0,0,1127423,2179071,9723903,1358677.25,500
1782775196,0,798580,0,1146.17,500.13,699391,916991,1247231,2209791,4141055,203008,28377087,1106225.74,908690.95,798580,10,10,10,0,0,0,0,0,0,1083391,2101247,4243455,1200152.06,500
1782775197,0,799080,0,1145.25,499.97,699391,916991,1248255,2209791,4139007,203008,28377087,1106229.00,908477.75,799080,10,10,10,0,0,0,0,0,0,1062911,1860607,2611199,1111433.73,500
1782775198,0,799580,0,1144.33,500.15,699391,916991,1248255,2209791,4139007,203008,28377087,1106277.62,908352.89,799580,10,10,10,0,0,0,0,0,0,1057791,2471935,4055039,1183995.39,500
1782775199,0,800080,0,1143.40,499.79,699391,916991,1248255,2209791,4139007,203008,28377087,1106274.98,908133.46,800080,10,10,10,0,0,0,0,0,0,1059839,1847295,2453503,1102053.12,500
1782775200,0,800580,0,1142.49,500.00,699391,916991,1248255,2209791,4139007,203008,28377087,1106375.11,908048.21,800580,10,10,10,0,0,0,0,0,0,1112063,2471935,4067327,1266590.98,500
1782775201,0,801080,0,1141.57,500.19,699391,916991,1248255,2209791,4136959,203008,28377087,1106351.62,907830.52,801080,10,10,10,0,0,0,0,0,0,1036287,1642495,1982463,1068742.40,500
1782775202,0,801580,0,1140.66,500.14,699391,917503,1248255,2209791,4134911,203008,28377087,1106344.33,907610.51,801580,10,10,10,0,0,0,0,0,0,1049599,1754111,2723839,1094669.31,500
1782775203,0,802080,0,1139.75,499.96,699391,917503,1248255,2209791,4134911,203008,28377087,1106361.85,907405.54,802080,10,10,10,0,0,0,0,0,0,1081343,2033663,2383871,1134435.84,500
1782775204,0,802580,0,1138.84,499.74,699391,917503,1248255,2209791,4134911,203008,28377087,1106369.78,907216.84,802580,10,10,10,0,0,0,0,0,0,1042943,1746943,3561471,1119091.46,500
1782775205,0,803080,0,1137.94,500.38,699391,917503,1248255,2209791,4132863,203008,28377087,1106381.24,907019.97,803080,10,10,10,0,0,0,0,0,0,1052671,2123775,2854911,1124776.19,500
1782775206,0,803580,0,1137.03,500.05,699391,917503,1248255,2209791,4134911,203008,28377087,1106416.54,906861.28,803580,10,10,10,0,0,0,0,0,0,1069055,2181119,4184063,1163121.15,500
1782775207,0,804080,0,1136.13,499.75,699391,917503,1249279,2207743,4132863,203008,28377087,1106391.92,906659.73,804080,10,10,10,0,0,0,0,0,0,1008127,1776639,3282943,1066830.08,500
1782775208,0,804580,0,1135.23,500.15,699391,917503,1249279,2207743,4130815,203008,28377087,1106415.61,906501.11,804580,10,10,10,0,0,0,0,0,0,1056767,2332671,3387391,1144502.78,500
1782775209,0,805080,0,1134.34,499.72,699903,917503,1249279,2207743,4130815,203008,28377087,1106436.36,906390.81,805080,10,10,10,0,0,0,0,0,0,991743,2193407,4812799,1139826.94,500
1782775210,0,805580,0,1133.45,500.35,699903,918015,1249279,2207743,4130815,203008,28377087,1106412.05,906162.86,805580,10,10,10,0,0,0,0,0,0,1018367,1810431,2344959,1067268.35,500
1782775211,0,806080,0,1132.56,499.77,699903,918015,1249279,2207743,4128767,203008,28377087,1106448.10,905989.78,806080,10,10,10,0,0,0,0,0,0,1064959,2220031,3624959,1164527.87,500
1782775212,0,806580,0,1131.67,499.98,699903,918015,1249279,2207743,4128767,203008,28377087,1106415.31,905773.64,806580,10,10,10,0,0,0,0,0,0,1009151,1698815,2564095,1053558.53,500
1782775213,0,807080,0,1130.78,500.27,699903,918015,1249279,2207743,4130815,203008,28377087,1106543.39,905813.07,807080,10,10,10,0,0,0,0,0,0,1100799,3215359,5496831,1313156.10,500
1782775214,0,807580,0,1129.90,499.84,699903,918015,1249279,2207743,4128767,203008,28377087,1106517.18,905590.30,807580,10,10,10,0,0,0,0,0,0,1007615,1866751,2308095,1064215.81,500
1782775215,0,808080,0,1129.02,499.79,699903,918015,1249279,2207743,4126719,203008,28377087,1106504.91,905389.64,808080,10,10,10,0,0,0,0,0,0,991231,1969151,2928639,1086674.56,500
1782775216,0,808580,0,1128.14,500.19,699903,918015,1249279,2207743,4124671,203008,28377087,1106495.21,905170.32,808580,10,10,10,0,0,0,0,0,0,1036799,1793023,2473983,1090832.64,500
1782775217,0,809080,0,1127.27,500.03,699903,918015,1249279,2207743,4122623,203008,28377087,1106512.51,904970.75,809080,10,10,10,0,0,0,0,0,0,1057791,1918975,2480127,1134478.34,500
1782775218,0,809580,0,1126.40,500.12,699903,918527,1249279,2207743,4124671,203008,28377087,1106586.95,905065.13,809580,10,10,10,0,0,0,0,0,0,1037823,2144255,7467007,1227043.33,500
1782775219,0,810080,0,1125.52,499.58,699903,918527,1249279,2207743,4122623,203008,28377087,1106573.69,904848.16,810080,10,10,10,0,0,0,0,0,0,1037311,1726463,2349055,1085112.06,500
1782775220,0,817530,0,1134.30,7453.45,700415,918527,1250303,2207743,4098047,203008,28377087,1106314.29,902172.30,817530,10,10,10,0,0,0,0,0,0,944639,2224127,2828287,1078107.64,7450
1782775221,0,827530,0,1146.58,9999.96,699903,917503,1247231,2205695,4124671,203008,28377087,1106042.75,911227.45,827530,10,10,10,0,0,0,0,0,0,860159,2050047,5455871,1083844.05,10000
1782775222,0,837530,0,1158.83,10001.22,698879,916479,1244159,2199551,4136959,203008,28377087,1103976.77,908779.37,837530,10,10,10,0,0,0,0,0,0,827903,1467391,4792319,933010.50,10000
1782775223,0,847530,0,1171.05,10000.31,699391,915967,1243135,2195455,4145151,203008,28377087,1103026.85,907859.72,847530,10,10,10,0,0,0,0,0,0,899071,1658879,4751359,1023468.42,10000
1782775224,0,857530,0,1183.23,9998.67,699391,915967,1241087,2189311,4136959,203008,28377087,1101635.43,904114.42,857530,10,10,10,0,0,0,0,0,0,924159,1482751,2668543,983707.98,10000
1782775225,0,867530,0,1195.38,10000.72,699391,915967,1240063,2191359,4136959,203008,28377087,1101197.96,901937.66,867530,10,10,10,0,0,0,0,0,0,908287,2349055,3936255,1063683.58,10000
1782775226,0,877530,0,1207.50,10003.14,699391,915967,1240063,2187263,4100095,203008,28377087,1099954.19,898312.40,877530,10,10,10,0,0,0,0,0,0,906239,1754111,3239935,992053.68,10000
1782775227,0,887530,0,1219.58,9998.73,699391,916479,1239039,2185215,4128767,199552,28377087,1099586.80,896468.58,887530,10,10,10,0,0,0,0,0,0,947199,1805311,4669439,1067347.51,10000
1782775228,0,897530,0,1231.63,10000.61,699391,916479,1239039,2181119,4132863,199552,28377087,1099300.69,896940.08,897530,10,10,10,0,0,0,0,0,0,929791,1738751,4231167,1073906.97,10000
1782775229,0,907530,0,1243.64,9994.14,699903,916991,1238015,2177023,4118527,199552,28377087,1098508.11,893316.95,907530,10,10,10,0,0,0,0,0,0,949247,1718271,2553855,1027371.73,10000
1782775230,0,917530,0,1255.63,10003.45,699903,916991,1238015,2172927,4132863,199552,28377087,1099166.18,901534.36,917530,10,10,10,0,0,0,0,0,0,932351,1797119,5439487,1158888.24,10000
1782775231,0,927530,0,1267.58,10001.56,700415,917503,1238015,2170879,4157439,199552,28377087,1099821.37,904445.29,927530,10,10,10,0,0,0,0,0,0,962047,1975295,7733247,1159936.52,10000
1782775232,0,937530,0,1279.49,10000.44,700927,918015,1238015,2166783,4153343,199552,28377087,1099588.78,901673.30,937530,10,10,10,0,0,0,0,0,0,978431,1865727,3966975,1078016.22,10000
1782775233,0,947530,0,1291.38,9996.52,700927,918527,1238015,2160639,4136959,199552,28377087,1098870.63,898277.69,947530,10,10,10,0,0,0,0,0,0,956927,1689599,2838527,1031541.15,10000
1782775234,0,957530,0,1303.23,10004.84,700927,918527,1236991,2158591,4141055,199552,28377087,1098270.32,895982.01,957530,10,10,10,0,0,0,0,0,0,913407,1742847,4218879,1041389.09,10000
1782775235,0,967530,0,1315.05,9999.37,701439,919039,1236991,2154495,4145151,199552,28377087,1097882.72,893607.49,967530,10,10,10,0,0,0,0,0,0,944127,1844223,4464639,1060768.91,10000
1782775236,0,977530,0,1326.84,9991.96,701951,919551,1236991,2150399,4128767,199552,28377087,1097176.85,890076.59,977530,10,10,10,0,0,0,0,0,0,968191,1709055,2603007,1028881.86,10000
1782775237,0,987530,0,1338.60,10005.09,702463,920063,1238015,2148351,4108287,199552,28377087,1097011.22,886962.28,987530,10,10,10,0,0,0,0,0,0,990207,1919999,2742271,1080820.64,10000
1782775238,0,997530,0,1350.32,9995.83,702463,920063,1236991,2146303,4145151,199552,28377087,1098593.25,900727.97,997530,10,10,10,0,0,0,0,0,0,906751,2057215,11960319,1254823.14,10000
1782775239,0,1007530,0,1362.02,10006.42,702463,920063,1236991,2144255,4171775,199552,28377087,1098997.90,903104.49,1007530,10,10,10,0,0,0,0,0,0,931327,1969151,8134655,1139363.10,10000
1782775240,0,1017530,0,1373.68,9992.38,702463,920575,1236991,2144255,4192255,199552,28377087,1101281.21,930967.70,1017530,10,10,10,0,0,0,0,0,0,950271,1808383,12795903,1331331.97,10000
1782775241,0,1027530,0,1385.31,10003.48,702463,920063,1236991,2142207,4177919,199552,28377087,1100700.70,927798.28,1027530,10,10,10,0,0,0,0,0,0,918015,2017279,2600959,1041631.34,10000
1782775242,0,1037530,0,1396.91,10001.18,702975,920575,1236991,2140159,4198399,199552,28377087,1100914.23,927909.03,1037530,10,10,10,0,0,0,0,0,0,951295,2010111,5230591,1122855.58,10000
1782775243,0,1047530,0,1408.47,10001.97,703487,921087,1236991,2140159,4184063,199552,28377087,1100640.02,924970.07,1047530,10,10,10,0,0,0,0,0,0,961023,1880063,3569663,1072189.61,10000
1782775244,0,1057530,0,1420.01,10003.12,703999,921087,1236991,2136063,4190207,199552,28377087,1100804.77,924521.88,1057530,10,10,10,0,0,0,0,0,0,961023,1850367,6311935,1118062.61,10000
1782775245,0,1067530,0,1431.51,9992.24,703999,921087,1236991,2134015,4202495,199552,28377087,1100982.95,927711.31,1067530,10,10,10,0,0,0,0,0,0,925183,1816575,4923391,1119826.04,10000
1782775246,0,1077530,0,1442.99,10002.53,703487,921087,1235967,2131967,4206591,199552,28377087,1100556.24,925982.52,1077530,10,10,10,0,0,0,0,0,0,916991,1906687,5566463,1055004.54,10000
1782775247,0,1087530,0,1454.43,10003.40,703487,921087,1234943,2127871,4206591,199552,28377087,1099678.38,923831.14,1087530,10,10,10,0,0,0,0,0,0,888319,1747967,3629055,1005085.54,10000
1782775248,0,1097530,0,1465.85,9998.00,702975,920575,1233919,2125823,4227071,199552,28377087,1098788.50,922078.22,1097530,10,10,10,0,0,0,0,0,0,872959,1651711,4657151,1002012.23,10000
1782775249,0,1107530,0,1477.23,9993.67,702463,920063,1232895,2121727,4227071,199552,28377087,1097695.09,920177.20,1107530,10,10,10,0,0,0,0,0,0,888831,1599487,4530175,977690.02,10000
1782775250,0,1117530,0,1488.58,10004.71,701951,919551,1231871,2119679,4239359,199552,28377087,1097223.53,920022.57,1117530,10,10,10,0,0,0,0,0,0,887295,1764351,5218303,1044996.99,10000
1782775251,0,1127530,0,1499.90,10003.53,701439,919039,1229823,2115583,4255743,199552,28377087,1096070.64,918425.21,1127530,10,10,10,0,0,0,0,0,0,849407,1627135,5222399,967231.56,10000
1782775252,0,1137530,0,1511.20,9994.86,701439,918527,1228799,2111487,4263935,199552,28377087,1095084.92,916167.10,1137530,10,10,10,0,0,0,0,0,0,872959,1810431,4497407,983941.38,10000
1782775253,0,1147536,0,1522.47,10012.71,700927,918015,1228799,2113535,4325375,199552,28377087,1097482.46,943933.84,1147536,10,10,10,0,0,0,0,0,0,880639,2850815,17285119,1370046.85,10006
1782775254,0,1157530,0,1533.69,9989.20,700927,918015,1227775,2111487,4308991,199552,28377087,1096773.21,942165.22,1157530,10,10,10,0,0,0,0,0,0,883711,1828863,3426303,1015335.15,9994
1782775255,0,1167530,0,1544.89,10003.90,700415,917503,1226751,2109439,4325375,199552,28377087,1096103.87,940338.07,1167530,10,10,10,0,0,0,0,0,0,870911,1978367,5103615,1018625.60,10000
1782775256,0,1177530,0,1556.07,9995.57,700415,916991,1225727,2107391,4313087,199552,28377087,1095173.13,937625.52,1177530,10,10,10,0,0,0,0,0,0,882687,1715199,2607103,986506.38,10000
1782775257,0,1187530,0,1567.21,10000.58,700415,916991,1224703,2103295,4313087,199552,28377087,1094400.77,936858.63,1187530,10,10,10,0,0,0,0,0,0,876031,1710079,2803711,1003453.70,10000
1782775258,0,1197530,0,1578.33,10001.02,699903,915967,1223679,2099199,4292607,199552,28377087,1092955.82,934011.79,1197530,10,10,10,0,0,0,0,0,0,840191,1641471,2463743,921362.85,10000
1782775259,0,1207530,0,1589.41,10003.41,699391,915455,1221631,2094079,4292607,199552,28377087,1091554.34,931893.56,1207530,10,10,10,0,0,0,0,0,0,831999,1542143,2469887,923723.18,10000
1782775260,0,1217530,0,1600.47,9998.42,698367,914431,1219583,2091007,4296703,199552,28377087,1090314.92,929765.31,1217530,10,10,10,0,0,0,0,0,0,838655,1620991,4866047,940651.81,10000
1782775261,0,1227530,0,1611.49,10000.98,698367,913919,1218559,2087935,4280319,199552,28377087,1089046.22,926877.02,1227530,10,10,10,0,0,0,0,0,0,861183,1646591,2392063,934577.89,10000
1782775262,0,1237531,0,1622.49,10001.95,698367,913919,1217535,2085887,4272127,199552,28377087,1088235.43,924519.76,1237531,10,10,10,0,0,0,0,0,0,886783,1806335,3311615,988718.68,10001
1782775263,0,1247530,0,1633.46,9994.06,697855,912895,1215487,2082815,4272127,199552,28377087,1087638.01,927009.85,1247530,10,10,10,0,0,0,0,0,0,848895,1693695,12058623,1013697.48,9999
1782775264,0,1257530,0,1644.40,9998.82,697343,912383,1214463,2080767,4292607,199552,28377087,1087803.46,935299.38,1257530,10,10,10,0,0,0,0,0,0,828927,1786879,7643135,1108444.22,10000
1782775265,0,1267530,0,1655.31,10001.01,696831,911871,1213439,2080767,4333567,199552,28377087,1087802.42,939608.80,1267530,10,10,10,0,0,0,0,0,0,832511,1904639,8429567,1087671.21,10000
1782775266,0,1277530,0,1666.20,10002.47,696319,910847,1211391,2076671,4317183,199552,28377087,1086379.83,936914.29,1277530,10,10,10,0,0,0,0,0,0,846335,1449983,3284991,906062.57,10000
1782775267,0,1287530,0,1677.05,10002.48,696319,910847,1210367,2073599,4296703,199552,28377087,1085329.07,934126.06,1287530,10,10,10,0,0,0,0,0,0,899071,1479679,2713599,951090.67,10000
1782775268,0,1297532,0,1687.88,10002.06,696831,910847,1208319,2071551,4284415,199552,28377087,1084457.51,931556.12,1297532,10,10,10,0,0,0,0,0,0,903679,1566719,2734079,972264.72,10002
1782775269,0,1307530,0,1698.68,9996.77,696319,910847,1207295,2069503,4292607,199552,28377087,1084151.12,931823.81,1307530,10,10,10,0,0,0,0,0,0,890879,1897471,8204287,1044388.53,9998
1782775270,0,1317530,0,1709.45,9999.58,696831,910847,1207295,2066431,4284415,199552,28377087,1083587.55,929361.88,1317530,10,10,10,0,0,0,0,0,0,921087,1714175,3575807,1009898.99,10000
1782775271,0,1327530,0,1720.19,10000.83,696831,911359,1207295,2063359,4255743,199552,28377087,1083202.76,926600.38,1327530,10,10,10,0,0,0,0,0,0,961023,1804287,2359295,1032504.83,10000
1782775272,0,1337530,0,1730.91,10000.51,697343,911871,1208319,2061311,4251647,199552,28377087,1083166.33,924212.60,1337530,10,10,10,0,0,0,0,0,0,986623,1845247,2439167,1078330.82,10000
1782775273,0,1347530,0,1741.59,9999.38,697855,912383,1208319,2061311,4251647,199552,28377087,1083755.95,927055.99,1347530,10,10,10,0,0,0,0,0,0,967679,2105343,4984831,1162619.24,10000
1782775274,0,1357530,0,1752.25,9998.92,698367,912383,1209343,2059263,4255743,199552,28377087,1083903.53,925725.64,1357530,10,10,10,0,0,0,0,0,0,980479,1915903,5369855,1103789.36,10000
1782775275,0,1367530,0,1762.88,9994.63,698367,912895,1209343,2059263,4255743,199552,28377087,1083816.77,923805.68,1367530,10,10,10,0,0,0,0,0,0,974847,1897471,3459071,1072039.22,10000
1782775276,0,1377530,0,1773.49,10004.54,698879,913919,1210367,2058239,4284415,199552,28377087,1085047.12,929811.73,1377530,10,10,10,0,0,0,0,0,0,1019391,1887231,6037503,1253301.64,10000
1782775277,0,1387530,0,1784.07,10000.36,699391,913919,1210367,2058239,4300799,199552,28377087,1085040.87,928365.84,1387530,10,10,10,0,0,0,0,0,0,927231,2051071,4665343,1084179.86,10000
1782775278,0,1397530,0,1794.62,9994.54,699391,913407,1210367,2056191,4300799,199552,28377087,1084711.72,927178.39,1397530,10,10,10,0,0,0,0,0,0,892927,1790975,3934207,1039040.59,10000
1782775279,0,1407530,0,1805.14,10007.40,699391,914431,1211391,2061311,4288511,199552,28377087,1085371.47,925861.02,1407530,10,10,10,0,0,0,0,0,0,988671,2559999,4089855,1177573.50,10000
1782775280,0,1410980,0,1807.25,3449.22,699391,914431,1211391,2062335,4296703,199552,28377087,1085755.93,926404.35,1410980,10,10,10,0,0,0,0,0,0,1017343,2205695,8486911,1242608.83,3450
1782775281,0,1411980,0,1806.21,999.44,699391,914431,1211391,2062335,4296703,199552,28377087,1085693.29,926140.09,1411980,10,10,10,0,0,0,0,0,0,924159,1667071,2371583,997314.82,1000
1782775282,0,1412980,0,1805.18,1000.62,699903,914431,1211391,2062335,4296703,199552,28377087,1085705.49,926022.80,1412980,10,10,10,0,0,0,0,0,0,973823,1964031,4685823,1102925.06,1000
1782775283,0,1413980,0,1804.16,1000.00,699903,914431,1211391,2062335,4292607,199552,28377087,1085658.48,925802.36,1413980,10,10,10,0,0,0,0,0,0,911871,1980415,3336191,1019238.78,1000
1782775284,0,1414980,0,1803.13,999.77,699903,914431,1211391,2062335,4292607,199552,28377087,1085664.35,925615.04,1414980,10,10,10,0,0,0,0,0,0,978943,2115583,3801087,1093956.61,1000
1782775285,0,1415980,0,1802.11,999.73,699903,914431,1211391,2062335,4296703,199552,28377087,1085758.61,925841.40,1415980,10,10,10,0,0,0,0,0,0,955903,2320383,8896511,1219139.07,1000
1782775286,0,1416980,0,1801.09,999.71,699903,914431,1211391,2062335,4292607,199552,28377087,1085720.36,925614.16,1416980,10,10,10,0,0,0,0,0,0,927231,1844223,3096575,1031566.34,1000
1782775287,0,1417980,0,1800.07,1000.80,699903,914431,1211391,2062335,4296703,199552,28377087,1085800.66,925946.49,1417980,10,10,10,0,0,0,0,0,0,928255,2230271,9101311,1199577.02,1000
1782775288,0,1418980,0,1799.06,999.98,699903,914431,1211391,2062335,4292607,199552,28377087,1085742.65,925710.33,1418980,10,10,10,0,0,0,0,0,0,888319,1900543,2551807,1003490.30,1000
1782775289,0,1419980,0,1798.05,999.65,699903,914431,1211391,2062335,4296703,199552,28377087,1085858.79,926133.87,1419980,10,10,10,0,0,0,0,0,0,966143,2205695,10444799,1250656.06,1000
1782775290,0,1420980,0,1797.04,1000.11,699903,914431,1211391,2062335,4296703,199552,28377087,1085804.25,925923.57,1420980,10,10,10,0,0,0,0,0,0,895487,2025471,2828287,1008356.80,1000
1782775291,0,1421980,0,1796.03,1000.22,699903,914431,1211391,2062335,4296703,199552,28377087,1085897.83,926106.21,1421980,10,10,10,0,0,0,0,0,0,950271,2463743,6750207,1218868.99,1000
1782775292,0,1422980,0,1795.03,999.76,699903,914431,1211391,2063359,4296703,199552,28377087,1085952.60,925974.36,1422980,10,10,10,0,0,0,0,0,0,971775,2252799,4403199,1163841.79,1000
1782775293,0,1423980,0,1794.02,999.49,699903,914431,1212415,2062335,4296703,199552,28377087,1085909.10,925728.81,1423980,10,10,10,0,0,0,0,0,0,972287,1697791,2564095,1024003.84,1000
1782775294,0,1424980,0,1793.03,1000.63,699903,914431,1212415,2063359,4296703,199552,28377087,1085944.12,925829.26,1424980,10,10,10,0,0,0,0,0,0,898559,2332671,4571135,1135821.89,1000
1782775295,0,1425980,0,1792.03,999.96,699903,914431,1211391,2062335,4296703,199552,28377087,1085830.44,925598.42,1425980,10,10,10,0,0,0,0,0,0,812543,1890303,2539519,923838.02,1000
1782775296,0,1426980,0,1791.03,999.76,699391,914431,1211391,2062335,4296703,199552,28377087,1085825.90,925762.52,1426980,10,10,10,0,0,0,0,0,0,823807,2105343,7876607,1079348.42,1000
1782775297,0,1427980,0,1790.04,999.96,699391,914431,1211391,2062335,4296703,199552,28377087,1085752.44,925541.64,1427980,10,10,10,0,0,0,0,0,0,843775,2026495,2496511,980923.33,1000
1782775298,0,1428980,0,1789.05,999.74,699391,914431,1212415,2063359,4296703,199552,28377087,1085820.14,925564.97,1428980,10,10,10,0,0,0,0,0,0,965631,2285567,4648959,1182490.24,1000
1782775299,0,1429980,0,1788.07,1000.07,699391,914431,1212415,2062335,4296703,199552,28377087,1085776.35,925327.30,1429980,10,10,10,0,0,0,0,0,0,935935,1848319,2439167,1023208.77,1000
1782775300,0,1430980,0,1787.08,1000.81,699391,914431,1212415,2062335,4292607,199552,28377087,1085778.56,925142.91,1430980,10,10,10,0,0,0,0,0,0,956927,1935359,3432447,1088933.50,1000
1782775301,0,1431980,0,1786.10,999.65,699391,914431,1212415,2062335,4296703,199552,28377087,1085849.06,925237.00,1431980,10,10,10,0,0,0,0,0,0,968191,2478079,6348799,1186735.36,1000
1782775302,0,1432980,0,1785.12,1000.21,699391,914431,1212415,2063359,4296703,199552,28377087,1085826.23,925062.95,1432980,10,10,10,0,0,0,0,0,0,923647,2168831,4034559,1053141.63,1000
1782775303,0,1433980,0,1784.15,999.52,699903,914431,1211391,2063359,4296703,199552,28377087,1085813.48,924941.77,1433980,10,10,10,0,0,0,0,0,0,934399,2001919,4505599,1067536.00,1000
1782775304,0,1434980,0,1783.17,1000.25,699903,914431,1211391,2062335,4292607,199552,28377087,1085762.35,924694.27,1434980,10,10,10,0,0,0,0,0,0,921087,1896447,2772991,1012445.44,1000
1782775305,0,1435980,0,1782.20,999.69,699903,914431,1211391,2062335,4296703,199552,28377087,1085827.36,925105.66,1435980,10,10,10,0,0,0,0,0,0,963583,1915903,7467007,1179118.98,1000
1782775306,0,1436980,0,1781.23,1000.01,699903,914943,1211391,2062335,4292607,199552,28377087,1085834.94,924882.92,1436980,10,10,10,0,0,0,0,0,0,1009151,1897471,2789375,1096715.90,1000
1782775307,0,1437980,0,1780.26,1000.28,699903,914943,1211391,2062335,4296703,199552,28377087,1085913.04,925193.34,1437980,10,10,10,0,0,0,0,0,0,942079,2164735,5787647,1198132.99,1000
1782775308,0,1438980,0,1779.30,1000.23,699903,914943,1211391,2062335,4296703,199552,28377087,1085882.09,925073.59,1438980,10,10,10,0,0,0,0,0,0,857087,2375679,4730879,1041381.44,1000
1782775309,0,1439980,0,1778.34,1000.04,699903,914431,1211391,2062335,4296703,199552,28377087,1085795.82,924914.97,1439980,10,10,10,0,0,0,0,0,0,808447,2109439,3823615,961659.01,1000
1782775310,0,1440980,0,1777.38,999.95,699903,914431,1211391,2063359,4296703,199552,28377087,1085801.99,924815.21,1440980,10,10,10,0,0,0,0,0,0,882687,2238463,3745791,1094685.38,1000
1782775311,0,1441980,0,1776.42,1000.24,699903,914431,1211391,2062335,4292607,199552,28377087,1085769.31,924585.27,1441980,10,10,10,0,0,0,0,0,0,938495,1979391,2893823,1038681.86,1000
1782775312,0,1442980,0,1775.46,999.78,699903,914431,1211391,2062335,4292607,199552,28377087,1085792.67,924623.20,1442980,10,10,10,0,0,0,0,0,0,948223,1995775,6320127,1119467.90,1000
1782775313,0,1443980,0,1774.51,1000.17,699903,914431,1211391,2062335,4288511,199552,28377087,1085764.27,924414.02,1443980,10,10,10,0,0,0,0,0,0,932863,1904639,2609151,1044792.96,1000
1782775314,0,1444980,0,1773.56,999.33,699903,914431,1212415,2062335,4292607,199552,28377087,1085841.60,924742.17,1444980,10,10,10,0,0,0,0,0,0,973311,2001919,7057407,1197506.30,1000
1782775315,0,1445980,0,1772.61,1000.23,699903,914431,1212415,2062335,4292607,199552,28377087,1085789.80,924510.30,1445980,10,10,10,0,0,0,0,0,0,909311,1945599,2465791,1010930.30,1000
1782775316,0,1446980,0,1771.66,1000.21,699391,914431,1212415,2062335,4292607,199552,28377087,1085751.32,924435.60,1446980,10,10,10,0,0,0,0,0,0,841727,2077695,3790847,1030117.25,1000
1782775317,0,1447980,0,1770.72,999.35,699391,914431,1212415,2062335,4288511,199552,28377087,1085717.31,924237.63,1447980,10,10,10,0,0,0,0,0,0,898559,2076671,2457599,1036499.33,1000
1782775318,0,1448980,0,1769.78,1000.53,699391,914943,1212415,2062335,4288511,199552,28377087,1085754.25,924032.54,1448980,10,10,10,0,0,0,0,0,0,1089535,1950719,2998271,1139246.02,1000
1782775319,0,1449980,0,1768.84,999.95,699903,914943,1212415,2062335,4292607,199552,28377087,1085885.01,924540.03,1449980,10,10,10,0,0,0,0,0,0,970239,2416639,9011199,1275345.79,1000
1782775320,0,1450980,0,1767.90,999.96,699903,914943,1212415,2062335,4292607,199552,28377087,1085897.26,924351.01,1450980,10,10,10,0,0,0,0,0,0,952831,2179071,3309567,1103659.97,1000
1782775321,0,1451980,0,1766.97,1000.17,699903,914943,1212415,2062335,4292607,199552,28377087,1085898.62,924439.87,1451980,10,10,10,0,0,0,0,0,0,887807,2044927,4038655,1087884.54,1000
1782775322,0,1452980,0,1766.04,999.57,699903,914943,1212415,2062335,4288511,199552,28377087,1085842.91,924194.97,1452980,10,10,10,0,0,0,0,0,0,933887,1742847,2220031,1004950.78,1000
1782775323,0,1453980,0,1765.11,1000.45,699391,914943,1212415,2062335,4292607,199552,28377087,1085920.01,925039.57,1453980,10,10,10,0,0,0,0,0,0,887807,1994751,9510911,1197933.50,1000
1782775324,0,1454980,0,1764.18,999.64,699391,914943,1212415,2062335,4292607,199552,28377087,1085850.02,924872.20,1454980,10,10,10,0,0,0,0,0,0,831999,1921023,3887103,984091.01,1000
1782775325,0,1455980,0,1763.25,999.68,699391,914431,1212415,2062335,4288511,199552,28377087,1085776.97,924656.90,1455980,10,10,10,0,0,0,0,0,0,842751,2053119,2619391,979494.46,1000
1782775326,0,1456980,0,1762.33,1000.13,699391,914943,1212415,2062335,4288511,199552,28377087,1085794.45,924508.85,1456980,10,10,10,0,0,0,0,0,0,963071,2123775,4841471,1111245.82,1000
1782775327,0,1457980,0,1761.41,1000.15,699391,914943,1212415,2062335,4288511,199552,28377087,1085817.37,924324.03,1457980,10,10,10,0,0,0,0,0,0,974847,2244607,2848767,1119204.35,1000
1782775328,0,1458980,0,1760.49,1000.44,699391,914943,1212415,2062335,4288511,199552,28377087,1085835.09,924221.48,1458980,10,10,10,0,0,0,0,0,0,955391,2036735,3745791,1111672.96,1000
1782775329,0,1459980,0,1759.57,999.65,699391,914943,1212415,2062335,4284415,199552,28377087,1085813.15,924005.31,1459980,10,10,10,0,0,0,0,0,0,941055,1973247,2912255,1053798.27,1000
1782775330,0,1460980,0,1758.66,1000.07,699391,914943,1212415,2062335,4288511,199552,28377087,1085862.46,924075.90,1460980,10,10,10,0,0,0,0,0,0,971775,2113535,5660671,1157859.58,1000
1782775331,0,1461980,0,1757.75,1000.19,699391,914943,1212415,2062335,4284415,199552,28377087,1085910.70,923913.57,1461980,10,10,10,0,0,0,0,0,0,1038335,2383871,3411967,1156383.68,1000
1782775332,0,1462980,0,1756.84,1000.03,699391,914943,1212415,2063359,4288511,199552,28377087,1085954.01,923927.67,1462980,10,10,10,0,0,0,0,0,0,955391,2107391,6635519,1149273.09,1000
1782775333,0,1463980,0,1755.93,999.86,699391,914943,1212415,2062335,4284415,199552,28377087,1085873.23,923684.19,1463980,10,10,10,0,0,0,0,0,0,880639,1836031,2465791,967694.98,1000
1782775334,0,1464980,0,1755.02,999.71,699391,914943,1212415,2062335,4284415,199552,28377087,1085775.00,923462.37,1464980,10,10,10,0,0,0,0,0,0,843263,1825791,2867199,941979.01,1000
1782775335,0,1465980,0,1754.12,999.78,699391,914943,1212415,2062335,4284415,199552,28377087,1085792.43,924005.79,1465980,10,10,10,0,0,0,0,0,0,847871,1780735,5926911,1111317.82,1000
1782775336,0,1466980,0,1753.22,1000.87,699391,914943,1212415,2062335,4284415,199552,28377087,1085793.18,923790.77,1466980,10,10,10,0,0,0,0,0,0,1026047,1807359,2844671,1086895.30,1000
1782775337,0,1467980,0,1752.32,1000.07,699391,914943,1212415,2062335,4284415,199552,28377087,1085834.04,923965.57,1467980,10,10,10,0,0,0,0,0,0,965119,2019327,3368959,1145768.58,1000
1782775338,0,1468980,0,1751.42,999.50,699391,914943,1212415,2062335,4284415,199552,28377087,1085858.23,923871.85,1468980,10,10,10,0,0,0,0,0,0,942591,2222079,3950591,1121381.06,1000
1782775339,0,1469980,0,1750.53,999.66,699391,914943,1212415,2062335,4284415,199552,28377087,1085853.30,923941.09,1469980,10,10,10,0,0,0,0,0,0,918015,1935359,3276799,1078609.66,1000
1782775340,0,1484870,0,1766.16,14902.26,701951,918527,1219583,2084863,4284415,199552,28377087,1091307.01,923741.38,1484870,10,10,10,0,0,0,0,0,0,1460223,3008511,4268031,1629711.21,14890
1782775341,0,1504870,0,1787.82,20001.05,703999,922111,1227775,2119679,4472831,199552,28377087,1099885.17,931787.84,1504870,10,10,10,0,0,0,0,0,0,1336319,4886527,6254591,1736758.09,20000
1782775342,0,1524870,0,1809.43,19996.87,706559,926207,1236991,2144255,4468735,199552,28377087,1105890.48,930658.24,1524870,10,10,10,0,0,0,0,0,0,1400831,2824191,3641343,1557750.75,20000
1782775343,0,1544870,0,1830.99,19983.64,708607,929791,1243135,2166783,4603903,199552,29704191,1117660.82,1008127.96,1544870,10,10,10,0,0,0,0,0,0,1234943,5701631,19480575,2015073.07,20000
1782775344,0,1564870,0,1852.50,20014.76,710655,933375,1250303,2183167,4640767,199552,29704191,1122713.41,1007516.10,1564870,10,10,10,0,0,0,0,0,0,1314815,3385343,5144575,1512992.99,20000
1782775345,0,1584870,0,1873.96,19996.70,713727,937983,1260543,2207743,4681727,199552,29704191,1130252.28,1009159.31,1584870,10,10,10,0,0,0,0,0,0,1476607,3622911,6000639,1720120.03,20000
1782775346,0,1604870,0,1895.36,20005.61,716287,942079,1268735,2234367,4743167,199552,29704191,1137667.90,1016466.50,1604870,10,10,10,0,0,0,0,0,0,1363967,3856383,7307263,1725307.51,20000
1782775347,0,1624870,0,1916.72,19987.10,718335,945151,1273855,2246655,4759551,199552,29704191,1141395.79,1015279.46,1624870,10,10,10,0,0,0,0,0,0,1223679,2760703,5296127,1440534.70,20000
1782775348,0,1644870,0,1938.03,20000.40,720383,947711,1278975,2250751,4788223,199552,29704191,1145079.86,1015998.81,1644870,10,10,10,0,0,0,0,0,0,1245183,2580479,6561791,1444386.57,20000
1782775349,0,1664870,0,1959.28,20004.26,722943,951295,1285119,2260991,4788223,199552,29704191,1149059.74,1014941.14,1664870,10,10,10,0,0,0,0,0,0,1288191,2701311,5074943,1476379.06,20000
1782775350,0,1684870,0,1980.49,20001.39,724991,954367,1289215,2275327,4857855,199552,29704191,1153913.26,1018909.96,1684870,10,10,10,0,0,0,0,0,0,1210367,3086335,7589887,1557936.66,20000
1782775351,0,1704870,0,2001.64,20000.24,727551,958463,1297407,2297855,4898815,199552,29704191,1160366.51,1021776.21,1704870,10,10,10,0,0,0,0,0,0,1412095,3282943,6295551,1704011.48,20000
1782775352,0,1724870,0,2022.75,19992.15,729599,962047,1304575,2318335,4931583,199552,29704191,1166596.90,1024481.70,1724870,10,10,10,0,0,0,0,0,0,1425407,3624959,6934527,1697696.74,20000
1782775353,0,1744870,0,2043.81,20007.68,732159,966143,1312767,2332671,4997119,199552,29704191,1173446.34,1033956.17,1744870,10,10,10,0,0,0,0,0,0,1385471,3631103,11534335,1764166.11,20000
1782775354,0,1764870,0,2064.82,20004.29,734719,970239,1319935,2342911,4993023,199552,29704191,1177843.24,1032143.35,1764870,10,10,10,0,0,0,0,0,0,1395711,2732031,4202495,1561444.38,20000
1782775355,0,1784870,0,2085.78,20004.04,736767,973823,1326079,2355199,4993023,199552,29704191,1182585.58,1032235.23,1784870,10,10,10,0,0,0,0,0,0,1379327,3016703,4603903,1601066.02,20000
1782775356,0,1804870,0,2106.68,19994.22,739327,977407,1333247,2367487,5009407,199552,29704191,1187153.11,1031753.29,1804870,10,10,10,0,0,0,0,0,0,1402879,3045375,5918719,1594775.43,20000
1782775357,0,1824870,0,2127.55,20001.28,741375,980991,1339391,2377727,5038079,199552,29704191,1191817.86,1036914.04,1824870,10,10,10,0,0,0,0,0,0,1376255,2899967,7057407,1612781.72,20000
1782775358,0,1844870,0,2148.36,20002.86,743935,985599,1346559,2394111,5095423,199552,29704191,1198313.80,1044119.96,1844870,10,10,10,0,0,0,0,0,0,1489919,3450879,6688767,1791025.60,20000
1782775359,0,1864870,0,2169.12,20002.31,745471,988671,1352703,2410495,5177343,199552,29704191,1204560.21,1056250.51,1864870,10,10,10,0,0,0,0,0,0,1393663,4673535,11624447,1780750.85,20000
1782775360,0,1884870,0,2189.84,19997.34,747519,992255,1358847,2420735,5173247,199552,29704191,1208465.60,1054712.58,1884870,10,10,10,0,0,0,0,0,0,1387519,2940927,5115903,1572618.12,20000
1782775361,0,1904870,0,2210.51,19993.94,749567,995839,1364991,2441215,5206015,199552,29704191,1215596.39,1071162.87,1904870,10,10,10,0,0,0,0,0,0,1466367,3629055,11411455,1887627.40,20000
1782775362,0,1924870,0,2231.13,20006.98,752127,999423,1372159,2451455,5185535,199552,29704191,1219706.86,1068630.62,1924870,10,10,10,0,0,0,0,0,0,1430527,2938879,3805183,1611202.27,20000
1782775363,0,1944870,0,2251.70,20002.30,754175,1002495,1376255,2455551,5197823,199552,29704191,1222582.23,1067038.27,1944870,10,10,10,0,0,0,0,0,0,1326079,2721791,6283263,1499317.92,20000
1782775364,0,1964870,0,2272.22,19987.25,756735,1006591,1383423,2476031,5300223,199552,29704191,1228998.47,1072024.35,1964870,10,10,10,0,0,0,0,0,0,1486847,4016127,8093695,1852935.95,20000
1782775365,0,1984870,0,2292.70,19994.64,758783,1010175,1390591,2490367,5345279,199552,29704191,1234100.54,1072726.75,1984870,10,10,10,0,0,0,0,0,0,1468415,3506175,6479871,1735345.50,20000
1782775366,0,2004870,0,2313.13,20010.54,760831,1013247,1394687,2504703,5410815,199552,29704191,1239035.86,1078205.78,2004870,10,10,10,0,0,0,0,0,0,1341439,4179967,9240575,1728834.53,20000
1782775367,0,2024870,0,2333.51,20002.78,762879,1015807,1399807,2514943,5435391,199552,29704191,1242813.89,1079183.16,2024870,10,10,10,0,0,0,0,0,0,1345535,3244031,7376895,1621536.77,20000
1782775368,0,2044870,0,2353.85,19998.85,764927,1019391,1405951,2529279,5464063,199552,29704191,1247886.01,1081768.02,2044870,10,10,10,0,0,0,0,0,0,1499135,3258367,6881279,1761405.57,20000
1782775369,0,2064870,0,2374.14,20005.02,766463,1021951,1410047,2531327,5476351,199552,29704191,1250647.37,1081487.08,2064870,10,10,10,0,0,0,0,0,0,1318911,2713599,6561791,1532977.78,20000
1782775370,0,2084870,0,2394.38,19994.67,767999,1025023,1413119,2541567,5513215,199552,29704191,1254891.22,1085550.42,2084870,10,10,10,0,0,0,0,0,0,1343487,3891199,8765439,1693041.02,20000
1782775371,0,2104870,0,2414.58,19998.45,770047,1028095,1419263,2562047,5513215,199552,29704191,1259828.57,1086057.40,2104870,10,10,10,0,0,0,0,0,0,1498111,3727359,5595135,1774515.42,20000
1782775372,0,2124870,0,2434.72,19991.89,772095,1031167,1424383,2580479,5566463,199552,29704191,1265485.88,1093748.97,2124870,10,10,10,0,0,0,0,0,0,1454079,3960831,8429567,1860881.11,20000
1782775373,0,2144870,0,2454.83,20014.74,774143,1033727,1428479,2584575,5562367,199552,29704191,1268108.89,1092239.14,2144870,10,10,10,0,0,0,0,0,0,1332223,2922495,5529599,1546786.82,20000
1782775374,0,2164870,0,2474.89,20000.40,776191,1036287,1431551,2588671,5562367,199552,29704191,1270215.78,1090640.88,2164870,10,10,10,0,0,0,0,0,0,1302527,2859007,4558847,1496165.80,20000
1782775375,0,2184870,0,2494.90,20000.55,778239,1039359,1435647,2600959,5582847,199552,29704191,1273945.33,1091154.05,2184870,10,10,10,0,0,0,0,0,0,1351679,3571711,6598655,1677644.47,20000
1782775376,0,2204870,0,2514.86,19988.99,780287,1042943,1439743,2607103,5570559,199552,29704191,1276943.21,1089285.98,2204870,10,10,10,0,0,0,0,0,0,1382399,2963455,5009407,1604443.10,20000
1782775377,0,2224870,0,2534.79,20003.84,781823,1045503,1442815,2619391,5595135,199552,29704191,1280424.33,1090697.74,2224870,10,10,10,0,0,0,0,0,0,1342463,3721215,6901759,1664195.17,20000
1782775378,0,2244870,0,2554.66,19996.19,783359,1047551,1446911,2623487,5615615,199552,29704191,1283656.36,1092985.46,2244870,10,10,10,0,0,0,0,0,0,1339391,3153919,8376319,1643198.11,20000
1782775379,0,2264870,0,2574.49,20001.94,784895,1050623,1449983,2629631,5631999,199552,29704191,1286874.03,1094796.71,2264870,10,10,10,0,0,0,0,0,0,1359871,3563519,7516159,1648036.66,20000
1782775380,0,2284870,0,2594.28,20001.31,786943,1053695,1453055,2633727,5623807,199552,29704191,1289373.34,1093023.75,2284870,10,10,10,0,0,0,0,0,0,1348607,3078143,5095423,1572403.95,20000
1782775381,0,2304870,0,2614.02,20005.68,788991,1056767,1459199,2664447,5836799,199552,52199423,1309100.22,1285618.88,2304870,10,10,10,0,0,0,0,0,0,1510399,12328959,41779199,3562768.52,20000
1782775382,0,2324870,0,2633.71,19997.56,791039,1059839,1464319,2686975,5902335,199552,52199423,1315248.43,1290290.56,2324870,10,10,10,0,0,0,0,0,0,1520639,5263359,9494527,2023789.59,20000
1782775383,0,2344870,0,2653.36,19992.09,793087,1062911,1468415,2703359,5980159,199552,52199423,1320899.50,1298912.95,2344870,10,10,10,0,0,0,0,0,0,1423359,5631999,11395071,1977799.69,20000
1782775384,0,2364870,0,2672.97,20012.12,795135,1067007,1473535,2711551,6033407,199552,52199423,1325705.28,1302341.97,2364870,10,10,10,0,0,0,0,0,0,1507327,4317183,9330687,1889151.54,20000
1782775385,0,2384870,0,2692.53,19991.43,797183,1070079,1479679,2721791,6078463,199552,52199423,1330196.88,1303351.06,2384870,10,10,10,0,0,0,0,0,0,1520639,3938303,8081407,1861299.17,20000
1782775386,0,2404870,0,2712.05,19998.11,799231,1074175,1485823,2740223,6111231,199552,52199423,1335835.95,1305946.56,2404870,10,10,10,0,0,0,0,0,0,1622015,4775935,8683519,2008258.85,20000
1782775387,0,2424870,0,2731.53,20003.69,801279,1077247,1489919,2756607,6164479,199552,52199423,1340082.94,1306544.38,2424870,10,10,10,0,0,0,0,0,0,1428479,4751359,7000063,1850755.26,20000
1782775388,0,2444870,0,2750.95,19991.33,803327,1080319,1496063,2772991,6213631,199552,52199423,1345509.22,1309239.33,2444870,10,10,10,0,0,0,0,0,0,1615871,4898815,9109503,2003410.59,20000
1782775389,0,2464870,0,2770.34,19997.89,805375,1083391,1500159,2785279,6291455,199552,52199423,1350999.40,1320421.52,2464870,10,10,10,0,0,0,0,0,0,1382399,6025215,14368767,2022137.84,20000
1782775390,0,2484870,0,2789.69,20017.79,806911,1086463,1504255,2799615,6316031,199552,52199423,1355231.39,1320976.39,2484870,10,10,10,0,0,0,0,0,0,1513471,4571135,6868991,1876796.56,20000
1782775391,0,2504870,0,2808.99,19991.01,808959,1089535,1509375,2811903,6365183,199552,52199423,1360096.75,1325225.95,2504870,10,10,10,0,0,0,0,0,0,1538047,5066751,10772479,1964586.59,20000
1782775392,0,2524870,0,2828.24,20005.33,811007,1092607,1515519,2828287,6406143,199552,52199423,1366318.13,1334537.03,2524870,10,10,10,0,0,0,0,0,0,1588223,5795839,10698751,2145505.68,20000
1782775393,0,2544870,0,2847.45,19989.28,812543,1095679,1519615,2838527,6459391,199552,52199423,1371588.80,1342726.09,2544870,10,10,10,0,0,0,0,0,0,1488895,5730303,12771327,2036976.51,20000
1782775394,0,2564870,0,2866.63,20012.40,814591,1097727,1523711,2852863,6488063,199552,52199423,1375797.59,1344150.48,2564870,10,10,10,0,0,0,0,0,0,1490943,5230591,8134655,1911339.00,20000
1782775395,0,2584870,0,2885.75,19982.37,815615,1100799,1527807,2867199,6492159,199552,52199423,1379472.96,1344309.39,2584870,10,10,10,0,0,0,0,0,0,1465343,4505599,7774207,1850814.61,20000
1782775396,0,2604787,0,2904.75,19922.51,817663,1102847,1531903,2891775,6520831,199552,52199423,1385325.61,1348966.81,2604787,10,10,10,0,0,0,0,0,0,1505279,5971967,8089599,2144894.77,19917
1782775397,0,2624870,0,2923.88,20081.90,819199,1105919,1537023,2906111,6537215,199552,52199423,1389857.56,1352152.46,2624870,10,10,10,0,0,0,0,0,0,1495039,5791743,9502719,1977656.79,20083
1782775398,0,2644870,0,2942.88,19997.59,820735,1108991,1541119,2912255,6541311,199552,52199423,1393014.77,1351846.97,2644870,10,10,10,0,0,0,0,0,0,1549311,3502079,9248767,1807378.64,20000
1782775399,0,2664870,0,2961.84,20001.60,822271,1111039,1545215,2916351,6537215,199552,52199423,1395527.67,1350045.15,2664870,10,10,10,0,0,0,0,0,0,1514495,3614719,6320127,1727842.50,20000
1782775400,0,2671020,0,2965.38,6154.95,822783,1112063,1547263,2916351,6541311,199552,52199423,1396440.22,1349735.82,2671020,10,10,10,0,0,0,0,0,0,1593343,3172351,8814591,1791856.84,6150
1782775401,0,2672020,0,2963.20,999.31,822783,1112063,1547263,2916351,6541311,199552,52199423,1396390.72,1349708.95,2672020,10,10,10,0,0,0,0,0,0,996351,2709503,6705151,1264190.02,1000
1782775402,0,2673020,0,2961.03,1000.66,822783,1112063,1547263,2916351,6541311,199552,52199423,1396345.90,1349531.43,2673020,10,10,10,0,0,0,0,0,0,1101823,2603007,4440063,1276564.22,1000
1782775403,0,2674020,0,2958.86,999.81,822783,1112063,1547263,2916351,6537215,199552,52199423,1396272.19,1349324.90,2674020,10,10,10,0,0,0,0,0,0,1129471,2069503,3176447,1199256.32,1000
1782775404,0,2675020,0,2956.69,1000.24,822783,1112063,1547263,2916351,6537215,199552,52199423,1396220.74,1349277.67,2675020,10,10,10,0,0,0,0,0,0,1018879,2455551,4026367,1258641.79,1000
1782775405,0,2676020,0,2954.53,999.78,822783,1112063,1547263,2916351,6537215,199552,52199423,1396158.15,1349081.11,2676020,10,10,10,0,0,0,0,0,0,1103871,2256895,3760127,1228733.31,1000
1782775406,0,2677020,0,2952.37,999.47,822783,1112063,1547263,2916351,6537215,199552,52199423,1396087.56,1348940.67,2677020,10,10,10,0,0,0,0,0,0,1025535,2369535,5660671,1207181.89,1000
1782775407,0,2678020,0,2950.22,1000.05,822783,1112063,1546239,2916351,6537215,199552,52199423,1395962.41,1348763.24,2678020,10,10,10,0,0,0,0,0,0,915455,2101247,3143679,1060917.82,1000
1782775408,0,2679020,0,2948.08,1000.27,822783,1112063,1546239,2916351,6537215,199552,52199423,1395878.51,1348598.04,2679020,10,10,10,0,0,0,0,0,0,1006591,2164735,5308415,1171209.92,1000
1782775409,0,2680020,0,2945.93,999.44,822783,1112063,1546239,2914303,6537215,199552,52199423,1395792.12,1348403.11,2680020,10,10,10,0,0,0,0,0,0,1037311,2187263,3180543,1164359.36,1000
1782775410,0,2681020,0,2943.80,1000.19,822783,1112063,1546239,2914303,6537215,199552,52199423,1395703.82,1348267.90,2681020,10,10,10,0,0,0,0,0,0,948735,2320383,5595135,1159033.79,1000
1782775411,0,2682020,0,2941.67,1000.57,822783,1111039,1546239,2914303,6533119,199552,52199423,1395582.42,1348077.06,2682020,10,10,10,0,0,0,0,0,0,931327,2164735,3463167,1070127.62,1000
1782775412,0,2683020,0,2939.54,1000.15,822271,1111039,1546239,2914303,6533119,199552,52199423,1395440.99,1347885.82,2683020,10,10,10,0,0,0,0,0,0,898047,2070527,3110911,1016110.53,1000
1782775413,0,2684020,0,2937.42,999.67,822271,1111039,1546239,2914303,6533119,199552,52199423,1395462.40,1348084.44,2684020,10,10,10,0,0,0,0,0,0,1120255,2682879,10297343,1452920.51,1000
1782775414,0,2685020,0,2935.30,999.43,822271,1111039,1546239,2914303,6533119,199552,52199423,1395367.16,1347901.21,2685020,10,10,10,0,0,0,0,0,0,1021951,2103295,3760127,1139723.33,1000
1782775415,0,2686020,0,2933.18,999.99,822271,1111039,1546239,2914303,6533119,199552,52199423,1395257.75,1347733.47,2686020,10,10,10,0,0,0,0,0,0,969215,1969151,2729983,1101500.10,1000
1782775416,0,2687020,0,2931.08,1000.09,822271,1111039,1546239,2914303,6533119,199552,52199423,1395157.30,1347554.30,2687020,10,10,10,0,0,0,0,0,0,999935,1971199,3506175,1125343.10,1000
1782775417,0,2688020,0,2928.97,1000.28,822271,1111039,1546239,2912255,6533119,199552,52199423,1395099.84,1347369.28,2688020,10,10,10,0,0,0,0,0,0,1087487,2609151,3928063,1240701.31,1000
1782775418,0,2689020,0,2926.87,1000.56,822271,1111039,1546239,2912255,6533119,199552,52199423,1394995.74,1347172.62,2689020,10,10,10,0,0,0,0,0,0,1006591,2166783,2881535,1115170.30,1000
1782775419,0,2690020,0,2924.78,999.74,822271,1111039,1546239,2912255,6529023,199552,52199423,1394857.37,1347001.82,2690020,10,10,10,0,0,0,0,0,0,846335,1996799,3274751,1022776.64,1000
1782775420,0,2691020,0,2922.69,1000.16,822271,1111039,1546239,2912255,6529023,199552,52199423,1394770.36,1346884.73,2691020,10,10,10,0,0,0,0,0,0,935935,2322431,4403199,1160713.41,1000
1782775421,0,2692020,0,2920.60,999.85,822271,1111039,1545215,2912255,6529023,199552,52199423,1394662.25,1346672.12,2692020,10,10,10,0,0,0,0,0,0,1047039,1811455,2785279,1103752.96,1000
1782775422,0,2693020,0,2918.52,999.87,822271,1111039,1545215,2912255,6529023,199552,52199423,1394597.19,1346524.07,2693020,10,10,10,0,0,0,0,0,0,1080319,2232319,4329471,1219442.43,1000
1782775423,0,2694020,0,2916.44,1000.09,822271,1111039,1545215,2912255,6529023,199552,52199423,1394478.21,1346321.08,2694020,10,10,10,0,0,0,0,0,0,973823,1966079,2535423,1074065.54,1000
1782775424,0,2695020,0,2914.37,999.36,822271,1111039,1545215,2910207,6529023,199552,52199423,1394371.59,1346222.87,2695020,10,10,10,0,0,0,0,0,0,894463,2032639,4837375,1107118.53,1000
1782775425,0,2696020,0,2912.30,1000.74,822271,1111039,1545215,2910207,6529023,199552,52199423,1394291.20,1346037.70,2696020,10,10,10,0,0,0,0,0,0,1021951,2211839,3534847,1177653.06,1000
1782775426,0,2697020,0,2910.24,999.90,822271,1111039,1545215,2910207,6529023,199552,52199423,1394180.21,1345838.36,2697020,10,10,10,0,0,0,0,0,0,992767,2006015,3082239,1094948.35,1000
1782775427,0,2698020,0,2908.18,1000.30,822271,1111039,1545215,2910207,6529023,199552,52199423,1394080.66,1345662.40,2698020,10,10,10,0,0,0,0,0,0,1032191,1910783,3606527,1125600.77,1000
1782775428,0,2699020,0,2906.13,999.92,821759,1111039,1545215,2910207,6524927,199552,52199423,1393995.29,1345462.65,2699020,10,10,10,0,0,0,0,0,0,1041919,2220031,2926591,1163660.67,1000
1782775429,0,2700020,0,2904.08,999.99,821759,1111039,1545215,2910207,6524927,199552,52199423,1393893.03,1345268.63,2700020,10,10,10,0,0,0,0,0,0,991231,2215935,3276799,1117882.62,1000
1782775430,0,2701020,0,2902.03,999.94,821759,1111039,1545215,2910207,6524927,199552,52199423,1393781.79,1345064.61,2701020,10,10,10,0,0,0,0,0,0,1007103,1963007,2779135,1093448.45,1000
1782775431,0,2702020,0,2899.99,999.89,821759,1110015,1545215,2908159,6524927,199552,52199423,1393671.62,1344952.60,2702020,10,10,10,0,0,0,0,0,0,872959,2150399,4763647,1096086.27,1000
1782775432,0,2703020,0,2897.95,1000.27,821759,1110015,1544191,2908159,6524927,199552,52199423,1393511.81,1344748.81,2703020,10,10,10,0,0,0,0,0,0,904191,1575935,2168831,961705.28,1000
1782775433,0,2704020,0,2895.92,999.56,821759,1110015,1544191,2908159,6524927,199552,52199423,1393391.18,1344540.97,2704020,10,10,10,0,0,0,0,0,0,987135,1739775,2789375,1067331.33,1000
1782775434,0,2705020,0,2893.89,999.85,821759,1110015,1544191,2908159,6524927,199552,52199423,1393353.20,1344497.74,2705020,10,10,10,0,0,0,0,0,0,1103871,2260991,6074367,1290633.86,1000
1782775435,0,2706020,0,2891.87,1000.55,821759,1110015,1544191,2908159,6520831,199552,52199423,1393253.73,1344310.29,2706020,10,10,10,0,0,0,0,0,0,1051647,2138111,3385343,1124211.07,1000
1782775436,0,2707020,0,2889.85,999.42,821759,1110015,1544191,2908159,6520831,199552,52199423,1393178.70,1344186.08,2707020,10,10,10,0,0,0,0,0,0,986623,2299903,4546559,1190145.28,1000
1782775437,0,2708020,0,2887.83,999.88,821759,1110015,1544191,2908159,6520831,199552,52199423,1393060.33,1344026.34,2708020,10,10,10,0,0,0,0,0,0,973311,1848319,3203071,1072612.54,1000
1782775438,0,2709020,0,2885.82,1000.47,821759,1110015,1544191,2908159,6520831,199552,52199423,1392949.35,1343877.26,2709020,10,10,10,0,0,0,0,0,0,930303,2068479,5214207,1092428.54,1000
1782775439,0,2710020,0,2883.81,1000.27,821759,1110015,1544191,2906111,6520831,199552,52199423,1392811.61,1343688.45,2710020,10,10,10,0,0,0,0,0,0,895487,2117631,3196927,1019675.01,1000
1782775440,0,2711020,0,2881.81,999.16,821759,1110015,1543167,2906111,6520831,199552,52199423,1392714.52,1343508.71,2711020,10,10,10,0,0,0,0,0,0,994815,2289663,3805183,1129587.46,1000
1782775441,0,2712020,0,2879.81,1000.37,821247,1110015,1543167,2906111,6520831,199552,52199423,1392639.93,1343491.38,2712020,10,10,10,0,0,0,0,0,0,953343,2222079,5906431,1190430.34,1000
1782775442,0,2713020,0,2877.82,999.89,821247,1110015,1543167,2906111,6520831,199552,52199423,1392534.24,1343313.90,2713020,10,10,10,0,0,0,0,0,0,957439,2234367,3778559,1105888.70,1000
1782775443,0,2714020,0,2875.83,1000.25,821247,1110015,1543167,2906111,6520831,199552,52199423,1392454.06,1343182.52,2714020,10,10,10,0,0,0,0,0,0,1008639,1934335,6176767,1174933.12,1000
1782775444,0,2715020,0,2873.84,1000.35,821247,1110015,1543167,2906111,6520831,199552,52199423,1392347.88,1342977.09,2715020,10,10,10,0,0,0,0,0,0,1018879,1985535,2684927,1104169.98,1000
1782775445,0,2716020,0,2871.86,999.86,821247,1110015,1543167,2906111,6516735,199552,52199423,1392260.14,1342798.83,2716020,10,10,10,0,0,0,0,0,0,1047039,2109439,3962879,1154039.42,1000
1782775446,0,2717020,0,2869.89,999.96,821247,1110015,1543167,2906111,6516735,199552,52199423,1392133.93,1342603.07,2717020,10,10,10,0,0,0,0,0,0,939519,1893375,2840575,1049359.87,1000
1782775447,0,2718020,0,2867.91,1000.00,821247,1110015,1543167,2906111,6516735,199552,52199423,1392050.94,1342421.08,2718020,10,10,10,0,0,0,0,0,0,1031679,2426879,3667967,1166553.73,1000
1782775448,0,2719020,0,2865.94,999.24,821247,1110015,1543167,2904063,6516735,199552,52199423,1391929.07,1342214.40,2719020,10,10,10,0,0,0,0,0,0,1042431,1707007,2357247,1060679.30,1000
1782775449,0,2720020,0,2863.98,1000.05,821247,1108991,1543167,2904063,6516735,199552,52199423,1391843.82,1342053.46,2720020,10,10,10,0,0,0,0,0,0,1013247,1978367,5382143,1160051.46,1000
1782775450,0,2721020,0,2862.02,1000.23,821247,1108991,1543167,2904063,6516735,199552,52199423,1391790.39,1342032.49,2721020,10,10,10,0,0,0,0,0,0,1003007,2134015,9838591,1246449.66,1000
1782775451,0,2722020,0,2860.06,1000.34,821247,1108991,1542143,2904063,6516735,199552,52199423,1391673.15,1341841.31,2722020,10,10,10,0,0,0,0,0,0,1003007,1860607,3627007,1072676.80,1000
1782775452,0,2723020,0,2858.11,1000.25,821247,1108991,1542143,2904063,6516735,199552,52199423,1391596.21,1341970.43,2723020,10,10,10,0,0,0,0,0,0,873983,2205695,8073215,1182166.08,1000
1782775453,0,2724020,0,2856.16,999.72,821247,1108991,1542143,2904063,6512639,199552,52199423,1391446.52,1341765.35,2724020,10,10,10,0,0,0,0,0,0,956415,1601535,2054143,983820.67,1000
1782775454,0,2725020,0,2854.22,1000.15,821247,1108991,1542143,2904063,6512639,199552,52199423,1391376.44,1341610.53,2725020,10,10,10,0,0,0,0,0,0,1018367,2684927,4907007,1200495.62,1000
1782775455,0,2726020,0,2852.28,999.35,821247,1108991,1542143,2904063,6512639,199552,52199423,1391289.30,1341420.02,2726020,10,10,10,0,0,0,0,0,0,1069055,2156543,3545087,1153820.86,1000
1782775456,0,2727020,0,2850.34,1000.82,821247,1108991,1542143,2902015,6512639,199552,52199423,1391162.83,1341219.20,2727020,10,10,10,0,0,0,0,0,0,985087,1878015,2332671,1046393.09,1000
1782775457,0,2728020,0,2848.41,999.81,821247,1108991,1542143,2902015,6512639,199552,52199423,1391109.50,1341053.44,2728020,10,10,10,0,0,0,0,0,0,1069055,2494463,4476927,1245686.91,1000
1782775458,0,2729020,0,2846.48,999.48,821247,1108991,1542143,2902015,6512639,199552,52199423,1390988.86,1340869.64,2729020,10,10,10,0,0,0,0,0,0,959487,1968127,3485695,1061890.62,1000
1782775459,0,2730020,0,2844.56,1000.40,820735,1108991,1542143,2902015,6512639,199552,52199423,1390884.60,1340729.59,2730020,10,10,10,0,0,0,0,0,0,915455,2338815,4366335,1106351.62,1000
1782775460,0,2759510,0,2872.29,29491.47,823807,1115135,1554431,2947071,6561791,199552,52199423,1401568.63,1345608.29,2759510,10,10,10,0,0,0,0,0,0,2032639,5488639,7720959,2390637.00,29490
1782775461,0,2799510,0,2910.89,39982.02,826879,1122303,1569791,2985983,6615039,199552,52199423,1413841.57,1355807.29,2799510,10,10,10,0,0,0,0,0,0,1870847,5107711,11468799,2260523.52,40000
1782775462,0,2839510,0,2949.42,40013.50,829951,1128447,1583103,3024895,6713343,199552,52199423,1426871.37,1380860.46,2839510,10,10,10,0,0,0,0,0,0,1697791,5443583,14286847,2338797.81,40000
1782775463,0,2879510,0,2987.86,39990.27,833535,1136639,1597439,3069951,6795263,199552,52199423,1438761.48,1388193.41,2879510,10,10,10,0,0,0,0,0,0,1845247,5275647,9822207,2282814.11,40000
1782775464,0,2919510,0,3026.23,40022.48,837119,1143807,1612799,3102719,6877183,199552,52199423,1450153.50,1397114.49,2919510,10,10,10,0,0,0,0,0,0,1855487,5427199,9789439,2270239.09,40000
1782775465,0,2959510,0,3064.52,39999.85,840191,1150975,1627135,3137535,7118847,199552,52199423,1464718.37,1429705.91,2959510,10,10,10,0,0,0,0,0,0,1829887,7995391,19267583,2527775.55,40000
1782775466,0,2999510,0,3102.72,39975.13,843263,1157119,1639423,3172351,7241727,199552,52199423,1476831.63,1448674.92,2999510,10,10,10,0,0,0,0,0,0,1765375,6152191,14417919,2373064.34,40000
1782775467,0,3039510,0,3140.85,40023.75,846335,1164287,1651711,3219455,7479295,199552,52199423,1492928.50,1489506.54,3039510,10,10,10,0,0,0,0,0,0,1782783,8253439,20611071,2699996.87,40000
1782775468,0,3079510,0,3178.90,40001.15,849919,1171455,1663999,3262463,7503871,199552,52199423,1502665.46,1491151.29,3079510,10,10,10,0,0,0,0,0,0,1823743,5210111,7671807,2242554.60,40000
1782775469,0,3119497,0,3216.86,39972.82,852991,1178623,1678335,3307519,7639039,199552,52199423,1513900.08,1498946.38,3119497,10,10,10,0,0,0,0,0,0,1855487,5287935,10248191,2379110.06,39987
1782775470,0,3159510,0,3254.76,40011.45,856063,1185791,1690623,3350527,7725055,199552,52199423,1524621.34,1506155.95,3159510,10,10,10,0,0,0,0,0,0,1847295,5697535,10125311,2360473.07,40013
1782775471,0,3199510,0,3292.57,39997.35,859135,1191935,1703935,3387391,7815167,199552,52199423,1533902.12,1510003.98,3199510,10,10,10,0,0,0,0,0,0,1832959,5185535,9699327,2266970.08,40000
1782775472,0,3239510,0,3330.31,40007.41,862207,1198079,1714175,3405823,7794687,199552,52199423,1540355.29,1512103.85,3239510,10,10,10,0,0,0,0,0,0,1752063,4292607,6643711,2056529.29,40000
1782775473,0,3279110,0,3367.56,39577.49,864767,1205247,1725439,3432447,7856127,199552,52199423,1548802.70,1516737.28,3279110,10,10,10,0,0,0,0,0,0,1760255,5251071,10485759,2239849.91,39600
1782775474,0,3319510,0,3405.55,40398.62,867839,1212415,1736703,3452927,7958527,199552,52199423,1557909.76,1525988.31,3319510,10,10,10,0,0,0,0,0,0,1826815,4866047,13500415,2297094.64,40400
1782775475,0,3359510,0,3443.06,40024.53,870911,1218559,1748991,3489791,8065023,199552,52199423,1571303.44,1566039.48,3359510,10,10,10,0,0,0,0,0,0,1849343,6299647,17825791,2682814.45,40000
1782775476,0,3399510,0,3480.48,39982.34,873983,1225727,1760255,3532799,8232959,199552,52199423,1583750.96,1585493.89,3399510,10,10,10,0,0,0,0,0,0,1830911,7094271,14696447,2629190.70,40000
1782775477,0,3439510,0,3517.83,40007.69,876543,1230847,1770495,3557375,8355839,199552,52199423,1594178.83,1605975.54,3439510,10,10,10,0,0,0,0,0,0,1782783,7970815,14983167,2480420.02,40000
1782775478,0,3479510,0,3555.11,39996.01,879615,1236991,1780735,3598335,8445951,199552,52199423,1604096.24,1614004.33,3479510,10,10,10,0,0,0,0,0,0,1863679,6754303,11452415,2456872.03,40000
1782775479,0,3519510,0,3592.31,40019.30,882175,1242111,1788927,3618815,8503295,199552,52199423,1611134.77,1618465.65,3519510,10,10,10,0,0,0,0,0,0,1750015,5869567,10715135,2223400.28,40000
1782775480,0,3559510,0,3629.43,40000.97,884735,1248255,1799167,3651583,8708095,199552,52199423,1622985.80,1644274.43,3559510,10,10,10,0,0,0,0,0,0,1811455,9142271,17711103,2665731.50,40000
1782775481,0,3599510,0,3666.48,39982.02,887807,1254399,1808383,3672063,8732671,199552,52199423,1630911.19,1655063.73,3599510,10,10,10,0,0,0,0,0,0,1807359,5857279,15810559,2336173.57,40000
1782775482,0,3639510,0,3703.45,40009.67,890367,1260543,1817599,3706879,8871935,199552,52199423,1641279.01,1671130.05,3639510,10,10,10,0,0,0,0,0,0,1845247,7946239,16228351,2574255.96,40000
1782775483,0,3679510,0,3740.35,40009.51,892927,1266687,1826815,3743743,8896511,199552,52199423,1649347.71,1675790.08,3679510,10,10,10,0,0,0,0,0,0,1832959,5885951,9666559,2383500.64,40000
1782775484,0,3719510,0,3777.17,39969.36,895999,1272831,1836031,3764223,8937471,199552,52199423,1656556.35,1679949.30,3719510,10,10,10,0,0,0,0,0,0,1849343,5681151,10379263,2319662.72,40000
1782775485,0,3759110,0,3813.51,39609.88,898559,1277951,1844223,3815423,9019391,199552,52199423,1667246.85,1698626.91,3759110,10,10,10,0,0,0,0,0,0,1832959,7647231,16793599,2671373.16,39600
1782775486,0,3799510,0,3850.59,40389.99,901119,1283071,1851391,3837951,9076735,199552,52199423,1675517.48,1714931.30,3799510,10,10,10,0,0,0,0,0,0,1799167,5341183,20479999,2445077.69,40400
1782775487,0,3839510,0,3887.19,40004.39,903679,1289215,1857535,3835903,9101311,199552,52199423,1679996.58,1717754.61,3839510,10,10,10,0,0,0,0,0,0,1763327,3629055,10403839,2105456.18,40000
1782775488,0,3879510,0,3923.71,39995.29,906239,1294335,1864703,3858431,9183231,199552,52199423,1687135.45,1726913.39,3879510,10,10,10,0,0,0,0,0,0,1772543,6475775,15147007,2372379.65,40000
1782775489,0,3919510,0,3960.16,40016.25,908287,1298431,1870847,3880959,9224191,199552,52199423,1693013.24,1729824.48,3919510,10,10,10,0,0,0,0,0,0,1723391,7430143,9936895,2263086.76,40000
1782775490,0,3959510,0,3996.54,40006.41,910847,1304575,1876991,3911679,9355263,199552,52199423,1704081.82,1770845.34,3959510,10,10,10,0,0,0,0,0,0,1799167,8249343,24641535,2788666.47,40000
1782775491,0,3999510,0,4032.84,39993.84,912895,1308671,1884159,3934207,9404415,199552,52199423,1710959.22,1782906.64,3999510,10,10,10,0,0,0,0,0,0,1748991,6180863,15917055,2391737.57,40000
1782775492,0,4039510,0,4069.07,39999.91,915455,1313791,1890303,3966975,9461759,199552,52199423,1718416.96,1792642.82,4039510,10,10,10,0,0,0,0,0,0,1759231,6332415,15376383,2464099.66,40000
1782775493,0,4079510,0,4105.23,39987.71,918015,1317887,1897471,3987455,9469951,199552,52199423,1723453.65,1792086.90,4079510,10,10,10,0,0,0,0,0,0,1807359,5226495,10280959,2232098.51,40000
1782775494,0,4119510,0,4141.31,40016.06,920575,1323007,1902591,3997695,9469951,199552,52199423,1727810.89,1792048.82,4119510,10,10,10,0,0,0,0,0,0,1741823,5050367,9412607,2172196.01,40000
1782775495,0,4159510,0,4177.33,39984.65,923135,1328127,1909759,4018175,9469951,199552,52199423,1733358.45,1790888.51,4159510,10,10,10,0,0,0,0,0,0,1855487,5382143,9281535,2304689.01,40000
1782775496,0,4199510,0,4213.27,40031.93,925695,1333247,1915903,4036607,9551871,199552,52199423,1739587.52,1799118.75,4199510,10,10,10,0,0,0,0,0,0,1794047,5337087,13205503,2387334.38,40000
1782775497,0,4239110,0,4248.73,39566.77,928255,1337343,1923071,4048895,9568255,199552,52199423,1745738.54,1804655.93,4239110,10,10,10,0,0,0,0,0,0,1890303,5820415,18399231,2398042.74,39600
1782775498,0,4279510,0,4284.93,40401.08,930815,1342463,1930239,4075519,9707519,199552,52199423,1754528.42,1825580.25,4279510,10,10,10,0,0,0,0,0,0,1844223,7815167,16736255,2676837.55,40400
1782775499,0,4319510,0,4320.65,39996.62,932863,1347583,1936383,4104191,9674751,199552,52199423,1759412.27,1824325.56,4319510,10,10,10,0,0,0,0,0,0,1815551,6156287,8544255,2281924.72,40000
1782775500,0,4359510,0,4356.31,40009.81,935935,1351679,1943551,4153343,9748479,199552,52199423,1768117.69,1835559.62,4359510,10,10,10,0,0,0,0,0,0,1898495,7925759,15196159,2708195.97,40000
1782775501,0,4399510,0,4391.89,39989.51,937983,1355775,1949695,4198399,9838591,199552,52199423,1777148.84,1859629.20,4399510,10,10,10,0,0,0,0,0,0,1856511,7577599,18186239,2761433.87,40000
1782775502,0,4439510,0,4427.40,40005.08,940031,1359871,1955839,4235263,9871359,199552,52199423,1783482.77,1866456.23,4439510,10,10,10,0,0,0,0,0,0,1771519,6389759,14901247,2480136.97,40000
1782775503,0,4479510,0,4462.84,39995.40,942591,1364991,1961983,4263935,9945087,199552,52199423,1789721.71,1870808.17,4479510,10,10,10,0,0,0,0,0,0,1820671,6758399,13017087,2482167.69,40000
1782775504,0,4519510,0,4498.21,39999.38,944639,1368063,1966079,4276223,10018815,199552,52199423,1794521.74,1875106.81,4519510,10,10,10,0,0,0,0,0,0,1718271,5591039,13762559,2332066.95,40000
1782775505,0,4559510,0,4533.51,40019.54,947199,1373183,1972223,4300799,10027007,199552,52199423,1800118.89,1875999.10,4559510,10,10,10,0,0,0,0,0,0,1909759,5660671,10977279,2432527.71,40000
1782775506,0,4599510,0,4568.74,40011.94,949759,1377279,1980415,4378623,10215423,199552,52199423,1816020.72,1921025.45,4599510,10,10,10,0,0,0,0,0,0,2013183,12296191,21839871,3628634.43,40000
1782775507,0,4639510,0,4603.90,39975.74,951807,1381375,1986559,4395007,10239999,199552,52199423,1820401.28,1919657.84,4639510,10,10,10,0,0,0,0,0,0,1832959,5156863,10534911,2324112.42,40000
1782775508,0,4678321,0,4637.81,38825.68,954367,1385471,1990655,4423679,10272767,199552,52199423,1825430.78,1922584.15,4678321,10,10,10,0,0,0,0,0,0,1804287,5693439,14344191,2426662.84,38811
1782775509,0,4719510,0,4674.01,41173.01,956927,1391615,1998847,4476927,10395647,199552,52199423,1840806.58,1983409.34,4719510,10,10,10,0,0,0,0,0,0,2062335,9535487,30113791,3587217.12,41189
1782775510,0,4759510,0,4708.96,40002.58,959487,1395711,2003967,4509695,10510335,199552,52199423,1848682.33,2004951.01,4759510,10,10,10,0,0,0,0,0,0,1828863,7704575,22659071,2777924.66,40000
1782775511,0,4799510,0,4743.84,39992.23,962047,1399807,2012159,4558847,10567679,199552,52199423,1857272.46,2013971.03,4799510,10,10,10,0,0,0,0,0,0,1986559,8585215,17203199,2879392.39,40000
1782775512,0,4839412,0,4778.56,39939.46,964095,1403903,2018303,4612095,10649599,199552,52199423,1865061.39,2018871.69,4839412,10,10,10,0,0,0,0,0,0,1951743,7766015,12615679,2801933.22,39902
1782775513,0,4879510,0,4813.40,40087.22,966655,1409023,2024447,4636671,10608639,199552,52199423,1869856.30,2016709.08,4879510,10,10,10,0,0,0,0,0,0,1904639,6078463,7983103,2448552.03,40098
1782775514,0,4919391,0,4847.96,39890.05,969215,1413119,2031615,4681727,10723327,199552,52199423,1879397.31,2032953.34,4919391,10,10,10,0,0,0,0,0,0,1986559,9347071,20365311,3046756.74,39881
1782775515,0,4959510,0,4882.68,40116.57,971775,1417215,2037759,4702207,10756095,199552,52199423,1884701.06,2035316.94,4959510,10,10,10,0,0,0,0,0,0,1888255,6336511,14049279,2535046.79,40119
1782775516,0,4999510,0,4917.22,39996.43,974335,1421311,2043903,4714495,10764287,199552,52199423,1890138.39,2040182.55,4999510,10,10,10,0,0,0,0,0,0,1933311,6742015,11223039,2564300.82,40000
1782775517,0,5039510,0,4951.69,39969.84,976383,1425407,2047999,4722687,10739711,199552,52199423,1893152.96,2036901.25,5039510,10,10,10,0,0,0,0,0,0,1845247,5525503,8806399,2269937.35,40000
1782775518,0,5079510,0,4986.10,40022.08,978943,1430527,2056191,4780031,10797055,199552,52199423,1903262.86,2047968.65,5079510,10,10,10,0,0,0,0,0,0,2131967,9011199,16531455,3176986.27,40000
1782775519,0,5119510,0,5020.43,39992.98,981503,1434623,2061311,4796415,10878975,199552,52199423,1909646.96,2058723.35,5119510,10,10,10,0,0,0,0,0,0,1886207,6402047,16318463,2720348.93,40000
1782775520,0,5131410,0,5027.17,11905.45,981503,1434623,2061311,4804607,10870783,199552,52199423,1909872.85,2057363.25,5131410,10,10,10,0,0,0,0,0,0,1684479,5578751,6529023,2007052.71,11900
1782775521,0,5133410,0,5024.21,2000.22,981503,1434623,2061311,4804607,10870783,199552,52199423,1909496.79,2057084.33,5133410,10,10,10,0,0,0,0,0,0,804351,1963007,3311615,944635.20,2000
1782775522,0,5135410,0,5021.25,1998.03,980991,1434623,2061311,4800511,10870783,199552,52199423,1909158.25,2056787.20,5135410,10,10,10,0,0,0,0,0,0,883199,2164735,3119103,1040229.18,2000
1782775523,0,5137410,0,5018.30,2001.82,980991,1433599,2060287,4800511,10870783,199552,52199423,1908818.91,2056485.24,5137410,10,10,10,0,0,0,0,0,0,927231,1987583,2893823,1037515.46,2000
1782775524,0,5139410,0,5015.35,1998.24,980991,1433599,2060287,4800511,10870783,199552,52199423,1908529.49,2056268.25,5139410,10,10,10,0,0,0,0,0,0,923647,2308095,5963775,1165075.30,2000
1782775525,0,5141410,0,5012.42,2001.85,980479,1433599,2060287,4796415,10862591,199552,52199423,1908178.05,2055961.95,5141410,10,10,10,0,0,0,0,0,0,922623,1774591,2772991,1005085.31,2000
1782775526,0,5143410,0,5009.48,1999.26,980479,1433599,2059263,4796415,10862591,199552,52199423,1907906.55,2055779.03,5143410,10,10,10,0,0,0,0,0,0,963071,2150399,7073791,1209972.10,2000
1782775527,0,5145410,0,5006.55,1999.79,979967,1432575,2059263,4796415,10862591,199552,52199423,1907533.61,2055490.86,5145410,10,10,10,0,0,0,0,0,0,847359,1756159,2490367,948437.31,2000
1782775528,0,5147410,0,5003.63,1999.59,979967,1432575,2059263,4796415,10862591,199552,52199423,1907190.98,2055274.48,5147410,10,10,10,0,0,0,0,0,0,816127,2022399,4378623,1025707.71,2000
1782775529,0,5149410,0,5000.72,2001.29,979455,1432575,2059263,4792319,10862591,199552,52199423,1906808.84,2054982.47,5149410,10,10,10,0,0,0,0,0,0,831487,1746943,2138111,923280.38,2000
1782775530,0,5151410,0,4997.80,1999.56,979455,1431551,2058239,4792319,10862591,199552,52199423,1906434.80,2054696.34,5151410,10,10,10,0,0,0,0,0,0,834047,1945599,2625535,943405.76,2000
1782775531,0,5153410,0,4994.90,2000.33,978943,1431551,2058239,4792319,10854399,199552,52199423,1906103.81,2054418.81,5153410,10,10,10,0,0,0,0,0,0,837631,2148351,5292031,1053572.35,2000
1782775532,0,5155410,0,4992.00,1998.40,978943,1431551,2058239,4788223,10854399,199552,52199423,1905723.62,2054130.54,5155410,10,10,10,0,0,0,0,0,0,831999,1781759,2590719,926088.99,2000
1782775533,0,5157410,0,4989.10,2001.44,978431,1431551,2057215,4788223,10854399,199552,52199423,1905354.17,2053849.20,5157410,10,10,10,0,0,0,0,0,0,831999,1841151,3999743,953002.88,2000
1782775534,0,5159410,0,4986.22,2000.11,978431,1430527,2057215,4788223,10854399,199552,52199423,1904961.55,2053579.41,5159410,10,10,10,0,0,0,0,0,0,782335,1674239,3727359,892516.51,2000
1782775535,0,5161410,0,4983.33,1998.54,977919,1430527,2057215,4788223,10846207,199552,52199423,1904620.18,2053328.85,5161410,10,10,10,0,0,0,0,0,0,800255,2269183,5767167,1023990.69,2000
1782775536,0,5163410,0,4980.45,2000.42,977407,1430527,2056191,4784127,10846207,199552,52199423,1904229.25,2053046.23,5163410,10,10,10,0,0,0,0,0,0,800767,1733631,2758655,895345.73,2000
1782775537,0,5165410,0,4977.58,2001.11,977407,1429503,2056191,4784127,10846207,199552,52199423,1903874.22,2052775.65,5165410,10,10,10,0,0,0,0,0,0,819199,2063359,4603903,987298.24,2000
1782775538,0,5167410,0,4974.72,1999.87,976895,1429503,2056191,4784127,10846207,199552,52199423,1903501.99,2052520.50,5167410,10,10,10,0,0,0,0,0,0,787967,1946623,4947967,942150.24,2000
1782775539,0,5169410,0,4971.85,1999.43,976895,1429503,2056191,4784127,10846207,199552,52199423,1903093.96,2052246.76,5169410,10,10,10,0,0,0,0,0,0,758271,1561599,2932735,848850.43,2000
1782775540,0,5171410,0,4969.00,1999.52,976383,1429503,2055167,4780031,10846207,199552,52199423,1902809.80,2052117.55,5171410,10,10,10,0,0,0,0,0,0,841215,2646015,9371647,1168353.34,2000
1782775541,0,5173410,0,4966.15,2000.05,976383,1428479,2055167,4780031,10838015,199552,52199423,1902474.55,2051812.60,5173410,10,10,10,0,0,0,0,0,0,944639,1928191,2678783,1035608.64,2000
1782775542,0,5175410,0,4963.31,2000.85,975871,1428479,2055167,4780031,10838015,199552,52199423,1902209.63,2051599.12,5175410,10,10,10,0,0,0,0,0,0,964095,2109439,9854975,1216950.27,2000
1782775543,0,5177410,0,4960.47,2000.00,975871,1428479,2054143,4780031,10838015,199552,52199423,1901877.62,2051300.77,5177410,10,10,10,0,0,0,0,0,0,970239,1876991,2369535,1042719.87,2000
1782775544,0,5179410,0,4957.63,2000.46,975871,1428479,2054143,4775935,10838015,199552,52199423,1901531.50,2051015.66,5179410,10,10,10,0,0,0,0,0,0,882175,1899519,3446783,1005535.58,2000
1782775545,0,5181410,0,4954.80,1998.25,975359,1427455,2054143,4775935,10838015,199552,52199423,1901180.69,2050767.96,5181410,10,10,10,0,0,0,0,0,0,862719,1654783,4034559,992687.55,2000
1782775546,0,5183410,0,4951.98,2001.61,975359,1427455,2054143,4775935,10829823,199552,52199423,1900801.51,2050491.74,5183410,10,10,10,0,0,0,0,0,0,808447,1757183,3745791,918453.47,2000
1782775547,0,5185410,0,4949.16,1998.48,974847,1427455,2053119,4771839,10829823,199552,52199423,1900462.48,2050222.71,5185410,10,10,10,0,0,0,0,0,0,851967,2044927,4866047,1021788.99,2000
1782775548,0,5187410,0,4946.35,2001.08,974847,1427455,2053119,4771839,10829823,199552,52199423,1900134.92,2049925.27,5187410,10,10,10,0,0,0,0,0,0,934399,2015231,3391487,1050869.22,2000
1782775549,0,5189410,0,4943.55,2000.48,974335,1426431,2053119,4771839,10829823,199552,52199423,1899850.75,2049713.45,5189410,10,10,10,0,0,0,0,0,0,916479,2154495,8773631,1162814.14,2000
1782775550,0,5191410,0,4940.74,1998.62,974335,1426431,2052095,4767743,10821631,199552,52199423,1899511.65,2049416.65,5191410,10,10,10,0,0,0,0,0,0,899071,1994751,3000319,1019624.38,2000
1782775551,0,5193410,0,4937.94,1999.59,973823,1426431,2052095,4767743,10821631,199552,52199423,1899144.60,2049128.15,5193410,10,10,10,0,0,0,0,0,0,845311,1870847,2619391,946405.06,2000
1782775552,0,5195410,0,4935.15,2000.84,973823,1426431,2052095,4767743,10821631,199552,52199423,1898841.94,2048882.82,5195410,10,10,10,0,0,0,0,0,0,887807,2656255,6598655,1112912.45,2000
1782775553,0,5197410,0,4932.37,1999.58,973823,1425407,2052095,4767743,10821631,199552,52199423,1898532.46,2048594.30,5197410,10,10,10,0,0,0,0,0,0,971775,1922047,3622911,1094615.62,2000
1782775554,0,5199410,0,4929.59,1999.97,973311,1425407,2051071,4763647,10821631,199552,52199423,1898268.13,2048429.87,5199410,10,10,10,0,0,0,0,0,0,969215,2301951,5840895,1211331.26,2000
1782775555,0,5201410,0,4926.82,2000.74,973311,1425407,2051071,4763647,10813439,199552,52199423,1897927.08,2048128.08,5201410,10,10,10,0,0,0,0,0,0,944127,1826815,2748415,1011295.07,2000
1782775556,0,5203410,0,4924.05,2000.12,973311,1424383,2051071,4763647,10813439,199552,52199423,1897599.33,2047878.53,5203410,10,10,10,0,0,0,0,0,0,904703,1981439,5750783,1045240.90,2000
1782775557,0,5205410,0,4921.28,1999.06,972799,1424383,2050047,4763647,10813439,199552,52199423,1897258.86,2047601.69,5205410,10,10,10,0,0,0,0,0,0,899071,1819647,4190207,1011448.64,2000
1782775558,0,5207410,0,4918.52,2000.05,972799,1424383,2050047,4759551,10813439,199552,52199423,1896952.28,2047304.04,5207410,10,10,10,0,0,0,0,0,0,940543,2492415,3201023,1099020.80,2000
1782775559,0,5209410,0,4915.77,2000.05,972799,1424383,2050047,4759551,10813439,199552,52199423,1896632.63,2047040.55,5209410,10,10,10,0,0,0,0,0,0,902655,2025471,3788799,1064342.88,2000
1782775560,0,5211410,0,4913.02,2000.66,972287,1423359,2050047,4759551,10805247,199552,52199423,1896295.36,2046757.45,5211410,10,10,10,0,0,0,0,0,0,846335,2152447,3667967,1017824.74,2000
1782775561,0,5213410,0,4910.28,2000.43,972287,1423359,2049023,4759551,10805247,199552,52199423,1895931.66,2046501.49,5213410,10,10,10,0,0,0,0,0,0,811007,1978367,2873343,948212.83,2000
1782775562,0,5215410,0,4907.54,2000.08,971775,1423359,2049023,4755455,10805247,199552,52199423,1895535.86,2046224.59,5215410,10,10,10,0,0,0,0,0,0,800767,1565695,2527231,863807.58,2000
1782775563,0,5217410,0,4904.80,1998.89,971775,1423359,2049023,4755455,10805247,199552,52199423,1895216.23,2046002.82,5217410,10,10,10,0,0,0,0,0,0,830975,2013183,5984255,1061717.25,2000
1782775564,0,5219410,0,4902.08,2001.41,971263,1422335,2047999,4755455,10797055,199552,52199423,1894866.94,2045716.52,5219410,10,10,10,0,0,0,0,0,0,873471,1831935,3055615,983667.46,2000
1782775565,0,5221410,0,4899.35,1999.52,971263,1422335,2047999,4751359,10797055,199552,52199423,1894473.89,2045436.77,5221410,10,10,10,0,0,0,0,0,0,799231,1615871,2183167,868749.06,2000
1782775566,0,5223410,0,4896.63,1999.81,970751,1422335,2047999,4751359,10797055,199552,52199423,1894127.30,2045144.02,5223410,10,10,10,0,0,0,0,0,0,899583,1955839,2609151,989282.56,2000
1782775567,0,5225410,0,4893.92,2000.65,970751,1422335,2047999,4751359,10797055,199552,52199423,1893769.03,2044859.27,5225410,10,10,10,0,0,0,0,0,0,856063,1942527,2965503,958051.97,2000
1782775568,0,5227390,0,4891.20,1980.01,970239,1421311,2046975,4751359,10797055,199552,52199423,1893438.58,2044602.40,5227390,10,10,10,0,0,0,0,0,0,835583,2396159,5586943,1021363.26,1980
1782775569,0,5229410,0,4888.51,2018.40,970239,1421311,2046975,4751359,10788863,199552,52199423,1893090.02,2044374.29,5229410,10,10,10,0,0,0,0,0,0,793599,2027519,6467583,991066.30,2020
1782775570,0,5231410,0,4885.81,2001.22,969727,1421311,2046975,4747263,10788863,199552,52199423,1892691.82,2044100.28,5231410,10,10,10,0,0,0,0,0,0,771583,1667071,2365439,851537.02,2000
1782775571,0,5233410,0,4883.12,2000.16,969727,1420287,2045951,4747263,10788863,199552,52199423,1892334.04,2043824.25,5233410,10,10,10,0,0,0,0,0,0,825855,1816575,3977215,956475.84,2000
1782775572,0,5235410,0,4880.43,1998.52,969215,1420287,2045951,4747263,10788863,199552,52199423,1891990.52,2043528.45,5235410,10,10,10,0,0,0,0,0,0,913919,1862655,2478079,993112.58,2000
1782775573,0,5237410,0,4877.75,2001.39,969215,1420287,2045951,4747263,10788863,199552,52199423,1891681.63,2043331.58,5237410,10,10,10,0,0,0,0,0,0,864767,1930239,6279167,1083099.30,2000
1782775574,0,5239410,0,4875.07,1999.77,968703,1420287,2045951,4743167,10788863,199552,52199423,1891299.55,2043054.72,5239410,10,10,10,0,0,0,0,0,0,804863,1750015,2727935,890726.08,2000
1782775575,0,5241410,0,4872.40,2000.31,968703,1419263,2044927,4743167,10788863,199552,52199423,1890924.43,2042789.85,5241410,10,10,10,0,0,0,0,0,0,765951,2076671,3299327,908219.52,2000
1782775576,0,5243410,0,4869.73,1999.02,968191,1419263,2044927,4743167,10780671,199552,52199423,1890584.94,2042516.35,5243410,10,10,10,0,0,0,0,0,0,820223,2322431,3659775,1000888.26,2000
1782775577,0,5245410,0,4867.07,1999.83,967679,1419263,2044927,4739071,10780671,199552,52199423,1890203.30,2042247.74,5245410,10,10,10,0,0,0,0,0,0,776703,2002943,3106815,889660.29,2000
1782775578,0,5247410,0,4864.41,2001.12,967679,1419263,2044927,4739071,10780671,199552,52199423,1889819.78,2041973.74,5247410,10,10,10,0,0,0,0,0,0,792063,1784831,2836479,883948.86,2000
1782775579,0,5249410,0,4861.76,1999.67,967167,1418239,2043903,4739071,10780671,199552,52199423,1889424.40,2041701.51,5249410,10,10,10,0,0,0,0,0,0,773631,1699839,2553855,852078.88,2000
1782775580,0,5294170,0,4898.68,44766.16,970751,1425407,2062335,4825087,10895359,199552,52199423,1906398.64,2059813.43,5294170,10,10,10,0,0,0,0,0,0,2975743,10207231,17022975,3897121.24,44760
1782775581,0,5354350,0,4949.78,60142.88,975359,1436671,2086911,4952063,11288575,199552,52199423,1936313.40,2122250.30,5354350,10,10,10,0,0,0,0,0,0,2983935,14565375,26411007,4567981.57,60180
1782775582,0,5414350,0,5000.62,60004.33,979967,1446911,2109439,5029887,11673599,199552,52199423,1959594.35,2172283.77,5414350,10,10,10,0,0,0,0,0,0,2605055,13393919,23642111,4037167.71,60000
1782775583,0,5474050,0,5051.10,59743.86,984575,1457151,2134015,5115903,12140543,199552,52199423,1986601.67,2239821.53,5474050,10,10,10,0,0,0,0,0,0,2703359,16072703,26738687,4435966.04,59700
1782775584,0,5532669,0,5100.48,58597.11,988671,1466367,2156543,5189631,12533759,199552,52199423,2012228.67,2294913.92,5532669,10,10,10,0,0,0,0,0,0,2842623,13983743,31424511,4405369.32,58619
1782775585,0,5593150,0,5151.49,60487.07,993279,1476607,2179071,5292031,12591103,199552,52199423,2033169.09,2316329.43,5593150,10,10,10,0,0,0,0,0,0,2750463,10117119,16318463,3948752.13,60481
1782775586,0,5654252,0,5202.97,61114.96,997887,1486847,2201599,5365759,12910591,199552,52199423,2055200.94,2350419.98,5654252,10,10,10,0,0,0,0,0,0,2662399,13475839,23871487,4071951.22,61102
1782775587,0,5714350,0,5253.44,60080.81,1002495,1497087,2224127,5439487,13139967,199552,52199423,2074766.26,2371377.59,5714350,10,10,10,0,0,0,0,0,0,2729983,10616831,19365887,3915546.51,60098
1782775588,0,5774118,0,5303.51,59785.25,1007103,1507327,2242559,5529599,13254655,199552,52199423,2092065.36,2386366.96,5774118,10,10,10,0,0,0,0,0,0,2586623,9035775,22036479,3746012.44,59768
1782775589,0,5833750,0,5353.37,59627.07,1011711,1517567,2265087,5615615,13254655,199552,52199423,2109614.06,2395161.05,5833750,10,10,10,0,0,0,0,0,0,2799615,10141695,14188543,3808841.05,59632
1782775590,0,5894350,0,5404.02,60585.94,1016319,1527807,2285567,5722111,13631487,199552,52199423,2139788.68,2465511.45,5894350,10,10,10,0,0,0,0,0,0,2834431,18595839,28508159,5044593.63,60600
1782775591,0,5952550,0,5452.37,58169.08,1020927,1538047,2306047,5795839,14024703,199552,52199423,2166465.29,2543527.95,5952550,10,10,10,0,0,0,0,0,0,2768895,20234239,38862847,4868205.07,58200
1782775592,0,6013914,0,5503.55,61421.35,1026047,1548287,2324479,5881855,14180351,199552,52199423,2187523.06,2580989.53,6013914,10,10,10,0,0,0,0,0,0,2672639,12075007,28934143,4230209.91,61364
1782775593,0,6073940,0,5553.39,60000.66,1030655,1559551,2349055,5943295,14393343,199552,52199423,2211459.37,2626181.36,6073940,10,10,10,0,0,0,0,0,0,3037183,11780095,29425663,4609602.23,60026
1782775594,0,6134319,0,5603.48,60406.63,1035263,1569791,2373631,6012927,14630911,199552,52199423,2232843.61,2647992.18,6134319,10,10,10,0,0,0,0,0,0,3137535,14065663,20283391,4384031.82,60379
1782775595,0,6194069,0,5652.89,59735.62,1040383,1581055,2396159,6066175,14811135,199552,52199423,2251180.63,2664256.62,6194069,10,10,10,0,0,0,0,0,0,2924543,13025279,20185087,4133776.23,59750
1782775596,0,6253750,0,5702.15,59668.91,1044991,1592319,2416639,6131711,14991359,199552,52199423,2276122.32,2720366.12,6253750,10,10,10,0,0,0,0,0,0,3016703,14917631,37060607,4864727.88,59681
1782775597,0,6314106,0,5751.94,60380.72,1049599,1603583,2439167,6176767,15147007,199552,52199423,2296169.34,2753417.72,6314106,10,10,10,0,0,0,0,0,0,2916351,14098431,26296319,4373328.79,60356
1782775598,0,6374173,0,5801.38,60045.76,1054719,1614847,2457599,6225919,15187967,199552,52199423,2311584.37,2762766.22,6374173,10,10,10,0,0,0,0,0,0,2873343,11575295,16211967,3931977.33,60067
1782775599,0,6433882,0,5850.39,59671.43,1059839,1625087,2476031,6266879,15187967,199552,52199423,2325017.39,2766015.39,6433882,10,10,10,0,0,0,0,0,0,2838527,9347071,18219007,3759046.20,59709
1782775600,0,6494299,0,5899.97,60465.90,1064959,1636351,2496511,6303743,15204351,199552,52199423,2336598.95,2767516.75,6494299,10,10,10,0,0,0,0,0,0,2820095,9297919,17186815,3569933.93,60417
1782775601,0,6553750,0,5948.57,59422.53,1070079,1647615,2521087,6393855,15376383,199552,52199423,2356475.06,2786511.80,6553750,10,10,10,0,0,0,0,0,0,3170303,11337727,23494655,4527698.45,59451
1782775602,0,6613750,0,5997.59,60004.14,1074175,1658879,2541567,6467583,15581183,199552,52199423,2377594.59,2814591.50,6613750,10,10,10,0,0,0,0,0,0,3065855,14286847,27148287,4684462.33,60000
1782775603,0,6674350,0,6047.06,60574.56,1079295,1670143,2566143,6619135,16326655,199552,55803903,2424755.47,2984496.45,6674350,10,10,10,0,0,0,0,0,0,3618815,30343167,45580287,7571790.20,60600
1782775604,0,6733990,0,6095.57,59699.08,1084415,1682431,2588671,6766591,16695295,199552,55803903,2458067.84,3062144.78,6733990,10,10,10,0,0,0,0,0,0,3450879,22249471,41058303,6186075.61,59640
1782775605,0,6794350,0,6144.65,60325.26,1089535,1693695,2611199,6828031,16809983,199552,55803903,2475641.50,3074663.82,6794350,10,10,10,0,0,0,0,0,0,3092479,12009471,22544383,4436226.26,60360
1782775606,0,6853930,0,6192.93,59614.06,1094655,1704959,2633727,6909951,17055743,199552,55803903,2497510.77,3108660.95,6853930,10,10,10,0,0,0,0,0,0,3149823,14753791,30670847,4991426.06,59580
1782775607,0,6913912,0,6241.49,59976.30,1099775,1716223,2656255,7016447,17235967,199552,55803903,2520245.39,3132351.39,6913912,10,10,10,0,0,0,0,0,0,3338239,16105471,23756799,5118049.22,59982
1782775608,0,6974170,0,6290.21,60252.27,1103871,1728511,2676735,7114751,17498111,199552,55803903,2544539.03,3178911.79,6974170,10,10,10,0,0,0,0,0,0,3268607,15015935,34144255,5331954.47,60258
1782775609,0,7034276,0,6338.70,60109.66,1108991,1739775,2699263,7249919,17678335,199552,55803903,2570608.56,3221799.59,7034276,10,10,10,0,0,0,0,0,0,3479551,14123007,34013183,5595487.34,60106
1782775610,0,7093990,0,6386.76,59721.64,1114111,1751039,2715647,7344127,17825791,199552,55803903,2589700.85,3240191.34,7093990,10,10,10,0,0,0,0,0,0,3086335,14843903,24625151,4838761.31,59714
1782775611,0,7154170,0,6435.14,60155.37,1119231,1763327,2736127,7438335,17858559,199552,55803903,2605873.42,3250537.64,7154170,10,10,10,0,0,0,0,0,0,3063807,9658367,23724031,4512288.25,60180
1782775612,0,7214350,0,6483.44,60148.11,1124351,1774591,2756607,7544831,18137087,199552,55803903,2631026.40,3304722.00,7214350,10,10,10,0,0,0,0,0,0,3330047,17022975,39321599,5621200.98,60180
1782775613,0,7273750,0,6530.95,59401.93,1129471,1785855,2775039,7667711,18644991,199552,55803903,2661568.48,3374243.34,7273750,10,10,10,0,0,0,0,0,0,3207167,24903679,33521663,6371017.65,59400
1782775614,0,7333150,0,6578.38,59439.94,1134591,1798143,2793471,7770111,19021823,199552,55803903,2688433.60,3441009.62,7333150,10,10,10,0,0,0,0,0,0,3071999,20299775,48201727,5978167.29,59400
1782775615,0,7392550,0,6625.72,59359.07,1139711,1809407,2809855,7864319,19218431,199552,55803903,2712042.71,3479367.80,7392550,10,10,10,0,0,0,0,0,0,3264511,18137087,35225599,5626674.01,59400
1782775616,0,7454033,0,6674.85,61534.59,1144831,1821695,2830335,7970815,19513343,199552,55803903,2739656.93,3543714.37,7454033,10,10,10,0,0,0,0,0,0,3213311,21037055,39419903,6059917.16,61483
1782775617,0,7513750,0,6722.30,59672.35,1148927,1832959,2846719,8040447,19628031,199552,55803903,2759422.06,3574569.47,7513750,10,10,10,0,0,0,0,0,0,3121151,17088511,32538623,5226557.65,59717
1782775618,0,7573750,0,6769.93,60038.62,1154047,1844223,2869247,8134655,19660799,199552,55803903,2780564.09,3591534.28,7573750,10,10,10,0,0,0,0,0,0,3657727,16023551,25034751,5428162.26,60000
1782775619,0,7634050,0,6817.73,60312.61,1159167,1855487,2885631,8187903,19824639,199552,55803903,2798170.55,3612968.37,7634050,10,10,10,0,0,0,0,0,0,3235839,16048127,29556735,5009562.95,60300
1782775620,0,7693918,0,6865.07,59869.58,1164287,1866751,2904063,8257535,19972095,199552,55803903,2816039.31,3629335.91,7693918,10,10,10,0,0,0,0,0,0,3340287,15728639,28459007,5094568.75,59868
1782775621,0,7754170,0,6912.66,60247.95,1169407,1879039,2920447,8335359,20250623,199552,55803903,2840386.87,3685665.15,7754170,10,10,10,0,0,0,0,0,0,3256319,20725759,41091071,5949463.40,60252
1782775622,0,7813810,0,6959.63,59642.42,1174527,1890303,2936831,8384511,20299775,199552,55803903,2854643.33,3691902.86,7813810,10,10,10,0,0,0,0,0,0,3160063,13967359,23183359,4708216.08,59640
1782775623,0,7874350,0,7007.30,60482.38,1179647,1902591,2953215,8445951,20398079,199552,55803903,2871621.12,3710663.40,7874350,10,10,10,0,0,0,0,0,0,3237887,14245887,27852799,5062918.61,60540
1782775624,0,7933270,0,7053.46,58971.75,1184767,1913855,2965503,8486911,20479999,199552,55803903,2884379.22,3718765.53,7933270,10,10,10,0,0,0,0,0,0,3071999,14344191,26017791,4589433.01,58920
1782775625,0,7992723,0,7100.00,59418.04,1189887,1925119,2979839,8536063,20594687,199552,55803903,2899933.23,3728514.99,7992723,10,10,10,0,0,0,0,0,0,3135487,14106623,22904831,4975424.36,59453
1782775626,0,8053750,0,7147.87,61055.75,1195007,1935359,2994175,8560639,20692991,199552,55803903,2913382.15,3740346.80,8053750,10,10,10,0,0,0,0,0,0,3162111,12115967,27557887,4674791.23,61027
1782775627,0,8114160,0,7195.10,60421.35,1200127,1946623,3006463,8601599,20725759,199552,55803903,2927282.46,3751801.55,8114160,10,10,10,0,0,0,0,0,0,3110911,13910015,25214975,4780445.96,60410
1782775628,0,8174350,0,7242.04,60138.99,1205247,1957887,3022847,8667135,20905983,199552,55803903,2943664.31,3769702.30,8174350,10,10,10,0,0,0,0,0,0,3250175,15482879,27607039,5152086.23,60190
1782775629,0,8234063,0,7288.49,59756.31,1210367,1969151,3039231,8724479,21118975,199552,55803903,2964508.11,3796568.36,8234063,10,10,10,0,0,0,0,0,0,3569663,18546687,29736959,5817899.04,59713
1782775630,0,8294050,0,7335.10,59987.19,1215487,1980415,3053567,8798207,21315583,199552,55803903,2984822.29,3826775.33,8294050,10,10,10,0,0,0,0,0,0,3258367,17645567,34635775,5773230.40,59987
1782775631,0,8353893,0,7381.49,59802.24,1220607,1991679,3065855,8880127,21495807,199552,55803903,3006826.57,3863687.82,8353893,10,10,10,0,0,0,0,0,0,3219455,19759103,31604735,6056550.31,59843
1782775632,0,8414350,0,7428.35,60480.21,1226751,2001919,3078143,8921087,21577727,199552,55803903,3020382.78,3874562.53,8414350,10,10,10,0,0,0,0,0,0,3061759,16089087,26722303,4893566.90,60457
1782775633,0,8474290,0,7474.67,59955.78,1230847,2013183,3090431,8953855,21577727,199552,55803903,3030571.35,3878089.16,8474290,10,10,10,0,0,0,0,0,0,3147775,11796479,26492927,4460838.58,59940
1782775634,0,8534350,0,7521.01,60013.87,1235967,2021375,3098623,9011199,21561343,199552,55803903,3042061.76,3882419.97,8534350,10,10,10,0,0,0,0,0,0,2779135,14598143,21217279,4663325.21,60060
1782775635,0,8594329,0,7567.20,60035.45,1241087,2028543,3102719,9052159,21594111,199552,55803903,3052653.46,3892840.81,8594329,10,10,10,0,0,0,0,0,0,2621439,13508607,28540927,4559734.80,59979
1782775636,0,8654350,0,7613.34,59987.78,1246207,2036735,3106815,9052159,21594111,199552,55803903,3058030.38,3892589.16,8654350,10,10,10,0,0,0,0,0,0,2594815,11059199,19972095,3827944.86,60021
1782775637,0,8714350,0,7659.39,59998.07,1251327,2045951,3110911,9076735,21626879,199552,55803903,3065921.60,3896345.49,8714350,10,10,10,0,0,0,0,0,0,2734079,14876671,25165823,4204144.34,60000
1782775638,0,8774105,0,7705.14,59790.39,1256447,2055167,3119103,9125887,21676031,199552,55803903,3077140.55,3902024.92,8774105,10,10,10,0,0,0,0,0,0,2940927,13099007,22085631,4713253.12,59755
1782775639,0,8833750,0,7750.71,59623.38,1261567,2065407,3131391,9175039,21757951,199552,55803903,3090831.48,3918250.70,8833750,10,10,10,0,0,0,0,0,0,3186687,14974975,37912575,5104841.34,59645
1782775640,0,8851450,0,7759.43,17698.32,1262591,2067455,3133439,9166847,21725183,199552,55803903,3091991.15,3916709.16,8851450,10,10,10,0,0,0,0,0,0,2994175,7094271,17629183,3670763.15,17700
1782775641,0,8853450,0,7754.38,1999.91,1261567,2067455,3133439,9166847,21725183,199552,55803903,3091552.28,3916394.73,8853450,10,10,10,0,0,0,0,0,0,942079,2484223,4587519,1149248.77,2000
1782775642,0,8855450,0,7749.35,1999.53,1261567,2067455,3133439,9166847,21725183,199552,55803903,3091083.96,3916081.98,8855450,10,10,10,0,0,0,0,0,0,934911,1795071,2725887,1017946.43,2000
1782775643,0,8857450,0,7744.32,2000.95,1261567,2066431,3133439,9166847,21725183,199552,55803903,3090634.09,3915763.16,8857450,10,10,10,0,0,0,0,0,0,988671,2003967,3874815,1098745.95,2000
1782775644,0,8859450,0,7739.31,2000.43,1260543,2066431,3133439,9166847,21725183,199552,55803903,3090184.94,3915454.05,8859450,10,10,10,0,0,0,0,0,0,927743,2062335,5242879,1101017.63,2000
1782775645,0,8861450,0,7734.29,1998.41,1260543,2066431,3133439,9158655,21725183,199552,55803903,3089710.51,3915146.51,8861450,10,10,10,0,0,0,0,0,0,874495,1832959,2813951,988109.57,2000
1782775646,0,8863450,0,7729.30,2001.55,1260543,2065407,3131391,9158655,21725183,199552,55803903,3089238.00,3914837.30,8863450,10,10,10,0,0,0,0,0,0,906239,1844223,2631679,995657.15,2000
1782775647,0,8865450,0,7724.30,1998.37,1259519,2065407,3131391,9158655,21725183,199552,55803903,3088813.41,3914564.28,8865450,10,10,10,0,0,0,0,0,0,992255,2244607,5775359,1207175.78,2000
1782775648,0,8867450,0,7719.32,2000.82,1259519,2065407,3131391,9158655,21708799,199552,55803903,3088359.09,3914246.86,8867450,10,10,10,0,0,0,0,0,0,963583,1967103,2686975,1074452.29,2000
1782775649,0,8869450,0,7714.35,2000.37,1259519,2064383,3131391,9158655,21708799,199552,55803903,3087942.24,3913949.90,8869450,10,10,10,0,0,0,0,0,0,933375,3020799,5951487,1239751.87,2000
1782775650,0,8871450,0,7709.38,2000.12,1258495,2064383,3131391,9158655,21708799,199552,55803903,3087489.81,3913637.17,8871450,10,10,10,0,0,0,0,0,0,928255,2220031,4184063,1081083.52,2000
1782775651,0,8873450,0,7704.42,1998.46,1258495,2063359,3131391,9158655,21708799,199552,55803903,3087028.49,3913324.22,8873450,10,10,10,0,0,0,0,0,0,946687,1959935,3080191,1040744.45,2000
1782775652,0,8875450,0,7699.47,2001.41,1258495,2063359,3129343,9158655,21708799,199552,55803903,3086605.21,3913023.34,8875450,10,10,10,0,0,0,0,0,0,968191,2371583,5840895,1208621.82,2000
1782775653,0,8877450,0,7694.53,1999.63,1257471,2063359,3129343,9150463,21692415,199552,55803903,3086151.62,3912709.14,8877450,10,10,10,0,0,0,0,0,0,942079,2082815,3745791,1073250.91,2000
1782775654,0,8879450,0,7689.60,2000.11,1257471,2062335,3129343,9150463,21692415,199552,55803903,3085698.86,3912419.00,8879450,10,10,10,0,0,0,0,0,0,911359,1966079,5103615,1076029.92,2000
1782775655,0,8881450,0,7684.68,1999.36,1257471,2062335,3129343,9150463,21692415,199552,55803903,3085245.47,3912109.05,8881450,10,10,10,0,0,0,0,0,0,913407,2187263,4284415,1072311.71,2000
1782775656,0,8883450,0,7679.76,1999.92,1256447,2062335,3129343,9150463,21692415,199552,55803903,3084795.93,3911798.71,8883450,10,10,10,0,0,0,0,0,0,939007,2077695,4139007,1088501.54,2000
1782775657,0,8885450,0,7674.85,1999.73,1256447,2061311,3127295,9150463,21692415,199552,55803903,3084376.73,3911524.38,8885450,10,10,10,0,0,0,0,0,0,952319,2146303,7233535,1222418.18,2000
1782775658,0,8887450,0,7669.96,2001.00,1255423,2061311,3127295,9150463,21692415,199552,55803903,3083915.24,3911212.06,8887450,10,10,10,0,0,0,0,0,0,932351,1955839,2820095,1033652.67,2000
1782775659,0,8889450,0,7665.07,2000.01,1255423,2061311,3127295,9150463,21676031,199552,55803903,3083459.21,3910901.02,8889450,10,10,10,0,0,0,0,0,0,931327,2008063,4048895,1056982.08,2000
1782775660,0,8891450,0,7660.19,2000.26,1255423,2060287,3127295,9150463,21676031,199552,55803903,3083037.77,3910621.76,8891450,10,10,10,0,0,0,0,0,0,945151,2123775,6995967,1209870.18,2000
1782775661,0,8893450,0,7655.32,1999.80,1254399,2060287,3127295,9142271,21676031,199552,55803903,3082561.75,3910314.50,8893450,10,10,10,0,0,0,0,0,0,928255,1596415,2185215,966302.02,2000
1782775662,0,8895450,0,7650.45,1999.64,1254399,2060287,3127295,9142271,21676031,199552,55803903,3082109.20,3910009.78,8895450,10,10,10,0,0,0,0,0,0,901631,2170879,5902335,1069712.51,2000
1782775663,0,8897450,0,7645.60,2000.47,1254399,2059263,3125247,9142271,21676031,199552,55803903,3081658.33,3909698.71,8897450,10,10,10,0,0,0,0,0,0,907775,2303999,3819519,1076311.74,2000
1782775664,0,8899450,0,7640.75,1999.71,1253375,2059263,3125247,9142271,21676031,199552,55803903,3081184.38,3909390.21,8899450,10,10,10,0,0,0,0,0,0,946687,1555455,1767423,972738.46,2000
1782775665,0,8901446,0,7635.91,1995.78,1253375,2058239,3125247,9142271,21676031,199552,55803903,3080747.05,3909087.93,8901446,10,10,10,0,0,0,0,0,0,954367,2111487,7561215,1130852.49,1996
1782775666,0,8903450,0,7631.08,2004.14,1253375,2058239,3125247,9142271,21659647,199552,55803903,3080281.67,3908776.70,8903450,10,10,10,0,0,0,0,0,0,936447,1752063,2574335,1013117.51,2004
1782775667,0,8905450,0,7626.26,2000.37,1252351,2058239,3125247,9142271,21659647,199552,55803903,3079838.24,3908458.36,8905450,10,10,10,0,0,0,0,0,0,995327,2193407,3110911,1105814.82,2000
1782775668,0,8907450,0,7621.44,1998.68,1252351,2057215,3125247,9142271,21659647,199552,55803903,3079408.29,3908180.05,8907450,10,10,10,0,0,0,0,0,0,974335,2105343,4431871,1164963.39,2000
1782775669,0,8909450,0,7616.64,2000.76,1252351,2057215,3123199,9134079,21659647,199552,55803903,3078942.75,3907874.51,8909450,10,10,10,0,0,0,0,0,0,899583,1838079,4030463,1005550.30,2000
1782775670,0,8911450,0,7611.84,1999.69,1251327,2057215,3123199,9134079,21659647,199552,55803903,3078479.93,3907567.36,8911450,10,10,10,0,0,0,0,0,0,909311,1886207,3465215,1016740.35,2000
1782775671,0,8913450,0,7607.05,1999.94,1251327,2056191,3123199,9134079,21659647,199552,55803903,3078009.90,3907259.12,8913450,10,10,10,0,0,0,0,0,0,925183,1631231,2230271,983706.75,2000
1782775672,0,8915450,0,7602.27,1999.61,1250303,2056191,3123199,9134079,21659647,199552,55803903,3077548.41,3906947.19,8915450,10,10,10,0,0,0,0,0,0,956415,1736703,2316287,1020819.65,2000
1782775673,0,8917450,0,7597.50,2001.85,1250303,2056191,3123199,9134079,21643263,199552,55803903,3077116.71,3906644.66,8917450,10,10,10,0,0,0,0,0,0,975359,2252799,5525503,1152708.19,2000
1782775674,0,8919450,0,7592.73,1998.99,1250303,2055167,3123199,9134079,21643263,199552,55803903,3076662.85,3906330.98,8919450,10,10,10,0,0,0,0,0,0,949759,1959935,2867199,1052997.12,2000
1782775675,0,8921450,0,7587.98,2000.72,1250303,2055167,3121151,9134079,21643263,199552,55803903,3076223.65,3906024.07,8921450,10,10,10,0,0,0,0,0,0,908799,2469887,5767167,1117547.14,2000
1782775676,0,8923450,0,7583.23,1999.75,1249279,2055167,3121151,9125887,21643263,199552,55803903,3075763.04,3905714.40,8923450,10,10,10,0,0,0,0,0,0,935935,1811455,2488319,1021094.46,2000
1782775677,0,8925450,0,7578.49,2000.11,1249279,2054143,3121151,9125887,21643263,199552,55803903,3075294.60,3905408.27,8925450,10,10,10,0,0,0,0,0,0,905215,1777663,2742271,985232.86,2000
1782775678,0,8927450,0,7573.75,1998.86,1248255,2054143,3121151,9125887,21643263,199552,55803903,3074845.55,3905105.07,8927450,10,10,10,0,0,0,0,0,0,903679,1911807,5095423,1070875.23,2000
1782775679,0,8929450,0,7569.03,2000.19,1248255,2053119,3121151,9125887,21643263,199552,55803903,3074380.92,3904798.79,8929450,10,10,10,0,0,0,0,0,0,902655,1779711,2516991,1000401.44,2000
1782775680,0,8931450,0,7564.32,2001.27,1248255,2053119,3121151,9125887,21626879,199552,55803903,3073929.89,3904485.91,8931450,10,10,10,0,0,0,0,0,0,965119,1960959,3145727,1060187.78,2000
1782775681,0,8933450,0,7559.61,1999.81,1247231,2053119,3119103,9125887,21626879,199552,55803903,3073473.01,3904184.63,8933450,10,10,10,0,0,0,0,0,0,904703,1819647,4423679,1033189.31,2000
1782775682,0,8935442,0,7554.90,1992.11,1247231,2052095,3119103,9125887,21626879,199552,55803903,3073006.43,3903881.05,8935442,10,10,10,0,0,0,0,0,0,887807,1684479,3160063,980536.74,1992
1782775683,0,8937436,0,7550.20,1994.33,1247231,2052095,3119103,9117695,21626879,199552,55803903,3072569.85,3903574.42,8937436,10,10,10,0,0,0,0,0,0,958975,1939455,6901759,1116183.75,1994
1782775684,0,8939450,0,7545.53,2013.01,1246207,2052095,3119103,9117695,21626879,199552,55803903,3072109.65,3903262.89,8939450,10,10,10,0,0,0,0,0,0,936959,1831935,3592191,1029914.31,2014
1782775685,0,8941450,0,7540.85,2000.46,1246207,2051071,3119103,9117695,21626879,199552,55803903,3071647.12,3902954.87,8941450,10,10,10,0,0,0,0,0,0,928255,1816575,2873343,1004242.66,2000
1782775686,0,8943450,0,7536.18,1998.42,1246207,2051071,3119103,9117695,21626879,199552,55803903,3071200.05,3902647.59,8943450,10,10,10,0,0,0,0,0,0,907775,2058239,4444159,1072484.29,2000
1782775687,0,8945450,0,7531.52,2001.26,1245183,2050047,3117055,9117695,21610495,199552,55803903,3070720.83,3902347.39,8945450,10,10,10,0,0,0,0,0,0,862719,1575935,2535423,927770.62,2000
1782775688,0,8947450,0,7526.87,2000.09,1245183,2050047,3117055,9117695,21610495,199552,55803903,3070252.11,3902048.12,8947450,10,10,10,0,0,0,0,0,0,872447,1644543,3999743,973796.86,2000
1782775689,0,8949446,0,7522.22,1996.32,1245183,2050047,3117055,9117695,21610495,199552,55803903,3069807.68,3901746.12,8949446,10,10,10,0,0,0,0,0,0,908799,1868799,5509119,1077567.23,1996
1782775690,0,8951450,0,7517.58,2003.41,1244159,2049023,3117055,9109503,21610495,199552,55803903,3069345.52,3901437.72,8951450,10,10,10,0,0,0,0,0,0,928767,1679359,2246655,1005442.81,2004
1782775691,0,8953442,0,7512.95,1992.92,1244159,2049023,3117055,9109503,21610495,199552,55803903,3068898.18,3901143.24,8953442,10,10,10,0,0,0,0,0,0,902143,1902591,6361087,1058711.90,1992
1782775692,0,8955450,0,7508.33,2007.45,1244159,2049023,3117055,9109503,21610495,199552,55803903,3068435.57,3900835.46,8955450,10,10,10,0,0,0,0,0,0,906751,1960959,3094527,1005692.81,2008
1782775693,0,8957450,0,7503.72,2000.43,1243135,2047999,3115007,9109503,21610495,199552,55803903,3067957.72,3900534.36,8957450,10,10,10,0,0,0,0,0,0,887295,1538047,1929215,928273.22,2000
1782775694,0,8959446,0,7499.11,1995.94,1243135,2047999,3115007,9109503,21610495,199552,55803903,3067502.14,3900234.26,8959446,10,10,10,0,0,0,0,0,0,889855,1791999,4694015,1023009.99,1996
1782775695,0,8961444,0,7494.51,1998.27,1242111,2046975,3115007,9109503,21594111,199552,55803903,3067040.96,3899934.52,8961444,10,10,10,0,0,0,0,0,0,864255,1955839,5038079,998989.42,1998
1782775696,0,8963450,0,7489.92,2005.56,1242111,2046975,3115007,9109503,21594111,199552,55803903,3066573.79,3899628.36,8963450,10,10,10,0,0,0,0,0,0,900607,1729535,2451455,979605.22,2006
1782775697,0,8965450,0,7485.34,2000.19,1242111,2046975,3115007,9109503,21594111,199552,55803903,3066180.15,3899392.00,8965450,10,10,10,0,0,0,0,0,0,918527,2330623,11354111,1301971.62,2000
1782775698,0,8967450,0,7480.76,1998.20,1241087,2045951,3115007,9101311,21594111,199552,55803903,3065710.38,3899089.53,8967450,10,10,10,0,0,0,0,0,0,874495,1774591,2576383,959855.01,2000
1782775699,0,8969440,0,7476.19,1991.88,1241087,2045951,3112959,9101311,21594111,199552,55803903,3065278.48,3898807.10,8969440,10,10,10,0,0,0,0,0,0,888319,1951743,9502719,1119059.49,1990
1782775700,0,9028390,0,7519.05,58897.76,1246207,2057215,3137535,9281535,22102015,199552,55803903,3104223.14,3973841.87,9028390,10,10,10,0,0,0,0,0,0,5619711,26279935,41254911,9029782.60,58950
1782775701,0,9108390,0,7579.37,80037.46,1252351,2072575,3170303,9486335,22429695,199552,55803903,3144163.74,4035663.55,9108390,10,10,10,0,0,0,0,0,0,4816895,22282239,36569087,7651655.23,80000
1782775702,0,9176015,0,7629.29,67598.59,1258495,2085887,3196927,9633791,22757375,199552,55803903,3177486.44,4095946.93,9176015,10,10,10,0,0,0,0,0,0,4175871,24559615,40009727,7665710.65,67625
1782775703,0,9268390,0,7699.70,92439.57,1265663,2103295,3244031,10125311,24395775,199552,310116351,3377437.34,6521400.44,9268390,10,10,10,0,0,0,0,0,0,7184383,135266303,253624319,23239439.91,92375
1782775704,0,9348390,0,7759.71,79995.77,1271807,2119679,3278847,10248191,24313855,199552,310116351,3402309.92,6511297.51,9348390,10,10,10,0,0,0,0,0,0,4710399,15876095,19513343,6283919.56,80000
1782775705,0,9428390,0,7819.62,79995.54,1278975,2134015,3313663,10338303,24559615,199552,310116351,3429615.06,6515051.61,9428390,10,10,10,0,0,0,0,0,0,4308991,19972095,35291135,6620352.94,80000
1782775706,0,9508390,0,7879.44,80015.41,1285119,2150399,3350527,10526719,24821759,199552,310116351,3466428.70,6530551.43,9508390,10,10,10,0,0,0,0,0,0,4833279,21331967,30932991,7805096.15,80000
1782775707,0,9588390,0,7939.15,79949.69,1291263,2164735,3379199,10641407,25034751,199552,310116351,3491738.18,6535285.26,9588390,10,10,10,0,0,0,0,0,0,4005887,19791871,31391743,6499893.29,80000
1782775708,0,9668390,0,7998.77,80048.93,1298431,2181119,3407871,10772479,25264127,199552,310116351,3522747.45,6551289.47,9668390,10,10,10,0,0,0,0,0,0,4190207,22429695,37388287,7239359.29,80000
1782775709,0,9748390,0,8058.29,79991.82,1304575,2195455,3444735,10977279,25575423,199552,310116351,3561639.99,6580038.98,9748390,10,10,10,0,0,0,0,0,0,4907007,26263551,42401791,8261993.23,80000
1782775710,0,9828390,0,8117.71,80001.01,1311743,2211839,3477503,11132927,26066943,199552,310116351,3603579.12,6656548.20,9828390,10,10,10,0,0,0,0,0,0,4493311,32260095,68812799,8714066.53,80000
1782775711,0,9906797,0,8175.71,78346.07,1317887,2228223,3506175,11272191,26558463,199552,310116351,3639501.00,6694866.14,9906797,10,10,10,0,0,0,0,0,0,4028415,31277055,49545215,8142341.56,78407
1782775712,0,9988390,0,8236.25,81623.09,1324031,2242559,3534847,11460607,26951679,199552,310116351,3678438.43,6742446.43,9988390,10,10,10,0,0,0,0,0,0,4460543,27508735,58654719,8406114.37,81593
1782775713,0,10068390,0,8295.38,80023.43,1331199,2256895,3565567,11583487,26951679,199552,310116351,3700396.92,6736518.92,10068390,10,10,10,0,0,0,0,0,0,4337663,17514495,27131903,6442021.01,80000
1782775714,0,10148390,0,8354.41,80019.94,1337343,2273279,3592191,11714559,27181055,199552,310116351,3725581.26,6745820.48,10148390,10,10,10,0,0,0,0,0,0,4284415,23150591,39419903,6895153.47,80000
1782775715,0,10228390,0,8413.34,79959.75,1343487,2287615,3618815,11862015,27410431,199552,310116351,3751611.76,6757936.89,10228390,10,10,10,0,0,0,0,0,0,4081663,24035327,35225599,7053707.71,80000
1782775716,0,10308390,0,8472.17,80004.12,1350655,2301951,3647487,11927551,27344895,199552,310116351,3768835.63,6745916.22,10308390,10,10,10,0,0,0,0,0,0,4143103,16146431,23953407,5970991.79,80000
1782775717,0,10388390,0,8530.91,80012.61,1356799,2316287,3674111,12083199,27508735,199552,310116351,3799774.14,6768665.77,10388390,10,10,10,0,0,0,0,0,0,4476927,23904255,44826623,7786351.72,80000
1782775718,0,10468390,0,8589.55,79968.80,1362943,2330623,3698687,12132351,27459583,199552,310116351,3811149.01,6752043.90,10468390,10,10,10,0,0,0,0,0,0,3915775,14516223,20135935,5288231.12,80000
1782775719,0,10548390,0,8648.10,79997.99,1370111,2344959,3725311,12279807,27459583,199552,310116351,3834463.93,6753007.31,10548390,10,10,10,0,0,0,0,0,0,4251647,23068671,27738111,6885335.42,80000
1782775720,0,10628390,0,8706.55,79987.07,1376255,2359295,3753983,12476415,28000255,199552,310116351,3878802.06,6844385.96,10628390,10,10,10,0,0,0,0,0,0,4268031,38830079,69009407,9725000.29,80000
1782775721,0,10708390,0,8764.90,79996.07,1382399,2373631,3776511,12550143,27934719,199552,310116351,3895004.45,6834978.07,10708390,10,10,10,0,0,0,0,0,0,4032511,17104895,27361279,6047571.04,80000
1782775722,0,10787430,0,8822.38,79079.01,1389567,2387967,3801087,12722175,28360703,199552,310116351,3932056.44,6920402.48,10787430,10,10,10,0,0,0,0,0,0,4065279,33243135,73072639,8951883.80,79040
1782775723,0,10868390,0,8881.32,80915.79,1396735,2402303,3823615,12804095,28639231,199552,310116351,3958481.57,6941710.24,10868390,10,10,10,0,0,0,0,0,0,4276223,29065215,47480831,7479470.56,80960
1782775724,0,10948390,0,8939.40,80072.85,1402879,2414591,3852287,12951551,28835839,199552,310116351,3988714.66,6970964.11,10948390,10,10,10,0,0,0,0,0,0,4513791,24051711,56623103,8096026.54,80000
1782775725,0,11028390,0,8997.37,79935.39,1410047,2428927,3872767,13008895,28786687,199552,310116351,4004005.47,6961732.18,11028390,10,10,10,0,0,0,0,0,0,3909631,17645567,25919487,6096627.56,80000
1782775726,0,11108390,0,9055.25,80014.33,1416191,2443263,3899391,13123583,28852223,199552,310116351,4025613.89,6965697.06,11108390,10,10,10,0,0,0,0,0,0,4218879,21905407,40402943,7004440.23,80000
1782775727,0,11188390,0,9113.03,79989.14,1423359,2455551,3930111,13385727,29589503,199552,310116351,4073397.32,7045017.25,11188390,10,10,10,0,0,0,0,0,0,5079039,39813119,59080703,10708359.61,80000
1782775728,0,11268390,0,9170.73,80067.49,1429503,2469887,3952639,13508607,29753343,199552,310116351,4094914.41,7050135.17,11268390,10,10,10,0,0,0,0,0,0,4169727,25133055,37355519,7104183.31,80000
1782775729,0,11348390,0,9228.32,79927.66,1436671,2484223,3977215,13623295,29966335,199552,310116351,4118664.49,7063357.08,11348390,10,10,10,0,0,0,0,0,0,4235263,26820607,41287679,7463980.19,80000
1782775730,0,11428390,0,9285.83,80035.02,1442815,2496511,3997695,13697023,29966335,199552,310116351,4134077.79,7056466.72,11428390,10,10,10,0,0,0,0,0,0,4007935,18743295,30916607,6320528.85,80000
1782775731,0,11508390,0,9343.24,80010.12,1449983,2510847,4024319,13836287,29917183,199552,310116351,4154828.79,7053080.17,11508390,10,10,10,0,0,0,0,0,0,4489215,20840447,26886143,7119210.51,80000
1782775732,0,11588390,0,9400.55,79918.19,1456127,2525183,4055039,14000127,30310399,199552,310116351,4192735.51,7107529.78,11588390,10,10,10,0,0,0,0,0,0,4927487,36798463,57507839,9645802.04,80000
1782775733,0,11668390,0,9457.78,80046.05,1463295,2537471,4089855,14139391,30441471,199552,310116351,4222558.09,7120283.03,11668390,10,10,10,0,0,0,0,0,0,5705727,24428543,37289983,8542504.47,80000
1782775734,0,11747590,0,9514.26,79207.93,1469439,2551807,4118527,14319615,30752767,199552,310116351,4256852.95,7156918.35,11747590,10,10,10,0,0,0,0,0,0,4706303,33619967,52232191,9309451.64,79200
1782775735,0,11828343,0,9571.91,80815.14,1476607,2564095,4141055,14417919,30900223,199552,310116351,4280062.48,7171342.97,11828343,10,10,10,0,0,0,0,0,0,4214783,24182783,43909119,7656481.43,80753
1782775736,0,11908390,0,9628.90,80036.13,1482751,2578431,4167679,14639103,31686655,199552,310116351,4327954.68,7297608.64,11908390,10,10,10,0,0,0,0,0,0,4386815,50495487,85131263,11404864.19,80047
1782775737,0,11988390,0,9685.75,79980.47,1489919,2590719,4198399,14721023,31801343,199552,310116351,4350716.14,7303553.86,11988390,10,10,10,0,0,0,0,0,0,4669439,24428543,39223295,7738871.01,80000
1782775738,0,12068390,0,9742.51,79998.53,1497087,2603007,4227071,14827519,32047103,199552,310116351,4376156.49,7327386.54,12068390,10,10,10,0,0,0,0,0,0,4685823,27672575,55836671,8188516.03,80000
1782775739,0,12146948,0,9798.02,78544.45,1503231,2615295,4243455,14901247,32161791,199552,310116351,4394482.77,7333647.50,12146948,10,10,10,0,0,0,0,0,0,3969023,23920639,38207487,7209839.56,78558
1782775740,0,12228390,0,9855.76,81444.51,1510399,2627583,4263935,14974975,32194559,199552,310116351,4411233.86,7330247.40,12228390,10,10,10,0,0,0,0,0,0,4067327,22708223,32407551,6909632.80,81442
1782775741,0,12306163,0,9910.46,77748.28,1516543,2639871,4288511,15040511,32292863,199552,310116351,4430221.50,7333944.91,12306163,10,10,10,0,0,0,0,0,0,4562943,25067519,37552127,7415681.41,77773
1782775742,0,12388390,0,9968.65,82213.00,1523711,2652159,4313087,15171583,32473087,199552,310116351,4455024.84,7350362.94,12388390,10,10,10,0,0,0,0,0,0,4415487,27394047,44007423,8167114.64,82227
1782775743,0,12468390,0,10024.95,80002.87,1530879,2664447,4345855,15327231,32604159,199552,310116351,4483329.44,7366805.38,12468390,10,10,10,0,0,0,0,0,0,5304319,29310975,39288831,8866435.15,80000
1782775744,0,12548390,0,10081.18,80036.30,1537023,2676735,4366335,15351807,32718847,199552,310116351,4497878.47,7366095.15,12548390,10,10,10,0,0,0,0,0,0,4190207,20824063,42270719,6765415.30,80000
1782775745,0,12627750,0,10136.79,79391.21,1544191,2686975,4390911,15507455,32899071,199552,310116351,4522654.27,7378253.69,12627750,10,10,10,0,0,0,0,0,0,4751359,28901375,37781503,8440198.79,79360
1782775746,0,12706734,0,10192.01,78966.88,1551359,2699263,4411391,15597567,33013759,199552,310116351,4543620.63,7391182.32,12706734,10,10,10,0,0,0,0,0,0,4161535,29540351,41091071,7895667.07,78984
1782775747,0,12788390,0,10249.29,81650.82,1557503,2709503,4431871,15704063,33325055,199552,310116351,4567542.95,7417711.26,12788390,10,10,10,0,0,0,0,0,0,4128767,33062911,52690943,8290165.68,81656
1782775748,0,12868390,0,10305.14,80018.79,1564671,2721791,4456447,15835135,33488895,199552,310116351,4591167.69,7438336.59,12868390,10,10,10,0,0,0,0,0,0,4407295,28082175,48889855,8367697.74,80000
1782775749,0,12948390,0,10360.91,79965.01,1571839,2732031,4481023,15933439,33488895,199552,310116351,4609441.36,7439606.46,12948390,10,10,10,0,0,0,0,0,0,4595711,20774911,35815423,7548850.50,80000
1782775750,0,13028390,0,10416.59,79988.48,1579007,2742271,4497407,15941631,33439743,199552,310116351,4618521.05,7427554.10,13028390,10,10,10,0,0,0,0,0,0,4143103,16228351,25591807,6088113.97,80000
1782775751,0,13108390,0,10472.18,80003.80,1585151,2752511,4517887,15974399,33456127,199552,310116351,4629797.46,7421546.05,13108390,10,10,10,0,0,0,0,0,0,4159487,19415039,33619967,6466215.49,80000
1782775752,0,13188390,0,10527.67,79967.79,1592319,2764799,4538367,16007167,33390591,199552,310116351,4642230.06,7413581.93,13188390,10,10,10,0,0,0,0,0,0,4259839,19611647,29573119,6679371.29,80000
1782775753,0,13268390,0,10583.09,80048.77,1599487,2775039,4558847,16121855,33751039,199552,310116351,4671612.38,7468019.61,13268390,10,10,10,0,0,0,0,0,0,4415487,36536319,68288511,9515431.22,80000
1782775754,0,13348390,0,10638.42,80007.06,1606655,2783231,4575231,16171007,33882111,199552,310116351,4687649.24,7474642.67,13348390,10,10,10,0,0,0,0,0,0,3926015,25067519,42827775,7347441.28,80000
1782775755,0,13428390,0,10693.65,80011.77,1613823,2793471,4583423,16162815,33914879,199552,310116351,4694299.60,7465876.38,13428390,10,10,10,0,0,0,0,0,0,3774463,15228927,35061759,5803945.22,80000
1782775756,0,13508390,0,10748.80,80011.23,1620991,2803711,4603903,16195583,33914879,199552,310116351,4705383.62,7456903.11,13508390,10,10,10,0,0,0,0,0,0,4431871,17661951,27066367,6565889.28,80000
1782775757,0,13588390,0,10803.86,80000.50,1627135,2813951,4624383,16244735,34013183,199552,310116351,4720628.14,7455974.07,13588390,10,10,10,0,0,0,0,0,0,4329471,19415039,36700159,7294740.65,80000
1782775758,0,13668390,0,10858.83,79942.56,1634303,2824191,4644863,16236543,33882111,199552,310116351,4728187.49,7441045.70,13668390,10,10,10,0,0,0,0,0,0,4382719,15237119,21364735,6012178.68,80000
1782775759,0,13748390,0,10913.72,80017.46,1641471,2832383,4661247,16236543,33816575,199552,310116351,4736114.18,7428609.59,13748390,10,10,10,0,0,0,0,0,0,4065279,16211967,25722879,6090428.57,80000
1782775760,0,13773660,0,10925.11,25284.31,1642495,2836479,4665343,16252927,33816575,199552,310116351,4740200.84,7430029.31,13773660,10,10,10,0,0,0,0,0,0,3817471,24018943,33652735,6963586.25,25270
1782775761,0,13778660,0,10920.41,4996.55,1641471,2834431,4661247,16252927,33816575,199552,310116351,4738975.24,7429012.05,13778660,10,10,10,0,0,0,0,0,0,1021951,2985983,6873087,1362780.34,5000
1782775762,0,13783660,0,10915.72,4998.84,1640447,2834431,4661247,16244735,33816575,199552,310116351,4737704.91,7427973.12,13783660,10,10,10,0,0,0,0,0,0,1097727,2504703,3205119,1237030.66,5000
1782775763,0,13788660,0,10911.04,5002.63,1639423,2832383,4661247,16244735,33783807,199552,310116351,4736423.84,7426943.27,13788660,10,10,10,0,0,0,0,0,0,1010687,2695167,3827711,1204841.27,5000
1782775764,0,13793660,0,10906.37,4999.65,1639423,2832383,4657151,16244735,33783807,199552,310116351,4735236.34,7425877.45,13793660,10,10,10,0,0,0,0,0,0,1207295,3031039,4427775,1460440.14,5000
1782775765,0,13798660,0,10901.70,4998.95,1638399,2832383,4657151,16236543,33783807,199552,310116351,4734033.71,7424816.92,13798660,10,10,10,0,0,0,0,0,0,1246207,2711551,5033983,1416285.59,5000
1782775766,0,13803660,0,10897.04,5002.03,1637375,2830335,4657151,16236543,33783807,199552,310116351,4732777.43,7423776.57,13803660,10,10,10,0,0,0,0,0,0,1099775,2478079,3387391,1265778.48,5000
1782775767,0,13808660,0,10892.39,5000.11,1636351,2830335,4653055,16236543,33783807,199552,310116351,4731485.83,7422750.98,13808660,10,10,10,0,0,0,0,0,0,991231,2349055,2930687,1165736.40,5000
1782775768,0,13813660,0,10887.74,4999.10,1635327,2830335,4653055,16228351,33783807,199552,310116351,4730265.67,7421714.23,13813660,10,10,10,0,0,0,0,0,0,1103871,2758655,4648959,1360521.47,5000
1782775769,0,13818660,0,10883.11,4998.72,1634303,2828287,4648959,16228351,33783807,199552,310116351,4729032.28,7420665.71,13818660,10,10,10,0,0,0,0,0,0,1178623,2582527,4378623,1321501.29,5000
1782775770,0,13823660,0,10878.48,5001.25,1633279,2828287,4648959,16220159,33783807,199552,310116351,4727856.73,7419593.62,13823660,10,10,10,0,0,0,0,0,0,1372159,2799615,4354047,1478955.07,5000
1782775771,0,13828660,0,10873.86,5000.31,1632255,2828287,4648959,16220159,33783807,199552,310116351,4726672.82,7418537.47,13828660,10,10,10,0,0,0,0,0,0,1192959,3459071,6205439,1453466.11,5000
1782775772,0,13833660,0,10869.24,4999.83,1632255,2826239,4644863,16220159,33751039,199552,310116351,4725452.22,7417483.50,13833660,10,10,10,0,0,0,0,0,0,1235967,2459647,3448831,1349595.08,5000
1782775773,0,13838660,0,10864.63,4999.90,1631231,2826239,4644863,16211967,33751039,199552,310116351,4724215.01,7416440.01,13838660,10,10,10,0,0,0,0,0,0,1139711,2725887,3475455,1301190.26,5000
1782775774,0,13843660,0,10860.03,4997.43,1630207,2824191,4644863,16211967,33751039,199552,310116351,4722956.37,7415403.50,13843660,10,10,10,0,0,0,0,0,0,1142783,2447359,3153919,1239390.39,5000
1782775775,0,13848660,0,10855.44,5003.94,1629183,2824191,4640767,16203775,33751039,199552,310116351,4721692.69,7414371.00,13848660,10,10,10,0,0,0,0,0,0,1120255,2439167,3227647,1222900.03,5000
1782775776,0,13853660,0,10850.85,4999.92,1628159,2824191,4640767,16203775,33751039,199552,310116351,4720517.45,7413322.00,13853660,10,10,10,0,0,0,0,0,0,1155071,3459071,6717439,1465410.68,5000
1782775777,0,13858660,0,10846.27,4996.68,1627135,2822143,4640767,16203775,33751039,199552,310116351,4719234.85,7412299.95,13858660,10,10,10,0,0,0,0,0,0,1057791,2168831,3135487,1165502.82,5000
1782775778,0,13863660,0,10841.70,5001.98,1626111,2822143,4636671,16195583,33751039,199552,310116351,4717907.97,7411298.57,13863660,10,10,10,0,0,0,0,0,0,931839,2056191,2828287,1040148.84,5000
1782775779,0,13868660,0,10837.14,5001.37,1625087,2822143,4636671,16195583,33718271,199552,310116351,4716671.74,7410266.91,13868660,10,10,10,0,0,0,0,0,0,1077247,2498559,5025791,1288928.90,5000
1782775780,0,13873660,0,10832.58,4998.70,1624063,2820095,4636671,16187391,33718271,199552,310116351,4715478.02,7409207.16,13873660,10,10,10,0,0,0,0,0,0,1268735,2465791,3688447,1404410.04,5000
1782775781,0,13878660,0,10828.03,4999.45,1623039,2820095,4632575,16187391,33718271,199552,310116351,4714259.43,7408159.42,13878660,10,10,10,0,0,0,0,0,0,1219583,2377727,3338239,1333015.19,5000
1782775782,0,13883660,0,10823.48,4999.52,1622015,2820095,4632575,16187391,33718271,199552,310116351,4713029.54,7407162.26,13883660,10,10,10,0,0,0,0,0,0,982015,2842623,5926911,1299184.81,5000
1782775783,0,13888660,0,10818.94,4999.06,1620991,2818047,4632575,16179199,33718271,199552,310116351,4711739.05,7406149.12,13888660,10,10,10,0,0,0,0,0,0,975359,2301951,3311615,1128397.22,5000
1782775784,0,13893660,0,10814.42,4999.87,1619967,2818047,4628479,16179199,33718271,199552,310116351,4710515.28,7405108.40,13893660,10,10,10,0,0,0,0,0,0,1164287,2574335,3663871,1311200.74,5000
1782775785,0,13898660,0,10809.90,5003.44,1619967,2815999,4628479,16171007,33685503,199552,310116351,4709344.19,7404051.10,13898660,10,10,10,0,0,0,0,0,0,1273855,3022847,5382143,1455198.67,5000
1782775786,0,13903660,0,10805.38,4998.73,1618943,2815999,4628479,16171007,33685503,199552,310116351,4708123.71,7403009.23,13903660,10,10,10,0,0,0,0,0,0,1180671,2338815,3037183,1315513.14,5000
1782775787,0,13908660,0,10800.88,5001.73,1617919,2815999,4624383,16171007,33685503,199552,310116351,4706875.52,7401980.79,13908660,10,10,10,0,0,0,0,0,0,1063935,2586623,3270655,1235986.24,5000
1782775788,0,13913660,0,10796.37,4996.04,1616895,2813951,4624383,16162815,33685503,199552,310116351,4705620.66,7400971.47,13913660,10,10,10,0,0,0,0,0,0,1025535,2402303,3856383,1214935.28,5000
1782775789,0,13918660,0,10791.88,5000.80,1615871,2813951,4624383,16162815,33685503,199552,310116351,4704368.41,7399947.14,13918660,10,10,10,0,0,0,0,0,0,1068031,2615295,3743743,1219711.74,5000
1782775790,0,13923660,0,10787.39,5001.24,1614847,2813951,4620287,16154623,33652735,199552,310116351,4703179.23,7398903.85,13923660,10,10,10,0,0,0,0,0,0,1257471,2521087,3694591,1392802.53,5000
1782775791,0,13928660,0,10782.91,4999.82,1613823,2811903,4620287,16154623,33652735,199552,310116351,4701947.40,7397871.44,13928660,10,10,10,0,0,0,0,0,0,1147903,2437119,3545087,1271646.21,5000
1782775792,0,13933660,0,10778.44,5001.31,1612799,2811903,4620287,16146431,33652735,199552,310116351,4700647.82,7396867.50,13933660,10,10,10,0,0,0,0,0,0,986111,1966079,2613247,1080365.98,5000
1782775793,0,13938660,0,10773.97,4999.91,1611775,2809855,4616191,16146431,33652735,199552,310116351,4699408.28,7395853.84,13938660,10,10,10,0,0,0,0,0,0,1071103,2026495,4902911,1245142.09,5000
1782775794,0,13943660,0,10769.51,4998.11,1610751,2809855,4616191,16138239,33652735,199552,310116351,4698177.28,7394821.91,13943660,10,10,10,0,0,0,0,0,0,1104895,2314239,3266559,1266481.34,5000
1782775795,0,13948660,0,10765.05,4998.25,1609727,2809855,4616191,16138239,33652735,199552,310116351,4696981.65,7393774.63,13948660,10,10,10,0,0,0,0,0,0,1286143,2502655,3231743,1362670.16,5000
1782775796,0,13953660,0,10760.62,5004.90,1609727,2807807,4612095,16130047,33652735,199552,310116351,4695788.09,7392748.44,13953660,10,10,10,0,0,0,0,0,0,1143807,2590719,7315455,1366103.22,5000
1782775797,0,13958660,0,10756.18,4999.24,1608703,2807807,4612095,16130047,33652735,199552,310116351,4694559.91,7391718.69,13958660,10,10,10,0,0,0,0,0,0,1133567,2574335,3459071,1267031.32,5000
1782775798,0,13963660,0,10751.74,4999.79,1607679,2807807,4612095,16121855,33619967,199552,310116351,4693296.04,7390707.95,13963660,10,10,10,0,0,0,0,0,0,1043455,2052095,4153343,1164894.37,5000
1782775799,0,13968660,0,10747.32,4999.75,1606655,2805759,4607999,16121855,33619967,199552,310116351,4692064.90,7389685.21,13968660,10,10,10,0,0,0,0,0,0,1077247,2566143,4689919,1253827.84,5000
1782775800,0,13973660,0,10742.89,4997.77,1605631,2805759,4607999,16121855,33619967,199552,310116351,4690815.42,7388665.18,13973660,10,10,10,0,0,0,0,0,0,1121279,2127871,3323903,1200093.07,5000
1782775801,0,13978660,0,10738.49,5001.87,1604607,2803711,4607999,16113663,33619967,199552,310116351,4689618.10,7387624.76,13978660,10,10,10,0,0,0,0,0,0,1238015,2736127,3622911,1343433.80,5000
1782775802,0,13983660,0,10734.08,4998.56,1603583,2803711,4603903,16113663,33619967,199552,310116351,4688409.67,7386634.72,13983660,10,10,10,0,0,0,0,0,0,1060863,2363391,6889471,1309971.00,5000
1782775803,0,13988660,0,10729.69,5002.60,1602559,2803711,4603903,16105471,33619967,199552,310116351,4687135.40,7385630.09,13988660,10,10,10,0,0,0,0,0,0,971263,2324479,3239935,1123343.21,5000
1782775804,0,13993660,0,10725.29,4997.10,1601535,2801663,4603903,16105471,33619967,199552,310116351,4685860.44,7384627.81,13993660,10,10,10,0,0,0,0,0,0,971775,2351103,3121151,1118854.00,5000
1782775805,0,13998660,0,10720.91,5002.84,1600511,2801663,4599807,16097279,33619967,199552,310116351,4684633.25,7383618.18,13998660,10,10,10,0,0,0,0,0,0,1025535,2478079,6463487,1250078.27,5000
1782775806,0,14003661,0,10716.53,5001.60,1599487,2801663,4599807,16097279,33619967,199552,310116351,4683345.94,7382620.21,14003661,10,10,10,0,0,0,0,0,0,949247,2148351,2721791,1079941.09,5001
1782775807,0,14008661,0,10712.16,5000.14,1598463,2799615,4599807,16089087,33587199,199552,310116351,4682075.96,7381616.06,14008661,10,10,10,0,0,0,0,0,0,982527,2228223,2883583,1125204.86,5000
1782775808,0,14013660,0,10707.79,4996.62,1597439,2799615,4595711,16089087,33587199,199552,310116351,4680836.28,7380610.08,14013660,10,10,10,0,0,0,0,0,0,1001471,2467839,6123519,1206892.42,4999
1782775809,0,14018660,0,10703.44,5001.70,1596415,2797567,4595711,16089087,33587199,199552,310116351,4679551.89,7379613.85,14018660,10,10,10,0,0,0,0,0,0,949247,2046975,3270655,1079748.97,5000
1782775810,0,14023660,0,10699.08,4996.10,1595391,2797567,4595711,16080895,33587199,199552,310116351,4678334.97,7378600.18,14023660,10,10,10,0,0,0,0,0,0,1110015,2103295,3475455,1266396.65,5000
1782775811,0,14028660,0,10694.74,5003.97,1594367,2797567,4591615,16080895,33587199,199552,310116351,4677125.75,7377587.46,14028660,10,10,10,0,0,0,0,0,0,1005055,2852863,6791167,1285607.90,5000
1782775812,0,14033660,0,10690.40,4997.11,1593343,2795519,4591615,16072703,33587199,199552,310116351,4675884.57,7376574.52,14033660,10,10,10,0,0,0,0,0,0,1053695,2402303,3172351,1193449.24,5000
1782775813,0,14038660,0,10686.07,5001.52,1592319,2795519,4591615,16072703,33587199,199552,310116351,4674616.76,7375581.20,14038660,10,10,10,0,0,0,0,0,0,965631,2033663,5644287,1116215.04,5000
1782775814,0,14043660,0,10681.74,4998.89,1591295,2795519,4587519,16064511,33587199,199552,310116351,4673359.72,7374576.31,14043660,10,10,10,0,0,0,0,0,0,1019903,2168831,3225599,1143937.95,5000
1782775815,0,14048660,0,10677.42,4997.78,1590271,2793471,4587519,16064511,33587199,199552,310116351,4672096.89,7373574.36,14048660,10,10,10,0,0,0,0,0,0,1008639,2234367,2734079,1125130.46,5000
1782775816,0,14053660,0,10673.11,5000.20,1589247,2793471,4587519,16064511,33554431,199552,310116351,4670853.99,7372564.62,14053660,10,10,10,0,0,0,0,0,0,1043967,2332671,3201023,1178653.24,5000
1782775817,0,14058660,0,10668.81,5000.96,1588223,2791423,4583423,16056319,33554431,199552,310116351,4669670.69,7371527.50,14058660,10,10,10,0,0,0,0,0,0,1235967,2371583,3317759,1343726.99,5000
1782775818,0,14063660,0,10664.51,5002.29,1587199,2791423,4583423,16056319,33554431,199552,310116351,4668452.59,7370507.45,14063660,10,10,10,0,0,0,0,0,0,1150975,2318335,3082239,1243495.83,5000
1782775819,0,14068660,0,10660.22,4998.10,1586175,2791423,4583423,16048127,33554431,199552,310116351,4667277.90,7369482.54,14068660,10,10,10,0,0,0,0,0,0,1218559,2435071,3942399,1363175.85,5000
1782775820,0,14141030,0,10706.94,72382.73,1592319,2801663,4640767,16842751,37978111,199552,310116351,4905999.10,8487040.35,14141030,10,10,10,0,0,0,0,0,0,43253759,127139839,149422079,51313175.29,72370
1782775821,0,14241830,0,10775.11,100852.10,1600511,2818047,4722687,17334271,39518207,199552,310116351,5034009.94,8809994.01,14241830,10,10,10,0,0,0,0,0,0,13484031,78708735,101711871,22992395.39,100800
1782775822,0,14341330,0,10842.18,99494.02,1609727,2834431,4804607,17661951,40042495,199552,310116351,5104727.07,8885684.95,14341330,10,10,10,0,0,0,0,0,0,11034623,45252607,66879487,15226749.58,99500
1782775823,0,14442630,0,10910.52,101269.19,1617919,2850815,4894719,18022399,40599551,199552,310116351,5182004.18,8967857.59,14442630,10,10,10,0,0,0,0,0,0,11771903,41844735,64913407,16122344.93,101300
1782775824,0,14542030,0,10977.32,99420.55,1626111,2865151,4988927,18268159,40763391,199552,310116351,5239985.79,8999266.55,14542030,10,10,10,0,0,0,0,0,0,10436607,33210367,52658175,13664604.06,99400
1782775825,0,14642030,0,11044.47,100008.50,1634303,2881535,5070847,18563071,41353215,199552,310116351,5308684.73,9067786.10,14642030,10,10,10,0,0,0,0,0,0,11026431,42827775,66224127,15298904.72,100000
1782775826,0,14742630,0,11111.97,100604.33,1643519,2897919,5165055,18939903,41975807,199552,310116351,5383104.66,9138545.55,14742630,10,10,10,0,0,0,0,0,0,11739135,44826623,56393727,16214704.08,100600
1782775827,0,14840030,0,11176.95,97353.97,1651711,2914303,5259263,19333119,42991615,199552,310116351,5474368.54,9270890.14,14840030,10,10,10,0,0,0,0,0,0,11468799,54853631,74645503,19288224.29,97400
1782775828,0,14942030,0,11245.30,101978.84,1659903,2930687,5365759,19726335,43909119,199552,310116351,5568976.76,9390026.16,14942030,10,10,10,0,0,0,0,0,0,14450687,49250303,71303167,19333572.39,102000
1782775829,0,15043030,0,11312.81,101055.20,1669119,2947071,5468159,20004863,44367871,199552,310116351,5638638.14,9468813.58,15043030,10,10,10,0,0,0,0,0,0,11337727,43450367,79233023,15944405.71,101000
1782775830,0,15141030,0,11377.95,98014.47,1677311,2963455,5566463,20348927,44728319,199552,310116351,5708877.97,9530214.80,15141030,10,10,10,0,0,0,0,0,0,12132351,43155455,62947327,16490713.63,98000
1782775831,0,15243030,0,11446.00,101977.18,1685503,2979839,5681151,20955135,46104575,199552,310116351,5826804.45,9723870.38,15243030,10,10,10,0,0,0,0,0,0,17252351,59539455,90505215,23331984.73,102000
1782775832,0,15342030,0,11511.69,99010.62,1694719,2996223,5791743,21184511,46039039,199552,310116351,5881261.77,9742160.02,15342030,10,10,10,0,0,0,0,0,0,11337727,33652735,44236799,14266054.03,99000
1782775833,0,15441030,0,11577.28,98940.47,1702911,3012607,5902335,21495807,46202879,199552,310116351,5948335.00,9781693.36,15441030,10,10,10,0,0,0,0,0,0,13778943,38567935,49741823,16342674.29,99000
1782775834,0,15542030,0,11644.28,100973.65,1711103,3028991,6012927,21856255,46759935,199552,310116351,6027200.04,9864918.32,15542030,10,10,10,0,0,0,0,0,0,13606911,50200575,70057983,18084203.51,101000
1782775835,0,15643030,0,11711.18,101056.92,1720319,3045375,6127615,22315007,46858239,199552,310116351,6105186.48,9918700.14,15643030,10,10,10,0,0,0,0,0,0,14426111,41615359,50855935,18105856.37,101000
1782775836,0,15743030,0,11777.22,99968.00,1729535,3061759,6238207,22790143,47513599,199552,310116351,6189111.24,10012645.11,15743030,10,10,10,0,0,0,0,0,0,14483455,49905663,72548351,19317487.37,100000
1782775837,0,15842030,0,11842.43,99033.09,1737727,3078143,6344703,23134207,47546367,199552,310116351,6257039.26,10056577.23,15842030,10,10,10,0,0,0,0,0,0,13877247,40665087,48136191,17058986.67,99000
1782775838,0,15942030,0,11908.28,100025.73,1746943,3094527,6459391,23412735,48300031,199552,310116351,6345146.17,10226302.64,15942030,10,10,10,0,0,0,0,0,0,13590527,76546047,113639423,20303069.26,100000
1782775839,0,16042630,0,11974.49,100619.96,1755135,3110911,6561791,23789567,48758783,199552,310116351,6425883.22,10304867.77,16042630,10,10,10,0,0,0,0,0,0,15245311,49577983,65208319,19220242.24,100600
1782775840,0,16134030,0,12033.72,91319.43,1763327,3127295,6676479,24035327,48726015,199552,310116351,6487923.68,10335172.65,16134030,10,10,10,0,0,0,0,0,0,15048703,37093375,46694399,17377334.57,91400
1782775841,0,16242088,0,12105.29,108095.30,1772543,3145727,6799359,24477695,50298879,199552,310116351,6615501.76,10616437.23,16242088,10,10,10,0,0,0,0,0,0,15319039,84410367,107937791,25664055.20,108058
1782775842,0,16343030,0,12171.45,100991.64,1781759,3164159,6922239,24936447,50888703,199552,310116351,6705446.07,10714610.78,16343030,10,10,10,0,0,0,0,0,0,15753215,51904511,76218367,21177949.14,100942
1782775843,0,16442508,0,12236.43,99457.76,1790975,3182591,7057407,25133055,50757631,199552,310116351,6761153.47,10725490.58,16442508,10,10,10,0,0,0,0,0,0,13254655,35389439,39550975,15913203.18,99478
1782775844,0,16538156,0,12298.45,95637.01,1799167,3198975,7163903,25411583,51642367,199552,310116351,6838563.18,10843435.43,16538156,10,10,10,0,0,0,0,0,0,12091391,64323583,90570751,20145791.53,95648
1782775845,0,16641030,0,12365.76,102862.38,1808383,3215359,7270399,25804799,52264959,199552,310116351,6916456.24,10925256.95,16641030,10,10,10,0,0,0,0,0,0,14614527,55410687,68616191,19438644.79,102874
1782775846,0,16742030,0,12431.57,100980.70,1817599,3233791,7380991,26230783,54394879,199552,310116351,7041365.31,11291801.75,16742030,10,10,10,0,0,0,0,0,0,13828095,103940095,142475263,27621717.60,101000
1782775847,0,16833666,0,12490.34,91689.50,1824767,3250175,7491583,26591231,55476223,199552,310116351,7125007.28,11412335.84,16833666,10,10,10,0,0,0,0,0,0,15499263,69795839,89128959,22406515.36,91636
1782775848,0,16941030,0,12560.68,107278.81,1835007,3270655,7602175,27017215,56590335,199552,310116351,7219961.22,11564961.26,16941030,10,10,10,0,0,0,0,0,0,12050431,69992447,102170623,22107846.54,107364
1782775849,0,17041408,0,12625.75,100446.76,1843199,3289087,7704575,27230207,56688639,199552,310116351,7274165.10,11593718.98,17041408,10,10,10,0,0,0,0,0,0,11673599,40828927,65667071,16422281.96,100378
1782775850,0,17142030,0,12690.89,100576.82,1852415,3307519,7798783,27475967,57049087,199552,310116351,7337124.10,11645706.39,17142030,10,10,10,0,0,0,0,0,0,12664831,51118079,74121215,17999901.31,100622
1782775851,0,17243030,0,12756.22,101016.66,1861631,3327999,7892991,27607039,56918015,199552,310116351,7382316.88,11655179.75,17243030,10,10,10,0,0,0,0,0,0,11182079,39944191,52035583,15052573.29,101000
1782775852,0,17342030,0,12819.98,99002.90,1869823,3346431,8007679,27918335,57278463,199552,310116351,7457067.63,11712488.96,17342030,10,10,10,0,0,0,0,0,0,16351231,52920319,64028671,20476558.07,99000
1782775853,0,17442085,0,12884.42,100099.63,1879039,3364863,8114175,28033023,57343999,199552,310116351,7507397.12,11731453.07,17442085,10,10,10,0,0,0,0,0,0,12189695,42172415,59342847,16230754.06,100055
1782775854,0,17542030,0,12948.68,99878.74,1888255,3383295,8216575,28262399,57704447,199552,310116351,7569253.65,11787523.68,17542030,10,10,10,0,0,0,0,0,0,12886015,50790399,81985535,18364259.20,99945
1782775855,0,17642030,0,13012.89,100006.79,1896447,3403775,8327167,28573695,57835519,199552,310116351,7638975.49,11837897.28,17642030,10,10,10,0,0,0,0,0,0,15155199,52396031,62849023,19869602.09,100000
1782775856,0,17740654,0,13075.99,98631.73,1905663,3422207,8413183,28655615,57704447,199552,310116351,7673892.72,11836967.49,17740654,10,10,10,0,0,0,0,0,0,10248191,36372479,50495487,13919945.60,98624
1782775857,0,17842030,0,13141.02,101356.29,1914879,3442687,8486911,28721151,57966591,199552,310116351,7713316.21,11860608.03,17842030,10,10,10,0,0,0,0,0,0,9912319,41648127,80281599,14612371.60,101376
1782775858,0,17943030,0,13205.69,101038.02,1924095,3461119,8560639,28852223,58359807,199552,310116351,7761450.48,11894130.52,17943030,10,10,10,0,0,0,0,0,0,11231231,50921471,70647807,16264549.33,101000
1782775859,0,18043030,0,13269.52,99952.93,1933311,3481599,8626175,29016063,58523647,199552,310116351,7806025.34,11925191.37,18043030,10,10,10,0,0,0,0,0,0,10543103,46858239,74579967,15804107.10,100000
1782775860,0,18140800,0,13331.62,97825.33,1941503,3502079,8708095,29212671,58589183,199552,310116351,7852190.80,11948789.95,18140800,10,10,10,0,0,0,0,0,0,11329535,47448063,60948479,16371824.99,97770
1782775861,0,18240030,0,13394.70,99194.34,1950719,3522559,8798207,29327359,58490879,199552,310116351,7895088.13,11955588.72,18240030,10,10,10,0,0,0,0,0,0,12713983,37224447,51773439,15737393.93,99230
1782775862,0,18342430,0,13460.02,102451.76,1959935,3540991,8847359,29327359,58425343,199552,310116351,7919443.14,11948006.68,18342430,10,10,10,0,0,0,0,0,0,9215999,28639231,47480831,12257685.65,102400
1782775863,0,18349230,0,13454.92,6654.30,1960959,3540991,8855551,29343743,58425343,199552,951582719,7926484.24,12097853.07,18349230,10,10,10,0,0,0,0,0,0,14335999,34668543,951058431,26919277.03,6800
1782775864,0,18543030,0,13587.27,197958.35,1978367,3583999,9084927,31293439,75497471,199552,1096810495,11167599.19,49469359.71,18543030,10,10,10,0,0,0,0,0,0,134742015,982515711,1064828927,318040476.48,193800
1782775865,0,18636520,0,13645.78,93551.86,1986559,3602431,9142271,31408127,75497471,199552,1096810495,11192903.24,49357019.18,18636520,10,10,10,0,0,0,0,0,0,11124735,48955391,77463551,16211769.51,93490
1782775866,0,18743030,0,13713.73,106491.35,1996799,3627007,9224191,31637503,76218367,199552,1096810495,11237776.35,49240711.33,18743030,10,10,10,0,0,0,0,0,0,11313151,65110015,87687167,19089419.02,106510
1782775867,0,18842030,0,13776.08,98974.33,2004991,3649535,9306111,31735807,76021759,199552,1096810495,11262138.46,49118994.92,18842030,10,10,10,0,0,0,0,0,0,12115967,41058303,51478527,15874460.00,99000
1782775868,0,18940557,0,13838.01,98599.20,2014207,3672063,9388031,31981567,76611583,199552,1096810495,11306351.00,49013917.16,18940557,10,10,10,0,0,0,0,0,0,12640255,58687487,97124351,19761434.01,98527
1782775869,0,19043030,0,13902.72,102451.57,2023423,3694591,9437183,31932415,76283903,199552,1096810495,11305576.61,48884589.77,19043030,10,10,10,0,0,0,0,0,0,9478143,23199743,41287679,11162443.41,102473
1782775870,0,19143030,0,13965.52,99968.93,2032639,3717119,9502719,32079871,76087295,199552,1096810495,11330897.22,48768702.17,19143030,10,10,10,0,0,0,0,0,0,11010047,47546367,67764223,16152708.84,100000
1782775871,0,19241230,0,14026.94,98248.18,2041855,3737599,9576447,32456703,78512127,199552,1096810495,11421055.66,48718890.28,19241230,10,10,10,0,0,0,0,0,0,14163967,106430463,145358847,28996469.33,98200
1782775872,0,19341060,0,14089.44,99776.07,2050047,3762175,9641983,32620543,78381055,199552,1096810495,11453592.37,48609454.68,19341060,10,10,10,0,0,0,0,0,0,10608639,57049087,75890687,17724717.00,99830
1782775873,0,19442430,0,14152.98,101432.38,2059263,3786751,9691135,32604159,78118911,199552,1096810495,11457971.15,48486553.57,19442430,10,10,10,0,0,0,0,0,0,9560063,29261823,43286527,12293428.22,101370
1782775874,0,19542030,0,14215.13,99549.95,2068479,3809279,9773055,32636927,77856767,199552,1096810495,11475255.97,48368585.10,19542030,10,10,10,0,0,0,0,0,0,11452415,35520511,46956543,14849341.58,99600
1782775875,0,19640230,0,14276.17,98201.17,2076671,3831807,9814015,32686079,77660159,199552,1096810495,11483500.29,48253561.55,19640230,10,10,10,0,0,0,0,0,0,9207807,38240255,50954239,13124138.21,98200
1782775876,0,19741030,0,14339.02,100789.12,2085887,3858431,9871359,32686079,77463551,199552,1096810495,11496314.07,48135446.25,19741030,10,10,10,0,0,0,0,0,0,10313727,32948223,48791551,13992996.46,100800
1782775877,0,19843030,0,14402.64,101958.84,2095103,3883007,9920511,32735231,77266943,199552,1096810495,11509324.03,48018436.38,19843030,10,10,10,0,0,0,0,0,0,10158079,37617663,56066047,14027265.81,102000
1782775878,0,19942030,0,14464.01,99085.64,2103295,3909631,9969663,32735231,77070335,199552,1096810495,11517327.81,47904161.08,19942030,10,10,10,0,0,0,0,0,0,9904127,32784383,52854783,13121562.24,99000
1782775879,0,20042830,0,14526.59,100805.40,2113535,3934207,10027007,32751615,76873727,199552,1096810495,11529318.62,47788991.81,20042830,10,10,10,0,0,0,0,0,0,10731519,34045951,44269567,13901552.36,100800
1782775880,0,20073700,0,14538.41,30843.05,2113535,3938303,10051583,32767999,76742655,199552,1096810495,11533733.06,47754569.02,20073700,10,10,10,0,0,0,0,0,0,12271615,38436863,49348607,14399874.12,30870
1782775881,0,20078700,0,14531.51,5000.92,2113535,3938303,10043391,32767999,76742655,199552,1096810495,11531183.92,47748897.45,20078700,10,10,10,0,0,0,0,0,0,1111039,2559999,4706303,1297066.55,5000
1782775882,0,20083700,0,14524.63,5003.46,2111487,3936255,10043391,32767999,76742655,199552,1096810495,11528594.00,47743236.05,20083700,10,10,10,0,0,0,0,0,0,1034239,2022399,2672639,1128132.58,5000
1782775883,0,20088700,0,14517.73,4995.51,2111487,3934207,10043391,32767999,76677119,199552,1096810495,11526061.43,47737565.29,20088700,10,10,10,0,0,0,0,0,0,1184767,2697215,4665343,1353372.16,5000
1782775884,0,20093700,0,14510.86,5001.88,2109439,3932159,10035199,32751615,76677119,199552,1096810495,11523486.58,47731905.15,20093700,10,10,10,0,0,0,0,0,0,1090559,2006015,2826239,1178439.91,5000
1782775885,0,20098700,0,14504.01,5002.55,2107391,3932159,10035199,32751615,76677119,199552,1096810495,11520904.44,47726249.14,20098700,10,10,10,0,0,0,0,0,0,987647,2340863,3284991,1143934.57,5000
1782775886,0,20103700,0,14497.15,4996.79,2107391,3930111,10035199,32751615,76677119,199552,1096810495,11518348.53,47720589.77,20103700,10,10,10,0,0,0,0,0,0,1134591,2301951,3727359,1244260.45,5000
1782775887,0,20108700,0,14490.31,5002.87,2105343,3928063,10027007,32751615,76611583,199552,1096810495,11515810.53,47714931.01,20108700,10,10,10,0,0,0,0,0,0,1078271,2791423,7315455,1311177.34,5000
1782775888,0,20113700,0,14483.47,4996.62,2105343,3928063,10027007,32751615,76611583,199552,1096810495,11513270.27,47709273.23,20113700,10,10,10,0,0,0,0,0,0,1145855,2609151,4218879,1296990.59,5000
1782775889,0,20118700,0,14476.64,4999.38,2103295,3926015,10027007,32735231,76611583,199552,1096810495,11510696.77,47703624.48,20118700,10,10,10,0,0,0,0,0,0,1003007,2273279,3088383,1158202.21,5000
1782775890,0,20123700,0,14469.83,5000.96,2103295,3923967,10027007,32735231,76546047,199552,1096810495,11508161.62,47697970.40,20123700,10,10,10,0,0,0,0,0,0,1172479,2531327,3715071,1307370.91,5000
1782775891,0,20128700,0,14463.03,5001.53,2101247,3923967,10018815,32735231,76546047,199552,1096810495,11505633.93,47692318.19,20128700,10,10,10,0,0,0,0,0,0,1092607,2852863,5525503,1332341.45,5000
1782775892,0,20133700,0,14456.24,5001.09,2099199,3921919,10018815,32735231,76480511,199552,1096810495,11503076.14,47686672.99,20133700,10,10,10,0,0,0,0,0,0,1086463,2142207,3743743,1206060.47,5000
1782775893,0,20138700,0,14449.45,4999.77,2099199,3919871,10018815,32718847,76480511,199552,1096810495,11500537.97,47681025.78,20138700,10,10,10,0,0,0,0,0,0,1161215,2402303,3588095,1279979.34,5000
1782775894,0,20143700,0,14442.67,4996.83,2097151,3919871,10010623,32718847,76480511,199552,1096810495,11497967.57,47675387.68,20143700,10,10,10,0,0,0,0,0,0,1045503,2115583,3119103,1145084.71,5000
1782775895,0,20148700,0,14435.91,5001.62,2096127,3917823,10010623,32718847,76414975,199552,1096810495,11495459.19,47669741.38,20148700,10,10,10,0,0,0,0,0,0,1107967,3082239,6266879,1389826.61,5000
1782775896,0,20153700,0,14429.16,5002.73,2095103,3915775,10010623,32718847,76414975,199552,1096810495,11492911.20,47664103.22,20153700,10,10,10,0,0,0,0,0,0,1104895,2252799,3477503,1225203.58,5000
1782775897,0,20158700,0,14422.40,4996.74,2093055,3915775,10002431,32702463,76414975,199552,1096810495,11490358.58,47658467.88,20158700,10,10,10,0,0,0,0,0,0,1111039,2022399,2674687,1201404.61,5000
1782775898,0,20163700,0,14415.67,5000.01,2092031,3913727,10002431,32702463,76414975,199552,1096810495,11487819.38,47652832.28,20163700,10,10,10,0,0,0,0,0,0,1137663,2390015,3409919,1250430.21,5000
1782775899,0,20168700,0,14408.94,5001.51,2091007,3911679,10002431,32702463,76414975,199552,1096810495,11485337.43,47647192.38,20168700,10,10,10,0,0,0,0,0,0,1156095,3096575,5591039,1476280.06,5000
1782775900,0,20173700,0,14402.23,4998.99,2089983,3911679,10002431,32702463,76349439,199552,1096810495,11482813.70,47641558.48,20173700,10,10,10,0,0,0,0,0,0,1103871,2961407,4044799,1302727.96,5000
1782775901,0,20178700,0,14395.52,4998.90,2088959,3909631,9994239,32686079,76349439,199552,1096810495,11480284.25,47635927.33,20178700,10,10,10,0,0,0,0,0,0,1184767,2181119,3198975,1274607.05,5000
1782775902,0,20183700,0,14388.82,5003.57,2087935,3907583,9994239,32686079,76349439,199552,1096810495,11477714.59,47630306.98,20183700,10,10,10,0,0,0,0,0,0,996863,2000895,2449407,1107250.41,5000
1782775903,0,20188700,0,14382.13,4997.45,2086911,3907583,9994239,32686079,76349439,199552,1096810495,11475246.91,47624670.34,20188700,10,10,10,0,0,0,0,0,0,1193983,3323903,8228863,1513873.87,5000
1782775904,0,20193700,0,14375.45,4998.65,2084863,3905535,9986047,32669695,76283903,199552,1096810495,11472678.11,47619054.48,20193700,10,10,10,0,0,0,0,0,0,969215,2101247,2891775,1100531.66,5000
1782775905,0,20198700,0,14368.78,5001.95,2083839,3903487,9986047,32669695,76283903,199552,1096810495,11470169.47,47613428.33,20198700,10,10,10,0,0,0,0,0,0,1216511,2410495,4505599,1338408.60,5000
1782775906,0,20203700,0,14362.13,5001.68,2082815,3903487,9986047,32669695,76283903,199552,1096810495,11467622.63,47607812.27,20203700,10,10,10,0,0,0,0,0,0,1060863,2234367,2885631,1179036.16,5000
1782775907,0,20208700,0,14355.47,4998.81,2081791,3901439,9977855,32669695,76283903,199552,1096810495,11465093.70,47602195.73,20208700,10,10,10,0,0,0,0,0,0,1085439,2085887,5271551,1246348.06,5000
1782775908,0,20213700,0,14348.84,5001.19,2080767,3899391,9977855,32653311,76283903,199552,1096810495,11462587.16,47596576.41,20213700,10,10,10,0,0,0,0,0,0,1173503,2732031,5124095,1331805.72,5000
1782775909,0,20218700,0,14342.20,4997.48,2079743,3899391,9977855,32653311,76283903,199552,1096810495,11460044.59,47590966.00,20218700,10,10,10,0,0,0,0,0,0,1092607,2022399,2729983,1181102.36,5000
1782775910,0,20223700,0,14335.58,5001.99,2077695,3897343,9977855,32653311,76283903,199552,1096810495,11457493.51,47585359.84,20223700,10,10,10,0,0,0,0,0,0,1064959,2020351,2711551,1141575.82,5000
1782775911,0,20228700,0,14328.96,4997.25,2076671,3895295,9969663,32653311,76218367,199552,1096810495,11454997.69,47579744.71,20228700,10,10,10,0,0,0,0,0,0,1197055,2660351,3915775,1360086.30,5000
1782775912,0,20233700,0,14322.36,5002.24,2075647,3893247,9969663,32636927,76218367,199552,1096810495,11452452.40,47574141.94,20233700,10,10,10,0,0,0,0,0,0,1016319,2334719,3190783,1154847.49,5000
1782775913,0,20238700,0,14315.76,4996.66,2074623,3893247,9969663,32636927,76218367,199552,1096810495,11449935.37,47568535.78,20238700,10,10,10,0,0,0,0,0,0,1110015,2347007,4653055,1264158.41,5000
1782775914,0,20243700,0,14309.18,5001.57,2073599,3891199,9961471,32636927,76218367,199552,1096810495,11447428.08,47562929.83,20243700,10,10,10,0,0,0,0,0,0,1120255,2543615,4231167,1298598.16,5000
1782775915,0,20248700,0,14302.61,5001.86,2072575,3889151,9961471,32636927,76218367,199552,1096810495,11444890.90,47557332.48,20248700,10,10,10,0,0,0,0,0,0,999423,2273279,4009983,1172487.48,5000
1782775916,0,20253700,0,14296.05,5001.51,2071551,3889151,9961471,32620543,76218367,199552,1096810495,11442370.82,47551733.04,20253700,10,10,10,0,0,0,0,0,0,1149951,2181119,3291135,1236696.14,5000
1782775917,0,20258700,0,14289.48,4995.74,2069503,3887103,9961471,32620543,76152831,199552,1096810495,11439838.47,47546138.75,20258700,10,10,10,0,0,0,0,0,0,1067007,2099199,3598335,1181979.70,5000
1782775918,0,20263700,0,14282.93,4999.57,2068479,3885055,9953279,32620543,76152831,199552,1096810495,11437298.23,47540548.27,20263700,10,10,10,0,0,0,0,0,0,1021439,2316287,3158015,1144883.15,5000
1782775919,0,20268700,0,14276.40,5004.31,2067455,3885055,9953279,32620543,76152831,199552,1096810495,11434833.52,47534947.81,20268700,10,10,10,0,0,0,0,0,0,1239039,2441215,8732671,1446029.64,5000
1782775920,0,20273700,0,14269.87,4999.54,2066431,3883007,9953279,32604159,76152831,199552,1096810495,11432294.12,47529361.34,20273700,10,10,10,0,0,0,0,0,0,1052671,1931263,2390015,1138215.99,5000
1782775921,0,20278700,0,14263.34,4995.98,2065407,3880959,9945087,32604159,76152831,199552,1096810495,11429767.20,47523774.60,20278700,10,10,10,0,0,0,0,0,0,1094655,2064383,2656255,1183752.52,5000
1782775922,0,20283700,0,14256.84,5002.45,2064383,3880959,9945087,32604159,76087295,199552,1096810495,11427248.91,47518188.31,20283700,10,10,10,0,0,0,0,0,0,1097727,2375679,3131391,1213720.12,5000
1782775923,0,20288700,0,14250.33,4997.73,2062335,3878911,9945087,32604159,76087295,199552,1096810495,11424738.44,47512602.77,20288700,10,10,10,0,0,0,0,0,0,1116159,2525183,3758079,1240430.81,5000
1782775924,0,20293700,0,14243.84,5000.28,2061311,3876863,9936895,32604159,76087295,199552,1096810495,11422216.90,47507021.53,20293700,10,10,10,0,0,0,0,0,0,1108991,2088959,2906111,1190451.56,5000
1782775925,0,20298688,0,14237.36,4992.04,2060287,3876863,9936895,32587775,76087295,199552,1096810495,11419680.47,47501460.35,20298688,10,10,10,0,0,0,0,0,0,989695,1972223,2942975,1100189.10,4988
1782775926,0,20303700,0,14230.88,5009.56,2059263,3874815,9936895,32587775,76087295,199552,1096810495,11417163.41,47495868.67,20303700,10,10,10,0,0,0,0,0,0,1085439,2136063,4804607,1223047.97,5012
1782775927,0,20308700,0,14224.42,5001.85,2058239,3872767,9928703,32587775,76087295,199552,1096810495,11414677.58,47490287.56,20308700,10,10,10,0,0,0,0,0,0,1179647,2154495,5517311,1320373.79,5000
1782775928,0,20313700,0,14217.96,4997.85,2056191,3872767,9928703,32587775,76021759,199552,1096810495,11412141.53,47484718.13,20313700,10,10,10,0,0,0,0,0,0,1076223,1953791,2351103,1111354.91,5000
1782775929,0,20318700,0,14211.52,5002.25,2055167,3870719,9928703,32571391,76021759,199552,1096810495,11409625.42,47479146.99,20318700,10,10,10,0,0,0,0,0,0,1068031,2039807,3055615,1187322.80,5000
1782775930,0,20323700,0,14205.08,4999.27,2054143,3868671,9928703,32571391,76021759,199552,1096810495,11407104.48,47473578.90,20323700,10,10,10,0,0,0,0,0,0,1080319,2076671,2557951,1162666.91,5000
1782775931,0,20328700,0,14198.65,4999.10,2053119,3868671,9920511,32571391,76021759,199552,1096810495,11404598.06,47468010.45,20328700,10,10,10,0,0,0,0,0,0,1065983,2263039,4034559,1216661.68,5000
1782775932,0,20333700,0,14192.23,5002.16,2052095,3866623,9920511,32571391,76021759,199552,1096810495,11402104.04,47462441.26,20333700,10,10,10,0,0,0,0,0,0,1169407,2044927,3397631,1262029.30,5000
1782775933,0,20338700,0,14185.82,4999.90,2050047,3864575,9920511,32571391,76021759,199552,1096810495,11399578.85,47456880.78,20338700,10,10,10,0,0,0,0,0,0,1031679,2142207,2744319,1130287.03,5000
1782775934,0,20343700,0,14179.41,4995.60,2049023,3864575,9912319,32555007,76021759,199552,1096810495,11397065.16,47451320.06,20343700,10,10,10,0,0,0,0,0,0,1064959,2170879,2711551,1172034.15,5000
1782775935,0,20348700,0,14173.02,5002.28,2047999,3862527,9912319,32555007,75956223,199552,1096810495,11394575.69,47445759.92,20348700,10,10,10,0,0,0,0,0,0,1071103,2260991,5144575,1265596.16,5000
1782775936,0,20353700,0,14166.64,5001.63,2046975,3860479,9912319,32555007,75956223,199552,1096810495,11392058.25,47440204.72,20353700,10,10,10,0,0,0,0,0,0,1082367,1808383,3577855,1146704.92,5000
1782775937,0,20358700,0,14160.26,4997.20,2044927,3860479,9904127,32555007,75956223,199552,1096810495,11389538.73,47434651.82,20358700,10,10,10,0,0,0,0,0,0,1045503,2088959,2562047,1133224.14,5000
1782775938,0,20363700,0,14153.89,4999.08,2043903,3858431,9904127,32538623,75956223,188032,1096810495,11387040.36,47429097.10,20363700,10,10,10,0,0,0,0,0,0,1058815,2322431,3960831,1214344.82,5000
1782775939,0,20368700,0,14147.54,5003.68,2042879,3856383,9904127,32538623,75956223,188032,1096810495,11384567.24,47423542.91,20368700,10,10,10,0,0,0,0,0,0,1103871,2097151,4542463,1312180.99,5000
1782775940,0,20370050,0,14138.65,1349.86,2042879,3856383,9904127,32538623,75956223,188032,1096810495,11383890.56,47422044.41,20370050,10,10,10,0,0,0,0,0,0,1122303,1997823,2263039,1174164.76,1350
1782775941,0,20370050,0,14128.85,0.00,2042879,3856383,9904127,32538623,75956223,188032,1096810495,11383890.56,47422044.41,20370050,10,10,10,0,0,0,0,0,0,0,0,0,0.00,0
1782775942,0,20370050,0,14119.05,0.00,2042879,3856383,9904127,32538623,75956223,188032,1096810495,11383890.56,47422044.41,20370050,10,10,10,0,0,0,0,0,0,0,0,0,0.00,0
