timestamp,sent_count,received_count,error_count,total_throughput,interval_throughput,latency_ns_p25,latency_ns_p50,latency_ns_p75,latency_ns_p95,latency_ns_p99,latency_ns_min,latency_ns_max,latency_ns_mean,latency_ns_stddev,latency_sample_count,connections,active_connections,connection_attempts,connection_failures,crashes_injected,reconnects,reconnect_failures,duplicate_count,gap_count,interval_latency_ns_p50,interval_latency_ns_p95,interval_latency_ns_p99,interval_latency_ns_mean,interval_latency_sample_count
1782774438,0,0,0,0.00,0.00,0,0,0,0,0,0,0,0.00,0.00,0,0,0,1,0,0,0,0,0,0,0,0,0,0.00,0
1782774439,0,0,0,0.00,0.00,0,0,0,0,0,0,0,0.00,0.00,0,1,1,1,0,0,0,0,0,0,0,0,0,0.00,0
1782774440,0,0,0,0.00,0.00,0,0,0,0,0,0,0,0.00,0.00,0,1,1,1,0,0,0,0,0,0,0,0,0,0.00,0
1782774441,0,0,0,0.00,0.00,0,0,0,0,0,0,0,0.00,0.00,0,1,1,1,0,0,0,0,0,0,0,0,0,0.00,0
1782774442,0,0,0,0.00,0.00,0,0,0,0,0,0,0,0.00,0.00,0,1,1,1,0,0,0,0,0,0,0,0,0,0.00,0
1782774443,0,0,0,0.00,0.00,0,0,0,0,0,0,0,0.00,0.00,0,1,1,1,0,0,0,0,0,0,0,0,0,0.00,0
1782774444,0,0,0,0.00,0.00,0,0,0,0,0,0,0,0.00,0.00,0,1,1,1,0,0,0,0,0,0,0,0,0,0.00,0
1782774445,0,0,0,0.00,0.00,0,0,0,0,0,0,0,0.00,0.00,0,2,2,2,0,0,0,0,0,0,0,0,0,0.00,0
1782774446,0,0,0,0.00,0.00,0,0,0,0,0,0,0,0.00,0.00,0,2,2,2,0,0,0,0,0,0,0,0,0,0.00,0
1782774447,0,0,0,0.00,0.00,0,0,0,0,0,0,0,0.00,0.00,0,2,2,2,0,0,0,0,0,0,0,0,0,0.00,0
1782774448,0,0,0,0.00,0.00,0,0,0,0,0,0,0,0.00,0.00,0,2,2,2,0,0,0,0,0,0,0,0,0,0.00,0
1782774449,0,0,0,0.00,0.00,0,0,0,0,0,0,0,0.00,0.00,0,2,2,2,0,0,0,0,0,0,0,0,0,0.00,0
1782774450,0,0,0,0.00,0.00,0,0,0,0,0,0,0,0.00,0.00,0,2,2,2,0,0,0,0,0,0,0,0,0,0.00,0
1782774451,0,0,0,0.00,0.00,0,0,0,0,0,0,0,0.00,0.00,0,2,2,2,0,0,0,0,0,0,0,0,0,0.00,0
1782774452,0,0,0,0.00,0.00,0,0,0,0,0,0,0,0.00,0.00,0,3,3,3,0,0,0,0,0,0,0,0,0,0.00,0
1782774453,0,0,0,0.00,0.00,0,0,0,0,0,0,0,0.00,0.00,0,3,3,3,0,0,0,0,0,0,0,0,0,0.00,0
1782774454,0,0,0,0.00,0.00,0,0,0,0,0,0,0,0.00,0.00,0,3,3,3,0,0,0,0,0,0,0,0,0,0.00,0
1782774455,0,0,0,0.00,0.00,0,0,0,0,0,0,0,0.00,0.00,0,3,3,3,0,0,0,0,0,0,0,0,0,0.00,0
1782774456,0,0,0,0.00,0.00,0,0,0,0,0,0,0,0.00,0.00,0,3,3,3,0,0,0,0,0,0,0,0,0,0.00,0
1782774457,0,0,0,0.00,0.00,0,0,0,0,0,0,0,0.00,0.00,0,3,3,3,0,0,0,0,0,0,0,0,0,0.00,0
1782774458,0,0,0,0.00,0.00,0,0,0,0,0,0,0,0.00,0.00,0,3,3,3,0,0,0,0,0,0,0,0,0,0.00,0
1782774459,0,0,0,0.00,0.00,0,0,0,0,0,0,0,0.00,0.00,0,4,4,4,0,0,0,0,0,0,0,0,0,0.00,0
1782774460,0,0,0,0.00,0.00,0,0,0,0,0,0,0,0.00,0.00,0,4,4,4,0,0,0,0,0,0,0,0,0,0.00,0
1782774461,0,0,0,0.00,0.00,0,0,0,0,0,0,0,0.00,0.00,0,4,4,4,0,0,0,0,0,0,0,0,0,0.00,0
1782774462,0,0,0,0.00,0.00,0,0,0,0,0,0,0,0.00,0.00,0,4,4,4,0,0,0,0,0,0,0,0,0,0.00,0
1782774463,0,0,0,0.00,0.00,0,0,0,0,0,0,0,0.00,0.00,0,4,4,4,0,0,0,0,0,0,0,0,0,0.00,0
1782774464,0,0,0,0.00,0.00,0,0,0,0,0,0,0,0.00,0.00,0,4,4,4,0,0,0,0,0,0,0,0,0,0.00,0
1782774465,0,0,0,0.00,0.00,0,0,0,0,0,0,0,0.00,0.00,0,5,5,5,0,0,0,0,0,0,0,0,0,0.00,0
1782774466,0,0,0,0.00,0.00,0,0,0,0,0,0,0,0.00,0.00,0,5,5,5,0,0,0,0,0,0,0,0,0,0.00,0
1782774467,0,0,0,0.00,0.00,0,0,0,0,0,0,0,0.00,0.00,0,5,5,5,0,0,0,0,0,0,0,0,0,0.00,0
1782774468,0,0,0,0.00,0.00,0,0,0,0,0,0,0,0.00,0.00,0,5,5,5,0,0,0,0,0,0,0,0,0,0.00,0
1782774469,0,0,0,0.00,0.00,0,0,0,0,0,0,0,0.00,0.00,0,5,5,5,0,0,0,0,0,0,0,0,0,0.00,0
1782774470,0,0,0,0.00,0.00,0,0,0,0,0,0,0,0.00,0.00,0,5,5,5,0,0,0,0,0,0,0,0,0,0.00,0
1782774471,0,0,0,0.00,0.00,0,0,0,0,0,0,0,0.00,0.00,0,5,5,5,0,0,0,0,0,0,0,0,0,0.00,0
1782774472,0,0,0,0.00,0.00,0,0,0,0,0,0,0,0.00,0.00,0,6,6,6,0,0,0,0,0,0,0,0,0,0.00,0
1782774473,0,0,0,0.00,0.00,0,0,0,0,0,0,0,0.00,0.00,0,6,6,6,0,0,0,0,0,0,0,0,0,0.00,0
1782774474,0,0,0,0.00,0.00,0,0,0,0,0,0,0,0.00,0.00,0,6,6,6,0,0,0,0,0,0,0,0,0,0.00,0
1782774475,0,0,0,0.00,0.00,0,0,0,0,0,0,0,0.00,0.00,0,6,6,6,0,0,0,0,0,0,0,0,0,0.00,0
1782774476,0,0,0,0.00,0.00,0,0,0,0,0,0,0,0.00,0.00,0,6,6,6,0,0,0,0,0,0,0,0,0,0.00,0
1782774477,0,0,0,0.00,0.00,0,0,0,0,0,0,0,0.00,0.00,0,6,6,6,0,0,0,0,0,0,0,0,0,0.00,0
1782774478,0,0,0,0.00,0.00,0,0,0,0,0,0,0,0.00,0.00,0,6,6,6,0,0,0,0,0,0,0,0,0,0.00,0
1782774479,0,0,0,0.00,0.00,0,0,0,0,0,0,0,0.00,0.00,0,7,7,7,0,0,0,0,0,0,0,0,0,0.00,0
1782774480,0,0,0,0.00,0.00,0,0,0,0,0,0,0,0.00,0.00,0,7,7,7,0,0,0,0,0,0,0,0,0,0.00,0
1782774481,0,0,0,0.00,0.00,0,0,0,0,0,0,0,0.00,0.00,0,7,7,7,0,0,0,0,0,0,0,0,0,0.00,0
1782774482,0,0,0,0.00,0.00,0,0,0,0,0,0,0,0.00,0.00,0,7,7,7,0,0,0,0,0,0,0,0,0,0.00,0
1782774483,0,0,0,0.00,0.00,0,0,0,0,0,0,0,0.00,0.00,0,7,7,7,0,0,0,0,0,0,0,0,0,0.00,0
1782774484,0,0,0,0.00,0.00,0,0,0,0,0,0,0,0.00,0.00,0,7,7,7,0,0,0,0,0,0,0,0,0,0.00,0
1782774485,0,0,0,0.00,0.00,0,0,0,0,0,0,0,0.00,0.00,0,8,8,8,0,0,0,0,0,0,0,0,0,0.00,0
1782774486,0,0,0,0.00,0.00,0,0,0,0,0,0,0,0.00,0.00,0,8,8,8,0,0,0,0,0,0,0,0,0,0.00,0
1782774487,0,0,0,0.00,0.00,0,0,0,0,0,0,0,0.00,0.00,0,8,8,8,0,0,0,0,0,0,0,0,0,0.00,0
1782774488,0,0,0,0.00,0.00,0,0,0,0,0,0,0,0.00,0.00,0,8,8,8,0,0,0,0,0,0,0,0,0,0.00,0
1782774489,0,0,0,0.00,0.00,0,0,0,0,0,0,0,0.00,0.00,0,8,8,8,0,0,0,0,0,0,0,0,0,0.00,0
1782774490,0,0,0,0.00,0.00,0,0,0,0,0,0,0,0.00,0.00,0,8,8,8,0,0,0,0,0,0,0,0,0,0.00,0
1782774491,0,0,0,0.00,0.00,0,0,0,0,0,0,0,0.00,0.00,0,8,8,8,0,0,0,0,0,0,0,0,0,0.00,0
1782774492,0,0,0,0.00,0.00,0,0,0,0,0,0,0,0.00,0.00,0,9,9,9,0,0,0,0,0,0,0,0,0,0.00,0
1782774493,0,0,0,0.00,0.00,0,0,0,0,0,0,0,0.00,0.00,0,9,9,9,0,0,0,0,0,0,0,0,0,0.00,0
1782774494,0,0,0,0.00,0.00,0,0,0,0,0,0,0,0.00,0.00,0,9,9,9,0,0,0,0,0,0,0,0,0,0.00,0
1782774495,0,0,0,0.00,0.00,0,0,0,0,0,0,0,0.00,0.00,0,9,9,9,0,0,0,0,0,0,0,0,0,0.00,0
1782774496,0,0,0,0.00,0.00,0,0,0,0,0,0,0,0.00,0.00,0,9,9,9,0,0,0,0,0,0,0,0,0,0.00,0
1782774497,0,0,0,0.00,0.00,0,0,0,0,0,0,0,0.00,0.00,0,9,9,9,0,0,0,0,0,0,0,0,0,0.00,0
1782774498,0,0,0,0.00,0.00,0,0,0,0,0,0,0,0.00,0.00,0,9,9,9,0,0,0,0,0,0,0,0,0,0.00,0
1782774499,0,0,0,0.00,0.00,0,0,0,0,0,0,0,0.00,0.00,0,10,10,10,0,0,0,0,0,0,0,0,0,0.00,0
1782774500,0,140,0,225.87,139.93,774655,1105919,1418239,2519039,4085759,455424,4179967,1222519.77,654995.97,140,10,10,10,0,0,0,0,0,0,1105919,2519039,4085759,1222519.77,140
1782774501,0,340,0,209.95,200.08,823295,1100799,1398783,2001919,3117055,441088,4179967,1180369.32,518387.13,340,10,10,10,0,0,0,0,0,0,1074175,1814527,2426879,1150864.00,200
1782774502,0,540,0,206.11,199.91,848383,1105919,1392639,1863679,2770943,337664,4179967,1164077.75,461753.06,540,10,10,10,0,0,0,0,0,0,1123327,1728511,1923071,1136382.08,200
1782774503,0,740,0,204.45,200.10,867839,1133567,1424383,2028543,2783231,337664,4179967,1202689.73,483313.10,740,10,10,10,0,0,0,0,0,0,1235967,2301951,2783231,1306942.08,200
1782774504,0,940,0,203.47,199.92,867327,1135615,1431551,2140159,2770943,337664,4179967,1210677.92,491788.85,940,10,10,10,0,0,0,0,0,0,1135615,2258943,2555903,1240234.24,200
1782774505,0,1140,0,202.84,199.94,821247,1086463,1390591,2101247,2727935,320256,4179967,1157650.64,489246.30,1140,10,10,10,0,0,0,0,0,0,900607,1364991,2383871,908422.40,200
1782774506,0,1340,0,202.43,200.13,811519,1070079,1382399,2046975,2705407,320256,4179967,1142956.90,480351.98,1340,10,10,10,0,0,0,0,0,0,965119,1868799,2131967,1059202.56,200
1782774507,0,1540,0,202.10,199.92,775679,1021951,1340415,2002943,2662399,320256,4179967,1108470.86,478625.98,1540,10,10,10,0,0,0,0,0,0,885759,1486847,2355199,877414.40,200
1782774508,0,1740,0,201.85,199.94,775167,1016831,1329151,1953791,2654207,320256,4179967,1097562.63,466451.61,1740,10,10,10,0,0,0,0,0,0,973311,1550335,1927167,1013569.28,200
1782774509,0,1940,0,201.67,200.09,758783,1008127,1310719,1928191,2582527,320256,4179967,1078090.49,461108.34,1940,10,10,10,0,0,0,0,0,0,897023,1577983,1928191,908682.88,200
1782774510,0,2140,0,201.51,200.02,762367,1010687,1315839,1928191,2582527,320256,4179967,1083776.84,463177.90,2140,10,10,10,0,0,0,0,0,0,1064959,1907711,2381823,1138934.40,200
1782774511,0,2340,0,201.39,200.04,767999,1011711,1317887,1927167,2562047,320256,4179967,1086049.09,457158.88,2340,10,10,10,0,0,0,0,0,0,1025023,1909759,2226175,1110362.24,200
1782774512,0,2540,0,201.28,200.04,767999,1010687,1314815,1925119,2578431,320256,4179967,1083874.82,457031.50,2540,10,10,10,0,0,0,0,0,0,979967,1711103,2719743,1058435.84,200
1782774513,0,2740,0,201.18,199.88,755199,999423,1290239,1897471,2555903,316672,4179967,1063924.74,451883.14,2740,10,10,10,0,0,0,0,0,0,811519,1151999,1248255,810558.72,200
1782774514,0,2940,0,201.10,200.03,756735,999423,1290239,1872895,2521087,311552,4179967,1062061.37,446134.41,2940,10,10,10,0,0,0,0,0,0,991743,1663999,1841151,1036533.12,200
1782774515,0,3140,0,201.02,199.91,751615,988159,1278975,1846271,2506751,311552,4179967,1052354.00,440418.01,3140,10,10,10,0,0,0,0,0,0,865791,1471487,1796095,909655.68,200
1782774516,0,3340,0,200.97,200.15,754687,991231,1279999,1836031,2486271,311552,4179967,1052528.25,435690.23,3340,10,10,10,0,0,0,0,0,0,1024511,1675263,1992703,1055264.00,200
1782774517,0,3540,0,200.91,199.93,748031,982527,1266687,1819647,2426879,311552,4179967,1042370.24,431607.41,3540,10,10,10,0,0,0,0,0,0,841727,1475583,1656831,872731.52,200
1782774518,0,3740,0,200.86,199.96,753151,990719,1277951,1815551,2422783,311552,4179967,1048135.53,429138.74,3740,10,10,10,0,0,0,0,0,0,1142783,1722367,2071551,1150181.12,200
1782774519,0,3940,0,200.82,200.13,753663,990207,1268735,1796095,2390015,311552,4179967,1045019.74,424571.67,3940,10,10,10,0,0,0,0,0,0,989183,1588223,1892351,986754.56,200
1782774520,0,4140,0,200.78,199.98,757247,994815,1271807,1794047,2381823,311552,4179967,1048288.96,421408.24,4140,10,10,10,0,0,0,0,0,0,1074175,1746943,1956863,1112692.48,200
1782774521,0,4340,0,200.74,199.91,752639,987647,1259519,1782783,2357247,311552,4179967,1039506.11,417410.50,4340,10,10,10,0,0,0,0,0,0,847359,1266687,1509375,857701.12,200
1782774522,0,4540,0,200.71,200.12,754687,992255,1271807,1808383,2422783,311552,4179967,1049465.66,426646.91,4540,10,10,10,0,0,0,0,0,0,1140735,2363391,2617343,1265587.84,200
1782774523,0,4740,0,200.68,199.94,748543,985087,1258495,1789951,2400255,311552,4179967,1040120.41,423576.00,4740,10,10,10,0,0,0,0,0,0,831999,1258495,1383423,827983.36,200
1782774524,0,4940,0,200.66,200.04,754175,991743,1269759,1822719,2439167,311552,6561791,1052292.22,442783.30,4940,10,10,10,0,0,0,0,0,0,1137663,2285567,2641919,1340764.16,200
1782774525,0,5140,0,200.63,200.03,754175,992255,1271807,1826815,2439167,311552,6561791,1052690.10,442747.40,5140,10,10,10,0,0,0,0,0,0,1014271,1835007,2402303,1062517.76,200
1782774526,0,5340,0,200.60,199.84,759295,996351,1277951,1832959,2486271,311552,6561791,1058704.16,446182.65,5340,10,10,10,0,0,0,0,0,0,1120255,2293759,2891775,1213265.28,200
1782774527,0,5540,0,200.58,200.00,762879,1002495,1287167,1852415,2564095,311552,6561791,1069509.94,464211.53,5540,10,10,10,0,0,0,0,0,0,1155071,2924543,4292607,1358024.32,200
1782774528,0,5740,0,200.57,200.17,768511,1008127,1296383,1873919,2598911,311552,6561791,1078125.16,469077.05,5740,10,10,10,0,0,0,0,0,0,1178623,2289663,2758655,1316766.72,200
1782774529,0,5940,0,200.54,199.96,774143,1011711,1305599,1889279,2598911,311552,6561791,1083956.75,469897.17,5940,10,10,10,0,0,0,0,0,0,1154047,2075647,2390015,1251323.52,200
1782774530,0,6140,0,200.52,199.85,778751,1018367,1323007,1907711,2586623,311552,6561791,1094501.57,472752.07,6140,10,10,10,0,0,0,0,0,0,1443839,2142207,2506751,1407682.56,200
1782774531,0,6340,0,200.51,200.09,784895,1025535,1340415,1956863,2631679,311552,6561791,1106819.55,482409.35,6340,10,10,10,0,0,0,0,0,0,1382399,2609151,3180543,1484981.76,200
1782774532,0,6540,0,200.49,199.94,787967,1029631,1351679,1977343,2637823,311552,6561791,1113499.56,486058.09,6540,10,10,10,0,0,0,0,0,0,1178623,2232319,2824191,1325255.68,200
1782774533,0,6740,0,200.48,200.05,791551,1031679,1355775,1988607,2693119,311552,7417855,1120212.32,505977.73,6740,10,10,10,0,0,0,0,0,0,1113087,2478079,5087231,1339719.68,200
1782774534,0,6940,0,200.47,200.10,795135,1033215,1359871,1990655,2752511,311552,7417855,1123054.98,507458.85,6940,10,10,10,0,0,0,0,0,0,1060863,2191359,3192831,1218852.48,200
1782774535,0,7140,0,200.45,199.84,795647,1033215,1361919,1983487,2725887,311552,7417855,1122138.60,504301.99,7140,10,10,10,0,0,0,0,0,0,1041919,1724415,1878015,1090340.48,200
1782774536,0,7340,0,200.44,200.10,796671,1036799,1367039,1983487,2725887,311552,7417855,1124208.90,503107.81,7340,10,10,10,0,0,0,0,0,0,1127423,1978367,2205695,1198118.40,200
1782774537,0,7540,0,200.43,199.90,791039,1030143,1359871,1982463,2715647,311552,7417855,1118850.87,502045.15,7540,10,10,10,0,0,0,0,0,0,858111,1938431,2187263,922211.20,200
1782774538,0,7740,0,200.41,199.98,793599,1031167,1359871,1972223,2695167,311552,7417855,1118644.19,498158.61,7740,10,10,10,0,0,0,0,0,0,1072127,1629183,1908735,1110852.48,200
1782774539,0,7940,0,200.41,200.11,798207,1036287,1369087,1988607,2693119,311552,7417855,1124645.67,499266.38,7940,10,10,10,0,0,0,0,0,0,1315839,2213887,2547711,1356903.04,200
1782774540,0,8140,0,200.40,200.04,800767,1038847,1370111,1988607,2662399,311552,7417855,1126537.29,497785.49,8140,10,10,10,0,0,0,0,0,0,1107967,2011135,2420735,1201634.56,200
1782774541,0,8340,0,200.39,200.01,803839,1042431,1382399,2020351,2719743,311552,7417855,1134894.67,508999.07,8340,10,10,10,0,0,0,0,0,0,1334271,2453503,4792319,1475040.00,200
1782774542,0,8540,0,200.38,199.85,808447,1046527,1389567,2042879,2789375,311552,7417855,1145473.95,538055.34,8540,10,10,10,0,0,0,0,0,0,1295359,2852863,6881279,1586629.76,200
1782774543,0,8740,0,200.37,200.12,811007,1050623,1394687,2044927,2770943,311552,7417855,1148897.87,536544.81,8740,10,10,10,0,0,0,0,0,0,1206271,2150399,2422783,1295099.52,200
1782774544,0,8940,0,200.36,200.00,812031,1050623,1394687,2044927,2758655,311552,7417855,1148961.23,534163.60,8940,10,10,10,0,0,0,0,0,0,1051647,1891327,2379775,1151729.92,200
1782774545,0,9140,0,200.35,200.05,808447,1044479,1387519,2031615,2750463,311552,7417855,1142439.07,531537.66,9140,10,10,10,0,0,0,0,0,0,887295,1262591,1476607,850898.56,200
1782774546,0,9340,0,200.34,199.87,808959,1046527,1389567,2040831,2725887,311552,7417855,1144102.87,530685.49,9340,10,10,10,0,0,0,0,0,0,1138687,2101247,2588671,1220138.24,200
1782774547,0,9540,0,200.34,200.03,809983,1046527,1389567,2042879,2725887,311552,7417855,1144691.59,529172.26,9540,10,10,10,0,0,0,0,0,0,1054719,2230271,2607103,1172184.96,200
1782774548,0,9740,0,200.33,200.02,812031,1047551,1391615,2041855,2750463,311552,7417855,1146222.34,528822.08,9740,10,10,10,0,0,0,0,0,0,1106943,1956863,3579903,1219239.04,200
1782774549,0,9940,0,200.32,199.97,814591,1051647,1396735,2042879,2750463,311552,7417855,1149741.43,528553.67,9940,10,10,10,0,0,0,0,0,0,1271807,2045951,2637823,1321121.28,200
1782774550,0,10140,0,200.32,199.97,816127,1052671,1398783,2044927,2750463,311552,7417855,1151470.95,527782.12,10140,10,10,10,0,0,0,0,0,0,1102847,2105343,2715647,1237427.84,200
1782774551,0,10340,0,200.31,200.01,817663,1055743,1403903,2044927,2750463,311552,7417855,1155218.61,527930.62,10340,10,10,10,0,0,0,0,0,0,1296383,2085887,2320383,1345224.96,200
1782774552,0,10540,0,200.31,200.11,819199,1057791,1405951,2049023,2725887,311552,7417855,1156554.31,526521.85,10540,10,10,10,0,0,0,0,0,0,1134591,2084863,2445311,1225610.24,200
1782774553,0,10740,0,200.30,199.86,820223,1057791,1406975,2050047,2752511,311552,7417855,1157560.77,526397.55,10740,10,10,10,0,0,0,0,0,0,1058815,2342911,3041279,1210600.96,200
1782774554,0,10940,0,200.29,199.98,822271,1058815,1412095,2063359,2758655,311552,7417855,1160324.48,526975.01,10940,10,10,10,0,0,0,0,0,0,1171455,2349055,2887679,1308736.00,200
1782774555,0,11140,0,200.29,200.05,823295,1060863,1414143,2069503,2752511,311552,7417855,1162500.32,526126.51,11140,10,10,10,0,0,0,0,0,0,1177599,2209791,2607103,1281518.72,200
1782774556,0,11340,0,200.28,199.97,825343,1063935,1420287,2073599,2727935,311552,7417855,1165463.65,525883.09,11340,10,10,10,0,0,0,0,0,0,1292287,2205695,2453503,1330520.96,200
1782774557,0,11540,0,200.28,200.10,824831,1063935,1421311,2073599,2727935,311552,7417855,1165793.39,525505.74,11540,10,10,10,0,0,0,0,0,0,1088511,2028543,2385919,1184489.60,200
1782774558,0,11740,0,200.27,200.00,827391,1068031,1427455,2079743,2727935,311552,7417855,1169717.44,525999.94,11740,10,10,10,0,0,0,0,0,0,1341439,2299903,2603007,1396135.04,200
1782774559,0,11940,0,200.27,199.87,829439,1069055,1432575,2079743,2725887,311552,7417855,1172178.52,524983.10,11940,10,10,10,0,0,0,0,0,0,1302527,2040831,2476031,1316644.48,200
1782774560,0,12160,0,200.60,220.18,829951,1070079,1433599,2082815,2727935,311552,7417855,1173268.44,524284.36,12160,10,10,10,0,0,0,0,0,0,1137663,2191359,2863103,1232421.24,220
1782774561,0,12360,0,200.59,199.94,825343,1068031,1427455,2075647,2725887,311552,7417855,1168031.88,523214.51,12360,10,10,10,0,0,0,0,0,0,794623,1378303,1641471,849648.64,200
1782774562,0,12560,0,200.58,199.94,826367,1068031,1427455,2073599,2715647,311552,7417855,1167507.39,520940.87,12560,10,10,10,0,0,0,0,0,0,1059839,1759231,2103295,1135094.40,200
1782774563,0,12760,0,200.57,200.06,826367,1068031,1426431,2073599,2715647,311552,7417855,1166717.33,520049.33,12760,10,10,10,0,0,0,0,0,0,1018367,2038783,2512895,1117101.44,200
1782774564,0,12960,0,200.56,199.99,826879,1068031,1426431,2072575,2705407,311552,7417855,1166885.81,518756.50,12960,10,10,10,0,0,0,0,0,0,1062911,2021375,2521087,1177634.56,200
1782774565,0,13160,0,200.55,200.04,827391,1068031,1426431,2064383,2693119,311552,7417855,1166365.39,516627.47,13160,10,10,10,0,0,0,0,0,0,1067007,1738751,1924095,1132642.56,200
1782774566,0,13360,0,200.54,199.99,828927,1069055,1430527,2071551,2693119,311552,7417855,1168620.58,516519.37,13360,10,10,10,0,0,0,0,0,0,1275903,2203647,2621439,1317011.84,200
1782774567,0,13560,0,200.53,200.03,829951,1069055,1431551,2069503,2674687,311552,7417855,1168881.77,514983.01,13560,10,10,10,0,0,0,0,0,0,1103871,1850367,2359295,1186328.96,200
1782774568,0,13760,0,200.53,199.97,830463,1070079,1433599,2073599,2693119,311552,7417855,1170547.96,515912.75,13760,10,10,10,0,0,0,0,0,0,1163263,2203647,3475455,1283516.16,200
1782774569,0,13960,0,200.52,199.88,831487,1071103,1433599,2073599,2684927,311552,7417855,1170801.09,514500.42,13960,10,10,10,0,0,0,0,0,0,1111039,1951743,2510847,1188216.32,200
1782774570,0,14160,0,200.51,200.00,832511,1071103,1433599,2070527,2674687,311552,7417855,1170637.38,512675.80,14160,10,10,10,0,0,0,0,0,0,1068031,1669119,2224127,1159210.24,200
1782774571,0,14360,0,200.50,200.05,832511,1071103,1433599,2069503,2668543,311552,7417855,1170505.90,511785.31,14360,10,10,10,0,0,0,0,0,0,1094655,2029567,2537471,1161197.44,200
1782774572,0,14560,0,200.50,199.95,833023,1071103,1433599,2064383,2662399,311552,7417855,1170305.58,509838.22,14560,10,10,10,0,0,0,0,0,0,1113087,1730559,1973247,1155922.56,200
1782774573,0,14760,0,200.49,200.06,833535,1071103,1433599,2064383,2684927,311552,7417855,1170599.88,509457.89,14760,10,10,10,0,0,0,0,0,0,1065983,1783807,3026943,1192024.96,200
1782774574,0,14960,0,200.48,200.04,834047,1071103,1432575,2061311,2674687,311552,7417855,1169661.72,507746.98,14960,10,10,10,0,0,0,0,0,0,1043967,1638399,2148351,1100425.60,200
1782774575,0,15160,0,200.48,200.06,834047,1071103,1431551,2058239,2674687,311552,7417855,1169348.33,506883.91,15160,10,10,10,0,0,0,0,0,0,1065983,1732607,2650111,1145906.56,200
1782774576,0,15360,0,200.47,199.87,834559,1071103,1430527,2052095,2662399,311552,7417855,1168890.92,505245.76,15360,10,10,10,0,0,0,0,0,0,1085439,1755135,2092031,1134219.52,200
1782774577,0,15560,0,200.47,200.13,834559,1072127,1432575,2049023,2662399,311552,7417855,1169324.71,503991.24,15560,10,10,10,0,0,0,0,0,0,1100799,1833983,2367487,1202639.36,200
1782774578,0,15760,0,200.46,200.03,835071,1072127,1433599,2049023,2662399,311552,7417855,1170103.56,503946.24,15760,10,10,10,0,0,0,0,0,0,1118207,2075647,2799615,1230698.24,200
1782774579,0,15960,0,200.45,199.94,835071,1072127,1432575,2044927,2660351,311552,7417855,1169333.63,502306.17,15960,10,10,10,0,0,0,0,0,0,1056767,1771519,1896447,1108663.04,200
1782774580,0,16160,0,200.45,199.89,835583,1072127,1431551,2042879,2656255,311552,7417855,1168744.48,500660.54,16160,10,10,10,0,0,0,0,0,0,1060863,1676287,1949695,1121730.56,200
1782774581,0,16360,0,200.44,200.00,836095,1073151,1432575,2037759,2654207,311552,7417855,1168767.16,499152.64,16360,10,10,10,0,0,0,0,0,0,1129471,1762303,1957887,1170599.68,200
1782774582,0,16560,0,200.44,200.02,837631,1074175,1433599,2039807,2658303,311552,7417855,1170365.97,499287.19,16560,10,10,10,0,0,0,0,0,0,1176575,2291711,2820095,1301148.80,200
1782774583,0,16760,0,200.43,200.00,837119,1074175,1433599,2039807,2654207,311552,7417855,1170334.36,498878.10,16760,10,10,10,0,0,0,0,0,0,1093631,2033663,2402303,1167716.48,200
1782774584,0,16960,0,200.43,200.10,837631,1074175,1433599,2037759,2654207,311552,7417855,1170011.28,497593.25,16960,10,10,10,0,0,0,0,0,0,1107967,1818623,2073599,1142936.96,200
1782774585,0,17160,0,200.42,199.95,834559,1072127,1429503,2032639,2648063,311552,7417855,1166111.59,496944.12,17160,10,10,10,0,0,0,0,0,0,834559,1292287,1489919,835418.24,200
1782774586,0,17360,0,200.42,199.93,834559,1072127,1431551,2033663,2660351,311552,7417855,1167086.57,497809.55,17360,10,10,10,0,0,0,0,0,0,1148927,2250751,3180543,1250739.84,200
1782774587,0,17560,0,200.41,200.03,835071,1073151,1431551,2038783,2684927,311552,7417855,1168304.00,499664.90,17560,10,10,10,0,0,0,0,0,0,1106943,2514943,3284991,1273976.96,200
1782774588,0,17760,0,200.41,200.04,834559,1072127,1430527,2034687,2674687,311552,7417855,1167168.97,498742.59,17760,10,10,10,0,0,0,0,0,0,980991,1816575,2010111,1067513.60,200
1782774589,0,17960,0,200.40,199.91,830975,1068031,1426431,2031615,2668543,311552,7417855,1162735.23,498479.67,17960,10,10,10,0,0,0,0,0,0,734207,1196031,1323007,769018.88,200
1782774590,0,18160,0,200.40,200.12,830975,1068031,1426431,2028543,2662399,311552,7417855,1162338.97,497370.51,18160,10,10,10,0,0,0,0,0,0,1035263,1781759,2244607,1126754.56,200
1782774591,0,18360,0,200.39,200.07,828415,1065983,1422335,2028543,2660351,311552,7417855,1159616.02,497119.31,18360,10,10,10,0,0,0,0,0,0,840703,1420287,2459647,912372.48,200
1782774592,0,18560,0,200.39,200.01,828927,1065983,1422335,2028543,2684927,311552,7417855,1160244.74,499518.52,18560,10,10,10,0,0,0,0,0,0,1055743,1786879,4358143,1217960.96,200
1782774593,0,18760,0,200.38,199.81,826367,1063935,1419263,2023423,2674687,311552,7417855,1157491.64,499038.01,18760,10,10,10,0,0,0,0,0,0,829951,1638399,1775615,902003.84,200
1782774594,0,18960,0,200.38,200.12,826367,1063935,1419263,2023423,2674687,311552,7417855,1157540.86,498887.78,18960,10,10,10,0,0,0,0,0,0,1059839,1981439,2433023,1162158.08,200
1782774595,0,19160,0,200.38,200.05,826879,1064959,1422335,2031615,2695167,311552,7417855,1159895.42,500441.81,19160,10,10,10,0,0,0,0,0,0,1317887,2478079,2881535,1383107.20,200
1782774596,0,19360,0,200.37,199.95,827391,1065983,1423359,2031615,2705407,311552,7417855,1160658.25,500782.67,19360,10,10,10,0,0,0,0,0,0,1136639,2148351,3086335,1233738.24,200
1782774597,0,19560,0,200.37,200.02,824319,1062911,1419263,2028543,2697215,311552,7417855,1156875.18,500259.09,19560,10,10,10,0,0,0,0,0,0,786943,1224703,1295359,790673.92,200
1782774598,0,19760,0,200.37,199.95,823295,1061887,1418239,2028543,2719743,311552,7417855,1156525.67,501254.43,19760,10,10,10,0,0,0,0,0,0,991743,1807359,3667967,1122343.68,200
1782774599,0,19960,0,200.36,199.96,823807,1061887,1418239,2027519,2715647,311552,7417855,1156735.58,500684.25,19960,10,10,10,0,0,0,0,0,0,1105919,1974271,2377727,1177474.56,200
1782774600,0,20160,0,200.36,200.02,824319,1061887,1418239,2026495,2705407,311552,7417855,1156585.67,499896.78,20160,10,10,10,0,0,0,0,0,0,1062911,1879039,2447359,1141624.32,200
1782774601,0,20360,0,200.35,199.93,820735,1058815,1414143,2022399,2697215,311552,7417855,1153085.30,499227.35,20360,10,10,10,0,0,0,0,0,0,776191,1143807,1339391,800247.68,200
1782774602,0,20560,0,200.35,200.13,820223,1058815,1413119,2016255,2695167,311552,7417855,1152045.12,497960.57,20560,10,10,10,0,0,0,0,0,0,1013759,1591295,1676287,1046154.88,200
1782774603,0,20760,0,200.35,199.91,818687,1055743,1409023,2010111,2684927,311552,7417855,1149023.14,497042.68,20760,10,10,10,0,0,0,0,0,0,854527,1176575,1362943,838364.16,200
1782774604,0,20960,0,200.34,199.96,818687,1055743,1407999,2004991,2674687,311552,7417855,1148378.31,495609.20,20960,10,10,10,0,0,0,0,0,0,1064959,1557503,1650687,1081445.12,200
1782774605,0,21160,0,200.34,200.05,816639,1053695,1404927,2002943,2674687,311552,7417855,1145915.67,495566.52,21160,10,10,10,0,0,0,0,0,0,811007,1634303,2433023,887831.04,200
1782774606,0,21360,0,200.34,200.11,816127,1052671,1404927,2001919,2668543,311552,7417855,1145476.84,494890.89,21360,10,10,10,0,0,0,0,0,0,1017343,1846271,2129919,1099047.68,200
1782774607,0,21560,0,200.33,199.85,816639,1052671,1404927,2000895,2662399,311552,7417855,1145291.21,494233.96,21560,10,10,10,0,0,0,0,0,0,1036287,1925119,2109439,1125466.88,200
1782774608,0,21760,0,200.33,200.05,816639,1052671,1403903,2000895,2660351,311552,7417855,1144641.34,493482.72,21760,10,10,10,0,0,0,0,0,0,1022975,1666047,2433023,1074584.96,200
1782774609,0,21960,0,200.33,199.95,814591,1051647,1400831,1996799,2658303,311552,7417855,1142621.12,492879.13,21960,10,10,10,0,0,0,0,0,0,871423,1542143,1980415,922821.12,200
1782774610,0,22160,0,200.33,199.98,815615,1052671,1402879,1997823,2658303,311552,7417855,1143417.02,492759.93,22160,10,10,10,0,0,0,0,0,0,1162239,2197503,2650111,1230807.04,200
1782774611,0,22360,0,200.32,200.00,815103,1051647,1401855,1996799,2656255,311552,7417855,1142939.35,491977.81,22360,10,10,10,0,0,0,0,0,0,1047551,1703935,2105343,1090012.80,200
1782774612,0,22560,0,200.32,200.05,816127,1053695,1404927,2000895,2654207,311552,7417855,1144685.40,492299.29,22560,10,10,10,0,0,0,0,0,0,1243135,2316287,2480127,1339894.40,200
1782774613,0,22760,0,200.32,200.12,813567,1050623,1400831,1998847,2650111,311552,7417855,1141597.09,491747.31,22760,10,10,10,0,0,0,0,0,0,776191,1167359,1227775,793235.20,200
1782774614,0,22960,0,200.31,199.93,813055,1049599,1399807,1996799,2654207,311552,7417855,1141307.79,491748.52,22960,10,10,10,0,0,0,0,0,0,969727,1929215,3119103,1108385.28,200
1782774615,0,23160,0,200.31,199.99,811519,1048063,1398783,1996799,2650111,311552,7417855,1139316.07,491552.05,23160,10,10,10,0,0,0,0,0,0,846847,1744895,2265087,910667.52,200
1782774616,0,23360,0,200.31,200.09,812031,1049599,1400831,2000895,2662399,311552,7417855,1141600.26,494768.07,23360,10,10,10,0,0,0,0,0,0,1235967,3295231,3790847,1406108.80,200
1782774617,0,23560,0,200.31,199.94,809471,1047039,1397759,1998847,2660351,311552,7417855,1138824.39,494174.54,23560,10,10,10,0,0,0,0,0,0,817663,1223679,1347583,814602.88,200
1782774618,0,23760,0,200.30,199.89,809983,1048063,1398783,1996799,2658303,311552,7417855,1139404.71,493484.58,23760,10,10,10,0,0,0,0,0,0,1169407,1768447,2320383,1207766.40,200
1782774619,0,23960,0,200.30,200.01,809471,1047039,1397759,1993727,2656255,311552,7417855,1138257.05,492545.95,23960,10,10,10,0,0,0,0,0,0,927743,1611775,1895423,1001915.52,200
1782774620,0,24360,0,201.96,400.15,812543,1052671,1407999,2032639,2777087,311552,7417855,1148249.11,503954.96,24360,10,10,10,0,0,0,0,0,0,1674239,3327999,3588095,1746773.44,400
1782774621,0,24860,0,204.41,499.93,816639,1058815,1416191,2035711,2785279,308224,7417855,1153236.45,504323.08,24860,10,10,10,0,0,0,0,0,0,1354751,2142207,2947071,1396219.65,500
1782774622,0,25360,0,206.82,499.89,820223,1065983,1428479,2058239,2805759,308224,12566527,1164801.01,543671.79,25360,10,10,10,0,0,0,0,0,0,1548287,2605055,10706943,1739790.85,500
1782774623,0,25860,0,209.19,500.41,824831,1072127,1442815,2095103,2859007,308224,12566527,1175705.72,550765.47,25860,10,10,10,0,0,0,0,0,0,1643519,2805759,3551231,1728792.58,500
1782774624,0,26360,0,211.52,500.00,828927,1078271,1453055,2109439,2859007,308224,12566527,1182948.96,552204.31,26360,10,10,10,0,0,0,0,0,0,1522687,2418687,2754559,1557569.54,500
1782774625,0,26860,0,213.82,499.88,830975,1082367,1454079,2105343,2850815,295168,12566527,1184492.54,549884.77,26860,10,10,10,0,0,0,0,0,0,1254399,1960959,2193407,1265869.82,500
1782774626,0,27360,0,216.08,499.89,834559,1089535,1464319,2115583,2856959,295168,12566527,1191767.28,551648.73,27360,10,10,10,0,0,0,0,0,0,1530879,2531327,2916351,1582566.40,500
1782774627,0,27860,0,218.30,500.00,837119,1093631,1467391,2113535,2850815,295168,12566527,1194090.83,549823.89,27860,10,10,10,0,0,0,0,0,0,1321983,1937407,2525183,1321235.46,500
1782774628,0,28360,0,220.49,499.92,840703,1099775,1475583,2127871,2873343,295168,12566527,1201173.14,552574.60,28360,10,10,10,0,0,0,0,0,0,1522687,2689023,3313663,1595799.55,500
1782774629,0,28860,0,222.65,500.24,844287,1105919,1480703,2131967,2881535,295168,12566527,1205836.17,552766.13,28860,10,10,10,0,0,0,0,0,0,1409023,2570239,3194879,1470323.46,500
1782774630,0,29360,0,224.78,500.09,848383,1114111,1491967,2152447,2916351,295168,12566527,1215020.18,556941.00,29360,10,10,10,0,0,0,0,0,0,1696767,2867199,3354623,1745121.02,500
1782774631,0,29860,0,226.87,499.57,850943,1119231,1500159,2160639,2924543,295168,12566527,1221256.64,563591.59,29860,10,10,10,0,0,0,0,0,0,1521663,2410495,4444159,1587461.38,500
1782774632,0,30360,0,228.93,500.25,854527,1125375,1508351,2170879,2955263,295168,12566527,1227712.60,566515.01,30360,10,10,10,0,0,0,0,0,0,1548287,2809855,3653631,1613262.85,500
1782774633,0,30860,0,230.95,499.96,856575,1128447,1510399,2168831,2947071,295168,12566527,1229219.70,564255.61,30860,10,10,10,0,0,0,0,0,0,1308671,1946623,2326527,1320730.62,500
1782774634,0,31360,0,232.95,499.95,858111,1132543,1515519,2174975,2971647,295168,12566527,1232967.83,565974.79,31360,10,10,10,0,0,0,0,0,0,1389567,2611199,3446783,1464302.34,500
1782774635,0,31860,0,234.92,500.21,861183,1138687,1522687,2189311,2971647,295168,12566527,1239548.90,567739.36,31860,10,10,10,0,0,0,0,0,0,1626111,2492415,2967551,1652313.86,500
1782774636,0,32360,0,236.86,499.84,864255,1143807,1528831,2205695,2998271,295168,12566527,1245062.06,570765.16,32360,10,10,10,0,0,0,0,0,0,1490943,2760703,3743743,1596360.70,500
1782774637,0,32860,0,238.77,500.12,865279,1145855,1529855,2203647,2994175,295168,12566527,1245836.59,569386.00,32860,10,10,10,0,0,0,0,0,0,1267711,2109439,2770943,1295963.90,500
1782774638,0,33360,0,240.66,500.07,868863,1151999,1538047,2215935,3016703,295168,12566527,1252740.74,571597.95,33360,10,10,10,0,0,0,0,0,0,1667071,2711551,3362815,1706481.66,500
1782774639,0,33860,0,242.52,499.64,871935,1159167,1546239,2230271,3055615,291840,12566527,1259486.70,575396.74,33860,10,10,10,0,0,0,0,0,0,1611775,3057663,3829759,1709576.96,500
1782774640,0,34360,0,244.35,500.01,875007,1165311,1552383,2246655,3115007,291840,18137087,1269901.38,625647.98,34360,10,10,10,0,0,0,0,0,0,1572863,4077567,16285695,1975183.62,500
1782774641,0,34860,0,246.15,500.29,878079,1168383,1553407,2244607,3108863,291840,18137087,1271928.05,623402.83,34860,10,10,10,0,0,0,0,0,0,1393663,2164735,2826239,1411200.51,500
1782774642,0,35360,0,247.93,499.90,880127,1173503,1557503,2248703,3112959,291840,18137087,1275687.82,623033.39,35360,10,10,10,0,0,0,0,0,0,1506303,2490367,3422207,1537819.39,500
1782774643,0,35860,0,249.69,500.09,882175,1175551,1557503,2242559,3108863,291840,18137087,1275688.93,620290.82,35860,10,10,10,0,0,0,0,0,0,1271807,1891327,2215935,1275767.55,500
1782774644,0,36360,0,251.42,499.96,884735,1179647,1561599,2252799,3121151,291840,18137087,1279718.19,621906.51,36360,10,10,10,0,0,0,0,0,0,1459199,2863103,3575807,1568696.58,500
1782774645,0,36860,0,253.12,499.64,886783,1181695,1559551,2248703,3127295,291840,18137087,1282864.93,654012.57,36860,10,10,10,0,0,0,0,0,0,1259519,1864703,13967359,1511695.62,500
1782774646,0,37360,0,254.81,500.28,889343,1186815,1565695,2256895,3127295,291840,18137087,1286881.61,653531.66,37360,10,10,10,0,0,0,0,0,0,1567743,2562047,3082239,1582991.62,500
1782774647,0,37860,0,256.47,499.87,892415,1191935,1571839,2265087,3174399,291840,18137087,1292443.29,655790.93,37860,10,10,10,0,0,0,0,0,0,1594367,3110911,4163583,1708012.03,500
1782774648,0,38360,0,258.11,500.17,895487,1198079,1577983,2273279,3180543,291840,18137087,1297023.49,655898.74,38360,10,10,10,0,0,0,0,0,0,1562623,2707455,3411967,1643836.16,500
1782774649,0,38860,0,259.73,499.99,897023,1202175,1581055,2275327,3188735,291840,18137087,1299660.95,655826.97,38860,10,10,10,0,0,0,0,0,0,1437695,2340863,3647487,1502006.78,500
1782774650,0,39360,0,261.32,499.89,899071,1207295,1586175,2281471,3180543,291840,18137087,1303510.72,655044.76,39360,10,10,10,0,0,0,0,0,0,1576959,2461695,2732031,1602714.62,500
1782774651,0,39860,0,262.89,500.03,899583,1207295,1585151,2279423,3174399,276224,18137087,1303010.37,652988.62,39860,10,10,10,0,0,0,0,0,0,1213439,2207743,2559999,1263622.66,500
1782774652,0,40360,0,264.45,499.97,902143,1211391,1589247,2285567,3166207,276224,18137087,1306340.33,652405.28,40360,10,10,10,0,0,0,0,0,0,1538047,2691071,3084287,1571804.93,500
1782774653,0,40860,0,265.98,499.92,904703,1217535,1596415,2306047,3217407,276224,18137087,1313911.20,660569.44,40860,10,10,10,0,0,0,0,0,0,1714175,3371007,6504447,1925031.68,500
1782774654,0,41360,0,267.49,499.97,907263,1223679,1604607,2322431,3287039,276224,18137087,1322769.61,687760.29,41360,10,10,10,0,0,0,0,0,0,1746943,3895295,12722175,2046679.30,500
1782774655,0,41860,0,268.99,500.03,909823,1228799,1609727,2330623,3284991,276224,18137087,1327007.90,687962.18,41860,10,10,10,0,0,0,0,0,0,1633279,2607103,3217407,1677598.72,500
1782774656,0,42360,0,270.46,500.05,912383,1235967,1614847,2338815,3297279,276224,18137087,1331322.34,687701.32,42360,10,10,10,0,0,0,0,0,0,1683455,2652159,3360767,1692527.62,500
1782774657,0,42860,0,271.92,500.08,915455,1241087,1622015,2347007,3289087,276224,18137087,1335853.62,687473.59,42860,10,10,10,0,0,0,0,0,0,1705983,2676735,3141631,1719743.74,500
1782774658,0,43360,0,273.36,499.94,918015,1246207,1628159,2351103,3323903,276224,18137087,1340603.56,689121.57,43360,10,10,10,0,0,0,0,0,0,1673215,3125247,3919871,1747768.32,500
1782774659,0,43860,0,274.78,500.17,921087,1252351,1637375,2363391,3323903,276224,18137087,1346204.98,689548.79,43860,10,10,10,0,0,0,0,0,0,1810431,2768895,3276799,1831959.81,500
1782774660,0,44360,0,276.18,499.63,923647,1257471,1642495,2373631,3315711,276224,18137087,1350312.15,689572.63,44360,10,10,10,0,0,0,0,0,0,1686527,2734079,3141631,1710593.54,500
1782774661,0,44860,0,277.57,500.38,926207,1262591,1649663,2377727,3313663,276224,18137087,1354240.42,689117.12,44860,10,10,10,0,0,0,0,0,0,1713151,2570239,3248127,1702756.10,500
1782774662,0,45360,0,278.93,499.79,928255,1266687,1655807,2385919,3323903,276224,18137087,1358676.09,689546.03,45360,10,10,10,0,0,0,0,0,0,1747967,2838527,3487743,1756645.12,500
1782774663,0,45860,0,280.28,500.08,930303,1269759,1658879,2394111,3350527,276224,18317311,1364313.47,723940.65,45860,10,10,10,0,0,0,0,0,0,1454079,3158015,15884287,1875735.81,500
1782774664,0,46360,0,281.62,500.02,932351,1272831,1661951,2396159,3352575,276224,18317311,1366757.10,722766.12,46360,10,10,10,0,0,0,0,0,0,1540095,2646015,3518463,1590887.42,500
1782774665,0,46860,0,282.94,499.73,932863,1273855,1660927,2396159,3352575,276224,18317311,1366784.94,721404.45,46860,10,10,10,0,0,0,0,0,0,1324031,2332671,3987455,1369366.02,500
1782774666,0,47360,0,284.24,500.35,934911,1275903,1662975,2398207,3360767,276224,18317311,1368771.11,720857.41,47360,10,10,10,0,0,0,0,0,0,1471487,2768895,3915775,1554915.33,500
1782774667,0,47860,0,285.53,500.00,936447,1277951,1666047,2404351,3375103,276224,18317311,1373969.67,744752.29,47860,10,10,10,0,0,0,0,0,0,1495039,2807807,13516799,1866377.22,500
1782774668,0,48360,0,286.80,499.96,939007,1281023,1669119,2412543,3381247,276224,18317311,1376796.24,744065.79,48360,10,10,10,0,0,0,0,0,0,1532927,2732031,3704831,1647355.14,500
1782774669,0,48860,0,288.06,500.09,940543,1282047,1667071,2406399,3375103,276224,18317311,1376408.87,741117.41,48860,10,10,10,0,0,0,0,0,0,1316863,1908735,2191359,1338942.98,500
1782774670,0,49360,0,289.30,499.70,942079,1285119,1670143,2418687,3373055,276224,18317311,1379132.36,740838.49,49360,10,10,10,0,0,0,0,0,0,1552383,3012607,3311615,1645271.81,500
1782774671,0,49860,0,290.53,499.97,943103,1288191,1674239,2418687,3371007,276224,18317311,1380965.94,739518.43,49860,10,10,10,0,0,0,0,0,0,1539071,2463743,3282943,1561976.83,500
1782774672,0,50360,0,291.74,500.11,945151,1290239,1675263,2420735,3379199,276224,18317311,1383482.66,742557.39,50360,10,10,10,0,0,0,0,0,0,1499135,2766847,6283263,1634449.92,500
1782774673,0,50860,0,292.94,500.14,946175,1292287,1676287,2418687,3385343,276224,18317311,1384642.05,741787.44,50860,10,10,10,0,0,0,0,0,0,1436671,2125823,5083135,1501415.94,500
1782774674,0,51360,0,294.13,500.06,948735,1295359,1680383,2420735,3379199,276224,18317311,1386722.97,740135.81,51360,10,10,10,0,0,0,0,0,0,1595391,2480127,2752511,1598393.60,500
1782774675,0,51860,0,295.30,499.65,949759,1297407,1683455,2422783,3385343,276224,18317311,1388615.65,739412.50,51860,10,10,10,0,0,0,0,0,0,1521663,2766847,3778559,1583031.55,500
1782774676,0,52360,0,296.46,500.26,951807,1299455,1686527,2433023,3399679,276224,18317311,1392315.09,744457.24,52360,10,10,10,0,0,0,0,0,0,1533951,3135487,7155711,1776021.25,500
1782774677,0,52860,0,297.60,500.12,952319,1298431,1683455,2428927,3389439,276224,18317311,1390873.60,742070.68,52860,10,10,10,0,0,0,0,0,0,1222655,1854463,2543615,1239920.90,500
1782774678,0,53360,0,298.73,499.67,953343,1300479,1684479,2426879,3399679,276224,18317311,1391994.13,740944.26,53360,10,10,10,0,0,0,0,0,0,1445887,2289663,4171775,1510456.06,500
1782774679,0,53860,0,299.86,500.40,954879,1302527,1686527,2430975,3401727,276224,18317311,1393972.69,739945.86,53860,10,10,10,0,0,0,0,0,0,1549311,2805759,3426303,1605125.63,500
1782774680,0,54200,0,300.08,339.94,955903,1303551,1688575,2435071,3401727,276224,18317311,1395421.10,739569.69,54200,10,10,10,0,0,0,0,0,0,1548287,2758655,3487743,1624865.13,340
1782774681,0,54400,0,299.53,199.90,955391,1302527,1687551,2433023,3397631,276224,18317311,1394356.88,738643.80,54400,10,10,10,0,0,0,0,0,0,1083391,1632255,1833983,1105955.20,200
1782774682,0,54600,0,298.98,199.98,954879,1302527,1686527,2430975,3391487,276224,18317311,1393699.11,737691.92,54600,10,10,10,0,0,0,0,0,0,1203199,1849343,2096127,1214784.00,200
1782774683,0,54800,0,298.44,200.06,954879,1301503,1685503,2428927,3389439,276224,18317311,1392967.54,736836.75,54800,10,10,10,0,0,0,0,0,0,1103871,1913855,2433023,1193248.64,200
1782774684,0,55000,0,297.91,200.04,954367,1300479,1684479,2428927,3387391,276224,18317311,1392436.54,736311.24,55000,10,10,10,0,0,0,0,0,0,1113087,2418687,3254271,1246944.00,200
1782774685,0,55200,0,297.38,200.03,953855,1299455,1683455,2426879,3387391,276224,18317311,1391738.32,735538.20,55200,10,10,10,0,0,0,0,0,0,1104895,1997823,2437119,1199726.08,200
1782774686,0,55400,0,296.86,200.03,953855,1298431,1682431,2426879,3385343,276224,18317311,1391161.47,734783.73,55400,10,10,10,0,0,0,0,0,0,1121279,2211839,2736127,1231952.00,200
1782774687,0,55600,0,296.34,199.91,953343,1298431,1680383,2424831,3385343,276224,18317311,1390298.70,733999.18,55600,10,10,10,0,0,0,0,0,0,1042943,1914879,2437119,1151312.00,200
1782774688,0,55800,0,295.83,200.00,952831,1297407,1679359,2422783,3385343,276224,18317311,1389426.26,733142.38,55800,10,10,10,0,0,0,0,0,0,1079295,1755135,2152447,1146888.32,200
1782774689,0,56000,0,295.33,199.94,952831,1296383,1678335,2422783,3383295,276224,18317311,1389076.75,732336.85,56000,10,10,10,0,0,0,0,0,0,1238015,2177023,2437119,1291561.60,200
1782774690,0,56200,0,294.83,200.08,952831,1296383,1678335,2420735,3381247,276224,18317311,1388541.53,731425.77,56200,10,10,10,0,0,0,0,0,0,1248255,1815551,1951743,1238680.96,200
1782774691,0,56400,0,294.33,199.92,952319,1296383,1677311,2420735,3379199,276224,18317311,1387869.97,730546.11,56400,10,10,10,0,0,0,0,0,0,1116159,1822719,2172927,1199160.96,200
1782774692,0,56600,0,293.84,200.00,952319,1295359,1676287,2418687,3375103,276224,18317311,1387259.31,729730.65,56600,10,10,10,0,0,0,0,0,0,1160191,1977343,2471935,1215053.44,200
1782774693,0,56800,0,293.36,200.08,951807,1294335,1675263,2418687,3375103,276224,18317311,1386299.79,728952.29,56800,10,10,10,0,0,0,0,0,0,1042431,1682431,2408447,1114754.56,200
1782774694,0,57000,0,292.88,199.89,951295,1293311,1674239,2416639,3373055,276224,18317311,1385627.61,728088.44,57000,10,10,10,0,0,0,0,0,0,1160191,1841151,2134015,1194729.60,200
1782774695,0,57200,0,292.40,200.15,950783,1293311,1673215,2414591,3373055,276224,18317311,1384799.12,727247.00,57200,10,10,10,0,0,0,0,0,0,1117183,1720319,1789951,1148680.32,200
1782774696,0,57400,0,291.93,199.95,950271,1292287,1672191,2410495,3371007,276224,18317311,1384013.00,726415.03,57400,10,10,10,0,0,0,0,0,0,1103871,1880063,1997823,1159182.08,200
1782774697,0,57600,0,291.47,199.92,949759,1291263,1671167,2410495,3371007,276224,18317311,1383368.72,725780.64,57600,10,10,10,0,0,0,0,0,0,1099775,2203647,2484223,1198460.80,200
1782774698,0,57800,0,291.01,200.02,949247,1290239,1669119,2408447,3368959,276224,18317311,1382518.48,724997.98,57800,10,10,10,0,0,0,0,0,0,1069055,1796095,2381823,1137648.00,200
1782774699,0,58000,0,290.55,200.03,949247,1289215,1668095,2406399,3366911,276224,18317311,1381742.49,724167.02,58000,10,10,10,0,0,0,0,0,0,1137663,1722367,2170879,1157481.60,200
1782774700,0,58200,0,290.10,200.04,948735,1288191,1667071,2406399,3364863,276224,18317311,1381030.63,723333.80,58200,10,10,10,0,0,0,0,0,0,1104895,1809407,2160639,1174592.00,200
1782774701,0,58400,0,289.65,200.04,948223,1287167,1666047,2402303,3362815,276224,18317311,1380059.23,722501.23,58400,10,10,10,0,0,0,0,0,0,1075199,1584127,1634303,1097381.12,200
1782774702,0,58600,0,289.21,199.85,947711,1286143,1663999,2402303,3360767,276224,18317311,1379266.52,721726.17,58600,10,10,10,0,0,0,0,0,0,1118207,1741823,2260991,1147794.56,200
1782774703,0,58800,0,288.77,200.05,947711,1286143,1662975,2402303,3360767,276224,18317311,1378702.82,721049.03,58800,10,10,10,0,0,0,0,0,0,1122303,2144255,2932735,1213541.12,200
1782774704,0,59000,0,288.34,200.03,947199,1285119,1661951,2400255,3358719,276224,18317311,1377829.92,720239.17,59000,10,10,10,0,0,0,0,0,0,1086463,1640447,1935359,1121194.88,200
1782774705,0,59200,0,287.91,200.01,946687,1284095,1660927,2398207,3358719,276224,18317311,1377093.12,719419.73,59200,10,10,10,0,0,0,0,0,0,1101823,1835007,2150399,1159739.52,200
1782774706,0,59400,0,287.48,199.95,946175,1283071,1659903,2398207,3356671,276224,18317311,1376274.35,718687.84,59400,10,10,10,0,0,0,0,0,0,1074175,1763327,2318335,1133918.08,200
1782774707,0,59600,0,287.06,199.99,945663,1282047,1659903,2398207,3356671,276224,18317311,1375626.80,718151.64,59600,10,10,10,0,0,0,0,0,0,1104895,1886207,3237887,1183304.32,200
1782774708,0,59800,0,286.65,200.01,945151,1281023,1658879,2396159,3352575,276224,18317311,1374906.40,717465.80,59800,10,10,10,0,0,0,0,0,0,1089535,1832959,2527231,1160225.92,200
1782774709,0,60000,0,286.23,200.06,945151,1279999,1656831,2396159,3352575,276224,18317311,1374092.08,716622.75,60000,10,10,10,0,0,0,0,0,0,1088511,1674239,1886207,1130611.84,200
1782774710,0,60200,0,285.82,199.99,945151,1278975,1656831,2394111,3352575,276224,18317311,1373561.93,715841.17,60200,10,10,10,0,0,0,0,0,0,1166335,1874943,2369535,1214516.48,200
1782774711,0,60400,0,285.42,199.89,945151,1278975,1655807,2394111,3352575,276224,18317311,1373394.76,715614.19,60400,10,10,10,0,0,0,0,0,0,1224703,2260991,3999743,1323077.12,200
1782774712,0,60600,0,285.02,200.03,944639,1278975,1654783,2394111,3352575,276224,18317311,1372758.92,715038.44,60600,10,10,10,0,0,0,0,0,0,1079295,1901567,2883583,1180732.80,200
1782774713,0,60800,0,284.62,200.04,944127,1277951,1653759,2392063,3352575,276224,18317311,1372087.37,714247.98,60800,10,10,10,0,0,0,0,0,0,1128447,1739775,2095103,1168609.92,200
1782774714,0,61000,0,284.22,200.02,943615,1277951,1653759,2392063,3352575,276224,18317311,1371391.08,713490.55,61000,10,10,10,0,0,0,0,0,0,1125375,1731583,2085887,1159717.12,200
1782774715,0,61200,0,283.83,200.00,943615,1276927,1652735,2390015,3350527,276224,18317311,1370717.68,712761.37,61200,10,10,10,0,0,0,0,0,0,1098751,1831935,2242559,1165331.84,200
1782774716,0,61400,0,283.45,199.92,943103,1275903,1651711,2387967,3348479,276224,18317311,1369966.18,712003.19,61400,10,10,10,0,0,0,0,0,0,1083391,1721343,1918975,1140005.76,200
1782774717,0,61600,0,283.06,200.10,943103,1275903,1651711,2387967,3348479,276224,18317311,1369771.16,711448.81,61600,10,10,10,0,0,0,0,0,0,1249279,2275327,2674687,1309902.08,200
1782774718,0,61800,0,282.68,199.94,943103,1275903,1650687,2385919,3342335,276224,18317311,1369188.99,710707.74,61800,10,10,10,0,0,0,0,0,0,1139711,1828863,2099199,1189879.68,200
1782774719,0,62000,0,282.31,200.02,942591,1274879,1649663,2385919,3336191,276224,18317311,1368772.07,710203.92,62000,10,10,10,0,0,0,0,0,0,1151999,2316287,2940927,1239943.68,200
1782774720,0,62200,0,281.93,199.96,942591,1274879,1649663,2385919,3334143,276224,18317311,1368352.30,709492.27,62200,10,10,10,0,0,0,0,0,0,1166335,2040831,2328575,1238222.72,200
1782774721,0,62400,0,281.56,200.05,942079,1273855,1648639,2385919,3334143,276224,18317311,1367696.33,708922.40,62400,10,10,10,0,0,0,0,0,0,1076223,1865727,2678783,1163689.60,200
1782774722,0,62600,0,281.20,200.04,941567,1273855,1647615,2383871,3334143,276224,18317311,1367297.66,708369.02,62600,10,10,10,0,0,0,0,0,0,1151999,2028543,2701311,1242913.28,200
1782774723,0,62800,0,280.83,199.92,941567,1272831,1647615,2381823,3332095,276224,18317311,1366767.38,707697.23,62800,10,10,10,0,0,0,0,0,0,1112063,1996799,2271231,1200789.76,200
1782774724,0,63000,0,280.47,199.95,941055,1272831,1646591,2381823,3327999,276224,18317311,1366177.89,707006.91,63000,10,10,10,0,0,0,0,0,0,1119231,1873919,2162687,1181078.40,200
1782774725,0,63200,0,280.12,200.16,941055,1272831,1646591,2379775,3323903,276224,18317311,1365886.76,706220.38,63200,10,10,10,0,0,0,0,0,0,1235967,1882111,2072575,1274182.40,200
1782774726,0,63400,0,279.76,199.97,941055,1271807,1645567,2379775,3334143,276224,18317311,1365513.48,706045.01,63400,10,10,10,0,0,0,0,0,0,1094655,2121727,3645439,1247555.20,200
1782774727,0,63600,0,279.41,199.95,941055,1271807,1645567,2377727,3330047,276224,18317311,1365071.54,705338.92,63600,10,10,10,0,0,0,0,0,0,1173503,1896447,2215935,1224977.92,200
1782774728,0,63800,0,279.07,200.08,941055,1271807,1645567,2377727,3334143,276224,18317311,1365076.23,705360.67,63800,10,10,10,0,0,0,0,0,0,1211391,2502655,4251647,1366566.40,200
1782774729,0,64000,0,278.72,199.99,940543,1271807,1645567,2377727,3334143,276224,18317311,1364682.82,704858.56,64000,10,10,10,0,0,0,0,0,0,1113087,2197503,3112959,1239185.92,200
1782774730,0,64200,0,278.38,200.01,940543,1270783,1644543,2377727,3330047,276224,18317311,1364367.53,704125.06,64200,10,10,10,0,0,0,0,0,0,1205247,1902591,2232319,1263473.92,200
1782774731,0,64400,0,278.04,200.02,940543,1270783,1643519,2377727,3323903,276224,18317311,1364075.88,703530.92,64400,10,10,10,0,0,0,0,0,0,1188863,2113535,2928639,1270455.04,200
1782774732,0,64600,0,277.71,199.88,940543,1269759,1642495,2375679,3323903,276224,18317311,1363525.75,702794.55,64600,10,10,10,0,0,0,0,0,0,1141759,1773567,2042879,1186386.56,200
1782774733,0,64800,0,277.37,200.09,940543,1269759,1642495,2375679,3319807,276224,18317311,1363226.44,702322.68,64800,10,10,10,0,0,0,0,0,0,1124351,2390015,2586623,1266549.12,200
1782774734,0,65000,0,277.04,199.89,940031,1269759,1641471,2373631,3317759,276224,18317311,1362621.86,701626.41,65000,10,10,10,0,0,0,0,0,0,1138687,1803263,2041855,1166736.64,200
1782774735,0,65200,0,276.72,200.12,940031,1268735,1640447,2373631,3315711,276224,18317311,1362025.28,700890.51,65200,10,10,10,0,0,0,0,0,0,1121279,1686527,2022399,1168137.60,200
1782774736,0,65400,0,276.39,199.98,940031,1267711,1640447,2371583,3313663,276224,18317311,1361590.95,700273.36,65400,10,10,10,0,0,0,0,0,0,1115135,1963007,2426879,1219998.08,200
1782774737,0,65600,0,276.07,199.97,940031,1267711,1640447,2371583,3315711,276224,18317311,1361513.08,700167.86,65600,10,10,10,0,0,0,0,0,0,1179647,2308095,4259839,1336049.92,200
1782774738,0,65800,0,275.75,200.06,940031,1266687,1639423,2369535,3313663,276224,18317311,1361038.69,699486.57,65800,10,10,10,0,0,0,0,0,0,1138687,1903615,2279423,1205440.00,200
1782774739,0,66000,0,275.44,199.97,939519,1266687,1639423,2371583,3323903,276224,18317311,1362723.92,716643.81,66000,10,10,10,0,0,0,0,0,0,1200127,3395583,14376959,1917163.52,200
1782774740,0,66710,0,277.24,709.95,941055,1268735,1641471,2377727,3364863,276224,18317311,1367394.01,732162.99,66710,10,10,10,0,0,0,0,0,0,1425407,4194303,9986047,1801514.91,710
1782774741,0,67710,0,280.23,999.64,942591,1269759,1639423,2375679,3371007,263936,18317311,1367131.65,729730.28,67710,10,10,10,0,0,0,0,0,0,1303551,2065407,3749887,1349629.82,1000
1782774742,0,68710,0,283.20,999.91,944639,1271807,1639423,2377727,3385343,263936,18317311,1369094.87,731661.43,68710,10,10,10,0,0,0,0,0,0,1338367,2465791,6320127,1502024.19,1000
1782774743,0,69710,0,286.14,999.83,946175,1272831,1639423,2375679,3375103,263936,18317311,1369121.91,728342.14,69710,10,10,10,0,0,0,0,0,0,1339391,2103295,2660351,1370980.35,1000
1782774744,0,70710,0,289.06,1000.10,948735,1272831,1638399,2375679,3395583,263936,18317311,1371354.18,737781.54,70710,10,10,10,0,0,0,0,0,0,1292287,2381823,9084927,1526965.63,1000
1782774745,0,71710,0,291.96,1000.63,949759,1273855,1637375,2373631,3391487,263936,18317311,1371090.89,735078.09,71710,10,10,10,0,0,0,0,0,0,1321983,2183167,2963455,1352473.73,1000
1782774746,0,72700,0,294.79,989.65,951807,1275903,1638399,2375679,3407871,263936,18317311,1373328.93,738493.62,72700,10,10,10,0,0,0,0,0,0,1364991,2832383,5259263,1535439.39,990
1782774747,0,73710,0,297.67,1009.62,952831,1275903,1639423,2375679,3409919,263936,18317311,1374466.13,740023.11,73710,10,10,10,0,0,0,0,0,0,1353727,2273279,6844415,1456322.15,1010
1782774748,0,74710,0,300.50,1000.39,953855,1276927,1639423,2375679,3414015,263936,18317311,1375253.94,739844.91,74710,10,10,10,0,0,0,0,0,0,1339391,2461695,4706303,1433323.52,1000
1782774749,0,75710,0,303.30,1000.23,955391,1277951,1638399,2377727,3446783,263936,18317311,1376847.20,744355.75,75710,10,10,10,0,0,0,0,0,0,1333247,2443263,5443583,1495879.30,1000
1782774750,0,76710,0,306.08,999.63,955903,1277951,1639423,2375679,3448831,263936,18317311,1376880.93,742213.08,76710,10,10,10,0,0,0,0,0,0,1292287,2342911,3633151,1379434.62,1000
1782774751,0,77710,0,308.84,999.84,956927,1277951,1638399,2375679,3457023,263936,18317311,1377283.95,744260.00,77710,10,10,10,0,0,0,0,0,0,1267711,2392063,7401471,1408200.32,1000
1782774752,0,78710,0,311.58,1000.89,957439,1277951,1637375,2375679,3459071,263936,18317311,1377012.27,742379.72,78710,10,10,10,0,0,0,0,0,0,1250303,2217983,4247551,1355899.26,1000
1782774753,0,79710,0,314.29,999.58,958975,1277951,1638399,2375679,3473407,263936,18317311,1379374.15,757930.03,79710,10,10,10,0,0,0,0,0,0,1326079,2465791,7106559,1565277.82,1000
1782774754,0,80710,0,316.98,1000.32,959999,1278975,1638399,2375679,3473407,263936,18317311,1379482.90,755621.24,80710,10,10,10,0,0,0,0,0,0,1295359,2291711,3098623,1388151.55,1000
1782774755,0,81710,0,319.65,999.73,961023,1278975,1638399,2375679,3479551,254848,18317311,1380067.24,754216.81,81710,10,10,10,0,0,0,0,0,0,1331199,2357247,3854335,1427229.12,1000
1782774756,0,82710,0,322.31,1000.23,962047,1279999,1637375,2373631,3495935,254848,22069247,1381350.69,764815.28,82710,10,10,10,0,0,0,0,0,0,1291263,2187263,8138751,1486221.82,1000
1782774757,0,83710,0,324.94,999.47,962047,1278975,1636351,2369535,3489791,254848,22069247,1379930.84,761610.55,83710,10,10,10,0,0,0,0,0,0,1255423,1935359,2396159,1262494.98,1000
1782774758,0,84710,0,327.55,1000.03,963583,1279999,1635327,2369535,3518463,254848,22069247,1382416.60,777235.82,84710,10,10,10,0,0,0,0,0,0,1308671,2463743,9715711,1590499.58,1000
1782774759,0,85710,0,330.14,1000.29,964607,1281023,1636351,2369535,3512319,254848,22069247,1382891.10,774894.95,85710,10,10,10,0,0,0,0,0,0,1343487,2330623,2992127,1423085.95,1000
1782774760,0,86710,0,332.71,1000.07,965119,1281023,1636351,2369535,3518463,254848,22069247,1383769.59,779561.12,86710,10,10,10,0,0,0,0,0,0,1295359,2351103,4063231,1459064.70,1000
1782774761,0,87710,0,335.26,1000.22,965631,1281023,1635327,2367487,3512319,254848,22069247,1383213.01,777456.35,87710,10,10,10,0,0,0,0,0,0,1256447,2279423,3190783,1334952.32,1000
1782774762,0,88710,0,337.79,999.91,965631,1281023,1635327,2367487,3495935,254848,22069247,1382833.10,774795.21,88710,10,10,10,0,0,0,0,0,0,1297407,2185215,2758655,1349510.66,1000
1782774763,0,89710,0,340.30,1000.17,966655,1281023,1635327,2363391,3491839,254848,22069247,1382110.94,772246.92,89710,10,10,10,0,0,0,0,0,0,1268735,2179071,2564095,1318048.77,1000
1782774764,0,90710,0,342.79,999.53,967167,1281023,1634303,2361343,3483647,254848,22069247,1381724.32,769575.80,90710,10,10,10,0,0,0,0,0,0,1279999,2265087,3059711,1347040.77,1000
1782774765,0,91710,0,345.27,1000.36,967679,1281023,1634303,2361343,3485695,254848,22069247,1382227.78,771238.46,91710,10,10,10,0,0,0,0,0,0,1288191,2166783,3792895,1427896.70,1000
1782774766,0,92710,0,347.72,999.19,968191,1279999,1633279,2357247,3475455,254848,22069247,1381343.83,768434.15,92710,10,10,10,0,0,0,0,0,0,1257471,1991679,2703359,1300276.61,1000
1782774767,0,93710,0,350.16,1000.19,968703,1279999,1633279,2357247,3489791,254848,22069247,1382223.90,774401.99,93710,10,10,10,0,0,0,0,0,0,1264639,2285567,5533695,1463815.04,1000
1782774768,0,94710,0,352.58,1000.24,969727,1279999,1632255,2355199,3489791,254848,22069247,1381947.92,772071.60,94710,10,10,10,0,0,0,0,0,0,1302527,2103295,2985983,1356086.02,1000
1782774769,0,95710,0,354.98,999.55,970239,1279999,1631231,2355199,3508223,251648,22069247,1382568.00,773978.86,95710,10,10,10,0,0,0,0,0,0,1264639,2420735,6135807,1441295.42,1000
1782774770,0,96710,0,357.36,1000.21,970751,1279999,1631231,2353151,3495935,251648,22069247,1382227.29,771368.80,96710,10,10,10,0,0,0,0,0,0,1303551,2170879,2697215,1349617.79,1000
1782774771,0,97710,0,359.73,1000.08,971775,1281023,1632255,2357247,3532799,251648,22069247,1383756.87,774909.43,97710,10,10,10,0,0,0,0,0,0,1326079,3080191,7929855,1531683.20,1000
1782774772,0,98710,0,362.08,1000.28,972287,1281023,1632255,2355199,3524607,251648,22069247,1383605.15,772791.34,98710,10,10,10,0,0,0,0,0,0,1299455,2269183,3000319,1368780.16,1000
1782774773,0,99710,0,364.41,999.61,972799,1282047,1632255,2357247,3518463,251648,22069247,1383948.16,771169.29,99710,10,10,10,0,0,0,0,0,0,1334271,2451455,3299327,1417806.46,1000
1782774774,0,100710,0,366.73,1000.33,974335,1283071,1633279,2361343,3543039,251648,22069247,1385145.00,770712.48,100710,10,10,10,0,0,0,0,0,0,1366015,2916351,4476927,1504482.05,1000
1782774775,0,101710,0,369.02,1000.30,974335,1283071,1632255,2361343,3569663,251648,22069247,1385216.36,770626.71,101710,10,10,10,0,0,0,0,0,0,1269759,2590719,4870143,1392403.46,1000
1782774776,0,102710,0,371.30,999.16,975359,1283071,1633279,2363391,3583999,251648,22069247,1386013.38,770499.87,102710,10,10,10,0,0,0,0,0,0,1305599,2668543,4767743,1467077.76,1000
1782774777,0,103710,0,373.57,1000.93,975871,1283071,1633279,2361343,3588095,251648,22069247,1385705.22,768842.54,103710,10,10,10,0,0,0,0,0,0,1270783,2073599,4534271,1354054.53,1000
1782774778,0,104710,0,375.82,999.84,975871,1282047,1632255,2363391,3600383,251648,22069247,1386088.11,770920.18,104710,10,10,10,0,0,0,0,0,0,1236991,2537471,7749631,1425796.86,1000
1782774779,0,105710,0,378.05,999.93,976383,1282047,1633279,2367487,3633151,251648,22069247,1387049.03,771849.31,105710,10,10,10,0,0,0,0,0,0,1287167,3006463,5206015,1487667.46,1000
1782774780,0,106710,0,380.27,1000.23,976383,1282047,1632255,2367487,3629055,251648,22069247,1386699.53,770131.96,106710,10,10,10,0,0,0,0,0,0,1271807,2363391,3090431,1349753.60,1000
1782774781,0,107710,0,382.47,999.21,976895,1282047,1631231,2365439,3643391,251648,22069247,1386791.06,770820.29,107710,10,10,10,0,0,0,0,0,0,1240063,2308095,6234111,1396558.72,1000
1782774782,0,108710,0,384.65,1000.04,977919,1282047,1631231,2361343,3631103,251648,22069247,1386253.03,768273.56,108710,10,10,10,0,0,0,0,0,0,1293311,2012159,2336767,1328301.44,1000
1782774783,0,109710,0,386.82,1000.65,978431,1283071,1631231,2361343,3627007,251648,22069247,1386267.18,766548.74,109710,10,10,10,0,0,0,0,0,0,1348607,2201599,3364863,1387805.44,1000
1782774784,0,110710,0,388.98,999.99,978943,1283071,1630207,2361343,3627007,251648,22069247,1385932.15,765147.87,110710,10,10,10,0,0,0,0,0,0,1265663,2379775,3788799,1349176.32,1000
1782774785,0,111710,0,391.11,999.18,978431,1282047,1630207,2361343,3643391,251648,22069247,1386552.05,770472.87,111710,10,10,10,0,0,0,0,0,0,1236991,2549759,9723903,1455180.54,1000
1782774786,0,112710,0,393.24,999.98,978943,1282047,1629183,2361343,3643391,251648,22069247,1386192.22,768945.90,112710,10,10,10,0,0,0,0,0,0,1235967,2201599,3706879,1345996.16,1000
1782774787,0,113710,0,395.35,1000.01,978943,1281023,1629183,2363391,3670015,251648,22069247,1386968.08,771578.63,113710,10,10,10,0,0,0,0,0,0,1231871,2957311,6316031,1474414.98,1000
1782774788,0,114710,0,397.44,1000.23,979455,1281023,1630207,2361343,3661823,251648,22069247,1386911.41,769605.11,114710,10,10,10,0,0,0,0,0,0,1311743,2220031,2781183,1380467.46,1000
1782774789,0,115710,0,399.52,1000.18,979967,1281023,1629183,2359295,3661823,251648,22069247,1386216.40,767760.47,115710,10,10,10,0,0,0,0,0,0,1263615,1993727,3696639,1306492.29,1000
1782774790,0,116710,0,401.59,1000.55,979455,1281023,1629183,2363391,3692543,251648,22069247,1387149.44,772276.69,116710,10,10,10,0,0,0,0,0,0,1238015,2848767,7528447,1495110.78,1000
1782774791,0,117710,0,403.64,999.29,979967,1281023,1628159,2361343,3674111,251648,22069247,1386538.93,770277.90,117710,10,10,10,0,0,0,0,0,0,1262591,2142207,2914303,1315287.04,1000
1782774792,0,118710,0,405.68,1000.66,980991,1281023,1628159,2361343,3674111,229248,22069247,1387311.92,771618.61,118710,10,10,10,0,0,0,0,0,0,1313791,2398207,4337663,1478300.35,1000
1782774793,0,119710,0,407.70,999.53,981503,1281023,1628159,2359295,3670015,229248,22069247,1387121.19,769649.16,119710,10,10,10,0,0,0,0,0,0,1302527,2213887,3012607,1364479.10,1000
1782774794,0,120710,0,409.71,999.60,981503,1281023,1626111,2359295,3674111,229248,22069247,1386721.57,768691.26,120710,10,10,10,0,0,0,0,0,0,1224703,2303999,4214783,1338883.84,1000
1782774795,0,121710,0,411.71,1000.49,982015,1281023,1627135,2359295,3678207,229248,22069247,1386835.87,767580.48,121710,10,10,10,0,0,0,0,0,0,1292287,2322431,4235263,1400632.96,1000
1782774796,0,122710,0,413.69,999.81,982527,1281023,1625087,2357247,3670015,229248,22069247,1385855.32,765493.05,122710,10,10,10,0,0,0,0,0,0,1256447,1924095,2789375,1266512.38,1000
1782774797,0,123710,0,415.66,999.74,982527,1281023,1625087,2357247,3692543,229248,22069247,1386233.49,767232.02,123710,10,10,10,0,0,0,0,0,0,1288191,2377727,4562943,1432638.46,1000
1782774798,0,124710,0,417.62,1000.52,983039,1281023,1624063,2353151,3672063,229248,22069247,1385706.50,765202.65,124710,10,10,10,0,0,0,0,0,0,1291263,2038783,2803711,1320512.77,1000
1782774799,0,125710,0,419.57,999.74,983551,1281023,1625087,2357247,3715071,229248,22069247,1386821.48,767907.01,125710,10,10,10,0,0,0,0,0,0,1299455,3352575,5771263,1525870.46,1000
1782774800,0,126240,0,419.93,530.13,983039,1281023,1624063,2355199,3719167,229248,22069247,1386479.98,767336.60,126240,10,10,10,0,0,0,0,0,0,1257471,2024447,4431871,1305479.73,530
1782774801,0,126440,0,419.20,200.06,983039,1281023,1624063,2355199,3715071,229248,22069247,1386263.82,766976.05,126440,10,10,10,0,0,0,0,0,0,1259519,1809407,2781183,1249827.20,200
1782774802,0,126640,0,418.48,199.94,982527,1279999,1624063,2353151,3715071,229248,22069247,1385864.34,766554.36,126640,10,10,10,0,0,0,0,0,0,1063935,1700863,1787903,1133312.64,200
1782774803,0,126840,0,417.76,199.90,982527,1279999,1624063,2353151,3713023,229248,22069247,1385443.14,766143.74,126840,10,10,10,0,0,0,0,0,0,1048575,1707007,2107391,1118737.28,200
1782774804,0,127040,0,417.04,200.01,982527,1279999,1623039,2353151,3710975,229248,22069247,1385361.55,765796.45,127040,10,10,10,0,0,0,0,0,0,1316863,2059263,2934783,1333619.84,200
1782774805,0,127240,0,416.33,200.07,982015,1279999,1623039,2353151,3708927,229248,22069247,1385176.88,765455.38,127240,10,10,10,0,0,0,0,0,0,1168383,2205695,2906111,1267870.72,200
1782774806,0,127440,0,415.63,200.04,982015,1279999,1623039,2353151,3715071,229248,22069247,1385729.02,770621.28,127440,10,10,10,0,0,0,0,0,0,1157119,3401727,12066815,1736999.68,200
1782774807,0,127640,0,414.93,200.03,982015,1278975,1623039,2351103,3715071,229248,22069247,1385465.07,770197.32,127640,10,10,10,0,0,0,0,0,0,1153023,1829887,2061311,1217276.80,200
1782774808,0,127840,0,414.23,199.84,981503,1278975,1623039,2351103,3713023,229248,22069247,1385189.73,769835.35,127840,10,10,10,0,0,0,0,0,0,1105919,2030591,2332671,1209472.00,200
1782774809,0,128040,0,413.54,200.16,981503,1278975,1623039,2351103,3710975,229248,22069247,1384962.94,769451.16,128040,10,10,10,0,0,0,0,0,0,1164287,2027519,2738175,1239994.24,200
1782774810,0,128240,0,412.85,199.89,981503,1278975,1622015,2351103,3708927,229248,22069247,1384632.19,769046.29,128240,10,10,10,0,0,0,0,0,0,1155071,1760255,2185215,1172887.04,200
1782774811,0,128440,0,412.17,200.06,980991,1277951,1622015,2349055,3706879,229248,22069247,1384179.31,768639.84,128440,10,10,10,0,0,0,0,0,0,1028607,1649663,1857535,1093792.00,200
1782774812,0,128640,0,411.49,200.00,980479,1277951,1620991,2349055,3704831,229248,22069247,1383757.07,768245.38,128640,10,10,10,0,0,0,0,0,0,1039871,1705983,2035711,1112597.76,200
1782774813,0,128840,0,410.82,199.95,979967,1277951,1620991,2349055,3702783,229248,22069247,1383287.43,767907.42,128840,10,10,10,0,0,0,0,0,0,979967,1813503,2574335,1081214.72,200
1782774814,0,129040,0,410.15,200.06,979967,1276927,1619967,2349055,3698687,229248,22069247,1382951.08,767474.27,129040,10,10,10,0,0,0,0,0,0,1116159,1686527,1901567,1166270.72,200
1782774815,0,129240,0,409.48,199.98,979455,1276927,1619967,2349055,3702783,229248,22069247,1382762.79,767370.69,129240,10,10,10,0,0,0,0,0,0,1057791,2570239,4145151,1261279.36,200
1782774816,0,129440,0,408.82,199.94,979455,1276927,1619967,2347007,3702783,229248,22069247,1382388.48,767016.40,129440,10,10,10,0,0,0,0,0,0,1026047,1907711,2201599,1140508.80,200
1782774817,0,129640,0,408.16,199.95,978943,1276927,1619967,2347007,3708927,229248,22069247,1382934.74,772465.81,129640,10,10,10,0,0,0,0,0,0,1172479,2211839,12238847,1736476.16,200
1782774818,0,129840,0,407.51,200.14,978431,1275903,1618943,2347007,3706879,229248,22069247,1382476.49,772053.51,129840,10,10,10,0,0,0,0,0,0,1049599,1580031,1673215,1085440.00,200
1782774819,0,130040,0,406.86,200.01,978431,1275903,1618943,2347007,3704831,229248,22069247,1382196.93,771650.10,130040,10,10,10,0,0,0,0,0,0,1113087,1919999,2295807,1200703.36,200
1782774820,0,130240,0,406.21,199.85,978431,1275903,1618943,2344959,3702783,229248,22069247,1381921.41,771249.39,130240,10,10,10,0,0,0,0,0,0,1114111,1929215,2170879,1202780.80,200
1782774821,0,130440,0,405.57,200.05,977919,1275903,1618943,2344959,3702783,229248,22069247,1381573.78,770939.36,130440,10,10,10,0,0,0,0,0,0,1075199,1983487,2834431,1155198.08,200
1782774822,0,130640,0,404.93,200.03,977919,1275903,1617919,2344959,3698687,229248,22069247,1381244.29,770506.21,130640,10,10,10,0,0,0,0,0,0,1122303,1691647,2041855,1166349.44,200
1782774823,0,130840,0,404.30,200.06,977407,1275903,1617919,2344959,3696639,229248,22069247,1381014.86,770243.80,130840,10,10,10,0,0,0,0,0,0,1107967,2158591,3522559,1231150.72,200
1782774824,0,131040,0,403.67,199.87,976895,1274879,1617919,2344959,3696639,229248,22069247,1380720.02,769930.07,131040,10,10,10,0,0,0,0,0,0,1039359,2248703,2832383,1187834.88,200
1782774825,0,131240,0,403.05,200.17,976895,1274879,1616895,2342911,3694591,229248,22069247,1380408.24,769504.25,131240,10,10,10,0,0,0,0,0,0,1132543,1808383,1968127,1176131.20,200
1782774826,0,131440,0,402.43,199.94,976895,1274879,1616895,2342911,3692543,229248,22069247,1380164.51,769181.96,131440,10,10,10,0,0,0,0,0,0,1105919,2144255,2699263,1220231.68,200
1782774827,0,131640,0,401.81,200.05,976383,1273855,1616895,2342911,3686399,229248,22069247,1379834.17,768830.77,131640,10,10,10,0,0,0,0,0,0,1065983,2002943,2492415,1162732.16,200
1782774828,0,131840,0,401.19,199.93,976383,1273855,1615871,2342911,3688447,229248,22069247,1379660.45,768665.16,131840,10,10,10,0,0,0,0,0,0,1121279,2105343,3719167,1265320.32,200
1782774829,0,132040,0,400.58,200.05,975871,1273855,1615871,2342911,3686399,229248,22069247,1379225.07,768283.09,132040,10,10,10,0,0,0,0,0,0,1031167,1605631,2244607,1092222.72,200
1782774830,0,132240,0,399.98,199.85,975359,1273855,1615871,2340863,3678207,229248,22069247,1378939.94,767878.11,132240,10,10,10,0,0,0,0,0,0,1148927,1851391,2148351,1190694.40,200
1782774831,0,132440,0,399.37,200.18,975359,1272831,1614847,2340863,3674111,229248,22069247,1378646.22,767488.68,132440,10,10,10,0,0,0,0,0,0,1124351,1833983,2113535,1184435.84,200
1782774832,0,132640,0,398.77,199.90,974847,1272831,1614847,2340863,3674111,229248,22069247,1378323.21,767101.70,132640,10,10,10,0,0,0,0,0,0,1077247,1840127,2115583,1164430.72,200
1782774833,0,132840,0,398.18,199.97,974847,1272831,1614847,2338815,3670015,229248,22069247,1378069.30,766699.34,132840,10,10,10,0,0,0,0,0,0,1145855,1900543,2211839,1209674.88,200
1782774834,0,133040,0,397.59,199.97,974335,1271807,1613823,2338815,3670015,229248,22069247,1377685.95,766303.32,133040,10,10,10,0,0,0,0,0,0,1063935,1705983,1968127,1123064.32,200
1782774835,0,133240,0,397.00,200.04,974335,1271807,1613823,2336767,3667967,229248,22069247,1377399.93,765866.35,133240,10,10,10,0,0,0,0,0,0,1147903,1716223,1970175,1187139.84,200
1782774836,0,133440,0,396.41,199.97,974335,1271807,1613823,2336767,3665919,229248,22069247,1377069.15,765462.57,133440,10,10,10,0,0,0,0,0,0,1073151,1707007,2189311,1156704.64,200
1782774837,0,133640,0,395.83,200.13,973823,1271807,1613823,2336767,3663871,229248,22069247,1376754.40,765067.41,133640,10,10,10,0,0,0,0,0,0,1100799,1876991,2010111,1166750.08,200
1782774838,0,133840,0,395.25,200.01,973823,1271807,1612799,2334719,3661823,229248,22069247,1376417.19,764694.37,133840,10,10,10,0,0,0,0,0,0,1075199,1902591,2226175,1151098.24,200
1782774839,0,134040,0,394.68,199.89,973823,1271807,1612799,2334719,3661823,229248,22069247,1376252.15,764343.50,134040,10,10,10,0,0,0,0,0,0,1205247,2166783,2949119,1265800.96,200
1782774840,0,134240,0,394.11,200.03,973823,1270783,1612799,2334719,3659775,229248,22069247,1376039.76,763999.25,134240,10,10,10,0,0,0,0,0,0,1134591,2129919,2686975,1233701.12,200
1782774841,0,134440,0,393.54,200.05,973311,1270783,1612799,2334719,3663871,229248,22069247,1375911.21,764184.74,134440,10,10,10,0,0,0,0,0,0,1053695,2285567,5304319,1289625.60,200
1782774842,0,134640,0,392.97,199.95,973311,1270783,1612799,2334719,3661823,229248,22069247,1375749.42,763944.78,134640,10,10,10,0,0,0,0,0,0,1159167,1996799,3506175,1266992.64,200
1782774843,0,134840,0,392.41,200.08,972799,1270783,1612799,2334719,3661823,229248,22069247,1375493.09,763624.90,134840,10,10,10,0,0,0,0,0,0,1112063,1880063,3065855,1202932.48,200
1782774844,0,135040,0,391.85,200.01,972799,1270783,1611775,2332671,3659775,229248,22069247,1375150.91,763267.48,135040,10,10,10,0,0,0,0,0,0,1057791,1782783,2453503,1144452.48,200
1782774845,0,135240,0,391.30,199.99,972799,1269759,1611775,2332671,3655679,229248,22069247,1374861.67,762930.55,135240,10,10,10,0,0,0,0,0,0,1082367,1998847,2879487,1179569.28,200
1782774846,0,135440,0,390.75,199.90,972287,1269759,1611775,2332671,3659775,229248,22069247,1374744.94,763304.94,135440,10,10,10,0,0,0,0,0,0,1129471,1941503,7503871,1295815.04,200
1782774847,0,135640,0,390.20,199.94,972287,1269759,1610751,2332671,3657727,229248,22069247,1374400.03,762961.04,135640,10,10,10,0,0,0,0,0,0,1059839,1790975,2443263,1140826.88,200
1782774848,0,135840,0,389.65,200.01,971775,1269759,1610751,2332671,3655679,229248,22069247,1374145.44,762619.66,135840,10,10,10,0,0,0,0,0,0,1119231,1885183,2363391,1201480.96,200
1782774849,0,136040,0,389.11,200.12,971775,1268735,1610751,2330623,3653631,229248,22069247,1373816.42,762225.99,136040,10,10,10,0,0,0,0,0,0,1103871,1711103,2040831,1150345.60,200
1782774850,0,136240,0,388.57,199.92,971263,1268735,1609727,2330623,3653631,229248,22069247,1373329.65,761869.30,136240,10,10,10,0,0,0,0,0,0,984063,1572863,1665023,1042231.04,200
1782774851,0,136440,0,388.03,200.03,970751,1268735,1609727,2328575,3651583,229248,22069247,1372957.77,761483.14,136440,10,10,10,0,0,0,0,0,0,1058815,1700863,1971199,1119630.08,200
1782774852,0,136640,0,387.50,200.05,970751,1267711,1609727,2328575,3649535,229248,22069247,1372711.49,761173.19,136640,10,10,10,0,0,0,0,0,0,1122303,2357247,2871295,1204698.24,200
1782774853,0,136840,0,386.97,200.02,970751,1267711,1609727,2328575,3647487,229248,22069247,1372445.21,760793.35,136840,10,10,10,0,0,0,0,0,0,1140735,1828863,2244607,1190520.32,200
1782774854,0,137040,0,386.44,199.97,970751,1267711,1609727,2328575,3647487,229248,22069247,1372299.75,760446.42,137040,10,10,10,0,0,0,0,0,0,1190911,1998847,2523135,1272778.88,200
1782774855,0,137240,0,385.92,199.92,970239,1267711,1608703,2326527,3645439,229248,22069247,1372040.29,760048.70,137240,10,10,10,0,0,0,0,0,0,1143807,1810431,2045951,1194256.00,200
1782774856,0,137440,0,385.40,200.10,970239,1267711,1608703,2326527,3645439,229248,22069247,1371888.07,759759.17,137440,10,10,10,0,0,0,0,0,0,1139711,2394111,3018751,1267440.00,200
1782774857,0,137640,0,384.88,200.01,970239,1267711,1608703,2326527,3643391,229248,22069247,1371779.36,759384.56,137640,10,10,10,0,0,0,0,0,0,1250303,2017279,2402303,1297070.72,200
1782774858,0,137840,0,384.36,199.94,970239,1266687,1608703,2326527,3641343,229248,22069247,1371487.33,759031.26,137840,10,10,10,0,0,0,0,0,0,1092607,1890303,2269183,1170510.08,200
1782774859,0,138040,0,383.85,200.06,969727,1266687,1608703,2324479,3639295,229248,22069247,1371214.66,758645.37,138040,10,10,10,0,0,0,0,0,0,1146879,1835007,2103295,1183295.36,200
1782774860,0,139370,0,386.47,1329.60,968703,1266687,1608703,2336767,3737599,229248,25427967,1375218.35,787367.57,139370,10,10,10,0,0,0,0,0,0,1169407,4857855,14335999,1790758.54,1330
1782774861,0,141370,0,390.94,1998.96,965119,1262591,1605631,2332671,3719167,229248,25427967,1370957.89,784597.10,141370,10,10,10,0,0,0,0,0,0,1005567,2073599,2551807,1074067.65,2000
1782774862,0,143352,0,395.32,1983.36,961023,1257471,1602559,2332671,3725311,229248,25427967,1367980.87,785815.62,143352,10,10,10,0,0,0,0,0,0,989695,2287615,6369279,1155639.57,1982
1782774863,0,145370,0,399.79,2017.64,957439,1254399,1599487,2332671,3731455,229248,25427967,1364760.98,784137.36,145370,10,10,10,0,0,0,0,0,0,1015295,2363391,3897343,1136030.38,2018
1782774864,0,147370,0,404.17,1999.26,954367,1250303,1595391,2328575,3768319,218752,25427967,1361379.50,783142.77,147370,10,10,10,0,0,0,0,0,0,1026047,1855487,4415487,1115596.58,2000
1782774865,0,149370,0,408.54,2000.72,951807,1246207,1592319,2322431,3741695,218752,25427967,1357274.59,780492.33,149370,10,10,10,0,0,0,0,0,0,1008127,1862655,2746367,1054804.70,2000
1782774866,0,151370,0,412.88,1999.17,949759,1243135,1590271,2322431,3770367,218752,25427967,1357530.05,808751.06,151370,10,10,10,0,0,0,0,0,0,1074175,2085887,10870783,1376608.70,2000
1782774867,0,153370,0,417.20,1999.92,947199,1240063,1588223,2320383,3778559,218752,25427967,1355137.69,807809.89,153370,10,10,10,0,0,0,0,0,0,1044991,2053119,5414911,1174071.94,2000
1782774868,0,155370,0,421.49,2000.70,944639,1236991,1586175,2320383,3813375,218752,25427967,1353296.82,807258.79,155370,10,10,10,0,0,0,0,0,0,1029119,2412543,4632575,1212130.02,2000
1782774869,0,157370,0,425.76,2000.09,942591,1235967,1584127,2316287,3801087,218752,25427967,1350903.09,805053.40,157370,10,10,10,0,0,0,0,0,0,1084415,1993727,3065855,1164945.86,2000
1782774870,0,159370,0,430.01,1999.48,940543,1233919,1583103,2312191,3784703,218752,25427967,1348855.64,802281.11,159370,10,10,10,0,0,0,0,0,0,1091583,2150399,2902015,1187752.64,2000
1782774871,0,161366,0,434.22,1997.21,938495,1231871,1581055,2312191,3805183,218752,25427967,1347134.31,802991.29,161366,10,10,10,0,0,0,0,0,0,1039871,2316287,5853183,1209695.10,1996
1782774872,0,163370,0,438.44,2002.52,935423,1227775,1577983,2310143,3790847,218752,25427967,1343703.55,800354.60,163370,10,10,10,0,0,0,0,0,0,999935,2011135,2619391,1067451.50,2004
1782774873,0,165370,0,442.62,2000.05,932863,1225727,1575935,2310143,3805183,218752,25427967,1341918.98,802520.29,165370,10,10,10,0,0,0,0,0,0,1019391,2111487,7385087,1196146.85,2000
1782774874,0,167370,0,446.77,2000.20,931327,1223679,1574911,2316287,3801087,218752,25427967,1340837.19,801256.34,167370,10,10,10,0,0,0,0,0,0,1076223,2736127,3700735,1251389.09,2000
1782774875,0,169370,0,450.91,2000.36,929279,1219583,1570815,2312191,3801087,218752,25427967,1337813.64,798931.79,169370,10,10,10,0,0,0,0,0,0,1031167,1856511,3438591,1084787.90,2000
1782774876,0,171370,0,455.02,2001.26,927231,1217535,1568767,2306047,3790847,218752,25427967,1335034.40,796410.99,171370,10,10,10,0,0,0,0,0,0,1033727,1871871,2611199,1099674.94,2000
1782774877,0,173370,0,459.11,1999.92,926207,1215487,1566719,2308095,3807231,218752,25427967,1333985.17,797492.47,173370,10,10,10,0,0,0,0,0,0,1080319,2496511,4354047,1244081.09,2000
1782774878,0,175370,0,463.18,1999.51,923647,1213439,1564671,2306047,3805183,218752,25427967,1331835.94,795991.01,175370,10,10,10,0,0,0,0,0,0,1004543,2226175,3739647,1145530.50,2000
1782774879,0,177370,0,467.23,2000.11,921599,1210367,1562623,2306047,3829759,218752,25427967,1329836.01,795075.25,177370,10,10,10,0,0,0,0,0,0,1019391,2033663,4374527,1154471.84,2000
1782774880,0,179370,0,471.26,2000.21,920063,1207295,1559551,2301951,3809279,218752,25427967,1327179.71,792432.99,179370,10,10,10,0,0,0,0,0,0,1037823,1825791,3002367,1091605.70,2000
1782774881,0,181370,0,475.26,1999.16,918527,1206271,1559551,2301951,3835903,218752,25427967,1326370.98,793220.21,181370,10,10,10,0,0,0,0,0,0,1093631,2324479,5824511,1253840.67,2000
1782774882,0,183370,0,479.25,1999.59,916479,1205247,1556479,2299903,3823615,218752,25427967,1324030.74,790743.96,183370,10,10,10,0,0,0,0,0,0,1044991,1931263,2689023,1111805.50,2000
1782774883,0,185370,0,483.21,2000.40,914943,1202175,1554431,2299903,3825663,218752,25427967,1322226.91,791221.81,185370,10,10,10,0,0,0,0,0,0,1012735,2279423,4173823,1156842.50,2000
1782774884,0,187370,0,487.16,2000.24,912895,1199103,1552383,2295807,3817471,218752,25427967,1319773.31,789211.26,187370,10,10,10,0,0,0,0,0,0,988159,2037759,3102719,1092361.47,2000
1782774885,0,189330,0,490.98,1960.13,911871,1198079,1549311,2295807,3807231,218496,25427967,1318056.23,787155.93,189330,10,10,10,0,0,0,0,0,0,1064959,2099199,3534847,1153909.16,1960
1782774886,0,191364,0,494.97,2034.82,910847,1196031,1547263,2295807,3825663,218496,25427967,1317873.31,798213.88,191364,10,10,10,0,0,0,0,0,0,1076223,2146303,5046271,1300846.57,2034
1782774887,0,193370,0,498.87,2004.45,909823,1195007,1547263,2295807,3829759,218496,25427967,1317047.23,797517.97,193370,10,10,10,0,0,0,0,0,0,1062911,2576383,4007935,1238242.78,2006
1782774888,0,195366,0,502.72,1996.67,908287,1192959,1546239,2299903,3850239,218496,25427967,1317150.67,808554.66,195366,10,10,10,0,0,0,0,0,0,1045503,2639871,14770175,1327171.46,1996
1782774889,0,197366,0,506.56,2000.94,907775,1191935,1545215,2299903,3864575,218496,25427967,1316349.30,807755.31,197366,10,10,10,0,0,0,0,0,0,1110015,2215935,4489215,1238069.38,2000
1782774890,0,199370,0,510.39,2003.29,906239,1189887,1543167,2295807,3868671,218496,25427967,1314845.20,807247.74,199370,10,10,10,0,0,0,0,0,0,1039871,2056191,5103615,1166712.08,2004
1782774891,0,201370,0,514.20,1998.59,905727,1188863,1540095,2295807,3870719,218496,25427967,1313376.59,805883.80,201370,10,10,10,0,0,0,0,0,0,1056767,2195455,4014079,1166978.43,2000
1782774892,0,203370,0,517.98,2001.98,904703,1187839,1538047,2293759,3878911,218496,25427967,1312097.93,805577.29,203370,10,10,10,0,0,0,0,0,0,1062911,2024447,5406719,1183355.71,2000
1782774893,0,205370,0,521.75,1998.21,903679,1185791,1535999,2293759,3868671,218496,25427967,1310347.23,803976.46,205370,10,10,10,0,0,0,0,0,0,1034751,2084863,3622911,1132327.39,2000
1782774894,0,207370,0,525.49,2001.68,902655,1183743,1534975,2293759,3880959,218496,25427967,1309358.83,803678.62,207370,10,10,10,0,0,0,0,0,0,1071103,2369535,4403199,1207864.90,2000
1782774895,0,209370,0,529.22,1999.45,901119,1182719,1532927,2291711,3864575,218496,25427967,1307498.07,801709.85,209370,10,10,10,0,0,0,0,0,0,1021951,1928191,3174399,1114565.63,2000
1782774896,0,211370,0,532.93,1998.85,900607,1181695,1532927,2295807,3909631,218496,25427967,1307851.12,803747.02,211370,10,10,10,0,0,0,0,0,0,1103871,3215359,5345279,1344810.34,2000
1782774897,0,213370,0,536.62,2001.68,900095,1180671,1530879,2295807,3895295,218496,25427967,1306837.07,801885.04,213370,10,10,10,0,0,0,0,0,0,1089535,2439167,3137535,1199666.88,2000
1782774898,0,215370,0,540.29,1999.74,899583,1178623,1528831,2295807,3895295,218496,25427967,1305668.01,802313.67,215370,10,10,10,0,0,0,0,0,0,1077247,2051071,3667967,1180946.62,2000
1782774899,0,217370,0,543.94,1998.53,899071,1177599,1526783,2291711,3878911,218496,25427967,1303632.77,799796.73,217370,10,10,10,0,0,0,0,0,0,1061887,1766399,2308095,1084468.42,2000
1782774900,0,219370,0,547.58,2001.42,898047,1176575,1525759,2289663,3893247,218496,25427967,1303082.31,801010.51,219370,10,10,10,0,0,0,0,0,0,1044991,2189311,5029887,1243254.88,2000
1782774901,0,221370,0,551.19,2000.21,896511,1175551,1525759,2293759,3917823,218496,25427967,1303030.38,801608.45,221370,10,10,10,0,0,0,0,0,0,1057791,3151871,5005311,1297335.04,2000
1782774902,0,223370,0,554.79,1999.70,894975,1173503,1523711,2297855,3936255,218496,25427967,1302709.48,808114.05,223370,10,10,10,0,0,0,0,0,0,994815,3049471,9125887,1267189.98,2000
1782774903,0,225370,0,558.37,1999.26,893951,1172479,1523711,2303999,3999743,218496,25427967,1303117.07,809928.85,225370,10,10,10,0,0,0,0,0,0,1048575,3770367,5406719,1348639.65,2000
1782774904,0,227370,0,561.93,1999.68,892927,1171455,1523711,2314239,4026367,218496,25427967,1304535.37,821361.85,227370,10,10,10,0,0,0,0,0,0,1048063,3364863,6643711,1464356.35,2000
1782774905,0,229370,0,565.48,2000.37,891391,1170431,1522687,2318335,4024319,218496,25427967,1303608.67,820360.68,229370,10,10,10,0,0,0,0,0,0,1029631,2662399,3739647,1198256.06,2000
1782774906,0,231370,0,569.01,1999.37,890879,1169407,1521663,2316287,4024319,218496,25427967,1302523.82,819028.20,231370,10,10,10,0,0,0,0,0,0,1090559,2156543,3839999,1178108.45,2000
1782774907,0,233370,0,572.52,2001.52,890367,1168383,1520639,2318335,4026367,218496,25427967,1302618.07,820409.44,233370,10,10,10,0,0,0,0,0,0,1100799,2850815,4640767,1313521.09,2000
1782774908,0,235370,0,576.01,1998.55,889855,1168383,1519615,2324479,4067327,218496,25427967,1303072.75,821756.21,235370,10,10,10,0,0,0,0,0,0,1102847,3135487,5558271,1356127.62,2000
1782774909,0,237370,0,579.49,1999.89,888319,1166335,1518591,2326527,4077567,218496,25427967,1302885.38,826753.78,237370,10,10,10,0,0,0,0,0,0,1004031,2621439,5386239,1280833.73,2000
1782774910,0,239370,0,582.95,2000.41,887295,1165311,1518591,2328575,4075519,218496,25427967,1301973.66,825627.02,239370,10,10,10,0,0,0,0,0,0,1029119,2615295,3565567,1193767.07,2000
1782774911,0,241370,0,586.39,2000.07,886271,1164287,1518591,2334719,4106239,218496,25427967,1303231.65,834311.27,241370,10,10,10,0,0,0,0,0,0,1052671,3096575,8032255,1453793.82,2000
1782774912,0,243370,0,589.82,2000.48,885759,1163263,1518591,2338815,4116479,218496,25427967,1302755.60,834000.28,243370,10,10,10,0,0,0,0,0,0,1030143,2664447,5218303,1245302.94,2000
1782774913,0,245354,0,593.19,1985.07,884223,1162239,1517567,2342911,4112383,218496,25427967,1302207.88,833319.19,245354,10,10,10,0,0,0,0,0,0,1004031,2762751,4032511,1235021.03,1984
1782774914,0,247370,0,596.62,2014.09,883199,1162239,1517567,2344959,4134911,218496,25427967,1302240.22,834655.40,247370,10,10,10,0,0,0,0,0,0,1043967,3229695,5828607,1306176.60,2016
1782774915,0,249366,0,599.99,1997.12,882175,1160191,1516543,2347007,4145151,218496,25427967,1301743.59,836838.88,249366,10,10,10,0,0,0,0,0,0,998911,2918399,8757247,1240195.27,1996
1782774916,0,251370,0,603.36,2003.68,881151,1159167,1515519,2349055,4143103,218496,25427967,1300717.41,835784.41,251370,10,10,10,0,0,0,0,0,0,1001471,2514943,3645439,1173025.47,2004
1782774917,0,253370,0,606.70,1999.06,881151,1158143,1515519,2355199,4157439,218496,25427967,1301443.70,837772.42,253370,10,10,10,0,0,0,0,0,0,1091583,3082239,5898239,1392727.36,2000
1782774918,0,255370,0,610.03,2001.79,880127,1157119,1514495,2357247,4147199,218496,25427967,1300427.52,836347.93,255370,10,10,10,0,0,0,0,0,0,1003007,2486271,3313663,1171692.00,2000
1782774919,0,257370,0,613.34,1999.41,879615,1156095,1512447,2355199,4157439,218496,25427967,1299894.51,839207.23,257370,10,10,10,0,0,0,0,0,0,1027583,2246655,7163903,1231837.76,2000
1782774920,0,258280,0,614.05,909.86,879615,1156095,1513471,2357247,4151295,218496,25427967,1299942.35,838551.65,258280,10,10,10,0,0,0,0,0,0,1166335,2584575,3332095,1313472.84,910
1782774921,0,258480,0,613.06,199.96,879615,1156095,1513471,2359295,4151295,218496,25427967,1300441.03,838653.45,258480,10,10,10,0,0,0,0,0,0,1933311,2936831,3563519,1944438.40,200
1782774922,0,258680,0,612.09,200.07,880127,1157119,1514495,2359295,4147199,218496,25427967,1300873.38,838609.90,258680,10,10,10,0,0,0,0,0,0,1872895,2770943,3325951,1859635.20,200
1782774923,0,258880,0,611.11,199.95,880127,1157119,1514495,2359295,4153343,218496,25427967,1301306.60,838801.03,258880,10,10,10,0,0,0,0,0,0,1683455,3936255,4964351,1861641.60,200
1782774924,0,259080,0,610.15,200.08,880639,1157119,1515519,2361343,4151295,218496,25427967,1301738.55,838750.41,259080,10,10,10,0,0,0,0,0,0,1802239,2820095,3153919,1860853.12,200
1782774925,0,259280,0,609.18,200.04,880639,1158143,1516543,2363391,4153343,218496,25427967,1302121.70,839005.19,259280,10,10,10,0,0,0,0,0,0,1632255,2660351,6565887,1798455.68,200
1782774926,0,259480,0,608.22,199.94,880639,1158143,1516543,2363391,4153343,218496,25427967,1302462.03,838903.49,259480,10,10,10,0,0,0,0,0,0,1781759,2428927,3389439,1743665.92,200
1782774927,0,259680,0,607.27,200.02,881151,1158143,1517567,2365439,4153343,218496,25427967,1303037.69,839028.70,259680,10,10,10,0,0,0,0,0,0,2010111,3063807,3596287,2049893.12,200
1782774928,0,259880,0,606.32,199.97,881151,1159167,1518591,2365439,4155391,218496,25427967,1303625.68,839265.52,259880,10,10,10,0,0,0,0,0,0,1958911,3448831,4927487,2067070.72,200
1782774929,0,260080,0,605.37,200.01,881663,1159167,1519615,2367487,4157439,218496,25427967,1304053.62,839280.23,260080,10,10,10,0,0,0,0,0,0,1800191,3172351,4251647,1860120.32,200
1782774930,0,260280,0,604.43,200.00,881663,1159167,1520639,2367487,4157439,218496,25427967,1304578.03,839353.48,260280,10,10,10,0,0,0,0,0,0,1961983,2979839,4022271,1986526.72,200
1782774931,0,260480,0,603.49,200.01,881663,1160191,1520639,2367487,4153343,218496,25427967,1304844.18,839188.33,260480,10,10,10,0,0,0,0,0,0,1666047,2402303,2963455,1651207.04,200
1782774932,0,260680,0,602.56,199.88,882175,1160191,1521663,2367487,4153343,218496,25427967,1305073.78,839024.18,260680,10,10,10,0,0,0,0,0,0,1603583,2217983,3264511,1604103.04,200
1782774933,0,260880,0,601.63,200.01,882175,1160191,1521663,2367487,4153343,218496,25427967,1305532.03,839182.92,260880,10,10,10,0,0,0,0,0,0,1821695,3125247,4423679,1902819.84,200
1782774934,0,261080,0,600.71,200.14,882175,1161215,1522687,2369535,4153343,218496,25427967,1305885.37,839100.57,261080,10,10,10,0,0,0,0,0,0,1757183,2965503,3391487,1766775.04,200
1782774935,0,261280,0,599.79,199.96,882687,1161215,1523711,2369535,4157439,218496,25427967,1306449.13,839597.14,261280,10,10,10,0,0,0,0,0,0,1799167,3407871,6909951,2042379.52,200
1782774936,0,261480,0,598.87,200.00,882687,1161215,1523711,2371583,4157439,218496,25427967,1306942.62,839648.62,261480,10,10,10,0,0,0,0,0,0,1875967,3301375,3651583,1951639.68,200
1782774937,0,261680,0,597.96,199.89,882687,1162239,1524735,2371583,4155391,218496,25427967,1307342.80,839579.51,261680,10,10,10,0,0,0,0,0,0,1798143,2658303,3360767,1830544.64,200
1782774938,0,261880,0,597.05,200.06,883199,1162239,1525759,2373631,4157439,218496,25427967,1307841.46,839723.86,261880,10,10,10,0,0,0,0,0,0,1847295,3028991,4415487,1960288.00,200
1782774939,0,262080,0,596.15,200.10,883199,1162239,1525759,2375679,4157439,218496,25427967,1308266.14,839735.91,262080,10,10,10,0,0,0,0,0,0,1890303,2727935,3090431,1864338.56,200
1782774940,0,262280,0,595.25,199.85,883199,1163263,1526783,2375679,4157439,218496,25427967,1308631.96,839698.79,262280,10,10,10,0,0,0,0,0,0,1784831,2717695,3344383,1788005.12,200
1782774941,0,262480,0,594.36,200.02,883199,1163263,1526783,2377727,4153343,218496,25427967,1309010.02,839647.09,262480,10,10,10,0,0,0,0,0,0,1828863,2639871,3387391,1804796.16,200
1782774942,0,262680,0,593.47,200.11,883711,1163263,1527807,2379775,4153343,218496,25427967,1309502.76,839739.51,262680,10,10,10,0,0,0,0,0,0,1926143,2996223,3694591,1956181.76,200
1782774943,0,262880,0,592.58,199.89,883711,1164287,1528831,2379775,4153343,218496,25427967,1310049.62,839823.36,262880,10,10,10,0,0,0,0,0,0,1993727,3133439,3758079,2028291.84,200
1782774944,0,263080,0,591.70,200.05,884223,1164287,1529855,2381823,4157439,218496,25427967,1310451.45,839878.32,263080,10,10,10,0,0,0,0,0,0,1761279,2971647,4751359,1838613.12,200
1782774945,0,263280,0,590.82,199.93,884223,1164287,1529855,2381823,4157439,218496,25427967,1310851.54,839834.20,263280,10,10,10,0,0,0,0,0,0,1786879,2629631,3336191,1837136.64,200
1782774946,0,263480,0,589.94,200.04,884223,1165311,1530879,2383871,4153343,218496,25427967,1311332.76,839818.76,263480,10,10,10,0,0,0,0,0,0,1970175,2752511,3008511,1944804.48,200
1782774947,0,263680,0,589.07,199.98,884735,1165311,1531903,2383871,4153343,218496,25427967,1311795.24,839848.93,263680,10,10,10,0,0,0,0,0,0,1871871,3209215,3948543,1921068.80,200
1782774948,0,263880,0,588.20,200.14,884735,1165311,1531903,2385919,4153343,218496,25427967,1312233.45,839869.67,263880,10,10,10,0,0,0,0,0,0,1860607,3100671,3350527,1889973.12,200
1782774949,0,264080,0,587.34,199.88,884735,1166335,1532927,2387967,4151295,218496,25427967,1312716.69,839852.95,264080,10,10,10,0,0,0,0,0,0,1917951,2818047,3112959,1950295.04,200
1782774950,0,264280,0,586.48,200.11,885247,1166335,1532927,2387967,4155391,218496,25427967,1313114.45,839954.76,264280,10,10,10,0,0,0,0,0,0,1766399,2699263,5005311,1838316.80,200
1782774951,0,264480,0,585.63,200.01,885247,1166335,1533951,2390015,4153343,218496,25427967,1313545.15,839909.21,264480,10,10,10,0,0,0,0,0,0,1856511,2762751,3373055,1882679.04,200
1782774952,0,264680,0,584.77,199.90,885759,1167359,1534975,2392063,4153343,218496,25427967,1314013.21,839924.10,264680,10,10,10,0,0,0,0,0,0,1936383,2902015,3381247,1932974.08,200
1782774953,0,264880,0,583.93,199.99,885759,1167359,1534975,2392063,4153343,218496,25427967,1314305.50,839772.53,264880,10,10,10,0,0,0,0,0,0,1760255,2340863,2707455,1701123.84,200
1782774954,0,265080,0,583.08,200.02,885759,1167359,1535999,2392063,4153343,218496,25427967,1314738.70,839836.45,265080,10,10,10,0,0,0,0,0,0,1765375,3039231,4775935,1888462.08,200
1782774955,0,265280,0,582.24,199.94,886271,1168383,1537023,2394111,4153343,218496,25427967,1315250.90,839831.49,265280,10,10,10,0,0,0,0,0,0,2011135,2639871,3098623,1994119.68,200
1782774956,0,265480,0,581.40,200.15,886271,1168383,1538047,2394111,4153343,218496,25427967,1315655.06,839846.18,265480,10,10,10,0,0,0,0,0,0,1788927,2846719,4423679,1851733.76,200
1782774957,0,265680,0,580.57,199.89,886783,1168383,1539071,2396159,4161535,218496,25427967,1316317.64,840375.30,265680,10,10,10,0,0,0,0,0,0,1951743,5025791,6082559,2195825.92,200
1782774958,0,265880,0,579.74,199.95,886783,1169407,1540095,2398207,4161535,218496,25427967,1316893.56,840566.84,265880,10,10,10,0,0,0,0,0,0,2015231,3295231,5296127,2081946.88,200
1782774959,0,266080,0,578.91,200.08,886783,1169407,1540095,2398207,4165631,218496,25427967,1317545.40,842094.22,266080,10,10,10,0,0,0,0,0,0,1895423,4607999,7266303,2184101.12,200
1782774960,0,266280,0,578.09,200.01,887295,1170431,1541119,2398207,4179967,218496,25427967,1318562.31,847984.44,266280,10,10,10,0,0,0,0,0,0,1814527,5898239,18300927,2671459.84,200
1782774961,0,266480,0,577.27,200.04,887295,1170431,1542143,2400255,4177919,218496,25427967,1318965.57,847939.39,266480,10,10,10,0,0,0,0,0,0,1876991,2691071,3004415,1855862.40,200
1782774962,0,266680,0,576.46,200.00,887295,1170431,1543167,2402303,4177919,218496,25427967,1319464.75,847981.11,266680,10,10,10,0,0,0,0,0,0,1956863,3014655,3389439,1984582.40,200
1782774963,0,266880,0,575.64,200.04,887807,1171455,1543167,2404351,4188159,218496,25427967,1320191.13,848973.51,266880,10,10,10,0,0,0,0,0,0,2004991,3768319,8003583,2288737.92,200
1782774964,0,267080,0,574.84,199.89,887807,1171455,1544191,2406399,4188159,218496,25427967,1320727.53,849066.49,267080,10,10,10,0,0,0,0,0,0,1972223,3051519,4243455,2036501.76,200
1782774965,0,267280,0,574.03,200.02,888319,1171455,1545215,2406399,4190207,218496,25427967,1321242.43,849245.50,267280,10,10,10,0,0,0,0,0,0,1855487,3364863,4759551,2008838.40,200
1782774966,0,267480,0,573.23,200.05,888319,1172479,1546239,2408447,4188159,218496,25427967,1321667.81,849294.63,267480,10,10,10,0,0,0,0,0,0,1840127,3250175,3557375,1890154.24,200
1782774967,0,267680,0,572.43,199.99,888319,1172479,1546239,2410495,4190207,218496,25427967,1322156.86,849410.37,267680,10,10,10,0,0,0,0,0,0,1913855,3172351,4198399,1976211.20,200
1782774968,0,267880,0,571.64,200.01,888831,1172479,1547263,2410495,4194303,218496,25427967,1322608.22,849664.04,267880,10,10,10,0,0,0,0,0,0,1756159,3786751,5537791,1926709.12,200
1782774969,0,268080,0,570.84,199.95,888831,1173503,1547263,2412543,4192255,218496,25427967,1323048.84,849664.00,268080,10,10,10,0,0,0,0,0,0,1909759,3039231,3450879,1913206.40,200
1782774970,0,268280,0,570.06,200.07,888831,1173503,1548287,2414591,4202495,218496,25427967,1323756.09,851925.18,268280,10,10,10,0,0,0,0,0,0,1677311,5005311,12705791,2271763.84,200
1782774971,0,268480,0,569.27,199.89,889343,1173503,1548287,2414591,4202495,218496,25427967,1324249.73,852045.06,268480,10,10,10,0,0,0,0,0,0,1932287,3037183,5402623,1986406.40,200
1782774972,0,268680,0,568.49,200.07,889343,1174527,1549311,2414591,4210687,218496,25427967,1324711.97,852223.57,268680,10,10,10,0,0,0,0,0,0,1867775,4235263,5058559,1945227.52,200
1782774973,0,268880,0,567.71,199.96,889343,1174527,1550335,2416639,4214783,218496,25427967,1325248.03,852378.02,268880,10,10,10,0,0,0,0,0,0,1940479,3758079,4673535,2045396.48,200
1782774974,0,269080,0,566.94,199.92,889855,1174527,1551359,2420735,4210687,218496,25427967,1325837.59,852539.65,269080,10,10,10,0,0,0,0,0,0,2009087,3330047,3696639,2118440.96,200
1782774975,0,269280,0,566.17,200.08,889855,1175551,1551359,2420735,4214783,218496,25427967,1326372.95,852761.84,269280,10,10,10,0,0,0,0,0,0,1880063,3315711,5115903,2046643.20,200
1782774976,0,269480,0,565.40,200.09,890367,1175551,1552383,2422783,4222975,218496,25427967,1326991.77,853181.37,269480,10,10,10,0,0,0,0,0,0,1944575,3688447,6021119,2160176.00,200
1782774977,0,269680,0,564.63,199.97,890367,1175551,1553407,2424831,4218879,218496,25427967,1327359.50,853195.22,269680,10,10,10,0,0,0,0,0,0,1737727,3258367,3735551,1822828.80,200
1782774978,0,269880,0,563.87,199.90,890367,1176575,1553407,2424831,4218879,218496,25427967,1327797.46,853149.92,269880,10,10,10,0,0,0,0,0,0,1888255,2752511,3280895,1918354.56,200
1782774979,0,270080,0,563.11,200.13,890879,1176575,1554431,2426879,4218879,218496,25427967,1328187.49,853237.67,270080,10,10,10,0,0,0,0,0,0,1681407,3512319,4521983,1854481.28,200
1782774980,0,272012,0,565.96,1932.29,891391,1177599,1557503,2447359,4378623,218496,25427967,1334241.37,870042.94,272012,10,10,10,0,0,0,0,0,0,1430527,6438911,10174463,2180531.88,1932
1782774981,0,275000,0,570.99,2987.62,889343,1175551,1555455,2445311,4362239,218496,25427967,1332330.55,867739.53,275000,10,10,10,0,0,0,0,0,0,1002495,2349055,3067903,1158379.69,2988
1782774982,0,278000,0,576.02,2999.63,888831,1175551,1555455,2443263,4362239,218496,25427967,1331920.08,868823.87,278000,10,10,10,0,0,0,0,0,0,1127423,2316287,3670015,1294293.10,3000
1782774983,0,281000,0,581.04,3000.69,887295,1174527,1554431,2445311,4349951,218496,25427967,1330889.92,867012.35,281000,10,10,10,0,0,0,0,0,0,1079295,2734079,3602431,1235428.78,3000
1782774984,0,284000,0,586.03,2999.45,887295,1174527,1554431,2451455,4374527,218496,25427967,1331909.51,869821.99,284000,10,10,10,0,0,0,0,0,0,1171455,2785279,8384511,1427411.22,3000
1782774985,0,287006,0,591.01,3006.67,887807,1174527,1554431,2451455,4362239,218496,25427967,1332061.13,867819.80,287006,10,10,10,0,0,0,0,0,0,1180671,2643967,3893247,1346385.67,3006
1782774986,0,290024,0,596.00,3017.98,888831,1175551,1555455,2453503,4386815,218496,25427967,1334633.67,886304.14,290024,10,10,10,0,0,0,0,0,0,1232895,2543615,10239999,1579277.23,3018
1782774987,0,293010,0,600.90,2985.94,888831,1175551,1555455,2451455,4366335,218496,25427967,1334095.12,883568.81,293010,10,10,10,0,0,0,0,0,0,1189887,2439167,3084287,1281786.73,2986
1782774988,0,296000,0,605.79,2990.04,887807,1174527,1554431,2451455,4362239,218496,25427967,1333170.49,881998.30,296000,10,10,10,0,0,0,0,0,0,1067007,2334719,4321279,1242560.47,2990
1782774989,0,299000,0,610.68,2997.59,886783,1172479,1552383,2449407,4349951,218496,25427967,1331448.71,879146.90,299000,10,10,10,0,0,0,0,0,0,1029119,2240511,2758655,1161565.53,3000
1782774990,0,302006,0,615.56,3008.31,888319,1173503,1553407,2455551,4354047,218496,25427967,1332564.87,878394.31,302006,10,10,10,0,0,0,0,0,0,1221631,2852863,4898815,1443586.75,3006
1782774991,0,305000,0,620.40,2993.16,887807,1173503,1552383,2453503,4345855,218496,25427967,1331775.85,876094.87,305000,10,10,10,0,0,0,0,0,0,1140735,2367487,3768319,1252187.94,2994
1782774992,0,308000,0,625.23,3000.78,886783,1171455,1551359,2453503,4349951,218496,25427967,1330804.52,876306.71,308000,10,10,10,0,0,0,0,0,0,1031167,2416639,5861375,1232052.10,3000
1782774993,0,311000,0,630.04,3000.17,888319,1173503,1552383,2455551,4349951,218496,25427967,1331750.81,875028.24,311000,10,10,10,0,0,0,0,0,0,1273855,2596863,3575807,1428903.81,3000
1782774994,0,314018,0,634.87,3017.87,886783,1171455,1550335,2453503,4354047,218496,25427967,1330301.34,874835.69,314018,10,10,10,0,0,0,0,0,0,1044991,2195455,5050367,1180935.66,3018
1782774995,0,317000,0,639.60,2982.09,885247,1169407,1548287,2453503,4358143,218496,25427967,1328747.91,873496.93,317000,10,10,10,0,0,0,0,0,0,983039,2365439,4509695,1165164.86,2982
1782774996,0,320006,0,644.37,3005.98,885759,1169407,1549311,2455551,4358143,218496,25427967,1329061.59,872702.11,320006,10,10,10,0,0,0,0,0,0,1163263,2627583,4020223,1362140.10,3006
1782774997,0,323012,0,649.11,3006.03,885247,1169407,1548287,2455551,4345855,218496,25427967,1328542.31,870780.03,323012,10,10,10,0,0,0,0,0,0,1146879,2510847,3203071,1273262.92,3006
1782774998,0,326006,0,653.82,2993.76,884223,1168383,1548287,2457599,4354047,218496,25427967,1328043.43,870987.56,326006,10,10,10,0,0,0,0,0,0,1081343,2551807,5980159,1274220.89,2994
1782774999,0,329026,0,658.55,3020.21,883711,1167359,1547263,2459647,4354047,218496,25427967,1327709.57,869620.94,329026,10,10,10,0,0,0,0,0,0,1104895,2662399,4329471,1291669.66,3020
1782775000,0,332000,0,663.18,2972.60,883199,1166335,1546239,2459647,4354047,218496,25427967,1327097.79,872374.83,332000,10,10,10,0,0,0,0,0,0,1063935,2312191,9936895,1259413.74,2974
1782775001,0,335030,0,667.90,3028.52,883199,1165311,1545215,2457599,4337663,218496,25427967,1326077.94,869939.05,335030,10,10,10,0,0,0,0,0,0,1074175,2390015,3010559,1214332.03,3030
1782775002,0,338000,0,672.48,2971.94,883199,1165311,1545215,2457599,4329471,218496,25427967,1325787.93,867845.17,338000,10,10,10,0,0,0,0,0,0,1144831,2430975,3102719,1293073.43,2970
1782775003,0,341012,0,677.12,3012.71,882687,1164287,1544191,2457599,4321279,218496,25427967,1324653.47,865729.22,341012,10,10,10,0,0,0,0,0,0,1074175,2412543,2967551,1197347.36,3012
1782775004,0,344030,0,681.76,3015.23,883199,1165311,1544191,2457599,4337663,218496,25427967,1325257.42,867175.60,344030,10,10,10,0,0,0,0,0,0,1208319,2371583,6037503,1393498.55,3018
1782775005,0,347024,0,686.33,2997.05,882175,1163263,1542143,2453503,4329471,218496,25427967,1323587.66,864835.25,347024,10,10,10,0,0,0,0,0,0,1016319,2181119,2668543,1131721.60,2994
1782775006,0,350009,0,690.87,2984.96,882687,1163263,1542143,2455551,4329471,218496,25427967,1324054.23,867687.72,350009,10,10,10,0,0,0,0,0,0,1144831,2566143,5201919,1378295.90,2985
1782775007,0,353027,0,695.46,3017.59,883199,1163263,1543167,2457599,4321279,218496,25427967,1324460.79,866113.53,353027,10,10,10,0,0,0,0,0,0,1180671,2748415,3581951,1371610.89,3018
1782775008,0,356006,0,699.95,2979.38,883199,1164287,1543167,2463743,4333567,218496,25427967,1325208.96,866279.53,356006,10,10,10,0,0,0,0,0,0,1181695,3129343,5332991,1413870.81,2979
1782775009,0,359003,0,704.45,2996.94,882687,1163263,1542143,2461695,4329471,218496,25427967,1324225.06,864260.83,359003,10,10,10,0,0,0,0,0,0,1081343,2258943,3069951,1207350.28,2997
1782775010,0,362000,0,708.94,2995.82,882687,1163263,1542143,2463743,4349951,218496,25427967,1325661.98,880398.15,362000,10,10,10,0,0,0,0,0,0,1090559,2799615,17235967,1497787.66,2997
1782775011,0,365000,0,713.42,3000.28,882175,1161215,1539071,2459647,4333567,218496,25427967,1323812.99,877756.15,365000,10,10,10,0,0,0,0,0,0,1040895,1884159,2275327,1100701.01,3000
1782775012,0,368000,0,717.88,3000.58,882175,1161215,1538047,2459647,4354047,218496,25427967,1324059.65,880375.62,368000,10,10,10,0,0,0,0,0,0,1102847,2523135,7372799,1354070.53,3000
1782775013,0,371000,0,722.33,3000.19,882175,1160191,1537023,2455551,4337663,218496,25427967,1322613.33,877860.69,371000,10,10,10,0,0,0,0,0,0,1060863,1942527,2709503,1145198.08,3000
1782775014,0,374000,0,726.75,2998.79,882175,1160191,1537023,2455551,4358143,218496,25427967,1323949.44,889456.69,374000,10,10,10,0,0,0,0,0,0,1160191,2455551,8822783,1489180.84,3000
1782775015,0,377000,0,731.16,3001.09,882175,1160191,1537023,2459647,4354047,218496,25427967,1323845.30,887917.43,377000,10,10,10,0,0,0,0,0,0,1098751,2682879,3512319,1310862.89,3000
1782775016,0,380000,0,735.55,2999.41,882175,1159167,1535999,2461695,4374527,218496,25427967,1324577.21,890074.81,380000,10,10,10,0,0,0,0,0,0,1116159,3362815,7319551,1416553.64,3000
1782775017,0,383000,0,739.93,2999.88,881663,1158143,1534975,2461695,4362239,218496,25427967,1323641.98,888007.66,383000,10,10,10,0,0,0,0,0,0,1079295,2306047,3393535,1205180.07,3000
1782775018,0,386000,0,744.28,2999.70,881151,1158143,1533951,2463743,4366335,218496,25427967,1323226.05,887416.88,386000,10,10,10,0,0,0,0,0,0,1055743,2693119,5324799,1270125.10,3000
1782775019,0,389003,0,748.63,3004.05,880639,1157119,1533951,2463743,4358143,218496,25427967,1322647.15,885627.84,389003,10,10,10,0,0,0,0,0,0,1089535,2527231,3387391,1248236.31,3003
1782775020,0,392027,0,753.00,3024.28,880639,1157119,1533951,2465791,4366335,218496,25427967,1323040.24,888788.99,392027,10,10,10,0,0,0,0,0,0,1138687,2762751,5144575,1373606.69,3024
1782775021,0,395000,0,757.26,2972.14,880639,1157119,1532927,2463743,4358143,218496,25427967,1322311.68,886596.82,395000,10,10,10,0,0,0,0,0,0,1144831,2314239,2928639,1226241.85,2973
1782775022,0,398018,0,761.58,3018.87,880639,1157119,1532927,2465791,4370431,218496,25427967,1323362.51,898046.61,398018,10,10,10,0,0,0,0,0,0,1149951,2537471,10682367,1460897.61,3018
1782775023,0,401000,0,765.82,2981.35,880127,1156095,1532927,2469887,4366335,218496,25427967,1323442.61,897547.75,401000,10,10,10,0,0,0,0,0,0,1056767,3299327,4268031,1334133.25,2982
1782775024,0,404006,0,770.09,3006.63,879615,1155071,1532927,2471935,4370431,218496,25427967,1322999.81,896689.71,404006,10,10,10,0,0,0,0,0,0,1071103,2621439,5378047,1263930.12,3006
1782775025,0,407027,0,774.38,3021.01,879103,1154047,1530879,2469887,4370431,218496,25427967,1321901.86,895332.11,407027,10,10,10,0,0,0,0,0,0,1041919,2144255,4902911,1175069.96,3021
1782775026,0,410000,0,778.55,2972.97,878591,1154047,1529855,2469887,4374527,218496,25427967,1321643.31,896042.45,410000,10,10,10,0,0,0,0,0,0,1078271,2701311,5230591,1286246.94,2973
1782775027,0,413000,0,782.76,2999.96,878079,1153023,1529855,2469887,4362239,218496,25427967,1321107.29,894196.77,413000,10,10,10,0,0,0,0,0,0,1096703,2506751,3084287,1247850.50,3000
1782775028,0,416000,0,786.96,2999.28,877055,1151999,1529855,2473983,4386815,218496,25427967,1321902.41,903333.71,416000,10,10,10,0,0,0,0,0,0,1004543,3180543,7143423,1431364.74,3000
1782775029,0,419009,0,791.15,3009.81,877055,1151999,1529855,2473983,4374527,218496,25427967,1321522.53,901665.30,419009,10,10,10,0,0,0,0,0,0,1125375,2516991,3614719,1269002.21,3009
1782775030,0,422011,0,795.32,3001.99,877055,1151999,1529855,2473983,4374527,218496,25427967,1321435.48,900901.59,422011,10,10,10,0,0,0,0,0,0,1139711,2488319,4648959,1309286.20,3002
1782775031,0,425000,0,799.44,2988.80,877055,1150975,1527807,2471935,4362239,218496,25427967,1320164.34,898820.63,425000,10,10,10,0,0,0,0,0,0,1055743,2061311,3481599,1140693.78,2989
1782775032,0,428000,0,803.58,2999.64,876543,1149951,1525759,2467839,4358143,218496,25427967,1318830.07,896849.33,428000,10,10,10,0,0,0,0,0,0,1051647,1852415,3143679,1129808.94,3000
1782775033,0,431000,0,807.69,2999.70,876031,1149951,1524735,2467839,4354047,218496,25427967,1317789.11,895247.90,431000,10,10,10,0,0,0,0,0,0,1053695,2349055,3518463,1169279.49,3000
1782775034,0,434027,0,811.84,3027.87,876031,1148927,1524735,2465791,4358143,218496,25427967,1317285.11,893773.77,434027,10,10,10,0,0,0,0,0,0,1104895,2199551,4452351,1245521.70,3027
1782775035,0,437030,0,815.93,3000.30,875007,1147903,1522687,2461695,4345855,218496,25427967,1315716.32,891862.34,437030,10,10,10,0,0,0,0,0,0,983551,1999871,3293183,1088978.09,3003
1782775036,0,440030,0,820.00,3000.02,874495,1146879,1521663,2463743,4337663,218496,25427967,1314840.85,890499.29,440030,10,10,10,0,0,0,0,0,0,1033727,2533375,3944447,1187305.60,3000
1782775037,0,443015,0,824.03,2987.64,874495,1146879,1520639,2465791,4354047,218496,25427967,1315088.67,893337.02,443015,10,10,10,0,0,0,0,0,0,1094655,3119103,8757247,1351620.20,2985
1782775038,0,446012,0,828.07,2996.83,874495,1145855,1518591,2463743,4362239,218496,25427967,1315172.82,899017.22,446012,10,10,10,0,0,0,0,0,0,1118207,2076671,14974975,1327611.26,2997
1782775039,0,449000,0,832.07,2987.76,873983,1145855,1518591,2463743,4362239,218496,25427967,1314637.60,897824.98,449000,10,10,10,0,0,0,0,0,0,1098751,2457599,3805183,1234746.60,2988
1782775040,0,450470,0,833.25,1469.63,873983,1145855,1517567,2463743,4358143,218496,25427967,1314186.17,896928.17,450470,10,10,10,0,0,0,0,0,0,1102847,2168831,2959359,1176300.41,1470
1782775041,0,450970,0,832.63,499.94,873983,1145855,1517567,2463743,4362239,218496,25427967,1314468.72,898808.40,450970,10,10,10,0,0,0,0,0,0,1165311,2426879,14024703,1569032.70,500
1782775042,0,451470,0,832.02,500.10,873983,1145855,1518591,2463743,4366335,218496,25427967,1314664.32,898806.69,451470,10,10,10,0,0,0,0,0,0,1296383,2893823,5140479,1491087.36,500
1782775043,0,451970,0,831.41,500.02,873983,1145855,1518591,2463743,4362239,218496,25427967,1314777.64,898501.52,451970,10,10,10,0,0,0,0,0,0,1352703,2273279,3313663,1417097.22,500
1782775044,0,452470,0,830.80,499.66,873983,1145855,1518591,2463743,4362239,218496,25427967,1314860.83,898207.00,452470,10,10,10,0,0,0,0,0,0,1293311,2449407,3219455,1390056.70,500
1782775045,0,452970,0,830.19,500.01,873983,1146879,1518591,2463743,4358143,218496,25427967,1314867.10,897870.69,452970,10,10,10,0,0,0,0,0,0,1242111,2295807,2715647,1320541.44,500
1782775046,0,453470,0,829.59,500.16,873983,1146879,1519615,2463743,4362239,218496,25427967,1315106.97,898039.64,453470,10,10,10,0,0,0,0,0,0,1344511,2646015,7303167,1532414.72,500
1782775047,0,453970,0,828.99,500.20,874495,1146879,1519615,2463743,4358143,218496,25427967,1315177.11,897724.16,453970,10,10,10,0,0,0,0,0,0,1309695,2461695,2910207,1378788.35,500
1782775048,0,454470,0,828.39,500.05,874495,1146879,1519615,2463743,4358143,218496,25427967,1315260.70,897510.70,454470,10,10,10,0,0,0,0,0,0,1254399,2549759,3893247,1391160.32,500
1782775049,0,454970,0,827.79,499.98,874495,1146879,1519615,2463743,4358143,218496,25427967,1315313.68,897198.58,454970,10,10,10,0,0,0,0,0,0,1301503,2248703,3274751,1363470.85,500
1782775050,0,455470,0,827.20,499.75,874495,1146879,1519615,2463743,4358143,218496,25427967,1315509.50,897281.25,455470,10,10,10,0,0,0,0,0,0,1296383,2684927,5726207,1493690.88,500
1782775051,0,455970,0,826.60,499.98,874495,1146879,1520639,2463743,4358143,218496,25427967,1315607.73,897016.32,455970,10,10,10,0,0,0,0,0,0,1327103,2328575,3887103,1405088.51,500
1782775052,0,456470,0,826.01,500.32,874495,1147903,1520639,2465791,4358143,218496,25427967,1315726.07,896795.41,456470,10,10,10,0,0,0,0,0,0,1288191,2596863,3721215,1423645.95,500
1782775053,0,456970,0,825.42,499.97,874495,1147903,1520639,2465791,4358143,218496,25427967,1315944.04,896681.22,456970,10,10,10,0,0,0,0,0,0,1380351,2777087,4739071,1514932.74,500
1782775054,0,457470,0,824.84,500.02,874495,1147903,1521663,2465791,4358143,218496,25427967,1316035.10,896444.63,457470,10,10,10,0,0,0,0,0,0,1233919,2775039,3211263,1399258.37,500
1782775055,0,457970,0,824.25,499.96,875007,1147903,1521663,2465791,4358143,218496,25427967,1316187.05,896205.59,457970,10,10,10,0,0,0,0,0,0,1391615,2312191,4481023,1455213.06,500
1782775056,0,458470,0,823.67,499.95,875007,1147903,1521663,2465791,4354047,218496,25427967,1316420.77,896008.96,458470,10,10,10,0,0,0,0,0,0,1422335,2895871,3500031,1530501.38,500
1782775057,0,458970,0,823.09,500.05,875007,1148927,1522687,2465791,4354047,218496,25427967,1316505.77,895712.24,458970,10,10,10,0,0,0,0,0,0,1318911,2406399,2744319,1394444.54,500
1782775058,0,459470,0,822.51,499.99,875007,1148927,1522687,2465791,4349951,218496,25427967,1316693.67,895527.77,459470,10,10,10,0,0,0,0,0,0,1369087,2899967,3579903,1489169.92,500
1782775059,0,459970,0,821.93,499.75,875519,1148927,1522687,2467839,4358143,218496,25427967,1317057.64,896953.15,459970,10,10,10,0,0,0,0,0,0,1299455,2629631,12247039,1651526.40,500
1782775060,0,460470,0,821.36,500.28,875519,1148927,1522687,2467839,4358143,218496,25427967,1317264.59,897167.63,460470,10,10,10,0,0,0,0,0,0,1281023,2795519,7442431,1507647.23,500
1782775061,0,460970,0,820.79,499.58,875519,1148927,1523711,2467839,4358143,218496,25427967,1317313.70,896881.32,460970,10,10,10,0,0,0,0,0,0,1283071,2324479,2998271,1362537.73,500
1782775062,0,461470,0,820.22,500.27,875519,1148927,1523711,2467839,4354047,218496,25427967,1317425.66,896608.32,461470,10,10,10,0,0,0,0,0,0,1382399,2596863,3004415,1420644.35,500
1782775063,0,461970,0,819.65,500.18,875519,1148927,1523711,2467839,4358143,218496,25427967,1317553.81,896518.09,461970,10,10,10,0,0,0,0,0,0,1293311,2441215,4886527,1435831.04,500
1782775064,0,462470,0,819.08,500.00,875519,1149951,1523711,2467839,4354047,218496,25427967,1317588.71,896212.84,462470,10,10,10,0,0,0,0,0,0,1284095,2342911,3090431,1349837.06,500
1782775065,0,462970,0,818.52,500.00,875519,1149951,1524735,2467839,4354047,218496,25427967,1317742.85,895960.62,462970,10,10,10,0,0,0,0,0,0,1390591,2568191,3086335,1460315.14,500
1782775066,0,463470,0,817.96,499.56,876031,1149951,1524735,2465791,4349951,218496,25427967,1317850.72,895637.87,463470,10,10,10,0,0,0,0,0,0,1390591,2234367,2594815,1417731.07,500
1782775067,0,463970,0,817.40,500.13,876031,1149951,1524735,2467839,4349951,218496,25427967,1317972.08,895445.85,463970,10,10,10,0,0,0,0,0,0,1318911,2762751,3823615,1430462.46,500
1782775068,0,464470,0,816.84,500.29,876031,1149951,1525759,2467839,4354047,218496,25427967,1318352.23,897128.20,464470,10,10,10,0,0,0,0,0,0,1291263,2879487,13484031,1671109.38,500
1782775069,0,464970,0,816.28,499.91,876031,1149951,1525759,2467839,4349951,218496,25427967,1318486.22,896865.05,464970,10,10,10,0,0,0,0,0,0,1346559,2537471,3006463,1442957.57,500
1782775070,0,465470,0,815.73,499.83,876031,1150975,1525759,2467839,4349951,218496,25427967,1318580.36,896568.56,465470,10,10,10,0,0,0,0,0,0,1353727,2303999,3254271,1406121.47,500
1782775071,0,465970,0,815.18,500.11,876031,1150975,1525759,2467839,4345855,218496,25427967,1318678.26,896276.56,465970,10,10,10,0,0,0,0,0,0,1334271,2428927,2914303,1409817.60,500
1782775072,0,466470,0,814.63,500.16,876543,1150975,1526783,2467839,4345855,218496,25427967,1318802.75,895997.09,466470,10,10,10,0,0,0,0,0,0,1370111,2508799,3055615,1434822.66,500
1782775073,0,466970,0,814.08,499.92,876543,1150975,1526783,2467839,4345855,218496,25427967,1319290.42,898351.61,466970,10,10,10,0,0,0,0,0,0,1440767,2920447,10797055,1774251.52,500
1782775074,0,467470,0,813.53,500.09,876543,1150975,1526783,2467839,4345855,218496,25427967,1319313.41,898066.00,467470,10,10,10,0,0,0,0,0,0,1286143,2238463,2785279,1340783.36,500
1782775075,0,467970,0,812.98,499.85,876543,1151999,1527807,2467839,4341759,218496,25427967,1319477.03,897792.45,467970,10,10,10,0,0,0,0,0,0,1430527,2521087,2947071,1472455.94,500
1782775076,0,468470,0,812.44,499.94,876543,1151999,1527807,2467839,4341759,218496,25427967,1319536.31,897465.79,468470,10,10,10,0,0,0,0,0,0,1348607,2295807,2598911,1375017.22,500
1782775077,0,468970,0,811.90,500.22,877055,1151999,1527807,2467839,4337663,218496,25427967,1319665.04,897241.28,468970,10,10,10,0,0,0,0,0,0,1326079,2662399,3538943,1440283.39,500
1782775078,0,469470,0,811.36,499.59,877055,1151999,1528831,2467839,4337663,218496,25427967,1319796.80,896942.88,469470,10,10,10,0,0,0,0,0,0,1397759,2385919,3018751,1443379.46,500
1782775079,0,469970,0,810.83,500.23,877055,1151999,1528831,2467839,4333567,218496,25427967,1319912.60,896657.84,469970,10,10,10,0,0,0,0,0,0,1376255,2500607,2957311,1428638.21,500
1782775080,0,470470,0,810.29,499.84,877055,1153023,1528831,2467839,4333567,218496,25427967,1319996.31,896352.88,470470,10,10,10,0,0,0,0,0,0,1330175,2314239,2715647,1398677.76,500
1782775081,0,470970,0,809.76,500.16,877055,1153023,1528831,2467839,4329471,218496,25427967,1320136.57,896156.55,470970,10,10,10,0,0,0,0,0,0,1319935,2770943,3518463,1452116.74,500
1782775082,0,471470,0,809.22,499.88,877055,1153023,1529855,2467839,4333567,218496,25427967,1320517.77,897862.65,471470,10,10,10,0,0,0,0,0,0,1316863,2838527,13770751,1679582.98,500
1782775083,0,471970,0,808.70,500.30,877567,1153023,1529855,2467839,4333567,218496,25427967,1320535.20,897520.93,471970,10,10,10,0,0,0,0,0,0,1334271,2168831,2545663,1336968.45,500
1782775084,0,472470,0,808.17,499.99,877567,1153023,1529855,2467839,4329471,218496,25427967,1320626.89,897253.73,472470,10,10,10,0,0,0,0,0,0,1353727,2467839,2781183,1407180.03,500
1782775085,0,472970,0,807.64,499.61,877567,1153023,1529855,2467839,4329471,218496,25427967,1320662.52,896974.01,472970,10,10,10,0,0,0,0,0,0,1291263,2369535,2865151,1354327.04,500
1782775086,0,473470,0,807.12,500.29,877567,1154047,1530879,2467839,4329471,218496,25427967,1321138.64,899464.64,473470,10,10,10,0,0,0,0,0,0,1366015,2998271,16244735,1771522.30,500
1782775087,0,473970,0,806.59,500.02,877567,1154047,1530879,2467839,4329471,218496,25427967,1321203.59,899170.11,473970,10,10,10,0,0,0,0,0,0,1313791,2387967,3168255,1382709.25,500
1782775088,0,474470,0,806.07,499.69,877567,1154047,1530879,2467839,4329471,218496,25427967,1321273.96,898892.48,474470,10,10,10,0,0,0,0,0,0,1313791,2398207,3041279,1387973.12,500
1782775089,0,474970,0,805.55,500.38,878079,1154047,1530879,2467839,4329471,218496,25427967,1321338.10,898626.08,474970,10,10,10,0,0,0,0,0,0,1256447,2490367,3289087,1382204.42,500
1782775090,0,475470,0,805.04,499.90,878079,1154047,1531903,2467839,4325375,218496,25427967,1321416.36,898323.21,475470,10,10,10,0,0,0,0,0,0,1357823,2244607,3153919,1395758.85,500
1782775091,0,475970,0,804.52,500.09,878079,1154047,1531903,2467839,4329471,218496,25427967,1321840.36,900495.25,475970,10,10,10,0,0,0,0,0,0,1396735,2635775,15851519,1725042.43,500
1782775092,0,476470,0,804.01,499.94,878079,1155071,1531903,2467839,4325375,218496,25427967,1321971.92,900262.24,476470,10,10,10,0,0,0,0,0,0,1341439,2627583,3334143,1447209.73,500
1782775093,0,476970,0,803.49,500.04,878079,1155071,1531903,2467839,4325375,218496,25427967,1322055.71,899958.00,476970,10,10,10,0,0,0,0,0,0,1371135,2377727,2652159,1401897.47,500
1782775094,0,477470,0,802.98,499.95,878079,1155071,1531903,2467839,4321279,218496,25427967,1322090.05,899646.59,477470,10,10,10,0,0,0,0,0,0,1270783,2402303,2686975,1354850.05,500
1782775095,0,477970,0,802.48,500.04,878591,1155071,1532927,2467839,4321279,218496,25427967,1322204.75,899451.42,477970,10,10,10,0,0,0,0,0,0,1336319,2400255,4497407,1431735.30,500
1782775096,0,478470,0,801.97,500.04,878591,1155071,1532927,2467839,4321279,218496,25427967,1322381.29,899182.30,478470,10,10,10,0,0,0,0,0,0,1431551,2535423,2940927,1491141.89,500
1782775097,0,478970,0,801.46,499.56,878591,1155071,1532927,2467839,4317183,218496,25427967,1322568.55,898924.68,478970,10,10,10,0,0,0,0,0,0,1432575,2627583,3473407,1501769.98,500
1782775098,0,479470,0,800.96,500.41,878591,1156095,1532927,2467839,4313087,218496,25427967,1322638.77,898625.94,479470,10,10,10,0,0,0,0,0,0,1317887,2347007,2775039,1389904.90,500
1782775099,0,479970,0,800.46,499.98,878591,1156095,1533951,2467839,4313087,218496,25427967,1322667.74,898393.26,479970,10,10,10,0,0,0,0,0,0,1232895,2494463,3520511,1350449.15,500
1782775100,0,483280,0,804.64,3309.90,880127,1157119,1535999,2469887,4300799,218496,25427967,1324029.22,897003.78,483280,10,10,10,0,0,0,0,0,0,1421311,2578431,3629055,1521452.28,3310
1782775101,0,488280,0,811.61,4999.88,881151,1158143,1535999,2471935,4325375,218496,25427967,1324929.18,897521.55,488280,10,10,10,0,0,0,0,0,0,1208319,2850815,5021695,1411915.62,5000
1782775102,0,493280,0,818.56,4998.62,881663,1158143,1535999,2471935,4341759,218496,25427967,1326433.32,905729.74,493280,10,10,10,0,0,0,0,0,0,1196031,2553855,4931583,1473321.04,5000
1782775103,0,498280,0,825.49,4998.95,883199,1159167,1537023,2471935,4374527,218496,25427967,1327850.23,906074.10,498280,10,10,10,0,0,0,0,0,0,1254399,2760703,5726207,1467637.27,5000
1782775104,0,503280,0,832.39,5001.14,884735,1161215,1538047,2471935,4358143,218496,25427967,1328749.30,903118.01,503280,10,10,10,0,0,0,0,0,0,1298431,2476031,3307519,1418347.42,5000
1782775105,0,508280,0,839.27,4999.00,886271,1163263,1540095,2473983,4374527,218496,25427967,1330869.29,904348.54,508280,10,10,10,0,0,0,0,0,0,1332223,2934783,4919295,1544258.74,5000
1782775106,0,513280,0,846.13,5002.92,887295,1164287,1542143,2476031,4370431,218496,25427967,1331990.33,902386.41,513280,10,10,10,0,0,0,0,0,0,1330175,2551807,3438591,1445950.77,5000
1782775107,0,518280,0,852.97,4995.66,888319,1165311,1544191,2484223,4390911,218496,25427967,1334068.26,904021.33,518280,10,10,10,0,0,0,0,0,0,1263615,3250175,7434239,1547380.28,5000
1782775108,0,523280,0,859.78,5001.26,889855,1167359,1545215,2480127,4374527,218496,25427967,1334737.01,901219.74,523280,10,10,10,0,0,0,0,0,0,1331199,2238463,3667967,1404056.45,5000
1782775109,0,528280,0,866.57,5003.53,891391,1169407,1547263,2480127,4374527,218496,25427967,1336361.12,900232.66,528280,10,10,10,0,0,0,0,0,0,1404927,2476031,4308991,1506334.54,5000
1782775110,0,533280,0,873.34,4999.44,893439,1172479,1550335,2478079,4358143,218496,25427967,1337652.58,897062.33,533280,10,10,10,0,0,0,0,0,0,1446911,2148351,2746367,1474102.81,5000
1782775111,0,538280,0,880.09,5000.06,895487,1174527,1553407,2480127,4366335,218496,25427967,1340384.90,901350.88,538280,10,10,10,0,0,0,0,0,0,1427455,2803711,4640767,1631803.08,5000
1782775112,0,543280,0,886.81,4998.31,897023,1176575,1555455,2478079,4349951,218496,25427967,1341156.49,898257.92,543280,10,10,10,0,0,0,0,0,0,1382399,2211839,2844671,1424222.68,5000
1782775113,0,548280,0,893.52,5002.20,898559,1178623,1557503,2478079,4349951,218496,25427967,1342534.90,896757.16,548280,10,10,10,0,0,0,0,0,0,1411071,2406399,4743167,1492307.89,5000
1782775114,0,553280,0,900.20,4995.67,899071,1179647,1558527,2473983,4333567,218496,25427967,1342505.00,893963.25,553280,10,10,10,0,0,0,0,0,0,1268735,2187263,3024895,1339226.42,5000
1782775115,0,558280,0,906.86,5002.63,900607,1180671,1559551,2480127,4358143,218496,25427967,1344184.18,894520.53,558280,10,10,10,0,0,0,0,0,0,1300479,3088383,6115327,1529995.37,5000
1782775116,0,563280,0,913.50,4998.13,902143,1182719,1560575,2480127,4341759,218496,25427967,1345487.48,892120.85,563280,10,10,10,0,0,0,0,0,0,1404927,2545663,3635199,1491009.10,5000
1782775117,0,568280,0,920.11,4999.79,903167,1184767,1561599,2482175,4374527,218496,25427967,1347799.63,904356.69,568280,10,10,10,0,0,0,0,0,0,1297407,3004415,7761919,1608277.17,5000
1782775118,0,573280,0,926.71,4999.44,903679,1184767,1562623,2484223,4386815,218496,25427967,1348960.11,905587.84,573280,10,10,10,0,0,0,0,0,0,1281023,2828287,4956159,1480854.96,5000
1782775119,0,578280,0,933.28,5001.83,904703,1186815,1564671,2488319,4407295,218496,25427967,1352069.12,918098.46,578280,10,10,10,0,0,0,0,0,0,1410047,3096575,10788863,1708535.81,5000
1782775120,0,583280,0,939.84,5000.72,906239,1188863,1566719,2488319,4399103,218496,25427967,1353237.42,915763.16,583280,10,10,10,0,0,0,0,0,0,1406975,2461695,3147775,1488359.04,5000
1782775121,0,588280,0,946.37,5001.63,907263,1190911,1569791,2488319,4395007,218496,25427967,1354931.54,914045.30,588280,10,10,10,0,0,0,0,0,0,1457151,2562047,4167679,1552560.46,5000
1782775122,0,593280,0,952.88,4995.30,907775,1191935,1570815,2486271,4399103,218496,25427967,1355393.74,914176.62,593280,10,10,10,0,0,0,0,0,0,1292287,2181119,5304319,1409774.72,5000
1782775123,0,598280,0,959.37,5003.14,908799,1192959,1571839,2486271,4390911,218496,25427967,1355565.59,912029.90,598280,10,10,10,0,0,0,0,0,0,1263615,2349055,4063231,1375956.20,5000
1782775124,0,603280,0,965.84,4998.52,909823,1193983,1573887,2486271,4378623,218496,25427967,1356430.35,910927.51,603280,10,10,10,0,0,0,0,0,0,1317887,2551807,3866623,1459904.41,5000
1782775125,0,608280,0,972.28,5000.71,910335,1192959,1572863,2482175,4378623,218496,25427967,1356050.98,909533.25,608280,10,10,10,0,0,0,0,0,0,1166335,2283519,3307519,1310277.48,5000
1782775126,0,613280,0,978.71,4999.51,910847,1193983,1572863,2482175,4399103,218496,25427967,1356639.76,910349.87,613280,10,10,10,0,0,0,0,0,0,1199103,2549759,5119999,1428267.78,5000
1782775127,0,618280,0,985.12,4998.77,911359,1193983,1572863,2482175,4390911,218496,25427967,1356651.20,908341.16,618280,10,10,10,0,0,0,0,0,0,1211391,2473983,3633151,1358054.66,5000
1782775128,0,623280,0,991.51,4999.92,912383,1193983,1572863,2482175,4390911,218496,25427967,1357023.89,906392.58,623280,10,10,10,0,0,0,0,0,0,1263615,2222079,4562943,1403109.43,5000
1782775129,0,628280,0,997.87,5003.27,913919,1196031,1576959,2482175,4378623,218496,25427967,1358748.01,904258.51,628280,10,10,10,0,0,0,0,0,0,1511423,2523135,2965503,1573670.40,5000
1782775130,0,633280,0,1004.22,5000.80,914943,1197055,1580031,2486271,4395007,218496,25427967,1360720.73,905015.48,633280,10,10,10,0,0,0,0,0,0,1401855,2981887,6242303,1608604.24,5000
1782775131,0,638280,0,1010.54,4995.81,914943,1198079,1580031,2486271,4390911,218496,25427967,1360827.55,903335.89,638280,10,10,10,0,0,0,0,0,0,1244159,2557951,3756031,1374356.36,5000
1782775132,0,643280,0,1016.85,5000.19,914943,1198079,1581055,2488319,4403199,218496,25427967,1361591.95,905577.40,643280,10,10,10,0,0,0,0,0,0,1258495,2658303,5890047,1459173.04,5000
1782775133,0,648280,0,1023.14,5003.64,915967,1199103,1584127,2490367,4415487,218496,25427967,1363442.75,906146.61,648280,10,10,10,0,0,0,0,0,0,1442815,2717695,5869567,1601558.52,5000
1782775134,0,653280,0,1029.40,4997.11,916479,1200127,1584127,2490367,4403199,218496,25427967,1363522.47,904255.72,653280,10,10,10,0,0,0,0,0,0,1277951,2447359,3842047,1373859.49,5000
1782775135,0,658280,0,1035.65,5000.70,917503,1201151,1585151,2490367,4403199,218496,25427967,1364235.25,903128.76,658280,10,10,10,0,0,0,0,0,0,1299455,2635775,4780031,1457364.51,5000
1782775136,0,663280,0,1041.88,5000.18,918527,1201151,1584127,2488319,4395007,218496,25427967,1364142.22,900552.03,663280,10,10,10,0,0,0,0,0,0,1278975,2201599,2600959,1351894.22,5000
1782775137,0,668280,0,1048.09,4998.15,919551,1203199,1586175,2484223,4403199,218496,25427967,1365624.19,900834.65,668280,10,10,10,0,0,0,0,0,0,1412095,2371583,6828031,1562215.50,5000
1782775138,0,673280,0,1054.27,4999.69,920575,1204223,1587199,2482175,4403199,218496,25427967,1366435.68,901410.81,673280,10,10,10,0,0,0,0,0,0,1338367,2242559,3633151,1474895.91,5000
1782775139,0,678280,0,1060.44,5002.24,920575,1204223,1587199,2482175,4423679,218496,25427967,1366708.79,901757.20,678280,10,10,10,0,0,0,0,0,0,1207295,2531327,5963775,1403485.72,5000
1782775140,0,683280,0,1066.59,4998.20,921599,1206271,1589247,2484223,4407295,218496,25427967,1367501.73,899912.53,683280,10,10,10,0,0,0,0,0,0,1357823,2600959,3467263,1475068.70,5000
1782775141,0,688280,0,1072.72,5000.86,922111,1206271,1589247,2482175,4427775,218496,25427967,1368513.41,905365.48,688280,10,10,10,0,0,0,0,0,0,1247231,2263039,7716863,1506764.90,5000
1782775142,0,693280,0,1078.83,4999.19,922111,1206271,1590271,2484223,4435967,218496,25427967,1369271.81,904374.77,693280,10,10,10,0,0,0,0,0,0,1293311,2727935,4689919,1473670.09,5000
1782775143,0,698280,0,1084.93,5003.43,922623,1207295,1591295,2488319,4435967,218496,25427967,1369778.60,903602.90,698280,10,10,10,0,0,0,0,0,0,1263615,2748415,4218879,1440048.33,5000
1782775144,0,703280,0,1091.00,4997.09,923647,1208319,1592319,2486271,4419583,218496,25427967,1370182.33,901487.34,703280,10,10,10,0,0,0,0,0,0,1321983,2299903,3346431,1426566.07,5000
1782775145,0,708280,0,1097.06,5003.03,924159,1209343,1593343,2488319,4423679,218496,25427967,1371198.23,901850.47,708280,10,10,10,0,0,0,0,0,0,1337343,2818047,5156863,1514091.01,5000
1782775146,0,713280,0,1103.09,4997.12,924159,1209343,1593343,2490367,4415487,218496,25427967,1371245.85,900614.98,713280,10,10,10,0,0,0,0,0,0,1201151,2752511,3905535,1377990.22,5000
1782775147,0,718280,0,1109.11,5002.09,924671,1209343,1593343,2490367,4440063,218496,25427967,1371705.34,900712.00,718280,10,10,10,0,0,0,0,0,0,1238015,2576383,5496831,1437254.73,5000
1782775148,0,723280,0,1115.11,4996.73,925183,1210367,1594367,2494463,4472831,218496,25427967,1373488.64,903446.18,723280,10,10,10,0,0,0,0,0,0,1366015,3708927,7155711,1629670.55,5000
1782775149,0,728280,0,1121.09,5002.41,925695,1210367,1595391,2494463,4452351,218496,25427967,1373591.39,901604.28,728280,10,10,10,0,0,0,0,0,0,1248255,2607103,3131391,1388454.91,5000
1782775150,0,733280,0,1127.05,4999.32,926719,1212415,1597439,2500607,4460543,218496,25427967,1375943.34,908887.67,733280,10,10,10,0,0,0,0,0,0,1418239,3026943,14098431,1718518.71,5000
1782775151,0,738280,0,1132.99,5002.38,927231,1212415,1598463,2504703,4468735,218496,25427967,1376907.80,909056.64,738280,10,10,10,0,0,0,0,0,0,1331199,2811903,4866047,1518351.44,5000
1782775152,0,743280,0,1138.92,5000.05,927743,1212415,1598463,2506751,4468735,218496,25427967,1377788.99,912091.20,743280,10,10,10,0,0,0,0,0,0,1224703,2750463,4562943,1507902.54,5000
1782775153,0,748280,0,1144.82,4998.15,928767,1214463,1599487,2508799,4481023,218496,25427967,1378997.28,912424.17,748280,10,10,10,0,0,0,0,0,0,1394687,2555903,5943295,1558616.91,5000
1782775154,0,753280,0,1150.71,4999.70,929791,1215487,1599487,2506751,4476927,218496,25427967,1379390.78,912877.99,753280,10,10,10,0,0,0,0,0,0,1289215,2398207,3305471,1438280.29,5000
1782775155,0,758280,0,1156.58,4998.56,929791,1215487,1599487,2504703,4476927,218496,25427967,1379215.97,911806.85,758280,10,10,10,0,0,0,0,0,0,1209343,2144255,4083711,1352879.85,5000
1782775156,0,763280,0,1162.44,5000.88,930303,1215487,1600511,2506751,4509695,218496,25427967,1380272.79,913524.10,763280,10,10,10,0,0,0,0,0,0,1273855,3045375,6635519,1540546.18,5000
1782775157,0,768280,0,1168.27,4999.03,931327,1216511,1601535,2506751,4513791,218496,25427967,1381286.38,912389.60,768280,10,10,10,0,0,0,0,0,0,1404927,2461695,5013503,1536016.46,5000
1782775158,0,773280,0,1174.09,5002.94,931839,1217535,1602559,2510847,4538367,218496,25427967,1382738.70,915103.38,773280,10,10,10,0,0,0,0,0,0,1279999,3227647,6455295,1605896.32,5000
1782775159,0,778280,0,1179.89,4998.57,931839,1216511,1601535,2514943,4599807,218496,25427967,1383594.05,917187.74,778280,10,10,10,0,0,0,0,0,0,1167359,4587519,6373375,1515879.78,5000
1782775160,0,780510,0,1181.48,2229.24,932351,1217535,1602559,2516991,4612095,218496,25427967,1384373.53,918351.81,780510,10,10,10,0,0,0,0,0,0,1399807,2705407,7995391,1656414.54,2230
1782775161,0,781010,0,1180.45,500.46,932351,1217535,1603583,2516991,4612095,218496,25427967,1384591.91,918257.32,781010,10,10,10,0,0,0,0,0,0,1727487,2836479,4153343,1725483.26,500
1782775162,0,781510,0,1179.43,499.91,932351,1217535,1603583,2516991,4612095,218496,25427967,1384830.81,918221.65,781510,10,10,10,0,0,0,0,0,0,1750015,3119103,4546559,1757996.03,500
1782775163,0,782010,0,1178.40,499.67,932351,1217535,1603583,2519039,4612095,218496,25427967,1384952.70,918092.26,782010,10,10,10,0,0,0,0,0,0,1451007,2772991,3708927,1575481.09,500
1782775164,0,782510,0,1177.38,500.33,932863,1218559,1604607,2519039,4612095,218496,25427967,1385227.08,918678.67,782510,10,10,10,0,0,0,0,0,0,1525759,3002367,11149311,1814361.34,500
1782775165,0,783010,0,1176.36,499.97,932863,1218559,1604607,2519039,4612095,218496,25427967,1385457.40,918637.19,783010,10,10,10,0,0,0,0,0,0,1627135,2770943,5300223,1745907.71,500
1782775166,0,783510,0,1175.35,499.91,932863,1218559,1604607,2519039,4612095,218496,25427967,1385631.34,918482.11,783510,10,10,10,0,0,0,0,0,0,1629183,2551807,3399679,1658030.34,500
1782775167,0,784010,0,1174.34,500.15,932863,1218559,1605631,2519039,4616191,218496,25427967,1386091.46,919500.69,784010,10,10,10,0,0,0,0,0,0,1696767,4206591,10461183,2107108.35,500
1782775168,0,784510,0,1173.33,499.66,932863,1219583,1605631,2521087,4616191,218496,25427967,1386498.00,920659.75,784510,10,10,10,0,0,0,0,0,0,1742847,3078143,13770751,2023958.53,500
1782775169,0,785010,0,1172.32,500.26,933375,1219583,1606655,2519039,4616191,218496,25427967,1386671.49,920474.84,785010,10,10,10,0,0,0,0,0,0,1683455,2412543,2949119,1658872.32,500
1782775170,0,785510,0,1171.32,499.88,933375,1219583,1606655,2521087,4616191,218496,25427967,1386859.57,920335.24,785510,10,10,10,0,0,0,0,0,0,1632255,2768895,3510271,1682152.96,500
1782775171,0,786010,0,1170.32,499.81,933375,1219583,1606655,2521087,4616191,218496,25427967,1386973.02,920139.29,786010,10,10,10,0,0,0,0,0,0,1549311,2502655,2818047,1565213.44,500
1782775172,0,786510,0,1169.32,500.03,933375,1220607,1607679,2521087,4612095,218496,25427967,1387236.37,920003.01,786510,10,10,10,0,0,0,0,0,0,1794047,2703359,3252223,1801217.79,500
1782775173,0,787010,0,1168.33,500.35,933887,1220607,1607679,2521087,4616191,218496,25427967,1387439.77,920364.73,787010,10,10,10,0,0,0,0,0,0,1516543,2590719,9764863,1707395.07,500
1782775174,0,787510,0,1167.34,499.99,933887,1220607,1607679,2521087,4612095,218496,25427967,1387519.94,920206.56,787510,10,10,10,0,0,0,0,0,0,1418239,2781183,3201023,1513708.80,500
1782775175,0,788010,0,1166.35,499.65,933887,1220607,1608703,2521087,4612095,218496,25427967,1387664.68,920036.55,788010,10,10,10,0,0,0,0,0,0,1611775,2562047,3012607,1615636.99,500
1782775176,0,788510,0,1165.37,500.02,933887,1220607,1608703,2521087,4612095,218496,25427967,1387867.15,919896.63,788510,10,10,10,0,0,0,0,0,0,1668095,2881535,3751935,1706955.52,500
1782775177,0,789010,0,1164.38,500.00,934399,1221631,1608703,2521087,4612095,218496,25427967,1388111.52,920328.00,789010,10,10,10,0,0,0,0,0,0,1545215,2795519,9510911,1773488.90,500
1782775178,0,789510,0,1163.41,500.18,934399,1221631,1609727,2521087,4612095,218496,25427967,1388219.54,920189.03,789510,10,10,10,0,0,0,0,0,0,1461247,2652159,3180543,1558676.22,500
1782775179,0,790010,0,1162.43,499.87,934399,1221631,1609727,2521087,4607999,218496,25427967,1388387.08,920023.54,790010,10,10,10,0,0,0,0,0,0,1658879,2551807,3164159,1652939.78,500
1782775180,0,790510,0,1161.46,500.04,934399,1221631,1609727,2521087,4607999,218496,25427967,1388551.47,919857.83,790510,10,10,10,0,0,0,0,0,0,1633279,2742271,3489791,1648295.17,500
1782775181,0,791010,0,1160.49,500.04,934399,1221631,1610751,2521087,4607999,218496,25427967,1388683.07,919659.86,791010,10,10,10,0,0,0,0,0,0,1549311,2435071,2834431,1596739.84,500
1782775182,0,791510,0,1159.52,500.23,934911,1222655,1610751,2521087,4607999,218496,25427967,1388960.05,919852.06,791510,10,10,10,0,0,0,0,0,0,1675263,2654207,6643711,1827150.85,500
1782775183,0,792010,0,1158.55,499.77,934911,1222655,1610751,2521087,4607999,218496,25427967,1389098.96,919697.14,792010,10,10,10,0,0,0,0,0,0,1500159,2754559,3649535,1608999.17,500
1782775184,0,792510,0,1157.59,500.12,934911,1222655,1611775,2521087,4603903,218496,25427967,1389263.95,919527.29,792510,10,10,10,0,0,0,0,0,0,1618943,2531327,3430399,1650611.20,500
1782775185,0,793010,0,1156.63,499.93,934911,1222655,1611775,2523135,4603903,218496,25427967,1389452.44,919393.92,793010,10,10,10,0,0,0,0,0,0,1755135,2701311,3207167,1688216.06,500
1782775186,0,793510,0,1155.68,499.98,934911,1223679,1611775,2523135,4603903,218496,25427967,1389644.87,919254.22,793510,10,10,10,0,0,0,0,0,0,1766399,2605055,3076095,1694835.20,500
1782775187,0,794010,0,1154.72,499.91,935423,1223679,1612799,2523135,4603903,218496,25427967,1389884.88,919763.55,794010,10,10,10,0,0,0,0,0,0,1507327,3172351,12271615,1770786.30,500
1782775188,0,794510,0,1153.77,500.17,935423,1223679,1612799,2523135,4603903,218496,25427967,1389981.14,919624.42,794510,10,10,10,0,0,0,0,0,0,1448959,2693119,3405823,1542848.26,500
1782775189,0,795010,0,1152.82,499.92,935423,1223679,1612799,2523135,4599807,218496,25427967,1390076.26,919481.57,795010,10,10,10,0,0,0,0,0,0,1434623,2785279,3608575,1541225.22,500
1782775190,0,795510,0,1151.88,500.23,935423,1223679,1612799,2523135,4599807,218496,25427967,1390120.83,919295.62,795510,10,10,10,0,0,0,0,0,0,1393663,2506751,3399679,1460988.42,500
1782775191,0,796010,0,1150.94,499.57,935423,1223679,1612799,2523135,4599807,218496,25427967,1390246.20,919188.61,796010,10,10,10,0,0,0,0,0,0,1500159,3039231,3629055,1589706.75,500
1782775192,0,796510,0,1150.00,500.29,935423,1223679,1612799,2523135,4595711,218496,25427967,1390329.27,919020.20,796510,10,10,10,0,0,0,0,0,0,1442815,2455551,3667967,1522585.34,500
1782775193,0,797010,0,1149.06,500.11,935935,1224703,1613823,2523135,4595711,218496,25427967,1390483.04,918839.90,797010,10,10,10,0,0,0,0,0,0,1584127,2572287,3155967,1635426.05,500
1782775194,0,797510,0,1148.12,499.77,935935,1224703,1613823,2523135,4595711,218496,25427967,1390571.93,918634.14,797510,10,10,10,0,0,0,0,0,0,1533951,2381823,2797567,1532272.90,500
1782775195,0,798010,0,1147.19,500.09,935935,1224703,1613823,2523135,4591615,218496,25427967,1390759.77,918481.94,798010,10,10,10,0,0,0,0,0,0,1659903,2637823,3344383,1690361.86,500
1782775196,0,798510,0,1146.26,500.06,935935,1224703,1614847,2523135,4595711,218496,25427967,1391067.25,918839.12,798510,10,10,10,0,0,0,0,0,0,1708031,2504703,10035199,1881811.46,500
1782775197,0,799010,0,1145.34,500.06,936447,1225727,1614847,2523135,4591615,218496,25427967,1391278.45,918686.55,799010,10,10,10,0,0,0,0,0,0,1723391,2588671,3102719,1728582.66,500
1782775198,0,799510,0,1144.41,499.66,936447,1225727,1615871,2525183,4591615,218496,25427967,1391527.95,918591.80,799510,10,10,10,0,0,0,0,0,0,1721343,2994175,3827711,1790232.83,500
1782775199,0,800010,0,1143.49,500.07,936447,1225727,1615871,2525183,4587519,218496,25427967,1391681.43,918465.33,800010,10,10,10,0,0,0,0,0,0,1595391,2738175,3557375,1637095.42,500
1782775200,0,800510,0,1142.57,499.90,936447,1225727,1615871,2525183,4587519,218496,25427967,1391847.77,918370.61,800510,10,10,10,0,0,0,0,0,0,1564671,2906111,3954687,1657985.28,500
1782775201,0,801010,0,1141.66,500.22,936447,1225727,1616895,2525183,4587519,218496,25427967,1391990.69,918273.21,801010,10,10,10,0,0,0,0,0,0,1582079,3010559,3760127,1620811.78,500
1782775202,0,801510,0,1140.75,500.09,936959,1225727,1616895,2525183,4583423,218496,25427967,1392101.41,918107.85,801510,10,10,10,0,0,0,0,0,0,1594367,2445311,2697215,1569484.80,500
1782775203,0,802010,0,1139.83,499.95,936959,1226751,1616895,2525183,4583423,218496,25427967,1392339.16,918043.86,802010,10,10,10,0,0,0,0,0,0,1762303,2985983,4276223,1773450.50,500
1782775204,0,802510,0,1138.93,500.11,936959,1226751,1617919,2525183,4583423,218496,25427967,1392538.73,917901.84,802510,10,10,10,0,0,0,0,0,0,1748991,2555903,3385343,1712654.08,500
1782775205,0,803010,0,1138.02,499.86,936959,1226751,1617919,2525183,4583423,218496,25427967,1392772.22,917856.81,803010,10,10,10,0,0,0,0,0,0,1717247,3115007,4214783,1767528.45,500
1782775206,0,803510,0,1137.12,500.04,936959,1226751,1618943,2525183,4579327,218496,25427967,1392891.43,917706.92,803510,10,10,10,0,0,0,0,0,0,1518591,2537471,3080191,1584340.99,500
1782775207,0,804010,0,1136.22,499.74,936959,1226751,1618943,2525183,4579327,218496,25427967,1392972.42,917529.04,804010,10,10,10,0,0,0,0,0,0,1482751,2437119,2805759,1523126.53,500
1782775208,0,804510,0,1135.32,500.26,937471,1226751,1618943,2525183,4579327,218496,25427967,1392981.37,917360.19,804510,10,10,10,0,0,0,0,0,0,1302527,2615295,3078143,1407375.36,500
1782775209,0,805010,0,1134.43,500.12,937471,1227775,1618943,2525183,4579327,218496,25427967,1393200.62,917721.96,805010,10,10,10,0,0,0,0,0,0,1499135,2861055,10747903,1745984.51,500
1782775210,0,805510,0,1133.53,499.74,937471,1227775,1618943,2525183,4579327,218496,25427967,1393292.23,917608.23,805510,10,10,10,0,0,0,0,0,0,1435647,2572287,4272127,1540780.03,500
1782775211,0,806010,0,1132.64,500.05,937471,1227775,1618943,2527231,4579327,218496,25427967,1393425.70,917546.78,806010,10,10,10,0,0,0,0,0,0,1480703,3289087,4644863,1608457.98,500
1782775212,0,806510,0,1131.75,499.96,937471,1227775,1619967,2527231,4579327,218496,25427967,1393582.58,917489.66,806510,10,10,10,0,0,0,0,0,0,1564671,2969599,4829183,1646470.40,500
1782775213,0,807010,0,1130.87,499.82,937471,1227775,1619967,2527231,4579327,218496,25427967,1393761.02,917397.35,807010,10,10,10,0,0,0,0,0,0,1672191,2721791,4505599,1681590.78,500
1782775214,0,807510,0,1129.99,500.19,937471,1227775,1620991,2527231,4579327,218496,25427967,1393985.41,917340.66,807510,10,10,10,0,0,0,0,0,0,1742847,3473407,4040703,1756154.37,500
1782775215,0,808010,0,1129.11,500.23,937471,1228799,1620991,2527231,4575231,218496,25427967,1394107.50,917179.55,808010,10,10,10,0,0,0,0,0,0,1599487,2512895,3096575,1591278.08,500
1782775216,0,808510,0,1128.23,500.00,937983,1228799,1620991,2527231,4575231,218496,25427967,1394330.72,917041.02,808510,10,10,10,0,0,0,0,0,0,1803263,2592767,3225599,1755057.92,500
1782775217,0,809010,0,1127.35,500.08,937983,1228799,1622015,2527231,4575231,218496,25427967,1394536.57,916959.04,809010,10,10,10,0,0,0,0,0,0,1700863,3100671,4358143,1727410.18,500
1782775218,0,809510,0,1126.48,499.86,937983,1228799,1622015,2527231,4575231,218496,25427967,1394792.03,917175.55,809510,10,10,10,0,0,0,0,0,0,1714175,3115007,8294399,1808121.86,500
1782775219,0,810010,0,1125.61,500.05,937983,1228799,1623039,2527231,4571135,218496,25427967,1394995.49,917028.57,810010,10,10,10,0,0,0,0,0,0,1741823,2650111,3291135,1724407.04,500
1782775220,0,816420,0,1132.94,6409.42,938495,1228799,1623039,2531327,4579327,218496,25427967,1395462.65,916872.15,816420,10,10,10,0,0,0,0,0,0,1227775,2922495,6373375,1454495.45,6410
1782775221,0,826420,0,1145.23,10001.40,936959,1227775,1620991,2527231,4595711,218496,25427967,1393784.09,917843.51,826420,10,10,10,0,0,0,0,0,0,1104895,2049023,6959103,1256743.19,10000
1782775222,0,836420,0,1157.48,9995.93,935423,1224703,1616895,2523135,4595711,218496,25427967,1390934.37,915808.67,836420,10,10,10,0,0,0,0,0,0,1059839,1809407,2748415,1155427.62,10000
1782775223,0,846420,0,1169.70,10004.30,934399,1223679,1613823,2516991,4575231,218496,25427967,1388814.16,912637.02,846420,10,10,10,0,0,0,0,0,0,1135615,1999871,3672063,1211475.55,10000
1782775224,0,856420,0,1181.89,9998.35,933887,1223679,1612799,2514943,4546559,218496,25427967,1387340.90,909296.80,856420,10,10,10,0,0,0,0,0,0,1184767,2226175,3217407,1262641.20,10000
1782775225,0,866420,0,1194.04,9999.79,933375,1222655,1609727,2510847,4546559,218496,25427967,1385734.92,907733.05,866420,10,10,10,0,0,0,0,0,0,1155071,1973247,3602431,1248196.02,10000
1782775226,0,876420,0,1206.16,9997.62,932351,1221631,1606655,2506751,4546559,218496,25427967,1383816.41,905791.12,876420,10,10,10,0,0,0,0,0,0,1132543,1970175,3368959,1217593.18,10000
1782775227,0,886420,0,1218.25,10001.03,931327,1219583,1604607,2502655,4546559,218496,25427967,1382407.48,906332.75,886420,10,10,10,0,0,0,0,0,0,1111039,2125823,3794943,1258925.88,10000
1782775228,0,896420,0,1230.30,9999.38,931327,1219583,1602559,2500607,4538367,218496,25427967,1381019.57,903604.94,896420,10,10,10,0,0,0,0,0,0,1160191,2055167,3829759,1257991.85,10000
1782775229,0,906420,0,1242.32,9999.92,931327,1218559,1600511,2498559,4534271,218496,25427967,1379698.76,901411.39,906420,10,10,10,0,0,0,0,0,0,1163263,2211839,3340287,1261298.79,10000
1782775230,0,916420,0,1254.30,9997.38,930303,1216511,1598463,2496511,4546559,218496,25427967,1378759.47,901452.90,916420,10,10,10,0,0,0,0,0,0,1114111,2361343,6594559,1293620.39,10000
1782775231,0,926420,0,1266.26,9999.42,930303,1216511,1596415,2496511,4567039,218496,25427967,1378201.79,901890.53,926420,10,10,10,0,0,0,0,0,0,1160191,2697215,5951487,1327094.99,10000
1782775232,0,936420,0,1278.18,10008.16,929279,1215487,1594367,2496511,4567039,218496,25427967,1377070.78,900168.15,936420,10,10,10,0,0,0,0,0,0,1149951,2353151,4284415,1272291.56,10000
1782775233,0,946420,0,1290.07,9994.46,929279,1214463,1593343,2492415,4567039,218496,25427967,1376102.44,897733.23,946420,10,10,10,0,0,0,0,0,0,1182719,2138111,3901439,1285425.33,10000
1782775234,0,956420,0,1301.93,10002.84,928767,1213439,1591295,2490367,4546559,218496,25427967,1374011.97,894759.21,956420,10,10,10,0,0,0,0,0,0,1104895,1929215,3256319,1176166.31,10000
1782775235,0,966420,0,1313.75,10002.40,928255,1212415,1589247,2490367,4562943,218496,25427967,1373906.45,895859.87,966420,10,10,10,0,0,0,0,0,0,1172479,2846719,5713919,1363813.48,10000
1782775236,0,976420,0,1325.54,9995.71,928767,1212415,1588223,2488319,4550655,218496,25427967,1372994.64,893435.63,976420,10,10,10,0,0,0,0,0,0,1184767,2109439,4288511,1284876.01,10000
1782775237,0,986420,0,1337.30,9998.70,928767,1212415,1586175,2488319,4562943,218496,25427967,1372883.61,893987.69,986420,10,10,10,0,0,0,0,0,0,1200127,2433023,4866047,1362042.76,10000
1782775238,0,996420,0,1349.03,9996.19,928255,1211391,1585151,2490367,4595711,218496,25427967,1373014.00,897339.59,996420,10,10,10,0,0,0,0,0,0,1160191,3250175,5881855,1385875.49,10000
1782775239,0,1006420,0,1360.73,10005.20,928255,1210367,1583103,2488319,4595711,218496,25427967,1371670.48,895456.67,1006420,10,10,10,0,0,0,0,0,0,1138687,2013183,4167679,1237799.78,10000
1782775240,0,1016420,0,1372.39,9997.67,927231,1209343,1581055,2490367,4640767,218496,25427967,1373585.67,925397.70,1016420,10,10,10,0,0,0,0,0,0,1131519,2584575,13549567,1566334.09,10000
1782775241,0,1026420,0,1384.03,10006.35,927743,1209343,1580031,2488319,4636671,218496,25427967,1372847.15,922717.14,1026420,10,10,10,0,0,0,0,0,0,1224703,2224127,3813375,1297782.34,10000
1782775242,0,1036420,0,1395.63,9996.82,927231,1208319,1576959,2484223,4644863,218496,25427967,1371374.26,921751.69,1036420,10,10,10,0,0,0,0,0,0,1110015,1810431,5218303,1220194.07,10000
1782775243,0,1046420,0,1407.20,9997.51,927231,1208319,1574911,2482175,4632575,218496,25427967,1370150.71,918817.33,1046420,10,10,10,0,0,0,0,0,0,1172479,2085887,3166207,1243339.69,10000
1782775244,0,1056420,0,1418.74,10003.75,927231,1207295,1573887,2478079,4648959,218496,25427967,1369420.11,918195.20,1056420,10,10,10,0,0,0,0,0,0,1142783,2115583,6037503,1292968.31,10000
1782775245,0,1066420,0,1430.25,10000.49,927231,1207295,1571839,2473983,4640767,218496,25427967,1368149.87,915979.89,1066420,10,10,10,0,0,0,0,0,0,1180671,1942527,3713023,1233958.84,10000
1782775246,0,1076420,0,1441.72,9993.34,926719,1206271,1569791,2471935,4648959,218496,25427967,1367182.04,914054.16,1076420,10,10,10,0,0,0,0,0,0,1161215,2065407,4952063,1263970.78,10000
1782775247,0,1086420,0,1453.17,10007.25,926719,1206271,1567743,2467839,4632575,218496,25427967,1365687.48,911063.82,1086420,10,10,10,0,0,0,0,0,0,1166335,1820671,2936831,1204810.55,10000
1782775248,0,1096420,0,1464.59,9998.38,926719,1205247,1566719,2463743,4607999,218496,25427967,1364497.03,908118.60,1096420,10,10,10,0,0,0,0,0,0,1184767,2040831,3360767,1235164.40,10000
1782775249,0,1106420,0,1475.98,9996.91,926719,1205247,1565695,2459647,4607999,218496,25427967,1363571.67,906788.80,1106420,10,10,10,0,0,0,0,0,0,1151999,1977343,2906111,1262112.47,10000
1782775250,0,1116420,0,1487.33,10001.29,926207,1204223,1564671,2457599,4599807,218496,25427967,1362643.96,905627.00,1116420,10,10,10,0,0,0,0,0,0,1132543,2260991,3332095,1260001.15,10000
1782775251,0,1126420,0,1498.66,9997.47,925695,1203199,1562623,2453503,4599807,218496,25427967,1361679.86,904127.76,1126420,10,10,10,0,0,0,0,0,0,1145855,2063359,3772415,1254045.08,10000
1782775252,0,1136420,0,1509.95,10006.52,925695,1203199,1560575,2451455,4591615,218496,25427967,1360392.97,902081.10,1136420,10,10,10,0,0,0,0,0,0,1143807,1940479,3485695,1215435.80,10000
1782775253,0,1146397,0,1521.19,9977.01,925183,1203199,1559551,2449407,4575231,218496,25427967,1359649.28,900044.62,1146397,10,10,10,0,0,0,0,0,0,1186815,2283519,3954687,1274939.13,9977
1782775254,0,1156420,0,1532.45,10022.74,925183,1203199,1560575,2457599,4714495,218496,52035583,1368288.40,1011467.07,1156420,10,10,10,0,0,0,0,0,0,1192959,6795263,29687807,2356402.11,10023
1782775255,0,1166420,0,1543.66,9996.00,924671,1202175,1557503,2455551,4714495,218496,52035583,1367034.33,1009801.00,1166420,10,10,10,0,0,0,0,0,0,1113087,1934335,4444159,1222011.08,10000
1782775256,0,1176420,0,1554.84,9997.89,924671,1201151,1556479,2453503,4714495,218496,52035583,1365789.22,1007445.61,1176420,10,10,10,0,0,0,0,0,0,1137663,1882111,3563519,1220557.80,10000
1782775257,0,1186420,0,1565.98,10004.18,924671,1200127,1555455,2451455,4710399,218496,52035583,1365227.87,1006829.47,1186420,10,10,10,0,0,0,0,0,0,1150975,2205695,4202495,1299188.92,10000
1782775258,0,1196420,0,1577.10,10001.42,923647,1199103,1553407,2447359,4694015,218496,52035583,1363348.08,1003620.99,1196420,10,10,10,0,0,0,0,0,0,1086463,1848319,2566143,1140326.33,10000
1782775259,0,1206420,0,1588.19,9999.40,923135,1198079,1551359,2443263,4681727,218496,52035583,1361875.87,1001012.49,1206420,10,10,10,0,0,0,0,0,0,1087487,2014207,4057087,1185737.15,10000
1782775260,0,1216420,0,1599.25,9999.26,923135,1198079,1550335,2441215,4681727,218496,52035583,1360810.19,999299.43,1216420,10,10,10,0,0,0,0,0,0,1134591,1955839,4239359,1232245.05,10000
1782775261,0,1226420,0,1610.28,9999.25,923135,1197055,1548287,2441215,4661247,218496,52035583,1359838.35,996526.91,1226420,10,10,10,0,0,0,0,0,0,1163263,2115583,3762175,1241621.95,10000
1782775262,0,1236420,0,1621.28,9996.13,923135,1198079,1547263,2441215,4661247,218496,52035583,1359661.97,995396.73,1236420,10,10,10,0,0,0,0,0,0,1224703,2498559,4485119,1338030.17,10000
1782775263,0,1246420,0,1632.25,10005.42,923647,1198079,1547263,2441215,4665343,218496,52035583,1359728.84,996999.05,1246420,10,10,10,0,0,0,0,0,0,1201151,2371583,4997119,1367996.56,10000
1782775264,0,1256420,0,1643.20,9999.36,923135,1197055,1545215,2437119,4648959,218496,52035583,1358396.49,994409.52,1256420,10,10,10,0,0,0,0,0,0,1104895,1966079,3856383,1192330.09,10000
1782775265,0,1266420,0,1654.11,9995.53,922623,1196031,1545215,2437119,4648959,218496,52035583,1357668.29,992668.88,1266420,10,10,10,0,0,0,0,0,0,1117183,2525183,4136959,1266174.99,10000
1782775266,0,1276420,0,1665.00,10004.55,922111,1196031,1544191,2435071,4636671,218496,52035583,1356579.21,989915.43,1276420,10,10,10,0,0,0,0,0,0,1158143,2008063,3037183,1218656.15,10000
1782775267,0,1286420,0,1675.85,9992.72,921599,1195007,1542143,2428927,4612095,218496,52035583,1355011.94,986806.04,1286420,10,10,10,0,0,0,0,0,0,1124351,1821695,2187263,1154962.57,10000
1782775268,0,1296420,0,1686.69,10001.67,921599,1193983,1541119,2426879,4587519,218496,52035583,1353595.48,984093.12,1296420,10,10,10,0,0,0,0,0,0,1096703,1963007,3444735,1171379.21,10000
1782775269,0,1306420,0,1697.49,10001.60,921087,1193983,1540095,2424831,4616191,218496,52035583,1353851.62,988759.90,1306420,10,10,10,0,0,0,0,0,0,1198079,2312191,6803455,1387058.80,10000
1782775270,0,1316420,0,1708.26,10002.91,921087,1195007,1540095,2424831,4616191,218496,52035583,1353793.93,987907.56,1316420,10,10,10,0,0,0,0,0,0,1225727,2232319,3889151,1346256.64,10000
1782775271,0,1326420,0,1719.01,9996.01,921087,1193983,1539071,2422783,4616191,218496,52035583,1353343.76,988013.40,1326420,10,10,10,0,0,0,0,0,0,1125375,2117631,5697535,1294082.12,10000
1782775272,0,1336420,0,1729.73,10006.83,920575,1192959,1539071,2424831,4616191,218496,52035583,1353216.60,987199.23,1336420,10,10,10,0,0,0,0,0,0,1133567,2762751,3899391,1336349.88,10000
1782775273,0,1346420,0,1740.42,9999.89,920575,1192959,1538047,2420735,4616191,218496,52035583,1352529.52,985133.88,1346420,10,10,10,0,0,0,0,0,0,1173503,2013183,2859007,1260707.06,10000
1782775274,0,1356420,0,1751.08,9998.16,920575,1192959,1538047,2418687,4591615,218496,52035583,1351593.19,982586.30,1356420,10,10,10,0,0,0,0,0,0,1148927,2113535,3188735,1225524.45,10000
1782775275,0,1366420,0,1761.71,9999.28,920575,1192959,1538047,2420735,4603903,218496,52035583,1352217.56,982536.97,1366420,10,10,10,0,0,0,0,0,0,1221631,2852863,6234111,1436907.67,10000
1782775276,0,1376420,0,1772.32,9999.84,920575,1192959,1538047,2420735,4620287,218496,52035583,1352403.46,983418.89,1376420,10,10,10,0,0,0,0,0,0,1169407,2312191,8765439,1377804.86,10000
1782775277,0,1386420,0,1782.90,9997.40,920575,1192959,1538047,2420735,4599807,218496,52035583,1351859.55,981306.08,1386420,10,10,10,0,0,0,0,0,0,1189887,2355199,2828287,1276994.89,10000
1782775278,0,1396420,0,1793.46,10005.05,920063,1191935,1537023,2422783,4587519,218496,52035583,1351205.55,979744.30,1396420,10,10,10,0,0,0,0,0,0,1087487,2648063,4057087,1260534.28,10000
1782775279,0,1406420,0,1803.98,10001.18,919551,1190911,1535999,2420735,4587519,218496,52035583,1350578.96,978042.35,1406420,10,10,10,0,0,0,0,0,0,1116159,2367487,4882431,1263080.92,10000
1782775280,0,1410860,0,1807.36,4435.97,919039,1190911,1535999,2422783,4583423,218496,52035583,1349968.85,977185.70,1410860,10,10,10,0,0,0,0,0,0,1023999,2541567,3262463,1156709.41,4440
1782775281,0,1411860,0,1806.33,1000.02,919039,1190911,1534975,2422783,4579327,218496,52035583,1349838.43,976933.83,1411860,10,10,10,0,0,0,0,0,0,1090559,2015231,2529279,1165828.61,1000
1782775282,0,1412860,0,1805.30,1000.64,919039,1190911,1534975,2422783,4579327,218496,52035583,1349764.76,976780.29,1412860,10,10,10,0,0,0,0,0,0,1089535,2492415,4468735,1245756.67,1000
1782775283,0,1413860,0,1804.27,999.77,919039,1190911,1534975,2422783,4579327,218496,52035583,1349680.46,976632.11,1413860,10,10,10,0,0,0,0,0,0,1059839,2537471,3971071,1230572.61,1000
1782775284,0,1414860,0,1803.24,1000.02,919039,1190911,1534975,2422783,4579327,218496,52035583,1349546.58,976404.38,1414860,10,10,10,0,0,0,0,0,0,1093631,1904639,3268607,1160259.84,1000
1782775285,0,1415860,0,1802.22,999.99,919039,1189887,1534975,2422783,4579327,218496,52035583,1349518.64,976891.49,1415860,10,10,10,0,0,0,0,0,0,1021439,2314239,11722751,1309990.40,1000
1782775286,0,1416860,0,1801.20,999.89,918527,1189887,1534975,2422783,4579327,218496,52035583,1349393.29,976748.18,1416860,10,10,10,0,0,0,0,0,0,1033215,2039807,3686399,1171917.06,1000
1782775287,0,1417860,0,1800.18,1000.37,918527,1189887,1534975,2420735,4583423,218496,52035583,1349328.06,976972.73,1417860,10,10,10,0,0,0,0,0,0,1027583,2140159,8445951,1256897.47,1000
1782775288,0,1418860,0,1799.17,1000.04,918527,1189887,1534975,2420735,4579327,218496,52035583,1349264.21,976793.25,1418860,10,10,10,0,0,0,0,0,0,1117183,2478079,3973119,1258734.34,1000
1782775289,0,1419860,0,1798.16,999.34,918527,1189887,1534975,2422783,4583423,218496,52035583,1349248.96,976880.10,1419860,10,10,10,0,0,0,0,0,0,1093631,2504703,6914047,1327615.74,1000
1782775290,0,1420860,0,1797.15,1000.73,918527,1189887,1534975,2420735,4583423,218496,52035583,1349079.45,976676.72,1420860,10,10,10,0,0,0,0,0,0,1021951,2021375,3471359,1108398.46,1000
1782775291,0,1421860,0,1796.14,999.84,918015,1189887,1534975,2420735,4579327,218496,52035583,1348919.62,976463.07,1421860,10,10,10,0,0,0,0,0,0,993791,2285567,2828287,1121825.98,1000
1782775292,0,1422860,0,1795.14,999.90,918015,1189887,1534975,2420735,4579327,218496,52035583,1348942.20,976681.11,1422860,10,10,10,0,0,0,0,0,0,1129471,2695167,10436607,1381042.94,1000
1782775293,0,1423860,0,1794.13,1000.13,918015,1189887,1534975,2420735,4579327,218496,52035583,1348775.09,976430.59,1423860,10,10,10,0,0,0,0,0,0,1042943,1957887,2451455,1110999.30,1000
1782775294,0,1424860,0,1793.13,999.39,918015,1189887,1534975,2420735,4583423,218496,52035583,1348797.24,976602.33,1424860,10,10,10,0,0,0,0,0,0,1096703,2746367,7467007,1380339.46,1000
1782775295,0,1425860,0,1792.14,1000.63,918015,1189887,1533951,2420735,4579327,218496,52035583,1348651.74,976370.06,1425860,10,10,10,0,0,0,0,0,0,1055743,2055167,3059711,1141339.52,1000
1782775296,0,1426860,0,1791.14,1000.07,917503,1189887,1533951,2420735,4579327,218496,52035583,1348604.10,976682.84,1426860,10,10,10,0,0,0,0,0,0,1031679,2392063,8863743,1280672.64,1000
1782775297,0,1427860,0,1790.15,999.89,917503,1188863,1533951,2420735,4579327,218496,52035583,1348422.02,976440.63,1427860,10,10,10,0,0,0,0,0,0,1022463,1884159,2426879,1088624.90,1000
1782775298,0,1428860,0,1789.16,999.99,917503,1188863,1533951,2420735,4579327,218496,52035583,1348401.34,976873.67,1428860,10,10,10,0,0,0,0,0,0,1041407,2367487,8024063,1318864.51,1000
1782775299,0,1429860,0,1788.18,1000.06,917503,1188863,1533951,2420735,4579327,218496,52035583,1348339.55,976696.23,1429860,10,10,10,0,0,0,0,0,0,1102847,2551807,3792895,1260053.38,1000
1782775300,0,1430860,0,1787.19,999.35,917503,1188863,1533951,2420735,4579327,218496,52035583,1348196.46,976451.39,1430860,10,10,10,0,0,0,0,0,0,1076223,1985535,2818047,1143603.84,1000
1782775301,0,1431860,0,1786.21,1000.15,917503,1188863,1533951,2420735,4579327,218496,52035583,1348140.72,976720.69,1431860,10,10,10,0,0,0,0,0,0,1069055,2053119,9773055,1268380.29,1000
1782775302,0,1432860,0,1785.23,999.74,916991,1188863,1533951,2420735,4575231,218496,52035583,1348007.90,976495.09,1432860,10,10,10,0,0,0,0,0,0,1047551,2166783,2906111,1157832.32,1000
1782775303,0,1433860,0,1784.25,1000.68,916991,1188863,1533951,2420735,4575231,218496,52035583,1347840.29,976260.35,1433860,10,10,10,0,0,0,0,0,0,1039871,2072575,2586623,1107675.90,1000
1782775304,0,1434860,0,1783.28,1000.23,916991,1188863,1533951,2418687,4571135,218496,52035583,1347727.34,976012.14,1434860,10,10,10,0,0,0,0,0,0,1124351,2043903,2404351,1185766.85,1000
1782775305,0,1435860,0,1782.31,1000.03,916991,1188863,1533951,2418687,4575231,218496,52035583,1347663.19,976466.96,1435860,10,10,10,0,0,0,0,0,0,1035263,2037759,6402047,1255619.14,1000
1782775306,0,1436860,0,1781.33,999.19,916991,1188863,1533951,2418687,4571135,218496,52035583,1347530.78,976244.91,1436860,10,10,10,0,0,0,0,0,0,1074175,2187263,2822143,1157406.72,1000
1782775307,0,1437860,0,1780.37,1000.62,916479,1188863,1532927,2418687,4571135,218496,52035583,1347369.04,976025.63,1437860,10,10,10,0,0,0,0,0,0,1000959,2111487,2928639,1114967.94,1000
1782775308,0,1438860,0,1779.40,1000.02,916479,1188863,1532927,2418687,4571135,218496,52035583,1347302.11,975994.27,1438860,10,10,10,0,0,0,0,0,0,1079295,2170879,3928063,1251075.71,1000
1782775309,0,1439860,0,1778.44,999.89,916479,1188863,1532927,2418687,4567039,218496,52035583,1347142.19,975764.19,1439860,10,10,10,0,0,0,0,0,0,1021951,2111487,2623487,1117034.37,1000
1782775310,0,1440860,0,1777.48,999.86,916479,1187839,1532927,2418687,4571135,218496,52035583,1347063.33,975717.89,1440860,10,10,10,0,0,0,0,0,0,1044479,2578431,5840895,1233521.41,1000
1782775311,0,1441860,0,1776.52,999.88,915967,1187839,1532927,2418687,4567039,218496,52035583,1346936.78,975477.66,1441860,10,10,10,0,0,0,0,0,0,1102847,2144255,2488319,1164589.70,1000
1782775312,0,1442860,0,1775.57,1000.36,915967,1187839,1532927,2418687,4567039,218496,52035583,1346924.87,975505.18,1442860,10,10,10,0,0,0,0,0,0,1115135,2703359,4931583,1329757.06,1000
1782775313,0,1443860,0,1774.61,999.30,915967,1187839,1532927,2418687,4562943,218496,52035583,1346759.75,975261.36,1443860,10,10,10,0,0,0,0,0,0,1026559,1938431,2437119,1108509.50,1000
1782775314,0,1444860,0,1773.66,1000.59,915967,1187839,1532927,2418687,4567039,218496,52035583,1346739.44,976468.99,1444860,10,10,10,0,0,0,0,0,0,1032703,2154495,13631487,1317419.26,1000
1782775315,0,1445860,0,1772.71,999.41,915967,1187839,1532927,2418687,4562943,218496,52035583,1346561.52,976224.38,1445860,10,10,10,0,0,0,0,0,0,1044479,1910783,2664447,1089496.32,1000
1782775316,0,1446860,0,1771.77,1000.28,915967,1187839,1532927,2416639,4562943,218496,52035583,1346425.00,975997.27,1446860,10,10,10,0,0,0,0,0,0,1042431,2117631,3024895,1149031.94,1000
1782775317,0,1447860,0,1770.82,999.64,915455,1187839,1532927,2416639,4562943,218496,52035583,1346339.11,975965.26,1447860,10,10,10,0,0,0,0,0,0,1051647,2203647,6897663,1222066.82,1000
1782775318,0,1448860,0,1769.88,1000.56,915455,1187839,1531903,2416639,4562943,218496,52035583,1346142.68,975720.40,1448860,10,10,10,0,0,0,0,0,0,984575,1924095,2230271,1061739.65,1000
1782775319,0,1449860,0,1768.94,999.90,915455,1187839,1531903,2416639,4562943,218496,52035583,1346122.39,976053.67,1449860,10,10,10,0,0,0,0,0,0,1092607,2369535,7081983,1316721.66,1000
1782775320,0,1450860,0,1768.00,999.78,915455,1187839,1531903,2416639,4562943,218496,52035583,1346001.57,975842.57,1450860,10,10,10,0,0,0,0,0,0,1061887,2115583,3362815,1170827.01,1000
1782775321,0,1451860,0,1767.07,1000.60,915455,1187839,1531903,2416639,4562943,218496,52035583,1345896.71,975676.84,1451860,10,10,10,0,0,0,0,0,0,1056767,2156543,3874815,1193767.68,1000
1782775322,0,1452860,0,1766.14,999.43,914943,1186815,1531903,2416639,4558847,218496,52035583,1345721.44,975467.29,1452860,10,10,10,0,0,0,0,0,0,974335,2129919,2596863,1091253.82,1000
1782775323,0,1453860,0,1765.21,1000.36,914943,1186815,1531903,2416639,4558847,218496,52035583,1345541.55,975263.92,1453860,10,10,10,0,0,0,0,0,0,1000959,1881087,2772991,1084181.63,1000
1782775324,0,1454860,0,1764.28,1000.27,914943,1186815,1531903,2416639,4558847,218496,52035583,1345392.70,975051.66,1454860,10,10,10,0,0,0,0,0,0,996351,2179071,3330047,1128982.46,1000
1782775325,0,1455860,0,1763.35,999.46,914431,1186815,1531903,2416639,4554751,218496,52035583,1345241.16,974835.97,1455860,10,10,10,0,0,0,0,0,0,1030655,2113535,3043327,1124779.26,1000
1782775326,0,1456860,0,1762.43,999.82,914431,1186815,1531903,2416639,4558847,218496,52035583,1345202.24,974954.97,1456860,10,10,10,0,0,0,0,0,0,1105919,2412543,4976639,1288539.14,1000
1782775327,0,1457860,0,1761.51,1000.61,914431,1186815,1531903,2414591,4554751,218496,52035583,1345061.32,974705.29,1457860,10,10,10,0,0,0,0,0,0,1083391,1987583,2598911,1139763.97,1000
1782775328,0,1458860,0,1760.59,1000.02,914431,1186815,1531903,2414591,4554751,218496,52035583,1344973.41,974593.73,1458860,10,10,10,0,0,0,0,0,0,1067007,2308095,4448255,1216801.73,1000
1782775329,0,1459860,0,1759.67,1000.03,914431,1186815,1531903,2414591,4550655,218496,52035583,1344854.79,974353.73,1459860,10,10,10,0,0,0,0,0,0,1096703,2071551,2822143,1171814.27,1000
1782775330,0,1460860,0,1758.76,999.56,914431,1186815,1531903,2414591,4554751,218496,52035583,1344812.55,974230.89,1460860,10,10,10,0,0,0,0,0,0,1140735,2299903,5193727,1283152.64,1000
1782775331,0,1461860,0,1757.85,1000.56,914431,1186815,1531903,2414591,4554751,218496,52035583,1344790.24,974341.00,1461860,10,10,10,0,0,0,0,0,0,1108991,2244607,5218303,1312193.34,1000
1782775332,0,1462860,0,1756.94,999.42,914431,1186815,1530879,2414591,4550655,218496,52035583,1344643.85,974108.69,1462860,10,10,10,0,0,0,0,0,0,1036287,2164735,2926591,1130642.94,1000
1782775333,0,1463860,0,1756.03,1000.07,913919,1186815,1530879,2414591,4550655,218496,52035583,1344567.21,973936.88,1463860,10,10,10,0,0,0,0,0,0,1128447,2279423,4231167,1232457.34,1000
1782775334,0,1464860,0,1755.12,999.98,913919,1186815,1530879,2414591,4550655,218496,52035583,1344502.48,973731.95,1464860,10,10,10,0,0,0,0,0,0,1159167,2412543,3071999,1249734.78,1000
1782775335,0,1465860,0,1754.22,999.72,913919,1186815,1530879,2414591,4546559,218496,52035583,1344403.99,973573.57,1465860,10,10,10,0,0,0,0,0,0,1090559,2162687,3772415,1200136.90,1000
1782775336,0,1466860,0,1753.32,1000.04,913919,1185791,1530879,2414591,4546559,218496,52035583,1344245.68,973312.84,1466860,10,10,10,0,0,0,0,0,0,1077247,1812479,2246655,1112179.20,1000
1782775337,0,1467860,0,1752.42,1000.58,913919,1185791,1530879,2414591,4546559,218496,52035583,1344195.50,973352.23,1467860,10,10,10,0,0,0,0,0,0,1053695,2377727,4202495,1270588.54,1000
1782775338,0,1468860,0,1751.52,999.93,913919,1185791,1530879,2414591,4542463,218496,52035583,1344055.25,973123.20,1468860,10,10,10,0,0,0,0,0,0,1042431,1986559,2961407,1138192.45,1000
1782775339,0,1469860,0,1750.63,999.62,913919,1185791,1530879,2412543,4542463,218496,52035583,1343883.54,972964.63,1469860,10,10,10,0,0,0,0,0,0,989695,1895423,2711551,1091671.87,1000
1782775340,0,1482466,0,1763.54,12615.13,915455,1187839,1532927,2416639,4575231,218496,52035583,1346030.20,971992.34,1482466,10,10,10,0,0,0,0,0,0,1446911,3299327,5533695,1596330.69,12606
1782775341,0,1502660,0,1785.44,20185.91,918015,1191935,1534975,2426879,4726783,218496,52035583,1351506.92,985903.70,1502660,10,10,10,0,0,0,0,0,0,1355775,4476927,9019391,1753559.44,20194
1782775342,0,1522660,0,1807.06,20005.20,920063,1193983,1538047,2437119,4780031,218496,52035583,1355515.26,986985.46,1522660,10,10,10,0,0,0,0,0,0,1395711,3512319,6975487,1656673.99,20000
1782775343,0,1542660,0,1828.62,19985.42,922623,1197055,1540095,2443263,4796415,218496,52035583,1358350.77,985174.17,1542660,10,10,10,0,0,0,0,0,0,1371135,2822143,5406719,1574226.05,20000
1782775344,0,1562660,0,1850.14,20016.47,924671,1200127,1542143,2447359,4820991,218496,52035583,1361219.73,986512.31,1562660,10,10,10,0,0,0,0,0,0,1390591,2908159,8044543,1582511.69,20000
1782775345,0,1582660,0,1871.60,19990.82,927231,1203199,1546239,2461695,4898815,218496,52035583,1365387.01,987739.20,1582660,10,10,10,0,0,0,0,0,0,1419263,3237887,6344703,1690989.13,20000
1782775346,0,1602490,0,1892.81,19830.36,928767,1205247,1548287,2473983,4993023,218496,52035583,1369925.59,996812.40,1602490,10,10,10,0,0,0,0,0,0,1355775,3921919,10846207,1732155.68,19830
1782775347,0,1622660,0,1914.37,20160.09,929279,1205247,1547263,2473983,5013503,218496,52035583,1370066.79,995212.61,1622660,10,10,10,0,0,0,0,0,0,1192959,2957311,5607423,1381284.93,20170
1782775348,0,1642660,0,1935.68,19999.35,930815,1206271,1549311,2480127,5029887,218496,52035583,1372128.39,994480.06,1642660,10,10,10,0,0,0,0,0,0,1321983,2807807,5353471,1539392.68,20000
1782775349,0,1662660,0,1956.95,19999.92,932863,1208319,1550335,2488319,5079039,218496,52035583,1374623.05,995894.39,1662660,10,10,10,0,0,0,0,0,0,1292287,3977215,6836223,1579516.74,20000
1782775350,0,1682460,0,1977.92,19800.30,934399,1210367,1551359,2494463,5058559,218496,52035583,1376259.62,993174.66,1682460,10,10,10,0,0,0,0,0,0,1301503,2807807,4644863,1513686.49,19800
1782775351,0,1702480,0,1999.11,20032.82,935423,1210367,1552383,2496511,5074943,218496,52035583,1377279.23,992499.17,1702480,10,10,10,0,0,0,0,0,0,1260543,2629631,6815743,1462966.46,20020
1782775352,0,1722660,0,2020.43,20183.28,936959,1211391,1553407,2500607,5107711,218496,52035583,1378574.35,991430.30,1722660,10,10,10,0,0,0,0,0,0,1295359,2926591,6189055,1487837.22,20180
1782775353,0,1742660,0,2041.50,20001.49,937983,1212415,1554431,2502655,5128191,218496,52035583,1379838.72,991172.40,1742660,10,10,10,0,0,0,0,0,0,1257471,2781183,5652479,1488742.24,20000
1782775354,0,1762660,0,2062.51,19981.90,939007,1213439,1555455,2508799,5124095,218496,52035583,1381202.68,991397.06,1762660,10,10,10,0,0,0,0,0,0,1292287,2865151,4984831,1500048.29,20000
1782775355,0,1782660,0,2083.47,20003.20,939519,1213439,1554431,2504703,5103615,218496,52035583,1380539.13,987721.57,1782660,10,10,10,0,0,0,0,0,0,1215487,2083839,3930111,1322058.78,20000
1782775356,0,1802660,0,2104.39,20009.49,941055,1214463,1555455,2514943,5087231,218496,52035583,1381831.21,985365.94,1802660,10,10,10,0,0,0,0,0,0,1279999,2940927,4243455,1496998.75,20000
1782775357,0,1822660,0,2125.25,19992.99,942591,1214463,1555455,2512895,5066751,218496,52035583,1382186.44,982016.07,1822660,10,10,10,0,0,0,0,0,0,1254399,2471935,4167679,1414203.64,20000
1782775358,0,1842660,0,2146.07,19994.41,945151,1217535,1557503,2521087,5107711,218496,52035583,1385228.47,982627.40,1842660,10,10,10,0,0,0,0,0,0,1397759,3239935,6856703,1662457.73,20000
1782775359,0,1862660,0,2166.84,20004.22,946687,1219583,1559551,2529279,5119999,218496,52035583,1388446.11,985440.08,1862660,10,10,10,0,0,0,0,0,0,1362943,3606527,8765439,1684897.70,20000
1782775360,0,1882660,0,2187.56,20008.87,948223,1220607,1561599,2535423,5177343,218496,52035583,1390833.20,987402.70,1882660,10,10,10,0,0,0,0,0,0,1349631,3571711,6066175,1613149.85,20000
1782775361,0,1902660,0,2208.24,19992.03,948735,1220607,1561599,2539519,5181439,218496,52035583,1391689.25,986170.04,1902660,10,10,10,0,0,0,0,0,0,1266687,3112959,5693439,1472271.37,20000
1782775362,0,1922660,0,2228.86,20013.31,950783,1221631,1561599,2547711,5181439,218496,52035583,1393085.21,986015.14,1922660,10,10,10,0,0,0,0,0,0,1257471,3473407,4993023,1525887.73,20000
1782775363,0,1942660,0,2249.44,19997.31,952319,1222655,1561599,2549759,5181439,218496,52035583,1394027.98,983969.56,1942660,10,10,10,0,0,0,0,0,0,1328127,2754559,5087231,1484659.30,20000
1782775364,0,1962660,0,2269.97,19986.06,954367,1224703,1563647,2549759,5185535,218496,52035583,1395708.16,983094.71,1962660,10,10,10,0,0,0,0,0,0,1351679,2742271,5431295,1558908.27,20000
1782775365,0,1982660,0,2290.45,20004.29,955903,1226751,1564671,2555903,5210111,218496,52035583,1397266.71,981737.66,1982660,10,10,10,0,0,0,0,0,0,1353727,2840575,5656575,1550212.77,20000
1782775366,0,2002660,0,2310.89,19999.02,956415,1226751,1565695,2562047,5255167,218496,52035583,1398878.55,982842.73,2002660,10,10,10,0,0,0,0,0,0,1251327,4599807,6119423,1558664.83,20000
1782775367,0,2022615,0,2331.22,19955.97,957951,1226751,1565695,2564095,5263359,218496,52035583,1399991.17,982922.18,2022615,10,10,10,0,0,0,0,0,0,1264639,2899967,7868415,1511651.89,19955
1782775368,0,2042660,0,2351.62,20040.72,959487,1228799,1567743,2570239,5271551,218496,52035583,1402311.13,984242.19,2042660,10,10,10,0,0,0,0,0,0,1351679,2973695,6881279,1636403.57,20045
1782775369,0,2062660,0,2371.91,20005.70,961535,1230847,1570815,2580479,5287935,218496,52035583,1405782.27,986944.88,2062660,10,10,10,0,0,0,0,0,0,1439743,3467263,8830975,1760301.03,20000
1782775370,0,2082660,0,2392.16,20011.01,963071,1232895,1571839,2590719,5304319,218496,52035583,1408582.49,991908.88,2082660,10,10,10,0,0,0,0,0,0,1342463,3817471,6582271,1697376.82,20000
1782775371,0,2102660,0,2412.36,19982.49,964607,1233919,1572863,2592767,5324799,218496,52035583,1410234.90,992459.69,2102660,10,10,10,0,0,0,0,0,0,1394687,2838527,8060927,1582305.21,20000
1782775372,0,2122660,0,2432.51,20003.29,965631,1235967,1574911,2594815,5332991,218496,52035583,1411641.41,991130.87,2122660,10,10,10,0,0,0,0,0,0,1384447,2678783,5427199,1559512.35,20000
1782775373,0,2142660,0,2452.62,20009.87,967167,1236991,1575935,2592767,5337087,218496,52035583,1413099.88,993039.03,2142660,10,10,10,0,0,0,0,0,0,1337343,2498559,5918719,1567891.71,20000
1782775374,0,2162460,0,2472.46,19798.05,967679,1236991,1575935,2594815,5341183,218496,52035583,1413542.11,992365.46,2162460,10,10,10,0,0,0,0,0,0,1276927,2879487,7102463,1461398.53,19800
1782775375,0,2182660,0,2492.70,20194.95,969215,1239039,1576959,2600959,5390335,218496,52035583,1416840.10,1002517.68,2182660,10,10,10,0,0,0,0,0,0,1346559,4188159,7684095,1769897.56,20200
1782775376,0,2202660,0,2512.68,20010.36,970751,1240063,1577983,2603007,5406719,218496,52035583,1418466.66,1002092.49,2202660,10,10,10,0,0,0,0,0,0,1360895,3149823,6311935,1595978.60,20000
1782775377,0,2222660,0,2532.60,19991.93,971263,1240063,1577983,2607103,5406719,218496,52035583,1419581.51,1004854.47,2222660,10,10,10,0,0,0,0,0,0,1300479,2772991,4935679,1542362.73,20000
1782775378,0,2242660,0,2552.48,19998.42,972287,1241087,1579007,2611199,5414911,218496,52035583,1420551.92,1004318.54,2242660,10,10,10,0,0,0,0,0,0,1263615,3043327,6053887,1528396.76,20000
1782775379,0,2262660,0,2572.32,19997.69,973311,1241087,1579007,2609151,5427199,218496,52035583,1421119.16,1003537.53,2262660,10,10,10,0,0,0,0,0,0,1293311,2564095,5615615,1484725.63,20000
1782775380,0,2282660,0,2592.11,20010.02,974847,1243135,1581055,2619391,5439487,218496,52035583,1423525.45,1004188.28,2282660,10,10,10,0,0,0,0,0,0,1409023,4151295,6148095,1695755.96,20000
1782775381,0,2302660,0,2611.85,19994.34,975871,1244159,1583103,2641919,5685247,218496,96665599,1454064.39,1470650.96,2302660,10,10,10,0,0,0,0,0,0,1432575,31637503,56098815,4939565.76,20000
1782775382,0,2322660,0,2631.55,20002.66,977919,1246207,1586175,2650111,5754879,218496,96665599,1457747.69,1471316.31,2322660,10,10,10,0,0,0,0,0,0,1461247,5595135,9338879,1881816.72,20000
1782775383,0,2342660,0,2651.21,20002.80,979967,1249279,1589247,2656255,5808127,218496,96665599,1461243.37,1472036.94,2342660,10,10,10,0,0,0,0,0,0,1466367,4571135,11567103,1867207.37,20000
1782775384,0,2362660,0,2670.82,20005.67,980991,1250303,1591295,2662399,5890047,218496,96665599,1464796.85,1473957.88,2362660,10,10,10,0,0,0,0,0,0,1482751,4739071,7970815,1881025.98,20000
1782775385,0,2382660,0,2690.39,19997.23,983039,1252351,1594367,2674687,5947391,218496,96665599,1468645.31,1474619.93,2382660,10,10,10,0,0,0,0,0,0,1512447,5206015,8814591,1923275.65,20000
1782775386,0,2402660,0,2709.91,19986.22,984575,1254399,1597439,2689023,6025215,218496,96665599,1472441.53,1475115.40,2402660,10,10,10,0,0,0,0,0,0,1485823,4739071,8757247,1924696.31,20000
1782775387,0,2422621,0,2729.35,19970.98,986111,1256447,1601535,2695167,6074367,218496,96665599,1475719.86,1474866.97,2422621,10,10,10,0,0,0,0,0,0,1551359,3295231,9306111,1870324.78,19961
1782775388,0,2442660,0,2748.82,20032.26,988159,1259519,1606655,2709503,6066175,218496,96665599,1479683.46,1472288.73,2442660,10,10,10,0,0,0,0,0,0,1670143,4411391,5763071,1958864.24,20039
1782775389,0,2462660,0,2768.22,19997.82,989695,1261567,1609727,2725887,6094847,218496,96665599,1484006.16,1475709.35,2462660,10,10,10,0,0,0,0,0,0,1523711,4636671,14270463,2011950.90,20000
1782775390,0,2482660,0,2787.57,20006.77,991231,1263615,1612799,2736127,6139903,218496,96665599,1487693.02,1476543.72,2482660,10,10,10,0,0,0,0,0,0,1542143,4984831,9543679,1941667.16,20000
1782775391,0,2502660,0,2806.87,19994.66,992767,1265663,1615871,2746367,6160383,218496,96665599,1491293.58,1477258.57,2502660,10,10,10,0,0,0,0,0,0,1519615,4669439,8855551,1938241.33,20000
1782775392,0,2522660,0,2826.13,20005.15,994303,1266687,1618943,2754559,6234111,218496,96665599,1496054.49,1486360.94,2522660,10,10,10,0,0,0,0,0,0,1483775,5779455,15581183,2091801.95,20000
1782775393,0,2542660,0,2845.35,19993.36,995839,1268735,1620991,2768895,6266879,218496,96665599,1499623.22,1486533.99,2542660,10,10,10,0,0,0,0,0,0,1472511,5206015,8765439,1949758.11,20000
1782775394,0,2562660,0,2864.53,20014.27,997375,1269759,1623039,2772991,6242303,218496,96665599,1501111.83,1483360.69,2562660,10,10,10,0,0,0,0,0,0,1420287,3858431,5697535,1690362.71,20000
1782775395,0,2582660,0,2883.66,19989.95,998911,1271807,1624063,2779135,6295551,218496,96665599,1503945.21,1485172.84,2582660,10,10,10,0,0,0,0,0,0,1438719,4247551,11296767,1866995.37,20000
1782775396,0,2602660,0,2902.75,20000.29,1000447,1272831,1626111,2789375,6373375,218496,96665599,1508033.06,1489241.75,2602660,10,10,10,0,0,0,0,0,0,1479679,6238207,10706943,2035908.49,20000
1782775397,0,2622660,0,2921.79,19993.63,1001471,1274879,1628159,2795519,6352895,218496,96665599,1509736.68,1486329.85,2622660,10,10,10,0,0,0,0,0,0,1453055,4427775,6062079,1731433.93,20000
1782775398,0,2642660,0,2940.80,20000.99,1003007,1275903,1630207,2805759,6406143,218496,96665599,1512698.38,1486381.18,2642660,10,10,10,0,0,0,0,0,0,1466367,5341183,8019967,1901075.06,20000
1782775399,0,2662660,0,2959.76,20003.45,1004031,1276927,1631231,2815999,6430719,218496,96665599,1514963.05,1485713.69,2662660,10,10,10,0,0,0,0,0,0,1418239,4268031,9699327,1814201.52,20000
1782775400,0,2670900,0,2965.62,8238.07,1004031,1277951,1632255,2818047,6459391,218496,96665599,1515556.69,1485549.97,2670900,10,10,10,0,0,0,0,0,0,1351679,6225919,8089599,1707382.03,8240
1782775401,0,2671891,0,2963.44,991.83,1004031,1276927,1632255,2818047,6459391,218496,96665599,1515327.81,1485399.24,2671891,10,10,10,0,0,0,0,0,0,746495,1748991,5763071,898474.04,991
1782775402,0,2672900,0,2961.27,1008.34,1003519,1276927,1631231,2818047,6455295,218496,96665599,1515092.61,1485219.94,2672900,10,10,10,0,0,0,0,0,0,738303,1727487,4648959,892261.61,1009
1782775403,0,2673900,0,2959.10,1000.08,1003519,1276927,1631231,2818047,6455295,218496,96665599,1514837.10,1485036.07,2673900,10,10,10,0,0,0,0,0,0,731647,1486847,3942399,831893.12,1000
1782775404,0,2674900,0,2956.93,999.70,1003007,1276927,1631231,2818047,6455295,218496,96665599,1514622.34,1485058.10,2674900,10,10,10,0,0,0,0,0,0,728575,1514495,5173247,940365.31,1000
1782775405,0,2675900,0,2954.77,1000.37,1003007,1276927,1631231,2815999,6455295,218496,96665599,1514360.61,1484873.81,2675900,10,10,10,0,0,0,0,0,0,703487,1639423,3170303,814265.34,1000
1782775406,0,2676900,0,2952.62,1000.22,1002495,1276927,1631231,2815999,6455295,218496,96665599,1514112.13,1484706.80,2676900,10,10,10,0,0,0,0,0,0,721919,1604607,2996223,849204.80,1000
1782775407,0,2677900,0,2950.46,999.68,1002495,1275903,1631231,2815999,6455295,218496,96665599,1513853.54,1484512.55,2677900,10,10,10,0,0,0,0,0,0,732159,1636351,2557951,821647.81,1000
1782775408,0,2678898,0,2948.32,998.21,1001983,1275903,1631231,2815999,6455295,218496,96665599,1513659.95,1484383.81,2678898,10,10,10,0,0,0,0,0,0,767999,2279423,6115327,994188.76,998
1782775409,0,2679900,0,2946.18,1001.75,1001983,1275903,1630207,2815999,6451199,218496,96665599,1513433.65,1484178.98,2679900,10,10,10,0,0,0,0,0,0,805375,1743871,2883583,908406.61,1002
1782775410,0,2680890,0,2944.03,989.99,1001471,1275903,1630207,2815999,6451199,218496,96665599,1513209.97,1483977.16,2680890,10,10,10,0,0,0,0,0,0,817151,1702911,2928639,907727.39,990
1782775411,0,2681899,0,2941.91,1009.54,1001471,1275903,1630207,2813951,6451199,218496,96665599,1512954.96,1483785.45,2681899,10,10,10,0,0,0,0,0,0,712703,1769471,3112959,835400.31,1009
1782775412,0,2682900,0,2939.78,1001.01,1000959,1275903,1630207,2813951,6451199,218496,96665599,1512724.10,1483620.61,2682900,10,10,10,0,0,0,0,0,0,759295,1608703,2981887,894203.65,1001
1782775413,0,2683900,0,2937.65,999.13,1000959,1275903,1630207,2813951,6451199,218496,96665599,1512513.31,1483554.73,2683900,10,10,10,0,0,0,0,0,0,758783,1707007,6578175,946972.74,1000
1782775414,0,2684900,0,2935.54,999.98,1000447,1274879,1630207,2813951,6451199,218496,96665599,1512263.34,1483357.85,2684900,10,10,10,0,0,0,0,0,0,764415,1649663,2631679,841371.52,1000
1782775415,0,2685900,0,2933.42,1000.97,1000447,1274879,1630207,2813951,6451199,218496,96665599,1512023.79,1483288.17,2685900,10,10,10,0,0,0,0,0,0,717311,1176575,5242879,868845.06,1000
1782775416,0,2686900,0,2931.31,999.32,999935,1274879,1629183,2813951,6447103,218496,96665599,1511750.12,1483100.53,2686900,10,10,10,0,0,0,0,0,0,709631,1425407,2793471,776699.52,1000
1782775417,0,2687900,0,2929.21,1000.74,999935,1274879,1629183,2813951,6451199,218496,96665599,1511522.05,1482990.43,2687900,10,10,10,0,0,0,0,0,0,719871,1547263,6742015,898740.03,1000
1782775418,0,2688900,0,2927.11,999.58,999423,1274879,1629183,2811903,6447103,218496,96665599,1511254.60,1482801.63,2688900,10,10,10,0,0,0,0,0,0,718847,1452031,2449407,792361.47,1000
1782775419,0,2689900,0,2925.01,1000.07,999423,1274879,1629183,2811903,6447103,218496,96665599,1510971.97,1482608.20,2689900,10,10,10,0,0,0,0,0,0,717823,1257471,1772543,751026.88,1000
1782775420,0,2690900,0,2922.92,1000.19,998911,1273855,1629183,2811903,6447103,218496,96665599,1510748.99,1482523.44,2690900,10,10,10,0,0,0,0,0,0,722431,1744895,4132863,910953.47,1000
1782775421,0,2691899,0,2920.84,999.17,998911,1273855,1629183,2811903,6447103,218496,96665599,1510466.23,1482329.82,2691899,10,10,10,0,0,0,0,0,0,721407,1222655,1688575,748821.14,999
1782775422,0,2692900,0,2918.76,1000.71,998399,1273855,1628159,2811903,6447103,218496,96665599,1510225.29,1482150.05,2692900,10,10,10,0,0,0,0,0,0,762367,1503231,3604479,862270.59,1001
1782775423,0,2693900,0,2916.68,999.47,998399,1273855,1628159,2811903,6443007,218496,96665599,1509956.52,1481952.12,2693900,10,10,10,0,0,0,0,0,0,738815,1372159,1672191,786208.26,1000
1782775424,0,2694900,0,2914.60,1000.47,997887,1273855,1628159,2809855,6443007,218496,96665599,1509730.73,1481788.34,2694900,10,10,10,0,0,0,0,0,0,757247,1543167,4845567,901453.06,1000
1782775425,0,2695900,0,2912.53,999.33,997887,1273855,1628159,2809855,6443007,218496,96665599,1509479.50,1481594.60,2695900,10,10,10,0,0,0,0,0,0,743423,1556479,2195455,832443.07,1000
1782775426,0,2696900,0,2910.47,1000.10,997375,1272831,1628159,2809855,6443007,218496,96665599,1509216.88,1481398.61,2696900,10,10,10,0,0,0,0,0,0,738815,1457151,1958911,801215.87,1000
1782775427,0,2697900,0,2908.41,999.88,997375,1272831,1628159,2809855,6443007,218496,96665599,1508991.71,1481253.38,2697900,10,10,10,0,0,0,0,0,0,773119,1554431,3063807,901745.34,1000
1782775428,0,2698900,0,2906.36,1000.09,996863,1272831,1627135,2809855,6438911,218496,96665599,1508741.83,1481074.74,2698900,10,10,10,0,0,0,0,0,0,743423,1458175,2693119,834599.23,1000
1782775429,0,2699900,0,2904.31,1000.45,996863,1272831,1627135,2809855,6438911,218496,96665599,1508502.72,1480875.74,2699900,10,10,10,0,0,0,0,0,0,771071,1772543,2729983,863152.64,1000
1782775430,0,2700900,0,2902.26,999.97,996351,1272831,1627135,2807807,6438911,218496,96665599,1508240.36,1480679.13,2700900,10,10,10,0,0,0,0,0,0,727551,1434623,1981439,799895.17,1000
1782775431,0,2701900,0,2900.22,1000.44,996351,1272831,1627135,2807807,6438911,218496,96665599,1507983.87,1480534.25,2701900,10,10,10,0,0,0,0,0,0,687103,1652735,4952063,815219.78,1000
1782775432,0,2702890,0,2898.17,990.07,995839,1271807,1627135,2807807,6438911,218496,96665599,1507694.02,1480348.14,2702890,10,10,10,0,0,0,0,0,0,706559,1133567,1563647,716651.83,990
1782775433,0,2703900,0,2896.15,1009.50,995839,1271807,1627135,2807807,6434815,218496,96665599,1507423.32,1480158.29,2703900,10,10,10,0,0,0,0,0,0,733695,1329151,2291711,782985.44,1010
1782775434,0,2704900,0,2894.12,1000.00,995327,1271807,1626111,2807807,6434815,218496,96665599,1507159.64,1479988.41,2704900,10,10,10,0,0,0,0,0,0,692735,1613823,3194879,794213.89,1000
1782775435,0,2705900,0,2892.09,1000.10,994815,1271807,1626111,2807807,6430719,218496,96665599,1506878.85,1479801.25,2705900,10,10,10,0,0,0,0,0,0,705023,1315839,2081791,747350.91,1000
1782775436,0,2706900,0,2890.07,999.90,994815,1271807,1626111,2805759,6430719,218496,96665599,1506654.29,1479684.72,2706900,10,10,10,0,0,0,0,0,0,705535,1796095,5795839,899019.71,1000
1782775437,0,2707900,0,2888.06,1000.42,994303,1271807,1626111,2805759,6430719,218496,96665599,1506411.82,1479501.73,2707900,10,10,10,0,0,0,0,0,0,744447,1582079,3182591,850069.12,1000
1782775438,0,2708900,0,2886.05,999.12,994303,1270783,1626111,2805759,6430719,218496,96665599,1506172.98,1479356.28,2708900,10,10,10,0,0,0,0,0,0,713215,1461247,3409919,859429.50,1000
1782775439,0,2709900,0,2884.04,1000.08,993791,1270783,1626111,2805759,6430719,218496,96665599,1505921.99,1479169.52,2709900,10,10,10,0,0,0,0,0,0,723455,1508351,3117055,826018.18,1000
1782775440,0,2710900,0,2882.03,999.87,993791,1270783,1626111,2805759,6430719,218496,96665599,1505708.84,1479024.72,2710900,10,10,10,0,0,0,0,0,0,769535,1604607,4997119,928093.06,1000
1782775441,0,2711900,0,2880.04,1000.46,993279,1270783,1625087,2805759,6426623,218496,96665599,1505500.03,1478896.95,2711900,10,10,10,0,0,0,0,0,0,710143,2785279,5058559,939426.24,1000
1782775442,0,2712900,0,2878.04,1000.35,993279,1270783,1625087,2805759,6426623,218496,96665599,1505234.32,1478710.62,2712900,10,10,10,0,0,0,0,0,0,708095,1488895,2267135,784671.10,1000
1782775443,0,2713898,0,2876.05,997.71,992767,1270783,1625087,2805759,6426623,218496,96665599,1505019.97,1478637.38,2713898,10,10,10,0,0,0,0,0,0,685055,1645567,7786495,922338.89,998
1782775444,0,2714900,0,2874.07,1001.45,992767,1270783,1625087,2805759,6426623,218496,96665599,1504735.16,1478453.49,2714900,10,10,10,0,0,0,0,0,0,681983,1282047,1923071,733314.94,1002
1782775445,0,2715900,0,2872.08,1000.26,992255,1269759,1625087,2803711,6422527,218496,96665599,1504464.19,1478289.13,2715900,10,10,10,0,0,0,0,0,0,660991,1444863,2807807,768828.29,1000
1782775446,0,2716900,0,2870.11,1000.07,992255,1269759,1625087,2803711,6422527,218496,96665599,1504174.80,1478107.07,2716900,10,10,10,0,0,0,0,0,0,655871,1315839,1895423,718224.00,1000
1782775447,0,2717900,0,2868.13,1000.40,991743,1269759,1624063,2803711,6422527,218496,96665599,1503888.02,1477922.66,2717900,10,10,10,0,0,0,0,0,0,675327,1273855,1896447,724720.45,1000
1782775448,0,2718900,0,2866.17,1000.12,991743,1269759,1624063,2803711,6418431,218496,96665599,1503652.05,1477774.58,2718900,10,10,10,0,0,0,0,0,0,703999,1665023,4435967,862326.14,1000
1782775449,0,2719900,0,2864.20,999.26,991231,1269759,1624063,2803711,6418431,218496,96665599,1503373.49,1477593.10,2719900,10,10,10,0,0,0,0,0,0,684031,1360895,2326527,745971.84,1000
1782775450,0,2720900,0,2862.24,1000.21,991231,1268735,1624063,2803711,6418431,218496,96665599,1503157.41,1477591.78,2720900,10,10,10,0,0,0,0,0,0,717311,1415167,5627903,915462.66,1000
1782775451,0,2721900,0,2860.28,999.83,990719,1268735,1624063,2801663,6414335,218496,96665599,1502887.25,1477411.11,2721900,10,10,10,0,0,0,0,0,0,686079,1428479,2711551,767808.00,1000
1782775452,0,2722900,0,2858.33,1000.57,990207,1268735,1624063,2801663,6414335,218496,96665599,1502665.04,1477385.29,2722900,10,10,10,0,0,0,0,0,0,673791,1611775,5763071,897814.85,1000
1782775453,0,2723900,0,2856.38,1000.09,990207,1268735,1623039,2801663,6414335,218496,96665599,1502394.47,1477200.24,2723900,10,10,10,0,0,0,0,0,0,702975,1496063,2367487,765665.09,1000
1782775454,0,2724900,0,2854.43,999.30,989695,1268735,1623039,2801663,6414335,218496,96665599,1502143.88,1477047.71,2724900,10,10,10,0,0,0,0,0,0,699903,1437695,3809279,819567.36,1000
1782775455,0,2725898,0,2852.49,998.63,989695,1268735,1623039,2801663,6414335,218496,96665599,1501923.53,1476915.94,2725898,10,10,10,0,0,0,0,0,0,722431,1892351,7729151,900276.14,998
1782775456,0,2726900,0,2850.56,1001.43,989183,1268735,1623039,2801663,6414335,218496,96665599,1501651.10,1476725.45,2726900,10,10,10,0,0,0,0,0,0,706047,1308671,1880063,760521.45,1002
1782775457,0,2727900,0,2848.63,1000.69,989183,1267711,1623039,2801663,6414335,218496,96665599,1501436.63,1476606.42,2727900,10,10,10,0,0,0,0,0,0,749567,1752063,3473407,916591.36,1000
1782775458,0,2728900,0,2846.70,1000.09,989183,1267711,1623039,2799615,6414335,218496,96665599,1501196.66,1476447.02,2728900,10,10,10,0,0,0,0,0,0,694783,1643519,4603903,846599.04,1000
1782775459,0,2729900,0,2844.77,999.90,988671,1267711,1622015,2799615,6410239,218496,96665599,1500974.75,1476269.18,2729900,10,10,10,0,0,0,0,0,0,734719,2263039,3258367,895412.22,1000
1782775460,0,2755090,0,2868.04,25191.81,990719,1271807,1631231,2836479,6410239,218496,96665599,1508222.63,1476434.65,2755090,10,10,10,0,0,0,0,0,0,1883135,5300223,6209535,2293692.51,25190
1782775461,0,2795173,0,2906.74,40087.61,994303,1276927,1643519,2891775,6688767,218496,96665599,1525356.11,1518036.32,2795173,10,10,10,0,0,0,0,0,0,1868799,8302591,17694719,2703019.36,40083
1782775462,0,2835090,0,2945.18,39907.71,996863,1282047,1653759,2916351,6651903,218496,96665599,1531450.39,1512863.92,2835090,10,10,10,0,0,0,0,0,0,1742847,3692543,6160383,1958199.81,39917
1782775463,0,2875123,0,2983.67,40042.25,999935,1286143,1662975,2947071,6701055,218496,96665599,1539430.15,1515382.06,2875123,10,10,10,0,0,0,0,0,0,1732607,4509695,10231807,2104547.53,40033
1782775464,0,2915171,0,3022.10,40048.47,1002495,1291263,1672191,2975743,6852607,218496,96665599,1548862.78,1523134.58,2915171,10,10,10,0,0,0,0,0,0,1737727,6250495,11313151,2226049.31,40048
1782775465,0,2955090,0,3060.30,39891.14,1005055,1296383,1682431,3010559,6991871,218496,96665599,1561650.22,1562741.26,2955090,10,10,10,0,0,0,0,0,0,1819647,4607999,26968063,2495480.55,39919
1782775466,0,2995138,0,3098.57,40074.62,1008127,1301503,1691647,3053567,7114751,218496,96665599,1573009.56,1578345.19,2995138,10,10,10,0,0,0,0,0,0,1785855,5898239,15237119,2411200.87,40048
1782775467,0,3035090,0,3136.66,39927.64,1011199,1305599,1701887,3088383,7204863,218496,96665599,1583654.53,1601190.81,3035090,10,10,10,0,0,0,0,0,0,1816575,5173247,22675455,2381690.75,39952
1782775468,0,3075090,0,3174.71,40008.94,1014271,1310719,1711103,3125247,7340031,218496,96665599,1592296.47,1605288.33,3075090,10,10,10,0,0,0,0,0,0,1800191,6123519,11141119,2248023.10,40000
1782775469,0,3115090,0,3212.69,40000.84,1016831,1314815,1719295,3151871,7327743,218496,96665599,1598029.26,1601325.53,3115090,10,10,10,0,0,0,0,0,0,1729535,4386815,6856703,2038750.54,40000
1782775470,0,3155090,0,3250.59,39981.92,1019903,1319935,1728511,3190783,7434239,218496,96665599,1607852.48,1613027.00,3155090,10,10,10,0,0,0,0,0,0,1761279,6049791,15138815,2372857.62,40000
1782775471,0,3195090,0,3288.42,40025.43,1022463,1324031,1735679,3213311,7438335,218496,96665599,1613456.69,1611013.67,3195090,10,10,10,0,0,0,0,0,0,1722367,4964351,7798783,2055501.20,40000
1782775472,0,3235090,0,3326.16,40001.19,1025535,1328127,1741823,3241983,7569407,218496,96665599,1622954.61,1629787.32,3235090,10,10,10,0,0,0,0,0,0,1699839,7073791,17465343,2381622.23,40000
1782775473,0,3275090,0,3363.83,40000.90,1028607,1333247,1751039,3262463,7688191,218496,96665599,1630608.12,1633937.68,3275090,10,10,10,0,0,0,0,0,0,1810431,5304319,11853823,2249603.49,40000
1782775474,0,3315090,0,3401.42,39989.87,1031167,1337343,1756159,3287039,7729151,218496,96665599,1636124.45,1632433.07,3315090,10,10,10,0,0,0,0,0,0,1690623,4845567,8478719,2087785.80,40000
1782775475,0,3355090,0,3438.93,40009.99,1034239,1342463,1764351,3305471,7819263,218496,96665599,1644949.86,1648404.98,3355090,10,10,10,0,0,0,0,0,0,1781759,6205439,17170431,2376376.25,40000
1782775476,0,3395052,0,3476.33,39946.85,1036799,1346559,1770495,3327999,7884799,218496,96665599,1652003.52,1655556.61,3395052,10,10,10,0,0,0,0,0,0,1755135,4939775,12959743,2244207.22,39962
1782775477,0,3435126,0,3513.77,40096.12,1038847,1349631,1777663,3371007,7979007,218496,96665599,1659949.05,1661309.19,3435126,10,10,10,0,0,0,0,0,0,1779711,5607423,12574719,2333091.55,40074
1782775478,0,3475090,0,3551.01,39954.66,1041407,1353727,1783807,3391487,7966719,218496,96665599,1664241.49,1658224.38,3475090,10,10,10,0,0,0,0,0,0,1713151,4685823,7737343,2033199.74,39964
1782775479,0,3515091,0,3588.22,40010.54,1043455,1357823,1789951,3416063,7979007,218496,96665599,1669690.41,1656236.12,3515091,10,10,10,0,0,0,0,0,0,1779711,5246975,8716287,2143066.41,40001
1782775480,0,3555090,0,3625.35,39991.25,1046015,1360895,1796095,3436543,8036351,218496,96665599,1675415.20,1658864.09,3555090,10,10,10,0,0,0,0,0,0,1713151,6828031,9945087,2178505.96,39999
1782775481,0,3595090,0,3662.41,39996.15,1048063,1364991,1801215,3465215,8159231,218496,96665599,1684622.51,1681397.48,3595090,10,10,10,0,0,0,0,0,0,1738751,7938047,15171583,2502943.35,40000
1782775482,0,3635090,0,3699.39,39998.55,1050623,1368063,1806335,3487743,8302591,218496,96665599,1695195.49,1711038.10,3635090,10,10,10,0,0,0,0,0,0,1740799,10625023,20824063,2645465.29,40000
1782775483,0,3675090,0,3736.29,40006.64,1052671,1373183,1813503,3491839,8265727,218496,96665599,1698596.45,1705177.78,3675090,10,10,10,0,0,0,0,0,0,1802239,3999743,5963775,2007666.71,40000
1782775484,0,3715090,0,3773.12,39991.55,1054719,1377279,1820671,3532799,8294399,218496,96665599,1705436.81,1707936.41,3715090,10,10,10,0,0,0,0,0,0,1798143,5451775,9175039,2333909.93,40000
1782775485,0,3755090,0,3809.88,40012.24,1057791,1381375,1827839,3559423,8388607,218496,96665599,1713437.64,1715128.77,3755090,10,10,10,0,0,0,0,0,0,1864703,7114751,14098431,2456533.35,40000
1782775486,0,3795090,0,3846.56,39990.06,1060863,1385471,1833983,3592191,8511487,218496,96665599,1722570.74,1732176.14,3795090,10,10,10,0,0,0,0,0,0,1778687,8257535,16891903,2579960.60,40000
1782775487,0,3835090,0,3883.17,39992.31,1061887,1388543,1838079,3606527,8601599,218496,96665599,1728013.85,1739752.67,3835090,10,10,10,0,0,0,0,0,0,1748991,5357567,15425535,2244441.81,40000
1782775488,0,3875090,0,3919.70,39998.81,1064959,1392639,1843199,3631103,8626175,218496,96665599,1733827.24,1744231.88,3875090,10,10,10,0,0,0,0,0,0,1775615,5832703,10092543,2291199.03,40000
1782775489,0,3915090,0,3956.16,40004.39,1067007,1395711,1850367,3672063,8716287,218496,96665599,1742312.45,1754831.51,3915090,10,10,10,0,0,0,0,0,0,1830911,7753727,11509759,2564336.09,40000
1782775490,0,3955090,0,3992.54,40015.21,1069055,1398783,1855487,3698687,8757247,218496,96665599,1748975.51,1768095.64,3955090,10,10,10,0,0,0,0,0,0,1804287,5533695,15654911,2401137.68,40000
1782775491,0,3994753,0,4028.52,39663.64,1071103,1402879,1860607,3702783,8749055,218496,96665599,1751875.30,1763967.19,3994753,10,10,10,0,0,0,0,0,0,1775615,3944447,8343551,2041033.88,39663
1782775492,0,4035090,0,4065.09,40298.29,1073151,1406975,1866751,3739647,8814591,218496,96665599,1757843.20,1766717.58,4035090,10,10,10,0,0,0,0,0,0,1824767,5824511,9838591,2348870.99,40337
1782775493,0,4075090,0,4101.26,40019.51,1075199,1410047,1871871,3756031,8814591,218496,96665599,1761225.34,1764443.05,4075090,10,10,10,0,0,0,0,0,0,1755135,4702207,10764287,2102406.59,40000
1782775494,0,4115090,0,4137.35,40009.17,1077247,1413119,1878015,3788799,8880127,218496,96665599,1767638.44,1770384.92,4115090,10,10,10,0,0,0,0,0,0,1821695,6811647,12877823,2420987.24,40000
1782775495,0,4155091,0,4173.37,40007.79,1079295,1416191,1882111,3788799,8855551,218496,96665599,1769641.93,1764819.89,4155091,10,10,10,0,0,0,0,0,0,1756159,3676159,7225343,1975751.04,40001
1782775496,0,4194690,0,4208.92,39576.08,1081343,1419263,1888255,3811327,8871935,218496,96665599,1774896.76,1767201.19,4194690,10,10,10,0,0,0,0,0,0,1883135,5210111,10461183,2326281.54,39599
1782775497,0,4235090,0,4245.20,40425.12,1083391,1423359,1893375,3819519,8904703,218496,96665599,1778788.22,1767513.72,4235090,10,10,10,0,0,0,0,0,0,1790975,4550655,10149887,2182834.74,40400
1782775498,0,4275090,0,4281.00,39998.80,1084415,1426431,1897471,3833855,8953855,218496,96665599,1783006.76,1767866.19,4275090,10,10,10,0,0,0,0,0,0,1775615,5238783,10649599,2229653.56,40000
1782775499,0,4315090,0,4316.73,39986.49,1086463,1429503,1901567,3856383,9052159,218496,96665599,1790834.42,1787538.77,4315090,10,10,10,0,0,0,0,0,0,1793023,7102463,18399231,2627433.97,40000
1782775500,0,4355090,0,4352.39,40010.86,1088511,1432575,1907711,3883007,9043967,218496,96665599,1795650.17,1785947.85,4355090,10,10,10,0,0,0,0,0,0,1872895,5468159,8986623,2315159.88,40000
1782775501,0,4395090,0,4387.98,39976.08,1090559,1436671,1911807,3907583,9093119,218496,96665599,1802447.36,1798169.48,4395090,10,10,10,0,0,0,0,0,0,1814527,6832127,18448383,2542506.48,40000
1782775502,0,4435090,0,4423.50,40006.98,1092607,1439743,1916927,3958783,9256959,218496,96665599,1814229.75,1831450.03,4435090,10,10,10,0,0,0,0,0,0,1827839,10805247,23166975,3108846.43,40000
1782775503,0,4475115,0,4458.98,40043.91,1094655,1442815,1918975,3971071,9289727,218496,96665599,1817658.06,1832714.66,4475115,10,10,10,0,0,0,0,0,0,1697791,4714495,12427263,2197541.49,40025
1782775504,0,4515090,0,4494.33,39975.43,1096703,1445887,1923071,3987455,9355263,218496,96665599,1823193.33,1841918.59,4515090,10,10,10,0,0,0,0,0,0,1803263,7409663,17383423,2442855.53,39975
1782775505,0,4555090,0,4529.64,39986.30,1098751,1447935,1927167,4007935,9420799,218496,96665599,1829318.64,1857450.54,4555090,10,10,10,0,0,0,0,0,0,1800191,6049791,18563071,2520727.15,40000
1782775506,0,4593831,0,4563.58,38403.94,1100799,1452031,1934335,4106239,10371071,218496,153223167,1952609.78,3821399.04,4593831,10,10,10,0,0,0,0,0,0,2029567,98303999,138280959,16448937.37,38741
1782775507,0,4635090,0,4600.04,41633.69,1102847,1456127,1941503,4186111,10608639,218496,153223167,1970107.97,3861244.23,4635090,10,10,10,0,0,0,0,0,0,2023423,11837439,39944191,3918379.53,41259
1782775508,0,4675090,0,4635.14,40000.10,1104895,1459199,1944575,4202495,10600447,218496,153223167,1972257.22,3847631.51,4675090,10,10,10,0,0,0,0,0,0,1780735,5419007,9420799,2221306.25,40000
1782775509,0,4715090,0,4670.17,40004.69,1106943,1463295,1950719,4239359,10731519,218496,153223167,1979584.25,3842825.22,4715090,10,10,10,0,0,0,0,0,0,1919999,7905279,18497535,2835947.15,40000
1782775510,0,4755090,0,4705.13,40001.72,1108991,1466367,1954815,4255743,10788863,218496,153223167,1982877.33,3831130.10,4755090,10,10,10,0,0,0,0,0,0,1852415,5111807,13230079,2371056.52,40000
1782775511,0,4795090,0,4740.01,39992.77,1111039,1470463,1959935,4268031,10780671,218496,153223167,1985814.97,3818139.51,4795090,10,10,10,0,0,0,0,0,0,1953791,5144575,7761919,2335033.48,40000
1782775512,0,4835090,0,4774.83,39979.03,1112063,1473535,1965055,4292607,10829823,218496,153223167,1990254.36,3811245.20,4835090,10,10,10,0,0,0,0,0,0,1835007,5341183,15925247,2522436.42,40000
1782775513,0,4875090,0,4809.58,39997.86,1114111,1477631,1970175,4337663,10887167,218496,153223167,1996401.11,3802583.70,4875090,10,10,10,0,0,0,0,0,0,1956863,6873087,15663103,2739402.85,40000
1782775514,0,4915090,0,4844.27,40021.12,1116159,1480703,1974271,4366335,10928127,218496,153223167,2001228.20,3793434.91,4915090,10,10,10,0,0,0,0,0,0,1860607,7913471,11591679,2589541.62,40000
1782775515,0,4955093,0,4878.89,40009.58,1118207,1483775,1978367,4399103,11075583,218496,153223167,2006855.29,3788516.35,4955093,10,10,10,0,0,0,0,0,0,1817599,7344127,17498111,2698244.07,40003
1782775516,0,4995090,0,4913.43,39995.34,1120255,1485823,1983487,4444159,11362303,218496,153223167,2016137.65,3791860.89,4995090,10,10,10,0,0,0,0,0,0,1894399,11026431,23101439,3166098.52,39997
1782775517,0,5035090,0,4947.91,39996.64,1122303,1488895,1986559,4464639,11313151,218496,153223167,2018104.49,3779800.60,5035090,10,10,10,0,0,0,0,0,0,1830911,5103615,10272767,2263717.42,40000
1782775518,0,5075090,0,4982.32,39991.81,1124351,1492991,1993727,4501503,11329535,218496,153223167,2023929.62,3770090.55,5075090,10,10,10,0,0,0,0,0,0,2077695,7110655,11485183,2757181.42,40000
1782775519,0,5115090,0,5016.67,40001.06,1126399,1496063,1997823,4534271,11476991,218496,153223167,2031640.94,3770121.59,5115090,10,10,10,0,0,0,0,0,0,1899519,8912895,17973247,3010031.12,40000
1782775520,0,5131550,0,5027.88,16462.75,1126399,1497087,1998847,4546559,11509759,218496,153223167,2032742.52,3766126.95,5131550,10,10,10,0,0,0,0,0,0,1742847,7438335,12255231,2375069.62,16460
1782775521,0,5133550,0,5024.91,1999.68,1126399,1496063,1998847,4542463,11509759,218496,153223167,2032352.14,3765466.32,5133550,10,10,10,0,0,0,0,0,0,928255,1703935,4706303,1030720.70,2000
1782775522,0,5135550,0,5021.95,1999.45,1126399,1496063,1998847,4542463,11509759,218496,153223167,2031948.69,3764795.04,5135550,10,10,10,0,0,0,0,0,0,971263,1677311,1890303,996395.04,2000
1782775523,0,5137550,0,5019.00,2000.55,1126399,1496063,1997823,4542463,11501567,218496,153223167,2031527.93,3764127.66,5137550,10,10,10,0,0,0,0,0,0,926207,1488895,1924095,951099.33,2000
1782775524,0,5139550,0,5016.06,1999.48,1125375,1496063,1997823,4542463,11501567,218496,153223167,2031173.85,3763508.56,5139550,10,10,10,0,0,0,0,0,0,952319,1668095,6647807,1121612.80,2000
1782775525,0,5141550,0,5013.11,1999.61,1125375,1495039,1997823,4538367,11501567,218496,153223167,2030760.47,3762843.93,5141550,10,10,10,0,0,0,0,0,0,892927,1607679,2398207,968477.95,2000
1782775526,0,5143550,0,5010.18,2000.50,1125375,1495039,1997823,4538367,11493375,218496,153223167,2030408.26,3762177.75,5143550,10,10,10,0,0,0,0,0,0,1025023,2291711,3547135,1124968.00,2000
1782775527,0,5145550,0,5007.25,2000.14,1125375,1495039,1996799,4538367,11493375,218496,153223167,2029983.44,3761513.08,5145550,10,10,10,0,0,0,0,0,0,922111,1470463,1703935,937419.65,2000
1782775528,0,5147550,0,5004.33,2000.11,1124351,1495039,1996799,4538367,11493375,218496,153223167,2029584.12,3760852.15,5147550,10,10,10,0,0,0,0,0,0,969727,1465343,2367487,1002228.35,2000
1782775529,0,5149550,0,5001.41,2000.36,1124351,1494015,1996799,4534271,11485183,218496,153223167,2029161.60,3760190.18,5149550,10,10,10,0,0,0,0,0,0,889343,1509375,2064383,941702.53,2000
1782775530,0,5151550,0,4998.50,1998.74,1124351,1494015,1996799,4534271,11485183,218496,153223167,2028746.79,3759525.90,5151550,10,10,10,0,0,0,0,0,0,928767,1549311,2156543,960700.48,2000
1782775531,0,5153550,0,4995.59,2001.65,1123327,1494015,1995775,4534271,11485183,218496,153223167,2028370.67,3758865.06,5153550,10,10,10,0,0,0,0,0,0,932863,2215935,4155391,1059559.30,2000
1782775532,0,5155550,0,4992.69,1998.23,1123327,1494015,1995775,4534271,11476991,218496,153223167,2027962.11,3758199.67,5155550,10,10,10,0,0,0,0,0,0,975359,1503231,2070527,975215.39,2000
1782775533,0,5157550,0,4989.79,2000.72,1123327,1492991,1995775,4534271,11476991,218496,153223167,2027586.24,3757539.97,5157550,10,10,10,0,0,0,0,0,0,941055,2162687,4640767,1058654.40,2000
1782775534,0,5159550,0,4986.90,1999.52,1123327,1492991,1995775,4530175,11476991,218496,153223167,2027208.15,3756886.55,5159550,10,10,10,0,0,0,0,0,0,940031,1871871,5070847,1052218.11,2000
1782775535,0,5161550,0,4984.02,2001.14,1122303,1492991,1994751,4530175,11476991,218496,153223167,2026886.85,3756293.98,5161550,10,10,10,0,0,0,0,0,0,966143,2156543,6938623,1198005.63,2000
1782775536,0,5163550,0,4981.14,2000.31,1122303,1492991,1994751,4530175,11476991,218496,153223167,2026508.47,3755626.57,5163550,10,10,10,0,0,0,0,0,0,983039,1905663,2400255,1049976.19,2000
1782775537,0,5165550,0,4978.27,1998.92,1122303,1491967,1994751,4530175,11468799,218496,153223167,2026120.27,3754960.37,5165550,10,10,10,0,0,0,0,0,0,957951,1855487,2387967,1023896.58,2000
1782775538,0,5167550,0,4975.40,2000.90,1122303,1491967,1994751,4526079,11468799,218496,153223167,2025784.48,3754312.28,5167550,10,10,10,0,0,0,0,0,0,989695,2037759,6021119,1158508.48,2000
1782775539,0,5169550,0,4972.54,1998.81,1121279,1491967,1993727,4526079,11468799,218496,153223167,2025365.46,3753654.32,5169550,10,10,10,0,0,0,0,0,0,892927,1543167,2693119,942708.61,2000
1782775540,0,5171550,0,4969.68,2001.12,1121279,1491967,1993727,4526079,11468799,218496,153223167,2025018.93,3753050.42,5171550,10,10,10,0,0,0,0,0,0,951295,1902591,3540991,1129318.02,2000
1782775541,0,5173550,0,4966.83,1998.80,1121279,1490943,1993727,4526079,11468799,218496,153223167,2024643.45,3752385.72,5173550,10,10,10,0,0,0,0,0,0,977407,1948671,2990079,1053735.97,2000
1782775542,0,5175550,0,4963.99,2000.11,1121279,1490943,1993727,4521983,11468799,218496,153223167,2024277.75,3751748.51,5175550,10,10,10,0,0,0,0,0,0,946175,1810431,4190207,1078279.04,2000
1782775543,0,5177550,0,4961.14,1999.76,1120255,1490943,1992703,4521983,11460607,218496,153223167,2023880.12,3751085.93,5177550,10,10,10,0,0,0,0,0,0,958463,1659903,2185215,994904.70,2000
1782775544,0,5179550,0,4958.31,2000.24,1120255,1490943,1992703,4521983,11460607,218496,153223167,2023482.78,3750423.21,5179550,10,10,10,0,0,0,0,0,0,955903,1731583,2078719,994880.70,2000
1782775545,0,5181550,0,4955.48,2001.34,1120255,1489919,1992703,4521983,11460607,218496,153223167,2023135.17,3749779.26,5181550,10,10,10,0,0,0,0,0,0,995839,1921023,4268031,1122899.26,2000
1782775546,0,5183550,0,4952.66,1999.48,1120255,1489919,1992703,4517887,11452415,218496,153223167,2022733.21,3749123.16,5183550,10,10,10,0,0,0,0,0,0,908287,1762303,2928639,981332.48,2000
1782775547,0,5185550,0,4949.84,2000.31,1119231,1489919,1992703,4517887,11452415,218496,153223167,2022371.95,3748474.44,5185550,10,10,10,0,0,0,0,0,0,988671,1735679,4132863,1086064.32,2000
1782775548,0,5187550,0,4947.03,1998.55,1119231,1489919,1991679,4517887,11452415,218496,153223167,2021980.72,3747815.77,5187550,10,10,10,0,0,0,0,0,0,937471,1714175,3170303,1007628.42,2000
1782775549,0,5189550,0,4944.22,2000.97,1119231,1488895,1991679,4513791,11444223,218496,153223167,2021620.67,3747156.03,5189550,10,10,10,0,0,0,0,0,0,996351,1870847,3868671,1087723.84,2000
1782775550,0,5191550,0,4941.42,2000.90,1119231,1488895,1991679,4513791,11444223,218496,153223167,2021254.45,3746502.60,5191550,10,10,10,0,0,0,0,0,0,998911,1773567,3516415,1070996.16,2000
1782775551,0,5193550,0,4938.62,1999.91,1118207,1488895,1991679,4513791,11444223,218496,153223167,2020853.98,3745848.09,5193550,10,10,10,0,0,0,0,0,0,922111,1659903,2875391,981318.14,2000
1782775552,0,5195550,0,4935.83,1999.98,1118207,1488895,1990655,4513791,11444223,218496,153223167,2020456.86,3745194.02,5195550,10,10,10,0,0,0,0,0,0,920063,1777663,2820095,989220.70,2000
1782775553,0,5197550,0,4933.04,1999.52,1118207,1487871,1990655,4509695,11444223,218496,153223167,2020045.29,3744539.01,5197550,10,10,10,0,0,0,0,0,0,925695,1527807,2023423,950899.84,2000
1782775554,0,5199550,0,4930.26,1998.67,1118207,1487871,1990655,4509695,11436031,218496,153223167,2019699.99,3743903.60,5199550,10,10,10,0,0,0,0,0,0,988159,1887231,6041599,1122322.94,2000
1782775555,0,5201550,0,4927.49,2001.55,1117183,1487871,1989631,4509695,11436031,218496,153223167,2019286.39,3743248.98,5201550,10,10,10,0,0,0,0,0,0,918015,1508351,1760255,944038.66,2000
1782775556,0,5203550,0,4924.71,1998.75,1117183,1487871,1989631,4509695,11436031,218496,153223167,2018961.08,3742707.51,5203550,10,10,10,0,0,0,0,0,0,964095,1611775,6840319,1172882.24,2000
1782775557,0,5205550,0,4921.95,2000.16,1117183,1486847,1989631,4509695,11436031,218496,153223167,2018565.71,3742050.11,5205550,10,10,10,0,0,0,0,0,0,943103,1600511,2183167,989919.23,2000
1782775558,0,5207550,0,4919.19,2001.04,1117183,1486847,1989631,4505599,11427839,218496,153223167,2018191.74,3741393.53,5207550,10,10,10,0,0,0,0,0,0,979455,1793023,3332095,1044831.23,2000
1782775559,0,5209550,0,4916.44,2000.15,1116159,1486847,1988607,4505599,11427839,218496,153223167,2017847.86,3740761.39,5209550,10,10,10,0,0,0,0,0,0,983551,1815551,5554175,1122446.27,2000
1782775560,0,5211550,0,4913.68,1999.39,1116159,1486847,1988607,4505599,11427839,218496,153223167,2017470.42,3740102.34,5211550,10,10,10,0,0,0,0,0,0,993791,1797119,2555903,1034326.69,2000
1782775561,0,5213550,0,4910.94,1999.16,1116159,1485823,1988607,4505599,11427839,218496,153223167,2017122.99,3739507.19,5213550,10,10,10,0,0,0,0,0,0,944639,1716223,4325375,1111817.22,2000
1782775562,0,5215550,0,4908.20,2000.34,1116159,1485823,1988607,4505599,11419647,218496,153223167,2016716.03,3738853.06,5215550,10,10,10,0,0,0,0,0,0,937471,1535999,1895423,955841.41,2000
1782775563,0,5217550,0,4905.47,2000.30,1115135,1485823,1987583,4501503,11419647,218496,153223167,2016362.73,3738217.79,5217550,10,10,10,0,0,0,0,0,0,940031,1896447,5517311,1095034.05,2000
1782775564,0,5219550,0,4902.74,2000.37,1115135,1485823,1987583,4501503,11419647,218496,153223167,2015977.86,3737561.40,5219550,10,10,10,0,0,0,0,0,0,964095,1729535,2236415,1011937.54,2000
1782775565,0,5221550,0,4900.01,1999.70,1115135,1484799,1987583,4501503,11419647,218496,153223167,2015580.09,3736907.58,5221550,10,10,10,0,0,0,0,0,0,953343,1546239,2140159,977512.32,2000
1782775566,0,5223550,0,4897.29,1999.40,1115135,1484799,1987583,4501503,11411455,218496,153223167,2015180.06,3736261.19,5223550,10,10,10,0,0,0,0,0,0,907775,1599487,2535423,970778.18,2000
1782775567,0,5225550,0,4894.58,2001.36,1114111,1484799,1986559,4497407,11411455,218496,153223167,2014806.38,3735603.33,5225550,10,10,10,0,0,0,0,0,0,1006079,1709055,2297855,1038841.18,2000
1782775568,0,5227550,0,4891.87,1998.59,1114111,1484799,1986559,4497407,11411455,218496,153223167,2014431.13,3734957.64,5227550,10,10,10,0,0,0,0,0,0,955903,1669119,3790847,1033975.49,2000
1782775569,0,5229550,0,4889.17,2000.15,1114111,1483775,1986559,4497407,11403263,218496,153223167,2014045.54,3734307.71,5229550,10,10,10,0,0,0,0,0,0,951807,1666047,3221503,1006214.40,2000
1782775570,0,5231550,0,4886.47,2001.31,1114111,1483775,1986559,4497407,11403263,218496,153223167,2013683.30,3733668.27,5231550,10,10,10,0,0,0,0,0,0,939007,1882111,4085759,1066513.73,2000
1782775571,0,5233550,0,4883.78,1999.38,1113087,1483775,1985535,4493311,11403263,218496,153223167,2013292.62,3733013.86,5233550,10,10,10,0,0,0,0,0,0,975359,1581055,1839103,991365.25,2000
1782775572,0,5235550,0,4881.09,1998.91,1113087,1483775,1985535,4493311,11395071,218496,153223167,2012913.45,3732357.11,5235550,10,10,10,0,0,0,0,0,0,995839,1659903,1914879,1020697.15,2000
1782775573,0,5237550,0,4878.40,2001.09,1113087,1482751,1985535,4493311,11395071,218496,153223167,2012540.98,3731709.29,5237550,10,10,10,0,0,0,0,0,0,980991,1673215,3782655,1037500.61,2000
1782775574,0,5239550,0,4875.73,2000.19,1113087,1482751,1985535,4493311,11395071,218496,153223167,2012137.48,3731061.77,5239550,10,10,10,0,0,0,0,0,0,913407,1547263,2275327,955456.86,2000
1782775575,0,5241550,0,4873.05,1999.93,1112063,1482751,1984511,4489215,11395071,218496,153223167,2011774.31,3730416.89,5241550,10,10,10,0,0,0,0,0,0,924159,2252799,3540991,1060364.29,2000
1782775576,0,5243550,0,4870.38,2000.29,1112063,1482751,1984511,4489215,11386879,218496,153223167,2011387.88,3729770.06,5243550,10,10,10,0,0,0,0,0,0,896511,2000895,3139583,998622.98,2000
1782775577,0,5245550,0,4867.72,1998.98,1112063,1481727,1984511,4489215,11386879,218496,153223167,2010974.29,3729133.34,5245550,10,10,10,0,0,0,0,0,0,826879,1597439,4341759,926648.77,2000
1782775578,0,5247550,0,4865.06,2000.00,1112063,1481727,1984511,4489215,11386879,218496,153223167,2010596.66,3728482.02,5247550,10,10,10,0,0,0,0,0,0,976895,1660927,2811903,1020144.64,2000
1782775579,0,5249550,0,4862.41,1999.81,1112063,1481727,1983487,4485119,11378687,218496,153223167,2010265.04,3727822.50,5249550,10,10,10,0,0,0,0,0,0,1123327,1824767,3028991,1140171.14,2000
1782775580,0,5287530,0,4893.05,38001.62,1114111,1486847,1996799,4571135,11542527,218496,153223167,2025697.73,3731630.12,5287530,10,10,10,0,0,0,0,0,0,3080191,10633215,24444927,4158786.01,37980
1782775581,0,5347530,0,4944.00,59957.72,1118207,1495039,2019327,4698111,11927551,218496,153223167,2057129.77,3768007.23,5347530,10,10,10,0,0,0,0,0,0,3188735,14942207,36634623,4827093.75,60000
1782775582,0,5407530,0,4994.86,60009.11,1122303,1504255,2039807,4792319,12230655,218496,153223167,2080105.22,3775168.61,5407530,10,10,10,0,0,0,0,0,0,2797567,12435455,20348927,4127804.22,60000
1782775583,0,5467530,0,5045.62,60041.83,1127423,1512447,2062335,4902911,12820479,218496,153223167,2109606.09,3802024.35,5467530,10,10,10,0,0,0,0,0,0,2949119,14573567,28278783,4768386.07,60000
1782775584,0,5527530,0,5096.28,59950.19,1131519,1521663,2085887,5033983,13000703,218496,153223167,2132198.59,3805011.99,5527530,10,10,10,0,0,0,0,0,0,2881535,10133503,21168127,4190952.12,60000
1782775585,0,5587530,0,5146.86,60004.35,1135615,1529855,2109439,5185535,13369343,218496,153223167,2159434.95,3826104.11,5587530,10,10,10,0,0,0,0,0,0,3252223,13361151,32604159,4668597.88,60000
1782775586,0,5647530,0,5197.34,60001.46,1139711,1538047,2131967,5279743,13664255,218496,153223167,2182755.30,3839280.91,5647530,10,10,10,0,0,0,0,0,0,2906111,14917631,25968639,4354474.55,60000
1782775587,0,5707530,0,5247.73,60028.80,1143807,1546239,2154495,5369855,13828095,218496,153223167,2201840.74,3838183.37,5707530,10,10,10,0,0,0,0,0,0,2846719,10969087,18382847,3998267.29,60000
1782775588,0,5767530,0,5298.02,59978.71,1146879,1554431,2177023,5427199,13991935,218496,153223167,2219205.39,3836871.39,5767530,10,10,10,0,0,0,0,0,0,2783231,9003007,17252351,3871026.95,60000
1782775589,0,5826930,0,5347.67,59426.38,1150975,1562623,2199551,5484543,14172159,218496,153223167,2236604.53,3832529.41,5826930,10,10,10,0,0,0,0,0,0,2992127,10412031,15958015,3925998.69,59400
1782775590,0,5887530,0,5398.33,60577.05,1155071,1571839,2224127,5611519,14639103,218496,153223167,2264511.23,3854541.66,5887530,10,10,10,0,0,0,0,0,0,3061759,16842751,25034751,4947851.55,60600
1782775591,0,5947530,0,5448.36,60026.17,1159167,1580031,2246655,5689343,14704639,218496,153223167,2282167.41,3854908.10,5947530,10,10,10,0,0,0,0,0,0,2752511,10182655,20234239,4014688.16,60000
1782775592,0,6007530,0,5498.28,59985.75,1163263,1588223,2269183,5750783,14876671,218496,153223167,2303839.89,3872658.75,6007530,10,10,10,0,0,0,0,0,0,2990079,12591103,26492927,4452136.21,60000
1782775593,0,6067530,0,5548.12,59991.61,1167359,1597439,2295807,5853183,15130623,218496,153223167,2331665.37,3909900.64,6067530,10,10,10,0,0,0,0,0,0,3258367,14458879,37781503,5117704.78,60000
1782775594,0,6127530,0,5597.86,60002.73,1171455,1606655,2324479,5951487,15343615,218496,153223167,2354221.32,3922666.53,6127530,10,10,10,0,0,0,0,0,0,3209215,12754943,24936447,4635203.66,60000
1782775595,0,6187530,0,5647.52,60006.25,1175551,1615871,2353151,6029311,15450111,218496,153223167,2374062.87,3924178.54,6187530,10,10,10,0,0,0,0,0,0,3223551,12697599,19218431,4400391.07,60000
1782775596,0,6247530,0,5697.08,60017.43,1179647,1625087,2377727,6115327,15679487,218496,153223167,2395017.53,3936231.77,6247530,10,10,10,0,0,0,0,0,0,3031039,14516223,29310975,4555976.76,60000
1782775597,0,6307530,0,5746.55,59978.50,1183743,1634303,2404351,6176767,15654911,218496,153223167,2409941.09,3930420.78,6307530,10,10,10,0,0,0,0,0,0,3059711,11083775,12861439,3963864.82,60000
1782775598,0,6367530,0,5795.94,60012.83,1187839,1643519,2433023,6230015,15753215,218496,153223167,2429427.65,3941801.96,6367530,10,10,10,0,0,0,0,0,0,3158015,12181503,28049407,4477961.48,60000
1782775599,0,6427530,0,5845.23,59990.97,1191935,1652735,2459647,6291455,15835135,218496,153223167,2445525.98,3939826.22,6427530,10,10,10,0,0,0,0,0,0,3100671,11083775,16760831,4153969.55,60000
1782775600,0,6487530,0,5894.44,60008.79,1196031,1661951,2484223,6328319,15998975,218496,153223167,2460799.45,3936430.83,6487530,10,10,10,0,0,0,0,0,0,3084287,9445375,18792447,4096976.99,60000
1782775601,0,6547530,0,5943.55,60005.92,1200127,1671167,2510847,6410239,16269311,218496,153223167,2481320.54,3946586.62,6547530,10,10,10,0,0,0,0,0,0,3151871,13320191,24788991,4700174.47,60000
1782775602,0,6607530,0,5992.57,59980.42,1204223,1680383,2539519,6533119,16556031,218496,153223167,2508280.85,3967847.15,6607530,10,10,10,0,0,0,0,0,0,3459071,15015935,28377087,5450337.28,60000
1782775603,0,6664579,0,6038.84,57082.05,1208319,1689599,2566143,6643711,16973823,218496,153223167,2537107.39,4016428.60,6664579,10,10,10,0,0,0,0,0,0,3145727,21348351,40009727,5875856.40,57049
1782775604,0,6726930,0,6089.82,62335.25,1212415,1699839,2598911,6836223,17776639,218496,153223167,2584509.45,4124473.87,6726930,10,10,10,0,0,0,0,0,0,3690495,29917183,44367871,7651224.17,62351
1782775605,0,6787530,0,6139.12,60568.65,1216511,1710079,2621439,6987775,18186239,218496,153223167,2619553.65,4177939.50,6787530,10,10,10,0,0,0,0,0,0,3213311,24248319,34504703,6509650.77,60600
1782775606,0,6847530,0,6187.79,60010.09,1220607,1720319,2650111,7098367,18595839,218496,153223167,2659633.16,4298498.80,6847530,10,10,10,0,0,0,0,0,0,3348479,29523967,55279615,7193647.77,60000
1782775607,0,6907530,0,6236.37,60000.83,1224703,1729535,2674687,7163903,18579455,218496,153223167,2676811.07,4296443.31,6907530,10,10,10,0,0,0,0,0,0,3325951,14655487,17186815,4637248.81,60000
1782775608,0,6967530,0,6284.87,59974.94,1227775,1739775,2699263,7221247,18677759,218496,153223167,2695971.38,4303127.24,6967530,10,10,10,0,0,0,0,0,0,3256319,14827519,24510463,4901811.12,60000
1782775609,0,7027530,0,6333.28,60025.62,1231871,1750015,2723839,7340031,19021823,218496,153223167,2724692.05,4336703.22,7027530,10,10,10,0,0,0,0,0,0,3663871,23838719,34308095,6059894.10,60000
1782775610,0,7087530,0,6381.60,59992.74,1235967,1759231,2752511,7471103,19333119,218496,153223167,2751364.48,4366223.11,7087530,10,10,10,0,0,0,0,0,0,3465215,18628607,34242559,5875386.94,60000
1782775611,0,7147530,0,6429.83,59989.64,1240063,1769471,2777087,7569407,19677183,218496,153223167,2772792.49,4385035.62,7147530,10,10,10,0,0,0,0,0,0,3151871,19660799,29966335,5303986.27,60000
1782775612,0,7206930,0,6477.44,59419.27,1244159,1778687,2799615,7684095,19922943,218496,153223167,2800011.59,4434455.73,7206930,10,10,10,0,0,0,0,0,0,3346431,19644415,48594943,6075253.81,59400
1782775613,0,7267050,0,6525.61,60146.04,1248255,1788927,2826239,7798783,20267007,218496,153223167,2826218.45,4460279.87,7267050,10,10,10,0,0,0,0,0,0,3459071,19791871,35717119,5967784.75,60120
1782775614,0,7327164,0,6573.69,60076.54,1252351,1800191,2846719,7905279,20578303,218496,153223167,2851354.14,4492341.87,7327164,10,10,10,0,0,0,0,0,0,3244031,21495807,33783807,5889953.05,60114
1782775615,0,7387530,0,6621.91,60367.55,1255423,1810431,2867199,8052735,20938751,218496,153223167,2879250.51,4532482.79,7387530,10,10,10,0,0,0,0,0,0,3330047,21889023,40402943,6265283.47,60366
1782775616,0,7445438,0,6667.84,57907.53,1259519,1820671,2887679,8142847,21102591,218496,153223167,2899674.34,4552829.92,7445438,10,10,10,0,0,0,0,0,0,3375103,15335423,40763391,5505214.85,57908
1782775617,0,7507157,0,6717.10,61746.83,1263615,1830911,2910207,8290303,21577727,218496,153223167,2932850.42,4605861.88,7507157,10,10,10,0,0,0,0,0,0,3495935,27459583,39583743,6935029.52,61719
1782775618,0,7567530,0,6765.06,60354.82,1267711,1841151,2932735,8388607,21495807,218496,153223167,2950830.84,4606148.14,7567530,10,10,10,0,0,0,0,0,0,3385343,15384575,19873791,5186628.85,60373
1782775619,0,7627530,0,6812.61,59980.77,1270783,1852415,2953215,8470527,21561343,218496,153223167,2969920.72,4611975.96,7627530,10,10,10,0,0,0,0,0,0,3567615,17907711,23920639,5377641.46,60000
1782775620,0,7687530,0,6860.07,59998.72,1274879,1862655,2973695,8560639,21577727,218496,153223167,2986993.45,4616492.52,7687530,10,10,10,0,0,0,0,0,0,3381247,16744447,25329663,5157371.98,60000
1782775621,0,7746930,0,6906.91,59421.87,1278975,1873919,2994175,8601599,21626879,218496,153223167,3000002.64,4612715.62,7746930,10,10,10,0,0,0,0,0,0,3354623,11665407,22921215,4683649.07,59400
1782775622,0,7807530,0,6954.74,60621.24,1283071,1884159,3010559,8667135,21970943,218496,153223167,3016866.17,4626460.55,7807530,10,10,10,0,0,0,0,0,0,3246079,15081471,34308095,5172651.46,60600
1782775623,0,7867182,0,7001.64,59659.80,1287167,1895423,3026943,8716287,21905407,218496,153223167,3030290.59,4621246.14,7867182,10,10,10,0,0,0,0,0,0,3293183,12255231,17530879,4787339.79,59652
1782775624,0,7927530,0,7049.07,60295.96,1291263,1906687,3043327,8773631,22020095,218496,153223167,3045381.37,4622617.30,7927530,10,10,10,0,0,0,0,0,0,3248127,14450687,25198591,5012670.48,60348
1782775625,0,7987530,0,7096.12,60040.28,1294335,1917951,3059711,8839167,22134783,218496,153223167,3062179.37,4628192.71,7987530,10,10,10,0,0,0,0,0,0,3428351,15613951,25542655,5281623.68,60000
1782775626,0,8047530,0,7143.08,59974.30,1298431,1928191,3074047,8871935,22282239,218496,153223167,3076327.22,4636289.54,8047530,10,10,10,0,0,0,0,0,0,3282943,11116543,31965183,4959766.43,60000
1782775627,0,8107530,0,7189.95,60022.43,1302527,1939455,3088383,8904703,22413311,218496,153223167,3091273.14,4646488.52,8107530,10,10,10,0,0,0,0,0,0,3319807,14172159,31752191,5095902.25,60000
1782775628,0,8167470,0,7236.69,59945.57,1306623,1950719,3104767,8953855,22511615,218496,153223167,3108600.26,4658257.44,8167470,10,10,10,0,0,0,0,0,0,3366911,16007167,34340863,5452279.03,59940
1782775629,0,8227530,0,7283.45,60058.17,1310719,1963007,3121151,9011199,22544383,218496,153223167,3124822.92,4662167.63,8227530,10,10,10,0,0,0,0,0,0,3434495,16793599,26722303,5330918.16,60060
1782775630,0,8287476,0,7330.03,59922.75,1314815,1974271,3137535,9084927,22593535,218496,153223167,3144224.97,4671364.05,8287476,10,10,10,0,0,0,0,0,0,3731455,17776639,27607039,5807137.96,59946
1782775631,0,8346990,0,7376.14,59508.75,1318911,1985535,3151871,9109503,22609919,218496,153223167,3156696.98,4669657.25,8346990,10,10,10,0,0,0,0,0,0,3354623,12271615,24903679,4893456.63,59514
1782775632,0,8407530,0,7423.09,60579.77,1323007,1996799,3164159,9134079,22626303,218496,153223167,3168213.32,4668067.94,8407530,10,10,10,0,0,0,0,0,0,3280895,11976703,26542079,4756035.57,60540
1782775633,0,8467530,0,7469.46,59979.24,1326079,2008063,3178495,9175039,22724607,218496,153223167,3182744.65,4675548.75,8467530,10,10,10,0,0,0,0,0,0,3342335,17481727,27475967,5218954.18,60000
1782775634,0,8527530,0,7515.76,59982.22,1330175,2019327,3186687,9199615,22659071,218496,153223167,3190918.59,4671482.73,8527530,10,10,10,0,0,0,0,0,0,2945023,12828671,21299199,4344469.96,60000
1782775635,0,8586930,0,7561.45,59403.09,1334271,2030591,3201023,9273343,22839295,218496,153223167,3211543.27,4697678.73,8586930,10,10,10,0,0,0,0,0,0,3518463,18120703,46006271,6172446.00,59400
1782775636,0,8647530,0,7608.11,60611.38,1338367,2041855,3209215,9347071,22855679,218496,153223167,3224874.15,4702086.22,8647530,10,10,10,0,0,0,0,0,0,3084287,14229503,25739263,5113839.51,60600
1782775637,0,8707530,0,7654.17,60013.30,1342463,2052095,3215359,9396223,22872063,218496,153223167,3235929.62,4707475.77,8707530,10,10,10,0,0,0,0,0,0,2994175,17219583,26378239,4829304.61,60000
1782775638,0,8766930,0,7699.62,59408.53,1346559,2063359,3227647,9486335,23166975,218496,153223167,3255400.53,4737792.03,8766930,10,10,10,0,0,0,0,0,0,3241983,22347775,41189375,6109668.20,59400
1782775639,0,8827530,0,7746.03,60593.51,1350655,2075647,3235839,9527295,23232511,218496,153223167,3265198.93,4736516.26,8827530,10,10,10,0,0,0,0,0,0,3180543,14835711,26034175,4682722.73,60600
1782775640,0,8851590,0,7760.34,24058.51,1351679,2079743,3239935,9535487,23265279,218496,153223167,3269810.23,4736846.42,8851590,10,10,10,0,0,0,0,0,0,3336191,15294463,24494079,4961677.78,24060
1782775641,0,8853590,0,7755.29,1998.82,1351679,2078719,3239935,9535487,23265279,218496,153223167,3269287.91,4736460.54,8853590,10,10,10,0,0,0,0,0,0,766463,1703935,6877183,957604.48,2000
1782775642,0,8855590,0,7750.25,2000.63,1350655,2078719,3239935,9535487,23265279,218496,153223167,3268744.03,4736069.48,8855590,10,10,10,0,0,0,0,0,0,743423,1794047,3078143,861139.52,2000
1782775643,0,8857590,0,7745.22,2000.03,1350655,2078719,3239935,9535487,23265279,218496,153223167,3268198.24,4735679.06,8857590,10,10,10,0,0,0,0,0,0,753151,1592319,3293183,851519.68,2000
1782775644,0,8859590,0,7740.21,2000.26,1349631,2077695,3239935,9527295,23265279,218496,153223167,3267663.35,4735287.96,8859590,10,10,10,0,0,0,0,0,0,753663,1909759,3387391,898750.82,2000
1782775645,0,8861590,0,7735.19,1999.03,1349631,2077695,3239935,9527295,23265279,218496,153223167,3267123.45,4734894.62,8861590,10,10,10,0,0,0,0,0,0,766975,1800191,2590719,875466.37,2000
1782775646,0,8863590,0,7730.19,2000.22,1349631,2076671,3237887,9527295,23265279,218496,153223167,3266578.68,4734504.00,8863590,10,10,10,0,0,0,0,0,0,757247,1645567,2832383,852829.95,2000
1782775647,0,8865590,0,7725.20,2001.32,1348607,2076671,3237887,9527295,23248895,218496,153223167,3266030.80,4734116.57,8865590,10,10,10,0,0,0,0,0,0,757247,1487871,3637247,837942.27,2000
1782775648,0,8867590,0,7720.22,1999.32,1348607,2076671,3237887,9527295,23248895,218496,153223167,3265485.72,4733727.78,8867590,10,10,10,0,0,0,0,0,0,719871,1810431,3190783,849241.41,2000
1782775649,0,8869590,0,7715.24,2000.20,1348607,2075647,3237887,9527295,23248895,218496,153223167,3264985.64,4733370.52,8869590,10,10,10,0,0,0,0,0,0,747519,2340863,5791743,1047734.59,2000
1782775650,0,8871590,0,7710.27,2000.10,1347583,2075647,3237887,9519103,23248895,218496,153223167,3264470.76,4732970.83,8871590,10,10,10,0,0,0,0,0,0,823295,2498559,3702783,981073.60,2000
1782775651,0,8873590,0,7705.32,2000.22,1347583,2074623,3237887,9519103,23248895,218496,153223167,3263924.01,4732581.18,8873590,10,10,10,0,0,0,0,0,0,764415,1542143,2457599,838681.28,2000
1782775652,0,8875590,0,7700.37,2000.00,1347583,2074623,3235839,9519103,23248895,218496,153223167,3263442.01,4732228.44,8875590,10,10,10,0,0,0,0,0,0,770559,2156543,7249919,1124907.58,2000
1782775653,0,8877590,0,7695.42,1999.97,1346559,2074623,3235839,9519103,23248895,218496,153223167,3262893.25,4731839.67,8877590,10,10,10,0,0,0,0,0,0,755711,1558527,1976319,827623.74,2000
1782775654,0,8879590,0,7690.49,1998.72,1346559,2073599,3235839,9519103,23232511,218496,153223167,3262379.92,4731491.25,8879590,10,10,10,0,0,0,0,0,0,707071,1756159,5697535,983796.58,2000
1782775655,0,8881590,0,7685.57,2001.32,1346559,2073599,3235839,9519103,23232511,218496,153223167,3261827.06,4731105.77,8881590,10,10,10,0,0,0,0,0,0,733183,1473535,2531327,807215.42,2000
1782775656,0,8883590,0,7680.65,1999.98,1345535,2072575,3235839,9510911,23232511,218496,153223167,3261282.87,4730720.75,8883590,10,10,10,0,0,0,0,0,0,735231,1593343,3880959,844680.26,2000
1782775657,0,8885590,0,7675.74,1999.92,1345535,2072575,3235839,9510911,23232511,218496,153223167,3260758.56,4730357.84,8885590,10,10,10,0,0,0,0,0,0,732671,1533951,4239359,931885.02,2000
1782775658,0,8887590,0,7670.84,1998.56,1345535,2071551,3235839,9510911,23232511,218496,153223167,3260212.24,4729968.57,8887590,10,10,10,0,0,0,0,0,0,770047,1515519,1951743,833018.75,2000
1782775659,0,8889590,0,7665.95,2000.14,1344511,2071551,3233791,9510911,23232511,218496,153223167,3259669.69,4729580.36,8889590,10,10,10,0,0,0,0,0,0,754687,1635327,3071999,848662.78,2000
1782775660,0,8891590,0,7661.07,2000.29,1344511,2071551,3233791,9510911,23216127,218496,153223167,3259149.79,4729188.38,8891590,10,10,10,0,0,0,0,0,0,792575,1918975,4763647,948321.79,2000
1782775661,0,8893590,0,7656.20,1999.85,1344511,2070527,3233791,9510911,23216127,218496,153223167,3258597.13,4728802.63,8893590,10,10,10,0,0,0,0,0,0,758783,1328127,2033663,801586.37,2000
1782775662,0,8895590,0,7651.33,2000.52,1343487,2070527,3233791,9502719,23216127,218496,153223167,3258069.68,4728423.71,8895590,10,10,10,0,0,0,0,0,0,762367,1411071,5693439,912611.84,2000
1782775663,0,8897590,0,7646.48,2000.66,1343487,2069503,3233791,9502719,23216127,218496,153223167,3257517.37,4728039.14,8897590,10,10,10,0,0,0,0,0,0,747519,1409023,2314239,800943.58,2000
1782775664,0,8899590,0,7641.63,2000.24,1343487,2069503,3233791,9502719,23216127,218496,153223167,3256976.75,4727649.27,8899590,10,10,10,0,0,0,0,0,0,778239,1498111,2719743,851873.41,2000
1782775665,0,8901590,0,7636.79,1999.99,1342463,2069503,3231743,9502719,23216127,218496,153223167,3256478.42,4727274.88,8901590,10,10,10,0,0,0,0,0,0,780287,2033663,8032255,1038987.78,2000
1782775666,0,8903590,0,7631.96,1998.86,1342463,2068479,3231743,9502719,23216127,218496,153223167,3255929.62,4726888.38,8903590,10,10,10,0,0,0,0,0,0,753663,1455103,2036735,813344.19,2000
1782775667,0,8905590,0,7627.13,2000.97,1342463,2068479,3231743,9502719,23199743,218496,153223167,3255392.31,4726498.15,8905590,10,10,10,0,0,0,0,0,0,789503,1568767,3317759,863410.50,2000
1782775668,0,8907590,0,7622.32,2000.26,1341439,2067455,3231743,9494527,23199743,218496,153223167,3254871.99,4726106.38,8907590,10,10,10,0,0,0,0,0,0,793599,1837055,4726783,937990.85,2000
1782775669,0,8909590,0,7617.51,1998.26,1341439,2067455,3231743,9494527,23199743,218496,153223167,3254339.89,4725719.90,8909590,10,10,10,0,0,0,0,0,0,755199,1585151,3403775,884489.76,2000
1782775670,0,8911590,0,7612.71,2001.34,1340415,2067455,3231743,9494527,23199743,218496,153223167,3253806.81,4725334.92,8911590,10,10,10,0,0,0,0,0,0,744447,1471487,4685823,879038.24,2000
1782775671,0,8913590,0,7607.92,2000.03,1340415,2066431,3229695,9494527,23199743,218496,153223167,3253262.54,4724946.54,8913590,10,10,10,0,0,0,0,0,0,780799,1393663,1731583,828118.78,2000
1782775672,0,8915590,0,7603.14,2000.16,1340415,2066431,3229695,9494527,23199743,218496,153223167,3252719.07,4724558.51,8915590,10,10,10,0,0,0,0,0,0,780287,1462271,2070527,830566.27,2000
1782775673,0,8917590,0,7598.37,2000.16,1339391,2065407,3229695,9494527,23199743,218496,153223167,3252182.85,4724170.61,8917590,10,10,10,0,0,0,0,0,0,764927,1549311,2658303,861803.71,2000
1782775674,0,8919590,0,7593.60,1999.38,1339391,2065407,3229695,9494527,23183359,218496,153223167,3251642.45,4723783.17,8919590,10,10,10,0,0,0,0,0,0,751615,1620991,2971647,842116.83,2000
1782775675,0,8921590,0,7588.84,2000.42,1339391,2064383,3229695,9486335,23183359,218496,153223167,3251092.13,4723399.95,8921590,10,10,10,0,0,0,0,0,0,712703,1491967,2363391,796777.57,2000
1782775676,0,8923590,0,7584.09,1998.54,1338367,2064383,3229695,9486335,23183359,218496,153223167,3250558.00,4723011.36,8923590,10,10,10,0,0,0,0,0,0,763391,1682431,3284991,867917.06,2000
1782775677,0,8925590,0,7579.35,2000.24,1338367,2064383,3227647,9486335,23183359,218496,153223167,3250007.32,4722628.20,8925590,10,10,10,0,0,0,0,0,0,733695,1492991,2077695,793007.55,2000
1782775678,0,8927590,0,7574.62,2000.90,1338367,2063359,3227647,9486335,23183359,218496,153223167,3249475.99,4722254.25,8927590,10,10,10,0,0,0,0,0,0,716287,1539071,3063807,878247.23,2000
1782775679,0,8929590,0,7569.89,2000.61,1337343,2063359,3227647,9486335,23183359,218496,153223167,3248931.09,4721871.11,8929590,10,10,10,0,0,0,0,0,0,716799,1585151,3131391,816608.58,2000
1782775680,0,8931590,0,7565.17,1998.60,1337343,2062335,3227647,9486335,23166975,218496,153223167,3248386.18,4721486.40,8931590,10,10,10,0,0,0,0,0,0,732159,1615871,2287615,815466.43,2000
1782775681,0,8933590,0,7560.46,2000.52,1337343,2062335,3227647,9478143,23166975,218496,153223167,3247852.26,4721105.83,8933590,10,10,10,0,0,0,0,0,0,729599,1421311,5279743,863485.25,2000
1782775682,0,8935590,0,7555.76,1999.96,1336319,2062335,3227647,9478143,23166975,218496,153223167,3247301.90,4720722.66,8935590,10,10,10,0,0,0,0,0,0,741375,1277951,1770495,788947.33,2000
1782775683,0,8937590,0,7551.07,2000.30,1336319,2061311,3225599,9478143,23166975,218496,153223167,3246755.75,4720338.00,8937590,10,10,10,0,0,0,0,0,0,761343,1298431,1986559,806688.35,2000
1782775684,0,8939590,0,7546.38,1999.23,1335295,2061311,3225599,9478143,23166975,218496,153223167,3246243.43,4719966.14,8939590,10,10,10,0,0,0,0,0,0,749055,1830911,5672959,956766.88,2000
1782775685,0,8941590,0,7541.70,2000.52,1335295,2060287,3225599,9478143,23166975,218496,153223167,3245691.48,4719585.10,8941590,10,10,10,0,0,0,0,0,0,725503,1272831,2222079,778599.33,2000
1782775686,0,8943590,0,7537.03,2000.15,1335295,2060287,3225599,9478143,23166975,218496,153223167,3245174.97,4719216.85,8943590,10,10,10,0,0,0,0,0,0,744447,1678335,3010559,935956.22,2000
1782775687,0,8945590,0,7532.37,2000.46,1334271,2059263,3225599,9478143,23150591,218496,153223167,3244615.03,4718840.02,8945590,10,10,10,0,0,0,0,0,0,689663,1323007,1893375,740707.78,2000
1782775688,0,8947590,0,7527.71,1998.63,1334271,2059263,3225599,9469951,23150591,218496,153223167,3244074.49,4718455.09,8947590,10,10,10,0,0,0,0,0,0,738815,1576959,2570239,826348.13,2000
1782775689,0,8949590,0,7523.07,2001.23,1334271,2059263,3225599,9469951,23150591,218496,153223167,3243540.50,4718077.11,8949590,10,10,10,0,0,0,0,0,0,717311,1488895,4911103,854557.18,2000
1782775690,0,8951590,0,7518.43,1999.38,1333247,2058239,3223551,9469951,23150591,218496,153223167,3243002.27,4717694.41,8951590,10,10,10,0,0,0,0,0,0,721407,1579007,3975167,834525.31,2000
1782775691,0,8953590,0,7513.80,2000.53,1333247,2058239,3223551,9469951,23150591,218496,153223167,3242464.22,4717307.19,8953590,10,10,10,0,0,0,0,0,0,777727,1496063,1929215,834271.01,2000
1782775692,0,8955590,0,7509.17,1998.64,1333247,2057215,3223551,9469951,23150591,218496,153223167,3241945.94,4716921.40,8955590,10,10,10,0,0,0,0,0,0,770559,1678335,5844991,921692.93,2000
1782775693,0,8957590,0,7504.56,2000.70,1332223,2057215,3223551,9469951,23150591,218496,153223167,3241394.91,4716540.51,8957590,10,10,10,0,0,0,0,0,0,735231,1243135,1647615,774001.06,2000
1782775694,0,8959590,0,7499.95,2000.09,1332223,2056191,3223551,9461759,23150591,218496,153223167,3240877.65,4716161.86,8959590,10,10,10,0,0,0,0,0,0,756223,1629183,5062655,924202.37,2000
1782775695,0,8961590,0,7495.35,2000.66,1332223,2056191,3223551,9461759,23134207,218496,153223167,3240330.17,4715780.88,8961590,10,10,10,0,0,0,0,0,0,720895,1331199,2428927,787738.66,2000
1782775696,0,8963590,0,7490.76,2000.26,1331199,2056191,3221503,9461759,23134207,218496,153223167,3239783.60,4715399.45,8963590,10,10,10,0,0,0,0,0,0,730111,1451007,2164735,790709.28,2000
1782775697,0,8965590,0,7486.17,1998.68,1331199,2055167,3221503,9461759,23134207,218496,153223167,3239257.53,4715022.37,8965590,10,10,10,0,0,0,0,0,0,724991,1565695,6074367,881490.43,2000
1782775698,0,8967590,0,7481.60,2000.42,1331199,2055167,3221503,9461759,23134207,218496,153223167,3238714.30,4714640.07,8967590,10,10,10,0,0,0,0,0,0,731647,1404927,2582527,803551.20,2000
1782775699,0,8969590,0,7477.03,2000.82,1330175,2054143,3221503,9461759,23134207,218496,153223167,3238161.33,4714261.71,8969590,10,10,10,0,0,0,0,0,0,718847,1298431,1735679,758749.86,2000
1782775700,0,9019970,0,7512.76,50379.22,1333247,2065407,3241983,9674751,23855103,218496,153223167,3280961.38,4784195.50,9019970,10,10,10,0,0,0,0,0,0,7602175,30457855,38567935,10901026.82,50380
1782775701,0,9099970,0,7573.08,79931.56,1338367,2081791,3270655,9945087,24494079,218496,153223167,3343896.32,4982804.97,9099970,10,10,10,0,0,0,0,0,0,5222399,35520511,73662463,10439787.62,80000
1782775702,0,9174450,0,7627.74,64559.91,1343487,2099199,3295231,10141695,24952831,218496,153223167,3387399.79,5058626.44,9174450,10,10,10,0,0,0,0,0,0,4943871,32063487,53739519,8702655.03,74480
1782775703,0,9259970,0,7693.44,101140.30,1349631,2117631,3334143,10903551,30195711,218496,522452991,4380416.02,17998622.17,9259970,10,10,10,0,0,0,0,0,0,19922943,414187519,483393535,110909623.27,85520
1782775704,0,9339810,0,7753.33,79859.29,1354751,2136063,3364863,11091967,30195711,218496,522452991,4402198.67,17931429.35,9339810,10,10,10,0,0,0,0,0,0,4530175,19595263,32194559,6928584.41,79840
1782775705,0,9418458,0,7812.13,78572.26,1359871,2152447,3389439,11198463,30523391,218496,522452991,4424625.17,17873576.75,9418458,10,10,10,0,0,0,0,0,0,4130815,22790143,48168959,7087875.16,78648
1782775706,0,9499170,0,7872.55,80758.85,1364991,2168831,3418111,11509759,31457279,218496,522452991,4471527.30,17834044.72,9499170,10,10,10,0,0,0,0,0,0,4947967,37453823,53510143,9944638.33,80712
1782775707,0,9579450,0,7932.51,80257.43,1371135,2185215,3444735,11673599,31588351,218496,522452991,4493444.02,17771599.67,9579450,10,10,10,0,0,0,0,0,0,4030463,21430271,33783807,7086750.45,80280
1782775708,0,9659970,0,7992.57,80554.12,1376255,2203647,3475455,11845631,31948799,218496,522452991,4522077.33,17718244.53,9659970,10,10,10,0,0,0,0,0,0,4874239,25444351,50888703,7928576.78,80520
1782775709,0,9739170,0,8051.43,79179.93,1381375,2220031,3506175,12009471,32112639,218496,522452991,4544670.00,17659094.03,9739170,10,10,10,0,0,0,0,0,0,4923391,20119551,38731775,7300283.50,79200
1782775710,0,9819970,0,8111.52,80782.79,1386495,2238463,3534847,12091391,32194559,218496,522452991,4563614.06,17596258.25,9819970,10,10,10,0,0,0,0,0,0,4612095,19398655,35061759,6847021.79,80800
1782775711,0,9899970,0,8170.85,79995.35,1392639,2256895,3561471,12263423,32522239,218496,522452991,4593926.04,17544860.98,9899970,10,10,10,0,0,0,0,0,0,4665343,28655615,38633471,8314710.14,80000
1782775712,0,9979970,0,8230.09,80042.15,1397759,2273279,3588095,12492799,32751615,218496,522452991,4617416.85,17490280.97,9979970,10,10,10,0,0,0,0,0,0,3987455,25411583,36438015,7524396.77,80000
1782775713,0,10057214,0,8286.96,77227.87,1402879,2291711,3610623,12574719,32636927,218496,522452991,4626529.54,17428053.38,10057214,10,10,10,0,0,0,0,0,0,3848191,16736255,21610495,5803893.42,77244
1782775714,0,10139810,0,8348.13,82564.98,1407999,2310143,3643391,12853247,33751039,218496,522452991,4669485.88,17393216.32,10139810,10,10,10,0,0,0,0,0,0,5029887,38436863,51675135,9900019.35,82596
1782775715,0,10219810,0,8407.08,80067.69,1413119,2326527,3676159,13041663,34340863,218496,522452991,4699707.75,17349022.22,10219810,10,10,10,0,0,0,0,0,0,4583423,33406975,45318143,8530258.47,80000
1782775716,0,10299970,0,8466.05,80079.14,1419263,2344959,3700735,13090815,34275327,218496,522452991,4708472.95,17286157.68,10299970,10,10,10,0,0,0,0,0,0,4052991,14909439,22839295,5825970.83,80160
1782775717,0,10379970,0,8524.80,79998.64,1424383,2363391,3731455,13164543,34209791,218496,522452991,4723133.64,17227123.85,10379970,10,10,10,0,0,0,0,0,0,4804607,15761407,25182207,6610692.72,80000
1782775718,0,10458002,0,8581.84,78034.23,1429503,2379775,3753983,13271039,34308095,218496,522452991,4740939.69,17174588.05,10458002,10,10,10,0,0,0,0,0,0,4235263,20889599,43253759,7109534.48,78032
1782775719,0,10538370,0,8640.70,80383.64,1435647,2396159,3780607,13352959,34242559,218496,522452991,4753942.53,17115853.33,10538370,10,10,10,0,0,0,0,0,0,4157439,17924095,28327935,6445956.56,80368
1782775720,0,10619970,0,8700.48,81643.02,1440767,2412543,3801087,13451263,34373631,218496,522452991,4773035.16,17065935.01,10619970,10,10,10,0,0,0,0,0,0,3764223,26214399,43253759,7238785.09,81600
1782775721,0,10699970,0,8758.84,79975.62,1445887,2430975,3831807,13541375,34406399,218496,522452991,4790884.93,17012499.41,10699970,10,10,10,0,0,0,0,0,0,4702207,20234239,39780351,7160434.55,80000
1782775722,0,10779970,0,8817.11,79974.28,1452031,2445311,3854335,13705215,34766847,218496,522452991,4815803.39,16972923.49,10779970,10,10,10,0,0,0,0,0,0,4300799,29638655,50790399,8148638.97,80000
1782775723,0,10859170,0,8874.63,79261.60,1457151,2461695,3878911,13975551,35356671,218496,522452991,4855535.69,16961573.16,10859170,10,10,10,0,0,0,0,0,0,4681727,42926079,79036415,10263527.26,79200
1782775724,0,10939170,0,8932.71,79971.68,1463295,2478079,3903487,14016511,35225599,218496,522452991,4864988.50,16905376.84,10939170,10,10,10,0,0,0,0,0,0,4214783,17252351,27262975,6148109.70,80000
1782775725,0,11018370,0,8990.04,79205.37,1468415,2492415,3923967,14073855,35127295,218496,522452991,4872358.84,16849095.45,11018370,10,10,10,0,0,0,0,0,0,3827711,17383423,20168703,5890356.69,79200
1782775726,0,11099170,0,9048.59,80812.55,1474559,2510847,3956735,14237695,35225599,218496,522452991,4897716.89,16803439.16,11099170,10,10,10,0,0,0,0,0,0,5320703,27607039,38567935,8355692.10,80800
1782775727,0,11179970,0,9107.03,80813.77,1480703,2525183,3977215,14368767,35225599,218496,522452991,4911596.26,16752484.48,11179970,10,10,10,0,0,0,0,0,0,3856383,20070399,33030143,6818148.73,80800
1782775728,0,11259970,0,9164.73,79984.17,1485823,2539519,4001791,14516223,35356671,218496,522452991,4931090.73,16707786.28,11259970,10,10,10,0,0,0,0,0,0,4431871,23805951,41451519,7655435.85,80000
1782775729,0,11339970,0,9222.34,79989.68,1491967,2553855,4024319,14598143,35487743,218496,522452991,4945326.14,16659772.79,11339970,10,10,10,0,0,0,0,0,0,4007935,20758527,37552127,6948954.31,80000
1782775730,0,11417686,0,9278.00,77688.45,1497087,2570239,4050943,14671871,35356671,218496,522452991,4957203.63,16610765.84,11417686,10,10,10,0,0,0,0,0,0,4382719,20905983,30687231,6690314.50,77716
1782775731,0,11499170,0,9336.62,81495.51,1503231,2584575,4081663,14802943,35487743,218496,522452991,4977004.41,16567318.89,11499170,10,10,10,0,0,0,0,0,0,4481023,30031871,39419903,7751524.93,81484
1782775732,0,11579970,0,9394.60,80795.08,1509375,2596863,4118527,14811135,35389439,218496,522452991,4987787.97,16513921.87,11579970,10,10,10,0,0,0,0,0,0,5083135,15032319,22151167,6522466.88,80800
1782775733,0,11659970,0,9451.83,79991.31,1514495,2613247,4159487,14958591,35520511,218496,522452991,5018313.42,16479220.04,11659970,10,10,10,0,0,0,0,0,0,5976063,29786111,43089919,9436860.06,80000
1782775734,0,11739970,0,9508.98,79997.54,1520639,2627583,4186111,14983167,35422207,218496,522452991,5028615.46,16429486.05,11739970,10,10,10,0,0,0,0,0,0,4321279,19972095,28786687,6530134.75,80000
1782775735,0,11819970,0,9566.03,80009.13,1526783,2639871,4210687,15130623,35618815,218496,522452991,5054221.35,16401105.19,11819970,10,10,10,0,0,0,0,0,0,4075519,31965183,61669375,8811874.81,80000
1782775736,0,11899330,0,9622.47,79402.90,1531903,2654207,4239359,15220735,35946495,218496,522452991,5074201.84,16366572.35,11899330,10,10,10,0,0,0,0,0,0,4538367,31080447,51609599,8050119.56,79360
1782775737,0,11978674,0,9678.79,79215.58,1538047,2666495,4263935,15269887,35979263,218496,522452991,5084862.49,16322294.35,11978674,10,10,10,0,0,0,0,0,0,4093951,16719871,44924927,6683654.94,79344
1782775738,0,12059170,0,9735.97,80561.28,1544191,2678783,4296703,15425535,36208639,218496,522452991,5112079.32,16297939.45,12059170,10,10,10,0,0,0,0,0,0,4902911,28917759,65634303,9162238.21,80496
1782775739,0,12139970,0,9793.30,80807.15,1549311,2691071,4317183,15523839,36569087,218496,522452991,5133629.31,16272314.28,12139970,10,10,10,0,0,0,0,0,0,3680255,35848191,56066047,8349903.74,80800
1782775740,0,12219970,0,9849.89,80000.60,1555455,2701311,4349951,15638527,36765695,218496,522452991,5154787.20,16236137.28,12219970,10,10,10,0,0,0,0,0,0,5382143,30146559,42205183,8365488.50,80000
1782775741,0,12298210,0,9904.97,78266.90,1560575,2713599,4370431,15654911,36798463,218496,522452991,5163130.71,16192846.70,12298210,10,10,10,0,0,0,0,0,0,3985407,16662527,40271871,6466267.69,78240
1782775742,0,12379170,0,9962.16,80961.75,1566719,2725887,4411391,15826943,36896767,218496,522452991,5190742.71,16162173.97,12379170,10,10,10,0,0,0,0,0,0,6078463,28688383,45481983,9385138.13,80960
1782775743,0,12459970,0,10019.12,80812.98,1572863,2738175,4448255,15958015,36896767,218496,522452991,5209733.98,16122152.97,12459970,10,10,10,0,0,0,0,0,0,5107711,23576575,35848191,8119339.21,80800
1782775744,0,12539970,0,10075.34,79984.65,1579007,2748415,4476927,15982591,37191679,218496,522452991,5222537.07,16087456.20,12539970,10,10,10,0,0,0,0,0,0,4534271,19202047,57540607,7216612.82,80000
1782775745,0,12619970,0,10131.48,79960.98,1585151,2760703,4509695,16146431,37781503,218496,522452991,5255987.90,16070846.15,12619970,10,10,10,0,0,0,0,0,0,5353471,38666239,54689791,10499393.80,80000
1782775746,0,12699970,0,10187.53,80044.41,1590271,2770943,4530175,16162815,37912575,218496,522452991,5262482.80,16030553.35,12699970,10,10,10,0,0,0,0,0,0,3844095,18857983,45285375,6287050.69,80000
1782775747,0,12779970,0,10243.48,79964.79,1596415,2779135,4546559,16220159,37847039,218496,522452991,5270342.45,15988749.72,12779970,10,10,10,0,0,0,0,0,0,3661823,21544959,29032447,6518059.46,80000
1782775748,0,12858283,0,10298.00,78342.02,1602559,2789375,4567039,16228351,37748735,218496,522452991,5274108.19,15944341.86,12858283,10,10,10,0,0,0,0,0,0,4007935,16277503,25673727,5888641.93,78313
1782775749,0,12939970,0,10355.13,81703.98,1608703,2799615,4595711,16318463,37748735,218496,522452991,5287234.76,15904190.29,12939970,10,10,10,0,0,0,0,0,0,4526079,21168127,34930687,7353477.06,81687
1782775750,0,13019970,0,10410.81,79957.75,1613823,2809855,4624383,16367615,37715967,218496,522452991,5299184.64,15864650.41,13019970,10,10,10,0,0,0,0,0,0,4517887,22151167,33882111,7232073.86,80000
1782775751,0,13099170,0,10465.78,79234.02,1619967,2818047,4648959,16383999,37650431,218496,522452991,5308114.64,15823517.37,13099170,10,10,10,0,0,0,0,0,0,4325375,18022399,29900799,6776148.62,79200
1782775752,0,13179170,0,10521.28,79958.73,1626111,2828287,4677631,16441343,37715967,218496,522452991,5320828.14,15787020.63,13179170,10,10,10,0,0,0,0,0,0,4644863,26361855,39157759,7402532.68,80000
1782775753,0,13259170,0,10576.71,80003.65,1631231,2838527,4698111,16416767,37617663,218496,522452991,5324433.73,15743140.63,13259170,10,10,10,0,0,0,0,0,0,4079615,14319615,24805375,5918417.68,80000
1782775754,0,13339970,0,10632.68,80808.52,1638399,2848767,4726783,16572415,38010879,218496,522452991,5352522.87,15723474.49,13339970,10,10,10,0,0,0,0,0,0,4800511,37584895,50462719,9961911.28,80800
1782775755,0,13419170,0,10687.29,79206.48,1643519,2856959,4739071,16539647,37912575,218496,522452991,5353955.57,15679920.56,13419170,10,10,10,0,0,0,0,0,0,3788799,15015935,17596415,5595271.30,79200
1782775756,0,13499170,0,10742.45,79997.54,1649663,2865151,4763647,16564223,37814271,218496,522452991,5360960.10,15639840.87,13499170,10,10,10,0,0,0,0,0,0,4085759,18890751,29163519,6535897.40,80000
1782775757,0,13579970,0,10798.15,80826.62,1655807,2875391,4788223,16637951,37814271,218496,522452991,5375324.76,15606121.13,13579970,10,10,10,0,0,0,0,0,0,4329471,25182207,37715967,7775213.02,80800
1782775758,0,13659970,0,10853.13,79961.54,1661951,2881535,4812799,16711679,37715967,218496,522452991,5388919.13,15571169.61,13659970,10,10,10,0,0,0,0,0,0,4431871,25116671,32833535,7696559.10,80000
1782775759,0,13739970,0,10908.03,80048.46,1668095,2891775,4841471,16711679,37650431,218496,522452991,5395287.36,15530412.87,13739970,10,10,10,0,0,0,0,0,0,4526079,16302079,27115519,6482658.99,80000
1782775760,0,13773490,0,10925.97,33525.98,1670143,2893823,4841471,16687103,37617663,218496,522452991,5392329.07,15512048.71,13773490,10,10,10,0,0,0,0,0,0,3694591,9256959,12009471,4179716.70,33520
1782775761,0,13778490,0,10921.27,4996.03,1669119,2893823,4841471,16678911,37584895,218496,522452991,5390870.02,15509469.83,13778490,10,10,10,0,0,0,0,0,0,903679,3078143,10125311,1371618.15,5000
1782775762,0,13783490,0,10916.58,4999.59,1668095,2891775,4837375,16678911,37584895,218496,522452991,5389276.41,15506885.37,13783490,10,10,10,0,0,0,0,0,0,877055,1939455,2957311,997767.37,5000
1782775763,0,13788490,0,10911.90,5004.55,1667071,2891775,4837375,16670719,37584895,218496,522452991,5387675.61,15504303.41,13788490,10,10,10,0,0,0,0,0,0,892927,1870847,2347007,974779.19,5000
1782775764,0,13793440,0,10907.19,4947.95,1666047,2891775,4833279,16670719,37584895,218496,522452991,5386112.27,15501745.35,13793440,10,10,10,0,0,0,0,0,0,858623,2273279,3575807,1031323.98,4950
1782775765,0,13798490,0,10902.55,5048.63,1665023,2889727,4833279,16662527,37584895,218496,522452991,5384533.70,15499139.42,13798490,10,10,10,0,0,0,0,0,0,822783,2209791,7233535,1072883.94,5050
1782775766,0,13803490,0,10897.90,5002.92,1663999,2889727,4829183,16662527,37552127,218496,522452991,5382935.23,15496561.59,13803490,10,10,10,0,0,0,0,0,0,899071,1824767,2492415,971628.88,5000
1782775767,0,13808490,0,10893.24,4995.81,1662975,2889727,4829183,16654335,37552127,218496,522452991,5381376.94,15493978.47,13808490,10,10,10,0,0,0,0,0,0,901119,2197503,3457023,1079419.89,5000
1782775768,0,13813490,0,10888.60,5000.87,1661951,2887679,4825087,16654335,37552127,218496,522452991,5379836.99,15491402.11,13813490,10,10,10,0,0,0,0,0,0,873471,2060287,5353471,1126964.06,5000
1782775769,0,13818490,0,10883.96,4999.63,1660927,2887679,4825087,16646143,37552127,218496,522452991,5378228.51,15488833.51,13818490,10,10,10,0,0,0,0,0,0,811007,1786879,3139583,934458.80,5000
1782775770,0,13823490,0,10879.33,5002.17,1659903,2887679,4825087,16646143,37552127,218496,522452991,5376616.40,15486266.49,13823490,10,10,10,0,0,0,0,0,0,819199,1687551,3063807,921254.35,5000
1782775771,0,13828490,0,10874.71,4999.44,1658879,2885631,4820991,16646143,37552127,218496,522452991,5375013.11,15483700.24,13828490,10,10,10,0,0,0,0,0,0,794623,1759231,3956735,942395.83,5000
1782775772,0,13833490,0,10870.09,5000.01,1657855,2885631,4820991,16637951,37519359,218496,522452991,5373387.16,15481139.68,13833490,10,10,10,0,0,0,0,0,0,781823,1667071,2265087,876504.35,5000
1782775773,0,13838490,0,10865.48,4999.51,1656831,2883583,4816895,16637951,37519359,218496,522452991,5371800.60,15478572.37,13838490,10,10,10,0,0,0,0,0,0,842239,1956863,3291135,982248.01,5000
1782775774,0,13843490,0,10860.88,4999.11,1655807,2883583,4816895,16629759,37519359,218496,522452991,5370208.39,15476005.32,13843490,10,10,10,0,0,0,0,0,0,900607,1653759,2269183,963459.64,5000
1782775775,0,13848490,0,10856.28,4999.36,1654783,2883583,4812799,16629759,37519359,218496,522452991,5368629.38,15473436.32,13848490,10,10,10,0,0,0,0,0,0,916479,1816575,2232319,996821.48,5000
1782775776,0,13853490,0,10851.70,5003.97,1653759,2881535,4812799,16621567,37519359,218496,522452991,5367071.34,15470866.19,13853490,10,10,10,0,0,0,0,0,0,894463,2144255,3770367,1051769.16,5000
1782775777,0,13858490,0,10847.12,4999.92,1652735,2881535,4808703,16621567,37486591,218496,522452991,5365516.41,15468295.27,13858490,10,10,10,0,0,0,0,0,0,941567,1948671,3883007,1057283.79,5000
1782775778,0,13863490,0,10842.55,5000.84,1651711,2881535,4808703,16613375,37486591,218496,522452991,5363955.76,15465726.41,13863490,10,10,10,0,0,0,0,0,0,927743,1857535,2385919,1038303.13,5000
1782775779,0,13868490,0,10837.98,4998.75,1650687,2879487,4804607,16613375,37486591,218496,522452991,5362416.87,15463156.89,13868490,10,10,10,0,0,0,0,0,0,903167,2250751,5095423,1095534.66,5000
1782775780,0,13873490,0,10833.42,4998.95,1649663,2879487,4804607,16613375,37486591,218496,522452991,5360785.85,15460610.04,13873490,10,10,10,0,0,0,0,0,0,767487,1492991,2070527,836843.98,5000
1782775781,0,13878490,0,10828.86,4997.85,1648639,2879487,4804607,16605183,37486591,218496,522452991,5359196.58,15458054.71,13878490,10,10,10,0,0,0,0,0,0,814079,1757183,3401727,949446.60,5000
1782775782,0,13883490,0,10824.32,5002.80,1647615,2877439,4800511,16605183,37486591,218496,522452991,5357743.61,15455502.43,13883490,10,10,10,0,0,0,0,0,0,966655,2295807,10280959,1324732.67,5000
1782775783,0,13888490,0,10819.79,5000.17,1646591,2877439,4800511,16596991,37453823,218496,522452991,5356151.05,15452949.72,13888490,10,10,10,0,0,0,0,0,0,864255,1732607,2250751,934112.23,5000
1782775784,0,13893490,0,10815.25,4997.19,1645567,2877439,4796415,16596991,37453823,218496,522452991,5354545.33,15450402.89,13893490,10,10,10,0,0,0,0,0,0,788991,1658879,2852863,894330.42,5000
1782775785,0,13898490,0,10810.74,5003.59,1644543,2875391,4796415,16588799,37453823,218496,522452991,5352966.99,15447852.49,13898490,10,10,10,0,0,0,0,0,0,812031,2023423,3989503,967227.44,5000
1782775786,0,13903490,0,10806.21,4997.51,1643519,2875391,4792319,16588799,37453823,218496,522452991,5351361.18,15445308.50,13903490,10,10,10,0,0,0,0,0,0,777727,1728511,2412543,887712.78,5000
1782775787,0,13908490,0,10801.71,5001.52,1642495,2873343,4792319,16580607,37421055,218496,522452991,5349798.05,15442754.67,13908490,10,10,10,0,0,0,0,0,0,900095,1780735,3387391,1003191.17,5000
1782775788,0,13913490,0,10797.20,4998.66,1641471,2873343,4792319,16580607,37421055,218496,522452991,5348294.35,15440199.97,13913490,10,10,10,0,0,0,0,0,0,889855,2510847,6086655,1165449.98,5000
1782775789,0,13918490,0,10792.71,5001.36,1640447,2873343,4788223,16580607,37421055,218496,522452991,5346689.98,15437659.71,13918490,10,10,10,0,0,0,0,0,0,805375,1534975,1932287,882213.02,5000
1782775790,0,13923490,0,10788.22,4997.57,1639423,2871295,4788223,16572415,37421055,218496,522452991,5345069.04,15435126.24,13923490,10,10,10,0,0,0,0,0,0,756223,1370111,2727935,832872.42,5000
1782775791,0,13928490,0,10783.74,5001.06,1638399,2871295,4784127,16572415,37421055,218496,522452991,5343498.89,15432584.58,13928490,10,10,10,0,0,0,0,0,0,784383,1823743,4444159,971097.32,5000
1782775792,0,13933490,0,10779.26,4998.53,1637375,2871295,4784127,16564223,37421055,218496,522452991,5341939.44,15430036.50,13933490,10,10,10,0,0,0,0,0,0,945663,1667071,2071551,997778.42,5000
1782775793,0,13938490,0,10774.80,5002.15,1636351,2869247,4780031,16564223,37388287,218496,522452991,5340367.56,15427495.63,13938490,10,10,10,0,0,0,0,0,0,834047,1672191,4374527,960017.87,5000
1782775794,0,13943490,0,10770.34,4999.94,1634303,2869247,4780031,16556031,37388287,218496,522452991,5338769.05,15424963.26,13943490,10,10,10,0,0,0,0,0,0,782847,1521663,3592191,882604.70,5000
1782775795,0,13948490,0,10765.89,5002.00,1633279,2869247,4775935,16556031,37388287,218496,522452991,5337176.73,15422429.47,13948490,10,10,10,0,0,0,0,0,0,794111,1663999,2484223,896681.16,5000
1782775796,0,13953490,0,10761.43,4995.97,1632255,2867199,4775935,16547839,37388287,218496,522452991,5335646.51,15419883.67,13953490,10,10,10,0,0,0,0,0,0,898047,2075647,4435967,1066803.25,5000
1782775797,0,13958490,0,10757.00,5004.45,1631231,2867199,4775935,16547839,37388287,218496,522452991,5334077.09,15417346.33,13958490,10,10,10,0,0,0,0,0,0,879615,1561599,2447359,954293.96,5000
1782775798,0,13963490,0,10752.56,4996.92,1631231,2867199,4771839,16547839,37388287,218496,522452991,5332530.53,15414804.97,13963490,10,10,10,0,0,0,0,0,0,907263,1871871,2889727,1015005.68,5000
1782775799,0,13968490,0,10748.14,5001.58,1630207,2865151,4771839,16539647,37355519,218496,522452991,5331061.29,15412261.33,13968490,10,10,10,0,0,0,0,0,0,906751,2668543,8372223,1227923.33,5000
1782775800,0,13973490,0,10743.72,4998.89,1629183,2865151,4767743,16539647,37355519,218496,522452991,5329503.12,15409726.29,13973490,10,10,10,0,0,0,0,0,0,886783,1851391,2971647,976433.05,5000
1782775801,0,13978490,0,10739.30,4998.01,1628159,2865151,4767743,16531455,37355519,218496,522452991,5327959.99,15407188.25,13978490,10,10,10,0,0,0,0,0,0,919039,1915903,2447359,1015369.74,5000
1782775802,0,13983490,0,10734.90,5004.70,1627135,2863103,4763647,16531455,37355519,218496,522452991,5326442.82,15404651.48,13983490,10,10,10,0,0,0,0,0,0,937983,1751039,2854911,1084901.52,5000
1782775803,0,13988490,0,10730.50,4997.46,1626111,2863103,4763647,16523263,37322751,218496,522452991,5324895.30,15402117.57,13988490,10,10,10,0,0,0,0,0,0,888319,1800191,2246655,996961.05,5000
1782775804,0,13993490,0,10726.10,4998.12,1625087,2863103,4763647,16523263,37322751,218496,522452991,5323347.80,15399586.11,13993490,10,10,10,0,0,0,0,0,0,880639,1873919,2729983,993912.29,5000
1782775805,0,13998490,0,10721.72,5000.23,1624063,2861055,4759551,16515071,37322751,218496,522452991,5321906.64,15397052.69,13998490,10,10,10,0,0,0,0,0,0,954879,2365439,8830975,1288532.92,5000
1782775806,0,14003490,0,10717.34,4999.80,1623039,2861055,4759551,16515071,37322751,218496,522452991,5320378.08,15394519.44,14003490,10,10,10,0,0,0,0,0,0,882175,2079743,2910207,1040873.32,5000
1782775807,0,14008490,0,10712.97,5003.71,1622015,2859007,4755455,16506879,37289983,218496,522452991,5318841.08,15391989.18,14008490,10,10,10,0,0,0,0,0,0,911871,1879039,2377727,1014161.92,5000
1782775808,0,14013490,0,10708.61,5000.47,1620991,2859007,4755455,16506879,37289983,218496,522452991,5317296.95,15389465.68,14013490,10,10,10,0,0,0,0,0,0,854015,1809407,2826239,991100.77,5000
1782775809,0,14018490,0,10704.25,4998.69,1619967,2859007,4751359,16506879,37289983,218496,522452991,5315734.76,15386945.84,14018490,10,10,10,0,0,0,0,0,0,808959,1759231,2897919,937393.89,5000
1782775810,0,14023490,0,10699.89,4999.41,1618943,2856959,4751359,16498687,37257215,218496,522452991,5314197.18,15384422.55,14023490,10,10,10,0,0,0,0,0,0,869887,1849343,4456447,1003281.00,5000
1782775811,0,14028490,0,10695.55,5002.18,1617919,2856959,4751359,16498687,37257215,218496,522452991,5312673.29,15381903.69,14028490,10,10,10,0,0,0,0,0,0,818687,1896447,4878335,1038632.93,5000
1782775812,0,14033490,0,10691.21,4996.57,1617919,2856959,4747263,16490495,37257215,218496,522452991,5311129.34,15379382.80,14033490,10,10,10,0,0,0,0,0,0,891903,1789951,2422783,979253.84,5000
1782775813,0,14038490,0,10686.87,4998.47,1616895,2854911,4747263,16490495,37257215,218496,522452991,5309604.84,15376859.15,14038490,10,10,10,0,0,0,0,0,0,895487,1955839,2992127,1030805.29,5000
1782775814,0,14043490,0,10682.55,5000.86,1615871,2854911,4743167,16482303,37224447,218496,522452991,5308088.69,15374337.96,14043490,10,10,10,0,0,0,0,0,0,854015,2079743,4497407,1051197.11,5000
1782775815,0,14048490,0,10678.23,5003.25,1614847,2854911,4743167,16482303,37224447,218496,522452991,5306532.18,15371825.14,14048490,10,10,10,0,0,0,0,0,0,838143,1671167,2668543,934774.87,5000
1782775816,0,14053490,0,10673.92,4999.57,1613823,2852863,4743167,16474111,37224447,218496,522452991,5305009.75,15369307.14,14053490,10,10,10,0,0,0,0,0,0,872959,2107391,3033087,1027420.72,5000
1782775817,0,14058490,0,10669.61,4996.63,1612799,2852863,4739071,16474111,37191679,218496,522452991,5303449.25,15366798.73,14058490,10,10,10,0,0,0,0,0,0,808959,1731583,2953215,917360.79,5000
1782775818,0,14063490,0,10665.31,5001.47,1611775,2852863,4739071,16465919,37191679,218496,522452991,5301884.37,15364292.71,14063490,10,10,10,0,0,0,0,0,0,798207,1614847,2586623,901933.41,5000
1782775819,0,14068490,0,10661.02,5000.42,1610751,2850815,4734975,16465919,37191679,218496,522452991,5300382.66,15361778.04,14068490,10,10,10,0,0,0,0,0,0,895999,2209791,4313087,1076507.16,5000
1782775820,0,14129359,0,10699.04,60889.69,1614847,2859007,4796415,17121279,41943039,218496,522452991,5640851.30,16801386.74,14129359,10,10,10,0,0,0,0,0,0,70516735,205914111,265551871,84332461.77,60869
1782775821,0,14230810,0,10767.71,101469.06,1622015,2875391,4898815,17661951,43057151,218496,522452991,5734559.58,16817493.02,14230810,10,10,10,0,0,0,0,0,0,14606335,44597247,57507839,18785569.62,101451
1782775822,0,14331410,0,10835.62,100534.65,1629183,2889727,4993023,17956863,43515903,218496,522452991,5798062.72,16805521.36,14331410,10,10,10,0,0,0,0,0,0,10788863,41385983,62291967,14781175.24,100600
1782775823,0,14431410,0,10902.99,100033.92,1636351,2904063,5083135,18284543,43909119,218496,522452991,5866105.33,16805569.97,14431410,10,10,10,0,0,0,0,0,0,10756095,43352063,70451199,15617570.67,100000
1782775824,0,14530410,0,10969.50,98988.99,1644543,2918399,5177343,18530303,43941887,218496,522452991,5919576.34,16777587.29,14530410,10,10,10,0,0,0,0,0,0,11018239,34701311,48398335,13714142.18,99000
1782775825,0,14629410,0,11035.91,99040.00,1651711,2932735,5271551,18759679,43843583,218496,522452991,5967607.52,16745523.08,14629410,10,10,10,0,0,0,0,0,0,10190847,31653887,40468479,13017230.95,99000
1782775826,0,14730422,0,11103.73,101009.94,1658879,2947071,5382143,19202047,44204031,218496,522452991,6045347.48,16740748.35,14730422,10,10,10,0,0,0,0,0,0,13811711,40239103,50593791,17304305.42,101012
1782775827,0,14827410,0,11168.42,96921.79,1666047,2959359,5484543,19595263,45187071,218496,522452991,6125203.32,16765732.98,14827410,10,10,10,0,0,0,0,0,0,12337151,58785791,78315519,18253613.20,96988
1782775828,0,14930410,0,11237.53,103014.99,1674239,2975743,5582847,19922943,45547519,218496,522452991,6191623.95,16755542.44,14930410,10,10,10,0,0,0,0,0,0,12222463,42336255,54919167,15753233.37,103000
1782775829,0,15030410,0,11304.29,99997.55,1681407,2990079,5689343,20267007,45678591,218496,522452991,6259826.06,16743728.57,15030410,10,10,10,0,0,0,0,0,0,13385727,39190527,48660479,16442681.73,100000
1782775830,0,15131410,0,11371.70,101048.60,1688575,3004415,5795839,20692991,46759935,218496,522452991,6345846.33,16772481.44,15131410,10,10,10,0,0,0,0,0,0,13451263,52363263,77398015,19147034.10,101000
1782775831,0,15230410,0,11437.50,98927.78,1696767,3016703,5902335,21102591,47710207,218496,522452991,6430769.31,16814828.44,15230410,10,10,10,0,0,0,0,0,0,12902399,59080703,97976319,19410610.82,99000
1782775832,0,15331410,0,11504.71,101028.89,1703935,3031039,6021119,21381119,48103423,218496,522452991,6490686.59,16800499.31,15331410,10,10,10,0,0,0,0,0,0,12894207,37191679,61374463,15525980.97,101000
1782775833,0,15431137,0,11570.87,99775.29,1712127,3047423,6135807,21610495,47939583,218496,522452991,6547462.39,16775561.55,15431137,10,10,10,0,0,0,0,0,0,12582911,31997951,39714815,15275821.87,99727
1782775834,0,15529410,0,11635.83,98220.43,1719295,3059711,6250495,21954559,48300031,218496,522452991,6622328.77,16780381.16,15529410,10,10,10,0,0,0,0,0,0,14843903,43614207,67371007,18378084.37,98273
1782775835,0,15630410,0,11702.74,101002.81,1727487,3076095,6361087,22380543,48824319,218496,522452991,6708516.78,16808255.42,15630410,10,10,10,0,0,0,0,0,0,14893055,49709055,84738047,19960487.22,101000
1782775836,0,15729910,0,11768.43,99499.10,1734655,3088383,6467583,22675455,48955391,218496,522452991,6772849.41,16798725.92,15729910,10,10,10,0,0,0,0,0,0,13910015,38207487,57475071,16878832.64,99500
1782775837,0,15830662,0,11834.95,100782.10,1742847,3102719,6578175,22986751,49151999,218496,522452991,6831119.73,16788313.94,15830662,10,10,10,0,0,0,0,0,0,12836863,40304639,66093055,15928575.36,100752
1782775838,0,15930410,0,11900.62,99719.60,1750015,3117055,6692863,23330815,50003967,218496,522452991,6918964.23,16841810.66,15930410,10,10,10,0,0,0,0,0,0,13434879,66584575,96403455,20860462.64,99748
1782775839,0,16030544,0,11966.49,100201.68,1758207,3133439,6795263,23691263,50692095,218496,522452991,6989407.20,16853747.61,16030544,10,10,10,0,0,0,0,0,0,12533759,51609599,64847871,18196243.76,100134
1782775840,0,16131410,0,12032.80,100828.28,1765375,3147775,6918143,24150015,50921471,218496,522452991,7075061.51,16868592.41,16131410,10,10,10,0,0,0,0,0,0,16277503,49643519,60686335,20688026.46,100866
1782775841,0,16231410,0,12098.37,99958.78,1773567,3162111,7036927,24592383,53018623,218496,522452991,7188040.13,16984586.14,16231410,10,10,10,0,0,0,0,0,0,15826943,83361791,102891519,25413083.31,100000
1782775842,0,16328410,0,12161.60,97013.55,1780735,3176447,7143423,25067519,53739519,218496,522452991,7273585.59,17015190.63,16328410,10,10,10,0,0,0,0,0,0,17154047,54362111,72155135,21588261.29,97000
1782775843,0,16431410,0,12229.21,102979.21,1788927,3192831,7266303,25329663,53575679,218496,522452991,7336232.42,16996051.07,16431410,10,10,10,0,0,0,0,0,0,15736831,35192831,43941887,17267523.77,103000
1782775844,0,16530014,0,12293.45,98616.72,1797119,3207167,7364607,25526271,53805055,218496,522452991,7388850.64,16990910.63,16530014,10,10,10,0,0,0,0,0,0,11968511,43450367,71368703,16157171.70,98604
1782775845,0,16630410,0,12358.92,100412.06,1805311,3221503,7462911,25755647,54067199,218496,522452991,7446506.72,16991033.76,16630410,10,10,10,0,0,0,0,0,0,11845631,46727167,71892991,16939474.18,100396
1782775846,0,16731010,0,12424.45,100618.55,1813503,3237887,7598079,26132479,54362111,218496,522452991,7518601.41,16994900.88,16731010,10,10,10,0,0,0,0,0,0,14589951,44072959,68943871,19436734.70,100600
1782775847,0,16831410,0,12489.73,100384.26,1821695,3254271,7700479,26640383,55803903,218496,522452991,7605967.87,17059972.97,16831410,10,10,10,0,0,0,0,0,0,14180351,64978943,104136703,22165022.48,100400
1782775848,0,16931410,0,12554.62,100011.21,1829887,3268607,7798783,27000831,56131583,218496,522452991,7666528.79,17063961.08,16931410,10,10,10,0,0,0,0,0,0,12279807,50888703,67436543,17859785.05,100000
1782775849,0,17031510,0,12619.49,100091.67,1838079,3284991,7897087,27344895,57049087,218496,522452991,7745015.48,17108106.92,17031510,10,10,10,0,0,0,0,0,0,13303807,64290815,93650943,21020643.54,100100
1782775850,0,17131410,0,12684.11,99920.11,1846271,3299327,7987199,27639807,58032127,218496,522452991,7812343.99,17144201.66,17131410,10,10,10,0,0,0,0,0,0,12255231,60162047,93978623,19290884.03,99900
1782775851,0,17231410,0,12748.71,99986.64,1854463,3313663,8081407,27770879,58064895,218496,522452991,7859558.19,17126378.39,17231410,10,10,10,0,0,0,0,0,0,12394495,37781503,60391423,15948017.45,100000
1782775852,0,17330410,0,12812.48,99024.88,1862655,3330047,8187903,28065791,58425343,218496,522452991,7928492.13,17141225.98,17330410,10,10,10,0,0,0,0,0,0,15302655,51511295,81854463,19926763.80,99000
1782775853,0,17431410,0,12877.63,101000.68,1871871,3346431,8306687,28442623,59113471,218496,522452991,8010648.93,17168316.92,17431410,10,10,10,0,0,0,0,0,0,16580607,59146239,72155135,22107788.54,101000
1782775854,0,17531410,0,12941.94,99974.98,1880063,3362815,8421375,28803071,59965439,218496,522452991,8093582.49,17215976.47,17531410,10,10,10,0,0,0,0,0,0,15532031,62783487,92667903,22550071.51,100000
1782775855,0,17631410,0,13006.16,99967.57,1889279,3381247,8527871,28999679,59834367,218496,522452991,8142672.56,17197646.84,17631410,10,10,10,0,0,0,0,0,0,13606911,36929535,51249151,16748853.06,100000
1782775856,0,17731410,0,13070.29,99989.09,1897471,3397631,8617983,29196287,59834367,218496,522452991,8194427.36,17190884.78,17731410,10,10,10,0,0,0,0,0,0,13402111,46497791,59375615,17319528.06,100000
1782775857,0,17831410,0,13134.32,100043.44,1905663,3414015,8708095,29376511,60096511,218496,522452991,8247527.58,17193382.80,17831410,10,10,10,0,0,0,0,0,0,11968511,52330495,69599231,17662946.74,100000
1782775858,0,17931410,0,13198.25,99945.75,1914879,3430399,8773631,29409279,59965439,218496,522452991,8274231.59,17161501.57,17931410,10,10,10,0,0,0,0,0,0,10223615,30818303,41287679,13035932.94,100000
1782775859,0,18031410,0,13262.10,100088.81,1923071,3448831,8863743,29540351,59899903,218496,522452991,8316113.28,17143788.35,18031410,10,10,10,0,0,0,0,0,0,12034047,41549823,54329343,15826090.45,100000
1782775860,0,18131410,0,13325.84,99905.34,1932287,3465215,8945663,29818879,60588031,218496,522452991,8380162.22,17182365.36,18131410,10,10,10,0,0,0,0,0,0,12320767,66584575,95354879,19929088.28,100000
1782775861,0,18230726,0,13389.01,99414.23,1940479,3483647,9011199,29966335,60686335,218496,522452991,8420560.62,17174257.91,18230726,10,10,10,0,0,0,0,0,0,10813439,48988159,69926911,15795806.92,99316
1782775862,0,18331410,0,13453.06,100604.14,1949695,3504127,9084927,30130175,61145087,218496,522452991,8475202.43,17193324.82,18331410,10,10,10,0,0,0,0,0,0,11272191,62685183,82247679,18369127.16,100684
1782775863,0,18413332,0,13503.28,81960.64,1956863,3518463,9166847,30769151,68354047,218496,720371711,9165203.20,23769366.68,18413332,10,10,10,0,0,0,0,0,0,68354047,569376767,668991487,163564351.72,81922
1782775864,0,18531410,0,13579.91,118072.60,1967103,3540991,9256959,31031295,70975487,218496,1037565951,9598440.68,28353433.73,18531410,10,10,10,0,0,0,0,0,0,12910591,521666559,915931135,77158405.27,118078
1782775865,0,18631410,0,13643.19,99989.12,1976319,3559423,9322495,31064063,70713343,218496,1037565951,9621876.21,28288671.57,18631410,10,10,10,0,0,0,0,0,0,10969087,35880959,47349759,13964810.70,100000
1782775866,0,18731610,0,13706.53,100251.50,1985535,3579903,9404415,31178751,70778879,218496,1037565951,9656668.59,28233736.28,18731610,10,10,10,0,0,0,0,0,0,10993663,41058303,72286207,16126040.02,100200
1782775867,0,18831410,0,13769.48,99707.42,1994751,3600383,9469951,31293439,70647807,218496,1037565951,9689500.04,28178319.80,18831410,10,10,10,0,0,0,0,0,0,11804671,42041343,68288511,15851683.77,99800
1782775868,0,18931151,0,13832.30,99834.14,2003967,3622911,9560063,31457279,70844415,218496,1037565951,9736108.97,28137581.56,18931151,10,10,10,0,0,0,0,0,0,12189695,58032127,76873727,18536020.31,99741
1782775869,0,19029960,0,13894.34,98737.80,2013183,3643391,9625599,31571967,70647807,218496,1037565951,9767427.31,28085121.50,19029960,10,10,10,0,0,0,0,0,0,10756095,45481983,64978943,15767814.56,98809
1782775870,0,19130410,0,13957.49,100484.80,2023423,3665919,9699327,31604735,70516735,218496,1037565951,9791685.77,28021502.95,19130410,10,10,10,0,0,0,0,0,0,11337727,33112063,44630015,14387379.31,100450
1782775871,0,19231410,0,14020.95,100942.37,2032639,3686399,9756671,31670271,70451199,218496,1037565951,9819098.30,27965903.02,19231410,10,10,10,0,0,0,0,0,0,10395647,41844735,57671679,15011306.00,101000
1782775872,0,19331410,0,14083.57,99895.68,2041855,3708927,9822207,31752191,71237631,218496,1037565951,9864377.94,27946881.96,19331410,10,10,10,0,0,0,0,0,0,10354687,72417279,115015679,18572291.88,100000
1782775873,0,19431410,0,14146.14,100148.74,2051071,3729407,9879551,31817727,71041023,218496,1037565951,9888768.12,27888629.98,19431410,10,10,10,0,0,0,0,0,0,10657791,39452671,55902207,14603732.73,100000
1782775874,0,19528416,0,14206.42,97013.35,2060287,3749887,9945087,31883263,71237631,218496,1037565951,9914726.31,27841984.26,19528416,10,10,10,0,0,0,0,0,0,10944511,43876351,83951615,15114448.86,97006
1782775875,0,19630064,0,14269.98,101661.02,2070527,3770367,9986047,31916031,71041023,218496,1037565951,9933722.21,27783019.81,19630064,10,10,10,0,0,0,0,0,0,8921087,40009727,52002815,13583177.37,101648
1782775876,0,19731410,0,14333.24,101350.56,2079743,3794943,10027007,31916031,70844415,218496,1037565951,9948537.37,27719794.65,19731410,10,10,10,0,0,0,0,0,0,9822207,30425087,41058303,12818137.66,101346
1782775877,0,19831410,0,14395.42,99998.12,2089983,3817471,10084351,32030719,71106559,218496,1037565951,9984439.73,27680866.45,19831410,10,10,10,0,0,0,0,0,0,11026431,55672831,79626239,17068481.26,100000
1782775878,0,19929410,0,14456.07,98010.17,2099199,3839999,10133503,32047103,70975487,218496,1037565951,9995707.57,27620065.32,19929410,10,10,10,0,0,0,0,0,0,10002431,34406399,43548671,12275882.25,98000
1782775879,0,20029410,0,14518.07,99958.15,2109439,3866623,10190847,32145407,70713343,218496,1037565951,10023064.20,27565257.99,20029410,10,10,10,0,0,0,0,0,0,10698751,36405247,54624255,15475079.49,100000
1782775880,0,20073220,0,14539.29,43830.74,2113535,3874815,10223615,32227327,70844415,218496,1037565951,10041143.24,27549248.74,20073220,10,10,10,0,0,0,0,0,0,13131775,60850175,74973183,18306666.57,43810
1782775881,0,20078220,0,14532.38,4997.51,2111487,3872767,10215423,32210943,70844415,218496,1037565951,10038903.67,27546189.40,20078220,10,10,10,0,0,0,0,0,0,794623,1869823,7401471,1047832.81,5000
1782775882,0,20083220,0,14525.49,5002.81,2109439,3872767,10215423,32210943,70844415,218496,1037565951,10036660.57,27543127.98,20083220,10,10,10,0,0,0,0,0,0,908287,1969151,2566143,1029174.60,5000
1782775883,0,20088220,0,14518.60,4997.17,2109439,3870719,10215423,32210943,70778879,218496,1037565951,10034403.62,27540072.39,20088220,10,10,10,0,0,0,0,0,0,841727,1896447,2447359,969016.91,5000
1782775884,0,20093220,0,14511.72,4998.42,2107391,3868671,10207231,32210943,70778879,218496,1037565951,10032127.68,27537024.22,20093220,10,10,10,0,0,0,0,0,0,799743,1683455,2480127,888224.36,5000
1782775885,0,20098220,0,14504.86,5001.60,2105343,3868671,10207231,32210943,70778879,218496,1037565951,10029875.64,27533970.44,20098220,10,10,10,0,0,0,0,0,0,835583,1874943,3958783,979725.75,5000
1782775886,0,20103220,0,14498.01,5002.15,2103295,3866623,10207231,32194559,70778879,218496,1037565951,10027619.94,27530918.92,20103220,10,10,10,0,0,0,0,0,0,828927,1819647,3409919,960518.04,5000
1782775887,0,20108220,0,14491.16,4997.94,2103295,3864575,10199039,32194559,70778879,218496,1037565951,10025374.97,27527865.08,20108220,10,10,10,0,0,0,0,0,0,879615,1931263,2994175,999153.46,5000
1782775888,0,20113190,0,14484.31,4972.41,2101247,3864575,10199039,32194559,70713343,218496,1037565951,10023179.59,27524829.00,20113190,10,10,10,0,0,0,0,0,0,831487,2273279,13950975,1140826.18,4970
1782775889,0,20118220,0,14477.50,5028.46,2099199,3862527,10199039,32194559,70713343,218496,1037565951,10020911.24,27521762.69,20118220,10,10,10,0,0,0,0,0,0,828415,1929215,2566143,950610.27,5030
1782775890,0,20123180,0,14470.66,4962.06,2099199,3860479,10199039,32178175,70713343,218496,1037565951,10018678.14,27518739.25,20123180,10,10,10,0,0,0,0,0,0,849919,1723391,3342335,961001.01,4960
1782775891,0,20128215,0,14463.88,5033.75,2097151,3860479,10190847,32178175,70713343,218496,1037565951,10016444.64,27515664.48,20128215,10,10,10,0,0,0,0,0,0,848895,2045951,5455871,1089905.05,5035
1782775892,0,20133220,0,14457.08,5002.28,2095103,3858431,10190847,32178175,70713343,218496,1037565951,10014205.33,27512612.32,20133220,10,10,10,0,0,0,0,0,0,833023,2215935,3643391,1008558.76,5005
1782775893,0,20138220,0,14450.30,5002.32,2094079,3856383,10190847,32178175,70713343,218496,1037565951,10011950.60,27509569.62,20138220,10,10,10,0,0,0,0,0,0,814591,1756159,2910207,932961.74,5000
1782775894,0,20143220,0,14443.52,4999.54,2093055,3856383,10182655,32178175,70647807,218496,1037565951,10009712.96,27506522.50,20143220,10,10,10,0,0,0,0,0,0,922111,1709055,2127871,997289.19,5000
1782775895,0,20148200,0,14436.75,4981.75,2091007,3854335,10182655,32161791,70647807,218496,1037565951,10007488.31,27503490.40,20148200,10,10,10,0,0,0,0,0,0,797695,2142207,7122943,1009147.23,4980
1782775896,0,20153220,0,14430.00,5020.00,2089983,3852287,10182655,32161791,70647807,218496,1037565951,10005245.01,27500433.74,20153220,10,10,10,0,0,0,0,0,0,819711,1975295,4481023,1001580.88,5020
1782775897,0,20158220,0,14423.25,4997.55,2087935,3850239,10174463,32161791,70647807,218496,1037565951,10002979.86,27497399.75,20158220,10,10,10,0,0,0,0,0,0,791551,1535999,2476031,872967.22,5000
1782775898,0,20163220,0,14416.52,5001.57,2086911,3850239,10174463,32161791,70647807,218496,1037565951,10000742.80,27494358.25,20163220,10,10,10,0,0,0,0,0,0,879615,1736703,3438591,981711.54,5000
1782775899,0,20168180,0,14409.76,4961.32,2085887,3848191,10174463,32145407,70647807,218496,1037565951,9998573.27,27491338.93,20168180,10,10,10,0,0,0,0,0,0,823295,2201599,15753215,1179058.50,4960
1782775900,0,20173220,0,14403.07,5038.25,2083839,3846143,10174463,32145407,70647807,218496,1037565951,9996335.73,27488271.17,20173220,10,10,10,0,0,0,0,0,0,877567,2160639,4198399,1042568.84,5040
1782775901,0,20178220,0,14396.36,5000.68,2082815,3846143,10166271,32145407,70647807,218496,1037565951,9994108.07,27485230.99,20178220,10,10,10,0,0,0,0,0,0,865791,1927167,3930111,1006295.80,5000
1782775902,0,20183220,0,14389.66,4997.36,2081791,3844095,10166271,32145407,70647807,218496,1037565951,9991881.67,27482191.95,20183220,10,10,10,0,0,0,0,0,0,873983,1824767,3731455,1006903.21,5000
1782775903,0,20188220,0,14382.97,5001.25,2079743,3844095,10166271,32129023,70647807,218496,1037565951,9989677.58,27479149.88,20188220,10,10,10,0,0,0,0,0,0,855551,2059263,7114751,1092544.70,5000
1782775904,0,20193220,0,14376.29,4997.50,2078719,3842047,10158079,32129023,70647807,218496,1037565951,9987444.48,27476114.97,20193220,10,10,10,0,0,0,0,0,0,862207,1832959,2365439,970984.90,5000
1782775905,0,20198220,0,14369.62,5001.25,2077695,3839999,10158079,32129023,70647807,218496,1037565951,9985202.82,27473084.35,20198220,10,10,10,0,0,0,0,0,0,823807,1767423,2473983,931944.19,5000
1782775906,0,20203220,0,14362.96,5001.97,2075647,3839999,10158079,32129023,70647807,218496,1037565951,9982974.22,27470050.58,20203220,10,10,10,0,0,0,0,0,0,879615,1955839,2187263,980247.67,5000
1782775907,0,20208210,0,14356.31,4991.67,2074623,3837951,10158079,32112639,70582271,218496,1037565951,9980757.91,27467023.79,20208210,10,10,10,0,0,0,0,0,0,798719,2018303,6045695,1007470.76,4990
1782775908,0,20213180,0,14349.64,4970.04,2073599,3835903,10149887,32112639,70582271,218496,1037565951,9978554.99,27464007.72,20213180,10,10,10,0,0,0,0,0,0,890367,1976319,3950591,1021401.50,4970
1782775909,0,20218220,0,14343.03,5037.81,2071551,3835903,10149887,32112639,70582271,218496,1037565951,9976288.80,27460960.17,20218220,10,10,10,0,0,0,0,0,0,779263,1759231,2566143,887626.15,5040
1782775910,0,20223220,0,14336.40,4997.35,2070527,3833855,10149887,32112639,70582271,218496,1037565951,9974075.24,27457927.29,20223220,10,10,10,0,0,0,0,0,0,882175,2111487,3176447,1023231.54,5000
1782775911,0,20228220,0,14329.80,5002.89,2069503,3831807,10141695,32096255,70582271,218496,1037565951,9971872.30,27454893.90,20228220,10,10,10,0,0,0,0,0,0,849919,2125823,5976063,1061765.71,5000
1782775912,0,20233220,0,14323.19,4997.70,2067455,3831807,10141695,32096255,70582271,218496,1037565951,9969673.64,27451859.34,20233220,10,10,10,0,0,0,0,0,0,888319,2547711,3336191,1074681.00,5000
1782775913,0,20238220,0,14316.60,5001.60,2066431,3829759,10141695,32096255,70582271,218496,1037565951,9967448.89,27448834.16,20238220,10,10,10,0,0,0,0,0,0,821759,1823743,3309567,964673.23,5000
1782775914,0,20243220,0,14310.00,4997.52,2065407,3827711,10133503,32096255,70582271,218496,1037565951,9965237.80,27445805.93,20243220,10,10,10,0,0,0,0,0,0,855551,2258943,3078143,1015530.91,5000
1782775915,0,20248220,0,14303.44,5004.35,2063359,3827711,10133503,32079871,70582271,218496,1037565951,9963053.97,27442772.64,20248220,10,10,10,0,0,0,0,0,0,876031,2836479,5820415,1121510.18,5000
1782775916,0,20253220,0,14296.86,4997.11,2062335,3825663,10133503,32079871,70582271,218496,1037565951,9960813.87,27439755.90,20253220,10,10,10,0,0,0,0,0,0,814591,1573887,2150399,889179.23,5000
1782775917,0,20258220,0,14290.30,4998.46,2061311,3823615,10133503,32079871,70582271,218496,1037565951,9958590.90,27436735.82,20258220,10,10,10,0,0,0,0,0,0,807935,1882111,3471359,954129.43,5000
1782775918,0,20263220,0,14283.75,5000.38,2059263,3823615,10125311,32079871,70582271,218496,1037565951,9956385.58,27433711.14,20263220,10,10,10,0,0,0,0,0,0,849407,2068479,3213311,1021234.15,5000
1782775919,0,20268220,0,14277.22,5001.90,2058239,3821567,10125311,32063487,70582271,218496,1037565951,9954203.57,27430684.35,20268220,10,10,10,0,0,0,0,0,0,888831,2115583,3713023,1111295.03,5000
1782775920,0,20273220,0,14270.69,4999.80,2057215,3819519,10125311,32063487,70516735,218496,1037565951,9951990.22,27427664.49,20273220,10,10,10,0,0,0,0,0,0,864255,1986559,2504703,979828.94,5000
1782775921,0,20278220,0,14264.17,4999.66,2055167,3817471,10117119,32063487,70516735,218496,1037565951,9949760.11,27424651.47,20278220,10,10,10,0,0,0,0,0,0,803327,2041855,2637823,907467.66,5000
1782775922,0,20283220,0,14257.65,5000.08,2054143,3817471,10117119,32047103,70516735,218496,1037565951,9947537.25,27421637.36,20283220,10,10,10,0,0,0,0,0,0,826879,1850367,2453503,932432.46,5000
1782775923,0,20288180,0,14251.13,4963.37,2053119,3815423,10117119,32047103,70516735,218496,1037565951,9945345.01,27418645.42,20288180,10,10,10,0,0,0,0,0,0,847871,1810431,5201919,980477.55,4960
1782775924,0,20293205,0,14244.65,5024.93,2051071,3813375,10117119,32047103,70516735,218496,1037565951,9943128.78,27415613.42,20293205,10,10,10,0,0,0,0,0,0,864255,1885183,3278847,995221.56,5025
1782775925,0,20298220,0,14238.17,5011.21,2050047,3813375,10108927,32047103,70516735,218496,1037565951,9940918.20,27412588.56,20298220,10,10,10,0,0,0,0,0,0,849919,2142207,3325951,995802.12,5015
1782775926,0,20303220,0,14231.69,4998.86,2049023,3811327,10108927,32030719,70516735,218496,1037565951,9938691.55,27409581.00,20303220,10,10,10,0,0,0,0,0,0,778239,1753087,2668543,899266.76,5000
1782775927,0,20308214,0,14225.23,4998.51,2046975,3809279,10108927,32030719,70516735,218496,1037565951,9936501.18,27406568.93,20308214,10,10,10,0,0,0,0,0,0,822783,2117631,5505023,1031517.27,4994
1782775928,0,20313220,0,14218.77,5001.26,2045951,3809279,10100735,32030719,70516735,218496,1037565951,9934299.30,27403551.54,20313220,10,10,10,0,0,0,0,0,0,872447,1944575,2531327,1001743.98,5006
1782775929,0,20318220,0,14212.33,5003.48,2044927,3807231,10100735,32030719,70516735,218496,1037565951,9932074.32,27400547.41,20318220,10,10,10,0,0,0,0,0,0,775679,1884159,2574335,892779.52,5000
1782775930,0,20323175,0,14205.86,4956.50,2042879,3805183,10100735,32014335,70516735,218496,1037565951,9929891.75,27397564.22,20323175,10,10,10,0,0,0,0,0,0,894463,1848319,2199551,980182.05,4955
1782775931,0,20328220,0,14199.46,5043.48,2041855,3805183,10100735,32014335,70451199,218496,1037565951,9927666.53,27394529.69,20328220,10,10,10,0,0,0,0,0,0,837631,1860607,3426303,963614.00,5045
1782775932,0,20333220,0,14193.03,4998.87,2040831,3803135,10092543,32014335,70451199,218496,1037565951,9925447.28,27391527.94,20333220,10,10,10,0,0,0,0,0,0,771583,1703935,3262463,902764.26,5000
1782775933,0,20338170,0,14186.59,4951.54,2038783,3801087,10092543,32014335,70451199,218496,1037565951,9923271.40,27388551.03,20338170,10,10,10,0,0,0,0,0,0,832511,2047999,3549183,985360.19,4950
1782775934,0,20343220,0,14180.22,5049.18,2037759,3801087,10092543,32014335,70451199,218496,1037565951,9921034.17,27385520.25,20343220,10,10,10,0,0,0,0,0,0,808447,1794047,2398207,910896.93,5050
1782775935,0,20348220,0,14173.82,4997.70,2036735,3799039,10092543,31997951,70451199,218496,1037565951,9918862.11,27382510.60,20348220,10,10,10,0,0,0,0,0,0,898559,2238463,3534847,1081549.80,5000
1782775936,0,20353220,0,14167.43,4999.69,2035711,3796991,10084351,31997951,70451199,218496,1037565951,9916659.32,27379508.61,20353220,10,10,10,0,0,0,0,0,0,839167,2023423,2701311,952088.22,5000
1782775937,0,20358220,0,14161.06,5003.49,2033663,3796991,10084351,31997951,70451199,218496,1037565951,9914458.18,27376507.27,20358220,10,10,10,0,0,0,0,0,0,831999,1820671,2408447,954392.63,5000
1782775938,0,20363220,0,14154.69,4996.44,2032639,3794943,10084351,31997951,70451199,218496,1037565951,9912272.23,27373502.92,20363220,10,10,10,0,0,0,0,0,0,843775,2136063,3391487,1011849.70,5000
1782775939,0,20368220,0,14148.33,4999.93,2031615,3792895,10076159,31981567,70451199,218496,1037565951,9910065.58,27370507.47,20368220,10,10,10,0,0,0,0,0,0,749567,1939455,4075519,923186.87,5000
1782775940,0,20370070,0,14139.80,1851.14,2030591,3792895,10076159,31981567,70451199,218496,1037565951,9909258.39,27369396.03,20370070,10,10,10,0,0,0,0,0,0,899071,2024447,2711551,1022226.06,1850
1782775941,0,20370070,0,14129.99,0.00,2030591,3792895,10076159,31981567,70451199,218496,1037565951,9909258.39,27369396.03,20370070,10,10,10,0,0,0,0,0,0,0,0,0,0.00,0
1782775942,0,20370070,0,14120.20,0.00,2030591,3792895,10076159,31981567,70451199,218496,1037565951,9909258.39,27369396.03,20370070,10,10,10,0,0,0,0,0,0,0,0,0,0.00,0
1782775943,0,20370070,0,14110.41,0.00,2030591,3792895,10076159,31981567,70451199,218496,1037565951,9909258.39,27369396.03,20370070,10,10,10,0,0,0,0,0,0,0,0,0,0.00,0
