timestamp,sent_count,received_count,error_count,total_throughput,interval_throughput,latency_ns_p25,latency_ns_p50,latency_ns_p75,latency_ns_p95,latency_ns_p99,latency_ns_min,latency_ns_max,latency_ns_mean,latency_ns_stddev,latency_sample_count,connections,active_connections,connection_attempts,connection_failures,crashes_injected,reconnects,reconnect_failures,duplicate_count,gap_count,interval_latency_ns_p50,interval_latency_ns_p95,interval_latency_ns_p99,interval_latency_ns_mean,interval_latency_sample_count
1781844370,0,0,0,0.00,0.00,0,0,0,0,0,0,0,0.00,0.00,0,1,1,1,0,0,0,0,0,0,0,0,0,0.00,0
1781844371,0,0,0,0.00,0.00,0,0,0,0,0,0,0,0.00,0.00,0,1,1,1,0,0,0,0,0,0,0,0,0,0.00,0
1781844372,0,0,0,0.00,0.00,0,0,0,0,0,0,0,0.00,0.00,0,1,1,1,0,0,0,0,0,0,0,0,0,0.00,0
1781844373,0,0,0,0.00,0.00,0,0,0,0,0,0,0,0.00,0.00,0,1,1,1,0,0,0,0,0,0,0,0,0,0.00,0
1781844374,0,0,0,0.00,0.00,0,0,0,0,0,0,0,0.00,0.00,0,1,1,1,0,0,0,0,0,0,0,0,0,0.00,0
1781844375,0,0,0,0.00,0.00,0,0,0,0,0,0,0,0.00,0.00,0,1,1,1,0,0,0,0,0,0,0,0,0,0.00,0
1781844376,0,0,0,0.00,0.00,0,0,0,0,0,0,0,0.00,0.00,0,1,1,1,0,0,0,0,0,0,0,0,0,0.00,0
1781844377,0,0,0,0.00,0.00,0,0,0,0,0,0,0,0.00,0.00,0,2,2,2,0,0,0,0,0,0,0,0,0,0.00,0
1781844378,0,0,0,0.00,0.00,0,0,0,0,0,0,0,0.00,0.00,0,2,2,2,0,0,0,0,0,0,0,0,0,0.00,0
1781844379,0,0,0,0.00,0.00,0,0,0,0,0,0,0,0.00,0.00,0,2,2,2,0,0,0,0,0,0,0,0,0,0.00,0
1781844380,0,0,0,0.00,0.00,0,0,0,0,0,0,0,0.00,0.00,0,2,2,2,0,0,0,0,0,0,0,0,0,0.00,0
1781844381,0,0,0,0.00,0.00,0,0,0,0,0,0,0,0.00,0.00,0,2,2,2,0,0,0,0,0,0,0,0,0,0.00,0
1781844382,0,0,0,0.00,0.00,0,0,0,0,0,0,0,0.00,0.00,0,2,2,2,0,0,0,0,0,0,0,0,0,0.00,0
1781844383,0,0,0,0.00,0.00,0,0,0,0,0,0,0,0.00,0.00,0,2,2,2,0,0,0,0,0,0,0,0,0,0.00,0
1781844384,0,0,0,0.00,0.00,0,0,0,0,0,0,0,0.00,0.00,0,3,3,3,0,0,0,0,0,0,0,0,0,0.00,0
1781844385,0,0,0,0.00,0.00,0,0,0,0,0,0,0,0.00,0.00,0,3,3,3,0,0,0,0,0,0,0,0,0,0.00,0
1781844386,0,0,0,0.00,0.00,0,0,0,0,0,0,0,0.00,0.00,0,3,3,3,0,0,0,0,0,0,0,0,0,0.00,0
1781844387,0,0,0,0.00,0.00,0,0,0,0,0,0,0,0.00,0.00,0,3,3,3,0,0,0,0,0,0,0,0,0,0.00,0
1781844388,0,0,0,0.00,0.00,0,0,0,0,0,0,0,0.00,0.00,0,3,3,3,0,0,0,0,0,0,0,0,0,0.00,0
1781844389,0,0,0,0.00,0.00,0,0,0,0,0,0,0,0.00,0.00,0,3,3,3,0,0,0,0,0,0,0,0,0,0.00,0
1781844390,0,0,0,0.00,0.00,0,0,0,0,0,0,0,0.00,0.00,0,3,3,3,0,0,0,0,0,0,0,0,0,0.00,0
1781844391,0,0,0,0.00,0.00,0,0,0,0,0,0,0,0.00,0.00,0,4,4,4,0,0,0,0,0,0,0,0,0,0.00,0
1781844392,0,0,0,0.00,0.00,0,0,0,0,0,0,0,0.00,0.00,0,4,4,4,0,0,0,0,0,0,0,0,0,0.00,0
1781844393,0,0,0,0.00,0.00,0,0,0,0,0,0,0,0.00,0.00,0,4,4,4,0,0,0,0,0,0,0,0,0,0.00,0
1781844394,0,0,0,0.00,0.00,0,0,0,0,0,0,0,0.00,0.00,0,4,4,4,0,0,0,0,0,0,0,0,0,0.00,0
1781844395,0,0,0,0.00,0.00,0,0,0,0,0,0,0,0.00,0.00,0,4,4,4,0,0,0,0,0,0,0,0,0,0.00,0
1781844396,0,0,0,0.00,0.00,0,0,0,0,0,0,0,0.00,0.00,0,4,4,4,0,0,0,0,0,0,0,0,0,0.00,0
1781844397,0,0,0,0.00,0.00,0,0,0,0,0,0,0,0.00,0.00,0,5,5,5,0,0,0,0,0,0,0,0,0,0.00,0
1781844398,0,0,0,0.00,0.00,0,0,0,0,0,0,0,0.00,0.00,0,5,5,5,0,0,0,0,0,0,0,0,0,0.00,0
1781844399,0,0,0,0.00,0.00,0,0,0,0,0,0,0,0.00,0.00,0,5,5,5,0,0,0,0,0,0,0,0,0,0.00,0
1781844400,0,0,0,0.00,0.00,0,0,0,0,0,0,0,0.00,0.00,0,5,5,5,0,0,0,0,0,0,0,0,0,0.00,0
1781844401,0,0,0,0.00,0.00,0,0,0,0,0,0,0,0.00,0.00,0,5,5,5,0,0,0,0,0,0,0,0,0,0.00,0
1781844402,0,0,0,0.00,0.00,0,0,0,0,0,0,0,0.00,0.00,0,5,5,5,0,0,0,0,0,0,0,0,0,0.00,0
1781844403,0,0,0,0.00,0.00,0,0,0,0,0,0,0,0.00,0.00,0,5,5,5,0,0,0,0,0,0,0,0,0,0.00,0
1781844404,0,0,0,0.00,0.00,0,0,0,0,0,0,0,0.00,0.00,0,6,6,6,0,0,0,0,0,0,0,0,0,0.00,0
1781844405,0,0,0,0.00,0.00,0,0,0,0,0,0,0,0.00,0.00,0,6,6,6,0,0,0,0,0,0,0,0,0,0.00,0
1781844406,0,0,0,0.00,0.00,0,0,0,0,0,0,0,0.00,0.00,0,6,6,6,0,0,0,0,0,0,0,0,0,0.00,0
1781844407,0,0,0,0.00,0.00,0,0,0,0,0,0,0,0.00,0.00,0,6,6,6,0,0,0,0,0,0,0,0,0,0.00,0
1781844408,0,0,0,0.00,0.00,0,0,0,0,0,0,0,0.00,0.00,0,6,6,6,0,0,0,0,0,0,0,0,0,0.00,0
1781844409,0,0,0,0.00,0.00,0,0,0,0,0,0,0,0.00,0.00,0,6,6,6,0,0,0,0,0,0,0,0,0,0.00,0
1781844410,0,0,0,0.00,0.00,0,0,0,0,0,0,0,0.00,0.00,0,6,6,6,0,0,0,0,0,0,0,0,0,0.00,0
1781844411,0,0,0,0.00,0.00,0,0,0,0,0,0,0,0.00,0.00,0,7,7,7,0,0,0,0,0,0,0,0,0,0.00,0
1781844412,0,0,0,0.00,0.00,0,0,0,0,0,0,0,0.00,0.00,0,7,7,7,0,0,0,0,0,0,0,0,0,0.00,0
1781844413,0,0,0,0.00,0.00,0,0,0,0,0,0,0,0.00,0.00,0,7,7,7,0,0,0,0,0,0,0,0,0,0.00,0
1781844414,0,0,0,0.00,0.00,0,0,0,0,0,0,0,0.00,0.00,0,7,7,7,0,0,0,0,0,0,0,0,0,0.00,0
1781844415,0,0,0,0.00,0.00,0,0,0,0,0,0,0,0.00,0.00,0,7,7,7,0,0,0,0,0,0,0,0,0,0.00,0
1781844416,0,0,0,0.00,0.00,0,0,0,0,0,0,0,0.00,0.00,0,7,7,7,0,0,0,0,0,0,0,0,0,0.00,0
1781844417,0,0,0,0.00,0.00,0,0,0,0,0,0,0,0.00,0.00,0,8,8,8,0,0,0,0,0,0,0,0,0,0.00,0
1781844418,0,0,0,0.00,0.00,0,0,0,0,0,0,0,0.00,0.00,0,8,8,8,0,0,0,0,0,0,0,0,0,0.00,0
1781844419,0,0,0,0.00,0.00,0,0,0,0,0,0,0,0.00,0.00,0,8,8,8,0,0,0,0,0,0,0,0,0,0.00,0
1781844420,0,0,0,0.00,0.00,0,0,0,0,0,0,0,0.00,0.00,0,8,8,8,0,0,0,0,0,0,0,0,0,0.00,0
1781844421,0,0,0,0.00,0.00,0,0,0,0,0,0,0,0.00,0.00,0,8,8,8,0,0,0,0,0,0,0,0,0,0.00,0
1781844422,0,0,0,0.00,0.00,0,0,0,0,0,0,0,0.00,0.00,0,8,8,8,0,0,0,0,0,0,0,0,0,0.00,0
1781844423,0,0,0,0.00,0.00,0,0,0,0,0,0,0,0.00,0.00,0,8,8,8,0,0,0,0,0,0,0,0,0,0.00,0
1781844424,0,0,0,0.00,0.00,0,0,0,0,0,0,0,0.00,0.00,0,9,9,9,0,0,0,0,0,0,0,0,0,0.00,0
1781844425,0,0,0,0.00,0.00,0,0,0,0,0,0,0,0.00,0.00,0,9,9,9,0,0,0,0,0,0,0,0,0,0.00,0
1781844426,0,0,0,0.00,0.00,0,0,0,0,0,0,0,0.00,0.00,0,9,9,9,0,0,0,0,0,0,0,0,0,0.00,0
1781844427,0,0,0,0.00,0.00,0,0,0,0,0,0,0,0.00,0.00,0,9,9,9,0,0,0,0,0,0,0,0,0,0.00,0
1781844428,0,0,0,0.00,0.00,0,0,0,0,0,0,0,0.00,0.00,0,9,9,9,0,0,0,0,0,0,0,0,0,0.00,0
1781844429,0,0,0,0.00,0.00,0,0,0,0,0,0,0,0.00,0.00,0,9,9,9,0,0,0,0,0,0,0,0,0,0.00,0
1781844430,0,0,0,0.00,0.00,0,0,0,0,0,0,0,0.00,0.00,0,9,9,9,0,0,0,0,0,0,0,0,0,0.00,0
1781844431,0,0,0,0.00,0.00,0,0,0,0,0,0,0,0.00,0.00,0,10,10,10,0,0,0,0,0,0,0,0,0,0.00,0
1781844432,0,140,0,291.21,139.98,4931583,37978111,93388799,182714367,196083711,2160640,197525503,56890024.23,59463163.49,140,10,10,10,0,0,0,0,0,0,37978111,182714367,196083711,56890024.23,140
1781844433,0,340,0,229.62,200.01,2459647,3616767,7626751,138674175,188612607,711168,197525503,25132833.88,46506647.82,340,10,10,10,0,0,0,0,0,0,2627583,5427199,7327743,2902800.64,200
1781844434,0,540,0,217.73,200.12,2406399,3217407,5152767,123535359,184156159,625152,197525503,17316298.90,38388807.10,540,10,10,10,0,0,0,0,0,0,2988031,6782975,25214975,4028189.44,200
1781844435,0,740,0,212.60,199.88,2351103,3092479,4390911,88997887,182714367,625152,197525503,13431815.96,33413063.87,740,10,10,10,0,0,0,0,0,0,2811903,5017599,5464063,2943712.00,200
1781844436,0,940,0,209.83,200.17,2363391,3076095,4130815,67960831,169345023,625152,197525503,11227864.51,29950631.59,940,10,10,10,0,0,0,0,0,0,3047423,4562943,5545983,3073244.16,200
1781844437,0,1140,0,208.03,199.96,2377727,3123199,4081663,48398335,167903231,625152,197525503,9836511.21,27367879.17,1140,10,10,10,0,0,0,0,0,0,3325951,4997119,7258111,3297150.72,200
1781844438,0,1340,0,206.77,199.91,2353151,3076095,3995647,43188223,146276351,625152,197525503,8815162.08,25364163.25,1340,10,10,10,0,0,0,0,0,0,2934783,5431295,5984255,2993472.00,200
1781844439,0,1540,0,205.88,200.09,2332671,3039231,3923967,29687807,141426687,625152,197525503,8058418.37,23743710.33,1540,10,10,10,0,0,0,0,0,0,2959359,4882431,6217727,2988235.52,200
1781844440,0,1740,0,205.19,200.01,2334719,3000319,3858431,22167551,138674175,625152,197525503,7461658.63,22401046.97,1740,10,10,10,0,0,0,0,0,0,2729983,4595711,5644287,2866608.64,200
1781844441,0,1940,0,204.64,199.96,2308095,2983935,3807231,7626751,132907007,625152,197525503,6980403.86,21264283.69,1940,10,10,10,0,0,0,0,0,0,2859007,4065279,4816895,2793487.36,200
1781844442,0,2140,0,204.20,200.02,2291711,2973695,3780607,6336511,130220031,625152,197525503,6599829.77,20283483.84,2140,10,10,10,0,0,0,0,0,0,2834431,4915199,5713919,2908261.12,200
1781844443,0,2340,0,203.83,200.02,2306047,2949119,3772415,5996543,128909311,625152,197525503,6290191.75,19425518.19,2340,10,10,10,0,0,0,0,0,0,2832383,4464639,4911103,2977064.96,200
1781844444,0,2540,0,203.52,199.99,2299903,2949119,3747839,5914623,127664127,625152,197525503,6026827.09,18669110.74,2540,10,10,10,0,0,0,0,0,0,2934783,4628479,6119423,2945460.48,200
1781844445,0,2740,0,203.27,200.06,2297855,2951167,3737599,5787647,123535359,625152,197525503,5805354.88,17994117.35,2740,10,10,10,0,0,0,0,0,0,3028991,4644863,5218303,2992657.92,200
1781844446,0,2940,0,203.03,199.81,2271231,2934783,3698687,5672959,120979455,625152,197525503,5595750.66,17390148.96,2940,10,10,10,0,0,0,0,0,0,2654207,4050943,5074943,2724172.80,200
1781844447,0,3140,0,202.83,199.99,2271231,2920447,3674111,5545983,118030335,625152,197525503,5414903.03,16842854.18,3140,10,10,10,0,0,0,0,0,0,2697215,4126719,4702207,2756442.88,200
1781844448,0,3340,0,202.67,200.16,2275327,2916351,3655679,5476351,117506047,625152,197525503,5262641.90,16343703.51,3340,10,10,10,0,0,0,0,0,0,2818047,4673535,5439487,2872142.08,200
1781844449,0,3540,0,202.51,199.94,2258943,2922495,3665919,5476351,93388799,625152,197525503,5152559.73,15888511.31,3540,10,10,10,0,0,0,0,0,0,3014655,5419007,11370495,3314187.52,200
1781844450,0,3740,0,202.38,199.96,2250751,2918399,3661823,5459967,88997887,625152,197525503,5037487.23,15468178.26,3740,10,10,10,0,0,0,0,0,0,2832383,5324799,7659519,3000704.00,200
1781844451,0,3940,0,202.26,200.06,2250751,2920447,3665919,5414911,83755007,625152,197525503,4934306.89,15078925.10,3940,10,10,10,0,0,0,0,0,0,2981887,4751359,5349375,3004834.56,200
1781844452,0,4140,0,202.15,200.00,2258943,2922495,3659775,5349375,80084991,625152,197525503,4841979.73,14717242.08,4140,10,10,10,0,0,0,0,0,0,3061759,4575231,5111807,3023134.72,200
1781844453,0,4340,0,202.05,200.06,2267135,2926591,3657727,5345279,73400319,625152,197525503,4759890.23,14380664.25,4340,10,10,10,0,0,0,0,0,0,2981887,4841471,5574655,3060637.44,200
1781844454,0,4540,0,201.95,199.91,2271231,2934783,3655679,5332991,68419583,625152,197525503,4685049.74,14066172.70,4540,10,10,10,0,0,0,0,0,0,3059711,4186111,6713343,3061011.20,200
1781844455,0,4740,0,201.87,199.99,2275327,2940927,3655679,5304319,67960831,625152,197525503,4612631.12,13771743.59,4740,10,10,10,0,0,0,0,0,0,2996223,4538367,5005311,2968728.32,200
1781844456,0,4940,0,201.79,199.92,2285567,2942975,3659775,5267455,65404927,625152,197525503,4550113.63,13495068.60,4940,10,10,10,0,0,0,0,0,0,3018751,5042175,5603327,3068449.28,200
1781844457,0,5140,0,201.72,200.11,2271231,2934783,3657727,5251071,61538303,625152,197525503,4483680.47,13235859.67,5140,10,10,10,0,0,0,0,0,0,2705407,4796415,5877759,2842781.44,200
1781844458,0,5340,0,201.66,200.08,2269183,2934783,3651583,5218303,59572223,625152,197525503,4425471.86,12990540.99,5340,10,10,10,0,0,0,0,0,0,3002367,4521983,5472255,2929510.40,200
1781844459,0,5540,0,201.60,199.89,2250751,2924543,3647487,5201919,55476223,625152,197525503,4363756.59,12759485.25,5540,10,10,10,0,0,0,0,0,0,2617343,4247551,6352895,2715959.04,200
1781844460,0,5740,0,201.54,200.07,2244607,2924543,3637247,5144575,48398335,625152,197525503,4311416.28,12539650.23,5740,10,10,10,0,0,0,0,0,0,2893823,4587519,5136383,2861589.76,200
1781844461,0,5940,0,201.49,200.02,2246655,2924543,3629055,5156863,47579135,625152,197525503,4267698.12,12330690.00,5940,10,10,10,0,0,0,0,0,0,2981887,5472255,6320127,3012986.88,200
1781844462,0,6140,0,201.44,199.85,2240511,2918399,3618815,5128191,47054847,625152,197525503,4218157.36,12132603.22,6140,10,10,10,0,0,0,0,0,0,2611199,4628479,5238783,2746796.80,200
1781844463,0,6340,0,201.40,200.16,2240511,2918399,3614719,5103615,45776895,625152,197525503,4176803.90,11942998.42,6340,10,10,10,0,0,0,0,0,0,2949119,4624383,5005311,2907252.48,200
1781844464,0,6540,0,201.35,199.86,2236415,2918399,3614719,5091327,44433407,625152,197525503,4138504.42,11762406.64,6540,10,10,10,0,0,0,0,0,0,2856959,4681727,5476351,2924410.88,200
1781844465,0,6740,0,201.31,200.08,2232319,2908159,3606527,5062655,43188223,625152,197525503,4095944.77,11590324.54,6740,10,10,10,0,0,0,0,0,0,2705407,4542463,5488639,2704244.48,200
1781844466,0,6940,0,201.28,200.05,2226175,2897919,3594239,5021695,39518207,625152,197525503,4054804.47,11425497.16,6940,10,10,10,0,0,0,0,0,0,2631679,4194303,4784127,2668376.32,200
1781844467,0,7140,0,201.24,200.01,2220031,2899967,3596287,5009407,37847039,625152,197525503,4024260.77,11267135.18,7140,10,10,10,0,0,0,0,0,0,2908159,4775935,5607423,2964394.24,200
1781844468,0,7340,0,201.20,199.92,2222079,2897919,3596287,5009407,37191679,625152,197525503,3996659.37,11115391.03,7340,10,10,10,0,0,0,0,0,0,2803711,4943871,5939199,3011289.60,200
1781844469,0,7540,0,201.17,200.01,2220031,2893823,3594239,4997119,31227903,625152,197525503,3966679.05,10969496.50,7540,10,10,10,0,0,0,0,0,0,2803711,4493311,5062655,2866401.28,200
1781844470,0,7740,0,201.14,200.07,2226175,2904063,3596287,4980735,29687807,625152,197525503,3942686.07,10828678.81,7740,10,10,10,0,0,0,0,0,0,3125247,4145151,4395007,3038150.40,200
1781844471,0,7940,0,201.11,199.90,2226175,2904063,3602431,4956159,26181631,625152,197525503,3918335.45,10693669.80,7940,10,10,10,0,0,0,0,0,0,2854911,4661247,5156863,2975966.72,200
1781844472,0,8140,0,201.09,200.11,2226175,2904063,3596287,4964351,25411583,625152,197525503,3907195.44,10571823.53,8140,10,10,10,0,0,0,0,0,0,2916351,5341183,16113663,3464936.96,200
1781844473,0,8340,0,201.06,199.87,2232319,2912255,3604479,4947967,25001983,625152,197525503,3889527.47,10445891.50,8340,10,10,10,0,0,0,0,0,0,3145727,4612095,5369855,3170440.96,200
1781844474,0,8540,0,201.03,200.06,2232319,2910207,3604479,4931583,22921215,625152,197525503,3865794.70,10325017.44,8540,10,10,10,0,0,0,0,0,0,2791423,4485119,4915199,2876138.24,200
1781844475,0,8740,0,201.01,199.90,2230271,2908159,3602431,4915199,22167551,625152,197525503,3843309.25,10208258.32,8740,10,10,10,0,0,0,0,0,0,2813951,4435967,5148671,2883180.80,200
1781844476,0,8940,0,200.99,200.09,2234367,2912255,3604479,4915199,21872639,625152,197525503,3826866.46,10095621.02,8940,10,10,10,0,0,0,0,0,0,3135487,5074943,7249919,3108316.16,200
1781844477,0,9140,0,200.97,200.08,2220031,2908159,3604479,4915199,16973823,625152,197525503,3808119.43,9989632.61,9140,10,10,10,0,0,0,0,0,0,2578431,4939775,11280383,2970127.36,200
1781844478,0,9340,0,200.94,199.83,2209791,2893823,3592191,4898815,15237119,625152,197525503,3779462.00,9884921.67,9340,10,10,10,0,0,0,0,0,0,2420735,4243455,4763647,2469817.60,200
1781844479,0,9540,0,200.93,200.14,2193407,2883583,3583999,4878335,15187967,625152,197525503,3751313.63,9783590.53,9540,10,10,10,0,0,0,0,0,0,2471935,4130815,4435967,2436784.64,200
1781844480,0,9740,0,200.91,199.91,2177023,2871295,3571711,4874239,14991359,625152,197525503,3724304.80,9685753.84,9740,10,10,10,0,0,0,0,0,0,2283519,4317183,6324223,2435983.36,200
1781844481,0,9940,0,200.89,199.98,2166783,2861055,3565567,4861951,14868479,625152,197525503,3698088.69,9590628.18,9940,10,10,10,0,0,0,0,0,0,2258943,4329471,4521983,2421364.48,200
1781844482,0,10140,0,200.87,200.01,2156543,2852863,3557375,4841471,12287999,625152,197525503,3673660.67,9498042.58,10140,10,10,10,0,0,0,0,0,0,2433023,4069375,4837375,2459587.84,200
1781844483,0,10340,0,200.85,200.04,2146303,2838527,3547135,4825087,11395071,591872,197525503,3646951.61,9408280.55,10340,10,10,10,0,0,0,0,0,0,2297855,3880959,4292607,2292802.56,200
1781844484,0,10540,0,200.84,199.98,2136063,2830335,3536895,4800511,11280383,591872,197525503,3623591.15,9320897.07,10540,10,10,10,0,0,0,0,0,0,2277375,3799039,4595711,2415855.36,200
1781844485,0,10740,0,200.82,200.11,2127871,2824191,3528703,4792319,11042815,591872,197525503,3602252.16,9235779.67,10740,10,10,10,0,0,0,0,0,0,2396159,3954687,4558847,2477687.04,200
1781844486,0,10940,0,200.81,199.88,2123775,2820095,3528703,4796415,12845055,591872,197525503,3593695.61,9157296.01,10940,10,10,10,0,0,0,0,0,0,2643967,5787647,13623295,3134209.28,200
1781844487,0,11140,0,200.79,200.12,2123775,2818047,3526655,4796415,12238847,591872,197525503,3579889.41,9076568.95,11140,10,10,10,0,0,0,0,0,0,2758655,5222399,5722111,2824689.92,200
1781844488,0,11340,0,200.78,199.91,2121727,2815999,3526655,4792319,11370495,591872,197525503,3564857.72,8997744.79,11340,10,10,10,0,0,0,0,0,0,2660351,4235263,4837375,2727592.96,200
1781844489,0,11540,0,200.76,199.90,2123775,2815999,3524607,4784127,11165695,591872,197525503,3553045.03,8920673.60,11540,10,10,10,0,0,0,0,0,0,2803711,4489215,4837375,2883265.28,200
1781844490,0,11738,0,200.72,198.20,2123775,2818047,3526655,4784127,10952703,591872,197525503,3542561.00,8846680.78,11738,10,10,10,0,0,0,0,0,0,2961407,4874239,6856703,2931521.94,198
1781844491,0,11940,0,200.74,201.85,2121727,2813951,3526655,4792319,10321919,591872,197525503,3530762.68,8773389.00,11940,10,10,10,0,0,0,0,0,0,2668543,5140479,6729727,2845175.13,202
1781844492,0,12160,0,201.06,220.07,2123775,2813951,3526655,4820991,10321919,591872,197525503,3525559.22,8696435.96,12160,10,10,10,0,0,0,0,0,0,2721791,6930431,8871935,3243153.45,220
1781844493,0,12360,0,201.04,200.07,2129919,2820095,3526655,4816895,9830399,591872,197525503,3517413.68,8626800.63,12360,10,10,10,0,0,0,0,0,0,3010559,4702207,5328895,3022164.48,200
1781844494,0,12560,0,201.02,199.99,2129919,2824191,3528703,4820991,10846207,591872,197525503,3513963.23,8561713.93,12560,10,10,10,0,0,0,0,0,0,2928639,4829183,11698175,3300725.76,200
1781844495,0,12760,0,201.01,199.88,2134015,2822143,3528703,4804607,10952703,591872,197525503,3504847.57,8496672.31,12760,10,10,10,0,0,0,0,0,0,2760703,4456447,12132351,2932384.00,200
1781844496,0,12955,0,200.91,195.03,2125823,2813951,3524607,4800511,10649599,591872,197525503,3490554.29,8434244.00,12955,10,10,10,0,0,0,0,0,0,2381823,4464639,6172671,2555260.72,195
1781844497,0,13160,0,200.98,204.99,2121727,2813951,3524607,4804607,10452991,591872,197525503,3479961.74,8370334.42,13160,10,10,10,0,0,0,0,0,0,2799615,5517311,7323647,2810564.06,205
1781844498,0,13360,0,200.96,200.08,2117631,2809855,3522559,4800511,10395647,591872,197525503,3467678.10,8309217.99,13360,10,10,10,0,0,0,0,0,0,2553855,4706303,5754879,2659415.04,200
1781844499,0,13560,0,200.95,199.93,2115583,2803711,3522559,4800511,10289151,591872,197525503,3457502.23,8249282.39,13560,10,10,10,0,0,0,0,0,0,2588671,4706303,6000639,2777753.60,200
1781844500,0,13760,0,200.93,200.00,2109439,2799615,3520511,4800511,10395647,591872,197525503,3448767.53,8192635.76,13760,10,10,10,0,0,0,0,0,0,2449407,5316607,12697599,2856555.52,200
1781844501,0,13960,0,200.92,200.05,2103295,2795519,3522559,4833279,10289151,591872,197525503,3443913.30,8137766.67,13960,10,10,10,0,0,0,0,0,0,2443263,8716287,9838591,3109941.76,200
1781844502,0,14160,0,200.91,200.04,2099199,2791423,3520511,4841471,9871359,591872,197525503,3437191.09,8082427.71,14160,10,10,10,0,0,0,0,0,0,2619391,6828031,8323071,2967980.80,200
1781844503,0,14360,0,200.90,199.99,2099199,2793471,3524607,4841471,9830399,591872,197525503,3429993.34,8027399.20,14360,10,10,10,0,0,0,0,0,0,2805759,4968447,5464063,2920392.96,200
1781844504,0,14560,0,200.88,199.90,2091007,2787327,3518463,4837375,9674751,591872,197525503,3417303.96,7973486.64,14560,10,10,10,0,0,0,0,0,0,2400255,4065279,5181439,2506206.72,200
1781844505,0,14760,0,200.87,200.07,2088959,2779135,3512319,4833279,9592831,591872,197525503,3405896.69,7920646.89,14760,10,10,10,0,0,0,0,0,0,2467839,4444159,5066751,2575447.04,200
1781844506,0,14960,0,200.86,199.92,2088959,2779135,3512319,4837375,9576447,591872,197525503,3401501.36,7869822.91,14960,10,10,10,0,0,0,0,0,0,2820095,6791167,9068543,3077126.40,200
1781844507,0,15160,0,200.85,200.12,2088959,2779135,3516415,4853759,9469951,591872,197525503,3396209.12,7819262.53,15160,10,10,10,0,0,0,0,0,0,2789375,5165055,5648383,3000349.44,200
1781844508,0,15360,0,200.84,199.96,2089983,2781183,3518463,4861951,9314303,591872,197525503,3393254.42,7769827.55,15360,10,10,10,0,0,0,0,0,0,3053567,6381567,7929855,3169287.68,200
1781844509,0,15560,0,200.82,199.89,2094079,2787327,3518463,4866047,9674751,591872,197525503,3394784.30,7726273.56,15560,10,10,10,0,0,0,0,0,0,2932735,6000639,15671295,3512279.04,200
1781844510,0,15760,0,200.82,200.11,2096127,2789375,3524607,4874239,9871359,591872,197525503,3393422.47,7679676.32,15760,10,10,10,0,0,0,0,0,0,2895871,5398527,10772479,3287472.64,200
1781844511,0,15960,0,200.80,199.91,2099199,2791423,3524607,4861951,9830399,591872,197525503,3387578.16,7632276.47,15960,10,10,10,0,0,0,0,0,0,2973695,4444159,4677631,2927046.40,200
1781844512,0,16160,0,200.79,200.04,2101247,2795519,3528703,4857855,9674751,591872,197525503,3384643.01,7585736.46,16160,10,10,10,0,0,0,0,0,0,3295231,4657151,4780031,3150417.92,200
1781844513,0,16360,0,200.79,200.08,2103295,2797567,3528703,4853759,9592831,591872,197525503,3379586.19,7540059.23,16360,10,10,10,0,0,0,0,0,0,2959359,4395007,5709823,2970995.20,200
1781844514,0,16560,0,200.78,200.03,2101247,2795519,3530751,4841471,9576447,591872,197525503,3372585.96,7495465.03,16560,10,10,10,0,0,0,0,0,0,2689023,4317183,5275647,2799966.72,200
1781844515,0,16760,0,200.77,199.84,2107391,2795519,3526655,4833279,9469951,591872,197525503,3366458.24,7451273.10,16760,10,10,10,0,0,0,0,0,0,2838527,4231167,4370431,2859083.52,200
1781844516,0,16960,0,200.76,200.09,2109439,2797567,3526655,4829183,9314303,591872,197525503,3361427.28,7408126.10,16960,10,10,10,0,0,0,0,0,0,2957311,4620287,5283839,2939832.32,200
1781844517,0,17160,0,200.75,199.96,2109439,2799615,3526655,4825087,9256959,591872,197525503,3356532.87,7365781.13,17160,10,10,10,0,0,0,0,0,0,2924543,4444159,5447679,2941487.36,200
1781844518,0,17360,0,200.74,199.93,2109439,2797567,3526655,4808703,8978431,591872,197525503,3348696.73,7324254.87,17360,10,10,10,0,0,0,0,0,0,2631679,4134911,4730879,2676355.84,200
1781844519,0,17560,0,200.73,200.10,2103295,2795519,3522559,4796415,8921087,591872,197525503,3339009.36,7283538.65,17560,10,10,10,0,0,0,0,0,0,2539519,3977215,4231167,2498145.28,200
1781844520,0,17760,0,200.72,200.06,2101247,2791423,3518463,4796415,8871935,591872,197525503,3330841.53,7243452.55,17760,10,10,10,0,0,0,0,0,0,2498559,4304895,4861951,2613706.24,200
1781844521,0,17960,0,200.71,199.93,2101247,2791423,3516415,4788223,8839167,591872,197525503,3324506.18,7203785.00,17960,10,10,10,0,0,0,0,0,0,2682879,4173823,4698111,2761927.68,200
1781844522,0,18160,0,200.71,199.89,2101247,2789375,3514367,4784127,8716287,591872,197525503,3318455.82,7164878.61,18160,10,10,10,0,0,0,0,0,0,2777087,4358143,5238783,2775133.44,200
1781844523,0,18360,0,200.70,200.09,2101247,2791423,3514367,4780031,8626175,591872,197525503,3313099.31,7126579.54,18360,10,10,10,0,0,0,0,0,0,2922495,4374527,4718591,2826727.68,200
1781844524,0,18560,0,200.69,199.96,2103295,2791423,3510271,4771839,8601599,591872,197525503,3307774.48,7089048.25,18560,10,10,10,0,0,0,0,0,0,2785279,4313087,6041599,2818955.52,200
1781844525,0,18760,0,200.68,200.09,2101247,2787327,3504127,4763647,8544255,591872,197525503,3299969.36,7052073.18,18760,10,10,10,0,0,0,0,0,0,2478079,4048895,4415487,2575654.40,200
1781844526,0,18960,0,200.68,199.98,2101247,2787327,3504127,4763647,8478719,591872,197525503,3294249.01,7015708.50,18960,10,10,10,0,0,0,0,0,0,2621439,4349951,5758975,2757679.36,200
1781844527,0,19160,0,200.67,199.92,2099199,2781183,3500031,4759551,8413183,591872,197525503,3287729.61,6980104.27,19160,10,10,10,0,0,0,0,0,0,2433023,4591615,5910527,2669690.88,200
1781844528,0,19360,0,200.66,200.09,2095103,2779135,3497983,4759551,8368127,591872,197525503,3280770.35,6945347.21,19360,10,10,10,0,0,0,0,0,0,2435071,4599807,6045695,2614073.60,200
1781844529,0,19560,0,200.66,199.89,2095103,2779135,3500031,4759551,8323071,591872,197525503,3276705.47,6910696.32,19560,10,10,10,0,0,0,0,0,0,2783231,4657151,5193727,2883224.32,200
1781844530,0,19760,0,200.65,199.98,2096127,2779135,3497983,4751359,8298495,591872,197525503,3272067.90,6876296.72,19760,10,10,10,0,0,0,0,0,0,2811903,4083711,5390335,2818513.92,200
1781844531,0,19960,0,200.64,200.03,2099199,2783231,3500031,4747263,8237055,591872,197525503,3269713.38,6842454.19,19960,10,10,10,0,0,0,0,0,0,3059711,4554751,5058559,3037086.72,200
1781844532,0,20160,0,200.64,200.15,2099199,2781183,3497983,4747263,8216575,591872,197525503,3264365.85,6809144.27,20160,10,10,10,0,0,0,0,0,0,2596863,4110335,4747263,2730682.88,200
1781844533,0,20360,0,200.63,199.93,2099199,2783231,3500031,4747263,8265727,591872,197525503,3263052.22,6777385.79,20360,10,10,10,0,0,0,0,0,0,2961407,5005311,10199039,3130638.08,200
1781844534,0,20560,0,200.62,199.99,2099199,2781183,3497983,4739071,8228863,591872,197525503,3257124.46,6745225.54,20560,10,10,10,0,0,0,0,0,0,2508799,3964927,5312511,2653678.08,200
1781844535,0,20760,0,200.62,200.08,2101247,2783231,3500031,4730879,8196095,591872,197525503,3254178.96,6713265.14,20760,10,10,10,0,0,0,0,0,0,2994175,4378623,5320703,2951381.76,200
1781844536,0,20960,0,200.61,199.95,2101247,2783231,3495935,4722687,8126463,591872,197525503,3249002.03,6681828.31,20960,10,10,10,0,0,0,0,0,0,2738175,3887103,4378623,2711636.48,200
1781844537,0,21160,0,200.61,199.94,2101247,2783231,3495935,4726783,8093695,591872,197525503,3246511.45,6651031.77,21160,10,10,10,0,0,0,0,0,0,2875391,4939775,5451775,2985498.88,200
1781844538,0,21360,0,200.60,200.02,2103295,2785279,3497983,4722687,8065023,591872,197525503,3244002.52,6620785.99,21360,10,10,10,0,0,0,0,0,0,2899967,4337663,7499775,2978557.44,200
1781844539,0,21560,0,200.59,199.94,2103295,2785279,3497983,4726783,8052735,591872,197525503,3240649.53,6591079.43,21560,10,10,10,0,0,0,0,0,0,2744319,5013503,7036927,2882551.04,200
1781844540,0,21760,0,200.59,200.15,2103295,2783231,3497983,4722687,7983103,591872,197525503,3236740.81,6561579.10,21760,10,10,10,0,0,0,0,0,0,2596863,4403199,6111231,2815380.48,200
1781844541,0,21960,0,200.58,199.84,2103295,2781183,3497983,4718591,7929855,591872,197525503,3233070.76,6532375.17,21960,10,10,10,0,0,0,0,0,0,2623487,4489215,4698111,2833768.96,200
1781844542,0,22160,0,200.58,200.08,2105343,2785279,3500031,4718591,7909375,591872,197525503,3231231.92,6503696.99,22160,10,10,10,0,0,0,0,0,0,3012607,4554751,6692863,3029327.36,200
1781844543,0,22360,0,200.57,199.96,2103295,2785279,3497983,4706303,7839743,591872,197525503,3226180.02,6475284.96,22360,10,10,10,0,0,0,0,0,0,2797567,4034559,4210687,2666429.44,200
1781844544,0,22560,0,200.57,200.02,2107391,2785279,3495935,4706303,7806975,591872,197525503,3222831.02,6447319.72,22560,10,10,10,0,0,0,0,0,0,2772991,4456447,5840895,2848413.44,200
1781844545,0,22760,0,200.56,200.03,2109439,2787327,3497983,4702207,7729151,591872,197525503,3221114.66,6419472.75,22760,10,10,10,0,0,0,0,0,0,3076095,4370431,4808703,3027508.48,200
1781844546,0,22960,0,200.56,200.02,2109439,2789375,3500031,4694015,7684095,591872,197525503,3217673.71,6392078.30,22960,10,10,10,0,0,0,0,0,0,2791423,4296703,4558847,2826094.08,200
1781844547,0,23160,0,200.55,200.01,2109439,2787327,3500031,4689919,7655423,591872,197525503,3214227.17,6365113.80,23160,10,10,10,0,0,0,0,0,0,2750463,4485119,5079039,2818563.84,200
1781844548,0,23360,0,200.55,199.97,2111487,2787327,3500031,4689919,7634943,591872,197525503,3211859.08,6338773.98,23360,10,10,10,0,0,0,0,0,0,2850815,4431871,7143423,2937634.56,200
1781844549,0,23560,0,200.54,199.90,2111487,2789375,3504127,4702207,7909375,591872,197525503,3213901.84,6314212.49,23560,10,10,10,0,0,0,0,0,0,3143679,8536063,9355263,3452496.64,200
1781844550,0,23760,0,200.54,200.07,2111487,2789375,3506175,4702207,7839743,591872,197525503,3211541.71,6288370.88,23760,10,10,10,0,0,0,0,0,0,2834431,4812799,5844991,2933518.08,200
1781844551,0,23960,0,200.54,200.13,2111487,2789375,3502079,4702207,7806975,591872,197525503,3208034.22,6262948.08,23960,10,10,10,0,0,0,0,0,0,2658303,4456447,6885375,2791344.64,200
1781844552,0,24360,0,202.19,399.81,2101247,2785279,3506175,4747263,8175615,482560,197525503,3214137.31,6237703.99,24360,10,10,10,0,0,0,0,0,0,2355199,7798783,27000831,3579712.00,400
1781844553,0,24860,0,204.64,500.00,2066431,2764799,3491839,4726783,8093695,402944,197525503,3182697.77,6179936.40,24860,10,10,10,0,0,0,0,0,0,1461247,3672063,4435967,1650963.71,500
1781844554,0,25360,0,207.05,499.87,2023423,2742271,3477503,4714495,7983103,402944,197525503,3150576.08,6124093.39,25360,10,10,10,0,0,0,0,0,0,1375231,3362815,5181439,1553485.31,500
1781844555,0,25860,0,209.43,500.10,1981439,2719743,3465215,4698111,7905279,402944,197525503,3118006.81,6069828.57,25860,10,10,10,0,0,0,0,0,0,1378303,2455551,4595711,1466093.82,500
1781844556,0,26360,0,211.76,499.77,1946623,2697215,3448831,4681727,7757823,402944,197525503,3090911.65,6016169.93,26360,10,10,10,0,0,0,0,0,0,1496063,3311615,4505599,1689549.82,500
1781844557,0,26859,0,214.05,499.48,1904639,2674687,3434495,4669439,7684095,402944,197525503,3059646.28,5965208.63,26859,10,10,10,0,0,0,0,0,0,1294335,2738175,4849663,1408032.58,499
1781844558,0,27360,0,216.32,500.75,1869823,2654207,3420159,4657151,7634943,402944,197525503,3031666.98,5914698.53,27360,10,10,10,0,0,0,0,0,0,1383423,2990079,4259839,1531675.34,501
1781844559,0,27860,0,218.54,500.12,1835007,2629631,3405823,4644863,7524351,402944,197525503,3004905.19,5865572.98,27860,10,10,10,0,0,0,0,0,0,1412095,3342335,4349951,1540499.97,500
1781844560,0,28360,0,220.73,500.06,1798143,2609151,3393535,4628479,7483391,402944,197525503,2978252.34,5817833.85,28360,10,10,10,0,0,0,0,0,0,1391615,3127295,4448255,1493155.07,500
1781844561,0,28860,0,222.89,500.08,1769471,2588671,3381247,4620287,7430143,392192,197525503,2952854.99,5771509.12,28860,10,10,10,0,0,0,0,0,0,1325055,3426303,5070847,1512317.44,500
1781844562,0,29360,0,225.01,499.72,1738751,2570239,3368959,4616191,7315455,392192,197525503,2928900.01,5726250.76,29360,10,10,10,0,0,0,0,0,0,1379327,3121151,5271551,1546218.50,500
1781844563,0,29860,0,227.11,499.88,1711103,2547711,3356671,4607999,7303167,392192,197525503,2905885.64,5682134.09,29860,10,10,10,0,0,0,0,0,0,1395711,3391487,5730303,1554481.92,500
1781844564,0,30360,0,229.17,500.09,1688575,2525183,3344383,4595711,7258111,392192,197525503,2882862.74,5638734.98,30360,10,10,10,0,0,0,0,0,0,1402879,2656255,3696639,1507935.49,500
1781844565,0,30860,0,231.20,500.06,1667071,2504703,3334143,4591615,7258111,392192,197525503,2863838.86,5597131.40,30860,10,10,10,0,0,0,0,0,0,1415167,4513791,6742015,1708708.86,500
1781844566,0,31360,0,233.19,499.89,1642495,2484223,3321855,4587519,7184383,392192,197525503,2842465.60,5556040.57,31360,10,10,10,0,0,0,0,0,0,1279999,3399679,5050367,1523308.03,500
1781844567,0,31860,0,235.16,499.96,1620991,2459647,3309567,4579327,7139327,392192,197525503,2821445.67,5515705.85,31860,10,10,10,0,0,0,0,0,0,1371135,3344383,4947967,1503075.33,500
1781844568,0,32360,0,237.10,500.13,1600511,2441215,3297279,4571135,7118847,392192,197525503,2800421.25,5476425.31,32360,10,10,10,0,0,0,0,0,0,1286143,3278847,4653055,1460745.22,500
1781844569,0,32860,0,239.02,500.17,1583103,2418687,3287039,4567039,7036927,392192,197525503,2781622.57,5437999.76,32860,10,10,10,0,0,0,0,0,0,1342463,3760127,5144575,1564972.29,500
1781844570,0,33360,0,240.90,499.86,1566719,2400255,3274751,4562943,7036927,392192,197525503,2763156.32,5400599.85,33360,10,10,10,0,0,0,0,0,0,1358847,3039231,6594559,1549553.92,500
1781844571,0,33860,0,242.76,499.90,1548287,2377727,3262463,4554751,6995967,359424,197525503,2744142.75,5363712.35,33860,10,10,10,0,0,0,0,0,0,1318911,3436543,4841471,1475557.38,500
1781844572,0,34360,0,244.59,500.14,1531903,2357247,3252223,4546559,6975487,359424,197525503,2726770.08,5327551.84,34360,10,10,10,0,0,0,0,0,0,1306623,3471359,4620287,1550293.25,500
1781844573,0,34859,0,246.39,499.06,1515519,2336767,3241983,4538367,6938623,359424,197525503,2709435.21,5292182.30,34859,10,10,10,0,0,0,0,0,0,1308671,3416063,4575231,1515795.49,499
1781844574,0,35360,0,248.17,500.82,1502207,2318335,3231743,4530175,6889471,359424,197525503,2692472.37,5257527.07,35360,10,10,10,0,0,0,0,0,0,1301503,3540991,5332991,1512217.29,501
1781844575,0,35860,0,249.93,500.10,1486847,2295807,3217407,4517887,6860799,359424,197525503,2674217.84,5223508.00,35860,10,10,10,0,0,0,0,0,0,1286143,2424831,3954687,1383257.60,500
1781844576,0,36360,0,251.66,500.14,1470463,2271231,3205119,4509695,6832127,359424,197525503,2656086.78,5190352.49,36360,10,10,10,0,0,0,0,0,0,1223679,2557951,4227071,1355727.10,500
1781844577,0,36860,0,253.37,500.00,1454079,2248703,3192831,4501503,6782975,359424,197525503,2639040.28,5157815.42,36860,10,10,10,0,0,0,0,0,0,1236991,2865151,4329471,1399419.39,500
1781844578,0,37360,0,255.05,499.88,1442815,2228223,3182591,4493311,6750207,359424,197525503,2624179.34,5125709.73,37360,10,10,10,0,0,0,0,0,0,1337343,3379199,4988927,1528630.78,500
1781844579,0,37860,0,256.71,500.06,1431551,2207743,3172351,4485119,6729727,359424,197525503,2609732.43,5094107.54,37860,10,10,10,0,0,0,0,0,0,1370111,3409919,4288511,1530258.69,500
1781844580,0,38360,0,258.35,499.75,1421311,2187263,3158015,4476927,6692863,359424,197525503,2595337.90,5063037.74,38360,10,10,10,0,0,0,0,0,0,1337343,2783231,4755455,1505384.45,500
1781844581,0,38856,0,259.94,496.33,1407999,2164735,3145727,4468735,6643711,359424,197525503,2579130.95,5033045.89,38856,10,10,10,0,0,0,0,0,0,1265663,2322431,3758079,1325706.06,496
1781844582,0,39360,0,261.56,503.82,1400831,2146303,3137535,4464639,6692863,359424,197525503,2572028.98,5013999.74,39360,10,10,10,0,0,0,0,0,0,1435647,4095999,23527423,2024501.33,504
1781844583,0,39860,0,263.14,500.13,1389567,2125823,3125247,4456447,6643711,359424,197525503,2556373.62,4984740.71,39860,10,10,10,0,0,0,0,0,0,1259519,2408447,2789375,1323983.87,500
1781844584,0,40360,0,264.69,499.65,1381375,2107391,3117055,4452351,6610943,359424,197525503,2544007.49,4956102.09,40360,10,10,10,0,0,0,0,0,0,1337343,3244031,5627903,1558179.33,500
1781844585,0,40860,0,266.22,500.11,1372159,2087935,3104767,4444159,6590463,359424,197525503,2529605.20,4927877.82,40860,10,10,10,0,0,0,0,0,0,1246207,2582527,3418111,1367052.03,500
1781844586,0,41360,0,267.74,500.19,1361919,2070527,3092479,4435967,6533119,359424,197525503,2515375.47,4900241.80,41360,10,10,10,0,0,0,0,0,0,1217535,2627583,3887103,1352521.98,500
1781844587,0,41860,0,269.23,499.99,1353727,2050047,3080191,4427775,6500351,359424,197525503,2502384.58,4872861.03,41860,10,10,10,0,0,0,0,0,0,1323007,2668543,3872767,1427778.05,500
1781844588,0,42360,0,270.70,499.77,1345535,2030591,3069951,4419583,6451199,359424,197525503,2489662.69,4845916.21,42360,10,10,10,0,0,0,0,0,0,1337343,2717695,3573759,1424586.75,500
1781844589,0,42860,0,272.16,500.19,1339391,2012159,3057663,4411391,6434815,359424,197525503,2476891.17,4819506.05,42860,10,10,10,0,0,0,0,0,0,1332223,2330623,4018175,1394887.94,500
1781844590,0,43360,0,273.60,499.76,1332223,1997823,3047423,4407295,6406143,359424,197525503,2466297.90,4793763.85,43360,10,10,10,0,0,0,0,0,0,1336319,3452927,4993023,1558242.82,500
1781844591,0,43860,0,275.02,499.94,1325055,1981439,3035135,4399103,6361087,359424,197525503,2453727.92,4768244.90,43860,10,10,10,0,0,0,0,0,0,1266687,2322431,4304895,1363659.01,500
1781844592,0,44360,0,276.42,500.41,1315839,1963007,3024895,4395007,6336511,359424,197525503,2441628.88,4743262.13,44360,10,10,10,0,0,0,0,0,0,1228799,2836479,4052991,1380300.54,500
1781844593,0,44860,0,277.80,499.67,1307647,1947647,3014655,4386815,6316031,359424,197525503,2429941.55,4718566.49,44860,10,10,10,0,0,0,0,0,0,1248255,2859007,3833855,1393042.18,500
1781844594,0,45360,0,279.17,499.94,1303551,1934335,3004415,4378623,6291455,359424,197525503,2419170.63,4694167.10,45360,10,10,10,0,0,0,0,0,0,1329151,2807807,4192255,1452803.58,500
1781844595,0,45860,0,280.52,500.02,1297407,1918975,2996223,4370431,6262783,359424,197525503,2407782.02,4670278.28,45860,10,10,10,0,0,0,0,0,0,1276927,2535423,3909631,1374607.10,500
1781844596,0,46360,0,281.86,500.41,1291263,1906687,2985983,4362239,6242303,359424,197525503,2397316.93,4646656.26,46360,10,10,10,0,0,0,0,0,0,1292287,2988031,3831807,1437458.69,500
1781844597,0,46860,0,283.18,499.70,1284095,1891327,2975743,4349951,6217727,359424,197525503,2385658.45,4623545.21,46860,10,10,10,0,0,0,0,0,0,1216511,2252799,3461119,1304684.54,500
1781844598,0,47360,0,284.48,500.05,1276927,1879039,2965503,4345855,6201343,359424,197525503,2374972.70,4600907.78,47360,10,10,10,0,0,0,0,0,0,1198079,3141631,4521983,1373504.51,500
1781844599,0,47860,0,285.76,500.03,1270783,1863679,2953215,4341759,6180863,359424,197525503,2364078.32,4578459.49,47860,10,10,10,0,0,0,0,0,0,1265663,2215935,3444735,1332162.56,500
1781844600,0,48360,0,287.04,500.10,1265663,1850367,2945023,4333567,6156287,359424,197525503,2353841.07,4556352.52,48360,10,10,10,0,0,0,0,0,0,1294335,2312191,4214783,1373931.78,500
1781844601,0,48860,0,288.29,499.83,1260543,1839103,2934783,4325375,6123519,359424,197525503,2345157.29,4534419.93,48860,10,10,10,0,0,0,0,0,0,1350655,3217407,3999743,1505261.57,500
1781844602,0,49360,0,289.54,500.31,1257471,1830911,2924543,4325375,6111231,359424,197525503,2337439.95,4512945.88,49360,10,10,10,0,0,0,0,0,0,1380351,3700735,4804607,1583301.12,500
1781844603,0,49860,0,290.76,499.92,1252351,1819647,2916351,4321279,6086655,359424,197525503,2329163.82,4491794.55,49860,10,10,10,0,0,0,0,0,0,1341439,3323903,4968447,1512144.64,500
1781844604,0,50360,0,291.98,500.06,1250303,1811455,2908159,4317183,6045695,359424,197525503,2322273.62,4470833.66,50360,10,10,10,0,0,0,0,0,0,1430527,3807231,4747263,1635183.10,500
1781844605,0,50860,0,293.18,499.99,1246207,1802239,2897919,4313087,6041599,359424,197525503,2314682.16,4450232.18,50860,10,10,10,0,0,0,0,0,0,1330175,3610623,4235263,1550070.27,500
1781844606,0,51360,0,294.36,499.83,1243135,1790975,2887679,4304895,6025215,359424,197525503,2305640.37,4429922.11,51360,10,10,10,0,0,0,0,0,0,1292287,2541567,3799039,1385909.50,500
1781844607,0,51860,0,295.53,500.21,1239039,1783807,2877439,4300799,6000639,359424,197525503,2297556.47,4410116.81,51860,10,10,10,0,0,0,0,0,0,1291263,2975743,4980735,1467178.24,500
1781844608,0,52360,0,296.69,499.97,1234943,1775615,2867199,4292607,5984255,359424,197525503,2288777.38,4390417.90,52360,10,10,10,0,0,0,0,0,0,1292287,2592767,3604479,1378210.56,500
1781844609,0,52860,0,297.84,499.63,1232895,1767423,2856959,4288511,5976063,359424,197525503,2281286.90,4371100.86,52860,10,10,10,0,0,0,0,0,0,1361919,2840575,5349375,1496883.20,500
1781844610,0,53360,0,298.97,500.07,1228799,1758207,2846719,4284415,5967871,359424,197525503,2273095.94,4352012.16,53360,10,10,10,0,0,0,0,0,0,1290239,2482175,5525503,1407147.26,500
1781844611,0,53859,0,300.08,499.15,1225727,1751039,2836479,4276223,5951487,359424,197525503,2265584.18,4333000.53,53859,10,10,10,0,0,0,0,0,0,1387519,2844671,4052991,1462323.56,499
1781844612,0,54193,0,300.27,334.14,1225727,1750015,2836479,4280319,5959679,359424,197525503,2263745.96,4320788.90,54193,10,10,10,0,0,0,0,0,0,1546239,4640767,6373375,1967324.74,334
1781844613,0,54400,0,299.76,206.93,1226751,1753087,2838527,4280319,5951487,359424,197525503,2264960.20,4313056.65,54400,10,10,10,0,0,0,0,0,0,2519039,4296703,5668863,2582850.78,207
1781844614,0,54590,0,299.16,189.93,1227775,1755135,2838527,4276223,5951487,359424,197525503,2265751.10,4305803.99,54590,10,10,10,0,0,0,0,0,0,2539519,3833855,4194303,2492196.38,190
1781844615,0,54796,0,298.65,206.15,1229823,1758207,2842623,4276223,5947391,359424,197525503,2267384.21,4298254.25,54796,10,10,10,0,0,0,0,0,0,2603007,4182015,5718015,2700158.76,206
1781844616,0,55000,0,298.13,203.88,1230847,1761279,2844671,4276223,5943295,359424,197525503,2268169.47,4290622.54,55000,10,10,10,0,0,0,0,0,0,2408447,3948543,4366335,2479096.47,204
1781844617,0,55198,0,297.60,198.11,1232895,1764351,2846719,4276223,5939199,359424,197525503,2269154.20,4283298.22,55198,10,10,10,0,0,0,0,0,0,2590719,4259839,5115903,2542690.26,198
1781844618,0,55396,0,297.06,198.00,1233919,1767423,2846719,4272127,5935103,359424,197525503,2269529.42,4275855.70,55396,10,10,10,0,0,0,0,0,0,2367487,3708927,4067327,2374133.66,198
1781844619,0,55599,0,296.56,202.94,1234943,1769471,2846719,4272127,5935103,359424,197525503,2270033.66,4268413.84,55599,10,10,10,0,0,0,0,0,0,2314239,3938303,4751359,2407633.34,203
1781844620,0,55793,0,296.02,194.06,1235967,1771519,2846719,4268031,5918719,359424,197525503,2269752.35,4261250.77,55793,10,10,10,0,0,0,0,0,0,2189311,3663871,4317183,2189131.22,194
1781844621,0,56000,0,295.54,206.86,1236991,1772543,2844671,4268031,5914623,359424,197525503,2269113.32,4253699.87,56000,10,10,10,0,0,0,0,0,0,2034687,3516415,5165055,2096874.98,207
1781844622,0,56199,0,295.04,199.12,1238015,1772543,2842623,4263935,5914623,359424,197525503,2268454.08,4246439.57,56199,10,10,10,0,0,0,0,0,0,2052095,3258367,4120575,2082938.21,199
1781844623,0,56400,0,294.55,200.90,1239039,1775615,2844671,4263935,5902335,359424,197525503,2269103.40,4239285.83,56400,10,10,10,0,0,0,0,0,0,2377727,4288511,5218303,2450652.34,201
1781844624,0,56597,0,294.04,197.04,1239039,1776639,2842623,4263935,5902335,359424,197525503,2268846.31,4232110.83,56597,10,10,10,0,0,0,0,0,0,2140159,3469311,4251647,2195241.58,197
1781844625,0,56800,0,293.57,203.04,1240063,1778687,2842623,4263935,5894143,359424,197525503,2268524.86,4224898.49,56800,10,10,10,0,0,0,0,0,0,1971199,4005887,4304895,2178903.01,203
1781844626,0,57000,0,293.09,199.92,1241087,1780735,2844671,4263935,5885951,359424,197525503,2269647.82,4217883.87,57000,10,10,10,0,0,0,0,0,0,2504703,4579327,4849663,2588570.88,200
1781844627,0,57195,0,292.59,195.12,1242111,1781759,2844671,4259839,5885951,359424,197525503,2269314.13,4210956.65,57195,10,10,10,0,0,0,0,0,0,2123775,3465215,3790847,2171772.72,195
1781844628,0,57394,0,292.11,198.95,1242111,1782783,2842623,4259839,5877759,359424,197525503,2268588.21,4203988.03,57394,10,10,10,0,0,0,0,0,0,1984511,3778559,4640767,2059950.95,199
1781844629,0,57596,0,291.65,202.05,1242111,1783807,2842623,4259839,5869567,359424,197525503,2268149.37,4197004.03,57596,10,10,10,0,0,0,0,0,0,1925119,3966975,4673535,2143460.12,202
1781844630,0,57800,0,291.21,203.99,1243135,1785855,2844671,4259839,5865471,359424,197525503,2268648.47,4190001.38,57800,10,10,10,0,0,0,0,0,0,2328575,4069375,4370431,2409561.10,204
1781844631,0,57999,0,290.75,199.00,1244159,1786879,2844671,4259839,5865471,359424,197525503,2269206.04,4183253.17,57999,10,10,10,0,0,0,0,0,0,2250751,4452351,5386239,2431153.53,199
1781844632,0,58200,0,290.30,200.88,1245183,1789951,2848767,4259839,5865471,359424,197525503,2270620.11,4176620.18,58200,10,10,10,0,0,0,0,0,0,2744319,4390911,6631423,2678652.82,201
1781844633,0,58400,0,289.85,199.95,1247231,1793023,2850815,4259839,5869567,359424,197525503,2272304.44,4169940.67,58400,10,10,10,0,0,0,0,0,0,2727935,4669439,6168575,2762446.08,200
1781844634,0,58599,0,289.41,199.16,1248255,1796095,2852863,4259839,5865471,359424,197525503,2273267.95,4163197.84,58599,10,10,10,0,0,0,0,0,0,2486271,4227071,4861951,2556026.21,199
1781844635,0,58794,0,288.94,194.86,1249279,1799167,2852863,4259839,5857279,359424,197525503,2273833.01,4156541.73,58794,10,10,10,0,0,0,0,0,0,2447359,3835903,4169727,2443636.84,195
1781844636,0,59000,0,288.54,206.01,1250303,1802239,2854911,4259839,5849087,359424,197525503,2274817.13,4149669.69,59000,10,10,10,0,0,0,0,0,0,2572287,3966975,5631999,2555693.98,206
1781844637,0,59194,0,288.08,194.15,1252351,1805311,2859007,4259839,5865471,359424,197525503,2276743.41,4143610.90,59194,10,10,10,0,0,0,0,0,0,2705407,5214207,7430143,2862572.21,194
1781844638,0,59394,0,287.65,199.99,1253375,1808383,2859007,4259839,5877759,359424,197525503,2277942.56,4137318.22,59394,10,10,10,0,0,0,0,0,0,2482175,4173823,7548927,2632852.48,200
1781844639,0,59600,0,287.26,205.92,1254399,1811455,2861055,4259839,5869567,359424,197525503,2278984.66,4130536.82,59600,10,10,10,0,0,0,0,0,0,2543615,4153343,4481023,2579444.82,206
1781844640,0,59794,0,286.81,194.10,1255423,1814527,2863103,4259839,5873663,359424,197525503,2279914.16,4124219.03,59794,10,10,10,0,0,0,0,0,0,2519039,4108287,5914623,2565472.33,194
1781844641,0,59998,0,286.41,203.97,1256447,1817599,2865151,4259839,5881855,359424,197525503,2281156.40,4117814.15,59998,10,10,10,0,0,0,0,0,0,2469887,4214783,7569407,2645265.57,204
1781844642,0,60195,0,285.99,196.91,1258495,1820671,2867199,4255743,5885951,359424,197525503,2281993.22,4111490.38,60195,10,10,10,0,0,0,0,0,0,2519039,3934207,7061503,2536854.74,197
1781844643,0,60400,0,285.61,204.95,1259519,1823743,2867199,4255743,5877759,359424,197525503,2282698.89,4104872.73,60400,10,10,10,0,0,0,0,0,0,2369535,3794943,5283839,2489907.20,205
1781844644,0,60600,0,285.20,199.98,1260543,1826815,2871295,4255743,5869567,359424,197525503,2283764.49,4098433.28,60600,10,10,10,0,0,0,0,0,0,2605055,4124671,4591615,2605575.68,200
1781844645,0,60800,0,284.80,200.05,1262591,1828863,2873343,4255743,5869567,359424,197525503,2284545.00,4092042.05,60800,10,10,10,0,0,0,0,0,0,2490367,3977215,4841471,2521040.64,200
1781844646,0,60995,0,284.39,195.13,1263615,1830911,2875391,4251647,5865471,359424,197525503,2285109.43,4085795.35,60995,10,10,10,0,0,0,0,0,0,2494463,3790847,4139007,2461094.73,195
1781844647,0,61200,0,284.02,204.83,1264639,1833983,2877439,4251647,5869567,359424,197525503,2286335.26,4079570.48,61200,10,10,10,0,0,0,0,0,0,2551807,4304895,7524351,2651063.57,205
1781844648,0,61400,0,283.63,199.98,1265663,1835007,2875391,4251647,5869567,359424,197525503,2285463.51,4073207.77,61400,10,10,10,0,0,0,0,0,0,1923071,3682303,4366335,2018709.76,200
1781844649,0,61598,0,283.24,198.17,1265663,1836031,2875391,4247551,5865471,359424,197525503,2285292.39,4066888.67,61598,10,10,10,0,0,0,0,0,0,2174975,3518463,3901439,2232226.91,198
1781844650,0,61795,0,282.84,196.97,1266687,1837055,2875391,4247551,5857279,359424,197525503,2284998.56,4060751.06,61795,10,10,10,0,0,0,0,0,0,2115583,3831807,4419583,2193124.71,197
1781844651,0,61998,0,282.48,202.97,1267711,1840127,2875391,4247551,5853183,359424,197525503,2285471.49,4054465.61,61998,10,10,10,0,0,0,0,0,0,2340863,4751359,5124095,2429433.69,203
1781844652,0,62200,0,282.11,201.95,1267711,1840127,2873343,4247551,5844991,359424,197525503,2284565.71,4048224.93,62200,10,10,10,0,0,0,0,0,0,1854463,3753983,4210687,2006564.75,202
1781844653,0,62400,0,281.74,199.94,1267711,1841151,2873343,4247551,5840895,359424,197525503,2283796.57,4042064.67,62400,10,10,10,0,0,0,0,0,0,1961983,3917823,4321279,2044593.92,200
1781844654,0,62600,0,281.37,200.05,1268735,1843199,2873343,4243455,5840895,359424,197525503,2283791.72,4035918.67,62600,10,10,10,0,0,0,0,0,0,2217983,3794943,4171775,2282277.12,200
1781844655,0,62797,0,281.00,197.09,1269759,1845247,2875391,4243455,5840895,359424,197525503,2284785.93,4030096.87,62797,10,10,10,0,0,0,0,0,0,2428927,4804607,5660671,2600711.80,197
1781844656,0,62994,0,280.62,196.97,1270783,1848319,2875391,4247551,5840895,359424,197525503,2285900.72,4024307.59,62994,10,10,10,0,0,0,0,0,0,2430975,4935679,6299647,2641261.16,197
1781844657,0,63194,0,280.26,200.04,1271807,1849343,2875391,4247551,5853183,359424,197525503,2286314.08,4018500.56,63194,10,10,10,0,0,0,0,0,0,2271231,4612095,7303167,2416509.44,200
1781844658,0,63398,0,279.93,203.95,1272831,1852415,2877439,4247551,5849087,359424,197525503,2287015.46,4012390.66,63398,10,10,10,0,0,0,0,0,0,2490367,4202495,4694015,2504284.86,204
1781844659,0,63597,0,279.57,199.06,1274879,1854463,2879487,4247551,5869567,359424,197525503,2288749.17,4007040.21,63597,10,10,10,0,0,0,0,0,0,2555903,6139903,8929279,2841077.71,199
1781844660,0,63797,0,279.22,200.01,1275903,1857535,2881535,4247551,5869567,359424,197525503,2290001.34,4001211.54,63797,10,10,10,0,0,0,0,0,0,2672639,4100095,4947967,2688174.08,200
1781844661,0,63999,0,278.89,202.01,1276927,1860607,2883583,4247551,5865471,359424,197525503,2291199.02,3995226.85,63999,10,10,10,0,0,0,0,0,0,2711551,3889151,4354047,2669457.74,202
1781844662,0,64200,0,278.55,200.95,1277951,1862655,2885631,4247551,5853183,359424,197525503,2291416.18,3989241.91,64200,10,10,10,0,0,0,0,0,0,2465791,3672063,4136959,2360561.99,201
1781844663,0,64400,0,278.21,199.92,1277951,1863679,2883583,4243455,5849087,359424,197525503,2291253.37,3983384.41,64400,10,10,10,0,0,0,0,0,0,2246655,3829759,4698111,2238990.08,200
1781844664,0,64594,0,277.85,194.01,1279999,1865727,2885631,4247551,5873663,359424,197525503,2292052.83,3978006.53,64594,10,10,10,0,0,0,0,0,0,2287615,5996543,6852607,2557441.32,194
1781844665,0,64794,0,277.51,200.02,1281023,1868799,2887679,4247551,5885951,359424,197525503,2293640.14,3972583.07,64794,10,10,10,0,0,0,0,0,0,2592767,4710399,7692287,2806293.76,200
1781844666,0,64996,0,277.19,202.08,1282047,1870847,2889727,4247551,5894143,359424,197525503,2294573.89,3966919.71,64996,10,10,10,0,0,0,0,0,0,2426879,4052991,6377471,2594086.02,202
1781844667,0,65199,0,276.88,202.97,1283071,1872895,2889727,4247551,5894143,359424,197525503,2295249.09,3961138.62,65199,10,10,10,0,0,0,0,0,0,2416639,4167679,4603903,2511431.88,203
1781844668,0,65398,0,276.55,199.01,1284095,1874943,2891775,4243455,5885951,359424,197525503,2295570.56,3955383.77,65398,10,10,10,0,0,0,0,0,0,2408447,3827711,4210687,2400894.07,199
1781844669,0,65597,0,276.22,199.04,1285119,1876991,2893823,4243455,5885951,359424,197525503,2296653.61,3949795.81,65597,10,10,10,0,0,0,0,0,0,2744319,4415487,5529599,2652581.95,199
1781844670,0,65800,0,275.91,202.90,1286143,1879039,2895871,4247551,5902335,359424,197525503,2298198.07,3944480.03,65800,10,10,10,0,0,0,0,0,0,2709503,4997119,7139327,2797271.65,203
1781844671,0,65995,0,275.58,195.05,1287167,1881087,2897919,4247551,5918719,359424,197525503,2299499.74,3939367.11,65995,10,10,10,0,0,0,0,0,0,2570239,5844991,7376895,2738728.70,195
1781844672,0,66681,0,277.28,685.94,1292287,1898495,2930687,4382719,8806399,359424,197525503,2442536.30,4348893.42,66681,10,10,10,0,0,0,0,0,0,12328959,41091071,51707903,16203028.52,686
1781844673,0,67686,0,280.30,1005.18,1300479,1922047,2981887,4681727,17596415,359424,197525503,2612021.47,4642155.10,67686,10,10,10,0,0,0,0,0,0,11993087,29720575,38043647,13857236.19,1005
1781844674,0,68679,0,283.24,992.66,1307647,1947647,3031039,5238783,21807103,359424,197525503,2793353.25,4947957.60,68679,10,10,10,0,0,0,0,0,0,14172159,30408703,36732927,15153496.94,993
1781844675,0,69689,0,286.22,1010.06,1315839,1973247,3082239,5996543,22233087,359424,197525503,2882025.84,5009026.49,69689,10,10,10,0,0,0,0,0,0,7655423,19316735,26951679,8911674.30,1010
1781844676,0,70686,0,289.13,996.88,1324031,1999871,3131391,7688191,23707647,359424,197525503,3035355.68,5222354.29,70686,10,10,10,0,0,0,0,0,0,12517375,29769727,40828927,13752911.34,997
1781844677,0,71678,0,291.99,992.46,1331199,2024447,3180543,8773631,24166399,359424,197525503,3128257.31,5301492.87,71678,10,10,10,0,0,0,0,0,0,8085503,22315007,30883839,9748060.39,992
1781844678,0,72690,0,294.91,1011.49,1339391,2052095,3229695,9560063,24215551,359424,197525503,3203178.37,5335006.98,72690,10,10,10,0,0,0,0,0,0,7495679,17973247,24477695,8509691.95,1012
1781844679,0,73687,0,297.75,996.56,1347583,2077695,3278847,10600447,24428543,359424,197525503,3295609.81,5404525.66,73687,10,10,10,0,0,0,0,0,0,8888319,22069247,30572543,10034668.49,997
1781844680,0,74690,0,300.59,1003.53,1354751,2105343,3332095,11567103,24707071,359424,197525503,3398728.97,5489540.26,74690,10,10,10,0,0,0,0,0,0,9773055,21397503,30638079,10974543.38,1003
1781844681,0,75689,0,303.39,998.88,1361919,2129919,3381247,11976703,24739839,359424,197525503,3464952.11,5516635.27,75689,10,10,10,0,0,0,0,0,0,7327743,18579455,25575423,8416109.42,999
1781844682,0,76686,0,306.16,997.44,1369087,2156543,3432447,12468223,24854527,359424,197525503,3539977.16,5562023.92,76686,10,10,10,0,0,0,0,0,0,7933951,20660223,26247167,9235634.84,997
1781844683,0,77689,0,308.93,1002.19,1376255,2185215,3485695,12984319,25034751,359424,197525503,3630997.90,5626996.87,77689,10,10,10,0,0,0,0,0,0,9822207,22495231,28868607,10590137.30,1003
1781844684,0,78692,0,311.68,1003.68,1383423,2211839,3545087,13369343,25198591,359424,197525503,3716187.46,5686513.92,78692,10,10,10,0,0,0,0,0,0,9125887,22544383,29425663,10314683.34,1003
1781844685,0,79678,0,314.34,986.23,1390591,2240511,3604479,13737983,25231359,359424,197525503,3796749.78,5735107.32,79678,10,10,10,0,0,0,0,0,0,9314303,20447231,28180479,10226374.62,986
1781844686,0,80683,0,317.05,1004.95,1397759,2269183,3674111,14000127,25198591,359424,197525503,3872733.07,5762372.73,80683,10,10,10,0,0,0,0,0,0,9297919,18350079,22724607,9896809.46,1005
1781844687,0,81690,0,319.75,1006.85,1404927,2297855,3737599,14286847,25280511,359424,197525503,3948992.45,5806398.28,81690,10,10,10,0,0,0,0,0,0,8880127,22560767,27197439,10059057.83,1007
1781844688,0,82690,0,322.40,999.91,1412095,2322431,3796991,14417919,25247743,359424,197525503,3996373.19,5811530.00,82690,10,10,10,0,0,0,0,0,0,6545407,16621567,21364735,7866905.86,1000
1781844689,0,83688,0,325.03,998.00,1420287,2349055,3866623,14573567,25198591,359424,197525503,4053232.33,5825272.24,83688,10,10,10,0,0,0,0,0,0,7634943,18497535,22691839,8764336.22,998
1781844690,0,84690,0,327.65,1001.49,1428479,2377727,3942399,14729215,25182207,359424,197525503,4105637.70,5834032.65,84690,10,10,10,0,0,0,0,0,0,7245823,17498111,24313855,8482585.04,1002
1781844691,0,85687,0,330.23,997.65,1434623,2404351,4020223,14770175,25182207,359424,197525503,4151703.81,5837557.75,85687,10,10,10,0,0,0,0,0,0,7200767,17825791,22659071,8064781.35,997
1781844692,0,86689,0,332.80,1001.28,1441791,2428927,4100095,14868479,25182207,359424,197525503,4203367.17,5848886.12,86689,10,10,10,0,0,0,0,0,0,7237631,18268159,25133055,8621409.85,1002
1781844693,0,87681,0,335.32,992.00,1451007,2457599,4206591,15237119,25231359,359424,197525503,4297454.77,5912027.57,87681,10,10,10,0,0,0,0,0,0,12402687,22740991,27803647,12519591.74,992
1781844694,0,88687,0,337.88,1006.09,1458175,2488319,4321279,15769599,25509887,359424,197525503,4419490.33,6032539.18,88687,10,10,10,0,0,0,0,0,0,14753791,26869759,33193983,15055872.00,1006
1781844695,0,89690,0,340.40,1003.22,1466367,2512895,4419583,15769599,25509887,359424,197525503,4457171.86,6030626.38,89690,10,10,10,0,0,0,0,0,0,6848511,15851519,22085631,7789037.88,1003
1781844696,0,90692,0,342.91,1002.18,1473535,2537471,4521983,15826943,25509887,359424,197525503,4502843.42,6036713.25,90692,10,10,10,0,0,0,0,0,0,7327743,18366463,23642111,8590949.68,1002
1781844697,0,91690,0,345.37,998.23,1478655,2555903,4587519,15794175,25460735,359424,197525503,4514323.11,6016834.36,91690,10,10,10,0,0,0,0,0,0,4726783,12689407,17121279,5557525.29,998
1781844698,0,92690,0,347.83,1000.20,1485823,2584575,4722687,15876095,25444351,359424,197525503,4564382.27,6027649.74,92690,10,10,10,0,0,0,0,0,0,7577599,19677183,24870911,9154306.82,1000
1781844699,0,93686,0,350.25,995.74,1491967,2603007,4841471,15876095,25427967,359424,197525503,4590870.86,6018695.33,93686,10,10,10,0,0,0,0,0,0,6217727,16220159,22102015,7055958.88,996
1781844700,0,94690,0,352.69,1004.25,1499135,2621439,4915199,15884287,25395199,359424,197525503,4609838.61,6008187.90,94690,10,10,10,0,0,0,0,0,0,5148671,16171007,20545535,6379771.41,1004
1781844701,0,95690,0,355.09,1000.01,1504255,2637823,4964351,15826943,25346047,288512,197525503,4612603.17,5984978.94,95690,10,10,10,0,0,0,0,0,0,4362239,10846207,14524415,4874379.14,1000
1781844702,0,96688,0,357.47,997.31,1509375,2650111,5025791,15826943,25346047,288512,197525503,4626676.32,5979173.70,96688,10,10,10,0,0,0,0,0,0,4579327,16498687,30900223,5976034.89,998
1781844703,0,97690,0,359.84,1002.36,1514495,2666495,5099519,15892479,25313279,288512,197525503,4654044.86,5979174.07,97690,10,10,10,0,0,0,0,0,0,5582847,18530303,22773759,7294972.55,1002
1781844704,0,98673,0,362.13,983.12,1521663,2686975,5218303,16023551,25411583,288512,197525503,4709016.40,6015872.28,98673,10,10,10,0,0,0,0,0,0,9355263,22183935,34242559,10172057.52,983
1781844705,0,99690,0,364.52,1017.19,1525759,2695167,5222399,16007167,25411583,288512,197525503,4708604.44,6003298.35,99690,10,10,10,0,0,0,0,0,0,3430399,11542527,28622847,4668635.00,1017
1781844706,0,100693,0,366.85,1002.99,1529855,2707455,5234687,15958015,25378815,288512,197525503,4704145.02,5980392.77,100693,10,10,10,0,0,0,0,0,0,3610623,10133503,14188543,4260915.05,1003
1781844707,0,101698,0,369.17,1004.56,1533951,2713599,5230591,15900671,25329663,288512,197525503,4697796.03,5957649.61,101698,10,10,10,0,0,0,0,0,0,3512319,9977855,14106623,4061677.15,1005
1781844708,0,102694,0,371.43,996.49,1541119,2729983,5296127,15917055,25313279,288512,197525503,4716533.76,5949500.58,102694,10,10,10,0,0,0,0,0,0,5427199,17039359,23019519,6629776.45,996
1781844709,0,103690,0,373.68,995.18,1545215,2744319,5320703,15859711,25264127,288512,197525503,4718750.64,5928438.66,103690,10,10,10,0,0,0,0,0,0,4243455,10911743,14778367,4947325.69,996
1781844710,0,104685,0,375.91,995.02,1551359,2760703,5398527,15925247,25313279,288512,197525503,4748811.84,5941800.01,104685,10,10,10,0,0,0,0,0,0,5980159,21774335,31457279,7881521.14,995
1781844711,0,105689,0,378.16,1004.52,1558527,2783231,5521407,16064511,25411583,288512,197525503,4802491.89,5970937.15,105689,10,10,10,0,0,0,0,0,0,8978431,22495231,29442047,10399599.68,1004
1781844712,0,106690,0,380.38,1000.61,1564671,2809855,5627903,16089087,25378815,288512,197525503,4837988.38,5970622.46,106690,10,10,10,0,0,0,0,0,0,7823359,17121279,21250047,8585828.38,1001
1781844713,0,107690,0,382.59,1000.57,1571839,2834431,5718015,16162815,25444351,288512,197525503,4879825.62,5988656.24,107690,10,10,10,0,0,0,0,0,0,7897087,22282239,28065791,9343441.66,1000
1781844714,0,108690,0,384.77,999.90,1577983,2854911,5824511,16244735,25460735,288512,197525503,4922730.97,6002230.40,108690,10,10,10,0,0,0,0,0,0,8708095,20021247,26017791,9543207.17,1000
1781844715,0,109690,0,386.94,999.92,1585151,2873343,5869567,16211967,25411583,288512,197525503,4937933.58,5990082.07,109690,10,10,10,0,0,0,0,0,0,5574655,14663679,19972095,6590305.54,1000
1781844716,0,110689,0,389.09,998.91,1590271,2893823,5926911,16211967,25411583,288512,197525503,4956956.71,5982062.17,110689,10,10,10,0,0,0,0,0,0,5873663,16187391,22872063,7045692.73,999
1781844717,0,111691,0,391.24,1001.50,1597439,2916351,6000639,16277503,25427967,288512,197525503,4990210.93,5988945.50,111691,10,10,10,0,0,0,0,0,0,7401471,19677183,28000255,8663739.91,1002
1781844718,0,112690,0,393.36,999.66,1603583,2936831,6082559,16310271,25444351,288512,197525503,5019969.18,5992162.80,112690,10,10,10,0,0,0,0,0,0,7045119,18153471,27246591,8347024.78,999
1781844719,0,113690,0,395.47,999.25,1610751,2959359,6172671,16318463,25411583,288512,197525503,5049626.65,5988908.44,113690,10,10,10,0,0,0,0,0,0,7860223,16564223,20676607,8391727.36,1000
1781844720,0,114687,0,397.55,996.91,1617919,2977791,6213631,16293887,25395199,288512,197525503,5060618.98,5974370.29,114687,10,10,10,0,0,0,0,0,0,5505023,13598719,18989055,6314097.24,997
1781844721,0,115690,0,399.65,1003.29,1625087,3002367,6332415,16441343,25460735,288512,197525503,5119867.24,6009272.32,115690,10,10,10,0,0,0,0,0,0,11452415,23068671,31195135,11894548.93,1003
1781844722,0,116688,0,401.71,998.40,1632255,3022847,6410239,16457727,25444351,288512,197525503,5145816.29,6005890.04,116688,10,10,10,0,0,0,0,0,0,7331839,17268735,22773759,8153877.55,998
1781844723,0,117691,0,403.77,1003.26,1639423,3045375,6479871,16498687,25509887,288512,197525503,5175207.45,6014513.38,117691,10,10,10,0,0,0,0,0,0,7032831,20348927,31014911,8594544.81,1003
1781844724,0,118685,0,405.79,994.11,1646591,3069951,6578175,16646143,25853951,288512,197525503,5231263.23,6074888.90,118685,10,10,10,0,0,0,0,0,0,9355263,29671423,43745279,11868346.72,994
1781844725,0,119690,0,407.83,1003.95,1654783,3090431,6651903,16695295,25853951,288512,197525503,5261912.53,6079767.12,119690,10,10,10,0,0,0,0,0,0,7909375,19546111,25968639,8881427.10,1005
1781844726,0,120695,0,409.86,1005.25,1660927,3106815,6680575,16687103,25804799,288512,197525503,5275876.91,6070016.76,120695,10,10,10,0,0,0,0,0,0,5652479,16416767,19890175,6938958.46,1005
1781844727,0,121691,0,411.84,996.47,1669119,3127295,6758399,16678911,25788415,288512,197525503,5302799.78,6064871.36,121691,10,10,10,0,0,0,0,0,0,7974911,16130047,20758527,8565305.83,996
1781844728,0,122686,0,413.81,994.94,1676287,3145727,6795263,16662527,25755647,288512,197525503,5315861.94,6052684.96,122686,10,10,10,0,0,0,0,0,0,6156287,14835711,19300351,6913396.16,995
1781844729,0,123686,0,415.78,999.98,1683455,3166207,6832127,16646143,25706495,288512,197525503,5329010.87,6041089.45,123686,10,10,10,0,0,0,0,0,0,6000639,14925823,21413887,6942201.09,1000
1781844730,0,124690,0,417.75,1003.53,1690623,3184639,6881279,16646143,25657343,288512,197525503,5346897.86,6032180.27,124690,10,10,10,0,0,0,0,0,0,6877183,15949823,20004863,7550453.93,1004
1781844731,0,125689,0,419.69,999.53,1697791,3207167,6938623,16629759,25591807,288512,197525503,5363337.57,6021200.43,125689,10,10,10,0,0,0,0,0,0,6946815,15097855,19480575,7415257.31,999
1781844732,0,126230,0,420.09,540.97,1700863,3215359,6959103,16629759,25559039,288512,197525503,5370324.39,6016484.35,126230,10,10,10,0,0,0,0,0,0,6201343,15843327,21102591,6993551.85,541
1781844733,0,126430,0,419.36,200.00,1701887,3213311,6946815,16621567,25542655,288512,197525503,5366112.93,6012767.57,126430,10,10,10,0,0,0,0,0,0,2772991,4182015,4988927,2708047.36,200
1781844734,0,126630,0,418.64,199.95,1701887,3209215,6938623,16613375,25542655,288512,197525503,5361539.37,6009223.45,126630,10,10,10,0,0,0,0,0,0,2390015,3985407,4685823,2470362.88,200
1781844735,0,126830,0,417.92,200.03,1701887,3207167,6926335,16605183,25526271,288512,197525503,5356861.46,6005727.11,126830,10,10,10,0,0,0,0,0,0,2379775,3827711,4440063,2395045.12,200
1781844736,0,127030,0,417.20,199.95,1701887,3203071,6914047,16596991,25526271,288512,197525503,5352030.46,6002323.62,127030,10,10,10,0,0,0,0,0,0,2136063,3719167,4612095,2288450.56,200
1781844737,0,127230,0,416.49,200.10,1702911,3198975,6905855,16588799,25526271,288512,197525503,5347719.58,5998676.44,127230,10,10,10,0,0,0,0,0,0,2594815,3903487,4907007,2609667.84,200
1781844738,0,127430,0,415.78,199.85,1702911,3196927,6893567,16580607,25509887,288512,197525503,5343255.35,5995111.82,127430,10,10,10,0,0,0,0,0,0,2541567,3825663,4313087,2503333.12,200
1781844739,0,127630,0,415.08,200.17,1703935,3190783,6881279,16580607,25509887,288512,197525503,5338835.61,5991543.50,127630,10,10,10,0,0,0,0,0,0,2416639,4304895,4534271,2522798.08,200
1781844740,0,127830,0,414.39,199.91,1704959,3188735,6868991,16564223,25509887,288512,197525503,5334630.33,5987890.11,127830,10,10,10,0,0,0,0,0,0,2535423,4120575,4587519,2651029.76,200
1781844741,0,128030,0,413.69,199.92,1704959,3186687,6864895,16556031,25509887,288512,197525503,5330249.62,5984364.73,128030,10,10,10,0,0,0,0,0,0,2445311,3983359,5255167,2530319.36,200
1781844742,0,128230,0,413.01,200.09,1704959,3182591,6852607,16547839,25509887,288512,197525503,5325993.51,5980806.65,128230,10,10,10,0,0,0,0,0,0,2455551,4452351,5062655,2601442.56,200
1781844743,0,128430,0,412.32,200.03,1705983,3182591,6844415,16539647,25493503,288512,197525503,5321975.07,5977130.05,128430,10,10,10,0,0,0,0,0,0,2818047,4089855,4993023,2745552.64,200
1781844744,0,128630,0,411.64,199.98,1705983,3178495,6832127,16531455,25477119,288512,197525503,5317593.24,5973668.33,128630,10,10,10,0,0,0,0,0,0,2373631,4300799,6139903,2503805.44,200
1781844745,0,128830,0,410.97,200.04,1705983,3176447,6823935,16523263,25477119,288512,197525503,5313178.32,5970178.49,128830,10,10,10,0,0,0,0,0,0,2392063,3858431,4427775,2473722.88,200
1781844746,0,129030,0,410.30,200.00,1707007,3174399,6811647,16515071,25460735,288512,197525503,5308630.76,5966737.92,129030,10,10,10,0,0,0,0,0,0,2244607,3516415,3934207,2379316.48,200
1781844747,0,129230,0,409.63,199.97,1705983,3170303,6799359,16506879,25460735,288512,197525503,5304043.45,5963375.79,129230,10,10,10,0,0,0,0,0,0,2293759,4296703,4984831,2344538.88,200
1781844748,0,129430,0,408.97,200.01,1707007,3168255,6791167,16498687,25444351,288512,197525503,5299780.75,5959856.96,129430,10,10,10,0,0,0,0,0,0,2539519,4139007,4530175,2545437.44,200
1781844749,0,129630,0,408.31,200.06,1707007,3164159,6782975,16490495,25444351,288512,197525503,5295556.02,5956354.75,129630,10,10,10,0,0,0,0,0,0,2562047,4333567,4657151,2561527.04,200
1781844750,0,129830,0,407.66,199.99,1707007,3162111,6770687,16482303,25427967,288512,197525503,5291411.25,5952821.54,129830,10,10,10,0,0,0,0,0,0,2516991,4542463,5070847,2604975.36,200
1781844751,0,130030,0,407.00,199.94,1707007,3158015,6758399,16474111,25411583,288512,197525503,5286795.98,5949496.07,130030,10,10,10,0,0,0,0,0,0,2174975,3799039,4276223,2290791.68,200
1781844752,0,130230,0,406.36,200.00,1708031,3153919,6750207,16465919,25411583,288512,197525503,5282532.86,5946001.19,130230,10,10,10,0,0,0,0,0,0,2406399,4030463,4296703,2510871.04,200
1781844753,0,130430,0,405.72,199.90,1708031,3151871,6737919,16457727,25411583,288512,197525503,5278570.69,5942476.03,130430,10,10,10,0,0,0,0,0,0,2613247,4800511,6606847,2698602.24,200
1781844754,0,130630,0,405.08,200.05,1708031,3149823,6729727,16457727,25411583,288512,197525503,5274016.94,5939174.15,130630,10,10,10,0,0,0,0,0,0,2215935,3876863,4419583,2304285.44,200
1781844755,0,130830,0,404.44,199.99,1708031,3147775,6721535,16449535,25395199,288512,197525503,5269565.32,5935843.15,130830,10,10,10,0,0,0,0,0,0,2314239,3790847,5128191,2361994.24,200
1781844756,0,131030,0,403.81,200.00,1707007,3143679,6709247,16441343,25395199,288512,197525503,5264764.29,5932658.60,131030,10,10,10,0,0,0,0,0,0,2131967,3495935,4007935,2124165.12,200
1781844757,0,131230,0,403.19,200.10,1707007,3141631,6701055,16433151,25395199,288512,197525503,5260541.92,5929206.52,131230,10,10,10,0,0,0,0,0,0,2463743,3782655,4034559,2494259.20,200
1781844758,0,131430,0,402.57,199.98,1705983,3137535,6692863,16424959,25378815,288512,197525503,5255624.07,5926110.94,131430,10,10,10,0,0,0,0,0,0,1981439,3553279,3901439,2028775.68,200
1781844759,0,131630,0,401.95,199.87,1707007,3133439,6684671,16416767,25378815,288512,197525503,5251586.63,5922729.92,131630,10,10,10,0,0,0,0,0,0,2541567,4231167,8617983,2598382.08,200
1781844760,0,131830,0,401.33,200.10,1707007,3131391,6676479,16408575,25378815,288512,197525503,5247668.91,5919275.10,131830,10,10,10,0,0,0,0,0,0,2488319,4775935,6746111,2669226.24,200
1781844761,0,132030,0,400.72,199.98,1705983,3127295,6668287,16400383,25378815,288512,197525503,5243124.28,5916051.92,132030,10,10,10,0,0,0,0,0,0,2154495,3633151,4907007,2247525.12,200
1781844762,0,132230,0,400.11,199.96,1705983,3125247,6660095,16392191,25362431,288512,197525503,5238898.97,5912667.41,132230,10,10,10,0,0,0,0,0,0,2334719,3737599,4562943,2449564.16,200
1781844763,0,132430,0,399.51,200.12,1707007,3123199,6651903,16383999,25362431,288512,197525503,5235152.24,5909142.50,132430,10,10,10,0,0,0,0,0,0,2693119,4098047,7409663,2758001.92,200
1781844764,0,132630,0,398.91,199.99,1708031,3121151,6643711,16375807,25329663,288512,197525503,5231063.67,5905723.32,132630,10,10,10,0,0,0,0,0,0,2551807,4085759,4530175,2523814.40,200
1781844765,0,132830,0,398.31,200.03,1708031,3119103,6635519,16367615,25329663,288512,197525503,5226584.28,5902472.17,132830,10,10,10,0,0,0,0,0,0,2222079,3575807,3954687,2256078.08,200
1781844766,0,133030,0,397.72,199.83,1708031,3115007,6627327,16359423,25313279,288512,197525503,5222454.53,5899093.83,133030,10,10,10,0,0,0,0,0,0,2459647,4192255,4849663,2479685.12,200
1781844767,0,133230,0,397.13,200.17,1708031,3112959,6615039,16351231,25313279,288512,197525503,5218480.26,5895654.94,133230,10,10,10,0,0,0,0,0,0,2533375,3954687,4968447,2574990.08,200
1781844768,0,133430,0,396.55,199.82,1709055,3110911,6602751,16343039,25313279,288512,197525503,5214439.94,5892250.16,133430,10,10,10,0,0,0,0,0,0,2455551,3995647,4321279,2522984.96,200
1781844769,0,133630,0,395.96,200.15,1709055,3108863,6594559,16334847,25313279,288512,197525503,5210608.57,5888822.50,133630,10,10,10,0,0,0,0,0,0,2619391,4988927,5894143,2654507.52,200
1781844770,0,133830,0,395.38,199.90,1709055,3106815,6586367,16326655,25296895,288512,197525503,5206326.01,5885536.26,133830,10,10,10,0,0,0,0,0,0,2277375,3614719,4173823,2344935.68,200
1781844771,0,134030,0,394.81,200.12,1710079,3102719,6578175,16318463,25296895,288512,197525503,5202304.10,5882172.86,134030,10,10,10,0,0,0,0,0,0,2594815,3858431,5386239,2511038.72,200
1781844772,0,134230,0,394.24,199.86,1710079,3100671,6569983,16310271,25280511,288512,197525503,5198119.29,5878886.25,134230,10,10,10,0,0,0,0,0,0,2293759,3813375,4468735,2393670.40,200
1781844773,0,134430,0,393.67,200.08,1710079,3098623,6561791,16302079,25280511,288512,197525503,5193966.38,5875586.79,134430,10,10,10,0,0,0,0,0,0,2437119,3909631,4648959,2406739.20,200
1781844774,0,134630,0,393.10,200.05,1710079,3096575,6553599,16293887,25280511,288512,197525503,5190046.82,5872179.43,134630,10,10,10,0,0,0,0,0,0,2656255,3733503,3983359,2555513.60,200
1781844775,0,134830,0,392.54,199.99,1711103,3094527,6545407,16285695,25280511,288512,197525503,5186267.82,5868734.19,134830,10,10,10,0,0,0,0,0,0,2596863,4061183,4612095,2642437.12,200
1781844776,0,135030,0,391.98,200.02,1711103,3092479,6537215,16277503,25264127,288512,197525503,5182196.44,5865418.76,135030,10,10,10,0,0,0,0,0,0,2437119,3575807,4151295,2437473.28,200
1781844777,0,135230,0,391.43,200.00,1711103,3088383,6524927,16269311,25264127,288512,197525503,5178133.04,5862109.73,135230,10,10,10,0,0,0,0,0,0,2492415,3690495,3983359,2434728.96,200
1781844778,0,135430,0,390.87,199.86,1711103,3086335,6516735,16269311,25247743,288512,197525503,5174192.40,5858868.48,135430,10,10,10,0,0,0,0,0,0,2228223,4657151,6655999,2509729.28,200
1781844779,0,135630,0,390.32,200.03,1712127,3086335,6508543,16252927,25247743,288512,197525503,5170324.70,5855515.10,135630,10,10,10,0,0,0,0,0,0,2502655,4028415,4485119,2551315.20,200
1781844780,0,135830,0,389.78,200.03,1713151,3084287,6496255,16244735,25231359,288512,197525503,5166924.06,5851977.06,135830,10,10,10,0,0,0,0,0,0,2877439,4886527,5292031,2860775.68,200
1781844781,0,136030,0,389.23,199.95,1713151,3082239,6483967,16236543,25231359,288512,197525503,5163229.83,5848578.07,136030,10,10,10,0,0,0,0,0,0,2668543,4227071,4673535,2654296.32,200
1781844782,0,136230,0,388.70,200.08,1714175,3080191,6475775,16228351,25214975,288512,197525503,5159492.05,5845221.06,136230,10,10,10,0,0,0,0,0,0,2478079,4116479,6029311,2617242.88,200
1781844783,0,136430,0,388.16,200.06,1714175,3080191,6467583,16211967,25214975,288512,197525503,5155578.30,5841931.18,136430,10,10,10,0,0,0,0,0,0,2541567,3860479,4341759,2489722.88,200
1781844784,0,136630,0,387.62,200.00,1714175,3076095,6459391,16211967,25198591,288512,197525503,5151865.66,5838572.78,136630,10,10,10,0,0,0,0,0,0,2580479,4390911,5136383,2619292.16,200
1781844785,0,136830,0,387.09,199.83,1714175,3074047,6451199,16203775,25198591,288512,197525503,5147864.02,5835340.69,136830,10,10,10,0,0,0,0,0,0,2471935,3995647,4308991,2414138.88,200
1781844786,0,137030,0,386.57,200.09,1714175,3071999,6438911,16203775,25182207,288512,197525503,5143787.93,5832128.78,137030,10,10,10,0,0,0,0,0,0,2285567,3618815,4247551,2355136.00,200
1781844787,0,137230,0,386.04,200.05,1714175,3069951,6430719,16187391,25182207,288512,197525503,5140096.73,5828866.06,137230,10,10,10,0,0,0,0,0,0,2433023,4632575,7380991,2611070.72,200
1781844788,0,137430,0,385.52,200.04,1715199,3067903,6418431,16187391,25182207,288512,197525503,5136421.17,5825530.01,137430,10,10,10,0,0,0,0,0,0,2611199,4128767,5566463,2614435.84,200
1781844789,0,137630,0,385.00,199.91,1715199,3065855,6414335,16179199,25182207,288512,197525503,5132562.83,5822278.01,137630,10,10,10,0,0,0,0,0,0,2430975,3794943,4579327,2481299.20,200
1781844790,0,137830,0,384.48,199.97,1716223,3063807,6406143,16162815,25165823,288512,197525503,5128729.06,5819023.32,137830,10,10,10,0,0,0,0,0,0,2471935,4089855,4390911,2490521.60,200
1781844791,0,138030,0,383.97,200.05,1715199,3061759,6393855,16154623,25165823,288512,197525503,5124536.16,5815908.80,138030,10,10,10,0,0,0,0,0,0,2164735,3450879,3729407,2235002.88,200
1781844792,0,139108,0,385.90,1077.70,1724415,3082239,6524927,16826367,29327359,288512,197525503,5470788.43,7683822.08,139108,10,10,10,0,0,0,0,0,0,40173567,119078911,139591679,49805854.16,1078
1781844793,0,141262,0,390.79,2155.30,1740799,3127295,6828031,18890751,84606975,288512,202506239,6855905.72,14940162.73,141262,10,10,10,0,0,0,0,0,0,96010239,174063615,191758335,96308503.53,2154
1781844794,0,143066,0,394.69,1802.79,1755135,3168255,7102463,20725759,110428159,288512,202506239,7454639.09,16462430.26,143066,10,10,10,0,0,0,0,0,0,34865151,130416639,142606335,54338382.33,1804
1781844795,0,145271,0,399.67,2206.53,1771519,3219455,7462911,24461311,119406591,288512,202506239,8165406.79,17962913.84,145271,10,10,10,0,0,0,0,0,0,37715967,136708095,151781375,54281820.18,2205
1781844796,0,147287,0,404.10,2014.99,1786879,3266559,7806975,27557887,119078911,288512,202506239,8499568.41,18180872.25,147287,10,10,10,0,0,0,0,0,0,30801919,63799295,73269247,32578930.29,2016
1781844797,0,149258,0,408.39,1970.99,1803263,3311615,8142847,31162367,118751231,288512,202506239,8859845.24,18509801.25,149258,10,10,10,0,0,0,0,0,0,31686655,78643199,94502911,35782267.06,1971
1781844798,0,151263,0,412.75,2005.84,1820671,3362815,8486911,33849343,117702655,288512,202506239,9144934.55,18672728.96,151263,10,10,10,0,0,0,0,0,0,26230783,67698687,80871423,30367807.33,2005
1781844799,0,153046,0,416.47,1782.21,1836031,3407871,8806399,37224447,121700351,288512,202506239,9675548.82,19657031.33,153046,10,10,10,0,0,0,0,0,0,39714815,134873087,158072831,54690863.67,1783
1781844800,0,155284,0,421.42,2238.60,1856511,3467263,9207807,44662783,140378111,288512,237371391,10872137.72,23421570.74,155284,10,10,10,0,0,0,0,0,0,65404927,207618047,223215615,92701067.78,2238
1781844801,0,157292,0,425.71,2008.00,1873919,3522559,9568255,47579135,139722751,288512,237371391,11224377.06,23722943.78,157292,10,10,10,0,0,0,0,0,0,27246591,101580799,125698047,38463985.21,2008
1781844802,0,159240,0,429.82,1947.73,1890303,3575807,9920511,51970047,143654911,288512,237371391,11792868.92,24790879.41,159240,10,10,10,0,0,0,0,0,0,36438015,164364287,189267967,57695960.31,1948
1781844803,0,161170,0,433.86,1929.11,1907711,3631103,10280959,54558719,143523839,288512,237371391,12056029.27,24900927.74,161170,10,10,10,0,0,0,0,0,0,25673727,80347135,96665599,33768803.48,1930
1781844804,0,163259,0,438.30,2091.03,1926143,3690495,10756095,59047935,142868479,288512,237371391,12584863.91,25398713.01,163259,10,10,10,0,0,0,0,0,0,46792703,101974015,112066559,53385379.72,2089
1781844805,0,165298,0,442.59,2037.97,1944575,3751935,11100159,58589183,142475263,288512,237371391,12701993.85,25307508.76,165298,10,10,10,0,0,0,0,0,0,19562495,48889855,65568767,22080374.14,2039
1781844806,0,167295,0,446.74,1997.83,1961983,3817471,11460607,58359807,141950975,288512,237371391,12818028.59,25219123.14,167295,10,10,10,0,0,0,0,0,0,20004863,47874047,67108863,22422591.07,1997
1781844807,0,169275,0,450.82,1978.56,1981439,3883007,11935743,58982399,141557759,288512,237371391,13077509.90,25255049.99,169275,10,10,10,0,0,0,0,0,0,31948799,69599231,85917695,35001714.29,1980
1781844808,0,171297,0,455.00,2022.98,1998847,3960831,12402687,58589183,140902399,288512,237371391,13275264.27,25210436.58,171297,10,10,10,0,0,0,0,0,0,28999679,53247999,62291967,29830591.68,2022
1781844809,0,173280,0,459.04,1983.58,2017279,4038655,12820479,58261503,140509183,288512,237371391,13379467.93,25117768.42,173280,10,10,10,0,0,0,0,0,0,21086207,42696703,62226431,22380866.49,1983
1781844810,0,175277,0,463.11,1997.00,2035711,4118527,13336575,60882943,139853823,288512,237371391,13742094.12,25367937.96,175277,10,10,10,0,0,0,0,0,0,37584895,97648639,119668735,45207224.85,1997
1781844811,0,177271,0,467.14,1992.22,2055167,4210687,13910015,60653567,139591679,288512,237371391,13953305.81,25338114.50,177271,10,10,10,0,0,0,0,0,0,30507007,56721407,67764223,32519279.95,1994
1781844812,0,179296,0,471.24,2026.06,2074623,4300799,14360575,60325887,139198463,288512,237371391,14093802.53,25272147.15,179296,10,10,10,0,0,0,0,0,0,24166399,52723711,62685183,26393058.16,2025
1781844813,0,181284,0,475.21,1988.48,2094079,4395007,14655487,59932671,138805247,288512,237371391,14135632.65,25155462.31,181284,10,10,10,0,0,0,0,0,0,17317887,34603007,43089919,17908255.55,1988
1781844814,0,183299,0,479.24,2014.60,2113535,4497407,15130623,59572223,138149887,288512,237371391,14293713.91,25097113.65,183299,10,10,10,0,0,0,0,0,0,26361855,52592639,64061439,28515848.89,2015
1781844815,0,185236,0,483.04,1936.67,2131967,4607999,15482879,61603839,137887743,288512,237371391,14561372.51,25294382.53,185236,10,10,10,0,0,0,0,0,0,27803647,96731135,114753535,39890001.54,1937
1781844816,0,187304,0,487.16,2068.75,2152447,4730879,15925247,65306623,137494527,288512,237371391,14996077.03,25688376.90,187304,10,10,10,0,0,0,0,0,0,57671679,98238463,108527615,53933662.08,2068
1781844817,0,189200,0,490.82,1896.12,2170879,4857855,16482303,69271551,138543103,288512,237371391,15547422.17,26387214.70,189200,10,10,10,0,0,0,0,0,0,69271551,131530751,164495359,70014273.89,1896
1781844818,0,191273,0,494.91,2072.95,2191359,4993023,16891903,69140479,137887743,288512,237371391,15714173.59,26361445.44,191273,10,10,10,0,0,0,0,0,0,28262399,65765375,79233023,30933357.78,2073
1781844819,0,193304,0,498.87,2030.24,2211839,5107711,17039359,68616191,137625599,288512,237371391,15724364.77,26241360.29,193304,10,10,10,0,0,0,0,0,0,15138815,34504703,45285375,16684137.37,2031
1781844820,0,195274,0,502.66,1971.02,2232319,5230591,17301503,68222975,137232383,288512,237371391,15771745.55,26131051.61,195274,10,10,10,0,0,0,0,0,0,19709951,36700159,50823167,20420930.27,1970
1781844821,0,197116,0,506.10,1840.33,2250751,5353471,17874943,74186751,142344191,288512,237371391,16535539.01,27451477.05,197116,10,10,10,0,0,0,0,0,0,104660991,152436735,162529279,97506767.64,1842
1781844822,0,199128,0,509.96,2012.60,2271231,5492735,18563071,77135871,141950975,288512,237371391,17090187.33,27937307.90,199128,10,10,10,0,0,0,0,0,0,68354047,106758143,119996415,71429183.11,2012
1781844823,0,200945,0,513.30,1817.30,2289663,5619711,19234815,85721087,162529279,288512,244580351,18434289.39,31281442.62,200945,10,10,10,0,0,0,0,0,0,169082879,208928767,224395263,165736630.60,1817
1781844824,0,203030,0,517.30,2085.96,2310143,5763071,20070399,96665599,182714367,288512,261357567,20206990.55,35733042.33,203030,10,10,10,0,0,0,0,0,0,185729023,228720639,240517119,191053721.85,2085
1781844825,0,205298,0,521.75,2267.22,2330623,5906431,20381695,97189887,182452223,288512,261357567,20367545.32,35780968.99,205298,10,10,10,0,0,0,0,0,0,20496383,122421247,165150719,34740312.49,2268
1781844826,0,207229,0,525.32,1931.37,2349055,6037503,20824063,96665599,182190079,288512,261357567,20443645.36,35652390.26,207229,10,10,10,0,0,0,0,0,0,27115519,55246847,66158591,28534367.72,1931
1781844827,0,209050,0,528.60,1819.38,2367487,6176767,21544959,100139007,181927935,288512,261357567,20947760.36,36055927.47,209050,10,10,10,0,0,0,0,0,0,72024063,137232383,144965631,78315825.91,1821
1781844828,0,211234,0,532.77,2185.94,2390015,6344703,22216703,104529919,181665791,288512,261357567,21511339.18,36691373.81,211234,10,10,10,0,0,0,0,0,0,53772287,158597119,170393599,75456464.06,2184
1781844829,0,213312,0,536.66,2076.29,2410495,6496255,22544383,103940095,181403647,288512,261357567,21544088.16,36534450.22,213312,10,10,10,0,0,0,0,0,0,23166975,49643519,61767679,24873105.86,2078
1781844830,0,215294,0,540.29,1982.58,2428927,6635519,22937599,103284735,181272575,288512,261357567,21623763.95,36413423.26,215294,10,10,10,0,0,0,0,0,0,27492351,62586879,84738047,30198840.31,1982
1781844831,0,217294,0,543.94,2000.82,2449407,6770687,23248895,102432767,181010431,288512,261357567,21681134.32,36287140.47,217294,10,10,10,0,0,0,0,0,0,24887295,59834367,72744959,27856882.94,2000
1781844832,0,219324,0,547.65,2028.90,2469887,6922239,23543807,101842943,180617215,288512,261357567,21755568.77,36168407.54,219324,10,10,10,0,0,0,0,0,0,25313279,65142783,75235327,29723134.23,2030
1781844833,0,221310,0,551.23,1985.79,2490367,7065599,23592959,101187583,180355071,288512,261357567,21737837.31,36020553.14,221310,10,10,10,0,0,0,0,0,0,17432575,40959999,53215231,19779663.15,1986
1781844834,0,223265,0,554.72,1956.52,2508799,7217151,23855103,100597759,180092927,288512,261357567,21778264.16,35886366.69,223265,10,10,10,0,0,0,0,0,0,24625151,51904511,63799295,26354666.00,1955
1781844835,0,225308,0,558.41,2042.76,2529279,7356415,23953407,100007935,179961855,288512,261357567,21773160.46,35741224.15,225308,10,10,10,0,0,0,0,0,0,19759103,45383679,57114623,21215413.94,2043
1781844836,0,227279,0,561.90,1970.09,2549759,7512063,24313855,99549183,179699711,288512,261357567,21938325.66,35723741.19,227279,10,10,10,0,0,0,0,0,0,35028991,89063423,104005631,40818609.81,1971
1781844837,0,229294,0,565.49,2016.38,2570239,7684095,24510463,99090431,179175423,288512,261357567,21987721.88,35602670.94,229294,10,10,10,0,0,0,0,0,0,23576575,62619647,82509823,27559296.70,2015
1781844838,0,231265,0,568.95,1970.77,2588671,7860223,24608767,98500607,179044351,288512,261357567,21992038.41,35467155.49,231265,10,10,10,0,0,0,0,0,0,20267007,44957695,61046783,22494196.57,1971
1781844839,0,233312,0,572.57,2047.24,2607103,8036351,24903679,98893823,178913279,288512,261357567,22178276.94,35501632.18,233312,10,10,10,0,0,0,0,0,0,28966911,110624767,131137535,43219045.80,2047
1781844840,0,235254,0,575.93,1941.23,2625535,8163327,24969215,98435071,178782207,288512,261357567,22194072.30,35393375.21,235254,10,10,10,0,0,0,0,0,0,17498111,61439999,78053375,24091728.15,1942
1781844841,0,237310,0,579.54,2054.90,2646015,8314879,25198591,97779711,178520063,288512,261357567,22270023.57,35295579.32,237310,10,10,10,0,0,0,0,0,0,26066943,68354047,84344831,30960606.63,2056
1781844842,0,239256,0,582.87,1947.30,2664447,8437759,25231359,97255423,178257919,288512,261357567,22253779.04,35168089.06,239256,10,10,10,0,0,0,0,0,0,17891327,42926079,52494335,20272798.65,1946
1781844843,0,241142,0,586.04,1886.13,2682879,8601599,25853951,102236159,178388991,288512,261357567,22922298.16,35987120.52,241142,10,10,10,0,0,0,0,0,0,106037247,170000383,182714367,107729938.46,1886
1781844844,0,243288,0,589.82,2144.94,2703359,8773631,26214399,105709567,178257919,288512,261357567,23286508.88,36329880.98,243288,10,10,10,0,0,0,0,0,0,43253759,133758975,141426687,64212185.11,2146
1781844845,0,245075,0,592.71,1787.92,2721791,8929279,26623999,107020287,178126847,288512,261357567,23568662.02,36482436.72,245075,10,10,10,0,0,0,0,0,0,52985855,130154495,145227775,61981909.17,1787
1781844846,0,247310,0,596.68,2234.61,2742271,9101311,26853375,107675647,177864703,288512,261357567,23751209.72,36546884.19,247310,10,10,10,0,0,0,0,0,0,25313279,125042687,139722751,43768157.58,2235
1781844847,0,249050,0,599.43,1740.39,2760703,9240575,27148287,108003327,177733631,288512,261357567,23964297.98,36637025.71,249050,10,10,10,0,0,0,0,0,0,54493183,115277823,146407423,54250998.58,1740
1781844848,0,251042,0,602.77,1992.01,2777087,9428991,27803647,114360319,177602559,288512,261357567,24732467.95,37528873.42,251042,10,10,10,0,0,0,0,0,0,120848383,153616383,169738239,120772994.57,1992
1781844849,0,253298,0,606.73,2255.11,2801663,9592831,28016639,114950143,177602559,288512,261357567,24892068.82,37629999.92,253298,10,10,10,0,0,0,0,0,0,24510463,151388159,164233215,42652052.65,2256
1781844850,0,255194,0,609.81,1896.19,2822143,9748479,28393471,115605503,177471487,288512,261357567,25177211.76,37841015.22,255194,10,10,10,0,0,0,0,0,0,57835519,142475263,176160767,63271164.49,1896
1781844851,0,257155,0,613.03,1960.61,2840575,9928703,28999679,116260863,177471487,288512,261357567,25510011.28,38033169.12,257155,10,10,10,0,0,0,0,0,0,66945023,136314879,160825343,68818752.88,1961
1781844852,0,258270,0,614.23,1114.73,2848767,10002431,29278207,116850687,177471487,288512,261357567,25705916.79,38209694.51,258270,10,10,10,0,0,0,0,0,0,67698687,161611775,180879359,70888051.26,1115
1781844853,0,258470,0,613.24,200.13,2846719,9986047,29261823,116785151,177471487,288512,261357567,25688054.73,38200310.58,258470,10,10,10,0,0,0,0,0,0,2627583,4296703,4919295,2621882.88,200
1781844854,0,258670,0,612.27,200.00,2842623,9961471,29245439,116785151,177471487,288512,261357567,25670061.27,38191028.19,258670,10,10,10,0,0,0,0,0,0,2371583,4048895,5746687,2416215.04,200
1781844855,0,258870,0,611.29,199.95,2840575,9945087,29212671,116719615,177471487,288512,261357567,25652216.11,38181681.63,258870,10,10,10,0,0,0,0,0,0,2359295,4325375,7729151,2572181.76,200
1781844856,0,259070,0,610.32,199.95,2838527,9920511,29179903,116654079,177340415,288512,261357567,25634395.20,38172336.91,259070,10,10,10,0,0,0,0,0,0,2428927,4431871,4780031,2567898.88,200
1781844857,0,259270,0,609.36,200.04,2834431,9904127,29163519,116654079,177340415,288512,261357567,25616686.87,38162943.42,259270,10,10,10,0,0,0,0,0,0,2613247,4636671,5275647,2678205.44,200
1781844858,0,259470,0,608.40,199.95,2832383,9887743,29130751,116588543,177340415,288512,261357567,25598907.43,38153611.54,259470,10,10,10,0,0,0,0,0,0,2555903,4130815,4423679,2550534.40,200
1781844859,0,259670,0,607.44,199.95,2828287,9863167,29097983,116523007,177340415,288512,261357567,25581169.75,38144274.37,259670,10,10,10,0,0,0,0,0,0,2625535,3995647,4456447,2569178.88,200
1781844860,0,259870,0,606.49,200.10,2826239,9846783,29081599,116523007,177340415,288512,261357567,25563624.35,38134844.14,259870,10,10,10,0,0,0,0,0,0,2734079,4677631,5541887,2783559.68,200
1781844861,0,260070,0,605.55,199.94,2824191,9830399,29048831,116457471,177209343,288512,261357567,25545862.57,38125561.93,260070,10,10,10,0,0,0,0,0,0,2471935,3782655,4075519,2467098.88,200
1781844862,0,260270,0,604.60,199.98,2820095,9805823,29032447,116457471,177209343,288512,261357567,25528136.05,38116276.43,260270,10,10,10,0,0,0,0,0,0,2500607,3555327,4161535,2477446.40,200
1781844863,0,260470,0,603.67,200.01,2818047,9789439,28999679,116391935,177209343,288512,261357567,25510364.97,38107041.09,260470,10,10,10,0,0,0,0,0,0,2293759,3842047,4476927,2383974.40,200
1781844864,0,260670,0,602.73,200.11,2813951,9764863,28983295,116391935,177209343,288512,261357567,25492873.06,38097656.57,260670,10,10,10,0,0,0,0,0,0,2596863,4147199,4599807,2712286.72,200
1781844865,0,260870,0,601.80,199.95,2809855,9748479,28966911,116326399,177209343,288512,261357567,25475328.37,38088330.66,260870,10,10,10,0,0,0,0,0,0,2418687,4681727,7921663,2608454.40,200
1781844866,0,261070,0,600.88,200.02,2807807,9723903,28934143,116326399,177209343,288512,261357567,25457760.53,38079033.07,261070,10,10,10,0,0,0,0,0,0,2430975,4034559,4489215,2543153.92,200
1781844867,0,261270,0,599.96,200.03,2803711,9707519,28901375,116260863,177209343,288512,261357567,25440172.27,38069769.12,261270,10,10,10,0,0,0,0,0,0,2457599,4251647,4829183,2481336.32,200
1781844868,0,261470,0,599.04,199.88,2801663,9682943,28884991,116195327,177209343,288512,261357567,25422622.19,38060500.08,261470,10,10,10,0,0,0,0,0,0,2398207,3891199,4122623,2496069.12,200
1781844869,0,261670,0,598.13,200.07,2797567,9666559,28852223,116195327,177078271,288512,261357567,25405416.22,38051056.92,261670,10,10,10,0,0,0,0,0,0,2736127,5681151,8073215,2911192.32,200
1781844870,0,261870,0,597.22,200.05,2795519,9641983,28835839,116129791,177078271,288512,261357567,25388028.75,38041733.25,261870,10,10,10,0,0,0,0,0,0,2611199,4497407,5328895,2639137.28,200
1781844871,0,262070,0,596.32,199.95,2791423,9625599,28803071,116129791,177078271,288512,261357567,25370531.67,38032491.82,262070,10,10,10,0,0,0,0,0,0,2539519,3629055,4440063,2460719.36,200
1781844872,0,262270,0,595.42,199.94,2789375,9609215,28786687,116064255,177078271,288512,261357567,25352996.44,38023293.55,262270,10,10,10,0,0,0,0,0,0,2248703,3825663,4362239,2375712.00,200
1781844873,0,262470,0,594.52,199.98,2785279,9592831,28753919,116064255,177078271,288512,261357567,25335556.86,38014070.32,262470,10,10,10,0,0,0,0,0,0,2258943,5324799,7409663,2466165.76,200
1781844874,0,262670,0,593.63,200.18,2781183,9576447,28721151,115998719,177078271,288512,261357567,25317834.60,38005026.63,262670,10,10,10,0,0,0,0,0,0,1940479,3491839,5038079,2060028.16,200
1781844875,0,262870,0,592.74,199.91,2777087,9560063,28704767,115933183,177078271,288512,261357567,25299994.96,37996071.69,262870,10,10,10,0,0,0,0,0,0,1810431,3106815,3616767,1870297.60,200
1781844876,0,263070,0,591.86,200.04,2772991,9543679,28671999,115933183,177078271,288512,261357567,25282377.49,37987001.38,263070,10,10,10,0,0,0,0,0,0,2083839,3588095,3948543,2126860.80,200
1781844877,0,263270,0,590.98,199.91,2768895,9519103,28639231,115933183,177078271,288512,261357567,25264721.70,37977974.66,263270,10,10,10,0,0,0,0,0,0,1917951,3594239,4184063,2041175.04,200
1781844878,0,263470,0,590.10,200.11,2766847,9502719,28622847,115867647,176947199,288512,261357567,25247525.73,37968696.98,263470,10,10,10,0,0,0,0,0,0,2400255,5160959,5959679,2611613.44,200
1781844879,0,263670,0,589.23,199.90,2764799,9486335,28590079,115736575,176947199,288512,261357567,25230214.64,37959503.18,263670,10,10,10,0,0,0,0,0,0,2387967,4192255,4759551,2425447.68,200
1781844880,0,263870,0,588.36,199.96,2760703,9461759,28557311,115671039,176947199,288512,261357567,25212827.28,37950374.43,263870,10,10,10,0,0,0,0,0,0,2185215,3796991,4284415,2290209.28,200
1781844881,0,264070,0,587.50,200.13,2756607,9445375,28524543,115605503,176947199,288512,261357567,25195178.65,37941422.67,264070,10,10,10,0,0,0,0,0,0,1713151,3444735,4268031,1910447.36,200
1781844882,0,264270,0,586.64,199.85,2750463,9428991,28508159,115605503,176947199,288512,261357567,25177561.91,37932470.74,264270,10,10,10,0,0,0,0,0,0,1786879,3303423,4255743,1917306.88,200
1781844883,0,264470,0,585.78,200.04,2746367,9412607,28475391,115539967,176947199,288512,261357567,25160002.11,37923504.84,264470,10,10,10,0,0,0,0,0,0,1853439,3583999,4698111,1957351.68,200
1781844884,0,264670,0,584.93,200.00,2744319,9396223,28442623,115539967,176947199,288512,261357567,25142641.08,37914438.85,264670,10,10,10,0,0,0,0,0,0,2020351,3801087,4390911,2185287.68,200
1781844885,0,264870,0,584.08,200.08,2740223,9379839,28409855,115474431,176947199,288512,261357567,25125673.33,37905158.25,264870,10,10,10,0,0,0,0,0,0,2514943,4431871,6385663,2671403.52,200
1781844886,0,265070,0,583.24,199.87,2738175,9355263,28393471,115474431,176947199,288512,261357567,25108496.64,37896018.17,265070,10,10,10,0,0,0,0,0,0,2344959,3706879,4378623,2360552.96,200
1781844887,0,265270,0,582.40,200.12,2734079,9338879,28360703,115408895,176947199,288512,261357567,25091126.14,37887015.12,265270,10,10,10,0,0,0,0,0,0,1840127,3672063,4036607,2069122.56,200
1781844888,0,265470,0,581.56,199.95,2732031,9314303,28327935,115408895,176947199,288512,261357567,25073873.47,37877960.67,265470,10,10,10,0,0,0,0,0,0,2022399,4001791,4571135,2190796.80,200
1781844889,0,265670,0,580.72,200.03,2727935,9297919,28311551,115408895,176947199,288512,261357567,25056491.47,37869001.36,265670,10,10,10,0,0,0,0,0,0,1904639,3205119,3766271,1984497.92,200
1781844890,0,265870,0,579.89,200.05,2723839,9281535,28278783,115343359,176947199,288512,261357567,25039291.74,37859954.72,265870,10,10,10,0,0,0,0,0,0,2072575,4038655,4407295,2192028.16,200
1781844891,0,266070,0,579.07,200.03,2721791,9265151,28262399,115343359,176947199,288512,261357567,25022276.16,37850816.58,266070,10,10,10,0,0,0,0,0,0,2236415,4171775,5222399,2402613.76,200
1781844892,0,266270,0,578.24,199.96,2719743,9248767,28229631,115343359,176816127,288512,261357567,25005650.10,37841470.25,266270,10,10,10,0,0,0,0,0,0,2822143,4919295,5459967,2887171.84,200
1781844893,0,266470,0,577.42,199.91,2715647,9224191,28213247,115277823,176816127,288512,261357567,24988823.64,37832255.75,266470,10,10,10,0,0,0,0,0,0,2572287,4104191,4325375,2586923.52,200
1781844894,0,266670,0,576.61,200.11,2713599,9207807,28180479,115277823,176816127,288512,261357567,24971931.42,37823099.12,266670,10,10,10,0,0,0,0,0,0,2430975,3796991,4681727,2465579.52,200
1781844895,0,266870,0,575.80,199.94,2711551,9191423,28147711,115277823,176816127,288512,261357567,24955128.24,37813909.89,266870,10,10,10,0,0,0,0,0,0,2469887,3860479,4468735,2550609.92,200
1781844896,0,267070,0,574.99,200.07,2707455,9175039,28114943,115212287,176816127,288512,261357567,24938189.76,37804819.76,267070,10,10,10,0,0,0,0,0,0,2256895,3839999,4403199,2336325.12,200
1781844897,0,267270,0,574.18,200.01,2705407,9150463,28098559,115212287,176816127,288512,261357567,24921089.35,37795847.75,267270,10,10,10,0,0,0,0,0,0,1905663,4122623,4595711,2086049.28,200
1781844898,0,267470,0,573.38,199.83,2701311,9125887,28065791,115146751,176816127,288512,261357567,24904082.72,37786839.43,267470,10,10,10,0,0,0,0,0,0,1891327,4132863,5189631,2177273.60,200
1781844899,0,267670,0,572.58,200.07,2697215,9109503,28049407,115081215,176685055,288512,261357567,24887194.09,37777776.48,267670,10,10,10,0,0,0,0,0,0,2162687,3907583,4591615,2301190.40,200
1781844900,0,267870,0,571.79,200.07,2693119,9093119,28033023,115015679,176685055,288512,261357567,24869987.54,37768923.91,267870,10,10,10,0,0,0,0,0,0,1620991,3086335,5042175,1841594.88,200
1781844901,0,268070,0,570.99,200.04,2691071,9076735,28016639,115015679,176685055,288512,261357567,24853188.06,37759846.40,268070,10,10,10,0,0,0,0,0,0,2166783,4067327,4513791,2352808.96,200
1781844902,0,268270,0,570.20,199.82,2689023,9052159,27983871,114950143,176685055,288512,261357567,24836590.35,37750667.86,268270,10,10,10,0,0,0,0,0,0,2570239,4184063,4915199,2589856.00,200
1781844903,0,268470,0,569.42,200.00,2686975,9035775,27951103,114950143,176685055,288512,261357567,24819903.27,37741558.34,268470,10,10,10,0,0,0,0,0,0,2398207,3850239,4089855,2436682.24,200
1781844904,0,268670,0,568.64,200.04,2684927,9019391,27918335,114884607,176685055,288512,261357567,24803373.22,37732382.95,268670,10,10,10,0,0,0,0,0,0,2449407,4308991,7684095,2614259.20,200
1781844905,0,268870,0,567.86,200.15,2680831,9003007,27901951,114819071,176685055,288512,261357567,24786756.52,37723270.57,268870,10,10,10,0,0,0,0,0,0,2396159,3821567,5591039,2464716.80,200
1781844906,0,269070,0,567.08,199.83,2678783,8978431,27885567,114819071,176685055,288512,261357567,24770229.25,37714124.27,269070,10,10,10,0,0,0,0,0,0,2482175,4009983,4341759,2551796.48,200
1781844907,0,269270,0,566.31,200.03,2678783,8962047,27869183,114753535,176685055,288512,261357567,24753968.26,37704849.67,269270,10,10,10,0,0,0,0,0,0,2793471,5492735,6795263,2877246.72,200
1781844908,0,269470,0,565.54,200.15,2676735,8945663,27836415,114753535,176553983,288512,261357567,24737397.44,37695765.58,269470,10,10,10,0,0,0,0,0,0,2435071,3614719,4263935,2427262.72,200
1781844909,0,269670,0,564.78,199.80,2674687,8929279,27820031,114753535,176553983,288512,261357567,24720864.79,37686680.06,269670,10,10,10,0,0,0,0,0,0,2375679,4077567,5017599,2445602.56,200
1781844910,0,269870,0,564.01,200.07,2670591,8912895,27803647,114687999,176553983,288512,261357567,24704393.46,37677576.54,269870,10,10,10,0,0,0,0,0,0,2418687,4268031,4648959,2495284.48,200
1781844911,0,270070,0,563.26,200.03,2668543,8888319,27770879,114687999,176553983,288512,261357567,24687745.23,37668595.55,270070,10,10,10,0,0,0,0,0,0,2062335,3942399,4214783,2223449.60,200
1781844912,0,271644,0,565.36,1573.35,2678783,9011199,28246015,115408895,176553983,288512,261357567,24977563.87,37899847.17,271644,10,10,10,0,0,0,0,0,0,67108863,149946367,173801471,74705212.50,1574
1781844913,0,274741,0,570.62,3099.77,2705407,9297919,29474815,118161407,177471487,288512,261357567,25791341.17,38689626.62,274741,10,10,10,0,0,0,0,0,0,86638591,175112191,214564863,97169359.06,3097
1781844914,0,277583,0,575.33,2841.29,2729983,9560063,30670847,121044991,177864703,288512,261357567,26676307.04,39589110.11,277583,10,10,10,0,0,0,0,0,0,109248511,173801471,197132287,112227471.40,2842
1781844915,0,280722,0,580.63,3138.92,2754559,9854975,31850495,122290175,178126847,288512,261357567,27261798.04,39996925.76,280722,10,10,10,0,0,0,0,0,0,71368703,157810687,193855487,79036996.34,3139
1781844916,0,283835,0,585.85,3112.71,2781183,10166271,33144831,122093567,177864703,288512,261357567,27658808.88,40059723.49,283835,10,10,10,0,0,0,0,0,0,58916863,115605503,142868479,63460183.25,3113
1781844917,0,286732,0,590.61,2895.64,2805759,10452991,34439167,122945535,178126847,288512,261357567,28227460.63,40406124.12,286732,10,10,10,0,0,0,0,0,0,80084991,148635647,190316543,83941395.09,2897
1781844918,0,289352,0,594.79,2622.17,2830335,10723327,35553279,125501439,181403647,288512,261357567,28994982.59,41318699.55,289352,10,10,10,0,0,0,0,0,0,105381887,201719807,215875583,112992351.36,2620
1781844919,0,292519,0,600.06,3164.47,2856959,11051007,37158911,134873087,212074495,288512,426770431,31418519.52,47667582.15,292519,10,10,10,0,0,0,0,0,0,246022143,363593727,385875967,252844240.87,3167
1781844920,0,295730,0,605.41,3211.72,2885631,11378687,38797311,135659519,211681279,288512,426770431,31997771.01,47905093.40,295730,10,10,10,0,0,0,0,0,0,78446591,158728191,181403647,84767022.00,3211
1781844921,0,298781,0,610.40,3050.13,2914303,11698175,40271871,135266303,211156991,288512,426770431,32385981.10,47894240.91,298781,10,10,10,0,0,0,0,0,0,68485119,119537663,140771327,70014749.12,3051
1781844922,0,301628,0,614.96,2847.14,2938879,12034047,41484287,134873087,210763775,288512,426770431,32741614.89,47894286.72,301628,10,10,10,0,0,0,0,0,0,63995903,120061951,131071999,70063925.86,2847
1781844923,0,304858,0,620.29,3232.30,2969599,12378111,43286527,137625599,210501631,288512,426770431,33534053.06,48487530.66,304858,10,10,10,0,0,0,0,0,0,105054207,184680447,204865535,107534530.02,3230
1781844924,0,307767,0,624.93,2907.81,2994175,12705791,44171263,137232383,210108415,288512,426770431,33732669.25,48356343.20,307767,10,10,10,0,0,0,0,0,0,52232191,95748095,115933183,54547290.91,2909
1781844925,0,310158,0,628.51,2390.88,3016703,12976127,45416447,142737407,223346687,288512,426770431,34815227.37,50144377.80,310158,10,10,10,0,0,0,0,0,0,196870143,268304383,279183359,174160967.52,2391
1781844926,0,312431,0,631.84,2273.43,3037183,13238271,46694399,151126015,282591231,288512,552075263,37097505.56,56836899.30,312431,10,10,10,0,0,0,0,0,0,346030079,471859199,513277951,348521543.63,2273
1781844927,0,316364,0,638.50,3931.41,3074047,13705215,49348607,168558591,366477311,288512,618135551,41509575.25,69797993.05,316364,10,10,10,0,0,0,0,0,0,395051007,554696703,584581119,391997077.06,3933
1781844928,0,319769,0,644.07,3406.86,3104767,14131199,51642367,176947199,365690879,288512,618135551,42856478.54,70772668.04,319769,10,10,10,0,0,0,0,0,0,180092927,223870975,243531775,167999418.83,3405
1781844929,0,322642,0,648.55,2873.57,3131391,14475263,53739519,177602559,364642303,288512,618135551,43709677.71,71092821.65,322642,10,10,10,0,0,0,0,0,0,139984895,188612607,214171647,138671963.33,2873
1781844930,0,325051,0,652.08,2407.50,3153919,14761983,55377919,183762943,364380159,288512,618135551,45011452.38,72746525.32,325051,10,10,10,0,0,0,0,0,0,221904895,328728575,342097919,219360635.59,2409
1781844931,0,328524,0,657.73,3474.91,3186687,15155199,57802751,196345855,363855871,288512,618135551,47018905.36,75163930.38,328524,10,10,10,0,0,0,0,0,0,242745343,317718527,339476479,234903904.05,3473
1781844932,0,331072,0,661.51,2545.90,3211263,15458303,59965439,203685887,363855871,288512,618135551,48319933.47,76589544.11,331072,10,10,10,0,0,0,0,0,0,207355903,326369279,360447999,216066777.82,2548
1781844933,0,334580,0,667.18,3508.88,3246079,15859711,62881791,211550207,363855871,288512,618135551,49898962.01,78027809.48,334580,10,10,10,0,0,0,0,0,0,189792255,323223551,363593727,198921805.65,3508
1781844934,0,337754,0,672.17,3174.78,3276799,16244735,64126975,210501631,363069439,288512,618135551,50204529.66,77804233.54,337754,10,10,10,0,0,0,0,0,0,77922303,150470655,178782207,82415249.50,3174
1781844935,0,340402,0,676.10,2646.72,3305471,16580607,65667071,210239487,362283007,288512,618135551,50754907.20,77882058.53,340402,10,10,10,0,0,0,0,0,0,118358015,202899455,222298111,120955894.72,2648
1781844936,0,343245,0,680.39,2844.66,3334143,16908287,67895295,227540991,363855871,288512,618135551,52804123.32,80816081.83,343245,10,10,10,0,0,0,0,0,0,303300607,359137279,381943807,298163696.69,2843
1781844937,0,346346,0,685.18,3101.22,3366911,17301503,70582271,229769215,363331583,288512,618135551,54075558.48,81605624.77,346346,10,10,10,0,0,0,0,0,0,190709759,249430015,269484031,194808792.70,3101
1781844938,0,348806,0,688.69,2458.97,3393535,17612799,72810495,236716031,370147327,288512,618135551,55457096.02,83293281.37,348806,10,10,10,0,0,0,0,0,0,226623487,405274623,428343295,249965226.67,2460
1781844939,0,351699,0,693.03,2892.42,3426303,17989631,75169791,257949695,416284671,288512,618135551,58403958.47,89104495.67,351699,10,10,10,0,0,0,0,0,0,412614655,479199231,508297215,413704098.56,2893
1781844940,0,355545,0,699.23,3847.86,3469311,18530303,78905343,276561919,427294719,288512,618135551,61050089.89,92732025.63,355545,10,10,10,0,0,0,0,0,0,306708479,455606271,492568575,303026629.69,3846
1781844941,0,358667,0,703.99,3122.60,3506175,18972671,81199103,275251199,426508287,288512,618135551,61525609.88,92526433.76,358667,10,10,10,0,0,0,0,0,0,114556927,176291839,218497023,115679599.35,3122
1781844942,0,361212,0,707.59,2544.72,3536895,19365887,83230719,274464767,426508287,288512,618135551,62124999.37,92578294.62,361212,10,10,10,0,0,0,0,0,0,146538495,228589567,251396095,146596995.57,2545
1781844943,0,364528,0,712.69,3315.63,3575807,19890175,86376447,288620543,427032575,288512,618135551,64219551.58,95080368.34,364528,10,10,10,0,0,0,0,0,0,310902783,396099583,472121343,292379199.61,3316
1781844944,0,367558,0,717.21,3031.31,3614719,20414463,88866815,287571967,426508287,288512,618135551,64779923.95,94937977.21,367558,10,10,10,0,0,0,0,0,0,133890047,187432959,212860927,132196234.39,3030
1781844945,0,370724,0,721.98,3163.37,3657727,20955135,91226111,286261247,426246143,288512,618135551,65426004.44,94873199.38,370724,10,10,10,0,0,0,0,0,0,146407423,205783039,231604223,140432969.42,3166
1781844946,0,373741,0,726.44,3017.77,3694591,21413887,91422719,285474815,425721855,288512,618135551,65524993.61,94540333.10,373741,10,10,10,0,0,0,0,0,0,74842111,136183807,178126847,77688620.21,3017
1781844947,0,376205,0,729.81,2464.57,3729407,21839871,93323263,284426239,425197567,288512,618135551,66095473.87,94590342.47,376205,10,10,10,0,0,0,0,0,0,153223167,244187135,261619711,152626262.44,2464
1781844948,0,379540,0,734.86,3333.38,3774463,22413311,96206847,287571967,424935423,288512,618135551,67426571.25,95463200.58,379540,10,10,10,0,0,0,0,0,0,226492415,320339967,342097919,217581141.21,3335
1781844949,0,382594,0,739.34,3053.80,3819519,22953983,98303999,286523391,423886847,288512,618135551,67981728.33,95377620.76,382594,10,10,10,0,0,0,0,0,0,129630207,225837055,269484031,136974628.38,3054
1781844950,0,385800,0,744.10,3207.71,3866623,23511039,98828287,285474815,423362559,288512,618135551,68183715.10,95072905.97,385800,10,10,10,0,0,0,0,0,0,88276991,163708927,211025919,92288183.34,3206
1781844951,0,388536,0,747.93,2734.70,3911679,24002559,100925439,284688383,422838271,288512,618135551,68672858.82,94967017.83,388536,10,10,10,0,0,0,0,0,0,141688831,194379775,215875583,137646415.35,2736
1781844952,0,391487,0,752.16,2950.67,3962879,24477695,102170623,283901951,422576127,288512,618135551,68974959.25,94772935.63,391487,10,10,10,0,0,0,0,0,0,112132095,189005823,212991999,108750252.55,2951
1781844953,0,394196,0,755.92,2710.94,4012031,24969215,104595455,289144831,422051839,288512,618135551,70360460.54,96020663.17,394196,10,10,10,0,0,0,0,0,0,268304383,362545151,390332415,270584064.28,2709
1781844954,0,397592,0,760.97,3395.24,4073471,25575423,106561535,289144831,421527551,288512,618135551,71060790.46,96094623.58,397592,10,10,10,0,0,0,0,0,0,141819903,275251199,337379327,152352678.75,3396
1781844955,0,400871,0,765.78,3280.29,4132863,26181631,106168319,288096255,420741119,288512,618135551,71083935.94,95775860.61,400871,10,10,10,0,0,0,0,0,0,64651263,157548543,231735295,73890419.70,3279
1781844956,0,403748,0,769.81,2876.86,4186111,26607615,105447423,287309823,420216831,288512,618135551,70963054.83,95466208.87,403748,10,10,10,0,0,0,0,0,0,50495487,100990975,126025727,54119908.06,2877
1781844957,0,406860,0,774.26,3112.36,4251647,27148287,105054207,286261247,419430399,288512,618135551,70930845.47,95135486.35,406860,10,10,10,0,0,0,0,0,0,61308927,123207679,157548543,66752033.56,3112
1781844958,0,409863,0,778.50,3002.07,4313087,27639807,104857599,285474815,418906111,288512,618135551,70957258.93,94826398.92,409863,10,10,10,0,0,0,0,0,0,72024063,128647167,147718143,74535873.94,3003
1781844959,0,412836,0,782.66,2973.64,4382719,28000255,104005631,284688383,418381823,288512,618135551,70728111.83,94529972.16,412836,10,10,10,0,0,0,0,0,0,38469631,64225279,76677119,39137490.45,2973
1781844960,0,415788,0,786.76,2949.91,4448255,28377087,103153663,283901951,417595391,288512,618135551,70528653.13,94233599.94,415788,10,10,10,0,0,0,0,0,0,39452671,72679423,88276991,42634434.25,2952
1781844961,0,418755,0,790.88,2969.39,4517887,28999679,102891519,282853375,416808959,288512,618135551,70595457.39,93925119.32,418755,10,10,10,0,0,0,0,0,0,78708735,121503743,139460607,79957239.98,2967
1781844962,0,421286,0,794.16,2529.54,4583423,29540351,104333311,282329087,416546815,288512,618135551,70960582.05,93794998.49,421286,10,10,10,0,0,0,0,0,0,133300223,186515455,208928767,131370608.27,2531
1781844963,0,424335,0,798.40,3050.52,4665343,30228479,106692607,282329087,416284671,288512,618135551,72005641.97,94329371.73,424335,10,10,10,0,0,0,0,0,0,217055231,285212671,310902783,216403515.28,3049
1781844964,0,426991,0,801.89,2655.92,4743167,30769151,108986367,289144831,415760383,288512,618135551,73318144.62,95575360.91,426991,10,10,10,0,0,0,0,0,0,290979839,359661567,378273791,283009714.89,2656
1781844965,0,430567,0,807.09,3574.77,4849663,31571967,110886911,290193407,414973951,288512,618135551,74184363.86,95945149.40,430567,10,10,10,0,0,0,0,0,0,155975679,340000767,383516671,177614962.54,3576
1781844966,0,433626,0,811.30,3058.98,4943871,32325631,111607807,289669119,414449663,288512,618135551,74511662.98,95804305.85,433626,10,10,10,0,0,0,0,0,0,107413503,233177087,277872639,120580377.86,3059
1781844967,0,436698,0,815.53,3071.31,5033983,32948223,112197631,289144831,413663231,288512,618135551,74754501.87,95607337.06,436698,10,10,10,0,0,0,0,0,0,102825983,204603391,238944255,109032255.00,3072
1781844968,0,439351,0,818.95,2654.51,5107711,33587199,112984063,288620543,413138943,288512,618135551,75058100.98,95501673.88,439351,10,10,10,0,0,0,0,0,0,121176063,225705983,267649023,125032139.99,2653
1781844969,0,441715,0,821.83,2363.29,5181439,34111487,114753535,295698431,417071103,288512,618135551,76424472.90,97144175.73,441715,10,10,10,0,0,0,0,0,0,323223551,427556863,446431231,330365617.60,2364
1781844970,0,444376,0,825.24,2660.16,5259263,34701311,116719615,305922047,451936255,288512,618135551,78942730.65,102199022.84,444376,10,10,10,0,0,0,0,0,0,508035071,557318143,575668223,496963108.37,2661
1781844971,0,448340,0,831.06,3964.40,5386239,35618815,119799807,314834943,465043455,288512,618135551,81276231.14,105214886.04,448340,10,10,10,0,0,0,0,0,0,341573631,505675775,544210943,342868463.98,3964
1781844972,0,450470,0,833.46,2130.71,5431295,36012031,120782847,314572799,464781311,288512,618135551,81618841.12,105218913.48,450470,10,10,10,0,0,0,0,0,0,155975679,283115519,322437119,153734220.86,2130
1781844973,0,450970,0,832.85,499.83,5382143,35880959,120586239,314310655,464519167,288512,618135551,81529981.49,105194389.38,450970,10,10,10,0,0,0,0,0,0,1313791,2637823,5050367,1472791.30,500
1781844974,0,451470,0,832.23,500.02,5332991,35749887,120455167,314310655,464257023,288512,618135551,81441318.78,105169837.50,451470,10,10,10,0,0,0,0,0,0,1433599,2414591,2873343,1472874.50,500
1781844975,0,451970,0,831.62,499.96,5292031,35651583,120389631,314310655,464257023,288512,618135551,81352710.51,105145367.27,451970,10,10,10,0,0,0,0,0,0,1321983,2207743,2570239,1344753.15,500
1781844976,0,452470,0,831.01,500.20,5242879,35520511,120193023,314048511,464257023,288512,618135551,81264450.19,105120756.09,452470,10,10,10,0,0,0,0,0,0,1430527,2607103,4038655,1482418.69,500
1781844977,0,452970,0,830.41,499.67,5197823,35422207,120061951,314048511,463994879,288512,618135551,81176528.38,105096012.42,452970,10,10,10,0,0,0,0,0,0,1478655,2973695,5521407,1612569.09,500
1781844978,0,453470,0,829.80,500.02,5156863,35291135,119930879,313786367,463994879,288512,618135551,81088583.36,105071407.42,453470,10,10,10,0,0,0,0,0,0,1306623,2525183,4188159,1415667.97,500
1781844979,0,453970,0,829.20,500.13,5107711,35192831,119799807,313786367,463994879,288512,618135551,81000889.65,105046734.05,453970,10,10,10,0,0,0,0,0,0,1302527,3008511,4296703,1467954.94,500
1781844980,0,454470,0,828.60,500.11,5062655,35094527,119668735,313524223,463994879,288512,618135551,80913366.64,105022052.00,454470,10,10,10,0,0,0,0,0,0,1411071,2240511,2738175,1447730.18,500
1781844981,0,454970,0,828.00,500.18,5021695,34996223,119537663,313262079,463732735,288512,618135551,80826019.77,104997358.07,454970,10,10,10,0,0,0,0,0,0,1371135,2263039,2865151,1432951.55,500
1781844982,0,455470,0,827.40,499.72,4980735,34865151,119406591,313262079,463732735,288512,618135551,80738940.93,104972583.46,455470,10,10,10,0,0,0,0,0,0,1391615,2424831,5189631,1502423.04,500
1781844983,0,455970,0,826.81,500.08,4935679,34734079,119275519,313262079,463732735,288512,618135551,80651798.43,104947976.28,455970,10,10,10,0,0,0,0,0,0,1228799,2158591,2658303,1270204.93,500
1781844984,0,456470,0,826.22,499.96,4890623,34635775,119144447,312999935,463732735,288512,618135551,80565029.77,104923208.25,456470,10,10,10,0,0,0,0,0,0,1317887,2633727,4069375,1437219.07,500
1781844985,0,456970,0,825.63,500.01,4845567,34504703,119013375,312999935,463470591,288512,618135551,80478693.92,104898236.28,456970,10,10,10,0,0,0,0,0,0,1451007,3317759,5398527,1659250.43,500
1781844986,0,457470,0,825.04,500.19,4796415,34406399,118882303,312999935,463470591,288512,618135551,80392266.70,104873452.07,457470,10,10,10,0,0,0,0,0,0,1267711,2523135,5042175,1402969.09,500
1781844987,0,457970,0,824.46,499.69,4755455,34308095,118751231,312999935,463470591,288512,618135551,80306036.52,104848637.35,457970,10,10,10,0,0,0,0,0,0,1281023,2656255,3540991,1410592.51,500
1781844988,0,458470,0,823.87,500.07,4710399,34177023,118620159,312737791,463208447,288512,618135551,80220123.72,104823704.03,458470,10,10,10,0,0,0,0,0,0,1395711,2607103,5083135,1529155.07,500
1781844989,0,458970,0,823.29,499.83,4669439,34045951,118489087,312737791,463208447,288512,618135551,80134227.94,104798875.24,458970,10,10,10,0,0,0,0,0,0,1334271,2238463,3231743,1372956.67,500
1781844990,0,459470,0,822.72,500.38,4628479,33947647,118423551,312475647,463208447,288512,618135551,80048427.17,104774093.17,459470,10,10,10,0,0,0,0,0,0,1209343,2061311,3266559,1288465.92,500
1781844991,0,459970,0,822.14,499.84,4587519,33816575,118226943,312475647,462946303,288512,618135551,79962889.19,104749231.63,459970,10,10,10,0,0,0,0,0,0,1320959,2240511,2738175,1358617.34,500
1781844992,0,460470,0,821.56,499.83,4550655,33718271,118161407,312475647,462684159,288512,618135551,79877597.78,104724303.79,460470,10,10,10,0,0,0,0,0,0,1309695,2656255,3137535,1414618.88,500
1781844993,0,460970,0,820.99,500.07,4513791,33619967,118030335,312213503,462684159,288512,618135551,79792561.65,104699302.16,460970,10,10,10,0,0,0,0,0,0,1412095,2746367,3440639,1479381.76,500
1781844994,0,461470,0,820.42,500.25,4481023,33488895,117899263,312213503,462684159,288512,618135551,79707681.13,104674302.42,461470,10,10,10,0,0,0,0,0,0,1355775,2592767,5009407,1452934.91,500
1781844995,0,461970,0,819.85,499.80,4444159,33374207,117768191,311951359,462684159,288512,618135551,79623018.59,104649256.78,461970,10,10,10,0,0,0,0,0,0,1346559,2693119,4192255,1484579.58,500
1781844996,0,462470,0,819.28,500.21,4411391,33259519,117571583,311951359,462422015,288512,618135551,79538535.39,104624192.77,462470,10,10,10,0,0,0,0,0,0,1370111,2678783,3907583,1481125.89,500
1781844997,0,462970,0,818.72,499.74,4378623,33144831,117440511,311951359,462422015,288512,618135551,79454148.79,104599172.27,462970,10,10,10,0,0,0,0,0,0,1366015,2252799,2678783,1401607.42,500
1781844998,0,463470,0,818.16,500.00,4341759,33013759,117309439,311689215,462159871,288512,618135551,79369937.78,104574137.53,463470,10,10,10,0,0,0,0,0,0,1285119,2791423,3475455,1395595.78,500
1781844999,0,463970,0,817.60,500.27,4308991,32899071,117178367,311689215,462159871,288512,618135551,79285932.34,104549065.03,463970,10,10,10,0,0,0,0,0,0,1340415,2172927,4268031,1417932.80,500
1781845000,0,464470,0,817.04,499.90,4272127,32784383,117112831,311427071,462159871,288512,618135551,79202097.34,104523980.95,464470,10,10,10,0,0,0,0,0,0,1300479,2603007,3301375,1408246.02,500
1781845001,0,464970,0,816.48,500.06,4247551,32686079,116981759,311427071,462159871,288512,618135551,79118341.12,104498952.34,464970,10,10,10,0,0,0,0,0,0,1291263,2003967,2459647,1313832.70,500
1781845002,0,465470,0,815.93,500.00,4218879,32571391,116850687,311164927,462159871,288512,618135551,79035560.05,104473378.82,465470,10,10,10,0,0,0,0,0,0,1369087,3874815,25772031,2054131.20,500
1781845003,0,465970,0,815.37,500.06,4188159,32473087,116719615,311164927,461897727,288512,618135551,78952358.39,104448170.46,465970,10,10,10,0,0,0,0,0,0,1319935,3155967,5255167,1496611.84,500
1781845004,0,466470,0,814.82,499.63,4159487,32374783,116588543,310902783,461897727,288512,618135551,78869192.74,104423047.71,466470,10,10,10,0,0,0,0,0,0,1299455,2232319,3610623,1363796.22,500
1781845005,0,466970,0,814.27,500.18,4132863,32243711,116457471,310902783,461897727,288512,618135551,78786351.72,104397798.56,466970,10,10,10,0,0,0,0,0,0,1363967,2576383,4153343,1500643.58,500
1781845006,0,467470,0,813.73,499.84,4102143,32129023,116326399,310640639,461635583,288512,618135551,78703647.30,104372562.13,467470,10,10,10,0,0,0,0,0,0,1376255,2568191,4110335,1462688.77,500
1781845007,0,467970,0,813.18,500.11,4077567,31997951,116195327,310640639,461635583,288512,618135551,78620925.42,104347451.11,467970,10,10,10,0,0,0,0,0,0,1196031,2203647,3932159,1280928.26,500
1781845008,0,468470,0,812.64,499.87,4052991,31866879,116064255,310640639,461373439,288512,618135551,78538549.15,104322197.72,468470,10,10,10,0,0,0,0,0,0,1327103,2473983,4145151,1439301.63,500
1781845009,0,468970,0,812.10,500.12,4026367,31752191,115933183,310378495,461111295,288512,618135551,78456423.51,104296872.64,468970,10,10,10,0,0,0,0,0,0,1399807,2615295,4804607,1509628.93,500
1781845010,0,469470,0,811.56,500.09,4001791,31637503,115867647,310378495,461111295,288512,618135551,78374476.35,104271527.92,469470,10,10,10,0,0,0,0,0,0,1419263,2752511,4155391,1512952.06,500
1781845011,0,469970,0,811.02,499.89,3975167,31522815,115736575,310378495,461111295,288512,618135551,78292641.99,104246212.06,469970,10,10,10,0,0,0,0,0,0,1359871,2766847,4186111,1455095.04,500
1781845012,0,470470,0,810.48,500.32,3948543,31391743,115605503,310116351,461111295,288512,618135551,78210898.94,104220939.98,470470,10,10,10,0,0,0,0,0,0,1304575,2385919,3131391,1377329.92,500
1781845013,0,470970,0,809.95,499.81,3923967,31277055,115474431,310116351,460849151,288512,618135551,78129577.44,104195472.76,470970,10,10,10,0,0,0,0,0,0,1447935,3031039,7057407,1610924.29,500
1781845014,0,471470,0,809.42,499.75,3899391,31162367,115408895,310116351,460849151,288512,618135551,78048233.70,104170130.55,471470,10,10,10,0,0,0,0,0,0,1319935,2478079,5144575,1427316.99,500
1781845015,0,471970,0,808.89,500.39,3878911,31064063,115277823,309854207,460849151,288512,618135551,77967171.57,104144692.72,471970,10,10,10,0,0,0,0,0,0,1403903,2680831,5500927,1530445.82,500
1781845016,0,472470,0,808.36,499.73,3856383,30965759,115212287,309854207,460587007,288512,618135551,77886172.44,104119318.03,472470,10,10,10,0,0,0,0,0,0,1354751,2504703,3747839,1427852.29,500
1781845017,0,472970,0,807.83,499.88,3833855,30851071,115081215,309592063,460587007,288512,618135551,77805367.04,104093910.89,472970,10,10,10,0,0,0,0,0,0,1414143,2289663,2729983,1449109.76,500
1781845018,0,473470,0,807.31,500.23,3811327,30736383,114950143,309592063,460324863,288512,618135551,77724697.54,104068515.18,473470,10,10,10,0,0,0,0,0,0,1299455,2476031,4476927,1416194.30,500
1781845019,0,473970,0,806.78,499.89,3788799,30621695,114819071,309329919,460324863,288512,618135551,77644148.60,104043140.36,473970,10,10,10,0,0,0,0,0,0,1324031,2381823,3059711,1369131.26,500
1781845020,0,474470,0,806.26,500.33,3768319,30523391,114687999,309329919,460062719,288512,618135551,77563886.34,104017667.45,474470,10,10,10,0,0,0,0,0,0,1312767,2904063,5332991,1480083.97,500
1781845021,0,474970,0,805.74,499.64,3747839,30425087,114556927,309067775,460062719,288512,618135551,77483748.03,103992213.47,474970,10,10,10,0,0,0,0,0,0,1282047,2527231,6066175,1437298.94,500
1781845022,0,475470,0,805.23,500.10,3729407,30326783,114491391,309067775,460062719,288512,618135551,77403692.54,103966805.63,475470,10,10,10,0,0,0,0,0,0,1308671,2334719,3774463,1355777.54,500
1781845023,0,475970,0,804.71,499.78,3708927,30228479,114360319,309067775,459800575,288512,618135551,77323848.92,103941350.66,475970,10,10,10,0,0,0,0,0,0,1390591,2148351,2711551,1397357.57,500
1781845024,0,476470,0,804.20,500.16,3688447,30113791,114229247,308805631,459800575,288512,618135551,77244164.05,103915888.93,476470,10,10,10,0,0,0,0,0,0,1271807,2627583,3837951,1388955.14,500
1781845025,0,476970,0,803.68,500.23,3672063,29982719,114098175,308805631,459800575,288512,618135551,77164706.28,103890369.74,476970,10,10,10,0,0,0,0,0,0,1349631,2449407,3411967,1446213.38,500
1781845026,0,477470,0,803.17,499.92,3653631,29884415,113967103,308543487,459800575,288512,618135551,77085452.63,103864813.18,477470,10,10,10,0,0,0,0,0,0,1323007,2326527,6987775,1482226.43,500
1781845027,0,477970,0,802.66,499.87,3635199,29769727,113836031,308543487,459538431,288512,618135551,77006200.08,103839359.82,477970,10,10,10,0,0,0,0,0,0,1219583,2269183,3819519,1324770.56,500
1781845028,0,478470,0,802.16,500.13,3614719,29671423,113704959,308543487,459538431,288512,618135551,76927262.10,103813784.87,478470,10,10,10,0,0,0,0,0,0,1389567,2447359,3479551,1467286.02,500
1781845029,0,478970,0,801.65,499.72,3596287,29556735,113573887,308281343,459538431,288512,618135551,76848356.05,103788293.27,478970,10,10,10,0,0,0,0,0,0,1213439,2449407,2832383,1340008.45,500
1781845030,0,479470,0,801.15,499.99,3577855,29442047,113442815,308281343,459538431,288512,618135551,76769631.60,103762776.56,479470,10,10,10,0,0,0,0,0,0,1251327,2232319,3465215,1356323.84,500
1781845031,0,479970,0,800.64,500.29,3559423,29327359,113377279,308019199,459276287,288512,618135551,76691194.13,103737159.06,479970,10,10,10,0,0,0,0,0,0,1375231,2562047,5390335,1474372.35,500
1781845032,0,482006,0,802.70,2036.02,3573759,29622271,114163711,307757055,459014143,288512,618135551,76905851.95,103690690.49,482006,10,10,10,0,0,0,0,0,0,136052735,252706815,287309823,127509641.24,2036
1781845033,0,485219,0,806.71,3212.51,3614719,30326783,116391935,317980671,487063551,288512,706215935,79441671.97,108340271.52,485219,10,10,10,0,0,0,0,0,0,488112127,631767039,672137215,459858871.02,3213
1781845034,0,487511,0,809.17,2292.09,3643391,30801919,118161407,328204287,520880127,288512,1231028223,82928895.57,119874715.45,487511,10,10,10,0,0,0,0,0,0,794820607,1102053375,1191182335,821178089.21,2292
1781845035,0,489922,0,811.83,2410.69,3674111,31326207,119930879,340787199,610271231,288512,1812987903,89394426.56,151323699.55,489922,10,10,10,0,0,0,0,0,0,1360003071,1722810367,1783627775,1396743026.57,2411
1781845036,0,492922,0,815.45,3000.90,3713023,32030719,122421247,359137279,1242562559,288512,2090860543,99954656.79,202662923.67,492922,10,10,10,0,0,0,0,0,0,1836056575,2013265919,2070937599,1824517696.17,3000
1781845037,0,494972,0,817.49,2049.16,3739647,32522239,124059647,372506623,1647312895,288512,2707423231,109431268.24,250284607.89,494972,10,10,10,0,0,0,0,0,0,2415919103,2665480191,2692743167,2388080178.45,2050
1781845038,0,498122,0,821.33,3149.21,3782655,33243135,126484479,398196735,2128609279,288512,3531603967,125964917.09,325070388.96,498122,10,10,10,0,0,0,0,0,0,2650800127,3244294143,3500146687,2723962770.77,3150
1781845039,0,501096,0,824.88,2975.24,3825663,33914879,128843775,429916159,2562719743,288512,4057989119,143354084.60,396415398.31,501096,10,10,10,0,0,0,0,0,0,2808086527,3856662527,4018143231,3055905160.52,2974
1781845040,0,503196,0,826.97,2100.62,3858431,34406399,130547711,452984831,2734686207,288512,4496293887,157566404.28,453604971.06,503196,10,10,10,0,0,0,0,0,0,3749707775,4217372671,4454350847,3548869520.82,2100
1781845041,0,505096,0,828.73,1898.51,3885055,34832383,132251647,479199231,3122659327,288512,5272240127,173117957.14,519491024.97,505096,10,10,10,0,0,0,0,0,0,4167041023,5100273663,5234491391,4291791214.48,1900
1781845042,0,508896,0,833.60,3801.72,3948543,35684351,135266303,536870911,3915382783,288512,6077546495,205091625.28,638082748.86,508896,10,10,10,0,0,0,0,0,0,4192206847,5700059135,6006243327,4455031594.58,3800
1781845043,0,512130,0,837.53,3235.82,4005887,36438015,138018815,814743551,4177526783,288512,6446645247,234178066.50,737086378.81,512130,10,10,10,0,0,0,0,0,0,4292870143,6207569919,6387924991,4811164335.73,3234
1781845044,0,514819,0,840.55,2686.62,4050943,37093375,140509183,1448083455,4395630591,288512,7033847807,259840441.93,819814354.08,514819,10,10,10,0,0,0,0,0,0,4492099583,6668943359,6983516159,5147334799.95,2689
1781845045,0,517402,0,843.39,2584.32,4095999,37748735,142999551,1849688063,5196742655,288512,7549747199,290221284.90,926535626.78,517402,10,10,10,0,0,0,0,0,0,6903824383,7428112383,7511998463,6345442034.82,2583
1781845046,0,521402,0,848.53,4000.90,4169727,38830079,146407423,2508193791,6236930047,288512,7549747199,337394486.21,1069667075.66,521402,10,10,10,0,0,0,0,0,0,6689914879,7314866175,7369392127,6439271661.57,4000
1781845047,0,524252,0,851.78,2849.57,4227071,39649279,149028863,2720006143,6622806015,288512,7868514303,371003944.59,1160732099.04,524252,10,10,10,0,0,0,0,0,0,6387924991,7532969983,7818182655,6519789494.70,2850
1781845048,0,526102,0,853.40,1849.16,4263935,40108031,150994943,3055550463,6857687039,288512,8178892799,394546797.30,1225246523.29,526102,10,10,10,0,0,0,0,0,0,6895435775,8078229503,8149532671,7066107673.74,1850
1781845049,0,527102,0,853.63,999.97,4280319,40370175,152043519,3384803327,6991904767,288512,8732540927,408257477.96,1264177056.04,527102,10,10,10,0,0,0,0,0,0,7411335167,8631877631,8707375103,7621473992.70,1000
1781845050,0,527502,0,852.90,400.26,4288511,40468479,152567807,3489660927,7046430719,288512,9563013119,414431514.03,1283626993.29,527502,10,10,10,0,0,0,0,0,0,8120172543,9521070079,9554624511,8550298419.20,400
1781845051,0,527602,0,851.69,99.98,4292607,40501247,152698879,3512729599,7067402239,288512,9563013119,416066166.93,1288995537.46,527602,10,10,10,0,0,0,0,0,0,8707375103,9462349823,9470738431,9038892892.16,100
1781845052,0,527602,0,850.31,0.00,4292607,40501247,152698879,3512729599,7067402239,288512,9563013119,416066166.93,1288995537.46,527602,10,10,10,0,0,0,0,0,0,0,0,0,0.00,0
1781845053,0,527752,0,849.19,150.00,4296703,40534015,152829951,3550478335,7088373759,288512,13119782911,419263079.27,1302811165.24,527752,10,10,10,0,0,0,0,0,0,11484004351,13111394303,13119782911,11663912031.57,150
1781845054,0,527902,0,848.06,149.96,4300799,40599551,152961023,3579838463,7109345279,288512,13631487999,422744711.69,1318939462.10,527902,10,10,10,0,0,0,0,0,0,12331253759,13614710783,13631487999,12672334561.28,150
1781845055,0,527902,0,846.70,0.00,4300799,40599551,152961023,3579838463,7109345279,288512,13631487999,422744711.69,1318939462.10,527902,10,10,10,0,0,0,0,0,0,0,0,0,0.00,0
1781845056,0,527952,0,845.43,49.97,4300799,40599551,152961023,3590324223,7117733887,288512,15787360255,424194360.71,1327261906.41,527952,10,10,10,0,0,0,0,0,0,15728639999,15787360255,15787360255,15729646632.96,50
1781845057,0,527952,0,844.07,0.00,4300799,40599551,152961023,3590324223,7117733887,288512,15787360255,424194360.71,1327261906.41,527952,10,10,10,0,0,0,0,0,0,0,0,0,0.00,0
1781845058,0,528002,0,842.81,50.01,4300799,40599551,152961023,3600809983,7126122495,288512,17448304639,425801529.37,1337434611.08,528002,10,10,10,0,0,0,0,0,0,17397972991,17448304639,17448304639,17395959726.08,50
1781845059,0,528002,0,841.46,0.00,4300799,40599551,152961023,3600809983,7126122495,288512,17448304639,425801529.37,1337434611.08,528002,10,10,10,0,0,0,0,0,0,0,0,0,0.00,0
1781845060,0,528052,0,840.20,50.02,4300799,40632319,153092095,3609198591,7130316799,288512,17582522367,427420784.72,1347683323.87,528052,10,10,10,0,0,0,0,0,0,17532190719,17582522367,17582522367,17526822010.88,50
1781845061,0,528052,0,838.87,0.00,4300799,40632319,153092095,3609198591,7130316799,288512,17582522367,427420784.72,1347683323.87,528052,10,10,10,0,0,0,0,0,0,0,0,0,0.00,0
1781845062,0,528102,0,837.62,49.97,4304895,40665087,153092095,3621781503,7138705407,288512,20719861759,429336772.60,1361928095.17,528102,10,10,10,0,0,0,0,0,0,20669530111,20719861759,20719861759,20664161402.88,50
1781845063,0,528102,0,836.29,0.00,4304895,40665087,153092095,3621781503,7138705407,288512,20719861759,429336772.60,1361928095.17,528102,10,10,10,0,0,0,0,0,0,0,0,0,0.00,0
1781845064,0,528102,0,834.97,0.00,4304895,40665087,153092095,3621781503,7138705407,288512,20719861759,429336772.60,1361928095.17,528102,10,10,10,0,0,0,0,0,0,0,0,0,0.00,0
1781845065,0,528102,0,833.65,0.00,4304895,40665087,153092095,3621781503,7138705407,288512,20719861759,429336772.60,1361928095.17,528102,10,10,10,0,0,0,0,0,0,0,0,0,0.00,0
1781845066,0,528102,0,832.34,0.00,4304895,40665087,153092095,3621781503,7138705407,288512,20719861759,429336772.60,1361928095.17,528102,10,10,10,0,0,0,0,0,0,0,0,0,0.00,0
1781845067,0,528102,0,831.03,0.00,4304895,40665087,153092095,3621781503,7138705407,288512,20719861759,429336772.60,1361928095.17,528102,10,10,10,0,0,0,0,0,0,0,0,0,0.00,0
1781845068,0,528102,0,829.72,0.00,4304895,40665087,153092095,3621781503,7138705407,288512,20719861759,429336772.60,1361928095.17,528102,10,10,10,0,0,0,0,0,0,0,0,0,0.00,0
1781845069,0,528102,0,828.42,0.00,4304895,40665087,153092095,3621781503,7138705407,288512,20719861759,429336772.60,1361928095.17,528102,10,10,10,0,0,0,0,0,0,0,0,0,0.00,0
1781845070,0,528102,0,827.12,0.00,4304895,40665087,153092095,3621781503,7138705407,288512,20719861759,429336772.60,1361928095.17,528102,10,10,10,0,0,0,0,0,0,0,0,0,0.00,0
1781845071,0,528102,0,825.83,0.00,4304895,40665087,153092095,3621781503,7138705407,288512,20719861759,429336772.60,1361928095.17,528102,10,10,10,0,0,0,0,0,0,0,0,0,0.00,0
1781845072,0,528102,0,824.54,0.00,4304895,40665087,153092095,3621781503,7138705407,288512,20719861759,429336772.60,1361928095.17,528102,10,10,10,0,0,0,0,0,0,0,0,0,0.00,0
1781845073,0,528102,0,823.26,0.00,4304895,40665087,153092095,3621781503,7138705407,288512,20719861759,429336772.60,1361928095.17,528102,10,10,10,0,0,0,0,0,0,0,0,0,0.00,0
1781845074,0,528102,0,821.97,0.00,4304895,40665087,153092095,3621781503,7138705407,288512,20719861759,429336772.60,1361928095.17,528102,10,10,10,0,0,0,0,0,0,0,0,0,0.00,0
1781845075,0,528102,0,820.70,0.00,4304895,40665087,153092095,3621781503,7138705407,288512,20719861759,429336772.60,1361928095.17,528102,10,10,10,0,0,0,0,0,0,0,0,0,0.00,0
1781845076,0,528102,0,819.42,0.00,4304895,40665087,153092095,3621781503,7138705407,288512,20719861759,429336772.60,1361928095.17,528102,10,10,10,0,0,0,0,0,0,0,0,0,0.00,0
1781845077,0,528102,0,818.15,0.00,4304895,40665087,153092095,3621781503,7138705407,288512,20719861759,429336772.60,1361928095.17,528102,10,10,10,0,0,0,0,0,0,0,0,0,0.00,0
1781845078,0,528102,0,816.89,0.00,4304895,40665087,153092095,3621781503,7138705407,288512,20719861759,429336772.60,1361928095.17,528102,10,10,10,0,0,0,0,0,0,0,0,0,0.00,0
1781845079,0,528102,0,815.63,0.00,4304895,40665087,153092095,3621781503,7138705407,288512,20719861759,429336772.60,1361928095.17,528102,10,10,10,0,0,0,0,0,0,0,0,0,0.00,0
1781845080,0,528102,0,814.37,0.00,4304895,40665087,153092095,3621781503,7138705407,288512,20719861759,429336772.60,1361928095.17,528102,10,10,10,0,0,0,0,0,0,0,0,0,0.00,0
1781845081,0,528102,0,813.11,0.00,4304895,40665087,153092095,3621781503,7138705407,288512,20719861759,429336772.60,1361928095.17,528102,10,10,10,0,0,0,0,0,0,0,0,0,0.00,0
1781845082,0,528102,0,811.86,0.00,4304895,40665087,153092095,3621781503,7138705407,288512,20719861759,429336772.60,1361928095.17,528102,10,10,10,0,0,0,0,0,0,0,0,0,0.00,0
1781845083,0,528102,0,810.62,0.00,4304895,40665087,153092095,3621781503,7138705407,288512,20719861759,429336772.60,1361928095.17,528102,10,10,10,0,0,0,0,0,0,0,0,0,0.00,0
1781845084,0,528102,0,809.38,0.00,4304895,40665087,153092095,3621781503,7138705407,288512,20719861759,429336772.60,1361928095.17,528102,10,10,10,0,0,0,0,0,0,0,0,0,0.00,0
1781845085,0,528102,0,808.14,0.00,4304895,40665087,153092095,3621781503,7138705407,288512,20719861759,429336772.60,1361928095.17,528102,10,10,10,0,0,0,0,0,0,0,0,0,0.00,0
1781845086,0,528102,0,806.90,0.00,4304895,40665087,153092095,3621781503,7138705407,288512,20719861759,429336772.60,1361928095.17,528102,10,10,10,0,0,0,0,0,0,0,0,0,0.00,0
1781845087,0,528102,0,805.67,0.00,4304895,40665087,153092095,3621781503,7138705407,288512,20719861759,429336772.60,1361928095.17,528102,10,10,10,0,0,0,0,0,0,0,0,0,0.00,0
1781845088,0,528102,0,804.44,0.00,4304895,40665087,153092095,3621781503,7138705407,288512,20719861759,429336772.60,1361928095.17,528102,10,10,10,0,0,0,0,0,0,0,0,0,0.00,0
1781845089,0,528102,0,803.22,0.00,4304895,40665087,153092095,3621781503,7138705407,288512,20719861759,429336772.60,1361928095.17,528102,10,10,10,0,0,0,0,0,0,0,0,0,0.00,0
1781845090,0,528102,0,802.00,0.00,4304895,40665087,153092095,3621781503,7138705407,288512,20719861759,429336772.60,1361928095.17,528102,10,10,10,0,0,0,0,0,0,0,0,0,0.00,0
1781845091,0,528102,0,800.79,0.00,4304895,40665087,153092095,3621781503,7138705407,288512,20719861759,429336772.60,1361928095.17,528102,10,10,10,0,0,0,0,0,0,0,0,0,0.00,0
1781845092,0,528102,0,799.57,0.00,4304895,40665087,153092095,3621781503,7138705407,288512,20719861759,429336772.60,1361928095.17,528102,10,10,10,0,0,0,0,0,0,0,0,0,0.00,0
1781845093,0,528102,0,798.36,0.00,4304895,40665087,153092095,3621781503,7138705407,288512,20719861759,429336772.60,1361928095.17,528102,10,10,10,0,0,0,0,0,0,0,0,0,0.00,0
1781845094,0,528102,0,797.16,0.00,4304895,40665087,153092095,3621781503,7138705407,288512,20719861759,429336772.60,1361928095.17,528102,10,10,10,0,0,0,0,0,0,0,0,0,0.00,0
1781845095,0,528102,0,795.96,0.00,4304895,40665087,153092095,3621781503,7138705407,288512,20719861759,429336772.60,1361928095.17,528102,10,10,10,0,0,0,0,0,0,0,0,0,0.00,0
1781845096,0,528102,0,794.76,0.00,4304895,40665087,153092095,3621781503,7138705407,288512,20719861759,429336772.60,1361928095.17,528102,10,10,10,0,0,0,0,0,0,0,0,0,0.00,0
1781845097,0,528102,0,793.57,0.00,4304895,40665087,153092095,3621781503,7138705407,288512,20719861759,429336772.60,1361928095.17,528102,10,10,10,0,0,0,0,0,0,0,0,0,0.00,0
1781845098,0,528102,0,792.37,0.00,4304895,40665087,153092095,3621781503,7138705407,288512,20719861759,429336772.60,1361928095.17,528102,10,10,10,0,0,0,0,0,0,0,0,0,0.00,0
1781845099,0,528102,0,791.19,0.00,4304895,40665087,153092095,3621781503,7138705407,288512,20719861759,429336772.60,1361928095.17,528102,10,10,10,0,0,0,0,0,0,0,0,0,0.00,0
1781845100,0,528102,0,790.00,0.00,4304895,40665087,153092095,3621781503,7138705407,288512,20719861759,429336772.60,1361928095.17,528102,10,10,10,0,0,0,0,0,0,0,0,0,0.00,0
1781845101,0,528102,0,788.82,0.00,4304895,40665087,153092095,3621781503,7138705407,288512,20719861759,429336772.60,1361928095.17,528102,10,10,10,0,0,0,0,0,0,0,0,0,0.00,0
1781845102,0,528102,0,787.65,0.00,4304895,40665087,153092095,3621781503,7138705407,288512,20719861759,429336772.60,1361928095.17,528102,10,10,10,0,0,0,0,0,0,0,0,0,0.00,0
1781845103,0,528102,0,786.47,0.00,4304895,40665087,153092095,3621781503,7138705407,288512,20719861759,429336772.60,1361928095.17,528102,10,10,10,0,0,0,0,0,0,0,0,0,0.00,0
1781845104,0,528102,0,785.31,0.00,4304895,40665087,153092095,3621781503,7138705407,288512,20719861759,429336772.60,1361928095.17,528102,10,10,10,0,0,0,0,0,0,0,0,0,0.00,0
1781845105,0,528102,0,784.14,0.00,4304895,40665087,153092095,3621781503,7138705407,288512,20719861759,429336772.60,1361928095.17,528102,10,10,10,0,0,0,0,0,0,0,0,0,0.00,0
1781845106,0,528102,0,782.98,0.00,4304895,40665087,153092095,3621781503,7138705407,288512,20719861759,429336772.60,1361928095.17,528102,10,10,10,0,0,0,0,0,0,0,0,0,0.00,0
1781845107,0,528102,0,781.82,0.00,4304895,40665087,153092095,3621781503,7138705407,288512,20719861759,429336772.60,1361928095.17,528102,10,10,10,0,0,0,0,0,0,0,0,0,0.00,0
1781845108,0,528102,0,780.66,0.00,4304895,40665087,153092095,3621781503,7138705407,288512,20719861759,429336772.60,1361928095.17,528102,10,10,10,0,0,0,0,0,0,0,0,0,0.00,0
1781845109,0,528102,0,779.51,0.00,4304895,40665087,153092095,3621781503,7138705407,288512,20719861759,429336772.60,1361928095.17,528102,10,10,10,0,0,0,0,0,0,0,0,0,0.00,0
1781845110,0,528102,0,778.36,0.00,4304895,40665087,153092095,3621781503,7138705407,288512,20719861759,429336772.60,1361928095.17,528102,10,10,10,0,0,0,0,0,0,0,0,0,0.00,0
1781845111,0,528102,0,777.21,0.00,4304895,40665087,153092095,3621781503,7138705407,288512,20719861759,429336772.60,1361928095.17,528102,10,10,10,0,0,0,0,0,0,0,0,0,0.00,0
1781845112,0,528102,0,776.07,0.00,4304895,40665087,153092095,3621781503,7138705407,288512,20719861759,429336772.60,1361928095.17,528102,10,10,10,0,0,0,0,0,0,0,0,0,0.00,0
1781845113,0,528102,0,774.93,0.00,4304895,40665087,153092095,3621781503,7138705407,288512,20719861759,429336772.60,1361928095.17,528102,10,10,10,0,0,0,0,0,0,0,0,0,0.00,0
1781845114,0,528102,0,773.80,0.00,4304895,40665087,153092095,3621781503,7138705407,288512,20719861759,429336772.60,1361928095.17,528102,10,10,10,0,0,0,0,0,0,0,0,0,0.00,0
1781845115,0,528102,0,772.67,0.00,4304895,40665087,153092095,3621781503,7138705407,288512,20719861759,429336772.60,1361928095.17,528102,10,10,10,0,0,0,0,0,0,0,0,0,0.00,0
1781845116,0,528102,0,771.54,0.00,4304895,40665087,153092095,3621781503,7138705407,288512,20719861759,429336772.60,1361928095.17,528102,10,10,10,0,0,0,0,0,0,0,0,0,0.00,0
1781845117,0,528102,0,770.41,0.00,4304895,40665087,153092095,3621781503,7138705407,288512,20719861759,429336772.60,1361928095.17,528102,10,10,10,0,0,0,0,0,0,0,0,0,0.00,0
1781845118,0,528102,0,769.29,0.00,4304895,40665087,153092095,3621781503,7138705407,288512,20719861759,429336772.60,1361928095.17,528102,10,10,10,0,0,0,0,0,0,0,0,0,0.00,0
1781845119,0,528102,0,768.17,0.00,4304895,40665087,153092095,3621781503,7138705407,288512,20719861759,429336772.60,1361928095.17,528102,10,10,10,0,0,0,0,0,0,0,0,0,0.00,0
1781845120,0,528102,0,767.05,0.00,4304895,40665087,153092095,3621781503,7138705407,288512,20719861759,429336772.60,1361928095.17,528102,10,10,10,0,0,0,0,0,0,0,0,0,0.00,0
1781845121,0,528102,0,765.94,0.00,4304895,40665087,153092095,3621781503,7138705407,288512,20719861759,429336772.60,1361928095.17,528102,10,10,10,0,0,0,0,0,0,0,0,0,0.00,0
1781845122,0,528102,0,764.83,0.00,4304895,40665087,153092095,3621781503,7138705407,288512,20719861759,429336772.60,1361928095.17,528102,10,10,10,0,0,0,0,0,0,0,0,0,0.00,0
1781845123,0,528102,0,763.73,0.00,4304895,40665087,153092095,3621781503,7138705407,288512,20719861759,429336772.60,1361928095.17,528102,10,10,10,0,0,0,0,0,0,0,0,0,0.00,0
1781845124,0,528102,0,762.62,0.00,4304895,40665087,153092095,3621781503,7138705407,288512,20719861759,429336772.60,1361928095.17,528102,10,10,10,0,0,0,0,0,0,0,0,0,0.00,0
1781845125,0,528102,0,761.52,0.00,4304895,40665087,153092095,3621781503,7138705407,288512,20719861759,429336772.60,1361928095.17,528102,10,10,10,0,0,0,0,0,0,0,0,0,0.00,0
1781845126,0,528102,0,760.43,0.00,4304895,40665087,153092095,3621781503,7138705407,288512,20719861759,429336772.60,1361928095.17,528102,10,10,10,0,0,0,0,0,0,0,0,0,0.00,0
1781845127,0,528102,0,759.33,0.00,4304895,40665087,153092095,3621781503,7138705407,288512,20719861759,429336772.60,1361928095.17,528102,10,10,10,0,0,0,0,0,0,0,0,0,0.00,0
1781845128,0,528102,0,758.24,0.00,4304895,40665087,153092095,3621781503,7138705407,288512,20719861759,429336772.60,1361928095.17,528102,10,10,10,0,0,0,0,0,0,0,0,0,0.00,0
1781845129,0,528102,0,757.16,0.00,4304895,40665087,153092095,3621781503,7138705407,288512,20719861759,429336772.60,1361928095.17,528102,10,10,10,0,0,0,0,0,0,0,0,0,0.00,0
1781845130,0,528102,0,756.07,0.00,4304895,40665087,153092095,3621781503,7138705407,288512,20719861759,429336772.60,1361928095.17,528102,10,10,10,0,0,0,0,0,0,0,0,0,0.00,0
1781845131,0,528102,0,754.99,0.00,4304895,40665087,153092095,3621781503,7138705407,288512,20719861759,429336772.60,1361928095.17,528102,10,10,10,0,0,0,0,0,0,0,0,0,0.00,0
1781845132,0,528102,0,753.91,0.00,4304895,40665087,153092095,3621781503,7138705407,288512,20719861759,429336772.60,1361928095.17,528102,10,10,10,0,0,0,0,0,0,0,0,0,0.00,0
1781845133,0,528102,0,752.84,0.00,4304895,40665087,153092095,3621781503,7138705407,288512,20719861759,429336772.60,1361928095.17,528102,10,10,10,0,0,0,0,0,0,0,0,0,0.00,0
1781845134,0,528102,0,751.77,0.00,4304895,40665087,153092095,3621781503,7138705407,288512,20719861759,429336772.60,1361928095.17,528102,10,10,10,0,0,0,0,0,0,0,0,0,0.00,0
1781845135,0,528102,0,750.70,0.00,4304895,40665087,153092095,3621781503,7138705407,288512,20719861759,429336772.60,1361928095.17,528102,10,10,10,0,0,0,0,0,0,0,0,0,0.00,0
1781845136,0,528102,0,749.63,0.00,4304895,40665087,153092095,3621781503,7138705407,288512,20719861759,429336772.60,1361928095.17,528102,10,10,10,0,0,0,0,0,0,0,0,0,0.00,0
1781845137,0,528102,0,748.57,0.00,4304895,40665087,153092095,3621781503,7138705407,288512,20719861759,429336772.60,1361928095.17,528102,10,10,10,0,0,0,0,0,0,0,0,0,0.00,0
1781845138,0,528102,0,747.51,0.00,4304895,40665087,153092095,3621781503,7138705407,288512,20719861759,429336772.60,1361928095.17,528102,10,10,10,0,0,0,0,0,0,0,0,0,0.00,0
1781845139,0,528102,0,746.45,0.00,4304895,40665087,153092095,3621781503,7138705407,288512,20719861759,429336772.60,1361928095.17,528102,10,10,10,0,0,0,0,0,0,0,0,0,0.00,0
1781845140,0,528102,0,745.40,0.00,4304895,40665087,153092095,3621781503,7138705407,288512,20719861759,429336772.60,1361928095.17,528102,10,10,10,0,0,0,0,0,0,0,0,0,0.00,0
1781845141,0,528102,0,744.35,0.00,4304895,40665087,153092095,3621781503,7138705407,288512,20719861759,429336772.60,1361928095.17,528102,10,10,10,0,0,0,0,0,0,0,0,0,0.00,0
1781845142,0,528102,0,743.30,0.00,4304895,40665087,153092095,3621781503,7138705407,288512,20719861759,429336772.60,1361928095.17,528102,10,10,10,0,0,0,0,0,0,0,0,0,0.00,0
1781845143,0,528102,0,742.26,0.00,4304895,40665087,153092095,3621781503,7138705407,288512,20719861759,429336772.60,1361928095.17,528102,10,10,10,0,0,0,0,0,0,0,0,0,0.00,0
1781845144,0,528102,0,741.22,0.00,4304895,40665087,153092095,3621781503,7138705407,288512,20719861759,429336772.60,1361928095.17,528102,10,10,10,0,0,0,0,0,0,0,0,0,0.00,0
1781845145,0,528102,0,740.18,0.00,4304895,40665087,153092095,3621781503,7138705407,288512,20719861759,429336772.60,1361928095.17,528102,10,10,10,0,0,0,0,0,0,0,0,0,0.00,0
1781845146,0,528102,0,739.14,0.00,4304895,40665087,153092095,3621781503,7138705407,288512,20719861759,429336772.60,1361928095.17,528102,10,10,10,0,0,0,0,0,0,0,0,0,0.00,0
1781845147,0,528102,0,738.11,0.00,4304895,40665087,153092095,3621781503,7138705407,288512,20719861759,429336772.60,1361928095.17,528102,10,10,10,0,0,0,0,0,0,0,0,0,0.00,0
1781845148,0,528102,0,737.08,0.00,4304895,40665087,153092095,3621781503,7138705407,288512,20719861759,429336772.60,1361928095.17,528102,10,10,10,0,0,0,0,0,0,0,0,0,0.00,0
1781845149,0,528102,0,736.05,0.00,4304895,40665087,153092095,3621781503,7138705407,288512,20719861759,429336772.60,1361928095.17,528102,10,10,10,0,0,0,0,0,0,0,0,0,0.00,0
1781845150,0,528102,0,735.03,0.00,4304895,40665087,153092095,3621781503,7138705407,288512,20719861759,429336772.60,1361928095.17,528102,10,10,10,0,0,0,0,0,0,0,0,0,0.00,0
1781845151,0,528102,0,734.00,0.00,4304895,40665087,153092095,3621781503,7138705407,288512,20719861759,429336772.60,1361928095.17,528102,10,10,10,0,0,0,0,0,0,0,0,0,0.00,0
1781845152,0,528102,0,732.99,0.00,4304895,40665087,153092095,3621781503,7138705407,288512,20719861759,429336772.60,1361928095.17,528102,10,10,10,0,0,0,0,0,0,0,0,0,0.00,0
1781845153,0,528102,0,731.97,0.00,4304895,40665087,153092095,3621781503,7138705407,288512,20719861759,429336772.60,1361928095.17,528102,10,10,10,0,0,0,0,0,0,0,0,0,0.00,0
1781845154,0,528102,0,730.96,0.00,4304895,40665087,153092095,3621781503,7138705407,288512,20719861759,429336772.60,1361928095.17,528102,10,10,10,0,0,0,0,0,0,0,0,0,0.00,0
