timestamp,sent_count,received_count,error_count,total_throughput,interval_throughput,latency_ns_p25,latency_ns_p50,latency_ns_p75,latency_ns_p95,latency_ns_p99,latency_ns_min,latency_ns_max,latency_ns_mean,latency_ns_stddev,latency_sample_count,connections,active_connections,connection_attempts,connection_failures,crashes_injected,reconnects,reconnect_failures,duplicate_count,gap_count,interval_latency_ns_p50,interval_latency_ns_p95,interval_latency_ns_p99,interval_latency_ns_mean,interval_latency_sample_count
1781844370,0,0,0,0.00,0.00,0,0,0,0,0,0,0,0.00,0.00,0,1,1,1,0,0,0,0,0,0,0,0,0,0.00,0
1781844371,0,0,0,0.00,0.00,0,0,0,0,0,0,0,0.00,0.00,0,1,1,1,0,0,0,0,0,0,0,0,0,0.00,0
1781844372,0,0,0,0.00,0.00,0,0,0,0,0,0,0,0.00,0.00,0,1,1,1,0,0,0,0,0,0,0,0,0,0.00,0
1781844373,0,0,0,0.00,0.00,0,0,0,0,0,0,0,0.00,0.00,0,1,1,1,0,0,0,0,0,0,0,0,0,0.00,0
1781844374,0,0,0,0.00,0.00,0,0,0,0,0,0,0,0.00,0.00,0,1,1,1,0,0,0,0,0,0,0,0,0,0.00,0
1781844375,0,0,0,0.00,0.00,0,0,0,0,0,0,0,0.00,0.00,0,1,1,1,0,0,0,0,0,0,0,0,0,0.00,0
1781844376,0,0,0,0.00,0.00,0,0,0,0,0,0,0,0.00,0.00,0,1,1,1,0,0,0,0,0,0,0,0,0,0.00,0
1781844377,0,0,0,0.00,0.00,0,0,0,0,0,0,0,0.00,0.00,0,2,2,2,0,0,0,0,0,0,0,0,0,0.00,0
1781844378,0,0,0,0.00,0.00,0,0,0,0,0,0,0,0.00,0.00,0,2,2,2,0,0,0,0,0,0,0,0,0,0.00,0
1781844379,0,0,0,0.00,0.00,0,0,0,0,0,0,0,0.00,0.00,0,2,2,2,0,0,0,0,0,0,0,0,0,0.00,0
1781844380,0,0,0,0.00,0.00,0,0,0,0,0,0,0,0.00,0.00,0,2,2,2,0,0,0,0,0,0,0,0,0,0.00,0
1781844381,0,0,0,0.00,0.00,0,0,0,0,0,0,0,0.00,0.00,0,2,2,2,0,0,0,0,0,0,0,0,0,0.00,0
1781844382,0,0,0,0.00,0.00,0,0,0,0,0,0,0,0.00,0.00,0,2,2,2,0,0,0,0,0,0,0,0,0,0.00,0
1781844383,0,0,0,0.00,0.00,0,0,0,0,0,0,0,0.00,0.00,0,2,2,2,0,0,0,0,0,0,0,0,0,0.00,0
1781844384,0,0,0,0.00,0.00,0,0,0,0,0,0,0,0.00,0.00,0,3,3,3,0,0,0,0,0,0,0,0,0,0.00,0
1781844385,0,0,0,0.00,0.00,0,0,0,0,0,0,0,0.00,0.00,0,3,3,3,0,0,0,0,0,0,0,0,0,0.00,0
1781844386,0,0,0,0.00,0.00,0,0,0,0,0,0,0,0.00,0.00,0,3,3,3,0,0,0,0,0,0,0,0,0,0.00,0
1781844387,0,0,0,0.00,0.00,0,0,0,0,0,0,0,0.00,0.00,0,3,3,3,0,0,0,0,0,0,0,0,0,0.00,0
1781844388,0,0,0,0.00,0.00,0,0,0,0,0,0,0,0.00,0.00,0,3,3,3,0,0,0,0,0,0,0,0,0,0.00,0
1781844389,0,0,0,0.00,0.00,0,0,0,0,0,0,0,0.00,0.00,0,3,3,3,0,0,0,0,0,0,0,0,0,0.00,0
1781844390,0,0,0,0.00,0.00,0,0,0,0,0,0,0,0.00,0.00,0,3,3,3,0,0,0,0,0,0,0,0,0,0.00,0
1781844391,0,0,0,0.00,0.00,0,0,0,0,0,0,0,0.00,0.00,0,4,4,4,0,0,0,0,0,0,0,0,0,0.00,0
1781844392,0,0,0,0.00,0.00,0,0,0,0,0,0,0,0.00,0.00,0,4,4,4,0,0,0,0,0,0,0,0,0,0.00,0
1781844393,0,0,0,0.00,0.00,0,0,0,0,0,0,0,0.00,0.00,0,4,4,4,0,0,0,0,0,0,0,0,0,0.00,0
1781844394,0,0,0,0.00,0.00,0,0,0,0,0,0,0,0.00,0.00,0,4,4,4,0,0,0,0,0,0,0,0,0,0.00,0
1781844395,0,0,0,0.00,0.00,0,0,0,0,0,0,0,0.00,0.00,0,4,4,4,0,0,0,0,0,0,0,0,0,0.00,0
1781844396,0,0,0,0.00,0.00,0,0,0,0,0,0,0,0.00,0.00,0,4,4,4,0,0,0,0,0,0,0,0,0,0.00,0
1781844397,0,0,0,0.00,0.00,0,0,0,0,0,0,0,0.00,0.00,0,5,5,5,0,0,0,0,0,0,0,0,0,0.00,0
1781844398,0,0,0,0.00,0.00,0,0,0,0,0,0,0,0.00,0.00,0,5,5,5,0,0,0,0,0,0,0,0,0,0.00,0
1781844399,0,0,0,0.00,0.00,0,0,0,0,0,0,0,0.00,0.00,0,5,5,5,0,0,0,0,0,0,0,0,0,0.00,0
1781844400,0,0,0,0.00,0.00,0,0,0,0,0,0,0,0.00,0.00,0,5,5,5,0,0,0,0,0,0,0,0,0,0.00,0
1781844401,0,0,0,0.00,0.00,0,0,0,0,0,0,0,0.00,0.00,0,5,5,5,0,0,0,0,0,0,0,0,0,0.00,0
1781844402,0,0,0,0.00,0.00,0,0,0,0,0,0,0,0.00,0.00,0,5,5,5,0,0,0,0,0,0,0,0,0,0.00,0
1781844403,0,0,0,0.00,0.00,0,0,0,0,0,0,0,0.00,0.00,0,5,5,5,0,0,0,0,0,0,0,0,0,0.00,0
1781844404,0,0,0,0.00,0.00,0,0,0,0,0,0,0,0.00,0.00,0,6,6,6,0,0,0,0,0,0,0,0,0,0.00,0
1781844405,0,0,0,0.00,0.00,0,0,0,0,0,0,0,0.00,0.00,0,6,6,6,0,0,0,0,0,0,0,0,0,0.00,0
1781844406,0,0,0,0.00,0.00,0,0,0,0,0,0,0,0.00,0.00,0,6,6,6,0,0,0,0,0,0,0,0,0,0.00,0
1781844407,0,0,0,0.00,0.00,0,0,0,0,0,0,0,0.00,0.00,0,6,6,6,0,0,0,0,0,0,0,0,0,0.00,0
1781844408,0,0,0,0.00,0.00,0,0,0,0,0,0,0,0.00,0.00,0,6,6,6,0,0,0,0,0,0,0,0,0,0.00,0
1781844409,0,0,0,0.00,0.00,0,0,0,0,0,0,0,0.00,0.00,0,6,6,6,0,0,0,0,0,0,0,0,0,0.00,0
1781844410,0,0,0,0.00,0.00,0,0,0,0,0,0,0,0.00,0.00,0,6,6,6,0,0,0,0,0,0,0,0,0,0.00,0
1781844411,0,0,0,0.00,0.00,0,0,0,0,0,0,0,0.00,0.00,0,7,7,7,0,0,0,0,0,0,0,0,0,0.00,0
1781844412,0,0,0,0.00,0.00,0,0,0,0,0,0,0,0.00,0.00,0,7,7,7,0,0,0,0,0,0,0,0,0,0.00,0
1781844413,0,0,0,0.00,0.00,0,0,0,0,0,0,0,0.00,0.00,0,7,7,7,0,0,0,0,0,0,0,0,0,0.00,0
1781844414,0,0,0,0.00,0.00,0,0,0,0,0,0,0,0.00,0.00,0,7,7,7,0,0,0,0,0,0,0,0,0,0.00,0
1781844415,0,0,0,0.00,0.00,0,0,0,0,0,0,0,0.00,0.00,0,7,7,7,0,0,0,0,0,0,0,0,0,0.00,0
1781844416,0,0,0,0.00,0.00,0,0,0,0,0,0,0,0.00,0.00,0,7,7,7,0,0,0,0,0,0,0,0,0,0.00,0
1781844417,0,0,0,0.00,0.00,0,0,0,0,0,0,0,0.00,0.00,0,8,8,8,0,0,0,0,0,0,0,0,0,0.00,0
1781844418,0,0,0,0.00,0.00,0,0,0,0,0,0,0,0.00,0.00,0,8,8,8,0,0,0,0,0,0,0,0,0,0.00,0
1781844419,0,0,0,0.00,0.00,0,0,0,0,0,0,0,0.00,0.00,0,8,8,8,0,0,0,0,0,0,0,0,0,0.00,0
1781844420,0,0,0,0.00,0.00,0,0,0,0,0,0,0,0.00,0.00,0,8,8,8,0,0,0,0,0,0,0,0,0,0.00,0
1781844421,0,0,0,0.00,0.00,0,0,0,0,0,0,0,0.00,0.00,0,8,8,8,0,0,0,0,0,0,0,0,0,0.00,0
1781844422,0,0,0,0.00,0.00,0,0,0,0,0,0,0,0.00,0.00,0,8,8,8,0,0,0,0,0,0,0,0,0,0.00,0
1781844423,0,0,0,0.00,0.00,0,0,0,0,0,0,0,0.00,0.00,0,8,8,8,0,0,0,0,0,0,0,0,0,0.00,0
1781844424,0,0,0,0.00,0.00,0,0,0,0,0,0,0,0.00,0.00,0,9,9,9,0,0,0,0,0,0,0,0,0,0.00,0
1781844425,0,0,0,0.00,0.00,0,0,0,0,0,0,0,0.00,0.00,0,9,9,9,0,0,0,0,0,0,0,0,0,0.00,0
1781844426,0,0,0,0.00,0.00,0,0,0,0,0,0,0,0.00,0.00,0,9,9,9,0,0,0,0,0,0,0,0,0,0.00,0
1781844427,0,0,0,0.00,0.00,0,0,0,0,0,0,0,0.00,0.00,0,9,9,9,0,0,0,0,0,0,0,0,0,0.00,0
1781844428,0,0,0,0.00,0.00,0,0,0,0,0,0,0,0.00,0.00,0,9,9,9,0,0,0,0,0,0,0,0,0,0.00,0
1781844429,0,0,0,0.00,0.00,0,0,0,0,0,0,0,0.00,0.00,0,9,9,9,0,0,0,0,0,0,0,0,0,0.00,0
1781844430,0,0,0,0.00,0.00,0,0,0,0,0,0,0,0.00,0.00,0,9,9,9,0,0,0,0,0,0,0,0,0,0.00,0
1781844431,0,0,0,0.00,0.00,0,0,0,0,0,0,0,0.00,0.00,0,10,10,10,0,0,0,0,0,0,0,0,0,0.00,0
1781844432,0,170,0,263.71,169.98,3201023,7573503,50069503,172621823,192937983,700416,193200127,38543046.78,57955589.39,170,10,10,10,0,0,0,0,0,0,7573503,172621823,192937983,38543046.78,170
1781844433,0,370,0,224.94,199.95,2222079,3162111,8445951,152436735,183762943,596480,193200127,19414977.73,43098696.49,370,10,10,10,0,0,0,0,0,0,2441215,9093119,12165119,3156119.04,200
1781844434,0,570,0,215.55,200.10,1940479,2734079,4657151,102301695,183500799,596480,193200127,13476634.05,35656560.88,570,10,10,10,0,0,0,0,0,0,2326527,4521983,5337087,2490698.24,200
1781844435,0,770,0,211.27,199.96,2010111,2772991,3940351,62226431,182583295,596480,193200127,10762035.53,31026821.64,770,10,10,10,0,0,0,0,0,0,2818047,6070271,7352319,3025429.76,200
1781844436,0,970,0,208.86,200.05,1926143,2682879,3713023,31965183,172359679,596480,193200127,9046237.69,27852277.31,970,10,10,10,0,0,0,0,0,0,2410495,4063231,6520831,2440416.00,200
1781844437,0,1170,0,207.27,199.91,1925119,2652159,3512319,15466495,172097535,596480,193200127,7929952.27,25482479.23,1170,10,10,10,0,0,0,0,0,0,2570239,4065279,4358143,2515968.00,200
1781844438,0,1370,0,206.20,200.14,1926143,2633727,3489791,11911167,162791423,596480,193200127,7182044.31,23624450.42,1370,10,10,10,0,0,0,0,0,0,2525183,5718015,8052735,2806782.72,200
1781844439,0,1570,0,205.38,199.97,1901567,2617343,3422207,10035199,162529279,596480,193200127,6619200.24,22126314.15,1570,10,10,10,0,0,0,0,0,0,2478079,4575231,9863167,2763718.40,200
1781844440,0,1770,0,204.76,199.99,1863679,2592767,3385343,9486335,152567807,596480,193200127,6149513.69,20883092.08,1770,10,10,10,0,0,0,0,0,0,2449407,4304895,4775935,2462474.24,200
1781844441,0,1970,0,204.26,199.93,1828863,2586623,3346431,8888319,152305663,596480,193200127,5776455.34,19828082.17,1970,10,10,10,0,0,0,0,0,0,2531327,4118527,4759551,2474888.96,200
1781844442,0,2170,0,203.86,200.07,1811455,2557951,3284991,8364031,133431295,596480,193200127,5455043.01,18920967.85,2170,10,10,10,0,0,0,0,0,0,2193407,3794943,4431871,2289131.52,200
1781844443,0,2370,0,203.53,199.97,1803263,2533375,3272703,7593983,132513791,596480,193200127,5199625.72,18126326.57,2370,10,10,10,0,0,0,0,0,0,2279423,3928063,4382719,2428348.16,200
1781844444,0,2570,0,203.24,199.91,1800191,2510847,3244031,7593983,122028031,596480,193200127,5022725.38,17436765.66,2570,10,10,10,0,0,0,0,0,0,2318335,4952063,16605183,2926456.32,200
1781844445,0,2770,0,203.01,200.05,1774591,2500607,3254271,6778879,112394239,596480,193200127,4836201.73,16811063.00,2770,10,10,10,0,0,0,0,0,0,2355199,3905535,4673535,2439372.80,200
1781844446,0,2970,0,202.81,200.12,1773567,2502655,3254271,6205439,102236159,596480,193200127,4683311.84,16247110.46,2970,10,10,10,0,0,0,0,0,0,2527231,4077567,4956159,2565786.88,200
1781844447,0,3170,0,202.63,200.01,1762303,2478079,3231743,5857279,83296255,596480,193200127,4532715.41,15738490.39,3170,10,10,10,0,0,0,0,0,0,2211839,3885055,4456447,2296358.40,200
1781844448,0,3370,0,202.47,199.99,1761279,2478079,3231743,5529599,82378751,596480,193200127,4410720.85,15273711.88,3370,10,10,10,0,0,0,0,0,0,2486271,3923967,4337663,2477107.20,200
1781844449,0,3570,0,202.33,199.98,1759231,2463743,3225599,5304319,71892991,596480,193200127,4295593.95,14848841.08,3570,10,10,10,0,0,0,0,0,0,2242559,3794943,4456447,2355705.60,200
1781844450,0,3770,0,202.20,199.85,1763327,2471935,3215359,5050367,62423039,596480,193200127,4201667.50,14456409.27,3770,10,10,10,0,0,0,0,0,0,2697215,3831807,4268031,2525080.32,200
1781844451,0,3970,0,202.09,200.10,1763327,2478079,3217407,5001215,52166655,596480,193200127,4122282.88,14094149.08,3970,10,10,10,0,0,0,0,0,0,2488319,4673535,5169151,2625882.88,200
1781844452,0,4170,0,201.99,199.88,1763327,2471935,3215359,4968447,50135039,596480,193200127,4045533.93,13758025.07,4170,10,10,10,0,0,0,0,0,0,2379775,4366335,5091327,2522067.20,200
1781844453,0,4370,0,201.90,200.04,1759231,2471935,3198975,4898815,42565631,596480,193200127,3968943.69,13445283.41,4370,10,10,10,0,0,0,0,0,0,2400255,3725311,4227071,2372037.12,200
1781844454,0,4570,0,201.82,200.08,1750015,2461695,3198975,4771839,33210367,596480,193200127,3899319.12,13153600.04,4570,10,10,10,0,0,0,0,0,0,2256895,3837951,4288511,2378022.40,200
1781844455,0,4770,0,201.74,199.94,1753087,2467839,3205119,4755455,31981567,596480,193200127,3845672.95,12879951.81,4770,10,10,10,0,0,0,0,0,0,2605055,4378623,7598079,2619857.92,200
1781844456,0,4970,0,201.66,199.95,1742847,2457599,3192831,4714495,31555583,596480,193200127,3782676.86,12623209.45,4970,10,10,10,0,0,0,0,0,0,2123775,3647487,4845567,2280220.16,200
1781844457,0,5170,0,201.60,199.99,1736703,2449407,3186687,4673535,31031295,596480,193200127,3729526.05,12381616.69,5170,10,10,10,0,0,0,0,0,0,2228223,4435967,5058559,2408728.32,200
1781844458,0,5370,0,201.54,200.01,1733631,2455551,3186687,4673535,28639231,596480,193200127,3702466.84,12162611.87,5370,10,10,10,0,0,0,0,0,0,2494463,4263935,15400959,3002986.24,200
1781844459,0,5570,0,201.49,200.09,1732607,2453503,3184639,4657151,27967487,596480,193200127,3657869.33,11946093.37,5570,10,10,10,0,0,0,0,0,0,2435071,3958783,5754879,2460426.24,200
1781844460,0,5770,0,201.43,199.91,1730559,2451455,3178495,4591615,19480575,596480,193200127,3611998.81,11740812.75,5770,10,10,10,0,0,0,0,0,0,2424831,3616767,3911679,2334504.96,200
1781844461,0,5970,0,201.39,200.10,1731583,2449407,3174399,4558847,16605183,596480,193200127,3571909.85,11545514.87,5970,10,10,10,0,0,0,0,0,0,2373631,3788799,4284415,2415343.36,200
1781844462,0,6170,0,201.34,200.05,1734655,2449407,3180543,4558847,16547839,596480,193200127,3545608.17,11360305.34,6170,10,10,10,0,0,0,0,0,0,2627583,4841471,7303167,2760503.04,200
1781844463,0,6370,0,201.30,199.84,1727487,2449407,3174399,4526079,15482879,596480,193200127,3506801.29,11183719.73,6370,10,10,10,0,0,0,0,0,0,2338815,3756031,4040703,2309608.96,200
1781844464,0,6570,0,201.26,200.00,1731583,2449407,3170303,4497407,15400959,596480,193200127,3477064.86,11014459.60,6570,10,10,10,0,0,0,0,0,0,2498559,3919871,4337663,2529959.68,200
1781844465,0,6770,0,201.22,199.99,1730559,2453503,3174399,4460543,15204351,596480,193200127,3448182.77,10853364.85,6770,10,10,10,0,0,0,0,0,0,2498559,4268031,5083135,2499406.08,200
1781844466,0,6970,0,201.18,200.01,1728511,2449407,3168255,4452351,14934015,596480,193200127,3415817.92,10699096.49,6970,10,10,10,0,0,0,0,0,0,2299903,3655679,3989503,2320267.52,200
1781844467,0,7170,0,201.15,200.13,1732607,2457599,3174399,4472831,14827519,596480,193200127,3405780.87,10553592.00,7170,10,10,10,0,0,0,0,0,0,2887679,5758975,10207231,3055989.76,200
1781844468,0,7370,0,201.12,199.95,1729535,2457599,3170303,4460543,14573567,596480,193200127,3378756.88,10411945.08,7370,10,10,10,0,0,0,0,0,0,2420735,4403199,4845567,2409946.88,200
1781844469,0,7570,0,201.09,199.93,1725439,2455551,3168255,4456447,13828095,596480,193200127,3352456.01,10275909.22,7570,10,10,10,0,0,0,0,0,0,2338815,4095999,4472831,2383269.12,200
1781844470,0,7770,0,201.06,199.98,1726463,2449407,3168255,4435967,13737983,596480,193200127,3328577.83,10144887.00,7770,10,10,10,0,0,0,0,0,0,2410495,4020223,4308991,2424788.48,200
1781844471,0,7970,0,201.04,200.05,1724415,2449407,3168255,4431871,12705791,596480,193200127,3305187.12,10019123.43,7970,10,10,10,0,0,0,0,0,0,2318335,4003839,4935679,2396458.24,200
1781844472,0,8170,0,201.01,200.03,1717247,2443263,3164159,4403199,12517375,596480,193200127,3279972.74,9898167.76,8170,10,10,10,0,0,0,0,0,0,2187263,3958783,4648959,2275179.52,200
1781844473,0,8370,0,200.99,199.95,1717247,2443263,3155967,4382719,12296191,596480,193200127,3257404.71,9781052.40,8370,10,10,10,0,0,0,0,0,0,2410495,3676159,4161535,2335500.80,200
1781844474,0,8570,0,200.96,200.05,1717247,2441215,3155967,4370431,12140543,596480,193200127,3237793.78,9668037.12,8570,10,10,10,0,0,0,0,0,0,2394111,3923967,4091903,2417076.48,200
1781844475,0,8770,0,200.94,200.10,1716223,2441215,3155967,4358143,11919359,596480,193200127,3220141.07,9558978.33,8770,10,10,10,0,0,0,0,0,0,2457599,4055039,4354047,2463722.24,200
1781844476,0,8970,0,200.92,200.00,1719295,2439167,3158015,4354047,11419647,596480,193200127,3202340.30,9453509.35,8970,10,10,10,0,0,0,0,0,0,2351103,3942399,4571135,2421776.64,200
1781844477,0,9170,0,200.90,199.84,1711103,2422783,3147775,4337663,11337727,590336,193200127,3175889.71,9352477.79,9170,10,10,10,0,0,0,0,0,0,1887231,3993599,4243455,1989580.80,200
1781844478,0,9370,0,200.88,200.16,1703935,2416639,3141631,4333567,11214847,590336,193200127,3155830.74,9254672.88,9370,10,10,10,0,0,0,0,0,0,2066431,4028415,4640767,2236126.72,200
1781844479,0,9570,0,200.86,199.99,1693695,2406399,3133439,4321279,11083775,590336,193200127,3134002.58,9159505.99,9570,10,10,10,0,0,0,0,0,0,2094079,3373055,4050943,2111353.60,200
1781844480,0,9770,0,200.84,199.87,1685503,2402303,3127295,4304895,10354687,590336,193200127,3113764.05,9067371.86,9770,10,10,10,0,0,0,0,0,0,2000895,3876863,4083711,2145350.40,200
1781844481,0,9970,0,200.83,199.96,1670143,2383871,3112959,4284415,10158079,542720,193200127,3086645.31,8978610.85,9970,10,10,10,0,0,0,0,0,0,1591295,3133439,3495935,1761894.40,200
1781844482,0,10170,0,200.81,200.05,1656831,2375679,3108863,4276223,10051583,536064,193200127,3068082.17,8891973.97,10170,10,10,10,0,0,0,0,0,0,1961983,3948543,4726783,2142709.76,200
1781844483,0,10370,0,200.80,200.14,1649663,2367487,3104767,4263935,9994239,536064,193200127,3050170.16,8807658.80,10370,10,10,10,0,0,0,0,0,0,2012159,3878911,4247551,2139344.64,200
1781844484,0,10570,0,200.78,199.83,1642495,2361343,3100671,4259839,9912319,534016,193200127,3033583.99,8725815.03,10570,10,10,10,0,0,0,0,0,0,2020351,4061183,4673535,2173591.04,200
1781844485,0,10770,0,200.77,200.02,1637375,2349055,3092479,4247551,9863167,534016,193200127,3014336.72,8646179.18,10770,10,10,10,0,0,0,0,0,0,1987583,3272703,4007935,1997118.72,200
1781844486,0,10970,0,200.75,199.96,1630207,2342911,3084287,4235263,9789439,534016,193200127,2997270.33,8568751.46,10970,10,10,10,0,0,0,0,0,0,2033663,3653631,4222975,2078245.12,200
1781844487,0,11170,0,200.74,200.01,1632255,2340863,3080191,4235263,9764863,534016,193200127,2986153.67,8493248.81,11170,10,10,10,0,0,0,0,0,0,2234367,4040703,4775935,2376404.48,200
1781844488,0,11370,0,200.73,200.12,1630207,2338815,3080191,4227071,9682943,534016,193200127,2975292.81,8419544.60,11370,10,10,10,0,0,0,0,0,0,2271231,3860479,4239359,2368714.24,200
1781844489,0,11570,0,200.71,199.99,1631231,2340863,3080191,4227071,9486335,534016,193200127,2966395.11,8347659.37,11570,10,10,10,0,0,0,0,0,0,2451455,3936255,4743167,2460560.64,200
1781844490,0,11770,0,200.70,200.06,1632255,2340863,3080191,4214783,9289727,534016,193200127,2955706.18,8277532.75,11770,10,10,10,0,0,0,0,0,0,2289663,3620863,3975167,2337351.68,200
1781844491,0,11970,0,200.69,199.93,1633279,2347007,3090431,4214783,9207807,534016,193200127,2951054.52,8209319.25,11970,10,10,10,0,0,0,0,0,0,2809855,4116479,5808127,2677304.32,200
1781844492,0,12190,0,201.01,219.93,1639423,2353151,3096575,4235263,9093119,534016,193200127,2950919.92,8137206.53,12190,10,10,10,0,0,0,0,0,0,2598911,5668863,8617983,2943596.22,220
1781844493,0,12390,0,200.99,200.13,1639423,2353151,3094527,4231167,9068543,534016,193200127,2941662.65,8072396.70,12390,10,10,10,0,0,0,0,0,0,2340863,3993599,4362239,2377432.32,200
1781844494,0,12590,0,200.98,199.94,1641471,2353151,3094527,4227071,8970239,534016,193200127,2934103.78,8009162.79,12590,10,10,10,0,0,0,0,0,0,2357247,3938303,4681727,2465831.68,200
1781844495,0,12790,0,200.96,199.99,1641471,2351103,3092479,4218879,8970239,534016,193200127,2925663.99,7948600.57,12790,10,10,10,0,0,0,0,0,0,2265087,3670015,7729151,2394379.52,200
1781844496,0,12990,0,200.95,200.03,1636351,2344959,3088383,4218879,8953855,534016,193200127,2914526.64,7888925.47,12990,10,10,10,0,0,0,0,0,0,1985535,4399103,6586367,2202292.48,200
1781844497,0,13190,0,200.93,199.89,1629183,2338815,3080191,4202495,8921087,534016,193200127,2901165.49,7830343.71,13190,10,10,10,0,0,0,0,0,0,1971199,3565567,3887103,2033359.36,200
1781844498,0,13390,0,200.92,200.11,1629183,2336767,3078143,4190207,8888319,534016,193200127,2891115.20,7772735.35,13390,10,10,10,0,0,0,0,0,0,2236415,3586047,3915775,2228298.24,200
1781844499,0,13590,0,200.90,200.07,1626111,2334719,3076095,4182015,8691711,534016,193200127,2880451.80,7716665.16,13590,10,10,10,0,0,0,0,0,0,2045951,3938303,4292607,2166536.96,200
1781844500,0,13790,0,200.89,199.96,1626111,2334719,3074047,4198399,8970239,534016,193200127,2882703.82,7669841.03,13790,10,10,10,0,0,0,0,0,0,2381823,5464063,16269311,3035728.64,200
1781844501,0,13990,0,200.88,199.92,1627135,2332671,3074047,4202495,9027583,534016,193200127,2876174.40,7616597.75,13990,10,10,10,0,0,0,0,0,0,2131967,4280319,9330687,2425971.20,200
1781844502,0,14190,0,200.87,200.08,1626111,2330623,3076095,4206591,8962047,534016,193200127,2870066.44,7564054.86,14190,10,10,10,0,0,0,0,0,0,2215935,4296703,5304319,2442814.72,200
1781844503,0,14390,0,200.85,199.89,1622015,2328575,3069951,4202495,8929279,534016,193200127,2860474.10,7512567.46,14390,10,10,10,0,0,0,0,0,0,2179071,3823615,4587519,2179897.60,200
1781844504,0,14590,0,200.84,199.98,1620991,2322431,3067903,4214783,8953855,534016,193200127,2856117.57,7464638.75,14590,10,10,10,0,0,0,0,0,0,2076671,4833279,9494527,2542664.96,200
1781844505,0,14790,0,200.83,200.06,1619967,2322431,3065855,4202495,8921087,534016,193200127,2848686.82,7414997.56,14790,10,10,10,0,0,0,0,0,0,2293759,3706879,4243455,2306613.76,200
1781844506,0,14990,0,200.82,200.03,1615871,2318335,3063807,4202495,8921087,534016,193200127,2841387.28,7367501.56,14990,10,10,10,0,0,0,0,0,0,2123775,3729407,7401471,2301585.92,200
1781844507,0,15190,0,200.81,199.94,1614847,2318335,3063807,4190207,8888319,534016,193200127,2834864.45,7319820.40,15190,10,10,10,0,0,0,0,0,0,2312191,3805183,4206591,2345978.88,200
1781844508,0,15390,0,200.80,200.06,1615871,2318335,3067903,4198399,8888319,534016,193200127,2832773.82,7274093.64,15390,10,10,10,0,0,0,0,0,0,2363391,4399103,8708095,2673990.40,200
1781844509,0,15590,0,200.79,199.91,1618943,2322431,3067903,4190207,8814591,534016,193200127,2828367.31,7228176.87,15590,10,10,10,0,0,0,0,0,0,2451455,3964927,4968447,2489286.40,200
1781844510,0,15790,0,200.78,200.07,1615871,2318335,3069951,4188159,8765439,534016,193200127,2821413.19,7183437.58,15790,10,10,10,0,0,0,0,0,0,2195455,3964927,4304895,2279339.52,200
1781844511,0,15990,0,200.77,200.11,1613823,2318335,3071999,4190207,8732671,534016,193200127,2815709.85,7139470.27,15990,10,10,10,0,0,0,0,0,0,2363391,4214783,4538367,2365431.04,200
1781844512,0,16190,0,200.76,199.90,1612799,2318335,3069951,4182015,8691711,534016,193200127,2809699.57,7096102.95,16190,10,10,10,0,0,0,0,0,0,2271231,3694591,4390911,2329177.60,200
1781844513,0,16390,0,200.75,199.93,1614847,2318335,3067903,4175871,8658943,534016,193200127,2803613.25,7053450.59,16390,10,10,10,0,0,0,0,0,0,2263039,3702783,3989503,2310926.08,200
1781844514,0,16590,0,200.74,199.98,1613823,2316287,3067903,4161535,8626175,534016,193200127,2797385.53,7011676.95,16590,10,10,10,0,0,0,0,0,0,2236415,3733503,3852287,2287023.36,200
1781844515,0,16790,0,200.73,200.11,1615871,2316287,3065855,4157439,8601599,534016,193200127,2792088.96,6970577.76,16790,10,10,10,0,0,0,0,0,0,2301951,3768319,4366335,2352738.56,200
1781844516,0,16990,0,200.72,199.96,1616895,2316287,3061759,4155391,8593407,534016,193200127,2786208.91,6930225.73,16990,10,10,10,0,0,0,0,0,0,2232319,3536895,4980735,2292578.56,200
1781844517,0,17190,0,200.71,199.98,1617919,2318335,3061759,4149247,8519679,534016,193200127,2781995.35,6890529.48,17190,10,10,10,0,0,0,0,0,0,2543615,3753983,4231167,2424053.76,200
1781844518,0,17390,0,200.70,200.02,1618943,2318335,3057663,4145151,8445951,534016,193200127,2776199.80,6851593.76,17390,10,10,10,0,0,0,0,0,0,2293759,3706879,4214783,2278072.32,200
1781844519,0,17590,0,200.70,200.04,1620991,2318335,3059711,4139007,8380415,534016,193200127,2772152.09,6813333.17,17590,10,10,10,0,0,0,0,0,0,2383871,3923967,4292607,2420203.52,200
1781844520,0,17790,0,200.69,200.03,1620991,2318335,3057663,4128767,8253439,534016,193200127,2767833.16,6775712.55,17790,10,10,10,0,0,0,0,0,0,2387967,3788799,4694015,2387983.36,200
1781844521,0,17990,0,200.68,199.95,1623039,2316287,3059711,4118527,8101887,534016,193200127,2762985.03,6738739.44,17990,10,10,10,0,0,0,0,0,0,2170879,3596287,3885055,2331744.00,200
1781844522,0,18190,0,200.67,199.96,1623039,2318335,3061759,4112383,8052735,534016,193200127,2758965.25,6702313.04,18190,10,10,10,0,0,0,0,0,0,2392063,3733503,4093951,2397386.24,200
1781844523,0,18390,0,200.67,200.09,1622015,2316287,3057663,4104191,7876607,534016,193200127,2752494.78,6666532.49,18390,10,10,10,0,0,0,0,0,0,2105343,3307519,3647487,2164005.12,200
1781844524,0,18590,0,200.66,199.94,1624063,2320383,3057663,4100095,7761919,534016,193200127,2749419.25,6631255.59,18590,10,10,10,0,0,0,0,0,0,2525183,3594239,5042175,2466624.00,200
1781844525,0,18790,0,200.65,200.01,1620991,2316287,3055615,4093951,7733247,534016,193200127,2742539.65,6596762.89,18790,10,10,10,0,0,0,0,0,0,2013183,3377151,3633151,2103080.96,200
1781844526,0,18990,0,200.65,200.09,1622015,2316287,3055615,4093951,7708671,534016,193200127,2738784.47,6562721.88,18990,10,10,10,0,0,0,0,0,0,2248703,3874815,4554751,2385985.28,200
1781844527,0,19190,0,200.64,199.90,1620991,2314239,3051519,4091903,7647231,534016,193200127,2732267.19,6529325.34,19190,10,10,10,0,0,0,0,0,0,2034687,3608575,4151295,2113451.52,200
1781844528,0,19390,0,200.63,199.93,1618943,2310143,3049471,4083711,7593983,534016,193200127,2726158.91,6496352.51,19390,10,10,10,0,0,0,0,0,0,2113535,3436543,3807231,2140069.12,200
1781844529,0,19590,0,200.62,200.01,1619967,2312191,3051519,4085759,7598079,534016,193200127,2725357.51,6464334.16,19590,10,10,10,0,0,0,0,0,0,2598911,4820991,7598079,2647662.08,200
1781844530,0,19790,0,200.62,200.17,1618943,2312191,3049471,4085759,7573503,534016,193200127,2721300.94,6432419.32,19790,10,10,10,0,0,0,0,0,0,2303999,3932159,4399103,2323960.32,200
1781844531,0,19990,0,200.61,199.96,1617919,2312191,3047423,4081663,7540735,534016,193200127,2716545.74,6400856.73,19990,10,10,10,0,0,0,0,0,0,2281471,3557375,3753983,2246018.56,200
1781844532,0,20190,0,200.61,199.88,1619967,2314239,3051519,4085759,7540735,534016,193200127,2716043.83,6370262.06,20190,10,10,10,0,0,0,0,0,0,2457599,4534271,7213055,2665877.76,200
1781844533,0,20390,0,200.60,199.99,1618943,2314239,3051519,4085759,7540735,534016,193200127,2714483.16,6340538.58,20390,10,10,10,0,0,0,0,0,0,2447359,4481023,7483391,2556933.12,200
1781844534,0,20590,0,200.59,200.04,1619967,2316287,3051519,4085759,7516159,534016,193200127,2712471.05,6310320.83,20590,10,10,10,0,0,0,0,0,0,2480127,3962879,4268031,2507336.96,200
1781844535,0,20790,0,200.59,200.02,1620991,2316287,3053567,4083711,7495679,534016,193200127,2710248.36,6280584.61,20790,10,10,10,0,0,0,0,0,0,2381823,3874815,4448255,2481422.08,200
1781844536,0,20990,0,200.58,200.08,1620991,2318335,3055615,4079615,7450623,534016,193200127,2707406.63,6251319.57,20990,10,10,10,0,0,0,0,0,0,2467839,3790847,4069375,2412008.96,200
1781844537,0,21190,0,200.58,200.01,1624063,2320383,3055615,4077567,7352319,534016,193200127,2705119.67,6222287.44,21190,10,10,10,0,0,0,0,0,0,2387967,3870719,4288511,2465103.36,200
1781844538,0,21390,0,200.57,200.02,1625087,2318335,3053567,4075519,7303167,534016,193200127,2701668.62,6193775.74,21390,10,10,10,0,0,0,0,0,0,2256895,3686399,4386815,2336029.44,200
1781844539,0,21590,0,200.57,199.92,1624063,2318335,3053567,4077567,7294975,534016,193200127,2698613.49,6165872.93,21590,10,10,10,0,0,0,0,0,0,2308095,4112383,4382719,2371868.16,200
1781844540,0,21790,0,200.56,199.96,1626111,2320383,3053567,4075519,7245823,534016,193200127,2696253.94,6138263.38,21790,10,10,10,0,0,0,0,0,0,2402303,3858431,5447679,2441539.84,200
1781844541,0,21990,0,200.56,200.09,1628159,2324479,3055615,4077567,7188479,534016,193200127,2694588.84,6110970.03,21990,10,10,10,0,0,0,0,0,0,2607103,4087807,4583423,2513176.32,200
1781844542,0,22190,0,200.55,199.86,1628159,2326527,3057663,4075519,7180287,534016,193200127,2693130.12,6083978.80,22190,10,10,10,0,0,0,0,0,0,2596863,3899391,4448255,2532743.68,200
1781844543,0,22390,0,200.55,200.00,1628159,2326527,3055615,4069375,7151615,534016,193200127,2690069.08,6057486.23,22390,10,10,10,0,0,0,0,0,0,2322431,3694591,5242879,2350447.36,200
1781844544,0,22590,0,200.54,199.99,1627135,2324479,3055615,4075519,7213055,534016,193200127,2689009.52,6032589.84,22590,10,10,10,0,0,0,0,0,0,2160639,4501503,9969663,2570391.04,200
1781844545,0,22790,0,200.54,200.01,1629183,2324479,3057663,4073471,7180287,534016,193200127,2687136.78,6006665.53,22790,10,10,10,0,0,0,0,0,0,2297855,3966975,4210687,2475610.88,200
1781844546,0,22990,0,200.53,200.10,1633279,2326527,3057663,4075519,7151615,534016,193200127,2686419.75,5981126.02,22990,10,10,10,0,0,0,0,0,0,2598911,4095999,4419583,2604714.24,200
1781844547,0,23190,0,200.53,199.88,1634303,2326527,3057663,4075519,7180287,534016,193200127,2685145.53,5957114.27,23190,10,10,10,0,0,0,0,0,0,2387967,3999743,10936319,2538673.92,200
1781844548,0,23390,0,200.52,200.13,1634303,2326527,3057663,4075519,7151615,534016,193200127,2683471.58,5932368.53,23390,10,10,10,0,0,0,0,0,0,2347007,4114431,5689343,2489377.28,200
1781844549,0,23590,0,200.52,199.94,1636351,2328575,3057663,4071423,7118847,534016,193200127,2681576.16,5907700.92,23590,10,10,10,0,0,0,0,0,0,2478079,3823615,4112383,2459906.56,200
1781844550,0,23790,0,200.51,199.94,1634303,2326527,3057663,4071423,7073791,534016,193200127,2677906.30,5883639.87,23790,10,10,10,0,0,0,0,0,0,2016255,3987455,4493311,2245047.04,200
1781844551,0,23990,0,200.51,200.06,1635327,2326527,3057663,4069375,7073791,534016,193200127,2675911.20,5859911.03,23990,10,10,10,0,0,0,0,0,0,2433023,3907583,5292031,2438593.28,200
1781844552,0,24450,0,202.66,460.30,1628159,2324479,3057663,4093951,7979007,406016,193200127,2688248.48,5831959.10,24450,10,10,10,0,0,0,0,0,0,2111487,9723903,22462463,3331664.70,460
1781844553,0,24950,0,205.11,499.83,1612799,2312191,3049471,4085759,7852031,384000,193200127,2668871.81,5776191.74,24950,10,10,10,0,0,0,0,0,0,1545215,3352575,4112383,1721352.45,500
1781844554,0,25450,0,207.51,499.73,1594367,2297855,3035135,4075519,7733247,384000,193200127,2646756.41,5722061.02,25450,10,10,10,0,0,0,0,0,0,1460223,2707455,2977791,1543198.21,500
1781844555,0,25950,0,209.88,500.42,1571839,2279423,3022847,4061183,7647231,384000,193200127,2625092.68,5669628.50,25950,10,10,10,0,0,0,0,0,0,1375231,2885631,3500031,1522408.45,500
1781844556,0,26450,0,212.20,499.99,1557503,2267135,3012607,4050943,7593983,384000,193200127,2607546.31,5618178.34,26450,10,10,10,0,0,0,0,0,0,1589247,3018751,3813375,1696890.11,500
1781844557,0,26950,0,214.49,499.78,1541119,2252799,3000319,4040703,7540735,384000,193200127,2589910.83,5569391.88,26950,10,10,10,0,0,0,0,0,0,1404927,3047423,6672383,1656993.79,500
1781844558,0,27450,0,216.75,500.10,1522687,2236415,2988031,4022271,7483391,384000,193200127,2570781.46,5521033.30,27450,10,10,10,0,0,0,0,0,0,1469439,2770943,3457023,1539708.42,500
1781844559,0,27950,0,218.97,500.14,1509375,2222079,2973695,4012031,7303167,384000,193200127,2553270.16,5473816.87,27950,10,10,10,0,0,0,0,0,0,1473535,2926591,3319807,1591899.90,500
1781844560,0,28450,0,221.15,499.78,1494015,2209791,2963455,4003839,7213055,384000,193200127,2536914.28,5427948.46,28450,10,10,10,0,0,0,0,0,0,1465343,3008511,4087807,1622620.16,500
1781844561,0,28950,0,223.30,500.13,1474559,2193407,2949119,3993599,7151615,372992,193200127,2518271.33,5383502.80,28950,10,10,10,0,0,0,0,0,0,1293311,2783231,3352575,1457487.87,500
1781844562,0,29450,0,225.42,499.98,1461247,2181119,2940927,3981311,7016447,372992,193200127,2502843.65,5340024.39,29450,10,10,10,0,0,0,0,0,0,1407999,3158015,3657727,1609581.06,500
1781844563,0,29950,0,227.51,499.82,1445887,2168831,2930687,3975167,7110655,372992,193200127,2489428.39,5299235.53,29950,10,10,10,0,0,0,0,0,0,1330175,3387391,10108927,1699269.12,500
1781844564,0,30450,0,229.56,500.30,1428479,2154495,2918399,3966975,6979583,372992,193200127,2472610.58,5257918.58,30450,10,10,10,0,0,0,0,0,0,1316863,2781183,3518463,1465224.19,500
1781844565,0,30950,0,231.58,499.86,1415167,2140159,2906111,3956735,6901759,372992,193200127,2457967.66,5217436.28,30950,10,10,10,0,0,0,0,0,0,1404927,2932735,3665919,1566213.38,500
1781844566,0,31450,0,233.58,500.03,1404927,2129919,2899967,3956735,6778879,372992,193200127,2447162.25,5178250.85,31450,10,10,10,0,0,0,0,0,0,1488895,3710975,6639615,1778307.84,500
1781844567,0,31950,0,235.54,500.08,1396735,2119679,2887679,3948543,6754303,372992,193200127,2434887.69,5139975.54,31950,10,10,10,0,0,0,0,0,0,1469439,2990079,6143999,1662817.79,500
1781844568,0,32450,0,237.48,499.76,1386495,2107391,2879487,3942399,6692863,372992,193200127,2421767.60,5102292.57,32450,10,10,10,0,0,0,0,0,0,1383423,3237887,4014079,1583393.54,500
1781844569,0,32950,0,239.38,500.02,1373183,2094079,2869247,3932159,6627327,342528,193200127,2407270.06,5065508.62,32950,10,10,10,0,0,0,0,0,0,1316863,2764799,3680255,1466380.03,500
1781844570,0,33450,0,241.26,500.02,1366015,2083839,2861055,3926015,6520831,342528,193200127,2395789.98,5029272.52,33450,10,10,10,0,0,0,0,0,0,1500159,3055615,3962879,1639252.48,500
1781844571,0,33950,0,243.12,499.75,1357823,2072575,2850815,3917823,6393855,342528,193200127,2383626.38,4993976.40,33950,10,10,10,0,0,0,0,0,0,1485823,2955263,3815423,1569881.34,500
1781844572,0,34450,0,244.94,500.23,1345535,2058239,2838527,3911679,6352895,333312,193200127,2370015.36,4959746.01,34450,10,10,10,0,0,0,0,0,0,1257471,2838527,3954687,1445827.07,500
1781844573,0,34950,0,246.75,500.26,1338367,2047999,2830335,3901439,6283263,333312,193200127,2358685.36,4925846.58,34950,10,10,10,0,0,0,0,0,0,1470463,2936831,3616767,1578049.02,500
1781844574,0,35450,0,248.52,499.77,1330175,2038783,2824191,3897343,6279167,333312,193200127,2348317.48,4893088.31,35450,10,10,10,0,0,0,0,0,0,1380351,3170303,4534271,1623602.18,500
1781844575,0,35950,0,250.27,499.80,1320959,2028543,2813951,3885055,6205439,333312,193200127,2336688.22,4860735.43,35950,10,10,10,0,0,0,0,0,0,1375231,2957311,3293183,1512173.57,500
1781844576,0,36450,0,252.00,500.02,1312767,2017279,2803711,3876863,6143999,333312,193200127,2325344.53,4829077.47,36450,10,10,10,0,0,0,0,0,0,1341439,2902015,3833855,1509733.63,500
1781844577,0,36950,0,253.70,500.37,1302527,2004991,2795519,3870719,6086655,333312,193200127,2313029.85,4798180.89,36950,10,10,10,0,0,0,0,0,0,1201151,2940927,3399679,1415289.34,500
1781844578,0,37450,0,255.38,499.90,1293311,1994751,2787327,3862527,6049791,333312,193200127,2302321.24,4767652.16,37450,10,10,10,0,0,0,0,0,0,1309695,2842623,3442687,1510955.26,500
1781844579,0,37950,0,257.04,500.01,1288191,1985535,2777087,3856383,5988351,333312,193200127,2292703.31,4737600.87,37950,10,10,10,0,0,0,0,0,0,1445887,2881535,3561471,1572320.26,500
1781844580,0,38450,0,258.67,499.73,1281023,1976319,2768895,3848191,5922815,333312,193200127,2281763.61,4708307.22,38450,10,10,10,0,0,0,0,0,0,1314815,2744319,3219455,1451440.13,500
1781844581,0,38950,0,260.28,500.29,1274879,1966079,2758655,3839999,5885951,333312,193200127,2272514.16,4679428.93,38950,10,10,10,0,0,0,0,0,0,1440767,2953215,3676159,1561231.36,500
1781844582,0,39450,0,261.88,500.03,1266687,1957887,2752511,3837951,5922815,333312,193200127,2268680.20,4663332.46,39450,10,10,10,0,0,0,0,0,0,1349631,3153919,23281663,1970014.98,500
1781844583,0,39950,0,263.45,499.85,1256447,1948671,2742271,3831807,5885951,333312,193200127,2257676.39,4635743.53,39950,10,10,10,0,0,0,0,0,0,1176575,2693119,3352575,1389475.58,500
1781844584,0,40450,0,264.99,499.98,1248255,1937407,2734079,3823615,5844991,333312,193200127,2246922.73,4608678.78,40450,10,10,10,0,0,0,0,0,0,1208319,2711551,3182591,1387705.86,500
1781844585,0,40950,0,266.52,499.77,1244159,1929215,2725887,3817471,5795839,333312,193200127,2238925.48,4581679.51,40950,10,10,10,0,0,0,0,0,0,1421311,2945023,3448831,1591948.03,500
1781844586,0,41450,0,268.03,500.44,1240063,1919999,2719743,3813375,5767167,333312,193200127,2230348.94,4555462.09,41450,10,10,10,0,0,0,0,0,0,1405951,2770943,5099519,1527929.86,500
1781844587,0,41950,0,269.52,499.75,1231871,1910783,2711551,3807231,5750783,333312,193200127,2220761.24,4529920.71,41950,10,10,10,0,0,0,0,0,0,1204223,2902015,3366911,1425940.99,500
1781844588,0,42450,0,271.00,499.88,1226751,1902591,2703359,3801087,5718015,333312,193200127,2212309.64,4504409.94,42450,10,10,10,0,0,0,0,0,0,1381375,2752511,3102719,1503220.74,500
1781844589,0,42950,0,272.45,500.13,1218559,1893375,2695167,3794943,5685247,333312,193200127,2202724.79,4479676.57,42950,10,10,10,0,0,0,0,0,0,1130495,2738175,3733503,1388971.01,500
1781844590,0,43450,0,273.88,500.27,1211391,1884159,2689023,3788799,5656575,329216,193200127,2193607.58,4455309.00,43450,10,10,10,0,0,0,0,0,0,1189887,2873343,3319807,1410439.17,500
1781844591,0,43950,0,275.30,499.72,1205247,1874943,2680831,3782655,5627903,329216,193200127,2184600.64,4431295.51,43950,10,10,10,0,0,0,0,0,0,1253375,2635775,3327999,1401896.96,500
1781844592,0,44450,0,276.70,500.01,1201151,1867775,2674687,3776511,5574655,329216,193200127,2177008.27,4407595.45,44450,10,10,10,0,0,0,0,0,0,1343487,2926591,3420159,1509639.68,500
1781844593,0,44950,0,278.08,500.04,1198079,1860607,2670591,3772415,5541887,329216,193200127,2170520.07,4384298.64,44950,10,10,10,0,0,0,0,0,0,1453055,3137535,3876863,1593719.04,500
1781844594,0,45450,0,279.44,499.78,1193983,1853439,2662399,3768319,5505023,329216,193200127,2163047.79,4361259.67,45450,10,10,10,0,0,0,0,0,0,1390591,2732031,3440639,1491289.09,500
1781844595,0,45950,0,280.79,500.46,1188863,1845247,2654207,3762175,5488639,329216,193200127,2155443.53,4339038.97,45950,10,10,10,0,0,0,0,0,0,1302527,2777087,4689919,1464216.58,500
1781844596,0,46450,0,282.12,499.87,1184767,1839103,2648063,3758079,5447679,329216,193200127,2148113.43,4316923.77,46450,10,10,10,0,0,0,0,0,0,1298431,2840575,3526655,1474477.57,500
1781844597,0,46950,0,283.44,499.77,1179647,1832959,2641919,3751935,5394431,329216,193200127,2141383.42,4295226.58,46950,10,10,10,0,0,0,0,0,0,1363967,3215359,3627007,1516165.63,500
1781844598,0,47450,0,284.74,499.93,1175551,1826815,2637823,3747839,5361663,329216,193200127,2134971.81,4273779.97,47450,10,10,10,0,0,0,0,0,0,1279999,2998271,3495935,1532921.34,500
1781844599,0,47950,0,286.02,500.12,1170431,1819647,2629631,3741695,5341183,329216,193200127,2127690.39,4252747.45,47950,10,10,10,0,0,0,0,0,0,1222655,2998271,3588095,1436683.26,500
1781844600,0,48450,0,287.29,500.09,1168383,1813503,2625535,3737599,5316607,329216,193200127,2122146.68,4231866.72,48450,10,10,10,0,0,0,0,0,0,1383423,3035135,4167679,1590505.47,500
1781844601,0,48950,0,288.54,499.94,1165311,1808383,2621439,3733503,5296127,329216,193200127,2116621.13,4211250.90,48950,10,10,10,0,0,0,0,0,0,1366015,3117055,3389439,1581195.01,500
1781844602,0,49450,0,289.78,500.11,1162239,1804287,2615295,3727359,5271551,329216,193200127,2110998.44,4190976.37,49450,10,10,10,0,0,0,0,0,0,1372159,2947071,3231743,1560537.60,500
1781844603,0,49950,0,291.01,500.09,1159167,1797119,2611199,3725311,5242879,329216,193200127,2105564.21,4171213.15,49950,10,10,10,0,0,0,0,0,0,1332223,3057663,4040703,1568118.78,500
1781844604,0,50450,0,292.22,499.98,1157119,1791999,2605055,3717119,5189631,329216,193200127,2100078.61,4151437.08,50450,10,10,10,0,0,0,0,0,0,1458175,2918399,3307519,1552066.56,500
1781844605,0,50950,0,293.42,499.84,1155071,1783807,2598911,3710975,5148671,329216,193200127,2093671.01,4132002.31,50950,10,10,10,0,0,0,0,0,0,1397759,2738175,3071999,1447143.94,500
1781844606,0,51450,0,294.60,500.09,1150975,1777663,2592767,3704831,5124095,329216,193200127,2087684.14,4112968.55,51450,10,10,10,0,0,0,0,0,0,1320959,2906111,3500031,1477622.27,500
1781844607,0,51950,0,295.77,500.17,1148927,1772543,2588671,3704831,5103615,329216,193200127,2083050.30,4094358.86,51950,10,10,10,0,0,0,0,0,0,1373183,3346431,4722687,1606228.48,500
1781844608,0,52450,0,296.92,499.61,1145855,1769471,2584575,3700735,5087231,329216,193200127,2078245.40,4075784.52,52450,10,10,10,0,0,0,0,0,0,1522687,2926591,3586047,1579015.94,500
1781844609,0,52950,0,298.07,500.06,1142783,1765375,2578431,3694591,5050367,329216,193200127,2072958.61,4057557.16,52950,10,10,10,0,0,0,0,0,0,1352703,2955263,3514367,1518374.40,500
1781844610,0,53450,0,299.20,499.97,1141759,1760255,2574335,3690495,5042175,329216,193200127,2068032.78,4039431.29,53450,10,10,10,0,0,0,0,0,0,1398783,2799615,3368959,1546387.71,500
1781844611,0,53950,0,300.31,499.99,1139711,1757183,2570239,3688447,5029887,329216,193200127,2063810.79,4021731.02,53950,10,10,10,0,0,0,0,0,0,1392639,3151871,3737599,1612480.00,500
1781844612,0,54230,0,300.20,280.17,1139711,1757183,2570239,3686399,5017599,329216,193200127,2062933.38,4011879.33,54230,10,10,10,0,0,0,0,0,0,1763327,3479551,3983359,1893874.74,280
1781844613,0,54430,0,299.65,199.93,1140735,1758207,2572287,3688447,5017599,329216,193200127,2063925.30,4005017.45,54430,10,10,10,0,0,0,0,0,0,2258943,3964927,4640767,2332885.76,200
1781844614,0,54630,0,299.11,199.97,1142783,1761279,2576383,3690495,5033983,329216,193200127,2066160.51,3998696.38,54630,10,10,10,0,0,0,0,0,0,2566143,4044799,9560063,2674472.96,200
1781844615,0,54830,0,298.57,200.10,1143807,1764351,2578431,3690495,5029887,329216,193200127,2067110.48,3991738.52,54830,10,10,10,0,0,0,0,0,0,2269183,3682303,4165631,2326594.56,200
1781844616,0,55030,0,298.03,199.97,1144831,1766399,2580479,3692543,5038079,329216,193200127,2068399.66,3985068.07,55030,10,10,10,0,0,0,0,0,0,2385919,4081663,5758975,2421826.56,200
1781844617,0,55230,0,297.50,200.05,1144831,1767423,2582527,3692543,5033983,329216,193200127,2069083.69,3978227.55,55230,10,10,10,0,0,0,0,0,0,2254847,3727359,3958783,2257295.36,200
1781844618,0,55430,0,296.98,199.83,1145855,1769471,2584575,3696639,5046271,329216,193200127,2071112.08,3972686.88,55430,10,10,10,0,0,0,0,0,0,2318335,4567039,10682367,2631253.76,200
1781844619,0,55630,0,296.46,200.07,1146879,1771519,2584575,3694591,5042175,329216,193200127,2071182.55,3965893.27,55630,10,10,10,0,0,0,0,0,0,1916927,3600383,3952639,2090711.04,200
1781844620,0,55830,0,295.95,200.06,1147903,1772543,2586623,3696639,5038079,329216,193200127,2071811.41,3959291.84,55830,10,10,10,0,0,0,0,0,0,2125823,3878911,4706303,2246730.24,200
1781844621,0,56030,0,295.45,199.90,1148927,1773567,2586623,3696639,5033983,329216,193200127,2072294.26,3952625.09,56030,10,10,10,0,0,0,0,0,0,2166783,3864575,4558847,2207082.24,200
1781844622,0,56230,0,294.95,200.10,1148927,1774591,2586623,3696639,5029887,329216,193200127,2072394.14,3945930.50,56230,10,10,10,0,0,0,0,0,0,1915903,3715071,4046847,2100373.76,200
1781844623,0,56430,0,294.45,199.87,1149951,1776639,2586623,3696639,5029887,329216,193200127,2072707.76,3939217.75,56430,10,10,10,0,0,0,0,0,0,2170879,3657727,3874815,2160883.20,200
1781844624,0,56630,0,293.96,200.10,1150975,1777663,2588671,3696639,5009407,329216,193200127,2072903.70,3932612.12,56630,10,10,10,0,0,0,0,0,0,2006015,3596287,4177919,2128188.16,200
1781844625,0,56830,0,293.48,199.92,1151999,1780735,2590719,3698687,5001215,329216,193200127,2074065.52,3926042.09,56830,10,10,10,0,0,0,0,0,0,2349055,3919871,4190207,2403034.88,200
1781844626,0,57030,0,293.00,200.15,1153023,1781759,2590719,3698687,5001215,329216,193200127,2074558.55,3919498.19,57030,10,10,10,0,0,0,0,0,0,2168831,3602431,4333567,2214653.44,200
1781844627,0,57230,0,292.52,199.89,1154047,1781759,2590719,3700735,4997119,329216,193200127,2074360.03,3913054.40,57230,10,10,10,0,0,0,0,0,0,1779711,4079615,4513791,2017752.32,200
1781844628,0,57430,0,292.05,200.07,1154047,1782783,2592767,3700735,5009407,329216,193200127,2075069.75,3906735.01,57430,10,10,10,0,0,0,0,0,0,2127871,4198399,5197823,2278155.52,200
1781844629,0,57630,0,291.58,199.94,1155071,1783807,2592767,3700735,5009407,329216,193200127,2075404.08,3900567.35,57630,10,10,10,0,0,0,0,0,0,1977343,3663871,8527871,2171407.36,200
1781844630,0,57830,0,291.12,200.09,1156095,1785855,2594815,3702783,5001215,329216,193200127,2075882.32,3894152.23,57830,10,10,10,0,0,0,0,0,0,2111487,3762175,4014079,2213685.76,200
1781844631,0,58030,0,290.67,199.85,1157119,1786879,2596863,3702783,4997119,329216,193200127,2076500.97,3887830.86,58030,10,10,10,0,0,0,0,0,0,2205695,3862527,4141055,2255384.32,200
1781844632,0,58230,0,290.21,200.01,1158143,1788927,2598911,3704831,4988927,329216,193200127,2077734.25,3881587.04,58230,10,10,10,0,0,0,0,0,0,2293759,4057087,4927487,2435569.92,200
1781844633,0,58430,0,289.77,199.99,1158143,1790975,2598911,3706879,4984831,329216,193200127,2078360.15,3875292.15,58430,10,10,10,0,0,0,0,0,0,2189311,3786751,4235263,2260591.36,200
1781844634,0,58630,0,289.32,200.08,1160191,1794047,2600959,3710975,4997119,329216,193200127,2080326.88,3869533.87,58630,10,10,10,0,0,0,0,0,0,2605055,4440063,5734399,2654908.16,200
1781844635,0,58830,0,288.89,200.08,1161215,1796095,2603007,3710975,4988927,329216,193200127,2081367.85,3863346.06,58830,10,10,10,0,0,0,0,0,0,2361343,3915775,4222975,2386526.72,200
1781844636,0,59030,0,288.45,199.85,1162239,1799167,2605055,3713023,4997119,329216,193200127,2082810.00,3857248.12,59030,10,10,10,0,0,0,0,0,0,2418687,3983359,5496831,2507019.52,200
1781844637,0,59230,0,288.02,200.04,1164287,1802239,2609151,3713023,4988927,329216,193200127,2084226.95,3851066.77,59230,10,10,10,0,0,0,0,0,0,2516991,3745791,4071423,2502439.68,200
1781844638,0,59430,0,287.59,199.96,1165311,1804287,2611199,3710975,4984831,329216,193200127,2085264.39,3844935.16,59430,10,10,10,0,0,0,0,0,0,2394111,3594239,4587519,2392501.76,200
1781844639,0,59630,0,287.17,200.10,1166335,1806335,2613247,3710975,4980735,329216,193200127,2086042.88,3838822.45,59630,10,10,10,0,0,0,0,0,0,2424831,3524607,3977215,2317372.16,200
1781844640,0,59830,0,286.76,199.97,1167359,1808383,2615295,3710975,4976639,329216,193200127,2086816.39,3832687.60,59830,10,10,10,0,0,0,0,0,0,2308095,3647487,3917823,2317438.72,200
1781844641,0,60030,0,286.34,199.96,1169407,1810431,2615295,3710975,4972543,329216,193200127,2087675.84,3826663.47,60030,10,10,10,0,0,0,0,0,0,2232319,3821567,4024319,2344778.24,200
1781844642,0,60230,0,285.93,200.09,1170431,1811455,2617343,3710975,4968447,329216,193200127,2088632.67,3820656.04,60230,10,10,10,0,0,0,0,0,0,2435071,3764223,3915775,2375825.92,200
1781844643,0,60430,0,285.53,199.94,1171455,1813503,2621439,3713023,4976639,329216,193200127,2090216.70,3815097.07,60430,10,10,10,0,0,0,0,0,0,2549759,4263935,8146943,2567248.64,200
1781844644,0,60630,0,285.12,199.96,1172479,1815551,2623487,3713023,4972543,329216,193200127,2090831.46,3809091.12,60630,10,10,10,0,0,0,0,0,0,2332671,3534847,3790847,2276581.12,200
1781844645,0,60830,0,284.72,199.98,1173503,1817599,2623487,3713023,4968447,329216,193200127,2091670.47,3803155.18,60830,10,10,10,0,0,0,0,0,0,2406399,3629055,3985407,2346016.00,200
1781844646,0,61030,0,284.33,200.17,1174527,1820671,2625535,3715071,4997119,329216,193200127,2093617.34,3798146.00,61030,10,10,10,0,0,0,0,0,0,2463743,5636095,9199615,2685757.44,200
1781844647,0,61230,0,283.94,199.86,1175551,1821695,2625535,3715071,4997119,329216,193200127,2093821.31,3792311.46,61230,10,10,10,0,0,0,0,0,0,1894399,3737599,4407295,2156062.72,200
1781844648,0,61430,0,283.55,200.11,1175551,1820671,2627583,3715071,4988927,329216,193200127,2093386.31,3786537.20,61430,10,10,10,0,0,0,0,0,0,1569791,3670015,4800511,1960211.20,200
1781844649,0,61630,0,283.17,199.86,1175551,1820671,2625535,3715071,4988927,329216,193200127,2093029.98,3780807.82,61630,10,10,10,0,0,0,0,0,0,1884159,3643391,6479871,1983584.00,200
1781844650,0,61830,0,282.79,200.01,1176575,1821695,2625535,3715071,4988927,329216,193200127,2093154.46,3775032.07,61830,10,10,10,0,0,0,0,0,0,2040831,3819519,4497407,2131511.04,200
1781844651,0,62030,0,282.41,200.00,1177599,1822719,2625535,3713023,4984831,329216,193200127,2092646.91,3769191.10,62030,10,10,10,0,0,0,0,0,0,1854463,3250175,3710975,1935737.60,200
1781844652,0,62230,0,282.04,200.11,1177599,1823743,2625535,3715071,4984831,329216,193200127,2093110.13,3763510.67,62230,10,10,10,0,0,0,0,0,0,2158591,3991551,4313087,2236778.24,200
1781844653,0,62430,0,281.67,200.03,1178623,1825791,2627583,3715071,4984831,329216,193200127,2093832.01,3757858.61,62430,10,10,10,0,0,0,0,0,0,2207743,3760127,5005311,2318446.08,200
1781844654,0,62630,0,281.30,199.99,1179647,1825791,2627583,3717119,4997119,329216,193200127,2094161.66,3752497.78,62630,10,10,10,0,0,0,0,0,0,1855487,4714495,5767167,2197062.40,200
1781844655,0,62830,0,280.94,199.90,1179647,1826815,2627583,3721215,5001215,329216,193200127,2094649.14,3747205.67,62830,10,10,10,0,0,0,0,0,0,2105343,3995647,8040447,2247301.12,200
1781844656,0,63030,0,280.58,200.07,1179647,1827839,2627583,3723263,5009407,329216,193200127,2095377.46,3741773.05,63030,10,10,10,0,0,0,0,0,0,2172927,4431871,6082559,2324181.76,200
1781844657,0,63230,0,280.22,199.92,1180671,1828863,2627583,3723263,5009407,329216,193200127,2095466.89,3736221.03,63230,10,10,10,0,0,0,0,0,0,1986559,3823615,4575231,2123649.28,200
1781844658,0,63430,0,279.87,200.00,1181695,1829887,2629631,3723263,5005311,329216,193200127,2095805.24,3730658.29,63430,10,10,10,0,0,0,0,0,0,2088959,3809279,4493311,2202773.76,200
1781844659,0,63630,0,279.52,200.11,1182719,1830911,2629631,3723263,5001215,329216,193200127,2096211.62,3725160.11,63630,10,10,10,0,0,0,0,0,0,2109439,3702783,4165631,2225094.40,200
1781844660,0,63830,0,279.17,199.84,1182719,1832959,2631679,3723263,5001215,329216,193200127,2096725.77,3719660.42,63830,10,10,10,0,0,0,0,0,0,2267135,3491839,4698111,2260304.64,200
1781844661,0,64030,0,278.82,200.19,1184767,1835007,2633727,3725311,4997119,329216,193200127,2097989.21,3714258.08,64030,10,10,10,0,0,0,0,0,0,2494463,4141055,4587519,2501214.72,200
1781844662,0,64230,0,278.48,199.89,1184767,1837055,2635775,3725311,4997119,329216,193200127,2098433.28,3708791.95,64230,10,10,10,0,0,0,0,0,0,2215935,3665919,4093951,2240602.88,200
1781844663,0,64430,0,278.14,200.06,1185791,1838079,2635775,3725311,4988927,329216,193200127,2098922.89,3703379.18,64430,10,10,10,0,0,0,0,0,0,2168831,4077567,4304895,2256162.56,200
1781844664,0,64630,0,277.81,199.87,1186815,1839103,2635775,3725311,4988927,329216,193200127,2099315.29,3698010.61,64630,10,10,10,0,0,0,0,0,0,2113535,3856383,4382719,2225725.44,200
1781844665,0,64830,0,277.47,200.02,1187839,1842175,2637823,3729407,5001215,329216,193200127,2101057.18,3693045.92,64830,10,10,10,0,0,0,0,0,0,2502655,4714495,6017023,2663948.80,200
1781844666,0,65030,0,277.14,200.13,1187839,1843199,2641919,3731455,5001215,329216,193200127,2102070.87,3687753.15,65030,10,10,10,0,0,0,0,0,0,2488319,3856383,4325375,2430659.84,200
1781844667,0,65230,0,276.82,199.88,1188863,1845247,2641919,3733503,4997119,329216,193200127,2103001.03,3682576.83,65230,10,10,10,0,0,0,0,0,0,2394111,4272127,4751359,2405441.28,200
1781844668,0,65430,0,276.49,200.05,1189887,1846271,2643967,3733503,5001215,329216,193200127,2103636.40,3677388.11,65430,10,10,10,0,0,0,0,0,0,2240511,3784703,5828607,2310863.36,200
1781844669,0,65630,0,276.17,200.06,1190911,1849343,2646015,3735551,5005311,329216,193200127,2105123.89,3672481.45,65630,10,10,10,0,0,0,0,0,0,2310143,4354047,7548927,2591756.80,200
1781844670,0,65830,0,275.85,199.86,1191935,1850367,2648063,3737599,5009407,329216,193200127,2106033.31,3667480.65,65830,10,10,10,0,0,0,0,0,0,2347007,4636671,6025215,2404459.52,200
1781844671,0,66030,0,275.53,200.15,1192959,1851391,2650111,3735551,5005311,329216,193200127,2106544.04,3662231.87,66030,10,10,10,0,0,0,0,0,0,2271231,3651583,4046847,2274649.60,200
1781844672,0,66875,0,277.90,845.10,1200127,1869823,2680831,3860479,8978431,329216,193200127,2221668.80,3873695.35,66875,10,10,10,0,0,0,0,0,0,9494527,25772031,35323903,11217748.83,845
1781844673,0,67871,0,280.87,995.81,1209343,1891327,2717695,4079615,12525567,329216,193200127,2331659.59,4006376.39,67871,10,10,10,0,0,0,0,0,0,8945663,20840447,26886143,9716834.70,996
1781844674,0,68878,0,283.86,1006.67,1216511,1913855,2756607,4415487,14204927,329216,193200127,2431930.56,4113426.13,68878,10,10,10,0,0,0,0,0,0,8093695,19972095,25935871,9190114.26,1007
1781844675,0,69876,0,286.80,998.22,1225727,1934335,2797567,5201919,16433151,329216,193200127,2570476.25,4404813.03,69876,10,10,10,0,0,0,0,0,0,9101311,33046527,50135039,12132349.95,998
1781844676,0,70877,0,289.71,1001.12,1233919,1954815,2836479,6512639,17580031,329216,193200127,2668742.34,4530044.91,70877,10,10,10,0,0,0,0,0,0,7876607,21643263,37257215,9528324.35,1001
1781844677,0,71875,0,292.60,997.96,1243135,1977343,2879487,7929855,19202047,329216,193200127,2795423.02,4699294.22,71875,10,10,10,0,0,0,0,0,0,10543103,25362431,35028991,11792162.89,998
1781844678,0,72876,0,295.47,1001.23,1252351,1999871,2926591,9338879,20381695,329216,193200127,2928469.40,4855507.27,72876,10,10,10,0,0,0,0,0,0,12058623,22839295,28393471,12481625.00,1001
1781844679,0,73879,0,298.33,1002.57,1261567,2023423,2969599,10223615,21184511,329216,193200127,3030089.50,4958340.50,73879,10,10,10,0,0,0,0,0,0,8994815,23314431,29032447,10413605.01,1003
1781844680,0,74862,0,301.08,983.35,1270783,2042879,3008511,10903551,21528575,329216,193200127,3111418.88,5020598.97,74862,10,10,10,0,0,0,0,0,0,7942143,21774335,25985023,9223864.12,983
1781844681,0,75873,0,303.92,1010.85,1279999,2064383,3051519,11378687,21872639,329216,193200127,3200087.60,5103055.96,75873,10,10,10,0,0,0,0,0,0,7966719,22282239,33980415,9765782.41,1011
1781844682,0,76871,0,306.69,998.23,1288191,2084863,3094527,11599871,21872639,329216,193200127,3251782.33,5116463.45,76871,10,10,10,0,0,0,0,0,0,5939199,15802367,22151167,7181877.10,998
1781844683,0,77871,0,309.45,999.07,1296383,2101247,3137535,11894783,21889023,329216,193200127,3312531.61,5142890.05,77871,10,10,10,0,0,0,0,0,0,7323647,18038783,23429119,7982389.12,1000
1781844684,0,78880,0,312.22,1009.14,1305599,2121727,3184639,12345343,22167551,329216,193200127,3402900.37,5215053.48,78880,10,10,10,0,0,0,0,0,0,9535487,21970943,26542079,10377237.06,1009
1781844685,0,79880,0,314.93,1000.79,1313791,2140159,3229695,12484607,22151167,329216,193200127,3459017.81,5229848.65,79880,10,10,10,0,0,0,0,0,0,7233535,15777791,20873215,7885561.09,1000
1781844686,0,80879,0,317.61,998.13,1320959,2158591,3272703,12566527,22151167,329216,193200127,3502540.00,5237595.36,80879,10,10,10,0,0,0,0,0,0,5808127,16179199,21184511,6982572.84,999
1781844687,0,81873,0,320.26,994.79,1330175,2179071,3319807,12763135,22249471,329216,193200127,3561988.78,5267734.69,81873,10,10,10,0,0,0,0,0,0,6946815,20463615,24379391,8399169.93,994
1781844688,0,82878,0,322.93,1004.52,1339391,2201599,3379199,13197311,22380543,329216,193200127,3653374.20,5336887.22,82878,10,10,10,0,0,0,0,0,0,10502143,21594111,28033023,11098148.94,1005
1781844689,0,83880,0,325.57,1002.18,1349631,2220031,3434495,13287423,22380543,329216,193200127,3705531.13,5348384.64,83880,10,10,10,0,0,0,0,0,0,7290879,16162815,22773759,8019564.84,1002
1781844690,0,84874,0,328.15,994.46,1358847,2240511,3497983,13475839,22527999,329216,193200127,3769924.89,5389983.01,84874,10,10,10,0,0,0,0,0,0,7806975,21790719,29933567,9203877.60,994
1781844691,0,85877,0,330.75,1003.02,1367039,2263039,3563519,13697023,22872063,329216,193200127,3844618.74,5450647.18,85877,10,10,10,0,0,0,0,0,0,8577023,24133631,31031295,10165222.48,1003
1781844692,0,86879,0,333.32,1001.50,1376255,2281471,3629055,13770751,22888447,329216,193200127,3888584.06,5458770.94,86879,10,10,10,0,0,0,0,0,0,6238207,17317887,24494079,7656658.01,1002
1781844693,0,87878,0,335.87,998.83,1384447,2299903,3686399,13811711,22839295,329216,193200127,3925786.93,5459735.43,87878,10,10,10,0,0,0,0,0,0,6414335,15695871,20316159,7161169.87,999
1781844694,0,88878,0,338.40,1000.41,1393663,2314239,3749887,13828095,22806527,329216,193200127,3962662.11,5458215.54,88878,10,10,10,0,0,0,0,0,0,6721535,15294463,19349503,7203179.26,1000
1781844695,0,89880,0,340.91,1001.48,1400831,2334719,3813375,13893631,22790143,329216,193200127,4000061.29,5462076.54,89880,10,10,10,0,0,0,0,0,0,6500351,17530879,21807103,7317391.33,1002
1781844696,0,90875,0,343.39,995.25,1409023,2351103,3885055,13918207,22757375,329216,193200127,4035380.77,5461233.17,90875,10,10,10,0,0,0,0,0,0,6557695,16089087,21413887,7225847.90,995
1781844697,0,91876,0,345.86,1001.46,1416191,2369535,3964927,14016511,22757375,329216,193200127,4073459.96,5468465.43,91876,10,10,10,0,0,0,0,0,0,6610943,16793599,22364159,7530449.45,1001
1781844698,0,92876,0,348.31,999.93,1423359,2387967,4050943,14016511,22691839,329216,193200127,4102460.38,5461334.87,92876,10,10,10,0,0,0,0,0,0,6143999,14024703,17055743,6766902.53,1000
1781844699,0,93880,0,350.76,1003.49,1430527,2404351,4116479,14024703,22659071,329216,193200127,4125870.63,5455490.39,93880,10,10,10,0,0,0,0,0,0,5160959,15147007,20250623,6291459.06,1004
1781844700,0,94880,0,353.18,999.74,1438719,2420735,4188159,14024703,22626303,329216,193200127,4144922.88,5443967.95,94880,10,10,10,0,0,0,0,0,0,5017599,13148159,19120127,5933548.29,1000
1781844701,0,95878,0,355.57,998.57,1447935,2441215,4292607,14090239,22642687,329216,193200127,4185017.29,5454081.61,95878,10,10,10,0,0,0,0,0,0,7032831,18235391,24297471,7996798.46,998
1781844702,0,96880,0,357.96,1001.73,1455103,2455551,4354047,14082047,22708223,329216,193200127,4200089.52,5450530.56,96880,10,10,10,0,0,0,0,0,0,4464639,14024703,26673151,5642299.91,1002
1781844703,0,97880,0,360.32,999.91,1462271,2467839,4403199,14057471,22659071,329216,193200127,4211881.07,5435301.29,97880,10,10,10,0,0,0,0,0,0,4231167,12148735,15458303,5354246.40,1000
1781844704,0,98880,0,362.67,999.73,1468415,2478079,4423679,14024703,22626303,329216,193200127,4214205.08,5418247.79,98880,10,10,10,0,0,0,0,0,0,3430399,11026431,16121855,4441679.10,1000
1781844705,0,99880,0,365.00,1000.84,1473535,2486271,4448255,13991935,22593535,329216,193200127,4216143.18,5400561.98,99880,10,10,10,0,0,0,0,0,0,3420159,10608639,16424959,4407783.04,1000
1781844706,0,100880,0,367.31,999.64,1480703,2500607,4505599,13983743,22577151,329216,193200127,4229288.52,5391022.52,100880,10,10,10,0,0,0,0,0,0,4214783,13271039,20348927,5542244.61,1000
1781844707,0,101879,0,369.60,998.97,1488895,2514943,4595711,14024703,22560767,329216,193200127,4253337.58,5388115.63,101879,10,10,10,0,0,0,0,0,0,5779455,15638527,21938175,6681835.63,999
1781844708,0,102880,0,371.89,1000.95,1495039,2525183,4620287,13959167,22511615,329216,193200127,4253351.48,5367689.54,102880,10,10,10,0,0,0,0,0,0,3530751,9134079,11804671,4254766.16,1001
1781844709,0,103880,0,374.15,1000.05,1501183,2535423,4657151,13942783,22478847,329216,193200127,4261708.60,5355124.79,103880,10,10,10,0,0,0,0,0,0,3905535,12976127,16433151,5121489.15,1000
1781844710,0,104879,0,376.39,998.61,1509375,2553855,4788223,14024703,22527999,329216,193200127,4296137.15,5361663.41,104879,10,10,10,0,0,0,0,0,0,6795263,17317887,23494655,7876154.94,999
1781844711,0,105878,0,378.62,999.71,1516543,2572287,4915199,14139391,22593535,329216,193200127,4338463.49,5381801.84,105878,10,10,10,0,0,0,0,0,0,7606271,19415039,29523967,8782051.04,999
1781844712,0,106880,0,380.84,1001.30,1524735,2588671,5046271,14180351,22577151,329216,193200127,4372584.47,5385535.37,106880,10,10,10,0,0,0,0,0,0,7114751,16048127,21397503,7978035.10,1002
1781844713,0,107880,0,383.04,1000.45,1532927,2603007,5144575,14254079,22626303,329216,193200127,4403565.41,5396700.21,107880,10,10,10,0,0,0,0,0,0,6230015,19021823,26935295,7714807.42,1000
1781844714,0,108877,0,385.21,997.41,1542143,2621439,5230591,14270463,22626303,329216,193200127,4426071.13,5392687.10,108877,10,10,10,0,0,0,0,0,0,6029311,15097855,20316159,6861294.80,997
1781844715,0,109880,0,387.39,1002.65,1549311,2637823,5320703,14286847,22577151,329216,193200127,4449362.15,5388410.28,109880,10,10,10,0,0,0,0,0,0,6025215,15646719,18825215,6977632.73,1003
1781844716,0,110875,0,389.52,994.64,1558527,2654207,5423103,14401535,22659071,329216,193200127,4490759.72,5410545.89,110875,10,10,10,0,0,0,0,0,0,8048639,21348351,28508159,9062382.76,995
1781844717,0,111871,0,391.64,996.24,1566719,2672639,5525503,14508031,22872063,329216,193200127,4535176.79,5443211.42,111871,10,10,10,0,0,0,0,0,0,7905279,23117823,32079871,9479697.86,996
1781844718,0,112880,0,393.80,1008.81,1575935,2689023,5611519,14548991,22855679,329216,193200127,4563870.03,5447186.01,112880,10,10,10,0,0,0,0,0,0,6782975,18235391,21528575,7745180.29,1009
1781844719,0,113878,0,395.90,998.38,1585151,2705407,5701631,14614527,22839295,329216,193200127,4594996.18,5451844.42,113878,10,10,10,0,0,0,0,0,0,6926335,17694719,21889023,8115557.07,998
1781844720,0,114875,0,397.98,997.23,1592319,2721791,5754879,14614527,22806527,329216,193200127,4613709.81,5446003.35,114875,10,10,10,0,0,0,0,0,0,5787647,14909439,19759103,6751192.33,997
1781844721,0,115875,0,400.06,999.40,1600511,2738175,5857279,14712831,22904831,329216,193200127,4653526.13,5463265.72,115875,10,10,10,0,0,0,0,0,0,8187903,20070399,25755647,9227426.43,1000
1781844722,0,116866,0,402.09,990.76,1608703,2756607,5943295,14819327,22970367,329216,193200127,4692214.09,5480057.09,116866,10,10,10,0,0,0,0,0,0,8351743,19382271,27525119,9215894.09,991
1781844723,0,117874,0,404.17,1008.33,1616895,2777087,6057983,15089663,23347199,329216,193200127,4761368.87,5563211.74,117874,10,10,10,0,0,0,0,0,0,11075583,31457279,40239103,12779069.97,1008
1781844724,0,118878,0,406.22,1004.12,1625087,2799615,6184959,15368191,23773183,329216,193200127,4834521.79,5646332.76,118878,10,10,10,0,0,0,0,0,0,11878399,29802495,37683199,13422995.38,1004
1781844725,0,119875,0,408.23,997.35,1634303,2820095,6262783,15400959,23789567,329216,193200127,4864236.86,5650926.55,119875,10,10,10,0,0,0,0,0,0,7331839,17743871,25788415,8407334.13,997
1781844726,0,120877,0,410.25,1001.48,1642495,2836479,6336511,15417343,23773183,329216,193200127,4887251.56,5648277.76,120877,10,10,10,0,0,0,0,0,0,6807551,17072127,21266431,7640632.21,1002
1781844727,0,121879,0,412.25,1002.30,1650687,2854911,6406143,15433727,23756799,329216,193200127,4913105.50,5647311.46,121879,10,10,10,0,0,0,0,0,0,7278591,17121279,19808255,8032014.56,1002
1781844728,0,122876,0,414.22,997.08,1658879,2873343,6471679,15433727,23740415,329216,193200127,4936591.78,5645315.47,122876,10,10,10,0,0,0,0,0,0,7065599,15892479,22724607,7807689.05,997
1781844729,0,123875,0,416.18,999.06,1667071,2889727,6533119,15441919,23707647,329216,193200127,4957307.75,5640373.88,123875,10,10,10,0,0,0,0,0,0,6799359,15507455,20840447,7505351.37,999
1781844730,0,124877,0,418.15,1001.29,1674239,2910207,6590463,15458303,23691263,329216,193200127,4980655.77,5638147.11,124877,10,10,10,0,0,0,0,0,0,7045119,17022975,19824639,7867118.63,1002
1781844731,0,125878,0,420.09,1000.93,1681407,2926591,6631423,15458303,23674879,329216,193200127,4996830.33,5630893.66,125878,10,10,10,0,0,0,0,0,0,6115327,16424959,19415039,7014643.72,1001
1781844732,0,126270,0,420.00,392.03,1682431,2930687,6635519,15458303,23625727,329216,193200127,4998383.89,5627337.91,126270,10,10,10,0,0,0,0,0,0,4616191,16056319,19546111,5497258.12,392
1781844733,0,126470,0,419.27,200.15,1682431,2928639,6627327,15458303,23609343,329216,193200127,4994507.66,5623941.39,126470,10,10,10,0,0,0,0,0,0,2250751,4771839,6311935,2547249.92,200
1781844734,0,126670,0,418.54,199.85,1682431,2926591,6615039,15450111,23592959,329216,193200127,4990476.16,5620568.85,126670,10,10,10,0,0,0,0,0,0,2195455,4472831,5201919,2441153.28,200
1781844735,0,126870,0,417.82,200.02,1682431,2924543,6606847,15441919,23576575,329216,193200127,4986713.40,5617196.74,126870,10,10,10,0,0,0,0,0,0,2316287,6225919,6803455,2603572.48,200
1781844736,0,127070,0,417.11,199.98,1682431,2922495,6594559,15433727,23543807,329216,193200127,4982983.83,5613755.67,127070,10,10,10,0,0,0,0,0,0,2527231,5095423,6336511,2617130.24,200
1781844737,0,127270,0,416.40,199.97,1683455,2920447,6586367,15425535,23543807,329216,193200127,4979423.38,5610388.10,127270,10,10,10,0,0,0,0,0,0,2234367,6082559,7868415,2717292.80,200
1781844738,0,127470,0,415.69,200.01,1682431,2918399,6578175,15417343,23543807,329216,193200127,4975539.46,5607117.57,127470,10,10,10,0,0,0,0,0,0,2111487,5472255,6791167,2504006.40,200
1781844739,0,127670,0,414.99,200.01,1682431,2916351,6565887,15409151,23527423,329216,193200127,4971603.76,5603825.84,127670,10,10,10,0,0,0,0,0,0,2326527,4780031,6488063,2463184.64,200
1781844740,0,127870,0,414.30,200.14,1682431,2916351,6557695,15400959,23527423,329216,193200127,4968013.55,5600388.23,127870,10,10,10,0,0,0,0,0,0,2537471,5263359,6270975,2676203.52,200
1781844741,0,128070,0,413.60,199.98,1682431,2914303,6549503,15392767,23511039,329216,193200127,4964182.70,5597083.13,128070,10,10,10,0,0,0,0,0,0,2330623,5136383,6193151,2514929.92,200
1781844742,0,128270,0,412.92,200.02,1682431,2912255,6541311,15384575,23511039,329216,193200127,4959966.47,5593846.55,128270,10,10,10,0,0,0,0,0,0,2215935,4106239,4472831,2260103.68,200
1781844743,0,128470,0,412.23,200.00,1681407,2910207,6533119,15376383,23511039,329216,193200127,4955793.20,5590673.30,128470,10,10,10,0,0,0,0,0,0,2079743,4607999,5996543,2279266.56,200
1781844744,0,128670,0,411.55,199.88,1681407,2906111,6520831,15368191,23494655,329216,193200127,4951955.35,5587468.84,128670,10,10,10,0,0,0,0,0,0,2285567,5042175,9347071,2486711.04,200
1781844745,0,128870,0,410.88,200.00,1681407,2906111,6512639,15351807,23494655,329216,193200127,4948496.06,5584153.49,128870,10,10,10,0,0,0,0,0,0,2443263,5947391,7303167,2722961.92,200
1781844746,0,129070,0,410.21,200.09,1680383,2904063,6500351,15335423,23478271,329216,193200127,4944724.41,5580839.82,129070,10,10,10,0,0,0,0,0,0,2273279,4837375,5693439,2514464.00,200
1781844747,0,129270,0,409.54,199.93,1681407,2902015,6492159,15327231,23461887,329216,193200127,4941120.79,5577620.65,129270,10,10,10,0,0,0,0,0,0,2299903,6164479,8773631,2615522.56,200
1781844748,0,129470,0,408.88,199.93,1680383,2899967,6483967,15319039,23461887,329216,193200127,4937642.31,5574346.06,129470,10,10,10,0,0,0,0,0,0,2353151,5971967,7598079,2689326.08,200
1781844749,0,129670,0,408.22,200.14,1681407,2897919,6471679,15310847,23461887,329216,193200127,4934471.06,5570928.01,129670,10,10,10,0,0,0,0,0,0,2553855,5935103,7249919,2881561.60,200
1781844750,0,129870,0,407.57,200.05,1680383,2895871,6463487,15302655,23445503,329216,193200127,4930786.44,5567687.46,129870,10,10,10,0,0,0,0,0,0,2310143,4730879,7950335,2541862.40,200
1781844751,0,130070,0,406.92,200.00,1680383,2895871,6459391,15302655,23445503,329216,193200127,4927337.24,5564418.32,130070,10,10,10,0,0,0,0,0,0,2336767,6168575,6791167,2687598.08,200
1781844752,0,130270,0,406.28,199.95,1680383,2893823,6451199,15294463,23429119,329216,193200127,4923872.42,5561194.51,130270,10,10,10,0,0,0,0,0,0,2287615,6225919,7073791,2670530.56,200
1781844753,0,130470,0,405.63,200.04,1679359,2891775,6438911,15286271,23412735,329216,193200127,4920113.03,5557996.10,130470,10,10,10,0,0,0,0,0,0,2181119,5365759,6377471,2471434.24,200
1781844754,0,130670,0,405.00,199.90,1679359,2889727,6434815,15269887,23396351,329216,193200127,4916671.87,5554783.29,130670,10,10,10,0,0,0,0,0,0,2347007,6098943,7311359,2671831.04,200
1781844755,0,130870,0,404.36,200.05,1679359,2887679,6426623,15269887,23396351,329216,193200127,4913057.04,5551719.54,130870,10,10,10,0,0,0,0,0,0,2150399,5324799,9945087,2551306.24,200
1781844756,0,131070,0,403.73,200.05,1678335,2885631,6418431,15253503,23379967,329216,193200127,4909281.49,5548540.69,131070,10,10,10,0,0,0,0,0,0,2073599,4956159,5754879,2438753.28,200
1781844757,0,131270,0,403.11,199.85,1678335,2883583,6406143,15253503,23379967,329216,193200127,4905626.44,5545428.00,131270,10,10,10,0,0,0,0,0,0,2010111,5771263,6434815,2510284.80,200
1781844758,0,131470,0,402.49,200.14,1678335,2881535,6397951,15245311,23363583,329216,193200127,4902220.97,5542188.59,131470,10,10,10,0,0,0,0,0,0,2392063,5812223,7761919,2667043.84,200
1781844759,0,131670,0,401.87,199.88,1678335,2879487,6389759,15237119,23363583,329216,193200127,4898611.17,5538960.95,131670,10,10,10,0,0,0,0,0,0,2484223,5054463,6262783,2525710.08,200
1781844760,0,131870,0,401.25,200.14,1678335,2877439,6377471,15228927,23363583,329216,193200127,4895292.50,5535801.60,131870,10,10,10,0,0,0,0,0,0,2344959,6123519,7766015,2710442.24,200
1781844761,0,132070,0,400.64,199.98,1677311,2875391,6369279,15220735,23363583,329216,193200127,4891148.28,5532804.08,132070,10,10,10,0,0,0,0,0,0,1863679,4632575,5996543,2158659.84,200
1781844762,0,132270,0,400.04,200.02,1677311,2875391,6361087,15212543,23363583,329216,193200127,4887732.09,5529591.63,132270,10,10,10,0,0,0,0,0,0,2383871,5820415,7057407,2631847.68,200
1781844763,0,132470,0,399.43,199.85,1677311,2873343,6352895,15196159,23347199,329216,193200127,4884638.16,5526294.56,132470,10,10,10,0,0,0,0,0,0,2516991,5763071,6074367,2838470.40,200
1781844764,0,132670,0,398.83,199.97,1677311,2873343,6344703,15187967,23347199,329216,193200127,4881673.42,5523029.32,132670,10,10,10,0,0,0,0,0,0,2613247,6422527,7077887,2917980.16,200
1781844765,0,132870,0,398.24,200.08,1677311,2873343,6336511,15179775,23330815,329216,193200127,4877999.73,5519835.04,132870,10,10,10,0,0,0,0,0,0,2228223,4648959,5062655,2441052.16,200
1781844766,0,133070,0,397.65,200.06,1676287,2871295,6324223,15171583,23330815,329216,193200127,4874369.17,5516700.71,133070,10,10,10,0,0,0,0,0,0,2285567,5193727,6057983,2462410.24,200
1781844767,0,133270,0,397.06,199.91,1676287,2869247,6316031,15163391,23314431,329216,193200127,4871175.62,5513546.18,133270,10,10,10,0,0,0,0,0,0,2396159,5914623,7540735,2746343.68,200
1781844768,0,133470,0,396.47,200.02,1675263,2867199,6307839,15155199,23298047,329216,193200127,4867468.87,5510419.81,133470,10,10,10,0,0,0,0,0,0,2191359,4620287,6549503,2397475.84,200
1781844769,0,133670,0,395.89,200.01,1675263,2865151,6299647,15147007,23281663,329216,193200127,4863753.68,5507384.23,133670,10,10,10,0,0,0,0,0,0,2027519,5550079,6348799,2384422.40,200
1781844770,0,133870,0,395.31,199.93,1674239,2865151,6287359,15138815,23281663,329216,193200127,4860626.92,5504219.81,133870,10,10,10,0,0,0,0,0,0,2476031,5718015,6758399,2770858.24,200
1781844771,0,134070,0,394.74,200.07,1674239,2863103,6279167,15130623,23281663,329216,193200127,4857508.00,5501121.39,134070,10,10,10,0,0,0,0,0,0,2387967,5591039,9224191,2769859.84,200
1781844772,0,134270,0,394.16,200.09,1675263,2861055,6270975,15122431,23265279,329216,193200127,4854330.29,5497810.37,134270,10,10,10,0,0,0,0,0,0,2508799,5033983,5935103,2724149.76,200
1781844773,0,134470,0,393.60,199.87,1675263,2859007,6262783,15114239,23265279,329216,193200127,4850756.29,5494737.79,134470,10,10,10,0,0,0,0,0,0,2174975,5021695,7544831,2451354.88,200
1781844774,0,134670,0,393.03,200.13,1675263,2859007,6254591,15106047,23265279,329216,193200127,4847934.82,5491572.57,134670,10,10,10,0,0,0,0,0,0,2506751,6664191,8155135,2950915.84,200
1781844775,0,134870,0,392.47,199.91,1675263,2856959,6250495,15106047,23248895,329216,193200127,4844712.72,5488481.06,134870,10,10,10,0,0,0,0,0,0,2469887,6090751,7974911,2675112.96,200
1781844776,0,135070,0,391.91,199.98,1675263,2854911,6238207,15097855,23248895,329216,193200127,4840973.11,5485427.33,135070,10,10,10,0,0,0,0,0,0,2168831,4751359,5529599,2319165.44,200
1781844777,0,135270,0,391.36,200.03,1674239,2852863,6230015,15089663,23232511,329216,193200127,4837457.49,5482409.12,135270,10,10,10,0,0,0,0,0,0,2303999,5070847,7516159,2463188.48,200
1781844778,0,135470,0,390.80,200.01,1675263,2852863,6225919,15089663,23232511,329216,193200127,4834294.28,5479172.48,135470,10,10,10,0,0,0,0,0,0,2508799,5042175,5636095,2694856.96,200
1781844779,0,135670,0,390.26,200.09,1675263,2852863,6217727,15081471,23232511,329216,193200127,4831683.48,5475963.35,135670,10,10,10,0,0,0,0,0,0,2783231,6512639,7557119,3063253.76,200
1781844780,0,135870,0,389.71,200.00,1675263,2850815,6209535,15081471,23232511,329216,193200127,4828545.42,5472883.22,135870,10,10,10,0,0,0,0,0,0,2207743,6246399,6918143,2699843.84,200
1781844781,0,136070,0,389.17,199.93,1675263,2850815,6201343,15073279,23232511,329216,193200127,4825914.00,5469630.81,136070,10,10,10,0,0,0,0,0,0,2592767,6356991,6955007,3038260.48,200
1781844782,0,136270,0,388.63,200.06,1675263,2848767,6197247,15065087,23216127,329216,193200127,4823123.03,5466527.72,136270,10,10,10,0,0,0,0,0,0,2725887,6176767,9109503,2924288.00,200
1781844783,0,136470,0,388.09,199.85,1675263,2848767,6189055,15056895,23216127,329216,193200127,4820163.73,5463401.49,136470,10,10,10,0,0,0,0,0,0,2523135,6156287,7667711,2803845.12,200
1781844784,0,136670,0,387.56,200.05,1675263,2846719,6180863,15048703,23199743,329216,193200127,4816854.73,5460363.43,136670,10,10,10,0,0,0,0,0,0,2119679,5476351,6615039,2558954.24,200
1781844785,0,136870,0,387.03,200.05,1675263,2844671,6172671,15040511,23199743,329216,193200127,4813534.20,5457401.77,136870,10,10,10,0,0,0,0,0,0,2250751,5824511,8536063,2544450.56,200
1781844786,0,137070,0,386.50,199.96,1674239,2842623,6164479,15032319,23183359,329216,193200127,4809946.78,5454408.42,137070,10,10,10,0,0,0,0,0,0,2230271,4730879,6512639,2354895.36,200
1781844787,0,137270,0,385.97,199.94,1674239,2840575,6156287,15024127,23150591,329216,193200127,4806206.26,5451467.92,137270,10,10,10,0,0,0,0,0,0,2078719,4349951,5353471,2242639.36,200
1781844788,0,137470,0,385.45,200.17,1673215,2838527,6148095,15015935,23134207,329216,193200127,4802916.51,5448473.14,137470,10,10,10,0,0,0,0,0,0,2174975,5939199,7151615,2544999.68,200
1781844789,0,137670,0,384.93,199.83,1674239,2838527,6143999,14999551,23134207,329216,193200127,4799843.97,5445384.02,137670,10,10,10,0,0,0,0,0,0,2478079,5079039,8421375,2687930.88,200
1781844790,0,137870,0,384.42,200.08,1673215,2836479,6135807,14999551,23134207,329216,193200127,4796555.51,5442404.32,137870,10,10,10,0,0,0,0,0,0,2152447,5713919,6930431,2532947.20,200
1781844791,0,138070,0,383.91,200.00,1673215,2834431,6127615,14991359,23117823,329216,193200127,4793052.92,5439407.40,138070,10,10,10,0,0,0,0,0,0,2109439,4599807,5763071,2378544.64,200
1781844792,0,139634,0,387.18,1563.98,1684479,2865151,6320127,15785983,25853951,329216,193200127,4998528.73,5908519.50,139634,10,10,10,0,0,0,0,0,0,20905983,48300031,63995903,23137943.57,1564
1781844793,0,141442,0,391.11,1808.17,1698815,2902015,6561791,17006591,36372479,329216,350224383,6011585.18,14242437.40,141442,10,10,10,0,0,0,0,0,0,45121535,256901119,320077823,84251145.06,1808
1781844794,0,143626,0,396.05,2183.53,1716223,2945023,6856703,18366463,52264959,329216,350224383,6670864.98,17071335.46,143626,10,10,10,0,0,0,0,0,0,22429695,205914111,292290559,49367684.45,2184
1781844795,0,145574,0,400.32,1947.31,1732607,2983935,7135231,20267007,129892351,329216,350224383,7721574.57,21151677.02,145574,10,10,10,0,0,0,0,0,0,39354367,219545599,243793919,85190370.83,1948
1781844796,0,147415,0,404.27,1842.42,1745919,3018751,7364607,22134783,153616383,329216,350224383,8616403.22,24087404.81,147415,10,10,10,0,0,0,0,0,0,32604159,230686719,271056895,79373483.87,1841
1781844797,0,149602,0,409.15,2185.44,1764351,3067903,7696383,26673151,173408255,329216,363069439,9781493.06,27555641.41,149602,10,10,10,0,0,0,0,0,0,52396031,279183359,330301439,88314515.26,2187
1781844798,0,151630,0,413.56,2027.85,1781759,3115007,8015871,32980991,172621823,329216,363069439,10293605.77,27973790.39,151630,10,10,10,0,0,0,0,0,0,42663935,117571583,139591679,48071261.41,2028
1781844799,0,153624,0,417.86,1995.54,1798143,3164159,8355839,38076415,171966463,329216,363069439,10651347.98,27993765.07,153624,10,10,10,0,0,0,0,0,0,37945343,56197119,62259199,37855184.75,1994
1781844800,0,155692,0,422.34,2068.55,1814527,3209215,8675327,42532863,170917887,329216,363069439,11126585.63,28431448.10,155692,10,10,10,0,0,0,0,0,0,38273023,123863039,156106751,46430216.42,2068
1781844801,0,157682,0,426.58,1989.77,1831935,3258367,8978431,42369023,169869311,329216,363069439,11218563.74,28286803.75,157682,10,10,10,0,0,0,0,0,0,16662527,35880959,61702143,18414672.53,1990
1781844802,0,159618,0,430.65,1935.02,1848319,3303423,9224191,43122687,169082879,329216,363069439,11366916.58,28215810.76,159618,10,10,10,0,0,0,0,0,0,17760255,62783487,77791231,23449857.06,1936
1781844803,0,161502,0,434.56,1883.83,1863679,3350527,9510911,45776895,183369727,329216,363069439,12144709.98,30163042.20,161502,10,10,10,0,0,0,0,0,0,39190527,225837055,251133951,78041645.93,1884
1781844804,0,163660,0,439.19,2157.78,1881087,3405823,9904127,50364415,198180863,329216,363069439,13118437.34,32594067.97,163660,10,10,10,0,0,0,0,0,0,43614207,256114687,304349183,85990965.62,2158
1781844805,0,165631,0,443.29,1972.41,1898495,3463167,10280959,52494335,196870143,329216,363069439,13420490.83,32623765.64,165631,10,10,10,0,0,0,0,0,0,33062911,90111999,109772799,38501197.80,1971
1781844806,0,167670,0,447.54,2038.87,1914879,3524607,10641407,54427647,196345855,329216,363069439,13808164.61,33058718.59,167670,10,10,10,0,0,0,0,0,0,23183359,159121407,191758335,45299482.24,2039
1781844807,0,169598,0,451.49,1927.70,1931263,3583999,11034623,54558719,195821567,329216,363069439,14009745.23,32958598.55,169598,10,10,10,0,0,0,0,0,0,30638079,56655871,64159743,31540358.64,1928
1781844808,0,171553,0,455.48,1954.45,1946623,3655679,11452415,55410687,195035135,329216,363069439,14272471.04,32915614.95,171553,10,10,10,0,0,0,0,0,0,35258367,69206015,101580799,37064169.74,1955
1781844809,0,173688,0,459.92,2135.67,1961983,3727359,11894783,56655871,194117631,329216,363069439,14533693.83,32912460.12,173688,10,10,10,0,0,0,0,0,0,29507583,86507519,123469823,35523648.75,2135
1781844810,0,175660,0,463.92,1972.24,1978367,3801087,12255231,56918015,193593343,329216,363069439,14686527.42,32849002.92,175660,10,10,10,0,0,0,0,0,0,22298623,71368703,128122879,28147663.97,1972
1781844811,0,177579,0,467.75,1918.14,1993727,3878911,12591103,56950783,193200127,329216,363069439,14809099.23,32735630.33,177579,10,10,10,0,0,0,0,0,0,21970943,58195967,86048767,26028986.63,1919
1781844812,0,179649,0,471.96,2070.46,2010111,3962879,13033471,61407231,193069055,329216,363069439,15315245.80,33269218.99,179649,10,10,10,0,0,0,0,0,0,44531711,152174591,187432959,58736018.92,2070
1781844813,0,181678,0,476.04,2028.04,2027519,4067327,13533183,63537151,192544767,329216,363069439,15708027.57,33500280.08,181678,10,10,10,0,0,0,0,0,0,41222143,131661823,161218559,50485184.91,2029
1781844814,0,183555,0,479.70,1877.02,2042879,4161535,13910015,65863679,192020479,329216,363069439,16033324.95,33683575.43,183555,10,10,10,0,0,0,0,0,0,36143103,123469823,144965631,47519408.49,1877
1781844815,0,185676,0,483.98,2122.29,2060287,4272127,14368767,69009407,193331199,329216,363069439,16431662.18,34214377.99,185676,10,10,10,0,0,0,0,0,0,25870335,177209343,217186303,50904453.13,2121
1781844816,0,187628,0,487.80,1951.89,2075647,4382719,14893055,69795839,192937983,329216,363069439,16683268.46,34207024.13,187628,10,10,10,0,0,0,0,0,0,35717119,92995583,119734271,40616284.33,1952
1781844817,0,189684,0,491.86,2055.34,2092031,4493311,15196159,69795839,192151551,329216,363069439,16770274.45,34092157.53,189684,10,10,10,0,0,0,0,0,0,18759679,70385663,86835199,24710332.76,2056
1781844818,0,191584,0,495.50,1899.62,2105343,4612095,15540223,72155135,191627263,329216,363069439,17018264.37,34247840.28,191584,10,10,10,0,0,0,0,0,0,24559615,130285567,156368895,41776012.13,1900
1781844819,0,193497,0,499.16,1913.25,2121727,4734975,15966207,78381055,199884799,329216,363069439,17833860.10,36002101.05,193497,10,10,10,0,0,0,0,0,0,54362111,237109247,266993663,99514514.67,1913
1781844820,0,195686,0,503.51,2189.69,2138111,4890623,16375807,79560703,199753727,329216,363069439,18017561.43,36047772.29,195686,10,10,10,0,0,0,0,0,0,21610495,120913919,180748287,34255869.19,2189
1781844821,0,197650,0,507.26,1964.45,2152447,5009407,16392191,78577663,199229439,329216,363069439,17967573.85,35879659.07,197650,10,10,10,0,0,0,0,0,0,11329535,28196863,37158911,12986988.97,1964
1781844822,0,199686,0,511.17,2035.13,2168831,5148671,16629759,77594623,198705151,329216,363069439,17988506.37,35718429.40,199686,10,10,10,0,0,0,0,0,0,16891903,44793855,57933823,20020585.62,2036
1781844823,0,201680,0,514.96,1994.68,2185215,5271551,16752639,76677119,198180863,329216,363069439,17980547.34,35556308.49,201680,10,10,10,0,0,0,0,0,0,15114239,37355519,46202879,17183502.12,1994
1781844824,0,203646,0,518.65,1965.41,2199551,5369855,16777215,75956223,197394431,329216,363069439,17947495.55,35403660.56,203646,10,10,10,0,0,0,0,0,0,11272191,37453823,54034431,14556913.42,1966
1781844825,0,205620,0,522.35,1974.22,2215935,5505023,17268735,78446591,197001215,329216,363069439,18254260.91,35552668.52,205620,10,10,10,0,0,0,0,0,0,39845887,127401983,159645695,49901442.98,1974
1781844826,0,207660,0,526.19,2039.28,2232319,5644287,17563647,78774271,196476927,329216,363069439,18374811.86,35480303.28,207660,10,10,10,0,0,0,0,0,0,21217279,82182143,104726527,30525639.15,2040
1781844827,0,209682,0,529.98,2023.07,2248703,5754879,17694719,77791231,196083711,329216,363069439,18352764.24,35320272.24,209682,10,10,10,0,0,0,0,0,0,14131199,32849919,40763391,16088466.61,2022
1781844828,0,211684,0,533.69,2001.74,2265087,5885951,18006015,78381055,195690495,329216,363069439,18474802.55,35262946.70,211684,10,10,10,0,0,0,0,0,0,21463039,86441983,105709567,31256639.68,2002
1781844829,0,213675,0,537.35,1991.67,2279423,6017023,18382847,78970879,195035135,329216,363069439,18615995.35,35212284.46,213675,10,10,10,0,0,0,0,0,0,25821183,90570751,115867647,33627675.77,1991
1781844830,0,215476,0,540.52,1799.42,2293759,6123519,18595839,81461247,195297279,329216,363069439,18838012.99,35483965.91,215476,10,10,10,0,0,0,0,0,0,18874367,161349631,198967295,45178723.22,1801
1781844831,0,217686,0,544.70,2211.04,2310143,6258687,18907135,85590015,199753727,329216,363069439,19296492.03,36412444.70,217686,10,10,10,0,0,0,0,0,0,22839295,230555647,270008319,63998405.85,2210
1781844832,0,219624,0,548.18,1938.17,2326527,6385663,19120127,84672511,199229439,329216,363069439,19340729.95,36282171.35,219624,10,10,10,0,0,0,0,0,0,19988479,54067199,63930367,24309758.55,1938
1781844833,0,221664,0,551.89,2039.00,2342911,6524927,19562495,84738047,198836223,329216,363069439,19559286.60,36253586.49,221664,10,10,10,0,0,0,0,0,0,41320447,87556095,101908479,43088837.77,2040
1781844834,0,223601,0,555.33,1936.99,2357247,6627327,19742719,84672511,198443007,329216,363069439,19592982.19,36149882.22,223601,10,10,10,0,0,0,0,0,0,18399231,72482815,111083519,23448996.28,1937
1781844835,0,225594,0,558.89,1994.59,2373631,6742015,20037631,90439679,199229439,329216,363069439,20061788.88,36850180.17,225594,10,10,10,0,0,0,0,0,0,43548671,185204735,221773823,72658700.20,1993
1781844836,0,227690,0,562.69,2095.46,2392063,6868991,20299775,93192191,199229439,329216,363069439,20315358.03,37115997.13,227690,10,10,10,0,0,0,0,0,0,21446655,160432127,195821567,47607190.35,2096
1781844837,0,229685,0,566.22,1993.67,2408447,6991871,20447231,92405759,198967295,329216,363069439,20325434.88,36975493.51,229685,10,10,10,0,0,0,0,0,0,18415615,50233343,70582271,21475508.93,1995
1781844838,0,231690,0,569.76,2006.66,2424831,7110655,20611071,91553791,198443007,329216,363069439,20321532.14,36828775.26,231690,10,10,10,0,0,0,0,0,0,18759679,39419903,50167807,19874449.30,2005
1781844839,0,233696,0,573.28,2005.08,2441215,7192575,20627455,90832895,198049791,329216,363069439,20280109.14,36684520.55,233696,10,10,10,0,0,0,0,0,0,13852671,32473087,47841279,15495814.25,2006
1781844840,0,235672,0,576.72,1976.02,2457599,7282687,20611071,90111999,197394431,329216,363069439,20239874.14,36542820.73,235672,10,10,10,0,0,0,0,0,0,13713407,32833535,46956543,15481392.97,1976
1781844841,0,237578,0,579.96,1906.92,2471935,7393279,20807679,90439679,197001215,329216,363069439,20348631.56,36518137.80,237578,10,10,10,0,0,0,0,0,0,20119551,97845247,121896959,33796206.67,1906
1781844842,0,239692,0,583.70,2112.29,2488319,7512063,21118975,96075775,203685887,329216,363069439,20955676.16,37848448.44,239692,10,10,10,0,0,0,0,0,0,34242559,250740735,292552703,89177267.47,2114
1781844843,0,241696,0,587.15,2005.53,2502655,7593983,21151743,95223807,203292671,329216,363069439,20920649.10,37704518.78,241696,10,10,10,0,0,0,0,0,0,14794751,37027839,48300031,16731174.32,2004
1781844844,0,243658,0,590.48,1960.50,2519039,7704575,21381119,94699519,203030527,329216,363069439,20969188.59,37592683.22,243658,10,10,10,0,0,0,0,0,0,23429119,62554111,73990143,26948700.38,1962
1781844845,0,245585,0,593.71,1928.65,2535423,7847935,21823487,94044159,202637311,329216,363069439,21069171.92,37486172.14,245585,10,10,10,0,0,0,0,0,0,33161215,60030975,85000191,33711485.01,1927
1781844846,0,247650,0,597.26,2064.27,2551807,7954431,22102015,99614719,203816959,329216,363069439,21548650.24,38246809.83,247650,10,10,10,0,0,0,0,0,0,40108031,198836223,224002047,78571740.79,2065
1781844847,0,249661,0,600.66,2011.65,2568191,8052735,22298623,98762751,203685887,329216,363069439,21592668.79,38134425.98,249661,10,10,10,0,0,0,0,0,0,22118399,63078399,87425023,27013451.87,2011
1781844848,0,251612,0,603.90,1949.53,2584575,8167423,22446079,98107391,203292671,329216,363069439,21639444.87,38030941.39,251612,10,10,10,0,0,0,0,0,0,20725759,69468159,84279295,27625177.03,1951
1781844849,0,253686,0,607.42,2074.56,2600959,8294399,22560767,97255423,202899455,329216,363069439,21673981.30,37917116.26,253686,10,10,10,0,0,0,0,0,0,19906559,67567615,86638591,25863845.77,2074
1781844850,0,255652,0,610.67,1967.10,2617343,8396799,22560767,96600063,202506239,329216,363069439,21643540.10,37782101.54,255652,10,10,10,0,0,0,0,0,0,16293887,35520511,47611903,17715511.21,1966
1781844851,0,257630,0,613.92,1976.17,2633727,8495103,22626303,95879167,202244095,329216,363069439,21625242.12,37649604.89,257630,10,10,10,0,0,0,0,0,0,17465343,39714815,55476223,19260268.97,1978
1781844852,0,258290,0,614.03,660.29,2635775,8527871,22659071,95748095,202113023,329216,363069439,21624457.80,37609324.88,258290,10,10,10,0,0,0,0,0,0,20086783,48332799,63668223,21318302.25,660
1781844853,0,258490,0,613.05,199.93,2633727,8511487,22642687,95682559,202113023,329216,363069439,21610000.33,37598382.41,258490,10,10,10,0,0,0,0,0,0,2781183,5496831,8011775,2938901.76,200
1781844854,0,258690,0,612.08,200.14,2631679,8495103,22626303,95617023,201981951,329216,363069439,21595579.56,37587445.10,258690,10,10,10,0,0,0,0,0,0,2664447,6373375,8085503,2957455.36,200
1781844855,0,258890,0,611.10,199.87,2631679,8478719,22609919,95420415,201981951,329216,363069439,21581057.25,37576563.24,258890,10,10,10,0,0,0,0,0,0,2799615,4243455,5439487,2797167.36,200
1781844856,0,259090,0,610.13,200.07,2629631,8462335,22593535,95354879,201981951,329216,363069439,21566884.01,37565542.29,259090,10,10,10,0,0,0,0,0,0,3090431,6205439,8601599,3220341.76,200
1781844857,0,259290,0,609.17,199.93,2629631,8445951,22577151,95289343,201850879,329216,363069439,21552783.08,37554512.04,259290,10,10,10,0,0,0,0,0,0,2809855,7335935,8368127,3285729.28,200
1781844858,0,259490,0,608.21,200.08,2627583,8429567,22544383,95223807,201850879,329216,363069439,21538479.79,37543590.12,259490,10,10,10,0,0,0,0,0,0,2766847,5791743,8552447,2994983.68,200
1781844859,0,259690,0,607.26,199.97,2627583,8421375,22527999,95158271,201719807,329216,363069439,21524163.90,37532688.39,259690,10,10,10,0,0,0,0,0,0,2691071,5812223,6557695,2950009.60,200
1781844860,0,259890,0,606.31,200.09,2625535,8396799,22511615,95092735,201719807,329216,363069439,21509791.20,37521845.73,259890,10,10,10,0,0,0,0,0,0,2592767,5861375,10248191,2847553.28,200
1781844861,0,260090,0,605.36,199.84,2623487,8380415,22495231,95027199,201719807,329216,363069439,21495379.77,37511031.51,260090,10,10,10,0,0,0,0,0,0,2537471,5222399,7000063,2768455.68,200
1781844862,0,260290,0,604.42,200.12,2621439,8368127,22478847,94961663,201588735,329216,363069439,21481061.38,37500192.45,260290,10,10,10,0,0,0,0,0,0,2748415,6324223,6922239,2860706.56,200
1781844863,0,260490,0,603.48,200.02,2619391,8351743,22462463,94896127,201457663,329216,363069439,21466551.83,37489457.76,260490,10,10,10,0,0,0,0,0,0,2523135,4304895,4915199,2583097.60,200
1781844864,0,260690,0,602.55,200.03,2617343,8339455,22462463,94830591,201457663,329216,363069439,21452425.58,37478589.31,260690,10,10,10,0,0,0,0,0,0,2508799,7561215,12648447,3053692.16,200
1781844865,0,260890,0,601.62,199.99,2617343,8327167,22446079,94765055,201326591,329216,363069439,21438110.87,37467798.84,260890,10,10,10,0,0,0,0,0,0,2762751,5144575,6197247,2779595.52,200
1781844866,0,261090,0,600.70,199.85,2615295,8314879,22413311,94699519,201326591,329216,363069439,21423877.74,37456987.38,261090,10,10,10,0,0,0,0,0,0,2797567,5451775,6209535,2857475.84,200
1781844867,0,261290,0,599.78,200.06,2613247,8302591,22396927,94699519,201326591,329216,363069439,21409582.09,37446231.57,261290,10,10,10,0,0,0,0,0,0,2443263,5554175,7434239,2747330.56,200
1781844868,0,261490,0,598.86,200.02,2613247,8290303,22396927,94633983,201326591,329216,363069439,21395564.04,37435364.02,261490,10,10,10,0,0,0,0,0,0,2797567,5840895,8986623,3081676.80,200
1781844869,0,261690,0,597.95,200.05,2609151,8278015,22380543,94633983,201326591,329216,363069439,21381299.96,37424637.40,261690,10,10,10,0,0,0,0,0,0,2293759,5705727,9486335,2731737.60,200
1781844870,0,261890,0,597.04,200.03,2609151,8261631,22364159,94568447,201326591,329216,363069439,21367426.75,37413733.22,261890,10,10,10,0,0,0,0,0,0,2916351,6172671,8310783,3215023.36,200
1781844871,0,262090,0,596.14,199.97,2607103,8245247,22331391,94502911,201195519,329216,363069439,21353445.80,37402896.87,262090,10,10,10,0,0,0,0,0,0,2893823,5873663,7696383,3046087.68,200
1781844872,0,262290,0,595.24,200.01,2605055,8228863,22315007,94306303,201195519,329216,363069439,21339367.56,37392127.37,262290,10,10,10,0,0,0,0,0,0,2715647,5177343,7454719,2890531.84,200
1781844873,0,262490,0,594.35,200.01,2605055,8212479,22298623,94240767,201195519,329216,363069439,21325130.35,37381454.44,262490,10,10,10,0,0,0,0,0,0,2357247,4849663,6774783,2653742.08,200
1781844874,0,262690,0,593.46,200.01,2603007,8196095,22282239,94175231,201195519,329216,363069439,21311132.78,37370687.17,262690,10,10,10,0,0,0,0,0,0,2707455,6238207,8593407,2940024.32,200
1781844875,0,262890,0,592.57,199.86,2600959,8179711,22265855,94109695,201195519,329216,363069439,21296688.71,37360151.98,262890,10,10,10,0,0,0,0,0,0,2129919,5001215,6492159,2325130.24,200
1781844876,0,263090,0,591.69,200.02,2598911,8159231,22249471,94044159,201195519,329216,363069439,21282396.44,37349559.56,263090,10,10,10,0,0,0,0,0,0,2318335,4648959,6914047,2495912.96,200
1781844877,0,263290,0,590.81,200.06,2596863,8142847,22233087,93978623,201195519,329216,363069439,21268074.94,37339004.00,263290,10,10,10,0,0,0,0,0,0,2209791,3995647,9207807,2428857.60,200
1781844878,0,263490,0,589.93,199.89,2592767,8130559,22216703,93978623,201064447,329216,363069439,21253411.86,37328630.79,263490,10,10,10,0,0,0,0,0,0,1855487,3131391,5447679,1950202.88,200
1781844879,0,263690,0,589.06,200.06,2590719,8118271,22200319,93913087,201064447,329216,363069439,21239317.23,37317999.77,263690,10,10,10,0,0,0,0,0,0,2467839,5316607,7409663,2670344.32,200
1781844880,0,263890,0,588.19,199.94,2588671,8101887,22167551,93913087,200933375,329216,363069439,21225204.41,37307389.94,263890,10,10,10,0,0,0,0,0,0,2379775,5251071,6254591,2618161.92,200
1781844881,0,264090,0,587.33,200.06,2586623,8089599,22151167,93847551,200933375,329216,363069439,21211020.64,37296834.52,264090,10,10,10,0,0,0,0,0,0,2258943,4935679,6647807,2496252.16,200
1781844882,0,264290,0,586.47,200.12,2584575,8073215,22134783,93716479,200802303,329216,363069439,21196774.42,37286330.79,264290,10,10,10,0,0,0,0,0,0,2152447,5414911,6758399,2385341.44,200
1781844883,0,264490,0,585.61,199.81,2582527,8060927,22118399,93716479,200802303,329216,363069439,21182698.82,37275756.15,264490,10,10,10,0,0,0,0,0,0,2490367,4231167,5877759,2582504.96,200
1781844884,0,264690,0,584.76,200.06,2580479,8048639,22102015,93650943,200671231,329216,363069439,21168802.54,37265115.55,264690,10,10,10,0,0,0,0,0,0,2439167,5296127,6705151,2791659.52,200
1781844885,0,264890,0,583.92,200.11,2580479,8032255,22085631,93585407,200671231,329216,363069439,21155248.99,37254325.90,264890,10,10,10,0,0,0,0,0,0,3063807,6037503,7290879,3217807.36,200
1781844886,0,265090,0,583.07,199.82,2578431,8015871,22069247,93519871,200540159,329216,363069439,21141227.17,37243779.89,265090,10,10,10,0,0,0,0,0,0,2476031,4431871,6225919,2570033.92,200
1781844887,0,265290,0,582.23,200.05,2576383,8003583,22052863,93454335,200409087,329216,363069439,21127299.51,37233206.23,265290,10,10,10,0,0,0,0,0,0,2508799,5427199,6098943,2666883.84,200
1781844888,0,265490,0,581.39,200.03,2574335,7991295,22036479,93388799,200278015,329216,363069439,21113119.02,37222783.43,265490,10,10,10,0,0,0,0,0,0,2101247,4812799,8699903,2303399.04,200
1781844889,0,265690,0,580.56,200.07,2572287,7979007,22020095,93257727,200278015,329216,363069439,21099216.72,37212244.00,265690,10,10,10,0,0,0,0,0,0,2295807,6176767,7962623,2644614.40,200
1781844890,0,265890,0,579.73,199.95,2568191,7966719,22003711,93192191,200278015,329216,363069439,21085036.12,37201847.00,265890,10,10,10,0,0,0,0,0,0,2095103,3960831,6209535,2246816.00,200
1781844891,0,266090,0,578.90,199.90,2568191,7954431,21987327,93126655,200278015,329216,363069439,21071477.16,37191170.19,266090,10,10,10,0,0,0,0,0,0,2883583,5767167,7147519,3045515.52,200
1781844892,0,266290,0,578.08,200.16,2566143,7942143,21970943,93061119,200146943,329216,363069439,21057843.23,37180539.34,266290,10,10,10,0,0,0,0,0,0,2834431,4497407,6967295,2918583.04,200
1781844893,0,266490,0,577.26,199.91,2566143,7929855,21954559,92995583,200015871,329216,363069439,21044269.39,37169899.83,266490,10,10,10,0,0,0,0,0,0,2873343,4677631,6230015,2971383.04,200
1781844894,0,266690,0,576.45,199.98,2564095,7917567,21938175,92930047,199884799,329216,363069439,21030647.19,37159300.77,266690,10,10,10,0,0,0,0,0,0,2852863,4489215,7110655,2879736.32,200
1781844895,0,266890,0,575.63,200.04,2562047,7905279,21938175,92864511,199884799,329216,363069439,21016796.92,37148841.89,266890,10,10,10,0,0,0,0,0,0,2170879,5566463,9936895,2548156.80,200
1781844896,0,267090,0,574.83,200.07,2559999,7892991,21921791,92798975,199884799,329216,363069439,21002726.02,37138498.61,267090,10,10,10,0,0,0,0,0,0,2032639,4038655,5300223,2225816.32,200
1781844897,0,267290,0,574.02,199.88,2555903,7880703,21905407,92798975,199884799,329216,363069439,20988685.86,37128165.53,267290,10,10,10,0,0,0,0,0,0,1988607,3926015,8863743,2238752.00,200
1781844898,0,267490,0,573.22,200.15,2553855,7868415,21889023,92733439,199753727,329216,363069439,20974726.06,37117803.66,267490,10,10,10,0,0,0,0,0,0,2052095,4333567,5885951,2318149.12,200
1781844899,0,267690,0,572.42,199.83,2551807,7852031,21872639,92602367,199753727,329216,363069439,20960851.89,37107419.11,267690,10,10,10,0,0,0,0,0,0,2183167,4153343,6856703,2404848.64,200
1781844900,0,267890,0,571.63,200.14,2549759,7843839,21856255,92536831,199753727,329216,363069439,20946892.42,37097087.69,267890,10,10,10,0,0,0,0,0,0,2142207,3989503,4775935,2262837.76,200
1781844901,0,268090,0,570.84,199.98,2547711,7823359,21823487,92405759,199753727,329216,363069439,20933404.73,37086548.71,268090,10,10,10,0,0,0,0,0,0,2889727,5210111,7069695,2867326.72,200
1781844902,0,268290,0,570.05,199.94,2547711,7811071,21807103,92340223,199753727,329216,363069439,20920029.84,37075985.67,268290,10,10,10,0,0,0,0,0,0,2772991,6537215,9723903,2991654.40,200
1781844903,0,268490,0,569.26,199.94,2545663,7794687,21807103,92274687,199622655,329216,363069439,20906627.77,37065439.66,268490,10,10,10,0,0,0,0,0,0,2918399,5001215,6942719,2928419.84,200
1781844904,0,268690,0,568.48,200.16,2545663,7782399,21790719,92209151,199622655,329216,363069439,20893256.45,37054895.07,268690,10,10,10,0,0,0,0,0,0,2879487,5251071,6905855,2942931.20,200
1781844905,0,268890,0,567.70,199.87,2543615,7766015,21774335,92143615,199622655,329216,363069439,20879933.49,37044351.71,268890,10,10,10,0,0,0,0,0,0,2668543,6045695,7819263,2981195.52,200
1781844906,0,269090,0,566.93,200.06,2543615,7749631,21757951,92078079,199622655,329216,363069439,20866482.22,37033875.44,269090,10,10,10,0,0,0,0,0,0,2899967,4247551,4718591,2781920.00,200
1781844907,0,269290,0,566.16,200.04,2541567,7737343,21741567,92012543,199622655,329216,363069439,20853257.72,37023392.85,269290,10,10,10,0,0,0,0,0,0,2594815,5636095,19513343,3060357.12,200
1781844908,0,269490,0,565.39,199.90,2541567,7720959,21725183,91947007,199491583,329216,363069439,20840005.65,37012871.52,269490,10,10,10,0,0,0,0,0,0,2770943,5750783,8626175,2996761.60,200
1781844909,0,269690,0,564.62,199.96,2539519,7704575,21708799,91881471,199360511,329216,363069439,20826645.79,37002414.25,269690,10,10,10,0,0,0,0,0,0,2600959,5398527,7434239,2824898.56,200
1781844910,0,269890,0,563.86,200.09,2537471,7692287,21676031,91815935,199360511,329216,363069439,20813063.81,36992085.41,269890,10,10,10,0,0,0,0,0,0,2127871,6098943,8486911,2498448.64,200
1781844911,0,270090,0,563.10,200.07,2535423,7675903,21659647,91750399,199229439,329216,363069439,20799793.34,36981631.95,270090,10,10,10,0,0,0,0,0,0,2263039,7012351,7413759,2891959.04,200
1781844912,0,272286,0,566.50,2195.46,2551807,7835647,22118399,94699519,198967295,329216,363069439,21177952.03,37272595.95,272286,10,10,10,0,0,0,0,0,0,59768831,151388159,181796863,67688370.94,2196
1781844913,0,274830,0,570.61,2545.06,2570239,7995391,22757375,101056511,208928767,329216,623902719,22218862.04,40480360.81,274830,10,10,10,0,0,0,0,0,0,80936959,411303935,533725183,133628147.92,2544
1781844914,0,277270,0,574.48,2437.66,2588671,8171519,23347199,106430463,231473151,329216,936378367,24438280.08,53788282.44,277270,10,10,10,0,0,0,0,0,0,66617343,742391807,856686591,274422976.21,2440
1781844915,0,279641,0,578.20,2371.64,2605055,8343551,23871487,111476735,262930431,329216,1399848959,27707317.17,79247088.05,279641,10,10,10,0,0,0,0,0,0,51937279,1246756863,1329594367,409995767.15,2371
1781844916,0,281992,0,581.85,2351.45,2623487,8527871,24526847,118554623,435683327,329216,1749024767,32575133.09,113395039.53,281992,10,10,10,0,0,0,0,0,0,113967103,1577058303,1689255935,611580199.31,2351
1781844917,0,285959,0,588.82,3968.91,2652159,8806399,25706495,135266303,1248854015,329216,1761607679,44078393.47,168761560.06,285959,10,10,10,0,0,0,0,0,0,1169162239,1653604351,1700790271,861781292.72,3967
1781844918,0,290450,0,596.84,4489.77,2686975,9142271,26951679,149815295,1242562559,329216,1761607679,48179790.85,176317214.58,290450,10,10,10,0,0,0,0,0,0,91422719,1091567615,1214251007,309331314.97,4491
1781844919,0,293264,0,601.39,2812.87,2705407,9355263,27803647,149553151,1239416831,329216,1761607679,48454807.12,175532226.28,293264,10,10,10,0,0,0,0,0,0,74186751,144965631,175243263,76840902.87,2814
1781844920,0,296334,0,606.44,3071.85,2729983,9584639,28868607,149815295,1231028223,329216,1761607679,48731010.88,174685309.00,296334,10,10,10,0,0,0,0,0,0,69206015,154402815,185991167,75115577.37,3070
1781844921,0,299142,0,610.94,2806.46,2752511,9805823,29884415,149422079,1221591039,329216,1761607679,49003963.82,173918106.32,299142,10,10,10,0,0,0,0,0,0,73007103,142999551,166723583,77809247.54,2808
1781844922,0,302268,0,616.06,3127.68,2775039,10051583,30949375,155975679,1216348159,329216,1761607679,49715286.26,173270295.64,302268,10,10,10,0,0,0,0,0,0,123600895,213516287,241434623,117785157.77,3126
1781844923,0,305119,0,620.61,2849.58,2797567,10280959,31817727,165806079,1209008127,329216,1761607679,50783206.78,173218919.37,305119,10,10,10,0,0,0,0,0,0,164888575,357302271,393478143,164006006.17,2851
1781844924,0,308391,0,625.99,3273.10,2824191,10575871,33112063,173146111,1201668095,329216,1761607679,51795072.89,172696483.16,308391,10,10,10,0,0,0,0,0,0,136839167,263847935,312999935,146153134.00,3272
1781844925,0,311288,0,630.59,2895.10,2848767,10797055,33816575,171966463,1194328063,329216,1761607679,51840131.13,171917284.18,311288,10,10,10,0,0,0,0,0,0,52232191,112459775,125042687,56636663.07,2897
1781844926,0,314366,0,635.54,3078.01,2873343,11051007,34734079,170393599,1186988031,329216,1761607679,51922325.37,171104063.76,314366,10,10,10,0,0,0,0,0,0,54460415,118816767,147324927,60234892.39,3078
1781844927,0,317268,0,640.11,2903.96,2897919,11288575,35782655,169476095,1181745151,329216,1761607679,52095770.65,170363279.05,317268,10,10,10,0,0,0,0,0,0,63963135,141819903,186777599,70884640.64,2902
1781844928,0,320263,0,644.85,2995.17,2922495,11517951,36798463,174981119,1175453695,329216,1761607679,52788261.18,169853904.52,320263,10,10,10,0,0,0,0,0,0,119603199,246153215,279969791,126145551.73,2995
1781844929,0,323334,0,649.73,3070.36,2947071,11771903,37978111,174718975,1170210815,329216,1761607679,53045918.91,169113134.94,323334,10,10,10,0,0,0,0,0,0,73596927,157679615,189661183,79916070.35,3071
1781844930,0,326384,0,654.54,3049.57,2971647,12017663,38862847,173670399,1163919359,329216,1761607679,53110923.12,168349342.05,326384,10,10,10,0,0,0,0,0,0,59965439,112459775,132775935,60002094.50,3050
1781844931,0,329098,0,658.66,2713.57,2996223,12255231,40108031,173539327,1157627903,329216,1761607679,53348393.40,167716425.94,329098,10,10,10,0,0,0,0,0,0,71237631,171180031,227934207,81906426.15,2714
1781844932,0,332294,0,663.73,3197.15,3020799,12509183,41549823,174587903,1152385023,329216,1761607679,53827079.55,167046924.29,332294,10,10,10,0,0,0,0,0,0,93257727,204603391,245628927,103118272.56,3196
1781844933,0,335301,0,668.40,3005.36,3047423,12746751,42696703,173801471,1145044991,329216,1761607679,54013836.87,166333181.09,335301,10,10,10,0,0,0,0,0,0,71172095,127598591,167116799,74651793.75,3007
1781844934,0,338264,0,672.97,2964.54,3076095,13017087,43712511,172883967,1139802111,329216,1761607679,54151318.71,165632628.96,338264,10,10,10,0,0,0,0,0,0,65142783,127598591,154533887,69709131.43,2963
1781844935,0,341331,0,677.72,3067.79,3104767,13271039,44498943,171966463,1133510655,329216,1761607679,54246154.46,164927142.65,341331,10,10,10,0,0,0,0,0,0,58884095,131334143,150863871,64705730.90,3067
1781844936,0,344160,0,681.99,2829.01,3131391,13524991,45907967,171704319,1127219199,329216,1761607679,54671005.29,164345139.86,344160,10,10,10,0,0,0,0,0,0,103415807,168427519,185729023,105931082.11,2829
1781844937,0,347074,0,686.40,2911.81,3160063,13778943,46923775,175243263,1121976319,329216,1761607679,55179074.38,163900486.70,347074,10,10,10,0,0,0,0,0,0,94502911,249692159,289144831,115184928.15,2914
1781844938,0,350135,0,691.09,3062.39,3190783,14041087,47874047,179699711,1114636287,329216,1761607679,55798192.25,163576299.35,350135,10,10,10,0,0,0,0,0,0,102432767,310902783,362020863,125997381.16,3061
1781844939,0,353211,0,695.78,3075.01,3221503,14311423,48824319,184942591,1107296255,329216,1761607679,56399070.77,163207955.03,353211,10,10,10,0,0,0,0,0,0,99942399,285999103,325058559,124795884.69,3076
1781844940,0,356043,0,699.98,2832.14,3250175,14598143,50266111,188219391,1103101951,329216,1761607679,57005790.55,162815619.62,356043,10,10,10,0,0,0,0,0,0,117571583,253362175,277086207,132676729.49,2832
1781844941,0,359128,0,704.66,3085.36,3280895,14917631,51937279,194510847,1095761919,329216,1761607679,58013208.58,162566618.43,359128,10,10,10,0,0,0,0,0,0,171966463,274464767,322174975,174280352.16,3085
1781844942,0,362408,0,709.71,3278.68,3315711,15204351,52658175,194248703,1087373311,329216,1761607679,58134469.64,161908290.33,362408,10,10,10,0,0,0,0,0,0,57868287,183631871,230424575,71411373.27,3280
1781844943,0,365275,0,713.92,2867.00,3344383,15474687,53673983,193724415,1083179007,329216,1761607679,58395968.48,161352055.22,365275,10,10,10,0,0,0,0,0,0,88145919,173670399,204603391,91451172.70,2867
1781844944,0,368404,0,718.64,3131.94,3377151,15785983,54820863,193069055,1074790399,329216,1761607679,58597290.95,160714997.63,368404,10,10,10,0,0,0,0,0,0,75431935,154796031,194641919,82099388.83,3129
1781844945,0,371375,0,723.02,2968.72,3407871,16039935,55410687,192151551,1071644671,329216,1761607679,58628704.47,160102394.51,371375,10,10,10,0,0,0,0,0,0,56819711,126156799,155320319,62523981.03,2971
1781844946,0,374280,0,727.26,2906.78,3440639,16359423,56262655,191102975,1064304639,329216,1761607679,58687788.65,159508935.58,374280,10,10,10,0,0,0,0,0,0,62390271,130088959,152043519,66241106.31,2905
1781844947,0,376481,0,730.12,2199.28,3467263,16596991,57409535,193331199,1061683199,329216,1761607679,59206982.45,159583061.41,376481,10,10,10,0,0,0,0,0,0,80805887,501743615,643301375,147495876.91,2201
1781844948,0,379731,0,734.99,3250.68,3510271,16941055,58916863,202375167,1053818879,329216,1761607679,62166919.05,164519888.63,379731,10,10,10,0,0,0,0,0,0,351535103,833093631,868745215,405046885.14,3250
1781844949,0,383333,0,740.53,3602.13,3555327,17334271,60194815,207093759,1045954559,329216,1761607679,63425405.16,165485219.09,383333,10,10,10,0,0,0,0,0,0,107282431,673185791,754974719,196097862.08,3602
1781844950,0,386343,0,744.91,3011.30,3594239,17645567,61341695,206438399,1041760255,329216,1761607679,63735162.24,164925892.17,386343,10,10,10,0,0,0,0,0,0,99549183,183631871,204734463,103183703.60,3010
1781844951,0,389112,0,748.80,2768.08,3633151,17989631,62160895,205783039,1034420223,329216,1761607679,63859928.02,164377553.51,389112,10,10,10,0,0,0,0,0,0,76218367,153485311,182190079,81267796.69,2769
1781844952,0,392447,0,753.77,3336.09,3680255,18399231,63176703,207093759,1027080191,329216,1761607679,64253275.94,163862041.67,392447,10,10,10,0,0,0,0,0,0,87031807,267517951,308281343,110147246.86,3335
1781844953,0,395179,0,757.56,2731.98,3717119,18759679,64290815,206438399,1021313023,329216,1761607679,64503791.31,163349550.00,395179,10,10,10,0,0,0,0,0,0,102891519,158597119,181534719,100489884.67,2732
1781844954,0,398339,0,762.16,3158.77,3762175,19152895,65044479,206045183,1012924415,329216,1761607679,64657452.88,162766539.12,398339,10,10,10,0,0,0,0,0,0,71368703,178913279,229507071,83873853.41,3160
1781844955,0,401138,0,766.05,2798.53,3805183,19382271,65437695,206831615,1005060095,329216,1761607679,64766606.43,162329177.86,401138,10,10,10,0,0,0,0,0,0,49709055,258736127,297271295,80300767.35,2799
1781844956,0,403669,0,769.41,2532.76,3844095,19628031,66027519,212205567,1000341503,329216,1761607679,65684895.41,163020433.43,403669,10,10,10,0,0,0,0,0,0,67764223,536608767,569376767,211224446.53,2531
1781844957,0,407291,0,774.84,3621.25,3905535,20070399,67239935,218628095,989855743,329216,1761607679,66730965.98,163278290.00,407291,10,10,10,0,0,0,0,0,0,147062783,479461375,539492351,183314693.80,3622
1781844958,0,410007,0,778.53,2716.25,3950591,20414463,68288511,217710591,981991423,329216,1761607679,66903088.75,162786394.67,410007,10,10,10,0,0,0,0,0,0,91553791,170393599,203948031,92714596.29,2716
1781844959,0,412518,0,781.81,2509.57,3993599,20742143,69402623,223346687,973078527,329216,1761607679,68002371.65,163605664.14,412518,10,10,10,0,0,0,0,0,0,154664959,645398527,712507391,247498064.44,2511
1781844960,0,414534,0,784.14,2015.96,4032511,21004287,69861375,226230271,1033371647,329216,1761607679,69105161.40,166455866.18,414534,10,10,10,0,0,0,0,0,0,71827455,1164967935,1224736767,294760230.60,2016
1781844961,0,416824,0,786.99,2291.89,4079615,21331967,70320127,230162431,1154482175,329216,1811939327,71784824.62,178013853.14,416824,10,10,10,0,0,0,0,0,0,71958527,1712324607,1773142015,556855355.47,2290
1781844962,0,420141,0,791.76,3316.38,4141055,21790719,71172095,244973567,1457520639,329216,1972371455,79470087.38,210459444.19,420141,10,10,10,0,0,0,0,0,0,1601175551,1875902463,1919942655,1045222865.23,3317
1781844963,0,424789,0,799.01,4646.22,4243455,22347775,72876031,274726911,1468006399,329216,1972371455,85392594.02,223044892.39,424789,10,10,10,0,0,0,0,0,0,574619647,1427111935,1539309567,620738519.46,4648
1781844964,0,428194,0,803.90,3406.37,4313087,22790143,73531391,282329087,1464860671,329216,1972371455,86110252.07,223030474.59,428194,10,10,10,0,0,0,0,0,0,81002495,681574399,877133823,175641308.59,3405
1781844965,0,431203,0,808.03,3007.20,4386815,23199743,74842111,280494079,1462763519,329216,1972371455,86368379.42,222326058.06,431203,10,10,10,0,0,0,0,0,0,114687999,228982783,271581183,123101042.09,3009
1781844966,0,434086,0,811.91,2883.01,4448255,23461887,75366399,281280511,1460666367,329216,1972371455,86488272.79,221721652.30,434086,10,10,10,0,0,0,0,0,0,75563007,297533439,426246143,104420420.55,2883
1781844967,0,437092,0,816.01,3006.46,4526079,23855103,76283903,280231935,1457520639,329216,1972371455,86627914.65,221041699.46,437092,10,10,10,0,0,0,0,0,0,88801279,223608831,389021695,106793108.52,3006
1781844968,0,440243,0,820.36,3152.77,4607999,24231935,76939263,278396927,1454374911,329216,1972371455,86615300.14,220298344.07,440243,10,10,10,0,0,0,0,0,0,73859071,200409087,239730687,84865475.07,3151
1781844969,0,443283,0,824.49,3037.92,4681727,24641535,77398015,275775487,1452277759,329216,1972371455,86554932.46,219554452.64,443283,10,10,10,0,0,0,0,0,0,74645503,125829119,152961023,77812678.74,3040
1781844970,0,446353,0,828.66,3071.54,4767743,25051135,77856767,274202623,1450180607,329216,1972371455,86464465.99,218819679.27,446353,10,10,10,0,0,0,0,0,0,72941567,132775935,159907839,73401844.33,3070
1781844971,0,449215,0,832.43,2860.96,4849663,25460735,78643199,272105471,1447034879,329216,1972371455,86522356.37,218142277.56,449215,10,10,10,0,0,0,0,0,0,90767359,159383551,187826175,95550849.70,2862
1781844972,0,450570,0,833.39,1355.04,4857855,25559039,78970879,271581183,1444937727,329216,1972371455,86586594.43,217859021.15,450570,10,10,10,0,0,0,0,0,0,112590847,241172479,266338303,107883049.66,1355
1781844973,0,451070,0,832.78,500.17,4820991,25477119,78905343,271581183,1444937727,329216,1972371455,86493383.53,217756224.17,451070,10,10,10,0,0,0,0,0,0,2306047,5074943,5918719,2497321.22,500
1781844974,0,451570,0,832.17,499.97,4775935,25411583,78774271,271319039,1444937727,329216,1972371455,86400055.02,217653691.21,451570,10,10,10,0,0,0,0,0,0,1993727,4399103,5623807,2204668.67,500
1781844975,0,452070,0,831.55,499.79,4734975,25346047,78708735,271056895,1444937727,329216,1972371455,86307163.43,217551207.88,452070,10,10,10,0,0,0,0,0,0,2211839,4431871,5316607,2413057.28,500
1781844976,0,452570,0,830.95,500.17,4694015,25264127,78643199,270794751,1444937727,329216,1972371455,86214201.39,217448969.67,452570,10,10,10,0,0,0,0,0,0,1907711,4407295,5668863,2163499.78,500
1781844977,0,453070,0,830.34,500.15,4661247,25182207,78512127,270532607,1443889151,329216,1972371455,86121760.37,217346748.65,453070,10,10,10,0,0,0,0,0,0,2238463,5005311,5677055,2449692.42,500
1781844978,0,453570,0,829.74,499.92,4628479,25116671,78446591,270008319,1443889151,329216,1972371455,86029242.38,217244773.94,453570,10,10,10,0,0,0,0,0,0,1953791,4788223,5373951,2194993.92,500
1781844979,0,454070,0,829.13,499.71,4595711,25051135,78315519,270008319,1442840575,329216,1972371455,85937112.47,217142865.84,454070,10,10,10,0,0,0,0,0,0,2250751,4780031,6053887,2362381.82,500
1781844980,0,454570,0,828.53,500.19,4558847,24969215,78249983,269484031,1442840575,329216,1972371455,85844959.53,217041180.86,454570,10,10,10,0,0,0,0,0,0,1966079,4218879,5038079,2157193.22,500
1781844981,0,455070,0,827.94,500.01,4526079,24887295,78118911,269221887,1441791999,329216,1972371455,85753215.37,216939554.05,455070,10,10,10,0,0,0,0,0,0,2144255,4538367,6053887,2344923.90,500
1781844982,0,455570,0,827.34,499.80,4493311,24805375,78053375,268959743,1441791999,329216,1972371455,85661867.18,216837991.07,455570,10,10,10,0,0,0,0,0,0,2224127,5357567,6356991,2522232.83,500
1781844983,0,456070,0,826.75,500.26,4456447,24739839,77987839,268959743,1441791999,329216,1972371455,85570498.09,216736648.74,456070,10,10,10,0,0,0,0,0,0,2119679,4771839,6979583,2320466.94,500
1781844984,0,456570,0,826.16,500.12,4431871,24657919,77922303,268697599,1441791999,329216,1972371455,85479555.53,216635357.35,456570,10,10,10,0,0,0,0,0,0,2232319,5332991,7913471,2527205.38,500
1781844985,0,457070,0,825.57,499.95,4403199,24592383,77856767,268304383,1441791999,329216,1972371455,85388938.64,216534153.45,457070,10,10,10,0,0,0,0,0,0,2357247,5709823,6819839,2643027.46,500
1781844986,0,457570,0,824.98,499.89,4370431,24526847,77791231,268042239,1441791999,329216,1972371455,85298349.17,216433151.58,457570,10,10,10,0,0,0,0,0,0,2283519,4562943,8364031,2486898.94,500
1781844987,0,458070,0,824.39,500.14,4341759,24461311,77660159,267780095,1440743423,329216,1972371455,85208021.98,216332259.57,458070,10,10,10,0,0,0,0,0,0,2283519,5304319,6283263,2545995.78,500
1781844988,0,458570,0,823.81,499.87,4313087,24379391,77594623,267255807,1440743423,329216,1972371455,85117790.62,216231541.76,458570,10,10,10,0,0,0,0,0,0,2117631,5226495,6291455,2453224.96,500
1781844989,0,459070,0,823.23,499.74,4284415,24313855,77529087,267124735,1439694847,329216,1972371455,85027618.95,216131010.89,459070,10,10,10,0,0,0,0,0,0,2036735,4861951,5861375,2327582.46,500
1781844990,0,459570,0,822.65,500.04,4259839,24248319,77398015,266862591,1439694847,329216,1972371455,84937617.88,216030623.73,459570,10,10,10,0,0,0,0,0,0,2125823,4694015,5455871,2304027.39,500
1781844991,0,460070,0,822.08,500.33,4231167,24166399,77332479,266338303,1439694847,329216,1972371455,84847770.59,215930386.36,460070,10,10,10,0,0,0,0,0,0,2111487,4325375,5599231,2265538.82,500
1781844992,0,460570,0,821.50,499.94,4206591,24100863,77266943,265682943,1438646271,329216,1972371455,84758507.77,215830135.22,460570,10,10,10,0,0,0,0,0,0,2555903,4739071,6004735,2624217.86,500
1781844993,0,461070,0,820.93,499.91,4177919,24035327,77201407,265551871,1437597695,329216,1972371455,84669103.01,215730146.43,461070,10,10,10,0,0,0,0,0,0,2099199,5095423,5787647,2314798.34,500
1781844994,0,461570,0,820.36,500.00,4153343,23953407,77070335,265420799,1437597695,329216,1972371455,84580038.33,215630236.97,461570,10,10,10,0,0,0,0,0,0,2056191,4923391,8052735,2449938.18,500
1781844995,0,462070,0,819.79,500.09,4130815,23887871,77004799,265289727,1437597695,329216,1972371455,84491090.79,215530489.09,462070,10,10,10,0,0,0,0,0,0,2003967,5214207,6455295,2380052.22,500
1781844996,0,462570,0,819.22,499.70,4106239,23805951,76939263,264896511,1436549119,329216,1972371455,84402345.12,215430869.51,462570,10,10,10,0,0,0,0,0,0,2238463,4812799,5808127,2388919.81,500
1781844997,0,463070,0,818.66,500.19,4085759,23740415,76808191,264765439,1436549119,329216,1972371455,84313908.12,215331338.19,463070,10,10,10,0,0,0,0,0,0,2267135,5193727,5795839,2497309.95,500
1781844998,0,463570,0,818.10,499.80,4063231,23674879,76742655,264372223,1435500543,329216,1972371455,84225791.70,215231893.06,463570,10,10,10,0,0,0,0,0,0,2187263,6078463,8323071,2617649.92,500
1781844999,0,464070,0,817.54,500.10,4040703,23609343,76611583,264110079,1434451967,329216,1972371455,84137693.13,215132643.14,464070,10,10,10,0,0,0,0,0,0,2236415,5119999,6017023,2457979.14,500
1781845000,0,464570,0,816.98,500.15,4018175,23527423,76546047,263847935,1434451967,329216,1972371455,84049730.63,215033545.58,464570,10,10,10,0,0,0,0,0,0,2174975,4997119,5959679,2408219.65,500
1781845001,0,465070,0,816.42,500.07,3995647,23461887,76414975,263454719,1434451967,329216,1972371455,83962052.73,214934544.59,465070,10,10,10,0,0,0,0,0,0,2234367,4988927,9093119,2497003.78,500
1781845002,0,465570,0,815.87,499.78,3977215,23396351,76283903,263323647,1434451967,329216,1972371455,83874871.98,214835581.90,465570,10,10,10,0,0,0,0,0,0,2046975,5394431,24444927,2784575.49,500
1781845003,0,466070,0,815.31,499.99,3958783,23347199,76218367,263061503,1434451967,329216,1972371455,83787385.92,214736912.24,466070,10,10,10,0,0,0,0,0,0,2129919,4907007,5791743,2325610.75,500
1781845004,0,466570,0,814.76,500.33,3936255,23281663,76087295,262930431,1433403391,329216,1972371455,83699879.59,214638450.58,466570,10,10,10,0,0,0,0,0,0,1958911,4059135,5292031,2131729.92,500
1781845005,0,467070,0,814.21,499.66,3915775,23216127,76021759,262537215,1433403391,329216,1972371455,83612718.29,214540059.34,467070,10,10,10,0,0,0,0,0,0,2238463,3999743,4923391,2279027.71,500
1781845006,0,467570,0,813.67,500.42,3897343,23134207,75890687,262275071,1432354815,329216,1972371455,83525897.91,214441741.27,467570,10,10,10,0,0,0,0,0,0,2082815,4796415,6467583,2423502.59,500
1781845007,0,468070,0,813.12,499.76,3878911,23068671,75825151,261881855,1432354815,329216,1972371455,83439196.99,214343578.33,468070,10,10,10,0,0,0,0,0,0,2131967,5275647,5947391,2361705.73,500
1781845008,0,468570,0,812.58,499.78,3860479,23003135,75759615,261750783,1432354815,329216,1972371455,83352537.62,214245599.90,468570,10,10,10,0,0,0,0,0,0,1835007,5042175,6705151,2227227.65,500
1781845009,0,469070,0,812.04,500.03,3844095,22937599,75628543,261488639,1432354815,329216,1972371455,83266359.24,214147638.68,469070,10,10,10,0,0,0,0,0,0,2289663,5050367,6033407,2505158.66,500
1781845010,0,469570,0,811.50,499.94,3825663,22872063,75563007,261357567,1431306239,329216,1972371455,83179959.86,214049958.45,469570,10,10,10,0,0,0,0,0,0,1912831,4247551,6127615,2125238.78,500
1781845011,0,470070,0,810.96,500.21,3807231,22822911,75497471,261226495,1431306239,329216,1972371455,83093949.05,213952330.11,470070,10,10,10,0,0,0,0,0,0,2007039,4562943,6701055,2317760.26,500
1781845012,0,470570,0,810.43,499.95,3788799,22740991,75366399,260833279,1430257663,329216,1972371455,83008169.33,213854811.38,470570,10,10,10,0,0,0,0,0,0,2086911,4550655,5574655,2363227.39,500
1781845013,0,471070,0,809.89,499.98,3774463,22659071,75300863,260571135,1430257663,329216,1972371455,82922894.33,213757302.25,471070,10,10,10,0,0,0,0,0,0,2359295,5165055,9003007,2667177.73,500
1781845014,0,471570,0,809.36,500.08,3758079,22593535,75235327,260308991,1429209087,329216,1972371455,82837335.36,213660093.89,471570,10,10,10,0,0,0,0,0,0,1986559,4567039,6729727,2228803.84,500
1781845015,0,472070,0,808.83,499.95,3743743,22527999,75104255,260177919,1429209087,329216,1972371455,82752272.86,213562894.96,472070,10,10,10,0,0,0,0,0,0,2428927,4583423,6598655,2526428.67,500
1781845016,0,472570,0,808.30,500.21,3729407,22462463,75038719,259915775,1429209087,329216,1972371455,82667394.81,213465822.93,472570,10,10,10,0,0,0,0,0,0,2299903,4710399,7229439,2530629.63,500
1781845017,0,473070,0,807.78,499.78,3715071,22413311,74973183,259784703,1428160511,329216,1972371455,82582764.22,213368853.95,473070,10,10,10,0,0,0,0,0,0,2211839,5906431,7229439,2595013.38,500
1781845018,0,473570,0,807.25,500.23,3700735,22347775,74842111,259391487,1427111935,329216,1972371455,82498193.67,213272055.00,473570,10,10,10,0,0,0,0,0,0,2263039,4816895,6475775,2482609.66,500
1781845019,0,474070,0,806.73,500.00,3686399,22282239,74776575,259260415,1427111935,329216,1972371455,82413729.33,213175409.78,474070,10,10,10,0,0,0,0,0,0,2224127,4546559,6643711,2414177.28,500
1781845020,0,474570,0,806.21,499.92,3674111,22216703,74645503,258867199,1427111935,329216,1972371455,82329438.55,213078893.28,474570,10,10,10,0,0,0,0,0,0,2232319,4726783,6164479,2409976.06,500
1781845021,0,475070,0,805.69,499.82,3659775,22151167,74579967,258736127,1427111935,329216,1972371455,82245361.72,212982490.34,475070,10,10,10,0,0,0,0,0,0,2127871,4816895,8114175,2444676.86,500
1781845022,0,475570,0,805.17,500.10,3647487,22069247,74514431,258605055,1427111935,329216,1972371455,82161524.29,212886189.21,475570,10,10,10,0,0,0,0,0,0,2287615,5029887,6332415,2504234.24,500
1781845023,0,476070,0,804.66,499.97,3633151,22003711,74383359,258342911,1426063359,329216,1972371455,82077854.24,212790017.40,476070,10,10,10,0,0,0,0,0,0,2187263,5124095,5898239,2495924.48,500
1781845024,0,476570,0,804.14,500.07,3622911,21954559,74317823,258080767,1425014783,329216,1972371455,81994579.85,212693890.62,476570,10,10,10,0,0,0,0,0,0,2471935,5730303,6488063,2705701.89,500
1781845025,0,477070,0,803.63,500.10,3608575,21889023,74252287,257949695,1425014783,329216,1972371455,81911242.77,212597975.36,477070,10,10,10,0,0,0,0,0,0,2287615,4509695,5300223,2479337.98,500
1781845026,0,477570,0,803.12,499.71,3594239,21823487,74186751,257687551,1423966207,329216,1972371455,81828198.59,212502153.83,477570,10,10,10,0,0,0,0,0,0,2074623,5160959,19742719,2592418.56,500
1781845027,0,478070,0,802.61,500.27,3581951,21774335,74055679,257425407,1423966207,329216,1972371455,81745221.77,212406486.00,478070,10,10,10,0,0,0,0,0,0,2164735,5009407,7647231,2490742.27,500
1781845028,0,478570,0,802.10,499.72,3569663,21692415,73990143,257163263,1423966207,329216,1972371455,81662301.42,212310985.43,478570,10,10,10,0,0,0,0,0,0,2146303,5021695,5881855,2378838.27,500
1781845029,0,479070,0,801.60,500.01,3557375,21626879,73924607,256901119,1422917631,329216,1972371455,81579485.27,212215634.37,479070,10,10,10,0,0,0,0,0,0,2217983,4448255,6627327,2312842.75,500
1781845030,0,479570,0,801.09,499.97,3545087,21561343,73859071,256638975,1422917631,329216,1972371455,81496859.86,212120402.21,479570,10,10,10,0,0,0,0,0,0,2065407,5554175,7688191,2330148.61,500
1781845031,0,480070,0,800.59,500.29,3532799,21495807,73793535,256507903,1421869055,329216,1972371455,81414549.88,212025239.97,480070,10,10,10,0,0,0,0,0,0,2195455,5292031,7684095,2467755.26,500
1781845032,0,482443,0,803.21,2371.25,3553279,21741567,74448895,257818623,1421869055,329216,1972371455,81730687.13,211689229.46,482443,10,10,10,0,0,0,0,0,0,135790591,410779647,471859199,145686864.75,2373
1781845033,0,484549,0,805.37,2106.04,3575807,22003711,75628543,273678335,1418723327,329216,1972371455,83479917.87,213684731.91,484549,10,10,10,0,0,0,0,0,0,382468095,1162870783,1222639615,484194127.01,2106
1781845034,0,486049,0,806.53,1501.39,3592191,22200319,76480511,292290559,1437597695,329216,1983905791,86041321.39,219597473.83,486049,10,10,10,0,0,0,0,0,0,725090303,1933574143,1974468607,913458331.65,1500
1781845035,0,487599,0,807.76,1549.62,3608575,22396927,77332479,319291391,1488977919,329216,2814377983,90748539.21,236206097.53,487599,10,10,10,0,0,0,0,0,0,1442840575,2764046335,2803892223,1566837901.38,1550
1781845036,0,488649,0,808.16,1049.78,3620863,22527999,77856767,342360063,1546649599,329216,3493855231,94809300.98,252748415.21,488649,10,10,10,0,0,0,0,0,0,1830813695,3443523583,3483369471,1980545854.90,1050
1781845037,0,489499,0,808.23,850.36,3631103,22642687,78249983,367788031,1596981247,329216,4095737855,99575246.91,278311223.60,489499,10,10,10,0,0,0,0,0,0,2659188735,4072669183,4093640703,2839427847.83,850
1781845038,0,490349,0,808.30,849.63,3639295,22773759,78774271,395575295,1656750079,329216,5913968639,106235132.65,323707091.96,490349,10,10,10,0,0,0,0,0,0,3464495103,5892997119,5913968639,3941537970.30,850
1781845039,0,491249,0,808.45,900.20,3649535,22888447,79233023,427032575,1738539007,329216,6643777535,113834521.85,370695140.54,491249,10,10,10,0,0,0,0,0,0,3944742911,6601834495,6643777535,4254226623.15,900
1781845040,0,491749,0,807.94,500.05,3655679,22953983,79429631,442761215,1784676351,329216,6643777535,118509492.51,398535347.59,491749,10,10,10,0,0,0,0,0,0,4563402751,5075107839,5100273663,4711658815.49,500
1781845041,0,492849,0,808.42,1099.57,3667967,23101439,80084991,478150655,1924136959,329216,8250195967,131147139.91,481635433.20,492849,10,10,10,0,0,0,0,0,0,5414846463,8204058623,8241807359,5780738479.94,1100
1781845042,0,494499,0,809.80,1649.53,3686399,23330815,80936959,534511615,3256877055,329216,9143582719,151178539.68,594140632.37,494499,10,10,10,0,0,0,0,0,0,5964300287,9068085247,9135194111,6134484808.30,1650
1781845043,0,496599,0,811.91,2100.27,3708927,23609343,82051071,624427007,5226102783,329216,9143582719,176594646.37,709704646.69,496599,10,10,10,0,0,0,0,0,0,6157238271,6358564863,6383730687,6161470524.46,2100
1781845044,0,497899,0,812.71,1301.05,3725311,23773183,82771967,687341567,5855248383,329216,11182014463,194395181.28,793297348.67,497899,10,10,10,0,0,0,0,0,0,6455033855,11131682815,11173625855,6994185824.10,1300
1781845045,0,500399,0,815.45,2497.45,3753983,24133631,84017151,827326463,6182404095,329216,11182014463,226967138.71,915182239.26,500399,10,10,10,0,0,0,0,0,0,6736052223,6912212991,6949961727,6713985151.80,2500
1781845046,0,502399,0,817.38,2001.71,3778559,24412159,85262335,1017118719,6534725631,329216,12725518335,254563874.23,1015495475.31,502399,10,10,10,0,0,0,0,0,0,6891241471,7193231359,12700352511,7159253303.30,2000
1781845047,0,503599,0,818.00,1199.38,3792895,24575999,85983231,1127219199,6702497791,329216,12725518335,271110642.02,1069346966.34,503599,10,10,10,0,0,0,0,0,0,7180648447,7562330111,7583301631,7198676964.69,1200
1781845048,0,504449,0,818.05,849.74,3805183,24690687,86573055,1194328063,6777995263,329216,12725518335,283895165.85,1112900711.39,504449,10,10,10,0,0,0,0,0,0,7813988351,8317304831,8350859263,7858334481.47,850
1781845049,0,504999,0,817.62,550.14,3813375,24772607,86900735,1238368255,6811549695,329216,15737028607,294971753.00,1166615765.57,504999,10,10,10,0,0,0,0,0,0,8640266239,15728639999,15737028607,10454195955.90,550
1781845050,0,505199,0,816.62,200.00,3815423,24805375,87031807,1259339775,6828326911,329216,17414750207,300131410.11,1197542318.40,505199,10,10,10,0,0,0,0,0,0,9344909311,17397972991,17414750207,13328239820.80,200
1781845051,0,505249,0,815.39,50.02,3815423,24805375,87097343,1265631231,6828326911,329216,17414750207,301181247.14,1202123933.49,505249,10,10,10,0,0,0,0,0,0,10913579007,10963910655,10963910655,10908713615.36,50
1781845052,0,505299,0,814.15,49.98,3817471,24805375,87097343,1268776959,6836715519,329216,17414750207,302280846.25,1207135933.07,505299,10,10,10,0,0,0,0,0,0,11416895487,11467227135,11467227135,11413707816.96,50
1781845053,0,505349,0,812.92,50.03,3817471,24821759,87097343,1275068415,6836715519,329216,17414750207,303485535.84,1213136281.92,505349,10,10,10,0,0,0,0,0,0,12473860095,12524191743,12524191743,12478054400.00,50
1781845054,0,505499,0,811.86,149.91,3819519,24838143,87228415,1288699903,6849298431,329216,21290287103,308236156.75,1245350361.38,505499,10,10,10,0,0,0,0,0,0,13874757631,21290287103,21290287103,16313046357.33,150
1781845055,0,505599,0,810.72,100.05,3821567,24854527,87293951,1298137087,6857687039,329216,21726494719,312463080.14,1280979250.70,505599,10,10,10,0,0,0,0,0,0,21676163071,21726494719,21726494719,21679518515.20,100
1781845056,0,505599,0,809.42,0.00,3821567,24854527,87293951,1298137087,6857687039,329216,21726494719,312463080.14,1280979250.70,505599,10,10,10,0,0,0,0,0,0,0,0,0,0.00,0
1781845057,0,505599,0,808.13,0.00,3821567,24854527,87293951,1298137087,6857687039,329216,21726494719,312463080.14,1280979250.70,505599,10,10,10,0,0,0,0,0,0,0,0,0,0.00,0
1781845058,0,505599,0,806.84,0.00,3821567,24854527,87293951,1298137087,6857687039,329216,21726494719,312463080.14,1280979250.70,505599,10,10,10,0,0,0,0,0,0,0,0,0,0.00,0
1781845059,0,505599,0,805.55,0.00,3821567,24854527,87293951,1298137087,6857687039,329216,21726494719,312463080.14,1280979250.70,505599,10,10,10,0,0,0,0,0,0,0,0,0,0.00,0
1781845060,0,505599,0,804.27,0.00,3821567,24854527,87293951,1298137087,6857687039,329216,21726494719,312463080.14,1280979250.70,505599,10,10,10,0,0,0,0,0,0,0,0,0,0.00,0
1781845061,0,505599,0,802.99,0.00,3821567,24854527,87293951,1298137087,6857687039,329216,21726494719,312463080.14,1280979250.70,505599,10,10,10,0,0,0,0,0,0,0,0,0,0.00,0
1781845062,0,505599,0,801.72,0.00,3821567,24854527,87293951,1298137087,6857687039,329216,21726494719,312463080.14,1280979250.70,505599,10,10,10,0,0,0,0,0,0,0,0,0,0.00,0
1781845063,0,505599,0,800.45,0.00,3821567,24854527,87293951,1298137087,6857687039,329216,21726494719,312463080.14,1280979250.70,505599,10,10,10,0,0,0,0,0,0,0,0,0,0.00,0
1781845064,0,505599,0,799.18,0.00,3821567,24854527,87293951,1298137087,6857687039,329216,21726494719,312463080.14,1280979250.70,505599,10,10,10,0,0,0,0,0,0,0,0,0,0.00,0
1781845065,0,505599,0,797.92,0.00,3821567,24854527,87293951,1298137087,6857687039,329216,21726494719,312463080.14,1280979250.70,505599,10,10,10,0,0,0,0,0,0,0,0,0,0.00,0
1781845066,0,505599,0,796.66,0.00,3821567,24854527,87293951,1298137087,6857687039,329216,21726494719,312463080.14,1280979250.70,505599,10,10,10,0,0,0,0,0,0,0,0,0,0.00,0
1781845067,0,505699,0,795.57,100.03,3821567,24887295,87425023,1306525695,6866075647,329216,33554431999,319025933.10,1363213210.35,505699,10,10,10,0,0,0,0,0,0,33504100351,33554431999,33554431999,33500744908.80,100
1781845068,0,505699,0,794.32,0.00,3821567,24887295,87425023,1306525695,6866075647,329216,33554431999,319025933.10,1363213210.35,505699,10,10,10,0,0,0,0,0,0,0,0,0,0.00,0
1781845069,0,505699,0,793.07,0.00,3821567,24887295,87425023,1306525695,6866075647,329216,33554431999,319025933.10,1363213210.35,505699,10,10,10,0,0,0,0,0,0,0,0,0,0.00,0
1781845070,0,505699,0,791.83,0.00,3821567,24887295,87425023,1306525695,6866075647,329216,33554431999,319025933.10,1363213210.35,505699,10,10,10,0,0,0,0,0,0,0,0,0,0.00,0
1781845071,0,505699,0,790.59,0.00,3821567,24887295,87425023,1306525695,6866075647,329216,33554431999,319025933.10,1363213210.35,505699,10,10,10,0,0,0,0,0,0,0,0,0,0.00,0
1781845072,0,505699,0,789.36,0.00,3821567,24887295,87425023,1306525695,6866075647,329216,33554431999,319025933.10,1363213210.35,505699,10,10,10,0,0,0,0,0,0,0,0,0,0.00,0
1781845073,0,505699,0,788.13,0.00,3821567,24887295,87425023,1306525695,6866075647,329216,33554431999,319025933.10,1363213210.35,505699,10,10,10,0,0,0,0,0,0,0,0,0,0.00,0
1781845074,0,505699,0,786.90,0.00,3821567,24887295,87425023,1306525695,6866075647,329216,33554431999,319025933.10,1363213210.35,505699,10,10,10,0,0,0,0,0,0,0,0,0,0.00,0
1781845075,0,505699,0,785.68,0.00,3821567,24887295,87425023,1306525695,6866075647,329216,33554431999,319025933.10,1363213210.35,505699,10,10,10,0,0,0,0,0,0,0,0,0,0.00,0
1781845076,0,505699,0,784.46,0.00,3821567,24887295,87425023,1306525695,6866075647,329216,33554431999,319025933.10,1363213210.35,505699,10,10,10,0,0,0,0,0,0,0,0,0,0.00,0
1781845077,0,505699,0,783.25,0.00,3821567,24887295,87425023,1306525695,6866075647,329216,33554431999,319025933.10,1363213210.35,505699,10,10,10,0,0,0,0,0,0,0,0,0,0.00,0
1781845078,0,505699,0,782.04,0.00,3821567,24887295,87425023,1306525695,6866075647,329216,33554431999,319025933.10,1363213210.35,505699,10,10,10,0,0,0,0,0,0,0,0,0,0.00,0
1781845079,0,505699,0,780.83,0.00,3821567,24887295,87425023,1306525695,6866075647,329216,33554431999,319025933.10,1363213210.35,505699,10,10,10,0,0,0,0,0,0,0,0,0,0.00,0
1781845080,0,505699,0,779.62,0.00,3821567,24887295,87425023,1306525695,6866075647,329216,33554431999,319025933.10,1363213210.35,505699,10,10,10,0,0,0,0,0,0,0,0,0,0.00,0
1781845081,0,505699,0,778.42,0.00,3821567,24887295,87425023,1306525695,6866075647,329216,33554431999,319025933.10,1363213210.35,505699,10,10,10,0,0,0,0,0,0,0,0,0,0.00,0
1781845082,0,505699,0,777.23,0.00,3821567,24887295,87425023,1306525695,6866075647,329216,33554431999,319025933.10,1363213210.35,505699,10,10,10,0,0,0,0,0,0,0,0,0,0.00,0
1781845083,0,505699,0,776.03,0.00,3821567,24887295,87425023,1306525695,6866075647,329216,33554431999,319025933.10,1363213210.35,505699,10,10,10,0,0,0,0,0,0,0,0,0,0.00,0
1781845084,0,505699,0,774.85,0.00,3821567,24887295,87425023,1306525695,6866075647,329216,33554431999,319025933.10,1363213210.35,505699,10,10,10,0,0,0,0,0,0,0,0,0,0.00,0
1781845085,0,505699,0,773.66,0.00,3821567,24887295,87425023,1306525695,6866075647,329216,33554431999,319025933.10,1363213210.35,505699,10,10,10,0,0,0,0,0,0,0,0,0,0.00,0
1781845086,0,505699,0,772.48,0.00,3821567,24887295,87425023,1306525695,6866075647,329216,33554431999,319025933.10,1363213210.35,505699,10,10,10,0,0,0,0,0,0,0,0,0,0.00,0
1781845087,0,505699,0,771.30,0.00,3821567,24887295,87425023,1306525695,6866075647,329216,33554431999,319025933.10,1363213210.35,505699,10,10,10,0,0,0,0,0,0,0,0,0,0.00,0
1781845088,0,505699,0,770.13,0.00,3821567,24887295,87425023,1306525695,6866075647,329216,33554431999,319025933.10,1363213210.35,505699,10,10,10,0,0,0,0,0,0,0,0,0,0.00,0
1781845089,0,505699,0,768.95,0.00,3821567,24887295,87425023,1306525695,6866075647,329216,33554431999,319025933.10,1363213210.35,505699,10,10,10,0,0,0,0,0,0,0,0,0,0.00,0
1781845090,0,505699,0,767.79,0.00,3821567,24887295,87425023,1306525695,6866075647,329216,33554431999,319025933.10,1363213210.35,505699,10,10,10,0,0,0,0,0,0,0,0,0,0.00,0
1781845091,0,505699,0,766.62,0.00,3821567,24887295,87425023,1306525695,6866075647,329216,33554431999,319025933.10,1363213210.35,505699,10,10,10,0,0,0,0,0,0,0,0,0,0.00,0
1781845092,0,505699,0,765.46,0.00,3821567,24887295,87425023,1306525695,6866075647,329216,33554431999,319025933.10,1363213210.35,505699,10,10,10,0,0,0,0,0,0,0,0,0,0.00,0
1781845093,0,505699,0,764.31,0.00,3821567,24887295,87425023,1306525695,6866075647,329216,33554431999,319025933.10,1363213210.35,505699,10,10,10,0,0,0,0,0,0,0,0,0,0.00,0
1781845094,0,505699,0,763.15,0.00,3821567,24887295,87425023,1306525695,6866075647,329216,33554431999,319025933.10,1363213210.35,505699,10,10,10,0,0,0,0,0,0,0,0,0,0.00,0
1781845095,0,505699,0,762.00,0.00,3821567,24887295,87425023,1306525695,6866075647,329216,33554431999,319025933.10,1363213210.35,505699,10,10,10,0,0,0,0,0,0,0,0,0,0.00,0
1781845096,0,505699,0,760.86,0.00,3821567,24887295,87425023,1306525695,6866075647,329216,33554431999,319025933.10,1363213210.35,505699,10,10,10,0,0,0,0,0,0,0,0,0,0.00,0
1781845097,0,505699,0,759.71,0.00,3821567,24887295,87425023,1306525695,6866075647,329216,33554431999,319025933.10,1363213210.35,505699,10,10,10,0,0,0,0,0,0,0,0,0,0.00,0
1781845098,0,505699,0,758.57,0.00,3821567,24887295,87425023,1306525695,6866075647,329216,33554431999,319025933.10,1363213210.35,505699,10,10,10,0,0,0,0,0,0,0,0,0,0.00,0
1781845099,0,505699,0,757.44,0.00,3821567,24887295,87425023,1306525695,6866075647,329216,33554431999,319025933.10,1363213210.35,505699,10,10,10,0,0,0,0,0,0,0,0,0,0.00,0
1781845100,0,505699,0,756.30,0.00,3821567,24887295,87425023,1306525695,6866075647,329216,33554431999,319025933.10,1363213210.35,505699,10,10,10,0,0,0,0,0,0,0,0,0,0.00,0
1781845101,0,505699,0,755.17,0.00,3821567,24887295,87425023,1306525695,6866075647,329216,33554431999,319025933.10,1363213210.35,505699,10,10,10,0,0,0,0,0,0,0,0,0,0.00,0
1781845102,0,505699,0,754.05,0.00,3821567,24887295,87425023,1306525695,6866075647,329216,33554431999,319025933.10,1363213210.35,505699,10,10,10,0,0,0,0,0,0,0,0,0,0.00,0
1781845103,0,505699,0,752.93,0.00,3821567,24887295,87425023,1306525695,6866075647,329216,33554431999,319025933.10,1363213210.35,505699,10,10,10,0,0,0,0,0,0,0,0,0,0.00,0
1781845104,0,505699,0,751.81,0.00,3821567,24887295,87425023,1306525695,6866075647,329216,33554431999,319025933.10,1363213210.35,505699,10,10,10,0,0,0,0,0,0,0,0,0,0.00,0
1781845105,0,505699,0,750.69,0.00,3821567,24887295,87425023,1306525695,6866075647,329216,33554431999,319025933.10,1363213210.35,505699,10,10,10,0,0,0,0,0,0,0,0,0,0.00,0
1781845106,0,505699,0,749.58,0.00,3821567,24887295,87425023,1306525695,6866075647,329216,33554431999,319025933.10,1363213210.35,505699,10,10,10,0,0,0,0,0,0,0,0,0,0.00,0
1781845107,0,505699,0,748.47,0.00,3821567,24887295,87425023,1306525695,6866075647,329216,33554431999,319025933.10,1363213210.35,505699,10,10,10,0,0,0,0,0,0,0,0,0,0.00,0
1781845108,0,505699,0,747.36,0.00,3821567,24887295,87425023,1306525695,6866075647,329216,33554431999,319025933.10,1363213210.35,505699,10,10,10,0,0,0,0,0,0,0,0,0,0.00,0
1781845109,0,505699,0,746.26,0.00,3821567,24887295,87425023,1306525695,6866075647,329216,33554431999,319025933.10,1363213210.35,505699,10,10,10,0,0,0,0,0,0,0,0,0,0.00,0
1781845110,0,505699,0,745.16,0.00,3821567,24887295,87425023,1306525695,6866075647,329216,33554431999,319025933.10,1363213210.35,505699,10,10,10,0,0,0,0,0,0,0,0,0,0.00,0
1781845111,0,505699,0,744.06,0.00,3821567,24887295,87425023,1306525695,6866075647,329216,33554431999,319025933.10,1363213210.35,505699,10,10,10,0,0,0,0,0,0,0,0,0,0.00,0
1781845112,0,505699,0,742.97,0.00,3821567,24887295,87425023,1306525695,6866075647,329216,33554431999,319025933.10,1363213210.35,505699,10,10,10,0,0,0,0,0,0,0,0,0,0.00,0
1781845113,0,505699,0,741.88,0.00,3821567,24887295,87425023,1306525695,6866075647,329216,33554431999,319025933.10,1363213210.35,505699,10,10,10,0,0,0,0,0,0,0,0,0,0.00,0
1781845114,0,505699,0,740.79,0.00,3821567,24887295,87425023,1306525695,6866075647,329216,33554431999,319025933.10,1363213210.35,505699,10,10,10,0,0,0,0,0,0,0,0,0,0.00,0
1781845115,0,505699,0,739.71,0.00,3821567,24887295,87425023,1306525695,6866075647,329216,33554431999,319025933.10,1363213210.35,505699,10,10,10,0,0,0,0,0,0,0,0,0,0.00,0
1781845116,0,505699,0,738.63,0.00,3821567,24887295,87425023,1306525695,6866075647,329216,33554431999,319025933.10,1363213210.35,505699,10,10,10,0,0,0,0,0,0,0,0,0,0.00,0
1781845117,0,505699,0,737.55,0.00,3821567,24887295,87425023,1306525695,6866075647,329216,33554431999,319025933.10,1363213210.35,505699,10,10,10,0,0,0,0,0,0,0,0,0,0.00,0
1781845118,0,505699,0,736.48,0.00,3821567,24887295,87425023,1306525695,6866075647,329216,33554431999,319025933.10,1363213210.35,505699,10,10,10,0,0,0,0,0,0,0,0,0,0.00,0
1781845119,0,505699,0,735.41,0.00,3821567,24887295,87425023,1306525695,6866075647,329216,33554431999,319025933.10,1363213210.35,505699,10,10,10,0,0,0,0,0,0,0,0,0,0.00,0
1781845120,0,505699,0,734.34,0.00,3821567,24887295,87425023,1306525695,6866075647,329216,33554431999,319025933.10,1363213210.35,505699,10,10,10,0,0,0,0,0,0,0,0,0,0.00,0
1781845121,0,505699,0,733.27,0.00,3821567,24887295,87425023,1306525695,6866075647,329216,33554431999,319025933.10,1363213210.35,505699,10,10,10,0,0,0,0,0,0,0,0,0,0.00,0
1781845122,0,505699,0,732.21,0.00,3821567,24887295,87425023,1306525695,6866075647,329216,33554431999,319025933.10,1363213210.35,505699,10,10,10,0,0,0,0,0,0,0,0,0,0.00,0
1781845123,0,505699,0,731.15,0.00,3821567,24887295,87425023,1306525695,6866075647,329216,33554431999,319025933.10,1363213210.35,505699,10,10,10,0,0,0,0,0,0,0,0,0,0.00,0
1781845124,0,505699,0,730.10,0.00,3821567,24887295,87425023,1306525695,6866075647,329216,33554431999,319025933.10,1363213210.35,505699,10,10,10,0,0,0,0,0,0,0,0,0,0.00,0
1781845125,0,505699,0,729.05,0.00,3821567,24887295,87425023,1306525695,6866075647,329216,33554431999,319025933.10,1363213210.35,505699,10,10,10,0,0,0,0,0,0,0,0,0,0.00,0
1781845126,0,505699,0,728.00,0.00,3821567,24887295,87425023,1306525695,6866075647,329216,33554431999,319025933.10,1363213210.35,505699,10,10,10,0,0,0,0,0,0,0,0,0,0.00,0
1781845127,0,505699,0,726.95,0.00,3821567,24887295,87425023,1306525695,6866075647,329216,33554431999,319025933.10,1363213210.35,505699,10,10,10,0,0,0,0,0,0,0,0,0,0.00,0
1781845128,0,505699,0,725.91,0.00,3821567,24887295,87425023,1306525695,6866075647,329216,33554431999,319025933.10,1363213210.35,505699,10,10,10,0,0,0,0,0,0,0,0,0,0.00,0
1781845129,0,505699,0,724.87,0.00,3821567,24887295,87425023,1306525695,6866075647,329216,33554431999,319025933.10,1363213210.35,505699,10,10,10,0,0,0,0,0,0,0,0,0,0.00,0
1781845130,0,505699,0,723.83,0.00,3821567,24887295,87425023,1306525695,6866075647,329216,33554431999,319025933.10,1363213210.35,505699,10,10,10,0,0,0,0,0,0,0,0,0,0.00,0
1781845131,0,505699,0,722.79,0.00,3821567,24887295,87425023,1306525695,6866075647,329216,33554431999,319025933.10,1363213210.35,505699,10,10,10,0,0,0,0,0,0,0,0,0,0.00,0
1781845132,0,505699,0,721.76,0.00,3821567,24887295,87425023,1306525695,6866075647,329216,33554431999,319025933.10,1363213210.35,505699,10,10,10,0,0,0,0,0,0,0,0,0,0.00,0
1781845133,0,505699,0,720.73,0.00,3821567,24887295,87425023,1306525695,6866075647,329216,33554431999,319025933.10,1363213210.35,505699,10,10,10,0,0,0,0,0,0,0,0,0,0.00,0
1781845134,0,505699,0,719.71,0.00,3821567,24887295,87425023,1306525695,6866075647,329216,33554431999,319025933.10,1363213210.35,505699,10,10,10,0,0,0,0,0,0,0,0,0,0.00,0
1781845135,0,505699,0,718.69,0.00,3821567,24887295,87425023,1306525695,6866075647,329216,33554431999,319025933.10,1363213210.35,505699,10,10,10,0,0,0,0,0,0,0,0,0,0.00,0
1781845136,0,505699,0,717.67,0.00,3821567,24887295,87425023,1306525695,6866075647,329216,33554431999,319025933.10,1363213210.35,505699,10,10,10,0,0,0,0,0,0,0,0,0,0.00,0
1781845137,0,505699,0,716.65,0.00,3821567,24887295,87425023,1306525695,6866075647,329216,33554431999,319025933.10,1363213210.35,505699,10,10,10,0,0,0,0,0,0,0,0,0,0.00,0
1781845138,0,505699,0,715.63,0.00,3821567,24887295,87425023,1306525695,6866075647,329216,33554431999,319025933.10,1363213210.35,505699,10,10,10,0,0,0,0,0,0,0,0,0,0.00,0
1781845139,0,505699,0,714.62,0.00,3821567,24887295,87425023,1306525695,6866075647,329216,33554431999,319025933.10,1363213210.35,505699,10,10,10,0,0,0,0,0,0,0,0,0,0.00,0
1781845140,0,505699,0,713.61,0.00,3821567,24887295,87425023,1306525695,6866075647,329216,33554431999,319025933.10,1363213210.35,505699,10,10,10,0,0,0,0,0,0,0,0,0,0.00,0
1781845141,0,505699,0,712.61,0.00,3821567,24887295,87425023,1306525695,6866075647,329216,33554431999,319025933.10,1363213210.35,505699,10,10,10,0,0,0,0,0,0,0,0,0,0.00,0
1781845142,0,505699,0,711.61,0.00,3821567,24887295,87425023,1306525695,6866075647,329216,33554431999,319025933.10,1363213210.35,505699,10,10,10,0,0,0,0,0,0,0,0,0,0.00,0
1781845143,0,505699,0,710.61,0.00,3821567,24887295,87425023,1306525695,6866075647,329216,33554431999,319025933.10,1363213210.35,505699,10,10,10,0,0,0,0,0,0,0,0,0,0.00,0
1781845144,0,505699,0,709.61,0.00,3821567,24887295,87425023,1306525695,6866075647,329216,33554431999,319025933.10,1363213210.35,505699,10,10,10,0,0,0,0,0,0,0,0,0,0.00,0
1781845145,0,505699,0,708.62,0.00,3821567,24887295,87425023,1306525695,6866075647,329216,33554431999,319025933.10,1363213210.35,505699,10,10,10,0,0,0,0,0,0,0,0,0,0.00,0
1781845146,0,505699,0,707.62,0.00,3821567,24887295,87425023,1306525695,6866075647,329216,33554431999,319025933.10,1363213210.35,505699,10,10,10,0,0,0,0,0,0,0,0,0,0.00,0
1781845147,0,505699,0,706.63,0.00,3821567,24887295,87425023,1306525695,6866075647,329216,33554431999,319025933.10,1363213210.35,505699,10,10,10,0,0,0,0,0,0,0,0,0,0.00,0
1781845148,0,505699,0,705.65,0.00,3821567,24887295,87425023,1306525695,6866075647,329216,33554431999,319025933.10,1363213210.35,505699,10,10,10,0,0,0,0,0,0,0,0,0,0.00,0
1781845149,0,505699,0,704.67,0.00,3821567,24887295,87425023,1306525695,6866075647,329216,33554431999,319025933.10,1363213210.35,505699,10,10,10,0,0,0,0,0,0,0,0,0,0.00,0
1781845150,0,505699,0,703.68,0.00,3821567,24887295,87425023,1306525695,6866075647,329216,33554431999,319025933.10,1363213210.35,505699,10,10,10,0,0,0,0,0,0,0,0,0,0.00,0
1781845151,0,505699,0,702.71,0.00,3821567,24887295,87425023,1306525695,6866075647,329216,33554431999,319025933.10,1363213210.35,505699,10,10,10,0,0,0,0,0,0,0,0,0,0.00,0
1781845152,0,505699,0,701.73,0.00,3821567,24887295,87425023,1306525695,6866075647,329216,33554431999,319025933.10,1363213210.35,505699,10,10,10,0,0,0,0,0,0,0,0,0,0.00,0
1781845153,0,505699,0,700.76,0.00,3821567,24887295,87425023,1306525695,6866075647,329216,33554431999,319025933.10,1363213210.35,505699,10,10,10,0,0,0,0,0,0,0,0,0,0.00,0
