timestamp,sent_count,received_count,error_count,total_throughput,interval_throughput,latency_ns_p25,latency_ns_p50,latency_ns_p75,latency_ns_p95,latency_ns_p99,latency_ns_min,latency_ns_max,latency_ns_mean,latency_ns_stddev,latency_sample_count,connections,active_connections,connection_attempts,connection_failures,crashes_injected,reconnects,reconnect_failures,duplicate_count,gap_count,interval_latency_ns_p50,interval_latency_ns_p95,interval_latency_ns_p99,interval_latency_ns_mean,interval_latency_sample_count
1781847965,0,0,0,0.00,0.00,0,0,0,0,0,0,0,0.00,0.00,0,1,1,1,0,0,0,0,0,0,0,0,0,0.00,0
1781847966,0,0,0,0.00,0.00,0,0,0,0,0,0,0,0.00,0.00,0,1,1,1,0,0,0,0,0,0,0,0,0,0.00,0
1781847967,0,0,0,0.00,0.00,0,0,0,0,0,0,0,0.00,0.00,0,1,1,1,0,0,0,0,0,0,0,0,0,0.00,0
1781847968,0,0,0,0.00,0.00,0,0,0,0,0,0,0,0.00,0.00,0,1,1,1,0,0,0,0,0,0,0,0,0,0.00,0
1781847969,0,0,0,0.00,0.00,0,0,0,0,0,0,0,0.00,0.00,0,1,1,1,0,0,0,0,0,0,0,0,0,0.00,0
1781847970,0,0,0,0.00,0.00,0,0,0,0,0,0,0,0.00,0.00,0,1,1,1,0,0,0,0,0,0,0,0,0,0.00,0
1781847971,0,0,0,0.00,0.00,0,0,0,0,0,0,0,0.00,0.00,0,1,1,1,0,0,0,0,0,0,0,0,0,0.00,0
1781847972,0,0,0,0.00,0.00,0,0,0,0,0,0,0,0.00,0.00,0,2,2,2,0,0,0,0,0,0,0,0,0,0.00,0
1781847973,0,0,0,0.00,0.00,0,0,0,0,0,0,0,0.00,0.00,0,2,2,2,0,0,0,0,0,0,0,0,0,0.00,0
1781847974,0,0,0,0.00,0.00,0,0,0,0,0,0,0,0.00,0.00,0,2,2,2,0,0,0,0,0,0,0,0,0,0.00,0
1781847975,0,0,0,0.00,0.00,0,0,0,0,0,0,0,0.00,0.00,0,2,2,2,0,0,0,0,0,0,0,0,0,0.00,0
1781847976,0,0,0,0.00,0.00,0,0,0,0,0,0,0,0.00,0.00,0,2,2,2,0,0,0,0,0,0,0,0,0,0.00,0
1781847977,0,0,0,0.00,0.00,0,0,0,0,0,0,0,0.00,0.00,0,2,2,2,0,0,0,0,0,0,0,0,0,0.00,0
1781847978,0,0,0,0.00,0.00,0,0,0,0,0,0,0,0.00,0.00,0,2,2,2,0,0,0,0,0,0,0,0,0,0.00,0
1781847979,0,0,0,0.00,0.00,0,0,0,0,0,0,0,0.00,0.00,0,3,3,3,0,0,0,0,0,0,0,0,0,0.00,0
1781847980,0,0,0,0.00,0.00,0,0,0,0,0,0,0,0.00,0.00,0,3,3,3,0,0,0,0,0,0,0,0,0,0.00,0
1781847981,0,0,0,0.00,0.00,0,0,0,0,0,0,0,0.00,0.00,0,3,3,3,0,0,0,0,0,0,0,0,0,0.00,0
1781847982,0,0,0,0.00,0.00,0,0,0,0,0,0,0,0.00,0.00,0,3,3,3,0,0,0,0,0,0,0,0,0,0.00,0
1781847983,0,0,0,0.00,0.00,0,0,0,0,0,0,0,0.00,0.00,0,3,3,3,0,0,0,0,0,0,0,0,0,0.00,0
1781847984,0,0,0,0.00,0.00,0,0,0,0,0,0,0,0.00,0.00,0,3,3,3,0,0,0,0,0,0,0,0,0,0.00,0
1781847985,0,0,0,0.00,0.00,0,0,0,0,0,0,0,0.00,0.00,0,3,3,3,0,0,0,0,0,0,0,0,0,0.00,0
1781847986,0,0,0,0.00,0.00,0,0,0,0,0,0,0,0.00,0.00,0,4,4,4,0,0,0,0,0,0,0,0,0,0.00,0
1781847987,0,0,0,0.00,0.00,0,0,0,0,0,0,0,0.00,0.00,0,4,4,4,0,0,0,0,0,0,0,0,0,0.00,0
1781847988,0,0,0,0.00,0.00,0,0,0,0,0,0,0,0.00,0.00,0,4,4,4,0,0,0,0,0,0,0,0,0,0.00,0
1781847989,0,0,0,0.00,0.00,0,0,0,0,0,0,0,0.00,0.00,0,4,4,4,0,0,0,0,0,0,0,0,0,0.00,0
1781847990,0,0,0,0.00,0.00,0,0,0,0,0,0,0,0.00,0.00,0,4,4,4,0,0,0,0,0,0,0,0,0,0.00,0
1781847991,0,0,0,0.00,0.00,0,0,0,0,0,0,0,0.00,0.00,0,4,4,4,0,0,0,0,0,0,0,0,0,0.00,0
1781847992,0,0,0,0.00,0.00,0,0,0,0,0,0,0,0.00,0.00,0,5,5,5,0,0,0,0,0,0,0,0,0,0.00,0
1781847993,0,0,0,0.00,0.00,0,0,0,0,0,0,0,0.00,0.00,0,5,5,5,0,0,0,0,0,0,0,0,0,0.00,0
1781847994,0,0,0,0.00,0.00,0,0,0,0,0,0,0,0.00,0.00,0,5,5,5,0,0,0,0,0,0,0,0,0,0.00,0
1781847995,0,0,0,0.00,0.00,0,0,0,0,0,0,0,0.00,0.00,0,5,5,5,0,0,0,0,0,0,0,0,0,0.00,0
1781847996,0,0,0,0.00,0.00,0,0,0,0,0,0,0,0.00,0.00,0,5,5,5,0,0,0,0,0,0,0,0,0,0.00,0
1781847997,0,0,0,0.00,0.00,0,0,0,0,0,0,0,0.00,0.00,0,5,5,5,0,0,0,0,0,0,0,0,0,0.00,0
1781847998,0,0,0,0.00,0.00,0,0,0,0,0,0,0,0.00,0.00,0,5,5,5,0,0,0,0,0,0,0,0,0,0.00,0
1781847999,0,0,0,0.00,0.00,0,0,0,0,0,0,0,0.00,0.00,0,6,6,6,0,0,0,0,0,0,0,0,0,0.00,0
1781848000,0,0,0,0.00,0.00,0,0,0,0,0,0,0,0.00,0.00,0,6,6,6,0,0,0,0,0,0,0,0,0,0.00,0
1781848001,0,0,0,0.00,0.00,0,0,0,0,0,0,0,0.00,0.00,0,6,6,6,0,0,0,0,0,0,0,0,0,0.00,0
1781848002,0,0,0,0.00,0.00,0,0,0,0,0,0,0,0.00,0.00,0,6,6,6,0,0,0,0,0,0,0,0,0,0.00,0
1781848003,0,0,0,0.00,0.00,0,0,0,0,0,0,0,0.00,0.00,0,6,6,6,0,0,0,0,0,0,0,0,0,0.00,0
1781848004,0,0,0,0.00,0.00,0,0,0,0,0,0,0,0.00,0.00,0,6,6,6,0,0,0,0,0,0,0,0,0,0.00,0
1781848005,0,0,0,0.00,0.00,0,0,0,0,0,0,0,0.00,0.00,0,6,6,6,0,0,0,0,0,0,0,0,0,0.00,0
1781848006,0,0,0,0.00,0.00,0,0,0,0,0,0,0,0.00,0.00,0,7,7,7,0,0,0,0,0,0,0,0,0,0.00,0
1781848007,0,0,0,0.00,0.00,0,0,0,0,0,0,0,0.00,0.00,0,7,7,7,0,0,0,0,0,0,0,0,0,0.00,0
1781848008,0,0,0,0.00,0.00,0,0,0,0,0,0,0,0.00,0.00,0,7,7,7,0,0,0,0,0,0,0,0,0,0.00,0
1781848009,0,0,0,0.00,0.00,0,0,0,0,0,0,0,0.00,0.00,0,7,7,7,0,0,0,0,0,0,0,0,0,0.00,0
1781848010,0,0,0,0.00,0.00,0,0,0,0,0,0,0,0.00,0.00,0,7,7,7,0,0,0,0,0,0,0,0,0,0.00,0
1781848011,0,0,0,0.00,0.00,0,0,0,0,0,0,0,0.00,0.00,0,7,7,7,0,0,0,0,0,0,0,0,0,0.00,0
1781848012,0,0,0,0.00,0.00,0,0,0,0,0,0,0,0.00,0.00,0,8,8,8,0,0,0,0,0,0,0,0,0,0.00,0
1781848013,0,0,0,0.00,0.00,0,0,0,0,0,0,0,0.00,0.00,0,8,8,8,0,0,0,0,0,0,0,0,0,0.00,0
1781848014,0,0,0,0.00,0.00,0,0,0,0,0,0,0,0.00,0.00,0,8,8,8,0,0,0,0,0,0,0,0,0,0.00,0
1781848015,0,0,0,0.00,0.00,0,0,0,0,0,0,0,0.00,0.00,0,8,8,8,0,0,0,0,0,0,0,0,0,0.00,0
1781848016,0,0,0,0.00,0.00,0,0,0,0,0,0,0,0.00,0.00,0,8,8,8,0,0,0,0,0,0,0,0,0,0.00,0
1781848017,0,0,0,0.00,0.00,0,0,0,0,0,0,0,0.00,0.00,0,8,8,8,0,0,0,0,0,0,0,0,0,0.00,0
1781848018,0,0,0,0.00,0.00,0,0,0,0,0,0,0,0.00,0.00,0,8,8,8,0,0,0,0,0,0,0,0,0,0.00,0
1781848019,0,0,0,0.00,0.00,0,0,0,0,0,0,0,0.00,0.00,0,9,9,9,0,0,0,0,0,0,0,0,0,0.00,0
1781848020,0,0,0,0.00,0.00,0,0,0,0,0,0,0,0.00,0.00,0,9,9,9,0,0,0,0,0,0,0,0,0,0.00,0
1781848021,0,0,0,0.00,0.00,0,0,0,0,0,0,0,0.00,0.00,0,9,9,9,0,0,0,0,0,0,0,0,0,0.00,0
1781848022,0,0,0,0.00,0.00,0,0,0,0,0,0,0,0.00,0.00,0,9,9,9,0,0,0,0,0,0,0,0,0,0.00,0
1781848023,0,0,0,0.00,0.00,0,0,0,0,0,0,0,0.00,0.00,0,9,9,9,0,0,0,0,0,0,0,0,0,0.00,0
1781848024,0,0,0,0.00,0.00,0,0,0,0,0,0,0,0.00,0.00,0,9,9,9,0,0,0,0,0,0,0,0,0,0.00,0
1781848025,0,0,0,0.00,0.00,0,0,0,0,0,0,0,0.00,0.00,0,9,9,9,0,0,0,0,0,0,0,0,0,0.00,0
1781848026,0,0,0,0.00,0.00,0,0,0,0,0,0,0,0.00,0.00,0,10,10,10,0,0,0,0,0,0,0,0,0,0.00,0
1781848027,0,150,0,221.88,149.87,1853439,2437119,3583999,45514751,46596095,908800,47087615,5911306.24,10942520.18,150,10,10,10,0,0,0,0,0,0,2437119,45514751,46596095,5911306.24,150
1781848028,0,350,0,208.90,200.12,1732607,2265087,2840575,7970815,46137343,908800,47087615,3776627.57,7411297.90,350,10,10,10,0,0,0,0,0,0,2109439,3223551,3530751,2175618.56,200
1781848029,0,550,0,205.58,200.01,1736703,2209791,2748415,4165631,45678591,908800,47087615,3201666.33,5969893.42,550,10,10,10,0,0,0,0,0,0,2168831,3119103,3360767,2195484.16,200
1781848030,0,750,0,204.06,200.01,1743871,2181119,2682879,3682303,45514751,908800,47087615,2927570.26,5141816.13,750,10,10,10,0,0,0,0,0,0,2113535,3192831,4036607,2173806.08,200
1781848031,0,950,0,203.16,199.85,1752063,2185215,2676735,3504127,45219839,908800,47087615,2782929.11,4583620.75,950,10,10,10,0,0,0,0,0,0,2191359,3143679,3258367,2240524.80,200
1781848032,0,1150,0,202.61,200.05,1743871,2168831,2643967,3340287,12845055,908800,47087615,2675488.50,4178152.73,1150,10,10,10,0,0,0,0,0,0,2140159,3061759,3250175,2165145.60,200
1781848033,0,1350,0,202.21,199.95,1729535,2158591,2641919,3303423,12369919,785920,47087615,2597547.99,3870203.19,1350,10,10,10,0,0,0,0,0,0,2094079,3262463,4288511,2149390.08,200
1781848034,0,1550,0,201.95,200.17,1720319,2156543,2641919,3303423,12165119,785920,47087615,2545059.01,3621856.84,1550,10,10,10,0,0,0,0,0,0,2136063,3229695,4028415,2190758.40,200
1781848035,0,1750,0,201.72,199.96,1727487,2168831,2652159,3287039,7970815,785920,47087615,2514038.64,3415376.88,1750,10,10,10,0,0,0,0,0,0,2252799,3188735,3610623,2273630.72,200
1781848036,0,1950,0,201.53,199.91,1711103,2158591,2641919,3250175,7380991,785920,47087615,2473622.06,3242133.14,1950,10,10,10,0,0,0,0,0,0,2084863,3031039,3233791,2119976.96,200
1781848037,0,2150,0,201.39,200.03,1716223,2162687,2631679,3241983,4898815,785920,47087615,2446368.27,3093420.59,2150,10,10,10,0,0,0,0,0,0,2189311,3041279,3436543,2180643.84,200
1781848038,0,2350,0,201.27,199.94,1714175,2156543,2613247,3235839,4587519,785920,47087615,2419547.40,2964090.25,2350,10,10,10,0,0,0,0,0,0,2072575,2969599,3401727,2131223.04,200
1781848039,0,2550,0,201.18,200.16,1726463,2162687,2617343,3239935,4915199,785920,47087615,2412804.72,2853560.58,2550,10,10,10,0,0,0,0,0,0,2228223,3497983,5173247,2333578.24,200
1781848040,0,2750,0,201.10,200.03,1721343,2158591,2611199,3239935,4673535,785920,47087615,2393069.85,2752826.44,2750,10,10,10,0,0,0,0,0,0,2043903,3125247,3545087,2141450.24,200
1781848041,0,2950,0,201.01,199.90,1720319,2152447,2600959,3215359,4587519,785920,47087615,2372466.12,2662442.20,2950,10,10,10,0,0,0,0,0,0,2060287,2957311,3139583,2089164.80,200
1781848042,0,3150,0,200.95,200.01,1719295,2152447,2600959,3207167,4460543,785920,47087615,2361252.90,2580503.83,3150,10,10,10,0,0,0,0,0,0,2172927,3094527,3289087,2195857.92,200
1781848043,0,3350,0,200.89,200.01,1721343,2152447,2607103,3205119,4415487,785920,47087615,2352668.50,2506155.49,3350,10,10,10,0,0,0,0,0,0,2150399,3174399,3309567,2217464.32,200
1781848044,0,3550,0,200.84,200.02,1722367,2156543,2607103,3205119,4349951,785920,47087615,2344040.20,2438372.71,3550,10,10,10,0,0,0,0,0,0,2168831,3180543,3473407,2199516.16,200
1781848045,0,3750,0,200.80,200.00,1722367,2154495,2600959,3190783,4308991,785920,47087615,2334250.39,2375862.63,3750,10,10,10,0,0,0,0,0,0,2121727,3061759,3188735,2160481.28,200
1781848046,0,3950,0,200.76,199.99,1721343,2150399,2600959,3190783,4288511,785920,47087615,2325476.59,2319158.11,3950,10,10,10,0,0,0,0,0,0,2099199,3182591,3848191,2160967.68,200
1781848047,0,4150,0,200.72,200.06,1720319,2148351,2594815,3188735,4194303,785920,47087615,2316485.58,2266067.70,4150,10,10,10,0,0,0,0,0,0,2105343,3047423,3579903,2138913.28,200
1781848048,0,4350,0,200.69,200.01,1725439,2152447,2600959,3192831,4165631,785920,47087615,2317240.14,2217740.05,4350,10,10,10,0,0,0,0,0,0,2246655,3389439,3930111,2332897.28,200
1781848049,0,4550,0,200.66,199.87,1721343,2154495,2600959,3188735,4130815,785920,47087615,2309954.67,2171636.52,4550,10,10,10,0,0,0,0,0,0,2158591,3049471,3174399,2151495.68,200
1781848050,0,4750,0,200.63,200.00,1721343,2154495,2600959,3188735,4063231,785920,47087615,2304471.20,2128698.35,4750,10,10,10,0,0,0,0,0,0,2129919,3090431,3332095,2179722.24,200
1781848051,0,4950,0,200.61,200.10,1720319,2152447,2600959,3190783,4130815,785920,47087615,2301972.12,2090440.83,4950,10,10,10,0,0,0,0,0,0,2142207,3237887,5169151,2242618.88,200
1781848052,0,5150,0,200.58,199.92,1719295,2152447,2600959,3182591,4063231,785920,47087615,2295848.11,2052530.93,5150,10,10,10,0,0,0,0,0,0,2088959,3100671,3225599,2144279.04,200
1781848053,0,5350,0,200.56,200.03,1714175,2152447,2600959,3188735,4165631,785920,47087615,2293563.86,2018723.16,5350,10,10,10,0,0,0,0,0,0,2148351,3260415,4878335,2234744.32,200
1781848054,0,5550,0,200.54,200.01,1714175,2150399,2598911,3182591,4130815,785920,47087615,2288604.62,1984756.51,5550,10,10,10,0,0,0,0,0,0,2099199,3016703,3291135,2155944.96,200
1781848055,0,5750,0,200.52,199.86,1711103,2146303,2594815,3178495,4063231,785920,47087615,2281791.27,1952610.44,5750,10,10,10,0,0,0,0,0,0,2036735,2988031,3166207,2092720.64,200
1781848056,0,5950,0,200.51,200.20,1709055,2144255,2592767,3174399,4036607,785920,47087615,2277389.90,1922286.11,5950,10,10,10,0,0,0,0,0,0,2094079,3094527,3188735,2150850.56,200
1781848057,0,6150,0,200.48,199.81,1710079,2144255,2592767,3170303,3999743,785920,47087615,2273791.29,1893259.15,6150,10,10,10,0,0,0,0,0,0,2142207,3100671,3239935,2166732.80,200
1781848058,0,6350,0,200.47,200.06,1711103,2146303,2588671,3166207,3971071,785920,47087615,2270396.23,1865573.69,6350,10,10,10,0,0,0,0,0,0,2174975,3074047,3268607,2165998.08,200
1781848059,0,6550,0,200.45,199.96,1712127,2146303,2588671,3166207,3930111,785920,47087615,2267681.18,1839303.93,6550,10,10,10,0,0,0,0,0,0,2174975,3055615,3422207,2181478.40,200
1781848060,0,6750,0,200.44,200.04,1712127,2146303,2584575,3164159,3917823,785920,47087615,2263668.32,1814076.75,6750,10,10,10,0,0,0,0,0,0,2117631,3063807,3192831,2132247.04,200
1781848061,0,6950,0,200.43,200.04,1712127,2146303,2582527,3162111,3885055,785920,47087615,2260416.90,1790390.14,6950,10,10,10,0,0,0,0,0,0,2113535,3076095,3428351,2150681.60,200
1781848062,0,7150,0,200.42,200.05,1711103,2146303,2582527,3164159,3848191,785920,47087615,2258461.75,1767658.77,7150,10,10,10,0,0,0,0,0,0,2146303,3211263,3389439,2190520.32,200
1781848063,0,7350,0,200.40,199.87,1716223,2150399,2586623,3166207,3885055,785920,47087615,2260666.37,1746639.42,7350,10,10,10,0,0,0,0,0,0,2314239,3389439,4147199,2339481.60,200
1781848064,0,7550,0,200.39,200.00,1717247,2150399,2586623,3168255,3848191,785920,47087615,2259486.69,1725700.69,7550,10,10,10,0,0,0,0,0,0,2213887,3184639,3495935,2216133.12,200
1781848065,0,7750,0,200.38,199.98,1716223,2150399,2586623,3164159,3823615,785920,47087615,2257272.47,1705707.24,7750,10,10,10,0,0,0,0,0,0,2150399,3088383,3162111,2173685.76,200
1781848066,0,7950,0,200.38,200.09,1716223,2150399,2588671,3164159,3813375,785920,47087615,2255568.95,1686406.23,7950,10,10,10,0,0,0,0,0,0,2117631,3115007,3227647,2189557.76,200
1781848067,0,8150,0,200.37,200.00,1717247,2150399,2588671,3164159,3823615,785920,47087615,2254868.51,1668140.43,8150,10,10,10,0,0,0,0,0,0,2211839,3176447,3860479,2227025.92,200
1781848068,0,8350,0,200.36,200.07,1719295,2152447,2592767,3168255,3829759,785920,47087615,2256171.38,1651088.09,8350,10,10,10,0,0,0,0,0,0,2271231,3364863,3966975,2309263.36,200
1781848069,0,8550,0,200.35,199.96,1718271,2152447,2592767,3168255,3860479,785920,47087615,2255213.44,1635560.39,8550,10,10,10,0,0,0,0,0,0,2081791,3115007,5722111,2215219.20,200
1781848070,0,8750,0,200.34,199.91,1716223,2150399,2590719,3166207,3829759,785920,47087615,2252306.72,1618988.38,8750,10,10,10,0,0,0,0,0,0,2057215,3057663,3280895,2128044.80,200
1781848071,0,8950,0,200.33,200.13,1712127,2148351,2588671,3164159,3823615,785920,47087615,2249557.98,1602925.06,8950,10,10,10,0,0,0,0,0,0,2051071,3045375,3241983,2129300.48,200
1781848072,0,9150,0,200.33,199.94,1714175,2148351,2588671,3164159,3796991,785920,47087615,2247830.19,1587155.66,9150,10,10,10,0,0,0,0,0,0,2111487,3006463,3219455,2170511.36,200
1781848073,0,9350,0,200.32,199.96,1716223,2150399,2588671,3164159,3786751,785920,47087615,2247404.89,1572243.14,9350,10,10,10,0,0,0,0,0,0,2187263,3151871,3414015,2227947.52,200
1781848074,0,9550,0,200.31,200.10,1716223,2152447,2588671,3164159,3823615,785920,47087615,2247260.75,1558481.89,9550,10,10,10,0,0,0,0,0,0,2222079,3176447,4206591,2240522.24,200
1781848075,0,9750,0,200.31,200.02,1716223,2150399,2588671,3160063,3813375,785920,47087615,2245194.73,1544345.18,9750,10,10,10,0,0,0,0,0,0,2081791,3057663,3223551,2146542.08,200
1781848076,0,9950,0,200.30,199.99,1716223,2148351,2586623,3158015,3788799,785920,47087615,2243021.52,1530721.13,9950,10,10,10,0,0,0,0,0,0,2070527,3026943,3327999,2137077.76,200
1781848077,0,10150,0,200.30,200.02,1716223,2148351,2586623,3158015,3778559,785920,47087615,2241582.00,1517502.96,10150,10,10,10,0,0,0,0,0,0,2084863,3121151,3258367,2169966.08,200
1781848078,0,10350,0,200.29,200.01,1717247,2148351,2588671,3158015,3776511,785920,47087615,2241286.88,1504741.22,10350,10,10,10,0,0,0,0,0,0,2181119,3151871,3504127,2226309.12,200
1781848079,0,10550,0,200.28,199.88,1716223,2148351,2588671,3158015,3778559,785920,47087615,2240339.76,1492631.19,10550,10,10,10,0,0,0,0,0,0,2117631,3147775,3823615,2191326.72,200
1781848080,0,10750,0,200.28,200.05,1716223,2148351,2590719,3158015,3762175,785920,47087615,2239884.88,1480710.18,10750,10,10,10,0,0,0,0,0,0,2195455,3145727,3332095,2215889.92,200
1781848081,0,10950,0,200.27,199.99,1717247,2148351,2590719,3155967,3749887,785920,47087615,2238865.09,1468795.10,10950,10,10,10,0,0,0,0,0,0,2138111,3080191,3225599,2184051.20,200
1781848082,0,11150,0,200.27,200.07,1717247,2150399,2590719,3151871,3735551,785920,47087615,2237923.16,1457333.16,11150,10,10,10,0,0,0,0,0,0,2209791,3065855,3246079,2186352.64,200
1781848083,0,11350,0,200.26,199.85,1716223,2150399,2592767,3153919,3735551,785920,47087615,2237991.02,1446573.89,11350,10,10,10,0,0,0,0,0,0,2215935,3186687,3596287,2241774.08,200
1781848084,0,11550,0,200.26,199.98,1717247,2150399,2594815,3158015,3760127,785920,47087615,2238915.49,1438642.20,11550,10,10,10,0,0,0,0,0,0,2148351,3266559,3858431,2291379.20,200
1781848085,0,11750,0,200.25,200.10,1717247,2150399,2594815,3162111,3764223,785920,47087615,2239597.72,1428922.65,11750,10,10,10,0,0,0,0,0,0,2197503,3385343,3983359,2278996.48,200
1781848086,0,11950,0,200.25,200.07,1717247,2150399,2596863,3164159,3760127,785920,47087615,2238869.49,1418814.98,11950,10,10,10,0,0,0,0,0,0,2105343,3170303,3354623,2196085.76,200
1781848087,0,12170,0,200.58,219.93,1716223,2152447,2600959,3170303,3940351,785920,47087615,2259553.96,1496373.65,12170,10,10,10,0,0,0,0,0,0,2295807,12926975,19775487,3383097.02,220
1781848088,0,12370,0,200.57,200.05,1717247,2154495,2603007,3176447,4036607,785920,47087615,2263234.31,1488164.19,12370,10,10,10,0,0,0,0,0,0,2381823,4292607,5169151,2487183.36,200
1781848089,0,12570,0,200.56,199.86,1719295,2156543,2607103,3182591,4075519,785920,47087615,2265425.40,1479512.45,12570,10,10,10,0,0,0,0,0,0,2347007,3540991,5201919,2400944.64,200
1781848090,0,12770,0,200.55,199.99,1719295,2158591,2609151,3184639,4063231,785920,47087615,2265277.91,1469905.36,12770,10,10,10,0,0,0,0,0,0,2234367,3237887,3522559,2256007.68,200
1781848091,0,12970,0,200.54,200.04,1719295,2158591,2609151,3186687,4063231,785920,47087615,2265788.16,1460608.12,12970,10,10,10,0,0,0,0,0,0,2252799,3327999,3991551,2298368.00,200
1781848092,0,13170,0,200.53,200.12,1720319,2160639,2611199,3184639,4055039,785920,47087615,2265017.61,1451086.01,13170,10,10,10,0,0,0,0,0,0,2203647,3106815,3260415,2215047.68,200
1781848093,0,13370,0,200.52,199.85,1720319,2162687,2613247,3190783,4210687,785920,47087615,2270200.78,1451275.60,13370,10,10,10,0,0,0,0,0,0,2267135,6238207,7933951,2611512.32,200
1781848094,0,13570,0,200.52,200.11,1720319,2162687,2613247,3188735,4210687,785920,47087615,2269565.40,1442510.39,13570,10,10,10,0,0,0,0,0,0,2166783,3131391,3991551,2227089.92,200
1781848095,0,13770,0,200.51,200.04,1720319,2160639,2611199,3188735,4206591,785920,47087615,2267915.36,1433466.71,13770,10,10,10,0,0,0,0,0,0,2107391,3088383,3221503,2155960.32,200
1781848096,0,13970,0,200.50,199.82,1720319,2160639,2609151,3188735,4194303,785920,47087615,2266192.79,1424683.22,13970,10,10,10,0,0,0,0,0,0,2123775,3162111,3284991,2147594.24,200
1781848097,0,14170,0,200.49,200.17,1720319,2158591,2609151,3186687,4194303,785920,47087615,2264896.01,1416546.88,14170,10,10,10,0,0,0,0,0,0,2142207,3153919,4341759,2174315.52,200
1781848098,0,14370,0,200.49,199.87,1720319,2160639,2611199,3192831,4263935,785920,47087615,2273214.00,1455221.11,14370,10,10,10,0,0,0,0,0,0,2248703,3721215,18759679,2862543.36,200
1781848099,0,14570,0,200.48,200.06,1722367,2162687,2613247,3196927,4288511,785920,47087615,2276394.50,1459967.84,14570,10,10,10,0,0,0,0,0,0,2267135,3493887,4796415,2504913.92,200
1781848100,0,14770,0,200.47,200.08,1723391,2162687,2613247,3196927,4321279,785920,47087615,2276364.15,1452760.09,14770,10,10,10,0,0,0,0,0,0,2172927,3342335,5509119,2274152.96,200
1781848101,0,14970,0,200.47,199.90,1723391,2162687,2613247,3198975,4321279,785920,47087615,2276367.54,1445026.42,14970,10,10,10,0,0,0,0,0,0,2191359,3403775,4235263,2276618.24,200
1781848102,0,15170,0,200.46,200.10,1724415,2164735,2615295,3198975,4292607,785920,47087615,2276090.31,1436957.14,15170,10,10,10,0,0,0,0,0,0,2250751,3182591,3524607,2255339.52,200
1781848103,0,15370,0,200.45,199.90,1724415,2164735,2615295,3203071,4325375,785920,47087615,2276425.44,1430498.23,15370,10,10,10,0,0,0,0,0,0,2177023,3844095,5152767,2301844.48,200
1781848104,0,15570,0,200.45,200.04,1725439,2162687,2615295,3203071,4321279,785920,47087615,2275189.87,1422599.99,15570,10,10,10,0,0,0,0,0,0,2113535,3131391,3330047,2180236.80,200
1781848105,0,15770,0,200.44,199.91,1725439,2162687,2615295,3203071,4321279,785920,47087615,2275131.72,1415598.53,15770,10,10,10,0,0,0,0,0,0,2191359,3414015,4358143,2270604.80,200
1781848106,0,15970,0,200.44,200.11,1725439,2162687,2613247,3203071,4341759,785920,47087615,2274595.35,1410771.09,15970,10,10,10,0,0,0,0,0,0,2054143,3112959,6914047,2232302.08,200
1781848107,0,16170,0,200.43,199.89,1725439,2162687,2613247,3201023,4325375,785920,47087615,2273082.09,1403374.88,16170,10,10,10,0,0,0,0,0,0,2123775,3076095,3233791,2152248.32,200
1781848108,0,16370,0,200.43,200.06,1725439,2162687,2615295,3201023,4321279,785920,47087615,2273316.27,1396164.80,16370,10,10,10,0,0,0,0,0,0,2279423,3198975,3516415,2292249.60,200
1781848109,0,16570,0,200.42,199.94,1725439,2164735,2613247,3201023,4321279,785920,47087615,2272469.25,1389253.18,16570,10,10,10,0,0,0,0,0,0,2168831,3115007,3487743,2203141.12,200
1781848110,0,16770,0,200.42,200.13,1725439,2162687,2613247,3201023,4349951,785920,47087615,2272370.99,1383855.63,16770,10,10,10,0,0,0,0,0,0,2115583,3346431,5451775,2264230.40,200
1781848111,0,16970,0,200.41,199.95,1725439,2162687,2615295,3201023,4349951,785920,47087615,2271898.28,1377377.39,16970,10,10,10,0,0,0,0,0,0,2156543,3194879,3422207,2232261.12,200
1781848112,0,17170,0,200.41,199.92,1725439,2162687,2615295,3203071,4341759,785920,47087615,2271631.60,1370794.20,17170,10,10,10,0,0,0,0,0,0,2164735,3254271,3571711,2249003.52,200
1781848113,0,17370,0,200.40,200.04,1726463,2164735,2615295,3207167,4349951,785920,47087615,2272376.01,1364896.36,17370,10,10,10,0,0,0,0,0,0,2228223,3551231,4739071,2336284.16,200
1781848114,0,17570,0,200.40,200.11,1727487,2164735,2615295,3205119,4341759,785920,47087615,2271902.74,1358493.62,17570,10,10,10,0,0,0,0,0,0,2234367,3203071,3620863,2230799.36,200
1781848115,0,17770,0,200.39,200.00,1726463,2164735,2617343,3207167,4341759,785920,47087615,2271628.01,1352764.66,17770,10,10,10,0,0,0,0,0,0,2146303,3553279,4114431,2247493.12,200
1781848116,0,17970,0,200.39,199.93,1726463,2164735,2617343,3207167,4325375,785920,47087615,2270887.63,1346626.03,17970,10,10,10,0,0,0,0,0,0,2177023,3129343,3577855,2205104.64,200
1781848117,0,18170,0,200.39,200.01,1726463,2164735,2619391,3209215,4341759,785920,47087615,2271484.13,1341772.75,18170,10,10,10,0,0,0,0,0,0,2244607,3782655,5025791,2325079.04,200
1781848118,0,18370,0,200.38,199.92,1725439,2164735,2619391,3209215,4329471,785920,47087615,2270475.00,1335947.26,18370,10,10,10,0,0,0,0,0,0,2119679,3121151,3545087,2178795.52,200
1781848119,0,18570,0,200.38,200.13,1725439,2164735,2621439,3211263,4321279,785920,47087615,2270745.93,1330241.19,18570,10,10,10,0,0,0,0,0,0,2234367,3321855,3741695,2295631.36,200
1781848120,0,18770,0,200.37,199.99,1724415,2164735,2621439,3211263,4317183,785920,47087615,2269455.64,1324671.29,18770,10,10,10,0,0,0,0,0,0,2031615,3205119,3565567,2149652.48,200
1781848121,0,18970,0,200.37,199.91,1724415,2164735,2621439,3211263,4308991,785920,47087615,2269268.98,1318956.92,18970,10,10,10,0,0,0,0,0,0,2195455,3162111,3674111,2251750.40,200
1781848122,0,19170,0,200.36,199.97,1725439,2164735,2621439,3209215,4292607,785920,47087615,2268759.06,1313148.68,19170,10,10,10,0,0,0,0,0,0,2177023,3125247,3366911,2220392.96,200
1781848123,0,19370,0,200.36,200.11,1725439,2166783,2621439,3209215,4284415,785920,47087615,2268485.93,1307700.93,19370,10,10,10,0,0,0,0,0,0,2246655,3205119,3788799,2242306.56,200
1781848124,0,19570,0,200.36,200.04,1726463,2166783,2621439,3211263,4263935,785920,47087615,2268940.31,1302500.38,19570,10,10,10,0,0,0,0,0,0,2281471,3219455,3813375,2312947.20,200
1781848125,0,19770,0,200.35,199.89,1726463,2166783,2623487,3211263,4263935,785920,47087615,2268684.03,1297155.69,19770,10,10,10,0,0,0,0,0,0,2211839,3203071,3391487,2243607.04,200
1781848126,0,19970,0,200.35,199.98,1726463,2166783,2623487,3211263,4235263,785920,47087615,2268351.53,1292103.65,19970,10,10,10,0,0,0,0,0,0,2185215,3282943,3698687,2235484.16,200
1781848127,0,20170,0,200.35,199.95,1726463,2166783,2621439,3209215,4210687,785920,47087615,2267411.86,1286734.15,20170,10,10,10,0,0,0,0,0,0,2144255,3057663,3248127,2173585.92,200
1781848128,0,20370,0,200.34,200.09,1727487,2166783,2623487,3211263,4280319,785920,47087615,2268228.20,1283235.76,20370,10,10,10,0,0,0,0,0,0,2213887,3506175,5771263,2350556.16,200
1781848129,0,20570,0,200.34,199.93,1727487,2166783,2623487,3213311,4313087,785920,47087615,2269288.50,1280588.29,20570,10,10,10,0,0,0,0,0,0,2136063,4247551,6221823,2377280.00,200
1781848130,0,20770,0,200.34,200.08,1726463,2166783,2621439,3211263,4308991,785920,47087615,2267911.36,1275604.97,20770,10,10,10,0,0,0,0,0,0,2105343,3155967,3260415,2126272.00,200
1781848131,0,20970,0,200.33,199.95,1726463,2166783,2621439,3211263,4292607,785920,47087615,2267004.68,1270665.21,20970,10,10,10,0,0,0,0,0,0,2140159,3123199,3407871,2172846.08,200
1781848132,0,21170,0,200.33,199.94,1726463,2166783,2621439,3209215,4284415,785920,47087615,2265734.70,1265769.21,21170,10,10,10,0,0,0,0,0,0,2105343,3033087,3131391,2132577.28,200
1781848133,0,21370,0,200.33,200.04,1726463,2166783,2621439,3211263,4321279,785920,47087615,2266963.17,1263203.86,21370,10,10,10,0,0,0,0,0,0,2199551,4120575,6004735,2396997.12,200
1781848134,0,21570,0,200.32,200.11,1726463,2166783,2621439,3211263,4313087,785920,47087615,2266355.29,1258401.17,21570,10,10,10,0,0,0,0,0,0,2193407,3106815,3303423,2201402.88,200
1781848135,0,21770,0,200.32,199.88,1726463,2166783,2619391,3209215,4308991,785920,47087615,2265335.76,1253694.53,21770,10,10,10,0,0,0,0,0,0,2140159,3094527,3239935,2155379.20,200
1781848136,0,21970,0,200.32,200.11,1725439,2166783,2621439,3207167,4292607,785920,47087615,2264782.82,1249129.92,21970,10,10,10,0,0,0,0,0,0,2199551,3164159,3227647,2204595.20,200
1781848137,0,22170,0,200.32,199.94,1725439,2166783,2619391,3207167,4284415,785920,47087615,2263555.82,1244698.50,22170,10,10,10,0,0,0,0,0,0,2107391,3043327,3332095,2128770.56,200
1781848138,0,22370,0,200.31,199.91,1725439,2166783,2619391,3205119,4280319,785920,47087615,2262710.70,1240133.28,22370,10,10,10,0,0,0,0,0,0,2177023,3024895,3229695,2169029.12,200
1781848139,0,22570,0,200.31,200.00,1724415,2166783,2619391,3205119,4263935,785920,47087615,2262236.31,1235903.47,22570,10,10,10,0,0,0,0,0,0,2172927,3162111,3710975,2209175.04,200
1781848140,0,22770,0,200.31,200.14,1724415,2166783,2619391,3203071,4251647,785920,47087615,2261571.15,1231594.45,22770,10,10,10,0,0,0,0,0,0,2136063,3139583,3311615,2186508.80,200
1781848141,0,22970,0,200.31,200.05,1725439,2166783,2619391,3203071,4235263,785920,47087615,2260366.22,1227277.44,22970,10,10,10,0,0,0,0,0,0,2080767,2961407,3164159,2123184.64,200
1781848142,0,23170,0,200.30,199.83,1724415,2166783,2619391,3203071,4251647,785920,47087615,2259978.42,1223710.71,23170,10,10,10,0,0,0,0,0,0,2072575,3530751,4509695,2215439.36,200
1781848143,0,23370,0,200.30,200.12,1725439,2164735,2619391,3203071,4280319,785920,47087615,2260002.89,1220228.64,23370,10,10,10,0,0,0,0,0,0,2152447,3428351,4964351,2262837.76,200
1781848144,0,23570,0,200.30,199.87,1725439,2164735,2617343,3203071,4263935,785920,47087615,2259103.65,1216034.51,23570,10,10,10,0,0,0,0,0,0,2138111,3016703,3418111,2154027.52,200
1781848145,0,23770,0,200.29,200.09,1724415,2164735,2617343,3198975,4251647,785920,47087615,2258319.57,1211947.63,23770,10,10,10,0,0,0,0,0,0,2129919,3045375,3158015,2165916.16,200
1781848146,0,23970,0,200.29,199.89,1725439,2164735,2617343,3198975,4243455,785920,47087615,2258350.84,1207939.97,23970,10,10,10,0,0,0,0,0,0,2234367,3184639,3411967,2262067.20,200
1781848147,0,24390,0,202.11,420.36,1721343,2162687,2617343,3211263,4681727,785920,47087615,2296954.62,1554637.89,24390,10,10,10,0,0,0,0,0,0,1946623,25853951,32407551,4500127.09,420
1781848148,0,24890,0,204.56,499.69,1715199,2152447,2607103,3207167,4673535,772608,47087615,2287131.87,1542007.54,24890,10,10,10,0,0,0,0,0,0,1794047,2633727,3014655,1807978.50,500
1781848149,0,25390,0,206.97,500.34,1704959,2144255,2598911,3201023,4640767,772608,47087615,2276565.52,1530271.92,25390,10,10,10,0,0,0,0,0,0,1697791,2682879,3176447,1750572.54,500
1781848150,0,25890,0,209.34,499.80,1703935,2140159,2594815,3196927,4599807,769536,47087615,2271424.09,1518053.88,25890,10,10,10,0,0,0,0,0,0,1985535,2959359,3790847,2010342.40,500
1781848151,0,26390,0,211.67,499.75,1693695,2129919,2586623,3192831,4562943,641536,47087615,2261067.05,1507073.24,26390,10,10,10,0,0,0,0,0,0,1683455,2562047,3115007,1724779.52,500
1781848152,0,26890,0,213.96,499.99,1683455,2119679,2576383,3188735,4509695,641536,47087615,2250234.15,1496359.23,26890,10,10,10,0,0,0,0,0,0,1654783,2488319,2791423,1678473.22,500
1781848153,0,27390,0,216.22,500.28,1678335,2111487,2570239,3184639,4452351,641536,47087615,2241932.04,1485594.31,27390,10,10,10,0,0,0,0,0,0,1780735,2754559,3065855,1795444.74,500
1781848154,0,27890,0,218.44,500.09,1672191,2103295,2559999,3182591,4407295,589824,47087615,2233228.88,1475209.99,27890,10,10,10,0,0,0,0,0,0,1724415,2631679,3266559,1756469.76,500
1781848155,0,28390,0,220.63,500.05,1670143,2099199,2555903,3182591,4452351,589824,47087615,2229016.96,1465254.64,28390,10,10,10,0,0,0,0,0,0,1942527,3024895,4923391,1994076.16,500
1781848156,0,28890,0,222.79,499.84,1663999,2093055,2547711,3176447,4407295,589824,47087615,2221010.37,1455463.01,28890,10,10,10,0,0,0,0,0,0,1743871,2689023,3076095,1766396.42,500
1781848157,0,29390,0,224.91,499.96,1659903,2085887,2541567,3174399,4370431,589824,47087615,2214058.70,1445546.34,29390,10,10,10,0,0,0,0,0,0,1781759,2717695,3014655,1812390.91,500
1781848158,0,29890,0,227.00,499.97,1656831,2081791,2535423,3172351,4349951,589824,47087615,2208140.74,1435742.52,29890,10,10,10,0,0,0,0,0,0,1813503,2770943,3239935,1860283.39,500
1781848159,0,30390,0,229.06,500.21,1652735,2077695,2531327,3168255,4321279,589824,47087615,2202490.98,1426296.23,30390,10,10,10,0,0,0,0,0,0,1836031,2775039,3172351,1864748.03,500
1781848160,0,30890,0,231.08,500.00,1650687,2072575,2527231,3166207,4349951,589824,47087615,2198486.28,1417531.13,30890,10,10,10,0,0,0,0,0,0,1904639,2838527,4972543,1955080.70,500
1781848161,0,31390,0,233.08,500.01,1647615,2069503,2523135,3164159,4321279,589824,47087615,2193621.88,1408339.92,31390,10,10,10,0,0,0,0,0,0,1881087,2783231,3291135,1893099.01,500
1781848162,0,31890,0,235.05,500.01,1645567,2064383,2516991,3164159,4308991,589824,47087615,2188429.94,1399473.10,31890,10,10,10,0,0,0,0,0,0,1833983,2691071,3704831,1862479.87,500
1781848163,0,32390,0,236.98,499.93,1645567,2064383,2514943,3160063,4284415,589824,47087615,2186172.41,1390175.64,32390,10,10,10,0,0,0,0,0,0,2041855,2897919,3217407,2042187.26,500
1781848164,0,32890,0,238.90,500.12,1642495,2060287,2510847,3158015,4263935,589824,47087615,2181395.65,1381863.37,32890,10,10,10,0,0,0,0,0,0,1813503,2852863,3512319,1871956.99,500
1781848165,0,33390,0,240.78,499.66,1641471,2056191,2506751,3155967,4235263,589824,47087615,2177223.66,1373057.11,33390,10,10,10,0,0,0,0,0,0,1874943,2668543,2967551,1902790.14,500
1781848166,0,33890,0,242.63,500.02,1639423,2053119,2504703,3153919,4206591,589824,47087615,2172831.87,1364938.08,33890,10,10,10,0,0,0,0,0,0,1857535,2746367,3115007,1879548.42,500
1781848167,0,34390,0,244.46,500.24,1634303,2047999,2498559,3149823,4179967,589824,47087615,2167228.26,1357092.57,34390,10,10,10,0,0,0,0,0,0,1721343,2652159,3035135,1787415.55,500
1781848168,0,34890,0,246.27,500.04,1634303,2046975,2496511,3147775,4165631,589824,47087615,2164776.63,1348945.17,34890,10,10,10,0,0,0,0,0,0,1977343,2902015,3454975,1996153.34,500
1781848169,0,35390,0,248.05,500.04,1630207,2040831,2490367,3143679,4165631,589824,47087615,2158961.65,1341876.63,35390,10,10,10,0,0,0,0,0,0,1712127,2633727,3899391,1753192.45,500
1781848170,0,35890,0,249.80,499.66,1627135,2036735,2484223,3139583,4120575,589824,47087615,2154265.53,1334289.55,35890,10,10,10,0,0,0,0,0,0,1787903,2637823,2981887,1821874.18,500
1781848171,0,36390,0,251.53,500.07,1626111,2034687,2482175,3139583,4098047,589824,47087615,2150712.03,1327053.79,36390,10,10,10,0,0,0,0,0,0,1869823,2791423,3848191,1895641.60,500
1781848172,0,36890,0,253.23,499.84,1624063,2031615,2478079,3137535,4128767,589824,47087615,2147785.36,1320695.00,36890,10,10,10,0,0,0,0,0,0,1845247,2914303,5263359,1934782.46,500
1781848173,0,37390,0,254.92,500.10,1624063,2030591,2476031,3137535,4102143,589824,47087615,2145358.16,1313613.86,37390,10,10,10,0,0,0,0,0,0,1949695,2885631,3590143,1966279.17,500
1781848174,0,37890,0,256.58,500.20,1622015,2026495,2473983,3133439,4081663,589824,47087615,2142127.04,1306817.54,37890,10,10,10,0,0,0,0,0,0,1874943,2734079,3708927,1900504.06,500
1781848175,0,38390,0,258.21,499.80,1620991,2024447,2469887,3131391,4073471,589824,47087615,2138787.71,1299804.95,38390,10,10,10,0,0,0,0,0,0,1850367,2785279,3014655,1885733.38,500
1781848176,0,38890,0,259.83,500.16,1618943,2021375,2465791,3127295,4059135,589824,47087615,2134523.75,1293163.50,38890,10,10,10,0,0,0,0,0,0,1771519,2578431,2932735,1807136.77,500
1781848177,0,39390,0,261.42,499.99,1617919,2019327,2463743,3127295,4073471,589824,47087615,2137265.39,1327495.61,39390,10,10,10,0,0,0,0,0,0,1927167,3047423,22626303,2350510.59,500
1781848178,0,39890,0,263.00,500.16,1616895,2019327,2461695,3125247,4059135,589824,47087615,2135499.04,1320831.34,39890,10,10,10,0,0,0,0,0,0,2004991,2910207,3266559,1996345.34,500
1781848179,0,40390,0,264.55,499.82,1614847,2016255,2459647,3123199,4042751,589824,47087615,2132263.64,1314400.81,40390,10,10,10,0,0,0,0,0,0,1868799,2785279,3225599,1874143.74,500
1781848180,0,40890,0,266.08,500.11,1613823,2013183,2455551,3121151,4022271,589824,47087615,2128093.04,1308049.50,40890,10,10,10,0,0,0,0,0,0,1765375,2676735,3039231,1791192.06,500
1781848181,0,41390,0,267.59,499.85,1611775,2010111,2453503,3119103,4005887,589824,47087615,2125295.50,1301941.91,41390,10,10,10,0,0,0,0,0,0,1818623,2930687,3745791,1896513.02,500
1781848182,0,41890,0,269.09,500.07,1609727,2007039,2449407,3119103,4020223,589824,47087615,2122365.48,1296226.78,41890,10,10,10,0,0,0,0,0,0,1798143,2791423,4853759,1879817.73,500
1781848183,0,42390,0,270.56,499.79,1609727,2006015,2447359,3117055,3999743,589824,47087615,2120403.23,1290283.83,42390,10,10,10,0,0,0,0,0,0,1937407,2938879,3407871,1956005.89,500
1781848184,0,42890,0,272.01,500.18,1607679,2003967,2445311,3115007,3991551,589824,47087615,2117300.90,1284330.05,42890,10,10,10,0,0,0,0,0,0,1849343,2793471,2998271,1854285.31,500
1781848185,0,43390,0,273.45,499.99,1606655,2002943,2443263,3115007,3991551,589824,47087615,2115832.03,1278860.66,43390,10,10,10,0,0,0,0,0,0,1948671,3008511,4395007,1989832.70,500
1781848186,0,43890,0,274.87,499.86,1605631,2002943,2443263,3112959,3985407,589824,47087615,2114372.30,1273067.40,43890,10,10,10,0,0,0,0,0,0,1992703,2906111,3358719,1987696.64,500
1781848187,0,44390,0,276.27,499.94,1604607,2001919,2443263,3115007,3999743,589824,47087615,2112968.45,1268287.51,44390,10,10,10,0,0,0,0,0,0,1863679,3354623,4382719,1989738.50,500
1781848188,0,44890,0,277.66,500.43,1599487,1996799,2437119,3110911,3991551,548864,47087615,2107523.13,1263215.53,44890,10,10,10,0,0,0,0,0,0,1593343,2390015,2686975,1624088.06,500
1781848189,0,45390,0,279.02,499.50,1598463,1995775,2437119,3110911,3983359,548864,47087615,2105291.43,1258051.42,45390,10,10,10,0,0,0,0,0,0,1872895,3012607,3553279,1904929.28,500
1781848190,0,45890,0,280.37,500.21,1599487,1995775,2437119,3108863,3973119,548864,47087615,2104381.39,1252599.22,45890,10,10,10,0,0,0,0,0,0,2013183,2998271,3475455,2021767.68,500
1781848191,0,46390,0,281.71,500.02,1599487,1994751,2435071,3106815,3958783,548864,47087615,2102510.66,1246878.74,46390,10,10,10,0,0,0,0,0,0,1910783,2721791,2871295,1930815.49,500
1781848192,0,46890,0,283.02,500.05,1597439,1991679,2430975,3104767,3952639,548864,47087615,2099667.59,1241488.73,46890,10,10,10,0,0,0,0,0,0,1811455,2648063,3033087,1835887.10,500
1781848193,0,47390,0,284.32,499.95,1597439,1991679,2430975,3104767,3944447,548864,47087615,2098497.33,1236356.49,47390,10,10,10,0,0,0,0,0,0,1929215,3033087,3475455,1988750.85,500
1781848194,0,47890,0,285.61,500.16,1595391,1988607,2426879,3102719,3936255,548864,47087615,2095612.53,1231513.80,47890,10,10,10,0,0,0,0,0,0,1754111,2824191,3305471,1822191.10,500
1781848195,0,48390,0,286.88,500.07,1594367,1987583,2424831,3100671,3917823,548864,47087615,2093680.26,1226565.46,48390,10,10,10,0,0,0,0,0,0,1890303,2822143,3254271,1908606.98,500
1781848196,0,48890,0,288.14,499.95,1593343,1986559,2424831,3098623,3911679,548864,47087615,2091508.60,1221683.36,48890,10,10,10,0,0,0,0,0,0,1837055,2805759,3391487,1881335.81,500
1781848197,0,49390,0,289.38,499.71,1593343,1985535,2422783,3096575,3899391,548864,47087615,2090070.28,1216617.75,49390,10,10,10,0,0,0,0,0,0,1924095,2815999,3098623,1949431.30,500
1781848198,0,49890,0,290.61,500.09,1592319,1985535,2420735,3096575,3870719,548864,47087615,2088700.71,1211987.83,49890,10,10,10,0,0,0,0,0,0,1892351,3006463,3338239,1953414.66,500
1781848199,0,50390,0,291.82,500.11,1592319,1983487,2418687,3094527,3862527,548864,47087615,2086519.26,1207275.03,50390,10,10,10,0,0,0,0,0,0,1879039,2709503,3065855,1868854.27,500
1781848200,0,50890,0,293.02,499.92,1591295,1983487,2418687,3094527,3858431,548864,47087615,2085573.19,1202964.15,50890,10,10,10,0,0,0,0,0,0,1973247,3022847,3647487,1990228.48,500
1781848201,0,51390,0,294.20,499.94,1591295,1983487,2418687,3092479,3850239,548864,47087615,2084525.59,1198644.39,51390,10,10,10,0,0,0,0,0,0,1973247,2953215,3596287,1977900.54,500
1781848202,0,51890,0,295.37,500.29,1590271,1981439,2416639,3090431,3848191,548864,47087615,2082147.37,1194334.46,51890,10,10,10,0,0,0,0,0,0,1823743,2787327,3147775,1837713.92,500
1781848203,0,52390,0,296.53,499.59,1587199,1978367,2414591,3088383,3842047,548864,47087615,2078636.10,1190267.41,52390,10,10,10,0,0,0,0,0,0,1681407,2641919,3155967,1714236.93,500
1781848204,0,52890,0,297.68,500.34,1586175,1977343,2410495,3084287,3823615,548864,47087615,2076444.44,1185765.53,52890,10,10,10,0,0,0,0,0,0,1830911,2672639,2994175,1846801.92,500
1781848205,0,53390,0,298.81,499.69,1585151,1975295,2410495,3084287,3829759,548864,47087615,2074622.48,1181759.08,53390,10,10,10,0,0,0,0,0,0,1845247,2803711,4198399,1881894.91,500
1781848206,0,53890,0,299.93,500.05,1583103,1973247,2406399,3082239,3821567,548864,47087615,2071615.02,1177794.90,53890,10,10,10,0,0,0,0,0,0,1737727,2629631,2969599,1750478.85,500
1781848207,0,54210,0,300.04,320.04,1583103,1973247,2408447,3082239,3827711,548864,47087615,2071721.53,1175539.14,54210,10,10,10,0,0,0,0,0,0,2026495,3350527,4102143,2089659.20,320
1781848208,0,54410,0,299.49,200.06,1584127,1973247,2408447,3082239,3842047,548864,47087615,2072142.15,1174068.68,54410,10,10,10,0,0,0,0,0,0,2060287,3190783,4452351,2186150.40,200
1781848209,0,54610,0,298.94,199.87,1584127,1974271,2408447,3082239,3833855,548864,47087615,2072226.57,1172320.67,54610,10,10,10,0,0,0,0,0,0,2071551,2957311,3207167,2095193.60,200
1781848210,0,54810,0,298.41,200.01,1585151,1974271,2408447,3082239,3827711,548864,47087615,2072462.12,1170548.90,54810,10,10,10,0,0,0,0,0,0,2105343,2912255,3106815,2136778.24,200
1781848211,0,55010,0,297.87,200.02,1585151,1975295,2410495,3082239,3823615,548864,47087615,2073156.47,1168995.34,55010,10,10,10,0,0,0,0,0,0,2324479,3211263,3452927,2263441.92,200
1781848212,0,55210,0,297.35,200.07,1586175,1976319,2410495,3084287,3821567,548864,47087615,2073896.81,1167407.13,55210,10,10,10,0,0,0,0,0,0,2258943,3190783,3395583,2277529.60,200
1781848213,0,55410,0,296.83,200.04,1586175,1977343,2410495,3086335,3821567,548864,47087615,2074711.18,1165996.27,55410,10,10,10,0,0,0,0,0,0,2260991,3313663,3747839,2299517.44,200
1781848214,0,55610,0,296.31,199.91,1587199,1978367,2412543,3088383,3823615,548864,47087615,2075646.30,1164600.98,55610,10,10,10,0,0,0,0,0,0,2283519,3463167,4272127,2334720.00,200
1781848215,0,55810,0,295.80,199.95,1588223,1979391,2412543,3088383,3821567,548864,47087615,2076065.12,1162983.44,55810,10,10,10,0,0,0,0,0,0,2152447,3106815,3270655,2192519.68,200
1781848216,0,56010,0,295.29,200.16,1588223,1979391,2414591,3088383,3819519,548864,47087615,2076578.21,1161405.44,56010,10,10,10,0,0,0,0,0,0,2185215,3141631,3371007,2219755.52,200
1781848217,0,56210,0,294.79,199.87,1589247,1980415,2414591,3088383,3817471,548864,47087615,2076977.51,1159794.03,56210,10,10,10,0,0,0,0,0,0,2170879,3084287,3454975,2188800.00,200
1781848218,0,56410,0,294.30,200.08,1589247,1981439,2416639,3088383,3817471,548864,47087615,2077562.20,1158319.77,56410,10,10,10,0,0,0,0,0,0,2215935,3266559,3926015,2241891.84,200
1781848219,0,56610,0,293.81,200.07,1590271,1982463,2416639,3088383,3817471,548864,47087615,2077961.21,1156732.70,56610,10,10,10,0,0,0,0,0,0,2174975,3119103,3303423,2190499.84,200
1781848220,0,56810,0,293.33,199.87,1590271,1982463,2416639,3090431,3815423,548864,47087615,2078267.99,1155152.78,56810,10,10,10,0,0,0,0,0,0,2144255,3100671,3215359,2165102.08,200
1781848221,0,57010,0,292.85,200.11,1590271,1983487,2416639,3090431,3815423,548864,47087615,2078667.77,1153599.21,57010,10,10,10,0,0,0,0,0,0,2142207,3184639,3317759,2192225.28,200
1781848222,0,57210,0,292.37,199.94,1591295,1983487,2418687,3090431,3813375,548864,47087615,2079143.89,1152117.53,57210,10,10,10,0,0,0,0,0,0,2193407,3164159,3637247,2214863.36,200
1781848223,0,57410,0,291.90,199.90,1591295,1984511,2418687,3090431,3813375,548864,47087615,2079719.57,1150564.73,57410,10,10,10,0,0,0,0,0,0,2203647,3115007,3309567,2244392.96,200
1781848224,0,57610,0,291.44,200.17,1592319,1985535,2420735,3090431,3813375,548864,47087615,2080185.78,1149016.01,57610,10,10,10,0,0,0,0,0,0,2170879,3135487,3387391,2214010.88,200
1781848225,0,57810,0,290.98,199.90,1592319,1985535,2420735,3092479,3813375,548864,47087615,2080531.92,1147499.46,57810,10,10,10,0,0,0,0,0,0,2154495,3192831,3401727,2180236.80,200
1781848226,0,58010,0,290.52,200.07,1593343,1986559,2420735,3092479,3803135,548864,47087615,2081172.37,1146029.87,58010,10,10,10,0,0,0,0,0,0,2260991,3172351,3368959,2266296.32,200
1781848227,0,58210,0,290.07,199.96,1593343,1987583,2422783,3092479,3803135,548864,47087615,2081685.98,1144469.75,58210,10,10,10,0,0,0,0,0,0,2199551,3096575,3227647,2230656.00,200
1781848228,0,58410,0,289.62,200.01,1594367,1988607,2422783,3094527,3801087,548864,47087615,2082382.57,1143020.73,58410,10,10,10,0,0,0,0,0,0,2234367,3203071,3381247,2285125.12,200
1781848229,0,58610,0,289.18,199.98,1595391,1989631,2424831,3094527,3803135,548864,47087615,2083324.71,1141910.55,58610,10,10,10,0,0,0,0,0,0,2285567,3547135,4730879,2358476.80,200
1781848230,0,58810,0,288.74,200.00,1595391,1989631,2424831,3094527,3803135,548864,47087615,2083701.29,1140451.62,58810,10,10,10,0,0,0,0,0,0,2220031,3102719,3317759,2194058.24,200
1781848231,0,59010,0,288.31,200.07,1595391,1990655,2424831,3094527,3803135,548864,47087615,2084022.63,1138994.10,59010,10,10,10,0,0,0,0,0,0,2187263,3119103,3358719,2178513.92,200
1781848232,0,59210,0,287.88,199.96,1596415,1990655,2426879,3094527,3801087,548864,47087615,2084217.95,1137482.50,59210,10,10,10,0,0,0,0,0,0,2164735,3000319,3256319,2141847.04,200
1781848233,0,59410,0,287.46,200.05,1596415,1991679,2426879,3096575,3803135,548864,47087615,2084909.13,1136309.73,59410,10,10,10,0,0,0,0,0,0,2230271,3262463,4452351,2289533.44,200
1781848234,0,59610,0,287.03,199.83,1597439,1992703,2426879,3096575,3813375,548864,47087615,2085700.25,1135270.98,59610,10,10,10,0,0,0,0,0,0,2222079,3436543,5160959,2320701.44,200
1781848235,0,59810,0,286.62,200.16,1597439,1992703,2428927,3096575,3813375,548864,47087615,2086043.52,1133820.78,59810,10,10,10,0,0,0,0,0,0,2162687,3086335,3379199,2188354.56,200
1781848236,0,60010,0,286.20,199.97,1598463,1993727,2428927,3096575,3803135,548864,47087615,2086190.84,1132318.89,60010,10,10,10,0,0,0,0,0,0,2103295,3004415,3192831,2130247.68,200
1781848237,0,60210,0,285.79,199.94,1598463,1993727,2428927,3096575,3803135,548864,47087615,2086478.21,1130872.62,60210,10,10,10,0,0,0,0,0,0,2129919,3086335,3444735,2172702.72,200
1781848238,0,60410,0,285.39,200.07,1599487,1994751,2430975,3096575,3801087,548864,47087615,2086886.64,1129458.80,60410,10,10,10,0,0,0,0,0,0,2187263,3164159,3313663,2209845.76,200
1781848239,0,60610,0,284.99,199.92,1599487,1995775,2430975,3096575,3796991,548864,47087615,2087270.37,1127984.71,60610,10,10,10,0,0,0,0,0,0,2160639,3080191,3219455,2203176.96,200
1781848240,0,60810,0,284.59,199.98,1600511,1995775,2430975,3096575,3794943,548864,47087615,2087571.64,1126542.26,60810,10,10,10,0,0,0,0,0,0,2109439,3106815,3213311,2178869.76,200
1781848241,0,61010,0,284.20,200.04,1600511,1995775,2433023,3100671,3815423,548864,47087615,2088842.98,1126587.64,61010,10,10,10,0,0,0,0,0,0,2189311,5193727,5902335,2475394.56,200
1781848242,0,61210,0,283.81,200.00,1600511,1996799,2433023,3100671,3815423,548864,47087615,2089028.89,1125186.70,61210,10,10,10,0,0,0,0,0,0,2091007,3082239,3223551,2145740.80,200
1781848243,0,61410,0,283.42,200.05,1601535,1996799,2433023,3100671,3813375,548864,47087615,2089394.98,1123804.61,61410,10,10,10,0,0,0,0,0,0,2142207,3158015,3504127,2201436.16,200
1781848244,0,61610,0,283.04,200.03,1601535,1997823,2435071,3100671,3813375,548864,47087615,2089763.58,1122459.73,61610,10,10,10,0,0,0,0,0,0,2203647,3229695,3379199,2202941.44,200
1781848245,0,61810,0,282.66,199.91,1602559,1997823,2435071,3100671,3807231,548864,47087615,2090337.05,1121163.25,61810,10,10,10,0,0,0,0,0,0,2213887,3184639,3583999,2266995.20,200
1781848246,0,62010,0,282.28,200.09,1602559,1998847,2435071,3100671,3803135,548864,47087615,2090533.16,1119752.29,62010,10,10,10,0,0,0,0,0,0,2105343,3100671,3248127,2151142.40,200
1781848247,0,62210,0,281.91,199.84,1603583,1998847,2435071,3100671,3803135,548864,47087615,2090801.10,1118328.26,62210,10,10,10,0,0,0,0,0,0,2195455,3059711,3145727,2173875.20,200
1781848248,0,62410,0,281.54,200.01,1603583,1998847,2437119,3100671,3805183,548864,47087615,2091236.14,1117180.00,62410,10,10,10,0,0,0,0,0,0,2211839,3158015,4571135,2226554.88,200
1781848249,0,62610,0,281.17,200.15,1603583,1999871,2437119,3100671,3803135,548864,47087615,2091359.63,1115844.14,62610,10,10,10,0,0,0,0,0,0,2115583,3082239,3280895,2129894.40,200
1781848250,0,62810,0,280.81,199.95,1604607,1999871,2437119,3100671,3803135,548864,47087615,2091780.66,1114543.64,62810,10,10,10,0,0,0,0,0,0,2152447,3162111,3426303,2223585.28,200
1781848251,0,63010,0,280.45,200.02,1604607,1999871,2437119,3100671,3803135,548864,47087615,2091913.46,1113205.25,63010,10,10,10,0,0,0,0,0,0,2119679,3078143,3327999,2133619.20,200
1781848252,0,63210,0,280.09,199.91,1604607,1999871,2437119,3100671,3801087,548864,47087615,2091921.45,1111846.35,63210,10,10,10,0,0,0,0,0,0,2023423,3043327,3182591,2094438.40,200
1781848253,0,63410,0,279.74,200.04,1604607,2000895,2437119,3100671,3796991,548864,47087615,2092153.98,1110573.54,63410,10,10,10,0,0,0,0,0,0,2138111,3168255,3266559,2165644.80,200
1781848254,0,63610,0,279.39,199.96,1604607,2001919,2439167,3100671,3792895,548864,47087615,2092510.65,1109233.49,63610,10,10,10,0,0,0,0,0,0,2164735,3090431,3266559,2205593.60,200
1781848255,0,63810,0,279.04,200.00,1605631,2001919,2439167,3100671,3790847,548864,47087615,2092768.02,1107905.12,63810,10,10,10,0,0,0,0,0,0,2091007,3033087,3201023,2174622.72,200
1781848256,0,64010,0,278.70,200.03,1605631,2001919,2439167,3100671,3788799,548864,47087615,2092996.38,1106599.43,64010,10,10,10,0,0,0,0,0,0,2125823,3149823,3239935,2165854.72,200
1781848257,0,64210,0,278.36,200.10,1606655,2002943,2439167,3102719,3792895,548864,47087615,2093574.54,1105735.15,64210,10,10,10,0,0,0,0,0,0,2166783,3272703,5287935,2278615.04,200
1781848258,0,64410,0,278.02,199.84,1606655,2002943,2441215,3102719,3790847,548864,47087615,2093795.89,1104473.68,64410,10,10,10,0,0,0,0,0,0,2119679,3119103,3403775,2164861.44,200
1781848259,0,64610,0,277.68,200.14,1606655,2003967,2441215,3102719,3788799,548864,47087615,2094069.32,1103208.72,64610,10,10,10,0,0,0,0,0,0,2115583,3209215,3422207,2182126.08,200
1781848260,0,64810,0,277.35,200.00,1607679,2003967,2441215,3102719,3788799,548864,47087615,2094601.25,1101999.08,64810,10,10,10,0,0,0,0,0,0,2217983,3219455,3422207,2266442.24,200
1781848261,0,65010,0,277.02,199.89,1607679,2004991,2441215,3102719,3788799,548864,47087615,2094830.89,1100735.56,65010,10,10,10,0,0,0,0,0,0,2129919,3149823,3383295,2169244.16,200
1781848262,0,65210,0,276.69,200.09,1607679,2004991,2443263,3102719,3786751,548864,47087615,2094989.31,1099483.81,65210,10,10,10,0,0,0,0,0,0,2084863,3108863,3223551,2146485.76,200
1781848263,0,65410,0,276.37,199.92,1608703,2006015,2443263,3104767,3788799,548864,47087615,2095542.02,1098345.68,65410,10,10,10,0,0,0,0,0,0,2273279,3248127,3928063,2275752.96,200
1781848264,0,65610,0,276.05,200.08,1608703,2006015,2443263,3102719,3786751,548864,47087615,2095623.66,1097057.02,65610,10,10,10,0,0,0,0,0,0,2068479,3033087,3192831,2122321.92,200
1781848265,0,65810,0,275.73,200.00,1608703,2006015,2443263,3104767,3788799,548864,47087615,2096122.24,1096020.94,65810,10,10,10,0,0,0,0,0,0,2168831,3276799,4165631,2259683.84,200
1781848266,0,66010,0,275.41,200.00,1608703,2007039,2445311,3104767,3788799,548864,47087615,2096535.70,1094824.58,66010,10,10,10,0,0,0,0,0,0,2242559,3190783,3489791,2232583.68,200
1781848267,0,66770,0,277.43,759.51,1600511,2002943,2445311,3115007,3991551,483584,47087615,2118526.63,1342328.90,66770,10,10,10,0,0,0,0,0,0,1130495,22020095,34897919,4028554.78,760
1781848268,0,67770,0,280.42,1000.55,1583103,1991679,2437119,3110911,3975167,483584,47087615,2103061.37,1338831.47,67770,10,10,10,0,0,0,0,0,0,1049599,1557503,1977343,1070446.08,1000
1781848269,0,68770,0,283.38,999.63,1565695,1981439,2430975,3106815,3969023,483584,47087615,2088310.73,1336032.27,68770,10,10,10,0,0,0,0,0,0,1005055,1836031,3526655,1088659.71,1000
1781848270,0,69770,0,286.32,1000.00,1549311,1968127,2422783,3102719,3950591,466176,47087615,2072787.78,1333204.97,69770,10,10,10,0,0,0,0,0,0,970751,1636351,1980415,1005274.37,1000
1781848271,0,70770,0,289.24,1000.39,1533951,1957887,2414591,3100671,3936255,466176,47087615,2059244.26,1329554.22,70770,10,10,10,0,0,0,0,0,0,1026047,1918975,2840575,1114313.22,1000
1781848272,0,71770,0,292.13,1000.11,1517567,1946623,2408447,3096575,3913727,460800,47087615,2044863.17,1326741.59,71770,10,10,10,0,0,0,0,0,0,960511,1856511,2775039,1027113.09,1000
1781848273,0,72770,0,295.00,999.89,1501183,1936383,2400255,3092479,3899391,460800,47087615,2030808.13,1323544.63,72770,10,10,10,0,0,0,0,0,0,971263,1666047,2191359,1022077.95,1000
1781848274,0,73770,0,297.85,1000.07,1484799,1924095,2394111,3088383,3876863,460800,47087615,2016172.13,1320922.23,73770,10,10,10,0,0,0,0,0,0,904191,1552383,1969151,951110.40,1000
1781848275,0,74770,0,300.67,1000.21,1471487,1912831,2387967,3084287,3860479,460800,47087615,2003295.66,1317421.80,74770,10,10,10,0,0,0,0,0,0,990719,1790975,2265087,1053398.66,1000
1781848276,0,75770,0,303.47,999.75,1456127,1900543,2379775,3082239,3848191,460800,47087615,1989348.40,1314843.13,75770,10,10,10,0,0,0,0,0,0,911359,1466367,1909759,946511.74,1000
1781848277,0,76770,0,306.25,999.41,1439743,1889279,2373631,3078143,3835903,460800,47087615,1975863.00,1311830.58,76770,10,10,10,0,0,0,0,0,0,948223,1354751,1643519,954074.37,1000
1781848278,0,77770,0,309.01,1000.89,1424383,1876991,2365439,3074047,3819519,460800,47087615,1962895.05,1308597.50,77770,10,10,10,0,0,0,0,0,0,962047,1372159,1540095,967345.02,1000
1781848279,0,78770,0,311.74,1000.07,1410047,1865727,2359295,3071999,3813375,460800,47087615,1950132.49,1305572.60,78770,10,10,10,0,0,0,0,0,0,935935,1372159,2127871,957588.61,1000
1781848280,0,79770,0,314.46,999.56,1396735,1855487,2353151,3067903,3807231,460800,47087615,1939828.46,1301629.13,79770,10,10,10,0,0,0,0,0,0,1049599,1916927,3241983,1128179.97,1000
1781848281,0,80770,0,317.15,999.54,1383423,1844223,2347007,3065855,3796991,460800,47087615,1928751.20,1297933.47,80770,10,10,10,0,0,0,0,0,0,1000447,1685503,2611199,1045117.70,1000
1781848282,0,81770,0,319.82,1000.45,1368063,1831935,2340863,3061759,3788799,460800,47087615,1917002.15,1294738.57,81770,10,10,10,0,0,0,0,0,0,931839,1524735,2121727,968031.74,1000
1781848283,0,82770,0,322.47,1000.08,1353727,1821695,2334719,3057663,3778559,460800,47087615,1906265.22,1291565.91,82770,10,10,10,0,0,0,0,0,0,936447,1723391,3100671,1028306.69,1000
1781848284,0,83770,0,325.10,999.59,1337343,1810431,2328575,3055615,3766271,460800,47087615,1895673.21,1287768.74,83770,10,10,10,0,0,0,0,0,0,995327,1513471,1826815,1018972.42,1000
1781848285,0,84770,0,327.71,1000.30,1318911,1800191,2320383,3051519,3756031,460800,47087615,1885838.86,1283954.40,84770,10,10,10,0,0,0,0,0,0,1009663,1799167,2398207,1062015.10,1000
1781848286,0,85770,0,330.30,999.94,1298431,1788927,2314239,3047423,3749887,460800,47087615,1875106.68,1281095.82,85770,10,10,10,0,0,0,0,0,0,904191,1596415,2271231,965340.16,1000
1781848287,0,86770,0,332.87,999.77,1277951,1777663,2308095,3043327,3741695,460800,47087615,1865259.05,1277625.60,86770,10,10,10,0,0,0,0,0,0,964095,1595391,2471935,1020627.97,1000
1781848288,0,87770,0,335.42,1000.59,1258495,1766399,2301951,3041279,3729407,460800,47087615,1855680.48,1274108.15,87770,10,10,10,0,0,0,0,0,0,980479,1605631,2039807,1024547.84,1000
1781848289,0,88770,0,337.95,999.78,1239039,1756159,2295807,3039231,3719167,460800,47087615,1846337.56,1270510.12,88770,10,10,10,0,0,0,0,0,0,970751,1678335,2398207,1026308.99,1000
1781848290,0,89770,0,340.46,999.49,1220607,1744895,2287615,3033087,3715071,460800,47087615,1836990.34,1266888.89,89770,10,10,10,0,0,0,0,0,0,985087,1574911,1876991,1007238.27,1000
1781848291,0,90770,0,342.95,1000.48,1204223,1733631,2281471,3031039,3708927,460800,47087615,1828175.11,1263095.86,90770,10,10,10,0,0,0,0,0,0,1005055,1659903,2000895,1036831.62,1000
1781848292,0,91770,0,345.42,1000.37,1188863,1724415,2275327,3026943,3700735,460800,47087615,1819258.94,1259607.09,91770,10,10,10,0,0,0,0,0,0,958975,1653759,2242559,1009938.05,1000
1781848293,0,92770,0,347.88,1000.08,1175551,1714175,2269183,3022847,3692543,450560,47087615,1810952.07,1256051.30,92770,10,10,10,0,0,0,0,0,0,982015,1703935,2760703,1048630.91,1000
1781848294,0,93770,0,350.31,999.88,1165311,1703935,2263039,3020799,3678207,450560,47087615,1803100.76,1252086.70,93770,10,10,10,0,0,0,0,0,0,1019903,1778687,2111487,1074734.08,1000
1781848295,0,94770,0,352.73,1000.08,1154047,1694719,2254847,3016703,3672063,450560,47087615,1794982.12,1248363.26,94770,10,10,10,0,0,0,0,0,0,992767,1647615,1970175,1033697.15,1000
1781848296,0,95770,0,355.13,999.63,1140735,1683455,2248703,3012607,3665919,450560,47087615,1785970.88,1245186.84,95770,10,10,10,0,0,0,0,0,0,913919,1368063,1609727,931976.06,1000
1781848297,0,96770,0,357.51,999.82,1130495,1674239,2244607,3012607,3698687,450560,47087615,1785300.73,1298788.71,96770,10,10,10,0,0,0,0,0,0,972287,3614719,22331391,1721120.77,1000
1781848298,0,97770,0,359.88,999.79,1120255,1662975,2238463,3010559,3690495,450560,47087615,1776835.55,1295091.26,97770,10,10,10,0,0,0,0,0,0,927231,1473535,1717247,957659.65,1000
1781848299,0,98770,0,362.23,1000.36,1111039,1653759,2232319,3008511,3676159,450560,47087615,1769168.81,1291134.29,98770,10,10,10,0,0,0,0,0,0,985087,1590271,2089983,1019591.81,1000
1781848300,0,99770,0,364.56,999.58,1103871,1644543,2224127,3004415,3672063,450560,47087615,1762093.54,1287011.29,99770,10,10,10,0,0,0,0,0,0,1025023,1659903,2168831,1063269.25,1000
1781848301,0,100770,0,366.87,999.92,1096703,1633279,2217983,3002367,3665919,450560,47087615,1754677.60,1283157.57,100770,10,10,10,0,0,0,0,0,0,986111,1535999,2248703,1014788.74,1000
1781848302,0,101770,0,369.17,1000.54,1087487,1624063,2211839,2998271,3657727,450560,47087615,1747068.79,1279512.34,101770,10,10,10,0,0,0,0,0,0,943103,1606655,2081791,980329.86,1000
1781848303,0,102770,0,371.45,999.65,1081343,1613823,2205695,2996223,3647487,450560,47087615,1740226.84,1275535.13,102770,10,10,10,0,0,0,0,0,0,999423,1603583,1980415,1043920.77,1000
1781848304,0,103770,0,373.71,1000.38,1077247,1604607,2199551,2994175,3641343,450560,47087615,1733821.73,1271705.35,103770,10,10,10,0,0,0,0,0,0,1011199,1683455,3229695,1075568.90,1000
1781848305,0,104770,0,375.96,1000.15,1071103,1594367,2195455,2992127,3641343,450560,47087615,1727373.65,1268257.75,104770,10,10,10,0,0,0,0,0,0,983551,1659903,3471359,1058256.38,1000
1781848306,0,105770,0,378.19,1000.01,1067007,1586175,2189311,2990079,3629055,450560,47087615,1721278.64,1264255.96,105770,10,10,10,0,0,0,0,0,0,1030655,1713151,2349055,1082704.77,1000
1781848307,0,106770,0,380.40,999.72,1060863,1575935,2183167,2985983,3622911,450560,47087615,1714640.25,1260519.98,106770,10,10,10,0,0,0,0,0,0,969215,1587199,1942527,1012497.66,1000
1781848308,0,107770,0,382.60,999.79,1055743,1566719,2177023,2981887,3614719,450560,47087615,1708082.79,1256867.91,107770,10,10,10,0,0,0,0,0,0,965631,1596415,1933311,1007942.78,1000
1781848309,0,108770,0,384.79,999.83,1048575,1557503,2172927,2979839,3608575,450560,47087615,1701447.01,1253448.70,108770,10,10,10,0,0,0,0,0,0,930815,1533951,2473983,986308.48,1000
1781848310,0,109770,0,386.96,1000.30,1044479,1549311,2166783,2975743,3602431,450560,47087615,1695864.26,1249676.63,109770,10,10,10,0,0,0,0,0,0,1029119,1856511,2519039,1088628.61,1000
1781848311,0,110770,0,389.11,999.58,1040383,1541119,2160639,2971647,3596287,450560,47087615,1690151.96,1245915.73,110770,10,10,10,0,0,0,0,0,0,1012223,1723391,2310143,1063113.34,1000
1781848312,0,111770,0,391.25,1001.01,1034751,1531903,2156543,2969599,3590143,450560,47087615,1683636.04,1242504.98,111770,10,10,10,0,0,0,0,0,0,939519,1438719,1780735,961867.01,1000
1781848313,0,112770,0,393.37,999.79,1029119,1522687,2150399,2965503,3581951,448768,47087615,1677202.59,1239243.30,112770,10,10,10,0,0,0,0,0,0,912383,1522687,2277375,958136.70,1000
1781848314,0,113770,0,395.48,999.88,1023999,1514495,2144255,2963455,3575807,448768,47087615,1671225.33,1235881.25,113770,10,10,10,0,0,0,0,0,0,941055,1742847,2332671,997169.54,1000
1781848315,0,114770,0,397.57,999.37,1019391,1505279,2138111,2959359,3567615,448768,47087615,1665365.25,1232524.55,114770,10,10,10,0,0,0,0,0,0,943615,1675263,2392063,998663.17,1000
1781848316,0,115770,0,399.65,1000.78,1014783,1497087,2131967,2955263,3557375,448768,47087615,1659406.60,1229197.61,115770,10,10,10,0,0,0,0,0,0,936959,1547263,2099199,975532.93,1000
1781848317,0,116770,0,401.72,999.16,1010175,1488895,2125823,2953215,3549183,448768,47087615,1653344.31,1225955.41,116770,10,10,10,0,0,0,0,0,0,916991,1498111,1828863,951512.32,1000
1781848318,0,117770,0,403.77,1000.20,1005567,1481727,2121727,2951167,3545087,448768,47087615,1647767.88,1222683.97,117770,10,10,10,0,0,0,0,0,0,938495,1653759,2467839,996608.90,1000
1781848319,0,118770,0,405.81,1000.16,999935,1472511,2115583,2947071,3540991,448768,47087615,1641545.94,1219639.21,118770,10,10,10,0,0,0,0,0,0,895999,1342463,1563647,908787.58,1000
1781848320,0,119770,0,407.83,999.76,995327,1464319,2109439,2945023,3538943,448768,47087615,1635910.00,1216590.20,119770,10,10,10,0,0,0,0,0,0,923647,1392639,1900543,966529.92,1000
1781848321,0,120770,0,409.84,999.97,991231,1457151,2103295,2940927,3534847,448768,47087615,1630366.69,1213489.42,120770,10,10,10,0,0,0,0,0,0,911871,1713151,2269183,966444.54,1000
1781848322,0,121770,0,411.84,1000.61,988159,1451007,2099199,2938879,3528703,448768,47087615,1625438.73,1210150.59,121770,10,10,10,0,0,0,0,0,0,985087,1689599,2273279,1030288.26,1000
1781848323,0,122770,0,413.82,999.95,986111,1443839,2092031,2936831,3522559,448768,47087615,1620963.26,1206648.09,122770,10,10,10,0,0,0,0,0,0,1031679,1744895,2222079,1075985.15,1000
1781848324,0,123770,0,415.79,1000.01,983551,1436671,2085887,2934783,3516415,448768,47087615,1616056.77,1203441.89,123770,10,10,10,0,0,0,0,0,0,958975,1661951,2471935,1013687.55,1000
1781848325,0,124770,0,417.74,999.52,978943,1429503,2080767,2930687,3512319,448768,47087615,1610938.17,1200408.35,124770,10,10,10,0,0,0,0,0,0,920575,1625087,2598911,977409.54,1000
1781848326,0,125770,0,419.69,1000.07,975359,1423359,2074623,2928639,3504127,448768,47087615,1605910.77,1197258.07,125770,10,10,10,0,0,0,0,0,0,940543,1535999,1951743,978641.41,1000
1781848327,0,126250,0,419.89,480.04,975359,1421311,2072575,2926591,3502079,448768,47087615,1605108.28,1195667.73,126250,10,10,10,0,0,0,0,0,0,1205247,2639871,3190783,1394838.93,480
1781848328,0,126450,0,419.16,200.01,975871,1423359,2074623,2928639,3500031,448768,47087615,1606003.16,1195123.27,126450,10,10,10,0,0,0,0,0,0,2117631,3074047,3368959,2170900.48,200
1781848329,0,126650,0,418.43,200.01,976383,1424383,2076671,2928639,3502079,448768,47087615,1606870.40,1194602.82,126650,10,10,10,0,0,0,0,0,0,2103295,3115007,3710975,2155179.52,200
1781848330,0,126850,0,417.72,199.94,976895,1425407,2077695,2930687,3506175,448768,47087615,1607908.53,1194230.97,126850,10,10,10,0,0,0,0,0,0,2172927,3479551,3893247,2265303.04,200
1781848331,0,127050,0,417.00,200.10,977919,1427455,2079743,2930687,3510271,448768,47087615,1608840.06,1193769.36,127050,10,10,10,0,0,0,0,0,0,2138111,3121151,4206591,2199664.64,200
1781848332,0,127250,0,416.29,200.05,978431,1428479,2080767,2930687,3510271,448768,47087615,1609619.40,1193184.14,127250,10,10,10,0,0,0,0,0,0,2067455,2996223,3217407,2104693.76,200
1781848333,0,127450,0,415.59,199.93,978943,1429503,2081791,2932735,3510271,448768,47087615,1610529.29,1192678.10,127450,10,10,10,0,0,0,0,0,0,2111487,3106815,3424255,2189445.12,200
1781848334,0,127650,0,414.89,200.05,979455,1431551,2083839,2932735,3510271,448768,47087615,1611516.79,1192205.52,127650,10,10,10,0,0,0,0,0,0,2164735,3186687,3962879,2240806.40,200
1781848335,0,127850,0,414.19,200.03,979967,1433599,2084863,2932735,3510271,448768,47087615,1612264.70,1191603.78,127850,10,10,10,0,0,0,0,0,0,2028543,3055615,3344383,2089617.92,200
1781848336,0,128050,0,413.50,199.96,980479,1433599,2084863,2932735,3508223,448768,47087615,1612562.92,1190847.27,128050,10,10,10,0,0,0,0,0,0,1789951,2590719,2815999,1803201.28,200
1781848337,0,128250,0,412.81,199.89,980991,1434623,2084863,2932735,3506175,448768,47087615,1612689.89,1190062.00,128250,10,10,10,0,0,0,0,0,0,1599487,2510847,2611199,1693980.16,200
1781848338,0,128450,0,412.13,199.97,982015,1434623,2084863,2932735,3504127,448768,47087615,1613186.57,1189399.33,128450,10,10,10,0,0,0,0,0,0,1893375,2938879,3192831,1931680.00,200
1781848339,0,128650,0,411.45,200.16,982527,1436671,2085887,2932735,3504127,448768,47087615,1613984.46,1188828.07,128650,10,10,10,0,0,0,0,0,0,2101247,2996223,3266559,2126430.72,200
1781848340,0,128850,0,410.77,199.93,983039,1437695,2087935,2932735,3510271,448768,47087615,1614941.60,1188442.70,128850,10,10,10,0,0,0,0,0,0,2162687,3235839,4292607,2230625.28,200
1781848341,0,129050,0,410.10,199.93,983551,1438719,2088959,2934783,3510271,448768,47087615,1615839.71,1187953.76,129050,10,10,10,0,0,0,0,0,0,2189311,3092479,3362815,2194442.24,200
1781848342,0,129250,0,409.44,200.09,984063,1440767,2091007,2934783,3508223,448768,47087615,1616542.38,1187352.91,129250,10,10,10,0,0,0,0,0,0,2030591,3016703,3211263,2069941.76,200
1781848343,0,129450,0,408.78,199.89,984575,1441791,2092031,2934783,3506175,448768,47087615,1617479.78,1186869.20,129450,10,10,10,0,0,0,0,0,0,2197503,3127295,3340287,2223272.96,200
1781848344,0,129650,0,408.12,200.09,985087,1442815,2094079,2936831,3510271,448768,47087615,1618495.98,1186487.32,129650,10,10,10,0,0,0,0,0,0,2189311,3241983,4139007,2276234.24,200
1781848345,0,129850,0,407.47,199.98,985599,1444863,2095103,2936831,3506175,448768,47087615,1619288.86,1185912.09,129850,10,10,10,0,0,0,0,0,0,2091007,3069951,3303423,2133273.60,200
1781848346,0,130050,0,406.82,200.03,986111,1445887,2097151,2936831,3512319,448768,47087615,1620332.50,1185715.70,130050,10,10,10,0,0,0,0,0,0,2189311,3586047,5697535,2297917.44,200
1781848347,0,130250,0,406.17,199.90,986623,1446911,2099199,2936831,3512319,448768,47087615,1621178.29,1185193.26,130250,10,10,10,0,0,0,0,0,0,2187263,3084287,3293183,2171148.80,200
1781848348,0,130450,0,405.53,200.14,987135,1447935,2099199,2938879,3510271,448768,47087615,1621952.54,1184656.23,130450,10,10,10,0,0,0,0,0,0,2113535,3096575,3237887,2126182.40,200
1781848349,0,130650,0,404.90,199.87,987647,1448959,2101247,2938879,3510271,448768,47087615,1622868.75,1184192.98,130650,10,10,10,0,0,0,0,0,0,2150399,3166207,3414015,2220469.76,200
1781848350,0,130850,0,404.26,200.12,988159,1451007,2101247,2940927,3520511,448768,47087615,1624529.09,1185915.75,130850,10,10,10,0,0,0,0,0,0,2252799,7581695,9166847,2709143.04,200
1781848351,0,131050,0,403.63,199.97,988671,1452031,2103295,2942975,3522559,448768,47087615,1625479.52,1185500.97,131050,10,10,10,0,0,0,0,0,0,2224127,3215359,4114431,2247298.56,200
1781848352,0,131250,0,403.01,199.92,989183,1454079,2105343,2942975,3522559,448768,47087615,1626355.07,1185011.68,131250,10,10,10,0,0,0,0,0,0,2115583,3098623,3567615,2200058.88,200
1781848353,0,131450,0,402.39,200.04,989695,1455103,2105343,2945023,3524607,448768,47087615,1627311.60,1184602.08,131450,10,10,10,0,0,0,0,0,0,2205695,3246079,3897343,2255037.44,200
1781848354,0,131650,0,401.77,200.08,990207,1456127,2107391,2945023,3522559,448768,47087615,1628061.49,1184068.91,131650,10,10,10,0,0,0,0,0,0,2123775,3127295,3327999,2120929.28,200
1781848355,0,131850,0,401.16,199.90,990719,1457151,2107391,2947071,3528703,448768,47087615,1629200.40,1184152.62,131850,10,10,10,0,0,0,0,0,0,2134015,3768319,6770687,2378887.68,200
1781848356,0,132050,0,400.55,200.02,991231,1458175,2109439,2947071,3528703,448768,47087615,1630111.30,1183685.95,132050,10,10,10,0,0,0,0,0,0,2195455,3145727,3411967,2230617.60,200
1781848357,0,132250,0,399.94,200.06,991743,1460223,2111487,2949119,3528703,448768,47087615,1630994.38,1183195.57,132250,10,10,10,0,0,0,0,0,0,2191359,3149823,3321855,2214049.28,200
1781848358,0,132450,0,399.34,199.89,992255,1461247,2111487,2949119,3528703,448768,47087615,1631922.64,1182757.70,132450,10,10,10,0,0,0,0,0,0,2236415,3211263,3596287,2245734.40,200
1781848359,0,132650,0,398.74,199.98,992767,1462271,2113535,2951167,3526655,448768,47087615,1632746.64,1182250.24,132650,10,10,10,0,0,0,0,0,0,2183167,3112959,3227647,2178439.68,200
1781848360,0,132850,0,398.14,199.99,993279,1463295,2115583,2951167,3530751,448768,47087615,1633747.76,1181970.92,132850,10,10,10,0,0,0,0,0,0,2179071,3418111,4599807,2297740.80,200
1781848361,0,133050,0,397.55,200.08,993791,1465343,2115583,2953215,3534847,448768,47087615,1634775.03,1181683.56,133050,10,10,10,0,0,0,0,0,0,2240511,3342335,4816895,2317140.48,200
1781848362,0,133250,0,396.96,199.93,994303,1466367,2117631,2953215,3538943,448768,47087615,1635890.41,1181526.66,133250,10,10,10,0,0,0,0,0,0,2283519,3598335,4956159,2377896.96,200
1781848363,0,133450,0,396.38,200.04,995327,1467391,2119679,2955263,3538943,448768,47087615,1636749.68,1181036.78,133450,10,10,10,0,0,0,0,0,0,2224127,3166207,3340287,2209236.48,200
1781848364,0,133650,0,395.79,200.07,995839,1468415,2119679,2955263,3540991,448768,47087615,1637779.58,1180701.30,133650,10,10,10,0,0,0,0,0,0,2310143,3309567,3799039,2324984.32,200
1781848365,0,133850,0,395.22,200.04,996351,1470463,2121727,2957311,3540991,448768,47087615,1638841.86,1180369.16,133850,10,10,10,0,0,0,0,0,0,2353151,3260415,3592191,2348705.28,200
1781848366,0,134050,0,394.64,199.97,996863,1472511,2123775,2957311,3540991,448768,47087615,1639741.34,1179902.80,134050,10,10,10,0,0,0,0,0,0,2230271,3160063,3287039,2241720.32,200
1781848367,0,134250,0,394.07,199.94,997375,1473535,2125823,2957311,3538943,448768,47087615,1640560.74,1179385.27,134250,10,10,10,0,0,0,0,0,0,2162687,3022847,3229695,2189767.68,200
1781848368,0,134450,0,393.50,200.14,997887,1474559,2125823,2959359,3538943,448768,47087615,1641377.01,1178899.52,134450,10,10,10,0,0,0,0,0,0,2125823,3164159,3397631,2189296.64,200
1781848369,0,134650,0,392.94,199.82,998399,1475583,2127871,2959359,3538943,448768,47087615,1642183.17,1178414.34,134650,10,10,10,0,0,0,0,0,0,2152447,3158015,3340287,2184120.32,200
1781848370,0,134850,0,392.38,199.99,998911,1476607,2129919,2961407,3538943,448768,47087615,1642994.87,1177931.63,134850,10,10,10,0,0,0,0,0,0,2172927,3082239,3291135,2189475.84,200
1781848371,0,135050,0,391.82,200.09,999423,1478655,2129919,2961407,3540991,448768,47087615,1644005.02,1177708.23,135050,10,10,10,0,0,0,0,0,0,2177023,3512319,5013503,2325099.52,200
1781848372,0,135250,0,391.26,200.03,1000447,1479679,2131967,2963455,3540991,448768,47087615,1644862.32,1177248.07,135250,10,10,10,0,0,0,0,0,0,2191359,3178495,3303423,2223754.24,200
1781848373,0,135450,0,390.71,200.00,1000959,1480703,2131967,2963455,3540991,448768,47087615,1645679.85,1176763.69,135450,10,10,10,0,0,0,0,0,0,2213887,3121151,3295231,2198530.56,200
1781848374,0,135650,0,390.16,199.96,1001471,1481727,2134015,2963455,3538943,448768,47087615,1646439.16,1176245.57,135650,10,10,10,0,0,0,0,0,0,2065407,3043327,3246079,2160686.08,200
1781848375,0,135850,0,389.62,200.06,1001983,1482751,2134015,2965503,3538943,448768,47087615,1647304.15,1175783.88,135850,10,10,10,0,0,0,0,0,0,2230271,3098623,3278847,2233981.44,200
1781848376,0,136050,0,389.08,199.98,1002495,1483775,2136063,2965503,3538943,448768,47087615,1648115.49,1175301.20,136050,10,10,10,0,0,0,0,0,0,2142207,3203071,3403775,2199214.08,200
1781848377,0,136250,0,388.54,199.87,1003007,1485823,2138111,2965503,3540991,448768,47087615,1649014.33,1174905.57,136250,10,10,10,0,0,0,0,0,0,2265087,3227647,3956735,2260454.40,200
1781848378,0,136450,0,388.00,200.07,1003519,1486847,2138111,2967551,3538943,448768,47087615,1649745.95,1174390.80,136450,10,10,10,0,0,0,0,0,0,2185215,3086335,3366911,2148162.56,200
1781848379,0,136650,0,387.47,200.00,1004543,1487871,2140159,2967551,3538943,448768,47087615,1650527.23,1173883.10,136650,10,10,10,0,0,0,0,0,0,2172927,3086335,3334143,2183552.00,200
1781848380,0,136850,0,386.94,200.06,1005055,1488895,2142207,2967551,3538943,448768,47087615,1651305.26,1173388.81,136850,10,10,10,0,0,0,0,0,0,2185215,3067903,3497983,2182896.64,200
1781848381,0,137050,0,386.41,199.86,1005567,1489919,2142207,2967551,3538943,448768,47087615,1652030.67,1172842.09,137050,10,10,10,0,0,0,0,0,0,2088959,3035135,3237887,2148390.40,200
1781848382,0,137250,0,385.89,200.14,1006079,1491967,2142207,2969599,3536895,448768,47087615,1652726.47,1172297.66,137250,10,10,10,0,0,0,0,0,0,2071551,3051519,3178495,2129523.20,200
1781848383,0,137450,0,385.36,199.89,1006591,1492991,2144255,2969599,3536895,448768,47087615,1653454.52,1171810.41,137450,10,10,10,0,0,0,0,0,0,2078719,3149823,3434495,2153077.76,200
1781848384,0,137650,0,384.85,200.07,1007103,1494015,2144255,2969599,3534847,448768,47087615,1654201.49,1171313.02,137650,10,10,10,0,0,0,0,0,0,2085887,3088383,3260415,2167562.24,200
1781848385,0,137850,0,384.33,199.91,1007615,1495039,2146303,2969599,3534847,448768,47087615,1654915.25,1170787.51,137850,10,10,10,0,0,0,0,0,0,2096127,3031039,3348479,2146160.64,200
1781848386,0,138050,0,383.82,200.11,1008127,1496063,2146303,2971647,3534847,448768,47087615,1655704.75,1170313.28,138050,10,10,10,0,0,0,0,0,0,2174975,3223551,3426303,2199866.88,200
1781848387,0,139112,0,385.70,1061.80,1011199,1504255,2160639,3016703,5156863,448768,362283007,2082344.65,8316178.95,139112,10,10,10,0,0,0,0,0,0,37191679,254672895,342360063,57541514.12,1062
1781848388,0,140847,0,389.43,1735.46,1015807,1518591,2187263,3108863,45842431,448768,788529151,5510427.83,45778732.62,140847,10,10,10,0,0,0,0,0,0,63569919,752877567,777519103,280373543.99,1735
1781848389,0,142125,0,391.88,1278.41,1019391,1529855,2207743,3192831,429654015,448768,788529151,9583584.93,63906767.69,142125,10,10,10,0,0,0,0,0,0,471597055,656408575,673710079,458481830.66,1278
1781848390,0,143790,0,395.38,1664.14,1023487,1543167,2234367,3452927,756547583,448768,851967999,18371294.16,103136351.25,143790,10,10,10,0,0,0,0,0,0,771227647,816840703,842006527,768493320.76,1665
1781848391,0,145209,0,398.19,1418.71,1027583,1554431,2256895,5890047,835190783,448768,1212153855,29064779.87,149113782.18,145209,10,10,10,0,0,0,0,0,0,1161822207,1207959551,1210056703,1112656260.24,1419
1781848392,0,147428,0,403.17,2220.58,1033215,1574911,2293759,190054399,1072168959,448768,1212153855,43928628.22,190818589.98,147428,10,10,10,0,0,0,0,0,0,1011351551,1126170623,1147142143,1016603055.94,2219
1781848393,0,149010,0,406.38,1581.11,1037823,1588223,2320383,620232703,1133510655,448768,1238368255,55200407.27,218899359.85,149010,10,10,10,0,0,0,0,0,0,1083179007,1224736767,1235222527,1105627614.99,1582
1781848394,0,150840,0,410.25,1830.95,1042943,1603583,2351103,778043391,1261436927,448768,1324351487,70053488.57,255545800.47,150840,10,10,10,0,0,0,0,0,0,1284505599,1310719999,1320157183,1279483895.05,1830
1781848395,0,152510,0,413.67,1669.49,1047551,1618943,2379775,999817215,1337982975,448768,1490026495,84538600.93,289063603.54,152510,10,10,10,0,0,0,0,0,0,1394606079,1468006399,1483735039,1392882522.44,1670
1781848396,0,154067,0,416.76,1557.59,1051647,1632255,2408447,1051721727,1492123647,448768,1714421759,100151420.89,326572474.18,154067,10,10,10,0,0,0,0,0,0,1645215743,1711276031,1713373183,1629445686.26,1557
1781848397,0,155966,0,420.76,1898.44,1056767,1649663,2443263,1185939455,1712324607,448768,1763704831,119945029.26,370323374.60,155966,10,10,10,0,0,0,0,0,0,1724907519,1754267647,1761607679,1725812255.01,1899
1781848398,0,157511,0,423.79,1544.14,1060863,1662975,2473983,1275068415,1758461951,448768,2001731583,137162431.87,407151615.14,157511,10,10,10,0,0,0,0,0,0,1871708159,1989148671,1995440127,1875239723.25,1545
1781848399,0,159366,0,427.63,1856.55,1065983,1680383,2510847,1373634559,1986002943,448768,2098200575,159152775.42,452681382.28,159366,10,10,10,0,0,0,0,0,0,2038431743,2070937599,2094006271,2026387817.02,1855
1781848400,0,161220,0,431.44,1853.70,1071103,1696767,2549759,1587544063,2051014655,448768,2130706431,180933120.97,493307779.25,161220,10,10,10,0,0,0,0,0,0,2054160383,2118123519,2126512127,2053126512.95,1854
1781848401,0,162938,0,434.88,1718.27,1075199,1712127,2590719,1718616063,2153775103,448768,2302672895,202543974.61,533506429.15,162938,10,10,10,0,0,0,0,0,0,2250244095,2271215615,2285895679,2230542707.93,1718
1781848402,0,164700,0,438.41,1761.27,1080319,1728511,2635775,1823473663,2279604223,448768,2413821951,225492829.71,574725174.94,164700,10,10,10,0,0,0,0,0,0,2355101695,2407530495,2409627647,2347649784.15,1762
1781848403,0,166566,0,442.20,1866.06,1085439,1745919,2686975,2011168767,2409627647,448768,2464153599,250076057.90,616402602.80,166566,10,10,10,0,0,0,0,0,0,2415919103,2455764991,2462056447,2419881889.61,1866
1781848404,0,168206,0,445.37,1639.91,1090559,1761279,2736127,2054160383,2457862143,448768,2642411519,272221271.44,652750879.71,168206,10,10,10,0,0,0,0,0,0,2501902335,2631925759,2640314367,2521391783.34,1640
1781848405,0,169930,0,448.75,1724.47,1095679,1777663,2791423,2176843775,2644508671,448768,2782920703,297130073.75,694487582.90,169930,10,10,10,0,0,0,0,0,0,2738880511,2780823551,2782920703,2727414296.95,1724
1781848406,0,172210,0,453.57,2279.91,1101823,1800191,2869247,2327838719,2728394751,448768,2789212159,329000348.57,742734110.36,172210,10,10,10,0,0,0,0,0,0,2688548863,2778726399,2782920703,2704314296.14,2280
1781848407,0,173780,0,456.50,1570.19,1105919,1815551,2926591,2409627647,2747269119,448768,2852126719,350618332.05,773289735.77,173780,10,10,10,0,0,0,0,0,0,2713714687,2839543807,2847932415,2721849500.54,1570
1781848408,0,175731,0,460.42,1950.71,1111039,1832959,2998271,2478833663,2883583999,448768,2959081471,379112478.40,814656178.95,175731,10,10,10,0,0,0,0,0,0,2921332735,2952790015,2956984319,2917150793.48,1951
1781848409,0,177860,0,464.78,2127.79,1118207,1854463,3084287,2654994431,2885681151,448768,2959081471,408583910.18,852892363.29,177860,10,10,10,0,0,0,0,0,0,2843738111,2883583999,2885681151,2841202124.29,2129
1781848410,0,179670,0,468.29,1810.83,1123327,1871871,3172351,2699034623,2889875455,448768,2959081471,433191548.08,882953109.30,179670,10,10,10,0,0,0,0,0,0,2858418175,2891972607,2904555519,2851265844.90,1810
1781848411,0,181360,0,471.46,1688.98,1128447,1888255,3303423,2757754879,2942304255,448768,3066036223,457042495.16,912601336.40,181360,10,10,10,0,0,0,0,0,0,2990538751,3061841919,3063939071,2992722768.28,1690
1781848412,0,183100,0,474.75,1739.96,1133567,1905663,3975167,2808086527,3061841919,448768,3231711231,482724044.12,945363167.64,183100,10,10,10,0,0,0,0,0,0,3200253951,3227516927,3229614079,3159508940.21,1740
1781848413,0,185240,0,479.06,2141.40,1139711,1926143,26984447,2860515327,3141533695,448768,3231711231,513409917.37,981813208.08,185240,10,10,10,0,0,0,0,0,0,3133145087,3183476735,3191865343,3138916175.91,2140
1781848414,0,187030,0,482.44,1788.68,1145855,1943551,299368447,2883583999,3196059647,448768,3231711231,538981748.37,1011143528.64,187030,10,10,10,0,0,0,0,0,0,3198156799,3219128319,3227516927,3185309107.92,1790
1781848415,0,188829,0,485.83,1800.69,1151999,1960959,634912767,2938109951,3227516927,448768,3426746367,565431844.73,1041837049.13,188829,10,10,10,0,0,0,0,0,0,3323985919,3376414719,3397386239,3315271489.89,1799
1781848416,0,191024,0,490.21,2194.22,1159167,1982463,777519103,3066036223,3265265663,448768,3456106495,595896857.14,1073719843.50,191024,10,10,10,0,0,0,0,0,0,3193962495,3437232127,3451912191,3216706802.12,2195
1781848417,0,192960,0,493.91,1936.86,1165311,2000895,986185727,3131047935,3294625791,448768,3456106495,622624631.18,1100821795.04,192960,10,10,10,0,0,0,0,0,0,3271557119,3309305855,3313500159,3259838633.26,1936
1781848418,0,194888,0,497.57,1926.41,1172479,2020351,1042284543,3168796671,3334471679,448768,3456106495,649417273.87,1127690426.18,194888,10,10,10,0,0,0,0,0,0,3334471679,3399483391,3409969151,3330904998.77,1928
1781848419,0,196922,0,501.49,2035.66,1179647,2039807,1149239295,3206545407,3336568831,448768,3456106495,676458276.61,1152655773.68,196922,10,10,10,0,0,0,0,0,0,3265265663,3298820095,3349151743,3267395809.54,2034
1781848420,0,199021,0,505.55,2097.87,1187839,2061311,1257242623,3225419775,3336568831,448768,3456106495,703931368.56,1177042586.62,199021,10,10,10,0,0,0,0,0,0,3296722943,3330277375,3338665983,3281375967.68,2099
1781848421,0,200790,0,508.75,1769.17,1193983,2079743,1297088511,3254779903,3363831807,448768,3456106495,727263532.84,1197705524.12,200790,10,10,10,0,0,0,0,0,0,3365928959,3420454911,3424649215,3352244124.44,1769
1781848422,0,202565,0,511.95,1775.76,1200127,2099199,1408237567,3269459967,3391094783,448768,3470786559,750585820.41,1217989535.05,202565,10,10,10,0,0,0,0,0,0,3412066303,3464495103,3468689407,3388829269.09,1775
1781848423,0,204412,0,515.31,1846.31,1207295,2117631,1663041535,3284140031,3460300799,448768,3548381183,775589769.83,1240430167.37,204412,10,10,10,0,0,0,0,0,0,3531603967,3544186879,3546284031,3517833956.70,1847
1781848424,0,206461,0,519.17,2049.81,1216511,2140159,1719664639,3307208703,3539992575,448768,3579838463,803151611.24,1264588514.61,206461,10,10,10,0,0,0,0,0,0,3556769791,3575644159,3579838463,3552771488.30,2049
1781848425,0,207978,0,521.67,1516.78,1222655,2154495,1762656255,3326083071,3558866943,448768,3760193535,823790336.19,1282785006.73,207978,10,10,10,0,0,0,0,0,0,3632267263,3751804927,3755999231,3632684067.78,1517
1781848426,0,209540,0,524.28,1561.78,1228799,2170879,1945108479,3357540351,3678404607,448768,3976200191,846278931.36,1304081666.16,209540,10,10,10,0,0,0,0,0,0,3833593855,3953131519,3969908735,3840602264.09,1562
1781848427,0,211006,0,526.63,1465.85,1235967,2185215,2012217343,3388997631,3835691007,448768,4240441343,869111918.06,1327921744.38,211006,10,10,10,0,0,0,0,0,0,4162846719,4229955583,4236247039,4132702663.42,1466
1781848428,0,212279,0,528.48,1273.41,1242111,2197503,2042626047,3430940671,4137680895,448768,4609540095,890607334.91,1352578267.73,212279,10,10,10,0,0,0,0,0,0,4479516671,4601151487,4605345791,4453578213.05,1273
1781848429,0,214323,0,532.25,2043.32,1251327,2220031,2071986175,3523215359,4580179967,448768,4655677439,926169620.67,1394047279.82,214323,10,10,10,0,0,0,0,0,0,4622123007,4651483135,4651483135,4619480021.92,2044
1781848430,0,216058,0,535.23,1735.75,1259519,2238463,2248146943,3544186879,4596957183,448768,4714397695,955628281.79,1426523897.38,216058,10,10,10,0,0,0,0,0,0,4588568575,4680843263,4710203391,4594630372.70,1735
1781848431,0,217370,0,537.15,1311.34,1264639,2252799,2277507071,3569352703,4638900223,448768,5062524927,979685848.75,1455354705.21,217370,10,10,10,0,0,0,0,0,0,4966055935,5054136319,5062524927,4941446368.78,1312
1781848432,0,218500,0,538.61,1129.68,1269759,2265087,2361393151,3703570431,4844421119,448768,5494538239,1001701969.32,1483391832.73,218500,10,10,10,0,0,0,0,0,0,5226102783,5473566719,5490343935,5236785267.99,1130
1781848433,0,220096,0,541.21,1596.96,1277951,2281471,2409627647,3841982463,5205131263,448768,5704253439,1035500771.54,1530003823.86,220096,10,10,10,0,0,0,0,0,0,5691670527,5700059135,5700059135,5662717741.55,1596
1781848434,0,221520,0,543.37,1423.51,1284095,2297855,2426404863,4183818239,5691670527,448768,5981077503,1066148200.68,1571968472.85,221520,10,10,10,0,0,0,0,0,0,5788139519,5960105983,5976883199,5803069946.25,1424
1781848435,0,222930,0,545.49,1410.46,1291263,2314239,2493513727,4525654015,5767167999,448768,6283067391,1098378674.37,1618238384.67,222930,10,10,10,0,0,0,0,0,0,6182404095,6266290175,6274678783,6161991816.53,1410
1781848436,0,224410,0,547.77,1478.79,1297407,2330623,2638217215,4584374271,6178209791,448768,6543114239,1133394816.98,1669175367.60,224410,10,10,10,0,0,0,0,0,0,6404702207,6522142719,6538919935,6407819596.11,1480
1781848437,0,225906,0,550.08,1497.51,1304575,2347007,2669674495,4617928703,6404702207,448768,6794772479,1170117624.82,1723377312.85,225906,10,10,10,0,0,0,0,0,0,6685720575,6790578175,6794772479,6678784273.80,1496
1781848438,0,227713,0,553.14,1806.54,1312767,2367487,2703228927,4852809727,6740246527,448768,6891241471,1214699511.46,1787441206.34,227713,10,10,10,0,0,0,0,0,0,6782189567,6866075647,6882852863,6788200165.79,1807
1781848439,0,229210,0,555.42,1497.11,1319935,2385919,2743074815,5133828095,6786383871,448768,7142899711,1252621171.20,1841972855.92,229210,10,10,10,0,0,0,0,0,0,7025459199,7134511103,7142899711,7020994521.69,1497
1781848440,0,230820,0,557.97,1609.61,1327103,2404351,2778726399,5691670527,7038042111,448768,7335837695,1294232356.80,1901505798.41,230820,10,10,10,0,0,0,0,0,0,7214202879,7319060479,7331643391,7218269531.27,1610
1781848441,0,232200,0,559.96,1379.93,1333247,2420735,2812280831,5750390783,7197425663,448768,7642021887,1331051711.72,1954747379.45,232200,10,10,10,0,0,0,0,0,0,7491026943,7629438975,7637827583,7489489032.53,1380
1781848442,0,233670,0,562.15,1470.16,1340415,2439167,2835349503,6157238271,7449083903,448768,7910457343,1371476194.27,2013743190.82,233670,10,10,10,0,0,0,0,0,0,7746879487,7893680127,7906263039,7756894458.78,1470
1781848443,0,235204,0,564.48,1534.45,1346559,2457599,2866806783,6387924991,7734296575,448768,8145338367,1414826359.89,2077258297.19,235204,10,10,10,0,0,0,0,0,0,8015314943,8128561151,8136949759,8018237832.51,1534
1781848444,0,236689,0,566.68,1484.35,1351679,2478079,2881486847,6622806015,7998537727,448768,8405385215,1457791425.40,2140173735.78,236689,10,10,10,0,0,0,0,0,0,8258584575,8388607999,8401190911,8262879147.87,1485
1781848445,0,238270,0,569.10,1580.48,1357823,2500607,2919235583,6773800959,8250195967,448768,8615100415,1504717380.76,2208990980.47,238270,10,10,10,0,0,0,0,0,0,8535408639,8606711807,8606711807,8529927658.30,1581
1781848446,0,239805,0,571.41,1535.15,1362943,2521087,2948595711,6908018687,8527020031,448768,8849981439,1551186602.90,2276760448.83,239805,10,10,10,0,0,0,0,0,0,8816427007,8849981439,8849981439,8764360257.04,1535
1781848447,0,241700,0,574.55,1895.57,1370111,2547711,3061841919,7176454143,8833204223,448768,8908701695,1608506303.53,2357705135.92,241700,10,10,10,0,0,0,0,0,0,8866758655,8900313087,8908701695,8862095121.16,1895
1781848448,0,242965,0,576.19,1265.56,1375231,2568191,3120562175,7335837695,8858370047,448768,9277800447,1647601161.38,2412870480.61,242965,10,10,10,0,0,0,0,0,0,9135194111,9269411839,9277800447,9117345939.33,1265
1781848449,0,244858,0,579.31,1892.66,1381375,2598911,3137339391,7704936447,9160359935,448768,9319743487,1706143872.28,2493356710.74,244858,10,10,10,0,0,0,0,0,0,9219080191,9286189055,9311354879,9220052880.57,1893
1781848450,0,246050,0,580.75,1191.80,1385471,2619391,3154116607,7923040255,9227468799,448768,9722396671,1743975634.09,2545737723.97,246050,10,10,10,0,0,0,0,0,0,9512681471,9697230847,9714008063,9515292355.87,1192
1781848451,0,247670,0,583.20,1620.27,1391615,2646015,3183476735,8153726975,9428795391,448768,9915334655,1797045208.44,2620337561.20,247670,10,10,10,0,0,0,0,0,0,9890168831,9906946047,9915334655,9857396301.12,1620
1781848452,0,249230,0,585.49,1559.55,1396735,2674687,3204448255,8417968127,9881780223,448768,10133438463,1848319714.28,2690837733.83,249230,10,10,10,0,0,0,0,0,0,9982443519,10099884031,10125049855,9988804881.07,1560
1781848453,0,250459,0,587.00,1228.89,1401855,2699263,3212836863,8598323199,9948889087,448768,10519314431,1889946027.44,2748912443.25,250459,10,10,10,0,0,0,0,0,0,10343153663,10494148607,10510925823,10331382993.13,1229
1781848454,0,252015,0,589.27,1556.75,1406975,2729983,3225419775,8833204223,10234101759,448768,10745806847,1943925855.79,2824694620.70,252015,10,10,10,0,0,0,0,0,0,10645143551,10720641023,10737418239,10632700809.54,1556
1781848455,0,253460,0,591.26,1443.99,1411071,2760703,3244294143,8866758655,10611589119,448768,11014242303,1994804052.11,2895670380.51,253460,10,10,10,0,0,0,0,0,0,10871635967,10997465087,11014242303,10868207958.99,1445
1781848456,0,254760,0,592.91,1300.77,1416191,2789375,3256877055,9017753599,10779361279,448768,11366563839,2041834260.43,2961994068.67,254760,10,10,10,0,0,0,0,0,0,11232346111,11349786623,11358175231,11211277800.37,1300
1781848457,0,256270,0,595.04,1508.76,1421311,2824191,3267362815,9219080191,11114905599,448768,11618222079,2097584559.89,3040743892.57,256270,10,10,10,0,0,0,0,0,0,11525947391,11601444863,11609833471,11503509254.44,1510
1781848458,0,257720,0,597.02,1450.47,1426431,2856959,3273654271,9311354879,11458838527,448768,11886657535,2151895075.51,3116961597.43,257720,10,10,10,0,0,0,0,0,0,11760828415,11878268927,11886657535,11750623240.47,1450
1781848459,0,259290,0,599.27,1569.93,1432575,2891775,3286237183,9613344767,11534335999,448768,11995709439,2200076946.21,3170889951.25,259290,10,10,10,0,0,0,0,0,0,10376708095,11970543615,11987320831,10109269121.14,1570
1781848460,0,260870,0,601.53,1580.19,1437695,2930687,3292528639,9588178943,11534335999,448768,11995709439,2207419889.95,3166569092.26,260870,10,10,10,0,0,0,0,0,0,3386900479,6576668671,6840909823,3412452727.90,1580
1781848461,0,261070,0,600.61,199.93,1438719,2936831,3292528639,9588178943,11534335999,448768,11995709439,2205733877.36,3165941570.30,261070,10,10,10,0,0,0,0,0,0,6443007,10125311,10887167,6583352.32,200
1781848462,0,261270,0,599.69,200.03,1439743,2940927,3290431487,9579790335,11534335999,448768,11995709439,2204051779.33,3165313063.71,261270,10,10,10,0,0,0,0,0,0,7917567,11927551,12541951,8325120.00,200
1781848463,0,261470,0,598.77,200.03,1440767,2945023,3290431487,9579790335,11534335999,448768,11995709439,2202370778.89,3164685525.98,261470,10,10,10,0,0,0,0,0,0,6004735,10993663,13271039,6395852.80,200
1781848464,0,261670,0,597.86,200.13,1440767,2942975,3290431487,9579790335,11534335999,448768,11995709439,2200689070.49,3164060206.91,261670,10,10,10,0,0,0,0,0,0,2125823,3182591,3794943,2107587.84,200
1781848465,0,261870,0,596.96,199.81,1440767,2938879,3288334335,9571401727,11534335999,448768,11995709439,2199009969.13,3163434801.10,261870,10,10,10,0,0,0,0,0,0,2160639,3123199,3213311,2157713.92,200
1781848466,0,262070,0,596.05,200.05,1441791,2934783,3288334335,9571401727,11534335999,448768,11995709439,2197333513.19,3162809279.79,262070,10,10,10,0,0,0,0,0,0,2168831,3325951,4411391,2265920.00,200
1781848467,0,262270,0,595.15,200.02,1441791,2930687,3288334335,9563013119,11534335999,448768,11995709439,2195659527.66,3162183762.22,262270,10,10,10,0,0,0,0,0,0,2125823,3112959,3291135,2152586.24,200
1781848468,0,262470,0,594.26,199.97,1442815,2928639,3286237183,9563013119,11534335999,448768,11995709439,2193988129.76,3161558164.83,262470,10,10,10,0,0,0,0,0,0,2146303,3188735,3327999,2200496.64,200
1781848469,0,262670,0,593.37,200.02,1442815,2924543,3286237183,9554624511,11534335999,448768,11995709439,2192319293.33,3160932503.57,262670,10,10,10,0,0,0,0,0,0,2185215,3172351,3377151,2221806.08,200
1781848470,0,262870,0,592.48,199.94,1443839,2922495,3286237183,9554624511,11534335999,448768,11995709439,2190653051.79,3160306753.12,262870,10,10,10,0,0,0,0,0,0,2285567,3235839,3432447,2294727.68,200
1781848471,0,263070,0,591.60,200.02,1444863,2918399,3284140031,9546235903,11534335999,448768,11995709439,2188989324.32,3159680967.28,263070,10,10,10,0,0,0,0,0,0,2232319,3301375,3373055,2269117.44,200
1781848472,0,263270,0,590.72,200.02,1444863,2916351,3284140031,9546235903,11534335999,448768,11995709439,2187328193.77,3159055086.55,263270,10,10,10,0,0,0,0,0,0,2248703,3512319,4997119,2360133.12,200
1781848473,0,263470,0,589.85,200.09,1444863,2912255,3284140031,9537847295,11534335999,448768,11995709439,2185669472.01,3158429238.81,263470,10,10,10,0,0,0,0,0,0,2199551,3129343,3305471,2211084.80,200
1781848474,0,263670,0,588.98,199.88,1445887,2908159,3284140031,9537847295,11534335999,448768,11995709439,2184013322.44,3157803308.88,263670,10,10,10,0,0,0,0,0,0,2224127,3256319,4081663,2284684.80,200
1781848475,0,263870,0,588.11,200.03,1445887,2906111,3282042879,9537847295,11534335999,448768,11995709439,2182359740.02,3157177298.17,263870,10,10,10,0,0,0,0,0,0,2185215,3403775,6356991,2359349.76,200
1781848476,0,264070,0,587.24,199.95,1446911,2904063,3282042879,9529458687,11534335999,448768,11995709439,2180708582.87,3156551302.40,264070,10,10,10,0,0,0,0,0,0,2030591,3684351,5005311,2254394.88,200
1781848477,0,264270,0,586.39,200.16,1447935,2899967,3282042879,9529458687,11525947391,448768,11995709439,2179059902.78,3155925283.56,264270,10,10,10,0,0,0,0,0,0,2170879,3172351,3266559,2225157.12,200
1781848478,0,264470,0,585.53,199.85,1447935,2895871,3282042879,9521070079,11525947391,448768,11995709439,2177413708.52,3155299233.48,264470,10,10,10,0,0,0,0,0,0,2138111,3268607,3629055,2214912.00,200
1781848479,0,264670,0,584.68,200.03,1448959,2891775,3282042879,9521070079,11525947391,448768,11995709439,2175769952.00,3154673183.08,264670,10,10,10,0,0,0,0,0,0,2125823,3080191,3221503,2148518.40,200
1781848480,0,264870,0,583.83,200.09,1448959,2889727,3279945727,9512681471,11525947391,448768,11995709439,2174128729.30,3154047063.99,264870,10,10,10,0,0,0,0,0,0,2174975,3215359,3313663,2216668.16,200
1781848481,0,265070,0,582.99,199.95,1449983,2885631,3279945727,9512681471,11525947391,448768,11995709439,2172490002.73,3153420900.04,265070,10,10,10,0,0,0,0,0,0,2156543,3192831,3309567,2242480.64,200
1781848482,0,265270,0,582.15,200.06,1449983,2883583,3279945727,9512681471,11525947391,448768,11995709439,2170853864.83,3152794625.50,265270,10,10,10,0,0,0,0,0,0,2195455,3907583,4583423,2398492.16,200
1781848483,0,265470,0,581.31,199.85,1451007,2879487,3277848575,9504292863,11525947391,448768,11995709439,2169220010.44,3152168448.05,265470,10,10,10,0,0,0,0,0,0,2123775,3102719,3209215,2157237.76,200
1781848484,0,265670,0,580.48,200.07,1451007,2877439,3277848575,9504292863,11525947391,448768,11995709439,2167588602.13,3151542253.67,265670,10,10,10,0,0,0,0,0,0,2086911,3061759,3203071,2138790.40,200
1781848485,0,265870,0,579.65,200.08,1452031,2873343,3277848575,9504292863,11525947391,448768,11995709439,2165959636.37,3150916042.64,265870,10,10,10,0,0,0,0,0,0,2070527,3065855,3219455,2122964.48,200
1781848486,0,266070,0,578.82,199.87,1452031,2871295,3277848575,9495904255,11525947391,448768,11995709439,2164333237.11,3150289727.73,266070,10,10,10,0,0,0,0,0,0,2312191,3215359,3436543,2279377.92,200
1781848487,0,266270,0,578.00,200.11,1453055,2867199,3277848575,9495904255,11525947391,448768,11995709439,2162709231.60,3149663425.42,266270,10,10,10,0,0,0,0,0,0,2158591,3135487,3311615,2213504.00,200
1781848488,0,266470,0,577.18,199.88,1453055,2865151,3275751423,9495904255,11525947391,448768,11995709439,2161087603.67,3149037144.64,266470,10,10,10,0,0,0,0,0,0,2076671,3106815,3272703,2133255.68,200
1781848489,0,266670,0,576.37,200.12,1454079,2863103,3275751423,9487515647,11525947391,448768,11995709439,2159468505.23,3148410779.11,266670,10,10,10,0,0,0,0,0,0,2160639,3594239,4202495,2262707.20,200
1781848490,0,266870,0,575.55,199.90,1454079,2859007,3275751423,9487515647,11525947391,448768,11995709439,2157851700.22,3147784488.43,266870,10,10,10,0,0,0,0,0,0,2032639,3014655,3176447,2084733.44,200
1781848491,0,267070,0,574.75,200.08,1454079,2856959,3275751423,9487515647,11525947391,448768,11995709439,2156237415.15,3147158115.33,267070,10,10,10,0,0,0,0,0,0,2152447,3129343,3952639,2216138.24,200
1781848492,0,267270,0,573.94,200.06,1455103,2852863,3273654271,9479127039,11525947391,448768,11995709439,2154625521.51,3146531745.71,267270,10,10,10,0,0,0,0,0,0,2101247,3172351,3624959,2183349.76,200
1781848493,0,267470,0,573.14,199.86,1455103,2850815,3273654271,9479127039,11525947391,448768,11995709439,2153016122.40,3145905306.96,267470,10,10,10,0,0,0,0,0,0,2285567,3250175,3921919,2295616.00,200
1781848494,0,267670,0,572.34,200.00,1455103,2846719,3273654271,9470738431,11525947391,448768,11995709439,2151409019.85,3145278932.31,267670,10,10,10,0,0,0,0,0,0,2121727,3147775,3338239,2150420.48,200
1781848495,0,267870,0,571.55,200.05,1456127,2844671,3273654271,9470738431,11525947391,448768,11995709439,2149804360.10,3144652519.69,267870,10,10,10,0,0,0,0,0,0,2158591,3133439,4202495,2207984.64,200
1781848496,0,268070,0,570.76,200.09,1456127,2842623,3273654271,9462349823,11525947391,448768,11995709439,2148202097.41,3144026098.25,268070,10,10,10,0,0,0,0,0,0,2150399,3231743,3579903,2211571.20,200
1781848497,0,268270,0,569.97,199.85,1456127,2840575,3273654271,9462349823,11525947391,448768,11995709439,2146602450.45,3143399516.96,268270,10,10,10,0,0,0,0,0,0,2242559,3497983,8658943,2515648.00,200
1781848498,0,268470,0,569.18,200.12,1457151,2836479,3271557119,9462349823,11525947391,448768,11995709439,2145004957.99,3142773088.00,268470,10,10,10,0,0,0,0,0,0,2172927,3141631,3321855,2208448.00,200
1781848499,0,268670,0,568.40,200.02,1457151,2834431,3271557119,9453961215,11525947391,448768,11995709439,2143409887.99,3142146626.68,268670,10,10,10,0,0,0,0,0,0,2187263,3293183,3885055,2267676.16,200
1781848500,0,268870,0,567.62,199.95,1458175,2832383,3271557119,9453961215,11525947391,448768,11995709439,2141817177.25,3141520173.98,268870,10,10,10,0,0,0,0,0,0,2207743,3258367,3391487,2249192.96,200
1781848501,0,269070,0,566.85,199.93,1458175,2830335,3271557119,9453961215,11525947391,448768,11995709439,2140226801.31,3140893744.47,269070,10,10,10,0,0,0,0,0,0,2144255,3260415,3448831,2204907.52,200
1781848502,0,269270,0,566.08,200.06,1459199,2826239,3271557119,9445572607,11525947391,448768,11995709439,2138638760.65,3140267335.70,269270,10,10,10,0,0,0,0,0,0,2142207,3110911,3248127,2168266.24,200
1781848503,0,269470,0,565.31,200.03,1459199,2824191,3271557119,9445572607,11525947391,448768,11995709439,2137053228.09,3139640828.12,269470,10,10,10,0,0,0,0,0,0,2295807,3786751,5238783,2371461.12,200
1781848504,0,269670,0,564.55,199.90,1459199,2822143,3269459967,9445572607,11525947391,448768,11995709439,2135469952.05,3139014390.70,269670,10,10,10,0,0,0,0,0,0,2230271,3266559,3514367,2242979.84,200
1781848505,0,269870,0,563.79,200.15,1460223,2820095,3269459967,9437183999,11525947391,448768,11995709439,2133888963.10,3138388000.56,269870,10,10,10,0,0,0,0,0,0,2158591,3090431,3211263,2162513.92,200
1781848506,0,270070,0,563.03,199.84,1460223,2818047,3269459967,9437183999,11525947391,448768,11995709439,2132310409.91,3137761554.65,270070,10,10,10,0,0,0,0,0,0,2246655,3282943,3457023,2289661.44,200
1781848507,0,270453,0,562.65,383.19,1461247,2824191,3269459967,9428795391,11525947391,448768,11995709439,2129593235.17,3136376871.21,270453,10,10,10,0,0,0,0,0,0,143523839,542638079,582483967,213594848.58,383
1781848508,0,270992,0,562.60,539.19,1463295,2832383,3267362815,9420406783,11525947391,448768,11995709439,2127476774.74,3133632849.11,270992,10,10,10,0,0,0,0,0,0,1109393407,1377828863,1401946111,1065504471.63,539
1781848509,0,272210,0,563.96,1217.01,1467391,2856959,3265265663,9403629567,11525947391,448768,11995709439,2125803897.10,3126733201.09,272210,10,10,10,0,0,0,0,0,0,1784676351,1978662911,1994391551,1753606476.93,1218
1781848510,0,273790,0,566.06,1580.86,1473535,2889727,3261071359,9378463743,11525947391,448768,11995709439,2126402153.64,3117724256.77,273790,10,10,10,0,0,0,0,0,0,2227175423,2438987775,2466250751,2229472668.19,1580
1781848511,0,275050,0,567.49,1259.68,1477631,2916351,3258974207,9361686527,11525947391,448768,11995709439,2129381863.71,3110906701.02,275050,10,10,10,0,0,0,0,0,0,2782920703,3026190335,3049259007,2776853942.86,1260
1781848512,0,276805,0,569.94,1756.07,1483775,2953215,3267362815,9328132095,11517558783,448768,11995709439,2136906411.93,3102473018.45,276805,10,10,10,0,0,0,0,0,0,3353346047,3456106495,3477078015,3316181049.18,1755
1781848513,0,278352,0,571.95,1546.45,1488895,2988031,3275751423,9311354879,11517558783,448768,11995709439,2145469714.63,3095978258.19,278352,10,10,10,0,0,0,0,0,0,3686793215,3917479935,3944742911,3677703072.02,1547
1781848514,0,279517,0,573.16,1165.23,1492991,3012607,3284140031,9294577663,11517558783,448768,11995709439,2154324910.73,3092577391.91,279517,10,10,10,0,0,0,0,0,0,4267704319,4555014143,4563402751,4270085892.61,1165
1781848515,0,280854,0,574.73,1337.02,1498111,3043327,3294625791,9277800447,11517558783,448768,11995709439,2166876681.24,3090562411.42,280854,10,10,10,0,0,0,0,0,0,4773117951,5083496447,5112856575,4790985310.59,1337
1781848516,0,282551,0,577.02,1697.36,1504255,3084287,3309305855,9269411839,11517558783,448768,11995709439,2186239306.51,3091336101.20,282551,10,10,10,0,0,0,0,0,0,5427429375,5544869887,5561647103,5390759493.09,1697
1781848517,0,284640,0,580.10,2087.10,1512447,3139583,3330277375,9269411839,11509170175,448768,11995709439,2211794249.98,3094289696.57,284640,10,10,10,0,0,0,0,0,0,5653921791,5838471167,5855248383,5668268560.42,2089
1781848518,0,286790,0,583.29,2151.35,1520639,3207167,3359637503,9269411839,11509170175,448768,11995709439,2239982906.48,3099693858.12,286790,10,10,10,0,0,0,0,0,0,5968494591,6119489535,6136266751,5971898806.18,2150
1781848519,0,288623,0,585.83,1832.91,1527807,3291135,3384803327,9261023231,11509170175,448768,11995709439,2266076204.63,3107038687.91,288623,10,10,10,0,0,0,0,0,0,6362759167,6513754111,6526337023,6348616835.28,1833
1781848520,0,290360,0,588.16,1737.24,1533951,3479551,3416260607,9261023231,11500781567,448768,11995709439,2292638594.92,3116609805.34,290360,10,10,10,0,0,0,0,0,0,6689914879,6903824383,6933184511,6706292466.00,1737
1781848521,0,291631,0,589.54,1270.06,1539071,3846143,3451912191,9252634623,11500781567,448768,11995709439,2314167285.29,3126808689.39,291631,10,10,10,0,0,0,0,0,0,7230980095,7499415551,7520387071,7232397447.35,1271
1781848522,0,292880,0,590.87,1248.94,1543167,4890623,3481272319,9252634623,11500781567,448768,11995709439,2337653119.91,3140725659.17,292880,10,10,10,0,0,0,0,0,0,7826571263,8086618111,8107589631,7821398065.19,1249
1781848523,0,294390,0,592.72,1511.20,1549311,7598079,3525312511,9244246015,11492392959,448768,11995709439,2368564604.66,3162118015.93,294390,10,10,10,0,0,0,0,0,0,8376025087,8581545983,8606711807,8364164374.04,1510
1781848524,0,295774,0,594.31,1384.13,1554431,16523263,3539992575,9244246015,11492392959,448768,11995709439,2398982130.89,3185768533.59,295774,10,10,10,0,0,0,0,0,0,8866758655,9118416895,9143582719,8869080069.92,1384
1781848525,0,297174,0,595.93,1399.70,1559551,39878655,3554672639,9319743487,11492392959,448768,11995709439,2432069578.65,3214454075.13,297174,10,10,10,0,0,0,0,0,0,9428795391,9663676415,9680453631,9422360131.29,1400
1781848526,0,298653,0,597.69,1479.44,1565695,112394239,3573547007,9571401727,11492392959,448768,11995709439,2469155757.53,3249308712.95,298653,10,10,10,0,0,0,0,0,0,9923723263,10158604287,10183770111,9920844820.08,1479
1781848527,0,300341,0,599.87,1687.98,1572863,393215999,3709861887,9806282751,11484004351,448768,11995709439,2514045565.99,3294737040.24,300341,10,10,10,0,0,0,0,0,0,10502537215,10611589119,10619977727,10456270663.58,1688
1781848528,0,302100,0,602.18,1758.66,1580031,571998207,3827302399,9915334655,11484004351,448768,11995709439,2562242588.06,3344966516.71,302100,10,10,10,0,0,0,0,0,0,10770972671,11014242303,11031019519,10791658054.15,1759
1781848529,0,303710,0,604.19,1610.11,1586175,715653119,3938451455,10024386559,11484004351,448768,11995709439,2608235244.49,3395066876.78,303710,10,10,10,0,0,0,0,0,0,11240734719,11442061311,11492392959,11238285871.70,1610
1781848530,0,304909,0,605.37,1197.94,1591295,762839039,4078960639,10217324543,11609833471,448768,12104761343,2644623901.85,3437540032.61,304909,10,10,10,0,0,0,0,0,0,11920211967,12079595519,12096372735,11861970961.08,1199
1781848531,0,307063,0,608.44,2156.24,1599487,795869183,4303355903,10536091647,11911823359,448768,12398362623,2712063622.02,3518186665.65,307063,10,10,10,0,0,0,0,0,0,12264144895,12373196799,12389974015,12258478496.45,2154
1781848532,0,308480,0,610.04,1416.17,1605631,945291263,4538236927,10628366335,12188647423,448768,12910067711,2757532088.13,3573359527.41,308480,10,10,10,0,0,0,0,0,0,12599689215,12876513279,12910067711,12610519814.68,1417
1781848533,0,309980,0,611.79,1499.85,1611775,1002962943,4580179967,10720641023,12364808191,448768,13413384191,2807964482.73,3637343248.28,309980,10,10,10,0,0,0,0,0,0,13203668991,13388218367,13404995583,13179554540.20,1500
1781848534,0,311439,0,613.46,1459.90,1616895,1033371647,4592762879,10863247359,12834570239,448768,13925089279,2858720854.58,3703475312.97,311439,10,10,10,0,0,0,0,0,0,13631487999,13891534847,13925089279,13642449536.09,1459
1781848535,0,312760,0,614.85,1319.78,1623039,1048051711,4617928703,11014242303,13304332287,448768,14487126015,2906766531.41,3768572324.35,312760,10,10,10,0,0,0,0,0,0,14252244991,14470348799,14478737407,14234016756.37,1321
1781848536,0,314371,0,616.81,1612.41,1629183,1098907647,4647288831,11232346111,13816037375,448768,14948499455,2967288293.32,3852344863.50,314371,10,10,10,0,0,0,0,0,0,14722007039,14923333631,14940110847,14717000431.31,1611
1781848537,0,315830,0,618.45,1457.83,1635327,1155530751,4844421119,11374952447,14461960191,448768,15460204543,3023763810.29,3931835840.58,315830,10,10,10,0,0,0,0,0,0,15200157695,15426650111,15460204543,15192553902.94,1459
1781848538,0,317335,0,620.19,1505.71,1641471,1201668095,5024776191,11559501823,14881390591,448768,15980298239,3084112146.26,4018754840.91,317335,10,10,10,0,0,0,0,0,0,15770583039,15946743807,15963521023,15748441016.56,1505
1781848539,0,319000,0,622.23,1664.72,1648639,1255145471,5196742655,11777605631,15451815935,448768,16399728639,3152401785.16,4117645597.09,319000,10,10,10,0,0,0,0,0,0,16181624831,16374562815,16399728639,16167832751.28,1665
1781848540,0,321010,0,624.93,2010.43,1656831,1287651327,5481955327,12121538559,16055795711,448768,16735272959,3236547561.31,4239410774.14,321010,10,10,10,0,0,0,0,0,0,16601055231,16710107135,16726884351,16591026463.33,2010
1781848541,0,322790,0,627.17,1779.41,1663999,1341128703,5570035711,12339642367,16559112191,448768,17146314751,3312034840.03,4347553553.52,322790,10,10,10,0,0,0,0,0,0,16919822335,17121148927,17137926143,16925614245.68,1780
1781848542,0,324490,0,629.25,1699.83,1670143,1398800383,5687476223,12809404415,16793993215,448768,17582522367,3385695058.63,4453371442.98,324490,10,10,10,0,0,0,0,0,0,17381195775,17565745151,17582522367,17372037389.85,1700
1781848543,0,326000,0,630.96,1509.83,1677311,1471152127,5700059135,13321109503,17129537535,448768,18069061631,3452305095.94,4549089443.59,326000,10,10,10,0,0,0,0,0,0,17733517311,18035507199,18069061631,17766405099.66,1510
1781848544,0,327310,0,632.27,1310.31,1683455,1563426815,5788139519,13732151295,17481859071,448768,18639486975,3511835524.80,4636097115.16,327310,10,10,10,0,0,0,0,0,0,18320719871,18605932543,18639486975,18326278125.24,1310
1781848545,0,328330,0,633.02,1020.56,1687551,1659895807,5855248383,14168358911,17683185663,448768,19293798399,3559892305.19,4708271920.58,328330,10,10,10,0,0,0,0,0,0,18991808511,19277021183,19293798399,18980936218.10,1020
1781848546,0,329680,0,634.40,1349.21,1692671,1707081727,5926551551,14621343743,18236833791,448768,19847446527,3625572080.10,4808981678.71,329680,10,10,10,0,0,0,0,0,0,19629342719,19830669311,19847446527,19599379854.98,1350
1781848547,0,330840,0,635.41,1160.50,1697791,1713373183,6010437631,14923333631,18807259135,448768,20468203519,3683382729.16,4898487448.18,330840,10,10,10,0,0,0,0,0,0,20099104767,20434649087,20451426303,20113567885.24,1160
1781848548,0,331952,0,636.32,1112.10,1702911,1723858943,6102712319,15275655167,19461570559,448768,21088960511,3740687887.61,4989180938.07,331952,10,10,10,0,0,0,0,0,0,20803747839,21055406079,21088960511,20790003196.32,1112
1781848549,0,333752,0,638.55,1800.39,1710079,1751121919,6224347135,15913189375,20199768063,448768,21491613695,3835467492.15,5139493792.37,333752,10,10,10,0,0,0,0,0,0,21340618751,21474836479,21491613695,21314511539.77,1800
1781848550,0,335230,0,640.15,1476.77,1716223,1809842175,6345981951,16265510911,21055406079,448768,21994930175,3914334767.84,5263328793.19,335230,10,10,10,0,0,0,0,0,0,21709717503,21978152959,21994930175,21723611490.73,1478
1781848551,0,337220,0,642.72,1991.43,1725439,1926234111,6463422463,16634609663,21508390911,448768,22330474495,4021957263.12,5430503939.18,337220,10,10,10,0,0,0,0,0,0,22145925119,22313697279,22330474495,22151750776.41,1990
1781848552,0,338710,0,644.33,1489.24,1731583,1975517183,6572474367,16894656511,22011707391,448768,22833790975,4103497191.42,5555673249.86,338710,10,10,10,0,0,0,0,0,0,22548578303,22817013759,22833790975,22557788882.99,1490
1781848553,0,340383,0,646.29,1673.55,1737727,2015363071,6685720575,17314086911,22280142847,448768,23286775807,4196712373.38,5698511523.24,340383,10,10,10,0,0,0,0,0,0,23102226431,23253221375,23269998591,23068747211.67,1673
1781848554,0,342060,0,648.24,1676.52,1744895,2040528895,6769606655,17666408447,22817013759,448768,23722983423,4291322695.79,5842150953.81,342060,10,10,10,0,0,0,0,0,0,23504879615,23689428991,23722983423,23494510156.02,1677
1781848555,0,343510,0,649.76,1450.70,1752063,2053111807,6790578175,18220056575,23202889727,448768,24243077119,4374379267.51,5967756205.85,343510,10,10,10,0,0,0,0,0,0,23974641663,24209522687,24243077119,23967710938.22,1450
1781848556,0,345120,0,651.57,1609.58,1759231,2065694719,6912212991,19025362943,23622320127,448768,24712839167,4468100929.67,6109186657.24,345120,10,10,10,0,0,0,0,0,0,24461180927,24679284735,24696061951,24464578053.72,1610
1781848557,0,346851,0,653.60,1730.19,1766399,2122317823,7075790847,19797114879,24192745471,448768,25132269567,4570114444.31,6261855916.91,346851,10,10,10,0,0,0,0,0,0,24914165759,25115492351,25132269567,24909169425.60,1731
1781848558,0,348292,0,655.08,1442.22,1772543,2199912447,7172259839,20484980735,24628953087,448768,25652363263,4656149966.30,6389868965.23,348292,10,10,10,0,0,0,0,0,0,25383927807,25618808831,25635586047,25365037431.21,1441
1781848559,0,350050,0,657.15,1756.86,1780735,2254438399,7293894655,21307064319,25065160703,448768,26055016447,4762611813.53,6547590316.14,350050,10,10,10,0,0,0,0,0,0,25870467071,26038239231,26055016447,25854653734.73,1758
1781848560,0,351552,0,658.74,1502.80,1786879,2273312767,7457472511,21541945343,25568477183,448768,26558332927,4854510708.08,6682523096.13,351552,10,10,10,0,0,0,0,0,0,26256343039,26524778495,26558332927,26272092623.60,1502
1781848561,0,353200,0,660.59,1647.21,1794047,2325741567,7629438975,22062039039,25987907583,448768,27011317759,4956947672.90,6832735267.72,353200,10,10,10,0,0,0,0,0,0,26826768383,26977763327,27011317759,26808840788.50,1648
1781848562,0,354848,0,662.43,1648.38,1801215,2390753279,7776239615,22313697279,26457669631,448768,27464302591,5060371728.45,6982980411.98,354848,10,10,10,0,0,0,0,0,0,27229421567,27430748159,27464302591,27226255479.30,1648
1781848563,0,356530,0,664.33,1682.64,1809407,2409627647,7944011775,22833790975,26960986111,448768,27900510207,5167149246.04,7137042808.79,356530,10,10,10,0,0,0,0,0,0,27715960831,27883732991,27900510207,27693777402.52,1682
1781848564,0,358170,0,666.14,1638.26,1816575,2418016255,8082423807,23253221375,27397193727,448768,28353495039,5272120263.50,7286954089.61,358170,10,10,10,0,0,0,0,0,0,28085059583,28319940607,28353495039,28092435421.03,1640
1781848565,0,359918,0,668.15,1748.79,1823743,2455764991,8229224447,23672651775,27850178559,448768,28772925439,5385384743.66,7447855269.80,359918,10,10,10,0,0,0,0,0,0,28621930495,28772925439,28772925439,28593587750.66,1748
1781848566,0,362039,0,670.85,2120.82,1832959,2503999487,8409579519,24360517631,28437381119,448768,29074915327,5523229451.42,7640025870.44,362039,10,10,10,0,0,0,0,0,0,28957474815,29058138111,29058138111,28914456009.20,2121
1781848567,0,364198,0,673.60,2158.64,1843199,2636120063,8581545983,24914165759,28806479871,448768,29343350783,5663600463.58,7831228755.38,364198,10,10,10,0,0,0,0,0,0,29225910271,29326573567,29343350783,29202174280.21,2159
1781848568,0,365471,0,674.70,1273.14,1848319,2650800127,8657043455,25216155647,29041360895,448768,29913776127,5747256652.88,7944608980.60,365471,10,10,10,0,0,0,0,0,0,29712449535,29913776127,29913776127,29680812688.39,1273
1781848569,0,366840,0,675.98,1369.03,1854463,2671771647,8816427007,25702694911,29225910271,448768,30467424255,5838156220.70,8067663882.42,366840,10,10,10,0,0,0,0,0,0,30047993855,30417092607,30450647039,30104888103.83,1369
1781848570,0,367990,0,676.86,1150.28,1859583,2682257407,8841592831,25971130367,29427236863,448768,31071404031,5916102119.82,8174469041.34,367990,10,10,10,0,0,0,0,0,0,30786191359,31054626815,31071404031,30780166151.12,1150
1781848571,0,369336,0,678.08,1345.35,1865727,2699034623,8866758655,26273120255,29947330559,448768,31641829375,6008857309.67,8302450042.44,369336,10,10,10,0,0,0,0,0,0,31390171135,31608274943,31625052159,31367685179.34,1346
1781848572,0,371140,0,680.15,1805.53,1873919,2732589055,8959033343,26877100031,30802968575,448768,32027705343,6134316969.60,8474560335.27,371140,10,10,10,0,0,0,0,0,0,31826378751,32010928127,32027705343,31819887345.81,1804
1781848573,0,372990,0,682.29,1849.42,1882111,2759852031,9185525759,27330084863,31608274943,448768,32413581311,6263726996.73,8649955555.01,372990,10,10,10,0,0,0,0,0,0,32229031935,32396804095,32413581311,32225476979.96,1850
1781848574,0,374140,0,683.14,1150.09,1887231,2774532095,9219080191,27648851967,31843155967,448768,33017561087,6345031728.64,8759901846.01,374140,10,10,10,0,0,0,0,0,0,32732348415,33000783871,33017561087,32715337777.86,1150
1781848575,0,375590,0,684.54,1449.51,1893375,2799697919,9261023231,27950841855,32178700287,448768,33554431999,6449143049.84,8901490423.55,375590,10,10,10,0,0,0,0,0,0,33336328191,33537654783,33537654783,33312735955.16,1450
1781848576,0,377140,0,686.11,1550.69,1900543,2814377983,9412018175,28387049471,32631685119,448768,34024194047,6561346241.85,9053265056.94,377140,10,10,10,0,0,0,0,0,0,33738981375,34007416831,34024194047,33749989394.50,1550
1781848577,0,378822,0,687.92,1682.35,1908735,2831155199,9630121983,28772925439,33403437055,448768,34561064959,6684575338.93,9219689048.04,378822,10,10,10,0,0,0,0,0,0,34359738367,34493956095,34527510527,34315147081.36,1682
1781848578,0,380914,0,690.47,2091.93,1917951,2862612479,9856614399,29041360895,34024194047,448768,34829500415,6838058751.77,9423462558.60,380914,10,10,10,0,0,0,0,0,0,34628173823,34795945983,34829500415,34631028837.81,2092
1781848579,0,382660,0,692.38,1745.87,1926143,2873098239,9915334655,29259464703,34493956095,448768,35198599167,6966176827.09,9590491701.50,382660,10,10,10,0,0,0,0,0,0,34896609279,35165044735,35198599167,34916903369.46,1746
1781848580,0,384626,0,694.68,1965.98,1935359,2891972607,10015997951,29913776127,34795945983,448768,35634806783,7111463034.01,9778337659.82,384626,10,10,10,0,0,0,0,0,0,35399925759,35567697919,35634806783,35389804814.84,1966
1781848581,0,386072,0,696.03,1446.05,1941503,2912944127,10200547327,30417092607,35030827007,448768,36071014399,7218737535.50,9915586241.75,386072,10,10,10,0,0,0,0,0,0,35735470079,36037459967,36037459967,35753013061.05,1446
1781848582,0,387454,0,697.27,1381.83,1946623,2931818495,10376708095,31121735679,35399925759,448768,36607885311,7322573269.36,10048892630.87,387454,10,10,10,0,0,0,0,0,0,36339449855,36574330879,36607885311,36329859406.91,1382
1781848583,0,389521,0,699.73,2067.33,1955839,2959081471,10578034687,31809601535,35869687807,448768,36943429631,7478581658.54,10247275396.77,389521,10,10,10,0,0,0,0,0,0,36742103039,36909875199,36943429631,36721965510.78,2067
1781848584,0,390856,0,700.87,1333.68,1961983,3009413119,10636754943,32078036991,36440113151,448768,37480300543,7579925896.83,10375202474.59,390856,10,10,10,0,0,0,0,0,0,37178310655,37446746111,37446746111,37149745403.59,1335
1781848585,0,392087,0,701.82,1232.29,1967103,3057647615,10687086591,32329695231,36674994175,448768,38050725887,7674574555.69,10495300454.66,392087,10,10,10,0,0,0,0,0,0,37715181567,38017171455,38050725887,37726561726.70,1231
1781848586,0,393340,0,702.80,1252.08,1973247,3076521983,10770972671,32782680063,36909875199,448768,38654705663,7772293087.15,10620196039.67,393340,10,10,10,0,0,0,0,0,0,38386270207,38621151231,38621151231,38350238693.03,1253
1781848587,0,395117,0,704.72,1777.72,1981439,3122659327,10905190399,33487323135,37614518271,448768,39057358847,7912122830.83,10798578209.07,395117,10,10,10,0,0,0,0,0,0,38889586687,39023804415,39057358847,38863519218.46,1777
1781848588,0,397478,0,707.67,2361.38,1991679,3137339391,11165237247,34242297855,38688260095,448768,39292239871,8097597394.74,11030579631.79,397478,10,10,10,0,0,0,0,0,0,39124467711,39258685439,39292239871,39137052400.49,2361
1781848589,0,399562,0,710.11,2084.11,2000895,3156213759,11341398015,34594619391,39124467711,448768,39560675327,8260612879.08,11229761927.80,399562,10,10,10,0,0,0,0,0,0,39359348735,39560675327,39560675327,39352296508.93,2084
1781848590,0,401340,0,712.01,1777.79,2009087,3177185279,11525947391,34829500415,39258685439,448768,39963328511,8399801508.26,11397484603.01,401340,10,10,10,0,0,0,0,0,0,39661338623,39896219647,39963328511,39679040568.44,1778
1781848591,0,403630,0,714.80,2288.75,2019327,3198156799,11744051199,35399925759,39560675327,448768,40198209535,8579559264.57,11611577981.82,403630,10,10,10,0,0,0,0,0,0,40097546239,40164655103,40198209535,40083479753.22,2290
1781848592,0,404798,0,715.60,1168.87,2024447,3206545407,11853103103,35534143487,39762001919,448768,40835743743,8671638133.63,11720484223.85,404798,10,10,10,0,0,0,0,0,0,40500199423,40768634879,40802189311,40491667175.45,1168
1781848593,0,406961,0,718.16,2162.97,2033663,3214934015,12163481599,36272340991,40131100671,448768,41171288063,8843523182.55,11923455983.07,406961,10,10,10,0,0,0,0,0,0,41037070335,41104179199,41171288063,41011218065.58,2163
1781848594,0,409215,0,720.86,2254.19,2043903,3227516927,12373196799,36775657471,40936407039,448768,41339060223,9021400934.79,12128415250.58,409215,10,10,10,0,0,0,0,0,0,41104179199,41305505791,41339060223,41137331693.37,2254
1781848595,0,411026,0,722.78,1809.68,2052095,3246391295,12809404415,37312528383,41104179199,448768,41741713407,9164841661.71,12292257597.13,411026,10,10,10,0,0,0,0,0,0,41607495679,41741713407,41741713407,41576822371.23,1811
1781848596,0,413449,0,725.76,2424.70,2062335,3258974207,13446938623,38419824639,41372614655,448768,41943039999,9356109031.06,12506794097.12,413449,10,10,10,0,0,0,0,0,0,41808822271,41909485567,41943039999,41801780411.22,2423
1781848597,0,415883,0,728.76,2433.44,2074623,3267362815,14017363967,38990249983,41775267839,448768,42379247615,9516886442.07,12689549043.19,415883,10,10,10,0,0,0,0,0,0,42077257727,42177921023,42345693183,36827182170.87,2434
1781848598,0,417968,0,731.13,2083.33,2084863,3271557119,14461960191,39124467711,41875931135,448768,42815455231,9629242037.86,12821675744.87,417968,10,10,10,0,0,0,0,0,0,42345693183,42681237503,42781900799,32040168774.11,2085
1781848599,0,419649,0,732.79,1681.54,2093055,3273654271,14680063999,39258685439,42077257727,448768,43318771711,9710276310.45,12920696169.16,419649,10,10,10,0,0,0,0,0,0,42916118527,43285217279,43318771711,29858838383.02,1681
1781848600,0,421711,0,735.10,2061.50,2103295,3277848575,14982053887,39392903167,42245029887,448768,43788533759,9824004903.38,13056059193.77,421711,10,10,10,0,0,0,0,0,0,43452989439,43754979327,43788533759,32969538509.35,2062
1781848601,0,423233,0,736.47,1522.64,2109439,3279945727,15191769087,39560675327,42547019775,448768,44459622399,9895075724.64,13144811891.28,423233,10,10,10,0,0,0,0,0,0,43889197055,44392513535,44426067967,29587156607.16,1522
1781848602,0,424693,0,737.73,1460.68,2117631,3282042879,15384707071,39694893055,43016781823,448768,45130711039,9962219659.25,13230576942.10,424693,10,10,10,0,0,0,0,0,0,44593840127,45063602175,45130711039,29426280536.37,1460
1781848603,0,426030,0,738.77,1336.19,2123775,3284140031,15619588095,39996882943,43352326143,448768,45868908543,10020324626.13,13307531455.87,426030,10,10,10,0,0,0,0,0,0,45298483199,45801799679,45835354111,28477147885.04,1337
1781848604,0,427567,0,740.15,1537.49,2129919,3286237183,15862857727,40097546239,43654316031,448768,46506442751,10096314128.35,13406567075.68,427567,10,10,10,0,0,0,0,0,0,46036680703,46472888319,46506442751,31159298924.76,1537
1781848605,0,429161,0,741.63,1594.11,2138111,3290431487,15997075455,40164655103,44157632511,448768,47143976959,10178159029.63,13513562906.42,429161,10,10,10,0,0,0,0,0,0,46674214911,47110422527,47143976959,32131847175.71,1594
1781848606,0,430720,0,743.04,1559.11,2146303,3294625791,16198402047,40567308287,44895830015,448768,47781511167,10257984332.72,13619240610.66,430720,10,10,10,0,0,0,0,0,0,47311749119,47747956735,47781511167,32232267141.50,1559
1781848607,0,432331,0,744.53,1610.75,2152447,3298820095,16374562815,41003515903,45835354111,448768,48419045375,10343370079.16,13732663324.45,432331,10,10,10,0,0,0,0,0,0,47982837759,48385490943,48419045375,33172264372.68,1611
1781848608,0,433920,0,745.98,1587.98,2158591,3300917247,16567500799,41070624767,46506442751,448768,49056579583,10427816408.86,13845958205.04,433920,10,10,10,0,0,0,0,0,0,48586817535,49023025151,49056579583,33403754838.84,1589
1781848609,0,435656,0,747.68,1737.31,2166783,3305111551,16642998271,41104179199,47211085823,448768,49660559359,10526254274.69,13977009945.64,435656,10,10,10,0,0,0,0,0,0,49224351743,49593450495,49627004927,35131184425.29,1736
1781848610,0,437110,0,748.89,1454.15,2172927,3307208703,16735272959,41171288063,47815065599,448768,50331647999,10600317380.26,14079197157.35,437110,10,10,10,0,0,0,0,0,0,49794777087,50264539135,50298093567,32791539057.03,1454
1781848611,0,439023,0,750.88,1912.22,2181119,3311403007,16936599551,41506832383,48620371967,448768,50868518911,10717543257.53,14235287816.85,439023,10,10,10,0,0,0,0,0,0,50566529023,50834964479,50834964479,37503012790.13,1913
1781848612,0,441280,0,753.45,2256.54,2193407,3319791615,17246978047,41775267839,49526341631,448768,51271172095,10865288844.77,14427673573.89,441280,10,10,10,0,0,0,0,0,0,50902073343,51237617663,51271172095,39604194891.09,2257
1781848613,0,443520,0,755.99,2240.21,2203647,3328180223,17548967935,41875931135,50566529023,448768,51673825279,11012227689.20,14617672457.22,443520,10,10,10,0,0,0,0,0,0,51405389823,51673825279,51673825279,39959180042.06,2240
1781848614,0,446883,0,760.43,3365.28,2220031,3351248895,18220056575,42245029887,51304726527,448768,51908706303,11262290526.97,14927565479.66,446883,10,10,10,0,0,0,0,0,0,51808043007,51875151871,51908706303,44241139711.54,3363
1781848615,0,451171,0,766.42,4287.42,2240511,3380609023,19646119935,43587207167,51606716415,448768,51908706303,11587584791.50,15309203649.06,451171,10,10,10,0,0,0,0,0,0,51573161983,51707379711,51808043007,45488815392.12,4288
1781848616,0,455490,0,772.44,4317.67,2260991,3420454911,21021851647,45969571839,51606716415,448768,51908706303,11907122100.24,15664495535.19,455490,10,10,10,0,0,0,0,0,0,51237617663,51438944255,51472498687,45286600479.95,4319
1781848617,0,455990,0,771.98,500.14,2254847,3414163455,20954742783,45969571839,51606716415,448768,51908706303,11894067504.64,15660862455.12,455990,10,10,10,0,0,0,0,0,0,1291263,3512319,4587519,1592006.66,500
1781848618,0,456490,0,771.52,499.94,2248703,3409969151,20887633919,45936017407,51573161983,448768,51908706303,11881041145.67,15657225918.68,456490,10,10,10,0,0,0,0,0,0,1225727,1892351,2189311,1262286.85,500
1781848619,0,456990,0,771.06,499.80,2242559,3403677695,20820525055,45936017407,51573161983,448768,51908706303,11868043384.25,15653585622.86,456990,10,10,10,0,0,0,0,0,0,1299455,1930239,2811903,1347168.26,500
1781848620,0,457490,0,770.61,499.84,2234367,3395289087,20753416191,45902462975,51573161983,448768,51908706303,11855074058.76,15649941661.63,457490,10,10,10,0,0,0,0,0,0,1340415,1944575,3110911,1369943.55,500
1781848621,0,457990,0,770.15,500.46,2228223,3388997631,20669530111,45902462975,51573161983,448768,51908706303,11842133021.89,15646294117.96,457990,10,10,10,0,0,0,0,0,0,1196031,1949695,6373375,1343105.54,500
1781848622,0,458490,0,769.70,499.74,2222079,3382706175,20585644031,45868908543,51573161983,448768,51908706303,11829220000.99,15642643169.37,458490,10,10,10,0,0,0,0,0,0,1116159,1684479,3190783,1151115.78,500
1781848623,0,458990,0,769.25,499.85,2213887,3378511871,20501757951,45868908543,51573161983,448768,51908706303,11816335128.34,15638988687.06,458990,10,10,10,0,0,0,0,0,0,1134591,1698815,2983935,1164611.58,500
1781848624,0,459490,0,768.80,500.27,2205695,3372220415,20434649087,45835354111,51573161983,448768,51908706303,11803478302.24,15635330719.43,459490,10,10,10,0,0,0,0,0,0,1138687,1716223,2793471,1169076.74,500
1781848625,0,459990,0,768.35,499.88,2199551,3368026111,20350763007,45835354111,51573161983,448768,51908706303,11790649521.52,15631669239.00,459990,10,10,10,0,0,0,0,0,0,1232895,1846271,3076095,1256618.50,500
1781848626,0,460490,0,767.90,499.84,2193407,3363831807,20283654143,45801799679,51573161983,448768,51908706303,11777848587.89,15628004367.10,460490,10,10,10,0,0,0,0,0,0,1211391,1821695,2779135,1245660.16,500
1781848627,0,462725,0,770.34,2235.16,2199551,3344957439,19948109823,45701136383,51573161983,448768,51908706303,11721650166.93,15611072904.19,462725,10,10,10,0,0,0,0,0,0,141033471,242614271,425983999,142763872.56,2235
1781848628,0,465341,0,773.41,2617.32,2213887,3321888767,19730006015,45600473087,51573161983,448768,51908706303,11658552642.52,15589738895.90,465341,10,10,10,0,0,0,0,0,0,476839935,845676543,887095295,497695615.61,2616
1781848629,0,467150,0,775.13,1809.50,2222079,3309305855,19579011071,45533364223,51573161983,448768,51908706303,11617400371.33,15573521144.74,467150,10,10,10,0,0,0,0,0,0,996147199,1349517311,1376780287,1031530263.92,1809
1781848630,0,468240,0,775.65,1089.52,2228223,3305111551,19444793343,45466255359,51573161983,448768,51908706303,11594474199.37,15562627253.09,468240,10,10,10,0,0,0,0,0,0,1771044863,2129657855,2157969407,1768821690.48,1090
1781848631,0,469703,0,776.79,1463.68,2234367,3298820095,19243466751,45399146495,51573161983,448768,51908706303,11566325586.71,15546533894.89,469703,10,10,10,0,0,0,0,0,0,2566914047,2852126719,2868903935,2557230308.88,1463
1781848632,0,471110,0,777.83,1406.18,2240511,3294625791,19042140159,45332037631,51573161983,448768,51908706303,11541375849.67,15529997119.60,471110,10,10,10,0,0,0,0,0,0,3187671039,3550478335,3588227071,3212330834.79,1407
1781848633,0,472972,0,779.61,1861.87,2248703,3305111551,18723373055,45264928767,51573161983,448768,51908706303,11511369270.76,15506748934.70,472972,10,10,10,0,0,0,0,0,0,3879731199,4192206847,4221566975,3919318041.30,1862
1781848634,0,475359,0,782.26,2387.31,2260991,3317694463,18387828735,45164265471,51573161983,448768,51908706303,11476113281.36,15475729003.27,475359,10,10,10,0,0,0,0,0,0,4479516671,4714397695,4743757823,4490316960.87,2387
1781848635,0,477080,0,783.80,1721.49,2269183,3330277375,18236833791,45063602175,51573161983,448768,51908706303,11452752352.77,15452672960.17,477080,10,10,10,0,0,0,0,0,0,4953473023,5368709119,5398069247,5000208683.88,1721
1781848636,0,479439,0,786.38,2359.12,2281471,3353346047,17985175551,44962938879,51573161983,448768,51908706303,11424324629.53,15419913916.40,479439,10,10,10,0,0,0,0,0,0,5674893311,5913968639,5926551551,5675152011.12,2359
1781848637,0,481080,0,787.78,1639.89,2289663,3365928959,17783848959,44895830015,51573161983,448768,51908706303,11406323515.88,15396671290.52,481080,10,10,10,0,0,0,0,0,0,6064963583,6547308543,6597640191,6147069449.05,1641
1781848638,0,482950,0,789.55,1871.57,2299903,3382706175,17666408447,44828721151,51573161983,448768,51908706303,11389018001.15,15369344181.20,482950,10,10,10,0,0,0,0,0,0,6941573119,7205814271,7226785791,6936966114.43,1870
1781848639,0,484612,0,790.98,1661.66,2308095,3403677695,17582522367,44761612287,51573161983,448768,51908706303,11375581020.70,15344680048.05,484612,10,10,10,0,0,0,0,0,0,7419723775,7834959871,7885291519,7471014410.47,1662
1781848640,0,485972,0,791.90,1360.37,2314239,3418357759,17515413503,44728057855,51573161983,448768,51908706303,11366903266.84,15324073133.25,485972,10,10,10,0,0,0,0,0,0,8287944703,8598323199,8623489023,8274738814.49,1360
1781848641,0,487432,0,792.99,1459.94,2322431,3447717887,17431527423,44694503423,51573161983,448768,51908706303,11359692634.04,15301675256.51,487432,10,10,10,0,0,0,0,0,0,8959033343,9294577663,9328132095,8959579178.08,1460
1781848642,0,488793,0,793.91,1360.42,2328575,3462397951,17347641343,44660948991,51573161983,448768,51908706303,11355069039.46,15280611943.31,488793,10,10,10,0,0,0,0,0,0,9705619455,10024386559,10057940991,9699163124.71,1361
1781848643,0,490223,0,794.94,1429.92,2336767,3491758079,17246978047,44593840127,51573161983,448768,51908706303,11352336273.34,15258396237.24,490223,10,10,10,0,0,0,0,0,0,10427039743,10737418239,10770972671,10418240504.84,1430
1781848644,0,491760,0,796.15,1536.37,2344959,3519021055,17129537535,44560285695,51573161983,448768,51908706303,11351588919.29,15234542155.29,491760,10,10,10,0,0,0,0,0,0,11114905599,11425284095,11458838527,11113221874.84,1537
1781848645,0,493160,0,797.12,1401.19,2351103,3533701119,17037262847,44526731263,51573161983,448768,51908706303,11352946449.88,15212927989.97,493160,10,10,10,0,0,0,0,0,0,11836325887,12146704383,12180258815,11829788765.62,1400
1781848646,0,494700,0,798.32,1539.21,2359295,3539992575,16936599551,44459622399,51573161983,448768,51908706303,11356631144.87,15189377770.81,494700,10,10,10,0,0,0,0,0,0,12540968959,12851347455,12876513279,12536594900.11,1540
1781848647,0,496210,0,799.47,1509.65,2367487,3550478335,16861102079,44426067967,51573161983,448768,51908706303,11362330160.10,15166603857.99,496210,10,10,10,0,0,0,0,0,0,13237223423,13547601919,13572767743,13229418129.80,1510
1781848648,0,497700,0,800.58,1489.86,2373631,3565158399,16785604607,44358959103,51573161983,448768,51908706303,11370030015.58,15144540049.95,497700,10,10,10,0,0,0,0,0,0,13950255103,14243856383,14277410815,13934288599.11,1490
1781848649,0,499140,0,801.60,1439.97,2381823,3577741311,16710107135,44325404671,51573161983,448768,51908706303,11379437309.75,15123693889.82,499140,10,10,10,0,0,0,0,0,0,14638120959,14956888063,14982053887,14630833356.80,1440
1781848650,0,500680,0,802.79,1540.27,2390015,3657433087,16651386879,44224741375,51573161983,448768,51908706303,11391653176.74,15102022579.13,500680,10,10,10,0,0,0,0,0,0,15367929855,15653142527,15678308351,15351021908.45,1540
1781848651,0,502210,0,803.95,1529.91,2398207,3724541951,16609443839,44157632511,51573161983,448768,51908706303,11405753356.78,15081161900.31,502210,10,10,10,0,0,0,0,0,0,16022241279,16341008383,16374562815,16019922076.61,1530
1781848652,0,503690,0,805.03,1480.46,2406399,3772776447,16668164095,44124078079,51573161983,448768,51908706303,11421420626.54,15061758396.44,503690,10,10,10,0,0,0,0,0,0,16752050175,17054040063,17070817279,16737812214.31,1480
1781848653,0,505220,0,806.19,1530.40,2414591,3818913791,16827547647,44056969215,51573161983,448768,51908706303,11439582400.52,15042548610.44,505220,10,10,10,0,0,0,0,0,0,17431527423,17750294527,17783848959,17418604581.48,1530
1781848654,0,506680,0,807.23,1459.50,2420735,3837788159,16986931199,43989860351,51573161983,448768,51908706303,11458862282.65,15025145498.75,506680,10,10,10,0,0,0,0,0,0,18136170495,18454937599,18488492031,18130493821.55,1460
1781848655,0,508160,0,808.30,1480.61,2430975,3915382783,17163091967,43922751487,51573161983,448768,51908706303,11480339829.86,15008515491.13,508160,10,10,10,0,0,0,0,0,0,18857590783,19159580671,19176357887,18833207141.02,1480
1781848656,0,509670,0,809.42,1510.04,2437119,4007657471,17364418559,43889197055,51573161983,448768,51908706303,11504193873.47,14992657789.86,509670,10,10,10,0,0,0,0,0,0,19545456639,19864223743,19881000959,19531790430.94,1510
1781848657,0,511200,0,810.56,1528.82,2445311,4089446399,17548967935,43855642623,51573161983,448768,51908706303,11530308332.67,14977794457.65,511200,10,10,10,0,0,0,0,0,0,20233322495,20552089599,20568866815,20229495536.27,1530
1781848658,0,512660,0,811.59,1460.14,2453503,4169138175,17699962879,43822088191,51573161983,448768,51908706303,11557067069.29,14964834582.68,512660,10,10,10,0,0,0,0,0,0,20921188351,21256732671,21290287103,20926290464.26,1460
1781848659,0,514140,0,812.64,1479.87,2463743,4217372671,17934843903,43822088191,51573161983,448768,51908706303,11586085798.25,14953041117.00,514140,10,10,10,0,0,0,0,0,0,21642608639,21961375743,21994930175,21637938225.82,1480
1781848660,0,515690,0,813.81,1550.13,2473983,4307550207,18220056575,43788533759,51573161983,448768,51908706303,11618393251.97,14942146107.90,515690,10,10,10,0,0,0,0,0,0,22347251711,22649241599,22682796031,22334879868.20,1550
1781848661,0,517182,0,814.88,1493.31,2480127,4391436287,18438160383,43754979327,51573161983,448768,51908706303,11651302029.91,14933119950.33,517182,10,10,10,0,0,0,0,0,0,23035117567,23353884671,23387439103,23025784398.24,1492
1781848662,0,518640,0,815.89,1457.43,2490367,4458545151,18723373055,43754979327,51573161983,448768,51908706303,11685283663.52,14925847199.61,518640,10,10,10,0,0,0,0,0,0,23756537855,24058527743,24092082175,23739254331.70,1458
1781848663,0,520100,0,816.90,1459.87,2498559,4525654015,19042140159,43721424895,51573161983,448768,51908706303,11721009137.41,14920088213.72,520100,10,10,10,0,0,0,0,0,0,24394072063,24763170815,24796725247,24411872000.70,1460
1781848664,0,521420,0,817.69,1320.33,2506751,4571791359,19293798399,43687870463,51573161983,448768,51908706303,11755037358.17,14916495694.95,521420,10,10,10,0,0,0,0,0,0,25165823999,25518145535,25534922751,25162671916.99,1320
1781848665,0,522903,0,818.73,1483.11,2514943,4580179967,19579011071,43687870463,51573161983,448768,51908706303,11795092270.93,14914255755.52,522903,10,10,10,0,0,0,0,0,0,25887244287,26206011391,26239565823,25878323967.83,1483
1781848666,0,524290,0,819.62,1385.88,2523135,4588568575,19780337663,43654316031,51573161983,448768,51908706303,11834217908.90,14913879961.58,524290,10,10,10,0,0,0,0,0,0,26591887359,26927431679,26960986111,26584696260.57,1387
1781848667,0,525690,0,820.52,1400.36,2533375,4596957183,19981664255,43620761599,51573161983,448768,51908706303,11875455951.05,14915375528.57,525690,10,10,10,0,0,0,0,0,0,27330084863,27648851967,27682406399,27318808178.10,1400
1781848668,0,527188,0,821.58,1498.47,2543615,4613734399,20283654143,43587207167,51573161983,448768,51908706303,11921337149.13,14918952229.47,527188,10,10,10,0,0,0,0,0,0,28001173503,28370272255,28387049471,28022329819.77,1498
1781848669,0,528690,0,822.64,1502.46,2553855,4634705919,20568866815,43553652735,51573161983,448768,51908706303,11969045106.57,14924536781.11,528690,10,10,10,0,0,0,0,0,0,28705816575,29058138111,29074915327,28714093484.83,1502
1781848670,0,530320,0,823.89,1629.34,2564095,4647288831,20887633919,43553652735,51573161983,448768,51908706303,12022599471.63,14932767623.22,530320,10,10,10,0,0,0,0,0,0,29393682431,29712449535,29762781183,29392941352.52,1630
1781848671,0,531702,0,824.76,1382.32,2574335,4710203391,21139292159,43520098303,51573161983,448768,51908706303,12069684422.51,14941847147.67,531702,10,10,10,0,0,0,0,0,0,30148657151,30450647039,30467424255,30137767743.35,1382
1781848672,0,533320,0,825.99,1617.46,2584575,4798283775,21340618751,43486543871,51573161983,448768,51908706303,12126579287.38,14954775563.66,533320,10,10,10,0,0,0,0,0,0,30836523007,31104958463,31155290111,30823188335.70,1618
1781848673,0,534630,0,826.74,1310.43,2594815,4877975551,21458059263,43452989439,51573161983,448768,51908706303,12174139411.01,14967241030.85,534630,10,10,10,0,0,0,0,0,0,31541166079,31859933183,31893487615,31536555547.36,1310
1781848674,0,536210,0,827.90,1579.39,2605055,4961861631,21659385855,43452989439,51573161983,448768,51908706303,12233281445.53,14984721455.13,536210,10,10,10,0,0,0,0,0,0,32262586367,32547799039,32581353471,32245373793.86,1580
1781848675,0,537670,0,828.87,1460.12,2617343,5033164799,21927821311,43419435007,51573161983,448768,51908706303,12289507065.31,15003110248.23,537670,10,10,10,0,0,0,0,0,0,32950452223,33252442111,33285996543,32939328699.97,1460
1781848676,0,539230,0,830.00,1559.44,2629631,5087690751,22095593471,43385880575,51573161983,448768,51908706303,12351288735.99,15025238518.74,539230,10,10,10,0,0,0,0,0,0,33671872511,33940307967,33973862399,33644975193.27,1560
1781848677,0,540749,0,831.06,1520.26,2641919,5200936959,22213033983,43385880575,51573161983,448768,51908706303,12413004744.18,15049114484.64,540749,10,10,10,0,0,0,0,0,0,34326183935,34661728255,34661728255,34321578209.16,1519
1781848678,0,542170,0,831.96,1419.92,2652159,5318377471,22364028927,43352326143,51573161983,448768,51908706303,12472316562.48,15073854191.21,542170,10,10,10,0,0,0,0,0,0,35064381439,35366371327,35399925759,35042905186.72,1421
1781848679,0,543700,0,833.03,1531.19,2664447,5423235071,22565355519,43352326143,51573161983,448768,51908706303,12537758744.54,15102959655.67,543700,10,10,10,0,0,0,0,0,0,35735470079,36071014399,36071014399,35727816160.54,1530
1781848680,0,545432,0,834.41,1731.94,2678783,5498732543,22833790975,43318771711,51573161983,448768,51908706303,12613612393.33,15138737356.62,545432,10,10,10,0,0,0,0,0,0,36440113151,36708548607,36742103039,36425176392.72,1732
1781848681,0,547060,0,835.62,1626.84,2693119,5540675583,23068671999,43318771711,51573161983,448768,51908706303,12686344380.06,15174707960.04,547060,10,10,10,0,0,0,0,0,0,37077647359,37379637247,37413191679,37053883072.47,1628
1781848682,0,548520,0,836.57,1460.88,2705407,5582618623,23236444159,43285217279,51573161983,448768,51908706303,12753090643.89,15209479549.99,548520,10,10,10,0,0,0,0,0,0,37782290431,38117834751,38117834751,37762824264.94,1460
1781848683,0,550070,0,837.66,1549.88,2719743,5637144575,23420993535,43285217279,51573161983,448768,51908706303,12825472912.33,15248954336.34,550070,10,10,10,0,0,0,0,0,0,38453379071,38788923391,38822477823,38440390259.61,1550
1781848684,0,551620,0,838.74,1549.86,2732031,5679087615,23622320127,43251662847,51573161983,448768,51908706303,12899476197.99,15291201786.73,551620,10,10,10,0,0,0,0,0,0,39191576575,39493566463,39493566463,39162048675.84,1550
1781848685,0,552941,0,839.47,1321.21,2744319,5691670527,23806869503,43218108415,51573161983,448768,51908706303,12963895974.47,15329555930.79,552941,10,10,10,0,0,0,0,0,0,39862665215,40231763967,40231763967,39864151161.70,1321
1781848686,0,554410,0,840.43,1469.24,2758655,5700059135,24041750527,43184553983,51573161983,448768,51908706303,13037009494.87,15374812156.16,554410,10,10,10,0,0,0,0,0,0,40567308287,40902852607,40936407039,40557406418.52,1469
1781848687,0,555906,0,841.42,1495.56,2772991,5721030655,24209522687,43150999551,51573161983,448768,51908706303,13094003707.00,15414491771.94,555906,10,10,10,0,0,0,0,0,0,41271951359,41674604543,41708158975,34215769181.09,1496
1781848688,0,557675,0,842.82,1769.63,2789375,5750390783,24360517631,43117445119,51573161983,448768,51908706303,13150107123.46,15457606166.86,557675,10,10,10,0,0,0,0,0,0,41909485567,42379247615,42446356479,30780534388.06,1769
1781848689,0,559229,0,843.90,1552.92,2805759,5767167999,24461180927,43150999551,51573161983,448768,51908706303,13191127871.04,15492846231.60,559229,10,10,10,0,0,0,0,0,0,42614128639,43184553983,43218108415,27912006512.35,1554
1781848690,0,560695,0,844.83,1466.09,2820095,5783945215,24578621439,43352326143,51573161983,448768,51908706303,13230278702.26,15528125558.96,560695,10,10,10,0,0,0,0,0,0,43419435007,43989860351,44023414783,28164985515.13,1466
1781848691,0,562152,0,845.75,1456.53,2834431,5796528127,24696061951,43520098303,51573161983,448768,51908706303,13271286196.72,15566127204.30,562152,10,10,10,0,0,0,0,0,0,44258295807,44795166719,44862275583,29052135277.81,1457
1781848692,0,563751,0,846.89,1600.18,2848767,5817499647,24813502463,43788533759,51573161983,448768,51908706303,13322249839.40,15613136821.37,563751,10,10,10,0,0,0,0,0,0,45097156607,45600473087,45634027519,31239269011.61,1599
1781848693,0,565293,0,847.93,1541.37,2865151,5834276863,24930942975,44090523647,51573161983,448768,51908706303,13370301981.34,15659486179.35,565293,10,10,10,0,0,0,0,0,0,45801799679,46372225023,46405779455,30938034194.59,1542
1781848694,0,566762,0,848.86,1469.23,2879487,5851054079,25031606271,44459622399,51573161983,448768,51908706303,13416049321.69,15705401105.45,566762,10,10,10,0,0,0,0,0,0,46640660479,47177531391,47244640255,31020304781.33,1469
1781848695,0,568346,0,849.96,1584.70,2895871,5867831295,25132269567,44828721151,51573161983,448768,51908706303,13469648669.01,15759463125.76,568346,10,10,10,0,0,0,0,0,0,47445966847,47949283327,48016392191,32647725237.01,1584
1781848696,0,569872,0,850.97,1525.26,2912255,5880414207,25266487295,45197819903,51573161983,448768,51908706303,13520875855.93,15812981117.52,569872,10,10,10,0,0,0,0,0,0,48217718783,48754589695,48821698559,32600015290.88,1526
1781848697,0,571374,0,851.94,1502.78,2928639,5892997119,25434259455,45566918655,51573161983,448768,51908706303,13570951243.17,15867212396.42,571374,10,10,10,0,0,0,0,0,0,49023025151,49559896063,49593450495,32569993239.18,1502
1781848698,0,572918,0,852.97,1543.28,2945023,5905580031,25568477183,45902462975,51573161983,448768,51908706303,13625588930.31,15926944483.04,572918,10,10,10,0,0,0,0,0,0,49828331519,50365202431,50398756863,33844859559.13,1544
1781848699,0,574395,0,853.90,1476.31,2961407,5922357247,25685917695,46238007295,51573161983,448768,51908706303,13677304405.25,15985345853.36,574395,10,10,10,0,0,0,0,0,0,50600083455,51136954367,51204063231,33737376492.76,1477
1781848700,0,576035,0,855.06,1641.50,2979839,5939134463,25803358207,46607106047,51573161983,448768,51975815167,13740063447.19,16056098020.73,576035,10,10,10,0,0,0,0,0,0,51472498687,51942260735,51975815167,35720843868.41,1640
1781848701,0,577683,0,856.24,1647.58,2996223,5955911679,25920798719,46976204799,51606716415,448768,52747567103,13804904303.23,16130202762.25,577683,10,10,10,0,0,0,0,0,0,52210696191,52680458239,52747567103,36469104856.23,1648
1781848702,0,579164,0,857.16,1481.25,3012607,5972688895,26004684799,47278194687,51673825279,448768,53552873471,13859706069.23,16195729153.91,579164,10,10,10,0,0,0,0,0,0,52948893695,53485764607,53552873471,35235836110.04,1481
1781848703,0,580905,0,858.47,1740.66,3031039,5993660415,26138902527,47647293439,51774488575,448768,54324625407,13934395678.81,16282974934.61,580905,10,10,10,0,0,0,0,0,0,53854863359,54257516543,54291070975,38780767326.69,1741
1781848704,0,582625,0,859.74,1720.04,3051519,6018826239,26273120255,48049946623,51841597439,448768,55062822911,14006962840.79,16369603312.87,582625,10,10,10,0,0,0,0,0,0,54492397567,54995714047,55062822911,38515467044.91,1720
1781848705,0,584195,0,860.79,1569.72,3069951,6035603455,26424115199,48318382079,51908706303,448768,55868129279,14070528805.39,16448064564.67,584195,10,10,10,0,0,0,0,0,0,55230595071,55801020415,55834574847,37659777292.72,1570
1781848706,0,585794,0,861.87,1598.49,3088383,6056574975,26591887359,48687480831,52579794943,448768,56639881215,14138204978.24,16532261831.54,585794,10,10,10,0,0,0,0,0,0,56069455871,56572772351,56606326783,38863709540.70,1599
1781848707,0,587489,0,863.10,1695.23,3110911,6077546495,26742882303,49056579583,53519319039,448768,57378078719,14212780099.58,16625613077.70,587489,10,10,10,0,0,0,0,0,0,56841207807,57344524287,57378078719,39986030030.16,1695
1781848708,0,589154,0,864.27,1665.61,3131391,6111100927,26877100031,49392123903,54223962111,448768,58149830655,14286946850.49,16719721822.14,589154,10,10,10,0,0,0,0,0,0,57612959743,58116276223,58149830655,40456406504.94,1665
1781848709,0,591287,0,866.13,2131.89,3162111,6169821183,27061649407,49895440383,55230595071,448768,58854473727,14399821877.05,16857839523.96,591287,10,10,10,0,0,0,0,0,0,58451820543,58787364863,58820919295,45576930831.60,2133
1781848710,0,593920,0,868.72,2633.01,3205119,6220152831,27330084863,50566529023,56774098943,448768,59424899071,14547100446.65,17036039091.40,593920,10,10,10,0,0,0,0,0,0,59089354751,59391344639,59424899071,47621123835.43,2633
1781848711,0,596350,0,871.00,2430.78,3252223,6283067391,27564965887,50902073343,57982058495,448768,59827552255,14678998989.84,17196228407.60,596350,10,10,10,0,0,0,0,0,0,59525562367,59760443391,59827552255,46916522762.75,2430
1781848712,0,596850,0,870.45,499.80,3264511,6257901567,27531411455,50902073343,57982058495,448768,59827552255,14666707142.84,17194265035.52,596850,10,10,10,0,0,0,0,0,0,5967871,9248767,10387455,6221236.22,500
1781848713,0,597350,0,869.92,499.93,3264511,6236930047,27514634239,50902073343,57982058495,448768,59827552255,14654434376.58,17192297235.67,597350,10,10,10,0,0,0,0,0,0,4743167,7852031,10608639,4433282.05,500
1781848714,0,597850,0,869.38,500.32,3231743,6215958527,27481079807,50902073343,57982058495,448768,59827552255,14642179481.34,17190326025.32,597850,10,10,10,0,0,0,0,0,0,1224703,1828863,2109439,1256148.48,500
1781848715,0,598350,0,868.84,499.84,3203071,6199181311,27464302591,50902073343,57982058495,448768,59827552255,14629945156.42,17188349092.45,598350,10,10,10,0,0,0,0,0,0,1266687,1832959,5165055,1362846.21,500
1781848716,0,598850,0,868.31,499.93,3178495,6186598399,27447525375,50902073343,57982058495,448768,59827552255,14617731156.57,17186366635.58,598850,10,10,10,0,0,0,0,0,0,1222655,1784831,2189311,1237539.33,500
1781848717,0,599350,0,867.77,500.12,3158015,6169821183,27413970943,50902073343,57982058495,448768,59827552255,14605537937.81,17184378257.04,599350,10,10,10,0,0,0,0,0,0,1187839,2715647,22921215,1719821.31,500
1781848718,0,599850,0,867.24,500.25,3137535,6144655359,27397193727,50902073343,57982058495,448768,59827552255,14593364592.08,17182384718.04,599850,10,10,10,0,0,0,0,0,0,1142783,1732607,1909759,1175067.65,500
1781848719,0,600350,0,866.71,499.82,3117055,6123683839,27380416511,50902073343,57948504063,448768,59827552255,14581211538.60,17180385652.05,600350,10,10,10,0,0,0,0,0,0,1167359,1730559,1849343,1193275.39,500
1781848720,0,600850,0,866.18,499.70,3098623,6094323711,27363639295,50902073343,57948504063,448768,59827552255,14569078781.99,17178381044.97,600850,10,10,10,0,0,0,0,0,0,1198079,1847295,3825663,1277921.79,500
1781848721,0,601350,0,865.66,500.46,3082239,6073352191,27330084863,50902073343,57948504063,448768,59827552255,14556966198.51,17176370991.58,601350,10,10,10,0,0,0,0,0,0,1133567,2250751,4759551,1274638.85,500
1781848722,0,601850,0,865.13,499.93,3065855,6056574975,27313307647,50902073343,57948504063,448768,59827552255,14544873700.76,17174355555.69,601850,10,10,10,0,0,0,0,0,0,1175551,1800191,3317759,1226654.21,500
1781848723,0,602350,0,864.61,499.66,3045375,6043992063,27296530431,50902073343,57948504063,448768,59827552255,14532801208.87,17172334794.61,602350,10,10,10,0,0,0,0,0,0,1140735,1704959,1805311,1142714.88,500
1781848724,0,602850,0,864.08,500.12,3028991,6027214847,27262975999,50902073343,57948504063,448768,59827552255,14520748976.84,17170308483.19,602850,10,10,10,0,0,0,0,0,0,1387519,2131967,2830335,1425053.70,500
1781848725,0,603350,0,863.56,500.26,3012607,6006243327,27246198783,50868518911,57948504063,448768,59827552255,14508716543.17,17168277001.64,603350,10,10,10,0,0,0,0,0,0,1200127,1771519,1948671,1211271.17,500
1781848726,0,603850,0,863.04,499.82,2996223,5989466111,27229421567,50868518911,57948504063,448768,59827552255,14496704080.22,17166240193.88,603850,10,10,10,0,0,0,0,0,0,1233919,1826815,3018751,1265036.80,500
1781848727,0,604350,0,862.53,500.25,2981887,5976883199,27195867135,50868518911,57948504063,448768,59827552255,14484711665.03,17164197984.76,604350,10,10,10,0,0,0,0,0,0,1425407,2164735,3364863,1471835.65,500
1781848728,0,604850,0,862.01,499.73,2965503,5960105983,27179089919,50868518911,57948504063,448768,59827552255,14472739082.47,17162150545.76,604850,10,10,10,0,0,0,0,0,0,1392639,1998847,5091327,1478549.50,500
1781848729,0,605350,0,861.49,500.05,2949119,5947523071,27145535487,50868518911,57914949631,448768,59827552255,14460786193.45,17160097983.88,605350,10,10,10,0,0,0,0,0,0,1350655,1992703,2494463,1376344.58,500
1781848730,0,605850,0,860.98,499.96,2932735,5934940159,27128758271,50868518911,57914949631,448768,59827552255,14448853003.05,17158040284.45,605850,10,10,10,0,0,0,0,0,0,1293311,1989631,2574335,1339386.88,500
1781848731,0,606350,0,860.47,500.23,2918399,5918162943,27111981055,50868518911,57914949631,448768,59827552255,14436939463.65,17155977477.28,606350,10,10,10,0,0,0,0,0,0,1288191,1857535,2029567,1303772.16,500
1781848732,0,606850,0,859.96,499.62,2902015,5905580031,27078426623,50868518911,57914949631,448768,59827552255,14425045554.03,17153909569.93,606850,10,10,10,0,0,0,0,0,0,1250303,1836031,3010559,1301358.59,500
1781848733,0,607350,0,859.45,500.02,2885631,5892997119,27061649407,50834964479,57914949631,448768,59827552255,14413171358.54,17151836481.29,607350,10,10,10,0,0,0,0,0,0,1399807,2191359,3432447,1460284.42,500
1781848734,0,607850,0,858.94,500.01,2871295,5880414207,27044872191,50834964479,57914949631,448768,59827552255,14401316725.24,17149758328.94,607850,10,10,10,0,0,0,0,0,0,1468415,2119679,2891775,1493661.70,500
1781848735,0,608350,0,858.43,500.35,2856959,5867831295,27011317759,50834964479,57914949631,448768,59827552255,14389481473.94,17147675253.91,608350,10,10,10,0,0,0,0,0,0,1265663,2034687,4188159,1366468.61,500
1781848736,0,608850,0,857.93,499.66,2842623,5855248383,26994540543,50834964479,57914949631,448768,59827552255,14377665642.21,17145587214.27,608850,10,10,10,0,0,0,0,0,0,1339391,1904639,2080767,1343177.73,500
1781848737,0,609350,0,857.42,500.10,2828287,5838471167,26977763327,50834964479,57914949631,448768,59827552255,14365869161.62,17143494257.10,609350,10,10,10,0,0,0,0,0,0,1268735,1866751,2971647,1294735.87,500
1781848738,0,609850,0,856.92,499.84,2813951,5821693951,26960986111,50834964479,57914949631,448768,59827552255,14354092121.46,17141396297.33,609850,10,10,10,0,0,0,0,0,0,1393663,2013183,2711551,1413285.89,500
1781848739,0,610350,0,856.42,500.06,2797567,5804916735,26960986111,50834964479,57881395199,448768,59827552255,14342334270.49,17139293535.13,610350,10,10,10,0,0,0,0,0,0,1245183,1858559,2400255,1283443.20,500
1781848740,0,610850,0,855.92,500.32,2785279,5788139519,26927431679,50801410047,57881395199,448768,59827552255,14330595586.01,17137185979.07,610850,10,10,10,0,0,0,0,0,0,1136639,1708031,2469887,1183435.26,500
1781848741,0,611350,0,855.42,499.77,2768895,5771362303,26910654463,50801410047,57881395199,448768,59827552255,14318876146.43,17135073553.27,611350,10,10,10,0,0,0,0,0,0,1199103,1784831,1906687,1236809.22,500
1781848742,0,611850,0,854.93,499.98,2756607,5750390783,26893877247,50801410047,57881395199,448768,59827552255,14307175888.96,17132956299.98,611850,10,10,10,0,0,0,0,0,0,1244159,1802239,2230271,1271088.13,500
1781848743,0,612350,0,854.43,500.12,2742271,5733613567,26860322815,50801410047,57881395199,448768,59827552255,14295494833.84,17130834192.17,612350,10,10,10,0,0,0,0,0,0,1370111,1952767,2087935,1387685.38,500
1781848744,0,612850,0,853.94,500.05,2729983,5716836351,26843545599,50801410047,57881395199,448768,59827552255,14283832823.08,17128707351.50,612850,10,10,10,0,0,0,0,0,0,1337343,1949695,2506751,1368243.71,500
1781848745,0,613350,0,853.44,499.73,2715647,5704253439,26826768383,50801410047,57881395199,448768,59827552255,14272189807.64,17126575808.59,613350,10,10,10,0,0,0,0,0,0,1341439,1912831,2232319,1345786.37,500
1781848746,0,613850,0,852.95,500.39,2703359,5695864831,26793213951,50801410047,57881395199,448768,59827552255,14260565847.44,17124439503.29,613850,10,10,10,0,0,0,0,0,0,1431551,2069503,2779135,1453868.54,500
1781848747,0,614010,0,851.99,159.89,2699263,5695864831,26793213951,50801410047,57881395199,448768,59827552255,14256850168.73,17123754908.03,614010,10,10,10,0,0,0,0,0,0,1421311,1942527,2065407,1416550.40,160
1781848748,0,614010,0,850.81,0.00,2699263,5695864831,26793213951,50801410047,57881395199,448768,59827552255,14256850168.73,17123754908.03,614010,10,10,10,0,0,0,0,0,0,0,0,0,0.00,0
1781848749,0,614010,0,849.63,0.00,2699263,5695864831,26793213951,50801410047,57881395199,448768,59827552255,14256850168.73,17123754908.03,614010,10,10,10,0,0,0,0,0,0,0,0,0,0.00,0
