timestamp,sent_count,received_count,error_count,total_throughput,interval_throughput,latency_ns_p25,latency_ns_p50,latency_ns_p75,latency_ns_p95,latency_ns_p99,latency_ns_min,latency_ns_max,latency_ns_mean,latency_ns_stddev,latency_sample_count,connections,active_connections,connection_attempts,connection_failures,crashes_injected,reconnects,reconnect_failures,duplicate_count,gap_count,interval_latency_ns_p50,interval_latency_ns_p95,interval_latency_ns_p99,interval_latency_ns_mean,interval_latency_sample_count
1781847966,0,0,0,0.00,0.00,0,0,0,0,0,0,0,0.00,0.00,0,1,1,1,0,0,0,0,0,0,0,0,0,0.00,0
1781847967,0,0,0,0.00,0.00,0,0,0,0,0,0,0,0.00,0.00,0,1,1,1,0,0,0,0,0,0,0,0,0,0.00,0
1781847968,0,0,0,0.00,0.00,0,0,0,0,0,0,0,0.00,0.00,0,1,1,1,0,0,0,0,0,0,0,0,0,0.00,0
1781847969,0,0,0,0.00,0.00,0,0,0,0,0,0,0,0.00,0.00,0,1,1,1,0,0,0,0,0,0,0,0,0,0.00,0
1781847970,0,0,0,0.00,0.00,0,0,0,0,0,0,0,0.00,0.00,0,1,1,1,0,0,0,0,0,0,0,0,0,0.00,0
1781847971,0,0,0,0.00,0.00,0,0,0,0,0,0,0,0.00,0.00,0,1,1,1,0,0,0,0,0,0,0,0,0,0.00,0
1781847972,0,0,0,0.00,0.00,0,0,0,0,0,0,0,0.00,0.00,0,1,1,1,0,0,0,0,0,0,0,0,0,0.00,0
1781847973,0,0,0,0.00,0.00,0,0,0,0,0,0,0,0.00,0.00,0,2,2,2,0,0,0,0,0,0,0,0,0,0.00,0
1781847974,0,0,0,0.00,0.00,0,0,0,0,0,0,0,0.00,0.00,0,2,2,2,0,0,0,0,0,0,0,0,0,0.00,0
1781847975,0,0,0,0.00,0.00,0,0,0,0,0,0,0,0.00,0.00,0,2,2,2,0,0,0,0,0,0,0,0,0,0.00,0
1781847976,0,0,0,0.00,0.00,0,0,0,0,0,0,0,0.00,0.00,0,2,2,2,0,0,0,0,0,0,0,0,0,0.00,0
1781847977,0,0,0,0.00,0.00,0,0,0,0,0,0,0,0.00,0.00,0,2,2,2,0,0,0,0,0,0,0,0,0,0.00,0
1781847978,0,0,0,0.00,0.00,0,0,0,0,0,0,0,0.00,0.00,0,2,2,2,0,0,0,0,0,0,0,0,0,0.00,0
1781847979,0,0,0,0.00,0.00,0,0,0,0,0,0,0,0.00,0.00,0,2,2,2,0,0,0,0,0,0,0,0,0,0.00,0
1781847980,0,0,0,0.00,0.00,0,0,0,0,0,0,0,0.00,0.00,0,3,3,3,0,0,0,0,0,0,0,0,0,0.00,0
1781847981,0,0,0,0.00,0.00,0,0,0,0,0,0,0,0.00,0.00,0,3,3,3,0,0,0,0,0,0,0,0,0,0.00,0
1781847982,0,0,0,0.00,0.00,0,0,0,0,0,0,0,0.00,0.00,0,3,3,3,0,0,0,0,0,0,0,0,0,0.00,0
1781847983,0,0,0,0.00,0.00,0,0,0,0,0,0,0,0.00,0.00,0,3,3,3,0,0,0,0,0,0,0,0,0,0.00,0
1781847984,0,0,0,0.00,0.00,0,0,0,0,0,0,0,0.00,0.00,0,3,3,3,0,0,0,0,0,0,0,0,0,0.00,0
1781847985,0,0,0,0.00,0.00,0,0,0,0,0,0,0,0.00,0.00,0,3,3,3,0,0,0,0,0,0,0,0,0,0.00,0
1781847986,0,0,0,0.00,0.00,0,0,0,0,0,0,0,0.00,0.00,0,3,3,3,0,0,0,0,0,0,0,0,0,0.00,0
1781847987,0,0,0,0.00,0.00,0,0,0,0,0,0,0,0.00,0.00,0,4,4,4,0,0,0,0,0,0,0,0,0,0.00,0
1781847988,0,0,0,0.00,0.00,0,0,0,0,0,0,0,0.00,0.00,0,4,4,4,0,0,0,0,0,0,0,0,0,0.00,0
1781847989,0,0,0,0.00,0.00,0,0,0,0,0,0,0,0.00,0.00,0,4,4,4,0,0,0,0,0,0,0,0,0,0.00,0
1781847990,0,0,0,0.00,0.00,0,0,0,0,0,0,0,0.00,0.00,0,4,4,4,0,0,0,0,0,0,0,0,0,0.00,0
1781847991,0,0,0,0.00,0.00,0,0,0,0,0,0,0,0.00,0.00,0,4,4,4,0,0,0,0,0,0,0,0,0,0.00,0
1781847992,0,0,0,0.00,0.00,0,0,0,0,0,0,0,0.00,0.00,0,4,4,4,0,0,0,0,0,0,0,0,0,0.00,0
1781847993,0,0,0,0.00,0.00,0,0,0,0,0,0,0,0.00,0.00,0,5,5,5,0,0,0,0,0,0,0,0,0,0.00,0
1781847994,0,0,0,0.00,0.00,0,0,0,0,0,0,0,0.00,0.00,0,5,5,5,0,0,0,0,0,0,0,0,0,0.00,0
1781847995,0,0,0,0.00,0.00,0,0,0,0,0,0,0,0.00,0.00,0,5,5,5,0,0,0,0,0,0,0,0,0,0.00,0
1781847996,0,0,0,0.00,0.00,0,0,0,0,0,0,0,0.00,0.00,0,5,5,5,0,0,0,0,0,0,0,0,0,0.00,0
1781847997,0,0,0,0.00,0.00,0,0,0,0,0,0,0,0.00,0.00,0,5,5,5,0,0,0,0,0,0,0,0,0,0.00,0
1781847998,0,0,0,0.00,0.00,0,0,0,0,0,0,0,0.00,0.00,0,5,5,5,0,0,0,0,0,0,0,0,0,0.00,0
1781847999,0,0,0,0.00,0.00,0,0,0,0,0,0,0,0.00,0.00,0,5,5,5,0,0,0,0,0,0,0,0,0,0.00,0
1781848000,0,0,0,0.00,0.00,0,0,0,0,0,0,0,0.00,0.00,0,6,6,6,0,0,0,0,0,0,0,0,0,0.00,0
1781848001,0,0,0,0.00,0.00,0,0,0,0,0,0,0,0.00,0.00,0,6,6,6,0,0,0,0,0,0,0,0,0,0.00,0
1781848002,0,0,0,0.00,0.00,0,0,0,0,0,0,0,0.00,0.00,0,6,6,6,0,0,0,0,0,0,0,0,0,0.00,0
1781848003,0,0,0,0.00,0.00,0,0,0,0,0,0,0,0.00,0.00,0,6,6,6,0,0,0,0,0,0,0,0,0,0.00,0
1781848004,0,0,0,0.00,0.00,0,0,0,0,0,0,0,0.00,0.00,0,6,6,6,0,0,0,0,0,0,0,0,0,0.00,0
1781848005,0,0,0,0.00,0.00,0,0,0,0,0,0,0,0.00,0.00,0,6,6,6,0,0,0,0,0,0,0,0,0,0.00,0
1781848006,0,0,0,0.00,0.00,0,0,0,0,0,0,0,0.00,0.00,0,6,6,6,0,0,0,0,0,0,0,0,0,0.00,0
1781848007,0,0,0,0.00,0.00,0,0,0,0,0,0,0,0.00,0.00,0,7,7,7,0,0,0,0,0,0,0,0,0,0.00,0
1781848008,0,0,0,0.00,0.00,0,0,0,0,0,0,0,0.00,0.00,0,7,7,7,0,0,0,0,0,0,0,0,0,0.00,0
1781848009,0,0,0,0.00,0.00,0,0,0,0,0,0,0,0.00,0.00,0,7,7,7,0,0,0,0,0,0,0,0,0,0.00,0
1781848010,0,0,0,0.00,0.00,0,0,0,0,0,0,0,0.00,0.00,0,7,7,7,0,0,0,0,0,0,0,0,0,0.00,0
1781848011,0,0,0,0.00,0.00,0,0,0,0,0,0,0,0.00,0.00,0,7,7,7,0,0,0,0,0,0,0,0,0,0.00,0
1781848012,0,0,0,0.00,0.00,0,0,0,0,0,0,0,0.00,0.00,0,7,7,7,0,0,0,0,0,0,0,0,0,0.00,0
1781848013,0,0,0,0.00,0.00,0,0,0,0,0,0,0,0.00,0.00,0,8,8,8,0,0,0,0,0,0,0,0,0,0.00,0
1781848014,0,0,0,0.00,0.00,0,0,0,0,0,0,0,0.00,0.00,0,8,8,8,0,0,0,0,0,0,0,0,0,0.00,0
1781848015,0,0,0,0.00,0.00,0,0,0,0,0,0,0,0.00,0.00,0,8,8,8,0,0,0,0,0,0,0,0,0,0.00,0
1781848016,0,0,0,0.00,0.00,0,0,0,0,0,0,0,0.00,0.00,0,8,8,8,0,0,0,0,0,0,0,0,0,0.00,0
1781848017,0,0,0,0.00,0.00,0,0,0,0,0,0,0,0.00,0.00,0,8,8,8,0,0,0,0,0,0,0,0,0,0.00,0
1781848018,0,0,0,0.00,0.00,0,0,0,0,0,0,0,0.00,0.00,0,8,8,8,0,0,0,0,0,0,0,0,0,0.00,0
1781848019,0,0,0,0.00,0.00,0,0,0,0,0,0,0,0.00,0.00,0,8,8,8,0,0,0,0,0,0,0,0,0,0.00,0
1781848020,0,0,0,0.00,0.00,0,0,0,0,0,0,0,0.00,0.00,0,9,9,9,0,0,0,0,0,0,0,0,0,0.00,0
1781848021,0,0,0,0.00,0.00,0,0,0,0,0,0,0,0.00,0.00,0,9,9,9,0,0,0,0,0,0,0,0,0,0.00,0
1781848022,0,0,0,0.00,0.00,0,0,0,0,0,0,0,0.00,0.00,0,9,9,9,0,0,0,0,0,0,0,0,0,0.00,0
1781848023,0,0,0,0.00,0.00,0,0,0,0,0,0,0,0.00,0.00,0,9,9,9,0,0,0,0,0,0,0,0,0,0.00,0
1781848024,0,0,0,0.00,0.00,0,0,0,0,0,0,0,0.00,0.00,0,9,9,9,0,0,0,0,0,0,0,0,0,0.00,0
1781848025,0,0,0,0.00,0.00,0,0,0,0,0,0,0,0.00,0.00,0,9,9,9,0,0,0,0,0,0,0,0,0,0.00,0
1781848026,0,0,0,0.00,0.00,0,0,0,0,0,0,0,0.00,0.00,0,9,9,9,0,0,0,0,0,0,0,0,0,0.00,0
1781848027,0,0,0,0.00,0.00,0,0,0,0,0,0,0,0.00,0.00,0,10,10,10,0,0,0,0,0,0,0,0,0,0.00,0
1781848028,0,190,0,215.76,189.94,1686527,2082815,3010559,46530559,48365567,1132544,49610751,5078080.67,10304981.48,190,10,10,10,0,0,0,0,0,0,2082815,46530559,48365567,5078080.67,190
1781848029,0,390,0,207.34,199.93,1673215,1988607,2672639,8040447,47710207,1132544,49610751,3548488.21,7357572.61,390,10,10,10,0,0,0,0,0,0,1906687,3225599,3661823,2095375.36,200
1781848030,0,590,0,204.85,200.17,1686527,1986559,2590719,3575807,47185919,1132544,49610751,3069306.36,6027460.74,590,10,10,10,0,0,0,0,0,0,1971199,3194879,3430399,2134901.76,200
1781848031,0,790,0,203.60,199.99,1688575,1984511,2557951,3526655,46759935,1132544,49610751,2848611.16,5234088.97,790,10,10,10,0,0,0,0,0,0,1957887,3491839,3876863,2197560.32,200
1781848032,0,990,0,202.86,199.99,1692671,1971199,2510847,3424255,46530559,1132544,49610751,2699068.51,4691689.23,990,10,10,10,0,0,0,0,0,0,1909759,3244031,3454975,2108375.04,200
1781848033,0,1190,0,202.37,199.99,1693695,1980415,2516991,3403775,19234815,1132544,49610751,2615354.94,4290661.84,1190,10,10,10,0,0,0,0,0,0,2035711,3375103,3588095,2200972.80,200
1781848034,0,1390,0,202.03,200.03,1704959,1969151,2500607,3358719,13139967,1132544,49610751,2541751.07,3978795.94,1390,10,10,10,0,0,0,0,0,0,1930239,3125247,3289087,2103808.00,200
1781848035,0,1590,0,201.76,199.91,1709055,1983487,2506751,3364863,9134079,1132544,49610751,2503373.12,3727898.06,1590,10,10,10,0,0,0,0,0,0,2052095,3366911,3618815,2236646.40,200
1781848036,0,1790,0,201.58,200.11,1709055,1987583,2510847,3358719,8323071,1132544,49610751,2468666.35,3520500.87,1790,10,10,10,0,0,0,0,0,0,2019327,3293183,3719167,2192747.52,200
1781848037,0,1990,0,201.40,199.88,1708031,1986559,2500607,3327999,8040447,1132544,49610751,2432465.17,3344952.93,1990,10,10,10,0,0,0,0,0,0,1971199,3168255,3297279,2108464.64,200
1781848038,0,2190,0,201.28,200.04,1697791,1980415,2502655,3291135,5771263,1132544,49610751,2397966.03,3194839.06,2190,10,10,10,0,0,0,0,0,0,1886207,3102719,3301375,2054699.52,200
1781848039,0,2390,0,201.17,200.01,1697791,1972223,2500607,3280895,4407295,1132544,49610751,2371561.72,3063344.81,2390,10,10,10,0,0,0,0,0,0,1872895,3074047,3399679,2082434.56,200
1781848040,0,2590,0,201.09,200.07,1693695,1971199,2498559,3262463,4198399,1132544,49610751,2351191.38,2947264.05,2590,10,10,10,0,0,0,0,0,0,1934335,3088383,3223551,2107765.76,200
1781848041,0,2790,0,201.00,199.87,1701887,1970175,2494463,3258367,4089855,1132544,49610751,2334670.08,2843647.71,2790,10,10,10,0,0,0,0,0,0,1942527,3162111,3362815,2120719.36,200
1781848042,0,2990,0,200.93,199.94,1694719,1969151,2492415,3246079,4044799,1132544,49610751,2317895.06,2751236.89,2990,10,10,10,0,0,0,0,0,0,1939455,3166207,3330047,2083883.52,200
1781848043,0,3190,0,200.87,200.03,1689599,1967103,2490367,3250175,4235263,1132544,49610751,2307765.85,2671011.93,3190,10,10,10,0,0,0,0,0,0,1922047,3786751,4775935,2156334.08,200
1781848044,0,3390,0,200.82,200.05,1691647,1967103,2492415,3256319,4337663,1132544,49610751,2299749.19,2596436.57,3390,10,10,10,0,0,0,0,0,0,1963007,3332095,4509695,2171883.52,200
1781848045,0,3590,0,200.78,200.08,1689599,1965055,2488319,3244031,4235263,1132544,49610751,2288361.18,2526731.23,3590,10,10,10,0,0,0,0,0,0,1958911,3174399,3422207,2095334.40,200
1781848046,0,3790,0,200.73,199.86,1686527,1961983,2476031,3250175,4317183,1132544,49610751,2278383.65,2464732.16,3790,10,10,10,0,0,0,0,0,0,1890303,3309567,4747263,2099287.04,200
1781848047,0,3990,0,200.70,200.03,1686527,1954815,2465791,3239935,4235263,1132544,49610751,2267817.64,2405323.46,3990,10,10,10,0,0,0,0,0,0,1883135,3139583,3311615,2067591.68,200
1781848048,0,4190,0,200.66,200.01,1684479,1953791,2467839,3225599,4110335,1132544,49610751,2259183.14,2350764.41,4190,10,10,10,0,0,0,0,0,0,1890303,3149823,3375103,2086924.80,200
1781848049,0,4390,0,200.63,199.99,1683455,1954815,2478079,3223551,4132863,1132544,49610751,2255200.80,2300420.21,4390,10,10,10,0,0,0,0,0,0,1995775,3147775,4132863,2171770.88,200
1781848050,0,4590,0,200.61,200.05,1681407,1952767,2476031,3221503,4089855,1132544,49610751,2247191.31,2253322.61,4590,10,10,10,0,0,0,0,0,0,1866751,3182591,3500031,2071383.04,200
1781848051,0,4790,0,200.58,199.99,1679359,1950719,2480127,3221503,4089855,1132544,49610751,2242886.23,2209634.59,4790,10,10,10,0,0,0,0,0,0,1926143,3192831,3962879,2144084.48,200
1781848052,0,4990,0,200.56,199.94,1678335,1952767,2480127,3221503,4081663,1132544,49610751,2238719.38,2168141.06,4990,10,10,10,0,0,0,0,0,0,1959935,3223551,3540991,2138923.52,200
1781848053,0,5190,0,200.54,200.00,1681407,1953791,2478079,3221503,4057087,1132544,49610751,2234464.58,2128424.16,5190,10,10,10,0,0,0,0,0,0,1987583,3198975,3313663,2128307.20,200
1781848054,0,5390,0,200.52,200.02,1681407,1957887,2484223,3221503,4079615,1132544,49610751,2232960.52,2092049.67,5390,10,10,10,0,0,0,0,0,0,2065407,3252223,4095999,2193930.24,200
1781848055,0,5590,0,200.50,200.02,1681407,1955839,2482175,3219455,4050943,1132544,49610751,2228130.12,2057366.08,5590,10,10,10,0,0,0,0,0,0,1942527,3125247,3389439,2097950.72,200
1781848056,0,5790,0,200.48,199.99,1679359,1952767,2471935,3217407,3962879,1132544,49610751,2221440.93,2024301.74,5790,10,10,10,0,0,0,0,0,0,1866751,3147775,3323903,2034478.08,200
1781848057,0,5990,0,200.47,200.11,1680383,1953791,2467839,3213311,3921919,1132544,49610751,2217675.01,1992543.50,5990,10,10,10,0,0,0,0,0,0,2009087,3115007,3375103,2108651.52,200
1781848058,0,6190,0,200.45,199.82,1678335,1951743,2457599,3213311,3905535,1132544,49610751,2210807.81,1962554.06,6190,10,10,10,0,0,0,0,0,0,1846271,3061759,3149823,2005135.36,200
1781848059,0,6390,0,200.44,200.11,1674239,1948671,2457599,3211263,3883007,1132544,49610751,2205895.51,1934578.49,6390,10,10,10,0,0,0,0,0,0,1827839,3127295,3358719,2053859.84,200
1781848060,0,6590,0,200.42,200.01,1674239,1946623,2457599,3207167,3874815,1132544,49610751,2202358.06,1907517.45,6590,10,10,10,0,0,0,0,0,0,1882111,3123199,3461119,2089336.32,200
1781848061,0,6790,0,200.41,199.98,1674239,1946623,2457599,3209215,3848191,1132544,49610751,2199747.68,1881672.09,6790,10,10,10,0,0,0,0,0,0,1936383,3254271,3364863,2113735.68,200
1781848062,0,6990,0,200.40,199.99,1674239,1945599,2457599,3207167,3786751,1132544,49610751,2196708.68,1857240.44,6990,10,10,10,0,0,0,0,0,0,1927167,3121151,3475455,2093534.72,200
1781848063,0,7190,0,200.39,199.96,1674239,1945599,2453503,3207167,3778559,1132544,49610751,2193720.47,1833519.69,7190,10,10,10,0,0,0,0,0,0,1925119,3147775,3319807,2089282.56,200
1781848064,0,7390,0,200.38,199.97,1674239,1946623,2457599,3211263,3883007,1132544,49610751,2194470.11,1813187.50,7390,10,10,10,0,0,0,0,0,0,1996799,3737599,4935679,2221419.52,200
1781848065,0,7590,0,200.37,200.01,1674239,1946623,2457599,3213311,3883007,1132544,49610751,2192543.47,1791985.14,7590,10,10,10,0,0,0,0,0,0,1928191,3248127,3690495,2121354.24,200
1781848066,0,7790,0,200.36,199.99,1673215,1946623,2457599,3213311,3874815,1132544,49610751,2190467.91,1771295.32,7790,10,10,10,0,0,0,0,0,0,1976319,3172351,3414015,2111700.48,200
1781848067,0,7990,0,200.35,200.00,1670143,1944575,2457599,3213311,3848191,1132544,49610751,2186789.04,1751473.42,7990,10,10,10,0,0,0,0,0,0,1821695,3221503,3276799,2043496.96,200
1781848068,0,8190,0,200.34,200.01,1670143,1945599,2457599,3211263,3786751,1132544,49610751,2184611.29,1732322.24,8190,10,10,10,0,0,0,0,0,0,1990655,3178495,3426303,2097610.24,200
1781848069,0,8390,0,200.33,199.99,1668095,1946623,2453503,3209215,3780607,1132544,49610751,2181994.92,1713743.41,8390,10,10,10,0,0,0,0,0,0,1971199,3139583,3270655,2074854.40,200
1781848070,0,8590,0,200.33,200.14,1665023,1943551,2449407,3205119,3776511,1132544,49610751,2177478.84,1695918.83,8590,10,10,10,0,0,0,0,0,0,1851391,3080191,3225599,1988029.44,200
1781848071,0,8790,0,200.32,199.99,1662975,1943551,2449407,3205119,3784703,1132544,49610751,2175835.04,1679361.09,8790,10,10,10,0,0,0,0,0,0,1924095,3166207,4186111,2105233.92,200
1781848072,0,8990,0,200.31,199.99,1661951,1942527,2447359,3201023,3780607,1132544,49610751,2172549.44,1662601.68,8990,10,10,10,0,0,0,0,0,0,1890303,3061759,3196927,2028147.20,200
1781848073,0,9190,0,200.30,199.99,1662975,1941503,2443263,3198975,3776511,1132544,49610751,2170097.46,1646315.38,9190,10,10,10,0,0,0,0,0,0,1890303,3117055,3305471,2059880.96,200
1781848074,0,9390,0,200.30,199.97,1662975,1942527,2449407,3203071,3848191,1132544,49610751,2171493.09,1632262.84,9390,10,10,10,0,0,0,0,0,0,2033663,3651583,4603903,2235622.40,200
1781848075,0,9590,0,200.29,200.05,1661951,1941503,2447359,3203071,3876863,1132544,49610751,2169560.65,1618193.17,9590,10,10,10,0,0,0,0,0,0,1827839,3196927,4423679,2078832.64,200
1781848076,0,9790,0,200.28,199.92,1661951,1942527,2445311,3201023,3868671,1132544,49610751,2167921.59,1603354.36,9790,10,10,10,0,0,0,0,0,0,1970175,3172351,3282943,2089328.64,200
1781848077,0,9990,0,200.28,200.05,1660927,1939455,2443263,3198975,3860479,1132544,49610751,2165440.04,1589200.26,9990,10,10,10,0,0,0,0,0,0,1788927,3141631,3262463,2043968.00,200
1781848078,0,10190,0,200.27,200.00,1660927,1939455,2443263,3196927,3848191,1132544,49610751,2163845.45,1575210.29,10190,10,10,10,0,0,0,0,0,0,1940479,3123199,3172351,2084195.84,200
1781848079,0,10390,0,200.27,199.97,1660927,1939455,2443263,3196927,3786751,1132544,49610751,2162095.33,1561875.74,10390,10,10,10,0,0,0,0,0,0,1939455,3125247,3348479,2072926.72,200
1781848080,0,10590,0,200.26,199.94,1662975,1943551,2447359,3198975,3874815,1132544,49610751,2164847.10,1550109.45,10590,10,10,10,0,0,0,0,0,0,2127871,3645439,4411391,2307801.60,200
1781848081,0,10790,0,200.26,199.98,1662975,1943551,2445311,3201023,3860479,1132544,49610751,2163941.90,1537537.23,10790,10,10,10,0,0,0,0,0,0,1958911,3244031,3360767,2116011.52,200
1781848082,0,10990,0,200.25,200.05,1661951,1940479,2445311,3201023,3868671,1132544,49610751,2162342.23,1526030.22,10990,10,10,10,0,0,0,0,0,0,1801215,3186687,4669439,2076039.68,200
1781848083,0,11190,0,200.25,200.04,1661951,1940479,2447359,3203071,3885055,1132544,49610751,2162909.13,1515825.63,11190,10,10,10,0,0,0,0,0,0,1897471,3352575,5238783,2194060.80,200
1781848084,0,11390,0,200.25,200.07,1661951,1942527,2449407,3207167,3921919,1132544,49610751,2164182.46,1505690.95,11390,10,10,10,0,0,0,0,0,0,2042879,3571711,4526079,2235425.28,200
1781848085,0,11590,0,200.24,199.83,1660927,1942527,2449407,3205119,3917823,1132544,49610751,2162869.08,1494484.66,11590,10,10,10,0,0,0,0,0,0,1927167,3151871,3295231,2088071.68,200
1781848086,0,11790,0,200.24,200.16,1660927,1942527,2449407,3209215,3921919,1132544,49610751,2162839.04,1484421.30,11790,10,10,10,0,0,0,0,0,0,1952767,3336191,4313087,2161098.24,200
1781848087,0,11990,0,200.23,199.83,1661951,1941503,2449407,3207167,3917823,1132544,49610751,2161461.46,1473588.12,11990,10,10,10,0,0,0,0,0,0,1911807,3104767,3276799,2080253.44,200
1781848088,0,12210,0,200.56,220.10,1662975,1943551,2459647,3215359,4095999,1132544,49610751,2174250.18,1496145.93,12210,10,10,10,0,0,0,0,0,0,2038783,6860799,14737407,2871235.49,220
1781848089,0,12410,0,200.55,200.07,1662975,1944575,2459647,3215359,4095999,1132544,49610751,2173706.73,1486101.20,12410,10,10,10,0,0,0,0,0,0,1960959,3235839,3801087,2140528.64,200
1781848090,0,12610,0,200.54,199.98,1662975,1944575,2463743,3221503,4222975,1132544,49610751,2181780.81,1507849.70,12610,10,10,10,0,0,0,0,0,0,1992703,4755455,15384575,2682777.60,200
1781848091,0,12810,0,200.53,199.95,1663999,1944575,2461695,3221503,4206591,1132544,49610751,2181176.40,1497613.29,12810,10,10,10,0,0,0,0,0,0,1948671,3241983,3436543,2143068.16,200
1781848092,0,13010,0,200.52,200.05,1663999,1946623,2467839,3225599,4296703,1132544,49610751,2184858.54,1493046.39,13010,10,10,10,0,0,0,0,0,0,2083839,4165631,6955007,2420700.16,200
1781848093,0,13210,0,200.51,199.96,1663999,1947647,2469887,3225599,4247551,1132544,49610751,2183712.75,1483341.78,13210,10,10,10,0,0,0,0,0,0,1978367,3121151,3278847,2109178.88,200
1781848094,0,13410,0,200.51,200.03,1666047,1948671,2469887,3223551,4235263,1132544,49610751,2183764.04,1473695.59,13410,10,10,10,0,0,0,0,0,0,2039807,3186687,3371007,2187151.36,200
1781848095,0,13610,0,200.50,199.89,1667071,1948671,2469887,3221503,4222975,1132544,49610751,2183060.37,1464279.17,13610,10,10,10,0,0,0,0,0,0,1967103,3112959,3375103,2135879.68,200
1781848096,0,13810,0,200.49,200.06,1666047,1947647,2467839,3221503,4206591,1132544,49610751,2181322.43,1455205.63,13810,10,10,10,0,0,0,0,0,0,1873919,3123199,3262463,2063055.36,200
1781848097,0,14010,0,200.49,200.03,1663999,1946623,2465791,3219455,4186111,1132544,49610751,2178441.30,1446518.33,14010,10,10,10,0,0,0,0,0,0,1799167,3049471,3252223,1979499.52,200
1781848098,0,14210,0,200.48,200.01,1663999,1946623,2461695,3217407,4161535,1132544,49610751,2176750.20,1437750.27,14210,10,10,10,0,0,0,0,0,0,1911807,3115007,3241983,2058288.64,200
1781848099,0,14410,0,200.47,199.89,1663999,1945599,2463743,3215359,4145151,1132544,49610751,2175735.08,1429371.17,14410,10,10,10,0,0,0,0,0,0,1909759,3147775,3516415,2103610.88,200
1781848100,0,14610,0,200.46,200.03,1662975,1946623,2463743,3217407,4222975,1132544,49610751,2182037.29,1452159.89,14610,10,10,10,0,0,0,0,0,0,1987583,3461119,14696447,2636111.36,200
1781848101,0,14810,0,200.46,200.14,1662975,1946623,2465791,3219455,4300799,1132544,49610751,2190075.09,1484762.99,14810,10,10,10,0,0,0,0,0,0,1975295,3768319,15753215,2777236.48,200
1781848102,0,15010,0,200.45,199.89,1663999,1947647,2467839,3221503,4411391,1132544,49610751,2200440.38,1532716.56,15010,10,10,10,0,0,0,0,0,0,2064383,4206591,18661375,2967989.76,200
1781848103,0,15210,0,200.45,200.07,1663999,1947647,2467839,3221503,4345855,1132544,49610751,2199553.75,1523974.41,15210,10,10,10,0,0,0,0,0,0,2003967,3153919,3895295,2133012.48,200
1781848104,0,15410,0,200.44,200.01,1665023,1950719,2469887,3221503,4341759,1132544,49610751,2200059.58,1515508.99,15410,10,10,10,0,0,0,0,0,0,2148351,3215359,3760127,2238528.00,200
1781848105,0,15610,0,200.43,199.84,1665023,1950719,2469887,3221503,4337663,1132544,49610751,2199747.22,1507568.35,15610,10,10,10,0,0,0,0,0,0,1910783,3301375,4239359,2175680.00,200
1781848106,0,15810,0,200.43,200.13,1663999,1949695,2467839,3219455,4317183,1132544,49610751,2197607.82,1499397.49,15810,10,10,10,0,0,0,0,0,0,1836031,3160063,3340287,2030627.84,200
1781848107,0,16010,0,200.43,200.04,1663999,1949695,2469887,3221503,4411391,1132544,49610751,2198976.94,1495516.83,16010,10,10,10,0,0,0,0,0,0,1966079,3504127,7372799,2307205.12,200
1781848108,0,16210,0,200.42,199.92,1663999,1950719,2471935,3221503,4423679,1132544,49610751,2198817.58,1487963.51,16210,10,10,10,0,0,0,0,0,0,2015231,3241983,4550655,2186060.80,200
1781848109,0,16410,0,200.42,200.10,1663999,1951743,2471935,3225599,4509695,1132544,49610751,2199397.68,1481846.02,16410,10,10,10,0,0,0,0,0,0,1995775,3510271,5246975,2246415.36,200
1781848110,0,16610,0,200.41,199.91,1665023,1952767,2471935,3227647,4542463,1132544,49610751,2199789.60,1475127.92,16610,10,10,10,0,0,0,0,0,0,2019327,3428351,4771839,2231946.24,200
1781848111,0,16810,0,200.40,199.99,1663999,1950719,2469887,3225599,4550655,1132544,49610751,2198447.93,1469086.56,16810,10,10,10,0,0,0,0,0,0,1831935,3137535,6586367,2087022.08,200
1781848112,0,17010,0,200.40,199.98,1663999,1950719,2471935,3225599,4542463,1132544,49610751,2198378.85,1462085.68,17010,10,10,10,0,0,0,0,0,0,1998847,3321855,3991551,2192573.44,200
1781848113,0,17210,0,200.39,200.04,1662975,1950719,2469887,3225599,4530175,1132544,49610751,2196504.01,1454971.29,17210,10,10,10,0,0,0,0,0,0,1922047,3184639,3399679,2037048.32,200
1781848114,0,17410,0,200.39,200.02,1663999,1952767,2476031,3231743,4558847,1132544,49610751,2199403.52,1450426.31,17410,10,10,10,0,0,0,0,0,0,2095103,4399103,5505023,2448906.24,200
1781848115,0,17610,0,200.39,200.04,1665023,1952767,2471935,3229695,4550655,1132544,49610751,2198099.04,1443246.27,17610,10,10,10,0,0,0,0,0,0,1950719,3174399,3295231,2084544.00,200
1781848116,0,17810,0,200.38,199.86,1665023,1952767,2471935,3227647,4538367,1132544,49610751,2196859.87,1436284.07,17810,10,10,10,0,0,0,0,0,0,1929215,3119103,3256319,2087751.68,200
1781848117,0,18010,0,200.38,200.10,1665023,1951743,2469887,3225599,4530175,1132544,49610751,2195661.77,1429611.32,18010,10,10,10,0,0,0,0,0,0,1938431,3119103,3385343,2088970.24,200
1781848118,0,18210,0,200.37,200.05,1665023,1951743,2469887,3225599,4509695,1132544,49610751,2194351.98,1422978.07,18210,10,10,10,0,0,0,0,0,0,1913855,3160063,3307519,2076405.76,200
1781848119,0,18410,0,200.37,200.01,1665023,1951743,2469887,3227647,4530175,1132544,49610751,2194456.36,1417681.95,18410,10,10,10,0,0,0,0,0,0,1956863,3375103,6291455,2203960.32,200
1781848120,0,18610,0,200.37,199.95,1663999,1950719,2469887,3227647,4509695,1132544,49610751,2192862.24,1411431.79,18610,10,10,10,0,0,0,0,0,0,1875967,3213311,3659775,2046123.52,200
1781848121,0,18810,0,200.36,200.00,1662975,1950719,2469887,3227647,4476927,1132544,49610751,2192210.15,1405658.18,18810,10,10,10,0,0,0,0,0,0,1854463,3334143,3821567,2131532.80,200
1781848122,0,19010,0,200.36,199.91,1662975,1949695,2469887,3227647,4476927,1132544,49610751,2190967.39,1399794.26,19010,10,10,10,0,0,0,0,0,0,1873919,3160063,3545087,2074086.40,200
1781848123,0,19210,0,200.35,200.06,1661951,1948671,2467839,3225599,4468735,1132544,49610751,2189704.68,1393677.65,19210,10,10,10,0,0,0,0,0,0,1909759,3153919,3495935,2069683.20,200
1781848124,0,19410,0,200.35,199.98,1661951,1949695,2467839,3225599,4440063,1132544,49610751,2188940.65,1387652.92,19410,10,10,10,0,0,0,0,0,0,1973247,3211263,3377151,2115555.84,200
1781848125,0,19610,0,200.35,200.11,1661951,1948671,2467839,3225599,4440063,1132544,49610751,2188092.36,1381969.63,19610,10,10,10,0,0,0,0,0,0,1926143,3172351,3575807,2105766.40,200
1781848126,0,19810,0,200.34,199.85,1660927,1947647,2465791,3225599,4423679,1132544,49610751,2186286.21,1376210.32,19810,10,10,10,0,0,0,0,0,0,1841151,3151871,3276799,2009192.96,200
1781848127,0,20010,0,200.34,200.00,1660927,1947647,2465791,3225599,4407295,1132544,49610751,2185334.03,1370562.92,20010,10,10,10,0,0,0,0,0,0,1918975,3174399,3395583,2091020.80,200
1781848128,0,20210,0,200.34,200.09,1660927,1948671,2465791,3225599,4431871,1132544,49610751,2185355.82,1365571.60,20210,10,10,10,0,0,0,0,0,0,2047999,3344383,4538367,2187535.36,200
1781848129,0,20410,0,200.33,200.02,1660927,1947647,2463743,3225599,4411391,1132544,49610751,2183955.64,1359933.27,20410,10,10,10,0,0,0,0,0,0,1902591,3141631,3217407,2042467.84,200
1781848130,0,20610,0,200.33,199.84,1659903,1947647,2461695,3223551,4407295,1132544,49610751,2183283.67,1354863.94,20610,10,10,10,0,0,0,0,0,0,1919999,3215359,4171775,2114708.48,200
1781848131,0,20810,0,200.33,200.02,1659903,1947647,2461695,3223551,4403199,1132544,49610751,2182342.60,1349546.08,20810,10,10,10,0,0,0,0,0,0,1919999,3196927,3395583,2085365.76,200
1781848132,0,21010,0,200.32,200.03,1658879,1947647,2461695,3223551,4399103,1132544,49610751,2181628.93,1344343.93,21010,10,10,10,0,0,0,0,0,0,1965055,3217407,3565567,2107371.52,200
1781848133,0,21210,0,200.32,200.06,1658879,1947647,2461695,3223551,4374527,1132544,49610751,2181064.60,1339197.27,21210,10,10,10,0,0,0,0,0,0,2038783,3172351,3747839,2121781.76,200
1781848134,0,21410,0,200.32,200.02,1659903,1947647,2461695,3221503,4362239,1132544,49610751,2180282.84,1333845.76,21410,10,10,10,0,0,0,0,0,0,1942527,3119103,3336191,2097377.28,200
1781848135,0,21610,0,200.32,200.05,1660927,1948671,2463743,3225599,4411391,1132544,49610751,2181993.20,1331218.84,21610,10,10,10,0,0,0,0,0,0,2025471,4567039,5709823,2365086.72,200
1781848136,0,21810,0,200.31,199.95,1660927,1948671,2461695,3223551,4403199,1132544,49610751,2180825.08,1326001.07,21810,10,10,10,0,0,0,0,0,0,1979391,3110911,3350527,2054609.92,200
1781848137,0,22010,0,200.31,199.96,1659903,1948671,2461695,3223551,4399103,1132544,49610751,2179952.80,1321092.35,22010,10,10,10,0,0,0,0,0,0,1924095,3039231,3346431,2084830.72,200
1781848138,0,22210,0,200.31,200.10,1659903,1948671,2461695,3221503,4382719,1132544,49610751,2178845.99,1316083.02,22210,10,10,10,0,0,0,0,0,0,1916927,3037183,3137535,2057041.92,200
1781848139,0,22410,0,200.30,199.99,1658879,1948671,2459647,3219455,4362239,1132544,49610751,2177407.76,1311185.31,22410,10,10,10,0,0,0,0,0,0,1930239,3051519,3215359,2017692.16,200
1781848140,0,22610,0,200.30,199.82,1658879,1947647,2457599,3219455,4358143,1132544,49610751,2175989.42,1306429.74,22610,10,10,10,0,0,0,0,0,0,1825791,3123199,3229695,2017064.96,200
1781848141,0,22810,0,200.30,200.06,1657855,1946623,2457599,3217407,4345855,1132544,49610751,2174087.69,1301770.55,22810,10,10,10,0,0,0,0,0,0,1758207,3010559,3096575,1959096.32,200
1781848142,0,23010,0,200.30,200.07,1656831,1945599,2453503,3215359,4341759,1132544,49610751,2172571.98,1297137.32,23010,10,10,10,0,0,0,0,0,0,1830911,3059711,3330047,1999705.60,200
1781848143,0,23210,0,200.29,200.05,1656831,1945599,2453503,3215359,4317183,1132544,49610751,2171367.45,1292531.54,23210,10,10,10,0,0,0,0,0,0,1925119,3028991,3217407,2032785.92,200
1781848144,0,23410,0,200.29,199.95,1656831,1945599,2451455,3215359,4317183,1132544,49610751,2170933.93,1288342.74,23410,10,10,10,0,0,0,0,0,0,2023423,3121151,3487743,2120624.64,200
1781848145,0,23610,0,200.29,200.05,1655807,1945599,2451455,3213311,4304895,1132544,49610751,2169690.41,1283955.57,23610,10,10,10,0,0,0,0,0,0,1830911,3092479,3237887,2024135.68,200
1781848146,0,23810,0,200.28,199.86,1655807,1945599,2449407,3213311,4300799,1132544,49610751,2168352.45,1279523.69,23810,10,10,10,0,0,0,0,0,0,1932287,3069951,3237887,2010406.40,200
1781848147,0,24010,0,200.28,199.99,1655807,1945599,2447359,3213311,4288511,1132544,49610751,2167525.60,1275116.09,24010,10,10,10,0,0,0,0,0,0,1969151,3115007,3272703,2069089.28,200
1781848148,0,24500,0,202.68,489.92,1656831,1949695,2459647,3223551,4620287,914944,49610751,2193324.94,1399358.85,24500,10,10,10,0,0,0,0,0,0,2246655,13017087,23805951,3457492.64,490
1781848149,0,25000,0,205.12,500.08,1658879,1954815,2465791,3223551,4603903,914944,49610751,2194640.20,1388270.93,25000,10,10,10,0,0,0,0,0,0,2209791,3323903,4263935,2259087.87,500
1781848150,0,25500,0,207.52,500.17,1659903,1956863,2471935,3225599,4567039,749056,49610751,2193959.11,1377687.17,25500,10,10,10,0,0,0,0,0,0,2121727,3313663,3645439,2159904.77,500
1781848151,0,26000,0,209.88,500.01,1660927,1960959,2478079,3229695,4558847,749056,49610751,2195326.47,1367557.99,26000,10,10,10,0,0,0,0,0,0,2150399,3475455,4202495,2265061.89,500
1781848152,0,26500,0,212.20,499.75,1661951,1964031,2480127,3229695,4538367,578048,49610751,2193828.69,1357339.45,26500,10,10,10,0,0,0,0,0,0,2044927,3184639,3612671,2115943.94,500
1781848153,0,27000,0,214.49,500.08,1661951,1965055,2480127,3227647,4509695,578048,49610751,2192482.79,1347191.91,27000,10,10,10,0,0,0,0,0,0,2081791,3127295,3862527,2121149.95,500
1781848154,0,27500,0,216.74,500.36,1660927,1967103,2480127,3227647,4472831,578048,49610751,2189699.43,1338087.42,27500,10,10,10,0,0,0,0,0,0,2034687,3229695,3729407,2039397.89,500
1781848155,0,28000,0,218.95,499.66,1660927,1968127,2482175,3227647,4448255,578048,49610751,2187993.23,1329156.96,28000,10,10,10,0,0,0,0,0,0,2040831,3239935,3672063,2094152.19,500
1781848156,0,28500,0,221.13,499.89,1662975,1973247,2486271,3227647,4431871,578048,49610751,2189107.02,1319935.14,28500,10,10,10,0,0,0,0,0,0,2230271,3278847,3694591,2251479.55,500
1781848157,0,29000,0,223.28,500.13,1663999,1976319,2490367,3227647,4403199,578048,49610751,2188267.07,1310710.54,29000,10,10,10,0,0,0,0,0,0,2117631,3061759,3395583,2140389.89,500
1781848158,0,29500,0,225.40,500.18,1659903,1972223,2484223,3225599,4382719,553984,49610751,2180404.81,1304135.02,29500,10,10,10,0,0,0,0,0,0,1721343,2969599,3297279,1724393.47,500
1781848159,0,30000,0,227.48,499.99,1661951,1978367,2488319,3223551,4362239,553984,49610751,2181908.36,1295430.59,30000,10,10,10,0,0,0,0,0,0,2246655,3174399,3866623,2270618.11,500
1781848160,0,30500,0,229.53,499.70,1661951,1981439,2494463,3227647,4354047,553984,49610751,2183294.18,1288147.54,30500,10,10,10,0,0,0,0,0,0,2224127,3588095,4100095,2266443.26,500
1781848161,0,31000,0,231.55,500.08,1665023,1987583,2510847,3241983,4341759,553984,49610751,2190207.30,1281501.37,31000,10,10,10,0,0,0,0,0,0,2605055,3672063,4042751,2611907.58,500
1781848162,0,31500,0,233.54,499.91,1666047,1990655,2512895,3241983,4317183,553984,49610751,2190100.16,1273833.57,31500,10,10,10,0,0,0,0,0,0,2119679,3321855,3946495,2183457.79,500
1781848163,0,32000,0,235.50,500.30,1665023,1991679,2514943,3241983,4300799,548352,49610751,2187447.15,1267379.17,32000,10,10,10,0,0,0,0,0,0,2055167,3225599,3762175,2020307.46,500
1781848164,0,32500,0,237.43,499.72,1663999,1991679,2516991,3246079,4276223,548352,49610751,2186190.34,1261271.12,32500,10,10,10,0,0,0,0,0,0,2053119,3399679,3911679,2105754.62,500
1781848165,0,33000,0,239.34,500.44,1665023,1993727,2519039,3246079,4247551,548352,49610751,2186436.10,1254010.31,33000,10,10,10,0,0,0,0,0,0,2183167,3244031,3839999,2202409.98,500
1781848166,0,33500,0,241.21,499.60,1663999,1995775,2521087,3244031,4235263,548352,49610751,2184217.33,1247507.06,33500,10,10,10,0,0,0,0,0,0,2095103,3063807,3569663,2037778.94,500
1781848167,0,34000,0,243.07,500.40,1662975,1995775,2523135,3246079,4227071,548352,49610751,2183439.92,1241492.07,34000,10,10,10,0,0,0,0,0,0,2072575,3379199,3977215,2131353.60,500
1781848168,0,34500,0,244.89,499.97,1663999,1998847,2527231,3246079,4218879,548352,49610751,2184034.59,1235058.46,34500,10,10,10,0,0,0,0,0,0,2211839,3358719,3823615,2224471.55,500
1781848169,0,35000,0,246.69,499.91,1668095,2003967,2535423,3250175,4206591,548352,49610751,2187735.46,1228635.79,35000,10,10,10,0,0,0,0,0,0,2373631,3567615,3919871,2443095.55,500
1781848170,0,35500,0,248.46,499.92,1669119,2006015,2535423,3250175,4186111,548352,49610751,2187755.76,1221958.89,35500,10,10,10,0,0,0,0,0,0,2123775,3196927,3583999,2189176.83,500
1781848171,0,36000,0,250.21,499.85,1671167,2009087,2537471,3250175,4171775,548352,49610751,2188430.51,1215547.49,36000,10,10,10,0,0,0,0,0,0,2220031,3239935,3823615,2236338.18,500
1781848172,0,36500,0,251.93,499.95,1670143,2011135,2539519,3252223,4167679,548352,49610751,2188339.07,1210233.84,36500,10,10,10,0,0,0,0,0,0,2142207,3465215,3891199,2181754.88,500
1781848173,0,37000,0,253.63,500.27,1671167,2012159,2541567,3254271,4177919,548352,49610751,2188667.41,1204866.70,37000,10,10,10,0,0,0,0,0,0,2140159,3631103,4456447,2212636.16,500
1781848174,0,37500,0,255.31,499.96,1672191,2015231,2543615,3254271,4165631,548352,49610751,2189119.54,1198949.69,37500,10,10,10,0,0,0,0,0,0,2238463,3188735,3588095,2222577.15,500
1781848175,0,38000,0,256.96,499.96,1673215,2018303,2541567,3250175,4155391,548352,49610751,2188749.11,1192555.10,38000,10,10,10,0,0,0,0,0,0,2150399,2994175,3358719,2160967.17,500
1781848176,0,38500,0,258.60,500.10,1672191,2018303,2541567,3250175,4151295,548352,49610751,2187298.52,1187291.60,38500,10,10,10,0,0,0,0,0,0,2031615,3250175,3614719,2077053.95,500
1781848177,0,39000,0,260.21,500.07,1673215,2020351,2545663,3254271,4153343,548352,49610751,2187888.23,1182527.69,39000,10,10,10,0,0,0,0,0,0,2199551,3403775,4198399,2233295.87,500
1781848178,0,39500,0,261.80,499.93,1674239,2023423,2547711,3260415,4202495,548352,49610751,2196178.26,1228669.42,39500,10,10,10,0,0,0,0,0,0,2301951,4110335,23887871,2842800.13,500
1781848179,0,39999,0,263.36,498.70,1675263,2025471,2549759,3262463,4186111,548352,49610751,2196512.79,1223596.53,39999,10,10,10,0,0,0,0,0,0,2187263,3440639,4020223,2222993.70,499
1781848180,0,40500,0,264.91,501.04,1676287,2027519,2551807,3262463,4206591,548352,49610751,2197202.98,1219376.86,40500,10,10,10,0,0,0,0,0,0,2183167,3203071,5885951,2252306.91,501
1781848181,0,41000,0,266.44,500.29,1677311,2029567,2555903,3262463,4186111,548352,49610751,2198434.10,1214039.76,41000,10,10,10,0,0,0,0,0,0,2275327,3334143,3827711,2298154.50,500
1781848182,0,41500,0,267.95,499.93,1677311,2029567,2553855,3264511,4206591,548352,49610751,2197757.14,1210107.06,41500,10,10,10,0,0,0,0,0,0,2024447,3284991,5885951,2142246.91,500
1781848183,0,42000,0,269.44,499.74,1678335,2031615,2555903,3264511,4206591,548352,49610751,2197898.29,1205161.24,42000,10,10,10,0,0,0,0,0,0,2160639,3262463,4182015,2209613.82,500
1781848184,0,42500,0,270.91,500.05,1678335,2032639,2555903,3264511,4214783,548352,49610751,2197635.43,1200446.02,42500,10,10,10,0,0,0,0,0,0,2121727,3317759,4337663,2175555.07,500
1781848185,0,43000,0,272.36,499.98,1678335,2034687,2557951,3268607,4206591,548352,49610751,2197719.72,1195957.78,43000,10,10,10,0,0,0,0,0,0,2140159,3479551,3987455,2204884.48,500
1781848186,0,43500,0,273.79,499.98,1676287,2032639,2555903,3268607,4214783,548352,49610751,2194656.82,1192342.90,43500,10,10,10,0,0,0,0,0,0,1860607,3254271,4816895,1931247.10,500
1781848187,0,44000,0,275.20,499.93,1673215,2029567,2551807,3266559,4206591,548352,49610751,2190579.01,1189045.62,44000,10,10,10,0,0,0,0,0,0,1781759,3151871,3917823,1835809.79,500
1781848188,0,44500,0,276.60,500.03,1673215,2030591,2555903,3268607,4206591,548352,49610751,2191273.21,1184786.44,44500,10,10,10,0,0,0,0,0,0,2199551,3459071,4419583,2252362.24,500
1781848189,0,45000,0,277.98,500.03,1673215,2031615,2555903,3270655,4227071,548352,49610751,2190508.66,1181811.41,45000,10,10,10,0,0,0,0,0,0,2078719,3354623,5439487,2122464.26,500
1781848190,0,45500,0,279.35,500.07,1674239,2033663,2562047,3274751,4235263,548352,49610751,2192539.28,1178306.20,45500,10,10,10,0,0,0,0,0,0,2248703,3743743,4505599,2375294.46,500
1781848191,0,46000,0,280.69,499.85,1674239,2034687,2564095,3278847,4239359,548352,49610751,2193307.06,1174684.62,46000,10,10,10,0,0,0,0,0,0,2174975,3510271,4575231,2263175.17,500
1781848192,0,46500,0,282.02,500.01,1676287,2037759,2566143,3278847,4239359,548352,49610751,2194749.07,1170219.82,46500,10,10,10,0,0,0,0,0,0,2322431,3297279,4042751,2327413.76,500
1781848193,0,47000,0,283.34,500.52,1676287,2038783,2568191,3278847,4255743,548352,49610751,2194839.49,1166164.03,47000,10,10,10,0,0,0,0,0,0,2129919,3272703,4653055,2203248.64,500
1781848194,0,47500,0,284.63,499.56,1677311,2040831,2570239,3280895,4272127,548352,49610751,2196093.83,1163265.11,47500,10,10,10,0,0,0,0,0,0,2209791,3602431,5607423,2314001.92,500
1781848195,0,48000,0,285.92,500.07,1678335,2043903,2572287,3284991,4284415,548352,49610751,2197920.27,1160309.44,48000,10,10,10,0,0,0,0,0,0,2293759,3565567,5861375,2371431.94,500
1781848196,0,48500,0,287.19,500.10,1678335,2043903,2570239,3282943,4272127,548352,49610751,2196645.89,1156122.03,48500,10,10,10,0,0,0,0,0,0,2054143,3203071,3737599,2074305.54,500
1781848197,0,49000,0,288.44,499.83,1677311,2044927,2570239,3282943,4263935,548352,49610751,2195808.20,1152255.35,49000,10,10,10,0,0,0,0,0,0,2111487,3287039,3618815,2114552.83,500
1781848198,0,49500,0,289.68,500.07,1674239,2042879,2570239,3282943,4255743,548352,49610751,2192538.03,1149733.72,49500,10,10,10,0,0,0,0,0,0,1757183,3321855,3821567,1872061.44,500
1781848199,0,50000,0,290.90,500.22,1675263,2043903,2570239,3284991,4268031,548352,49610751,2193029.29,1146570.23,50000,10,10,10,0,0,0,0,0,0,2158591,3444735,5177343,2241663.49,500
1781848200,0,50500,0,292.11,499.67,1677311,2045951,2572287,3284991,4259839,548352,49610751,2194103.51,1142509.26,50500,10,10,10,0,0,0,0,0,0,2263039,3340287,3737599,2301525.50,500
1781848201,0,51000,0,293.31,500.47,1675263,2044927,2570239,3282943,4239359,548352,49610751,2191699.31,1139056.15,51000,10,10,10,0,0,0,0,0,0,1960959,3022847,3346431,1948875.26,500
1781848202,0,51500,0,294.49,499.81,1675263,2045951,2570239,3282943,4235263,548352,49610751,2191180.80,1135384.42,51500,10,10,10,0,0,0,0,0,0,2107391,3182591,3831807,2138293.25,500
1781848203,0,52000,0,295.65,499.76,1674239,2044927,2566143,3280895,4231167,548352,49610751,2188692.15,1132100.65,52000,10,10,10,0,0,0,0,0,0,1946623,2979839,3403775,1932360.70,500
1781848204,0,52500,0,296.81,500.24,1674239,2045951,2568191,3278847,4218879,548352,49610751,2188132.25,1128504.09,52500,10,10,10,0,0,0,0,0,0,2097151,3213311,3629055,2129902.59,500
1781848205,0,53000,0,297.95,499.77,1675263,2046975,2568191,3278847,4231167,548352,49610751,2188326.00,1125036.46,53000,10,10,10,0,0,0,0,0,0,2129919,3248127,4550655,2208670.21,500
1781848206,0,53500,0,299.08,499.91,1673215,2045951,2566143,3278847,4222975,548352,49610751,2186534.41,1122253.29,53500,10,10,10,0,0,0,0,0,0,1941503,3340287,3831807,1996625.92,500
1781848207,0,54000,0,300.20,500.24,1672191,2045951,2566143,3278847,4239359,548352,49610751,2185677.93,1122335.13,54000,10,10,10,0,0,0,0,0,0,2007039,3233791,7655423,2094033.92,500
1781848208,0,54250,0,299.92,250.10,1673215,2045951,2566143,3280895,4239359,548352,49610751,2185928.49,1120756.38,54250,10,10,10,0,0,0,0,0,0,2046975,3375103,3973119,2240050.18,250
1781848209,0,54450,0,299.37,200.03,1672191,2044927,2566143,3280895,4239359,548352,49610751,2185466.02,1119315.64,54450,10,10,10,0,0,0,0,0,0,1867775,3125247,3565567,2060021.76,200
1781848210,0,54650,0,298.83,199.92,1672191,2043903,2566143,3280895,4239359,548352,49610751,2185205.68,1117974.22,54650,10,10,10,0,0,0,0,0,0,1886207,3289087,4192255,2114327.04,200
1781848211,0,54850,0,298.29,200.00,1671167,2042879,2566143,3278847,4235263,548352,49610751,2184463.69,1116400.02,54850,10,10,10,0,0,0,0,0,0,1816575,2961407,3182591,1981713.92,200
1781848212,0,55050,0,297.76,199.99,1671167,2042879,2566143,3278847,4235263,548352,49610751,2184500.85,1115107.97,55050,10,10,10,0,0,0,0,0,0,1993727,3315711,4272127,2194693.12,200
1781848213,0,55250,0,297.23,199.98,1672191,2042879,2566143,3278847,4235263,548352,49610751,2184555.13,1113621.19,55250,10,10,10,0,0,0,0,0,0,2063359,3225599,3592191,2199495.68,200
1781848214,0,55450,0,296.71,199.95,1672191,2042879,2566143,3280895,4259839,548352,49610751,2185230.00,1113148.73,55450,10,10,10,0,0,0,0,0,0,2045951,4419583,5431295,2371663.36,200
1781848215,0,55650,0,296.20,199.99,1672191,2042879,2566143,3280895,4247551,548352,49610751,2184920.59,1111616.74,55650,10,10,10,0,0,0,0,0,0,1994751,3188735,3538943,2099136.00,200
1781848216,0,55850,0,295.69,200.12,1672191,2042879,2566143,3280895,4272127,548352,49610751,2185396.89,1111431.83,55850,10,10,10,0,0,0,0,0,0,2058239,3399679,6410239,2317926.40,200
1781848217,0,56050,0,295.19,200.03,1672191,2042879,2564095,3278847,4268031,548352,49610751,2184999.47,1109910.68,56050,10,10,10,0,0,0,0,0,0,1934335,3086335,3244031,2074019.84,200
1781848218,0,56250,0,294.69,199.83,1672191,2041855,2564095,3278847,4263935,548352,49610751,2184372.16,1108417.71,56250,10,10,10,0,0,0,0,0,0,1836031,3106815,3246079,2008568.32,200
1781848219,0,56450,0,294.19,200.13,1672191,2040831,2564095,3278847,4276223,548352,49610751,2184445.43,1107810.56,56450,10,10,10,0,0,0,0,0,0,1917951,3438591,6254591,2205053.44,200
1781848220,0,56650,0,293.71,200.00,1671167,2040831,2562047,3278847,4284415,548352,49610751,2184313.86,1106862.22,56650,10,10,10,0,0,0,0,0,0,1936383,3354623,5353471,2147179.52,200
1781848221,0,56850,0,293.22,199.89,1671167,2040831,2562047,3278847,4280319,548352,49610751,2184272.65,1105436.63,56850,10,10,10,0,0,0,0,0,0,2075647,3203071,3502079,2172597.76,200
1781848222,0,57050,0,292.74,200.00,1671167,2040831,2562047,3278847,4276223,548352,49610751,2184202.42,1104197.37,57050,10,10,10,0,0,0,0,0,0,1954815,3213311,3561471,2164241.92,200
1781848223,0,57250,0,292.27,200.11,1671167,2039807,2562047,3278847,4272127,548352,49610751,2184000.06,1102813.29,57250,10,10,10,0,0,0,0,0,0,1961983,3194879,3782655,2126277.12,200
1781848224,0,57450,0,291.80,199.91,1671167,2039807,2562047,3278847,4272127,548352,49610751,2184090.49,1101460.16,57450,10,10,10,0,0,0,0,0,0,2040831,3293183,3610623,2209973.76,200
1781848225,0,57650,0,291.34,200.10,1672191,2039807,2562047,3278847,4272127,548352,49610751,2184012.58,1100033.00,57650,10,10,10,0,0,0,0,0,0,1996799,3289087,3538943,2161633.28,200
1781848226,0,57850,0,290.88,199.85,1672191,2039807,2562047,3278847,4268031,548352,49610751,2183896.66,1098642.16,57850,10,10,10,0,0,0,0,0,0,2036735,3170303,3553279,2150481.92,200
1781848227,0,58050,0,290.42,200.18,1673215,2039807,2562047,3278847,4268031,548352,49610751,2183886.53,1097242.49,58050,10,10,10,0,0,0,0,0,0,2049023,3256319,3622911,2180958.72,200
1781848228,0,58250,0,289.97,199.98,1673215,2039807,2562047,3278847,4300799,548352,49610751,2184670.16,1097431.93,58250,10,10,10,0,0,0,0,0,0,1968127,5328895,6180863,2412119.04,200
1781848229,0,58450,0,289.53,199.93,1673215,2039807,2562047,3278847,4296703,548352,49610751,2184511.37,1096125.21,58450,10,10,10,0,0,0,0,0,0,2010111,3201023,3966975,2138263.04,200
1781848230,0,58650,0,289.09,200.03,1673215,2038783,2562047,3278847,4313087,548352,49610751,2185057.32,1096996.78,58650,10,10,10,0,0,0,0,0,0,1957887,3489791,8437759,2344611.84,200
1781848231,0,58850,0,288.65,199.91,1673215,2038783,2562047,3278847,4308991,548352,49610751,2184688.46,1095610.67,58850,10,10,10,0,0,0,0,0,0,1911807,3135487,3364863,2076518.40,200
1781848232,0,59050,0,288.22,200.01,1672191,2037759,2562047,3278847,4308991,548352,49610751,2184380.34,1094383.65,59050,10,10,10,0,0,0,0,0,0,1887231,3203071,3782655,2093716.48,200
1781848233,0,59250,0,287.79,199.99,1672191,2037759,2562047,3278847,4308991,548352,49610751,2184139.50,1093109.38,59250,10,10,10,0,0,0,0,0,0,1954815,3182591,3688447,2113031.68,200
1781848234,0,59450,0,287.36,200.14,1672191,2037759,2562047,3278847,4329471,548352,49610751,2184705.27,1093241.71,59450,10,10,10,0,0,0,0,0,0,1979391,3524607,7733247,2352314.88,200
1781848235,0,59650,0,286.94,200.01,1672191,2036735,2562047,3278847,4329471,548352,49610751,2184687.56,1091948.52,59650,10,10,10,0,0,0,0,0,0,2012159,3176447,3530751,2179422.72,200
1781848236,0,59850,0,286.53,200.01,1672191,2036735,2559999,3278847,4317183,548352,49610751,2184481.33,1090575.36,59850,10,10,10,0,0,0,0,0,0,1965055,3219455,3387391,2122974.72,200
1781848237,0,60050,0,286.12,199.90,1673215,2036735,2559999,3276799,4313087,548352,49610751,2184293.46,1089189.78,60050,10,10,10,0,0,0,0,0,0,1973247,3133439,3405823,2128071.68,200
1781848238,0,60250,0,285.71,200.04,1673215,2036735,2559999,3276799,4337663,548352,49610751,2184434.05,1088838.30,60250,10,10,10,0,0,0,0,0,0,1946623,3233791,6168575,2226647.04,200
1781848239,0,60450,0,285.30,200.05,1673215,2036735,2559999,3276799,4333567,548352,49610751,2184483.09,1087587.36,60450,10,10,10,0,0,0,0,0,0,1990655,3313663,3682303,2199257.60,200
1781848240,0,60650,0,284.90,199.99,1673215,2035711,2559999,3278847,4329471,548352,49610751,2184398.26,1086368.15,60650,10,10,10,0,0,0,0,0,0,1955839,3284991,3475455,2158755.84,200
1781848241,0,60850,0,284.50,199.88,1673215,2035711,2559999,3276799,4317183,548352,49610751,2184093.95,1085063.24,60850,10,10,10,0,0,0,0,0,0,1951743,3180543,3403775,2091811.84,200
1781848242,0,61050,0,284.11,200.08,1672191,2035711,2559999,3276799,4317183,548352,49610751,2183619.60,1083774.02,61050,10,10,10,0,0,0,0,0,0,1881087,3127295,3246079,2039301.12,200
1781848243,0,61250,0,283.72,200.05,1672191,2034687,2559999,3276799,4317183,548352,49610751,2183454.07,1082588.32,61250,10,10,10,0,0,0,0,0,0,1922047,3143679,3426303,2132925.44,200
1781848244,0,61450,0,283.34,199.85,1672191,2034687,2557951,3276799,4313087,548352,49610751,2183197.92,1081318.92,61450,10,10,10,0,0,0,0,0,0,1957887,3248127,3375103,2104750.08,200
1781848245,0,61650,0,282.95,199.99,1672191,2034687,2557951,3276799,4308991,548352,49610751,2183016.88,1080077.58,61650,10,10,10,0,0,0,0,0,0,1996799,3264511,3557375,2127393.28,200
1781848246,0,61850,0,282.57,200.08,1672191,2033663,2557951,3274751,4300799,548352,49610751,2182563.68,1078800.66,61850,10,10,10,0,0,0,0,0,0,1888255,3147775,3303423,2042864.64,200
1781848247,0,62050,0,282.20,200.08,1672191,2033663,2557951,3274751,4300799,548352,49610751,2182098.46,1077544.16,62050,10,10,10,0,0,0,0,0,0,1853439,3110911,3258367,2038231.04,200
1781848248,0,62250,0,281.83,199.84,1671167,2032639,2557951,3272703,4296703,548352,49610751,2181576.99,1076273.73,62250,10,10,10,0,0,0,0,0,0,1854463,3127295,3256319,2019788.80,200
1781848249,0,62450,0,281.46,200.00,1671167,2032639,2557951,3272703,4292607,548352,49610751,2181441.71,1075123.94,62450,10,10,10,0,0,0,0,0,0,1939455,3221503,4055039,2139335.68,200
1781848250,0,62650,0,281.09,200.09,1671167,2032639,2557951,3272703,4288511,548352,49610751,2181536.98,1073973.94,62650,10,10,10,0,0,0,0,0,0,2041855,3287039,3837951,2211287.04,200
1781848251,0,62850,0,280.73,200.02,1672191,2032639,2555903,3272703,4284415,548352,49610751,2181312.34,1072649.30,62850,10,10,10,0,0,0,0,0,0,1961983,3125247,3360767,2110942.72,200
1781848252,0,63050,0,280.37,200.04,1671167,2031615,2555903,3272703,4280319,548352,49610751,2180821.90,1071442.01,63050,10,10,10,0,0,0,0,0,0,1828863,3108863,3340287,2026700.80,200
1781848253,0,63250,0,280.01,199.87,1671167,2031615,2555903,3272703,4276223,548352,49610751,2180462.07,1070219.86,63250,10,10,10,0,0,0,0,0,0,1914879,3166207,3545087,2067025.92,200
1781848254,0,63450,0,279.66,200.01,1671167,2030591,2555903,3272703,4276223,548352,49610751,2180458.87,1069177.97,63450,10,10,10,0,0,0,0,0,0,1973247,3291135,4136959,2179448.32,200
1781848255,0,63650,0,279.31,199.98,1671167,2030591,2553855,3270655,4272127,548352,49610751,2180126.00,1067968.72,63650,10,10,10,0,0,0,0,0,0,1941503,3164159,3336191,2074521.60,200
1781848256,0,63850,0,278.97,200.11,1671167,2030591,2553855,3270655,4272127,548352,49610751,2180050.03,1066831.02,63850,10,10,10,0,0,0,0,0,0,1960959,3262463,3721215,2155873.28,200
1781848257,0,64050,0,278.62,200.00,1671167,2030591,2553855,3270655,4268031,548352,49610751,2179768.01,1065589.00,64050,10,10,10,0,0,0,0,0,0,1946623,3174399,3319807,2089733.12,200
1781848258,0,64250,0,278.28,200.02,1671167,2030591,2553855,3272703,4284415,548352,49610751,2180240.41,1065231.08,64250,10,10,10,0,0,0,0,0,0,2010111,4333567,5488639,2331525.12,200
1781848259,0,64450,0,277.94,199.86,1671167,2030591,2553855,3270655,4280319,548352,49610751,2180034.11,1064051.85,64450,10,10,10,0,0,0,0,0,0,2004991,3188735,3276799,2113761.28,200
1781848260,0,64650,0,277.61,200.15,1671167,2029567,2553855,3270655,4276223,548352,49610751,2179829.27,1062883.17,64650,10,10,10,0,0,0,0,0,0,1964031,3272703,3532799,2113820.16,200
1781848261,0,64850,0,277.28,199.86,1671167,2029567,2553855,3270655,4276223,548352,49610751,2179884.90,1061756.71,64850,10,10,10,0,0,0,0,0,0,2007039,3241983,3928063,2197864.96,200
1781848262,0,65050,0,276.95,200.06,1671167,2029567,2553855,3270655,4272127,548352,49610751,2179805.38,1060685.72,65050,10,10,10,0,0,0,0,0,0,1985535,3180543,4161535,2154022.40,200
1781848263,0,65250,0,276.62,200.04,1671167,2029567,2553855,3270655,4272127,548352,49610751,2179791.09,1059539.20,65250,10,10,10,0,0,0,0,0,0,2044927,3280895,3713023,2175143.68,200
1781848264,0,65450,0,276.30,199.88,1671167,2029567,2553855,3270655,4268031,548352,49610751,2179628.97,1058360.84,65450,10,10,10,0,0,0,0,0,0,1960959,3194879,3461119,2126735.36,200
1781848265,0,65650,0,275.98,200.16,1671167,2029567,2551807,3270655,4280319,548352,49610751,2179783.94,1057783.87,65650,10,10,10,0,0,0,0,0,0,1946623,3426303,5181439,2230499.84,200
1781848266,0,65850,0,275.66,199.86,1671167,2029567,2551807,3270655,4276223,548352,49610751,2179864.49,1056700.73,65850,10,10,10,0,0,0,0,0,0,1993727,3305471,3637247,2206305.28,200
1781848267,0,66050,0,275.35,200.06,1671167,2028543,2551807,3270655,4272127,548352,49610751,2179663.94,1055588.44,66050,10,10,10,0,0,0,0,0,0,1953791,3188735,3403775,2113630.72,200
1781848268,0,66980,0,278.06,930.17,1662975,2022399,2547711,3278847,4468735,548352,49610751,2186585.34,1185440.24,66980,10,10,10,0,0,0,0,0,0,1325055,9396223,32735231,2678154.18,930
1781848269,0,67980,0,281.05,999.99,1651711,2011135,2539519,3274751,4448255,537600,49610751,2174149.04,1182040.96,67980,10,10,10,0,0,0,0,0,0,1301503,2006015,2480127,1341165.57,1000
1781848270,0,68980,0,284.01,999.70,1637375,2000895,2527231,3268607,4435967,514048,49610751,2160616.34,1179504.95,68980,10,10,10,0,0,0,0,0,0,1192959,1912831,2248703,1240662.91,1000
1781848271,0,69970,0,286.90,990.61,1626111,1991679,2516991,3264511,4411391,481024,49610751,2148099.38,1176852.59,69970,10,10,10,0,0,0,0,0,0,1229823,2042879,2498559,1275958.43,990
1781848272,0,70980,0,289.86,1009.16,1615871,1982463,2506751,3262463,4395007,481024,49610751,2136831.47,1174093.56,70980,10,10,10,0,0,0,0,0,0,1252351,2260991,3612671,1356221.59,1010
1781848273,0,71980,0,292.74,1000.32,1604607,1972223,2498559,3260415,4386815,480000,49610751,2125291.00,1172050.31,71980,10,10,10,0,0,0,0,0,0,1182719,2244607,4046847,1306148.74,1000
1781848274,0,72980,0,295.61,1000.42,1592319,1960959,2488319,3256319,4366335,480000,49610751,2112740.07,1169643.04,72980,10,10,10,0,0,0,0,0,0,1162239,1884159,2252799,1209324.42,1000
1781848275,0,73980,0,298.45,999.27,1580031,1951743,2478079,3250175,4354047,480000,49610751,2100011.65,1167704.66,73980,10,10,10,0,0,0,0,0,0,1105919,2000895,2361343,1171091.33,1000
1781848276,0,74980,0,301.27,1000.24,1570815,1944575,2467839,3248127,4337663,480000,49610751,2088745.68,1165419.72,74980,10,10,10,0,0,0,0,0,0,1137663,2109439,2791423,1255289.34,1000
1781848277,0,75980,0,304.07,1000.14,1559551,1934335,2457599,3241983,4317183,480000,49610751,2076723.08,1163286.13,75980,10,10,10,0,0,0,0,0,0,1104895,1947647,2260991,1175268.22,1000
1781848278,0,76980,0,306.84,999.81,1548287,1925119,2447359,3239935,4313087,480000,49610751,2065643.85,1161183.00,76980,10,10,10,0,0,0,0,0,0,1153023,1906687,2844671,1223844.22,1000
1781848279,0,77980,0,309.59,999.93,1537023,1915903,2437119,3235839,4296703,480000,49610751,2055442.43,1158173.89,77980,10,10,10,0,0,0,0,0,0,1217535,1946623,2955263,1270137.09,1000
1781848280,0,78980,0,312.32,1000.35,1526783,1905663,2426879,3231743,4280319,477184,49610751,2044698.32,1155454.91,78980,10,10,10,0,0,0,0,0,0,1179647,1787903,2430975,1206872.58,1000
1781848281,0,79980,0,315.03,999.91,1518591,1897471,2418687,3229695,4276223,477184,49610751,2035402.79,1153019.56,79980,10,10,10,0,0,0,0,0,0,1192959,2197503,4186111,1301241.98,1000
1781848282,0,80980,0,317.72,1000.15,1508351,1889279,2408447,3225599,4263935,472320,49610751,2025165.83,1150649.55,80980,10,10,10,0,0,0,0,0,0,1115135,2154495,2555903,1206413.18,1000
1781848283,0,81980,0,320.38,999.55,1498111,1881087,2402303,3221503,4239359,472320,49610751,2015643.71,1148234.15,81980,10,10,10,0,0,0,0,0,0,1146879,2183167,3522559,1244542.98,1000
1781848284,0,82980,0,323.03,1000.57,1489919,1872895,2394111,3219455,4222975,466944,49610751,2006750.60,1145193.70,82980,10,10,10,0,0,0,0,0,0,1205247,2054143,2916351,1277693.44,1000
1781848285,0,83980,0,325.65,999.76,1479679,1864703,2385919,3215359,4210687,466944,49610751,1997418.74,1142377.00,83980,10,10,10,0,0,0,0,0,0,1172479,1925119,2629631,1223061.12,1000
1781848286,0,84980,0,328.26,1000.26,1469439,1856511,2377727,3213311,4206591,466944,49610751,1988907.49,1139426.13,84980,10,10,10,0,0,0,0,0,0,1198079,2099199,2705407,1274132.61,1000
1781848287,0,85980,0,330.84,999.45,1461247,1849343,2371583,3211263,4198399,466944,49610751,1981174.15,1136732.10,85980,10,10,10,0,0,0,0,0,0,1223679,2201599,3997695,1323994.62,1000
1781848288,0,86980,0,333.41,1000.24,1451007,1841151,2361343,3207167,4184063,466944,49610751,1972270.35,1134012.16,86980,10,10,10,0,0,0,0,0,0,1146879,1975295,2340863,1206721.41,1000
1781848289,0,87980,0,335.95,999.92,1441791,1832959,2353151,3203071,4171775,462592,49610751,1963872.33,1131171.68,87980,10,10,10,0,0,0,0,0,0,1160191,1979391,2725887,1233412.99,1000
1781848290,0,88979,0,338.48,999.70,1435647,1826815,2344959,3201023,4171775,462592,49610751,1957398.12,1128114.05,88979,10,10,10,0,0,0,0,0,0,1292287,2246655,4550655,1387226.71,999
1781848291,0,89980,0,340.99,1000.21,1425407,1818623,2336767,3196927,4161535,462592,49610751,1949747.96,1125217.25,89980,10,10,10,0,0,0,0,0,0,1195007,2015231,2531327,1269724.07,1001
1781848292,0,90980,0,343.48,999.95,1416191,1811455,2330623,3194879,4153343,462592,49610751,1942136.52,1122410.29,90980,10,10,10,0,0,0,0,0,0,1158143,2183167,2623487,1257259.52,1000
1781848293,0,91980,0,345.94,1000.25,1406975,1804287,2322431,3192831,4141055,462592,49610751,1934314.40,1119698.02,91980,10,10,10,0,0,0,0,0,0,1159167,2030591,2484223,1222658.18,1000
1781848294,0,92980,0,348.40,1000.23,1395711,1797119,2316287,3190783,4132863,462592,49610751,1926579.75,1117473.49,92980,10,10,10,0,0,0,0,0,0,1094655,2092031,3502079,1215146.75,1000
1781848295,0,93980,0,350.83,1000.15,1387519,1789951,2310143,3186687,4124671,462592,49610751,1920199.20,1114076.85,93980,10,10,10,0,0,0,0,0,0,1269759,2131967,2471935,1326935.55,1000
1781848296,0,94980,0,353.24,999.38,1377279,1782783,2303999,3182591,4110335,462592,49610751,1913229.61,1111379.47,94980,10,10,10,0,0,0,0,0,0,1170431,2168831,2967551,1258227.07,1000
1781848297,0,95980,0,355.64,1000.06,1366015,1775615,2295807,3180543,4102143,462592,49610751,1905340.02,1108784.45,95980,10,10,10,0,0,0,0,0,0,1117183,1805311,2077695,1155986.94,1000
1781848298,0,96979,0,358.01,998.98,1355775,1769471,2291711,3180543,4149247,462592,49610751,1907500.08,1188469.97,96979,10,10,10,0,0,0,0,0,0,1218559,5799935,32702463,2115029.97,999
1781848299,0,97980,0,360.38,1001.39,1344511,1762303,2285567,3178495,4139007,462592,49610751,1900153.28,1185428.40,97980,10,10,10,0,0,0,0,0,0,1105919,2063359,2408447,1188380.13,1001
1781848300,0,98980,0,362.72,999.35,1334271,1756159,2279423,3174399,4128767,462592,49610751,1893446.46,1182202.17,98980,10,10,10,0,0,0,0,0,0,1155071,2129919,2801663,1236312.45,1000
1781848301,0,99980,0,365.05,1000.60,1327103,1750015,2273279,3172351,4116479,462592,49610751,1888053.27,1178377.50,99980,10,10,10,0,0,0,0,0,0,1276927,2123775,2588671,1354235.14,1000
1781848302,0,100980,0,367.36,999.86,1315839,1743871,2267135,3168255,4106239,462592,49610751,1881369.17,1175240.70,100980,10,10,10,0,0,0,0,0,0,1137663,2107391,2729983,1213092.61,1000
1781848303,0,101980,0,369.65,999.59,1305599,1737727,2260991,3166207,4095999,462592,49610751,1874951.02,1172003.58,101980,10,10,10,0,0,0,0,0,0,1165311,2018303,2484223,1226846.21,1000
1781848304,0,102980,0,371.93,1000.99,1298431,1732607,2254847,3162111,4085759,462592,49610751,1869466.12,1168601.95,102980,10,10,10,0,0,0,0,0,0,1235967,2234367,2768895,1310116.10,1000
1781848305,0,103980,0,374.19,999.86,1291263,1726463,2248703,3160063,4075519,462592,49610751,1863949.13,1165282.70,103980,10,10,10,0,0,0,0,0,0,1229823,2166783,3088383,1295809.41,1000
1781848306,0,104980,0,376.43,999.81,1284095,1720319,2242559,3158015,4065279,462592,49610751,1858236.20,1162202.93,104980,10,10,10,0,0,0,0,0,0,1167359,2065407,3303423,1264206.08,1000
1781848307,0,105980,0,378.66,999.77,1276927,1714175,2236415,3155967,4057087,462592,49610751,1852636.04,1158879.22,105980,10,10,10,0,0,0,0,0,0,1200127,2107391,2490367,1264730.62,1000
1781848308,0,106980,0,380.87,1000.24,1268735,1709055,2230271,3153919,4048895,462592,49610751,1846619.08,1155884.82,106980,10,10,10,0,0,0,0,0,0,1148927,2062335,2514943,1208942.21,1000
1781848309,0,107980,0,383.07,999.50,1260543,1702911,2224127,3149823,4038655,462592,49610751,1840823.51,1152718.99,107980,10,10,10,0,0,0,0,0,0,1173503,1972223,2504703,1220813.18,1000
1781848310,0,108980,0,385.25,999.79,1253375,1696767,2217983,3145727,4022271,462592,49610751,1835192.42,1149621.62,108980,10,10,10,0,0,0,0,0,0,1153023,1974271,2670591,1227147.78,1000
1781848311,0,109979,0,387.41,999.49,1246207,1691647,2213887,3143679,4014079,462592,49610751,1829962.31,1146455.70,109979,10,10,10,0,0,0,0,0,0,1178623,2054143,2598911,1259414.55,999
1781848312,0,110980,0,389.57,1000.77,1240063,1686527,2207743,3141631,4003839,462592,49610751,1824720.84,1143337.33,110980,10,10,10,0,0,0,0,0,0,1175551,2117631,2547711,1248845.11,1001
1781848313,0,111980,0,391.70,1000.57,1233919,1680383,2201599,3139583,3999743,462080,49610751,1819536.22,1140586.80,111980,10,10,10,0,0,0,0,0,0,1163263,1976319,3864575,1244146.05,1000
1781848314,0,112980,0,393.82,999.84,1227775,1675263,2197503,3137535,3991551,462080,49610751,1814484.00,1137660.29,112980,10,10,10,0,0,0,0,0,0,1162239,2074623,2871295,1248737.28,1000
1781848315,0,113980,0,395.93,999.82,1219583,1669119,2191359,3135487,3995647,462080,49610751,1809075.80,1135344.63,113980,10,10,10,0,0,0,0,0,0,1085439,2103295,4085759,1198056.83,1000
1781848316,0,114980,0,398.02,999.74,1213439,1663999,2185215,3133439,3987455,462080,49610751,1804278.89,1132292.65,114980,10,10,10,0,0,0,0,0,0,1161215,2087935,2531327,1257527.30,1000
1781848317,0,115980,0,400.10,1000.55,1207295,1659903,2181119,3129343,3979263,462080,49610751,1799200.79,1129386.82,115980,10,10,10,0,0,0,0,0,0,1142783,2025471,2406399,1215321.22,1000
1781848318,0,116980,0,402.16,999.68,1203199,1653759,2174975,3129343,3979263,462080,49610751,1794231.43,1126816.18,116980,10,10,10,0,0,0,0,0,0,1144831,1833983,3788799,1217884.93,1000
1781848319,0,117980,0,404.21,1000.03,1198079,1647615,2170879,3125247,3966975,462080,49610751,1789723.30,1123702.00,117980,10,10,10,0,0,0,0,0,0,1207295,2061311,2428927,1262361.86,1000
1781848320,0,118980,0,406.24,999.92,1193983,1642495,2164735,3123199,3958783,462080,49610751,1785218.08,1120528.89,118980,10,10,10,0,0,0,0,0,0,1197055,1849343,2367487,1253692.42,1000
1781848321,0,119980,0,408.26,1000.10,1187839,1636351,2160639,3119103,3950591,462080,49610751,1779677.13,1117898.38,119980,10,10,10,0,0,0,0,0,0,1065983,1740799,2057215,1120414.59,1000
1781848322,0,120980,0,410.27,999.79,1183743,1632255,2154495,3119103,3944447,462080,49610751,1775439.65,1114931.27,120980,10,10,10,0,0,0,0,0,0,1201151,2081791,2387967,1267026.69,1000
1781848323,0,121980,0,412.26,1000.25,1179647,1627135,2150399,3117055,3938303,462080,49610751,1771279.83,1112268.28,121980,10,10,10,0,0,0,0,0,0,1150975,2320383,2926591,1268024.96,1000
1781848324,0,122980,0,414.24,1000.25,1174527,1623039,2146303,3112959,3932159,462080,49610751,1766869.80,1109655.90,122980,10,10,10,0,0,0,0,0,0,1135615,2185215,2859007,1228934.78,1000
1781848325,0,123980,0,416.21,999.55,1171455,1618943,2142207,3112959,3930111,462080,49610751,1763558.48,1107169.28,123980,10,10,10,0,0,0,0,0,0,1223679,2500607,3665919,1356331.78,1000
1781848326,0,124977,0,418.15,997.66,1166335,1614847,2138111,3110911,3926015,462080,49610751,1758710.37,1104629.29,124977,10,10,10,0,0,0,0,0,0,1092607,1886207,2271231,1155833.32,997
1781848327,0,125980,0,420.10,1002.30,1163263,1610751,2131967,3106815,3917823,462080,49610751,1754582.37,1101852.99,125980,10,10,10,0,0,0,0,0,0,1140735,2131967,2459647,1240220.84,1003
1781848328,0,126290,0,419.73,309.98,1163263,1610751,2131967,3106815,3915775,462080,49610751,1754593.60,1100888.77,126290,10,10,10,0,0,0,0,0,0,1703935,3010559,3227647,1759156.03,310
1781848329,0,126490,0,419.01,200.06,1164287,1610751,2131967,3106815,3913727,462080,49610751,1755161.97,1100313.89,126490,10,10,10,0,0,0,0,0,0,1946623,3190783,3307519,2114058.24,200
1781848330,0,126690,0,418.28,199.97,1165311,1611775,2134015,3106815,3913727,462080,49610751,1755642.59,1099720.87,126690,10,10,10,0,0,0,0,0,0,1910783,3092479,3368959,2059609.60,200
1781848331,0,126890,0,417.57,200.07,1165311,1612799,2134015,3106815,3919871,462080,49610751,1756698.93,1100652.13,126890,10,10,10,0,0,0,0,0,0,2020351,3561471,8339455,2425840.64,200
1781848332,0,127090,0,416.85,199.87,1166335,1613823,2134015,3106815,3917823,462080,49610751,1757239.37,1100069.22,127090,10,10,10,0,0,0,0,0,0,1928191,3131391,3309567,2100121.60,200
1781848333,0,127290,0,416.14,200.01,1167359,1614847,2136063,3108863,3915775,462080,49610751,1757760.81,1099494.10,127290,10,10,10,0,0,0,0,0,0,1971199,3153919,3340287,2089111.04,200
1781848334,0,127490,0,415.44,200.05,1167359,1615871,2136063,3108863,3913727,462080,49610751,1758295.82,1098922.94,127490,10,10,10,0,0,0,0,0,0,1974271,3145727,3403775,2098800.64,200
1781848335,0,127690,0,414.74,200.08,1168383,1615871,2136063,3108863,3913727,462080,49610751,1758826.58,1098367.31,127690,10,10,10,0,0,0,0,0,0,1924095,3166207,3467263,2097157.12,200
1781848336,0,127890,0,414.04,199.98,1169407,1616895,2136063,3108863,3917823,462080,49610751,1759533.34,1097998.50,127890,10,10,10,0,0,0,0,0,0,1990655,3327999,4390911,2210764.80,200
1781848337,0,128090,0,413.35,200.06,1169407,1617919,2136063,3108863,3915775,462080,49610751,1759894.42,1097345.81,128090,10,10,10,0,0,0,0,0,0,1840127,2955263,3162111,1990789.12,200
1781848338,0,128290,0,412.67,199.91,1170431,1617919,2138111,3108863,3913727,462080,49610751,1760351.92,1096708.93,128290,10,10,10,0,0,0,0,0,0,1939455,2994175,3270655,2053355.52,200
1781848339,0,128490,0,411.98,199.94,1170431,1618943,2138111,3108863,3913727,462080,49610751,1760834.00,1096132.74,128490,10,10,10,0,0,0,0,0,0,1885183,3141631,3409919,2070064.64,200
1781848340,0,128690,0,411.31,200.10,1171455,1619967,2138111,3108863,3909631,462080,49610751,1761445.99,1095601.28,128690,10,10,10,0,0,0,0,0,0,2012159,3248127,3442687,2154618.88,200
1781848341,0,128890,0,410.63,199.88,1172479,1620991,2140159,3110911,3907583,462080,49610751,1762060.03,1095069.84,128890,10,10,10,0,0,0,0,0,0,2033663,3143679,3334143,2157168.64,200
1781848342,0,129090,0,409.97,200.12,1173503,1622015,2140159,3108863,3905535,462080,49610751,1762517.70,1094467.09,129090,10,10,10,0,0,0,0,0,0,1891327,3092479,3164159,2057459.20,200
1781848343,0,129290,0,409.30,199.94,1174527,1622015,2140159,3110911,3903487,462080,49610751,1762965.16,1093870.33,129290,10,10,10,0,0,0,0,0,0,1896447,3121151,3268607,2051781.12,200
1781848344,0,129490,0,408.64,200.01,1174527,1623039,2140159,3110911,3897343,462080,49610751,1763456.62,1093302.78,129490,10,10,10,0,0,0,0,0,0,1938431,3147775,3538943,2081162.24,200
1781848345,0,129690,0,407.98,200.02,1175551,1624063,2140159,3110911,3903487,462080,49610751,1764053.95,1092886.43,129690,10,10,10,0,0,0,0,0,0,1935359,3465215,4374527,2150789.12,200
1781848346,0,129890,0,407.33,199.88,1176575,1625087,2142207,3110911,3897343,462080,49610751,1764621.62,1092359.91,129890,10,10,10,0,0,0,0,0,0,1959935,3149823,3317759,2132733.44,200
1781848347,0,130090,0,406.68,200.04,1177599,1625087,2142207,3110911,3895295,462080,49610751,1765012.10,1091784.12,130090,10,10,10,0,0,0,0,0,0,1816575,3092479,3258367,2018603.52,200
1781848348,0,130290,0,406.04,200.08,1178623,1626111,2142207,3110911,3895295,462080,49610751,1765595.43,1091260.66,130290,10,10,10,0,0,0,0,0,0,2037759,3155967,3461119,2145026.56,200
1781848349,0,130490,0,405.40,199.91,1178623,1626111,2144255,3110911,3893247,462080,49610751,1766110.62,1090724.86,130490,10,10,10,0,0,0,0,0,0,1956863,3158015,3448831,2101729.28,200
1781848350,0,130690,0,404.76,200.12,1179647,1627135,2144255,3112959,3891199,462080,49610751,1766631.56,1090213.44,130690,10,10,10,0,0,0,0,0,0,1873919,3248127,3381247,2106519.04,200
1781848351,0,130890,0,404.13,200.04,1180671,1628159,2144255,3112959,3891199,462080,49610751,1767194.95,1089722.87,130890,10,10,10,0,0,0,0,0,0,1930239,3215359,3366911,2135342.08,200
1781848352,0,131090,0,403.50,199.86,1180671,1628159,2144255,3112959,3889151,462080,49610751,1767713.92,1089205.25,131090,10,10,10,0,0,0,0,0,0,1897471,3239935,3526655,2107351.04,200
1781848353,0,131290,0,402.88,200.03,1181695,1629183,2146303,3112959,3887103,462080,49610751,1768229.04,1088689.86,131290,10,10,10,0,0,0,0,0,0,1922047,3207167,3379199,2105868.80,200
1781848354,0,131490,0,402.26,199.91,1182719,1630207,2146303,3112959,3885055,462080,49610751,1768697.07,1088143.86,131490,10,10,10,0,0,0,0,0,0,1895423,3186687,3334143,2075932.16,200
1781848355,0,131690,0,401.64,200.15,1182719,1630207,2146303,3112959,3885055,462080,49610751,1769209.61,1087619.79,131690,10,10,10,0,0,0,0,0,0,1943551,3180543,3446783,2106178.56,200
1781848356,0,131890,0,401.03,199.86,1183743,1631231,2146303,3115007,3885055,462080,49610751,1769735.07,1087110.70,131890,10,10,10,0,0,0,0,0,0,1946623,3182591,3389439,2115729.92,200
1781848357,0,132090,0,400.42,200.03,1184767,1632255,2148351,3115007,3885055,462080,49610751,1770243.31,1086597.89,132090,10,10,10,0,0,0,0,0,0,1905663,3141631,3375103,2105397.76,200
1781848358,0,132290,0,399.81,200.13,1185791,1632255,2148351,3115007,3883007,462080,49610751,1770655.92,1086034.76,132290,10,10,10,0,0,0,0,0,0,1896447,3153919,3348479,2043164.16,200
1781848359,0,132490,0,399.21,199.95,1186815,1633279,2148351,3115007,3883007,462080,49610751,1771225.74,1085502.37,132490,10,10,10,0,0,0,0,0,0,2059263,3155967,3321855,2148136.96,200
1781848360,0,132690,0,398.61,200.06,1186815,1634303,2148351,3115007,3883007,462080,49610751,1771728.06,1084990.41,132690,10,10,10,0,0,0,0,0,0,1967103,3176447,3502079,2104486.40,200
1781848361,0,132890,0,398.02,199.94,1187839,1635327,2148351,3115007,3880959,462080,49610751,1772105.26,1084419.15,132890,10,10,10,0,0,0,0,0,0,1881087,3125247,3325951,2022361.60,200
1781848362,0,133090,0,397.43,200.05,1188863,1635327,2150399,3115007,3878911,462080,49610751,1772589.66,1083911.01,133090,10,10,10,0,0,0,0,0,0,1941503,3239935,3461119,2094446.08,200
1781848363,0,133290,0,396.84,199.98,1189887,1636351,2150399,3115007,3876863,462080,49610751,1773177.43,1083391.88,133290,10,10,10,0,0,0,0,0,0,2038783,3180543,3387391,2164311.04,200
1781848364,0,133490,0,396.25,199.90,1189887,1637375,2150399,3117055,3883007,462080,49610751,1773889.37,1083117.76,133490,10,10,10,0,0,0,0,0,0,2003967,3547135,4534271,2248358.40,200
1781848365,0,133690,0,395.67,200.07,1190911,1638399,2152447,3117055,3880959,462080,49610751,1774457.93,1082660.98,133690,10,10,10,0,0,0,0,0,0,1948671,3264511,3708927,2153945.60,200
1781848366,0,133890,0,395.10,200.06,1191935,1638399,2152447,3117055,3880959,462080,49610751,1774900.40,1082114.64,133890,10,10,10,0,0,0,0,0,0,1879039,3194879,3303423,2070666.24,200
1781848367,0,134090,0,394.52,199.92,1191935,1639423,2152447,3117055,3878911,462080,49610751,1775350.46,1081566.47,134090,10,10,10,0,0,0,0,0,0,1911807,3149823,3368959,2076648.96,200
1781848368,0,134290,0,393.95,200.01,1192959,1640447,2152447,3117055,3876863,462080,49610751,1775735.46,1080991.38,134290,10,10,10,0,0,0,0,0,0,1909759,3063807,3250175,2033858.56,200
1781848369,0,134490,0,393.38,199.89,1192959,1640447,2154495,3117055,3874815,462080,49610751,1776155.61,1080432.46,134490,10,10,10,0,0,0,0,0,0,1903615,3137535,3231743,2058263.04,200
1781848370,0,134690,0,392.82,200.05,1193983,1641471,2154495,3117055,3874815,462080,49610751,1776704.80,1079969.42,134690,10,10,10,0,0,0,0,0,0,2011135,3254271,3448831,2146009.60,200
1781848371,0,134890,0,392.26,200.13,1195007,1641471,2154495,3117055,3874815,462080,49610751,1777183.53,1079478.02,134890,10,10,10,0,0,0,0,0,0,1884159,3217407,3397631,2099581.44,200
1781848372,0,135090,0,391.70,199.88,1196031,1642495,2154495,3119103,3872767,462080,49610751,1777671.09,1078970.22,135090,10,10,10,0,0,0,0,0,0,1954815,3211263,3368959,2106508.80,200
1781848373,0,135290,0,391.15,200.04,1197055,1643519,2154495,3119103,3872767,462080,49610751,1778210.49,1078484.09,135290,10,10,10,0,0,0,0,0,0,1983487,3284991,3461119,2142545.92,200
1781848374,0,135490,0,390.60,199.90,1197055,1644543,2156543,3119103,3870719,462080,49610751,1778711.60,1078011.97,135490,10,10,10,0,0,0,0,0,0,1997823,3284991,3497983,2117690.88,200
1781848375,0,135690,0,390.05,200.17,1198079,1644543,2156543,3119103,3866623,462080,49610751,1779218.28,1077519.17,135690,10,10,10,0,0,0,0,0,0,1980415,3233791,3459071,2122467.84,200
1781848376,0,135890,0,389.50,199.99,1199103,1645567,2156543,3119103,3866623,462080,49610751,1779693.13,1077025.00,135890,10,10,10,0,0,0,0,0,0,1933311,3203071,3469311,2101849.60,200
1781848377,0,136090,0,388.96,199.94,1200127,1645567,2156543,3119103,3866623,462080,49610751,1780140.46,1076494.63,136090,10,10,10,0,0,0,0,0,0,1933311,3141631,3239935,2084083.20,200
1781848378,0,136290,0,388.42,200.04,1201151,1646591,2158591,3119103,3864575,462080,49610751,1780668.46,1076010.02,136290,10,10,10,0,0,0,0,0,0,1992703,3235839,3393535,2139942.40,200
1781848379,0,136490,0,387.89,199.89,1201151,1647615,2158591,3121151,3864575,462080,49610751,1781126.96,1075510.18,136490,10,10,10,0,0,0,0,0,0,1911807,3141631,3547135,2093573.12,200
1781848380,0,136690,0,387.36,200.09,1202175,1648639,2158591,3121151,3862527,462080,49610751,1781657.04,1074995.53,136690,10,10,10,0,0,0,0,0,0,1999871,3123199,3248127,2143411.20,200
1781848381,0,136890,0,386.83,199.98,1203199,1648639,2158591,3121151,3862527,462080,49610751,1782141.21,1074473.74,136890,10,10,10,0,0,0,0,0,0,1960959,3180543,3575807,2113047.04,200
1781848382,0,137090,0,386.30,200.07,1204223,1649663,2158591,3121151,3860479,462080,49610751,1782563.88,1073951.44,137090,10,10,10,0,0,0,0,0,0,1905663,3207167,3332095,2071859.20,200
1781848383,0,137290,0,385.78,199.87,1204223,1650687,2158591,3121151,3860479,462080,49610751,1782973.83,1073408.27,137290,10,10,10,0,0,0,0,0,0,1917951,3096575,3264511,2063976.96,200
1781848384,0,137490,0,385.26,200.06,1205247,1650687,2160639,3121151,3860479,462080,49610751,1783523.32,1072938.86,137490,10,10,10,0,0,0,0,0,0,2023423,3297279,3512319,2160721.92,200
1781848385,0,137690,0,384.74,200.05,1205247,1651711,2160639,3121151,3858431,462080,49610751,1784193.70,1072534.42,137690,10,10,10,0,0,0,0,0,0,2077695,3348479,3577855,2245043.20,200
1781848386,0,137890,0,384.22,199.98,1206271,1652735,2160639,3121151,3856383,462080,49610751,1784665.10,1072025.81,137890,10,10,10,0,0,0,0,0,0,1987583,3227647,3389439,2109201.92,200
1781848387,0,138090,0,383.71,200.05,1207295,1653759,2160639,3121151,3854335,462080,49610751,1785157.91,1071537.20,138090,10,10,10,0,0,0,0,0,0,1960959,3166207,3311615,2124922.88,200
1781848388,0,139292,0,385.98,1201.10,1212415,1660927,2179071,3174399,8617983,462080,529006591,3182908.59,17160276.98,139292,10,10,10,0,0,0,0,0,0,169082879,352583679,494927871,163761437.39,1202
1781848389,0,141264,0,390.36,1972.79,1219583,1672191,2209791,3291135,253755391,462080,730857471,7756650.10,45756283.66,141264,10,10,10,0,0,0,0,0,0,267255807,650641407,716177407,330822371.44,1972
1781848390,0,142397,0,392.41,1133.55,1224703,1679359,2228223,3414015,427032575,462080,753926143,12098279.47,67589882.37,142397,10,10,10,0,0,0,0,0,0,542638079,748683263,753401855,553418607.39,1133
1781848391,0,144535,0,397.20,2136.70,1232895,1691647,2265087,4435967,748158975,462080,781189119,22943687.54,111123361.27,144535,10,10,10,0,0,0,0,0,0,756547583,777519103,780140543,745279315.58,2138
1781848392,0,146048,0,400.26,1512.74,1239039,1700863,2291711,177340415,763887615,462080,929038335,30691457.07,134310121.32,146048,10,10,10,0,0,0,0,0,0,776994815,912785407,924319743,770826202.10,1513
1781848393,0,147782,0,403.91,1734.95,1245183,1711103,2322431,283639807,1006632959,462080,1162870783,42970137.99,174840199.09,147782,10,10,10,0,0,0,0,0,0,1086324735,1155530751,1159725055,1077155138.44,1734
1781848394,0,149310,0,406.97,1527.86,1251327,1721343,2355199,616562687,1060634623,462080,1298137087,53491417.95,202508379.60,149310,10,10,10,0,0,0,0,0,0,1047527423,1240465407,1280311295,1071067200.34,1528
1781848395,0,150810,0,409.94,1500.10,1256447,1730559,2387967,725090303,1290797055,462080,1566572543,67716771.62,246594441.35,150810,10,10,10,0,0,0,0,0,0,1533018111,1561329663,1564475391,1483708476.07,1500
1781848396,0,152338,0,412.97,1527.92,1263615,1739775,2422783,766509055,1550843903,462080,1784676351,83172314.00,289545308.75,152338,10,10,10,0,0,0,0,0,0,1567621119,1761607679,1777336319,1608597932.90,1528
1781848397,0,153618,0,415.32,1280.20,1268735,1747967,2455551,905445375,1707081727,462080,2143289343,98677900.35,334427116.30,153618,10,10,10,0,0,0,0,0,0,1923088383,2120220671,2136997887,1944060723.20,1280
1781848398,0,154930,0,417.74,1311.54,1273855,1756159,2490367,1045954559,2065694719,462080,2487222271,117561947.82,390811565.89,154930,10,10,10,0,0,0,0,0,0,2340421631,2470445055,2480930815,2328636341.07,1312
1781848399,0,156450,0,420.70,1520.41,1279999,1765375,2533375,1127219199,2472542207,462080,2728394751,141658874.21,458783701.27,156450,10,10,10,0,0,0,0,0,0,2596274175,2707423231,2720006143,2597801509.73,1520
1781848400,0,157890,0,423.43,1439.78,1285119,1775615,2574335,1504706559,2696937471,462080,3007315967,166442877.75,524741201.87,157890,10,10,10,0,0,0,0,0,0,2852126719,2986344447,3001024511,2859121595.73,1440
1781848401,0,159298,0,426.07,1407.59,1291263,1783807,2615295,1559232511,2959081471,462080,3305111551,192874690.01,592729985.11,159298,10,10,10,0,0,0,0,0,0,3162505215,3290431487,3298820095,3156879546.18,1408
1781848402,0,160790,0,428.91,1492.48,1296383,1794047,2664447,1874853887,3284140031,462080,3558866943,223011960.66,667160268.50,160790,10,10,10,0,0,0,0,0,0,3454009343,3544186879,3552575487,3440710982.69,1492
1781848403,0,162269,0,431.70,1478.46,1302527,1804287,2711551,2306867199,3539992575,462080,3818913791,254544161.47,741073717.83,162269,10,10,10,0,0,0,0,0,0,3684696063,3804233727,3814719487,3682578351.69,1479
1781848404,0,163769,0,434.54,1500.81,1308671,1814527,2760703,2579496959,3793747967,462080,4068474879,288416911.61,817516629.41,163769,10,10,10,0,0,0,0,0,0,3963617279,4062183423,4066377727,3952748440.23,1500
1781848405,0,165263,0,437.34,1493.83,1314815,1824767,2811903,2826960895,4055891967,462080,4320133119,323635651.05,893479761.00,165263,10,10,10,0,0,0,0,0,0,4185915391,4303355903,4315938815,4184236547.43,1494
1781848406,0,166745,0,440.10,1482.46,1320959,1835007,2861055,3118465023,4282384383,462080,4580179967,360319914.11,970220427.04,166745,10,10,10,0,0,0,0,0,0,4458545151,4567597055,4580179967,4451110309.48,1482
1781848407,0,168183,0,442.73,1437.25,1327103,1844223,2908159,3384803327,4534042623,462080,4861198335,397519115.53,1045848971.31,168183,10,10,10,0,0,0,0,0,0,4697620479,4844421119,4857004031,4710996751.31,1438
1781848408,0,169792,0,445.79,1609.57,1333247,1855487,2959359,3649044479,4844421119,462080,5054136319,440779792.46,1130967541.93,169792,10,10,10,0,0,0,0,0,0,4966055935,5045747711,5049942015,4962663215.89,1609
1781848409,0,171298,0,448.56,1506.11,1338367,1866751,3006463,3904897023,5037359103,462080,5305794559,482194053.14,1208828675.48,171298,10,10,10,0,0,0,0,0,0,5142216703,5284823039,5297405951,5151390699.60,1506
1781848410,0,172760,0,451.21,1460.93,1344511,1876991,3053567,4116709375,5242879999,462080,5570035711,524354519.13,1287328701.81,172760,10,10,10,0,0,0,0,0,0,5486149631,5561647103,5570035711,5464165397.01,1462
1781848411,0,174350,0,454.18,1590.86,1350655,1888255,3102719,4387241983,5553258495,462080,5775556607,571214740.86,1371395937.52,174350,10,10,10,0,0,0,0,0,0,5662310399,5762973695,5771362303,5662769399.31,1590
1781848412,0,175848,0,456.89,1497.49,1356799,1899519,3151871,4630511615,5733613567,462080,6031409151,616559345.62,1450538038.60,175848,10,10,10,0,0,0,0,0,0,5888802815,6018826239,6027214847,5894150693.60,1498
1781848413,0,177378,0,459.67,1530.03,1362943,1910783,3211263,4903141375,5993660415,462080,6266290175,664091769.43,1531542857.35,177378,10,10,10,0,0,0,0,0,0,6119489535,6245318655,6257901567,6127151679.58,1530
1781848414,0,178948,0,462.54,1570.66,1369087,1923071,3291135,5066719231,6215958527,462080,6480199679,714210196.95,1615199696.75,178948,10,10,10,0,0,0,0,0,0,6383730687,6471811071,6476005375,6376570984.36,1570
1781848415,0,180471,0,465.28,1523.24,1374207,1933311,3426303,5347737599,6450839551,462080,6719275007,763888905.74,1696135890.82,180471,10,10,10,0,0,0,0,0,0,6610223103,6702497791,6710886399,6600990402.65,1523
1781848416,0,181957,0,467.90,1485.50,1379327,1944575,3721215,5582618623,6673137663,462080,6979321855,813341012.24,1774944410.60,181957,10,10,10,0,0,0,0,0,0,6807355391,6949961727,6966738943,6819176216.46,1486
1781848417,0,183790,0,471.40,1832.99,1386495,1958911,7204863,5821693951,6975127551,462080,7075790847,875453366.58,1871357792.25,183790,10,10,10,0,0,0,0,0,0,7046430719,7067402239,7071596543,7041180403.29,1833
1781848418,0,185540,0,474.67,1750.14,1391615,1972223,193724415,6073352191,7050625023,462080,7180648447,933932855.69,1956560878.44,185540,10,10,10,0,0,0,0,0,0,7050625023,7168065535,7176454143,7075615885.60,1750
1781848419,0,186830,0,476.75,1290.02,1396735,1983487,264110079,6278873087,7079985151,462080,7537164287,978127472.11,2020572619.80,186830,10,10,10,0,0,0,0,0,0,7327449087,7516192767,7532969983,7334615170.18,1290
1781848420,0,188038,0,478.61,1207.38,1400831,1992703,438304767,6446645247,7306477567,462080,7935623167,1021540806.07,2085201273.29,188038,10,10,10,0,0,0,0,0,0,7742685183,7914651647,7931428863,7735872912.11,1208
1781848421,0,189530,0,481.19,1493.01,1405951,2003967,656932863,6660554751,7805599743,462080,8187281407,1076926840.97,2168058917.90,189530,10,10,10,0,0,0,0,0,0,8069840895,8166309887,8178892799,8057274851.17,1492
1781848422,0,190937,0,483.53,1407.02,1410047,2016255,720895999,6832521215,8082423807,462080,8485076991,1130571238.75,2248009381.26,190937,10,10,10,0,0,0,0,0,0,8384413695,8464105471,8480882687,8356742319.40,1407
1781848423,0,192397,0,486.00,1459.27,1415167,2027519,759169023,7042236415,8426356735,462080,8757706751,1187561811.91,2332382734.58,192397,10,10,10,0,0,0,0,0,0,8640266239,8749318143,8757706751,8640718707.73,1460
1781848424,0,194067,0,488.98,1670.75,1420287,2041855,825229311,7059013631,8732540927,462080,8925478911,1253372652.95,2427383733.38,194067,10,10,10,0,0,0,0,0,0,8841592831,8917090303,8925478911,8835293841.32,1670
1781848425,0,195813,0,492.14,1744.85,1425407,2057215,1033895935,7247757311,8900313087,462080,9059696639,1322341357.09,2523564216.32,195813,10,10,10,0,0,0,0,0,0,8992587775,9051308031,9059696639,8988177270.76,1746
1781848426,0,197649,0,495.51,1836.31,1431551,2073599,1096810495,7847542783,9051308031,462080,9135194111,1394284208.13,2619395269.58,197649,10,10,10,0,0,0,0,0,0,9059696639,9118416895,9126805503,9067130335.65,1836
1781848427,0,199049,0,497.77,1400.47,1435647,2084863,1279262719,8086618111,9076473855,462080,9428795391,1449549870.84,2691511669.46,199049,10,10,10,0,0,0,0,0,0,9235857407,9412018175,9428795391,9251837706.24,1400
1781848428,0,200705,0,500.66,1654.99,1440767,2099199,1543503871,8451522559,9344909311,462080,9638510591,1516500350.59,2779076220.03,200705,10,10,10,0,0,0,0,0,0,9579790335,9630121983,9638510591,9563859072.62,1656
1781848429,0,202611,0,504.16,1907.76,1445887,2117631,1669332991,8766095359,9563013119,462080,9646899199,1592235040.40,2873081553.40,202611,10,10,10,0,0,0,0,0,0,9563013119,9613344767,9638510591,9567225028.63,1906
1781848430,0,203920,0,506.15,1308.17,1448959,2129919,1912602623,8891924479,9604956159,462080,9999220735,1645321586.19,2939028991.98,203920,10,10,10,0,0,0,0,0,0,9898557439,9990832127,9990832127,9862218554.08,1309
1781848431,0,205508,0,508.83,1588.01,1454079,2146303,2300575743,9034530815,9948889087,462080,10200547327,1710370054.12,3019027173.42,205508,10,10,10,0,0,0,0,0,0,10041163775,10175381503,10192158719,10063445355.69,1588
1781848432,0,207029,0,511.33,1521.73,1458175,2160639,2529165311,9059696639,10083106815,462080,10452205567,1773789653.85,3096939671.65,207029,10,10,10,0,0,0,0,0,0,10351542271,10443816959,10452205567,10342649023.87,1521
1781848433,0,209282,0,515.62,2251.28,1464319,2183167,2820669439,9378463743,10343153663,462080,10452205567,1866208266.48,3205100409.89,209282,10,10,10,0,0,0,0,0,0,10368319487,10443816959,10443816959,10358588628.25,2253
1781848434,0,210579,0,517.55,1297.78,1468415,2195455,3015704575,9554624511,10385096703,462080,10670309375,1918968939.05,3264760531.58,210579,10,10,10,0,0,0,0,0,0,10393485311,10645143551,10661920767,10432352960.25,1297
1781848435,0,212472,0,520.92,1891.67,1474559,2215935,3311403007,9596567551,10586423295,462080,10745806847,1997356967.67,3353690667.35,212472,10,10,10,0,0,0,0,0,0,10720641023,10737418239,10745806847,10717310839.68,1893
1781848436,0,214113,0,523.66,1642.38,1478655,2234367,3537895423,9940500479,10729029631,462080,10896801791,2064553499.18,3427199805.82,214113,10,10,10,0,0,0,0,0,0,10745806847,10871635967,10888413183,10764968759.69,1641
1781848437,0,215610,0,526.03,1496.41,1482751,2250751,3707764735,10057940991,10762584063,462080,11148460031,2126636820.46,3495062741.82,215610,10,10,10,0,0,0,0,0,0,10997465087,11131682815,11148460031,11006293579.59,1497
1781848438,0,217275,0,528.80,1665.97,1487871,2269183,3953131519,10301210623,11047796735,462080,11341398015,2196710190.17,3571797867.88,217275,10,10,10,0,0,0,0,0,0,11299454975,11333009407,11333009407,11270895922.28,1665
1781848439,0,218917,0,531.51,1641.42,1491967,2289663,4129292287,10359930879,11307843583,462080,11492392959,2265419292.17,3645102270.79,218917,10,10,10,0,0,0,0,0,0,11333009407,11484004351,11492392959,11357240326.24,1642
1781848440,0,220475,0,533.99,1558.42,1497087,2308095,4336910335,10435428351,11358175231,462080,11718885375,2331511936.67,3715736714.78,220475,10,10,10,0,0,0,0,0,0,11634999295,11710496767,11718885375,11618292074.80,1558
1781848441,0,222020,0,536.44,1544.63,1501183,2328575,4538236927,10712252415,11651776511,462080,11945377791,2397435977.72,3785608675.66,222020,10,10,10,0,0,0,0,0,0,11794382847,11928600575,11936989183,11804945978.66,1545
1781848442,0,223430,0,538.54,1410.24,1505279,2347007,4718591999,10729029631,11785994239,462080,12238979071,2458695032.74,3851148074.94,223430,10,10,10,0,0,0,0,0,0,12121538559,12230590463,12238979071,12104606660.45,1410
1781848443,0,224908,0,540.80,1476.73,1509375,2369535,4928307199,10796138495,12113149951,462080,12499025919,2523780492.20,3921007331.67,224908,10,10,10,0,0,0,0,0,0,12348030975,12490637311,12499025919,12362781985.60,1478
1781848444,0,226420,0,543.13,1512.58,1513471,2390015,5054136319,11047796735,12348030975,462080,12742295551,2591154129.15,3993352681.43,226420,10,10,10,0,0,0,0,0,0,12616466431,12725518335,12742295551,12612893506.37,1512
1781848445,0,227870,0,545.30,1450.31,1517567,2412543,5213519871,11299454975,12599689215,462080,13019119615,2656522653.07,4063579146.00,227870,10,10,10,0,0,0,0,0,0,12859736063,13002342399,13019119615,12863930368.00,1450
1781848446,0,229280,0,547.36,1409.42,1520639,2435071,5473566719,11324620799,12826181631,462080,13312720895,2720911370.76,4132939708.41,229280,10,10,10,0,0,0,0,0,0,13119782911,13287555071,13312720895,13126767469.30,1410
1781848447,0,230709,0,549.46,1429.90,1524735,2459647,5595201535,11534335999,13086228479,462080,13606322175,2787201115.49,4204817857.76,230709,10,10,10,0,0,0,0,0,0,13404995583,13581156351,13597933567,13423249171.53,1429
1781848448,0,232090,0,551.44,1380.09,1527807,2484223,5733613567,11718885375,13371441151,462080,13916700671,2852306677.48,4275914332.56,232090,10,10,10,0,0,0,0,0,0,13740539903,13874757631,13899923455,13728801319.67,1381
1781848449,0,233279,0,552.95,1189.53,1531903,2506751,5872025599,11861491711,13648265215,462080,14319353855,2909902909.59,4340261716.27,233279,10,10,10,0,0,0,0,0,0,14168358911,14310965247,14319353855,14152551783.13,1189
1781848450,0,235773,0,557.54,2494.49,1538047,2551807,6157238271,12322865151,14185136127,462080,14352908287,3029649367.41,4469893516.88,235773,10,10,10,0,0,0,0,0,0,14252244991,14344519679,14344519679,14230264417.31,2494
1781848451,0,238294,0,562.17,2519.47,1545215,2603007,6459228159,12733906943,14185136127,462080,14352908287,3144667443.96,4583235995.03,238294,10,10,10,0,0,0,0,0,0,13899923455,14134804479,14151581695,13901572228.42,2521
1781848452,0,240160,0,565.24,1866.02,1550335,2641919,6668943359,13052674047,14185136127,462080,14352908287,3227170951.52,4659626409.69,240160,10,10,10,0,0,0,0,0,0,13748928511,13883146239,13941866495,13763125309.46,1866
1781848453,0,242021,0,568.28,1862.03,1555455,2680831,6857687039,13388218367,14176747519,462080,14352908287,3309707674.79,4735429604.36,242021,10,10,10,0,0,0,0,0,0,13983809535,13992198143,13992198143,13960980892.68,1861
1781848454,0,243680,0,570.84,1657.82,1560575,2717695,7042236415,13706985471,14176747519,462080,14352908287,3382414080.27,4800293783.31,243680,10,10,10,0,0,0,0,0,0,14000586751,14092861439,14109638655,13989090971.24,1659
1781848455,0,245434,0,573.60,1754.93,1565695,2756607,7054819327,13757317119,14201913343,462080,14352908287,3459334600.91,4868281135.96,245434,10,10,10,0,0,0,0,0,0,14126415871,14235467775,14235467775,14145761322.03,1754
1781848456,0,247209,0,576.41,1775.14,1569791,2795519,7159676927,13866369023,14269022207,462080,14386462719,3537116644.91,4936249849.49,247209,10,10,10,0,0,0,0,0,0,14277410815,14378074111,14386462719,14292248018.71,1775
1781848457,0,249069,0,579.39,1859.11,1574911,2838527,7528775679,13958643711,14310965247,462080,14420017151,3617620178.80,5004594025.29,249069,10,10,10,0,0,0,0,0,0,14319353855,14403239935,14420017151,14317189053.94,1860
1781848458,0,250717,0,581.87,1649.34,1580031,2873343,7935623167,13992198143,14344519679,462080,14596177919,3688970155.91,5064655559.71,250717,10,10,10,0,0,0,0,0,0,14461960191,14545846271,14587789311,14472384869.90,1648
1781848459,0,252450,0,584.54,1733.04,1585151,2912255,8136949759,14067695615,14461960191,462080,14747172863,3764292354.90,5127909606.27,252450,10,10,10,0,0,0,0,0,0,14654898175,14738784255,14747172863,14661323956.22,1733
1781848460,0,254625,0,588.21,2174.98,1591295,2957311,8493465599,14134804479,14654898175,462080,14755561471,3857581879.40,5203940252.04,254625,10,10,10,0,0,0,0,0,0,14696841215,14747172863,14747172863,14685600481.28,2175
1781848461,0,256238,0,590.57,1613.02,1595391,2992127,8740929535,14235467775,14722007039,462080,14839447551,3926187831.33,5258662413.25,256238,10,10,10,0,0,0,0,0,0,14755561471,14822670335,14831058943,14756188147.30,1613
1781848462,0,257951,0,593.15,1712.57,1600511,3028991,8875147263,14277410815,14755561471,462080,14973665279,3999125878.86,5316547850.19,257951,10,10,10,0,0,0,0,0,0,14923333631,14965276671,14973665279,14909516669.09,1713
1781848463,0,260051,0,596.61,2100.21,1605631,3071999,8950644735,14277410815,14755561471,462080,15015608319,4056800894.93,5338904765.00,260051,10,10,10,0,0,0,0,0,0,11173625855,14990442495,14998831103,11141242833.19,2100
1781848464,0,261530,0,598.63,1478.53,1610751,3102719,8925478911,14277410815,14755561471,462080,15015608319,4051271100.95,5326198432.35,261530,10,10,10,0,0,0,0,0,0,3072327679,6056574975,6333399039,3078973295.30,1479
1781848465,0,261730,0,597.72,199.97,1609727,3098623,8917090303,14277410815,14755561471,462080,15015608319,4048176882.41,5325338658.68,261730,10,10,10,0,0,0,0,0,0,1895423,3231743,4296703,2022017.28,200
1781848466,0,261930,0,596.81,200.04,1609727,3096575,8917090303,14277410815,14755561471,462080,15015608319,4045087408.33,5324478250.87,261930,10,10,10,0,0,0,0,0,0,1957887,3094527,3504127,2047142.40,200
1781848467,0,262130,0,595.91,199.96,1610751,3092479,8917090303,14277410815,14755561471,462080,15015608319,4042002681.78,5323617203.30,262130,10,10,10,0,0,0,0,0,0,1946623,3176447,3471359,2090567.68,200
1781848468,0,262330,0,595.01,200.09,1610751,3088383,8908701695,14277410815,14755561471,462080,15015608319,4038922647.87,5322755554.37,262330,10,10,10,0,0,0,0,0,0,1921023,3106815,3368959,2076200.96,200
1781848469,0,262530,0,594.12,199.83,1610751,3086335,8908701695,14277410815,14755561471,462080,15015608319,4035847575.32,5321893097.17,262530,10,10,10,0,0,0,0,0,0,2060287,5070847,7360511,2428664.32,200
1781848470,0,262730,0,593.23,200.15,1610751,3082239,8900313087,14277410815,14755561471,462080,15015608319,4032776924.01,5321030237.73,262730,10,10,10,0,0,0,0,0,0,1924095,3162111,3262463,2086484.48,200
1781848471,0,262930,0,592.34,199.96,1610751,3080191,8900313087,14277410815,14755561471,462080,15015608319,4029711141.78,5320166633.52,262930,10,10,10,0,0,0,0,0,0,2156543,3905535,5758975,2346306.56,200
1781848472,0,263130,0,591.46,200.07,1611775,3078143,8891924479,14277410815,14755561471,462080,15015608319,4026649890.88,5319302536.97,263130,10,10,10,0,0,0,0,0,0,1941503,3284991,3850239,2176404.48,200
1781848473,0,263330,0,590.58,199.89,1611775,3074047,8891924479,14277410815,14755561471,462080,15015608319,4023593251.13,5318437884.33,263330,10,10,10,0,0,0,0,0,0,1977343,3211263,3323903,2125155.84,200
1781848474,0,263530,0,589.71,199.98,1611775,3069951,8883535871,14277410815,14755561471,462080,15015608319,4020541267.57,5317572638.22,263530,10,10,10,0,0,0,0,0,0,2045951,3270655,3645439,2147110.40,200
1781848475,0,263730,0,588.84,200.03,1611775,3065855,8883535871,14277410815,14755561471,462080,15015608319,4017493873.70,5316706845.62,263730,10,10,10,0,0,0,0,0,0,1944575,3139583,3280895,2095344.64,200
1781848476,0,263930,0,587.97,199.94,1611775,3063807,8875147263,14277410815,14755561471,462080,15015608319,4014451078.28,5315840496.62,263930,10,10,10,0,0,0,0,0,0,1910783,3168255,3297279,2068897.28,200
1781848477,0,264130,0,587.11,200.06,1611775,3059711,8875147263,14277410815,14755561471,462080,15015608319,4011413007.46,5314973492.76,264130,10,10,10,0,0,0,0,0,0,2038783,3229695,4186111,2222848.00,200
1781848478,0,264330,0,586.25,200.03,1612799,3057663,8866758655,14277410815,14755561471,462080,15015608319,4008379417.00,5314106015.08,264330,10,10,10,0,0,0,0,0,0,1930239,3160063,3264511,2068180.48,200
1781848479,0,264530,0,585.40,200.01,1612799,3055615,8858370047,14277410815,14755561471,462080,15015608319,4005350635.74,5313237812.47,264530,10,10,10,0,0,0,0,0,0,1997823,4726783,6926335,2361889.28,200
1781848480,0,264730,0,584.55,200.01,1612799,3051519,8858370047,14277410815,14755561471,462080,15015608319,4002326213.03,5312369221.19,264730,10,10,10,0,0,0,0,0,0,1903615,3153919,3368959,2073510.40,200
1781848481,0,264930,0,583.70,200.01,1612799,3049471,8849981439,14277410815,14755561471,462080,15015608319,3999306433.74,5311500023.40,264930,10,10,10,0,0,0,0,0,0,2062335,3215359,3883007,2175577.60,200
1781848482,0,265130,0,582.86,199.88,1612799,3045375,8841592831,14277410815,14755561471,462080,15015608319,3996291167.51,5310630314.01,265130,10,10,10,0,0,0,0,0,0,1926143,3160063,3301375,2118750.72,200
1781848483,0,265330,0,582.02,200.19,1613823,3043327,8833204223,14277410815,14755561471,462080,15015608319,3993280501.96,5309760023.88,265330,10,10,10,0,0,0,0,0,0,1960959,3334143,3936255,2191715.84,200
1781848484,0,265530,0,581.18,199.87,1613823,3039231,8824815615,14277410815,14755561471,462080,15015608319,3990274319.86,5308889237.90,265530,10,10,10,0,0,0,0,0,0,1986559,3194879,3338239,2122841.60,200
1781848485,0,265730,0,580.35,199.94,1613823,3037183,8816427007,14277410815,14755561471,462080,15015608319,3987272688.76,5308017902.08,265730,10,10,10,0,0,0,0,0,0,1994751,3168255,3354623,2157158.40,200
1781848486,0,265930,0,579.52,200.08,1613823,3033087,8808038399,14277410815,14755561471,462080,15015608319,3984275493.86,5307146099.37,265930,10,10,10,0,0,0,0,0,0,1917951,3164159,3274751,2052485.12,200
1781848487,0,266130,0,578.69,199.95,1613823,3031039,8808038399,14277410815,14755561471,462080,15015608319,3981282896.43,5306273705.54,266130,10,10,10,0,0,0,0,0,0,2000895,3248127,3731455,2175723.52,200
1781848488,0,266330,0,577.87,200.10,1613823,3026943,8799649791,14277410815,14755561471,462080,15015608319,3978294717.13,5305400851.87,266330,10,10,10,0,0,0,0,0,0,1908735,3176447,3276799,2073940.48,200
1781848489,0,266530,0,577.05,199.93,1613823,3022847,8799649791,14277410815,14755561471,462080,15015608319,3975311024.83,5304527483.50,266530,10,10,10,0,0,0,0,0,0,1883135,3129343,3717119,2077166.08,200
1781848490,0,266730,0,576.24,199.95,1613823,3020799,8799649791,14277410815,14755561471,462080,15015608319,3972331866.76,5303653561.88,266730,10,10,10,0,0,0,0,0,0,2016255,3227647,3901439,2156861.44,200
1781848491,0,266930,0,575.43,200.15,1613823,3016703,8791261183,14277410815,14755561471,462080,15015608319,3969357120.37,5302779175.56,266930,10,10,10,0,0,0,0,0,0,1971199,3108863,3229695,2086599.68,200
1781848492,0,267130,0,574.62,199.92,1613823,3012607,8791261183,14277410815,14755561471,462080,15015608319,3966386775.56,5301904328.85,267130,10,10,10,0,0,0,0,0,0,1868799,3119103,3252223,2016081.92,200
1781848493,0,267330,0,573.82,199.96,1613823,3010559,8782872575,14277410815,14755561471,462080,15015608319,3963420907.11,5301028962.62,267330,10,10,10,0,0,0,0,0,0,1957887,3135487,3252223,2058703.36,200
1781848494,0,267530,0,573.02,200.03,1613823,3006463,8774483967,14277410815,14755561471,462080,15015608319,3960459503.67,5300153082.19,267530,10,10,10,0,0,0,0,0,0,1939455,3217407,3479551,2099599.36,200
1781848495,0,267730,0,572.22,199.96,1613823,3004415,8774483967,14277410815,14755561471,462080,15015608319,3957502555.57,5299276691.66,267730,10,10,10,0,0,0,0,0,0,1971199,3180543,3809279,2140925.44,200
1781848496,0,267930,0,571.42,199.97,1613823,3000319,8774483967,14277410815,14755561471,462080,15015608319,3954549998.12,5298399836.15,267930,10,10,10,0,0,0,0,0,0,1971199,3190783,3397631,2108974.08,200
1781848497,0,268130,0,570.63,200.07,1614847,2998271,8766095359,14277410815,14755561471,462080,15015608319,3951601838.05,5297522507.44,268130,10,10,10,0,0,0,0,0,0,1949695,3219455,3354623,2099202.56,200
1781848498,0,268330,0,569.85,200.09,1614847,2994175,8766095359,14269022207,14755561471,462080,15015608319,3948658097.44,5296644685.92,268330,10,10,10,0,0,0,0,0,0,2002943,3264511,3420159,2132241.92,200
1781848499,0,268530,0,569.06,200.00,1614847,2992127,8757706751,14269022207,14755561471,462080,15015608319,3945718786.75,5295766360.67,268530,10,10,10,0,0,0,0,0,0,2039807,3364863,4007935,2192606.72,200
1781848500,0,268730,0,568.28,199.91,1614847,2988031,8757706751,14269022207,14755561471,462080,15015608319,3942783779.68,5294887622.58,268730,10,10,10,0,0,0,0,0,0,1892351,3108863,3307519,2096532.48,200
1781848501,0,268930,0,567.51,200.09,1614847,2985983,8749318143,14269022207,14755561471,462080,15015608319,3939853173.18,5294008396.31,268930,10,10,10,0,0,0,0,0,0,1998847,3160063,3512319,2143746.56,200
1781848502,0,269130,0,566.73,199.87,1614847,2981887,8749318143,14269022207,14755561471,462080,15015608319,3936926876.44,5293128746.27,269130,10,10,10,0,0,0,0,0,0,1910783,3198975,3387391,2081968.64,200
1781848503,0,269330,0,565.96,200.03,1615871,2979839,8740929535,14269022207,14755561471,462080,15015608319,3934004957.21,5292248618.93,269330,10,10,10,0,0,0,0,0,0,2001919,3151871,3330047,2124349.44,200
1781848504,0,269530,0,565.19,200.01,1615871,2977791,8740929535,14269022207,14755561471,462080,15015608319,3931087362.38,5291368050.63,269530,10,10,10,0,0,0,0,0,0,1970175,3207167,3364863,2108280.32,200
1781848505,0,269730,0,564.43,200.04,1615871,2973695,8732540927,14269022207,14755561471,462080,15015608319,3928174113.06,5290487022.56,269730,10,10,10,0,0,0,0,0,0,1976319,3178495,3440639,2133667.84,200
1781848506,0,269930,0,563.67,199.98,1615871,2971647,8732540927,14269022207,14755561471,462080,15015608319,3925265242.01,5289605507.33,269930,10,10,10,0,0,0,0,0,0,1934335,3502079,4669439,2216299.52,200
1781848507,0,270130,0,562.91,200.08,1615871,2967551,8724152319,14269022207,14755561471,462080,15015608319,3922360545.49,5288723652.91,270130,10,10,10,0,0,0,0,0,0,1864703,3100671,3330047,2036887.04,200
1781848508,0,271850,0,565.32,1720.21,1619967,3000319,8631877631,14269022207,14755561471,462080,15015608319,3898771678.21,5280251219.38,271850,10,10,10,0,0,0,0,0,0,208011263,308543487,319291391,194085214.07,1720
1781848509,0,274011,0,568.63,2160.76,1626111,3043327,8522825727,14269022207,14755561471,462080,15015608319,3871719449.07,5268139079.46,274011,10,10,10,0,0,0,0,0,0,483917823,585105407,597688319,468596592.90,2161
1781848510,0,275206,0,569.93,1194.67,1628159,3063807,8459911167,14269022207,14755561471,462080,15015608319,3858553935.75,5260483042.41,275206,10,10,10,0,0,0,0,0,0,811597823,1168113663,1196425215,839729275.39,1195
1781848511,0,276899,0,572.25,1692.82,1633279,3096575,8417968127,14260633599,14755561471,462080,15015608319,3844041923.57,5247648111.09,276899,10,10,10,0,0,0,0,0,0,1509949439,1630535679,1637875711,1485038482.52,1693
1781848512,0,278481,0,574.33,1581.68,1637375,3125247,8317304831,14260633599,14755561471,462080,15015608319,3832664018.17,5234896423.11,278481,10,10,10,0,0,0,0,0,0,1810890751,2082471935,2103443455,1841178160.55,1582
1781848513,0,281338,0,579.03,2858.39,1645567,3184639,8141144063,14260633599,14755561471,462080,15015608319,3815850893.31,5210900254.97,281338,10,10,10,0,0,0,0,0,0,2197815295,2269118463,2407530495,2177021413.66,2857
1781848514,0,283001,0,581.25,1662.52,1649663,3223551,8078229503,14252244991,14755561471,462080,15015608319,3807222905.65,5196790760.80,283001,10,10,10,0,0,0,0,0,0,2317352959,2583691263,2621439999,2347583223.23,1663
1781848515,0,284392,0,582.91,1391.58,1653759,3264511,8040480767,14252244991,14755561471,462080,15015608319,3803075529.60,5184417709.90,284392,10,10,10,0,0,0,0,0,0,3040870399,3141533695,3158310911,2959285759.63,1391
1781848516,0,287241,0,587.55,2846.38,1661951,3397631,7897874431,14252244991,14755561471,462080,15015608319,3796587456.60,5159063273.10,287241,10,10,10,0,0,0,0,0,0,3166699519,3315597311,3353346047,3148937032.69,2849
1781848517,0,289220,0,590.39,1979.08,1667071,3592191,7751073791,14243856383,14755561471,462080,15015608319,3793135958.49,5141561316.16,289220,10,10,10,0,0,0,0,0,0,3323985919,3485466623,3521118207,3292169930.58,1979
1781848518,0,290522,0,591.84,1303.12,1670143,3844095,7637827583,14243856383,14755561471,462080,15015608319,3793227496.83,5130038166.26,290522,10,10,10,0,0,0,0,0,0,3810525183,4062183423,4091543551,3813561383.32,1302
1781848519,0,292189,0,594.02,1666.86,1674239,4784127,7516192767,14243856383,14755561471,462080,15015608319,3796269348.13,5115550887.06,292189,10,10,10,0,0,0,0,0,0,4332716031,4529848319,4542431231,4326398157.17,1667
1781848520,0,293650,0,595.78,1460.34,1678335,34570239,7419723775,14235467775,14755561471,462080,15015608319,3801059049.46,5103270547.03,293650,10,10,10,0,0,0,0,0,0,4743757823,5020581887,5045747711,4758963252.57,1461
1781848521,0,295278,0,597.87,1629.00,1682431,137494527,7251951615,14235467775,14755561471,462080,15015608319,3809373683.30,5090416664.86,295278,10,10,10,0,0,0,0,0,0,5330960383,5486149631,5511315455,5309123209.12,1628
1781848522,0,296630,0,599.40,1351.14,1686527,187301887,7205814271,14235467775,14755561471,462080,15015608319,3818233575.04,5080501814.44,296630,10,10,10,0,0,0,0,0,0,5746196479,6010437631,6048186367,5753241793.89,1352
1781848523,0,297920,0,600.79,1290.33,1689599,201195519,7163871231,14235467775,14755561471,462080,15015608319,3829233658.29,5072245992.55,297920,10,10,10,0,0,0,0,0,0,6366953471,6606028799,6627000319,6358655903.16,1290
1781848524,0,299444,0,602.65,1524.36,1693695,235798527,7105150975,14227079167,14755561471,462080,15015608319,3844703957.57,5063953247.50,299444,10,10,10,0,0,0,0,0,0,6853492735,7096762367,7117733887,6868924141.86,1524
1781848525,0,300810,0,604.18,1365.75,1697791,271056895,7218397183,14227079167,14755561471,462080,15015608319,3860829302.58,5058091076.13,300810,10,10,10,0,0,0,0,0,0,7394557951,7642021887,7667187711,7395703248.77,1366
1781848526,0,302258,0,605.87,1448.36,1701887,328204287,7407140863,14218690559,14755561471,462080,15015608319,3880396354.27,5053846461.28,302258,10,10,10,0,0,0,0,0,0,7956594687,8162115583,8183087103,7945289184.88,1448
1781848527,0,303700,0,607.55,1441.99,1705983,389545983,7583301631,14218690559,14755561471,462080,15015608319,3902046079.83,5051578253.47,303700,10,10,10,0,0,0,0,0,0,8434745343,8682209279,8698986495,8440050760.43,1442
1781848528,0,304740,0,608.41,1039.72,1709055,450887679,7730102271,14218690559,14755561471,462080,15015608319,3919448200.98,5051724819.88,304740,10,10,10,0,0,0,0,0,0,9000976383,9319743487,9353297919,9001202231.14,1040
1781848529,0,305899,0,609.51,1159.08,1711103,498597887,7872708607,14210301951,14747172863,462080,15015608319,3941397290.63,5054704280.24,305899,10,10,10,0,0,0,0,0,0,9739173887,9965666303,9974054911,9712549647.68,1159
1781848530,0,308083,0,612.64,2184.20,1718271,568852479,8074035199,14201913343,14747172863,462080,15015608319,3985177677.19,5063340224.41,308083,10,10,10,0,0,0,0,0,0,10108272639,10225713151,10259267583,10117218183.97,2184
1781848531,0,309340,0,613.91,1255.99,1721343,620756991,8170504191,14193524735,14747172863,462080,15015608319,4011587128.70,5069941619.99,309340,10,10,10,0,0,0,0,0,0,10435428351,10796138495,10821304319,10484381919.21,1257
1781848532,0,310720,0,615.43,1381.29,1725439,666894335,8321499135,14193524735,14747172863,462080,15015608319,4043198739.89,5080773090.47,310720,10,10,10,0,0,0,0,0,0,11156848639,11349786623,11366563839,11129239178.02,1380
1781848533,0,312260,0,617.26,1540.05,1729535,708313087,8455716863,14185136127,14747172863,462080,15015608319,4080433570.95,5095760354.69,312260,10,10,10,0,0,0,0,0,0,11593056255,11827937279,11853103103,11593165198.96,1540
1781848534,0,313680,0,618.84,1419.61,1733631,746586111,8598323199,14185136127,14747172863,462080,15015608319,4116864050.00,5112844979.93,313680,10,10,10,0,0,0,0,0,0,12138315775,12364808191,12381585407,12127977702.76,1420
1781848535,0,315180,0,620.58,1500.29,1737727,761266175,8740929535,14176747519,14747172863,462080,15015608319,4157413868.37,5134271183.44,315180,10,10,10,0,0,0,0,0,0,12666798079,12859736063,12876513279,12637191886.17,1500
1781848536,0,316730,0,622.41,1550.20,1742847,774897663,8824815615,14168358911,14747172863,462080,15015608319,4201196992.61,5159615367.77,316730,10,10,10,0,0,0,0,0,0,13103005695,13337886719,13363052543,13104142217.08,1550
1781848537,0,318318,0,624.30,1588.02,1746943,868745215,8925478911,14168358911,14747172863,462080,15015608319,4248169701.08,5189315178.00,318318,10,10,10,0,0,0,0,0,0,13631487999,13816037375,13832814591,13616976975.96,1588
1781848538,0,319921,0,626.21,1602.16,1751039,1007157247,9017753599,14185136127,14747172863,462080,15015608319,4297269732.87,5222344112.48,319921,10,10,10,0,0,0,0,0,0,14042529791,14269022207,14294188031,14047378229.50,1603
1781848539,0,321951,0,628.96,2029.33,1757183,1048051711,9059696639,14260633599,14747172863,462080,15015608319,4361483378.51,5267901570.75,321951,10,10,10,0,0,0,0,0,0,14478737407,14604566527,14621343743,14481332504.47,2030
1781848540,0,323540,0,630.83,1588.75,1761279,1075838975,9135194111,14294188031,14797504511,462080,15099494399,4413027601.86,5305928678.98,323540,10,10,10,0,0,0,0,0,0,14856224767,15074328575,15091105791,14856523041.35,1589
1781848541,0,325102,0,632.64,1563.52,1766399,1132462079,9311354879,14327742463,14914945023,462080,15577645055,4465704680.72,5347193447.96,325102,10,10,10,0,0,0,0,0,0,15418261503,15560867839,15569256447,15376807172.92,1562
1781848542,0,326981,0,635.06,1878.44,1771519,1292894207,9546235903,14378074111,15158214655,462080,15946743807,4530641956.98,5399798979.98,326981,10,10,10,0,0,0,0,0,0,15778971647,15929966591,15946743807,15766000333.18,1879
1781848543,0,328764,0,637.29,1783.17,1777663,1433403391,9571401727,14461960191,15661531135,462080,16366174207,4593589580.40,5452195358.48,328764,10,10,10,0,0,0,0,0,0,16139681791,16332619775,16349396991,16137435263.50,1783
1781848544,0,330482,0,639.38,1718.25,1781759,1537212415,9613344767,14562623487,15980298239,462080,16785604607,4655827397.72,5505746891.19,330482,10,10,10,0,0,0,0,0,0,16584278015,16760438783,16777215999,16565928546.35,1718
1781848545,0,332192,0,641.45,1709.79,1786879,1553989631,9806282751,14638120959,16374562815,462080,17213423615,4719357291.11,5562132245.53,332192,10,10,10,0,0,0,0,0,0,17012097023,17196646399,17213423615,16997419412.81,1710
1781848546,0,334094,0,643.88,1902.24,1793023,1591738367,9990832127,14713618431,16852713471,462080,17582522367,4791472480.93,5627570899.86,334094,10,10,10,0,0,0,0,0,0,17397972991,17565745151,17582522367,17386682331.39,1902
1781848547,0,335895,0,646.10,1800.07,1799167,1675624447,10057940991,14747172863,17280532479,462080,17985175551,4861096550.20,5692018228.70,335895,10,10,10,0,0,0,0,0,0,17783848959,17985175551,17985175551,17776689998.04,1801
1781848548,0,338469,0,649.80,2574.02,1806335,1829765119,10200547327,14898167807,17800626175,462080,18270388223,4961037795.57,5784127043.12,338469,10,10,10,0,0,0,0,0,0,17985175551,18102616063,18236833791,18002904389.42,2574
1781848549,0,340694,0,652.82,2224.57,1813503,1998585855,10301210623,15133048831,18001952767,462080,18471714815,5047787723.77,5863656843.98,340694,10,10,10,0,0,0,0,0,0,18270388223,18438160383,18471714815,18244264779.13,2225
1781848550,0,342134,0,654.33,1440.56,1818623,2061500415,10334765055,15560867839,18152947711,462080,18907922431,5104998617.03,5917115113.09,342134,10,10,10,0,0,0,0,0,0,18673041407,18891145215,18907922431,18640698663.82,1440
1781848551,0,343960,0,656.56,1825.75,1823743,2122317823,10385096703,15913189375,18371051519,462080,19293798399,5178958978.08,5987600538.55,343960,10,10,10,0,0,0,0,0,0,19025362943,19260243967,19277021183,19036765203.07,1826
1781848552,0,345294,0,657.85,1334.70,1827839,2178940927,10435428351,16173236223,18790481919,462080,19847446527,5234634674.08,6042533006.76,345294,10,10,10,0,0,0,0,0,0,19612565503,19830669311,19847446527,19590116230.72,1334
1781848553,0,346910,0,659.68,1615.77,1832959,2220883967,10594811903,16567500799,19058917375,462080,20317208575,5303717002.13,6112439952.46,346910,10,10,10,0,0,0,0,0,0,20065550335,20283654143,20300431359,20064678252.99,1616
1781848554,0,348340,0,661.14,1429.36,1837055,2254438399,10720641023,16894656511,19696451583,462080,20837302271,5366374060.70,6177463163.24,348340,10,10,10,0,0,0,0,0,0,20585644031,20803747839,20837302271,20566625943.09,1430
1781848555,0,349880,0,662.80,1540.54,1842175,2271215615,10729029631,17263755263,20149436415,462080,21323841535,5435464386.31,6250832092.82,349880,10,10,10,0,0,0,0,0,0,21072183295,21290287103,21307064319,21063337127.56,1540
1781848556,0,351401,0,664.42,1520.73,1847295,2373976063,10754195455,17532190719,20686307327,462080,21810380799,5505285362.95,6326552621.96,351401,10,10,10,0,0,0,0,0,0,21592276991,21793603583,21810380799,21566405223.34,1521
1781848557,0,352960,0,666.11,1559.11,1852415,2468347903,10921967615,17867735039,21172846591,462080,22296920063,5578336046.94,6407136403.19,352960,10,10,10,0,0,0,0,0,0,22062039039,22263365631,22296920063,22044072675.59,1559
1781848558,0,354482,0,667.73,1522.31,1857535,2543845375,11047796735,17985175551,21676163071,462080,22783459327,5651105533.26,6488702258.51,354482,10,10,10,0,0,0,0,0,0,22531801087,22766682111,22783459327,22526741467.67,1522
1781848559,0,355982,0,669.29,1500.03,1861631,2623537151,11198791679,18085838847,22129147903,462080,23286775807,5724277065.65,6572002499.57,355982,10,10,10,0,0,0,0,0,0,23018340351,23253221375,23286775807,23016271162.03,1500
1781848560,0,357490,0,670.86,1506.65,1866751,2715811839,11299454975,18270388223,22598909951,462080,23790092287,5799416889.04,6658972813.68,357490,10,10,10,0,0,0,0,0,0,23555211263,23756537855,23773315071,23537098991.02,1508
1781848561,0,359020,0,672.47,1531.32,1871871,2826960895,11324620799,18505269247,23085449215,462080,24276631551,5877129557.27,6750120475.41,359020,10,10,10,0,0,0,0,0,0,24041750527,24243077119,24259854335,24034973848.60,1530
1781848562,0,360540,0,674.06,1519.33,1876991,2936012799,11416895487,18958254079,23622320127,462080,24763170815,5955665047.69,6843167631.79,360540,10,10,10,0,0,0,0,0,0,24511512575,24746393599,24763170815,24505541211.62,1520
1781848563,0,362064,0,675.64,1524.78,1882111,3003121663,11534335999,19293798399,24108859391,462080,25266487295,6035846539.28,6939227144.06,362064,10,10,10,0,0,0,0,0,0,25014829055,25232932863,25249710079,25004767129.87,1524
1781848564,0,363510,0,677.08,1444.83,1886207,3026190335,11651776511,19864223743,24545067007,462080,25769803775,6113265032.70,7032934191.78,363510,10,10,10,0,0,0,0,0,0,25501368319,25753026559,25769803775,25498084812.30,1446
1781848565,0,365060,0,678.70,1551.42,1891327,3076521983,11735662591,20283654143,25048383487,462080,26273120255,6197773631.91,7136324590.47,365060,10,10,10,0,0,0,0,0,0,26021462015,26239565823,26256343039,26016948403.70,1550
1781848566,0,366564,0,680.23,1504.03,1897471,3122659327,11853103103,20803747839,25534922751,462080,26759659519,6281109167.09,7239057423.87,366564,10,10,10,0,0,0,0,0,0,26524778495,26742882303,26759659519,26508815599.66,1504
1781848567,0,368110,0,681.84,1545.68,1901567,3172990975,12004098047,21256732671,26071793663,462080,27246198783,6368071690.54,7346907740.38,368110,10,10,10,0,0,0,0,0,0,26994540543,27212644351,27246198783,26987302249.65,1546
1781848568,0,369610,0,683.35,1499.09,1907711,3225419775,12163481599,21726494719,26558332927,462080,27749515263,6453754964.08,7453842492.53,369610,10,10,10,0,0,0,0,0,0,27497857023,27715960831,27732738047,27481001514.33,1500
1781848569,0,370790,0,684.27,1180.89,1910783,3263168511,12255756287,22078816255,26910654463,462080,28353495039,6522473721.79,7540703276.77,370790,10,10,10,0,0,0,0,0,0,28051505151,28336717823,28353495039,28047168668.20,1180
1781848570,0,372380,0,685.93,1588.39,1916927,3307208703,12398362623,22548578303,27413970943,462080,28823257087,6616720835.62,7660998671.00,372380,10,10,10,0,0,0,0,0,0,28605153279,28789702655,28823257087,28595266329.44,1590
1781848571,0,373820,0,687.32,1440.34,1921023,3323985919,12507414527,22984785919,28001173503,462080,29343350783,6703166731.16,7771574790.09,373820,10,10,10,0,0,0,0,0,0,29074915327,29309796351,29326573567,29057835190.04,1440
1781848572,0,375230,0,688.65,1409.85,1926143,3353346047,12624855039,23454547967,28588376063,462080,29880221695,6789197448.48,7882432109.14,375230,10,10,10,0,0,0,0,0,0,29611786239,29846667263,29863444479,29597710036.79,1410
1781848573,0,376360,0,689.46,1130.83,1930239,3407871999,12725518335,23806869503,28890365951,462080,30484201471,6859354593.74,7973750556.25,376360,10,10,10,0,0,0,0,0,0,30148657151,30450647039,30484201471,30155872839.59,1130
1781848574,0,377888,0,690.99,1528.18,1935359,3525312511,12842958847,24259854335,29460791295,462080,30987517951,6956202877.68,8101479166.71,377888,10,10,10,0,0,0,0,0,0,30870077439,30970740735,30970740735,30810797211.48,1528
1781848575,0,380006,0,693.59,2117.49,1942527,3634364415,13019119615,24914165759,30383538175,462080,31272730623,7090704074.38,8276221917.74,380006,10,10,10,0,0,0,0,0,0,31088181247,31239176191,31272730623,31088054507.94,2118
1781848576,0,381210,0,694.52,1203.30,1946623,3703570431,13103005695,25283264511,30937186303,462080,31876710399,7167856944.45,8376058875.19,381210,10,10,10,0,0,0,0,0,0,31490834431,31826378751,31876710399,31518815038.09,1204
1781848577,0,383151,0,696.79,1942.61,1953791,3823108095,13312720895,25937575935,31121735679,462080,32229031935,7294076731.19,8540017735.23,383151,10,10,10,0,0,0,0,0,0,32094814207,32212254719,32229031935,32083486778.03,1941
1781848578,0,384494,0,697.96,1341.81,1957887,3906994175,13413384191,26323451903,31524388863,462080,32782680063,7381774229.80,8652826992.46,384494,10,10,10,0,0,0,0,0,0,32346472447,32732348415,32765902847,32401420016.56,1343
1781848579,0,385710,0,698.90,1216.58,1961983,3984588799,13547601919,26726105087,32061259775,462080,33369882623,7462897667.42,8758787337.63,385710,10,10,10,0,0,0,0,0,0,33151778815,33353105407,33369882623,33113781733.05,1216
1781848580,0,387744,0,701.32,2033.87,1970175,4085252095,13706985471,27313307647,32346472447,462080,33705426943,7599562820.29,8936205938.92,387744,10,10,10,0,0,0,0,0,0,33520877567,33671872511,33688649727,33515549111.00,2034
1781848581,0,388820,0,701.99,1076.40,1973247,4143972351,13723762687,27665629183,33051115519,462080,34342961151,7672577758.61,9030837871.30,388820,10,10,10,0,0,0,0,0,0,33990639615,34309406719,34326183935,33984012927.52,1076
1781848582,0,390190,0,703.20,1369.26,1979391,4211081215,13757317119,28303163391,33470545919,462080,34896609279,7766977401.16,9154173542.75,390190,10,10,10,0,0,0,0,0,0,34561064959,34863054847,34896609279,34558560623.74,1370
1781848583,0,391612,0,704.49,1422.99,1984511,4290772991,13790871551,28722593791,33688649727,462080,35433480191,7866494690.97,9285053450.73,391612,10,10,10,0,0,0,0,0,0,35198599167,35399925759,35399925759,35173563125.56,1422
1781848584,0,393266,0,706.19,1653.24,1990655,4383047679,13866369023,29242687487,34460401663,462080,35869687807,7983095250.29,9437621122.41,393266,10,10,10,0,0,0,0,0,0,35601252351,35836133375,35869687807,35590216311.49,1654
1781848585,0,394504,0,707.15,1237.42,1994751,4450156543,13925089279,29695672319,35064381439,462080,36440113151,8071537414.97,9553744711.81,394504,10,10,10,0,0,0,0,0,0,36205232127,36440113151,36440113151,36166284051.44,1238
1781848586,0,395750,0,708.11,1246.96,1998847,4508876799,13950255103,30249320447,35467034623,462080,37044092927,8161667375.07,9672578276.60,395750,10,10,10,0,0,0,0,0,0,36708548607,37010538495,37044092927,36698288384.41,1246
1781848587,0,397110,0,709.28,1359.33,2003967,4571791359,13983809535,30903631871,35802578943,462080,37580963839,8261554668.65,9805193319.25,397110,10,10,10,0,0,0,0,0,0,37379637247,37580963839,37580963839,37328022636.42,1360
1781848588,0,398717,0,710.88,1608.05,2009087,4643094527,13992198143,31071404031,36507222015,462080,38050725887,8380585635.02,9962709415.83,398717,10,10,10,0,0,0,0,0,0,37815844863,38017171455,38050725887,37794641052.12,1607
1781848589,0,400065,0,712.01,1347.97,2014207,4722786303,14034141183,31306285055,37211865087,462080,38587596799,8481456203.90,10096078289.43,400065,10,10,10,0,0,0,0,0,0,38352715775,38587596799,38587596799,38317369119.15,1348
1781848590,0,401640,0,713.54,1573.85,2021375,4840226815,14092861439,31994150911,37715181567,462080,39090913279,8600399775.49,10253037217.86,401640,10,10,10,0,0,0,0,0,0,38822477823,39057358847,39057358847,38813199757.25,1575
1781848591,0,403327,0,715.27,1687.16,2027519,4928307199,14126415871,32229031935,38285606911,462080,39527120895,8728640368.12,10421156094.50,403327,10,10,10,0,0,0,0,0,0,39292239871,39493566463,39493566463,39260087685.08,1687
1781848592,0,404730,0,716.49,1402.85,2032639,4999610367,14168358911,32782680063,38788923391,462080,40030437375,8836270135.82,10561925473.14,404730,10,10,10,0,0,0,0,0,0,39795556351,40030437375,40030437375,39777105001.83,1403
1781848593,0,406320,0,718.03,1590.18,2038783,5054136319,14227079167,33420214271,39225131007,462080,40500199423,8959310008.12,10722469588.03,406320,10,10,10,0,0,0,0,0,0,40298872831,40500199423,40500199423,40278761276.22,1590
1781848594,0,408088,0,719.88,1767.99,2045951,5129633791,14269022207,33688649727,39795556351,462080,40936407039,9096836198.65,10900457994.62,408088,10,10,10,0,0,0,0,0,0,40701526015,40902852607,40936407039,40702968401.09,1768
1781848595,0,409830,0,721.68,1742.11,2052095,5247074303,14294188031,34460401663,40365981695,462080,41339060223,9232949382.05,11074978822.05,409830,10,10,10,0,0,0,0,0,0,41137733631,41305505791,41339060223,41119376930.68,1742
1781848596,0,411309,0,723.01,1479.16,2059263,5343543295,14319353855,35165044735,40701526015,462080,41842376703,9349188424.40,11223110777.93,411309,10,10,10,0,0,0,0,0,0,41573941247,41808822271,41842376703,41558956324.18,1479
1781848597,0,412620,0,724.05,1311.00,2064383,5419040767,14336131071,35500589055,41037070335,462080,42412802047,9453291640.18,11355977475.09,412620,10,10,10,0,0,0,0,0,0,42144366591,42379247615,42412802047,42114305813.68,1311
1781848598,0,414060,0,725.30,1439.52,2069503,5448400895,14352908287,35735470079,41271951359,462080,43083890687,9525625302.25,11459399772.44,414060,10,10,10,0,0,0,0,0,0,42547019775,43016781823,43083890687,30252233386.67,1440
1781848599,0,415590,0,726.71,1531.30,2074623,5477761023,14386462719,36205232127,41540386815,462080,43721424895,9598636937.02,11566898819.78,415590,10,10,10,0,0,0,0,0,0,43251662847,43654316031,43721424895,29357589548.17,1530
1781848600,0,417310,0,728.44,1719.70,2081791,5507121151,14453571583,36641439743,42010148863,462080,44325404671,9687142933.08,11695584307.72,417310,10,10,10,0,0,0,0,0,0,43889197055,44258295807,44325404671,31072146944.00,1720
1781848601,0,418760,0,729.70,1448.98,2087935,5528092671,14461960191,37111201791,42446356479,462080,44996493311,9754911562.36,11798029222.26,418760,10,10,10,0,0,0,0,0,0,44493176831,44962938879,44996493311,29258723070.94,1450
1781848602,0,420611,0,731.65,1851.59,2095103,5561647103,14495514623,37614518271,43318771711,462080,45566918655,9860714928.01,11950964942.81,420611,10,10,10,0,0,0,0,0,0,45264928767,45533364223,45566918655,33797083051.91,1851
1781848603,0,422210,0,733.16,1599.60,2101247,5582618623,14545846271,37882953727,43889197055,462080,46204452863,9939419908.80,12069328961.41,422210,10,10,10,0,0,0,0,0,0,45634027519,46103789567,46170898431,30642472238.91,1599
1781848604,0,423580,0,734.26,1369.10,2107391,5595201535,14596177919,38151389183,44358959103,462080,46909095935,10002899835.30,12168101948.90,423580,10,10,10,0,0,0,0,0,0,46372225023,46841987071,46875541503,29566301125.70,1370
1781848605,0,425140,0,735.69,1559.88,2113535,5611978751,14629732351,38554042367,45097156607,462080,47546630143,10083933447.87,12291576853.44,425140,10,10,10,0,0,0,0,0,0,47076868095,47513075711,47546630143,32086637045.50,1560
1781848606,0,426740,0,737.18,1601.09,2121727,5641338879,14638120959,38856032255,45499809791,462080,48184164351,10169474349.85,12421908664.84,426740,10,10,10,0,0,0,0,0,0,47714402303,48150609919,48184164351,32898761268.48,1600
1781848607,0,428290,0,738.58,1549.43,2127871,5670699007,14663286783,39158022143,46003126271,462080,48821698559,10251565456.40,12548273734.04,428290,10,10,10,0,0,0,0,0,0,48351936511,48788144127,48821698559,32852571137.32,1550
1781848608,0,429904,0,740.09,1614.38,2134015,5708447743,14696841215,39392903167,46909095935,462080,49459232767,10340389572.90,12684552248.70,429904,10,10,10,0,0,0,0,0,0,49023025151,49392123903,49459232767,33910699894.96,1614
1781848609,0,431531,0,741.61,1626.47,2142207,5737807871,14722007039,39795556351,47580184575,462080,50096766975,10431416830.29,12824518136.64,431531,10,10,10,0,0,0,0,0,0,49660559359,50029658111,50063212543,34483649195.51,1627
1781848610,0,433210,0,743.22,1679.86,2150399,5775556607,14738784255,40164655103,48251273215,462080,50700746751,10528033873.59,12972414865.37,433210,10,10,10,0,0,0,0,0,0,50230984703,50633637887,50667192319,35360225245.85,1679
1781848611,0,434690,0,744.49,1480.08,2156543,5800722431,14747172863,40433090559,48855252991,462080,51371835391,10607245319.38,13096920230.65,434690,10,10,10,0,0,0,0,0,0,50868518911,51338280959,51371835391,33793184798.44,1480
1781848612,0,436760,0,746.75,2068.18,2164735,5867831295,14780727295,40802189311,49761222655,462080,51841597439,10742533935.53,13299327864.33,436760,10,10,10,0,0,0,0,0,0,51573161983,51808043007,51841597439,39152489759.91,2070
1781848613,0,438854,0,749.05,2095.95,2174975,5918162943,14873001983,41137733631,50532974591,462080,52311359487,10880388190.09,13503401361.31,438854,10,10,10,0,0,0,0,0,0,51975815167,52311359487,52311359487,39633599374.55,2094
1781848614,0,441863,0,752.90,3006.66,2187263,6048186367,14973665279,41875931135,51774488575,462080,52512686079,11104160059.67,13819757790.82,441863,10,10,10,0,0,0,0,0,0,52445577215,52512686079,52512686079,43740643958.60,3009
1781848615,0,442820,0,753.25,957.53,2193407,6043992063,14998831103,42043703295,51875151871,462080,52512686079,11134063713.04,13873284911.55,442820,10,10,10,0,0,0,0,0,0,27426815,52512686079,52512686079,24941083555.98,957
1781848616,0,443320,0,752.82,499.90,2195455,6018826239,14982053887,42010148863,51875151871,462080,52512686079,11121512986.19,13870489002.58,443320,10,10,10,0,0,0,0,0,0,5877759,8495103,9314303,6087258.11,500
1781848617,0,443830,0,752.41,509.79,2197503,5993660415,14973665279,42010148863,51875151871,462080,52512686079,11108738928.73,13867632584.30,443830,10,10,10,0,0,0,0,0,0,4923391,8912895,10100735,4826866.45,510
1781848618,0,444329,0,751.98,499.37,2191359,5947523071,14965276671,41976594431,51875151871,462080,52512686079,11096265199.21,13864835060.18,444329,10,10,10,0,0,0,0,0,0,1478655,3158015,4044799,1645209.65,499
1781848619,0,444830,0,751.55,501.00,2185215,5918162943,14956888063,41976594431,51875151871,462080,52512686079,11083769646.62,13862020803.39,444830,10,10,10,0,0,0,0,0,0,1596415,2756607,3878911,1661087.94,501
1781848620,0,445330,0,751.13,499.97,2181119,5892997119,14948499455,41976594431,51875151871,462080,52512686079,11071327074.14,13859206708.47,445330,10,10,10,0,0,0,0,0,0,1482751,2736127,6008831,1668049.41,500
1781848621,0,445830,0,750.71,499.84,2174975,5867831295,14948499455,41943039999,51875151871,462080,52512686079,11058912416.39,13856387215.79,445830,10,10,10,0,0,0,0,0,0,1612799,2654207,3045375,1673339.39,500
1781848622,0,446330,0,750.29,500.21,2168831,5842665471,14940110847,41943039999,51875151871,462080,52512686079,11046525574.99,13853562379.35,446330,10,10,10,0,0,0,0,0,0,1486847,2891775,5324799,1674572.29,500
1781848623,0,446830,0,749.87,500.03,2164735,5817499647,14940110847,41943039999,51875151871,462080,52512686079,11034166418.52,13850732279.35,446830,10,10,10,0,0,0,0,0,0,1543167,2629631,4292607,1641807.36,500
1781848624,0,447330,0,749.45,499.94,2158591,5779750911,14931722239,41943039999,51875151871,462080,52512686079,11021834847.77,13847896970.28,447330,10,10,10,0,0,0,0,0,0,1546239,2555903,3207167,1603330.05,500
1781848625,0,447830,0,749.03,499.91,2154495,5750390783,14923333631,41909485567,51875151871,462080,52512686079,11009530715.22,13845056544.94,447830,10,10,10,0,0,0,0,0,0,1403903,2531327,3360767,1515490.30,500
1781848626,0,448330,0,748.61,500.06,2148351,5725224959,14914945023,41909485567,51875151871,462080,52512686079,10997253973.84,13842211016.13,448330,10,10,10,0,0,0,0,0,0,1375231,2242559,2815999,1467783.17,500
1781848627,0,448830,0,748.20,499.95,2142207,5700059135,14906556415,41909485567,51875151871,462080,52512686079,10985004716.12,13839360286.00,448830,10,10,10,0,0,0,0,0,0,1453055,2478079,3287039,1585289.73,500
1781848628,0,451665,0,751.67,2835.64,2154495,5574230015,14856224767,41842376703,51841597439,462080,52512686079,10917067871.97,13822318453.94,451665,10,10,10,0,0,0,0,0,0,135921663,322174975,344195071,161479244.48,2835
1781848629,0,454620,0,755.33,2952.87,2166783,5448400895,14789115903,41808822271,51841597439,462080,52512686079,10849648946.39,13802517223.57,454620,10,10,10,0,0,0,0,0,0,570425343,720895999,741343231,544820173.75,2955
1781848630,0,456238,0,756.76,1618.27,2174975,5360320511,14763950079,41741713407,51841597439,462080,52512686079,10814896721.15,13790336745.04,456238,10,10,10,0,0,0,0,0,0,1053294591,1392508927,1414529023,1050337614.16,1618
1781848631,0,458300,0,758.93,2062.47,2183167,5226102783,14755561471,41708158975,51841597439,462080,52512686079,10773933211.74,13772768579.58,458300,10,10,10,0,0,0,0,0,0,1710227455,1977614335,2002780159,1710349501.70,2062
1781848632,0,459980,0,760.45,1680.60,2189311,5117050879,14747172863,41674604543,51841597439,462080,52512686079,10743053274.75,13757057066.98,459980,10,10,10,0,0,0,0,0,0,2311061503,2634022911,2665480191,2319079989.64,1680
1781848633,0,462211,0,762.88,2230.96,2201599,5033164799,14730395647,41641050111,51808043007,462080,52512686079,10705668613.36,13734313657.45,462211,10,10,10,0,0,0,0,0,0,3009413119,3202351103,3223322623,2997826143.70,2231
1781848634,0,463620,0,763.94,1408.00,2207743,4966055935,14730395647,41607495679,51808043007,462080,52512686079,10684077885.35,13719007384.45,463620,10,10,10,0,0,0,0,0,0,3617587199,3925868543,3942645759,3601415017.56,1409
1781848635,0,465610,0,765.96,1990.04,2215935,4869586943,14713618431,41573941247,51808043007,462080,52512686079,10656468021.83,13696148272.89,465610,10,10,10,0,0,0,0,0,0,4198498303,4504682495,4542431231,4224063535.34,1990
1781848636,0,467080,0,767.11,1470.68,2224127,4869586943,14705229823,41540386815,51808043007,462080,52512686079,10638338720.67,13678390056.32,467080,10,10,10,0,0,0,0,0,0,4882169855,5217714175,5242879999,4896036738.61,1470
1781848637,0,468699,0,768.51,1619.22,2232319,4940890111,14688452607,41540386815,51808043007,462080,52512686079,10620852464.10,13657980212.94,468699,10,10,10,0,0,0,0,0,0,5553258495,5897191423,5930745855,5576083644.48,1619
1781848638,0,470190,0,769.69,1490.76,2238463,5007998975,14671675391,41506832383,51808043007,462080,52512686079,10607028455.47,13638515324.55,470190,10,10,10,0,0,0,0,0,0,6249512959,6593445887,6622806015,6261422139.06,1491
1781848639,0,471770,0,771.02,1580.08,2246655,5054136319,14654898175,41473277951,51808043007,462080,52512686079,10594837715.46,13617286531.01,471770,10,10,10,0,0,0,0,0,0,6966738943,7281311743,7306477567,6967012370.15,1580
1781848640,0,473020,0,771.80,1249.80,2254847,5091885055,14638120959,41473277951,51808043007,462080,52512686079,10587074708.96,13600123415.93,473020,10,10,10,0,0,0,0,0,0,7646216191,8023703551,8057257983,7657191846.71,1250
1781848641,0,474450,0,772.87,1430.69,2260991,5158993919,14638120959,41439723519,51774488575,462080,52512686079,10580560961.55,13580133836.16,474450,10,10,10,0,0,0,0,0,0,8426356735,8749318143,8774483967,8425922640.20,1430
1781848642,0,475880,0,773.94,1429.81,2269183,5234491391,14629732351,41439723519,51774488575,462080,52512686079,10576153070.42,13559957151.31,475880,10,10,10,0,0,0,0,0,0,9101639679,9453961215,9487515647,9113688771.49,1430
1781848643,0,477250,0,774.91,1368.96,2275327,5297405951,14604566527,41406169087,51774488575,462080,52512686079,10574100806.47,13540539086.11,477250,10,10,10,0,0,0,0,0,0,9865003007,10192158719,10217324543,9861231195.94,1370
1781848644,0,478710,0,776.02,1460.91,2283519,5368709119,14587789311,41372614655,51774488575,462080,52512686079,10574111717.82,13519879693.56,478710,10,10,10,0,0,0,0,0,0,10578034687,10896801791,10921967615,10577678459.44,1460
1781848645,0,480220,0,777.21,1509.91,2291711,5431623679,14554234879,41372614655,51774488575,462080,52512686079,10576264107.23,13498666113.95,480220,10,10,10,0,0,0,0,0,0,11249123327,11593056255,11618222079,11258628565.28,1510
1781848646,0,481640,0,778.24,1419.00,2297855,5490343935,14529069055,41339060223,51774488575,462080,52512686079,10580430731.10,13478975134.33,481640,10,10,10,0,0,0,0,0,0,12004098047,12306087935,12339642367,11989512503.53,1420
1781848647,0,483184,0,779.48,1545.32,2306047,5540675583,14495514623,41305505791,51774488575,462080,52512686079,10587142412.40,13457948826.06,483184,10,10,10,0,0,0,0,0,0,12683575295,12993953791,13019119615,12680804447.50,1544
1781848648,0,484677,0,780.63,1492.26,2314239,5586812927,14470348799,41305505791,51774488575,462080,52512686079,10595733909.25,13438098303.03,484677,10,10,10,0,0,0,0,0,0,13379829759,13698596863,13732151295,13376225411.69,1493
1781848649,0,486180,0,781.79,1503.58,2322431,5641338879,14461960191,41271951359,51774488575,462080,52512686079,10606503245.94,13418708861.00,486180,10,10,10,0,0,0,0,0,0,14084472831,14394851327,14428405759,14079324135.47,1503
1781848650,0,487600,0,782.81,1419.55,2332671,5704253439,14503903231,41271951359,51774488575,462080,52512686079,10618672885.19,13401052059.20,487600,10,10,10,0,0,0,0,0,0,14789115903,15107883007,15141437439,14785317400.52,1420
1781848651,0,489188,0,784.10,1587.43,2340863,5771362303,14596177919,41238396927,51774488575,462080,52512686079,10634498008.77,13382161138.26,489188,10,10,10,0,0,0,0,0,0,15502147583,15795748863,15829303295,15493648043.53,1588
1781848652,0,490690,0,785.25,1502.33,2351103,5846859775,14638120959,41238396927,51740934143,462080,52512686079,10651456952.17,13365173538.90,490690,10,10,10,0,0,0,0,0,0,16173236223,16500391935,16525557759,16174833522.19,1502
1781848653,0,492196,0,786.41,1507.16,2359295,5905580031,14671675391,41204842495,51740934143,462080,52512686079,10670555311.81,13349167345.84,492196,10,10,10,0,0,0,0,0,0,16903045119,17213423615,17230200831,16893247270.42,1506
1781848654,0,493700,0,787.55,1502.92,2369535,5981077503,14713618431,41171288063,51740934143,462080,52512686079,10691579843.09,13334248593.91,493700,10,10,10,0,0,0,0,0,0,17582522367,17901289471,17934843903,17572025452.94,1504
1781848655,0,495179,0,788.65,1478.66,2379775,6048186367,14738784255,41171288063,51740934143,462080,52512686079,10714272816.61,13320778915.19,495179,10,10,10,0,0,0,0,0,0,18303942655,18605932543,18639486975,18289337743.49,1479
1781848656,0,496661,0,789.75,1483.39,2390015,6102712319,14755561471,41137733631,51740934143,462080,52512686079,10738979436.09,13308559401.59,496661,10,10,10,0,0,0,0,0,0,19008585727,19310575615,19344130047,18994174529.64,1482
1781848657,0,498170,0,790.90,1508.44,2398207,6174015487,14822670335,41137733631,51740934143,462080,52512686079,10766090755.74,13297492004.90,498170,10,10,10,0,0,0,0,0,0,19696451583,20015218687,20031995903,19689308203.43,1509
1781848658,0,499690,0,792.05,1519.66,2408447,6253707263,14898167807,41104179199,51740934143,462080,52512686079,10795342160.27,13287812907.26,499690,10,10,10,0,0,0,0,0,0,20384317439,20703084543,20736638975,20382297551.49,1520
1781848659,0,501150,0,793.11,1460.23,2418687,6325010431,14948499455,41104179199,51740934143,462080,52512686079,10825325564.42,13280037416.81,501150,10,10,10,0,0,0,0,0,0,21088960511,21407727615,21441282047,21087248316.67,1460
1781848660,0,502640,0,794.21,1489.43,2428927,6392119295,15065939967,41104179199,51740934143,462080,52512686079,10857847203.95,13273750894.31,502640,10,10,10,0,0,0,0,0,0,21810380799,22112370687,22145925119,21796249654.98,1490
1781848661,0,504180,0,795.39,1539.88,2441215,6459228159,15325986815,41070624767,51707379711,462080,52512686079,10893360032.23,13268987921.14,504180,10,10,10,0,0,0,0,0,0,22498246655,22800236543,22833790975,22484378217.06,1540
1781848662,0,505660,0,796.46,1480.63,2453503,6509559807,15510536191,41070624767,51707379711,462080,52512686079,10929319022.04,13266172491.14,505660,10,10,10,0,0,0,0,0,0,23186112511,23504879615,23538434047,23179186242.42,1480
1781848663,0,507158,0,797.57,1497.80,2465791,6589251583,15661531135,41070624767,51707379711,462080,52512686079,10967635329.75,13265263244.42,507158,10,10,10,0,0,0,0,0,0,23924310015,24209522687,24243077119,23901563336.63,1498
1781848664,0,508560,0,798.52,1402.07,2476031,6652166143,15804137471,41037070335,51707379711,462080,52512686079,11005149929.80,13266172032.00,508560,10,10,10,0,0,0,0,0,0,24561844223,24930942975,24964497407,24575641749.00,1402
1781848665,0,509909,0,799.38,1348.82,2488319,6702497791,15929966591,41003515903,51707379711,462080,52512686079,11043068930.23,13269058060.25,509909,10,10,10,0,0,0,0,0,0,25350373375,25669140479,25685917695,25338166676.59,1349
1781848666,0,511389,0,800.45,1480.19,2500607,6752829439,16089350143,41003515903,51707379711,462080,52512686079,11086453534.90,13274296879.69,511389,10,10,10,0,0,0,0,0,0,26038239231,26357006335,26390560767,26033886224.61,1480
1781848667,0,512742,0,801.31,1353.60,2510847,6803161087,16257122303,40969961471,51707379711,462080,52512686079,11127786156.73,13281107718.22,512742,10,10,10,0,0,0,0,0,0,26759659519,27095203839,27111981055,26750142510.92,1353
1781848668,0,514180,0,802.30,1437.80,2521087,6861881343,16416505855,40936407039,51707379711,462080,52512686079,11173511329.92,13290603765.32,514180,10,10,10,0,0,0,0,0,0,27481079807,27816624127,27833401343,27477556359.30,1438
1781848669,0,515710,0,803.44,1529.40,2535423,6937378815,16626221055,40936407039,51707379711,462080,52512686079,11223965671.55,13303072156.42,515710,10,10,10,0,0,0,0,0,0,28185722879,28504489983,28521267199,28179922130.15,1530
1781848670,0,517250,0,804.58,1540.59,2547711,7017070591,16810770431,40902852607,51707379711,462080,52512686079,11276560248.95,13318081596.31,517250,10,10,10,0,0,0,0,0,0,28907143167,29192355839,29225910271,28889254733.80,1540
1781848671,0,518729,0,805.63,1478.15,2562047,7042236415,16995319807,40902852607,51673825279,462080,52512686079,11328620118.50,13334674158.16,518729,10,10,10,0,0,0,0,0,0,29527900159,29880221695,29913776127,29535494714.50,1479
1781848672,0,520179,0,806.63,1450.04,2574335,7046430719,17163091967,40869298175,51673825279,462080,52512686079,11381452690.24,13353522222.04,520179,10,10,10,0,0,0,0,0,0,30282874879,30618419199,30635196415,30281995522.47,1450
1781848673,0,521740,0,807.80,1560.83,2588671,7054819327,17330864127,40869298175,51673825279,462080,52512686079,11439985433.31,13376279061.95,521740,10,10,10,0,0,0,0,0,0,30937186303,31289507839,31323062271,30945112759.35,1561
1781848674,0,523087,0,808.63,1348.15,2600959,7071596543,17465081855,40835743743,51673825279,462080,52512686079,11492129815.13,13398409580.71,523087,10,10,10,0,0,0,0,0,0,31708938239,32010928127,32044482559,31689464463.30,1347
1781848675,0,524670,0,809.83,1582.69,2615295,7138705407,17632854015,40835743743,51673825279,462080,52512686079,11555135279.42,13427121946.68,524670,10,10,10,0,0,0,0,0,0,32380026879,32682016767,32732348415,32374680003.52,1583
1781848676,0,526150,0,810.86,1480.18,2629631,7201619967,17800626175,40802189311,51673825279,462080,52512686079,11615709724.51,13456647576.79,526150,10,10,10,0,0,0,0,0,0,33101447167,33403437055,33436991487,33089759796.58,1480
1781848677,0,527723,0,812.03,1572.49,2643967,7277117439,17968398335,40802189311,51673825279,462080,52512686079,11681803178.93,13490844057.08,527723,10,10,10,0,0,0,0,0,0,33789313023,34108080127,34124857343,33789286359.64,1573
1781848678,0,529190,0,813.04,1467.56,2658303,7386169343,17985175551,40768634879,51673825279,462080,52512686079,11744961554.27,13525287110.50,529190,10,10,10,0,0,0,0,0,0,34460401663,34795945983,34829500415,34464884737.40,1467
1781848679,0,530670,0,814.06,1479.74,2672639,7470055423,18052284415,40768634879,51673825279,462080,52512686079,11810365592.78,13562921802.28,530670,10,10,10,0,0,0,0,0,0,35198599167,35500589055,35534143487,35196286632.82,1480
1781848680,0,532180,0,815.13,1510.13,2686975,7570718719,18169724927,40735080447,51673825279,462080,52512686079,11878656330.43,13604042982.46,532180,10,10,10,0,0,0,0,0,0,35903242239,36205232127,36238786559,35878554177.78,1510
1781848681,0,533558,0,815.99,1378.16,2701311,7667187711,18270388223,40701526015,51673825279,462080,52512686079,11942539608.20,13644348149.02,533558,10,10,10,0,0,0,0,0,0,36641439743,36943429631,36976984063,36614094586.43,1378
1781848682,0,535430,0,817.60,1870.41,2719743,7801405439,18438160383,40701526015,51640270847,462080,52512686079,12031148886.21,13702383773.40,535430,10,10,10,0,0,0,0,0,0,37312528383,37580963839,37580963839,37286591811.83,1872
1781848683,0,537389,0,819.34,1959.77,2740223,7931428863,18723373055,40667971583,51640270847,462080,52512686079,12125470736.02,13765994052.78,537389,10,10,10,0,0,0,0,0,0,37916508159,38184943615,38218498047,37905331913.51,1959
1781848684,0,539419,0,821.18,2031.05,2760703,8036286463,18975031295,40667971583,51640270847,462080,52512686079,12224422754.59,13834073111.36,539419,10,10,10,0,0,0,0,0,0,38386270207,38755368959,38788923391,38419361820.25,2030
1781848685,0,541242,0,822.71,1821.87,2779135,8099201023,19142803455,40634417151,51640270847,462080,52512686079,12315126271.56,13898613194.81,541242,10,10,10,0,0,0,0,0,0,39191576575,39426457599,39426457599,39153963585.44,1823
1781848686,0,543110,0,824.29,1868.85,2797567,8195670015,19478347775,40600862719,51640270847,462080,52512686079,12409384862.29,13967155875.10,543110,10,10,10,0,0,0,0,0,0,39728447487,40030437375,40063991807,39720256470.34,1868
1781848687,0,544512,0,825.17,1401.36,2811903,8279556095,19696451583,40667971583,51640270847,462080,52512686079,12481519660.22,14021233236.20,544512,10,10,10,0,0,0,0,0,0,40466644991,40768634879,40768634879,40425264383.63,1402
1781848688,0,545966,0,826.12,1454.88,2828287,8317304831,19847446527,40802189311,51606716415,462080,52512686079,12530185221.26,14064313054.10,545966,10,10,10,0,0,0,0,0,0,40969961471,41506832383,41540386815,30755069659.03,1454
1781848689,0,547696,0,827.49,1729.64,2844671,8363442175,19981664255,41003515903,51606716415,462080,52512686079,12587775151.85,14117816581.37,547696,10,10,10,0,0,0,0,0,0,41875931135,42278584319,42312138751,30762424890.60,1730
1781848690,0,549771,0,829.37,2074.17,2865151,8426356735,20182990847,41305505791,51606716415,462080,52512686079,12670404284.18,14192095242.74,549771,10,10,10,0,0,0,0,0,0,42580574207,42949672959,42983227391,34480353807.05,2075
1781848691,0,551686,0,831.00,1915.41,2885631,8455716863,20350763007,41573941247,51606716415,462080,52512686079,12736193788.95,14255657977.56,551686,10,10,10,0,0,0,0,0,0,43150999551,43620761599,43721424895,31623484558.77,1915
1781848692,0,553471,0,832.44,1785.65,2902015,8476688383,20501757951,41875931135,51606716415,462080,52512686079,12786884551.50,14310411703.25,553471,10,10,10,0,0,0,0,0,0,43889197055,44426067967,44459622399,28453766360.27,1785
1781848693,0,555288,0,833.92,1817.06,2920447,8522825727,20686307327,42144366591,51573161983,462080,52512686079,12850815290.36,14376510501.44,555288,10,10,10,0,0,0,0,0,0,44694503423,45164265471,45197819903,32324568713.79,1817
1781848694,0,556990,0,835.22,1701.56,2936831,8568963071,20837302271,42379247615,51573161983,462080,52512686079,12909120021.81,14439020104.88,556990,10,10,10,0,0,0,0,0,0,45332037631,45902462975,45969571839,31931398349.76,1702
1781848695,0,558477,0,836.19,1486.83,2951167,8589934591,20954742783,42614128639,51573161983,462080,52512686079,12956980567.65,14493506667.32,558477,10,10,10,0,0,0,0,0,0,46204452863,46707769343,46774878207,30884247164.99,1487
1781848696,0,560434,0,837.87,1957.04,2969599,8640266239,21156069375,42949672959,51573161983,462080,52512686079,13038905606.48,14580880829.97,560434,10,10,10,0,0,0,0,0,0,47043313663,47412412415,47479521279,36418185068.44,1957
1781848697,0,562269,0,839.36,1834.92,2985983,8690597887,21307064319,43251662847,51573161983,462080,52512686079,13104947958.22,14656513943.44,562269,10,10,10,0,0,0,0,0,0,47647293439,48150609919,48184164351,33275181939.93,1835
1781848698,0,563730,0,840.28,1460.52,3000319,8707375103,21424504831,43520098303,51573161983,462080,52512686079,13153847801.40,14715782913.64,563730,10,10,10,0,0,0,0,0,0,48385490943,48955916287,48989470719,31973057878.74,1461
1781848699,0,565598,0,841.81,1869.36,3018751,8749318143,21609054207,43922751487,51539607551,462080,52512686079,13234539162.78,14807750393.63,565598,10,10,10,0,0,0,0,0,0,49325015039,49694113791,49727668223,37585792457.18,1868
1781848700,0,567625,0,843.58,2026.52,3039231,8774483967,21810380799,44358959103,51539607551,462080,52512686079,13326139616.36,14912088702.03,567625,10,10,10,0,0,0,0,0,0,49962549247,50398756863,50432311295,38885603524.01,2027
1781848701,0,569360,0,844.90,1735.19,3053567,8791261183,21944598527,44694503423,51539607551,462080,52512686079,13387246707.08,14989282812.22,569360,10,10,10,0,0,0,0,0,0,50566529023,51136954367,51170508799,33379127038.67,1735
1781848702,0,571237,0,846.43,1875.54,3071999,8824815615,22112370687,45130711039,51707379711,462080,52512686079,13471124128.66,15089456398.31,571237,10,10,10,0,0,0,0,0,0,51506053119,51875151871,51908706303,38914090963.26,1877
1781848703,0,573246,0,848.14,1998.74,3088383,8875147263,22313697279,45432700927,51908706303,462080,52613349375,13563531576.77,15200117466.31,573246,10,10,10,0,0,0,0,0,0,52110032895,52546240511,52613349375,39838570619.35,2009
1781848704,0,574959,0,849.43,1723.33,3104767,8891924479,22431137791,45634027519,52143587327,462080,53385101311,13628948944.91,15284875411.10,574959,10,10,10,0,0,0,0,0,0,52747567103,53317992447,53351546879,35520510309.47,1713
1781848705,0,576870,0,850.99,1910.70,3123199,8917090303,22615687167,46137343999,52344913919,462080,54089744383,13715838070.36,15393213727.29,576870,10,10,10,0,0,0,0,0,0,53619982335,54022635519,54089744383,39858006923.72,1911
1781848706,0,578350,0,851.92,1479.18,3137535,8925478911,22733127679,46539997183,52445577215,462080,54895050751,13772326732.91,15469340010.92,578350,10,10,10,0,0,0,0,0,0,54257516543,54827941887,54895050751,35790309682.16,1480
1781848707,0,579979,0,853.06,1629.92,3153919,8950644735,22867345407,46909095935,52479131647,462080,55666802687,13841259786.11,15560860348.56,579979,10,10,10,0,0,0,0,0,0,55129931775,55633248255,55666802687,38314821059.97,1629
1781848708,0,581660,0,854.28,1679.96,3170303,8967421951,23001563135,47177531391,52613349375,462080,56438554623,13915034884.78,15659306117.88,581660,10,10,10,0,0,0,0,0,0,55901683711,56371445759,56438554623,39368936108.39,1681
1781848709,0,583150,0,855.21,1490.29,3186687,8984199167,23135780863,47412412415,53250883583,462080,57076088831,13975818796.24,15743659685.49,583150,10,10,10,0,0,0,0,0,0,56572772351,57042534399,57076088831,37704389223.77,1490
1781848710,0,583650,0,854.69,500.08,3192831,8967421951,23102226431,47412412415,53250883583,462080,57076088831,13963855819.76,15742216940.02,583650,10,10,10,0,0,0,0,0,0,11239423,15327231,19726335,11436347.39,500
1781848711,0,584150,0,854.17,499.94,3196927,8950644735,23085449215,47412412415,53250883583,462080,57076088831,13951912654.59,15740768055.50,584150,10,10,10,0,0,0,0,0,0,10174463,14516223,17694719,10655952.90,500
1781848712,0,584650,0,853.65,500.13,3203071,8933867519,23051894783,47412412415,53250883583,462080,57076088831,13939988303.64,15739313905.05,584650,10,10,10,0,0,0,0,0,0,8593407,12992511,17711103,8769089.54,500
1781848713,0,585150,0,853.14,499.80,3207167,8925478911,23035117567,47378857983,53250883583,462080,57076088831,13928082011.81,15737855145.30,585150,10,10,10,0,0,0,0,0,0,5664767,10821631,14327807,6054973.44,500
1781848714,0,585656,0,852.63,506.30,3201023,8908701695,23001563135,47378857983,53250883583,462080,57076088831,13916051637.00,15736373815.18,585656,10,10,10,0,0,0,0,0,0,3735551,8048639,9125887,3850419.86,506
1781848715,0,586160,0,852.12,503.63,3186687,8900313087,22984785919,47378857983,53250883583,462080,57076088831,13904087639.33,15734893232.98,586160,10,10,10,0,0,0,0,0,0,1496063,3211263,4579327,1732439.87,504
1781848716,0,586659,0,851.61,499.35,3170303,8883535871,22951231487,47378857983,53250883583,462080,57076088831,13892262486.05,15733420854.92,586659,10,10,10,0,0,0,0,0,0,1431551,2922495,3547135,1617503.94,499
1781848717,0,587158,0,851.10,499.04,3155967,8858370047,22934454271,47378857983,53217329151,462080,57076088831,13880457735.76,15731941708.29,587158,10,10,10,0,0,0,0,0,0,1878015,3158015,7553023,1974762.45,499
1781848718,0,587660,0,850.60,501.85,3143679,8841592831,22917677055,47345303551,53217329151,462080,57076088831,13868602343.30,15730447060.19,587660,10,10,10,0,0,0,0,0,0,1502207,4325375,22773759,2091333.35,502
1781848719,0,588158,0,850.09,497.77,3129343,8816427007,22884122623,47345303551,53217329151,462080,57076088831,13856860891.32,15728958354.55,588158,10,10,10,0,0,0,0,0,0,1283071,2785279,3348479,1476010.67,498
1781848720,0,588659,0,849.58,501.25,3117055,8799649791,22867345407,47345303551,53217329151,462080,57076088831,13845068908.16,15727454122.35,588659,10,10,10,0,0,0,0,0,0,1464319,3100671,4024319,1657271.44,501
1781848721,0,589160,0,849.08,500.70,3102719,8782872575,22850568191,47345303551,53217329151,462080,57076088831,13833297064.59,15725943410.88,589160,10,10,10,0,0,0,0,0,0,1640447,2801663,3311615,1756817.63,501
1781848722,0,589657,0,848.57,497.39,3088383,8774483967,22817013759,47345303551,53217329151,462080,57076088831,13821638846.66,15724438579.71,589657,10,10,10,0,0,0,0,0,0,1401855,3176447,5443583,1607312.74,497
1781848723,0,590160,0,848.08,502.70,3078143,8757706751,22800236543,47311749119,53217329151,462080,57076088831,13809860071.74,15722909067.17,590160,10,10,10,0,0,0,0,0,0,1443839,3604479,11722751,1834053.22,503
1781848724,0,590650,0,847.56,490.14,3063807,8740929535,22766682111,47311749119,53217329151,462080,57076088831,13798404668.24,15721413281.67,590650,10,10,10,0,0,0,0,0,0,1258495,2641919,3065855,1423179.23,490
1781848725,0,591158,0,847.08,508.23,3051519,8724152319,22749904895,47311749119,53217329151,462080,57076088831,13786548583.70,15719856155.78,591158,10,10,10,0,0,0,0,0,0,1335295,2828287,3555327,1516430.61,508
1781848726,0,591659,0,846.58,500.62,3039231,8707375103,22733127679,47311749119,53183774719,462080,57076088831,13774875841.10,15718314191.53,591659,10,10,10,0,0,0,0,0,0,1328127,3121151,3555327,1552153.55,501
1781848727,0,592160,0,846.09,500.93,3026943,8682209279,22699573247,47311749119,53183774719,462080,57076088831,13763222950.53,15716765950.31,592160,10,10,10,0,0,0,0,0,0,1366015,3166207,5005311,1670889.01,501
1781848728,0,592659,0,845.59,499.46,3012607,8648654847,22682796031,47311749119,53183774719,462080,57076088831,13751636134.02,15715217797.64,592659,10,10,10,0,0,0,0,0,0,1554431,2906111,3342335,1637604.81,499
1781848729,0,593159,0,845.10,500.00,3000319,8623489023,22649241599,47278194687,53183774719,462080,57076088831,13740045647.64,15713660457.69,593159,10,10,10,0,0,0,0,0,0,1307647,3065855,11124735,1633520.64,500
1781848730,0,593660,0,844.61,500.53,2988031,8598323199,22632464383,47278194687,53183774719,462080,57076088831,13728451468.40,15712094008.07,593660,10,10,10,0,0,0,0,0,0,1375231,2752511,3792895,1521800.43,501
1781848731,0,594159,0,844.12,499.48,2973695,8573157375,22598909951,47278194687,53183774719,462080,57076088831,13716923044.10,15710527768.40,594159,10,10,10,0,0,0,0,0,0,1352703,2848767,4050943,1563578.23,499
1781848732,0,594660,0,843.63,500.52,2961407,8547991551,22582132735,47278194687,53183774719,462080,57076088831,13705367995.52,15708949146.46,594660,10,10,10,0,0,0,0,0,0,1607679,2752511,3596287,1703105.15,501
1781848733,0,595160,0,843.15,500.09,2947071,8514437119,22565355519,47278194687,53150220287,462080,57076088831,13693855394.18,15707367724.68,595160,10,10,10,0,0,0,0,0,0,1390591,2869247,9568255,1688367.62,500
1781848734,0,595660,0,842.66,500.05,2936831,8485076991,22531801087,47244640255,53150220287,462080,57076088831,13682362153.26,15705780352.55,595660,10,10,10,0,0,0,0,0,0,1405951,3676159,5312511,1727629.31,500
1781848735,0,596155,0,842.17,495.32,2922495,8459911167,22515023871,47244640255,53150220287,462080,57076088831,13671002750.22,15704203128.61,596155,10,10,10,0,0,0,0,0,0,1406975,3026943,4108287,1624937.50,495
1781848736,0,596660,0,841.69,504.51,2910207,8447328255,22498246655,47244640255,53150220287,462080,57076088831,13659433175.54,15702588225.82,596660,10,10,10,0,0,0,0,0,0,1353727,2557951,3295231,1492989.97,505
1781848737,0,597160,0,841.21,500.20,2895871,8426356735,22464692223,47244640255,53150220287,462080,57076088831,13647997383.33,15700983502.10,597160,10,10,10,0,0,0,0,0,0,1274879,2570239,3428351,1437821.44,500
1781848738,0,597650,0,840.72,490.22,2881535,8409579519,22447915007,47244640255,53150220287,462080,57076088831,13636808903.07,15699405229.76,597650,10,10,10,0,0,0,0,0,0,1350655,2516991,3106815,1476511.35,490
1781848739,0,598160,0,840.25,509.55,2869247,8384413695,22414360575,47211085823,53150220287,462080,57076088831,13625183619.24,15697756320.44,598160,10,10,10,0,0,0,0,0,0,1586175,5304319,7426047,1946597.40,510
1781848740,0,598660,0,839.78,500.26,2856959,8350859263,22397583359,47211085823,53150220287,462080,57076088831,13613805259.59,15696134182.36,598660,10,10,10,0,0,0,0,0,0,1460223,3014655,3504127,1646049.79,500
1781848741,0,599160,0,839.30,500.02,2844671,8325693439,22380806143,47211085823,53116665855,462080,57076088831,13602445812.86,15694506423.09,599160,10,10,10,0,0,0,0,0,0,1329151,3194879,3756031,1553056.77,500
1781848742,0,599650,0,838.81,490.23,2832383,8296333311,22347251711,47211085823,53116665855,462080,57076088831,13591332042.56,15692905637.32,599650,10,10,10,0,0,0,0,0,0,1441791,3457023,3950591,1685893.22,490
1781848743,0,600160,0,838.35,509.64,2818047,8266973183,22330474495,47211085823,53116665855,462080,57076088831,13579783914.19,15691233784.82,600160,10,10,10,0,0,0,0,0,0,1545215,2791423,3348479,1675718.78,510
1781848744,0,600659,0,837.88,499.35,2803711,8237613055,22296920063,47211085823,53116665855,462080,57076088831,13568503988.81,15689592235.88,600659,10,10,10,0,0,0,0,0,0,1765375,2955263,3469311,1850654.27,499
1781848745,0,601157,0,837.41,497.98,2791423,8208252927,22280142847,47177531391,53116665855,462080,57076088831,13557265164.36,15687948607.17,601157,10,10,10,0,0,0,0,0,0,1413119,2934783,3477503,1640556.47,498
1781848746,0,601660,0,836.94,502.63,2781183,8178892799,22263365631,47177531391,53116665855,462080,57076088831,13545932523.16,15686282792.14,601660,10,10,10,0,0,0,0,0,0,1672191,3110911,3960831,1804121.57,503
1781848747,0,602157,0,836.47,497.34,2766847,8153726975,22229811199,47177531391,53116665855,462080,57076088831,13534753560.02,15684631470.13,602157,10,10,10,0,0,0,0,0,0,1491967,3033087,4403199,1685220.70,497
1781848748,0,602210,0,835.38,52.99,2766847,8149532671,22229811199,47177531391,53116665855,462080,57076088831,13533562534.67,15684455046.82,602210,10,10,10,0,0,0,0,0,0,1542143,3100671,3772415,1784170.26,53
1781848749,0,602210,0,834.22,0.00,2766847,8149532671,22229811199,47177531391,53116665855,462080,57076088831,13533562534.67,15684455046.82,602210,10,10,10,0,0,0,0,0,0,0,0,0,0.00,0
1781848750,0,602210,0,833.07,0.00,2766847,8149532671,22229811199,47177531391,53116665855,462080,57076088831,13533562534.67,15684455046.82,602210,10,10,10,0,0,0,0,0,0,0,0,0,0.00,0
