timestamp,sent_count,received_count,error_count,total_throughput,interval_throughput,latency_ns_p25,latency_ns_p50,latency_ns_p75,latency_ns_p95,latency_ns_p99,latency_ns_min,latency_ns_max,latency_ns_mean,latency_ns_stddev,latency_sample_count,connections,active_connections,connection_attempts,connection_failures,crashes_injected,reconnects,reconnect_failures,duplicate_count,gap_count,interval_latency_ns_p50,interval_latency_ns_p95,interval_latency_ns_p99,interval_latency_ns_mean,interval_latency_sample_count
1781847966,0,0,0,0.00,0.00,0,0,0,0,0,0,0,0.00,0.00,0,1,1,1,0,0,0,0,0,0,0,0,0,0.00,0
1781847967,0,0,0,0.00,0.00,0,0,0,0,0,0,0,0.00,0.00,0,1,1,1,0,0,0,0,0,0,0,0,0,0.00,0
1781847968,0,0,0,0.00,0.00,0,0,0,0,0,0,0,0.00,0.00,0,1,1,1,0,0,0,0,0,0,0,0,0,0.00,0
1781847969,0,0,0,0.00,0.00,0,0,0,0,0,0,0,0.00,0.00,0,1,1,1,0,0,0,0,0,0,0,0,0,0.00,0
1781847970,0,0,0,0.00,0.00,0,0,0,0,0,0,0,0.00,0.00,0,1,1,1,0,0,0,0,0,0,0,0,0,0.00,0
1781847971,0,0,0,0.00,0.00,0,0,0,0,0,0,0,0.00,0.00,0,1,1,1,0,0,0,0,0,0,0,0,0,0.00,0
1781847972,0,0,0,0.00,0.00,0,0,0,0,0,0,0,0.00,0.00,0,1,1,1,0,0,0,0,0,0,0,0,0,0.00,0
1781847973,0,0,0,0.00,0.00,0,0,0,0,0,0,0,0.00,0.00,0,2,2,2,0,0,0,0,0,0,0,0,0,0.00,0
1781847974,0,0,0,0.00,0.00,0,0,0,0,0,0,0,0.00,0.00,0,2,2,2,0,0,0,0,0,0,0,0,0,0.00,0
1781847975,0,0,0,0.00,0.00,0,0,0,0,0,0,0,0.00,0.00,0,2,2,2,0,0,0,0,0,0,0,0,0,0.00,0
1781847976,0,0,0,0.00,0.00,0,0,0,0,0,0,0,0.00,0.00,0,2,2,2,0,0,0,0,0,0,0,0,0,0.00,0
1781847977,0,0,0,0.00,0.00,0,0,0,0,0,0,0,0.00,0.00,0,2,2,2,0,0,0,0,0,0,0,0,0,0.00,0
1781847978,0,0,0,0.00,0.00,0,0,0,0,0,0,0,0.00,0.00,0,2,2,2,0,0,0,0,0,0,0,0,0,0.00,0
1781847979,0,0,0,0.00,0.00,0,0,0,0,0,0,0,0.00,0.00,0,2,2,2,0,0,0,0,0,0,0,0,0,0.00,0
1781847980,0,0,0,0.00,0.00,0,0,0,0,0,0,0,0.00,0.00,0,3,3,3,0,0,0,0,0,0,0,0,0,0.00,0
1781847981,0,0,0,0.00,0.00,0,0,0,0,0,0,0,0.00,0.00,0,3,3,3,0,0,0,0,0,0,0,0,0,0.00,0
1781847982,0,0,0,0.00,0.00,0,0,0,0,0,0,0,0.00,0.00,0,3,3,3,0,0,0,0,0,0,0,0,0,0.00,0
1781847983,0,0,0,0.00,0.00,0,0,0,0,0,0,0,0.00,0.00,0,3,3,3,0,0,0,0,0,0,0,0,0,0.00,0
1781847984,0,0,0,0.00,0.00,0,0,0,0,0,0,0,0.00,0.00,0,3,3,3,0,0,0,0,0,0,0,0,0,0.00,0
1781847985,0,0,0,0.00,0.00,0,0,0,0,0,0,0,0.00,0.00,0,3,3,3,0,0,0,0,0,0,0,0,0,0.00,0
1781847986,0,0,0,0.00,0.00,0,0,0,0,0,0,0,0.00,0.00,0,3,3,3,0,0,0,0,0,0,0,0,0,0.00,0
1781847987,0,0,0,0.00,0.00,0,0,0,0,0,0,0,0.00,0.00,0,4,4,4,0,0,0,0,0,0,0,0,0,0.00,0
1781847988,0,0,0,0.00,0.00,0,0,0,0,0,0,0,0.00,0.00,0,4,4,4,0,0,0,0,0,0,0,0,0,0.00,0
1781847989,0,0,0,0.00,0.00,0,0,0,0,0,0,0,0.00,0.00,0,4,4,4,0,0,0,0,0,0,0,0,0,0.00,0
1781847990,0,0,0,0.00,0.00,0,0,0,0,0,0,0,0.00,0.00,0,4,4,4,0,0,0,0,0,0,0,0,0,0.00,0
1781847991,0,0,0,0.00,0.00,0,0,0,0,0,0,0,0.00,0.00,0,4,4,4,0,0,0,0,0,0,0,0,0,0.00,0
1781847992,0,0,0,0.00,0.00,0,0,0,0,0,0,0,0.00,0.00,0,4,4,4,0,0,0,0,0,0,0,0,0,0.00,0
1781847993,0,0,0,0.00,0.00,0,0,0,0,0,0,0,0.00,0.00,0,5,5,5,0,0,0,0,0,0,0,0,0,0.00,0
1781847994,0,0,0,0.00,0.00,0,0,0,0,0,0,0,0.00,0.00,0,5,5,5,0,0,0,0,0,0,0,0,0,0.00,0
1781847995,0,0,0,0.00,0.00,0,0,0,0,0,0,0,0.00,0.00,0,5,5,5,0,0,0,0,0,0,0,0,0,0.00,0
1781847996,0,0,0,0.00,0.00,0,0,0,0,0,0,0,0.00,0.00,0,5,5,5,0,0,0,0,0,0,0,0,0,0.00,0
1781847997,0,0,0,0.00,0.00,0,0,0,0,0,0,0,0.00,0.00,0,5,5,5,0,0,0,0,0,0,0,0,0,0.00,0
1781847998,0,0,0,0.00,0.00,0,0,0,0,0,0,0,0.00,0.00,0,5,5,5,0,0,0,0,0,0,0,0,0,0.00,0
1781847999,0,0,0,0.00,0.00,0,0,0,0,0,0,0,0.00,0.00,0,5,5,5,0,0,0,0,0,0,0,0,0,0.00,0
1781848000,0,0,0,0.00,0.00,0,0,0,0,0,0,0,0.00,0.00,0,6,6,6,0,0,0,0,0,0,0,0,0,0.00,0
1781848001,0,0,0,0.00,0.00,0,0,0,0,0,0,0,0.00,0.00,0,6,6,6,0,0,0,0,0,0,0,0,0,0.00,0
1781848002,0,0,0,0.00,0.00,0,0,0,0,0,0,0,0.00,0.00,0,6,6,6,0,0,0,0,0,0,0,0,0,0.00,0
1781848003,0,0,0,0.00,0.00,0,0,0,0,0,0,0,0.00,0.00,0,6,6,6,0,0,0,0,0,0,0,0,0,0.00,0
1781848004,0,0,0,0.00,0.00,0,0,0,0,0,0,0,0.00,0.00,0,6,6,6,0,0,0,0,0,0,0,0,0,0.00,0
1781848005,0,0,0,0.00,0.00,0,0,0,0,0,0,0,0.00,0.00,0,6,6,6,0,0,0,0,0,0,0,0,0,0.00,0
1781848006,0,0,0,0.00,0.00,0,0,0,0,0,0,0,0.00,0.00,0,6,6,6,0,0,0,0,0,0,0,0,0,0.00,0
1781848007,0,0,0,0.00,0.00,0,0,0,0,0,0,0,0.00,0.00,0,7,7,7,0,0,0,0,0,0,0,0,0,0.00,0
1781848008,0,0,0,0.00,0.00,0,0,0,0,0,0,0,0.00,0.00,0,7,7,7,0,0,0,0,0,0,0,0,0,0.00,0
1781848009,0,0,0,0.00,0.00,0,0,0,0,0,0,0,0.00,0.00,0,7,7,7,0,0,0,0,0,0,0,0,0,0.00,0
1781848010,0,0,0,0.00,0.00,0,0,0,0,0,0,0,0.00,0.00,0,7,7,7,0,0,0,0,0,0,0,0,0,0.00,0
1781848011,0,0,0,0.00,0.00,0,0,0,0,0,0,0,0.00,0.00,0,7,7,7,0,0,0,0,0,0,0,0,0,0.00,0
1781848012,0,0,0,0.00,0.00,0,0,0,0,0,0,0,0.00,0.00,0,7,7,7,0,0,0,0,0,0,0,0,0,0.00,0
1781848013,0,0,0,0.00,0.00,0,0,0,0,0,0,0,0.00,0.00,0,8,8,8,0,0,0,0,0,0,0,0,0,0.00,0
1781848014,0,0,0,0.00,0.00,0,0,0,0,0,0,0,0.00,0.00,0,8,8,8,0,0,0,0,0,0,0,0,0,0.00,0
1781848015,0,0,0,0.00,0.00,0,0,0,0,0,0,0,0.00,0.00,0,8,8,8,0,0,0,0,0,0,0,0,0,0.00,0
1781848016,0,0,0,0.00,0.00,0,0,0,0,0,0,0,0.00,0.00,0,8,8,8,0,0,0,0,0,0,0,0,0,0.00,0
1781848017,0,0,0,0.00,0.00,0,0,0,0,0,0,0,0.00,0.00,0,8,8,8,0,0,0,0,0,0,0,0,0,0.00,0
1781848018,0,0,0,0.00,0.00,0,0,0,0,0,0,0,0.00,0.00,0,8,8,8,0,0,0,0,0,0,0,0,0,0.00,0
1781848019,0,0,0,0.00,0.00,0,0,0,0,0,0,0,0.00,0.00,0,8,8,8,0,0,0,0,0,0,0,0,0,0.00,0
1781848020,0,0,0,0.00,0.00,0,0,0,0,0,0,0,0.00,0.00,0,9,9,9,0,0,0,0,0,0,0,0,0,0.00,0
1781848021,0,0,0,0.00,0.00,0,0,0,0,0,0,0,0.00,0.00,0,9,9,9,0,0,0,0,0,0,0,0,0,0.00,0
1781848022,0,0,0,0.00,0.00,0,0,0,0,0,0,0,0.00,0.00,0,9,9,9,0,0,0,0,0,0,0,0,0,0.00,0
1781848023,0,0,0,0.00,0.00,0,0,0,0,0,0,0,0.00,0.00,0,9,9,9,0,0,0,0,0,0,0,0,0,0.00,0
1781848024,0,0,0,0.00,0.00,0,0,0,0,0,0,0,0.00,0.00,0,9,9,9,0,0,0,0,0,0,0,0,0,0.00,0
1781848025,0,0,0,0.00,0.00,0,0,0,0,0,0,0,0.00,0.00,0,9,9,9,0,0,0,0,0,0,0,0,0,0.00,0
1781848026,0,0,0,0.00,0.00,0,0,0,0,0,0,0,0.00,0.00,0,9,9,9,0,0,0,0,0,0,0,0,0,0.00,0
1781848027,0,0,0,0.00,0.00,0,0,0,0,0,0,0,0.00,0.00,0,10,10,10,0,0,0,0,0,0,0,0,0,0.00,0
1781848028,0,190,0,221.70,189.98,1873919,2369535,3024895,48955391,51806207,1199104,52133887,5385202.53,10756294.49,190,10,10,10,0,0,0,0,0,0,2369535,48955391,51806207,5385202.53,190
1781848029,0,390,0,210.04,200.05,1816575,2246655,2725887,7548927,50954239,1199104,52133887,3751181.13,7685161.26,390,10,10,10,0,0,0,0,0,0,2150399,3094527,3911679,2198860.80,200
1781848030,0,590,0,206.49,199.89,1818623,2224127,2643967,4976639,49807359,1199104,52133887,3226392.30,6296361.13,590,10,10,10,0,0,0,0,0,0,2183167,2985983,3131391,2203054.08,200
1781848031,0,790,0,204.82,200.04,1793023,2224127,2631679,3448831,49479679,1199104,52133887,2970121.07,5465510.49,790,10,10,10,0,0,0,0,0,0,2213887,3119103,3262463,2214120.96,200
1781848032,0,990,0,203.84,200.06,1776639,2222079,2611199,3252223,48955391,1199104,52133887,2813892.01,4897374.60,990,10,10,10,0,0,0,0,0,0,2207743,3022847,3170303,2196787.20,200
1781848033,0,1190,0,203.19,200.03,1785855,2217983,2611199,3248127,10362879,1199104,52133887,2719293.53,4476953.10,1190,10,10,10,0,0,0,0,0,0,2156543,3205119,3463167,2251031.04,200
1781848034,0,1390,0,202.73,200.04,1775615,2213887,2609151,3211263,9699327,1199104,52133887,2643553.98,4150957.96,1390,10,10,10,0,0,0,0,0,0,2162687,3006463,3211263,2192903.68,200
1781848035,0,1590,0,202.38,199.99,1772543,2217983,2617343,3194879,8015871,1199104,52133887,2595176.01,3887935.32,1590,10,10,10,0,0,0,0,0,0,2273279,3139583,3348479,2258949.12,200
1781848036,0,1790,0,202.11,200.00,1769471,2217983,2633727,3160063,7819263,1199104,52133887,2555600.52,3670011.81,1790,10,10,10,0,0,0,0,0,0,2207743,3096575,3219455,2240975.36,200
1781848037,0,1990,0,201.88,199.83,1775615,2220031,2629631,3147775,7548927,1181696,52133887,2523626.39,3485597.57,1990,10,10,10,0,0,0,0,0,0,2236415,3078143,3254271,2237457.92,200
1781848038,0,2190,0,201.71,200.00,1778687,2222079,2617343,3145727,7491583,1181696,52133887,2497368.14,3327032.46,2190,10,10,10,0,0,0,0,0,0,2248703,3115007,3282943,2236098.56,200
1781848039,0,2390,0,201.57,200.04,1779711,2222079,2621439,3149823,7229439,1181696,52133887,2476632.48,3189698.28,2390,10,10,10,0,0,0,0,0,0,2226175,3244031,3506175,2249576.96,200
1781848040,0,2590,0,201.45,200.08,1771519,2217983,2617343,3143679,6701055,1181696,52133887,2450639.77,3068752.90,2590,10,10,10,0,0,0,0,0,0,2103295,2990079,3098623,2140026.88,200
1781848041,0,2790,0,201.35,200.05,1766399,2217983,2611199,3139583,6520831,1181696,52133887,2429917.32,2961085.80,2790,10,10,10,0,0,0,0,0,0,2166783,3090431,3194879,2161561.60,200
1781848042,0,2990,0,201.26,199.97,1767423,2215935,2607103,3139583,4976639,1181696,52133887,2414281.72,2864098.32,2990,10,10,10,0,0,0,0,0,0,2203647,3053567,3364863,2196165.12,200
1781848043,0,3190,0,201.18,200.05,1761279,2215935,2605055,3139583,4304895,1181696,52133887,2400557.10,2776330.97,3190,10,10,10,0,0,0,0,0,0,2217983,3080191,3237887,2195374.08,200
1781848044,0,3390,0,201.10,199.89,1761279,2217983,2613247,3147775,6094847,1181696,52133887,2405796.78,2706247.62,3390,10,10,10,0,0,0,0,0,0,2244607,5115903,6553599,2489369.60,200
1781848045,0,3590,0,201.04,199.97,1766399,2222079,2615295,3147775,5484543,1181696,52133887,2398466.14,2632838.03,3590,10,10,10,0,0,0,0,0,0,2299903,3160063,3336191,2274211.84,200
1781848046,0,3790,0,200.99,200.02,1768447,2222079,2619391,3158015,6643711,1181696,52133887,2402800.60,2578439.43,3790,10,10,10,0,0,0,0,0,0,2222079,3729407,7258111,2480604.16,200
1781848047,0,3990,0,200.94,200.07,1764351,2220031,2619391,3158015,6520831,1181696,52133887,2392480.53,2516270.62,3990,10,10,10,0,0,0,0,0,0,2181119,3121151,3397631,2196915.20,200
1781848048,0,4190,0,200.89,199.92,1757183,2217983,2617343,3158015,6307839,1181696,52133887,2382472.25,2458673.36,4190,10,10,10,0,0,0,0,0,0,2177023,3135487,3299327,2182807.04,200
1781848049,0,4390,0,200.85,200.06,1756159,2217983,2619391,3158015,6094847,1181696,52133887,2376385.37,2405358.06,4390,10,10,10,0,0,0,0,0,0,2228223,3219455,3817471,2248865.28,200
1781848050,0,4590,0,200.81,199.88,1756159,2217983,2619391,3158015,5484543,1181696,52133887,2370765.02,2355025.62,4590,10,10,10,0,0,0,0,0,0,2228223,3137535,3295231,2247398.40,200
1781848051,0,4790,0,200.78,200.07,1755135,2220031,2623487,3153919,5222399,1181696,52133887,2365770.82,2308200.84,4790,10,10,10,0,0,0,0,0,0,2256895,3065855,3532799,2251153.92,200
1781848052,0,4990,0,200.75,200.06,1755135,2222079,2621439,3147775,5115903,1181696,52133887,2360687.84,2263817.06,4990,10,10,10,0,0,0,0,0,0,2273279,3094527,3180543,2238950.40,200
1781848053,0,5190,0,200.72,200.01,1756159,2224127,2629631,3166207,5115903,1181696,52133887,2364710.18,2226281.73,5190,10,10,10,0,0,0,0,0,0,2371583,4505599,5218303,2465067.52,200
1781848054,0,5390,0,200.69,199.88,1755135,2224127,2627583,3164159,5091327,1181696,52133887,2359102.22,2186999.99,5390,10,10,10,0,0,0,0,0,0,2174975,3133439,3237887,2213575.68,200
1781848055,0,5590,0,200.67,200.06,1752063,2222079,2625535,3158015,4980735,1181696,52133887,2352058.85,2150196.28,5590,10,10,10,0,0,0,0,0,0,2113535,3106815,3223551,2162240.00,200
1781848056,0,5790,0,200.64,199.92,1750015,2222079,2623487,3153919,4874239,1181696,52133887,2347656.44,2115001.39,5790,10,10,10,0,0,0,0,0,0,2230271,3057663,3260415,2224609.28,200
1781848057,0,5990,0,200.62,200.05,1750015,2222079,2623487,3149823,4620287,1181696,52133887,2343519.39,2081589.40,5990,10,10,10,0,0,0,0,0,0,2213887,3119103,3334143,2223751.68,200
1781848058,0,6190,0,200.60,200.04,1746943,2220031,2623487,3147775,4603903,1181696,52133887,2338348.83,2049811.69,6190,10,10,10,0,0,0,0,0,0,2189311,3024895,3178495,2183490.56,200
1781848059,0,6390,0,200.58,199.95,1743871,2220031,2621439,3147775,4554751,1181696,52133887,2334281.15,2019921.66,6390,10,10,10,0,0,0,0,0,0,2187263,3119103,3483647,2208386.56,200
1781848060,0,6590,0,200.57,200.11,1742847,2220031,2621439,3145727,4505599,1181696,52133887,2330924.05,1991287.07,6590,10,10,10,0,0,0,0,0,0,2246655,3059711,3209215,2223664.64,200
1781848061,0,6790,0,200.55,200.03,1743871,2222079,2625535,3147775,4304895,1181696,52133887,2331235.23,1964368.33,6790,10,10,10,0,0,0,0,0,0,2328575,3303423,3667967,2341488.64,200
1781848062,0,6990,0,200.53,199.87,1746943,2226175,2629631,3151871,4126719,1181696,52133887,2332008.16,1938443.30,6990,10,10,10,0,0,0,0,0,0,2334719,3291135,3801087,2358248.96,200
1781848063,0,7190,0,200.52,200.08,1751039,2226175,2631679,3158015,4116479,1181696,52133887,2331798.54,1913510.43,7190,10,10,10,0,0,0,0,0,0,2236415,3317759,3651583,2324472.32,200
1781848064,0,7390,0,200.50,199.87,1754111,2228223,2631679,3158015,4095999,1181696,52133887,2330511.76,1889262.06,7390,10,10,10,0,0,0,0,0,0,2263039,3139583,3450879,2284252.16,200
1781848065,0,7590,0,200.49,200.12,1754111,2228223,2631679,3155967,4022271,1181696,52133887,2327406.56,1866506.71,7590,10,10,10,0,0,0,0,0,0,2209791,3102719,3872767,2212669.44,200
1781848066,0,7790,0,200.48,200.05,1753087,2228223,2631679,3158015,3997695,1181696,52133887,2325387.67,1844831.11,7790,10,10,10,0,0,0,0,0,0,2248703,3174399,3729407,2248770.56,200
1781848067,0,7990,0,200.47,199.86,1754111,2226175,2631679,3153919,3987455,1181696,52133887,2322925.99,1823491.05,7990,10,10,10,0,0,0,0,0,0,2179071,3098623,3301375,2227043.84,200
1781848068,0,8190,0,200.46,200.08,1753087,2226175,2629631,3153919,3969023,1181696,52133887,2319571.99,1802968.98,8190,10,10,10,0,0,0,0,0,0,2209791,3086335,3254271,2185579.52,200
1781848069,0,8390,0,200.45,200.02,1755135,2228223,2631679,3155967,3969023,1181696,52133887,2319755.93,1783251.67,8390,10,10,10,0,0,0,0,0,0,2353151,3192831,3715071,2327288.32,200
1781848070,0,8590,0,200.44,200.03,1753087,2226175,2627583,3153919,3954687,1181696,52133887,2315800.91,1764394.85,8590,10,10,10,0,0,0,0,0,0,2144255,3061759,3268607,2149888.00,200
1781848071,0,8790,0,200.42,199.93,1753087,2226175,2623487,3153919,3919871,1181696,52133887,2313040.32,1745959.94,8790,10,10,10,0,0,0,0,0,0,2234367,3071999,3409919,2194472.96,200
1781848072,0,8990,0,200.42,200.03,1753087,2228223,2625535,3153919,3907583,1181696,52133887,2311796.01,1728236.28,8990,10,10,10,0,0,0,0,0,0,2258943,3137535,3338239,2257108.48,200
1781848073,0,9190,0,200.41,200.00,1753087,2228223,2627583,3153919,3876863,1181696,52133887,2310972.17,1711277.11,9190,10,10,10,0,0,0,0,0,0,2263039,3174399,3450879,2273940.48,200
1781848074,0,9390,0,200.40,199.98,1755135,2228223,2627583,3151871,3819519,1181696,52133887,2310226.83,1694428.44,9390,10,10,10,0,0,0,0,0,0,2230271,3078143,3330047,2275978.24,200
1781848075,0,9590,0,200.39,200.08,1755135,2228223,2627583,3153919,3819519,1181696,52133887,2309229.98,1678757.33,9590,10,10,10,0,0,0,0,0,0,2230271,3172351,3784703,2262428.16,200
1781848076,0,9790,0,200.38,199.93,1755135,2228223,2627583,3151871,3801087,1181696,52133887,2307658.47,1663108.77,9790,10,10,10,0,0,0,0,0,0,2213887,3121151,3278847,2232304.64,200
1781848077,0,9990,0,200.37,200.04,1758207,2230271,2631679,3160063,3964927,1181696,52133887,2310997.38,1650605.32,9990,10,10,10,0,0,0,0,0,0,2375679,4155391,5287935,2474437.12,200
1781848078,0,10190,0,200.37,199.94,1760255,2230271,2631679,3160063,3954687,1181696,52133887,2310149.28,1635851.75,10190,10,10,10,0,0,0,0,0,0,2252799,3143679,3289087,2267786.24,200
1781848079,0,10390,0,200.36,200.08,1761279,2228223,2631679,3164159,3964927,1181696,52133887,2309207.57,1622156.57,10390,10,10,10,0,0,0,0,0,0,2093055,3207167,4366335,2261227.52,200
1781848080,0,10590,0,200.35,199.87,1763327,2228223,2631679,3164159,3954687,1181696,52133887,2308284.94,1608493.08,10590,10,10,10,0,0,0,0,0,0,2236415,3182591,3446783,2260354.56,200
1781848081,0,10790,0,200.35,200.15,1763327,2228223,2631679,3164159,3932159,1181696,52133887,2307477.04,1595456.51,10790,10,10,10,0,0,0,0,0,0,2252799,3241983,3508223,2264698.88,200
1781848082,0,10990,0,200.34,199.82,1763327,2230271,2633727,3168255,3981311,1181696,52133887,2307873.45,1583919.32,10990,10,10,10,0,0,0,0,0,0,2275327,3280895,5103615,2329259.52,200
1781848083,0,11190,0,200.33,200.03,1764351,2230271,2633727,3170303,3964927,1181696,52133887,2307280.00,1571192.15,11190,10,10,10,0,0,0,0,0,0,2228223,3182591,3325951,2274670.08,200
1781848084,0,11390,0,200.33,200.00,1764351,2230271,2633727,3172351,3954687,1181696,52133887,2306911.75,1559008.07,11390,10,10,10,0,0,0,0,0,0,2236415,3209215,3358719,2286307.84,200
1781848085,0,11590,0,200.32,200.07,1766399,2230271,2637823,3174399,3995647,1181696,52133887,2308651.60,1548322.21,11590,10,10,10,0,0,0,0,0,0,2342911,3373055,5193727,2407736.32,200
1781848086,0,11790,0,200.32,199.96,1768447,2232319,2639871,3178495,4095999,1181696,52133887,2311472.99,1541065.48,11790,10,10,10,0,0,0,0,0,0,2326527,3467263,6758399,2474972.16,200
1781848087,0,11990,0,200.31,200.02,1767423,2234367,2637823,3178495,4069375,1181696,52133887,2310279.24,1529666.23,11990,10,10,10,0,0,0,0,0,0,2293759,3155967,3260415,2239907.84,200
1781848088,0,12210,0,200.63,219.99,1769471,2236415,2643967,3186687,4427775,1181696,52133887,2329928.46,1589719.29,12210,10,10,10,0,0,0,0,0,0,2418687,8196095,17530879,3400811.05,220
1781848089,0,12410,0,200.62,200.02,1770495,2236415,2643967,3184639,4407295,1181696,52133887,2328579.09,1578211.73,12410,10,10,10,0,0,0,0,0,0,2267135,3067903,3252223,2246200.32,200
1781848090,0,12610,0,200.61,199.93,1769471,2236415,2641919,3182591,4366335,1181696,52133887,2326393.93,1566956.54,12610,10,10,10,0,0,0,0,0,0,2103295,3026943,3231743,2190804.48,200
1781848091,0,12810,0,200.61,200.16,1770495,2234367,2641919,3182591,4341759,905728,52133887,2324239.73,1556176.54,12810,10,10,10,0,0,0,0,0,0,2109439,3074047,3325951,2188417.28,200
1781848092,0,13010,0,200.59,199.86,1771519,2234367,2641919,3184639,4505599,905728,52133887,2327154.34,1553455.42,13010,10,10,10,0,0,0,0,0,0,2232319,3446783,8904703,2513835.52,200
1781848093,0,13210,0,200.59,200.10,1771519,2234367,2643967,3186687,4538367,905728,52133887,2327489.85,1544138.52,13210,10,10,10,0,0,0,0,0,0,2267135,3581951,4792319,2349314.56,200
1781848094,0,13410,0,200.58,199.90,1771519,2236415,2641919,3184639,4505599,905728,52133887,2326070.12,1533923.56,13410,10,10,10,0,0,0,0,0,0,2277375,3112959,3325951,2232296.96,200
1781848095,0,13610,0,200.57,200.00,1771519,2236415,2641919,3184639,4476927,905728,52133887,2325031.22,1524153.26,13610,10,10,10,0,0,0,0,0,0,2279423,3151871,3667967,2255372.80,200
1781848096,0,13810,0,200.56,200.12,1769471,2236415,2641919,3182591,4427775,905728,52133887,2322544.43,1514407.55,13810,10,10,10,0,0,0,0,0,0,2150399,3018751,3151871,2153318.40,200
1781848097,0,14010,0,200.55,200.01,1769471,2236415,2639871,3178495,4390911,905728,52133887,2320490.44,1504810.05,14010,10,10,10,0,0,0,0,0,0,2236415,3012607,3162111,2178662.40,200
1781848098,0,14210,0,200.54,199.86,1769471,2236415,2639871,3180543,4538367,905728,52133887,2321266.13,1497504.96,14210,10,10,10,0,0,0,0,0,0,2238463,3352575,5545983,2375603.20,200
1781848099,0,14410,0,200.54,200.02,1769471,2236415,2639871,3184639,4579327,905728,52133887,2322343.16,1489599.37,14410,10,10,10,0,0,0,0,0,0,2340863,3522559,5226495,2398865.92,200
1781848100,0,14610,0,200.53,200.08,1769471,2238463,2641919,3188735,4820991,905728,52133887,2334091.70,1541940.61,14610,10,10,10,0,0,0,0,0,0,2410495,5132287,19202047,3180574.72,200
1781848101,0,14810,0,200.52,199.86,1768447,2238463,2643967,3192831,5079039,905728,52133887,2343124.87,1577073.28,14810,10,10,10,0,0,0,0,0,0,2324479,3571711,17547263,3002997.76,200
1781848102,0,15010,0,200.52,200.07,1768447,2238463,2643967,3194879,5091327,905728,52133887,2344236.50,1574591.15,15010,10,10,10,0,0,0,0,0,0,2232319,3723263,5173247,2426552.32,200
1781848103,0,15210,0,200.51,200.07,1767423,2238463,2646015,3194879,5079039,905728,52133887,2343331.41,1565507.64,15210,10,10,10,0,0,0,0,0,0,2260991,3190783,3356671,2275404.80,200
1781848104,0,15410,0,200.50,199.93,1766399,2238463,2643967,3196927,4997119,905728,52133887,2341912.14,1557300.34,15410,10,10,10,0,0,0,0,0,0,2201599,3354623,4554751,2233976.32,200
1781848105,0,15610,0,200.50,200.02,1766399,2238463,2643967,3194879,4976639,905728,52133887,2340150.43,1548468.66,15610,10,10,10,0,0,0,0,0,0,2230271,3084287,3262463,2204410.88,200
1781848106,0,15810,0,200.49,200.05,1765375,2238463,2643967,3194879,4960255,905728,52133887,2338494.37,1539861.22,15810,10,10,10,0,0,0,0,0,0,2234367,3090431,3284991,2209239.04,200
1781848107,0,16010,0,200.48,200.05,1766399,2238463,2643967,3194879,4939775,905728,52133887,2338469.77,1531437.69,16010,10,10,10,0,0,0,0,0,0,2320383,3192831,3540991,2336524.80,200
1781848108,0,16210,0,200.48,199.85,1767423,2240511,2643967,3192831,4874239,905728,52133887,2337864.69,1522931.00,16210,10,10,10,0,0,0,0,0,0,2316287,3088383,3198975,2289428.48,200
1781848109,0,16410,0,200.47,200.02,1768447,2240511,2646015,3194879,4833279,905728,52133887,2337578.01,1515113.94,16410,10,10,10,0,0,0,0,0,0,2244607,3227647,4083711,2314342.40,200
1781848110,0,16610,0,200.47,200.11,1768447,2240511,2643967,3192831,4792319,905728,52133887,2336250.53,1507114.77,16610,10,10,10,0,0,0,0,0,0,2207743,3110911,3282943,2227330.56,200
1781848111,0,16810,0,200.46,199.84,1766399,2240511,2643967,3192831,4734975,905728,52133887,2334645.94,1499331.72,16810,10,10,10,0,0,0,0,0,0,2148351,3137535,3239935,2201384.96,200
1781848112,0,17010,0,200.46,200.11,1767423,2240511,2643967,3192831,4734975,905728,52133887,2334547.57,1491985.35,17010,10,10,10,0,0,0,0,0,0,2267135,3221503,4069375,2326279.68,200
1781848113,0,17210,0,200.45,200.04,1767423,2240511,2643967,3190783,4669439,905728,52133887,2333552.41,1484393.65,17210,10,10,10,0,0,0,0,0,0,2191359,3098623,3555327,2248913.92,200
1781848114,0,17410,0,200.45,200.00,1768447,2240511,2646015,3190783,4620287,905728,52133887,2333027.83,1476856.15,17410,10,10,10,0,0,0,0,0,0,2177023,3155967,3373055,2287887.36,200
1781848115,0,17610,0,200.44,199.91,1768447,2240511,2643967,3190783,4607999,905728,52133887,2331950.13,1469529.41,17610,10,10,10,0,0,0,0,0,0,2242559,3074047,3481599,2238136.32,200
1781848116,0,17810,0,200.43,200.00,1768447,2238463,2643967,3188735,4579327,905728,52133887,2330579.20,1462345.02,17810,10,10,10,0,0,0,0,0,0,2201599,3117055,3223551,2209868.80,200
1781848117,0,18010,0,200.43,200.06,1767423,2238463,2643967,3188735,4554751,905728,52133887,2329532.41,1455337.24,18010,10,10,10,0,0,0,0,0,0,2236415,3155967,3319807,2236316.16,200
1781848118,0,18210,0,200.42,199.95,1767423,2238463,2641919,3186687,4550655,905728,52133887,2327507.87,1448310.41,18210,10,10,10,0,0,0,0,0,0,2119679,3018751,3137535,2145198.08,200
1781848119,0,18410,0,200.42,200.04,1767423,2238463,2641919,3188735,4530175,905728,52133887,2326845.92,1441795.64,18410,10,10,10,0,0,0,0,0,0,2199551,3248127,3944447,2266575.36,200
1781848120,0,18610,0,200.42,200.09,1768447,2238463,2643967,3190783,4530175,905728,52133887,2327210.56,1435864.06,18610,10,10,10,0,0,0,0,0,0,2252799,3649535,4452351,2360775.68,200
1781848121,0,18810,0,200.41,199.89,1768447,2238463,2643967,3192831,4505599,905728,52133887,2327432.33,1429659.98,18810,10,10,10,0,0,0,0,0,0,2336767,3403775,3946495,2348067.84,200
1781848122,0,19010,0,200.41,200.07,1767423,2238463,2643967,3190783,4493311,905728,52133887,2325919.78,1423247.90,19010,10,10,10,0,0,0,0,0,0,2242559,3053567,3215359,2183664.64,200
1781848123,0,19210,0,200.40,199.99,1767423,2240511,2643967,3190783,4476927,905728,52133887,2326010.90,1417180.69,19210,10,10,10,0,0,0,0,0,0,2340863,3215359,4134911,2334671.36,200
1781848124,0,19410,0,200.40,200.06,1768447,2240511,2646015,3192831,4452351,905728,52133887,2325941.23,1410961.29,19410,10,10,10,0,0,0,0,0,0,2283519,3213311,3700735,2319249.92,200
1781848125,0,19610,0,200.40,199.96,1769471,2242559,2646015,3192831,4427775,905728,52133887,2326574.59,1405135.09,19610,10,10,10,0,0,0,0,0,0,2396159,3371007,3850239,2388042.24,200
1781848126,0,19810,0,200.39,199.87,1769471,2242559,2646015,3192831,4427775,905728,52133887,2326236.53,1399159.37,19810,10,10,10,0,0,0,0,0,0,2303999,3241983,3356671,2293089.28,200
1781848127,0,20010,0,200.39,200.08,1769471,2242559,2646015,3192831,4407295,905728,52133887,2325482.42,1393093.92,20010,10,10,10,0,0,0,0,0,0,2273279,3145727,3268607,2250787.84,200
1781848128,0,20210,0,200.38,200.07,1769471,2244607,2646015,3192831,4378623,905728,52133887,2324690.49,1387139.31,20210,10,10,10,0,0,0,0,0,0,2273279,3076095,3268607,2245457.92,200
1781848129,0,20410,0,200.38,199.87,1770495,2244607,2646015,3192831,4366335,905728,52133887,2324727.31,1381476.95,20410,10,10,10,0,0,0,0,0,0,2322431,3246079,3776511,2328448.00,200
1781848130,0,20610,0,200.38,200.02,1770495,2244607,2646015,3192831,4354047,905728,52133887,2323878.31,1375751.07,20610,10,10,10,0,0,0,0,0,0,2195455,3131391,3309567,2237237.76,200
1781848131,0,20810,0,200.37,200.05,1769471,2244607,2646015,3192831,4337663,905728,52133887,2322898.82,1370277.80,20810,10,10,10,0,0,0,0,0,0,2205695,3196927,3291135,2221962.24,200
1781848132,0,21010,0,200.37,200.05,1768447,2244607,2646015,3192831,4341759,905728,52133887,2322112.65,1365225.11,21010,10,10,10,0,0,0,0,0,0,2199551,3178495,4489215,2240312.32,200
1781848133,0,21210,0,200.36,199.86,1767423,2242559,2646015,3190783,4337663,905728,52133887,2320530.10,1359832.76,21210,10,10,10,0,0,0,0,0,0,2144255,3020799,3311615,2154283.52,200
1781848134,0,21410,0,200.36,200.09,1766399,2242559,2646015,3190783,4317183,905728,52133887,2319711.79,1354458.69,21410,10,10,10,0,0,0,0,0,0,2203647,3170303,3248127,2232929.28,200
1781848135,0,21610,0,200.36,200.04,1766399,2242559,2646015,3190783,4300799,905728,52133887,2318985.36,1349402.80,21610,10,10,10,0,0,0,0,0,0,2197503,3162111,4005887,2241221.12,200
1781848136,0,21810,0,200.35,199.84,1765375,2242559,2643967,3188735,4280319,905728,52133887,2317603.76,1344197.87,21810,10,10,10,0,0,0,0,0,0,2174975,3024895,3141631,2168322.56,200
1781848137,0,22010,0,200.35,200.02,1764351,2242559,2646015,3188735,4259839,905728,52133887,2316824.88,1339215.13,22010,10,10,10,0,0,0,0,0,0,2211839,3160063,3719167,2231887.36,200
1781848138,0,22210,0,200.35,200.11,1764351,2242559,2646015,3188735,4255743,905728,52133887,2316082.75,1334152.64,22210,10,10,10,0,0,0,0,0,0,2260991,3084287,3231743,2234411.52,200
1781848139,0,22410,0,200.35,199.96,1765375,2242559,2646015,3188735,4243455,905728,52133887,2315469.66,1329136.29,22410,10,10,10,0,0,0,0,0,0,2254847,3168255,3330047,2247385.60,200
1781848140,0,22610,0,200.34,200.04,1765375,2242559,2646015,3188735,4222975,905728,52133887,2315385.70,1324209.33,22610,10,10,10,0,0,0,0,0,0,2279423,3178495,3481599,2305978.88,200
1781848141,0,22810,0,200.34,200.05,1767423,2242559,2646015,3188735,4214783,905728,52133887,2315292.50,1319205.17,22810,10,10,10,0,0,0,0,0,0,2211839,3129343,3332095,2304755.20,200
1781848142,0,23010,0,200.34,199.91,1766399,2242559,2646015,3188735,4255743,905728,52133887,2315344.32,1315332.30,23010,10,10,10,0,0,0,0,0,0,2232319,3928063,4816895,2321254.40,200
1781848143,0,23210,0,200.33,200.07,1766399,2240511,2646015,3188735,4243455,905728,52133887,2314344.04,1310687.98,23210,10,10,10,0,0,0,0,0,0,2177023,3119103,3401727,2199262.72,200
1781848144,0,23410,0,200.33,200.04,1765375,2240511,2646015,3188735,4255743,905728,52133887,2314071.67,1306612.44,23410,10,10,10,0,0,0,0,0,0,2215935,3305471,4882431,2282462.72,200
1781848145,0,23610,0,200.33,199.91,1765375,2240511,2646015,3188735,4243455,905728,52133887,2313758.98,1301952.00,23610,10,10,10,0,0,0,0,0,0,2174975,3162111,3403775,2277158.40,200
1781848146,0,23810,0,200.33,200.04,1765375,2240511,2646015,3188735,4231167,905728,52133887,2313387.48,1297564.00,23810,10,10,10,0,0,0,0,0,0,2248703,3217407,3848191,2269532.16,200
1781848147,0,24010,0,200.32,199.86,1764351,2240511,2646015,3188735,4222975,905728,52133887,2312346.02,1293077.80,24010,10,10,10,0,0,0,0,0,0,2189311,3117055,3184639,2188359.68,200
1781848148,0,24480,0,202.55,470.42,1757183,2236415,2646015,3194879,4571135,839680,52133887,2335755.64,1483392.94,24480,10,10,10,0,0,0,0,0,0,1803263,18104319,26902527,3531638.74,470
1781848149,0,24980,0,204.99,499.92,1751039,2230271,2641919,3194879,4562943,839680,52133887,2328237.05,1472950.72,24980,10,10,10,0,0,0,0,0,0,1855487,3393535,4481023,1960126.98,500
1781848150,0,25480,0,207.40,499.99,1736703,2215935,2633727,3192831,4538367,839680,52133887,2313388.87,1463731.31,25480,10,10,10,0,0,0,0,0,0,1483775,2603007,2988031,1571573.76,500
1781848151,0,25980,0,209.76,500.04,1722367,2203647,2625535,3188735,4505599,827392,52133887,2298800.83,1455100.82,25980,10,10,10,0,0,0,0,0,0,1459199,2627583,3147775,1555394.05,500
1781848152,0,26480,0,212.08,499.75,1711103,2191359,2619391,3184639,4489215,718848,52133887,2286396.03,1446492.16,26480,10,10,10,0,0,0,0,0,0,1476607,2826239,3143679,1641842.69,500
1781848153,0,26980,0,214.37,500.13,1693695,2172927,2609151,3180543,4476927,713728,52133887,2268665.12,1440014.17,26980,10,10,10,0,0,0,0,0,0,1291263,1986559,2693119,1329636.35,500
1781848154,0,27480,0,216.62,500.00,1679359,2156543,2603007,3178495,4435967,709632,52133887,2253251.88,1432903.15,27480,10,10,10,0,0,0,0,0,0,1376255,2383871,3022847,1421553.15,500
1781848155,0,27980,0,218.84,500.21,1666047,2142207,2594815,3174399,4407295,709632,52133887,2238209.00,1425791.62,27980,10,10,10,0,0,0,0,0,0,1338367,2441215,2863103,1411452.42,500
1781848156,0,28480,0,221.02,499.67,1653759,2125823,2588671,3170303,4354047,709632,52133887,2224941.66,1418029.14,28480,10,10,10,0,0,0,0,0,0,1440767,2459647,2918399,1482501.63,500
1781848157,0,28980,0,223.17,500.16,1640447,2109439,2580479,3164159,4321279,616448,52133887,2208254.52,1412215.84,28980,10,10,10,0,0,0,0,0,0,1239039,1822719,2584575,1257754.62,500
1781848158,0,29480,0,225.28,499.81,1626111,2093055,2572287,3162111,4280319,616448,52133887,2191446.28,1406910.75,29480,10,10,10,0,0,0,0,0,0,1186815,1785855,2680831,1217241.09,500
1781848159,0,29980,0,227.37,499.88,1612799,2078719,2566143,3160063,4255743,616448,52133887,2177604.89,1400857.06,29980,10,10,10,0,0,0,0,0,0,1267711,2646015,3579903,1361516.54,500
1781848160,0,30480,0,229.42,500.44,1605631,2065407,2557951,3155967,4222975,616448,52133887,2166580.47,1393468.28,30480,10,10,10,0,0,0,0,0,0,1403903,2549759,3024895,1505555.97,500
1781848161,0,30980,0,231.44,499.56,1598463,2053119,2551807,3153919,4194303,616448,52133887,2156732.96,1385633.74,30980,10,10,10,0,0,0,0,0,0,1514495,2451455,3207167,1556428.80,500
1781848162,0,31480,0,233.43,500.29,1593343,2043903,2547711,3151871,4155391,616448,52133887,2149358.96,1378272.48,31480,10,10,10,0,0,0,0,0,0,1529855,3012607,3618815,1692466.18,500
1781848163,0,31980,0,235.39,499.72,1583103,2030591,2539519,3147775,4147199,616448,52133887,2137613.82,1372530.92,31980,10,10,10,0,0,0,0,0,0,1285119,2621439,3143679,1398139.39,500
1781848164,0,32480,0,237.33,500.13,1573887,2015231,2533375,3145727,4124671,616448,52133887,2125284.33,1366841.88,32480,10,10,10,0,0,0,0,0,0,1254399,2301951,2953215,1336690.69,500
1781848165,0,32980,0,239.23,499.86,1561599,1997823,2527231,3141631,4102143,616448,52133887,2112589.43,1361161.38,32980,10,10,10,0,0,0,0,0,0,1243135,1878015,2715647,1287928.32,500
1781848166,0,33480,0,241.11,500.07,1551359,1981439,2519039,3139583,4091903,616448,52133887,2100648.56,1355327.91,33480,10,10,10,0,0,0,0,0,0,1275903,1955839,2711551,1313029.12,500
1781848167,0,33980,0,242.96,499.99,1546239,1968127,2514943,3137535,4077567,616448,52133887,2092295.26,1348881.75,33980,10,10,10,0,0,0,0,0,0,1434623,2779135,3194879,1532957.70,500
1781848168,0,34480,0,244.79,500.22,1539071,1954815,2508799,3137535,4063231,616448,52133887,2083641.45,1342940.90,34480,10,10,10,0,0,0,0,0,0,1393663,2885631,3583999,1495528.96,500
1781848169,0,34980,0,246.59,499.74,1533951,1946623,2504703,3135487,4048895,616448,52133887,2077642.04,1336017.27,34980,10,10,10,0,0,0,0,0,0,1554431,2748415,3274751,1663922.69,500
1781848170,0,35480,0,248.36,500.02,1532927,1943551,2502655,3135487,4048895,616448,52133887,2076089.83,1329135.67,35480,10,10,10,0,0,0,0,0,0,1815551,3373055,3862527,1967497.22,500
1781848171,0,35980,0,250.11,500.03,1525759,1932287,2496511,3133439,4022271,616448,52133887,2067923.51,1322830.91,35980,10,10,10,0,0,0,0,0,0,1415167,2512895,2930687,1488441.34,500
1781848172,0,36480,0,251.84,500.35,1522687,1926143,2492415,3129343,4018175,616448,52133887,2062513.49,1316345.34,36480,10,10,10,0,0,0,0,0,0,1532927,2777087,3155967,1673208.32,500
1781848173,0,36980,0,253.54,499.99,1517567,1917951,2490367,3129343,4014079,616448,52133887,2057318.32,1310340.28,36980,10,10,10,0,0,0,0,0,0,1531903,2981887,3817471,1678278.66,500
1781848174,0,37480,0,255.22,500.07,1515519,1911807,2486271,3127295,3997695,616448,52133887,2052654.88,1303709.61,37480,10,10,10,0,0,0,0,0,0,1615871,2725887,3074047,1707747.33,500
1781848175,0,37980,0,256.87,499.82,1514495,1910783,2484223,3125247,3993599,616448,52133887,2051146.25,1297281.93,37980,10,10,10,0,0,0,0,0,0,1820671,3043327,3405823,1938058.75,500
1781848176,0,38480,0,258.50,500.19,1511423,1906687,2482175,3127295,3997695,616448,52133887,2048059.53,1291799.79,38480,10,10,10,0,0,0,0,0,0,1681407,3321855,4024319,1813592.58,500
1781848177,0,38980,0,260.11,499.66,1510399,1904639,2482175,3129343,3995647,616448,52133887,2046831.13,1286512.38,38980,10,10,10,0,0,0,0,0,0,1787903,3381247,3956735,1952293.38,500
1781848178,0,39480,0,261.71,500.26,1507327,1900543,2480127,3129343,4024319,616448,52133887,2049597.86,1331714.41,39480,10,10,10,0,0,0,0,0,0,1639423,3522559,24477695,2265292.29,500
1781848179,0,39980,0,263.28,500.09,1500159,1892351,2478079,3129343,4020223,608768,52133887,2042711.55,1326974.95,39980,10,10,10,0,0,0,0,0,0,1330175,2932735,3467263,1498968.58,500
1781848180,0,40480,0,264.82,499.70,1492991,1882111,2471935,3127295,4024319,608768,52133887,2034773.89,1323339.89,40480,10,10,10,0,0,0,0,0,0,1244159,2619391,5087231,1400078.85,500
1781848181,0,40980,0,266.35,500.10,1487871,1874943,2469887,3127295,4024319,608768,52133887,2029512.65,1318560.02,40980,10,10,10,0,0,0,0,0,0,1373183,3139583,4173823,1603561.98,500
1781848182,0,41480,0,267.86,500.03,1480703,1866751,2465791,3127295,4036607,608768,52133887,2022499.18,1314256.67,41480,10,10,10,0,0,0,0,0,0,1272831,2869247,4085759,1447675.39,500
1781848183,0,41980,0,269.35,500.04,1473535,1856511,2457599,3123199,4020223,608768,52133887,2014323.82,1309457.72,41980,10,10,10,0,0,0,0,0,0,1255423,2238463,2693119,1336095.74,500
1781848184,0,42480,0,270.82,499.69,1465343,1844223,2453503,3121151,4014079,608768,52133887,2005739.62,1304860.10,42480,10,10,10,0,0,0,0,0,0,1227775,2056191,2717695,1285010.94,500
1781848185,0,42980,0,272.27,500.10,1458175,1836031,2447359,3119103,4018175,608768,52133887,1998950.29,1300500.38,42980,10,10,10,0,0,0,0,0,0,1314815,2516991,4227071,1422128.13,500
1781848186,0,43480,0,273.71,500.28,1448959,1825791,2441215,3117055,4005887,593408,52133887,1990276.04,1296175.98,43480,10,10,10,0,0,0,0,0,0,1186815,1874943,2531327,1244637.70,500
1781848187,0,43980,0,275.12,499.87,1439743,1815551,2435071,3112959,3993599,593408,52133887,1981883.39,1291767.78,43980,10,10,10,0,0,0,0,0,0,1204223,1878015,2435071,1252058.62,500
1781848188,0,44480,0,276.52,499.89,1432575,1808383,2430975,3112959,3993599,593408,52133887,1975143.74,1287692.79,44480,10,10,10,0,0,0,0,0,0,1222655,2578431,3188735,1382324.22,500
1781848189,0,44980,0,277.90,500.28,1423359,1798143,2424831,3110911,3979263,593408,52133887,1966856.48,1283640.94,44980,10,10,10,0,0,0,0,0,0,1191935,1951743,2512895,1229621.76,500
1781848190,0,45480,0,279.26,499.97,1421311,1797119,2422783,3110911,3995647,593408,52133887,1966522.93,1283972.12,45480,10,10,10,0,0,0,0,0,0,1669119,3272703,9535487,1936517.12,500
1781848191,0,45980,0,280.61,499.89,1422335,1798143,2420735,3108863,4009983,593408,52133887,1965834.89,1278870.85,45980,10,10,10,0,0,0,0,0,0,1847295,2789375,4837375,1903250.43,500
1781848192,0,46480,0,281.94,499.94,1422335,1799167,2420735,3106815,4014079,593408,52133887,1965924.77,1273954.49,46480,10,10,10,0,0,0,0,0,0,1849343,2996223,4763647,1974190.08,500
1781848193,0,46980,0,283.26,500.07,1418239,1795071,2416639,3106815,4020223,593408,52133887,1962763.58,1269728.26,46980,10,10,10,0,0,0,0,0,0,1492991,3065855,4476927,1668899.84,500
1781848194,0,47480,0,284.55,499.82,1412095,1789951,2414591,3108863,4038655,593408,52133887,1958777.49,1266832.93,47480,10,10,10,0,0,0,0,0,0,1345535,3319807,5050367,1584243.71,500
1781848195,0,47980,0,285.84,500.31,1403903,1780735,2408447,3106815,4038655,593408,52133887,1951690.32,1263256.04,47980,10,10,10,0,0,0,0,0,0,1196031,1991679,3903487,1278693.38,500
1781848196,0,48480,0,287.11,499.64,1396735,1772543,2402303,3104767,4024319,593408,52133887,1945074.62,1259201.33,48480,10,10,10,0,0,0,0,0,0,1253375,2121727,2965503,1310231.55,500
1781848197,0,48980,0,288.36,500.14,1390591,1766399,2396159,3102719,4020223,593408,52133887,1939864.94,1255121.81,48980,10,10,10,0,0,0,0,0,0,1328127,2443263,3502079,1434734.08,500
1781848198,0,49480,0,289.60,500.05,1380351,1759231,2390015,3100671,4014079,593408,52133887,1932977.18,1251402.73,49480,10,10,10,0,0,0,0,0,0,1188863,2076671,2660351,1258252.80,500
1781848199,0,49980,0,290.82,500.03,1375231,1755135,2387967,3098623,4009983,593408,52133887,1929567.32,1247552.85,49980,10,10,10,0,0,0,0,0,0,1396735,2961407,3600383,1592126.98,500
1781848200,0,50480,0,292.03,500.12,1367039,1750015,2383871,3096575,3995647,593408,52133887,1923063.16,1243764.12,50480,10,10,10,0,0,0,0,0,0,1221631,1981439,2584575,1272907.26,500
1781848201,0,50980,0,293.23,499.77,1358847,1742847,2375679,3092479,3987455,593408,52133887,1916765.33,1239803.36,50980,10,10,10,0,0,0,0,0,0,1231871,1874943,2420735,1280936.45,500
1781848202,0,51480,0,294.41,500.12,1352703,1736703,2371583,3092479,3993599,593408,52133887,1911862.04,1236730.88,51480,10,10,10,0,0,0,0,0,0,1286143,3033087,4251647,1411922.94,500
1781848203,0,51980,0,295.58,499.85,1347583,1732607,2369535,3090431,3983359,593408,52133887,1907666.27,1233109.88,51980,10,10,10,0,0,0,0,0,0,1303551,2809855,3194879,1475670.02,500
1781848204,0,52480,0,296.74,499.85,1343487,1728511,2367487,3090431,3969023,593408,52133887,1904483.91,1229205.14,52480,10,10,10,0,0,0,0,0,0,1415167,2877439,3461119,1573645.82,500
1781848205,0,52980,0,297.88,500.20,1338367,1723391,2363391,3088383,3960831,593408,52133887,1900269.25,1225443.42,52980,10,10,10,0,0,0,0,0,0,1343487,2641919,3518463,1457898.50,500
1781848206,0,53480,0,299.01,500.18,1332223,1719295,2357247,3086335,3954687,593408,52133887,1894964.34,1221734.65,53480,10,10,10,0,0,0,0,0,0,1285119,2273279,2766847,1332855.81,500
1781848207,0,53980,0,300.13,500.00,1324031,1713151,2351103,3082239,3944447,593408,52133887,1888721.85,1218289.96,53980,10,10,10,0,0,0,0,0,0,1190911,1837055,2488319,1221025.28,500
1781848208,0,54250,0,299.96,269.97,1325055,1713151,2353151,3082239,3936255,593408,52133887,1888853.03,1216094.98,54250,10,10,10,0,0,0,0,0,0,1847295,2922495,3215359,1915078.16,270
1781848209,0,54450,0,299.41,199.88,1327103,1715199,2353151,3082239,3944447,593408,52133887,1890336.81,1214548.28,54450,10,10,10,0,0,0,0,0,0,2248703,3115007,4067327,2292812.80,200
1781848210,0,54649,0,298.86,199.18,1329151,1716223,2355199,3084287,3950591,593408,52133887,1891670.33,1213310.10,54649,10,10,10,0,0,0,0,0,0,2138111,3387391,5177343,2256546.09,199
1781848211,0,54850,0,298.33,200.86,1331199,1718271,2355199,3082239,3948543,593408,52133887,1892579.71,1211589.42,54850,10,10,10,0,0,0,0,0,0,2084863,2979839,3051519,2139826.31,201
1781848212,0,55050,0,297.80,200.08,1332223,1720319,2359295,3084287,3954687,593408,52133887,1894346.65,1210311.82,55050,10,10,10,0,0,0,0,0,0,2420735,3371007,4028415,2378931.20,200
1781848213,0,55250,0,297.27,200.01,1334271,1722367,2361343,3084287,3948543,593408,52133887,1895857.75,1208813.58,55250,10,10,10,0,0,0,0,0,0,2269183,3203071,3473407,2311787.52,200
1781848214,0,55450,0,296.75,200.03,1336319,1723391,2363391,3086335,3946495,593408,52133887,1897175.97,1207316.28,55450,10,10,10,0,0,0,0,0,0,2246655,3180543,3463167,2261335.04,200
1781848215,0,55650,0,296.24,199.84,1338367,1725439,2365439,3086335,3944447,593408,52133887,1898530.84,1205873.12,55650,10,10,10,0,0,0,0,0,0,2232319,3270655,3741695,2274168.32,200
1781848216,0,55850,0,295.73,200.01,1340415,1726463,2365439,3086335,3944447,593408,52133887,1899770.28,1204340.95,55850,10,10,10,0,0,0,0,0,0,2281471,3151871,3260415,2244643.84,200
1781848217,0,56050,0,295.22,200.10,1342463,1728511,2367487,3086335,3936255,593408,52133887,1900774.54,1202647.15,56050,10,10,10,0,0,0,0,0,0,2123775,3031039,3180543,2181214.72,200
1781848218,0,56250,0,294.72,200.01,1344511,1730559,2369535,3086335,3932159,593408,52133887,1902034.77,1201084.13,56250,10,10,10,0,0,0,0,0,0,2283519,3155967,3381247,2255214.08,200
1781848219,0,56450,0,294.23,200.00,1345535,1732607,2369535,3086335,3948543,593408,52133887,1903541.76,1200019.83,56450,10,10,10,0,0,0,0,0,0,2275327,3559423,4907007,2327383.04,200
1781848220,0,56650,0,293.74,199.84,1347583,1734655,2371583,3086335,3944447,593408,52133887,1904594.67,1198434.79,56650,10,10,10,0,0,0,0,0,0,2177023,3047423,3201023,2201779.20,200
1781848221,0,56850,0,293.26,200.06,1349631,1735679,2373631,3086335,3944447,593408,52133887,1905557.44,1196781.61,56850,10,10,10,0,0,0,0,0,0,2070527,3053567,3233791,2178260.48,200
1781848222,0,57050,0,292.78,200.06,1351679,1737727,2375679,3086335,3936255,593408,52133887,1906799.05,1195264.53,57050,10,10,10,0,0,0,0,0,0,2316287,3164159,3299327,2259727.36,200
1781848223,0,57250,0,292.31,200.00,1352703,1739775,2375679,3088383,3932159,593408,52133887,1908029.03,1193723.59,57250,10,10,10,0,0,0,0,0,0,2197503,3196927,3352575,2258880.00,200
1781848224,0,57450,0,291.84,199.92,1354751,1741823,2377727,3090431,3928063,593408,52133887,1909544.75,1192453.13,57450,10,10,10,0,0,0,0,0,0,2277375,3332095,3813375,2343418.88,200
1781848225,0,57650,0,291.37,200.03,1355775,1742847,2379775,3090431,3926015,593408,52133887,1910652.02,1190924.55,57650,10,10,10,0,0,0,0,0,0,2203647,3188735,3336191,2228715.52,200
1781848226,0,57850,0,290.91,199.99,1357823,1744895,2381823,3090431,3919871,593408,52133887,1911845.06,1189403.02,57850,10,10,10,0,0,0,0,0,0,2248703,3112959,3233791,2255738.88,200
1781848227,0,58050,0,290.46,200.05,1359871,1745919,2381823,3090431,3919871,593408,52133887,1912912.11,1187896.18,58050,10,10,10,0,0,0,0,0,0,2154495,3125247,3276799,2221557.76,200
1781848228,0,58250,0,290.01,200.05,1360895,1747967,2383871,3092479,3919871,593408,52133887,1914348.96,1186774.44,58250,10,10,10,0,0,0,0,0,0,2295807,3166207,5373951,2331394.56,200
1781848229,0,58450,0,289.56,199.84,1362943,1751039,2385919,3092479,3923967,593408,52133887,1915887.46,1185481.60,58450,10,10,10,0,0,0,0,0,0,2306047,3246079,3995647,2363975.68,200
1781848230,0,58650,0,289.12,200.08,1364991,1752063,2385919,3094527,3926015,593408,52133887,1917177.30,1184187.30,58650,10,10,10,0,0,0,0,0,0,2195455,3301375,4036607,2294133.76,200
1781848231,0,58850,0,288.68,199.98,1367039,1754111,2387967,3094527,3919871,593408,52133887,1918184.99,1182657.32,58850,10,10,10,0,0,0,0,0,0,2254847,3094527,3241983,2213688.32,200
1781848232,0,59050,0,288.25,200.07,1369087,1755135,2390015,3094527,3932159,593408,52133887,1919572.47,1181677.18,59050,10,10,10,0,0,0,0,0,0,2291711,3291135,4956159,2327838.72,200
1781848233,0,59250,0,287.82,199.85,1371135,1756159,2390015,3094527,3928063,593408,52133887,1920786.11,1180287.44,59250,10,10,10,0,0,0,0,0,0,2301951,3143679,3479551,2279114.24,200
1781848234,0,59450,0,287.40,200.01,1373183,1758207,2392063,3094527,3926015,593408,52133887,1921830.36,1178847.12,59450,10,10,10,0,0,0,0,0,0,2211839,3112959,3559423,2231188.48,200
1781848235,0,59650,0,286.98,200.05,1375231,1759231,2394111,3096575,3944447,593408,52133887,1923378.85,1177997.72,59650,10,10,10,0,0,0,0,0,0,2277375,4091903,4648959,2383667.20,200
1781848236,0,59850,0,286.56,200.07,1376255,1761279,2396159,3096575,3944447,593408,52133887,1924531.85,1176606.76,59850,10,10,10,0,0,0,0,0,0,2308095,3160063,3342335,2268413.44,200
1781848237,0,60050,0,286.15,199.98,1378303,1762303,2396159,3096575,3936255,593408,52133887,1925475.19,1175102.97,60050,10,10,10,0,0,0,0,0,0,2183167,3020799,3147775,2207769.60,200
1781848238,0,60250,0,285.74,199.95,1380351,1764351,2398207,3096575,3932159,593408,52133887,1926349.25,1173554.29,60250,10,10,10,0,0,0,0,0,0,2038783,3080191,3223551,2188787.20,200
1781848239,0,60450,0,285.33,200.05,1382399,1765375,2398207,3096575,3928063,593408,52133887,1927254.68,1172086.40,60450,10,10,10,0,0,0,0,0,0,2217983,3092479,3203071,2200015.36,200
1781848240,0,60650,0,284.93,200.07,1384447,1767423,2400255,3096575,3928063,593408,52133887,1928295.76,1170709.71,60650,10,10,10,0,0,0,0,0,0,2213887,3149823,3434495,2242961.92,200
1781848241,0,60850,0,284.54,199.82,1385471,1769471,2400255,3096575,3923967,593408,52133887,1929192.67,1169241.14,60850,10,10,10,0,0,0,0,0,0,2101247,3112959,3239935,2201180.16,200
1781848242,0,61050,0,284.14,200.05,1387519,1771519,2402303,3096575,3919871,593408,52133887,1930223.34,1167846.85,61050,10,10,10,0,0,0,0,0,0,2267135,3162111,3268607,2243804.16,200
1781848243,0,61250,0,283.75,200.13,1389567,1772543,2404351,3098623,3919871,593408,52133887,1931425.50,1166579.46,61250,10,10,10,0,0,0,0,0,0,2324479,3186687,3610623,2298385.92,200
1781848244,0,61450,0,283.37,199.83,1390591,1773567,2404351,3098623,3915775,593408,52133887,1932425.85,1165208.59,61450,10,10,10,0,0,0,0,0,0,2250751,3149823,3317759,2238784.00,200
1781848245,0,61650,0,282.98,200.04,1392639,1774591,2406399,3100671,3911679,593408,52133887,1933467.85,1163908.77,61650,10,10,10,0,0,0,0,0,0,2254847,3186687,3475455,2253621.76,200
1781848246,0,61850,0,282.61,200.12,1393663,1776639,2406399,3100671,3907583,593408,52133887,1934273.30,1162491.54,61850,10,10,10,0,0,0,0,0,0,2177023,3092479,3196927,2182553.60,200
1781848247,0,62050,0,282.23,199.94,1395711,1777663,2408447,3100671,3905535,593408,52133887,1935176.74,1161121.15,62050,10,10,10,0,0,0,0,0,0,2189311,3076095,3426303,2214566.40,200
1781848248,0,62250,0,281.86,200.09,1397759,1778687,2408447,3100671,3903487,593408,52133887,1936073.95,1159806.68,62250,10,10,10,0,0,0,0,0,0,2213887,3127295,3700735,2214430.72,200
1781848249,0,62450,0,281.49,199.81,1398783,1780735,2408447,3100671,3899391,593408,52133887,1936866.85,1158425.81,62450,10,10,10,0,0,0,0,0,0,2166783,3100671,3211263,2183656.96,200
1781848250,0,62650,0,281.12,200.05,1399807,1781759,2410495,3098623,3899391,593408,52133887,1937688.17,1157065.46,62650,10,10,10,0,0,0,0,0,0,2197503,3053567,3219455,2194147.84,200
1781848251,0,62850,0,280.76,200.05,1401855,1782783,2412543,3100671,3895295,593408,52133887,1938830.62,1155839.89,62850,10,10,10,0,0,0,0,0,0,2238463,3225599,3448831,2296701.44,200
1781848252,0,63050,0,280.40,200.09,1402879,1784831,2412543,3100671,3889151,593408,52133887,1939811.62,1154496.75,63050,10,10,10,0,0,0,0,0,0,2146303,3127295,3313663,2248092.16,200
1781848253,0,63250,0,280.04,199.81,1404927,1785855,2414591,3100671,3889151,593408,52133887,1940628.40,1153134.64,63250,10,10,10,0,0,0,0,0,0,2123775,3119103,3295231,2198115.84,200
1781848254,0,63450,0,279.69,200.15,1405951,1786879,2414591,3100671,3885055,593408,52133887,1941439.94,1151787.70,63450,10,10,10,0,0,0,0,0,0,2177023,3125247,3305471,2198090.24,200
1781848255,0,63650,0,279.34,199.98,1406975,1788927,2416639,3102719,3883007,593408,52133887,1942389.19,1150461.78,63650,10,10,10,0,0,0,0,0,0,2197503,3129343,3248127,2243540.48,200
1781848256,0,63850,0,279.00,199.93,1407999,1789951,2416639,3100671,3880959,593408,52133887,1943239.53,1149079.28,63850,10,10,10,0,0,0,0,0,0,2211839,3061759,3211263,2213859.84,200
1781848257,0,64050,0,278.65,200.07,1410047,1791999,2416639,3100671,3878911,593408,52133887,1944190.86,1147702.68,64050,10,10,10,0,0,0,0,0,0,2185215,3063807,3307519,2247902.72,200
1781848258,0,64250,0,278.31,200.05,1411071,1793023,2416639,3100671,3872767,593408,52133887,1944929.36,1146362.94,64250,10,10,10,0,0,0,0,0,0,2152447,3086335,3225599,2181432.32,200
1781848259,0,64450,0,277.97,199.97,1413119,1794047,2418687,3102719,3864575,593408,52133887,1945866.35,1145116.63,64450,10,10,10,0,0,0,0,0,0,2205695,3174399,3336191,2246876.16,200
1781848260,0,64650,0,277.64,200.04,1414143,1795071,2418687,3102719,3864575,593408,52133887,1946913.94,1143946.48,64650,10,10,10,0,0,0,0,0,0,2236415,3268607,3555327,2284497.92,200
1781848261,0,64850,0,277.31,199.98,1416191,1797119,2420735,3102719,3862527,593408,52133887,1947908.24,1142737.06,64850,10,10,10,0,0,0,0,0,0,2230271,3176447,3403775,2269317.12,200
1781848262,0,65050,0,276.98,200.02,1417215,1798143,2422783,3104767,3854335,593408,52133887,1949028.61,1141583.36,65050,10,10,10,0,0,0,0,0,0,2330623,3188735,3393535,2312307.20,200
1781848263,0,65250,0,276.65,199.84,1419263,1799167,2424831,3104767,3852287,593408,52133887,1950152.03,1140401.79,65250,10,10,10,0,0,0,0,0,0,2369535,3178495,3319807,2315545.60,200
1781848264,0,65450,0,276.33,200.08,1420287,1800191,2424831,3104767,3848191,593408,52133887,1950922.55,1139115.08,65450,10,10,10,0,0,0,0,0,0,2213887,3155967,3360767,2202304.00,200
1781848265,0,65650,0,276.01,200.06,1421311,1801215,2426879,3104767,3883007,593408,52133887,1952956.62,1141270.80,65650,10,10,10,0,0,0,0,0,0,2250751,5947391,8593407,2618606.08,200
1781848266,0,65850,0,275.69,200.04,1423359,1802239,2426879,3104767,3878911,593408,52133887,1953839.17,1140071.96,65850,10,10,10,0,0,0,0,0,0,2291711,3192831,3467263,2243537.92,200
1781848267,0,66050,0,275.37,199.91,1424383,1804287,2428927,3104767,3876863,593408,52133887,1954669.07,1138800.54,66050,10,10,10,0,0,0,0,0,0,2283519,3164159,3270655,2227914.24,200
1781848268,0,66950,0,277.97,899.62,1422335,1803263,2428927,3115007,4093951,553984,52133887,1996009.33,1549829.45,66950,10,10,10,0,0,0,0,0,0,1768447,29081599,36798463,5029924.41,900
1781848269,0,67950,0,280.95,1000.25,1416191,1796095,2422783,3112959,4083711,553984,52133887,1989324.29,1540866.66,67950,10,10,10,0,0,0,0,0,0,1443839,2633727,3248127,1541761.02,1000
1781848270,0,68950,0,283.91,1000.60,1410047,1789951,2418687,3112959,4063231,517120,52133887,1983599.30,1532138.99,68950,10,10,10,0,0,0,0,0,0,1461247,2877439,3381247,1594586.11,1000
1781848271,0,69950,0,286.85,999.58,1407999,1788927,2416639,3110911,4048895,505088,52133887,1980807.82,1523206.14,69950,10,10,10,0,0,0,0,0,0,1685503,2963455,3391487,1788335.49,1000
1781848272,0,70950,0,289.76,999.45,1406975,1786879,2414591,3110911,4061183,505088,52133887,1979682.55,1516517.40,70950,10,10,10,0,0,0,0,0,0,1678335,3342335,4616191,1900969.98,1000
1781848273,0,71950,0,292.65,1000.53,1403903,1783807,2410495,3110911,4052991,505088,52133887,1976364.88,1508120.98,71950,10,10,10,0,0,0,0,0,0,1598463,2990079,3649535,1740975.87,1000
1781848274,0,72950,0,295.52,1000.30,1399807,1778687,2406399,3108863,4028415,505088,52133887,1971039.92,1500113.16,72950,10,10,10,0,0,0,0,0,0,1486847,2875391,3221503,1587909.38,1000
1781848275,0,73950,0,298.36,999.86,1393663,1772543,2400255,3106815,4016127,505088,52133887,1965370.39,1492361.32,73950,10,10,10,0,0,0,0,0,0,1441791,2715647,3311615,1551778.05,1000
1781848276,0,74950,0,301.18,1000.07,1386495,1764351,2394111,3102719,3997695,505088,52133887,1958398.08,1485019.36,74950,10,10,10,0,0,0,0,0,0,1356799,2545663,3256319,1442795.90,1000
1781848277,0,75950,0,303.97,1000.16,1380351,1758207,2387967,3100671,3987455,505088,52133887,1952023.83,1477377.59,75950,10,10,10,0,0,0,0,0,0,1397759,2502655,3223551,1474274.05,1000
1781848278,0,76950,0,306.75,999.65,1376255,1755135,2383871,3098623,3981311,505088,52133887,1948229.98,1469845.20,76950,10,10,10,0,0,0,0,0,0,1550335,2758655,3770367,1660086.91,1000
1781848279,0,77950,0,309.50,999.57,1372159,1750015,2379775,3096575,3964927,505088,52133887,1943959.22,1462281.53,77950,10,10,10,0,0,0,0,0,0,1492991,2709503,3344383,1615324.42,1000
1781848280,0,78950,0,312.23,1000.28,1371135,1748991,2375679,3096575,3950591,505088,52133887,1941818.87,1454804.39,78950,10,10,10,0,0,0,0,0,0,1650687,3006463,3553279,1774977.92,1000
1781848281,0,79950,0,314.94,999.72,1369087,1746943,2373631,3096575,3964927,505088,52133887,1939540.24,1448214.45,79950,10,10,10,0,0,0,0,0,0,1600511,3155967,4415487,1759642.62,1000
1781848282,0,80950,0,317.63,1000.88,1368063,1744895,2367487,3094527,3958783,505088,52133887,1936591.16,1440791.95,80950,10,10,10,0,0,0,0,0,0,1615871,2674687,3235839,1700812.54,1000
1781848283,0,81950,0,320.30,999.86,1364991,1740799,2363391,3092479,3954687,505088,52133887,1932943.96,1433795.71,81950,10,10,10,0,0,0,0,0,0,1495039,2809855,3485695,1637703.17,1000
1781848284,0,82950,0,322.94,999.98,1361919,1736703,2361343,3092479,3944447,488704,52133887,1929321.23,1427190.88,82950,10,10,10,0,0,0,0,0,0,1542143,2865151,3473407,1632438.66,1000
1781848285,0,83950,0,325.57,999.17,1359871,1735679,2357247,3090431,3928063,488704,52133887,1926429.55,1420430.40,83950,10,10,10,0,0,0,0,0,0,1595391,2801663,3244031,1686564.35,1000
1781848286,0,84950,0,328.17,1000.76,1358847,1732607,2353151,3086335,3911679,488704,52133887,1923108.27,1413438.39,84950,10,10,10,0,0,0,0,0,0,1556479,2633727,3014655,1644286.98,1000
1781848287,0,85950,0,330.76,999.88,1354751,1728511,2347007,3086335,3903487,488704,52133887,1918935.43,1407269.43,85950,10,10,10,0,0,0,0,0,0,1451007,2990079,3268607,1564452.22,1000
1781848288,0,86950,0,333.32,1000.06,1351679,1724415,2342911,3084287,3903487,488704,52133887,1915107.54,1401196.52,86950,10,10,10,0,0,0,0,0,0,1523711,2764799,3952639,1586100.74,1000
1781848289,0,87950,0,335.87,1000.24,1350655,1723391,2340863,3084287,3907583,488704,52133887,1913280.13,1395284.43,87950,10,10,10,0,0,0,0,0,0,1613823,3090431,4300799,1754386.69,1000
1781848290,0,88950,0,338.40,999.33,1346559,1719295,2334719,3082239,3897343,488704,52133887,1908335.67,1389417.68,88950,10,10,10,0,0,0,0,0,0,1396735,2553855,3194879,1473470.46,1000
1781848291,0,89950,0,340.90,1000.26,1342463,1716223,2332671,3082239,3899391,488704,52133887,1905285.64,1384149.70,89950,10,10,10,0,0,0,0,0,0,1413119,2953215,3993599,1633985.02,1000
1781848292,0,90950,0,343.39,1000.28,1338367,1711103,2326527,3078143,3889151,488704,52133887,1900672.49,1378464.31,90950,10,10,10,0,0,0,0,0,0,1419263,2600959,3270655,1485720.06,1000
1781848293,0,91950,0,345.86,999.87,1336319,1710079,2324479,3078143,3885055,488704,52133887,1898226.83,1372704.52,91950,10,10,10,0,0,0,0,0,0,1595391,2848767,3385343,1675793.92,1000
1781848294,0,92950,0,348.31,1000.17,1333247,1707007,2320383,3076095,3887103,488704,52133887,1894770.84,1367664.81,92950,10,10,10,0,0,0,0,0,0,1413119,2752511,4102143,1576993.02,1000
1781848295,0,93950,0,350.75,999.27,1330175,1703935,2316287,3074047,3878911,488704,52133887,1890818.88,1362190.48,93950,10,10,10,0,0,0,0,0,0,1429503,2674687,3082239,1523483.90,1000
1781848296,0,94950,0,353.16,1000.21,1328127,1701887,2312191,3074047,3864575,488704,52133887,1888923.02,1356661.16,94950,10,10,10,0,0,0,0,0,0,1541119,3055615,3563519,1710806.53,1000
1781848297,0,95950,0,355.56,999.84,1328127,1700863,2310143,3071999,3856383,488704,52133887,1887402.50,1351041.87,95950,10,10,10,0,0,0,0,0,0,1626111,2838527,3346431,1743030.02,1000
1781848298,0,96950,0,357.94,1000.37,1326079,1698815,2308095,3074047,3895295,488704,52133887,1893009.70,1417847.97,96950,10,10,10,0,0,0,0,0,0,1490943,3911679,26411007,2431020.03,1000
1781848299,0,97950,0,360.30,1000.36,1324031,1696767,2303999,3071999,3893247,488704,52133887,1889590.33,1412082.39,97950,10,10,10,0,0,0,0,0,0,1466367,2596863,3600383,1558082.30,1000
1781848300,0,98950,0,362.64,999.99,1321983,1694719,2299903,3069951,3889151,488704,52133887,1887589.99,1406497.00,98950,10,10,10,0,0,0,0,0,0,1535999,2955263,3497983,1691657.22,1000
1781848301,0,99950,0,364.97,999.21,1323007,1694719,2299903,3069951,3889151,488704,52133887,1887125.95,1401135.63,99950,10,10,10,0,0,0,0,0,0,1714175,3108863,4202495,1841208.32,1000
1781848302,0,100950,0,367.28,1000.66,1319935,1692671,2295807,3069951,3903487,488704,52133887,1884527.55,1396704.31,100950,10,10,10,0,0,0,0,0,0,1449983,2914303,5156863,1624817.66,1000
1781848303,0,101950,0,369.58,999.26,1317887,1689599,2291711,3067903,3899391,488704,52133887,1881506.38,1391526.02,101950,10,10,10,0,0,0,0,0,0,1462271,2680831,3631103,1576519.55,1000
1781848304,0,102950,0,371.85,1000.52,1315839,1688575,2289663,3067903,3893247,488704,52133887,1879368.21,1386445.36,102950,10,10,10,0,0,0,0,0,0,1549311,3051519,3565567,1661381.63,1000
1781848305,0,103950,0,374.11,999.71,1315839,1686527,2285567,3067903,3893247,488704,52133887,1877868.59,1381292.03,103950,10,10,10,0,0,0,0,0,0,1605631,2940927,3643391,1723482.88,1000
1781848306,0,104950,0,376.36,1000.38,1315839,1685503,2283519,3067903,3919871,488704,52133887,1876916.27,1377230.24,104950,10,10,10,0,0,0,0,0,0,1569791,3225599,5672959,1777922.30,1000
1781848307,0,105950,0,378.59,1000.29,1315839,1685503,2283519,3067903,3911679,488704,52133887,1876096.13,1372178.96,105950,10,10,10,0,0,0,0,0,0,1646591,3059711,3477503,1790022.66,1000
1781848308,0,106950,0,380.80,999.70,1315839,1684479,2281471,3067903,3903487,488704,52133887,1874701.75,1367062.38,106950,10,10,10,0,0,0,0,0,0,1591295,2951167,3491839,1726966.78,1000
1781848309,0,107950,0,383.00,1000.31,1314815,1682431,2279423,3065855,3895295,488704,52133887,1872842.73,1362035.03,107950,10,10,10,0,0,0,0,0,0,1563647,2859007,3688447,1674021.12,1000
1781848310,0,108950,0,385.18,999.58,1312767,1680383,2275327,3063807,3889151,488704,52133887,1870219.04,1357201.92,108950,10,10,10,0,0,0,0,0,0,1471487,2748415,3137535,1586991.62,1000
1781848311,0,109950,0,387.34,1000.37,1310719,1677311,2273279,3061759,3887103,488704,52133887,1867428.68,1352720.87,109950,10,10,10,0,0,0,0,0,0,1423359,2877439,3635199,1563419.39,1000
1781848312,0,110950,0,389.49,999.82,1308671,1676287,2269183,3059711,3883007,488704,52133887,1864849.74,1347928.75,110950,10,10,10,0,0,0,0,0,0,1474559,2658303,3362815,1581294.72,1000
1781848313,0,111950,0,391.63,999.42,1306623,1673215,2265087,3059711,3868671,488704,52133887,1862187.74,1343180.67,111950,10,10,10,0,0,0,0,0,0,1441791,2613247,3342335,1566839.17,1000
1781848314,0,112950,0,393.75,1000.49,1307647,1673215,2263039,3057663,3858431,488704,52133887,1861100.65,1338220.77,112950,10,10,10,0,0,0,0,0,0,1644543,2727935,3196927,1739400.96,1000
1781848315,0,113950,0,395.86,1000.06,1306623,1671167,2260991,3055615,3852287,488704,52133887,1859010.12,1333691.15,113950,10,10,10,0,0,0,0,0,0,1519615,2865151,3473407,1622884.35,1000
1781848316,0,114950,0,397.95,1000.28,1306623,1670143,2258943,3055615,3856383,488704,52133887,1857773.62,1329498.81,114950,10,10,10,0,0,0,0,0,0,1571839,2772991,4534271,1716874.11,1000
1781848317,0,115950,0,400.03,999.68,1303551,1667071,2254847,3053567,3856383,488704,52133887,1854801.06,1325373.77,115950,10,10,10,0,0,0,0,0,0,1398783,2648063,3889151,1513106.18,1000
1781848318,0,116950,0,402.09,999.54,1302527,1666047,2252799,3053567,3848191,488704,52133887,1853163.45,1321082.02,116950,10,10,10,0,0,0,0,0,0,1527807,2961407,3368959,1663282.18,1000
1781848319,0,117950,0,404.14,1000.06,1302527,1665023,2250751,3051519,3842047,488704,52133887,1851871.05,1316570.31,117950,10,10,10,0,0,0,0,0,0,1582079,2772991,3192831,1700724.48,1000
1781848320,0,118950,0,406.17,1000.38,1302527,1663999,2248703,3051519,3848191,488704,52133887,1850689.31,1312639.98,118950,10,10,10,0,0,0,0,0,0,1562623,2926591,4448255,1711303.68,1000
1781848321,0,119950,0,408.19,1000.30,1302527,1662975,2248703,3049471,3839999,488704,52133887,1849518.39,1308320.50,119950,10,10,10,0,0,0,0,0,0,1598463,2813951,3266559,1710237.06,1000
1781848322,0,120950,0,410.20,999.90,1300479,1661951,2244607,3049471,3829759,488704,52133887,1847082.99,1304317.70,120950,10,10,10,0,0,0,0,0,0,1424383,2646015,3330047,1554956.67,1000
1781848323,0,121950,0,412.19,999.31,1299455,1660927,2242559,3049471,3833855,488704,52133887,1846164.30,1300668.02,121950,10,10,10,0,0,0,0,0,0,1533951,3121151,3952639,1735048.45,1000
1781848324,0,122950,0,414.17,1000.13,1297407,1658879,2240511,3049471,3842047,488704,52133887,1844636.23,1296910.54,122950,10,10,10,0,0,0,0,0,0,1491967,2934783,3997695,1658288.64,1000
1781848325,0,123950,0,416.14,1000.71,1298431,1658879,2240511,3049471,3839999,488704,52133887,1844563.61,1292983.88,123950,10,10,10,0,0,0,0,0,0,1704959,3153919,3743743,1835634.69,1000
1781848326,0,124950,0,418.09,999.47,1298431,1658879,2238463,3049471,3833855,488704,52133887,1843776.24,1288949.25,124950,10,10,10,0,0,0,0,0,0,1629183,2949119,3438591,1746181.63,1000
1781848327,0,125950,0,420.03,1000.12,1297407,1657855,2236415,3047423,3827711,488704,52133887,1842034.79,1284795.28,125950,10,10,10,0,0,0,0,0,0,1534975,2660351,3053567,1624440.83,1000
1781848328,0,126290,0,419.77,340.04,1298431,1657855,2236415,3047423,3825663,488704,52133887,1842430.86,1283500.71,126290,10,10,10,0,0,0,0,0,0,1898495,3088383,3540991,1989153.13,340
1781848329,0,126490,0,419.04,199.92,1299455,1658879,2238463,3047423,3825663,488704,52133887,1843044.71,1282793.45,126490,10,10,10,0,0,0,0,0,0,2226175,3153919,3983359,2230656.00,200
1781848330,0,126690,0,418.32,200.04,1300479,1659903,2238463,3047423,3825663,488704,52133887,1843631.31,1282048.75,126690,10,10,10,0,0,0,0,0,0,2209791,3123199,3244031,2214630.40,200
1781848331,0,126890,0,417.60,199.91,1300479,1659903,2240511,3047423,3825663,488704,52133887,1844246.87,1281338.57,126890,10,10,10,0,0,0,0,0,0,2185215,3139583,3852287,2234170.88,200
1781848332,0,127090,0,416.88,200.00,1301503,1660927,2240511,3049471,3825663,488704,52133887,1844885.09,1280606.52,127090,10,10,10,0,0,0,0,0,0,2285567,3110911,3440639,2249807.36,200
1781848333,0,127290,0,416.18,200.12,1302527,1661951,2242559,3049471,3823615,488704,52133887,1845443.18,1279825.94,127290,10,10,10,0,0,0,0,0,0,2242559,3067903,3241983,2200081.92,200
1781848334,0,127490,0,415.47,199.98,1302527,1662975,2244607,3049471,3825663,488704,52133887,1846211.66,1279203.44,127490,10,10,10,0,0,0,0,0,0,2228223,3366911,4130815,2335306.24,200
1781848335,0,127689,0,414.77,199.07,1303551,1662975,2244607,3049471,3825663,488704,52133887,1846725.82,1278449.69,127689,10,10,10,0,0,0,0,0,0,2127871,3176447,3688447,2176123.50,199
1781848336,0,127890,0,414.07,200.83,1304575,1663999,2246655,3049471,3827711,488704,52133887,1847591.73,1278494.41,127890,10,10,10,0,0,0,0,0,0,2154495,3248127,7413759,2397680.72,201
1781848337,0,128090,0,413.38,200.11,1304575,1663999,2246655,3049471,3827711,488704,52133887,1848012.75,1277667.38,128090,10,10,10,0,0,0,0,0,0,2136063,2879487,3006463,2117232.64,200
1781848338,0,128290,0,412.70,200.05,1305599,1665023,2248703,3049471,3827711,488704,52133887,1848419.66,1276875.69,128290,10,10,10,0,0,0,0,0,0,2129919,2971647,3088383,2109022.72,200
1781848339,0,128490,0,412.02,199.89,1306623,1665023,2248703,3049471,3829759,488704,52133887,1849032.17,1276309.17,128490,10,10,10,0,0,0,0,0,0,2177023,3325951,4997119,2241930.24,200
1781848340,0,128690,0,411.34,200.04,1306623,1666047,2248703,3049471,3829759,488704,52133887,1849560.90,1275548.87,128690,10,10,10,0,0,0,0,0,0,2183167,3100671,3278847,2189245.44,200
1781848341,0,128890,0,410.66,199.93,1307647,1667071,2250751,3051519,3827711,488704,52133887,1850310.89,1274882.32,128890,10,10,10,0,0,0,0,0,0,2287615,3268607,3672063,2332889.60,200
1781848342,0,129090,0,410.00,200.18,1308671,1668095,2250751,3051519,3827711,488704,52133887,1850858.56,1274140.89,129090,10,10,10,0,0,0,0,0,0,2195455,3061759,3176447,2203801.60,200
1781848343,0,129290,0,409.33,199.84,1308671,1668095,2252799,3051519,3827711,488704,52133887,1851589.42,1273521.99,129290,10,10,10,0,0,0,0,0,0,2244607,3305471,3786751,2323328.00,200
1781848344,0,129490,0,408.67,200.10,1309695,1669119,2252799,3051519,3827711,488704,52133887,1852145.09,1272790.69,129490,10,10,10,0,0,0,0,0,0,2168831,3080191,3721215,2211356.16,200
1781848345,0,129690,0,408.01,200.01,1310719,1670143,2254847,3051519,3825663,488704,52133887,1852676.10,1272045.65,129690,10,10,10,0,0,0,0,0,0,2217983,3153919,3192831,2196474.88,200
1781848346,0,129890,0,407.36,199.88,1310719,1670143,2254847,3053567,3829759,488704,52133887,1853514.54,1271928.00,129890,10,10,10,0,0,0,0,0,0,2265087,3381247,6987775,2397201.92,200
1781848347,0,130090,0,406.71,200.04,1311743,1671167,2256895,3053567,3829759,488704,52133887,1854132.88,1271222.75,130090,10,10,10,0,0,0,0,0,0,2244607,3080191,3227647,2255715.84,200
1781848348,0,130290,0,406.07,200.03,1311743,1671167,2258943,3053567,3827711,488704,52133887,1854816.62,1270555.01,130290,10,10,10,0,0,0,0,0,0,2295807,3241983,3418111,2299555.84,200
1781848349,0,130490,0,405.43,199.98,1312767,1672191,2258943,3053567,3827711,488704,52133887,1855491.35,1269891.94,130490,10,10,10,0,0,0,0,0,0,2312191,3246079,3602431,2295045.12,200
1781848350,0,130690,0,404.79,199.93,1313791,1673215,2260991,3055615,3827711,488704,52133887,1856116.02,1269182.19,130690,10,10,10,0,0,0,0,0,0,2236415,3155967,3270655,2263682.56,200
1781848351,0,130890,0,404.16,200.09,1313791,1674239,2260991,3055615,3825663,488704,52133887,1856849.72,1268540.77,130890,10,10,10,0,0,0,0,0,0,2426879,3229695,3471359,2336286.72,200
1781848352,0,131090,0,403.53,200.12,1314815,1674239,2263039,3055615,3825663,488704,52133887,1857440.05,1267850.55,131090,10,10,10,0,0,0,0,0,0,2236415,3188735,3309567,2243778.56,200
1781848353,0,131290,0,402.91,199.83,1315839,1675263,2263039,3055615,3823615,488704,52133887,1858108.69,1267185.99,131290,10,10,10,0,0,0,0,0,0,2271231,3239935,3448831,2296366.08,200
1781848354,0,131490,0,402.29,200.10,1315839,1676287,2265087,3057663,3825663,488704,52133887,1858815.81,1266598.75,131490,10,10,10,0,0,0,0,0,0,2312191,3278847,4423679,2323005.44,200
1781848355,0,131690,0,401.67,200.07,1316863,1677311,2267135,3057663,3825663,488704,52133887,1859395.75,1265901.27,131690,10,10,10,0,0,0,0,0,0,2193407,3170303,3461119,2240675.84,200
1781848356,0,131890,0,401.06,200.00,1317887,1678335,2267135,3057663,3825663,488704,52133887,1860010.16,1265196.02,131890,10,10,10,0,0,0,0,0,0,2254847,3170303,3278847,2264573.44,200
1781848357,0,132090,0,400.45,199.91,1317887,1679359,2267135,3057663,3823615,488704,52133887,1860630.38,1264493.50,132090,10,10,10,0,0,0,0,0,0,2242559,3133439,3237887,2269629.44,200
1781848358,0,132290,0,399.84,199.97,1318911,1679359,2269183,3059711,3819519,488704,52133887,1861305.43,1263815.78,132290,10,10,10,0,0,0,0,0,0,2267135,3196927,3379199,2307146.24,200
1781848359,0,132490,0,399.24,199.94,1319935,1680383,2269183,3059711,3817471,488704,52133887,1861881.19,1263102.08,132490,10,10,10,0,0,0,0,0,0,2211839,3153919,3342335,2242716.16,200
1781848360,0,132690,0,398.64,200.09,1319935,1681407,2271231,3059711,3817471,488704,52133887,1862425.53,1262393.91,132690,10,10,10,0,0,0,0,0,0,2228223,3096575,3221503,2223027.20,200
1781848361,0,132890,0,398.04,199.97,1320959,1681407,2271231,3059711,3815423,488704,52133887,1863054.32,1261735.03,132890,10,10,10,0,0,0,0,0,0,2277375,3168255,3368959,2280220.16,200
1781848362,0,133088,0,397.45,198.11,1321983,1682431,2273279,3059711,3815423,488704,52133887,1863705.46,1261059.45,133088,10,10,10,0,0,0,0,0,0,2254847,3176447,3430399,2300726.30,198
1781848363,0,133288,0,396.86,200.00,1321983,1683455,2273279,3061759,3815423,488704,52133887,1864474.91,1260495.36,133288,10,10,10,0,0,0,0,0,0,2351103,3309567,3919871,2376501.76,200
1781848364,0,133490,0,396.28,201.89,1323007,1684479,2275327,3061759,3815423,488704,52133887,1865138.93,1259839.34,133490,10,10,10,0,0,0,0,0,0,2283519,3227647,3377151,2303282.69,202
1781848365,0,133690,0,395.70,200.07,1324031,1685503,2277375,3061759,3815423,488704,52133887,1865895.23,1259239.55,133690,10,10,10,0,0,0,0,0,0,2379775,3334143,3569663,2370690.56,200
1781848366,0,133889,0,395.12,199.04,1324031,1685503,2277375,3061759,3813375,488704,52133887,1866595.72,1258600.93,133889,10,10,10,0,0,0,0,0,0,2410495,3225599,3407871,2337189.95,199
1781848367,0,134090,0,394.55,200.95,1325055,1686527,2279423,3063807,3813375,488704,52133887,1867277.42,1257955.73,134090,10,10,10,0,0,0,0,0,0,2381823,3192831,3399679,2321364.70,201
1781848368,0,134290,0,393.98,199.93,1325055,1687551,2279423,3063807,3815423,488704,52133887,1867965.69,1257431.61,134290,10,10,10,0,0,0,0,0,0,2250751,3440639,4841471,2329420.80,200
1781848369,0,134489,0,393.41,199.10,1326079,1688575,2281471,3063807,3815423,488704,52133887,1868617.40,1256774.40,134489,10,10,10,0,0,0,0,0,0,2295807,3215359,3487743,2308404.74,199
1781848370,0,134690,0,392.85,200.84,1327103,1689599,2283519,3065855,3813375,488704,52133887,1869308.29,1256125.64,134690,10,10,10,0,0,0,0,0,0,2316287,3244031,3403775,2331584.32,201
1781848371,0,134890,0,392.29,200.10,1327103,1690623,2283519,3065855,3813375,488704,52133887,1870049.83,1255505.75,134890,10,10,10,0,0,0,0,0,0,2340863,3289087,3444735,2369436.16,200
1781848372,0,135090,0,391.73,199.92,1328127,1690623,2285567,3065855,3811327,488704,52133887,1870683.72,1254863.00,135090,10,10,10,0,0,0,0,0,0,2340863,3164159,3252223,2298214.40,200
1781848373,0,135290,0,391.17,200.01,1328127,1691647,2285567,3065855,3811327,488704,52133887,1871244.19,1254186.57,135290,10,10,10,0,0,0,0,0,0,2260991,3160063,3385343,2249812.48,200
1781848374,0,135490,0,390.62,200.10,1329151,1692671,2287615,3067903,3811327,488704,52133887,1871855.54,1253542.75,135490,10,10,10,0,0,0,0,0,0,2308095,3196927,3467263,2285404.16,200
1781848375,0,135690,0,390.07,200.06,1330175,1693695,2287615,3067903,3809279,488704,52133887,1872459.92,1252884.28,135690,10,10,10,0,0,0,0,0,0,2232319,3172351,3356671,2281899.52,200
1781848376,0,135890,0,389.53,199.95,1330175,1693695,2287615,3067903,3807231,488704,52133887,1873042.16,1252217.42,135890,10,10,10,0,0,0,0,0,0,2197503,3166207,3475455,2268060.16,200
1781848377,0,136090,0,388.99,200.00,1331199,1694719,2289663,3067903,3807231,488704,52133887,1873622.98,1251570.11,136090,10,10,10,0,0,0,0,0,0,2215935,3117055,3579903,2268262.40,200
1781848378,0,136289,0,388.45,199.05,1331199,1694719,2289663,3067903,3811327,488704,52133887,1874226.86,1251025.40,136289,10,10,10,0,0,0,0,0,0,2222079,3469311,4661247,2287199.20,199
1781848379,0,136490,0,387.91,200.87,1332223,1695743,2291711,3067903,3809279,488704,52133887,1874697.04,1250308.97,136490,10,10,10,0,0,0,0,0,0,2228223,3078143,3168255,2193504.80,201
1781848380,0,136690,0,387.38,199.99,1333247,1696767,2291711,3067903,3811327,488704,52133887,1875300.17,1249680.05,136690,10,10,10,0,0,0,0,0,0,2242559,3254271,3938303,2286909.44,200
1781848381,0,136890,0,386.85,200.05,1333247,1696767,2293759,3067903,3809279,488704,52133887,1875773.72,1248960.86,136890,10,10,10,0,0,0,0,0,0,2045951,3008511,3256319,2199418.88,200
1781848382,0,137090,0,386.32,199.90,1334271,1697791,2293759,3067903,3807231,488704,52133887,1876286.78,1248258.51,137090,10,10,10,0,0,0,0,0,0,2242559,3104767,3258367,2227448.32,200
1781848383,0,137290,0,385.80,200.05,1335295,1698815,2295807,3067903,3805183,488704,52133887,1876791.12,1247583.56,137290,10,10,10,0,0,0,0,0,0,2250751,3110911,3287039,2222492.16,200
1781848384,0,137490,0,385.28,200.10,1335295,1698815,2295807,3069951,3805183,488704,52133887,1877277.76,1246926.39,137490,10,10,10,0,0,0,0,0,0,2201599,3170303,3485695,2211330.56,200
1781848385,0,137689,0,384.76,199.00,1336319,1699839,2295807,3069951,3805183,488704,52133887,1877808.83,1246271.40,137689,10,10,10,0,0,0,0,0,0,2185215,3178495,3696639,2244728.92,199
1781848386,0,137880,0,384.22,190.98,1336319,1700863,2297855,3069951,3801087,488704,52133887,1878274.51,1245617.13,137880,10,10,10,0,0,0,0,0,0,2166783,3100671,3237887,2213976.46,191
1781848387,0,138090,0,383.74,209.96,1337343,1700863,2297855,3069951,3807231,488704,52133887,1878870.64,1245029.60,138090,10,10,10,0,0,0,0,0,0,2199551,3215359,4362239,2270271.39,210
1781848388,0,138890,0,384.89,800.08,1340415,1705983,2310143,3102719,4923391,488704,468713471,2618845.43,12071208.44,138890,10,10,10,0,0,0,0,0,0,105381887,372768767,456916991,130347745.28,800
1781848389,0,139530,0,385.59,640.06,1341439,1709055,2320383,3133439,46563327,488704,1160773631,6766373.53,63537779.44,139530,10,10,10,0,0,0,0,0,0,950009855,1140850687,1160773631,906844774.40,640
1781848390,0,140777,0,387.97,1247.27,1346559,1716223,2338815,3194879,1060110335,488704,1592786943,19597556.44,150257575.14,140777,10,10,10,0,0,0,0,0,0,1522532351,1584398335,1589641215,1455311230.67,1247
1781848391,0,142916,0,392.78,2137.34,1352703,1729535,2371583,3432447,1528823807,488704,1598029823,41752618.64,233652985.26,142916,10,10,10,0,0,0,0,0,0,1506803711,1584398335,1594884095,1499874727.67,2139
1781848392,0,144540,0,396.16,1624.12,1357823,1739775,2398207,4431871,1549795327,488704,1652555775,58344305.59,279729471.32,144540,10,10,10,0,0,0,0,0,0,1500512255,1634729983,1648361471,1518453623.80,1624
1781848393,0,145885,0,398.75,1345.86,1361919,1748991,2418687,123994111,1627389951,488704,1981808639,74591226.33,325540090.35,145885,10,10,10,0,0,0,0,0,0,1816133631,1972371455,1979711487,1820561429.32,1345
1781848394,0,147680,0,402.55,1794.27,1368063,1761279,2447359,1436549119,2003828735,488704,2101346303,98521166.71,388897421.43,147680,10,10,10,0,0,0,0,0,0,2053111807,2082471935,2091909119,2043378744.48,1795
1781848395,0,148920,0,404.83,1239.64,1372159,1769471,2465791,1472200703,2077229055,488704,2464153599,116509601.27,434316768.10,148920,10,10,10,0,0,0,0,0,0,2237661183,2443182079,2462056447,2258874130.17,1240
1781848396,0,150540,0,408.13,1621.29,1378303,1780735,2492415,1546649599,2499805183,488704,2667577343,143366563.77,502933479.37,150540,10,10,10,0,0,0,0,0,0,2646605823,2663383039,2667577343,2612217709.35,1620
1781848397,0,152040,0,411.08,1499.11,1382399,1790975,2516991,1630535679,2657091583,488704,2900361215,168768520.72,561485492.69,152040,10,10,10,0,0,0,0,0,0,2669674495,2879389695,2898264063,2718108920.49,1500
1781848398,0,153341,0,413.48,1301.41,1386495,1799167,2541567,1939865599,2826960895,488704,3252682751,193574524.15,620154740.86,153341,10,10,10,0,0,0,0,0,0,3103784959,3238002687,3246391295,3092502088.81,1301
1781848399,0,154861,0,416.45,1519.70,1390591,1810431,2568191,2064646143,3246391295,488704,3491758079,224721710.97,691906908.96,154861,10,10,10,0,0,0,0,0,0,3363831807,3477078015,3485466623,3366919588.38,1520
1781848400,0,156310,0,419.22,1448.89,1394687,1820671,2592767,2321547263,3470786559,488704,3768582143,256243242.44,761932949.04,156310,10,10,10,0,0,0,0,0,0,3621781503,3749707775,3764387839,3625087883.40,1449
1781848401,0,157720,0,421.87,1409.78,1398783,1830911,2619391,2648702975,3728736255,488704,4064280575,289010010.07,833331613.56,157720,10,10,10,0,0,0,0,0,0,3925868543,4055891967,4062183423,3921473448.85,1410
1781848402,0,159201,0,424.70,1481.82,1403903,1843199,2648063,2667577343,4047503359,488704,4328521727,325416364.29,910601565.83,159201,10,10,10,0,0,0,0,0,0,4202692607,4311744511,4320133119,4202533303.75,1481
1781848403,0,160680,0,427.50,1478.28,1407999,1854463,2678783,3093299199,4307550207,488704,4584374271,363382146.14,988315454.55,160680,10,10,10,0,0,0,0,0,0,4454350847,4571791359,4584374271,4450055869.36,1479
1781848404,0,162179,0,430.35,1499.51,1412095,1866751,2711551,3359637503,4563402751,488704,4840226815,403631899.50,1068384237.98,162179,10,10,10,0,0,0,0,0,0,4726980607,4827643903,4836032511,4718061766.11,1499
1781848405,0,163680,0,433.18,1500.64,1416191,1878015,2746367,3609198591,4819255295,488704,5083496447,445315671.93,1148373978.53,163680,10,10,10,0,0,0,0,0,0,4953473023,5070913535,5079302143,4949134811.50,1501
1781848406,0,165169,0,435.97,1489.50,1420287,1890303,2779135,3900702719,5049942015,488704,5343543295,488291615.81,1228799321.42,165169,10,10,10,0,0,0,0,0,0,5217714175,5326766079,5339348991,5212470591.79,1489
1781848407,0,166609,0,438.61,1439.42,1424383,1902591,2815999,4160749567,5297405951,488704,5620367359,531354856.58,1307542049.56,166609,10,10,10,0,0,0,0,0,0,5456789503,5607784447,5616173055,5470738477.51,1440
1781848408,0,168207,0,441.65,1598.94,1429503,1916927,2859007,4429185023,5603590143,488704,5821693951,580724487.43,1395558025.66,168207,10,10,10,0,0,0,0,0,0,5729419263,5813305343,5821693951,5728049159.69,1598
1781848409,0,169718,0,444.46,1511.05,1433599,1930239,2899967,4689231871,5809111039,488704,6064963583,628238223.60,1477027067.67,169718,10,10,10,0,0,0,0,0,0,5905580031,6048186367,6064963583,5917545318.16,1511
1781848410,0,171177,0,447.11,1459.04,1436671,1942527,2945023,4898947071,6010437631,488704,6337593343,675972634.38,1558243466.35,171177,10,10,10,0,0,0,0,0,0,6249512959,6329204735,6337593343,6228672242.49,1459
1781848411,0,172770,0,450.09,1591.95,1440767,1956863,2998271,5163188223,6320816127,488704,6538919935,729010577.22,1645613319.01,172770,10,10,10,0,0,0,0,0,0,6429868031,6526337023,6534725631,6428242179.70,1593
1781848412,0,174260,0,452.79,1489.87,1444863,1971199,3047423,5402263551,6505365503,488704,6794772479,779693168.98,1727073627.12,174260,10,10,10,0,0,0,0,0,0,6656360447,6782189567,6790578175,6656492751.55,1490
1781848413,0,175800,0,455.61,1539.71,1449983,1986559,3098623,5674893311,6757023743,488704,7025459199,833230650.46,1811360381.48,175800,10,10,10,0,0,0,0,0,0,6882852863,7008681983,7021264895,6891309561.35,1540
1781848414,0,177360,0,458.46,1560.72,1454079,2000895,3155967,5838471167,6979321855,488704,7243563007,888709071.73,1897117862.20,177360,10,10,10,0,0,0,0,0,0,7147094015,7239368703,7243563007,7140700391.06,1560
1781848415,0,178883,0,461.21,1523.69,1457151,2016255,3225599,6127878143,7218397183,488704,7482638335,943837617.01,1980500710.21,178883,10,10,10,0,0,0,0,0,0,7373586431,7470055423,7478444031,7363797427.69,1523
1781848416,0,180380,0,463.87,1496.49,1461247,2030591,3338239,6354370559,7440695295,488704,7734296575,998941836.76,2062210386.66,180380,10,10,10,0,0,0,0,0,0,7579107327,7713325055,7730102271,7583583213.53,1497
1781848417,0,182240,0,467.45,1858.80,1466367,2047999,3776511,6601834495,7746879487,488704,7830765567,1068290287.27,2162337308.98,182240,10,10,10,0,0,0,0,0,0,7801405439,7826571263,7830765567,7793598622.55,1860
1781848418,0,184107,0,471.03,1868.58,1470463,2066431,31440895,6866075647,7788822527,488704,7872708607,1136332755.74,2253933300.51,184107,10,10,10,0,0,0,0,0,0,7772045311,7843348479,7868514303,7778035730.65,1867
1781848419,0,185360,0,473.03,1253.00,1473535,2077695,730333183,7063207935,7818182655,488704,8246001663,1183069606.90,2316661857.43,185360,10,10,10,0,0,0,0,0,0,8044675071,8233418751,8241807359,8050253529.79,1253
1781848420,0,187763,0,477.94,2403.37,1479679,2103295,1453326335,7415529471,8128561151,488704,8250195967,1272156050.29,2431145606.10,187763,10,10,10,0,0,0,0,0,0,8145338367,8241807359,8246001663,8144009211.74,2403
1781848421,0,189599,0,481.39,1835.81,1484799,2119679,1517289471,7662993407,8128561151,488704,8250195967,1337921952.31,2509098893.08,189599,10,10,10,0,0,0,0,0,0,8040480767,8128561151,8128561151,8063631681.25,1836
1781848422,0,191509,0,485.01,1909.66,1488895,2140159,1569718271,7780433919,8145338367,488704,8250195967,1405561349.79,2585913101.05,191509,10,10,10,0,0,0,0,0,0,8115978239,8170504191,8178892799,8119887067.81,1910
1781848423,0,193160,0,487.95,1650.08,1492991,2156543,1746927615,7818182655,8187281407,488704,8346664959,1463905705.45,2650412527.63,193160,10,10,10,0,0,0,0,0,0,8208252927,8342470655,8346664959,8231603591.37,1651
1781848424,0,194820,0,490.91,1660.51,1497087,2172927,1994391551,8019509247,8321499135,488704,8518631423,1523247678.47,2715624869.50,194820,10,10,10,0,0,0,0,0,0,8426356735,8506048511,8514437119,8428365453.88,1660
1781848425,0,196563,0,494.05,1743.26,1502207,2191359,2077229055,8099201023,8497659903,488704,8657043455,1585824822.28,2783331622.41,196563,10,10,10,0,0,0,0,0,0,8573157375,8648654847,8657043455,8580247747.05,1743
1781848426,0,198407,0,497.44,1844.71,1506303,2209791,2430599167,8120172543,8640266239,488704,8724152319,1651582124.88,2852343525.90,198407,10,10,10,0,0,0,0,0,0,8657043455,8715763711,8724152319,8661046696.26,1844
1781848427,0,199820,0,499.73,1412.31,1509375,2224127,2650800127,8153726975,8665432063,488704,9017753599,1702415380.92,2905379298.58,199820,10,10,10,0,0,0,0,0,0,8816427007,9000976383,9009364991,8840188793.93,1413
1781848428,0,201445,0,502.54,1625.77,1513471,2240511,2663383039,8191475711,8925478911,488704,9235857407,1762540266.72,2969459268.87,201445,10,10,10,0,0,0,0,0,0,9177137151,9227468799,9235857407,9155866223.22,1625
1781848429,0,203390,0,506.13,1944.87,1518591,2260991,3057647615,8350859263,9160359935,488704,9235857407,1833311316.28,3041727684.59,203390,10,10,10,0,0,0,0,0,0,9160359935,9202302975,9219080191,9163118041.30,1945
1781848430,0,204680,0,508.07,1289.21,1520639,2273279,3277848575,8485076991,9193914367,488704,9588178943,1881283900.50,3091395047.20,204680,10,10,10,0,0,0,0,0,0,9479127039,9579790335,9588178943,9444961345.09,1290
1781848431,0,206282,0,510.78,1603.14,1524735,2287615,3464495103,8606711807,9529458687,488704,9789505535,1941633227.22,3154022044.11,206282,10,10,10,0,0,0,0,0,0,9638510591,9764339711,9781116927,9652182661.59,1602
1781848432,0,207774,0,513.20,1491.75,1528831,2303999,3665821695,8657043455,9663676415,488704,10049552383,1998985565.66,3214223663.69,207774,10,10,10,0,0,0,0,0,0,9940500479,10041163775,10041163775,9928446072.79,1492
1781848433,0,210032,0,517.50,2257.84,1533951,2328575,4030726143,8950644735,9948889087,488704,10049552383,2084618882.58,3300751860.28,210032,10,10,10,0,0,0,0,0,0,9974054911,10041163775,10041163775,9964325166.94,2258
1781848434,0,211341,0,519.45,1309.15,1537023,2340863,4223664127,9151971327,9982443519,488704,10259267583,2133750284.58,3348862747.20,211341,10,10,10,0,0,0,0,0,0,9974054911,10234101759,10250878975,10016994459.67,1309
1781848435,0,213230,0,522.81,1887.87,1541119,2361343,4450156543,9193914367,10158604287,488704,10351542271,2206234973.08,3421016261.30,213230,10,10,10,0,0,0,0,0,0,10326376447,10343153663,10343153663,10315809644.01,1889
1781848436,0,214886,0,525.58,1656.31,1545215,2377727,4676648959,9512681471,10326376447,488704,10485759999,2269051348.62,3481560221.25,214886,10,10,10,0,0,0,0,0,0,10343153663,10460594175,10477371391,10357418350.07,1656
1781848437,0,216302,0,527.75,1415.57,1548287,2392063,4836032511,9638510591,10343153663,488704,10779361279,2323813650.43,3535117781.16,216302,10,10,10,0,0,0,0,0,0,10636754943,10762584063,10770972671,10634302342.51,1416
1781848438,0,217670,0,529.79,1368.17,1551359,2406399,5003804671,9881780223,10619977727,488704,11089739775,2377743046.71,3588652865.58,217670,10,10,10,0,0,0,0,0,0,10888413183,11072962559,11089739775,10904816346.57,1368
1781848439,0,219070,0,531.91,1400.87,1555455,2420735,5200936959,9932111871,10871635967,488704,11391729663,2434519158.16,3646554922.63,219070,10,10,10,0,0,0,0,0,0,11282677759,11374952447,11383341055,11261987857.55,1400
1781848440,0,220570,0,534.25,1498.99,1558527,2437119,5385486335,9999220735,11282677759,488704,11643387903,2496239645.09,3709894977.63,220570,10,10,10,0,0,0,0,0,0,11517558783,11626610687,11643387903,11510311026.69,1500
1781848441,0,222113,0,536.69,1544.01,1561599,2453503,5616173055,10116661247,11525947391,488704,11869880319,2560714555.18,3776503825.16,222113,10,10,10,0,0,0,0,0,0,11802771455,11861491711,11869880319,11777325649.30,1543
1781848442,0,223930,0,539.78,1815.70,1566719,2471935,5804916735,10326376447,11844714495,488704,11962155007,2636512138.43,3853384727.70,223930,10,10,10,0,0,0,0,0,0,11911823359,11953766399,11962155007,11902130524.28,1817
1781848443,0,225551,0,542.38,1621.85,1569791,2490367,5951717375,10359930879,11911823359,488704,12146704383,2704204333.94,3921081632.69,225551,10,10,10,0,0,0,0,0,0,12071206911,12129927167,12146704383,12055415525.63,1621
1781848444,0,227080,0,544.74,1528.67,1573887,2506751,6228541439,10670309375,12079595519,488704,12381585407,2768680711.11,3985554191.81,227080,10,10,10,0,0,0,0,0,0,12306087935,12373196799,12381585407,12279937314.66,1529
1781848445,0,228874,0,547.73,1794.96,1577983,2527231,6383730687,11022630911,12331253759,488704,12591300607,2844581200.38,4060707509.03,228874,10,10,10,0,0,0,0,0,0,12465471487,12532580351,12582911999,12451873900.45,1794
1781848446,0,230635,0,550.63,1760.90,1582079,2547711,6568280063,11391729663,12473860095,488704,12666798079,2918953638.79,4133080815.68,230635,10,10,10,0,0,0,0,0,0,12599689215,12658409471,12666798079,12585005579.34,1761
1781848447,0,232568,0,553.92,1932.88,1587199,2570239,6811549695,11718885375,12557746175,488704,12666798079,2999093558.99,4207930130.64,232568,10,10,10,0,0,0,0,0,0,12566134783,12633243647,12641632255,12560951032.19,1933
1781848448,0,234030,0,556.08,1462.15,1590271,2588671,6966738943,11869880319,12616466431,488704,12918456319,3059874245.87,4264243107.93,234030,10,10,10,0,0,0,0,0,0,12691963903,12876513279,12901679103,12728576563.13,1462
1781848449,0,235526,0,558.31,1495.92,1594367,2607103,7155482623,11936989183,12683575295,488704,13203668991,3123762771.01,4325142234.97,235526,10,10,10,0,0,0,0,0,0,13170114559,13203668991,13203668991,13118302569.41,1496
1781848450,0,237200,0,560.95,1672.39,1598463,2627583,7335837695,12113149951,13119782911,488704,13329498111,3194618191.79,4391039251.10,237200,10,10,10,0,0,0,0,0,0,13144948735,13295943679,13321109503,13163730398.36,1674
1781848451,0,238407,0,562.47,1208.22,1601535,2643967,7470055423,12322865151,13170114559,488704,13723762687,3246940172.30,4440908734.43,238407,10,10,10,0,0,0,0,0,0,13539213311,13706985471,13723762687,13529271386.78,1207
1781848452,0,240080,0,565.08,1672.47,1605631,2666495,7650410495,12465471487,13497270271,488704,13883146239,3320590320.81,4511898887.67,240080,10,10,10,0,0,0,0,0,0,13832814591,13874757631,13883146239,13815934586.72,1673
1781848453,0,241550,0,567.21,1469.11,1609727,2686975,7759462399,12524191743,13824425983,488704,14151581695,3385332994.36,4573614696.54,241550,10,10,10,0,0,0,0,0,0,13916700671,14126415871,14143193087,13959088821.81,1470
1781848454,0,242822,0,568.86,1272.79,1612799,2705407,7784628223,12582911999,13908312063,488704,14512291839,3442684410.38,4629583213.73,242822,10,10,10,0,0,0,0,0,0,14344519679,14495514623,14503903231,14333592067.22,1272
1781848455,0,244400,0,571.22,1578.07,1616895,2727935,7813988351,12641632255,14277410815,488704,14722007039,3514731324.55,4700364612.92,244400,10,10,10,0,0,0,0,0,0,14587789311,14713618431,14722007039,14601281255.67,1578
1781848456,0,245780,0,573.10,1379.30,1619967,2750463,7923040255,12759072767,14571012095,488704,15032385535,3578375278.37,4763063689.08,245780,10,10,10,0,0,0,0,0,0,14839447551,15007219711,15032385535,14849811737.97,1380
1781848457,0,247130,0,574.91,1350.41,1623039,2770943,8027897855,13111394303,14772338687,488704,15367929855,3641883112.65,4826714925.35,247130,10,10,10,0,0,0,0,0,0,15216934911,15342764031,15359541247,15204072379.73,1350
1781848458,0,248660,0,577.13,1530.20,1627135,2795519,8095006719,13178503167,15158214655,488704,15594422271,3714690541.09,4900007185.59,248660,10,10,10,0,0,0,0,0,0,15476981759,15577645055,15594422271,15474755763.37,1530
1781848459,0,250096,0,579.12,1436.35,1630207,2818047,8111783935,13463715839,15451815935,488704,15879634943,3783712796.66,4969627359.73,250096,10,10,10,0,0,0,0,0,0,15728639999,15862857727,15879634943,15735714236.97,1436
1781848460,0,251740,0,581.58,1643.34,1635327,2848767,8124366847,13824425983,15703474175,488704,16055795711,3863355611.68,5049837357.03,251740,10,10,10,0,0,0,0,0,0,15988686847,16047407103,16055795711,15979139958.97,1644
1781848461,0,253622,0,584.58,1882.86,1640447,2881535,8166309887,13941866495,16005464063,488704,16148070399,3954177764.03,5139551576.68,253622,10,10,10,0,0,0,0,0,0,16114515967,16139681791,16139681791,16102726452.51,1882
1781848462,0,257152,0,591.35,3530.15,1648639,2953215,8321499135,14705229823,16039018495,488704,16148070399,4116171509.26,5285695503.64,257152,10,10,10,0,0,0,0,0,0,15778971647,16089350143,16114515967,15755032034.12,3530
1781848463,0,259290,0,594.90,2136.30,1654783,3000319,8489271295,14881390591,16039018495,488704,16148070399,4196968164.99,5340189841.55,259290,10,10,10,0,0,0,0,0,0,14923333631,15367929855,15435038719,13914938985.85,2138
1781848464,0,261510,0,598.62,2221.51,1660927,3049471,8468299775,14856224767,16039018495,488704,16148070399,4203554254.22,5324998926.61,261510,10,10,10,0,0,0,0,0,0,4987027455,9563013119,9974054911,4972791675.62,2220
1781848465,0,261710,0,597.71,199.99,1660927,3045375,8459911167,14856224767,16039018495,488704,16148070399,4200343636.09,5324229746.39,261710,10,10,10,0,0,0,0,0,0,2275327,3960831,4599807,2299898.88,200
1781848466,0,261910,0,596.80,199.90,1660927,3043327,8451522559,14847836159,16039018495,488704,16148070399,4197138138.02,5323459527.38,261910,10,10,10,0,0,0,0,0,0,2471935,4243455,5292031,2583641.60,200
1781848467,0,262110,0,595.90,200.06,1660927,3041279,8443133951,14847836159,16039018495,488704,16148070399,4193937406.32,5322688545.32,262110,10,10,10,0,0,0,0,0,0,2379775,3592191,3905535,2419212.80,200
1781848468,0,262310,0,595.00,199.88,1661951,3039231,8443133951,14847836159,16039018495,488704,16148070399,4190741732.46,5321916567.63,262310,10,10,10,0,0,0,0,0,0,2555903,4071423,5001215,2651345.92,200
1781848469,0,262510,0,594.11,200.09,1661951,3037183,8434745343,14847836159,16039018495,488704,16148070399,4187551043.45,5321143648.91,262510,10,10,10,0,0,0,0,0,0,2658303,4038655,6238207,2802882.56,200
1781848470,0,262710,0,593.22,199.93,1661951,3035135,8426356735,14847836159,16039018495,488704,16148070399,4184365091.69,5320369980.84,262710,10,10,10,0,0,0,0,0,0,2662399,3569663,3911679,2644103.68,200
1781848471,0,262910,0,592.33,200.11,1662975,3033087,8417968127,14847836159,16039018495,488704,16148070399,4181184176.35,5319595325.43,262910,10,10,10,0,0,0,0,0,0,2578431,4227071,10321919,2892830.72,200
1781848472,0,263110,0,591.45,199.85,1662975,3031039,8413773823,14839447551,16039018495,488704,16148070399,4178007986.55,5318819923.59,263110,10,10,10,0,0,0,0,0,0,2600959,4134911,7675903,2747686.40,200
1781848473,0,263310,0,590.57,200.07,1663999,3028991,8401190911,14839447551,16039018495,488704,16148070399,4174836697.36,5318043634.95,263310,10,10,10,0,0,0,0,0,0,2568191,4780031,7684095,2847198.72,200
1781848474,0,263510,0,589.70,199.96,1663999,3026943,8396996607,14839447551,16039018495,488704,16148070399,4171669967.47,5317266724.08,263510,10,10,10,0,0,0,0,0,0,2504703,3459071,3844095,2511733.76,200
1781848475,0,263710,0,588.83,200.09,1665023,3024895,8396996607,14839447551,16039018495,488704,16148070399,4168508166.79,5316488897.81,263710,10,10,10,0,0,0,0,0,0,2697215,3676159,3944447,2677683.20,200
1781848476,0,263910,0,587.96,200.03,1665023,3022847,8392802303,14831058943,16030629887,488704,16148070399,4165351494.84,5315709997.16,263910,10,10,10,0,0,0,0,0,0,2701311,6529023,8585215,3121689.60,200
1781848477,0,264110,0,587.10,199.87,1666047,3022847,8388607999,14831058943,16030629887,488704,16148070399,4162199295.95,5314930532.46,264110,10,10,10,0,0,0,0,0,0,2750463,3827711,4038655,2715253.76,200
1781848478,0,264310,0,586.24,199.97,1666047,3018751,8384413695,14831058943,16030629887,488704,16148070399,4159051758.77,5314150352.82,264310,10,10,10,0,0,0,0,0,0,2547711,3540991,3799039,2571535.36,200
1781848479,0,264510,0,585.38,200.01,1666047,3018751,8380219391,14831058943,16030629887,488704,16148070399,4155909180.85,5313369222.47,264510,10,10,10,0,0,0,0,0,0,2752511,3946495,4878335,2835333.12,200
1781848480,0,264710,0,584.53,200.04,1667071,3018751,8376025087,14831058943,16030629887,488704,16148070399,4152771431.46,5312587240.87,264710,10,10,10,0,0,0,0,0,0,2703359,5459967,6815743,2940979.20,200
1781848481,0,264910,0,583.69,200.12,1667071,3016703,8371830783,14822670335,16030629887,488704,16148070399,4149638176.14,5311804666.09,264910,10,10,10,0,0,0,0,0,0,2572287,3766271,4358143,2618099.20,200
1781848482,0,265110,0,582.84,199.97,1668095,3014655,8367636479,14822670335,16030629887,488704,16148070399,4146509887.86,5311021125.88,265110,10,10,10,0,0,0,0,0,0,2715647,5537791,6225919,2935641.60,200
1781848483,0,265310,0,582.00,199.91,1668095,3014655,8363442175,14822670335,16030629887,488704,16148070399,4143386128.61,5310236958.98,265310,10,10,10,0,0,0,0,0,0,2535423,4259839,4743167,2687050.24,200
1781848484,0,265510,0,581.17,200.04,1668095,3012607,8359247871,14822670335,16030629887,488704,16148070399,4140267327.07,5309451828.18,265510,10,10,10,0,0,0,0,0,0,2744319,5492735,7303167,3021148.16,200
1781848485,0,265710,0,580.33,199.99,1669119,3010559,8355053567,14822670335,16030629887,488704,16148070399,4137152896.53,5308666187.61,265710,10,10,10,0,0,0,0,0,0,2506751,3627007,3919871,2590635.52,200
1781848486,0,265910,0,579.51,200.09,1669119,3008511,8346664959,14822670335,16030629887,488704,16148070399,4134043201.75,5307879749.99,265910,10,10,10,0,0,0,0,0,0,2590719,3753983,5025791,2658204.16,200
1781848487,0,266110,0,578.68,199.92,1669119,3008511,8346664959,14814281727,16030629887,488704,16148070399,4130938199.63,5307092545.91,266110,10,10,10,0,0,0,0,0,0,2678783,3704831,3975167,2682621.44,200
1781848488,0,266310,0,577.86,200.09,1670143,3006463,8342470655,14814281727,16030629887,488704,16148070399,4127837911.30,5306304556.04,266310,10,10,10,0,0,0,0,0,0,2516991,5263359,7282687,2749276.16,200
1781848489,0,266510,0,577.04,199.83,1670143,3002367,8338276351,14814281727,16030629887,488704,16148070399,4124742078.80,5305515977.75,266510,10,10,10,0,0,0,0,0,0,2404351,3530751,3719167,2486318.08,200
1781848490,0,266710,0,576.23,200.12,1671167,3000319,8334082047,14814281727,16030629887,488704,16148070399,4121651043.91,5304726542.46,266710,10,10,10,0,0,0,0,0,0,2682879,3792895,4378623,2692492.80,200
1781848491,0,266910,0,575.41,199.86,1671167,2998271,8329887743,14805893119,16030629887,488704,16148070399,4118564619.40,5303936392.67,266910,10,10,10,0,0,0,0,0,0,2682879,3629055,3911679,2663219.20,200
1781848492,0,267110,0,574.61,200.04,1672191,2998271,8325693439,14805893119,16030629887,488704,16148070399,4115482759.06,5303145561.24,267110,10,10,10,0,0,0,0,0,0,2582527,3579903,4255743,2586040.32,200
1781848493,0,267310,0,573.80,200.08,1672191,2996223,8321499135,14805893119,16030629887,488704,16148070399,4112405625.00,5302353919.46,267310,10,10,10,0,0,0,0,0,0,2633727,4106239,5341183,2739228.16,200
1781848494,0,267510,0,573.00,199.88,1672191,2994175,8313110527,14805893119,16030629887,488704,16148070399,4109333211.56,5301561468.94,267510,10,10,10,0,0,0,0,0,0,2664447,5672959,6963199,2899028.48,200
1781848495,0,267710,0,572.20,200.04,1673215,2994175,8308916223,14805893119,16030629887,488704,16148070399,4106265269.13,5300768399.99,267710,10,10,10,0,0,0,0,0,0,2705407,4077567,5173247,2738874.88,200
1781848496,0,267910,0,571.41,200.00,1673215,2992127,8300527615,14797504511,16030629887,488704,16148070399,4103201847.84,5299974670.76,267910,10,10,10,0,0,0,0,0,0,2584575,4044799,4935679,2659279.36,200
1781848497,0,268110,0,570.62,200.07,1674239,2990079,8292139007,14797504511,16030629887,488704,16148070399,4100143252.38,5299180042.66,268110,10,10,10,0,0,0,0,0,0,2709503,5517311,7008255,3001710.08,200
1781848498,0,268310,0,569.83,199.89,1674239,2990079,8279556095,14797504511,16030629887,488704,16148070399,4097089080.20,5298384824.07,268310,10,10,10,0,0,0,0,0,0,2697215,4579327,6414335,2818565.12,200
1781848499,0,268510,0,569.05,200.11,1675263,2990079,8262778879,14797504511,16030629887,488704,16148070399,4094039611.41,5297588795.55,268510,10,10,10,0,0,0,0,0,0,2834431,4845567,7409663,3024755.20,200
1781848500,0,268710,0,568.27,200.01,1675263,2988031,8246001663,14797504511,16030629887,488704,16148070399,4090994355.02,5296792333.29,268710,10,10,10,0,0,0,0,0,0,2476031,3969023,4952063,2585382.40,200
1781848501,0,268910,0,567.49,199.88,1675263,2988031,8246001663,14789115903,16030629887,488704,16148070399,4087953910.48,5295994971.53,268910,10,10,10,0,0,0,0,0,0,2779135,5275647,6115327,2964651.52,200
1781848502,0,269110,0,566.72,200.01,1676287,2985983,8241807359,14789115903,16030629887,488704,16148070399,4084917845.74,5295197040.73,269110,10,10,10,0,0,0,0,0,0,2746367,4210687,4870143,2777003.52,200
1781848503,0,269310,0,565.95,200.06,1676287,2985983,8241807359,14789115903,16030629887,488704,16148070399,4081886269.60,5294398453.96,269310,10,10,10,0,0,0,0,0,0,2650111,4161535,4468735,2748992.00,200
1781848504,0,269510,0,565.18,200.04,1677311,2983935,8241807359,14789115903,16030629887,488704,16148070399,4078859217.60,5293599180.89,269510,10,10,10,0,0,0,0,0,0,2705407,4182015,4907007,2782351.36,200
1781848505,0,269710,0,564.42,199.88,1677311,2983935,8237613055,14789115903,16030629887,488704,16148070399,4075836631.87,5292799263.15,269710,10,10,10,0,0,0,0,0,0,2674687,4057087,4472831,2751232.00,200
1781848506,0,269910,0,563.65,200.09,1677311,2983935,8233418751,14789115903,16030629887,488704,16148070399,4072818558.87,5291998662.03,269910,10,10,10,0,0,0,0,0,0,2758655,3950591,4167679,2796213.76,200
1781848507,0,270110,0,562.90,199.95,1678335,2981887,8233418751,14789115903,16030629887,488704,16148070399,4069804898.95,5291197451.26,270110,10,10,10,0,0,0,0,0,0,2674687,3903487,5705727,2720148.48,200
1781848508,0,270600,0,562.75,490.03,1679359,2990079,8225030143,14780727295,16030629887,488704,16148070399,4062890278.30,5288905190.26,270600,10,10,10,0,0,0,0,0,0,172097535,644874239,696254463,251240921.34,490
1781848509,0,271243,0,562.91,643.50,1681407,3000319,8216641535,14772338687,16030629887,488704,16148070399,4056068324.04,5284497243.25,271243,10,10,10,0,0,0,0,0,0,1233125375,1477443583,1491075071,1185118370.44,643
1781848510,0,272280,0,563.89,1036.04,1683455,3020799,8204058623,14763950079,16030629887,488704,16148070399,4047562460.20,5276231030.70,272280,10,10,10,0,0,0,0,0,0,1827667967,2119172095,2151677951,1822725403.40,1037
1781848511,0,273930,0,566.14,1650.76,1688575,3053567,8183087103,14755561471,16030629887,488704,16148070399,4037899227.36,5261789763.88,273930,10,10,10,0,0,0,0,0,0,2472542207,2594177023,2604662783,2443290115.10,1650
1781848512,0,275684,0,568.59,1754.18,1693695,3086335,8174698495,14738784255,16030629887,488704,16148070399,4030096088.36,5245942748.51,275684,10,10,10,0,0,0,0,0,0,2785017855,3019898879,3026190335,2811445079.86,1754
1781848513,0,277350,0,570.85,1665.08,1697791,3119103,8166309887,14722007039,16030629887,488704,16148070399,4024623073.79,5230648719.96,277350,10,10,10,0,0,0,0,0,0,3047161855,3418357759,3458203647,3118967283.09,1666
1781848514,0,278550,0,572.14,1199.91,1700863,3143679,8162115583,14713618431,16022241279,488704,16148070399,4023479982.56,5219411211.10,278550,10,10,10,0,0,0,0,0,0,3762290687,4037017599,4060086271,3759283022.51,1200
1781848515,0,280230,0,574.41,1680.25,1704959,3180543,8145338367,14696841215,16022241279,488704,16148070399,4025198223.07,5203798456.67,280230,10,10,10,0,0,0,0,0,0,4307550207,4492099583,4504682495,4310088635.73,1680
1781848516,0,281911,0,576.67,1681.51,1710079,3227647,8128561151,14688452607,16022241279,488704,16148070399,4029161767.36,5188522036.24,281911,10,10,10,0,0,0,0,0,0,4676648959,4911529983,4936695807,4689901812.88,1681
1781848517,0,283860,0,579.48,1948.57,1715199,3299327,8124366847,14663286783,16022241279,488704,16148070399,4036567632.63,5171451344.41,283860,10,10,10,0,0,0,0,0,0,5083496447,5263851519,5289017343,5107781016.23,1949
1781848518,0,285712,0,582.07,1852.27,1721343,3397631,8120172543,14646509567,16022241279,488704,16148070399,4046375281.05,5156100777.71,285712,10,10,10,0,0,0,0,0,0,5586812927,5674893311,5679087615,5549614524.54,1852
1781848519,0,287538,0,584.60,1826.47,1726463,3551231,8115978239,14629732351,16022241279,488704,16148070399,4057809690.74,5141698876.36,287538,10,10,10,0,0,0,0,0,0,5838471167,6031409151,6060769279,5846937873.66,1826
1781848520,0,289420,0,587.23,1882.33,1731583,3817471,8107589631,14612955135,16022241279,488704,16148070399,4072358710.06,5128112694.53,289420,10,10,10,0,0,0,0,0,0,6308233215,6421479423,6438256639,6295204575.63,1882
1781848521,0,291428,0,590.11,2006.40,1737727,4493311,8103395327,14604566527,16022241279,488704,16148070399,4089598386.95,5114611122.73,291428,10,10,10,0,0,0,0,0,0,6551502847,6752829439,6773800959,6574412771.44,2008
1781848522,0,292968,0,592.03,1541.55,1742847,8413183,8095006719,14596177919,16013852671,488704,16148070399,4104822498.65,5105460812.27,292968,10,10,10,0,0,0,0,0,0,6962544639,7239368703,7256145919,6985817580.05,1540
1781848523,0,294710,0,594.35,1741.88,1748991,102825983,8065646591,14587789311,16013852671,488704,16148070399,4124772916.32,5096929100.53,294710,10,10,10,0,0,0,0,0,0,7491026943,7662993407,7675576319,7480016294.06,1742
1781848524,0,296270,0,596.29,1558.50,1754111,573571071,8065646591,14579400703,16013852671,488704,16148070399,4144701217.39,5090878852.75,296270,10,10,10,0,0,0,0,0,0,7910457343,8141144063,8157921279,7909489427.69,1560
1781848525,0,298090,0,598.75,1820.02,1759231,1112539135,8107589631,14579400703,16013852671,488704,16148070399,4170573662.92,5086044579.75,298090,10,10,10,0,0,0,0,0,0,8401190911,8535408639,8547991551,8382238188.87,1820
1781848526,0,299850,0,601.07,1760.32,1765375,1411383295,8124366847,14571012095,16013852671,488704,16148070399,4197468903.24,5083169391.86,299850,10,10,10,0,0,0,0,0,0,8757706751,8942256127,8967421951,8752697418.47,1760
1781848527,0,301350,0,602.87,1500.42,1770495,1450180607,8141144063,14562623487,16013852671,488704,16148070399,4222440038.92,5082790022.06,301350,10,10,10,0,0,0,0,0,0,9219080191,9445572607,9462349823,9214170060.12,1500
1781848528,0,303326,0,605.61,1975.65,1776639,1481637887,8174698495,14554234879,16013852671,488704,16148070399,4257796756.50,5084992983.38,303326,10,10,10,0,0,0,0,0,0,9672065023,9789505535,9806282751,9649875118.12,1976
1781848529,0,304801,0,607.35,1476.02,1781759,1521483775,8216641535,14554234879,16013852671,488704,16148070399,4285776644.68,5088529440.98,304801,10,10,10,0,0,0,0,0,0,10024386559,10292822015,10309599231,10039693636.90,1475
1781848530,0,306526,0,609.57,1724.14,1787903,1549795327,8313110527,14537457663,16013852671,488704,16148070399,4320924487.71,5095662723.54,306526,10,10,10,0,0,0,0,0,0,10552868863,10703863807,10737418239,10531415910.85,1725
1781848531,0,307800,0,610.89,1273.83,1791999,1571815423,8376025087,14537457663,16005464063,488704,16148070399,4348576010.87,5103174394.90,307800,10,10,10,0,0,0,0,0,0,10980687871,11282677759,11307843583,11001567209.49,1274
1781848532,0,309054,0,612.16,1253.81,1796095,1596981247,8438939647,14520680447,16005464063,488704,16148070399,4378098592.02,5113783530.78,309054,10,10,10,0,0,0,0,0,0,11634999295,11878268927,11895046143,11624550328.14,1254
1781848533,0,310851,0,614.50,1798.36,1801215,1740636159,8518631423,14503903231,16005464063,488704,16148070399,4423137410.77,5133086475.19,310851,10,10,10,0,0,0,0,0,0,12238979071,12314476543,12314476543,12169062335.04,1797
1781848534,0,313573,0,618.66,2720.99,1810431,1973420031,8640266239,14470348799,16005464063,488704,16148070399,4491680148.71,5162982296.57,313573,10,10,10,0,0,0,0,0,0,12314476543,12389974015,12398362623,12319225568.59,2722
1781848535,0,314880,0,620.02,1306.62,1814527,2024800255,8648654847,14453571583,16005464063,488704,16148070399,4525518206.42,5178857682.67,314880,10,10,10,0,0,0,0,0,0,12650020863,12926844927,12952010751,12643881840.62,1307
1781848536,0,316450,0,621.88,1570.10,1820671,2064646143,8707375103,14428405759,16005464063,488704,16148070399,4568737428.67,5202135654.31,316450,10,10,10,0,0,0,0,0,0,13262389247,13421772799,13430161407,13236806665.13,1570
1781848537,0,317897,0,623.50,1447.89,1825791,2101346303,8782872575,14411628543,16005464063,488704,16148070399,4610045453.50,5226119316.70,317897,10,10,10,0,0,0,0,0,0,13614710783,13925089279,13950255103,13643856414.08,1447
1781848538,0,319320,0,625.07,1422.41,1829887,2225078271,8917090303,14428405759,16005464063,488704,16148070399,4652899341.91,5253662857.39,319320,10,10,10,0,0,0,0,0,0,14243856383,14453571583,14470348799,14226421873.70,1423
1781848539,0,320585,0,626.32,1264.58,1835007,2355101695,9034530815,14562623487,16005464063,488704,16148070399,4692611039.57,5281123258.41,320585,10,10,10,0,0,0,0,0,0,14688452607,15023996927,15049162751,14716910877.75,1265
1781848540,0,321923,0,627.71,1338.56,1840127,2455764991,9143582719,14680063999,16005464063,488704,16148070399,4736846567.83,5314441850.69,321923,10,10,10,0,0,0,0,0,0,15342764031,15586033663,15602810879,15335685752.16,1338
1781848541,0,323180,0,628.93,1257.16,1845247,2531262463,9160359935,14831058943,16013852671,488704,16190013439,4780165679.69,5349218413.99,323180,10,10,10,0,0,0,0,0,0,15871246335,16156459007,16181624831,15874372877.65,1257
1781848542,0,324500,0,630.27,1319.11,1849343,2587885567,9185525759,15065939967,16080961535,488704,16752050175,4827734980.94,5389978181.83,324500,10,10,10,0,0,0,0,0,0,16475226111,16726884351,16743661567,16474285571.10,1320
1781848543,0,325760,0,631.49,1259.85,1854463,2636120063,9219080191,15242100735,16122904575,488704,17330864127,4874884394.43,5432505835.25,325760,10,10,10,0,0,0,0,0,0,17020485631,17280532479,17330864127,17017729375.09,1260
1781848544,0,327680,0,633.99,1920.85,1861631,2657091583,9437183999,15359541247,16710107135,488704,17699962879,4948965149.88,5501849585.78,327680,10,10,10,0,0,0,0,0,0,17532190719,17649631231,17683185663,17517999991.47,1920
1781848545,0,328910,0,635.14,1229.61,1866751,2663383039,9554624511,15451815935,17230200831,488704,18287165439,4997562354.23,5548551102.82,328910,10,10,10,0,0,0,0,0,0,17934843903,18236833791,18270388223,17944173672.90,1230
1781848546,0,329960,0,635.94,1050.42,1870847,2703228927,9604956159,15518924799,17515413503,488704,18924699647,5040929198.73,5592644698.31,329960,10,10,10,0,0,0,0,0,0,18639486975,18907922431,18924699647,18625489984.37,1050
1781848547,0,331372,0,637.43,1412.35,1875967,2793406463,9655287807,15636365311,17834180607,488704,19461570559,5101300106.46,5656516268.31,331372,10,10,10,0,0,0,0,0,0,19226689535,19428016127,19444793343,19208938005.76,1412
1781848548,0,332450,0,638.28,1077.73,1880063,2887778303,9714008063,15711862783,18454937599,488704,20099104767,5148846673.38,5708542950.56,332450,10,10,10,0,0,0,0,0,0,19780337663,20065550335,20099104767,19764431991.69,1078
1781848549,0,333617,0,639.29,1167.25,1884159,2975858687,9789505535,15812526079,19092471807,488704,20719861759,5202293707.15,5769519100.14,333617,10,10,10,0,0,0,0,0,0,20451426303,20686307327,20703084543,20428057525.42,1167
1781848550,0,335000,0,640.71,1382.50,1889279,3019898879,9890168831,15929966591,19612565503,488704,21256732671,5267462907.57,5845897946.68,335000,10,10,10,0,0,0,0,0,0,21021851647,21239955455,21256732671,20988036398.83,1383
1781848551,0,336850,0,643.02,1849.71,1896447,3061841919,9932111871,16022241279,20652752895,488704,21642608639,5356007822.84,5950344176.62,336850,10,10,10,0,0,0,0,0,0,21390950399,21592276991,21625831423,21389816804.32,1850
1781848552,0,338180,0,644.33,1330.90,1901567,3177185279,9974054911,16080961535,21172846591,488704,22196256767,5421210057.54,6028614400.61,338180,10,10,10,0,0,0,0,0,0,21961375743,22179479551,22196256767,21935024161.88,1330
1781848553,0,339800,0,646.18,1619.84,1908735,3290431487,10024386559,16131293183,21441282047,488704,22649241599,5502226904.50,6127087327.78,339800,10,10,10,0,0,0,0,0,0,22414360575,22632464383,22649241599,22414743759.33,1620
1781848554,0,341227,0,647.67,1427.30,1914879,3378511871,10099884031,16617832447,22078816255,488704,23186112511,5575025756.26,6216612922.19,341227,10,10,10,0,0,0,0,0,0,22934454271,23152558079,23169335295,22910029137.98,1427
1781848555,0,342780,0,649.38,1551.81,1921023,3472883711,10301210623,17246978047,22515023871,488704,23655874559,5655835063.38,6317126051.81,342780,10,10,10,0,0,0,0,0,0,23420993535,23639097343,23655874559,23411351768.27,1553
1781848556,0,344291,0,651.01,1511.56,1927167,3573547007,10326376447,17548967935,23051894783,488704,24159191039,5735967255.78,6417765582.14,344291,10,10,10,0,0,0,0,0,0,23941087231,24125636607,24159191039,23914466864.46,1511
1781848557,0,345845,0,652.71,1554.26,1933311,3667918847,10334765055,18052284415,23538434047,488704,24645730303,5819787287.76,6523749391.02,345845,10,10,10,0,0,0,0,0,0,24410849279,24612175871,24628953087,24390239431.00,1554
1781848558,0,347380,0,654.38,1534.34,1940479,3781165055,10410262527,18958254079,24041750527,488704,25132269567,5903981979.41,6630872811.06,347380,10,10,10,0,0,0,0,0,0,24880611327,25098715135,25132269567,24873567083.24,1535
1781848559,0,348870,0,655.95,1490.52,1946623,3890216959,10552868863,19495124991,24494735359,488704,25635586047,5987089235.55,6737287065.46,348870,10,10,10,0,0,0,0,0,0,25367150591,25602031615,25618808831,25362793019.79,1490
1781848560,0,350376,0,657.54,1506.46,1952767,4003463167,10661920767,20350763007,24964497407,488704,26138902527,6072604423.91,6847632707.78,350376,10,10,10,0,0,0,0,0,0,25904021503,26105348095,26122125311,25882487401.39,1506
1781848561,0,351908,0,659.18,1532.01,1959935,4097835007,10796138495,21021851647,25451036671,488704,26625441791,6161021120.85,6962322273.19,351908,10,10,10,0,0,0,0,0,0,26390560767,26591887359,26608664575,26382358330.15,1532
1781848562,0,353430,0,660.79,1521.36,1966079,4190109695,10921967615,21374173183,25987907583,488704,27111981055,6250134840.77,7078234479.19,353430,10,10,10,0,0,0,0,0,0,26860322815,27095203839,27111981055,26854491576.01,1522
1781848563,0,354952,0,662.40,1522.48,1973247,4278190079,11140071423,21827158015,26474446847,488704,27615297535,6340612922.59,7196362428.75,354952,10,10,10,0,0,0,0,0,0,27363639295,27581743103,27598520319,27350907571.64,1522
1781848564,0,356400,0,663.86,1447.07,1980415,4332716031,11307843583,22313697279,26927431679,488704,28118614015,6427972384.70,7310820282.97,356400,10,10,10,0,0,0,0,0,0,27850178559,28101836799,28118614015,27842624178.21,1448
1781848565,0,357950,0,665.51,1549.54,1987583,4420796415,11450449919,22733127679,27413970943,488704,28605153279,6522949173.92,7435784501.97,357950,10,10,10,0,0,0,0,0,0,28370272255,28588376063,28605153279,28361483159.62,1550
1781848566,0,359450,0,667.06,1501.50,1993727,4483710975,11576279039,23253221375,27917287423,488704,29108469759,6616122484.87,7558564029.94,359450,10,10,10,0,0,0,0,0,0,28873588735,29074915327,29091692543,28850380253.87,1500
1781848567,0,360995,0,668.69,1544.96,1999871,4555014143,11744051199,23739760639,28437381119,488704,29595009023,6713337956.24,7686757489.51,360995,10,10,10,0,0,0,0,0,0,29343350783,29561454591,29578231807,29330879177.15,1545
1781848568,0,362500,0,670.23,1505.03,2007039,4622123007,11853103103,24175968255,28923920383,488704,30081548287,6809295050.31,7813426267.96,362500,10,10,10,0,0,0,0,0,0,29829890047,30064771071,30081548287,29825927057.78,1505
1781848569,0,363680,0,671.17,1179.28,2012159,4680843263,11895046143,24528289791,29276241919,488704,30685528063,6885786043.55,7915115861.75,363680,10,10,10,0,0,0,0,0,0,30400315391,30668750847,30685528063,30384078459.23,1180
1781848570,0,365260,0,672.85,1580.82,2020351,4764729343,11936989183,25014829055,29779558399,488704,31172067327,6989843309.20,8054220827.07,365260,10,10,10,0,0,0,0,0,0,30953963519,31138512895,31155290111,30941454937.44,1580
1781848571,0,366714,0,674.28,1453.92,2025471,4836032511,12029263871,25451036671,30366760959,488704,31692161023,7086634183.46,8183325458.62,366714,10,10,10,0,0,0,0,0,0,31406948351,31658606591,31675383807,31401513641.73,1454
1781848572,0,368126,0,675.64,1411.98,2032639,4907335679,12104761343,25937575935,30953963519,488704,32212254719,7181975152.85,8310884505.20,368126,10,10,10,0,0,0,0,0,0,31960596479,32178700287,32212254719,31943213288.07,1412
1781848573,0,369324,0,676.60,1197.93,2037759,4978638847,12222201855,26306674687,31272730623,488704,32816234495,7264134843.90,8421465959.40,369324,10,10,10,0,0,0,0,0,0,32514244607,32782680063,32799457279,32510477436.79,1198
1781848574,0,370808,0,678.07,1483.74,2043903,5037359103,12289310719,26726105087,31826378751,488704,33319550975,7367294278.48,8560711449.74,370808,10,10,10,0,0,0,0,0,0,33034338303,33285996543,33319550975,33040646718.10,1484
1781848575,0,371990,0,678.99,1181.55,2049023,5066719231,12297699327,27095203839,32279363583,488704,33923530751,7450768236.70,8674037520.99,371990,10,10,10,0,0,0,0,0,0,33655095295,33906753535,33923530751,33637579996.05,1182
1781848576,0,373520,0,680.54,1530.95,2056191,5142216703,12322865151,27564965887,32950452223,488704,34426847231,7560348039.86,8823279519.64,373520,10,10,10,0,0,0,0,0,0,34242297855,34393292799,34426847231,34202564364.38,1530
1781848577,0,374981,0,681.96,1461.27,2062335,5209325567,12364808191,28068282367,33571209215,488704,34930163711,7665822831.25,8966115954.81,374981,10,10,10,0,0,0,0,0,0,34628173823,34896609279,34930163711,34631561420.66,1461
1781848578,0,376080,0,682.72,1098.50,2067455,5255462911,12398362623,28403826687,34074525695,488704,35567697919,7746290272.76,9075554792.45,376080,10,10,10,0,0,0,0,0,0,35198599167,35534143487,35567697919,35201942398.49,1099
1781848579,0,377273,0,683.64,1193.29,2072575,5318377471,12457082879,28756148223,34426847231,488704,36171677695,7835299891.02,9197982718.34,377273,10,10,10,0,0,0,0,0,0,35936796671,36138123263,36171677695,35894593465.62,1193
1781848580,0,379304,0,686.08,2030.54,2081791,5435817983,12515803135,29376905215,35165044735,488704,36507222015,7987762918.31,9405734469.87,379304,10,10,10,0,0,0,0,0,0,36305895423,36473667583,36507222015,36308877489.47,2031
1781848581,0,380406,0,686.83,1102.43,2086911,5498732543,12549357567,29712449535,35903242239,488704,37111201791,8071109932.28,9518545800.59,380406,10,10,10,0,0,0,0,0,0,36775657471,37111201791,37111201791,36758819358.66,1102
1781848582,0,382377,0,689.15,1970.91,2096127,5603590143,12608077823,30484201471,36339449855,488704,37480300543,8222046429.47,9722790478.90,382377,10,10,10,0,0,0,0,0,0,37379637247,37446746111,37480300543,37353020122.46,1971
1781848583,0,383998,0,690.82,1620.78,2103295,5662310399,12658409471,31037849599,36976984063,488704,37950062591,8346085928.23,9887517946.66,383998,10,10,10,0,0,0,0,0,0,37614518271,37849399295,37916508159,37605710492.35,1621
1781848584,0,385139,0,691.63,1140.85,2109439,5683281919,12683575295,31356616703,37379637247,488704,38554042367,8434782843.17,10006054955.57,385139,10,10,10,0,0,0,0,0,0,38319161343,38554042367,38554042367,38285298128.88,1141
1781848585,0,387424,0,694.49,2285.91,2119679,5779750911,13002342399,32178700287,37681627135,488704,38822477823,8613180469.78,10241822089.16,387424,10,10,10,0,0,0,0,0,0,38721814527,38788923391,38822477823,38682276099.92,2285
1781848586,0,389070,0,696.19,1645.65,2127871,5825888255,13136560127,32916897791,38554042367,488704,39225131007,8741254329.47,10407307299.54,389070,10,10,10,0,0,0,0,0,0,38822477823,39191576575,39225131007,38886386174.13,1646
1781848587,0,390409,0,697.34,1338.91,2134015,5859442687,13170114559,33386659839,38755368959,488704,39795556351,8846853299.79,10544231388.32,390409,10,10,10,0,0,0,0,0,0,39560675327,39795556351,39795556351,39530491374.79,1339
1781848588,0,392030,0,698.98,1620.01,2142207,5930745855,13254000639,34124857343,38822477823,488704,40265318399,8975676612.90,10710653244.92,392030,10,10,10,0,0,0,0,0,0,40030437375,40231763967,40231763967,40002068252.58,1621
1781848589,0,393380,0,700.14,1350.64,2148351,6014631935,13388218367,34460401663,39426457599,488704,40802189311,9083926665.86,10850222886.80,393380,10,10,10,0,0,0,0,0,0,40533753855,40768634879,40802189311,40518940195.65,1350
1781848590,0,394950,0,701.69,1570.19,2154495,6140461055,13539213311,35030827007,39963328511,488704,41271951359,9210876372.69,11013514907.64,394950,10,10,10,0,0,0,0,0,0,41037070335,41238396927,41271951359,41019459602.26,1570
1781848591,0,396650,0,703.46,1700.13,2162687,6249512959,13757317119,36003905535,40533753855,488704,41708158975,9349129907.30,11190100193.66,396650,10,10,10,0,0,0,0,0,0,41506832383,41674604543,41708158975,41468679021.03,1700
1781848592,0,398193,0,704.95,1543.28,2170879,6299844607,13832814591,36305895423,41037070335,488704,42211475455,9475559694.71,11350869606.06,398193,10,10,10,0,0,0,0,0,0,42010148863,42177921023,42211475455,41976126888.07,1543
1781848593,0,400338,0,707.49,2143.97,2181119,6354370559,13925089279,37077647359,41607495679,488704,42479910911,9651491776.65,11571422163.25,400338,10,10,10,0,0,0,0,0,0,42312138751,42446356479,42479910911,42311129772.58,2145
1781848594,0,401650,0,708.56,1312.38,2187263,6387924991,14101250047,37413191679,42077257727,488704,43050336255,9759535830.26,11705662807.40,401650,10,10,10,0,0,0,0,0,0,42748346367,43016781823,43050336255,42727630598.24,1312
1781848595,0,403200,0,710.04,1549.67,2195455,6455033855,14294188031,37547409407,42312138751,488704,43520098303,9888389418.65,11865843763.85,403200,10,10,10,0,0,0,0,0,0,43318771711,43520098303,43520098303,43278095081.21,1550
1781848596,0,404870,0,711.73,1670.18,2203647,6501171199,14470348799,38352715775,42647683071,488704,43989860351,10027787630.48,12037820558.17,404870,10,10,10,0,0,0,0,0,0,43654316031,43956305919,43956305919,43683691229.36,1670
1781848597,0,406173,0,712.76,1302.79,2207743,6538919935,14571012095,38654705663,43184553983,488704,44526731263,10137518675.08,12173155523.39,406173,10,10,10,0,0,0,0,0,0,44258295807,44526731263,44526731263,44233303807.80,1303
1781848598,0,407629,0,714.07,1456.65,2215935,6564085759,14612955135,38755368959,43520098303,488704,45197819903,10215325220.72,12280642431.81,407629,10,10,10,0,0,0,0,0,0,44660948991,45130711039,45164265471,31920626085.98,1456
1781848599,0,409178,0,715.53,1549.03,2222079,6597640191,14696841215,38788923391,43687870463,488704,45835354111,10293463422.20,12391988251.85,409178,10,10,10,0,0,0,0,0,0,45365592063,45801799679,45835354111,30856017929.26,1549
1781848600,0,410884,0,717.25,1705.34,2230271,6622806015,14797504511,39158022143,44157632511,488704,46439333887,10385838697.95,12522068227.96,410884,10,10,10,0,0,0,0,0,0,46003126271,46372225023,46439333887,32541718287.91,1706
1781848601,0,412335,0,718.53,1451.44,2236415,6643777535,14881390591,39594229759,44593840127,488704,47110422527,10457166676.87,12626488633.86,412335,10,10,10,0,0,0,0,0,0,46607106047,47076868095,47110422527,30655323323.02,1451
1781848602,0,413762,0,719.77,1426.63,2242559,6660554751,14990442495,39862665215,45197819903,488704,47815065599,10527462383.50,12730835463.74,413762,10,10,10,0,0,0,0,0,0,47278194687,47781511167,47815065599,30839571838.48,1427
1781848603,0,415897,0,722.22,2134.38,2252799,6715080703,15200157695,40332427263,46103789567,488704,48385490943,10668361809.82,12925063904.72,415897,10,10,10,0,0,0,0,0,0,48083501055,48217718783,48351936511,37974604635.49,2135
1781848604,0,418213,0,724.99,2316.81,2263039,6786383871,15317598207,40969961471,47311749119,488704,48922361855,10821465614.72,13132814096.14,418213,10,10,10,0,0,0,0,0,0,48318382079,48721035263,48888807423,38315167318.66,2316
1781848605,0,419919,0,726.68,1706.52,2271231,6811549695,15342764031,41305505791,48083501055,488704,49392123903,10913629982.93,13264529110.62,419919,10,10,10,0,0,0,0,0,0,48855252991,49224351743,49325015039,33507027943.99,1706
1781848606,0,421872,0,728.80,1951.59,2279423,6840909823,15418261503,41607495679,48251273215,488704,49861885951,11031943620.80,13429104747.15,421872,10,10,10,0,0,0,0,0,0,49459232767,49761222655,49828331519,36470829693.58,1953
1781848607,0,423651,0,730.61,1779.93,2287615,6874464255,15468593151,42043703295,48486154239,488704,50365202431,11135531507.08,13574800499.86,423651,10,10,10,0,0,0,0,0,0,49928994815,50298093567,50331647999,35700359366.01,1779
1781848608,0,425374,0,732.32,1723.09,2297855,6908018687,15527313407,42278584319,49123688447,488704,50935627775,11235901228.57,13716860552.56,425374,10,10,10,0,0,0,0,0,0,50566529023,50935627775,50935627775,35914794367.33,1723
1781848609,0,427240,0,734.27,1865.70,2306047,6958350335,15611199487,42379247615,49627004927,488704,51472498687,11350297306.52,13876512220.72,427240,10,10,10,0,0,0,0,0,0,51069845503,51438944255,51472498687,37428066471.92,1866
1781848610,0,428786,0,735.66,1545.58,2314239,6996099071,15669919743,42714791935,50063212543,488704,52143587327,11436513304.37,14000760189.76,428786,10,10,10,0,0,0,0,0,0,51673825279,52110032895,52143587327,35262466036.08,1546
1781848611,0,430756,0,737.78,1969.33,2322431,7059013631,15745417215,43251662847,50801410047,488704,52646903807,11563202985.98,14176890267.86,430756,10,10,10,0,0,0,0,0,0,52277805055,52613349375,52646903807,39138208985.28,1970
1781848612,0,432408,0,739.34,1652.38,2330623,7096762367,15804137471,43553652735,51170508799,488704,53284438015,11659096725.92,14314090696.22,432408,10,10,10,0,0,0,0,0,0,52781121535,53217329151,53250883583,36663215272.60,1652
1781848613,0,435239,0,742.91,2830.74,2344959,7189037055,15946743807,44258295807,52344913919,488704,53519319039,11870263401.97,14595530095.28,435239,10,10,10,0,0,0,0,0,0,53385101311,53519319039,53519319039,44123940568.12,2831
1781848614,0,437549,0,745.58,2311.79,2355199,7243563007,16005464063,45231374335,53150220287,488704,53888417791,12028652222.19,14806752522.91,437549,10,10,10,0,0,0,0,0,0,53687091199,53854863359,53888417791,41871505782.14,2310
1781848615,0,440330,0,749.04,2778.42,2367487,7335837695,16080961535,46372225023,53485764607,488704,54123298815,12232521181.79,15070223742.55,440330,10,10,10,0,0,0,0,0,0,54022635519,54123298815,54123298815,44308270698.23,2781
1781848616,0,443240,0,752.71,2911.30,2381823,7432306687,16139681791,47982837759,53955526655,488704,54324625407,12446896327.75,15340075306.30,443240,10,10,10,0,0,0,0,0,0,54190407679,54324625407,54324625407,44885318328.04,2910
1781848617,0,447889,0,759.32,4651.31,2402303,7579107327,17465081855,49056579583,54190407679,488704,54559506431,12821428851.10,15784859150.16,447889,10,10,10,0,0,0,0,0,0,54358179839,54525951999,54559506431,48529709266.24,4649
1781848618,0,448600,0,759.24,710.62,2404351,7566524415,17465081855,49157242879,54190407679,488704,54559506431,12825879279.68,15802783202.78,448600,10,10,10,0,0,0,0,0,0,4694015,54022635519,54056189951,15629392649.72,711
1781848619,0,449100,0,758.80,499.94,2406399,7541358591,17414750207,49123688447,54190407679,488704,54559506431,12811604426.94,15799770539.60,449100,10,10,10,0,0,0,0,0,0,4165631,6414335,7122943,4206548.99,500
1781848620,0,449600,0,758.36,500.22,2408447,7520387071,17347641343,49123688447,54190407679,488704,54559506431,12797361443.29,15796751051.60,449600,10,10,10,0,0,0,0,0,0,4386815,6139903,6705151,4313529.34,500
1781848621,0,450100,0,757.93,499.99,2408447,7507804159,17246978047,49123688447,54190407679,488704,54559506431,12783149771.95,15793725163.42,450100,10,10,10,0,0,0,0,0,0,4003839,5763071,6639615,4014903.30,500
1781848622,0,450600,0,757.49,499.92,2410495,7486832639,17196646399,49090134015,54190407679,488704,54559506431,12768969665.52,15790692644.00,450600,10,10,10,0,0,0,0,0,0,4034559,5967871,6459391,4037854.21,500
1781848623,0,451100,0,757.06,499.78,2412543,7465861119,17137926143,49090134015,54190407679,488704,54559506431,12754820936.07,15787653619.05,451100,10,10,10,0,0,0,0,0,0,3932159,5865471,6537215,3985955.33,500
1781848624,0,451600,0,756.63,499.97,2414591,7444889599,17079205887,49090134015,54190407679,488704,54559506431,12740703706.46,15784607963.26,451600,10,10,10,0,0,0,0,0,0,4210687,6045695,6819839,4139152.38,500
1781848625,0,452100,0,756.20,500.06,2416639,7423918079,17028874239,49056579583,54190407679,488704,54559506431,12726617753.01,15781555831.25,452100,10,10,10,0,0,0,0,0,0,4173823,6176767,7036927,4184603.65,500
1781848626,0,452600,0,755.77,500.25,2416639,7398752255,16978542591,49056579583,54190407679,488704,54559506431,12712562879.51,15778497355.18,452600,10,10,10,0,0,0,0,0,0,4095999,6270975,8544255,4146259.46,500
1781848627,0,453100,0,755.35,499.78,2418687,7373586431,16919822335,49023025151,54190407679,488704,54559506431,12698539107.96,15775432491.20,453100,10,10,10,0,0,0,0,0,0,4317183,6053887,6529023,4221100.54,500
1781848628,0,455190,0,757.57,2091.38,2428927,7260340223,16701718527,48989470719,54190407679,488704,54559506431,12641425520.38,15761626023.03,455190,10,10,10,0,0,0,0,0,0,244973567,435159039,533200895,259527657.46,2090
1781848629,0,457558,0,760.24,2367.99,2439167,7163871231,16458448895,48922361855,54190407679,488704,54559506431,12579536694.35,15744191507.06,457558,10,10,10,0,0,0,0,0,0,645398527,967311359,1037565951,682925747.89,2368
1781848630,0,459300,0,761.87,1741.63,2447359,7063207935,16273899519,48888807423,54190407679,488704,54559506431,12536806626.26,15729563447.25,459300,10,10,10,0,0,0,0,0,0,1293942783,1621098495,1635778559,1313221955.31,1742
1781848631,0,461514,0,764.28,2214.31,2457599,6928990207,16131293183,48855252991,54190407679,488704,54559506431,12485798555.92,15708982439.72,461514,10,10,10,0,0,0,0,0,0,1902116863,2174746623,2199912447,1904043042.23,2214
1781848632,0,463250,0,765.88,1735.91,2467839,6845104127,16122904575,48788144127,54190407679,488704,54559506431,12448351698.76,15691408547.81,463250,10,10,10,0,0,0,0,0,0,2480930815,2812280831,2843738111,2493139236.57,1736
1781848633,0,464580,0,766.81,1329.08,2473983,6798966783,16114515967,48754589695,54190407679,488704,54559506431,12421856709.13,15676736216.32,464580,10,10,10,0,0,0,0,0,0,3179282431,3542089727,3573547007,3193432689.18,1330
1781848634,0,466040,0,767.96,1460.91,2480127,6723469311,16097738751,48687480831,54190407679,488704,54559506431,12395295930.01,15659334591.23,466040,10,10,10,0,0,0,0,0,0,3936354303,4257218559,4286578687,3943510476.10,1460
1781848635,0,467400,0,768.93,1359.33,2486271,6660554751,16080961535,48653926399,54190407679,488704,54559506431,12372808586.15,15642079982.00,467400,10,10,10,0,0,0,0,0,0,4685037567,4987027455,5016387583,4666924959.62,1360
1781848636,0,468930,0,770.18,1530.66,2494463,6601834495,16064184319,48620371967,54190407679,488704,54559506431,12349949755.58,15621654842.08,468930,10,10,10,0,0,0,0,0,0,5381292031,5674893311,5708447743,5366801122.89,1530
1781848637,0,470250,0,771.08,1319.48,2500607,6538919935,16047407103,48586817535,54190407679,488704,54559506431,12332382762.94,15603231940.75,470250,10,10,10,0,0,0,0,0,0,6102712319,6417285119,6446645247,6091708627.01,1320
1781848638,0,472124,0,772.89,1874.32,2510847,6601834495,16030629887,48519708671,54190407679,488704,54559506431,12310415504.54,15576125123.34,472124,10,10,10,0,0,0,0,0,0,6807355391,7042236415,7067402239,6798087188.76,1874
1781848639,0,473559,0,773.97,1435.57,2516991,6647971839,16005464063,48486154239,54190407679,488704,54559506431,12295583343.16,15554838563.78,473559,10,10,10,0,0,0,0,0,0,7411335167,7751073791,7780433919,7415709227.89,1435
1781848640,0,475445,0,775.79,1886.00,2527231,6710886399,15988686847,48452599807,54190407679,488704,54559506431,12279148330.82,15526144000.57,475445,10,10,10,0,0,0,0,0,0,8178892799,8380219391,8409579519,8152452672.61,1886
1781848641,0,477050,0,777.14,1604.47,2535423,6777995263,15971909631,48452599807,54190407679,488704,54559506431,12267384934.72,15501330675.89,477050,10,10,10,0,0,0,0,0,0,8799649791,9076473855,9084862463,8782744525.60,1605
1781848642,0,479481,0,779.83,2431.73,2547711,6849298431,15929966591,48419045375,54190407679,488704,54559506431,12252467431.24,15463398921.92,479481,10,10,10,0,0,0,0,0,0,9319743487,9546235903,9596567551,9325114474.57,2431
1781848643,0,481860,0,782.42,2378.91,2559999,6933184511,15879634943,48385490943,54190407679,488704,54559506431,12241032216.05,15426036428.96,481860,10,10,10,0,0,0,0,0,0,9957277695,10125049855,10141827071,9936295597.68,2379
1781848644,0,484199,0,784.95,2339.34,2572287,7033847807,15829303295,48385490943,54190407679,488704,54559506431,12231904207.04,15389292791.35,484199,10,10,10,0,0,0,0,0,0,10376708095,10569646079,10653532159,10351432886.56,2339
1781848645,0,485380,0,785.59,1180.03,2578431,7088373759,15804137471,48351936511,54190407679,488704,54559506431,12229075286.36,15370669723.45,485380,10,10,10,0,0,0,0,0,0,11089739775,11400118271,11416895487,11069244155.01,1181
1781848646,0,487192,0,787.25,1812.66,2588671,7163871231,15762194431,48351936511,54190407679,488704,54559506431,12227290616.68,15342090821.85,487192,10,10,10,0,0,0,0,0,0,11744051199,12037652479,12062818303,11749231582.09,1812
1781848647,0,488684,0,788.38,1492.63,2596863,7222591487,15728639999,48318382079,54156853247,488704,54559506431,12227782996.40,15318659200.63,488684,10,10,10,0,0,0,0,0,0,12389974015,12725518335,12759072767,12388562795.75,1492
1781848648,0,490290,0,789.70,1605.65,2605055,7277117439,15695085567,48318382079,54156853247,488704,54559506431,12230692130.03,15293638471.13,490290,10,10,10,0,0,0,0,0,0,13153337343,13421772799,13438550015,13115902005.56,1606
1781848649,0,491864,0,790.96,1573.46,2613247,7348420607,15669919743,48318382079,54156853247,488704,54559506431,12235617654.30,15269400062.40,491864,10,10,10,0,0,0,0,0,0,13774094335,14067695615,14109638655,13769884043.55,1574
1781848650,0,493480,0,792.28,1615.86,2623487,7419723775,15636365311,48284827647,54156853247,488704,54559506431,12242931959.36,15244916204.34,493480,10,10,10,0,0,0,0,0,0,14478737407,14772338687,14797504511,14469196404.59,1616
1781848651,0,495000,0,793.45,1520.26,2631679,7474249727,15602810879,48284827647,54156853247,488704,54559506431,12251875566.89,15222349077.84,495000,10,10,10,0,0,0,0,0,0,15158214655,15476981759,15502147583,15155488358.40,1520
1781848652,0,496590,0,794.73,1589.98,2641919,7528775679,15669919743,48284827647,54156853247,488704,54559506431,12263335446.37,15199308842.01,496590,10,10,10,0,0,0,0,0,0,15829303295,16148070399,16181624831,15831033776.14,1590
1781848653,0,498080,0,795.84,1490.54,2650111,7579107327,15745417215,48251273215,54156853247,488704,54559506431,12276130680.29,15178359348.72,498080,10,10,10,0,0,0,0,0,0,16533946367,16852713471,16886267903,16540550285.57,1490
1781848654,0,499750,0,797.23,1669.11,2660351,7646216191,15829303295,48251273215,54156853247,488704,54559506431,12292635925.38,15155662376.90,499750,10,10,10,0,0,0,0,0,0,17230200831,17515413503,17548967935,17215349981.97,1670
1781848655,0,501270,0,798.38,1520.03,2668543,7713325055,15921577983,48251273215,54156853247,488704,54559506431,12309596243.86,15135795424.21,501270,10,10,10,0,0,0,0,0,0,17884512255,18220056575,18253611007,17885858848.34,1520
1781848656,0,502890,0,799.69,1620.64,2678783,7751073791,15980298239,48217718783,54156853247,488704,54559506431,12329801005.47,15115579580.50,502890,10,10,10,0,0,0,0,0,0,18589155327,18891145215,18924699647,18581678074.94,1620
1781848657,0,504430,0,800.86,1539.46,2686975,7767851007,16030629887,48217718783,54156853247,488704,54559506431,12350953985.68,15097332294.12,504430,10,10,10,0,0,0,0,0,0,19243466751,19579011071,19612565503,19258500880.62,1540
1781848658,0,505880,0,801.89,1449.88,2697215,7784628223,16080961535,48217718783,54156853247,488704,54559506431,12372819796.62,15081199649.10,505880,10,10,10,0,0,0,0,0,0,19998441471,20300431359,20333985791,19979558426.13,1450
1781848659,0,507570,0,803.30,1691.05,2707455,7805599743,16122904575,48184164351,54156853247,488704,54559506431,12400360681.56,15063613786.63,507570,10,10,10,0,0,0,0,0,0,20652752895,20954742783,20988297215,20644374215.35,1690
1781848660,0,509096,0,804.44,1525.94,2717695,7822376959,16248733695,48184164351,54156853247,488704,54559506431,12427127464.06,15048944426.30,509096,10,10,10,0,0,0,0,0,0,21340618751,21659385855,21676163071,21330152231.93,1526
1781848661,0,510650,0,805.62,1553.34,2725887,7881097215,16500391935,48184164351,54156853247,488704,54559506431,12456334231.22,15035328834.76,510650,10,10,10,0,0,0,0,0,0,22028484607,22347251711,22380806143,22024576401.96,1554
1781848662,0,512282,0,806.93,1632.98,2738175,7969177599,16785604607,48150609919,54156853247,488704,54559506431,12488976407.29,15022464815.05,512282,10,10,10,0,0,0,0,0,0,22716350463,23018340351,23035117567,22702657295.06,1632
1781848663,0,513730,0,807.93,1447.45,2746367,8019509247,17012097023,48150609919,54156853247,488704,54559506431,12519643718.22,15012368404.28,513730,10,10,10,0,0,0,0,0,0,23353884671,23722983423,23756537855,23369306270.41,1448
1781848664,0,515168,0,808.92,1438.19,2756607,8040480767,17230200831,48150609919,54156853247,488704,54559506431,12551930363.21,15003821247.61,515168,10,10,10,0,0,0,0,0,0,24058527743,24427626495,24461180927,24086435324.44,1438
1781848665,0,516510,0,809.76,1341.87,2764799,8074035199,17465081855,48117055487,54156853247,488704,54559506431,12583871394.35,14997383967.41,516510,10,10,10,0,0,0,0,0,0,24863834111,25182601215,25199378431,24845419179.68,1342
1781848666,0,517990,0,810.81,1479.52,2775039,8099201023,17548967935,48117055487,54156853247,488704,54559506431,12620897461.04,14991912655.78,517990,10,10,10,0,0,0,0,0,0,25551699967,25870467071,25904021503,25542744562.16,1480
1781848667,0,519350,0,811.67,1360.28,2783231,8107589631,17683185663,48117055487,54156853247,488704,54559506431,12656607646.92,14988485529.95,519350,10,10,10,0,0,0,0,0,0,26256343039,26608664575,26625441791,26257724693.08,1360
1781848668,0,520782,0,812.63,1432.05,2793471,8120172543,17901289471,48117055487,54156853247,488704,54559506431,12696013779.57,14986669383.58,520782,10,10,10,0,0,0,0,0,0,26994540543,27313307647,27346862079,26987616427.62,1432
1781848669,0,522120,0,813.45,1337.69,2803711,8124366847,18152947711,48083501055,54156853247,488704,54559506431,12734363208.10,14986568249.60,522120,10,10,10,0,0,0,0,0,0,27648851967,28034727935,28068282367,27660889432.39,1338
1781848670,0,523470,0,814.29,1349.97,2813951,8128561151,18421383167,48083501055,54156853247,488704,54559506431,12774898204.41,14988448345.54,523470,10,10,10,0,0,0,0,0,0,28470935551,28772925439,28806479871,28452033221.97,1350
1781848671,0,525020,0,815.43,1550.93,2826239,8149532671,18723373055,48083501055,54156853247,488704,54559506431,12823291724.22,14992711127.90,525020,10,10,10,0,0,0,0,0,0,29192355839,29477568511,29494345727,29166876119.70,1550
1781848672,0,526600,0,816.62,1578.90,2838527,8166309887,18991808511,48083501055,54156853247,488704,54559506431,12874326038.66,14999084435.01,526600,10,10,10,0,0,0,0,0,0,29846667263,30148657151,30182211583,29832576526.26,1580
1781848673,0,528160,0,817.77,1560.06,2848767,8178892799,19226689535,48049946623,54156853247,488704,54559506431,12926537988.22,15007611349.76,528160,10,10,10,0,0,0,0,0,0,30568087551,30853300223,30870077439,30551417882.26,1560
1781848674,0,529858,0,819.13,1698.58,2861055,8208252927,19495124991,48016392191,54156853247,488704,54559506431,12985020104.28,15019007189.55,529858,10,10,10,0,0,0,0,0,0,31155290111,31507611647,31524388863,31175782424.12,1698
1781848675,0,531339,0,820.15,1480.54,2873343,8237613055,19780337663,47982837759,54156853247,488704,54559506431,13037688379.38,15031114479.19,531339,10,10,10,0,0,0,0,0,0,31893487615,32212254719,32245809151,31880839566.26,1481
1781848676,0,532880,0,821.26,1541.67,2883583,8287944703,20099104767,47915728895,54156853247,488704,54559506431,13094161365.74,15045956052.80,532880,10,10,10,0,0,0,0,0,0,32564576255,32883343359,32916897791,32566127685.77,1541
1781848677,0,534430,0,822.38,1549.86,2897919,8334082047,20401094655,47882174463,54156853247,488704,54559506431,13152678765.16,15063253146.77,534430,10,10,10,0,0,0,0,0,0,33285996543,33587986431,33621540863,33270583153.30,1550
1781848678,0,535992,0,823.52,1562.57,2910207,8376025087,20652752895,47848620031,54156853247,488704,54559506431,13213309502.41,15083044195.31,535992,10,10,10,0,0,0,0,0,0,33973862399,34275852287,34309406719,33957794080.45,1562
1781848679,0,537490,0,824.55,1497.82,2922495,8413773823,20870856703,47781511167,54156853247,488704,54559506431,13273060264.48,15104360716.18,537490,10,10,10,0,0,0,0,0,0,34661728255,34997272575,34997272575,34652186074.40,1498
1781848680,0,539040,0,825.66,1549.63,2934783,8464105471,21105737727,47747956735,54156853247,488704,54559506431,13336545803.05,15128893783.77,539040,10,10,10,0,0,0,0,0,0,35366371327,35668361215,35701915647,35351282657.61,1550
1781848681,0,540490,0,826.62,1449.40,2947071,8501854207,21307064319,47680847871,54156853247,488704,54559506431,13397492267.35,15154219444.50,540490,10,10,10,0,0,0,0,0,0,36071014399,36373004287,36406558719,36054445452.89,1450
1781848682,0,542001,0,827.66,1511.81,2959359,8531214335,21407727615,47647293439,54156853247,488704,54559506431,13462602224.73,15183104733.52,542001,10,10,10,0,0,0,0,0,0,36775657471,37077647359,37111201791,36752662359.93,1511
1781848683,0,543500,0,828.69,1499.00,2975743,8564768767,21625831423,47580184575,54156853247,488704,54559506431,13528740109.24,15214223189.88,543500,10,10,10,0,0,0,0,0,0,37446746111,37782290431,37815844863,37442549009.93,1499
1781848684,0,544820,0,829.44,1320.19,2988031,8615100415,21860712447,47546630143,54156853247,488704,54559506431,13588490857.80,15244076363.16,544820,10,10,10,0,0,0,0,0,0,38218498047,38520487935,38554042367,38190408921.21,1320
1781848685,0,546557,0,830.81,1736.47,3002367,8648654847,22129147903,47445966847,54156853247,488704,54559506431,13668940534.47,15286381533.31,546557,10,10,10,0,0,0,0,0,0,38956695551,39158022143,39191576575,38902442459.15,1737
1781848686,0,547690,0,831.27,1132.45,3012607,8648654847,22296920063,47412412415,54156853247,488704,54559506431,13722511382.38,15315827685.78,547690,10,10,10,0,0,0,0,0,0,39594229759,39929774079,39963328511,39564984392.30,1133
1781848687,0,550225,0,833.85,2535.27,3037183,8698986495,22615687167,47311749119,54156853247,488704,54559506431,13844437356.74,15385243876.43,550225,10,10,10,0,0,0,0,0,0,40198209535,40433090559,40466644991,40186700432.01,2535
1781848688,0,551708,0,834.84,1483.34,3049471,8715763711,22733127679,47278194687,54156853247,488704,54559506431,13890367957.88,15416566633.12,551708,10,10,10,0,0,0,0,0,0,40634417151,41204842495,41238396927,30931612065.06,1483
1781848689,0,553308,0,835.99,1599.47,3063807,8732540927,22867345407,47211085823,54156853247,488704,54559506431,13932821351.30,15449336811.61,553308,10,10,10,0,0,0,0,0,0,41473277951,41976594431,42010148863,28571494338.56,1600
1781848690,0,554753,0,836.91,1446.03,3078143,8749318143,23001563135,47143976959,54156853247,488704,54559506431,13967179622.68,15478726507.07,554753,10,10,10,0,0,0,0,0,0,42177921023,42781900799,42815455231,27123377837.27,1445
1781848691,0,556155,0,837.76,1402.16,3090431,8766095359,23102226431,47076868095,54156853247,488704,54559506431,14001953181.93,15509610712.97,556155,10,10,10,0,0,0,0,0,0,43016781823,43587207167,43654316031,27761394204.49,1402
1781848692,0,557649,0,838.75,1493.97,3104767,8782872575,23219666943,47043313663,54123298815,488704,54559506431,14042679195.61,15546160613.30,557649,10,10,10,0,0,0,0,0,0,43889197055,44426067967,44459622399,29203305794.14,1494
1781848693,0,559272,0,839.93,1622.88,3121151,8808038399,23353884671,46976204799,54123298815,488704,54559506431,14092462520.86,15590634207.58,559272,10,10,10,0,0,0,0,0,0,44694503423,45197819903,45231374335,31197589781.61,1623
1781848694,0,560770,0,840.91,1497.08,3135487,8833204223,23471325183,46942650367,54123298815,488704,54559506431,14135515832.18,15631791798.30,560770,10,10,10,0,0,0,0,0,0,45432700927,45969571839,46036680703,30209288548.83,1498
1781848695,0,562273,0,841.91,1504.09,3149823,8858370047,23571988479,46875541503,54123298815,488704,54559506431,14180671412.29,15676045399.82,562273,10,10,10,0,0,0,0,0,0,46271561727,46774878207,46841987071,31028239381.12,1503
1781848696,0,563856,0,843.01,1582.84,3166207,8891924479,23739760639,47211085823,54123298815,488704,54559506431,14231558565.26,15726399997.90,563856,10,10,10,0,0,0,0,0,0,47043313663,47546630143,47613739007,32306398843.88,1583
1781848697,0,565359,0,844.00,1501.75,3182591,8917090303,23857201151,47580184575,54123298815,488704,54559506431,14278800259.46,15775286176.96,565359,10,10,10,0,0,0,0,0,0,47815065599,48351936511,48419045375,32001696283.59,1503
1781848698,0,566861,0,844.98,1503.38,3201023,8942256127,23974641663,47882174463,54123298815,488704,54559506431,14327174780.99,15826689089.17,566861,10,10,10,0,0,0,0,0,0,48620371967,49157242879,49190797311,32535544367.04,1502
1781848699,0,568404,0,846.02,1543.10,3223551,8967421951,24092082175,48117055487,54123298815,488704,54559506431,14380180968.59,15883411128.45,568404,10,10,10,0,0,0,0,0,0,49425678335,49962549247,49996103679,33853376371.31,1543
1781848700,0,569868,0,846.94,1463.95,3244031,8984199167,24226299903,48217718783,54123298815,488704,54559506431,14427794246.12,15937134109.07,569868,10,10,10,0,0,0,0,0,0,50197430271,50767855615,50801410047,32913844384.87,1464
1781848701,0,571553,0,848.18,1684.41,3270655,9017753599,24377294847,48351936511,54123298815,488704,54559506431,14491485428.74,16007027664.43,571553,10,10,10,0,0,0,0,0,0,51036291071,51539607551,51573161983,36031881188.65,1685
1781848702,0,573161,0,849.31,1608.59,3301375,9042919423,24511512575,48553263103,54123298815,488704,54559506431,14551885968.96,16075167056.69,573161,10,10,10,0,0,0,0,0,0,51774488575,52311359487,52344913919,36020859827.58,1608
1781848703,0,574640,0,850.24,1478.43,3330047,9068085247,24628953087,48888807423,54123298815,488704,54559506431,14603384644.17,16136614782.04,574640,10,10,10,0,0,0,0,0,0,52546240511,53116665855,53150220287,34560810055.31,1479
1781848704,0,576492,0,851.72,1852.74,3373055,9110028287,24813502463,49224351743,54123298815,488704,54559506431,14682804064.23,16226727254.04,576492,10,10,10,0,0,0,0,0,0,53485764607,53854863359,53888417791,39325123472.31,1852
1781848705,0,578161,0,852.93,1669.01,3418111,9135194111,24964497407,49526341631,54156853247,488704,54660169727,14749386559.81,16305712397.99,578161,10,10,10,0,0,0,0,0,0,54089744383,54626615295,54660169727,37747754471.15,1669
1781848706,0,579689,0,853.92,1527.93,3461119,9143582719,25098715135,49727668223,54223962111,488704,55431921663,14808189902.81,16377984039.33,579689,10,10,10,0,0,0,0,0,0,54794387455,55398367231,55431921663,37058058744.63,1528
1781848707,0,581310,0,855.05,1619.38,3516415,9151971327,25232932863,50029658111,54291070975,488704,56237228031,14875442481.28,16460346098.83,581310,10,10,10,0,0,0,0,0,0,55700357119,56170119167,56237228031,38925769415.30,1621
1781848708,0,583000,0,856.27,1690.69,3581951,9151971327,25367150591,50331647999,54391734271,488704,56975425535,14946872222.61,16548960971.96,583000,10,10,10,0,0,0,0,0,0,56438554623,56941871103,56975425535,39516589934.88,1690
1781848709,0,584700,0,857.51,1700.60,3659775,9160359935,25534922751,50734301183,54492397567,488704,57747177471,15021166883.21,16641833036.84,584700,10,10,10,0,0,0,0,0,0,57210306559,57713623039,57747177471,40499865193.41,1700
1781848710,0,586956,0,859.56,2256.31,3776511,9177137151,25786580991,51103399935,54995714047,488704,58418266111,15140097690.02,16783667860.05,586956,10,10,10,0,0,0,0,0,0,58049167359,58351157247,58418266111,45964052807.26,2256
1781848711,0,589975,0,862.72,3017.93,3956735,9202302975,26122125311,51808043007,56706990079,488704,58921582591,15310974389.21,16983614598.80,589975,10,10,10,0,0,0,0,0,0,58720255999,58854473727,58888028159,48532936579.18,3019
1781848712,0,593802,0,867.05,3828.78,4247551,9269411839,26608664575,52646903807,58351157247,488704,59324235775,15544278084.15,17248263817.49,593802,10,10,10,0,0,0,0,0,0,59156463615,59223572479,59257126911,51510661000.66,3827
1781848713,0,594510,0,866.81,707.81,4284415,9261023231,26608664575,52680458239,58418266111,488704,59391344639,15545113774.23,17262110730.93,594510,10,10,10,0,0,0,0,0,0,7409663,59357790207,59391344639,16246009876.25,708
1781848714,0,595010,0,866.28,500.09,4218879,9244246015,26591887359,52680458239,58418266111,488704,59391344639,15532053653.25,17260732158.10,595010,10,10,10,0,0,0,0,0,0,3172351,6701055,8978431,3308598.78,500
1781848715,0,595510,0,865.75,499.95,4112383,9227468799,26558332927,52646903807,58418266111,488704,59391344639,15519014851.71,17259346482.39,595510,10,10,10,0,0,0,0,0,0,2516991,3915775,4452351,2580245.50,500
1781848716,0,596010,0,865.22,500.04,4028415,9219080191,26541555711,52646903807,58418266111,488704,59391344639,15505998251.38,17257952902.87,596010,10,10,10,0,0,0,0,0,0,2754559,5128191,6270975,2966934.02,500
1781848717,0,596510,0,864.69,499.84,3940351,9210691583,26524778495,52646903807,58418266111,488704,59391344639,15493003240.08,17256551962.07,596510,10,10,10,0,0,0,0,0,0,2416639,4141055,10125311,2689860.10,500
1781848718,0,597010,0,864.16,500.06,3864575,9202302975,26491224063,52646903807,58418266111,488704,59391344639,15480030230.14,17255143282.10,597010,10,10,10,0,0,0,0,0,0,2465791,4192255,21807103,2969910.27,500
1781848719,0,597510,0,863.63,499.98,3803135,9193914367,26474446847,52646903807,58418266111,488704,59391344639,15467078741.09,17253727286.03,597510,10,10,10,0,0,0,0,0,0,2646015,4263935,4763647,2741787.14,500
1781848720,0,598010,0,863.11,499.85,3727359,9185525759,26457669631,52613349375,58418266111,488704,59391344639,15454148473.17,17252304234.38,598010,10,10,10,0,0,0,0,0,0,2185215,3332095,3825663,2219704.83,500
1781848721,0,598510,0,862.58,500.15,3670015,9185525759,26424115199,52613349375,58418266111,488704,59391344639,15441240015.59,17250873591.21,598510,10,10,10,0,0,0,0,0,0,2283519,4386815,5607423,2466587.65,500
1781848722,0,599010,0,862.06,499.90,3620863,9177137151,26390560767,52613349375,58418266111,488704,59391344639,15428353319.47,17249435392.88,599010,10,10,10,0,0,0,0,0,0,2576383,4308991,7229439,2720328.19,500
1781848723,0,599510,0,861.54,500.07,3569663,9168748543,26373783551,52613349375,58418266111,488704,59391344639,15415487769.13,17247990182.17,599510,10,10,10,0,0,0,0,0,0,2207743,4075519,4796415,2301153.28,500
1781848724,0,600010,0,861.02,500.13,3526655,9160359935,26340229119,52613349375,58418266111,488704,59391344639,15402643715.52,17246537637.20,600010,10,10,10,0,0,0,0,0,0,2220031,3870719,4685823,2366546.43,500
1781848725,0,600510,0,860.51,499.59,3485695,9160359935,26323451903,52579794943,58418266111,488704,59391344639,15389821052.90,17245077844.57,600510,10,10,10,0,0,0,0,0,0,2275327,3966975,4661247,2369457.66,500
1781848726,0,601010,0,859.99,500.29,3452927,9151971327,26289897471,52579794943,58418266111,488704,59391344639,15377019960.85,17243610636.31,601010,10,10,10,0,0,0,0,0,0,2574335,3954687,4370431,2652391.42,500
1781848727,0,601510,0,859.48,499.73,3418111,9151971327,26273120255,52579794943,58418266111,488704,59391344639,15364239965.13,17242136427.57,601510,10,10,10,0,0,0,0,0,0,2197503,3944447,9232383,2429513.22,500
1781848728,0,602010,0,858.96,500.30,3391487,9151971327,26239565823,52579794943,58384711679,488704,59391344639,15351481345.99,17240654960.54,602010,10,10,10,0,0,0,0,0,0,2531327,3960831,4362239,2607340.54,500
1781848729,0,602510,0,858.45,499.86,3368959,9143582719,26206011391,52579794943,58384711679,488704,59391344639,15338743914.85,17239166395.38,602510,10,10,10,0,0,0,0,0,0,2484223,4022271,4505599,2622072.32,500
1781848730,0,603010,0,857.94,499.87,3344383,9135194111,26189234175,52546240511,58384711679,488704,59391344639,15326027597.55,17237670790.10,603010,10,10,10,0,0,0,0,0,0,2426879,4530175,5132287,2610932.22,500
1781848731,0,603510,0,857.43,500.17,3323903,9110028287,26155679743,52546240511,58384711679,488704,59391344639,15313332303.82,17236168216.92,603510,10,10,10,0,0,0,0,0,0,2502655,3964927,4730879,2554153.98,500
1781848732,0,604010,0,856.93,500.23,3299327,9084862463,26122125311,52546240511,58384711679,488704,59391344639,15300657799.30,17234658875.80,604010,10,10,10,0,0,0,0,0,0,2232319,3362815,4227071,2277356.03,500
1781848733,0,604510,0,856.42,499.68,3280895,9059696639,26105348095,52546240511,58384711679,488704,59391344639,15288004489.88,17233142398.29,604510,10,10,10,0,0,0,0,0,0,2455551,3856383,4403199,2553638.91,500
1781848734,0,605010,0,855.92,499.89,3264511,9034530815,26088570879,52546240511,58384711679,488704,59391344639,15275372002.29,17231619107.67,605010,10,10,10,0,0,0,0,0,0,2318335,3999743,5054463,2441862.66,500
1781848735,0,605510,0,855.41,500.23,3248127,9017753599,26055016447,52546240511,58384711679,488704,59391344639,15262760357.27,17230088977.37,605510,10,10,10,0,0,0,0,0,0,2301951,3823615,4382719,2417646.08,500
1781848736,0,606010,0,854.91,499.96,3231743,8992587775,26038239231,52512686079,58384711679,488704,59391344639,15250169642.74,17228551921.51,606010,10,10,10,0,0,0,0,0,0,2461695,3934207,4464639,2562535.42,500
1781848737,0,606510,0,854.41,499.99,3219455,8967421951,26004684799,52512686079,58384711679,488704,59391344639,15237599620.62,17227008142.82,606510,10,10,10,0,0,0,0,0,0,2414591,3708927,4198399,2481406.46,500
1781848738,0,607010,0,853.91,500.06,3205119,8942256127,25987907583,52512686079,58384711679,488704,59391344639,15225050335.03,17225457594.10,607010,10,10,10,0,0,0,0,0,0,2414591,3899391,4276223,2515929.09,500
1781848739,0,607510,0,853.42,499.98,3192831,8925478911,25971130367,52512686079,58384711679,488704,59391344639,15212521779.34,17223900273.20,607510,10,10,10,0,0,0,0,0,0,2463743,4120575,6971391,2604604.93,500
1781848740,0,608010,0,852.92,499.92,3180543,8900313087,25937575935,52512686079,58384711679,488704,59391344639,15200013659.75,17222336431.40,608010,10,10,10,0,0,0,0,0,0,2312191,3739647,4440063,2398192.13,500
1781848741,0,608510,0,852.43,500.06,3170303,8866758655,25920798719,52479131647,58384711679,488704,59391344639,15187526248.21,17220765820.46,608510,10,10,10,0,0,0,0,0,0,2488319,4032511,4345855,2584070.66,500
1781848742,0,609010,0,851.93,499.89,3164159,8841592831,25887244287,52479131647,58384711679,488704,59391344639,15175059592.99,17219188390.02,609010,10,10,10,0,0,0,0,0,0,2852863,4067327,4403199,2890853.38,500
1781848743,0,609510,0,851.44,500.01,3151871,8816427007,25870467071,52479131647,58384711679,488704,59391344639,15162613026.25,17217604720.44,609510,10,10,10,0,0,0,0,0,0,2349055,3700735,4263935,2445808.64,500
1781848744,0,610010,0,850.95,500.03,3141631,8791261183,25836912639,52479131647,58384711679,488704,59391344639,15150186712.75,17216014657.90,610010,10,10,10,0,0,0,0,0,0,2232319,3262463,3926015,2262030.34,500
1781848745,0,610510,0,850.46,500.31,3131391,8774483967,25820135423,52479131647,58384711679,488704,59391344639,15137780952.99,17214417929.76,610510,10,10,10,0,0,0,0,0,0,2394111,3758079,4526079,2505924.10,500
1781848746,0,611010,0,849.97,499.85,3121151,8757706751,25786580991,52479131647,58384711679,488704,59391344639,15125395460.74,17212814779.65,611010,10,10,10,0,0,0,0,0,0,2355199,3837951,4214783,2461717.50,500
1781848747,0,611510,0,849.49,500.04,3110911,8740929535,25769803775,52445577215,58384711679,488704,59391344639,15113030230.60,17211205204.09,611510,10,10,10,0,0,0,0,0,0,2275327,4423679,5210111,2471698.43,500
1781848748,0,611580,0,848.41,69.96,3110911,8740929535,25753026559,52445577215,58384711679,488704,59391344639,15111300704.62,17210979359.67,611580,10,10,10,0,0,0,0,0,0,2277375,3278847,5242879,2408769.83,70
1781848749,0,611580,0,847.23,0.00,3110911,8740929535,25753026559,52445577215,58384711679,488704,59391344639,15111300704.62,17210979359.67,611580,10,10,10,0,0,0,0,0,0,0,0,0,0.00,0
1781848750,0,611580,0,846.06,0.00,3110911,8740929535,25753026559,52445577215,58384711679,488704,59391344639,15111300704.62,17210979359.67,611580,10,10,10,0,0,0,0,0,0,0,0,0,0.00,0
