timestamp,sent_count,received_count,error_count,total_throughput,interval_throughput,latency_ns_p25,latency_ns_p50,latency_ns_p75,latency_ns_p95,latency_ns_p99,latency_ns_min,latency_ns_max,latency_ns_mean,latency_ns_stddev,latency_sample_count,connections,active_connections,connection_attempts,connection_failures,crashes_injected,reconnects,reconnect_failures,duplicate_count,gap_count,interval_latency_ns_p50,interval_latency_ns_p95,interval_latency_ns_p99,interval_latency_ns_mean,interval_latency_sample_count
1781847965,0,0,0,0.00,0.00,0,0,0,0,0,0,0,0.00,0.00,0,1,1,1,0,0,0,0,0,0,0,0,0,0.00,0
1781847966,0,0,0,0.00,0.00,0,0,0,0,0,0,0,0.00,0.00,0,1,1,1,0,0,0,0,0,0,0,0,0,0.00,0
1781847967,0,0,0,0.00,0.00,0,0,0,0,0,0,0,0.00,0.00,0,1,1,1,0,0,0,0,0,0,0,0,0,0.00,0
1781847968,0,0,0,0.00,0.00,0,0,0,0,0,0,0,0.00,0.00,0,1,1,1,0,0,0,0,0,0,0,0,0,0.00,0
1781847969,0,0,0,0.00,0.00,0,0,0,0,0,0,0,0.00,0.00,0,1,1,1,0,0,0,0,0,0,0,0,0,0.00,0
1781847970,0,0,0,0.00,0.00,0,0,0,0,0,0,0,0.00,0.00,0,1,1,1,0,0,0,0,0,0,0,0,0,0.00,0
1781847971,0,0,0,0.00,0.00,0,0,0,0,0,0,0,0.00,0.00,0,1,1,1,0,0,0,0,0,0,0,0,0,0.00,0
1781847972,0,0,0,0.00,0.00,0,0,0,0,0,0,0,0.00,0.00,0,2,2,2,0,0,0,0,0,0,0,0,0,0.00,0
1781847973,0,0,0,0.00,0.00,0,0,0,0,0,0,0,0.00,0.00,0,2,2,2,0,0,0,0,0,0,0,0,0,0.00,0
1781847974,0,0,0,0.00,0.00,0,0,0,0,0,0,0,0.00,0.00,0,2,2,2,0,0,0,0,0,0,0,0,0,0.00,0
1781847975,0,0,0,0.00,0.00,0,0,0,0,0,0,0,0.00,0.00,0,2,2,2,0,0,0,0,0,0,0,0,0,0.00,0
1781847976,0,0,0,0.00,0.00,0,0,0,0,0,0,0,0.00,0.00,0,2,2,2,0,0,0,0,0,0,0,0,0,0.00,0
1781847977,0,0,0,0.00,0.00,0,0,0,0,0,0,0,0.00,0.00,0,2,2,2,0,0,0,0,0,0,0,0,0,0.00,0
1781847978,0,0,0,0.00,0.00,0,0,0,0,0,0,0,0.00,0.00,0,2,2,2,0,0,0,0,0,0,0,0,0,0.00,0
1781847979,0,0,0,0.00,0.00,0,0,0,0,0,0,0,0.00,0.00,0,3,3,3,0,0,0,0,0,0,0,0,0,0.00,0
1781847980,0,0,0,0.00,0.00,0,0,0,0,0,0,0,0.00,0.00,0,3,3,3,0,0,0,0,0,0,0,0,0,0.00,0
1781847981,0,0,0,0.00,0.00,0,0,0,0,0,0,0,0.00,0.00,0,3,3,3,0,0,0,0,0,0,0,0,0,0.00,0
1781847982,0,0,0,0.00,0.00,0,0,0,0,0,0,0,0.00,0.00,0,3,3,3,0,0,0,0,0,0,0,0,0,0.00,0
1781847983,0,0,0,0.00,0.00,0,0,0,0,0,0,0,0.00,0.00,0,3,3,3,0,0,0,0,0,0,0,0,0,0.00,0
1781847984,0,0,0,0.00,0.00,0,0,0,0,0,0,0,0.00,0.00,0,3,3,3,0,0,0,0,0,0,0,0,0,0.00,0
1781847985,0,0,0,0.00,0.00,0,0,0,0,0,0,0,0.00,0.00,0,3,3,3,0,0,0,0,0,0,0,0,0,0.00,0
1781847986,0,0,0,0.00,0.00,0,0,0,0,0,0,0,0.00,0.00,0,4,4,4,0,0,0,0,0,0,0,0,0,0.00,0
1781847987,0,0,0,0.00,0.00,0,0,0,0,0,0,0,0.00,0.00,0,4,4,4,0,0,0,0,0,0,0,0,0,0.00,0
1781847988,0,0,0,0.00,0.00,0,0,0,0,0,0,0,0.00,0.00,0,4,4,4,0,0,0,0,0,0,0,0,0,0.00,0
1781847989,0,0,0,0.00,0.00,0,0,0,0,0,0,0,0.00,0.00,0,4,4,4,0,0,0,0,0,0,0,0,0,0.00,0
1781847990,0,0,0,0.00,0.00,0,0,0,0,0,0,0,0.00,0.00,0,4,4,4,0,0,0,0,0,0,0,0,0,0.00,0
1781847991,0,0,0,0.00,0.00,0,0,0,0,0,0,0,0.00,0.00,0,4,4,4,0,0,0,0,0,0,0,0,0,0.00,0
1781847992,0,0,0,0.00,0.00,0,0,0,0,0,0,0,0.00,0.00,0,5,5,5,0,0,0,0,0,0,0,0,0,0.00,0
1781847993,0,0,0,0.00,0.00,0,0,0,0,0,0,0,0.00,0.00,0,5,5,5,0,0,0,0,0,0,0,0,0,0.00,0
1781847994,0,0,0,0.00,0.00,0,0,0,0,0,0,0,0.00,0.00,0,5,5,5,0,0,0,0,0,0,0,0,0,0.00,0
1781847995,0,0,0,0.00,0.00,0,0,0,0,0,0,0,0.00,0.00,0,5,5,5,0,0,0,0,0,0,0,0,0,0.00,0
1781847996,0,0,0,0.00,0.00,0,0,0,0,0,0,0,0.00,0.00,0,5,5,5,0,0,0,0,0,0,0,0,0,0.00,0
1781847997,0,0,0,0.00,0.00,0,0,0,0,0,0,0,0.00,0.00,0,5,5,5,0,0,0,0,0,0,0,0,0,0.00,0
1781847998,0,0,0,0.00,0.00,0,0,0,0,0,0,0,0.00,0.00,0,5,5,5,0,0,0,0,0,0,0,0,0,0.00,0
1781847999,0,0,0,0.00,0.00,0,0,0,0,0,0,0,0.00,0.00,0,6,6,6,0,0,0,0,0,0,0,0,0,0.00,0
1781848000,0,0,0,0.00,0.00,0,0,0,0,0,0,0,0.00,0.00,0,6,6,6,0,0,0,0,0,0,0,0,0,0.00,0
1781848001,0,0,0,0.00,0.00,0,0,0,0,0,0,0,0.00,0.00,0,6,6,6,0,0,0,0,0,0,0,0,0,0.00,0
1781848002,0,0,0,0.00,0.00,0,0,0,0,0,0,0,0.00,0.00,0,6,6,6,0,0,0,0,0,0,0,0,0,0.00,0
1781848003,0,0,0,0.00,0.00,0,0,0,0,0,0,0,0.00,0.00,0,6,6,6,0,0,0,0,0,0,0,0,0,0.00,0
1781848004,0,0,0,0.00,0.00,0,0,0,0,0,0,0,0.00,0.00,0,6,6,6,0,0,0,0,0,0,0,0,0,0.00,0
1781848005,0,0,0,0.00,0.00,0,0,0,0,0,0,0,0.00,0.00,0,6,6,6,0,0,0,0,0,0,0,0,0,0.00,0
1781848006,0,0,0,0.00,0.00,0,0,0,0,0,0,0,0.00,0.00,0,7,7,7,0,0,0,0,0,0,0,0,0,0.00,0
1781848007,0,0,0,0.00,0.00,0,0,0,0,0,0,0,0.00,0.00,0,7,7,7,0,0,0,0,0,0,0,0,0,0.00,0
1781848008,0,0,0,0.00,0.00,0,0,0,0,0,0,0,0.00,0.00,0,7,7,7,0,0,0,0,0,0,0,0,0,0.00,0
1781848009,0,0,0,0.00,0.00,0,0,0,0,0,0,0,0.00,0.00,0,7,7,7,0,0,0,0,0,0,0,0,0,0.00,0
1781848010,0,0,0,0.00,0.00,0,0,0,0,0,0,0,0.00,0.00,0,7,7,7,0,0,0,0,0,0,0,0,0,0.00,0
1781848011,0,0,0,0.00,0.00,0,0,0,0,0,0,0,0.00,0.00,0,7,7,7,0,0,0,0,0,0,0,0,0,0.00,0
1781848012,0,0,0,0.00,0.00,0,0,0,0,0,0,0,0.00,0.00,0,8,8,8,0,0,0,0,0,0,0,0,0,0.00,0
1781848013,0,0,0,0.00,0.00,0,0,0,0,0,0,0,0.00,0.00,0,8,8,8,0,0,0,0,0,0,0,0,0,0.00,0
1781848014,0,0,0,0.00,0.00,0,0,0,0,0,0,0,0.00,0.00,0,8,8,8,0,0,0,0,0,0,0,0,0,0.00,0
1781848015,0,0,0,0.00,0.00,0,0,0,0,0,0,0,0.00,0.00,0,8,8,8,0,0,0,0,0,0,0,0,0,0.00,0
1781848016,0,0,0,0.00,0.00,0,0,0,0,0,0,0,0.00,0.00,0,8,8,8,0,0,0,0,0,0,0,0,0,0.00,0
1781848017,0,0,0,0.00,0.00,0,0,0,0,0,0,0,0.00,0.00,0,8,8,8,0,0,0,0,0,0,0,0,0,0.00,0
1781848018,0,0,0,0.00,0.00,0,0,0,0,0,0,0,0.00,0.00,0,8,8,8,0,0,0,0,0,0,0,0,0,0.00,0
1781848019,0,0,0,0.00,0.00,0,0,0,0,0,0,0,0.00,0.00,0,9,9,9,0,0,0,0,0,0,0,0,0,0.00,0
1781848020,0,0,0,0.00,0.00,0,0,0,0,0,0,0,0.00,0.00,0,9,9,9,0,0,0,0,0,0,0,0,0,0.00,0
1781848021,0,0,0,0.00,0.00,0,0,0,0,0,0,0,0.00,0.00,0,9,9,9,0,0,0,0,0,0,0,0,0,0.00,0
1781848022,0,0,0,0.00,0.00,0,0,0,0,0,0,0,0.00,0.00,0,9,9,9,0,0,0,0,0,0,0,0,0,0.00,0
1781848023,0,0,0,0.00,0.00,0,0,0,0,0,0,0,0.00,0.00,0,9,9,9,0,0,0,0,0,0,0,0,0,0.00,0
1781848024,0,0,0,0.00,0.00,0,0,0,0,0,0,0,0.00,0.00,0,9,9,9,0,0,0,0,0,0,0,0,0,0.00,0
1781848025,0,0,0,0.00,0.00,0,0,0,0,0,0,0,0.00,0.00,0,9,9,9,0,0,0,0,0,0,0,0,0,0.00,0
1781848026,0,0,0,0.00,0.00,0,0,0,0,0,0,0,0.00,0.00,0,10,10,10,0,0,0,0,0,0,0,0,0,0.00,0
1781848027,0,160,0,222.70,160.00,2117631,2684927,3252223,47841279,49217535,1287168,49512447,6108934.40,11288231.10,160,10,10,10,0,0,0,0,0,0,2684927,47841279,49217535,6108934.40,160
1781848028,0,360,0,209.50,200.02,2025471,2469887,2951167,12705791,48922623,1287168,49512447,4047371.38,7757336.92,360,10,10,10,0,0,0,0,0,0,2369535,3190783,3852287,2398120.96,200
1781848029,0,560,0,206.01,200.00,1981439,2461695,2934783,3852287,48267263,1287168,49512447,3463453.26,6278030.43,560,10,10,10,0,0,0,0,0,0,2433023,3203071,3559423,2412400.64,200
1781848030,0,760,0,204.39,199.99,1973247,2455551,2920447,3424255,47972351,1287168,49512447,3188123.62,5416002.54,760,10,10,10,0,0,0,0,0,0,2428927,3190783,3379199,2417200.64,200
1781848031,0,960,0,203.46,200.01,1974271,2455551,2926591,3424255,47677439,1287168,49512447,3047514.13,4837511.21,960,10,10,10,0,0,0,0,0,0,2439167,3401727,5197823,2513198.08,200
1781848032,0,1160,0,202.86,200.05,1986559,2463743,2932735,3393535,14876671,1287168,49512447,2956057.16,4411150.71,1160,10,10,10,0,0,0,0,0,0,2504703,3346431,3708927,2517063.68,200
1781848033,0,1360,0,202.43,199.93,1999871,2461695,2940927,3389439,14458879,1287168,49512447,2890642.82,4082501.28,1360,10,10,10,0,0,0,0,0,0,2455551,3313663,3559423,2511239.68,200
1781848034,0,1560,0,202.11,199.99,1986559,2463743,2930687,3356671,13434879,1287168,49512447,2830118.07,3819628.11,1560,10,10,10,0,0,0,0,0,0,2465791,3176447,3254271,2418549.76,200
1781848035,0,1760,0,201.87,200.01,2004991,2465791,2926591,3350527,12951551,1287168,49512447,2792709.53,3601813.05,1760,10,10,10,0,0,0,0,0,0,2478079,3287039,3491839,2500922.88,200
1781848036,0,1960,0,201.68,200.05,2008063,2465791,2936831,3352575,11476991,1287168,49512447,2765405.52,3418692.61,1960,10,10,10,0,0,0,0,0,0,2430975,3354623,3727359,2525130.24,200
1781848037,0,2160,0,201.53,200.02,2006015,2461695,2932735,3317759,5226495,1287168,49512447,2733519.64,3261876.13,2160,10,10,10,0,0,0,0,0,0,2379775,3198975,3313663,2421038.08,200
1781848038,0,2360,0,201.40,199.99,2007039,2461695,2932735,3315711,4706303,1287168,49512447,2713826.71,3125126.26,2360,10,10,10,0,0,0,0,0,0,2484223,3276799,3454975,2501143.04,200
1781848039,0,2560,0,201.29,199.99,2010111,2463743,2936831,3321855,4419583,1287168,49512447,2696887.60,3005139.44,2560,10,10,10,0,0,0,0,0,0,2478079,3377151,3592191,2497006.08,200
1781848040,0,2760,0,201.19,200.03,2014207,2463743,2942975,3342335,4341759,1287168,49512447,2686320.23,2898921.78,2760,10,10,10,0,0,0,0,0,0,2443263,3428351,4321279,2551057.92,200
1781848041,0,2960,0,201.12,200.03,2023423,2465791,2947071,3323903,4194303,1287168,49512447,2675779.11,2802855.80,2960,10,10,10,0,0,0,0,0,0,2551807,3268607,3643391,2530311.68,200
1781848042,0,3160,0,201.04,199.99,2014207,2461695,2942975,3315711,4149247,1287168,49512447,2658711.49,2716893.03,3160,10,10,10,0,0,0,0,0,0,2312191,3231743,3545087,2406110.72,200
1781848043,0,3360,0,200.98,200.00,2012159,2461695,2945023,3321855,4141055,1287168,49512447,2649186.90,2638988.18,3360,10,10,10,0,0,0,0,0,0,2447359,3348479,3964927,2498698.24,200
1781848044,0,3560,0,200.92,199.82,2010111,2455551,2942975,3313663,4120575,1287168,49512447,2637254.47,2567056.81,3560,10,10,10,0,0,0,0,0,0,2406399,3186687,3317759,2436789.76,200
1781848045,0,3760,0,200.88,200.16,2014207,2463743,2947071,3334143,4440063,1287168,49512447,2639430.54,2504987.00,3760,10,10,10,0,0,0,0,0,0,2553855,4493311,5500927,2678164.48,200
1781848046,0,3960,0,200.82,199.83,2017279,2461695,2945023,3317759,4341759,1287168,49512447,2629304.76,2443828.63,3960,10,10,10,0,0,0,0,0,0,2392063,3149823,3262463,2438940.16,200
1781848047,0,4160,0,200.78,200.00,2013183,2457599,2945023,3315711,4210687,1287168,49512447,2620993.60,2387718.18,4160,10,10,10,0,0,0,0,0,0,2367487,3225599,3596287,2456432.64,200
1781848048,0,4360,0,200.75,200.00,2011135,2455551,2945023,3311615,4194303,1287168,49512447,2613253.75,2335231.46,4360,10,10,10,0,0,0,0,0,0,2418687,3233791,3387391,2452264.96,200
1781848049,0,4560,0,200.72,200.19,2009087,2455551,2947071,3309567,4163583,1287168,49512447,2607800.48,2286830.47,4560,10,10,10,0,0,0,0,0,0,2433023,3260415,4095999,2488919.04,200
1781848050,0,4760,0,200.69,199.83,2006015,2449407,2945023,3305471,4149247,1287168,49512447,2598654.17,2241180.07,4760,10,10,10,0,0,0,0,0,0,2334719,3184639,3266559,2390118.40,200
1781848051,0,4960,0,200.66,199.99,2004991,2449407,2942975,3303423,4130815,1287168,49512447,2592828.90,2198183.22,4960,10,10,10,0,0,0,0,0,0,2433023,3250175,3377151,2454187.52,200
1781848052,0,5160,0,200.63,200.01,2004991,2447359,2945023,3299327,4120575,1287168,49512447,2587460.37,2157885.95,5160,10,10,10,0,0,0,0,0,0,2387967,3270655,3336191,2454320.64,200
1781848053,0,5360,0,200.61,199.99,2002943,2445311,2940927,3297279,4093951,1201152,49512447,2580073.65,2119893.68,5360,10,10,10,0,0,0,0,0,0,2369535,3188735,3307519,2389496.32,200
1781848054,0,5560,0,200.59,200.03,2001919,2445311,2938879,3293183,4048895,1201152,49512447,2575725.12,2083895.60,5560,10,10,10,0,0,0,0,0,0,2476031,3225599,3395583,2459184.64,200
1781848055,0,5760,0,200.57,199.94,2002943,2449407,2942975,3293183,4077567,1201152,49512447,2574828.00,2050248.44,5760,10,10,10,0,0,0,0,0,0,2594815,3317759,4100095,2549888.00,200
1781848056,0,5960,0,200.55,200.03,2002943,2447359,2942975,3291135,4048895,1201152,49512447,2571039.01,2017957.44,5960,10,10,10,0,0,0,0,0,0,2400255,3198975,3698687,2461916.16,200
1781848057,0,6160,0,200.53,200.14,2002943,2447359,2942975,3291135,4050943,1201152,49512447,2568344.77,1988270.88,6160,10,10,10,0,0,0,0,0,0,2396159,3360767,4587519,2488056.32,200
1781848058,0,6360,0,200.52,199.97,2000895,2447359,2940927,3289087,4028415,1201152,49512447,2563669.25,1959251.51,6360,10,10,10,0,0,0,0,0,0,2449407,3182591,3354623,2419663.36,200
1781848059,0,6560,0,200.50,200.01,2000895,2445311,2938879,3287039,4005887,1201152,49512447,2558769.80,1931339.16,6560,10,10,10,0,0,0,0,0,0,2379775,3153919,3330047,2402967.04,200
1781848060,0,6760,0,200.49,199.98,2000895,2447359,2940927,3282943,3969023,1201152,49512447,2557052.67,1904643.45,6760,10,10,10,0,0,0,0,0,0,2521087,3248127,3319807,2500730.88,200
1781848061,0,6960,0,200.47,200.02,2001919,2449407,2940927,3287039,3964927,1201152,49512447,2555274.37,1879401.99,6960,10,10,10,0,0,0,0,0,0,2488319,3311615,3502079,2495168.00,200
1781848062,0,7160,0,200.46,200.01,2000895,2449407,2940927,3280895,4005887,1201152,49512447,2554124.23,1856285.63,7160,10,10,10,0,0,0,0,0,0,2484223,3225599,5390335,2514099.20,200
1781848063,0,7360,0,200.45,199.99,2001919,2449407,2940927,3287039,3969023,1201152,49512447,2552523.90,1833107.74,7360,10,10,10,0,0,0,0,0,0,2410495,3332095,3661823,2495232.00,200
1781848064,0,7560,0,200.43,200.00,2002943,2449407,2942975,3287039,3983359,1201152,49512447,2552684.22,1811085.45,7560,10,10,10,0,0,0,0,0,0,2527231,3342335,4231167,2558584.32,200
1781848065,0,7760,0,200.42,199.87,2000895,2449407,2942975,3282943,3964927,1201152,49512447,2549346.84,1789696.86,7760,10,10,10,0,0,0,0,0,0,2396159,3196927,3364863,2423193.60,200
1781848066,0,7960,0,200.41,200.05,2002943,2449407,2947071,3289087,4022271,1201152,49512447,2551192.51,1770053.58,7960,10,10,10,0,0,0,0,0,0,2568191,3594239,4866047,2622804.48,200
1781848067,0,8160,0,200.40,200.10,2003967,2449407,2945023,3287039,3983359,1201152,49512447,2548561.76,1749899.03,8160,10,10,10,0,0,0,0,0,0,2404351,3203071,3305471,2443857.92,200
1781848068,0,8360,0,200.39,199.86,2004991,2449407,2945023,3289087,3964927,1201152,49512447,2546746.06,1730879.03,8360,10,10,10,0,0,0,0,0,0,2457599,3321855,3407871,2472665.60,200
1781848069,0,8560,0,200.38,199.97,2003967,2449407,2942975,3287039,3938303,1201152,49512447,2543622.76,1712569.45,8560,10,10,10,0,0,0,0,0,0,2340863,3215359,3407871,2413068.80,200
1781848070,0,8760,0,200.38,200.18,2002943,2445311,2942975,3287039,3921919,1201152,49512447,2540751.61,1694666.63,8760,10,10,10,0,0,0,0,0,0,2367487,3170303,3319807,2417866.24,200
1781848071,0,8960,0,200.36,199.84,2003967,2445311,2942975,3287039,3921919,1201152,49512447,2539926.11,1677622.02,8960,10,10,10,0,0,0,0,0,0,2443263,3287039,3831807,2503769.60,200
1781848072,0,9160,0,200.36,200.09,2002943,2445311,2942975,3287039,3964927,1201152,49512447,2539718.82,1662704.63,9160,10,10,10,0,0,0,0,0,0,2406399,3454975,5357567,2530432.00,200
1781848073,0,9360,0,200.35,199.90,2002943,2445311,2942975,3287039,3964927,1201152,49512447,2537971.15,1646899.48,9360,10,10,10,0,0,0,0,0,0,2406399,3215359,3784703,2457927.68,200
1781848074,0,9560,0,200.34,200.15,2000895,2443263,2940927,3284991,3946495,1201152,49512447,2534446.38,1631436.48,9560,10,10,10,0,0,0,0,0,0,2269183,3160063,3272703,2369487.36,200
1781848075,0,9760,0,200.34,199.97,1999871,2443263,2940927,3280895,3936255,1201152,49512447,2532513.84,1616467.33,9760,10,10,10,0,0,0,0,0,0,2340863,3227647,3362815,2440138.24,200
1781848076,0,9960,0,200.33,199.98,1999871,2443263,2942975,3284991,3964927,1201152,49512447,2532715.75,1602779.96,9960,10,10,10,0,0,0,0,0,0,2439167,3434495,4624383,2542568.96,200
1781848077,0,10160,0,200.32,199.99,1999871,2439167,2942975,3284991,3946495,1201152,49512447,2530326.83,1588914.07,10160,10,10,10,0,0,0,0,0,0,2303999,3287039,3608575,2411358.72,200
1781848078,0,10360,0,200.32,200.01,1999871,2441215,2942975,3287039,3946495,1201152,49512447,2530379.96,1575480.76,10360,10,10,10,0,0,0,0,0,0,2512895,3338239,3936255,2533079.04,200
1781848079,0,10560,0,200.31,199.97,1999871,2441215,2942975,3289087,3960831,1201152,49512447,2529770.81,1562961.75,10560,10,10,10,0,0,0,0,0,0,2447359,3397631,4464639,2498216.96,200
1781848080,0,10760,0,200.30,200.02,1999871,2441215,2945023,3287039,3946495,1201152,49512447,2528447.38,1550320.30,10760,10,10,10,0,0,0,0,0,0,2412543,3262463,3325951,2458570.24,200
1781848081,0,10960,0,200.30,200.01,1999871,2441215,2947071,3289087,3981311,1201152,49512447,2529548.80,1538702.09,10960,10,10,10,0,0,0,0,0,0,2467839,3432447,4624383,2588805.12,200
1781848082,0,11160,0,200.29,199.97,2000895,2443263,2949119,3289087,3969023,1201152,49512447,2530400.57,1526519.62,11160,10,10,10,0,0,0,0,0,0,2566143,3317759,3727359,2577077.76,200
1781848083,0,11360,0,200.29,199.93,2000895,2445311,2951167,3293183,4022271,1201152,49512447,2533510.31,1519938.25,11360,10,10,10,0,0,0,0,0,0,2549759,3915775,6590463,2707033.60,200
1781848084,0,11560,0,200.28,200.05,2002943,2447359,2953215,3297279,4040703,1201152,49512447,2534618.53,1508967.05,11560,10,10,10,0,0,0,0,0,0,2562047,3588095,4122623,2597565.44,200
1781848085,0,11760,0,200.28,200.01,2004991,2449407,2955263,3303423,4022271,1201152,49512447,2535966.04,1497705.30,11760,10,10,10,0,0,0,0,0,0,2578431,3397631,3471359,2613852.16,200
1781848086,0,11960,0,200.27,200.05,2004991,2449407,2955263,3303423,4012031,1201152,49512447,2535318.95,1486873.11,11960,10,10,10,0,0,0,0,0,0,2455551,3301375,3575807,2497269.76,200
1781848087,0,12180,0,200.60,219.99,2006015,2451455,2957311,3309567,4198399,1201152,49512447,2562990.58,1596884.75,12180,10,10,10,0,0,0,0,0,0,2596863,16990207,17711103,4067321.02,220
1781848088,0,12380,0,200.59,199.95,2007039,2455551,2961407,3315711,4210687,1201152,49512447,2564088.39,1585886.54,12380,10,10,10,0,0,0,0,0,0,2605055,3532799,4227071,2630945.28,200
1781848089,0,12580,0,200.58,200.03,2008063,2457599,2961407,3315711,4194303,1201152,49512447,2563984.44,1574671.04,12580,10,10,10,0,0,0,0,0,0,2588671,3334143,3500031,2557550.08,200
1781848090,0,12780,0,200.57,200.03,2010111,2461695,2965503,3321855,4276223,1201152,49512447,2569436.91,1572983.85,12780,10,10,10,0,0,0,0,0,0,2682879,3792895,9019391,2912396.80,200
1781848091,0,12980,0,200.56,200.01,2011135,2463743,2965503,3327999,4427775,1201152,49512447,2574114.48,1574509.97,12980,10,10,10,0,0,0,0,0,0,2529279,3723263,10190847,2873011.20,200
1781848092,0,13180,0,200.55,199.90,2013183,2463743,2967551,3332095,4542463,1201152,49512447,2581311.86,1582547.72,13180,10,10,10,0,0,0,0,0,0,2605055,5136383,11853823,3048422.40,200
1781848093,0,13380,0,200.54,200.05,2013183,2465791,2969599,3338239,4718591,1201152,49512447,2583188.89,1574598.82,13380,10,10,10,0,0,0,0,0,0,2547711,4923391,5513215,2706885.12,200
1781848094,0,13580,0,200.54,200.09,2011135,2463743,2967551,3334143,4689919,1201152,49512447,2580018.97,1564540.48,13580,10,10,10,0,0,0,0,0,0,2351103,3207167,3282943,2367951.36,200
1781848095,0,13780,0,200.53,199.88,2010111,2463743,2967551,3332095,4624383,1201152,49512447,2577695.06,1554581.15,13780,10,10,10,0,0,0,0,0,0,2367487,3211263,3342335,2419901.44,200
1781848096,0,13980,0,200.52,200.02,2011135,2463743,2967551,3332095,4620287,1201152,49512447,2576667.21,1544696.76,13980,10,10,10,0,0,0,0,0,0,2519039,3248127,3373055,2505848.32,200
1781848097,0,14180,0,200.51,200.00,2012159,2463743,2967551,3336191,4837375,1201152,49512447,2584507.14,1563456.43,14180,10,10,10,0,0,0,0,0,0,2506751,5865471,14041087,3132518.40,200
1781848098,0,14380,0,200.51,199.98,2012159,2463743,2967551,3334143,4800511,1201152,49512447,2582967.29,1553880.43,14380,10,10,10,0,0,0,0,0,0,2478079,3227647,3411967,2473792.00,200
1781848099,0,14580,0,200.50,200.02,2012159,2463743,2969599,3336191,4898815,1201152,49512447,2589142.28,1566420.28,14580,10,10,10,0,0,0,0,0,0,2510847,3954687,13500415,3033123.84,200
1781848100,0,14780,0,200.49,199.98,2012159,2463743,2971647,3336191,4878335,1201152,49512447,2587915.50,1557171.56,14780,10,10,10,0,0,0,0,0,0,2439167,3352575,3876863,2498483.20,200
1781848101,0,14980,0,200.49,199.98,2012159,2463743,2969599,3336191,4861951,1201152,49512447,2586041.86,1548096.80,14980,10,10,10,0,0,0,0,0,0,2437119,3276799,3436543,2447580.16,200
1781848102,0,15180,0,200.48,199.98,2011135,2461695,2967551,3332095,4837375,1201152,49512447,2582803.43,1539318.06,15180,10,10,10,0,0,0,0,0,0,2316287,3110911,3213311,2340244.48,200
1781848103,0,15380,0,200.47,200.09,2010111,2461695,2967551,3334143,4829183,1201152,49512447,2581858.47,1531050.88,15380,10,10,10,0,0,0,0,0,0,2426879,3516415,4493311,2510136.32,200
1781848104,0,15580,0,200.47,199.99,2009087,2459647,2967551,3330047,4800511,1201152,49512447,2579724.95,1522453.02,15580,10,10,10,0,0,0,0,0,0,2379775,3182591,3270655,2415656.96,200
1781848105,0,15780,0,200.46,200.01,2010111,2459647,2965503,3327999,4751359,1201152,49512447,2578201.08,1514026.79,15780,10,10,10,0,0,0,0,0,0,2445311,3225599,3493887,2459491.84,200
1781848106,0,15980,0,200.46,199.98,2010111,2461695,2967551,3330047,4829183,1201152,49512447,2579348.67,1507072.44,15980,10,10,10,0,0,0,0,0,0,2596863,3962879,5271551,2669893.12,200
1781848107,0,16180,0,200.45,199.98,2011135,2461695,2967551,3327999,4800511,1201152,49512447,2578416.78,1498764.76,16180,10,10,10,0,0,0,0,0,0,2512895,3198975,3284991,2503959.04,200
1781848108,0,16380,0,200.44,200.00,2011135,2463743,2967551,3327999,4751359,1201152,49512447,2577219.17,1490959.41,16380,10,10,10,0,0,0,0,0,0,2535423,3313663,3629055,2480332.80,200
1781848109,0,16580,0,200.44,200.08,2011135,2463743,2967551,3327999,4747263,1201152,49512447,2576877.16,1483516.79,16580,10,10,10,0,0,0,0,0,0,2510847,3336191,4440063,2548866.56,200
1781848110,0,16780,0,200.43,199.91,2011135,2463743,2967551,3327999,4722687,1201152,49512447,2575264.19,1476126.91,16780,10,10,10,0,0,0,0,0,0,2359295,3192831,4464639,2441548.80,200
1781848111,0,16980,0,200.43,199.96,2011135,2461695,2967551,3325951,4706303,1201152,49512447,2573675.25,1468684.67,16980,10,10,10,0,0,0,0,0,0,2441215,3231743,3430399,2440363.52,200
1781848112,0,17180,0,200.42,200.13,2011135,2463743,2967551,3325951,4685823,1201152,49512447,2573127.20,1461332.96,17180,10,10,10,0,0,0,0,0,0,2537471,3348479,3665919,2526597.12,200
1781848113,0,17380,0,200.42,200.05,2011135,2463743,2967551,3330047,4718591,1201152,49512447,2573368.18,1455276.60,17380,10,10,10,0,0,0,0,0,0,2531327,3606527,5496831,2594068.48,200
1781848114,0,17580,0,200.41,199.91,2012159,2463743,2967551,3332095,4689919,1201152,49512447,2573250.32,1448368.10,17580,10,10,10,0,0,0,0,0,0,2506751,3442687,3850239,2563008.00,200
1781848115,0,17780,0,200.41,200.01,2011135,2463743,2967551,3332095,4681727,1201152,49512447,2572160.92,1441336.64,17780,10,10,10,0,0,0,0,0,0,2412543,3291135,3516415,2476403.20,200
1781848116,0,17980,0,200.41,200.07,2011135,2463743,2967551,3330047,4624383,1201152,49512447,2570645.36,1434706.48,17980,10,10,10,0,0,0,0,0,0,2476031,3274751,3516415,2435911.68,200
1781848117,0,18180,0,200.40,199.89,2011135,2463743,2969599,3330047,4620287,1201152,49512447,2569950.40,1428016.68,18180,10,10,10,0,0,0,0,0,0,2398207,3268607,3883007,2507473.92,200
1781848118,0,18380,0,200.40,200.07,2012159,2463743,2969599,3332095,4587519,1201152,49512447,2569654.18,1421537.50,18380,10,10,10,0,0,0,0,0,0,2473983,3416063,3731455,2542727.68,200
1781848119,0,18580,0,200.39,199.88,2012159,2463743,2969599,3334143,4567039,1201152,49512447,2568995.00,1415206.28,18580,10,10,10,0,0,0,0,0,0,2463743,3407871,3727359,2508416.00,200
1781848120,0,18780,0,200.39,200.04,2012159,2463743,2971647,3334143,4542463,1201152,49512447,2568477.23,1409077.82,18780,10,10,10,0,0,0,0,0,0,2506751,3536895,4079615,2520376.32,200
1781848121,0,18980,0,200.38,200.07,2012159,2463743,2971647,3332095,4521983,1201152,49512447,2567455.89,1402706.51,18980,10,10,10,0,0,0,0,0,0,2430975,3274751,3403775,2471552.00,200
1781848122,0,19180,0,200.38,200.03,2012159,2463743,2971647,3332095,4501503,1201152,49512447,2566726.95,1396493.14,19180,10,10,10,0,0,0,0,0,0,2508799,3287039,3577855,2497551.36,200
1781848123,0,19380,0,200.38,199.96,2013183,2463743,2971647,3334143,4493311,1201152,49512447,2566528.90,1390546.75,19380,10,10,10,0,0,0,0,0,0,2445311,3467263,3581951,2547535.36,200
1781848124,0,19580,0,200.37,200.08,2013183,2463743,2971647,3332095,4485119,1201152,49512447,2565531.20,1384514.15,19580,10,10,10,0,0,0,0,0,0,2449407,3274751,3416063,2468853.76,200
1781848125,0,19780,0,200.37,199.88,2013183,2463743,2971647,3332095,4464639,1201152,49512447,2564748.06,1378635.29,19780,10,10,10,0,0,0,0,0,0,2439167,3293183,3424255,2488079.36,200
1781848126,0,19980,0,200.36,200.07,2012159,2463743,2971647,3330047,4448255,1201152,49512447,2563586.51,1372872.92,19980,10,10,10,0,0,0,0,0,0,2521087,3215359,3399679,2448709.12,200
1781848127,0,20180,0,200.36,200.06,2012159,2463743,2971647,3327999,4444159,1201152,49512447,2562176.81,1367050.18,20180,10,10,10,0,0,0,0,0,0,2306047,3219455,3299327,2421347.84,200
1781848128,0,20380,0,200.36,199.81,2013183,2463743,2971647,3327999,4448255,1201152,49512447,2561876.66,1361691.44,20380,10,10,10,0,0,0,0,0,0,2471935,3358719,4464639,2531591.68,200
1781848129,0,20580,0,200.35,200.11,2013183,2463743,2973695,3330047,4464639,1201152,49512447,2562407.00,1356888.45,20580,10,10,10,0,0,0,0,0,0,2594815,4040703,4775935,2616448.00,200
1781848130,0,20780,0,200.35,200.02,2013183,2463743,2971647,3330047,4448255,1201152,49512447,2561346.40,1351345.48,20780,10,10,10,0,0,0,0,0,0,2469887,3180543,3327999,2452211.20,200
1781848131,0,20980,0,200.35,200.06,2013183,2463743,2971647,3327999,4444159,1201152,49512447,2560654.59,1345824.32,20980,10,10,10,0,0,0,0,0,0,2484223,3293183,3436543,2488775.68,200
1781848132,0,21180,0,200.34,199.83,2014207,2463743,2971647,3327999,4440063,1201152,49512447,2559780.53,1340375.88,21180,10,10,10,0,0,0,0,0,0,2408447,3229695,3319807,2468090.88,200
1781848133,0,21380,0,200.34,200.05,2013183,2463743,2971647,3327999,4427775,1201152,49512447,2559213.66,1335390.34,21380,10,10,10,0,0,0,0,0,0,2476031,3330047,4034559,2499182.08,200
1781848134,0,21580,0,200.34,200.05,2014207,2463743,2971647,3327999,4407295,1201152,49512447,2558605.36,1330224.83,21580,10,10,10,0,0,0,0,0,0,2480127,3274751,4046847,2493578.24,200
1781848135,0,21780,0,200.33,199.95,2014207,2463743,2969599,3325951,4395007,1201152,49512447,2557753.29,1325027.40,21780,10,10,10,0,0,0,0,0,0,2398207,3248127,3364863,2465815.04,200
1781848136,0,21980,0,200.33,200.07,2014207,2463743,2969599,3325951,4378623,1201152,49512447,2557347.78,1320023.51,21980,10,10,10,0,0,0,0,0,0,2547711,3334143,3764223,2513187.84,200
1781848137,0,22180,0,200.33,200.05,2013183,2463743,2967551,3323903,4354047,1201152,49512447,2555638.47,1315163.21,22180,10,10,10,0,0,0,0,0,0,2355199,3164159,3295231,2367784.96,200
1781848138,0,22380,0,200.33,199.99,2013183,2463743,2969599,3325951,4403199,1201152,49512447,2555737.29,1311343.65,22380,10,10,10,0,0,0,0,0,0,2447359,3409919,5812223,2566696.96,200
1781848139,0,22580,0,200.32,200.01,2012159,2463743,2967551,3323903,4395007,1201152,49512447,2554198.48,1306614.98,22580,10,10,10,0,0,0,0,0,0,2385919,3188735,3385343,2382005.76,200
1781848140,0,22780,0,200.32,199.87,2012159,2461695,2967551,3321855,4370431,1201152,49512447,2553510.55,1301811.57,22780,10,10,10,0,0,0,0,0,0,2445311,3217407,3327999,2475842.56,200
1781848141,0,22980,0,200.32,199.96,2013183,2463743,2967551,3321855,4349951,1201152,49512447,2553363.76,1296943.95,22980,10,10,10,0,0,0,0,0,0,2549759,3256319,3381247,2536645.12,200
1781848142,0,23180,0,200.31,200.10,2014207,2463743,2969599,3321855,4378623,1201152,49512447,2553335.12,1292804.18,23180,10,10,10,0,0,0,0,0,0,2453503,3471359,4816895,2550044.16,200
1781848143,0,23380,0,200.31,199.95,2014207,2463743,2969599,3323903,4370431,1201152,49512447,2553582.57,1288528.67,23380,10,10,10,0,0,0,0,0,0,2506751,3475455,4227071,2582261.76,200
1781848144,0,23580,0,200.31,200.07,2014207,2463743,2969599,3325951,4395007,1201152,49512447,2554096.63,1284709.96,23580,10,10,10,0,0,0,0,0,0,2537471,3594239,5222399,2614190.08,200
1781848145,0,23780,0,200.31,200.06,2015231,2463743,2971647,3327999,4440063,1201152,49512447,2556729.10,1288219.16,23780,10,10,10,0,0,0,0,0,0,2562047,4182015,10018815,2867097.60,200
1781848146,0,23980,0,200.30,199.84,2015231,2463743,2971647,3325951,4427775,1201152,49512447,2555866.32,1283683.82,23980,10,10,10,0,0,0,0,0,0,2383871,3237887,3344383,2453281.28,200
1781848147,0,24420,0,202.29,440.17,2013183,2463743,2973695,3342335,4878335,1057792,49512447,2582672.86,1441377.54,24420,10,10,10,0,0,0,0,0,0,2502655,16138239,24150015,4043629.38,440
1781848148,0,24920,0,204.74,500.23,2007039,2455551,2971647,3344383,4829183,1028096,49512447,2574928.27,1431247.30,24920,10,10,10,0,0,0,0,0,0,2094079,3481599,4044799,2196682.75,500
1781848149,0,25420,0,207.14,499.67,2004991,2453503,2969599,3356671,4800511,982528,49512447,2572256.64,1421249.07,25420,10,10,10,0,0,0,0,0,0,2338815,3868671,4206591,2439102.46,500
1781848150,0,25920,0,209.51,500.10,1999871,2449407,2967551,3362815,4792319,826880,49512447,2566632.35,1412534.93,25920,10,10,10,0,0,0,0,0,0,2148351,3756031,4147199,2280693.25,500
1781848151,0,26420,0,211.84,499.77,1992703,2443263,2965503,3364863,4751359,739328,49512447,2558674.18,1403749.43,26420,10,10,10,0,0,0,0,0,0,2040831,3473407,3893247,2146122.75,500
1781848152,0,26920,0,214.13,500.08,1986559,2433023,2961407,3366911,4722687,739328,49512447,2550380.78,1395332.35,26920,10,10,10,0,0,0,0,0,0,1990655,3565567,3839999,2112157.70,500
1781848153,0,27420,0,216.38,499.99,1983487,2430975,2961407,3379199,4685823,739328,49512447,2548330.67,1386688.34,27420,10,10,10,0,0,0,0,0,0,2297855,3813375,4214783,2437952.51,500
1781848154,0,27920,0,218.61,500.14,1976319,2422783,2959359,3383295,4734975,739328,49512447,2542458.22,1379832.10,27920,10,10,10,0,0,0,0,0,0,2055167,3799039,5312511,2220413.44,500
1781848155,0,28420,0,220.79,499.92,1976319,2424831,2959359,3393535,4722687,739328,49512447,2542534.26,1370858.75,28420,10,10,10,0,0,0,0,0,0,2506751,3768319,4089855,2546780.16,500
1781848156,0,28920,0,222.94,499.83,1973247,2418687,2957311,3397631,4681727,739328,49512447,2537685.46,1362665.12,28920,10,10,10,0,0,0,0,0,0,2140159,3567615,3977215,2262079.49,500
1781848157,0,29420,0,225.06,500.37,1971199,2418687,2961407,3407871,4718591,739328,49512447,2536835.04,1355909.03,29420,10,10,10,0,0,0,0,0,0,2437119,3739647,5468159,2487646.72,500
1781848158,0,29920,0,227.15,499.82,1969151,2416639,2959359,3411967,4681727,739328,49512447,2534274.81,1347513.45,29920,10,10,10,0,0,0,0,0,0,2275327,3614719,3940351,2383631.36,500
1781848159,0,30420,0,229.21,500.28,1965055,2412543,2957311,3418111,4653055,739328,49512447,2529822.57,1340863.86,30420,10,10,10,0,0,0,0,0,0,2158591,3803135,4640767,2263399.94,500
1781848160,0,30920,0,231.23,499.87,1963007,2408447,2955263,3420159,4640767,739328,49512447,2526435.72,1333347.03,30920,10,10,10,0,0,0,0,0,0,2252799,3600383,3842047,2320379.90,500
1781848161,0,31420,0,233.23,499.75,1961983,2408447,2955263,3426303,4616191,739328,49512447,2524672.09,1326337.55,31420,10,10,10,0,0,0,0,0,0,2340863,3872767,4145151,2415609.34,500
1781848162,0,31920,0,235.19,500.40,1960959,2408447,2955263,3430399,4567039,739328,49512447,2522915.89,1318979.59,31920,10,10,10,0,0,0,0,0,0,2394111,3555327,4046847,2412556.29,500
1781848163,0,32420,0,237.13,499.75,1959935,2408447,2955263,3436543,4542463,739328,49512447,2522318.77,1312025.30,32420,10,10,10,0,0,0,0,0,0,2471935,3768319,3964927,2484198.91,500
1781848164,0,32920,0,239.04,499.84,1958911,2406399,2955263,3444735,4521983,739328,49512447,2520410.81,1305355.33,32920,10,10,10,0,0,0,0,0,0,2275327,3702783,4345855,2396698.11,500
1781848165,0,33420,0,240.92,499.99,1958911,2408447,2957311,3457023,4530175,739328,49512447,2521158.94,1299157.88,33420,10,10,10,0,0,0,0,0,0,2459647,3930111,4653055,2570416.13,500
1781848166,0,33920,0,242.77,500.06,1957887,2408447,2957311,3459071,4501503,739328,49512447,2520071.47,1291977.81,33920,10,10,10,0,0,0,0,0,0,2400255,3557375,3966975,2447385.09,500
1781848167,0,34420,0,244.60,500.25,1954815,2402303,2953215,3461119,4493311,739328,49512447,2515744.85,1285977.76,34420,10,10,10,0,0,0,0,0,0,2097151,3627007,4020223,2222226.94,500
1781848168,0,34920,0,246.40,499.66,1952767,2400255,2951167,3463167,4493311,738816,49512447,2512455.95,1279727.43,34920,10,10,10,0,0,0,0,0,0,2217983,3504127,3995647,2286047.74,500
1781848169,0,35420,0,248.18,500.40,1950719,2396159,2949119,3469311,4481023,738816,49512447,2510543.59,1274020.04,35420,10,10,10,0,0,0,0,0,0,2265087,3799039,4268031,2376984.58,500
1781848170,0,35920,0,249.93,499.79,1947647,2394111,2949119,3473407,4476927,738816,49512447,2507408.33,1268435.50,35920,10,10,10,0,0,0,0,0,0,2146303,3821567,4407295,2285306.37,500
1781848171,0,36420,0,251.66,500.06,1947647,2394111,2949119,3481599,4472831,738816,49512447,2507486.01,1262700.46,36420,10,10,10,0,0,0,0,0,0,2433023,3743743,4349951,2513066.50,500
1781848172,0,36920,0,253.37,499.84,1945599,2392063,2949119,3483647,4460543,738816,49512447,2504861.61,1256927.35,36920,10,10,10,0,0,0,0,0,0,2246655,3520511,3940351,2313700.86,500
1781848173,0,37420,0,255.05,500.01,1943551,2390015,2947071,3489791,4452351,738816,49512447,2503071.84,1251782.69,37420,10,10,10,0,0,0,0,0,0,2289663,3887103,4321279,2370914.82,500
1781848174,0,37920,0,256.70,500.04,1943551,2387967,2947071,3495935,4464639,738816,49512447,2502584.55,1246934.63,37920,10,10,10,0,0,0,0,0,0,2347007,3848191,4853759,2466115.58,500
1781848175,0,38420,0,258.34,500.00,1942527,2387967,2947071,3504127,4448255,738816,49512447,2501403.98,1241529.86,38420,10,10,10,0,0,0,0,0,0,2301951,3715071,4030463,2411869.70,500
1781848176,0,38920,0,259.96,500.31,1941503,2387967,2947071,3510271,4444159,738816,49512447,2501101.12,1236631.39,38920,10,10,10,0,0,0,0,0,0,2463743,3895295,4325375,2477829.12,500
1781848177,0,39420,0,261.55,499.59,1941503,2387967,2947071,3522559,4464639,738816,49512447,2505201.84,1272111.86,39420,10,10,10,0,0,0,0,0,0,2306047,4018175,22396927,2824402.43,500
1781848178,0,39920,0,263.12,500.37,1941503,2387967,2947071,3534847,4456447,738816,49512447,2505605.33,1267303.77,39920,10,10,10,0,0,0,0,0,0,2449407,4020223,4349951,2537416.19,500
1781848179,0,40420,0,264.67,499.91,1937407,2381823,2945023,3536895,4476927,738816,49512447,2501244.00,1265727.98,40420,10,10,10,0,0,0,0,0,0,1968127,3543039,7561215,2153035.78,500
1781848180,0,40920,0,266.20,499.89,1937407,2381823,2942975,3540991,4464639,738816,49512447,2500449.05,1260280.07,40920,10,10,10,0,0,0,0,0,0,2367487,3645439,4120575,2436185.09,500
1781848181,0,41420,0,267.71,499.80,1935359,2379775,2942975,3543039,4476927,738816,49512447,2498307.72,1255777.99,41420,10,10,10,0,0,0,0,0,0,2203647,3792895,4694015,2323061.25,500
1781848182,0,41920,0,269.20,500.00,1934335,2379775,2942975,3549183,4464639,738816,49512447,2497162.86,1251501.88,41920,10,10,10,0,0,0,0,0,0,2289663,3819519,4292607,2402322.94,500
1781848183,0,42420,0,270.68,500.19,1931263,2375679,2940927,3551231,4464639,738816,49512447,2493645.28,1247378.66,42420,10,10,10,0,0,0,0,0,0,2010111,3745791,4300799,2198730.75,500
1781848184,0,42920,0,272.13,499.87,1930239,2375679,2942975,3565567,4485119,738816,49512447,2495151.93,1244760.29,42920,10,10,10,0,0,0,0,0,0,2506751,4171775,5894143,2622976.00,500
1781848185,0,43420,0,273.57,500.00,1930239,2377727,2945023,3573759,4481023,738816,49512447,2495199.81,1240799.79,43420,10,10,10,0,0,0,0,0,0,2422783,3956735,4272127,2499310.59,500
1781848186,0,43920,0,274.98,500.32,1930239,2377727,2945023,3577855,4493311,738816,49512447,2495757.88,1237933.52,43920,10,10,10,0,0,0,0,0,0,2490367,3909631,6164479,2544220.67,500
1781848187,0,44420,0,276.38,499.71,1927167,2375679,2942975,3581951,4493311,738816,49512447,2493358.96,1233987.83,44420,10,10,10,0,0,0,0,0,0,2131967,3774463,4849663,2282637.82,500
1781848188,0,44920,0,277.77,500.30,1926143,2373631,2942975,3583999,4493311,716288,49512447,2491909.48,1230025.66,44920,10,10,10,0,0,0,0,0,0,2287615,3729407,4042751,2363137.02,500
1781848189,0,45420,0,279.13,499.70,1926143,2373631,2942975,3590143,4501503,716288,49512447,2490981.10,1226826.20,45420,10,10,10,0,0,0,0,0,0,2326527,3909631,5455871,2407575.55,500
1781848190,0,45920,0,280.48,500.11,1923071,2369535,2940927,3590143,4493311,716288,49512447,2488677.71,1222778.07,45920,10,10,10,0,0,0,0,0,0,2183167,3751935,4206591,2279438.34,500
1781848191,0,46420,0,281.81,499.98,1923071,2369535,2940927,3596287,4513791,716288,49512447,2488931.68,1219909.05,46420,10,10,10,0,0,0,0,0,0,2332671,3989503,5890047,2512256.00,500
1781848192,0,46920,0,283.13,500.00,1923071,2369535,2942975,3602431,4517887,716288,49512447,2489047.36,1216442.74,46920,10,10,10,0,0,0,0,0,0,2369535,3885055,5242879,2499786.75,500
1781848193,0,47420,0,284.43,499.84,1922047,2367487,2940927,3608575,4517887,716288,49512447,2488081.90,1212824.16,47420,10,10,10,0,0,0,0,0,0,2267135,3786751,4407295,2397483.52,500
1781848194,0,47920,0,285.72,500.17,1919999,2367487,2940927,3610623,4517887,716288,49512447,2486330.25,1209616.42,47920,10,10,10,0,0,0,0,0,0,2207743,3846143,5054463,2320203.78,500
1781848195,0,48420,0,286.99,499.88,1916927,2363391,2938879,3610623,4513791,716288,49512447,2483610.90,1206102.81,48420,10,10,10,0,0,0,0,0,0,2086911,3610623,3975167,2222988.29,500
1781848196,0,48920,0,288.24,500.06,1915903,2363391,2938879,3614719,4513791,716288,49512447,2482589.38,1202565.81,48920,10,10,10,0,0,0,0,0,0,2275327,3807231,4567039,2383665.15,500
1781848197,0,49420,0,289.48,500.18,1916927,2363391,2940927,3614719,4505599,716288,49512447,2483120.43,1198565.05,49420,10,10,10,0,0,0,0,0,0,2521087,3643391,4100095,2535078.40,500
1781848198,0,49920,0,290.71,499.84,1915903,2363391,2940927,3614719,4493311,716288,49512447,2482320.12,1194737.74,49920,10,10,10,0,0,0,0,0,0,2324479,3614719,4030463,2403217.92,500
1781848199,0,50420,0,291.92,499.95,1912831,2359295,2936831,3612671,4489215,716288,49512447,2478030.36,1191731.15,50420,10,10,10,0,0,0,0,0,0,1951743,3414015,3794943,2049740.29,500
1781848200,0,50920,0,293.12,500.34,1910783,2359295,2938879,3616767,4489215,716288,49512447,2477338.71,1188780.09,50920,10,10,10,0,0,0,0,0,0,2258943,3887103,4472831,2407592.45,500
1781848201,0,51420,0,294.30,499.55,1908735,2357247,2938879,3618815,4493311,716288,49512447,2476091.71,1185991.40,51420,10,10,10,0,0,0,0,0,0,2197503,3897343,4726783,2349097.47,500
1781848202,0,51920,0,295.47,500.36,1908735,2357247,2938879,3620863,4485119,716288,49512447,2475105.29,1182469.34,51920,10,10,10,0,0,0,0,0,0,2275327,3676159,3979263,2373662.21,500
1781848203,0,52420,0,296.63,500.04,1907711,2355199,2936831,3622911,4497407,716288,49512447,2474409.07,1179535.11,52420,10,10,10,0,0,0,0,0,0,2269183,3801087,4939775,2402113.02,500
1781848204,0,52920,0,297.78,500.02,1906687,2355199,2936831,3624959,4493311,716288,49512447,2473165.64,1176474.41,52920,10,10,10,0,0,0,0,0,0,2189311,3807231,4116479,2342804.48,500
1781848205,0,53420,0,298.91,499.90,1904639,2353151,2934783,3624959,4485119,716288,49512447,2471751.74,1173278.41,53420,10,10,10,0,0,0,0,0,0,2226175,3655679,4190207,2322104.83,500
1781848206,0,53920,0,300.03,500.02,1904639,2355199,2936831,3629055,4493311,716288,49512447,2472122.55,1172306.35,53920,10,10,10,0,0,0,0,0,0,2428927,3895295,7012351,2511740.42,500
1781848207,0,54220,0,300.02,299.82,1903615,2355199,2936831,3635199,4497407,716288,49512447,2472333.32,1171526.98,54220,10,10,10,0,0,0,0,0,0,2363391,4300799,5324799,2510214.83,300
1781848208,0,54420,0,299.47,200.00,1904639,2355199,2936831,3635199,4501503,716288,49512447,2472917.36,1170113.77,54420,10,10,10,0,0,0,0,0,0,2631679,3661823,4636671,2631249.92,200
1781848209,0,54620,0,298.93,200.11,1905663,2357247,2938879,3635199,4497407,716288,49512447,2473478.89,1168480.21,54620,10,10,10,0,0,0,0,0,0,2619391,3463167,3747839,2626273.28,200
1781848210,0,54820,0,298.39,200.01,1905663,2357247,2936831,3633151,4493311,716288,49512447,2473306.15,1166739.66,54820,10,10,10,0,0,0,0,0,0,2422783,3221503,3332095,2426129.92,200
1781848211,0,55020,0,297.86,199.93,1906687,2359295,2938879,3633151,4493311,716288,49512447,2474146.57,1165291.06,55020,10,10,10,0,0,0,0,0,0,2793471,3608575,4071423,2704504.32,200
1781848212,0,55220,0,297.33,200.14,1907711,2359295,2940927,3639295,4493311,716288,49512447,2475504.37,1164245.71,55220,10,10,10,0,0,0,0,0,0,2873343,4132863,4292607,2849036.80,200
1781848213,0,55420,0,296.81,199.99,1908735,2361343,2940927,3639295,4493311,716288,49512447,2476649.09,1162913.15,55420,10,10,10,0,0,0,0,0,0,2815999,3862527,4061183,2792706.56,200
1781848214,0,55620,0,296.30,199.99,1908735,2363391,2942975,3643391,4497407,716288,49512447,2477762.46,1161813.23,55620,10,10,10,0,0,0,0,0,0,2709503,4153343,4747263,2786275.84,200
1781848215,0,55820,0,295.79,200.00,1909759,2365439,2945023,3647487,4509695,716288,49512447,2479281.25,1161007.63,55820,10,10,10,0,0,0,0,0,0,2873343,4325375,5115903,2901657.60,200
1781848216,0,56020,0,295.28,199.84,1910783,2365439,2945023,3649535,4505599,716288,49512447,2480299.82,1159702.16,56020,10,10,10,0,0,0,0,0,0,2820095,3837951,4202495,2764582.40,200
1781848217,0,56220,0,294.78,200.15,1911807,2367487,2947071,3653631,4505599,716288,49512447,2481432.05,1158621.53,56220,10,10,10,0,0,0,0,0,0,2781183,4067327,4419583,2798568.96,200
1781848218,0,56420,0,294.29,199.97,1912831,2369535,2949119,3655679,4501503,716288,49512447,2482558.28,1157375.19,56420,10,10,10,0,0,0,0,0,0,2846719,3962879,4214783,2799142.40,200
1781848219,0,56620,0,293.80,200.02,1912831,2371583,2949119,3657727,4497407,716288,49512447,2483788.02,1156150.73,56620,10,10,10,0,0,0,0,0,0,2828287,3911679,4034559,2830696.96,200
1781848220,0,56820,0,293.31,199.94,1914879,2373631,2951167,3661823,4505599,716288,49512447,2485222.17,1155274.53,56820,10,10,10,0,0,0,0,0,0,2842623,4124671,5210111,2891230.72,200
1781848221,0,57020,0,292.83,200.07,1915903,2375679,2953215,3661823,4505599,716288,49512447,2486300.11,1154083.58,57020,10,10,10,0,0,0,0,0,0,2752511,3858431,4575231,2792542.72,200
1781848222,0,57220,0,292.36,199.99,1916927,2377727,2953215,3663871,4501503,716288,49512447,2487422.49,1152802.70,57220,10,10,10,0,0,0,0,0,0,2828287,3876863,3989503,2807413.76,200
1781848223,0,57420,0,291.89,199.93,1917951,2379775,2955263,3667967,4501503,716288,49512447,2488848.72,1151687.87,57420,10,10,10,0,0,0,0,0,0,2875391,3864575,4071423,2896893.44,200
1781848224,0,57620,0,291.43,200.12,1918975,2381823,2957311,3674111,4497407,716288,49512447,2490560.35,1150704.59,57620,10,10,10,0,0,0,0,0,0,2959359,3983359,4321279,2981967.36,200
1781848225,0,57820,0,290.97,200.00,1919999,2383871,2959359,3676159,4493311,716288,49512447,2491910.40,1149434.80,57820,10,10,10,0,0,0,0,0,0,2842623,3733503,4034559,2880860.16,200
1781848226,0,58020,0,290.51,199.94,1921023,2385919,2961407,3678207,4493311,716288,49512447,2493390.40,1148244.56,58020,10,10,10,0,0,0,0,0,0,2885631,3780607,4153343,2921259.52,200
1781848227,0,58220,0,290.06,199.88,1922047,2387967,2961407,3678207,4493311,716288,49512447,2494331.84,1146963.30,58220,10,10,10,0,0,0,0,0,0,2711551,3657727,4431871,2767444.48,200
1781848228,0,58420,0,289.61,200.08,1923071,2390015,2963455,3680255,4497407,716288,49512447,2495601.82,1145979.32,58420,10,10,10,0,0,0,0,0,0,2797567,3815423,5300223,2865290.24,200
1781848229,0,58620,0,289.17,199.99,1924095,2392063,2965503,3680255,4497407,716288,49512447,2496776.52,1144718.24,58620,10,10,10,0,0,0,0,0,0,2818047,3692543,4382719,2839907.84,200
1781848230,0,58820,0,288.73,200.08,1926143,2392063,2967551,3680255,4497407,716288,49512447,2497821.05,1143444.62,58820,10,10,10,0,0,0,0,0,0,2736127,3676159,3815423,2803973.12,200
1781848231,0,59020,0,288.30,199.99,1926143,2394111,2967551,3680255,4497407,716288,49512447,2498991.12,1142240.05,59020,10,10,10,0,0,0,0,0,0,2826239,3751935,4665343,2843107.84,200
1781848232,0,59220,0,287.87,199.94,1927167,2396159,2969599,3680255,4493311,716288,49512447,2499646.82,1140873.43,59220,10,10,10,0,0,0,0,0,0,2664447,3563519,3993599,2693143.04,200
1781848233,0,59420,0,287.44,200.04,1928191,2396159,2969599,3680255,4497407,716288,49512447,2500341.04,1139680.95,59420,10,10,10,0,0,0,0,0,0,2705407,4020223,4653055,2705899.52,200
1781848234,0,59620,0,287.02,199.90,1928191,2398207,2971647,3682303,4509695,716288,49512447,2501364.04,1138984.88,59620,10,10,10,0,0,0,0,0,0,2766847,4481023,5488639,2805299.20,200
1781848235,0,59820,0,286.61,200.04,1929215,2398207,2971647,3684351,4517887,716288,49512447,2502327.47,1138279.35,59820,10,10,10,0,0,0,0,0,0,2715647,3960831,6201343,2789524.48,200
1781848236,0,60020,0,286.19,199.99,1930239,2400255,2973695,3684351,4517887,716288,49512447,2502984.87,1136886.03,60020,10,10,10,0,0,0,0,0,0,2627583,3633151,3805183,2699614.72,200
1781848237,0,60220,0,285.78,199.98,1930239,2400255,2973695,3684351,4513791,716288,49512447,2503185.94,1135531.19,60220,10,10,10,0,0,0,0,0,0,2527231,3600383,4009983,2563525.12,200
1781848238,0,60420,0,285.38,200.14,1931263,2400255,2973695,3686399,4521983,716288,49512447,2504218.43,1134939.01,60420,10,10,10,0,0,0,0,0,0,2811903,4268031,5742591,2815101.44,200
1781848239,0,60620,0,284.98,199.97,1931263,2402303,2975743,3686399,4521983,716288,49512447,2505092.35,1133776.08,60620,10,10,10,0,0,0,0,0,0,2754559,3891199,4016127,2769105.92,200
1781848240,0,60820,0,284.58,199.93,1933311,2404351,2975743,3686399,4517887,716288,49512447,2505897.78,1132422.19,60820,10,10,10,0,0,0,0,0,0,2760703,3557375,3649535,2750021.12,200
1781848241,0,61020,0,284.19,200.08,1933311,2404351,2977791,3688447,4530175,716288,49512447,2507112.33,1131674.84,61020,10,10,10,0,0,0,0,0,0,2727935,4509695,5410815,2876456.96,200
1781848242,0,61220,0,283.80,199.86,1934335,2406399,2977791,3688447,4542463,716288,49512447,2507988.06,1130880.94,61220,10,10,10,0,0,0,0,0,0,2711551,4128767,5660671,2775173.12,200
1781848243,0,61420,0,283.41,200.08,1935359,2406399,2979839,3690495,4542463,716288,49512447,2508783.02,1129848.99,61420,10,10,10,0,0,0,0,0,0,2652159,4052991,4755455,2752120.32,200
1781848244,0,61620,0,283.03,200.07,1935359,2408447,2979839,3694591,4542463,716288,49512447,2509972.92,1128798.67,61620,10,10,10,0,0,0,0,0,0,2838527,3893247,4020223,2875392.00,200
1781848245,0,61820,0,282.65,199.94,1936383,2410495,2981887,3694591,4534271,716288,49512447,2510676.36,1127587.51,61820,10,10,10,0,0,0,0,0,0,2648063,3692543,4065279,2727406.08,200
1781848246,0,62020,0,282.27,200.05,1937407,2410495,2981887,3694591,4530175,716288,49512447,2511350.89,1126414.91,62020,10,10,10,0,0,0,0,0,0,2625535,3805183,4292607,2719848.96,200
1781848247,0,62220,0,281.90,199.90,1937407,2410495,2981887,3696639,4530175,716288,49512447,2511689.89,1125190.04,62220,10,10,10,0,0,0,0,0,0,2582527,3872767,4218879,2616814.08,200
1781848248,0,62420,0,281.53,200.02,1938431,2412543,2981887,3696639,4530175,716288,49512447,2512396.55,1124150.70,62420,10,10,10,0,0,0,0,0,0,2727935,4198399,4530175,2732239.36,200
1781848249,0,62620,0,281.16,200.06,1938431,2412543,2983935,3696639,4530175,716288,49512447,2512883.81,1122954.27,62620,10,10,10,0,0,0,0,0,0,2650111,3782655,4136959,2664957.44,200
1781848250,0,62820,0,280.80,199.94,1939455,2414591,2983935,3698687,4534271,716288,49512447,2513997.94,1122406.98,62820,10,10,10,0,0,0,0,0,0,2865151,4009983,5779455,2862830.08,200
1781848251,0,63020,0,280.44,200.00,1940479,2414591,2985983,3700735,4530175,716288,49512447,2514608.95,1121248.89,63020,10,10,10,0,0,0,0,0,0,2719743,3842047,4020223,2706529.28,200
1781848252,0,63220,0,280.08,200.03,1940479,2416639,2985983,3702783,4530175,716288,49512447,2515124.92,1120063.89,63220,10,10,10,0,0,0,0,0,0,2713599,3774463,3913727,2677706.24,200
1781848253,0,63420,0,279.73,199.97,1941503,2418687,2985983,3704831,4530175,716288,49512447,2516068.85,1119051.15,63420,10,10,10,0,0,0,0,0,0,2830335,4001791,4186111,2814443.52,200
1781848254,0,63620,0,279.38,199.93,1941503,2418687,2988031,3704831,4521983,716288,49512447,2516807.92,1118011.57,63620,10,10,10,0,0,0,0,0,0,2713599,3993599,4077567,2751168.00,200
1781848255,0,63820,0,279.03,200.11,1942527,2418687,2988031,3706879,4521983,716288,49512447,2517533.94,1116997.23,63820,10,10,10,0,0,0,0,0,0,2732031,3964927,4411391,2748482.56,200
1781848256,0,64020,0,278.69,199.97,1943551,2420735,2990079,3704831,4521983,716288,49512447,2518081.74,1115715.27,64020,10,10,10,0,0,0,0,0,0,2633727,3481599,3598335,2692881.92,200
1781848257,0,64220,0,278.35,200.01,1944575,2420735,2990079,3704831,4530175,716288,49512447,2518784.45,1114763.92,64220,10,10,10,0,0,0,0,0,0,2719743,3868671,5197823,2743723.52,200
1781848258,0,64420,0,278.01,200.06,1945599,2422783,2992127,3706879,4530175,716288,49512447,2519580.51,1113710.79,64420,10,10,10,0,0,0,0,0,0,2725887,3923967,4349951,2775196.16,200
1781848259,0,64620,0,277.67,199.91,1945599,2422783,2992127,3708927,4530175,716288,49512447,2520355.96,1112856.67,64620,10,10,10,0,0,0,0,0,0,2750463,4202495,4407295,2770127.36,200
1781848260,0,64820,0,277.34,200.03,1946623,2424831,2992127,3710975,4521983,716288,49512447,2521106.71,1111860.36,64820,10,10,10,0,0,0,0,0,0,2795519,3940351,4159487,2763673.60,200
1781848261,0,65020,0,277.01,200.00,1947647,2426879,2994175,3713023,4521983,716288,49512447,2522063.73,1110920.35,65020,10,10,10,0,0,0,0,0,0,2822143,4001791,4624383,2832232.96,200
1781848262,0,65220,0,276.69,199.95,1948671,2428927,2994175,3713023,4521983,716288,49512447,2523035.21,1109807.36,65220,10,10,10,0,0,0,0,0,0,2822143,3733503,3993599,2838865.92,200
1781848263,0,65420,0,276.36,200.07,1949695,2428927,2996223,3713023,4517887,716288,49512447,2523935.32,1108695.01,65420,10,10,10,0,0,0,0,0,0,2797567,3713023,4083711,2817459.20,200
1781848264,0,65620,0,276.04,199.89,1950719,2430975,2996223,3713023,4530175,716288,49512447,2525134.56,1109184.00,65620,10,10,10,0,0,0,0,0,0,2736127,3774463,8163327,2917406.72,200
1781848265,0,65820,0,275.72,200.05,1950719,2430975,2996223,3715071,4530175,716288,49512447,2525695.98,1108251.92,65820,10,10,10,0,0,0,0,0,0,2627583,3948543,4763647,2709898.24,200
1781848266,0,66020,0,275.41,200.10,1951743,2433023,2998271,3715071,4530175,716288,49512447,2526360.36,1107205.76,66020,10,10,10,0,0,0,0,0,0,2768895,3911679,4065279,2745006.08,200
1781848267,0,66820,0,277.59,799.78,1945599,2426879,2996223,3727359,4698111,560128,49512447,2538038.59,1243615.94,66820,10,10,10,0,0,0,0,0,0,1893375,13631487,33587199,3501785.28,800
1781848268,0,67820,0,280.57,999.57,1938431,2414591,2990079,3721215,4685823,548352,49512447,2529884.45,1237948.57,67820,10,10,10,0,0,0,0,0,0,1917951,2969599,3604479,1985024.26,1000
1781848269,0,68820,0,283.54,1000.65,1928191,2402303,2981887,3715071,4661247,548352,49512447,2519095.74,1233225.60,68820,10,10,10,0,0,0,0,0,0,1761279,2527231,2883583,1787405.82,1000
1781848270,0,69820,0,286.48,999.73,1922047,2392063,2975743,3708927,4648959,548352,49512447,2510027.23,1228701.58,69820,10,10,10,0,0,0,0,0,0,1828863,2902015,3876863,1885932.03,1000
1781848271,0,70820,0,289.39,1000.09,1913855,2381823,2969599,3706879,4644863,548352,49512447,2501792.05,1224674.60,70820,10,10,10,0,0,0,0,0,0,1821695,3071999,4255743,1926812.16,1000
1781848272,0,71820,0,292.29,999.83,1905663,2369535,2961407,3700735,4624383,548352,49512447,2492954.99,1220518.21,71820,10,10,10,0,0,0,0,0,0,1799167,2883583,4048895,1867113.98,1000
1781848273,0,72820,0,295.15,999.98,1896447,2359295,2955263,3696639,4616191,548352,49512447,2484228.17,1216591.97,72820,10,10,10,0,0,0,0,0,0,1782783,3090431,4263935,1857468.16,1000
1781848274,0,73820,0,298.00,999.72,1885183,2347007,2947071,3690495,4607999,548352,49512447,2473487.93,1214100.04,73820,10,10,10,0,0,0,0,0,0,1609727,2482175,3375103,1691383.55,1000
1781848275,0,74820,0,300.82,1000.12,1876991,2336767,2940927,3686399,4612095,548352,49512447,2465096.59,1210525.92,74820,10,10,10,0,0,0,0,0,0,1750015,2914303,4698111,1845648.38,1000
1781848276,0,75820,0,303.62,1000.19,1866751,2324479,2934783,3682303,4595711,548352,49512447,2455020.11,1207223.04,75820,10,10,10,0,0,0,0,0,0,1629183,2643967,3600383,1701097.73,1000
1781848277,0,76820,0,306.40,999.71,1856511,2312191,2926591,3676159,4579327,548352,49512447,2444843.62,1203968.54,76820,10,10,10,0,0,0,0,0,0,1607679,2430975,3241983,1673262.08,1000
1781848278,0,77820,0,309.16,1000.35,1849343,2301951,2920447,3670015,4567039,548352,49512447,2436860.93,1199712.11,77820,10,10,10,0,0,0,0,0,0,1753087,2770943,3299327,1823630.34,1000
1781848279,0,78820,0,311.89,1000.43,1841151,2291711,2914303,3663871,4550655,548352,49512447,2428207.59,1195756.22,78820,10,10,10,0,0,0,0,0,0,1730559,2588671,3190783,1754804.74,1000
1781848280,0,79820,0,314.60,999.57,1832959,2285567,2908159,3661823,4546559,548352,49512447,2421202.71,1192065.17,79820,10,10,10,0,0,0,0,0,0,1756159,3147775,4317183,1869078.02,1000
1781848281,0,80820,0,317.29,999.60,1824767,2275327,2902015,3657727,4542463,548352,49512447,2412913.75,1188907.47,80820,10,10,10,0,0,0,0,0,0,1670143,2914303,4001791,1751289.09,1000
1781848282,0,81820,0,319.96,1000.25,1816575,2267135,2893823,3651583,4530175,548352,49512447,2404943.25,1185427.72,81820,10,10,10,0,0,0,0,0,0,1684479,2801663,3555327,1760767.23,1000
1781848283,0,82820,0,322.61,1000.32,1808383,2258943,2887679,3649535,4521983,548352,49512447,2397497.44,1182184.79,82820,10,10,10,0,0,0,0,0,0,1678335,2887679,4403199,1788281.60,1000
1781848284,0,83820,0,325.24,999.54,1800191,2250751,2881535,3645439,4517887,548352,49512447,2389876.69,1178697.22,83820,10,10,10,0,0,0,0,0,0,1681407,2770943,3969023,1758726.40,1000
1781848285,0,84820,0,327.85,1000.30,1793023,2242559,2875391,3641343,4509695,548352,49512447,2383143.31,1175349.51,84820,10,10,10,0,0,0,0,0,0,1728511,3018751,3700735,1818750.72,1000
1781848286,0,85820,0,330.43,999.82,1786879,2234367,2869247,3635199,4497407,548352,49512447,2376151.35,1171470.86,85820,10,10,10,0,0,0,0,0,0,1714175,2758655,3190783,1783093.50,1000
1781848287,0,86820,0,333.00,1000.27,1778687,2226175,2863103,3631103,4493311,548352,49512447,2368573.18,1168550.16,86820,10,10,10,0,0,0,0,0,0,1588223,2590719,3751935,1718214.40,1000
1781848288,0,87820,0,335.55,1000.35,1774591,2220031,2856959,3624959,4489215,548352,49512447,2362832.84,1164709.45,87820,10,10,10,0,0,0,0,0,0,1788927,2985983,3674111,1864456.70,1000
1781848289,0,88820,0,338.08,999.98,1768447,2211839,2850815,3620863,4481023,548352,49512447,2356231.79,1161127.81,88820,10,10,10,0,0,0,0,0,0,1734655,2605055,3549183,1776527.87,1000
1781848290,0,89820,0,340.59,999.83,1763327,2205695,2844671,3616767,4468735,548352,49512447,2350263.99,1157262.68,89820,10,10,10,0,0,0,0,0,0,1769471,2705407,3209215,1820203.78,1000
1781848291,0,90820,0,343.08,999.94,1757183,2199551,2838527,3612671,4460543,548352,49512447,2344204.33,1154031.87,90820,10,10,10,0,0,0,0,0,0,1726463,3012607,3792895,1799925.50,1000
1781848292,0,91820,0,345.55,999.87,1752063,2193407,2832383,3608575,4452351,548352,49512447,2338674.16,1150665.06,91820,10,10,10,0,0,0,0,0,0,1740799,2854911,4114431,1836424.45,1000
1781848293,0,92820,0,348.01,999.71,1746943,2187263,2826239,3604479,4444159,548352,49512447,2332897.36,1147625.51,92820,10,10,10,0,0,0,0,0,0,1700863,3121151,3813375,1802471.68,1000
1781848294,0,93820,0,350.44,1000.05,1742847,2181119,2820095,3602431,4440063,548352,49512447,2327991.62,1144247.11,93820,10,10,10,0,0,0,0,0,0,1794047,2994175,3979263,1872640.77,1000
1781848295,0,94820,0,352.86,1000.48,1737727,2177023,2815999,3598335,4431871,548352,49512447,2322239.07,1141077.23,94820,10,10,10,0,0,0,0,0,0,1701887,2844671,3721215,1782534.66,1000
1781848296,0,95820,0,355.26,999.64,1730559,2168831,2807807,3594239,4423679,548352,49512447,2316137.94,1137793.95,95820,10,10,10,0,0,0,0,0,0,1672191,2596863,3368959,1737628.67,1000
1781848297,0,96820,0,357.64,1000.36,1728511,2164735,2805759,3596287,4452351,548352,49512447,2319672.91,1197607.78,96820,10,10,10,0,0,0,0,0,0,1871871,4366335,23379967,2658394.37,1000
1781848298,0,97820,0,360.00,999.40,1722367,2158591,2797567,3592191,4444159,548352,49512447,2313202.17,1194443.88,97820,10,10,10,0,0,0,0,0,0,1609727,2705407,3252223,1686704.38,1000
1781848299,0,98820,0,362.35,1000.29,1716223,2152447,2791423,3588095,4435967,524288,49512447,2307244.86,1190974.53,98820,10,10,10,0,0,0,0,0,0,1656831,2621439,3207167,1724501.50,1000
1781848300,0,99820,0,364.68,999.53,1713151,2148351,2787327,3581951,4431871,524288,49512447,2302995.82,1186918.43,99820,10,10,10,0,0,0,0,0,0,1856511,2885631,3364863,1883105.54,1000
1781848301,0,100820,0,366.99,1000.91,1708031,2142207,2779135,3577855,4427775,524288,49512447,2297059.63,1183825.18,100820,10,10,10,0,0,0,0,0,0,1635327,2519039,3416063,1704509.44,1000
1781848302,0,101820,0,369.29,999.70,1702911,2138111,2772991,3573759,4419583,524288,49512447,2291861.73,1180271.84,101820,10,10,10,0,0,0,0,0,0,1704959,2772991,3145727,1767809.02,1000
1781848303,0,102820,0,371.57,1000.11,1698815,2131967,2766847,3569663,4419583,524288,49512447,2287480.76,1176897.30,102820,10,10,10,0,0,0,0,0,0,1754111,3047423,3866623,1841410.82,1000
1781848304,0,103820,0,373.83,999.85,1695743,2127871,2762751,3565567,4419583,524288,49512447,2283025.12,1173546.23,103820,10,10,10,0,0,0,0,0,0,1728511,2949119,4155391,1824895.74,1000
1781848305,0,104820,0,376.08,1000.31,1691647,2121727,2756607,3563519,4419583,524288,49512447,2278827.87,1170828.23,104820,10,10,10,0,0,0,0,0,0,1744895,2791423,5455871,1843069.44,1000
1781848306,0,105820,0,378.31,999.64,1688575,2119679,2752511,3559423,4415487,524288,49512447,2274794.94,1167312.86,105820,10,10,10,0,0,0,0,0,0,1809407,2885631,3383295,1852062.98,1000
1781848307,0,106820,0,380.52,999.55,1685503,2115583,2746367,3555327,4407295,524288,49512447,2271051.27,1163835.38,106820,10,10,10,0,0,0,0,0,0,1780735,2963455,3467263,1874896.13,1000
1781848308,0,107820,0,382.72,1000.36,1682431,2111487,2740223,3551231,4403199,524288,49512447,2267181.63,1160445.92,107820,10,10,10,0,0,0,0,0,0,1770495,3041279,3534847,1853826.56,1000
1781848309,0,108820,0,384.91,999.56,1678335,2107391,2734079,3547135,4390911,524288,49512447,2262678.43,1157158.86,108820,10,10,10,0,0,0,0,0,0,1721343,2752511,3397631,1777144.06,1000
1781848310,0,109820,0,387.07,1000.23,1674239,2101247,2727935,3543039,4378623,524288,49512447,2257633.45,1154002.49,109820,10,10,10,0,0,0,0,0,0,1636351,2617343,2969599,1708638.21,1000
1781848311,0,110820,0,389.23,1000.73,1672191,2099199,2725887,3540991,4370431,524288,49512447,2254835.30,1150875.57,110820,10,10,10,0,0,0,0,0,0,1840127,3295231,3856383,1947542.27,1000
1781848312,0,111820,0,391.36,999.45,1669119,2094079,2719743,3536895,4366335,524288,49512447,2251004.52,1147773.66,111820,10,10,10,0,0,0,0,0,0,1737727,2994175,3893247,1826478.08,1000
1781848313,0,112820,0,393.49,1000.56,1665023,2088959,2713599,3532799,4358143,524288,49512447,2246478.69,1144820.13,112820,10,10,10,0,0,0,0,0,0,1678335,2719743,3401727,1740399.62,1000
1781848314,0,113820,0,395.59,999.29,1660927,2084863,2709503,3532799,4358143,524288,49512447,2242616.49,1142326.49,113820,10,10,10,0,0,0,0,0,0,1648639,3039231,4321279,1806884.10,1000
1781848315,0,114820,0,397.69,999.81,1654783,2079743,2703359,3528703,4354047,524288,49512447,2237749.58,1139916.61,114820,10,10,10,0,0,0,0,0,0,1603583,2760703,3928063,1683797.25,1000
1781848316,0,115820,0,399.77,1000.17,1651711,2075647,2697215,3524607,4349951,524288,49512447,2233697.71,1136766.30,115820,10,10,10,0,0,0,0,0,0,1700863,2697215,3323903,1768462.34,1000
1781848317,0,116820,0,401.83,999.91,1647615,2070527,2691071,3520511,4349951,524288,49512447,2228796.35,1133913.21,116820,10,10,10,0,0,0,0,0,0,1632255,2433023,2781183,1661121.02,1000
1781848318,0,117820,0,403.88,1000.25,1645567,2068479,2686975,3516415,4341759,524288,49512447,2225681.07,1130551.92,117820,10,10,10,0,0,0,0,0,0,1793023,2746367,3256319,1861753.09,1000
1781848319,0,118820,0,405.92,999.74,1643519,2064383,2680831,3514367,4341759,524288,49512447,2222289.16,1127662.51,118820,10,10,10,0,0,0,0,0,0,1752063,2646015,3563519,1822654.46,1000
1781848320,0,119820,0,407.94,1000.15,1639423,2060287,2674687,3508223,4337663,524288,49512447,2218020.99,1124686.16,119820,10,10,10,0,0,0,0,0,0,1649663,2609151,2963455,1710877.18,1000
1781848321,0,120820,0,409.95,1000.23,1635327,2056191,2670591,3504127,4329471,524288,49512447,2213815.52,1121900.91,120820,10,10,10,0,0,0,0,0,0,1651711,2662399,3002367,1709916.93,1000
1781848322,0,121820,0,411.95,999.54,1632255,2052095,2664447,3500031,4329471,524288,49512447,2209436.56,1119243.15,121820,10,10,10,0,0,0,0,0,0,1628159,2631679,3325951,1680369.92,1000
1781848323,0,122820,0,413.93,1000.27,1629183,2047999,2660351,3497983,4325375,524288,49512447,2206311.10,1116890.20,122820,10,10,10,0,0,0,0,0,0,1714175,3086335,4292607,1825568.26,1000
1781848324,0,123820,0,415.90,999.76,1627135,2045951,2656255,3495935,4325375,524288,49512447,2203224.83,1114490.83,123820,10,10,10,0,0,0,0,0,0,1688575,2883583,4743167,1824168.70,1000
1781848325,0,124820,0,417.85,1000.46,1623039,2041855,2652159,3491839,4321279,524288,49512447,2199538.87,1111898.08,124820,10,10,10,0,0,0,0,0,0,1650687,2725887,3229695,1743143.42,1000
1781848326,0,125820,0,419.79,1000.01,1619967,2038783,2646015,3489791,4317183,524288,49512447,2195860.29,1109135.53,125820,10,10,10,0,0,0,0,0,0,1683455,2635775,3053567,1736699.14,1000
1781848327,0,126260,0,419.86,439.95,1619967,2038783,2646015,3487743,4317183,524288,49512447,2195509.11,1107766.80,126260,10,10,10,0,0,0,0,0,0,2034687,3153919,3559423,2095088.87,440
1781848328,0,126460,0,419.13,200.10,1620991,2038783,2646015,3487743,4317183,524288,49512447,2196071.98,1107272.35,126460,10,10,10,0,0,0,0,0,0,2568191,3403775,4620287,2551413.76,200
1781848329,0,126660,0,418.41,199.95,1622015,2039807,2648063,3487743,4321279,524288,49512447,2196644.71,1106853.86,126660,10,10,10,0,0,0,0,0,0,2471935,3397631,5328895,2558781.44,200
1781848330,0,126860,0,417.69,199.90,1622015,2040831,2648063,3487743,4321279,524288,49512447,2197134.30,1106328.86,126860,10,10,10,0,0,0,0,0,0,2428927,3330047,4607999,2507187.20,200
1781848331,0,127060,0,416.98,200.13,1623039,2040831,2650111,3487743,4325375,524288,49512447,2197865.51,1106106.89,127060,10,10,10,0,0,0,0,0,0,2590719,3883007,5902335,2661672.96,200
1781848332,0,127260,0,416.27,199.94,1623039,2041855,2650111,3485695,4321279,524288,49512447,2198168.38,1105447.86,127260,10,10,10,0,0,0,0,0,0,2336767,3149823,3282943,2390584.32,200
1781848333,0,127460,0,415.56,200.04,1624063,2042879,2650111,3485695,4321279,524288,49512447,2198649.83,1104867.56,127460,10,10,10,0,0,0,0,0,0,2476031,3360767,4044799,2504995.84,200
1781848334,0,127660,0,414.86,199.99,1625087,2042879,2652159,3485695,4321279,524288,49512447,2199042.51,1104330.20,127660,10,10,10,0,0,0,0,0,0,2332671,3274751,4423679,2449300.48,200
1781848335,0,127860,0,414.16,199.87,1625087,2043903,2652159,3485695,4325375,524288,49512447,2199778.34,1104730.56,127860,10,10,10,0,0,0,0,0,0,2390015,3399679,8544255,2669452.80,200
1781848336,0,128060,0,413.47,200.08,1625087,2043903,2652159,3485695,4325375,524288,49512447,2199628.55,1104034.87,128060,10,10,10,0,0,0,0,0,0,2123775,2842623,3061759,2103869.44,200
1781848337,0,128260,0,412.78,199.92,1625087,2043903,2652159,3485695,4325375,524288,49512447,2199463.17,1103398.42,128260,10,10,10,0,0,0,0,0,0,2076671,2924543,3543039,2093570.56,200
1781848338,0,128460,0,412.10,200.14,1626111,2043903,2652159,3485695,4325375,524288,49512447,2199643.00,1102766.83,128460,10,10,10,0,0,0,0,0,0,2277375,3174399,3825663,2314969.60,200
1781848339,0,128660,0,411.42,199.92,1627135,2044927,2652159,3483647,4321279,524288,49512447,2200016.07,1102138.40,128660,10,10,10,0,0,0,0,0,0,2437119,3192831,3274751,2439639.04,200
1781848340,0,128860,0,410.75,199.91,1627135,2044927,2654207,3485695,4329471,524288,49512447,2201138.29,1103035.46,128860,10,10,10,0,0,0,0,0,0,2564095,5611519,9109503,2923064.32,200
1781848341,0,129060,0,410.08,200.09,1628159,2045951,2654207,3485695,4333567,524288,49512447,2201791.42,1102631.75,129060,10,10,10,0,0,0,0,0,0,2566143,3862527,4907007,2622599.68,200
1781848342,0,129260,0,409.42,200.11,1628159,2046975,2656255,3485695,4329471,524288,49512447,2202128.98,1101998.94,129260,10,10,10,0,0,0,0,0,0,2334719,3196927,3354623,2419955.20,200
1781848343,0,129460,0,408.75,199.91,1629183,2046975,2656255,3485695,4333567,524288,49512447,2202606.77,1101496.79,129460,10,10,10,0,0,0,0,0,0,2457599,3313663,4427775,2511406.08,200
1781848344,0,129660,0,408.10,199.93,1629183,2047999,2658303,3485695,4333567,524288,49512447,2203236.37,1101116.62,129660,10,10,10,0,0,0,0,0,0,2615295,3952639,4448255,2610777.60,200
1781848345,0,129860,0,407.44,200.01,1630207,2049023,2658303,3485695,4333567,524288,49512447,2203826.68,1100675.46,129860,10,10,10,0,0,0,0,0,0,2553855,3491839,4558847,2586521.60,200
1781848346,0,130060,0,406.80,200.13,1631231,2049023,2660351,3485695,4333567,524288,49512447,2204563.85,1100357.86,130060,10,10,10,0,0,0,0,0,0,2664447,4032511,5214207,2683207.68,200
1781848347,0,130260,0,406.15,199.92,1631231,2050047,2660351,3485695,4333567,524288,49512447,2204981.58,1099779.71,130260,10,10,10,0,0,0,0,0,0,2414591,3289087,3516415,2476631.04,200
1781848348,0,130460,0,405.51,200.07,1632255,2051071,2662399,3485695,4333567,524288,49512447,2205463.64,1099214.99,130460,10,10,10,0,0,0,0,0,0,2439167,3452927,3688447,2519431.68,200
1781848349,0,130660,0,404.87,199.92,1632255,2051071,2662399,3485695,4333567,524288,49512447,2205970.13,1098694.12,130660,10,10,10,0,0,0,0,0,0,2572287,3424255,3917823,2536353.28,200
1781848350,0,130860,0,404.24,200.12,1633279,2052095,2664447,3485695,4341759,524288,49512447,2206792.97,1098597.32,130860,10,10,10,0,0,0,0,0,0,2637823,4657151,6021119,2744350.72,200
1781848351,0,131060,0,403.61,199.91,1633279,2053119,2664447,3485695,4337663,524288,49512447,2207322.94,1098044.83,131060,10,10,10,0,0,0,0,0,0,2559999,3350527,3481599,2554083.84,200
1781848352,0,131260,0,402.99,200.05,1634303,2053119,2664447,3485695,4337663,524288,49512447,2207791.02,1097480.21,131260,10,10,10,0,0,0,0,0,0,2441215,3305471,3510271,2514524.16,200
1781848353,0,131460,0,402.36,199.94,1635327,2054143,2666495,3485695,4333567,524288,49512447,2208330.58,1096939.50,131460,10,10,10,0,0,0,0,0,0,2492415,3323903,4018175,2562444.80,200
1781848354,0,131660,0,401.75,200.04,1635327,2054143,2666495,3485695,4333567,524288,49512447,2208677.42,1096333.32,131660,10,10,10,0,0,0,0,0,0,2359295,3272703,3403775,2436654.08,200
1781848355,0,131860,0,401.13,199.90,1636351,2055167,2668543,3485695,4337663,524288,49512447,2209245.03,1095958.16,131860,10,10,10,0,0,0,0,0,0,2498559,3428351,4972543,2582904.32,200
1781848356,0,132060,0,400.52,200.14,1636351,2055167,2668543,3485695,4341759,524288,49512447,2209869.75,1095636.98,132060,10,10,10,0,0,0,0,0,0,2467839,3768319,5365759,2621744.64,200
1781848357,0,132260,0,399.92,199.98,1637375,2056191,2668543,3485695,4337663,524288,49512447,2210209.48,1095050.56,132260,10,10,10,0,0,0,0,0,0,2400255,3254271,3354623,2434536.96,200
1781848358,0,132460,0,399.31,199.94,1637375,2056191,2670591,3485695,4337663,524288,49512447,2210652.87,1094518.88,132460,10,10,10,0,0,0,0,0,0,2469887,3344383,3796991,2503864.32,200
1781848359,0,132660,0,398.72,199.91,1638399,2057215,2670591,3483647,4337663,524288,49512447,2211137.17,1093974.57,132660,10,10,10,0,0,0,0,0,0,2502655,3319807,3864575,2531888.64,200
1781848360,0,132860,0,398.12,200.07,1639423,2058239,2672639,3483647,4333567,524288,49512447,2211657.79,1093465.90,132860,10,10,10,0,0,0,0,0,0,2541567,3397631,4003839,2556989.44,200
1781848361,0,133060,0,397.53,200.08,1640447,2058239,2674687,3485695,4337663,524288,49512447,2212449.01,1093216.26,133060,10,10,10,0,0,0,0,0,0,2662399,4143103,4853759,2738053.12,200
1781848362,0,133260,0,396.94,199.97,1640447,2059263,2674687,3485695,4337663,524288,49512447,2212920.21,1092691.99,133260,10,10,10,0,0,0,0,0,0,2451455,3340287,3880959,2526410.24,200
1781848363,0,133460,0,396.36,200.03,1640447,2060287,2674687,3485695,4341759,524288,49512447,2213531.63,1092300.03,133460,10,10,10,0,0,0,0,0,0,2613247,3502079,4841471,2620920.32,200
1781848364,0,133660,0,395.77,199.88,1641471,2060287,2676735,3483647,4341759,524288,49512447,2213979.94,1091756.40,133660,10,10,10,0,0,0,0,0,0,2478079,3299327,3745791,2513136.64,200
1781848365,0,133860,0,395.20,200.10,1642495,2061311,2676735,3485695,4341759,524288,49512447,2214713.75,1091478.57,133860,10,10,10,0,0,0,0,0,0,2672639,3950591,5283839,2705118.72,200
1781848366,0,134060,0,394.62,199.96,1642495,2062335,2678783,3485695,4341759,524288,49512447,2215145.28,1090966.75,134060,10,10,10,0,0,0,0,0,0,2420735,3325951,4255743,2503971.84,200
1781848367,0,134260,0,394.05,200.02,1643519,2062335,2678783,3483647,4341759,524288,49512447,2215565.47,1090406.91,134260,10,10,10,0,0,0,0,0,0,2430975,3284991,3612671,2497218.56,200
1781848368,0,134460,0,393.48,199.93,1644543,2063359,2678783,3483647,4341759,524288,49512447,2216135.64,1089893.02,134460,10,10,10,0,0,0,0,0,0,2576383,3430399,3540991,2598888.96,200
1781848369,0,134660,0,392.92,199.95,1644543,2064383,2680831,3483647,4341759,524288,49512447,2216715.09,1089431.34,134660,10,10,10,0,0,0,0,0,0,2666495,3422207,4067327,2606279.68,200
1781848370,0,134860,0,392.36,200.10,1645567,2064383,2682879,3485695,4349951,524288,49512447,2217641.78,1089603.47,134860,10,10,10,0,0,0,0,0,0,2684927,4886527,6811647,2841584.64,200
1781848371,0,135060,0,391.80,200.03,1645567,2065407,2682879,3485695,4345855,524288,49512447,2218049.36,1089066.43,135060,10,10,10,0,0,0,0,0,0,2486271,3276799,3905535,2492874.24,200
1781848372,0,135260,0,391.24,199.92,1646591,2066431,2682879,3483647,4345855,524288,49512447,2218509.22,1088567.39,135260,10,10,10,0,0,0,0,0,0,2447359,3295231,4366335,2529057.28,200
1781848373,0,135460,0,390.69,200.08,1647615,2066431,2684927,3483647,4345855,524288,49512447,2219003.68,1088084.04,135460,10,10,10,0,0,0,0,0,0,2570239,3477503,3682303,2553405.44,200
1781848374,0,135660,0,390.14,199.93,1647615,2067455,2684927,3483647,4345855,524288,49512447,2219444.12,1087547.75,135660,10,10,10,0,0,0,0,0,0,2486271,3393535,3508223,2517757.44,200
1781848375,0,135860,0,389.60,200.05,1648639,2067455,2686975,3483647,4341759,524288,49512447,2219787.88,1087013.42,135860,10,10,10,0,0,0,0,0,0,2453503,3215359,3788799,2452956.16,200
1781848376,0,136060,0,389.06,200.02,1648639,2068479,2686975,3483647,4341759,524288,49512447,2220238.93,1086524.36,136060,10,10,10,0,0,0,0,0,0,2459647,3385343,4083711,2526640.64,200
1781848377,0,136260,0,388.52,200.04,1649663,2068479,2686975,3481599,4345855,524288,49512447,2220751.90,1086176.51,136260,10,10,10,0,0,0,0,0,0,2430975,3262463,6156287,2569720.32,200
1781848378,0,136460,0,387.98,199.92,1649663,2069503,2686975,3481599,4341759,524288,49512447,2221086.37,1085599.33,136460,10,10,10,0,0,0,0,0,0,2355199,3198975,3418111,2448962.56,200
1781848379,0,136660,0,387.45,199.97,1650687,2069503,2689023,3481599,4341759,524288,49512447,2221489.56,1085093.70,136660,10,10,10,0,0,0,0,0,0,2418687,3313663,4003839,2496583.68,200
1781848380,0,136860,0,386.92,200.12,1650687,2070527,2689023,3481599,4341759,524288,49512447,2221794.01,1084520.56,136860,10,10,10,0,0,0,0,0,0,2357247,3235839,3454975,2429829.12,200
1781848381,0,137060,0,386.39,199.85,1651711,2070527,2691071,3481599,4341759,524288,49512447,2222207.50,1084005.03,137060,10,10,10,0,0,0,0,0,0,2549759,3278847,3966975,2505159.68,200
1781848382,0,137260,0,385.87,200.07,1651711,2071551,2691071,3479551,4341759,524288,49512447,2222576.23,1083494.39,137260,10,10,10,0,0,0,0,0,0,2473983,3225599,3835903,2475266.56,200
1781848383,0,137460,0,385.35,200.08,1652735,2071551,2691071,3479551,4341759,524288,49512447,2222932.17,1082981.30,137460,10,10,10,0,0,0,0,0,0,2457599,3309567,3919871,2467210.24,200
1781848384,0,137660,0,384.83,199.89,1652735,2072575,2693119,3479551,4341759,524288,49512447,2223328.71,1082493.56,137660,10,10,10,0,0,0,0,0,0,2449407,3385343,3749887,2495869.44,200
1781848385,0,137860,0,384.31,200.06,1653759,2072575,2693119,3479551,4341759,524288,49512447,2223654.07,1081929.63,137860,10,10,10,0,0,0,0,0,0,2435071,3209215,3448831,2447600.64,200
1781848386,0,138060,0,383.80,199.88,1653759,2073599,2693119,3479551,4341759,524288,49512447,2224191.34,1081684.44,138060,10,10,10,0,0,0,0,0,0,2516991,3473407,5672959,2594534.40,200
1781848387,0,139493,0,386.71,1433.52,1658879,2081791,2719743,3586047,7458815,524288,373817343,2474466.59,4566939.66,139493,10,10,10,0,0,0,0,0,0,13877247,63078399,230817791,26586819.26,1433
1781848388,0,140997,0,389.80,1503.82,1663999,2092031,2746367,3731455,33980415,524288,796393471,3770348.95,23260808.64,140997,10,10,10,0,0,0,0,0,0,67698687,718274559,783286271,123960852.94,1504
1781848389,0,142010,0,391.52,1013.16,1667071,2099199,2764799,3858431,143654911,524288,796393471,7654957.23,53029841.03,142010,10,10,10,0,0,0,0,0,0,576192511,767557631,781713407,548344111.26,1013
1781848390,0,143974,0,395.84,1964.93,1674239,2111487,2799615,4292607,838336511,524288,874512383,19058861.34,110373681.00,143974,10,10,10,0,0,0,0,0,0,848297983,863502335,871890943,843635451.31,1964
1781848391,0,145590,0,399.18,1615.22,1679359,2123775,2828287,6995967,852492287,524288,996671487,28083152.21,139164442.67,145590,10,10,10,0,0,0,0,0,0,830996479,975699967,989331455,832082690.53,1616
1781848392,0,147310,0,402.80,1719.17,1684479,2134015,2856959,48300031,1040187391,524288,1145044991,40504212.57,179491913.86,147310,10,10,10,0,0,0,0,0,0,1109393407,1132462079,1137704959,1091889199.63,1720
1781848393,0,148880,0,405.98,1571.36,1689599,2144255,2883583,591396863,1136656383,524288,1351614463,52922114.09,215416988.60,148880,10,10,10,0,0,0,0,0,0,1198522367,1337982975,1346371583,1218069293.98,1570
1781848394,0,150374,0,408.94,1494.16,1694719,2156543,2910207,800063487,1348468735,524288,1603272703,66569585.39,254068280.61,150374,10,10,10,0,0,0,0,0,0,1390411775,1576009727,1596981247,1426566592.26,1494
1781848395,0,151885,0,411.93,1510.36,1698815,2166783,2936831,856162303,1602224127,524288,1864368127,83605896.36,304722477.25,151885,10,10,10,0,0,0,0,0,0,1803550719,1860173823,1863319551,1779051446.13,1511
1781848396,0,153497,0,415.17,1611.26,1703935,2177023,2965503,1037565951,1852833791,524288,2045771775,102561875.45,354641469.00,153497,10,10,10,0,0,0,0,0,0,1861222399,2017460223,2040528895,1888621977.09,1612
1781848397,0,154770,0,417.49,1273.69,1708031,2187263,2988031,1126170623,1956642815,524288,2409627647,120133938.57,402568725.18,154770,10,10,10,0,0,0,0,0,0,2243952639,2392850431,2403336191,2238954812.13,1273
1781848398,0,156274,0,420.41,1503.54,1713151,2197503,3016703,1292894207,2394947583,524288,2659188735,143315985.31,464597864.80,156274,10,10,10,0,0,0,0,0,0,2529165311,2640314367,2650800127,2528878069.11,1504
1781848399,0,157740,0,423.22,1466.55,1717247,2207743,3043327,1409286143,2636120063,524288,2921332735,167888107.15,527506025.82,157740,10,10,10,0,0,0,0,0,0,2789212159,2906652671,2917138431,2787249477.50,1466
1781848400,0,159130,0,425.80,1388.93,1722367,2217983,3067903,1812987903,2887778303,524288,3227516927,193296331.90,590897540.39,159130,10,10,10,0,0,0,0,0,0,3078619135,3212836863,3221225471,3076672858.24,1390
1781848401,0,160591,0,428.56,1461.11,1726463,2230271,3092479,1860173823,3196059647,524288,3510632447,222125885.36,660737553.86,160591,10,10,10,0,0,0,0,0,0,3353346047,3491758079,3506438143,3362199015.12,1461
1781848402,0,162090,0,431.41,1499.47,1731583,2242559,3119103,2202009599,3485466623,524288,3749707775,253450026.21,733283388.36,162090,10,10,10,0,0,0,0,0,0,3611295743,3724541951,3741319167,3609270642.25,1499
1781848403,0,163572,0,434.20,1482.95,1736703,2252799,3145727,2503999487,3707764735,524288,4009754623,286304840.78,806812980.42,163572,10,10,10,0,0,0,0,0,0,3881828351,3995074559,4003463167,3879717049.18,1482
1781848404,0,165100,0,437.10,1527.27,1740799,2265087,3174399,2761949183,3986685951,524288,4238344191,321735128.09,882806515.08,165100,10,10,10,0,0,0,0,0,0,4112515071,4225761279,4236247039,4114538109.99,1528
1781848405,0,166585,0,439.87,1484.88,1744895,2277375,3203071,3040870399,4208984063,524288,4504682495,357881542.68,957972573.45,166585,10,10,10,0,0,0,0,0,0,4383047679,4492099583,4500488191,4376583932.72,1485
1781848406,0,168010,0,442.46,1425.29,1750015,2287615,3233791,3309305855,4462739455,524288,4794089471,394100485.06,1031181729.63,168010,10,10,10,0,0,0,0,0,0,4622123007,4777312255,4789895167,4628158390.70,1425
1781848407,0,169579,0,445.42,1569.54,1754111,2299903,3270655,3567255551,4764729343,524288,5007998975,435788370.05,1113386349.96,169579,10,10,10,0,0,0,0,0,0,4903141375,4999610367,5003804671,4899766418.19,1569
1781848408,0,171142,0,448.35,1562.99,1759231,2314239,3315711,3833593855,4995416063,524288,5221908479,478240453.78,1193262417.87,171142,10,10,10,0,0,0,0,0,0,5062524927,5205131263,5217714175,5084114993.79,1563
1781848409,0,172560,0,450.88,1417.92,1763327,2326527,3366911,4045406207,5158993919,524288,5515509759,518569956.53,1268283865.57,172560,10,10,10,0,0,0,0,0,0,5402263551,5502926847,5511315455,5386039463.54,1418
1781848410,0,174170,0,453.90,1609.23,1768447,2340863,3436543,4311744511,5498732543,524288,5708447743,565539632.63,1352834266.62,174170,10,10,10,0,0,0,0,0,0,5591007231,5695864831,5704253439,5599755351.77,1610
1781848411,0,175675,0,456.63,1504.40,1772543,2355199,3514367,4555014143,5674893311,524288,5955911679,610547924.93,1431417027.32,175675,10,10,10,0,0,0,0,0,0,5825888255,5926551551,5943328767,5819248435.88,1505
1781848412,0,177220,0,459.46,1546.43,1776639,2369535,3616767,4840226815,5892997119,524288,6186598399,658067862.20,1512576211.75,177220,10,10,10,0,0,0,0,0,0,6060769279,6165626879,6178209791,6061346166.47,1545
1781848413,0,178731,0,462.17,1511.06,1781759,2383871,3743743,5020581887,6127878143,524288,6429868031,705852182.13,1592604693.80,178731,10,10,10,0,0,0,0,0,0,6316621823,6417285119,6425673727,6310310937.07,1511
1781848414,0,180280,0,464.98,1547.49,1786879,2400255,3905535,5251268607,6387924991,524288,6656360447,755927164.30,1674506140.84,180280,10,10,10,0,0,0,0,0,0,6543114239,6643777535,6652166143,6533817182.04,1549
1781848415,0,181823,0,467.75,1544.05,1790975,2414591,4153343,5528092671,6622806015,524288,6882852863,806814893.62,1755780365.23,181823,10,10,10,0,0,0,0,0,0,6748635135,6861881343,6878658559,6752401311.11,1543
1781848416,0,183662,0,471.27,1839.12,1796095,2435071,5206015,5750390783,6882852863,524288,7033847807,868709117.60,1852207501.17,183662,10,10,10,0,0,0,0,0,0,7000293375,7029653503,7029653503,6988227054.46,1839
1781848417,0,185540,0,474.87,1876.72,1802239,2453503,14876671,6039797759,6983516159,524288,7033847807,930478967.92,1941416379.88,185540,10,10,10,0,0,0,0,0,0,6970933247,7012876287,7025459199,6971359825.24,1878
1781848418,0,187440,0,478.51,1899.88,1807359,2473983,142999551,6333399039,7000293375,524288,7075790847,991526216.81,2023575289.65,187440,10,10,10,0,0,0,0,0,0,6954156031,7050625023,7071596543,6952950721.48,1900
1781848419,0,189664,0,482.95,2226.07,1814527,2496511,759169023,6643777535,7025459199,524288,7130316799,1062526157.66,2114645812.62,189664,10,10,10,0,0,0,0,0,0,7050625023,7121928191,7126122495,7046442035.57,2224
1781848420,0,191575,0,486.58,1910.70,1820671,2516991,843579391,6874464255,7025459199,524288,7130316799,1121101226.23,2183497441.87,191575,10,10,10,0,0,0,0,0,0,6924795903,7008681983,7008681983,6934592490.03,1911
1781848421,0,193513,0,490.26,1937.40,1826815,2537471,874512383,6933184511,7025459199,524288,7130316799,1179945793.08,2249935114.44,193513,10,10,10,0,0,0,0,0,0,7000293375,7021264895,7033847807,6996843571.78,1938
1781848422,0,195170,0,493.20,1656.87,1830911,2557951,1107296255,6962544639,7059013631,524288,7210008575,1230104004.11,2305009154.80,195170,10,10,10,0,0,0,0,0,0,7059013631,7197425663,7205814271,7087838397.72,1657
1781848423,0,196840,0,496.17,1669.64,1836031,2576383,1141899263,6983516159,7159676927,524288,7373586431,1281452734.31,2361388896.62,196840,10,10,10,0,0,0,0,0,0,7277117439,7365197823,7373586431,7282489665.30,1670
1781848424,0,198534,0,499.18,1695.30,1841151,2594815,1354760191,7000293375,7348420607,524288,7532969983,1333958233.51,2418456935.39,198534,10,10,10,0,0,0,0,0,0,7428112383,7520387071,7528775679,7435010454.21,1694
1781848425,0,200427,0,502.68,1892.36,1847295,2615295,1587544063,7008681983,7516192767,524288,7583301631,1392493851.41,2480534137.25,200427,10,10,10,0,0,0,0,0,0,7528775679,7570718719,7579107327,7531590716.04,1893
1781848426,0,201896,0,505.10,1469.46,1851391,2633727,1845493759,7029653503,7532969983,524288,7847542783,1438198518.74,2528504011.42,201896,10,10,10,0,0,0,0,0,0,7650410495,7826571263,7843348479,7674038789.23,1469
1781848427,0,203373,0,507.52,1476.57,1855487,2650111,1859125247,7059013631,7679770623,524288,8111783935,1485828671.69,2580125820.66,203373,10,10,10,0,0,0,0,0,0,8027897855,8090812415,8107589631,7996551326.07,1477
1781848428,0,205473,0,511.49,2100.58,1861631,2674687,2235564031,7210008575,8036286463,524288,8111783935,1552927895.94,2650479480.26,205473,10,10,10,0,0,0,0,0,0,8044675071,8103395327,8107589631,8051104340.85,2100
1781848429,0,206700,0,513.26,1226.25,1865727,2686975,2453667839,7323254783,8065646591,524288,8443133951,1592769047.85,2692442084.17,206700,10,10,10,0,0,0,0,0,0,8279556095,8434745343,8438939647,8264554707.98,1227
1781848430,0,208350,0,516.08,1650.90,1869823,2707455,2652897279,7444889599,8342470655,524288,8623489023,1647553382.67,2750969994.38,208350,10,10,10,0,0,0,0,0,0,8501854207,8606711807,8615100415,8510536417.28,1650
1781848431,0,209787,0,518.35,1437.19,1874943,2725887,2843738111,7528775679,8510242815,524288,8908701695,1696333539.00,2803755586.99,209787,10,10,10,0,0,0,0,0,0,8791261183,8891924479,8900313087,8768947019.71,1437
1781848432,0,211978,0,522.48,2189.32,1881087,2752511,3196059647,7688159231,8816427007,524288,8925478911,1770383164.80,2881813418.90,211978,10,10,10,0,0,0,0,0,0,8875147263,8925478911,8925478911,8860592588.82,2191
1781848433,0,213450,0,524.81,1472.09,1885183,2768895,3401580543,8023703551,8849981439,524288,9076473855,1819220784.32,2931058468.71,213450,10,10,10,0,0,0,0,0,0,8833204223,9042919423,9068085247,8852169772.52,1472
1781848434,0,215199,0,527.81,1750.09,1890303,2789375,3623878655,8061452287,8925478911,524288,9219080191,1879080303.47,2993089206.44,215199,10,10,10,0,0,0,0,0,0,9202302975,9219080191,9219080191,9184405840.06,1749
1781848435,0,216960,0,530.83,1759.99,1895423,2811903,3862953983,8287944703,9202302975,524288,9311354879,1938634655.24,3052752309.14,216960,10,10,10,0,0,0,0,0,0,9210691583,9294577663,9311354879,9216338770.14,1761
1781848436,0,218440,0,533.15,1480.10,1899519,2828287,4034920447,8501854207,9219080191,524288,9571401727,1989442806.26,3103967954.81,218440,10,10,10,0,0,0,0,0,0,9428795391,9554624511,9571401727,9437643106.25,1480
1781848437,0,219977,0,535.59,1537.55,1903615,2846719,4217372671,8766095359,9437183999,524288,9814671359,2043377680.23,3159234783.59,219977,10,10,10,0,0,0,0,0,0,9714008063,9814671359,9814671359,9708656710.62,1537
1781848438,0,221740,0,538.57,1762.67,1908735,2867199,4458545151,8824815615,9772728319,524288,9923723263,2105127770.71,3221365573.74,221740,10,10,10,0,0,0,0,0,0,9797894143,9906946047,9923723263,9809948902.01,1763
1781848439,0,223250,0,540.93,1509.45,1912831,2883583,4643094527,8891924479,9806282751,524288,10166992895,2158883974.01,3275880711.99,223250,10,10,10,0,0,0,0,0,0,10066329599,10158604287,10166992895,10052857828.87,1510
1781848440,0,224850,0,543.49,1600.36,1917951,2902015,4877975551,9126805503,10083106815,524288,10368319487,2216423876.59,3334219487.50,224850,10,10,10,0,0,0,0,0,0,10242490367,10351542271,10368319487,10245038407.68,1600
1781848441,0,226240,0,545.53,1390.16,1922047,2918399,5012193279,9202302975,10234101759,524288,10678697983,2267469414.31,3386778255.08,226240,10,10,10,0,0,0,0,0,0,10536091647,10661920767,10670309375,10524727799.90,1390
1781848442,0,227704,0,547.74,1464.28,1926143,2934783,5146411007,9219080191,10502537215,524288,10947133439,2322261601.24,3443908061.14,227704,10,10,10,0,0,0,0,0,0,10787749887,10930356223,10938744831,10789600653.29,1464
1781848443,0,229240,0,550.11,1535.57,1930239,2953215,5423235071,9437183999,10779361279,524288,11173625855,2380728310.83,3505398296.86,229240,10,10,10,0,0,0,0,0,0,11056185343,11156848639,11173625855,11048113493.33,1536
1781848444,0,230714,0,552.32,1473.95,1934335,2971647,5561647103,9705619455,11039408127,524288,11442061311,2437674723.23,3565626086.13,230714,10,10,10,0,0,0,0,0,0,11291066367,11425284095,11433672703,11294116770.91,1474
1781848445,0,232306,0,554.80,1592.78,1938431,2992127,5712642047,9806282751,11291066367,524288,11643387903,2500169834.51,3632160873.94,232306,10,10,10,0,0,0,0,0,0,11567890431,11626610687,11643387903,11557014749.27,1592
1781848446,0,233870,0,557.21,1564.01,1943551,3008511,5888802815,9990832127,11567890431,524288,11869880319,2562310922.79,3698373551.38,233870,10,10,10,0,0,0,0,0,0,11844714495,11861491711,11861491711,11792328604.48,1564
1781848447,0,235730,0,560.30,1859.17,1948671,3031039,6102712319,10234101759,11853103103,524288,11928600575,2635825157.75,3774860162.21,235730,10,10,10,0,0,0,0,0,0,11886657535,11920211967,11920211967,11879252108.94,1860
1781848448,0,237060,0,562.13,1330.52,1952767,3047423,6278873087,10452205567,11886657535,524288,12289310719,2689245907.53,3830861999.53,237060,10,10,10,0,0,0,0,0,0,12188647423,12289310719,12289310719,12157571731.06,1330
1781848449,0,238880,0,565.11,1820.06,1957887,3069951,6467616767,10779361279,12188647423,524288,12348030975,2761969631.54,3905454728.49,238880,10,10,10,0,0,0,0,0,0,12230590463,12322865151,12348030975,12234434474.48,1820
1781848450,0,240080,0,566.60,1200.02,1960959,3084287,6631194623,10989076479,12247367679,524288,12750684159,2810904415.40,3956399576.50,240080,10,10,10,0,0,0,0,0,0,12549357567,12733906943,12750684159,12552188723.20,1200
1781848451,0,241711,0,569.11,1630.97,1966079,3102719,6782189567,11240734719,12490637311,524288,12943622143,2878858084.05,4028300779.27,241711,10,10,10,0,0,0,0,0,0,12910067711,12926844927,12943622143,12881504784.64,1631
1781848452,0,243246,0,571.38,1534.33,1970175,3121151,6895435775,11509170175,12901679103,524288,13178503167,2942829402.83,4095025121.70,243246,10,10,10,0,0,0,0,0,0,13002342399,13144948735,13170114559,13016165842.30,1535
1781848453,0,244488,0,572.95,1242.48,1974271,3135487,6916407295,11634999295,12985565183,524288,13564379135,2995800889.99,4151343275.29,244488,10,10,10,0,0,0,0,0,0,13379829759,13539213311,13547601919,13370279444.61,1242
1781848454,0,246040,0,575.24,1551.99,1979391,3153919,6949961727,11853103103,13287555071,524288,13774094335,3063072126.85,4223488232.35,246040,10,10,10,0,0,0,0,0,0,13665042431,13757317119,13765705727,13660372485.28,1552
1781848455,0,247480,0,577.25,1438.67,1983487,3172351,6966738943,11895046143,13639876607,524288,14050918399,3126123180.39,4291077098.30,247480,10,10,10,0,0,0,0,0,0,13899923455,14034141183,14050918399,13899096246.04,1440
1781848456,0,248790,0,578.96,1310.15,1987583,3188735,6979321855,12171870207,13824425983,524288,14403239935,3184682015.63,4354796485.54,248790,10,10,10,0,0,0,0,0,0,14269022207,14386462719,14394851327,14247384722.17,1310
1781848457,0,250316,0,581.16,1526.24,1992703,3209215,6991904767,12247367679,14176747519,524288,14638120959,3253859537.78,4430447937.50,250316,10,10,10,0,0,0,0,0,0,14545846271,14629732351,14638120959,14532152941.38,1526
1781848458,0,251755,0,583.15,1440.08,1996799,3229695,7000293375,12448694271,14503903231,524288,14923333631,3319753781.51,4502445168.61,251755,10,10,10,0,0,0,0,0,0,14789115903,14906556415,14914945023,14782146772.06,1439
1781848459,0,253350,0,585.49,1594.77,2001919,3254271,7008681983,12893290495,14755561471,524288,15124660223,3393531661.50,4582963752.33,253350,10,10,10,0,0,0,0,0,0,15049162751,15116271615,15116271615,15038641491.62,1595
1781848460,0,255164,0,588.32,1814.15,2007039,3284991,7021264895,13002342399,15057551359,524288,15233712127,3477304996.64,4672729690.65,255164,10,10,10,0,0,0,0,0,0,15183380479,15225323519,15225323519,15177401169.01,1814
1781848461,0,257050,0,591.30,1884.93,2013183,3323903,7050625023,13472104447,15191769087,524288,15284043775,3563639844.24,4762630676.03,257050,10,10,10,0,0,0,0,0,0,15267266559,15284043775,15284043775,15244204559.75,1886
1781848462,0,259599,0,595.80,2550.35,2020351,3387391,7121928191,13681819647,15208546303,524288,15284043775,3659166251.17,4840256650.35,259599,10,10,10,0,0,0,0,0,0,14336131071,15267266559,15275655167,13292380413.89,2549
1781848463,0,261500,0,598.78,1900.26,2026495,3442687,7117733887,13673431039,15208546303,524288,15284043775,3662736748.93,4827666592.08,261500,10,10,10,0,0,0,0,0,0,4221566975,8061452287,8426356735,4150320993.63,1901
1781848464,0,261700,0,597.87,200.06,2026495,3438591,7113539583,13673431039,15208546303,524288,15284043775,3659939472.32,4826881403.24,261700,10,10,10,0,0,0,0,0,0,2435071,4141055,4722687,2500305.92,200
1781848465,0,261900,0,596.97,199.94,2026495,3430399,7113539583,13673431039,15208546303,524288,15284043775,3657146483.68,4826095656.64,261900,10,10,10,0,0,0,0,0,0,2344959,3315711,4378623,2520842.24,200
1781848466,0,262100,0,596.06,200.05,2026495,3426303,7109345279,13673431039,15208546303,524288,15284043775,3654357724.35,4825309393.67,262100,10,10,10,0,0,0,0,0,0,2461695,3229695,3323903,2477381.12,200
1781848467,0,262300,0,595.17,200.04,2026495,3422207,7105150975,13673431039,15208546303,524288,15284043775,3651573210.80,4824522598.86,262300,10,10,10,0,0,0,0,0,0,2404351,3330047,3667967,2468200.96,200
1781848468,0,262500,0,594.27,199.94,2026495,3416063,7105150975,13673431039,15208546303,524288,15284043775,3648792985.75,4823735236.90,262500,10,10,10,0,0,0,0,0,0,2449407,3422207,3899391,2527833.60,200
1781848469,0,262700,0,593.38,199.87,2026495,3409919,7100956671,13673431039,15208546303,524288,15284043775,3646016929.59,4822947395.20,262700,10,10,10,0,0,0,0,0,0,2353151,3244031,3297279,2443223.04,200
1781848470,0,262900,0,592.49,200.18,2025471,3403775,7100956671,13665042431,15208546303,524288,15284043775,3643245214.44,4822158940.80,262900,10,10,10,0,0,0,0,0,0,2459647,3459071,6303743,2597358.08,200
1781848471,0,263100,0,591.61,200.01,2025471,3397631,7096762367,13665042431,15208546303,524288,15284043775,3640477590.20,4821370059.47,263100,10,10,10,0,0,0,0,0,0,2367487,3229695,3481599,2435530.24,200
1781848472,0,263300,0,590.73,199.99,2025471,3393535,7092568063,13665042431,15208546303,524288,15284043775,3637714201.73,4820580638.87,263300,10,10,10,0,0,0,0,0,0,2441215,3278847,3411967,2476669.44,200
1781848473,0,263500,0,589.86,199.93,2025471,3387391,7092568063,13665042431,15208546303,524288,15284043775,3634955003.54,4819790710.36,263500,10,10,10,0,0,0,0,0,0,2469887,3258367,3327999,2470584.32,200
1781848474,0,263700,0,588.99,199.91,2025471,3383295,7088373759,13665042431,15208546303,524288,15284043775,3632200145.34,4819000158.24,263700,10,10,10,0,0,0,0,0,0,2469887,3747839,7856127,2674470.40,200
1781848475,0,263900,0,588.12,200.08,2025471,3379199,7084179455,13665042431,15208546303,524288,15284043775,3629449416.01,4818209138.58,263900,10,10,10,0,0,0,0,0,0,2461695,3571711,6135807,2612800.00,200
1781848476,0,264100,0,587.26,199.93,2025471,3375103,7084179455,13665042431,15208546303,524288,15284043775,3626702753.76,4817417694.82,264100,10,10,10,0,0,0,0,0,0,2428927,3284991,3467263,2481914.88,200
1781848477,0,264300,0,586.40,200.06,2025471,3368959,7079985151,13665042431,15208546303,524288,15284043775,3623960229.97,4816625770.25,264300,10,10,10,0,0,0,0,0,0,2426879,3233791,3500031,2457566.72,200
1781848478,0,264500,0,585.54,200.09,2025471,3364863,7079985151,13665042431,15208546303,524288,15284043775,3621221852.54,4815833355.94,264500,10,10,10,0,0,0,0,0,0,2433023,3262463,3420159,2456071.68,200
1781848479,0,264700,0,584.69,199.90,2025471,3360767,7075790847,13665042431,15208546303,524288,15284043775,3618487711.30,4815040381.48,264700,10,10,10,0,0,0,0,0,0,2603007,3502079,3825663,2585920.00,200
1781848480,0,264900,0,583.84,199.94,2026495,3354623,7075790847,13665042431,15208546303,524288,15284043775,3615757667.41,4814246948.23,264900,10,10,10,0,0,0,0,0,0,2498559,3309567,3700735,2544576.00,200
1781848481,0,265100,0,583.00,200.16,2025471,3350527,7071596543,13665042431,15208546303,524288,15284043775,3613031692.23,4813453074.71,265100,10,10,10,0,0,0,0,0,0,2473983,3358719,3698687,2477565.44,200
1781848482,0,265300,0,582.16,199.86,2025471,3346431,7071596543,13665042431,15208546303,524288,15284043775,3610309810.73,4812658739.17,265300,10,10,10,0,0,0,0,0,0,2340863,3272703,3545087,2455895.04,200
1781848483,0,265500,0,581.32,200.09,2025471,3342335,7067402239,13656653823,15208546303,524288,15284043775,3607592121.53,4811863864.81,265500,10,10,10,0,0,0,0,0,0,2478079,3899391,5779455,2577384.96,200
1781848484,0,265700,0,580.49,199.95,2025471,3338239,7067402239,13656653823,15208546303,524288,15284043775,3604878416.01,4811068604.96,265700,10,10,10,0,0,0,0,0,0,2396159,3184639,3297279,2434339.84,200
1781848485,0,265900,0,579.66,200.04,2025471,3334143,7063207935,13656653823,15208546303,524288,15284043775,3602168764.46,4810272903.97,265900,10,10,10,0,0,0,0,0,0,2320383,3180543,3344383,2396689.92,200
1781848486,0,266100,0,578.83,199.97,2025471,3330047,7063207935,13656653823,15208546303,524288,15284043775,3599463299.96,4809476659.36,266100,10,10,10,0,0,0,0,0,0,2615295,3364863,3538943,2548244.48,200
1781848487,0,266300,0,578.01,199.94,2025471,3325951,7059013631,13656653823,15208546303,524288,15284043775,3596761869.57,4808679982.67,266300,10,10,10,0,0,0,0,0,0,2508799,3301375,3962879,2508736.00,200
1781848488,0,266500,0,577.19,200.15,2025471,3321855,7059013631,13656653823,15208546303,524288,15284043775,3594064412.59,4807882916.29,266500,10,10,10,0,0,0,0,0,0,2338815,3178495,3276799,2400437.76,200
1781848489,0,266700,0,576.38,199.94,2025471,3317759,7059013631,13656653823,15208546303,524288,15284043775,3591370996.32,4807085406.96,266700,10,10,10,0,0,0,0,0,0,2359295,3168255,3280895,2393815.04,200
1781848490,0,266900,0,575.56,199.94,2025471,3313663,7059013631,13656653823,15208546303,524288,15284043775,3588681649.67,4806287430.17,266900,10,10,10,0,0,0,0,0,0,2363391,3176447,3764223,2437900.80,200
1781848491,0,267100,0,574.76,200.06,2025471,3309567,7054819327,13656653823,15208546303,524288,15284043775,3585996364.19,4805488989.39,267100,10,10,10,0,0,0,0,0,0,2443263,3221503,4087807,2482890.24,200
1781848492,0,267300,0,573.95,199.98,2025471,3305471,7054819327,13656653823,15208546303,524288,15284043775,3583315033.42,4804690161.09,267300,10,10,10,0,0,0,0,0,0,2369535,3141631,3190783,2397793.28,200
1781848493,0,267500,0,573.15,200.02,2025471,3303423,7054819327,13656653823,15208546303,524288,15284043775,3580637913.22,4803890751.77,267500,10,10,10,0,0,0,0,0,0,2543615,4521983,5689343,2666754.56,200
1781848494,0,267700,0,572.35,199.92,2025471,3299327,7054819327,13648265215,15208546303,524288,15284043775,3577964666.25,4803091009.83,267700,10,10,10,0,0,0,0,0,0,2387967,3260415,4902911,2496842.24,200
1781848495,0,267900,0,571.56,200.08,2025471,3297279,7054819327,13648265215,15208546303,524288,15284043775,3575295421.27,4802290836.45,267900,10,10,10,0,0,0,0,0,0,2463743,3225599,3327999,2511016.96,200
1781848496,0,268100,0,570.77,200.08,2025471,3293183,7054819327,13648265215,15208546303,524288,15284043775,3572630304.52,4801490134.97,268100,10,10,10,0,0,0,0,0,0,2433023,3772415,7380991,2706429.44,200
1781848497,0,268300,0,569.98,199.89,2025471,3291135,7050625023,13648265215,15208546303,524288,15284043775,3569969029.80,4800689115.26,268300,10,10,10,0,0,0,0,0,0,2514943,3305471,3426303,2530257.92,200
1781848498,0,268500,0,569.20,200.03,2025471,3287039,7050625023,13648265215,15208546303,524288,15284043775,3567311669.03,4799887720.92,268500,10,10,10,0,0,0,0,0,0,2408447,3276799,3373055,2462200.32,200
1781848499,0,268700,0,568.41,200.05,2025471,3284991,7050625023,13648265215,15208546303,524288,15284043775,3564658259.63,4799085921.25,268700,10,10,10,0,0,0,0,0,0,2424831,3282943,3434495,2456133.12,200
1781848500,0,268900,0,567.64,199.91,2025471,3280895,7050625023,13648265215,15208546303,524288,15284043775,3562008932.52,4798283616.27,268900,10,10,10,0,0,0,0,0,0,2562047,3796991,5357567,2637972.48,200
1781848501,0,269100,0,566.86,200.08,2025471,3278847,7050625023,13648265215,15208546303,524288,15284043775,3559363423.05,4797480999.46,269100,10,10,10,0,0,0,0,0,0,2392063,3311615,3436543,2475934.72,200
1781848502,0,269300,0,566.09,199.87,2025471,3276799,7050625023,13648265215,15208546303,524288,15284043775,3556721884.74,4796677954.08,269300,10,10,10,0,0,0,0,0,0,2439167,3446783,4939775,2532090.88,200
1781848503,0,269500,0,565.32,200.13,2025471,3272703,7050625023,13639876607,15208546303,524288,15284043775,3554084335.47,4795874464.09,269500,10,10,10,0,0,0,0,0,0,2615295,3817471,4526079,2624243.20,200
1781848504,0,269700,0,564.56,199.93,2025471,3272703,7046430719,13639876607,15208546303,524288,15284043775,3551450737.91,4795070554.37,269700,10,10,10,0,0,0,0,0,0,2543615,4243455,5488639,2678026.24,200
1781848505,0,269900,0,563.80,200.03,2025471,3268607,7046430719,13639876607,15208546303,524288,15284043775,3548820909.42,4794266357.18,269900,10,10,10,0,0,0,0,0,0,2437119,3309567,3743743,2497190.40,200
1781848506,0,270100,0,563.04,199.96,2025471,3266559,7046430719,13639876607,15208546303,524288,15284043775,3546194949.90,4793461795.68,270100,10,10,10,0,0,0,0,0,0,2414591,3309567,3477503,2462576.64,200
1781848507,0,270984,0,563.71,883.92,2027519,3278847,7042236415,13639876607,15208546303,524288,15284043775,3535338577.78,4789403678.85,270984,10,10,10,0,0,0,0,0,0,214171647,423362559,499384319,218250219.15,884
1781848508,0,272391,0,565.46,1407.22,2031615,3303423,7029653503,13631487999,15208546303,524288,15284043775,3520756247.75,4781322300.56,272391,10,10,10,0,0,0,0,0,0,683147263,1087373311,1123024895,712243012.23,1407
1781848509,0,274352,0,568.35,1962.02,2037759,3340287,7021264895,13623099391,15208546303,524288,15284043775,3504162045.52,4768223928.24,274352,10,10,10,0,0,0,0,0,0,1229979647,1312817151,1327497215,1199158812.46,1961
1781848510,0,275960,0,570.50,1608.09,2042879,3379199,7017070591,13606322175,15208546303,524288,15284043775,3492583121.16,4756727462.36,275960,10,10,10,0,0,0,0,0,0,1498415103,1755316223,1788870655,1517022763.30,1608
1781848511,0,277220,0,571.92,1259.56,2046975,3414015,7012876287,13589544959,15208546303,524288,15284043775,3486256891.43,4746842189.25,277220,10,10,10,0,0,0,0,0,0,2110783487,2346713087,2365587455,2100712165.18,1260
1781848512,0,278360,0,573.09,1140.38,2050047,3446783,7008681983,13572767743,15200157695,524288,15284043775,3482854755.90,4737423724.91,278360,10,10,10,0,0,0,0,0,0,2638217215,2959081471,2988441599,2655538955.68,1140
1781848513,0,279556,0,574.37,1196.10,2053119,3485695,7008681983,13564379135,15200157695,524288,15284043775,3482060462.40,4727307903.17,279556,10,10,10,0,0,0,0,0,0,3294625791,3567255551,3590324223,3297194627.85,1196
1781848514,0,281096,0,576.35,1539.66,2058239,3543039,7004487679,13539213311,15200157695,524288,15284043775,3484170217.22,4714436003.09,281096,10,10,10,0,0,0,0,0,0,3867148287,4070572031,4078960639,3867153735.15,1540
1781848515,0,282874,0,578.81,1778.20,2063359,3622911,7004487679,13522436095,15200157695,524288,15284043775,3489002221.64,4699998081.01,282874,10,10,10,0,0,0,0,0,0,4234149887,4458545151,4483710975,4252926357.45,1778
1781848516,0,284040,0,580.01,1165.29,2066431,3684351,7000293375,13497270271,15200157695,524288,15284043775,3494232108.77,4691063291.24,284040,10,10,10,0,0,0,0,0,0,4752146431,5070913535,5096079359,4763013492.36,1166
1781848517,0,285330,0,581.45,1289.99,2070527,3758079,7000293375,13480493055,15200157695,524288,15284043775,3502864514.83,4682211730.81,285330,10,10,10,0,0,0,0,0,0,5419040767,5641338879,5666504703,5403599876.76,1290
1781848518,0,286890,0,583.44,1559.92,2074623,3860479,6996099071,13463715839,15200157695,524288,15284043775,3516081772.01,4672894984.83,286890,10,10,10,0,0,0,0,0,0,5934940159,6136266751,6148849663,5933568945.23,1560
1781848519,0,288440,0,585.41,1551.09,2079743,3995647,6991904767,13438550015,15200157695,524288,15284043775,3531338955.73,4664954005.39,288440,10,10,10,0,0,0,0,0,0,6329204735,6606028799,6631194623,6355296012.88,1550
1781848520,0,290002,0,587.38,1560.72,2083839,4173823,6991904767,13421772799,15200157695,524288,15284043775,3549556394.57,4658967259.43,290002,10,10,10,0,0,0,0,0,0,6937378815,7100956671,7113539583,6913601247.55,1562
1781848521,0,291450,0,589.12,1448.16,2088959,4485119,7004487679,13404995583,15200157695,524288,15284043775,3568378411.59,4655019513.65,291450,10,10,10,0,0,0,0,0,0,7302283263,7604273151,7629438975,7338007263.47,1448
1781848522,0,292692,0,590.44,1242.86,2092031,5136383,7008681983,13388218367,15200157695,524288,15284043775,3586896139.41,4653799340.09,292692,10,10,10,0,0,0,0,0,0,7935623167,8191475711,8212447231,7932300144.54,1242
1781848523,0,294210,0,592.31,1516.67,2097151,7327743,7017070591,13371441151,15200157695,524288,15284043775,3612081083.63,4654943328.64,294210,10,10,10,0,0,0,0,0,0,8472494079,8690597887,8715763711,8468096692.11,1518
1781848524,0,295590,0,593.89,1381.24,2101247,13344767,7033847807,13346275327,15200157695,524288,15284043775,3637137046.20,4658464778.88,295590,10,10,10,0,0,0,0,0,0,8984199167,9227468799,9252634623,8978959327.35,1380
1781848525,0,297000,0,595.53,1409.38,2105343,38535167,7054819327,13329498111,15200157695,524288,15284043775,3665124534.19,4665039273.02,297000,10,10,10,0,0,0,0,0,0,9537847295,9764339711,9781116927,9532373878.01,1410
1781848526,0,298470,0,597.28,1469.73,2109439,91684863,7088373759,13304332287,15200157695,524288,15284043775,3696462694.36,4674819413.06,298470,10,10,10,0,0,0,0,0,0,10032775167,10267656191,10292822015,10028050156.15,1470
1781848527,0,300176,0,599.49,1705.91,2115583,247988223,7151288319,13287555071,15200157695,524288,15284043775,3735462374.87,4689981161.07,300176,10,10,10,0,0,0,0,0,0,10603200511,10712252415,10737418239,10558577641.19,1706
1781848528,0,301805,0,601.54,1630.22,2121727,451936255,7251951615,13254000639,15200157695,524288,15284043775,3774150056.34,4706708152.37,301805,10,10,10,0,0,0,0,0,0,10871635967,11148460031,11182014463,10903133156.97,1629
1781848529,0,302880,0,602.48,1074.60,2123775,572522495,7310671871,13245612031,15200157695,524288,15284043775,3801704568.10,4720994015.65,302880,10,10,10,0,0,0,0,0,0,11567890431,11811160063,11819548671,11537601704.60,1075
1781848530,0,304450,0,604.41,1569.54,2129919,709885951,7398752255,13220446207,15200157695,524288,15284043775,3843893503.67,4745135194.81,304450,10,10,10,0,0,0,0,0,0,11945377791,12264144895,12289310719,11982864717.94,1570
1781848531,0,305750,0,605.78,1299.57,2134015,761790463,7465861119,13195280383,15200157695,524288,15284043775,3881195629.42,4769335175.82,305750,10,10,10,0,0,0,0,0,0,12633243647,12851347455,12868124671,12617066540.11,1300
1781848532,0,307320,0,607.69,1570.64,2138111,809500671,7524581375,13254000639,15200157695,524288,15284043775,3928267477.22,4802285883.22,307320,10,10,10,0,0,0,0,0,0,13094617087,13312720895,13337886719,13095284970.80,1570
1781848533,0,308710,0,609.23,1390.30,2142207,841482239,7545552895,13463715839,15200157695,524288,15284043775,3971857845.56,4835113876.84,308710,10,10,10,0,0,0,0,0,0,13614710783,13857980415,13874757631,13609406045.56,1390
1781848534,0,310190,0,610.95,1480.10,2146303,856162303,7629438975,13648265215,15200157695,524288,15284043775,4020287801.32,4874025912.40,310190,10,10,10,0,0,0,0,0,0,14101250047,14361296895,14378074111,14122187560.13,1480
1781848535,0,311790,0,612.89,1599.45,2152447,869793791,7818182655,13799260159,15200157695,524288,15284043775,4074598622.37,4919975647.38,311790,10,10,10,0,0,0,0,0,0,14604566527,14822670335,14847836159,14603769610.24,1600
1781848536,0,313320,0,614.69,1529.38,2156543,985137151,8002732031,13958643711,15208546303,524288,15342764031,4128507345.27,4967925488.21,313320,10,10,10,0,0,0,0,0,0,15133048831,15325986815,15342764031,15114259446.63,1530
1781848537,0,314978,0,616.74,1659.36,2162687,1077936127,8040480767,14201913343,15267266559,524288,15795748863,4188637695.42,5023317900.03,314978,10,10,10,0,0,0,0,0,0,15552479231,15762194431,15787360255,15551750667.73,1658
1781848538,0,316290,0,618.09,1311.92,2166783,1113587711,8065646591,14369685503,15292432383,524288,16349396991,4237734861.57,5070291234.95,316290,10,10,10,0,0,0,0,0,0,16005464063,16315842559,16349396991,16024722057.37,1312
1781848539,0,317600,0,619.44,1309.99,2172927,1130364927,8103395327,14520680447,15619588095,524288,16919822335,4288918329.81,5121956771.88,317600,10,10,10,0,0,0,0,0,0,16651386879,16894656511,16911433727,16646795557.91,1310
1781848540,0,318890,0,620.75,1290.11,2177023,1143996415,8254390271,14621343743,16022241279,524288,17498636287,4341077726.04,5176701118.60,318890,10,10,10,0,0,0,0,0,0,17179869183,17448304639,17481859071,17182801945.40,1290
1781848541,0,320170,0,622.03,1279.48,2181119,1191182335,8417968127,14763950079,16659775487,524288,18069061631,4394822880.30,5235535519.88,320170,10,10,10,0,0,0,0,0,0,17800626175,18035507199,18052284415,17784504320.00,1280
1781848542,0,321500,0,623.40,1330.08,2185215,1255145471,8485076991,14906556415,17196646399,524288,18622709759,4452483016.15,5300744900.17,321500,10,10,10,0,0,0,0,0,0,18337497087,18589155327,18622709759,18332968501.12,1330
1781848543,0,322670,0,624.46,1170.46,2189311,1293942783,8531214335,15040774143,17767071743,524288,19226689535,4505020720.02,5362330323.93,322670,10,10,10,0,0,0,0,0,0,18958254079,19209912319,19226689535,18941663277.51,1170
1781848544,0,324130,0,626.07,1460.15,2193407,1340080127,8673820671,15133048831,18371051519,524288,19746783231,4572277959.70,5442874108.96,324130,10,10,10,0,0,0,0,0,0,19428016127,19696451583,19730006015,19436588595.90,1460
1781848545,0,325160,0,626.85,1029.31,2197503,1379926015,8766095359,15174991871,18874367999,524288,20401094655,4621414941.88,5503721518.24,325160,10,10,10,0,0,0,0,0,0,20099104767,20367540223,20401094655,20084298467.67,1030
1781848546,0,326530,0,628.28,1370.67,2201599,1392508927,8799649791,15208546303,19394461695,524288,20937965567,4688856330.04,5589586251.44,326530,10,10,10,0,0,0,0,0,0,20719861759,20921188351,20937965567,20695602150.59,1370
1781848547,0,327670,0,629.27,1139.48,2205695,1450180607,8833204223,15242100735,19948109823,524288,21575499775,4746366617.22,5664119249.56,327670,10,10,10,0,0,0,0,0,0,21206401023,21541945343,21558722559,21219028086.57,1140
1781848548,0,328799,0,630.22,1129.42,2209791,1541406719,8866758655,15275655167,20585644031,524288,22196256767,4805255344.68,5742707057.71,328799,10,10,10,0,0,0,0,0,0,21911044095,22162702335,22179479551,21896547927.53,1129
1781848549,0,330630,0,632.52,1831.18,2215935,1689255935,8917090303,15535702015,21357395967,524288,22582132735,4902699577.38,5873774660.13,330630,10,10,10,0,0,0,0,0,0,22431137791,22565355519,22582132735,22401097320.86,1831
1781848550,0,332100,0,634.12,1469.94,2220031,1803550719,9068085247,15963521023,22179479551,524288,23085449215,4982040108.39,5980341206.12,332100,10,10,10,0,0,0,0,0,0,22833790975,23068671999,23085449215,22827182807.25,1470
1781848551,0,334088,0,636.70,1988.50,2228223,1853882367,9193914367,16835936255,22598909951,524288,23420993535,5090660990.23,6125575895.37,334088,10,10,10,0,0,0,0,0,0,23236444159,23404216319,23420993535,23236030637.07,1988
1781848552,0,335552,0,638.27,1464.01,2232319,1862270975,9210691583,17414750207,23102226431,524288,23941087231,5171665876.84,6233497179.01,335552,10,10,10,0,0,0,0,0,0,23655874559,23907532799,23924310015,23657158062.86,1464
1781848553,0,337238,0,640.26,1685.63,2238463,1981808639,9269411839,18152947711,23370661887,524288,24377294847,5266602605.61,6360509902.40,337238,10,10,10,0,0,0,0,0,0,24175968255,24343740415,24377294847,24161151367.14,1686
1781848554,0,338910,0,642.22,1670.65,2244607,2140143615,9420406783,18891145215,23924310015,524288,24813502463,5361911648.97,6487584739.49,338910,10,10,10,0,0,0,0,0,0,24595398655,24796725247,24813502463,24585494880.77,1672
1781848555,0,340370,0,643.76,1460.07,2250751,2264924159,9554624511,19428016127,24310185983,524288,25333596159,5446435434.46,6600509339.28,340370,10,10,10,0,0,0,0,0,0,25081937919,25316818943,25333596159,25066953338.04,1460
1781848556,0,341980,0,645.59,1611.07,2256895,2384461823,9697230847,20250099711,24712839167,524288,25803358207,5541119123.87,6727331830.53,341980,10,10,10,0,0,0,0,0,0,25551699967,25769803775,25786580991,25558192021.15,1610
1781848557,0,343748,0,647.70,1768.07,2263039,2491416575,9789505535,20954742783,25316818943,524288,26222788607,5646353914.94,6867779252.90,343748,10,10,10,0,0,0,0,0,0,26021462015,26189234175,26206011391,26001667178.57,1768
1781848558,0,345150,0,649.12,1401.92,2267135,2569011199,9806282751,21709717503,25736249343,524288,26742882303,5730953198.69,6980666289.60,345150,10,10,10,0,0,0,0,0,0,26491224063,26726105087,26742882303,26473345917.99,1402
1781848559,0,346914,0,651.21,1764.08,2273279,2684354559,9965666303,22397583359,26155679743,524288,27162312703,5838816513.11,7124495353.50,346914,10,10,10,0,0,0,0,0,0,26944208895,27128758271,27145535487,26943704818.65,1764
1781848560,0,348390,0,652.76,1475.30,2279423,2789212159,10091495423,22666018815,26658996223,524288,27648851967,5930024084.54,7245599214.30,348390,10,10,10,0,0,0,0,0,0,27346862079,27615297535,27648851967,27367140232.67,1476
1781848561,0,350063,0,654.67,1674.23,2285567,2902458367,10192158719,23169335295,27078426623,524288,28101836799,6035004674.10,7385317005.60,350063,10,10,10,0,0,0,0,0,0,27917287423,28085059583,28101836799,27896443763.84,1673
1781848562,0,351700,0,656.50,1636.83,2291711,3032481791,10301210623,23437770751,27564965887,524288,28554821631,6138726850.84,7522613477.21,351700,10,10,10,0,0,0,0,0,0,28336717823,28538044415,28554821631,28319115583.02,1637
1781848563,0,353878,0,659.34,2177.13,2299903,3187671039,10527703039,24142413823,28168945663,524288,28856811519,6277922261.72,7705203349.05,353878,10,10,10,0,0,0,0,0,0,28789702655,28840034303,28840034303,28754977362.28,2178
1781848564,0,355913,0,661.90,2035.53,2308095,3321888767,10678697983,24612175871,28772925439,524288,29158801407,6407427790.28,7870658956.97,355913,10,10,10,0,0,0,0,0,0,28907143167,29125246975,29142024191,28927898274.28,2035
1781848565,0,357776,0,664.12,1862.81,2316287,3460300799,10779361279,25165823999,28856811519,524288,29527900159,6526928295.83,8022027641.29,357776,10,10,10,0,0,0,0,0,0,29360127999,29511122943,29527900159,29356656386.06,1863
1781848566,0,359180,0,665.50,1403.75,2322431,3525312511,10888413183,25568477183,29041360895,524288,30064771071,6617855384.46,8136849218.34,359180,10,10,10,0,0,0,0,0,0,29813112831,30031216639,30064771071,29788460840.11,1404
1781848567,0,361018,0,667.66,1838.29,2328575,3598712831,10997465087,25954353151,29410459647,524288,30568087551,6709049026.62,8259317425.80,361018,10,10,10,0,0,0,0,0,0,30232543231,30534533119,30568087551,24530013332.20,1838
1781848568,0,363524,0,671.06,2504.95,2338815,3697278975,11156848639,26541555711,30031216639,524288,30920409087,6838240735.92,8430241410.33,363524,10,10,10,0,0,0,0,0,0,30668750847,30870077439,30903631871,25449786029.66,2506
1781848569,0,365486,0,673.44,1963.63,2347007,3755999231,11265900543,26927431679,30500978687,524288,31406948351,6919920857.34,8543300233.90,365486,10,10,10,0,0,0,0,0,0,30970740735,31356616703,31390171135,22053806923.42,1962
1781848570,0,367145,0,675.25,1658.38,2355199,3795845119,11366563839,27162312703,30685528063,524288,32027705343,6988812022.68,8640644419.94,367145,10,10,10,0,0,0,0,0,0,31608274943,31977373695,32010928127,22165880409.81,1659
1781848571,0,369007,0,677.43,1862.00,2363391,3837788159,11509170175,27581743103,30937186303,524288,32564576255,7072989649.68,8758574410.93,369007,10,10,10,0,0,0,0,0,0,32212254719,32547799039,32564576255,23670946075.22,1862
1781848572,0,371278,0,680.35,2269.78,2373631,3900702719,11618222079,28051505151,31742492671,524288,32984006655,7186003691.91,8913144010.06,371278,10,10,10,0,0,0,0,0,0,32715571199,32933675007,32967229439,25549267753.14,2271
1781848573,0,373043,0,682.33,1766.29,2379775,3944742911,11735662591,28370272255,32329695231,524288,33571209215,7264994893.69,9024756446.37,373043,10,10,10,0,0,0,0,0,0,33235664895,33554431999,33554431999,23881252918.54,1765
1781848574,0,375741,0,686.01,2697.94,2394111,4028628991,11853103103,28806479871,32883343359,524288,33940307967,7411335964.27,9220562379.24,375741,10,10,10,0,0,0,0,0,0,33655095295,33806090239,33889976319,27645402677.14,2698
1781848575,0,377617,0,688.18,1874.43,2400255,4064280575,11878268927,28856811519,33504100351,524288,34359738367,7497104599.47,9338904599.89,377617,10,10,10,0,0,0,0,0,0,33923530751,34309406719,34359738367,24675565558.17,1876
1781848576,0,379836,0,690.96,2219.50,2410495,4112515071,11903434751,29175578623,33738981375,524288,34829500415,7610264469.96,9492303979.83,379836,10,10,10,0,0,0,0,0,0,34628173823,34795945983,34795945983,26867177861.48,2219
1781848577,0,381913,0,693.48,2078.55,2420735,4158652415,12020875263,29494345727,34074525695,524288,35265708031,7712953402.08,9631049094.63,381913,10,10,10,0,0,0,0,0,0,34863054847,35198599167,35265708031,26492420527.88,2077
1781848578,0,383760,0,695.57,1845.33,2430975,4192206847,12188647423,29896998911,34661728255,524288,35836133375,7800429555.76,9751686365.60,383760,10,10,10,0,0,0,0,0,0,35467034623,35769024511,35836133375,25888291104.29,1847
1781848579,0,385440,0,697.35,1681.54,2439167,4221566975,12222201855,30266097663,34829500415,524288,36440113151,7877064566.21,9859595250.63,385440,10,10,10,0,0,0,0,0,0,36003905535,36406558719,36440113151,25382690524.65,1680
1781848580,0,387064,0,699.03,1623.67,2445311,4253024255,12255756287,30601641983,35097935871,524288,37044092927,7950564773.08,9964354230.40,387064,10,10,10,0,0,0,0,0,0,36540776447,37010538495,37044092927,25395096630.23,1624
1781848581,0,389182,0,701.59,2118.56,2457599,4315938815,12339642367,30819745791,35869687807,524288,37547409407,8065371766.33,10122630780.68,389182,10,10,10,0,0,0,0,0,0,37379637247,37513854975,37513854975,29046322679.30,2118
1781848582,0,391680,0,704.82,2495.82,2467839,4395630591,12599689215,31490834431,36876320767,524288,37849399295,8203207171.80,10309047237.98,391680,10,10,10,0,0,0,0,0,0,37580963839,37815844863,37849399295,29677610202.90,2498
1781848583,0,393200,0,706.28,1520.05,2476031,4420796415,12717129727,31977373695,37379637247,524288,38520487935,8270602767.91,10405795911.42,393200,10,10,10,0,0,0,0,0,0,38050725887,38486933503,38520487935,25637383744.67,1520
1781848584,0,395608,0,709.33,2408.72,2488319,4500488191,12893290495,32682016767,37648072703,524288,38889586687,8409494718.60,10592761213.87,395608,10,10,10,0,0,0,0,0,0,38654705663,38856032255,38856032255,31089027530.42,2408
1781848585,0,396160,0,709.05,551.96,2490367,4471128063,12884901887,32682016767,37648072703,524288,38889586687,8400246897.61,10592569001.96,396160,10,10,10,0,0,0,0,0,0,9273343,104071167,38889586687,1772507829.80,552
1781848586,0,396660,0,708.68,499.93,2492415,4445962239,12868124671,32682016767,37648072703,524288,38889586687,8389668523.78,10590077721.01,396660,10,10,10,0,0,0,0,0,0,7766015,14188543,17874943,8211371.01,500
1781848587,0,397160,0,708.31,500.19,2494463,4420796415,12859736063,32665239551,37648072703,524288,38889586687,8379117726.86,10587580854.85,397160,10,10,10,0,0,0,0,0,0,8339455,13819903,18251775,8959513.60,500
1781848588,0,397660,0,707.93,499.87,2498559,4395630591,12842958847,32665239551,37648072703,524288,38889586687,8368592829.10,10585079704.39,397660,10,10,10,0,0,0,0,0,0,7458815,13967359,28540927,8456042.50,500
1781848589,0,398160,0,707.57,500.00,2500607,4366270463,12826181631,32665239551,37648072703,524288,38889586687,8358094398.10,10582573791.93,398160,10,10,10,0,0,0,0,0,0,7876607,13049855,14991359,8482254.85,500
1781848590,0,398660,0,707.20,500.10,2502655,4336910335,12809404415,32665239551,37648072703,524288,38889586687,8347624225.02,10580061680.04,398660,10,10,10,0,0,0,0,0,0,9347071,16605183,20774911,10016002.05,500
1781848591,0,399160,0,706.83,499.80,2504703,4311744511,12792627199,32648462335,37648072703,524288,38889586687,8337177021.28,10577547509.82,399160,10,10,10,0,0,0,0,0,0,6770687,12697599,15261695,7412531.20,500
1781848592,0,399660,0,706.46,500.08,2506751,4284481535,12775849983,32631685119,37648072703,524288,38889586687,8326758093.65,10575027072.73,399660,10,10,10,0,0,0,0,0,0,8138751,16629759,19496959,9119791.10,500
1781848593,0,400160,0,706.10,500.01,2510847,4259315711,12750684159,32631685119,37648072703,524288,38889586687,8316364218.23,10572502880.08,400160,10,10,10,0,0,0,0,0,0,7974911,14131199,16031743,8331718.66,500
1781848594,0,400659,0,705.74,498.91,2512895,4232052735,12733906943,32614907903,37648072703,524288,38889586687,8306017389.29,10569978956.54,400659,10,10,10,0,0,0,0,0,0,8552447,13983743,15024127,8648513.15,499
1781848595,0,401160,0,705.37,500.92,2514943,4208984063,12708741119,32598130687,37648072703,524288,38889586687,8295655915.38,10567439746.90,401160,10,10,10,0,0,0,0,0,0,8863743,13385727,15327231,9392884.25,501
1781848596,0,401660,0,705.01,500.14,2516991,4188012543,12691963903,32598130687,37648072703,524288,38889586687,8285338763.06,10564902890.36,401660,10,10,10,0,0,0,0,0,0,7413759,10862591,12828671,7681120.26,500
1781848597,0,402160,0,704.66,499.84,2521087,4169138175,12666798079,32581353471,37648072703,524288,38889586687,8275049417.43,10562360010.97,402160,10,10,10,0,0,0,0,0,0,8626175,14778367,28819455,9412282.37,500
1781848598,0,402658,0,704.29,498.46,2523135,4148166655,12650020863,32581353471,37648072703,524288,38889586687,8264829623.60,10559820704.56,402658,10,10,10,0,0,0,0,0,0,11706367,16359423,17727487,11833068.47,498
1781848599,0,403155,0,703.93,496.87,2525183,4127195135,12624855039,32564576255,37648072703,524288,38889586687,8254660195.63,10557278671.76,403155,10,10,10,0,0,0,0,0,0,14589951,24526847,29802495,15622910.45,497
1781848600,0,403658,0,703.58,503.02,2527231,4106223615,12599689215,32564576255,37614518271,524288,38889586687,8244393478.86,10554701776.01,403658,10,10,10,0,0,0,0,0,0,14606335,20824063,22740991,15609782.71,503
1781848601,0,404160,0,703.23,501.96,2529279,4085252095,12574523391,32547799039,37614518271,524288,38889586687,8234169745.57,10552128115.38,404160,10,10,10,0,0,0,0,0,0,13082623,20627455,22921215,13269881.37,502
1781848602,0,404658,0,702.87,497.72,2533375,4064280575,12549357567,32547799039,37614518271,524288,38889586687,8224054337.15,10549569501.31,404658,10,10,10,0,0,0,0,0,0,14409727,22953983,24215551,14730108.40,498
1781848603,0,405158,0,702.52,500.27,2535423,4041211903,12524191743,32531021823,37614518271,524288,38889586687,8213926384.18,10546994212.61,405158,10,10,10,0,0,0,0,0,0,15622143,24248319,26902527,17211998.21,500
1781848604,0,405660,0,702.18,501.91,2537471,4022337535,12499025919,32531021823,37614518271,524288,38889586687,8203780126.74,10544406887.39,405660,10,10,10,0,0,0,0,0,0,14057471,19808255,22118399,14861054.98,502
1781848605,0,406160,0,701.83,500.05,2539519,3999268863,12473860095,32514244607,37614518271,524288,38889586687,8193698970.77,10541826123.63,406160,10,10,10,0,0,0,0,0,0,13926399,18563071,20742143,14655512.58,500
1781848606,0,406657,0,701.47,497.01,2543615,3972005887,12448694271,32514244607,37614518271,524288,38889586687,8183702782.04,10539257056.35,406657,10,10,10,0,0,0,0,0,0,13623295,19726335,21200895,14584042.88,497
1781848607,0,407159,0,701.13,502.06,2545663,3951034367,12423528447,32497467391,37614518271,524288,38889586687,8173630366.09,10536658622.03,407159,10,10,10,0,0,0,0,0,0,13754367,19431423,21708799,14231058.36,502
1781848608,0,407660,0,700.79,500.83,2547711,3925868543,12398362623,32497467391,37614518271,524288,38889586687,8163602844.44,10534061465.76,407660,10,10,10,0,0,0,0,0,0,13336575,19660799,21413887,14310054.58,501
1781848609,0,408158,0,700.44,498.30,2551807,3896508415,12373196799,32480690175,37614518271,524288,38889586687,8153658131.13,10531477382.03,408158,10,10,10,0,0,0,0,0,0,12345343,16809983,18890751,12971727.68,498
1781848610,0,408660,0,700.10,501.86,2553855,3869245439,12348030975,32480690175,37614518271,524288,38889586687,8143660626.53,10528866832.99,408660,10,10,10,0,0,0,0,0,0,14802943,21725183,24150015,15052098.29,502
1781848611,0,409160,0,699.76,499.82,2555903,3846176767,12322865151,32463912959,37614518271,524288,38889586687,8133724845.72,10526264929.46,409160,10,10,10,0,0,0,0,0,0,11943935,19496959,23527423,13012467.71,500
1781848612,0,409660,0,699.41,500.01,2559999,3821010943,12306087935,32463912959,37614518271,524288,38889586687,8123807506.11,10523663870.77,409660,10,10,10,0,0,0,0,0,0,7938047,13836287,16203775,8250159.10,500
1781848613,0,410160,0,699.07,500.01,2562047,3795845119,12289310719,32447135743,37614518271,524288,38889586687,8113915126.71,10521058597.01,410160,10,10,10,0,0,0,0,0,0,8617983,13172735,14155775,8890836.99,500
1781848614,0,410660,0,698.74,499.82,2564095,3766484991,12280922111,32447135743,37614518271,524288,38889586687,8104045031.33,10518451144.05,410660,10,10,10,0,0,0,0,0,0,7020543,10772479,12754943,7408390.14,500
1781848615,0,411160,0,698.40,500.41,2566143,3732930559,12280922111,32430358527,37614518271,524288,38889586687,8094197763.53,10515841064.16,411160,10,10,10,0,0,0,0,0,0,6078463,9396223,9961471,6439776.26,500
1781848616,0,411660,0,698.06,499.64,2568191,3697278975,12272533503,32430358527,37614518271,524288,38889586687,8084373006.71,10513228572.51,411660,10,10,10,0,0,0,0,0,0,5099519,8155135,9428991,5278979.07,500
1781848617,0,412160,0,697.73,500.36,2562047,3670015999,12264144895,32413581311,37614518271,524288,38889586687,8074567622.10,10510616050.75,412160,10,10,10,0,0,0,0,0,0,1447935,3110911,3481599,1598363.14,500
1781848618,0,412660,0,697.39,499.98,2553855,3642753023,12264144895,32413581311,37614518271,524288,38889586687,8064785770.05,10508000271.82,412660,10,10,10,0,0,0,0,0,0,1406975,1897471,2034687,1409488.90,500
1781848619,0,413160,0,697.06,499.73,2545663,3609198591,12255756287,32396804095,37614518271,524288,38889586687,8055027899.47,10505380865.59,413160,10,10,10,0,0,0,0,0,0,1645567,2170879,2793471,1662150.14,500
1781848620,0,413660,0,696.73,499.89,2539519,3575644159,12255756287,32396804095,37614518271,524288,38889586687,8045293418.03,10502758260.89,413660,10,10,10,0,0,0,0,0,0,1477631,1960959,2912255,1496714.75,500
1781848621,0,414160,0,696.40,500.04,2531327,3542089727,12247367679,32380026879,37614518271,524288,38889586687,8035582472.15,10500132319.92,414160,10,10,10,0,0,0,0,0,0,1317887,2023423,8978431,1522727.42,500
1781848622,0,414660,0,696.07,500.19,2525183,3512729599,12238979071,32363249663,37614518271,524288,38889586687,8025894633.51,10497503344.64,414660,10,10,10,0,0,0,0,0,0,1230847,1745919,2049023,1264126.46,500
1781848623,0,415160,0,695.74,500.07,2516991,3495952383,12238979071,32363249663,37614518271,524288,38889586687,8016230126.57,10494871137.69,415160,10,10,10,0,0,0,0,0,0,1251327,1677311,1784831,1261236.22,500
1781848624,0,415660,0,695.41,500.09,2508799,3470786559,12230590463,32346472447,37614518271,524288,38889586687,8006588907.40,10492235707.35,415660,10,10,10,0,0,0,0,0,0,1275903,1758207,1930239,1291804.67,500
1781848625,0,416160,0,695.09,500.06,2502655,3441426431,12222201855,32346472447,37614518271,524288,38889586687,7996971055.64,10489596967.77,416160,10,10,10,0,0,0,0,0,0,1435647,2105343,2334719,1458532.86,500
1781848626,0,416660,0,694.76,499.55,2494463,3393191935,12222201855,32329695231,37614518271,524288,38889586687,7987376331.25,10486955077.03,416660,10,10,10,0,0,0,0,0,0,1484799,2094079,2248703,1495323.65,500
1781848627,0,417400,0,694.84,740.71,2496511,3342860287,12213813247,32312918015,37614518271,524288,38889586687,7973629547.36,10482734730.50,417400,10,10,10,0,0,0,0,0,0,201719807,572522495,599785471,233447147.59,740
1781848628,0,418340,0,695.24,939.12,2500607,3282042879,12205424639,32296140799,37580963839,524288,38889586687,7958046715.88,10476104367.66,418340,10,10,10,0,0,0,0,0,0,1051721727,1386217471,1410334719,1038606440.58,940
1781848629,0,419480,0,695.98,1140.31,2506751,3208642559,12188647423,32279363583,37580963839,524288,38889586687,7941405142.27,10466722630.00,419480,10,10,10,0,0,0,0,0,0,1852833791,2164260863,2187329535,1834531541.78,1140
1781848630,0,421961,0,698.94,2482.11,2519039,3030384639,12062818303,32212254719,37580963839,524288,38889586687,7909359597.69,10444227468.46,421961,10,10,10,0,0,0,0,0,0,2522873855,2699034623,2753560575,2491195533.98,2481
1781848631,0,423982,0,701.12,2020.85,2529279,3003121663,11978932223,32161923071,37580963839,524288,38889586687,7885756754.36,10424892230.78,423982,10,10,10,0,0,0,0,0,0,2961178623,3244294143,3282042879,2957761023.75,2021
1781848632,0,426316,0,703.82,2334.86,2539519,3112173567,11911823359,32111591423,37580963839,524288,38889586687,7862390341.36,10401090210.90,426316,10,10,10,0,0,0,0,0,0,3632267263,3804233727,3835691007,3617772295.68,2334
1781848633,0,427960,0,705.37,1643.38,2549759,3200253951,11903434751,32078036991,37580963839,524288,38889586687,7847927875.74,10383713719.86,427960,10,10,10,0,0,0,0,0,0,4043309055,4458545151,4492099583,4097574777.46,1644
1781848634,0,429210,0,706.26,1249.45,2555903,3263168511,11895046143,32044482559,37580963839,524288,38889586687,7839220453.67,10369840926.03,429210,10,10,10,0,0,0,0,0,0,4857004031,5209325567,5242879999,4858077773.82,1250
1781848635,0,430676,0,707.51,1466.91,2564095,3334471679,11886657535,32010928127,37580963839,524288,38889586687,7831542071.71,10353017310.95,430676,10,10,10,0,0,0,0,0,0,5570035711,5922357247,5947523071,5583494106.28,1466
1781848636,0,432280,0,708.98,1603.88,2572287,3428843519,11869880319,31977373695,37580963839,524288,38889586687,7825776961.15,10334229977.28,432280,10,10,10,0,0,0,0,0,0,6270484479,6593445887,6627000319,6277837586.51,1604
1781848637,0,433810,0,710.33,1529.82,2580479,3500146687,11861491711,31943819263,37580963839,524288,38889586687,7822717904.21,10316124901.45,433810,10,10,10,0,0,0,0,0,0,6945767423,7285506047,7319060479,6958424353.13,1530
1781848638,0,435370,0,711.72,1559.38,2588671,3556769791,11853103103,31893487615,37580963839,524288,38889586687,7822178861.36,10297636554.20,435370,10,10,10,0,0,0,0,0,0,7675576319,7973371903,8006926335,7672280027.24,1560
1781848639,0,436990,0,713.20,1621.07,2596863,3609198591,11853103103,31859933183,37580963839,524288,38889586687,7824057501.56,10278583198.50,436990,10,10,10,0,0,0,0,0,0,8325693439,8648654847,8682209279,8328936258.37,1620
1781848640,0,438400,0,714.33,1408.84,2603007,3672113151,11844714495,31826378751,37580963839,524288,38889586687,7827954655.31,10262276420.92,438400,10,10,10,0,0,0,0,0,0,9026142207,9361686527,9403629567,9035768284.41,1410
1781848641,0,439880,0,715.58,1481.39,2611199,3720347647,11802771455,31792824319,37580963839,524288,38889586687,7834640520.22,10245651114.59,439880,10,10,10,0,0,0,0,0,0,9839837183,10091495423,10108272639,9815102126.36,1480
1781848642,0,441590,0,717.20,1709.69,2619391,3779067903,11735662591,31742492671,37580963839,524288,38889586687,7844677065.40,10227067372.68,441590,10,10,10,0,0,0,0,0,0,10418651135,10745806847,10770972671,10426475597.85,1710
1781848643,0,443150,0,718.56,1560.20,2629631,3825205247,11676942335,31708938239,37580963839,524288,38889586687,7856154833.95,10210884281.97,443150,10,10,10,0,0,0,0,0,0,11089739775,11433672703,11450449919,11105172663.79,1560
1781848644,0,444961,0,720.33,1810.75,2639871,3886022655,11777605631,31658606591,37580963839,524288,38889586687,7872279712.74,10193212101.76,444961,10,10,10,0,0,0,0,0,0,11853103103,12071206911,12087984127,11818022417.81,1811
1781848645,0,446860,0,722.24,1899.01,2648063,3957325823,11853103103,31608274943,37580963839,524288,38889586687,7891383949.79,10175739807.64,446860,10,10,10,0,0,0,0,0,0,12356419583,12675186687,12708741119,12367761211.72,1899
1781848646,0,448450,0,723.64,1590.15,2658303,4020240383,11886657535,31557943295,37580963839,524288,38889586687,7909731146.27,10162347165.36,448450,10,10,10,0,0,0,0,0,0,13077839871,13371441151,13388218367,13066101096.65,1590
1781848647,0,450302,0,725.45,1852.05,2666495,4087349247,11920211967,31507611647,37580963839,524288,38889586687,7933571477.86,10148217203.95,450302,10,10,10,0,0,0,0,0,0,13706985471,13992198143,14017363967,13706355873.45,1852
1781848648,0,451976,0,726.98,1674.15,2676735,4150263807,12020875263,31474057215,37547409407,524288,38889586687,7957327243.55,10136903973.73,451976,10,10,10,0,0,0,0,0,0,14344519679,14654898175,14688452607,14347571449.58,1674
1781848649,0,453801,0,728.74,1824.06,2684927,4215275519,12180258815,31406948351,37547409407,524288,38889586687,7985713739.27,10126365431.06,453801,10,10,10,0,0,0,0,0,0,15032385535,15300820991,15325986815,15015858829.12,1825
1781848650,0,455530,0,730.35,1728.61,2693119,4290772991,12230590463,31356616703,37547409407,524288,38889586687,8014772103.32,10118094153.78,455530,10,10,10,0,0,0,0,0,0,15644753919,15955132415,15980298239,15641559068.43,1729
1781848651,0,457230,0,731.90,1699.75,2703359,4366270463,12280922111,31289507839,37547409407,524288,38889586687,8045716679.07,10111968775.96,457230,10,10,10,0,0,0,0,0,0,16357785599,16617832447,16642998271,16337588792.62,1700
1781848652,0,459000,0,733.56,1771.00,2713599,4445962239,12415139839,31239176191,37547409407,524288,38889586687,8080033683.43,10107519781.30,459000,10,10,10,0,0,0,0,0,0,16936599551,17263755263,17280532479,16944872046.50,1770
1781848653,0,460692,0,735.09,1692.53,2721791,4517265407,12574523391,31172067327,37547409407,524288,38889586687,8115175953.24,10105538050.68,460692,10,10,10,0,0,0,0,0,0,17683185663,17934843903,17951621119,17648451274.14,1692
1781848654,0,462450,0,736.72,1757.54,2732031,4601151487,12742295551,31121735679,37547409407,524288,38889586687,8153732479.54,10105611920.96,462450,10,10,10,0,0,0,0,0,0,18236833791,18572378111,18605932543,18257647846.66,1758
1781848655,0,464172,0,738.28,1722.42,2740223,4689231871,12876513279,31071404031,37547409407,524288,38889586687,8193715641.61,10108114778.16,464172,10,10,10,0,0,0,0,0,0,18941476863,19226689535,19260243967,18931354025.77,1722
1781848656,0,465910,0,739.87,1736.69,2752511,4806672383,12926844927,31054626815,37547409407,524288,38889586687,8236172698.66,10113080350.25,465910,10,10,10,0,0,0,0,0,0,19595788287,19881000959,19897778175,19575284946.93,1738
1781848657,0,467732,0,741.59,1821.89,2760703,4894752767,13002342399,31021072383,37547409407,524288,38889586687,8282882711.07,10120970692.40,467732,10,10,10,0,0,0,0,0,0,20233322495,20518535167,20535312383,20227263545.33,1822
1781848658,0,469433,0,743.11,1702.08,2768895,4974444543,13119782911,31004295167,37547409407,524288,38889586687,8328471098.15,10130868044.36,469433,10,10,10,0,0,0,0,0,0,20870856703,21172846591,21206401023,20864125104.99,1701
1781848659,0,471190,0,744.71,1755.61,2779135,5033164799,13270777855,30987517951,37547409407,524288,38889586687,8377720833.40,10143961550.91,471190,10,10,10,0,0,0,0,0,0,21558722559,21827158015,21843935231,21536201749.56,1757
1781848660,0,472892,0,746.22,1702.93,2789375,5104467967,13413384191,30970740735,37513854975,524288,38889586687,8427385549.05,10159360307.41,472892,10,10,10,0,0,0,0,0,0,22179479551,22481469439,22515023871,22176808209.15,1702
1781848661,0,474550,0,747.65,1658.61,2797567,5200936959,13555990527,30953963519,37513854975,524288,38889586687,8477728327.47,10177180034.02,474550,10,10,10,0,0,0,0,0,0,22817013759,23152558079,23186112511,22836411783.57,1658
1781848662,0,476480,0,749.51,1928.64,2807807,5318377471,13665042431,30937186303,37513854975,524288,38889586687,8538509780.65,10201174571.52,476480,10,10,10,0,0,0,0,0,0,23488102399,23773315071,23790092287,23483503878.10,1930
1781848663,0,478070,0,750.83,1590.15,2815999,5410652159,13748928511,30920409087,37513854975,524288,38889586687,8590200064.87,10223437856.69,478070,10,10,10,0,0,0,0,0,0,24058527743,24444403711,24477958143,24080380331.63,1590
1781848664,0,480090,0,752.82,2021.05,2826239,5498732543,13883146239,30903631871,37513854975,524288,38889586687,8658423706.94,10255759587.91,480090,10,10,10,0,0,0,0,0,0,24847056895,25048383487,25081937919,24804798245.01,2020
1781848665,0,481690,0,754.15,1600.00,2836479,5553258495,13992198143,30886854655,37513854975,524288,38889586687,8713826532.02,10283596631.48,481690,10,10,10,0,0,0,0,0,0,25316818943,25685917695,25736249343,25337790464.00,1600
1781848666,0,483590,0,755.94,1898.61,2844671,5624561663,14143193087,30853300223,37513854975,524288,38889586687,8782084304.64,10320763990.97,483590,10,10,10,0,0,0,0,0,0,26105348095,26357006335,26373783551,26086866668.06,1900
1781848667,0,485447,0,757.66,1858.60,2854911,5704253439,14302576639,30836523007,37513854975,524288,38889586687,8850408457.28,10359849766.79,485447,10,10,10,0,0,0,0,0,0,26642219007,26960986111,26994540543,26643018568.37,1857
1781848668,0,487124,0,759.09,1676.02,2863103,5788139519,14411628543,30836523007,37513854975,524288,38889586687,8913869061.60,10398215875.70,487124,10,10,10,0,0,0,0,0,0,27279753215,27598520319,27665629183,27284030055.50,1677
1781848669,0,488430,0,759.94,1306.67,2871295,5838471167,14503903231,30819745791,37513854975,524288,38889586687,8965049780.84,10431247789.76,488430,10,10,10,0,0,0,0,0,0,28068282367,28370272255,28403826687,28054909410.99,1306
1781848670,0,489926,0,761.09,1495.21,2877439,5892997119,14579400703,30802968575,37513854975,524288,38889586687,9025510799.72,10472454148.72,489926,10,10,10,0,0,0,0,0,0,28772925439,29074915327,29108469759,28765467653.48,1496
1781848671,0,491510,0,762.36,1584.33,2885631,5972688895,14680063999,30786191359,37513854975,524288,38889586687,9091262345.05,10519322791.83,491510,10,10,10,0,0,0,0,0,0,29427236863,29746003967,29779558399,29427999464.73,1584
1781848672,0,493035,0,763.55,1525.64,2893823,6031409151,14780727295,30769414143,37513854975,524288,38889586687,9156353297.21,10567854981.54,493035,10,10,10,0,0,0,0,0,0,30148657151,30467424255,30484201471,30135273884.29,1525
1781848673,0,494790,0,765.08,1753.64,2904063,6090129407,14898167807,30870077439,37513854975,524288,38889586687,9233056278.55,10627152737.20,494790,10,10,10,0,0,0,0,0,0,30769414143,31104958463,31121735679,30781349388.54,1755
1781848674,0,496270,0,766.18,1479.75,2912255,6148849663,15007219711,31071404031,37480300543,524288,38889586687,9299381542.11,10680373264.43,496270,10,10,10,0,0,0,0,0,0,31474057215,31809601535,31843155967,31473082323.72,1480
1781848675,0,497830,0,767.41,1560.45,2918399,6215958527,15082717183,31474057215,37480300543,524288,38889586687,9371047053.89,10739967414.56,497830,10,10,10,0,0,0,0,0,0,32178700287,32497467391,32531021823,32169408291.45,1560
1781848676,0,499350,0,768.56,1520.00,2926591,6266290175,15141437439,31843155967,37480300543,524288,38889586687,9442573025.91,10801457888.34,499350,10,10,10,0,0,0,0,0,0,32866566143,33185333247,33218887679,32868740559.49,1520
1781848677,0,500920,0,769.80,1570.51,2934783,6329204735,15183380479,32178700287,37480300543,524288,38889586687,9518146449.51,10868416320.95,500920,10,10,10,0,0,0,0,0,0,33554431999,33873199103,33906753535,33554827386.62,1570
1781848678,0,502431,0,770.93,1511.33,2942975,6383730687,15208546303,32480690175,37480300543,524288,38889586687,9592518184.67,10936225286.96,502431,10,10,10,0,0,0,0,0,0,34242297855,34594619391,34594619391,34247905065.85,1511
1781848679,0,503963,0,772.10,1531.91,2951167,6446645247,15242100735,32715571199,37480300543,524288,38889586687,9669601295.39,11008461715.33,503963,10,10,10,0,0,0,0,0,0,34963718143,35265708031,35299262463,34949591114.86,1532
1781848680,0,505430,0,773.16,1466.72,2959359,6509559807,15275655167,32916897791,37480300543,524288,38889586687,9744990154.43,11080933237.98,505430,10,10,10,0,0,0,0,0,0,35668361215,35970351103,36003905535,35643555638.97,1467
1781848681,0,506934,0,774.28,1504.54,2967551,6585057279,15325986815,33285996543,37480300543,524288,38889586687,9823926430.43,11158712290.57,506934,10,10,10,0,0,0,0,0,0,36373004287,36674994175,36708548607,36351028812.26,1504
1781848682,0,508450,0,775.41,1515.91,2975743,6652166143,15485370367,33554431999,37480300543,524288,38889586687,9905089473.94,11240484463.05,508450,10,10,10,0,0,0,0,0,0,37077647359,37379637247,37413191679,37045133203.93,1516
1781848683,0,509896,0,776.43,1444.97,2983935,6710886399,15653142527,33688649727,37614518271,524288,38889586687,9984181260.37,11322098516.87,509896,10,10,10,0,0,0,0,0,0,37849399295,38117834751,38117834751,37794844337.75,1446
1781848684,0,511460,0,777.63,1564.19,2992127,6765412351,15862857727,33839644671,37882953727,524288,38889586687,10071033613.72,11413032390.33,511460,10,10,10,0,0,0,0,0,0,38386270207,38755368959,38788923391,38386677838.57,1564
1781848685,0,513292,0,779.23,1832.71,3000319,6845104127,16139681791,34158411775,38319161343,524288,39460012031,10174918144.28,11524123396.93,513292,10,10,10,0,0,0,0,0,0,39225131007,39426457599,39460012031,39177528404.96,1832
1781848686,0,514740,0,780.24,1447.61,3008511,6887047167,16399728639,34527510527,38587596799,524288,40164655103,10258125560.61,11614051868.42,514740,10,10,10,0,0,0,0,0,0,39762001919,40097546239,40131100671,39753775522.65,1448
1781848687,0,516275,0,781.38,1535.81,3016703,6899630079,16567500799,34695282687,38755368959,524288,40936407039,10325723250.50,11694258933.08,516275,10,10,10,0,0,0,0,0,0,40466644991,40869298175,40902852607,32993628717.70,1535
1781848688,0,518019,0,782.84,1743.79,3024895,6903824383,16718495743,34829500415,39158022143,524288,41708158975,10392798959.93,11778899827.23,518019,10,10,10,0,0,0,0,0,0,41104179199,41607495679,41674604543,30249170455.49,1744
1781848689,0,519571,0,784.00,1552.10,3035135,6908018687,16827547647,34963718143,39392903167,524288,42479910911,10443204488.06,11847878939.11,519571,10,10,10,0,0,0,0,0,0,41808822271,42379247615,42446356479,27267316134.27,1552
1781848690,0,521033,0,785.02,1461.94,3043327,6916407295,16936599551,35131490303,39762001919,524288,43251662847,10491202750.85,11915408015.84,521033,10,10,10,0,0,0,0,0,0,42614128639,43184553983,43251662847,27549003977.72,1462
1781848691,0,522500,0,786.05,1466.80,3049471,6920601599,17062428671,35399925759,40298872831,524288,44056969215,10542568584.81,11988212329.58,522500,10,10,10,0,0,0,0,0,0,43452989439,44023414783,44056969215,28786123165.23,1467
1781848692,0,524102,0,787.27,1601.45,3057663,6933184511,17196646399,35601252351,40936407039,524288,44862275583,10604152722.11,12074954310.76,524102,10,10,10,0,0,0,0,0,0,44291850239,44795166719,44828721151,30690115105.88,1602
1781848693,0,525639,0,788.40,1537.48,3065855,6937378815,17347641343,35802578943,41506832383,524288,45634027519,10661998053.51,12158747837.33,525639,10,10,10,0,0,0,0,0,0,45030047743,45566918655,45634027519,30386691531.03,1537
1781848694,0,527108,0,789.42,1468.65,3071999,6941573119,17498636287,36037459967,42211475455,524288,46439333887,10717277237.75,12240777937.24,527108,10,10,10,0,0,0,0,0,0,45835354111,46405779455,46439333887,30497328378.25,1469
1781848695,0,528690,0,790.60,1582.80,3082239,6949961727,17666408447,36305895423,43150999551,524288,47244640255,10781046135.95,12335289662.58,528690,10,10,10,0,0,0,0,0,0,46640660479,47177531391,47211085823,32028262565.70,1582
1781848696,0,530212,0,791.69,1521.91,3088383,6949961727,17783848959,36507222015,43989860351,524288,48016392191,10841847279.90,12427389119.56,530212,10,10,10,0,0,0,0,0,0,47412412415,47949283327,48016392191,31962055422.99,1522
1781848697,0,531715,0,792.76,1503.03,3096575,6954156031,17901289471,36708548607,44694503423,524288,48821698559,10902177441.65,12520519692.07,531715,10,10,10,0,0,0,0,0,0,48217718783,48754589695,48821698559,32184796018.97,1503
1781848698,0,533261,0,793.88,1546.07,3104767,6958350335,18018729983,36976984063,45466255359,524288,49627004927,10967097289.46,12621149401.80,533261,10,10,10,0,0,0,0,0,0,49023025151,49559896063,49593450495,33294947795.62,1546
1781848699,0,534740,0,794.89,1478.36,3110911,6962544639,18136170495,37211865087,46271561727,524288,50432311295,11028304782.27,12718081604.18,534740,10,10,10,0,0,0,0,0,0,49794777087,50365202431,50398756863,33096978765.72,1479
1781848700,0,536387,0,796.16,1647.14,3119103,6966738943,18270388223,37413191679,47110422527,524288,51204063231,11103105598.56,12835272905.03,536387,10,10,10,0,0,0,0,0,0,50667192319,51136954367,51170508799,35389073118.27,1647
1781848701,0,538030,0,797.41,1643.18,3129343,6970933247,18421383167,37513854975,47949283327,524288,51975815167,11178726613.74,12954719277.78,538030,10,10,10,0,0,0,0,0,0,51405389823,51908706303,51942260735,35866571695.60,1643
1781848702,0,539509,0,798.42,1478.87,3135487,6975127551,18538823679,37614518271,48754589695,524288,52747567103,11243075320.86,13059508832.58,539509,10,10,10,0,0,0,0,0,0,52143587327,52714012671,52747567103,34651821020.69,1479
1781848703,0,541276,0,799.85,1766.51,3145727,6979321855,18740150271,37782290431,49694113791,524288,53519319039,11331034018.53,13199335942.05,541276,10,10,10,0,0,0,0,0,0,53049556991,53452210175,53485764607,38187009694.50,1767
1781848704,0,542810,0,800.94,1534.25,3153919,6983516159,18891145215,38017171455,50532974591,524288,54291070975,11401531370.62,13315071091.67,542810,10,10,10,0,0,0,0,0,0,53754200063,54257516543,54291070975,36276710478.77,1534
1781848705,0,544360,0,802.04,1550.23,3162111,6983516159,19025362943,38252052479,51204063231,524288,55096377343,11474485601.59,13435303657.16,544360,10,10,10,0,0,0,0,0,0,54458843135,55029268479,55062822911,37023057285.78,1550
1781848706,0,545972,0,803.23,1612.40,3170303,6987710463,19176357887,38453379071,51942260735,524288,55868129279,11553592069.86,13565779978.69,545972,10,10,10,0,0,0,0,0,0,55297703935,55801020415,55868129279,38267237895.62,1612
1781848707,0,547661,0,804.53,1688.52,3180543,6991904767,19310575615,38654705663,52915339263,524288,56639881215,11640054472.02,13708048015.09,547661,10,10,10,0,0,0,0,0,0,56103010303,56572772351,56606326783,39589166746.30,1689
1781848708,0,549330,0,805.80,1667.80,3188735,6991904767,19428016127,38788923391,53552873471,524288,57411633151,11725999874.36,13850407780.10,549330,10,10,10,0,0,0,0,0,0,56841207807,57344524287,57378078719,39927884230.02,1669
1781848709,0,551507,0,807.81,2178.32,3201023,7000293375,19629342719,39258685439,54794387455,524288,58082721791,11858265550.65,14061436675.20,551507,10,10,10,0,0,0,0,0,0,57680068607,58015612927,58082721791,45233324786.48,2177
1781848710,0,553400,0,809.40,1893.41,3213311,7000293375,19847446527,39728447487,55801020415,524288,58518929407,11961456098.42,14229625565.06,553400,10,10,10,0,0,0,0,0,0,58183385087,58485374975,58485374975,42025011000.93,1893
1781848711,0,553903,0,808.95,502.77,3215359,7000293375,19813892095,39694893055,55801020415,524288,58518929407,11950602306.19,14227718652.57,553903,10,10,10,0,0,0,0,0,0,8814591,13139967,18006015,9273038.63,503
1781848712,0,554404,0,808.50,501.03,3219455,7000293375,19780337663,39694893055,55801020415,524288,58518929407,11939808427.80,14225816664.28,554404,10,10,10,0,0,0,0,0,0,5734399,10338303,11280383,6152495.52,501
1781848713,0,554910,0,808.06,506.00,3217407,6996099071,19746783231,39694893055,55801020415,524288,58518929407,11928925004.64,14223891976.46,554910,10,10,10,0,0,0,0,0,0,4902911,7577599,8286207,4392726.77,506
1781848714,0,555410,0,807.61,500.16,3213311,6991904767,19730006015,39661338623,55767465983,524288,58518929407,11918188858.74,14221986192.47,555410,10,10,10,0,0,0,0,0,0,2994175,4007935,4558847,2999411.71,500
1781848715,0,555910,0,807.17,500.02,3209215,6991904767,19696451583,39661338623,55767465983,524288,58518929407,11907472057.22,14220075471.57,555910,10,10,10,0,0,0,0,0,0,3047423,4124671,5402623,3034593.28,500
1781848716,0,556410,0,806.72,499.92,3203071,6987710463,19662897151,39661338623,55767465983,524288,58518929407,11896774450.00,14218159928.17,556410,10,10,10,0,0,0,0,0,0,2957311,3960831,7999487,2960795.14,500
1781848717,0,556910,0,806.28,500.15,3198975,6987710463,19646119935,39627784191,55767465983,524288,58518929407,11886096400.06,14216239247.77,556910,10,10,10,0,0,0,0,0,0,2932735,4575231,23216127,3348864.51,500
1781848718,0,557410,0,805.83,500.03,3196927,6983516159,19612565503,39627784191,55767465983,524288,58518929407,11875437322.26,14214313908.06,557410,10,10,10,0,0,0,0,0,0,3192831,4077567,4685823,3143282.69,500
1781848719,0,557910,0,805.39,499.57,3190783,6983516159,19579011071,39594229759,55767465983,524288,58518929407,11864796907.95,14212384155.35,557910,10,10,10,0,0,0,0,0,0,2674687,3813375,4288511,2650229.25,500
1781848720,0,558410,0,804.95,500.10,3186687,6979321855,19562233855,39594229759,55767465983,524288,58518929407,11854175879.16,14210449375.42,558410,10,10,10,0,0,0,0,0,0,3002367,4308991,4620287,3019537.92,500
1781848721,0,558910,0,804.51,500.02,3182591,6979321855,19528679423,39594229759,55767465983,524288,58518929407,11843573831.93,14208509894.39,558910,10,10,10,0,0,0,0,0,0,2856959,4362239,9879551,2995445.25,500
1781848722,0,559410,0,804.08,500.10,3178495,6975127551,19511902207,39560675327,55767465983,524288,58518929407,11832990537.21,14206565891.70,559410,10,10,10,0,0,0,0,0,0,2654207,4661247,7598079,2772031.49,500
1781848723,0,559910,0,803.64,500.05,3174399,6970933247,19495124991,39560675327,55767465983,524288,58518929407,11822426263.48,14204617132.38,559910,10,10,10,0,0,0,0,0,0,2930687,4038655,4739071,2905523.20,500
1781848724,0,560410,0,803.20,500.16,3170303,6966738943,19478347775,39560675327,55733911551,524288,58518929407,11811880897.37,14202663699.73,560410,10,10,10,0,0,0,0,0,0,2996223,4239359,4603903,2969024.51,500
1781848725,0,560910,0,802.77,499.76,3166207,6962544639,19444793343,39527120895,55733911551,524288,58518929407,11801354411.73,14200705605.22,560910,10,10,10,0,0,0,0,0,0,3067903,4057087,4898815,3058774.53,500
1781848726,0,561410,0,802.34,499.82,3162111,6958350335,19428016127,39527120895,55733911551,524288,58518929407,11790846593.11,14198743015.07,561410,10,10,10,0,0,0,0,0,0,2846719,4149247,10739711,2965507.07,500
1781848727,0,561910,0,801.91,500.07,3160063,6954156031,19411238911,39527120895,55733911551,524288,58518929407,11780357620.86,14196775769.09,561910,10,10,10,0,0,0,0,0,0,3004415,4034559,9437183,3129801.73,500
1781848728,0,562410,0,801.48,500.30,3155967,6954156031,19394461695,39493566463,55733911551,524288,58518929407,11769887358.53,14194803969.50,562410,10,10,10,0,0,0,0,0,0,2983935,4468735,9592831,3197151.23,500
1781848729,0,562910,0,801.05,499.81,3151871,6949961727,19377684479,39493566463,55733911551,524288,58518929407,11759435293.94,14192828029.43,562910,10,10,10,0,0,0,0,0,0,2801663,3710975,4179967,2744003.07,500
1781848730,0,563410,0,800.62,500.23,3147775,6945767423,19360907263,39493566463,55733911551,524288,58518929407,11749001876.97,14190847564.63,563410,10,10,10,0,0,0,0,0,0,2897919,3901439,4231167,2852385.28,500
1781848731,0,563910,0,800.19,500.00,3143679,6941573119,19344130047,39460012031,55733911551,524288,58518929407,11738587051.18,14188862610.79,563910,10,10,10,0,0,0,0,0,0,2973695,4020223,4763647,2953048.06,500
1781848732,0,564410,0,799.77,499.89,3141631,6937378815,19310575615,39460012031,55733911551,524288,58518929407,11728190661.33,14186873285.19,564410,10,10,10,0,0,0,0,0,0,2961407,4016127,4427775,2934258.69,500
1781848733,0,564910,0,799.34,499.90,3137535,6928990207,19293798399,39460012031,55733911551,524288,58518929407,11717812799.80,14184879500.38,564910,10,10,10,0,0,0,0,0,0,2875391,5402623,9658367,3075148.29,500
1781848734,0,565410,0,798.92,499.84,3133439,6920601599,19277021183,39460012031,55700357119,524288,58518929407,11707453185.04,14182881477.70,565410,10,10,10,0,0,0,0,0,0,2967551,4108287,4517887,2953238.53,500
1781848735,0,565910,0,798.50,500.37,3131391,6912212991,19260243967,39460012031,55700357119,524288,58518929407,11697111815.72,14180879206.92,565910,10,10,10,0,0,0,0,0,0,2881535,4055039,4407295,2884556.80,500
1781848736,0,566410,0,798.08,499.72,3127295,6908018687,19226689535,39426457599,55700357119,524288,58518929407,11686788771.19,14178872611.40,566410,10,10,10,0,0,0,0,0,0,2983935,4057087,5111807,2960516.10,500
1781848737,0,566910,0,797.66,500.01,3125247,6903824383,19209912319,39426457599,55700357119,524288,58518929407,11676484012.49,14176861712.18,566910,10,10,10,0,0,0,0,0,0,3139583,3997695,4218879,3047265.79,500
1781848738,0,567410,0,797.24,499.96,3123199,6899630079,19193135103,39426457599,55700357119,524288,58518929407,11666197500.77,14174846530.26,567410,10,10,10,0,0,0,0,0,0,3026943,4628479,9781247,3144777.73,500
1781848739,0,567910,0,796.82,500.23,3119103,6895435775,19159580671,39426457599,55700357119,524288,58518929407,11655928943.20,14172827295.34,567910,10,10,10,0,0,0,0,0,0,2990079,3897343,4411391,2964439.04,500
1781848740,0,568410,0,796.41,499.98,3117055,6887047167,19126026239,39426457599,55700357119,524288,58518929407,11645678544.94,14170803827.48,568410,10,10,10,0,0,0,0,0,0,3033087,4255743,4665343,3071195.14,500
1781848741,0,568910,0,795.99,499.74,3115007,6874464255,19109249023,39392903167,55700357119,524288,58518929407,11635446185.83,14168776214.35,568910,10,10,10,0,0,0,0,0,0,3137535,4155391,4329471,3095707.65,500
1781848742,0,569410,0,795.58,500.27,3112959,6861881343,19075694591,39392903167,55700357119,524288,58518929407,11625231667.37,14166744607.73,569410,10,10,10,0,0,0,0,0,0,2996223,4112383,4468735,2948265.47,500
1781848743,0,569910,0,795.17,499.73,3108863,6840909823,19058917375,39392903167,55666802687,524288,58518929407,11615035072.63,14164708928.15,569910,10,10,10,0,0,0,0,0,0,2920447,4065279,4464639,2949054.46,500
1781848744,0,570410,0,794.75,500.25,3106815,6815743999,19025362943,39392903167,55666802687,524288,58518929407,11604856426.96,14162669143.73,570410,10,10,10,0,0,0,0,0,0,3047423,4198399,4960255,3032521.73,500
1781848745,0,570910,0,794.34,499.71,3104767,6794772479,19008585727,39359348735,55666802687,524288,58518929407,11594695541.83,14160625397.82,570910,10,10,10,0,0,0,0,0,0,2918399,4128767,4374527,2954571.78,500
1781848746,0,571410,0,793.94,500.34,3100671,6777995263,18975031295,39359348735,55666802687,524288,58518929407,11584552273.01,14158577797.17,571410,10,10,10,0,0,0,0,0,0,2746367,3883007,4198399,2765063.17,500
1781848747,0,571540,0,793.01,129.99,3098623,6773800959,18975031295,39359348735,55666802687,524288,58518929407,11581917937.38,14158044764.71,571540,10,10,10,0,0,0,0,0,0,2785279,4296703,4562943,2796977.23,130
1781848748,0,571540,0,791.92,0.00,3098623,6773800959,18975031295,39359348735,55666802687,524288,58518929407,11581917937.38,14158044764.71,571540,10,10,10,0,0,0,0,0,0,0,0,0,0.00,0
1781848749,0,571540,0,790.82,0.00,3098623,6773800959,18975031295,39359348735,55666802687,524288,58518929407,11581917937.38,14158044764.71,571540,10,10,10,0,0,0,0,0,0,0,0,0,0.00,0
