timestamp,sent_count,received_count,error_count,total_throughput,interval_throughput,latency_ns_p25,latency_ns_p50,latency_ns_p75,latency_ns_p95,latency_ns_p99,latency_ns_min,latency_ns_max,latency_ns_mean,latency_ns_stddev,latency_sample_count,connections,active_connections,connection_attempts,connection_failures,crashes_injected,reconnects,reconnect_failures,duplicate_count,gap_count,interval_latency_ns_p50,interval_latency_ns_p95,interval_latency_ns_p99,interval_latency_ns_mean,interval_latency_sample_count
1781849888,0,0,0,0.00,0.00,0,0,0,0,0,0,0,0.00,0.00,0,1,1,1,0,0,0,0,0,0,0,0,0,0.00,0
1781849889,0,0,0,0.00,0.00,0,0,0,0,0,0,0,0.00,0.00,0,1,1,1,0,0,0,0,0,0,0,0,0,0.00,0
1781849890,0,0,0,0.00,0.00,0,0,0,0,0,0,0,0.00,0.00,0,1,1,1,0,0,0,0,0,0,0,0,0,0.00,0
1781849891,0,0,0,0.00,0.00,0,0,0,0,0,0,0,0.00,0.00,0,1,1,1,0,0,0,0,0,0,0,0,0,0.00,0
1781849892,0,0,0,0.00,0.00,0,0,0,0,0,0,0,0.00,0.00,0,1,1,1,0,0,0,0,0,0,0,0,0,0.00,0
1781849893,0,0,0,0.00,0.00,0,0,0,0,0,0,0,0.00,0.00,0,1,1,1,0,0,0,0,0,0,0,0,0,0.00,0
1781849894,0,0,0,0.00,0.00,0,0,0,0,0,0,0,0.00,0.00,0,1,1,1,0,0,0,0,0,0,0,0,0,0.00,0
1781849895,0,0,0,0.00,0.00,0,0,0,0,0,0,0,0.00,0.00,0,2,2,2,0,0,0,0,0,0,0,0,0,0.00,0
1781849896,0,0,0,0.00,0.00,0,0,0,0,0,0,0,0.00,0.00,0,2,2,2,0,0,0,0,0,0,0,0,0,0.00,0
1781849897,0,0,0,0.00,0.00,0,0,0,0,0,0,0,0.00,0.00,0,2,2,2,0,0,0,0,0,0,0,0,0,0.00,0
1781849898,0,0,0,0.00,0.00,0,0,0,0,0,0,0,0.00,0.00,0,2,2,2,0,0,0,0,0,0,0,0,0,0.00,0
1781849899,0,0,0,0.00,0.00,0,0,0,0,0,0,0,0.00,0.00,0,2,2,2,0,0,0,0,0,0,0,0,0,0.00,0
1781849900,0,0,0,0.00,0.00,0,0,0,0,0,0,0,0.00,0.00,0,2,2,2,0,0,0,0,0,0,0,0,0,0.00,0
1781849901,0,0,0,0.00,0.00,0,0,0,0,0,0,0,0.00,0.00,0,2,2,2,0,0,0,0,0,0,0,0,0,0.00,0
1781849902,0,0,0,0.00,0.00,0,0,0,0,0,0,0,0.00,0.00,0,3,3,3,0,0,0,0,0,0,0,0,0,0.00,0
1781849903,0,0,0,0.00,0.00,0,0,0,0,0,0,0,0.00,0.00,0,3,3,3,0,0,0,0,0,0,0,0,0,0.00,0
1781849904,0,0,0,0.00,0.00,0,0,0,0,0,0,0,0.00,0.00,0,3,3,3,0,0,0,0,0,0,0,0,0,0.00,0
1781849905,0,0,0,0.00,0.00,0,0,0,0,0,0,0,0.00,0.00,0,3,3,3,0,0,0,0,0,0,0,0,0,0.00,0
1781849906,0,0,0,0.00,0.00,0,0,0,0,0,0,0,0.00,0.00,0,3,3,3,0,0,0,0,0,0,0,0,0,0.00,0
1781849907,0,0,0,0.00,0.00,0,0,0,0,0,0,0,0.00,0.00,0,3,3,3,0,0,0,0,0,0,0,0,0,0.00,0
1781849908,0,0,0,0.00,0.00,0,0,0,0,0,0,0,0.00,0.00,0,3,3,3,0,0,0,0,0,0,0,0,0,0.00,0
1781849909,0,0,0,0.00,0.00,0,0,0,0,0,0,0,0.00,0.00,0,4,4,4,0,0,0,0,0,0,0,0,0,0.00,0
1781849910,0,0,0,0.00,0.00,0,0,0,0,0,0,0,0.00,0.00,0,4,4,4,0,0,0,0,0,0,0,0,0,0.00,0
1781849911,0,0,0,0.00,0.00,0,0,0,0,0,0,0,0.00,0.00,0,4,4,4,0,0,0,0,0,0,0,0,0,0.00,0
1781849912,0,0,0,0.00,0.00,0,0,0,0,0,0,0,0.00,0.00,0,4,4,4,0,0,0,0,0,0,0,0,0,0.00,0
1781849913,0,0,0,0.00,0.00,0,0,0,0,0,0,0,0.00,0.00,0,4,4,4,0,0,0,0,0,0,0,0,0,0.00,0
1781849914,0,0,0,0.00,0.00,0,0,0,0,0,0,0,0.00,0.00,0,4,4,4,0,0,0,0,0,0,0,0,0,0.00,0
1781849915,0,0,0,0.00,0.00,0,0,0,0,0,0,0,0.00,0.00,0,5,5,5,0,0,0,0,0,0,0,0,0,0.00,0
1781849916,0,0,0,0.00,0.00,0,0,0,0,0,0,0,0.00,0.00,0,5,5,5,0,0,0,0,0,0,0,0,0,0.00,0
1781849917,0,0,0,0.00,0.00,0,0,0,0,0,0,0,0.00,0.00,0,5,5,5,0,0,0,0,0,0,0,0,0,0.00,0
1781849918,0,0,0,0.00,0.00,0,0,0,0,0,0,0,0.00,0.00,0,5,5,5,0,0,0,0,0,0,0,0,0,0.00,0
1781849919,0,0,0,0.00,0.00,0,0,0,0,0,0,0,0.00,0.00,0,5,5,5,0,0,0,0,0,0,0,0,0,0.00,0
1781849920,0,0,0,0.00,0.00,0,0,0,0,0,0,0,0.00,0.00,0,5,5,5,0,0,0,0,0,0,0,0,0,0.00,0
1781849921,0,0,0,0.00,0.00,0,0,0,0,0,0,0,0.00,0.00,0,5,5,5,0,0,0,0,0,0,0,0,0,0.00,0
1781849922,0,0,0,0.00,0.00,0,0,0,0,0,0,0,0.00,0.00,0,6,6,6,0,0,0,0,0,0,0,0,0,0.00,0
1781849923,0,0,0,0.00,0.00,0,0,0,0,0,0,0,0.00,0.00,0,6,6,6,0,0,0,0,0,0,0,0,0,0.00,0
1781849924,0,0,0,0.00,0.00,0,0,0,0,0,0,0,0.00,0.00,0,6,6,6,0,0,0,0,0,0,0,0,0,0.00,0
1781849925,0,0,0,0.00,0.00,0,0,0,0,0,0,0,0.00,0.00,0,6,6,6,0,0,0,0,0,0,0,0,0,0.00,0
1781849926,0,0,0,0.00,0.00,0,0,0,0,0,0,0,0.00,0.00,0,6,6,6,0,0,0,0,0,0,0,0,0,0.00,0
1781849927,0,0,0,0.00,0.00,0,0,0,0,0,0,0,0.00,0.00,0,6,6,6,0,0,0,0,0,0,0,0,0,0.00,0
1781849928,0,0,0,0.00,0.00,0,0,0,0,0,0,0,0.00,0.00,0,6,6,6,0,0,0,0,0,0,0,0,0,0.00,0
1781849929,0,0,0,0.00,0.00,0,0,0,0,0,0,0,0.00,0.00,0,7,7,7,0,0,0,0,0,0,0,0,0,0.00,0
1781849930,0,0,0,0.00,0.00,0,0,0,0,0,0,0,0.00,0.00,0,7,7,7,0,0,0,0,0,0,0,0,0,0.00,0
1781849931,0,0,0,0.00,0.00,0,0,0,0,0,0,0,0.00,0.00,0,7,7,7,0,0,0,0,0,0,0,0,0,0.00,0
1781849932,0,0,0,0.00,0.00,0,0,0,0,0,0,0,0.00,0.00,0,7,7,7,0,0,0,0,0,0,0,0,0,0.00,0
1781849933,0,0,0,0.00,0.00,0,0,0,0,0,0,0,0.00,0.00,0,7,7,7,0,0,0,0,0,0,0,0,0,0.00,0
1781849934,0,0,0,0.00,0.00,0,0,0,0,0,0,0,0.00,0.00,0,7,7,7,0,0,0,0,0,0,0,0,0,0.00,0
1781849935,0,0,0,0.00,0.00,0,0,0,0,0,0,0,0.00,0.00,0,8,8,8,0,0,0,0,0,0,0,0,0,0.00,0
1781849936,0,0,0,0.00,0.00,0,0,0,0,0,0,0,0.00,0.00,0,8,8,8,0,0,0,0,0,0,0,0,0,0.00,0
1781849937,0,0,0,0.00,0.00,0,0,0,0,0,0,0,0.00,0.00,0,8,8,8,0,0,0,0,0,0,0,0,0,0.00,0
1781849938,0,0,0,0.00,0.00,0,0,0,0,0,0,0,0.00,0.00,0,8,8,8,0,0,0,0,0,0,0,0,0,0.00,0
1781849939,0,0,0,0.00,0.00,0,0,0,0,0,0,0,0.00,0.00,0,8,8,8,0,0,0,0,0,0,0,0,0,0.00,0
1781849940,0,0,0,0.00,0.00,0,0,0,0,0,0,0,0.00,0.00,0,8,8,8,0,0,0,0,0,0,0,0,0,0.00,0
1781849941,0,0,0,0.00,0.00,0,0,0,0,0,0,0,0.00,0.00,0,8,8,8,0,0,0,0,0,0,0,0,0,0.00,0
1781849942,0,0,0,0.00,0.00,0,0,0,0,0,0,0,0.00,0.00,0,9,9,9,0,0,0,0,0,0,0,0,0,0.00,0
1781849943,0,0,0,0.00,0.00,0,0,0,0,0,0,0,0.00,0.00,0,9,9,9,0,0,0,0,0,0,0,0,0,0.00,0
1781849944,0,0,0,0.00,0.00,0,0,0,0,0,0,0,0.00,0.00,0,9,9,9,0,0,0,0,0,0,0,0,0,0.00,0
1781849945,0,0,0,0.00,0.00,0,0,0,0,0,0,0,0.00,0.00,0,9,9,9,0,0,0,0,0,0,0,0,0,0.00,0
1781849946,0,0,0,0.00,0.00,0,0,0,0,0,0,0,0.00,0.00,0,9,9,9,0,0,0,0,0,0,0,0,0,0.00,0
1781849947,0,0,0,0.00,0.00,0,0,0,0,0,0,0,0.00,0.00,0,9,9,9,0,0,0,0,0,0,0,0,0,0.00,0
1781849948,0,0,0,0.00,0.00,0,0,0,0,0,0,0,0.00,0.00,0,9,9,9,0,0,0,0,0,0,0,0,0,0.00,0
1781849949,0,0,0,0.00,0.00,0,0,0,0,0,0,0,0.00,0.00,0,10,10,10,0,0,0,0,0,0,0,0,0,0.00,0
1781849950,0,160,0,238.25,160.03,2359295,14811135,88539135,135659519,145752063,811520,145883135,48089337.60,50068746.45,160,10,10,10,0,0,0,0,0,0,14811135,135659519,145752063,48089337.60,160
1781849951,0,360,0,215.32,199.93,2002943,2949119,5300223,129302527,137232383,769536,145883135,22852732.44,40302743.01,360,10,10,10,0,0,0,0,0,0,2531327,4288511,5193727,2663448.32,200
1781849952,0,560,0,209.56,199.94,1760255,2480127,3813375,101056511,137232383,609792,145883135,15429605.94,33816649.53,560,10,10,10,0,0,0,0,0,0,2038783,3428351,3706879,2067978.24,200
1781849953,0,760,0,206.97,200.04,1592319,2199551,3104767,92536831,135790591,606720,145883135,11852458.11,29640664.49,760,10,10,10,0,0,0,0,0,0,1807359,2897919,3801087,1836444.16,200
1781849954,0,960,0,205.46,199.93,1494015,2092031,2906111,85590015,133431295,606720,145883135,9776509.33,26683877.21,960,10,10,10,0,0,0,0,0,0,1822719,3397631,3766271,1887904.00,200
1781849955,0,1160,0,204.51,200.05,1470463,2052095,2789375,73334783,133300223,606720,145883135,8417403.37,24458222.98,1160,10,10,10,0,0,0,0,0,0,1867775,3076095,3448831,1893694.72,200
1781849956,0,1360,0,203.84,200.07,1462271,2045951,2686975,52297727,131858431,606720,145883135,7666402.45,22775041.90,1360,10,10,10,0,0,0,0,0,0,2015231,3624959,29392895,3310597.12,200
1781849957,0,1560,0,203.33,199.88,1422335,2003967,2633727,33849343,130744319,606720,145883135,6916716.80,21356396.71,1560,10,10,10,0,0,0,0,0,0,1592319,3094527,3934207,1818854.40,200
1781849958,0,1760,0,202.95,200.03,1410047,1972223,2578431,28819455,129499135,606720,145883135,6352137.16,20170748.39,1760,10,10,10,0,0,0,0,0,0,1746943,3897343,5926911,1948416.00,200
1781849959,0,1960,0,202.64,199.99,1388543,1959935,2553855,11321343,124059647,606720,145883135,5892937.53,19163664.78,1960,10,10,10,0,0,0,0,0,0,1804287,3084287,3432447,1851980.80,200
1781849960,0,2160,0,202.40,200.11,1374207,1957887,2541567,5218303,122159103,606720,145883135,5529586.25,18291801.25,2160,10,10,10,0,0,0,0,0,0,1928191,3258367,3950591,1968743.68,200
1781849961,0,2360,0,202.19,199.94,1352703,1919999,2508799,4476927,114229247,606720,145883135,5204071.48,17533112.24,2360,10,10,10,0,0,0,0,0,0,1613823,2912255,3325951,1688512.00,200
1781849962,0,2560,0,202.03,200.09,1338367,1905663,2488319,4210687,106823679,606720,145883135,4937550.40,16860160.73,2560,10,10,10,0,0,0,0,0,0,1750015,2936831,3198975,1792601.60,200
1781849963,0,2760,0,201.88,199.98,1324031,1887231,2453503,4132863,101318655,606720,145883135,4702224.97,16260270.05,2760,10,10,10,0,0,0,0,0,0,1645567,2580479,2777087,1690059.52,200
1781849964,0,2960,0,201.75,199.97,1314815,1870847,2441215,4032511,100401151,606720,145883135,4504547.55,15719304.62,2960,10,10,10,0,0,0,0,0,0,1670143,2850815,3076095,1776599.04,200
1781849965,0,3160,0,201.64,200.00,1305599,1869823,2439167,4032511,99221503,606720,145883135,4347587.48,15228442.88,3160,10,10,10,0,0,0,0,0,0,1851391,3653631,6406143,2024578.56,200
1781849966,0,3360,0,201.53,199.89,1303551,1858559,2428927,4032511,95748095,606720,145883135,4215317.03,14783628.27,3360,10,10,10,0,0,0,0,0,0,1765375,3327999,10682367,2125443.84,200
1781849967,0,3560,0,201.45,200.15,1302527,1869823,2441215,4132863,95617023,606720,145883135,4264246.36,14631468.83,3560,10,10,10,0,0,0,0,0,0,1963007,13033471,56131583,5086259.20,200
1781849968,0,3760,0,201.37,199.91,1306623,1875967,2457599,4126719,92602367,606720,145883135,4152236.60,14246564.83,3760,10,10,10,0,0,0,0,0,0,1998847,3868671,5066751,2158462.72,200
1781849969,0,3960,0,201.31,200.13,1307647,1873919,2449407,4087807,92471295,606720,145883135,4039906.33,13891935.05,3960,10,10,10,0,0,0,0,0,0,1815551,3278847,4767743,1928097.28,200
1781849970,0,4160,0,201.24,199.99,1307647,1871871,2441215,3999743,88473599,606720,145883135,3935670.28,13562544.51,4160,10,10,10,0,0,0,0,0,0,1852415,2863103,3608575,1871796.48,200
1781849971,0,4360,0,201.18,199.86,1307647,1871871,2439167,3934207,88408063,606720,145883135,3841853.01,13255580.91,4360,10,10,10,0,0,0,0,0,0,1832959,3106815,3538943,1890453.76,200
1781849972,0,4560,0,201.13,200.09,1312767,1884159,2451455,3915775,87097343,606720,145883135,3769421.53,12967754.05,4560,10,10,10,0,0,0,0,0,0,2089983,3586047,5472255,2190415.36,200
1781849973,0,4760,0,201.08,199.94,1304575,1876991,2449407,3889151,85983231,606720,145883135,3689161.68,12699287.80,4760,10,10,10,0,0,0,0,0,0,1735679,2998271,5488639,1859237.12,200
1781849974,0,4960,0,201.04,200.10,1307647,1875967,2445311,3813375,85590015,606720,145883135,3618117.78,12446306.67,4960,10,10,10,0,0,0,0,0,0,1852415,3489791,3643391,1927272.96,200
1781849975,0,5160,0,201.00,199.95,1313791,1880063,2443263,3813375,83034111,606720,145883135,3562948.22,12209635.31,5160,10,10,10,0,0,0,0,0,0,1967103,3323903,9281535,2194743.04,200
1781849976,0,5360,0,200.96,199.93,1312767,1879039,2441215,3813375,81788927,606720,145883135,3503403.99,11984592.44,5360,10,10,10,0,0,0,0,0,0,1867775,3602431,4554751,1967162.88,200
1781849977,0,5560,0,200.92,199.98,1311743,1879039,2430975,3741695,81723391,606720,145883135,3443261.56,11771863.44,5560,10,10,10,0,0,0,0,0,0,1871871,2807807,3205119,1831444.48,200
1781849978,0,5760,0,200.90,200.15,1313791,1879039,2430975,3741695,80543743,606720,145883135,3446662.13,11644749.12,5760,10,10,10,0,0,0,0,0,0,1876991,3512319,35815423,3541198.08,200
1781849979,0,5960,0,200.86,199.92,1313791,1871871,2424831,3706879,72679423,606720,145883135,3391693.01,11452248.07,5960,10,10,10,0,0,0,0,0,0,1669119,2926591,4648959,1808582.40,200
1781849980,0,6160,0,200.83,199.94,1316863,1862655,2422783,3657727,64126975,606720,145883135,3346222.50,11269708.36,6160,10,10,10,0,0,0,0,0,0,1728511,2955263,8134655,1991201.28,200
1781849981,0,6360,0,200.81,200.12,1313791,1863679,2416639,3653631,56492031,606720,145883135,3301316.31,11094762.55,6360,10,10,10,0,0,0,0,0,0,1904639,3166207,4069375,1918205.44,200
1781849982,0,6560,0,200.79,199.99,1314815,1858559,2416639,3631103,56164351,606720,145883135,3257788.80,10927800.55,6560,10,10,10,0,0,0,0,0,0,1737727,3045375,4239359,1873614.08,200
1781849983,0,6760,0,200.76,199.97,1308671,1855487,2406399,3602431,56066047,606720,145883135,3213301.36,10768549.05,6760,10,10,10,0,0,0,0,0,0,1724415,2920447,3229695,1754113.28,200
1781849984,0,6960,0,200.74,199.90,1305599,1848319,2400255,3583999,55345151,606720,145883135,3172500.93,10616077.32,6960,10,10,10,0,0,0,0,0,0,1639423,2998271,4407295,1793446.40,200
1781849985,0,7160,0,200.72,200.05,1298431,1842175,2396159,3549183,53968895,606720,145883135,3132349.82,10470151.18,7160,10,10,10,0,0,0,0,0,0,1699839,2852863,3895295,1735091.20,200
1781849986,0,7360,0,200.70,200.07,1299455,1847295,2402303,3512319,53903359,606720,145883135,3102501.50,10329209.44,7360,10,10,10,0,0,0,0,0,0,1967103,3223551,3502079,2033931.52,200
1781849987,0,7560,0,200.68,199.88,1291263,1842175,2398207,3489791,53018623,606720,145883135,3065894.60,10194655.30,7560,10,10,10,0,0,0,0,0,0,1636351,2934783,3129343,1718760.96,200
1781849988,0,7760,0,200.66,200.10,1288191,1835007,2390015,3489791,52494335,606720,145883135,3032316.24,10065726.17,7760,10,10,10,0,0,0,0,0,0,1502207,3051519,5869567,1763054.08,200
1781849989,0,7960,0,200.64,199.91,1287167,1831935,2383871,3489791,52199423,606720,145883135,3009226.03,9943781.92,7960,10,10,10,0,0,0,0,0,0,1794047,3233791,12058623,2113326.08,200
1781849990,0,8160,0,200.63,200.15,1284095,1830911,2379775,3489791,49676287,606720,145883135,2982933.90,9824078.00,8160,10,10,10,0,0,0,0,0,0,1789951,2932735,6201343,1936506.88,200
1781849991,0,8360,0,200.61,199.88,1284095,1826815,2375679,3463167,40599551,606720,145883135,2953144.50,9708185.63,8360,10,10,10,0,0,0,0,0,0,1659903,2932735,3219455,1737736.96,200
1781849992,0,8560,0,200.60,200.12,1279999,1821695,2365439,3440639,40534015,606720,145883135,2922861.37,9596550.89,8560,10,10,10,0,0,0,0,0,0,1605631,2770943,2936831,1657026.56,200
1781849993,0,8760,0,200.59,199.94,1276927,1817599,2365439,3405823,37617663,606720,145883135,2895306.46,9488581.66,8760,10,10,10,0,0,0,0,0,0,1631231,2705407,3198975,1715956.48,200
1781849994,0,8960,0,200.57,199.93,1274879,1814527,2359295,3393535,37388287,606720,145883135,2869530.34,9384195.24,8960,10,10,10,0,0,0,0,0,0,1684479,2906111,4296703,1740536.32,200
1781849995,0,9160,0,200.56,200.12,1272831,1813503,2355199,3377151,35651583,606720,145883135,2845424.94,9283102.81,9160,10,10,10,0,0,0,0,0,0,1687551,3041279,3463167,1765502.72,200
1781849996,0,9360,0,200.55,199.86,1275903,1813503,2355199,3385343,34111487,606720,145883135,2827782.70,9185578.33,9360,10,10,10,0,0,0,0,0,0,1855487,3651583,7053311,2019768.32,200
1781849997,0,9560,0,200.54,200.01,1270783,1811455,2353151,3377151,34045951,606720,145883135,2805759.87,9090997.41,9560,10,10,10,0,0,0,0,0,0,1729535,2988031,4698111,1775091.20,200
1781849998,0,9760,0,200.53,200.09,1267711,1805311,2344959,3364863,33849343,606720,145883135,2782200.66,8999269.95,9760,10,10,10,0,0,0,0,0,0,1635327,2744319,3244031,1656070.40,200
1781849999,0,9960,0,200.52,200.00,1262591,1802239,2344959,3360767,32587775,606720,145883135,2761018.19,8910271.72,9960,10,10,10,0,0,0,0,0,0,1635327,2953215,3399679,1727313.92,200
1781850000,0,10160,0,200.51,199.98,1264639,1803263,2344959,3375103,29474815,606720,145883135,2773760.68,8854508.22,10160,10,10,10,0,0,0,0,0,0,1854463,12222463,25509887,3408336.64,200
1781850001,0,10360,0,200.50,200.08,1260543,1800191,2338815,3362815,29081599,606720,145883135,2752028.94,8770392.39,10360,10,10,10,0,0,0,0,0,0,1604607,2678783,3018751,1648056.32,200
1781850002,0,10560,0,200.49,199.88,1259519,1799167,2336767,3350527,29016063,606720,145883135,2733196.22,8688444.37,10560,10,10,10,0,0,0,0,0,0,1777663,2738175,3149823,1757661.44,200
1781850003,0,10760,0,200.48,199.93,1259519,1798143,2332671,3336191,28884991,606720,145883135,2715195.74,8608743.66,10760,10,10,10,0,0,0,0,0,0,1662975,2947071,3600383,1764770.56,200
1781850004,0,10960,0,200.47,200.01,1258495,1798143,2330623,3336191,28671999,606720,145883135,2699013.68,8531252.41,10960,10,10,10,0,0,0,0,0,0,1793023,3080191,4067327,1828418.56,200
1781850005,0,11160,0,200.46,200.01,1255423,1794047,2326527,3336191,25542655,606720,145883135,2681415.52,8456075.38,11160,10,10,10,0,0,0,0,0,0,1530879,3127295,4251647,1717036.80,200
1781850006,0,11360,0,200.45,199.98,1254399,1793023,2326527,3344383,24870911,606720,145883135,2666345.44,8382818.02,11360,10,10,10,0,0,0,0,0,0,1693695,3467263,4521983,1825434.88,200
1781850007,0,11560,0,200.45,200.20,1253375,1790975,2322431,3332095,24788991,606720,145883135,2649371.86,8311369.85,11560,10,10,10,0,0,0,0,0,0,1608703,2619391,3106815,1685272.32,200
1781850008,0,11760,0,200.44,199.93,1252351,1787903,2318335,3323903,23969791,606720,145883135,2633926.73,8241695.80,11760,10,10,10,0,0,0,0,0,0,1645567,3031039,3237887,1741198.08,200
1781850009,0,11960,0,200.43,199.93,1251327,1787903,2316287,3321855,23855103,606720,145883135,2619320.34,8173761.83,11960,10,10,10,0,0,0,0,0,0,1772543,3110911,3911679,1760464.64,200
1781850010,0,12180,0,200.75,219.97,1253375,1791999,2324479,3360767,16613375,606720,145883135,2623970.26,8108247.65,12180,10,10,10,0,0,0,0,0,0,2035711,8806399,15589375,2876756.95,220
1781850011,0,12380,0,200.74,200.04,1253375,1793023,2324479,3360767,24870911,606720,145883135,2632113.24,8079090.56,12380,10,10,10,0,0,0,0,0,0,1817599,3041279,33390591,3128020.48,200
1781850012,0,12580,0,200.73,199.97,1253375,1788927,2318335,3348479,24788991,606720,145883135,2617168.30,8015797.93,12580,10,10,10,0,0,0,0,0,0,1625087,2777087,3350527,1692076.80,200
1781850013,0,12780,0,200.72,200.10,1252351,1788927,2318335,3340287,23969791,606720,145883135,2603861.49,7953982.86,12780,10,10,10,0,0,0,0,0,0,1725439,2889727,3393535,1766863.36,200
1781850014,0,12980,0,200.71,199.97,1248255,1784831,2316287,3334143,23855103,606720,145883135,2589747.16,7893769.37,12980,10,10,10,0,0,0,0,0,0,1434623,3057663,3551231,1687841.28,200
1781850015,0,13180,0,200.69,200.01,1246207,1781759,2314239,3323903,16613375,606720,145883135,2575928.93,7834806.02,13180,10,10,10,0,0,0,0,0,0,1642495,2789375,2949119,1679125.76,200
1781850016,0,13380,0,200.68,199.95,1243135,1779711,2312191,3321855,15523839,606720,145883135,2563814.80,7777215.40,13380,10,10,10,0,0,0,0,0,0,1680383,3186687,3934207,1765493.76,200
1781850017,0,13580,0,200.68,200.12,1243135,1777663,2312191,3325951,14802943,606720,145883135,2553851.89,7721375.05,13580,10,10,10,0,0,0,0,0,0,1679359,3604479,7847935,1887333.12,200
1781850018,0,13780,0,200.66,199.85,1242111,1778687,2310143,3325951,14721023,606720,145883135,2543193.23,7666250.13,13780,10,10,10,0,0,0,0,0,0,1798143,2951167,4804607,1819470.08,200
1781850019,0,13980,0,200.65,200.01,1239039,1777663,2310143,3319807,12926975,606720,145883135,2531528.68,7612251.34,13980,10,10,10,0,0,0,0,0,0,1682431,2764799,3405823,1727841.28,200
1781850020,0,14180,0,200.65,200.05,1238015,1777663,2312191,3309567,12804095,606720,145883135,2521334.85,7559282.04,14180,10,10,10,0,0,0,0,0,0,1821695,2838527,3139583,1808785.92,200
1781850021,0,14380,0,200.64,200.07,1238015,1779711,2312191,3315711,12738559,606720,145883135,2513734.76,7507540.61,14380,10,10,10,0,0,0,0,0,0,1883135,3573759,4775935,1974888.96,200
1781850022,0,14580,0,200.63,200.04,1239039,1781759,2312191,3313663,12574719,606720,145883135,2506791.66,7456996.32,14580,10,10,10,0,0,0,0,0,0,1905663,3104767,6373375,2007582.72,200
1781850023,0,14780,0,200.62,199.82,1240063,1784831,2316287,3317759,12279807,606720,145883135,2499956.43,7407267.67,14780,10,10,10,0,0,0,0,0,0,1970175,4091903,4579327,2001667.84,200
1781850024,0,14980,0,200.61,200.12,1241087,1786879,2316287,3319807,12238847,606720,145883135,2492350.56,7358594.91,14980,10,10,10,0,0,0,0,0,0,1826815,3641343,4771839,1930277.12,200
1781850025,0,15180,0,200.60,199.86,1239039,1785855,2316287,3321855,12140543,606720,145883135,2484516.73,7310945.55,15180,10,10,10,0,0,0,0,0,0,1739775,3409919,5046271,1897762.56,200
1781850026,0,15380,0,200.60,200.12,1238015,1785855,2316287,3313663,12083199,606720,145883135,2475049.26,7264103.24,15380,10,10,10,0,0,0,0,0,0,1697791,2940927,3164159,1756468.48,200
1781850027,0,15580,0,200.59,200.05,1241087,1786879,2314239,3309567,12058623,606720,145883135,2467361.57,7218146.51,15580,10,10,10,0,0,0,0,0,0,1869823,3127295,5394431,1876177.92,200
1781850028,0,15780,0,200.58,200.00,1243135,1787903,2312191,3299327,12001279,606720,145883135,2459683.09,7172884.94,15780,10,10,10,0,0,0,0,0,0,1841151,2902015,3332095,1861529.60,200
1781850029,0,15980,0,200.57,199.99,1245183,1789951,2314239,3293183,11845631,606720,145883135,2452868.66,7128465.81,15980,10,10,10,0,0,0,0,0,0,1909759,2840575,3661823,1915210.24,200
1781850030,0,16180,0,200.57,199.91,1245183,1789951,2314239,3287039,11436031,606720,145883135,2444799.03,7085056.46,16180,10,10,10,0,0,0,0,0,0,1774591,2869247,3409919,1800035.84,200
1781850031,0,16380,0,200.56,200.05,1244159,1789951,2314239,3278847,11378687,606720,145883135,2437015.08,7042423.07,16380,10,10,10,0,0,0,0,0,0,1787903,2848767,3368959,1807293.44,200
1781850032,0,16580,0,200.55,200.05,1243135,1789951,2316287,3280895,11304959,606720,145883135,2430415.53,7000666.34,16580,10,10,10,0,0,0,0,0,0,1804287,3350527,4268031,1889912.32,200
1781850033,0,16780,0,200.54,199.89,1245183,1789951,2316287,3299327,10969087,606720,145883135,2425865.72,6959818.70,16780,10,10,10,0,0,0,0,0,0,1814527,4345855,4927487,2048686.08,200
1781850034,0,16980,0,200.54,199.97,1244159,1790975,2318335,3311615,10772479,606720,145883135,2421577.63,6919887.49,16980,10,10,10,0,0,0,0,0,0,1849343,4673535,5763071,2061807.36,200
1781850035,0,17180,0,200.53,200.02,1244159,1790975,2318335,3315711,10682367,606720,145883135,2418296.67,6881514.30,17180,10,10,10,0,0,0,0,0,0,1830911,3454975,8953855,2139742.72,200
1781850036,0,17380,0,200.53,200.04,1245183,1793023,2322431,3323903,10592255,606720,145883135,2414862.79,6842754.42,17380,10,10,10,0,0,0,0,0,0,1934335,4722687,5234687,2119892.48,200
1781850037,0,17580,0,200.52,199.96,1245183,1791999,2320383,3319807,10362879,606720,145883135,2407453.78,6804436.29,17580,10,10,10,0,0,0,0,0,0,1766399,2805759,3907583,1763610.88,200
1781850038,0,17780,0,200.51,200.03,1244159,1794047,2322431,3323903,10223615,606720,145883135,2402344.47,6766904.13,17780,10,10,10,0,0,0,0,0,0,1910783,3573759,4358143,1953236.48,200
1781850039,0,17980,0,200.51,199.96,1243135,1793023,2320383,3319807,10133503,606720,145883135,2395390.86,6729855.38,17980,10,10,10,0,0,0,0,0,0,1724415,2981887,3354623,1777214.72,200
1781850040,0,18180,0,200.50,199.97,1245183,1794047,2322431,3325951,10682367,606720,145883135,2396972.40,6698615.69,18180,10,10,10,0,0,0,0,0,0,1867775,4878335,14090239,2539152.64,200
1781850041,0,18380,0,200.50,200.15,1246207,1794047,2320383,3319807,10592255,606720,145883135,2390272.82,6662693.70,18380,10,10,10,0,0,0,0,0,0,1741823,2932735,3188735,1781281.28,200
1781850042,0,18580,0,200.49,199.96,1245183,1794047,2318335,3315711,10362879,606720,145883135,2383924.87,6627451.18,18580,10,10,10,0,0,0,0,0,0,1814527,3201023,3741695,1800547.84,200
1781850043,0,18780,0,200.49,199.96,1245183,1795071,2318335,3311615,10223615,606720,145883135,2378151.05,6592665.84,18780,10,10,10,0,0,0,0,0,0,1857535,2938879,3491839,1841763.84,200
1781850044,0,18980,0,200.48,200.00,1246207,1796095,2320383,3313663,10133503,606720,145883135,2373841.74,6558612.18,18980,10,10,10,0,0,0,0,0,0,1891327,3500031,4804607,1969196.80,200
1781850045,0,19180,0,200.48,200.00,1244159,1794047,2318335,3307519,10035199,606720,145883135,2366953.35,6525051.54,19180,10,10,10,0,0,0,0,0,0,1656831,2998271,3250175,1713245.44,200
1781850046,0,19380,0,200.47,200.03,1243135,1793023,2318335,3299327,9281535,606720,145883135,2360517.30,6491962.77,19380,10,10,10,0,0,0,0,0,0,1700863,2770943,3485695,1743299.84,200
1781850047,0,19580,0,200.47,199.91,1243135,1794047,2316287,3299327,9240575,606720,145883135,2355210.54,6459340.34,19580,10,10,10,0,0,0,0,0,0,1838079,3416063,3874815,1840985.60,200
1781850048,0,19780,0,200.46,200.03,1242111,1793023,2318335,3307519,9134079,606720,145883135,2350612.91,6427475.92,19780,10,10,10,0,0,0,0,0,0,1718271,3854335,5152767,1900505.60,200
1781850049,0,19980,0,200.46,199.98,1243135,1793023,2316287,3295231,9060351,606720,145883135,2345269.84,6395745.79,19980,10,10,10,0,0,0,0,0,0,1808383,2834431,3137535,1816839.68,200
1781850050,0,20180,0,200.45,200.13,1243135,1794047,2316287,3293183,8953855,606720,145883135,2340652.64,6364527.65,20180,10,10,10,0,0,0,0,0,0,1798143,3137535,3575807,1879394.56,200
1781850051,0,20380,0,200.45,199.97,1241087,1791999,2316287,3287039,8675327,606720,145883135,2334691.96,6333903.57,20380,10,10,10,0,0,0,0,0,0,1647615,2983935,3307519,1733259.52,200
1781850052,0,20580,0,200.44,199.97,1242111,1790975,2314239,3280895,8437759,606720,145883135,2328706.38,6303649.28,20580,10,10,10,0,0,0,0,0,0,1654783,2785279,3446783,1718775.04,200
1781850053,0,20780,0,200.44,200.01,1241087,1789951,2314239,3272703,8093695,606720,145883135,2323012.31,6273860.95,20780,10,10,10,0,0,0,0,0,0,1691647,2951167,3209215,1737093.12,200
1781850054,0,20980,0,200.44,200.02,1241087,1789951,2312191,3282943,9060351,606720,145883135,2326224.47,6255145.16,20980,10,10,10,0,0,0,0,0,0,1703935,5091327,19660799,2659968.00,200
1781850055,0,21180,0,200.43,200.08,1238015,1786879,2310143,3272703,8953855,606720,145883135,2318775.42,6226263.87,21180,10,10,10,0,0,0,0,0,0,1512447,2705407,3112959,1537369.60,200
1781850056,0,21380,0,200.43,199.97,1235967,1784831,2308095,3266559,8675327,606720,145883135,2312460.84,6197708.80,21380,10,10,10,0,0,0,0,0,0,1558527,2590719,3227647,1643746.56,200
1781850057,0,21580,0,200.42,199.89,1234943,1782783,2306047,3264511,8437759,606720,145883135,2307492.47,6169662.91,21580,10,10,10,0,0,0,0,0,0,1673215,3037183,5058559,1776373.76,200
1781850058,0,21780,0,200.42,200.06,1233919,1781759,2306047,3258367,8093695,606720,145883135,2301922.89,6141822.38,21780,10,10,10,0,0,0,0,0,0,1627135,2848767,3201023,1700965.12,200
1781850059,0,21980,0,200.42,200.02,1232895,1779711,2303999,3258367,8036351,606720,145883135,2296456.91,6114475.12,21980,10,10,10,0,0,0,0,0,0,1572863,2985983,3727359,1701212.16,200
1781850060,0,22180,0,200.41,199.93,1232895,1778687,2301951,3254271,7929855,606720,145883135,2291282.97,6087365.36,22180,10,10,10,0,0,0,0,0,0,1684479,2840575,3338239,1722667.52,200
1781850061,0,22380,0,200.41,200.09,1233919,1777663,2299903,3250175,7872511,606720,145883135,2286847.26,6060594.78,22380,10,10,10,0,0,0,0,0,0,1745919,3010559,3815423,1794926.08,200
1781850062,0,22580,0,200.41,200.01,1233919,1777663,2299903,3244031,7651327,606720,145883135,2282306.91,6034164.58,22580,10,10,10,0,0,0,0,0,0,1788927,2787327,3137535,1774242.56,200
1781850063,0,22780,0,200.40,199.98,1231871,1776639,2297855,3241983,7634943,606720,145883135,2277121.53,6008257.57,22780,10,10,10,0,0,0,0,0,0,1590271,3117055,3489791,1691691.52,200
1781850064,0,22980,0,200.40,199.87,1230847,1775615,2297855,3241983,7593983,606720,145883135,2273310.39,5982722.75,22980,10,10,10,0,0,0,0,0,0,1745919,3215359,4866047,1839221.76,200
1781850065,0,23180,0,200.39,200.13,1229823,1775615,2295807,3235839,7458815,606720,145883135,2268865.56,5957345.22,23180,10,10,10,0,0,0,0,0,0,1735679,2791423,2994175,1758154.24,200
1781850066,0,23380,0,200.39,199.99,1228799,1774591,2295807,3233791,7372799,606720,145883135,2264586.87,5932413.93,23380,10,10,10,0,0,0,0,0,0,1588223,3133439,4120575,1768687.36,200
1781850067,0,23580,0,200.39,199.92,1227775,1774591,2293759,3231743,7348223,606720,145883135,2260195.96,5907758.03,23580,10,10,10,0,0,0,0,0,0,1686527,3164159,3670015,1746897.92,200
1781850068,0,23780,0,200.38,200.10,1225727,1773567,2293759,3225599,7315455,606720,145883135,2255046.05,5883359.64,23780,10,10,10,0,0,0,0,0,0,1655807,2607103,2762751,1647872.00,200
1781850069,0,23980,0,200.38,199.98,1225727,1772543,2291711,3219455,7254015,606720,145883135,2250296.67,5859298.33,23980,10,10,10,0,0,0,0,0,0,1657855,2742271,3301375,1685594.88,200
1781850070,0,24420,0,202.37,440.12,1233919,1785855,2310143,3299327,8937471,606720,145883135,2275755.09,5832909.41,24420,10,10,10,0,0,0,0,0,0,2539519,9904127,25264127,3663238.98,440
1781850071,0,24922,0,204.83,502.03,1242111,1794047,2322431,3307519,8470527,606720,145883135,2276785.05,5775598.44,24922,10,10,10,0,0,0,0,0,0,2342911,3422207,7614463,2326888.03,502
1781850072,0,25420,0,207.22,497.81,1249279,1802239,2332671,3317759,8937471,476160,145883135,2282215.21,5728452.45,25420,10,10,10,0,0,0,0,0,0,2254847,4134911,18169855,2553962.92,498
1781850073,0,25920,0,209.59,499.83,1256447,1810431,2342911,3325951,8470527,418816,145883135,2282391.14,5673923.57,25920,10,10,10,0,0,0,0,0,0,2240511,3614719,4956159,2291335.42,500
1781850074,0,26420,0,211.92,500.08,1263615,1816575,2351103,3332095,8134655,418816,145883135,2281163.56,5620892.57,26420,10,10,10,0,0,0,0,0,0,2236415,3446783,4155391,2217526.02,500
1781850075,0,26921,0,214.22,501.24,1267711,1823743,2357247,3330047,8028159,396032,145883135,2278416.55,5569429.17,26921,10,10,10,0,0,0,0,0,0,2125823,3287039,4063231,2133554.08,501
1781850076,0,27420,0,216.46,498.61,1270783,1826815,2363391,3344383,7909375,396032,145883135,2276126.79,5519973.73,27420,10,10,10,0,0,0,0,0,0,2131967,3837951,4943871,2152594.73,499
1781850077,0,27920,0,218.69,500.25,1277951,1832959,2369535,3362815,8028159,396032,145883135,2281872.73,5478886.93,27920,10,10,10,0,0,0,0,0,0,2183167,4202495,15933439,2596979.97,500
1781850078,0,28420,0,220.87,500.02,1283071,1839103,2375679,3373055,8036351,396032,145883135,2282034.51,5432885.87,28420,10,10,10,0,0,0,0,0,0,2166783,3588095,8052735,2291068.42,500
1781850079,0,28923,0,223.05,503.15,1288191,1843199,2381823,3379199,7929855,396032,145883135,2280271.96,5386440.92,28923,10,10,10,0,0,0,0,0,0,2127871,3551231,4110335,2180685.87,503
1781850080,0,29428,0,225.21,504.94,1290239,1846271,2385919,3397631,7872511,396032,145883135,2278281.80,5341540.57,29428,10,10,10,0,0,0,0,0,0,2057215,3944447,5079039,2164298.77,505
1781850081,0,29921,0,227.24,492.60,1293311,1852415,2392063,3401727,7909375,396032,145883135,2277947.99,5299304.64,29921,10,10,10,0,0,0,0,0,0,2094079,3606527,8163327,2258022.82,493
1781850082,0,30420,0,229.29,499.39,1300479,1858559,2394111,3403775,7827455,396032,145883135,2277415.19,5257216.59,30420,10,10,10,0,0,0,0,0,0,2109439,3510271,7684095,2245467.06,499
1781850083,0,30920,0,231.31,500.04,1304575,1859583,2396159,3411967,7708671,396032,145883135,2274723.33,5215608.45,30920,10,10,10,0,0,0,0,0,0,2002943,3686399,4399103,2110950.66,500
1781850084,0,31420,0,233.31,499.92,1308671,1863679,2400255,3409919,7655423,396032,145883135,2273065.67,5174810.73,31420,10,10,10,0,0,0,0,0,0,2127871,3348479,4497407,2170555.90,500
1781850085,0,31921,0,235.28,501.12,1311743,1867775,2406399,3420159,7704575,396032,145883135,2273367.82,5137149.71,31921,10,10,10,0,0,0,0,0,0,2134015,3905535,9977855,2292317.00,501
1781850086,0,32420,0,237.21,498.98,1315839,1870847,2408447,3422207,7651327,396032,145883135,2271040.96,5098497.09,32420,10,10,10,0,0,0,0,0,0,2054143,3485695,4755455,2122192.29,499
1781850087,0,32925,0,239.16,504.92,1320959,1876991,2416639,3420159,7610367,396032,145883135,2270134.66,5059972.87,32925,10,10,10,0,0,0,0,0,0,2220031,3377151,3981311,2211951.52,505
1781850088,0,33420,0,241.00,494.61,1323007,1878015,2418687,3414015,7553023,396032,145883135,2266649.55,5023235.23,33420,10,10,10,0,0,0,0,0,0,1954815,3393535,4194303,2034837.20,495
1781850089,0,33922,0,242.87,502.51,1325055,1880063,2422783,3422207,7434239,396032,145883135,2264526.01,4987010.94,33922,10,10,10,0,0,0,0,0,0,2064383,3868671,4550655,2123154.36,502
1781850090,0,34429,0,244.75,506.95,1331199,1883135,2424831,3432447,7553023,396032,145883135,2265567.58,4954665.80,34429,10,10,10,0,0,0,0,0,0,1993727,4147199,12746751,2335255.73,507
1781850091,0,34922,0,246.50,493.04,1335295,1886207,2426879,3428351,7434239,396032,145883135,2262672.29,4920304.70,34922,10,10,10,0,0,0,0,0,0,2043903,3047423,4345855,2060478.05,493
1781850092,0,35420,0,248.26,497.94,1339391,1889279,2430975,3432447,7344127,396032,145883135,2261348.94,4886453.28,35420,10,10,10,0,0,0,0,0,0,2042879,3532799,4179967,2168549.53,498
1781850093,0,35920,0,250.01,499.76,1342463,1892351,2433023,3432447,7204863,396032,145883135,2259042.62,4853115.09,35920,10,10,10,0,0,0,0,0,0,2063359,3452927,4081663,2095662.59,500
1781850094,0,36420,0,251.74,500.08,1347583,1895423,2437119,3444735,7057407,396032,145883135,2259497.75,4820674.40,36420,10,10,10,0,0,0,0,0,0,2166783,3831807,4485119,2292194.30,500
1781850095,0,36920,0,253.45,500.18,1350655,1899519,2439167,3440639,6914047,396032,145883135,2257802.14,4788788.12,36920,10,10,10,0,0,0,0,0,0,2105343,3246079,4288511,2134294.53,500
1781850096,0,37420,0,255.13,499.79,1353727,1902591,2439167,3446783,6811647,396032,145883135,2255960.32,4757536.24,37420,10,10,10,0,0,0,0,0,0,2093055,3686399,4452351,2119960.06,500
1781850097,0,37920,0,256.79,499.95,1356799,1906687,2445311,3452927,6754303,396032,145883135,2255351.84,4726953.17,37920,10,10,10,0,0,0,0,0,0,2152447,3579903,4116479,2209813.50,500
1781850098,0,38420,0,258.42,500.21,1361919,1909759,2447359,3446783,6647807,396032,145883135,2254214.05,4696778.91,38420,10,10,10,0,0,0,0,0,0,2146303,3319807,4136959,2167923.71,500
1781850099,0,38920,0,260.04,499.93,1364991,1911807,2451455,3450879,6754303,396032,145883135,2254142.11,4668324.41,38920,10,10,10,0,0,0,0,0,0,2164735,3778559,7528447,2248613.89,500
1781850100,0,39430,0,261.70,510.17,1366015,1912831,2453503,3457023,6791167,396032,145883135,2256893.76,4650426.81,39430,10,10,10,0,0,0,0,0,0,2014207,3620863,22298623,2466882.51,510
1781850101,0,39920,0,263.20,489.98,1367039,1913855,2455551,3459071,6754303,396032,145883135,2254955.34,4622760.40,39920,10,10,10,0,0,0,0,0,0,1997823,3506175,4481023,2098972.21,490
1781850102,0,40420,0,264.75,499.55,1371135,1916927,2459647,3459071,6647807,396032,145883135,2254410.77,4594899.25,40420,10,10,10,0,0,0,0,0,0,2177023,3477503,3756031,2210931.97,500
1781850103,0,40920,0,266.28,500.36,1371135,1916927,2459647,3454975,6582271,396032,145883135,2250992.62,4567575.16,40920,10,10,10,0,0,0,0,0,0,1942527,3280895,3741695,1974669.82,500
1781850104,0,41420,0,267.79,500.05,1375231,1919999,2461695,3461119,6623231,396032,145883135,2251008.78,4541523.99,41420,10,10,10,0,0,0,0,0,0,2072575,4263935,7290879,2252330.75,500
1781850105,0,41921,0,269.29,500.83,1377279,1922047,2463743,3467263,6729727,396032,145883135,2251392.55,4516113.34,41921,10,10,10,0,0,0,0,0,0,2115583,3792895,8019967,2283120.93,501
1781850106,0,42420,0,270.76,498.90,1380351,1924095,2467839,3469311,6623231,396032,145883135,2250207.32,4490257.95,42420,10,10,10,0,0,0,0,0,0,2123775,3481599,3852287,2150635.74,499
1781850107,0,42924,0,272.24,504.13,1383423,1927167,2469887,3471359,6578175,396032,145883135,2249203.14,4464718.91,42924,10,10,10,0,0,0,0,0,0,2148351,3573759,4681727,2164684.70,504
1781850108,0,43420,0,273.65,495.82,1384447,1929215,2471935,3477503,6529023,396032,145883135,2248137.19,4440081.87,43420,10,10,10,0,0,0,0,0,0,2096127,3774463,4567039,2155889.81,496
1781850109,0,43920,0,275.06,499.94,1387519,1932287,2476031,3481599,6578175,396032,145883135,2249996.39,4417277.22,43920,10,10,10,0,0,0,0,0,0,2234367,3768319,11599871,2411449.86,500
1781850110,0,44420,0,276.46,500.30,1390591,1935359,2478079,3485695,6557695,396032,145883135,2250350.34,4393548.43,44420,10,10,10,0,0,0,0,0,0,2181119,3723263,5742591,2281441.28,500
1781850111,0,44923,0,277.86,502.80,1391615,1935359,2480127,3483647,6520831,396032,145883135,2248124.37,4369718.12,44923,10,10,10,0,0,0,0,0,0,1990655,3246079,4243455,2051548.12,503
1781850112,0,45420,0,279.21,497.03,1393663,1936383,2480127,3479551,6377471,396032,145883135,2246431.22,4346521.09,45420,10,10,10,0,0,0,0,0,0,2068479,3231743,5087231,2093390.55,497
1781850113,0,45920,0,280.56,500.27,1397759,1938431,2482175,3485695,6402047,396032,145883135,2247096.47,4324326.27,45920,10,10,10,0,0,0,0,0,0,2138111,3825663,7147519,2307527.68,500
1781850114,0,46427,0,281.94,507.01,1399807,1939455,2482175,3483647,6328319,396032,145883135,2245393.22,4301403.58,46427,10,10,10,0,0,0,0,0,0,2040831,3297279,4546559,2091126.66,507
1781850115,0,46920,0,283.21,492.76,1402879,1941503,2482175,3485695,6270975,396032,145883135,2244568.75,4279470.73,46920,10,10,10,0,0,0,0,0,0,2082815,3592191,4648959,2166926.28,493
1781850116,0,47420,0,284.51,499.76,1402879,1941503,2484223,3489791,6111231,396032,145883135,2243203.64,4257746.68,47420,10,10,10,0,0,0,0,0,0,1960959,3917823,4280319,2115101.70,500
1781850117,0,47920,0,285.80,500.31,1405951,1943551,2484223,3489791,6090751,396032,145883135,2241858.02,4236175.18,47920,10,10,10,0,0,0,0,0,0,2079743,3450879,4149247,2114239.49,500
1781850118,0,48428,0,287.11,508.18,1407999,1944575,2484223,3495935,6066175,396032,145883135,2241047.02,4214785.96,48428,10,10,10,0,0,0,0,0,0,2019327,3821567,4747263,2164545.01,508
1781850119,0,48920,0,288.32,491.88,1410047,1945599,2486271,3502079,6008831,396032,145883135,2240590.71,4194511.35,48920,10,10,10,0,0,0,0,0,0,2111487,3842047,4337663,2195675.58,492
1781850120,0,49420,0,289.56,499.80,1411071,1946623,2488319,3506175,5947391,396032,145883135,2239458.22,4174116.68,49420,10,10,10,0,0,0,0,0,0,2056191,3553279,4118527,2128655.62,500
1781850121,0,49920,0,290.79,500.08,1413119,1949695,2490367,3506175,5947391,396032,145883135,2239101.51,4154226.36,49920,10,10,10,0,0,0,0,0,0,2158591,3422207,7278591,2203843.33,500
1781850122,0,50420,0,292.00,500.13,1416191,1953791,2492415,3512319,5914623,396032,145883135,2239780.65,4134430.58,50420,10,10,10,0,0,0,0,0,0,2222079,3801087,4603903,2307586.56,500
1781850123,0,50921,0,293.20,501.00,1416191,1952767,2492415,3506175,5869567,396032,145883135,2236814.02,4114693.57,50921,10,10,10,0,0,0,0,0,0,1829887,3082239,3616767,1938255.71,501
1781850124,0,51420,0,294.38,498.84,1418239,1952767,2492415,3512319,5869567,396032,145883135,2236379.25,4095805.41,51420,10,10,10,0,0,0,0,0,0,1945599,3930111,6565887,2192012.57,499
1781850125,0,51920,0,295.55,500.12,1420287,1954815,2494463,3520511,5881855,396032,145883135,2237396.12,4077444.96,51920,10,10,10,0,0,0,0,0,0,2164735,4386815,6017023,2341971.46,500
1781850126,0,52420,0,296.71,499.99,1421311,1955839,2496511,3520511,5857279,396032,145883135,2235872.13,4058850.27,52420,10,10,10,0,0,0,0,0,0,2033663,3588095,5234687,2077621.50,500
1781850127,0,52920,0,297.85,499.91,1423359,1957887,2496511,3518463,5849087,396032,145883135,2235793.02,4040788.17,52920,10,10,10,0,0,0,0,0,0,2129919,3399679,3829759,2227498.50,500
1781850128,0,53420,0,298.98,500.17,1424383,1959935,2498559,3522559,5849087,396032,145883135,2236575.89,4023061.62,53420,10,10,10,0,0,0,0,0,0,2240511,4300799,5767167,2319435.52,500
1781850129,0,53920,0,300.10,499.86,1425407,1959935,2498559,3520511,5816319,396032,145883135,2234773.41,4005079.60,53920,10,10,10,0,0,0,0,0,0,2011135,3213311,4681727,2042195.97,500
1781850130,0,54220,0,300.10,299.87,1425407,1960959,2500607,3526655,6017023,396032,145883135,2236762.23,3996396.00,54220,10,10,10,0,0,0,0,0,0,2123775,7028735,8994815,2594219.09,300
1781850131,0,54420,0,299.55,200.09,1424383,1959935,2498559,3526655,6008831,396032,145883135,2234789.67,3989363.64,54420,10,10,10,0,0,0,0,0,0,1631231,2797567,3358719,1700028.16,200
1781850132,0,54620,0,299.01,199.94,1424383,1958911,2496511,3524607,5959679,396032,145883135,2232819.59,3982362.51,54620,10,10,10,0,0,0,0,0,0,1661951,2910207,3512319,1696762.88,200
1781850133,0,54820,0,298.47,200.07,1423359,1956863,2496511,3522559,5947391,396032,145883135,2231102.65,3975500.16,54820,10,10,10,0,0,0,0,0,0,1649663,3022847,5234687,1762204.16,200
1781850134,0,55020,0,297.93,200.04,1422335,1955839,2494463,3520511,5947391,396032,145883135,2229392.65,3968552.43,55020,10,10,10,0,0,0,0,0,0,1787903,2742271,3661823,1760682.24,200
1781850135,0,55220,0,297.41,199.92,1421311,1954815,2494463,3520511,5955583,396032,145883135,2228005.10,3961948.29,55220,10,10,10,0,0,0,0,0,0,1627135,3368959,6230015,1846291.20,200
1781850136,0,55420,0,296.88,199.96,1420287,1953791,2494463,3520511,5947391,396032,145883135,2226289.26,3955119.37,55420,10,10,10,0,0,0,0,0,0,1679359,3006463,3432447,1752546.56,200
1781850137,0,55620,0,296.37,200.14,1419263,1952767,2492415,3518463,5939199,396032,145883135,2224549.47,3948308.40,55620,10,10,10,0,0,0,0,0,0,1699839,2924543,3995647,1742451.20,200
1781850138,0,55820,0,295.86,199.89,1418239,1951743,2492415,3514367,5926911,396032,145883135,2222716.33,3941519.89,55820,10,10,10,0,0,0,0,0,0,1636351,2854911,3084287,1712920.32,200
1781850139,0,56020,0,295.35,200.13,1417215,1950719,2490367,3512319,5910527,396032,145883135,2220850.03,3934785.19,56020,10,10,10,0,0,0,0,0,0,1665023,2732031,3006463,1699966.72,200
1781850140,0,56220,0,294.85,199.88,1417215,1948671,2488319,3512319,5939199,396032,145883135,2219723.61,3928491.43,56220,10,10,10,0,0,0,0,0,0,1758207,2897919,7901183,1904212.48,200
1781850141,0,56420,0,294.36,199.93,1417215,1947647,2488319,3512319,5926911,396032,145883135,2218822.91,3921896.92,56420,10,10,10,0,0,0,0,0,0,1780735,3579903,5181439,1965637.12,200
1781850142,0,56620,0,293.87,200.07,1416191,1946623,2488319,3512319,5910527,396032,145883135,2216860.31,3915298.02,56620,10,10,10,0,0,0,0,0,0,1499135,2721791,3549183,1663210.24,200
1781850143,0,56820,0,293.38,199.98,1415167,1945599,2486271,3510271,5881855,396032,145883135,2215064.55,3908703.09,56820,10,10,10,0,0,0,0,0,0,1698815,2756607,3147775,1706686.72,200
1781850144,0,57020,0,292.90,200.05,1413119,1943551,2484223,3508223,5869567,396032,145883135,2213216.14,3902179.21,57020,10,10,10,0,0,0,0,0,0,1569791,2953215,3629055,1688081.92,200
1781850145,0,57220,0,292.43,199.90,1412095,1942527,2484223,3506175,5861375,396032,145883135,2211743.23,3895684.36,57220,10,10,10,0,0,0,0,0,0,1713151,3174399,4171775,1791815.68,200
1781850146,0,57420,0,291.96,200.12,1411071,1941503,2484223,3506175,5857279,396032,145883135,2209822.16,3889193.10,57420,10,10,10,0,0,0,0,0,0,1545215,2756607,3110911,1660203.52,200
1781850147,0,57620,0,291.49,199.91,1410047,1940479,2482175,3506175,5849087,396032,145883135,2208712.42,3882846.58,57620,10,10,10,0,0,0,0,0,0,1686527,3311615,5517311,1890106.88,200
1781850148,0,57820,0,291.03,200.12,1409023,1940479,2482175,3502079,5840895,396032,145883135,2207240.73,3876450.50,57820,10,10,10,0,0,0,0,0,0,1753087,2797567,4513791,1783247.36,200
1781850149,0,58020,0,290.58,199.87,1409023,1939455,2480127,3502079,5824511,396032,145883135,2205949.00,3869997.17,58020,10,10,10,0,0,0,0,0,0,1776639,2772991,3170303,1832510.72,200
1781850150,0,58220,0,290.13,200.10,1407999,1939455,2480127,3502079,5849087,396032,145883135,2205778.25,3863936.38,58220,10,10,10,0,0,0,0,0,0,2043903,4366335,6316031,2156243.20,200
1781850151,0,58420,0,289.68,200.05,1406975,1937407,2480127,3500031,5840895,396032,145883135,2203715.10,3857617.71,58420,10,10,10,0,0,0,0,0,0,1577983,2467839,2746367,1603132.16,200
1781850152,0,58620,0,289.24,199.91,1405951,1937407,2478079,3497983,5824511,396032,145883135,2202254.54,3851358.66,58620,10,10,10,0,0,0,0,0,0,1647615,3028991,3514367,1775623.68,200
1781850153,0,58820,0,288.80,200.08,1405951,1936383,2478079,3500031,5816319,396032,145883135,2201356.19,3845147.21,58820,10,10,10,0,0,0,0,0,0,1874943,3788799,4329471,1938050.56,200
1781850154,0,59020,0,288.36,199.97,1404927,1936383,2478079,3502079,5865471,396032,145883135,2201496.67,3840047.19,59020,10,10,10,0,0,0,0,0,0,1752063,7520255,9396223,2242810.88,200
1781850155,0,59220,0,287.93,199.95,1403903,1935359,2478079,3500031,5857279,396032,145883135,2199954.10,3833885.66,59220,10,10,10,0,0,0,0,0,0,1713151,2926591,3768319,1744741.12,200
1781850156,0,59420,0,287.51,200.00,1402879,1935359,2476031,3497983,5849087,396032,145883135,2198404.87,3827742.25,59420,10,10,10,0,0,0,0,0,0,1698815,2983935,3389439,1739680.00,200
1781850157,0,59620,0,287.09,200.05,1402879,1934335,2476031,3493887,5840895,396032,145883135,2197074.33,3821566.38,59620,10,10,10,0,0,0,0,0,0,1801215,2881535,3180543,1801770.24,200
1781850158,0,59820,0,286.67,199.96,1401855,1933311,2476031,3493887,5824511,396032,145883135,2195363.11,3815424.24,59820,10,10,10,0,0,0,0,0,0,1651711,2721791,3094527,1685248.00,200
1781850159,0,60020,0,286.26,199.94,1400831,1932287,2473983,3491839,5816319,396032,145883135,2193942.06,3809305.85,60020,10,10,10,0,0,0,0,0,0,1803263,2844671,2959359,1768906.24,200
1781850160,0,60220,0,285.85,200.06,1400831,1932287,2473983,3491839,5799935,396032,145883135,2192952.95,3803264.30,60220,10,10,10,0,0,0,0,0,0,1778687,3291135,3557375,1896120.32,200
1781850161,0,60420,0,285.44,199.97,1400831,1931263,2471935,3487743,5795839,396032,145883135,2191486.67,3797184.88,60420,10,10,10,0,0,0,0,0,0,1781759,2830335,3266559,1749991.68,200
1781850162,0,60620,0,285.04,199.95,1399807,1932287,2471935,3487743,5791743,396032,145883135,2190573.75,3791129.49,60620,10,10,10,0,0,0,0,0,0,2036735,2938879,3055615,1914780.16,200
1781850163,0,60820,0,284.64,200.13,1398783,1931263,2469887,3485695,5767167,396032,145883135,2188726.31,3785183.75,60820,10,10,10,0,0,0,0,0,0,1588223,2637823,2873343,1628765.44,200
1781850164,0,61020,0,284.25,200.04,1398783,1930239,2469887,3483647,5767167,396032,145883135,2187543.12,3779305.50,61020,10,10,10,0,0,0,0,0,0,1818623,2912255,4956159,1827735.04,200
1781850165,0,61220,0,283.86,199.90,1397759,1930239,2467839,3481599,5758975,396032,145883135,2186091.46,3773387.42,61220,10,10,10,0,0,0,0,0,0,1785855,2789375,3131391,1743191.04,200
1781850166,0,61420,0,283.47,200.01,1396735,1929215,2467839,3479551,5742591,396032,145883135,2184954.54,3767509.63,61420,10,10,10,0,0,0,0,0,0,1708031,3059711,3786751,1836942.08,200
1781850167,0,61620,0,283.09,200.09,1396735,1928191,2467839,3477503,5726207,396032,145883135,2183433.26,3761630.66,61620,10,10,10,0,0,0,0,0,0,1679359,2723839,3217407,1716249.60,200
1781850168,0,61820,0,282.71,199.99,1395711,1928191,2465791,3477503,5709823,396032,145883135,2182313.25,3755796.30,61820,10,10,10,0,0,0,0,0,0,1890303,3129343,3270655,1837239.04,200
1781850169,0,62020,0,282.33,199.95,1394687,1927167,2465791,3475455,5709823,396032,145883135,2180945.01,3750040.75,62020,10,10,10,0,0,0,0,0,0,1645567,2924543,3661823,1758021.12,200
1781850170,0,62220,0,281.96,199.98,1393663,1927167,2465791,3475455,5709823,396032,145883135,2180072.17,3744470.10,62220,10,10,10,0,0,0,0,0,0,1728511,3393535,5787647,1909405.44,200
1781850171,0,62420,0,281.59,199.98,1392639,1925119,2463743,3473407,5701631,396032,145883135,2178475.00,3738739.29,62420,10,10,10,0,0,0,0,0,0,1509375,2947071,3213311,1681593.60,200
1781850172,0,62620,0,281.22,200.13,1391615,1924095,2463743,3473407,5697535,396032,145883135,2177217.16,3733079.31,62620,10,10,10,0,0,0,0,0,0,1680383,3250175,3731455,1784645.12,200
1781850173,0,62820,0,280.86,199.94,1390591,1924095,2463743,3469311,5693439,396032,145883135,2176144.56,3727360.72,62820,10,10,10,0,0,0,0,0,0,1827839,2824191,3104767,1840313.60,200
1781850174,0,63020,0,280.50,200.00,1390591,1923071,2463743,3467263,5664767,396032,145883135,2174755.78,3721685.82,63020,10,10,10,0,0,0,0,0,0,1657855,2945023,3375103,1738540.80,200
1781850175,0,63220,0,280.14,200.06,1389567,1922047,2461695,3463167,5656575,396032,145883135,2173193.17,3716062.91,63220,10,10,10,0,0,0,0,0,0,1659903,2758655,2983935,1680814.08,200
1781850176,0,63420,0,279.79,199.88,1388543,1922047,2461695,3461119,5656575,396032,145883135,2172103.39,3710414.05,63420,10,10,10,0,0,0,0,0,0,1816575,2973695,3207167,1827624.96,200
1781850177,0,63620,0,279.44,199.99,1387519,1922047,2461695,3461119,5656575,396032,145883135,2171228.47,3704955.40,63620,10,10,10,0,0,0,0,0,0,1817599,3360767,5660671,1893790.72,200
1781850178,0,63820,0,279.09,200.06,1387519,1921023,2459647,3461119,5697535,396032,145883135,2170836.46,3699977.61,63820,10,10,10,0,0,0,0,0,0,1871871,3330047,7647231,2046137.60,200
1781850179,0,64020,0,278.75,200.04,1386495,1919999,2459647,3459071,5685247,396032,145883135,2169386.38,3694454.43,64020,10,10,10,0,0,0,0,0,0,1728511,2908159,3203071,1706667.52,200
1781850180,0,64220,0,278.40,199.92,1385471,1918975,2457599,3459071,5726207,396032,145883135,2169029.66,3690287.55,64220,10,10,10,0,0,0,0,0,0,1582079,3033087,11026431,2054841.60,200
1781850181,0,64420,0,278.07,199.95,1385471,1918975,2457599,3459071,5709823,396032,145883135,2167847.72,3684825.19,64420,10,10,10,0,0,0,0,0,0,1734655,2942975,3549183,1788327.68,200
1781850182,0,64620,0,277.73,200.07,1384447,1917951,2457599,3457023,5701631,396032,145883135,2166515.29,3679374.00,64620,10,10,10,0,0,0,0,0,0,1697791,2889727,3313663,1737338.88,200
1781850183,0,64820,0,277.40,200.02,1383423,1917951,2455551,3454975,5697535,396032,145883135,2165293.20,3673984.94,64820,10,10,10,0,0,0,0,0,0,1726463,3106815,3655679,1770438.40,200
1781850184,0,65020,0,277.07,199.87,1383423,1917951,2455551,3457023,5685247,396032,145883135,2164738.58,3668696.93,65020,10,10,10,0,0,0,0,0,0,1898495,3678207,5574655,1984985.60,200
1781850185,0,65220,0,276.74,200.08,1383423,1916927,2455551,3457023,5709823,396032,145883135,2164356.71,3663671.27,65220,10,10,10,0,0,0,0,0,0,1833983,4399103,6967295,2040211.20,200
1781850186,0,65420,0,276.42,200.11,1382399,1916927,2453503,3457023,5701631,396032,145883135,2163391.46,3658353.41,65420,10,10,10,0,0,0,0,0,0,1813503,3266559,4179967,1848622.08,200
1781850187,0,65620,0,276.09,199.83,1382399,1916927,2453503,3454975,5697535,396032,145883135,2162305.41,3653032.22,65620,10,10,10,0,0,0,0,0,0,1793023,2863103,3854335,1807057.92,200
1781850188,0,65820,0,275.78,200.01,1381375,1915903,2453503,3452927,5685247,396032,145883135,2161078.37,3647742.75,65820,10,10,10,0,0,0,0,0,0,1784831,2920447,3282943,1758487.04,200
1781850189,0,66020,0,275.46,200.13,1380351,1914879,2451455,3450879,5664767,396032,145883135,2159615.69,3642433.91,66020,10,10,10,0,0,0,0,0,0,1665023,2623487,2828287,1678246.40,200
1781850190,0,66830,0,277.68,809.42,1378303,1913855,2453503,3487743,6791167,378880,145883135,2213305.11,3896298.17,66830,10,10,10,0,0,0,0,0,0,1763327,32178175,65110015,6589324.33,810
1781850191,0,67830,0,280.67,1000.88,1368063,1905663,2445311,3479551,6647807,334336,145883135,2202318.55,3869144.40,67830,10,10,10,0,0,0,0,0,0,1377279,2465791,3170303,1468086.91,1000
1781850192,0,68830,0,283.63,999.50,1359871,1897471,2439167,3471359,6619135,334336,145883135,2192162.68,3842868.13,68830,10,10,10,0,0,0,0,0,0,1367039,2674687,3911679,1503290.11,1000
1781850193,0,69830,0,286.57,1000.26,1355775,1890303,2433023,3467263,6635519,334336,145883135,2184953.99,3817434.26,69830,10,10,10,0,0,0,0,0,0,1538047,2979839,6823935,1688779.52,1000
1781850194,0,70830,0,289.49,999.59,1348607,1881087,2424831,3457023,6574079,334336,145883135,2174471.46,3791950.16,70830,10,10,10,0,0,0,0,0,0,1396735,2422783,2971647,1442476.42,1000
1781850195,0,71830,0,292.38,1000.08,1340415,1872895,2416639,3446783,6529023,334336,145883135,2163871.68,3767205.15,71830,10,10,10,0,0,0,0,0,0,1340415,2478079,3256319,1413089.79,1000
1781850196,0,72830,0,295.25,1000.14,1333247,1864703,2410495,3438591,6422527,326656,145883135,2154616.75,3742686.30,72830,10,10,10,0,0,0,0,0,0,1397759,2611199,3665919,1489835.14,1000
1781850197,0,73830,0,298.10,1000.31,1324031,1856511,2402303,3432447,6377471,326656,145883135,2144877.29,3718972.01,73830,10,10,10,0,0,0,0,0,0,1316863,2308095,4587519,1435552.00,1000
1781850198,0,74830,0,300.92,1000.18,1319935,1850367,2398207,3438591,6574079,326656,145883135,2141999.16,3700232.77,74830,10,10,10,0,0,0,0,0,0,1439743,4988927,10280959,1929507.07,1000
1781850199,0,75830,0,303.72,999.15,1315839,1843199,2394111,3434495,6541311,326656,145883135,2134742.95,3677538.46,75830,10,10,10,0,0,0,0,0,0,1465343,2695167,5140479,1591760.51,1000
1781850200,0,76830,0,306.50,1000.10,1312767,1838079,2387967,3434495,6647807,326656,145883135,2130191.52,3656885.18,76830,10,10,10,0,0,0,0,0,0,1545215,3375103,8962047,1785056.77,1000
1781850201,0,77830,0,309.25,1000.61,1303551,1829887,2381823,3428351,6635519,326656,145883135,2120959.25,3635463.95,77830,10,10,10,0,0,0,0,0,0,1279999,2344959,5926911,1411644.16,1000
1781850202,0,78830,0,311.99,999.73,1296383,1823743,2375679,3422207,6578175,326656,145883135,2112092.33,3613886.97,78830,10,10,10,0,0,0,0,0,0,1306623,2478079,3774463,1421979.90,1000
1781850203,0,79830,0,314.70,999.65,1291263,1817599,2369535,3411967,6529023,326656,145883135,2104164.86,3592473.47,79830,10,10,10,0,0,0,0,0,0,1439743,2582527,3211263,1479241.86,1000
1781850204,0,80830,0,317.39,999.80,1288191,1812479,2365439,3405823,6455295,326656,145883135,2096919.97,3571705.87,80830,10,10,10,0,0,0,0,0,0,1421311,2729983,4534271,1518560.38,1000
1781850205,0,81830,0,320.06,1000.27,1282047,1805311,2357247,3397631,6397951,326656,145883135,2088642.53,3551091.27,81830,10,10,10,0,0,0,0,0,0,1351679,2437119,3084287,1419577.73,1000
1781850206,0,82830,0,322.71,999.69,1277951,1800191,2353151,3393535,6377471,326656,145883135,2081390.60,3530986.84,82830,10,10,10,0,0,0,0,0,0,1411071,2557951,3649535,1487965.06,1000
1781850207,0,83830,0,325.34,1000.50,1271807,1790975,2347007,3387391,6356991,326656,145883135,2073841.68,3511490.43,83830,10,10,10,0,0,0,0,0,0,1294335,2613247,3876863,1448564.35,1000
1781850208,0,84830,0,327.94,999.93,1263615,1784831,2340863,3383295,6307839,326656,145883135,2065723.32,3492174.27,84830,10,10,10,0,0,0,0,0,0,1238015,2488319,3944447,1385160.96,1000
1781850209,0,85830,0,330.53,999.98,1260543,1778687,2336767,3375103,6307839,326656,145883135,2059270.16,3473275.58,85830,10,10,10,0,0,0,0,0,0,1400831,2521087,3096575,1511848.83,1000
1781850210,0,86830,0,333.10,1000.20,1255423,1771519,2328575,3368959,6258687,326656,145883135,2051749.98,3454409.95,86830,10,10,10,0,0,0,0,0,0,1325055,2283519,3643391,1406292.86,1000
1781850211,0,87830,0,335.65,999.99,1251327,1765375,2324479,3362815,6213631,326656,145883135,2044746.04,3436060.43,87830,10,10,10,0,0,0,0,0,0,1296383,2615295,4198399,1436593.66,1000
1781850212,0,88830,0,338.18,999.58,1244159,1758207,2318335,3358719,6213631,326656,145883135,2038153.58,3420311.66,88830,10,10,10,0,0,0,0,0,0,1202175,2547711,6029311,1459137.79,1000
1781850213,0,89830,0,340.69,1000.75,1239039,1753087,2312191,3352575,6111231,326656,145883135,2030806.45,3402453.92,89830,10,10,10,0,0,0,0,0,0,1290239,2306047,3457023,1378161.02,1000
1781850214,0,90830,0,343.18,999.10,1233919,1745919,2306047,3346431,6074367,326656,145883135,2023466.92,3384963.21,90830,10,10,10,0,0,0,0,0,0,1282047,2228223,3540991,1364157.57,1000
1781850215,0,91830,0,345.65,999.99,1230847,1740799,2299903,3340287,6012927,326656,145883135,2017425.24,3367564.74,91830,10,10,10,0,0,0,0,0,0,1403903,2396159,3377151,1468659.46,1000
1781850216,0,92830,0,348.11,1000.59,1227775,1735679,2293759,3336191,6008831,326656,145883135,2011875.27,3351384.43,92830,10,10,10,0,0,0,0,0,0,1340415,2639871,4911103,1502221.18,1000
1781850217,0,93830,0,350.54,999.99,1221631,1728511,2289663,3325951,5955583,326656,145883135,2004638.07,3334600.78,93830,10,10,10,0,0,0,0,0,0,1230847,2299903,2750463,1332808.58,1000
1781850218,0,94810,0,352.88,980.13,1217535,1723391,2283519,3321855,5939199,326656,145883135,1999494.51,3321894.39,94810,10,10,10,0,0,0,0,0,0,1281023,2557951,4562943,1507025.37,980
1781850219,0,95830,0,355.36,1019.41,1214463,1718271,2279423,3323903,6037503,326656,145883135,1998510.97,3315598.77,95830,10,10,10,0,0,0,0,0,0,1390591,3760127,17416191,1907089.82,1020
1781850220,0,96830,0,357.74,1000.39,1213439,1715199,2277375,3330047,6254591,326656,145883135,2002624.91,3328085.44,96830,10,10,10,0,0,0,0,0,0,1446911,5615615,25755647,2396863.87,1000
1781850221,0,97830,0,360.10,1000.27,1210367,1710079,2273279,3330047,6213631,326656,145883135,1998062.03,3312360.25,97830,10,10,10,0,0,0,0,0,0,1342463,3178495,4755455,1556238.59,1000
1781850222,0,98830,0,362.45,999.59,1206271,1704959,2269183,3321855,6135807,326656,145883135,1991724.32,3296703.81,98830,10,10,10,0,0,0,0,0,0,1268735,2371583,2639871,1371705.60,1000
1781850223,0,99830,0,364.78,999.64,1204223,1701887,2267135,3321855,6082559,326656,145883135,1987741.56,3281493.08,99830,10,10,10,0,0,0,0,0,0,1437695,3096575,5038079,1594125.57,1000
1781850224,0,100830,0,367.09,1000.23,1201151,1696767,2260991,3317759,6078463,326656,145883135,1982063.95,3266719.40,100830,10,10,10,0,0,0,0,0,0,1271807,2367487,5763071,1415268.48,1000
1781850225,0,101830,0,369.39,999.93,1199103,1693695,2256895,3313663,6041599,326656,145883135,1977636.14,3251615.48,101830,10,10,10,0,0,0,0,0,0,1423359,2940927,3653631,1531180.03,1000
1781850226,0,102830,0,371.67,999.92,1196031,1688575,2252799,3307519,6008831,326656,145883135,1972318.74,3236908.05,102830,10,10,10,0,0,0,0,0,0,1318911,2600959,3483647,1430847.49,1000
1781850227,0,103830,0,373.93,1000.05,1192959,1683455,2248703,3303423,5967871,326656,145883135,1967177.20,3222251.29,103830,10,10,10,0,0,0,0,0,0,1332223,2535423,3497983,1438472.32,1000
1781850228,0,104825,0,376.16,995.90,1189887,1680383,2244607,3301375,6004735,326656,145883135,1962723.51,3208896.88,104825,10,10,10,0,0,0,0,0,0,1291263,2476031,7458815,1497973.97,995
1781850229,0,105830,0,378.41,1003.94,1188863,1676287,2240511,3295231,5980159,326656,145883135,1958420.02,3194768.55,105830,10,10,10,0,0,0,0,0,0,1434623,2568191,3407871,1509550.87,1005
1781850230,0,106830,0,380.62,1000.91,1187839,1672191,2236415,3291135,5947391,326656,145883135,1954175.89,3180753.04,106830,10,10,10,0,0,0,0,0,0,1418239,2607103,4440063,1505019.39,1000
1781850231,0,107830,0,382.82,999.58,1185791,1669119,2232319,3287039,5910527,326656,145883135,1949940.90,3166926.87,107830,10,10,10,0,0,0,0,0,0,1395711,2582527,4050943,1497517.06,1000
1781850232,0,108830,0,385.01,1000.43,1182719,1663999,2228223,3278847,5869567,326656,145883135,1944343.39,3153264.57,108830,10,10,10,0,0,0,0,0,0,1275903,2281471,2709503,1340763.39,1000
1781850233,0,109830,0,387.17,999.87,1179647,1660927,2224127,3276799,5861375,326656,145883135,1939776.82,3140235.17,109830,10,10,10,0,0,0,0,0,0,1278975,2785279,4825087,1442797.57,1000
1781850234,0,110830,0,389.32,999.28,1178623,1656831,2220031,3270655,5836799,326656,145883135,1935667.15,3126952.73,110830,10,10,10,0,0,0,0,0,0,1361919,2549759,3518463,1484301.70,1000
1781850235,0,111830,0,391.46,1000.08,1175551,1652735,2215935,3264511,5795839,326656,145883135,1930636.52,3113840.93,111830,10,10,10,0,0,0,0,0,0,1279999,2410495,3096575,1373091.71,1000
1781850236,0,112830,0,393.59,1000.13,1172479,1648639,2211839,3258367,5775359,326656,145883135,1926072.48,3100969.74,112830,10,10,10,0,0,0,0,0,0,1354751,2590719,3598335,1415676.42,1000
1781850237,0,113830,0,395.69,1000.20,1171455,1644543,2207743,3254271,5763071,326656,145883135,1921697.55,3088350.32,113830,10,10,10,0,0,0,0,0,0,1324031,2357247,3229695,1428073.60,1000
1781850238,0,114830,0,397.79,999.76,1169407,1641471,2203647,3248127,5726207,326656,145883135,1917645.31,3075644.83,114830,10,10,10,0,0,0,0,0,0,1385471,2570239,3235839,1456379.01,1000
1781850239,0,115830,0,399.87,999.84,1168383,1638399,2199551,3244031,5697535,326656,145883135,1913249.61,3063126.46,115830,10,10,10,0,0,0,0,0,0,1314815,2424831,3256319,1408491.52,1000
1781850240,0,116830,0,401.93,1000.77,1167359,1635327,2195455,3237887,5656575,326656,145883135,1909326.52,3050739.35,116830,10,10,10,0,0,0,0,0,0,1386495,2410495,3293183,1454914.94,1000
1781850241,0,117830,0,403.98,999.49,1164287,1631231,2191359,3233791,5640191,326656,145883135,1905014.06,3038738.54,117830,10,10,10,0,0,0,0,0,0,1305599,2355199,4141055,1401189.89,1000
1781850242,0,118830,0,406.02,1000.10,1162239,1628159,2187263,3229695,5611519,326656,145883135,1900957.44,3026809.26,118830,10,10,10,0,0,0,0,0,0,1332223,2426879,3751935,1422965.89,1000
1781850243,0,119830,0,408.04,1000.17,1161215,1625087,2185215,3231743,5640191,326656,145883135,1898431.54,3015900.85,119830,10,10,10,0,0,0,0,0,0,1360895,3446783,6860799,1598278.66,1000
1781850244,0,120830,0,410.05,999.92,1160191,1623039,2181119,3227647,5615615,326656,145883135,1895354.10,3004291.79,120830,10,10,10,0,0,0,0,0,0,1410047,2600959,5021695,1526583.81,1000
1781850245,0,121830,0,412.04,1000.17,1159167,1619967,2177023,3223551,5595135,326656,145883135,1892180.90,2992660.83,121830,10,10,10,0,0,0,0,0,0,1413119,2588671,3991551,1508763.78,1000
1781850246,0,122830,0,414.03,999.77,1158143,1617919,2174975,3221503,5586943,326656,145883135,1888613.17,2981438.22,122830,10,10,10,0,0,0,0,0,0,1352703,2478079,5263359,1453956.48,1000
1781850247,0,123830,0,415.99,999.79,1158143,1614847,2170879,3217407,5586943,326656,145883135,1885582.07,2970195.02,123830,10,10,10,0,0,0,0,0,0,1412095,2572287,3037183,1513272.32,1000
1781850248,0,124830,0,417.95,999.80,1156095,1612799,2166783,3211263,5566463,326656,145883135,1881883.28,2958973.45,124830,10,10,10,0,0,0,0,0,0,1383423,2439167,2838527,1423862.27,1000
1781850249,0,125830,0,419.89,1000.48,1155071,1610751,2164735,3211263,5529599,326656,145883135,1878610.23,2948154.42,125830,10,10,10,0,0,0,0,0,0,1323007,2994175,4173823,1470035.20,1000
1781850250,0,126260,0,419.93,429.91,1155071,1610751,2164735,3211263,5513215,326656,145883135,1878202.71,2943426.53,126260,10,10,10,0,0,0,0,0,0,1695743,3153919,3747839,1758949.80,430
1781850251,0,126460,0,419.20,200.05,1155071,1610751,2164735,3209215,5513215,326656,145883135,1877870.23,2941222.91,126460,10,10,10,0,0,0,0,0,0,1563647,2779135,3135487,1667975.68,200
1781850252,0,126660,0,418.47,199.94,1155071,1610751,2164735,3207167,5505023,326656,145883135,1877563.49,2939015.61,126660,10,10,10,0,0,0,0,0,0,1714175,2686975,2926591,1683610.88,200
1781850253,0,126860,0,417.75,200.01,1155071,1610751,2164735,3207167,5505023,326656,145883135,1877309.20,2936807.05,126860,10,10,10,0,0,0,0,0,0,1675263,2801663,3123199,1716271.36,200
1781850254,0,127060,0,417.04,200.02,1155071,1610751,2164735,3205119,5496831,326656,145883135,1877099.80,2934602.96,127060,10,10,10,0,0,0,0,0,0,1793023,2834431,2973695,1744275.20,200
1781850255,0,127260,0,416.33,199.94,1155071,1610751,2164735,3207167,5496831,326656,145883135,1877122.17,2932493.46,127260,10,10,10,0,0,0,0,0,0,1707007,3620863,4227071,1891330.56,200
1781850256,0,127460,0,415.62,199.98,1155071,1610751,2164735,3205119,5488639,326656,145883135,1876841.10,2930313.02,127460,10,10,10,0,0,0,0,0,0,1626111,2897919,3256319,1697996.80,200
1781850257,0,127660,0,414.92,200.20,1155071,1611775,2164735,3203071,5480447,326656,145883135,1876652.23,2928116.32,127660,10,10,10,0,0,0,0,0,0,1768447,2803711,2912255,1756290.56,200
1781850258,0,127860,0,414.23,199.91,1155071,1611775,2164735,3203071,5476351,326656,145883135,1876515.55,2925946.13,127860,10,10,10,0,0,0,0,0,0,1787903,2934783,3557375,1789267.20,200
1781850259,0,128060,0,413.53,199.91,1155071,1611775,2164735,3203071,5464063,326656,145883135,1876176.98,2923761.30,128060,10,10,10,0,0,0,0,0,0,1635327,2502655,2854911,1659732.48,200
1781850260,0,128260,0,412.85,200.03,1155071,1611775,2164735,3203071,5459967,326656,145883135,1876049.20,2921621.23,128260,10,10,10,0,0,0,0,0,0,1679359,3145727,3854335,1794231.04,200
1781850261,0,128460,0,412.16,200.12,1155071,1611775,2164735,3203071,5455871,326656,145883135,1875656.45,2919447.81,128460,10,10,10,0,0,0,0,0,0,1599487,2463743,3248127,1623783.68,200
1781850262,0,128660,0,411.49,199.97,1155071,1611775,2164735,3203071,5443583,326656,145883135,1875507.26,2917325.04,128660,10,10,10,0,0,0,0,0,0,1718271,3000319,3938303,1779685.12,200
1781850263,0,128860,0,410.81,199.96,1155071,1612799,2164735,3201023,5443583,326656,145883135,1875183.66,2915189.87,128860,10,10,10,0,0,0,0,0,0,1660927,2631679,4616191,1667013.12,200
1781850264,0,129060,0,410.14,199.95,1155071,1612799,2164735,3201023,5439487,326656,145883135,1874863.97,2913040.15,129060,10,10,10,0,0,0,0,0,0,1642495,2672639,3252223,1668885.76,200
1781850265,0,129260,0,409.48,200.03,1155071,1612799,2164735,3198975,5435391,326656,145883135,1874553.14,2910881.00,129260,10,10,10,0,0,0,0,0,0,1670143,2680831,3045375,1673973.76,200
1781850266,0,129460,0,408.81,200.06,1155071,1612799,2164735,3198975,5431295,326656,145883135,1874375.19,2908795.30,129460,10,10,10,0,0,0,0,0,0,1585151,3041279,4415487,1759363.84,200
1781850267,0,129660,0,408.16,199.88,1155071,1612799,2164735,3198975,5427199,326656,145883135,1874116.41,2906652.95,129660,10,10,10,0,0,0,0,0,0,1695743,2791423,3094527,1706613.76,200
1781850268,0,129860,0,407.50,200.07,1156095,1612799,2164735,3196927,5419007,326656,145883135,1873880.64,2904487.33,129860,10,10,10,0,0,0,0,0,0,1772543,2498559,2666495,1721030.40,200
1781850269,0,130060,0,406.85,200.01,1156095,1612799,2164735,3196927,5419007,326656,145883135,1873825.07,2902385.86,130060,10,10,10,0,0,0,0,0,0,1791999,3293183,3872767,1837740.80,200
1781850270,0,130260,0,406.21,200.01,1156095,1612799,2164735,3198975,5431295,326656,145883135,1874056.87,2900612.64,130260,10,10,10,0,0,0,0,0,0,1796095,4911103,6381567,2024796.16,200
1781850271,0,130460,0,405.57,199.89,1156095,1613823,2164735,3198975,5439487,326656,145883135,1874236.41,2898813.46,130460,10,10,10,0,0,0,0,0,0,1774591,3647487,9191423,1991171.84,200
1781850272,0,130660,0,404.93,200.15,1156095,1613823,2164735,3198975,5459967,326656,145883135,1874785.60,2897742.75,130660,10,10,10,0,0,0,0,0,0,1751039,3399679,11010047,2233025.28,200
1781850273,0,130860,0,404.30,199.98,1156095,1613823,2164735,3198975,5447679,326656,145883135,1874655.37,2895633.61,130860,10,10,10,0,0,0,0,0,0,1816575,2740223,3334143,1789573.12,200
1781850274,0,131060,0,403.67,199.90,1156095,1613823,2164735,3198975,5443583,326656,145883135,1874255.46,2893537.73,131060,10,10,10,0,0,0,0,0,0,1513471,2641919,3037183,1612593.92,200
1781850275,0,131260,0,403.04,200.12,1156095,1614847,2164735,3196927,5443583,326656,145883135,1874314.19,2891504.40,131260,10,10,10,0,0,0,0,0,0,1890303,2934783,5320703,1912800.00,200
1781850276,0,131460,0,402.42,199.99,1156095,1614847,2164735,3196927,5439487,326656,145883135,1874322.49,2889446.58,131460,10,10,10,0,0,0,0,0,0,1858559,2990079,3823615,1879767.04,200
1781850277,0,131660,0,401.80,199.96,1156095,1614847,2164735,3196927,5435391,326656,145883135,1874260.57,2887406.64,131660,10,10,10,0,0,0,0,0,0,1743871,3389439,4077567,1833561.60,200
1781850278,0,131860,0,401.19,199.89,1156095,1614847,2164735,3196927,5431295,326656,145883135,1874095.23,2885331.40,131860,10,10,10,0,0,0,0,0,0,1702911,2832383,3385343,1765251.84,200
1781850279,0,132060,0,400.58,200.19,1156095,1614847,2166783,3194879,5427199,326656,145883135,1873890.26,2883261.62,132060,10,10,10,0,0,0,0,0,0,1734655,2942975,3123199,1738753.28,200
1781850280,0,132260,0,399.97,199.91,1156095,1615871,2166783,3194879,5419007,326656,145883135,1873769.44,2881187.34,132260,10,10,10,0,0,0,0,0,0,1835007,2820095,3487743,1793991.68,200
1781850281,0,132460,0,399.37,199.98,1156095,1615871,2166783,3194879,5419007,326656,145883135,1873786.87,2879143.64,132460,10,10,10,0,0,0,0,0,0,1866751,3168255,3690495,1885318.40,200
1781850282,0,132660,0,398.77,200.07,1156095,1616895,2166783,3194879,5435391,326656,145883135,1874066.15,2877311.16,132660,10,10,10,0,0,0,0,0,0,1974271,3131391,6422527,2059032.32,200
1781850283,0,132860,0,398.18,199.93,1157119,1616895,2166783,3194879,5431295,326656,145883135,1873966.75,2875253.89,132860,10,10,10,0,0,0,0,0,0,1908735,2721791,3418111,1808030.72,200
1781850284,0,133060,0,397.58,199.96,1157119,1616895,2166783,3194879,5431295,326656,145883135,1873984.57,2873256.94,133060,10,10,10,0,0,0,0,0,0,1921023,3182591,3823615,1885824.00,200
1781850285,0,133260,0,396.99,200.09,1157119,1616895,2166783,3194879,5443583,326656,145883135,1874276.03,2871973.94,133260,10,10,10,0,0,0,0,0,0,1640447,3225599,12156927,2068183.04,200
1781850286,0,133460,0,396.41,199.94,1157119,1616895,2166783,3192831,5443583,326656,145883135,1874193.68,2869930.15,133460,10,10,10,0,0,0,0,0,0,1833983,2916351,3166207,1819322.88,200
1781850287,0,133660,0,395.83,200.04,1157119,1617919,2168831,3192831,5439487,326656,145883135,1874313.55,2867900.11,133660,10,10,10,0,0,0,0,0,0,1926143,2985983,3512319,1954305.28,200
1781850288,0,133860,0,395.25,200.01,1157119,1617919,2168831,3192831,5435391,326656,145883135,1874303.29,2865857.64,133860,10,10,10,0,0,0,0,0,0,1897471,2908159,3463167,1867447.04,200
1781850289,0,134060,0,394.67,199.90,1157119,1618943,2168831,3192831,5435391,326656,145883135,1874353.76,2863899.02,134060,10,10,10,0,0,0,0,0,0,1886207,3190783,5427199,1908134.40,200
1781850290,0,134260,0,394.10,199.97,1158143,1618943,2168831,3192831,5435391,326656,145883135,1874554.59,2861993.94,134260,10,10,10,0,0,0,0,0,0,1933311,3127295,3350527,2009168.64,200
1781850291,0,134460,0,393.54,200.07,1158143,1618943,2168831,3192831,5435391,326656,145883135,1874380.24,2860018.60,134460,10,10,10,0,0,0,0,0,0,1653759,2877439,3583999,1757342.72,200
1781850292,0,134660,0,392.97,200.10,1158143,1618943,2168831,3192831,5431295,326656,145883135,1874471.67,2858058.26,134660,10,10,10,0,0,0,0,0,0,1964031,3422207,3905535,1935939.84,200
1781850293,0,134860,0,392.41,199.94,1158143,1619967,2168831,3190783,5427199,326656,145883135,1874275.03,2856025.47,134860,10,10,10,0,0,0,0,0,0,1771519,2723839,2861055,1741872.64,200
1781850294,0,135060,0,391.85,200.00,1158143,1619967,2170879,3190783,5419007,326656,145883135,1874162.02,2854018.62,135060,10,10,10,0,0,0,0,0,0,1850367,2891775,3299327,1797963.52,200
1781850295,0,135260,0,391.30,200.06,1158143,1619967,2170879,3190783,5423103,326656,145883135,1874387.56,2852156.09,135260,10,10,10,0,0,0,0,0,0,1970175,3686399,5443583,2026694.40,200
1781850296,0,135460,0,390.74,199.95,1158143,1619967,2170879,3192831,5439487,326656,145883135,1875134.04,2852264.83,135460,10,10,10,0,0,0,0,0,0,1720319,3549183,16875519,2379976.96,200
1781850297,0,135660,0,390.20,199.94,1158143,1619967,2170879,3190783,5435391,326656,145883135,1874854.03,2850277.95,135660,10,10,10,0,0,0,0,0,0,1649663,2803711,3332095,1685201.92,200
1781850298,0,135860,0,389.65,199.97,1158143,1620991,2170879,3190783,5431295,326656,145883135,1874897.33,2848315.02,135860,10,10,10,0,0,0,0,0,0,1923071,3016703,3762175,1904266.24,200
1781850299,0,136060,0,389.11,200.05,1158143,1620991,2170879,3190783,5427199,326656,145883135,1874619.03,2846327.69,136060,10,10,10,0,0,0,0,0,0,1602559,2740223,3041279,1685571.84,200
1781850300,0,136260,0,388.57,200.09,1158143,1620991,2170879,3190783,5439487,326656,145883135,1874805.83,2844729.58,136260,10,10,10,0,0,0,0,0,0,1776639,3678207,9617407,2001890.56,200
1781850301,0,136460,0,388.03,200.00,1159167,1620991,2170879,3190783,5443583,326656,145883135,1874808.31,2842853.70,136460,10,10,10,0,0,0,0,0,0,1769471,3092479,5603327,1876492.80,200
1781850302,0,136660,0,387.50,199.93,1159167,1620991,2170879,3190783,5439487,326656,145883135,1874689.94,2840894.03,136660,10,10,10,0,0,0,0,0,0,1731583,3035135,3665919,1793926.40,200
1781850303,0,136860,0,386.97,200.04,1159167,1622015,2170879,3190783,5435391,326656,145883135,1874700.46,2838987.21,136860,10,10,10,0,0,0,0,0,0,1819647,2793471,5124095,1881891.84,200
1781850304,0,137060,0,386.44,199.86,1159167,1622015,2170879,3188735,5431295,326656,145883135,1874448.63,2837002.21,137060,10,10,10,0,0,0,0,0,0,1759231,2729983,2983935,1702119.68,200
1781850305,0,137260,0,385.92,200.17,1159167,1622015,2170879,3188735,5427199,326656,145883135,1874165.97,2835054.20,137260,10,10,10,0,0,0,0,0,0,1638399,2789375,3364863,1680460.80,200
1781850306,0,137460,0,385.40,199.90,1159167,1622015,2170879,3188735,5423103,326656,145883135,1874078.54,2833180.45,137460,10,10,10,0,0,0,0,0,0,1632255,3112959,4993023,1814074.88,200
1781850307,0,137660,0,384.88,200.06,1159167,1622015,2170879,3188735,5427199,326656,145883135,1874101.29,2831337.68,137660,10,10,10,0,0,0,0,0,0,1666047,3151871,6279167,1889735.68,200
1781850308,0,137860,0,384.36,199.87,1159167,1622015,2172927,3188735,5419007,326656,145883135,1873951.99,2829407.64,137860,10,10,10,0,0,0,0,0,0,1690623,3059711,3506175,1771192.32,200
1781850309,0,138060,0,383.85,200.11,1159167,1622015,2170879,3188735,5419007,326656,145883135,1873746.37,2827466.71,138060,10,10,10,0,0,0,0,0,0,1747967,2707455,3508223,1732011.52,200
1781850310,0,139360,0,386.39,1299.98,1163263,1630207,2191359,3338239,22020095,326656,185597951,2544002.36,8341533.25,139360,10,10,10,0,0,0,0,0,0,79888383,130547711,156631039,73725188.53,1300
1781850311,0,141566,0,391.42,2206.57,1170431,1646591,2224127,3756031,81264639,326656,239992831,3580991.04,14267181.15,141566,10,10,10,0,0,0,0,0,0,42336255,206176255,226885631,69090847.10,2206
1781850312,0,143584,0,395.91,2017.35,1176575,1660927,2254847,4825087,80412671,326656,239992831,3754999.28,14275035.09,143584,10,10,10,0,0,0,0,0,0,14409727,32309247,41680895,15961961.29,2018
1781850313,0,145560,0,400.25,1975.25,1183743,1674239,2287615,8462335,79757311,326656,239992831,3950947.59,14313883.99,145560,10,10,10,0,0,0,0,0,0,16736255,34668543,52625407,18189329.88,1976
1781850314,0,147564,0,404.65,2005.52,1189887,1688575,2322431,11386879,78905343,326656,239992831,4092219.16,14299106.49,147564,10,10,10,0,0,0,0,0,0,11960319,30523391,41517055,14353441.47,2004
1781850315,0,149578,0,409.05,2012.48,1197055,1702911,2357247,14114815,78839807,326656,239992831,4359866.82,14545477.18,149578,10,10,10,0,0,0,0,0,0,17055743,64749567,73596927,23970174.35,2014
1781850316,0,151590,0,413.42,2012.56,1203199,1717247,2394111,16285695,77463551,326656,239992831,4522108.95,14548282.75,151590,10,10,10,0,0,0,0,0,0,15777791,32653311,39911423,16583665.75,2012
1781850317,0,153557,0,417.65,1967.56,1209343,1731583,2437119,17891327,73859071,326656,239992831,4714037.33,14601648.84,153557,10,10,10,0,0,0,0,0,0,17006591,40239103,54624255,19505305.05,1967
1781850318,0,155476,0,421.72,1919.47,1214463,1745919,2476031,20447231,79757311,326656,239992831,5066084.85,15145621.77,155476,10,10,10,0,0,0,0,0,0,28360703,71106559,163708927,33236674.50,1919
1781850319,0,157562,0,426.22,2084.41,1221631,1760255,2523135,24084479,102694911,326656,254672895,5883730.34,18467990.57,157562,10,10,10,0,0,0,0,0,0,32473087,222429183,244449279,66825365.23,2086
1781850320,0,159550,0,430.43,1988.70,1227775,1774591,2568191,28114943,114950143,326656,254672895,6485366.58,19587341.36,159550,10,10,10,0,0,0,0,0,0,39419903,127729663,139329535,54168972.62,1988
1781850321,0,161515,0,434.56,1964.13,1234943,1788927,2617343,30097407,116260863,326656,254672895,6805798.50,19950039.23,161515,10,10,10,0,0,0,0,0,0,22986751,117112831,138543103,32823565.94,1965
1781850322,0,163314,0,438.22,1799.69,1240063,1802239,2666495,33914879,134217727,326656,384565247,7954037.92,24964760.99,163314,10,10,10,0,0,0,0,0,0,68288511,318767103,370933759,111043470.73,1799
1781850323,0,165460,0,442.80,2146.38,1247231,1817599,2732031,38174719,166199295,326656,501743615,9654380.84,34362171.58,165460,10,10,10,0,0,0,0,0,0,42237951,473694207,492568575,139053171.00,2146
1781850324,0,167432,0,446.88,1971.44,1253375,1830911,2797567,43778047,167641087,326656,501743615,10472342.57,35420937.05,167432,10,10,10,0,0,0,0,0,0,71368703,159776767,175112191,79103147.36,1972
1781850325,0,169477,0,451.13,2044.52,1260543,1846271,2875391,51445759,210108415,326656,501743615,11733359.05,38513610.59,169477,10,10,10,0,0,0,0,0,0,62685183,286785535,294387711,114977619.25,2045
1781850326,0,171460,0,455.20,1982.92,1266687,1861631,2963455,55410687,209190911,326656,501743615,12102767.85,38549633.96,171460,10,10,10,0,0,0,0,0,0,36372479,93978623,130416639,43674273.37,1983
1781850327,0,173154,0,458.48,1694.24,1272831,1873919,3053567,63111167,222429183,326656,501743615,13037695.66,40424579.32,173154,10,10,10,0,0,0,0,0,0,85458943,289144831,315097087,107667401.60,1694
1781850328,0,175018,0,462.19,1864.85,1278975,1889279,3188735,82378751,265682943,326656,501743615,15055636.22,45568379.56,175018,10,10,10,0,0,0,0,0,0,205127679,331350015,355991551,202509755.88,1864
1781850329,0,176788,0,465.63,1770.38,1285119,1902591,3358719,103415807,317194239,326656,645398527,18154821.98,57991406.66,176788,10,10,10,0,0,0,0,0,0,345243647,610271231,634912767,324603010.75,1770
1781850330,0,178619,0,469.22,1831.22,1291263,1916927,3590143,124518399,473694207,326656,693633023,22285503.95,73349746.38,178619,10,10,10,0,0,0,0,0,0,498860031,641728511,666894335,421114014.83,1831
1781850331,0,180714,0,473.48,2093.76,1297407,1933311,4098047,155451391,521142271,326656,754450431,27113154.58,87602611.94,180714,10,10,10,0,0,0,0,0,0,411828223,695205887,733478911,438717034.80,2095
1781850332,0,182408,0,476.67,1693.94,1303551,1947647,4956159,204603391,576192511,326656,866123775,31416357.34,99014936.46,182408,10,10,10,0,0,0,0,0,0,450625535,805306367,855638015,490477149.70,1694
1781850333,0,184240,0,480.20,1833.02,1309695,1963007,6356991,271319039,628097023,326656,989855743,38079150.31,120025249.96,184240,10,10,10,0,0,0,0,0,0,648544255,950009855,968359935,701478026.62,1832
1781850334,0,186138,0,483.89,1896.79,1315839,1979391,7974911,331350015,695730175,326656,1092616191,43855017.16,134517178.25,186138,10,10,10,0,0,0,0,0,0,514588671,1007157247,1071644671,604521880.95,1898
1781850335,0,188488,0,488.73,2350.41,1324031,1998847,9732095,401604607,858259455,326656,1148190719,51588343.22,154765650.13,188488,10,10,10,0,0,0,0,0,0,693108735,1101004799,1129316351,664127001.71,2350
1781850336,0,190571,0,492.85,2082.88,1331199,2016255,11337727,473956351,899678207,326656,1148190719,57137036.84,166595408.67,190571,10,10,10,0,0,0,0,0,0,572522495,967311359,988282879,559231210.00,2083
1781850337,0,192373,0,496.23,1801.31,1336319,2031615,12722175,505937919,915931135,326656,1148190719,62531849.09,177007438.69,192373,10,10,10,0,0,0,0,0,0,700973055,972029951,1004011519,633061685.13,1802
1781850338,0,194224,0,499.71,1852.45,1343487,2049023,14270463,538443775,921174015,326656,1148190719,67769314.03,185930473.93,194224,10,10,10,0,0,0,0,0,0,726138879,968359935,1048051711,612094998.68,1851
1781850339,0,195713,0,502.25,1488.18,1348607,2063359,15458303,578289663,956301311,326656,1308622847,73424704.64,198118294.52,195713,10,10,10,0,0,0,0,0,0,881852415,1260388351,1299185663,811109450.96,1489
1781850340,0,197741,0,506.16,2027.41,1354751,2081791,17137663,625999871,975699967,326656,1516240895,81697585.36,215692411.36,197741,10,10,10,0,0,0,0,0,0,740294655,1477443583,1495269375,880075446.79,2028
1781850341,0,200317,0,511.44,2577.69,1363967,2107391,19218431,682098687,1034420223,326656,1549795327,89553437.78,231064602.42,200317,10,10,10,0,0,0,0,0,0,812122111,1395654655,1509949439,692590749.42,2576
1781850342,0,202470,0,515.62,2152.44,1371135,2127871,21413887,723517439,1065353215,326656,1549795327,95668412.76,242095677.06,202470,10,10,10,0,0,0,0,0,0,968884223,1193279487,1228931071,664611024.32,2153
1781850343,0,204924,0,520.54,2453.99,1380351,2150399,23478271,761266175,1064304639,326656,1549795327,100113993.28,246853600.19,204924,10,10,10,0,0,0,0,0,0,497811455,879755263,959971327,466901559.50,2454
1781850344,0,207156,0,524.88,2232.24,1387519,2170879,25608191,754974719,1063256063,326656,1549795327,102351161.75,247559136.21,207156,10,10,10,0,0,0,0,0,0,340787199,613416959,694681599,307749688.89,2232
1781850345,0,209391,0,529.20,2235.95,1395711,2193407,27295743,747634687,1062207487,326656,1549795327,102932976.84,247014451.35,209391,10,10,10,0,0,0,0,0,0,44892159,497549311,581959679,156859815.80,2235
1781850346,0,211487,0,533.15,2096.21,1402879,2215935,27803647,743964671,1060110335,326656,1549795327,102842555.33,246066432.63,211487,10,10,10,0,0,0,0,0,0,21151743,328728575,348389375,93809420.70,2096
1781850347,0,213548,0,537.00,2060.00,1410047,2236415,28065791,737673215,1057488895,326656,1549795327,102263694.78,244994659.46,213548,10,10,10,0,0,0,0,0,0,16302079,157417471,181010431,42864626.59,2061
1781850348,0,215574,0,540.73,2026.99,1417215,2256895,27983871,734003199,1056440319,326656,1549795327,101526924.76,243966839.83,215574,10,10,10,0,0,0,0,0,0,15900671,80871423,91095039,23868599.98,2026
1781850349,0,217590,0,544.42,2014.40,1423359,2279423,27836415,729284607,1055391743,326656,1549795327,100771382.32,242962901.22,217590,10,10,10,0,0,0,0,0,0,16318463,50462719,59932671,19980059.94,2016
1781850350,0,219409,0,547.60,1819.33,1429503,2297855,28344319,725090303,1054867455,326656,1549795327,100276799.96,242046368.77,219409,10,10,10,0,0,0,0,0,0,24920063,152174591,179437567,41114526.61,1819
1781850351,0,221192,0,550.68,1784.01,1435647,2320383,29097983,722468863,1054343167,326656,1549795327,100598448.44,241574559.41,221192,10,10,10,0,0,0,0,0,0,32800767,470548479,501481471,140179250.97,1783
1781850352,0,223392,0,554.77,2198.44,1443839,2344959,30228479,717750271,1052770303,326656,1549795327,101760722.45,241727108.12,223392,10,10,10,0,0,0,0,0,0,42598399,588775423,615514111,218617864.84,2200
1781850353,0,225297,0,558.12,1906.08,1449983,2369535,32096255,715128831,1051721727,326656,1549795327,101729916.27,240746641.04,225297,10,10,10,0,0,0,0,0,0,91815935,190971903,237895679,98117394.41,1905
1781850354,0,227161,0,561.35,1863.75,1456127,2392063,33587199,712507391,1049100287,326656,1549795327,102236420.82,240277350.22,227161,10,10,10,0,0,0,0,0,0,80478207,488898559,535560191,163456353.79,1864
1781850355,0,229238,0,565.08,2076.93,1463295,2420735,35323903,709885951,1048051711,326656,1549795327,103583752.53,240694063.06,229238,10,10,10,0,0,0,0,0,0,67764223,569901055,588775423,250941104.75,2077
1781850356,0,231436,0,569.10,2196.53,1470463,2451455,37715967,705691647,1048051711,326656,1549795327,103972105.39,239842750.43,231436,10,10,10,0,0,0,0,0,0,104857599,382205951,404750335,144474940.33,2198
1781850357,0,233367,0,572.44,1932.62,1477631,2478079,40337407,704118783,1047003135,326656,1549795327,103821160.44,238874569.36,233367,10,10,10,0,0,0,0,0,0,87359487,144441343,165806079,85729967.26,1931
1781850358,0,235355,0,575.90,1986.47,1483775,2506751,42762239,701497343,1045954559,326656,1549795327,104095775.53,237973466.80,235355,10,10,10,0,0,0,0,0,0,131334143,242876415,255983615,136332243.70,1988
1781850359,0,237065,0,578.67,1710.46,1489919,2533375,44105727,697827327,1044381695,326656,1549795327,104452599.44,237647076.89,237065,10,10,10,0,0,0,0,0,0,50724863,533725183,578813951,153563880.95,1710
1781850360,0,238888,0,581.70,1822.94,1496063,2559999,45514751,707788799,1043333119,326656,1549795327,105809162.14,239263197.50,238888,10,10,10,0,0,0,0,0,0,49709055,892862463,912785407,282218124.15,1823
1781850361,0,240890,0,585.15,2003.31,1502207,2592767,46956543,720895999,1042284543,326656,1549795327,107623933.22,241288759.61,240890,10,10,10,0,0,0,0,0,0,58064895,855638015,876085247,324170902.38,2002
1781850362,0,242775,0,588.30,1884.65,1508351,2625535,48955391,735051775,1041235967,326656,1549795327,109612448.45,243315310.49,242775,10,10,10,0,0,0,0,0,0,192544767,827850751,847773695,363730980.94,1885
1781850363,0,244827,0,591.84,2050.80,1515519,2664447,51544063,744488959,1039138815,326656,1549795327,112351151.10,245608074.29,244827,10,10,10,0,0,0,0,0,0,430964735,838860799,859308031,436370906.07,2052
1781850364,0,247126,0,595.96,2299.32,1522687,2707455,55050239,741343231,1037565951,326656,1549795327,114745112.24,246870879.99,247126,10,10,10,0,0,0,0,0,0,362807295,727711743,746061823,369684791.79,2299
1781850365,0,248786,0,598.52,1660.23,1528831,2742271,56983551,738721791,1036517375,326656,1549795327,116383151.10,247731201.29,248786,10,10,10,0,0,0,0,0,0,470024191,638582783,654835711,360239772.68,1660
1781850366,0,251042,0,602.49,2256.01,1537023,2793471,61669375,736624639,1034944511,326656,1549795327,118610910.74,248451722.72,251042,10,10,10,0,0,0,0,0,0,391643135,653262847,672137215,364282634.89,2256
1781850367,0,253097,0,605.97,2056.14,1543167,2844671,66420735,734003199,1033371647,326656,1549795327,119850875.56,248191493.95,253097,10,10,10,0,0,0,0,0,0,285474815,527433727,616562687,271326909.10,2055
1781850368,0,255272,0,609.72,2173.03,1550335,2904063,69337087,730857471,1031798783,326656,1549795327,120106417.13,247500509.14,255272,10,10,10,0,0,0,0,0,0,122028031,479199231,558366719,149842878.09,2175
1781850369,0,256708,0,611.69,1437.17,1555455,2947071,71237631,728760319,1030750207,326656,1549795327,120998983.88,247644927.26,256708,10,10,10,0,0,0,0,0,0,331087871,589823999,639107071,279667020.30,1436
1781850370,0,258300,0,614.02,1591.55,1559551,2992127,74514431,726663167,1029177343,326656,1549795327,122720703.96,248553183.76,258300,10,10,10,0,0,0,0,0,0,446431231,692584447,724566015,400345903.84,1592
1781850371,0,258500,0,613.04,199.89,1559551,2985983,74317823,726663167,1029177343,326656,1549795327,122627246.83,248479714.73,258500,10,10,10,0,0,0,0,0,0,1665023,4620287,5922815,1927368.96,200
1781850372,0,258700,0,612.06,200.07,1558527,2979839,73924607,726138879,1029177343,326656,1549795327,122533840.02,248406347.21,258700,10,10,10,0,0,0,0,0,0,1805311,3604479,4571135,1805534.72,200
1781850373,0,258900,0,611.09,199.98,1558527,2973695,73727999,726138879,1029177343,326656,1549795327,122440652.49,248333000.15,258900,10,10,10,0,0,0,0,0,0,1771519,3561471,5046271,1902583.04,200
1781850374,0,259100,0,610.12,200.09,1558527,2969599,73596927,726138879,1029177343,326656,1549795327,122348078.06,248259489.32,259100,10,10,10,0,0,0,0,0,0,1880063,5816319,11206655,2510478.08,200
1781850375,0,259300,0,609.15,199.92,1557503,2965503,73465855,725614591,1028653055,326656,1549795327,122255122.68,248186283.04,259300,10,10,10,0,0,0,0,0,0,1661951,3297279,5345279,1831425.28,200
1781850376,0,259500,0,608.20,199.94,1557503,2959359,73269247,725614591,1028653055,326656,1549795327,122162440.92,248113070.72,259500,10,10,10,0,0,0,0,0,0,1817599,3764223,7258111,2000538.88,200
1781850377,0,259700,0,607.24,200.02,1557503,2955263,73138175,725090303,1028653055,326656,1549795327,122071215.84,248039357.66,259700,10,10,10,0,0,0,0,0,0,1916927,9789439,39813119,3706681.60,200
1781850378,0,259900,0,606.29,199.98,1557503,2951167,73072639,725090303,1028653055,326656,1549795327,121978843.65,247966245.79,259900,10,10,10,0,0,0,0,0,0,2096127,3395583,4509695,2033546.24,200
1781850379,0,260100,0,605.35,200.17,1556479,2945023,72876031,725090303,1028128767,326656,1549795327,121886871.04,247893074.37,260100,10,10,10,0,0,0,0,0,0,1785855,3657727,12894207,2368463.36,200
1781850380,0,260300,0,604.40,199.86,1556479,2940927,72679423,725090303,1028128767,326656,1549795327,121794671.89,247820129.33,260300,10,10,10,0,0,0,0,0,0,1713151,3579903,4085759,1889679.36,200
1781850381,0,260500,0,603.47,200.04,1555455,2936831,72548351,725090303,1028128767,326656,1549795327,121702570.87,247747261.28,260500,10,10,10,0,0,0,0,0,0,1705983,3080191,3371007,1833089.28,200
1781850382,0,260700,0,602.53,199.96,1555455,2932735,72351743,724566015,1028128767,326656,1549795327,121610714.80,247674399.88,260700,10,10,10,0,0,0,0,0,0,1894399,3276799,4923391,1968185.60,200
1781850383,0,260900,0,601.61,200.08,1555455,2926591,72155135,724566015,1028128767,326656,1549795327,121518845.22,247601668.79,260900,10,10,10,0,0,0,0,0,0,1693695,2908159,3399679,1766845.44,200
1781850384,0,261100,0,600.68,199.91,1554431,2920447,71892991,724041727,1028128767,326656,1549795327,121427047.04,247529027.36,261100,10,10,10,0,0,0,0,0,0,1553407,3014655,3467263,1676331.52,200
1781850385,0,261300,0,599.76,200.14,1553407,2916351,71630847,724041727,1028128767,326656,1549795327,121335501.55,247456388.19,261300,10,10,10,0,0,0,0,0,0,1560575,3137535,3850239,1822859.52,200
1781850386,0,261500,0,598.85,199.92,1553407,2912255,71434239,723517439,1027604479,326656,1549795327,121244597.60,247383567.37,261500,10,10,10,0,0,0,0,0,0,2049023,6619135,10330111,2478593.28,200
1781850387,0,261700,0,597.94,200.01,1553407,2908159,71368703,723517439,1027080191,326656,1549795327,121153329.74,247311041.08,261700,10,10,10,0,0,0,0,0,0,1735679,3323903,4284415,1820592.64,200
1781850388,0,261900,0,597.03,200.04,1552383,2902015,71172095,723517439,1026555903,326656,1549795327,121062147.46,247238596.51,261900,10,10,10,0,0,0,0,0,0,1666047,2760703,4259839,1750133.76,200
1781850389,0,262100,0,596.13,199.85,1552383,2897919,70975487,723517439,1026555903,326656,1549795327,120971268.72,247166128.93,262100,10,10,10,0,0,0,0,0,0,1971199,2971647,5353471,1965566.72,200
1781850390,0,262300,0,595.23,200.13,1552383,2893823,70778879,722993151,1026555903,326656,1549795327,120881007.18,247093497.68,262300,10,10,10,0,0,0,0,0,0,1810431,7974911,13197311,2593256.96,200
1781850391,0,262500,0,594.33,200.00,1552383,2889727,70582271,722993151,1026555903,326656,1549795327,120790275.93,247021203.94,262500,10,10,10,0,0,0,0,0,0,1714175,2936831,3483647,1796234.24,200
1781850392,0,262700,0,593.44,199.95,1551359,2885631,70451199,722993151,1026555903,326656,1549795327,120699731.72,246948942.80,262700,10,10,10,0,0,0,0,0,0,1683455,3383295,4407295,1860456.96,200
1781850393,0,262900,0,592.55,199.99,1551359,2881535,70254591,722468863,1026555903,326656,1549795327,120609285.95,246876755.72,262900,10,10,10,0,0,0,0,0,0,1663999,2914303,3172351,1808770.56,200
1781850394,0,263100,0,591.67,200.01,1550335,2877439,70057983,722468863,1026555903,326656,1549795327,120519023.25,246804602.74,263100,10,10,10,0,0,0,0,0,0,1825791,3168255,5214207,1868706.56,200
1781850395,0,263300,0,590.79,199.94,1550335,2871295,69861375,721944575,1026555903,326656,1549795327,120428793.81,246732554.73,263300,10,10,10,0,0,0,0,0,0,1723391,2574335,2809855,1731959.04,200
1781850396,0,263500,0,589.92,200.02,1550335,2869247,69795839,721944575,1026031615,326656,1549795327,120338857.60,246660487.71,263500,10,10,10,0,0,0,0,0,0,1863679,3297279,4366335,1937847.04,200
1781850397,0,263700,0,589.05,200.01,1550335,2865151,69599231,721944575,1026031615,326656,1549795327,120248951.50,246588527.01,263700,10,10,10,0,0,0,0,0,0,1740799,3043327,3491839,1797658.88,200
1781850398,0,263900,0,588.18,200.09,1549311,2859007,69468159,721944575,1026031615,326656,1549795327,120159101.41,246516660.89,263900,10,10,10,0,0,0,0,0,0,1461247,2926591,5844991,1691760.64,200
1781850399,0,264100,0,587.32,199.92,1548287,2854911,69271551,721420287,1026031615,326656,1549795327,120069461.19,246444814.30,264100,10,10,10,0,0,0,0,0,0,1700863,3246079,4898815,1789195.52,200
1781850400,0,264300,0,586.46,199.99,1548287,2850815,69074943,721420287,1025507327,326656,1549795327,119981307.85,246372464.06,264300,10,10,10,0,0,0,0,0,0,1900543,4001791,36569087,3574814.72,200
1781850401,0,264500,0,585.60,200.04,1548287,2846719,68878335,720895999,1025507327,326656,1549795327,119892094.76,246300653.84,264500,10,10,10,0,0,0,0,0,0,1957887,3125247,5894143,1996992.00,200
1781850402,0,264700,0,584.75,200.00,1548287,2842623,68681727,720895999,1025507327,326656,1549795327,119802877.23,246228964.85,264700,10,10,10,0,0,0,0,0,0,1804287,2918399,3262463,1812706.56,200
1781850403,0,264900,0,583.90,200.10,1547263,2838527,68550655,720895999,1025507327,326656,1549795327,119713968.50,246157249.01,264900,10,10,10,0,0,0,0,0,0,1830911,4036607,6299647,2043260.16,200
1781850404,0,265100,0,583.06,199.94,1547263,2836479,68419583,720895999,1025507327,326656,1549795327,119625125.08,246085620.62,265100,10,10,10,0,0,0,0,0,0,1731583,3688447,4069375,1952008.96,200
1781850405,0,265300,0,582.22,199.96,1546239,2834431,68288511,720371711,1025507327,326656,1549795327,119536414.10,246014048.34,265300,10,10,10,0,0,0,0,0,0,1891327,3434495,6103039,1950019.84,200
1781850406,0,265500,0,581.38,200.06,1546239,2830335,68157439,720371711,1023934463,326656,1549795327,119447778.94,245942558.16,265500,10,10,10,0,0,0,0,0,0,1813503,3119103,3327999,1873227.52,200
1781850407,0,265700,0,580.55,199.86,1546239,2826239,67960831,719847423,1023934463,326656,1549795327,119359288.47,245871117.65,265700,10,10,10,0,0,0,0,0,0,1928191,3112959,3944447,1888190.72,200
1781850408,0,265900,0,579.72,200.01,1545215,2820095,67829759,719847423,1023934463,326656,1549795327,119270853.75,245799768.98,265900,10,10,10,0,0,0,0,0,0,1791999,2916351,3813375,1785336.32,200
1781850409,0,266100,0,578.89,200.08,1545215,2815999,67698687,719847423,1023410175,326656,1549795327,119182659.58,245728425.21,266100,10,10,10,0,0,0,0,0,0,1756159,2955263,8093695,1928504.32,200
1781850410,0,266300,0,578.07,200.03,1545215,2811903,67436543,718798847,1023410175,326656,1549795327,119094593.17,245657137.42,266300,10,10,10,0,0,0,0,0,0,1743871,3342335,3823615,1922241.28,200
1781850411,0,266500,0,577.25,199.93,1545215,2809855,67305471,718798847,1023410175,326656,1549795327,119006667.66,245585900.36,266500,10,10,10,0,0,0,0,0,0,1819647,3305471,4007935,1933852.16,200
1781850412,0,266700,0,576.43,200.06,1544191,2805759,67076095,718798847,1023410175,326656,1549795327,118918786.72,245514759.44,266700,10,10,10,0,0,0,0,0,0,1764351,2996223,3258367,1817427.20,200
1781850413,0,266900,0,575.62,199.93,1544191,2801663,66813951,717750271,1023410175,326656,1549795327,118830984.99,245443698.06,266900,10,10,10,0,0,0,0,0,0,1758207,2838527,3088383,1747381.76,200
1781850414,0,267100,0,574.81,200.12,1543167,2797567,66584575,717225983,1023410175,326656,1549795327,118743306.63,245372695.25,267100,10,10,10,0,0,0,0,0,0,1701887,2965503,3371007,1736528.64,200
1781850415,0,267300,0,574.01,199.98,1543167,2795519,66387967,717225983,1023410175,326656,1549795327,118655916.98,245301673.15,267300,10,10,10,0,0,0,0,0,0,1758207,4046847,6623231,1947048.96,200
1781850416,0,267500,0,573.21,199.90,1543167,2791423,66224127,716701695,1022885887,326656,1549795327,118568604.32,245230730.11,267500,10,10,10,0,0,0,0,0,0,1831935,3186687,3966975,1875224.32,200
1781850417,0,267700,0,572.41,200.00,1542143,2787327,66027519,716701695,1022885887,326656,1549795327,118481355.69,245159873.09,267700,10,10,10,0,0,0,0,0,0,1794047,3274751,3696639,1786324.48,200
1781850418,0,267900,0,571.62,200.09,1542143,2785279,65830911,716701695,1022885887,326656,1549795327,118394337.03,245089024.85,267900,10,10,10,0,0,0,0,0,0,1598463,3084287,9109503,1919848.96,200
1781850419,0,268100,0,570.82,199.99,1542143,2781183,65634303,716177407,1022361599,326656,1549795327,118307476.83,245018215.47,268100,10,10,10,0,0,0,0,0,0,2050047,2924543,3291135,1958242.56,200
1781850420,0,268300,0,570.04,199.93,1542143,2779135,65503231,716177407,1022361599,326656,1549795327,118220684.32,244947490.01,268300,10,10,10,0,0,0,0,0,0,1858559,3115007,3495935,1875326.72,200
1781850421,0,268500,0,569.25,199.99,1541119,2775039,65273855,716177407,1022361599,326656,1549795327,118133917.12,244876868.13,268500,10,10,10,0,0,0,0,0,0,1633279,2828287,3233791,1735722.24,200
1781850422,0,268700,0,568.47,200.07,1541119,2772991,64913407,715653119,1022361599,326656,1549795327,118047363.10,244806260.55,268700,10,10,10,0,0,0,0,0,0,1824767,2998271,3958783,1848592.64,200
1781850423,0,268900,0,567.69,199.89,1541119,2768895,64716799,715653119,1022361599,326656,1549795327,117961043.35,244735657.81,268900,10,10,10,0,0,0,0,0,0,1842175,4073471,5550079,1990452.48,200
1781850424,0,269100,0,566.92,200.06,1541119,2764799,64487423,715653119,1021837311,326656,1549795327,117874752.77,244665155.59,269100,10,10,10,0,0,0,0,0,0,1929215,3069951,3641343,1857072.64,200
1781850425,0,269300,0,566.15,200.08,1540095,2760703,64356351,715653119,1021837311,326656,1549795327,117788659.65,244594676.51,269300,10,10,10,0,0,0,0,0,0,1614847,4012031,8032255,1950360.32,200
1781850426,0,269500,0,565.38,200.01,1540095,2756607,64192511,715653119,1021837311,326656,1549795327,117702565.65,244524310.78,269500,10,10,10,0,0,0,0,0,0,1716223,2926591,5476351,1776992.00,200
1781850427,0,269700,0,564.61,200.04,1539071,2754559,64028671,715128831,1021313023,326656,1549795327,117616663.93,244453968.26,269700,10,10,10,0,0,0,0,0,0,1842175,3074047,4984831,1864096.00,200
1781850428,0,269900,0,563.85,199.84,1539071,2750463,63799295,715128831,1021313023,326656,1549795327,117530783.31,244383729.59,269900,10,10,10,0,0,0,0,0,0,1670143,2629631,2785279,1720769.28,200
1781850429,0,270100,0,563.09,200.13,1539071,2748415,63668223,715128831,1021313023,326656,1549795327,117445177.59,244313475.83,270100,10,10,10,0,0,0,0,0,0,1731583,3491839,5640191,1920261.12,200
1781850430,0,271482,0,564.80,1381.41,1542143,2775039,66682879,713555967,1019740159,326656,1549795327,117560231.71,243778258.48,271482,10,10,10,0,0,0,0,0,0,109051903,317980671,338690047,140046568.85,1382
1781850431,0,273484,0,567.78,2001.87,1549311,2815999,71696383,712507391,1018691583,326656,1549795327,120345390.40,245299075.67,273484,10,10,10,0,0,0,0,0,0,495976447,697827327,732954623,498027934.31,2002
1781850432,0,275615,0,571.02,2130.32,1555455,2867199,78184447,738721791,1016594431,326656,1549795327,125341560.67,251098276.69,275615,10,10,10,0,0,0,0,0,0,803733503,988282879,1002438655,766530029.98,2131
1781850433,0,277400,0,573.53,1785.84,1560575,2912255,83623935,790102015,1074790399,326656,1549795327,131661430.00,262603803.78,277400,10,10,10,0,0,0,0,0,0,1071644671,1355808767,1469054975,1107488201.21,1785
1781850434,0,278852,0,575.34,1452.50,1565695,2953215,88670207,819986431,1223688191,326656,1945108479,138942984.32,281006480.66,278852,10,10,10,0,0,0,0,0,0,1492123647,1882193919,1913651199,1530060867.70,1452
1781850435,0,280479,0,577.51,1625.96,1570815,3000319,95158271,845152255,1459617791,326656,2524971007,150060717.21,316251400.24,280479,10,10,10,0,0,0,0,0,0,2087714815,2441084927,2478833663,2055532168.89,1627
1781850436,0,282206,0,579.87,1727.14,1575935,3059711,103219199,871890943,1913651199,326656,2936012799,164085907.65,363190401.42,282206,10,10,10,0,0,0,0,0,0,2464153599,2906652671,2933915647,2441892155.44,1727
1781850437,0,284328,0,583.03,2122.20,1583103,3147775,112590847,922746879,2405433343,326656,3378511871,184202016.46,431307643.34,284328,10,10,10,0,0,0,0,0,0,3053453311,3342860287,3361734655,2859454892.52,2122
1781850438,0,286260,0,585.79,1931.39,1589247,3246079,120520703,974127103,2743074815,326656,3739222015,204148066.82,494560747.83,286260,10,10,10,0,0,0,0,0,0,3433037823,3670015999,3699376127,3139562459.96,1932
1781850439,0,287569,0,587.27,1310.11,1593343,3323903,126550015,1003487231,3229614079,326656,4307550207,219930274.50,546648066.44,287569,10,10,10,0,0,0,0,0,0,3776970751,4215275519,4294967295,3671278456.67,1309
1781850440,0,288878,0,588.74,1308.82,1597439,3405823,132644863,1065353215,3470786559,326656,4815060991,238304946.24,610285926.47,288878,10,10,10,0,0,0,0,0,0,4500488191,4726980607,4802478079,4274963445.83,1309
1781850441,0,290324,0,590.48,1445.23,1601535,3512319,139984895,1205862399,3873439743,326656,5368709119,260753526.43,686994430.82,290324,10,10,10,0,0,0,0,0,0,4919918591,5171576831,5356126207,4745470643.16,1446
1781850442,0,291966,0,592.62,1641.68,1607679,3680255,150863871,1419771903,4609540095,326656,5888802815,288921074.19,781214330.02,291966,10,10,10,0,0,0,0,0,0,5301600255,5838471167,5867831295,5269259157.98,1642
1781850443,0,293688,0,594.90,1722.24,1612799,3921919,164102143,1824522239,5104467967,326656,6354370559,320956161.95,883975887.68,293688,10,10,10,0,0,0,0,0,0,5809111039,6304038911,6341787647,5752522036.03,1722
1781850444,0,295845,0,598.06,2156.91,1619967,4354047,182190079,2334130175,5645533183,326656,6790578175,362365831.37,1005197812.94,295845,10,10,10,0,0,0,0,0,0,5716836351,6748635135,6782189567,6000531335.42,2157
1781850445,0,297956,0,601.12,2112.25,1626111,5050367,201588735,2644508671,5813305343,326656,7201619967,403815717.16,1116476022.01,297956,10,10,10,0,0,0,0,0,0,5788139519,7138705407,7180648447,6212788460.72,2111
1781850446,0,299846,0,603.71,1890.39,1632255,5709823,216793087,3250585599,6211764223,326656,7423918079,442836737.45,1217146060.78,299846,10,10,10,0,0,0,0,0,0,6853492735,7361003519,7402946559,6594448970.23,1890
1781850447,0,301686,0,606.19,1838.80,1638399,6389759,233701375,3550478335,6706692095,326656,7893680127,483731734.89,1321958903.52,301686,10,10,10,0,0,0,0,0,0,7503609855,7813988351,7872708607,7147971628.52,1840
1781850448,0,303074,0,607.76,1388.33,1642495,6950911,248512511,4133486591,6958350335,326656,8212447231,514841914.86,1397124477.27,303074,10,10,10,0,0,0,0,0,0,6870269951,8111783935,8199864319,7276733667.23,1388
1781850449,0,304445,0,609.29,1371.40,1646591,7413759,263323647,4664066047,7180648447,326656,8615100415,546259064.99,1470842632.88,304445,10,10,10,0,0,0,0,0,0,7021264895,8434745343,8564768767,7491351230.09,1371
1781850450,0,306002,0,611.18,1556.78,1652735,7933951,277872639,5091885055,7415529471,326656,8833204223,583578284.46,1558036747.42,306002,10,10,10,0,0,0,0,0,0,7436500991,8766095359,8833204223,7880720078.84,1557
1781850451,0,307466,0,612.88,1463.84,1657855,8413183,291241983,5523898367,7642021887,326656,9261023231,619353065.51,1638876621.40,307466,10,10,10,0,0,0,0,0,0,7629438975,9193914367,9252634623,8096917649.49,1464
1781850452,0,309347,0,615.41,1881.16,1662975,9011199,310902783,5691670527,8023703551,326656,9269411839,667592030.59,1747203605.03,309347,10,10,10,0,0,0,0,0,0,9034530815,9235857407,9252634623,8552675302.96,1881
1781850453,0,310622,0,616.71,1274.25,1667071,9404415,322961407,5796528127,8472494079,326656,9311354879,700714806.81,1818565158.85,310622,10,10,10,0,0,0,0,0,0,9017753599,9269411839,9302966271,8737131634.85,1275
1781850454,0,312797,0,619.80,2175.50,1674239,10076159,347078655,6270484479,8967421951,326656,9344909311,757412465.58,1934990709.17,312797,10,10,10,0,0,0,0,0,0,8564768767,9302966271,9319743487,8854672311.03,2175
1781850455,0,314285,0,621.52,1488.95,1679359,10518527,360972287,6589251583,9093251071,326656,9445572607,796293312.93,2011149938.93,314285,10,10,10,0,0,0,0,0,0,8841592831,9412018175,9437183999,8969554338.41,1488
1781850456,0,318970,0,629.54,4683.44,1694719,11943935,413138943,7432306687,10552868863,326656,16114515967,963187406.84,2436369775.49,318970,10,10,10,0,0,0,0,0,0,12465471487,15686696959,15997075455,12158984697.33,4685
1781850457,0,323501,0,637.22,4528.33,1710079,13287423,465567743,8044675071,12171870207,326656,16953376767,1090909696.62,2669157516.40,323501,10,10,10,0,0,0,0,0,0,9546235903,16282288127,16810770431,10082209358.99,4531
1781850458,0,326280,0,641.44,2780.34,1718271,14139391,490995711,8476688383,13153337343,326656,16953376767,1162859051.53,2787652545.25,326280,10,10,10,0,0,0,0,0,0,9764339711,15351152639,15686696959,9538421579.08,2779
1781850459,0,327396,0,642.37,1116.24,1722367,14467071,500695039,8497659903,13170114559,326656,16953376767,1186094192.57,2815420153.85,327396,10,10,10,0,0,0,0,0,0,6710886399,11718885375,14906556415,7979249942.94,1116
1781850460,0,329255,0,644.75,1858.67,1728511,15048703,515637247,8673820671,13665042431,326656,16953376767,1249256880.48,2932150444.71,329255,10,10,10,0,0,0,0,0,0,12549357567,14596177919,14831058943,12373093014.10,1859
1781850461,0,330407,0,645.74,1151.93,1732607,15400959,525860863,8808038399,13648265215,326656,16953376767,1275818389.87,2961823953.92,330407,10,10,10,0,0,0,0,0,0,8849981439,10359930879,10519314431,8867406734.22,1152
1781850462,0,330944,0,645.53,536.82,1734655,15589375,530317311,8799649791,13639876607,326656,16953376767,1286469941.38,2971192169.24,330944,10,10,10,0,0,0,0,0,0,7872708607,7914651647,7931428863,7840189083.41,537
1781850463,0,330956,0,644.29,12.01,1734655,15589375,530317311,8799649791,13639876607,326656,16953376767,1286710992.32,2971407964.44,330956,10,10,10,0,0,0,0,0,0,7939817471,7939817471,7939817471,7934574592.00,12
1781850464,0,331685,0,644.46,729.08,1736703,15826943,536870911,8917090303,13639876607,326656,16953376767,1303659521.67,2990028894.61,331685,10,10,10,0,0,0,0,0,0,9009364991,9068085247,9101639679,8998059357.76,729
1781850465,0,337031,0,653.58,5342.66,1755135,17498111,592969727,9219080191,15099494399,326656,16953376767,1501345048.28,3363031910.21,337031,10,10,10,0,0,0,0,0,0,14269022207,16559112191,16802381823,13766463621.32,5346
1781850466,0,340987,0,659.97,3956.82,1767423,18743295,631767039,9672065023,15300820991,326656,16953376767,1622659018.83,3534429793.95,340987,10,10,10,0,0,0,0,0,0,11886657535,16022241279,16357785599,11957989860.56,3956
1781850467,0,345174,0,666.78,4189.88,1781759,20332543,686292991,10544480255,15351152639,326656,19629342719,1740361387.08,3679693675.66,345174,10,10,10,0,0,0,0,0,0,10754195455,14982053887,19495124991,11325978163.73,4187
1781850468,0,346307,0,667.68,1132.90,1785855,20791295,701497343,10787749887,15762194431,326656,19629342719,1791873329.60,3784159763.55,346307,10,10,10,0,0,0,0,0,0,18085838847,19058917375,19193135103,17485238948.04,1133
1781850469,0,347690,0,669.06,1382.62,1789951,21282815,716701695,11265900543,16265510911,326656,21407727615,1862008493.53,3938017108.37,347690,10,10,10,0,0,0,0,0,0,20250099711,21189623807,21374173183,19424046248.08,1383
1781850470,0,349108,0,670.50,1418.21,1795071,21790719,738721791,11685330943,16819159039,326656,21407727615,1929574800.59,4070770675.70,349108,10,10,10,0,0,0,0,0,0,18488492031,20518535167,20686307327,18496661755.31,1418
1781850471,0,352789,0,676.27,3681.51,1807359,23085055,814743551,12851347455,18152947711,326656,21407727615,2079323777.50,4311193993.30,352789,10,10,10,0,0,0,0,0,0,15862857727,20719861759,21189623807,16281596483.74,3681
1781850472,0,355605,0,680.36,2813.56,1816575,24248319,848297983,13312720895,18203279359,326656,21407727615,2175696271.57,4431929268.23,355605,10,10,10,0,0,0,0,0,0,14000586751,18001952767,18371051519,14249260125.09,2816
1781850473,0,356705,0,681.16,1100.82,1819647,24707071,862453759,13463715839,18203279359,326656,21407727615,2210862353.70,4470391464.92,356705,10,10,10,0,0,0,0,0,0,13555990527,15200157695,15342764031,13579257476.19,1100
1781850474,0,358005,0,682.34,1299.93,1824767,25264127,879755263,13790871551,18186502143,326656,21407727615,2258230101.16,4530741539.15,358005,10,10,10,0,0,0,0,0,0,15216934911,15611199487,15703474175,15255393453.29,1300
1781850475,0,358961,0,682.86,955.29,1827839,25673727,898629631,14034141183,18186502143,326656,21407727615,2292832472.52,4573988447.28,358961,10,10,10,0,0,0,0,0,0,15191769087,15510536191,15544090623,15250805233.00,956
1781850476,0,359741,0,683.05,780.02,1830911,26050559,914882559,14227079167,18169724927,326656,21407727615,2321111498.05,4609130788.01,359741,10,10,10,0,0,0,0,0,0,15367929855,15569256447,15611199487,15335300321.81,780
1781850477,0,361145,0,684.41,1404.77,1835007,26738687,950534143,14545846271,18152947711,326656,21407727615,2372012016.85,4671806358.80,361145,10,10,10,0,0,0,0,0,0,15418261503,15938355199,15988686847,15414037326.04,1404
1781850478,0,361901,0,684.55,755.64,1837055,27082751,963641343,14722007039,18152947711,326656,21407727615,2399256745.05,4704767345.31,361901,10,10,10,0,0,0,0,0,0,15426650111,15695085567,15720251391,15414200352.51,756
1781850479,0,361901,0,683.26,0.00,1837055,27082751,963641343,14722007039,18152947711,326656,21407727615,2399256745.05,4704767345.31,361901,10,10,10,0,0,0,0,0,0,0,0,0,0.00,0
1781850480,0,364782,0,687.40,2879.06,1847295,28377087,1022885887,15082717183,18136170495,326656,21407727615,2504997090.77,4834387390.02,364782,10,10,10,0,0,0,0,0,0,15804137471,17230200831,17347641343,15787724218.51,2881
1781850481,0,366440,0,689.22,1658.49,1853439,29065215,1092616191,15183380479,18941476863,326656,21407727615,2579622138.03,4949136102.62,366440,10,10,10,0,0,0,0,0,0,19058917375,19730006015,19813892095,18998122735.63,1658
1781850482,0,369005,0,692.74,2566.54,1861631,30343167,1308622847,15384707071,19126026239,326656,21407727615,2689226482.90,5103379779.09,369005,10,10,10,0,0,0,0,0,0,18354274303,19612565503,19730006015,18347478386.88,2565
1781850483,0,369953,0,693.22,947.87,1864703,30785535,1437597695,15460204543,19126026239,326656,21407727615,2726520326.76,5149684079.33,369953,10,10,10,0,0,0,0,0,0,17171480575,17649631231,17683185663,17242991689.45,948
1781850484,0,370427,0,692.81,474.05,1866751,31047679,1471152127,15502147583,19126026239,326656,21407727615,2745046927.26,5172355496.91,370427,10,10,10,0,0,0,0,0,0,17104371711,17532190719,17548967935,17204902276.86,474
1781850485,0,370886,0,692.37,458.66,1867775,31260671,1506803711,15535702015,19126026239,326656,21407727615,2763496682.95,5195659487.00,370886,10,10,10,0,0,0,0,0,0,17616076799,17951621119,17985175551,17653012261.37,459
1781850486,0,375758,0,700.16,4873.56,1886207,33980415,2432696319,16257122303,20468203519,326656,29628563455,3013887934.83,5625197934.24,375758,10,10,10,0,0,0,0,0,0,21843935231,28840034303,29460791295,22075178954.19,4872
1781850487,0,376394,0,700.04,636.23,1888255,34308095,2478833663,16349396991,20468203519,326656,29628563455,3039349286.64,5654725719.65,376394,10,10,10,0,0,0,0,0,0,18891145215,19058917375,19075694591,18082284241.31,636
1781850488,0,377256,0,700.34,861.34,1891327,34865151,2615148543,16450060287,20468203519,326656,29628563455,3073902281.92,5694748186.04,377256,10,10,10,0,0,0,0,0,0,19260243967,19344130047,19360907263,18161535817.06,862
1781850489,0,382741,0,709.21,5488.31,1910783,38371327,3770679295,17381195775,24696061951,326656,32161923071,3365251409.92,6175624064.17,382741,10,10,10,0,0,0,0,0,0,23068671999,31255953407,31994150911,23404122263.59,5485
1781850490,0,383237,0,708.82,496.16,1912831,38699007,3873439743,17448304639,24696061951,326656,32161923071,3385526932.28,6197481011.94,383237,10,10,10,0,0,0,0,0,0,19914555391,19998441471,20065550335,19031240043.35,496
1781850491,0,385552,0,711.78,2313.32,1921023,40566783,4596957183,17498636287,24645730303,326656,32161923071,3464388779.05,6262693190.94,385552,10,10,10,0,0,0,0,0,0,16206790655,20082327551,20099104767,16519584273.91,2315
1781850492,0,394628,0,727.19,9078.39,1954815,48857087,5775556607,19008585727,28085059583,326656,33923530751,3922797176.36,6930879833.42,394628,10,10,10,0,0,0,0,0,0,24343740415,32447135743,33638318079,23396163681.48,9076
1781850493,0,395255,0,727.01,626.67,1957887,49610751,5821693951,19092471807,28085059583,326656,33923530751,3952384522.23,6965691270.12,395255,10,10,10,0,0,0,0,0,0,23219666943,24142413823,24209522687,22574386318.09,627
1781850494,0,403517,0,740.84,8267.01,1988607,60588031,6983516159,19193135103,28017950719,326656,33923530751,4165994039.03,7065997948.43,403517,10,10,10,0,0,0,0,0,0,13774094335,21021851647,22112370687,14385097109.04,8262
1781850495,0,416564,0,763.40,13051.88,2039807,84606975,8493465599,20719861759,28370272255,326656,33923530751,4651144731.50,7547240697.20,416564,10,10,10,0,0,0,0,0,0,21307064319,28219277311,29074915327,19655862442.31,13047
1781850496,0,422008,0,771.96,5441.98,2063359,99221503,8900313087,20803747839,28336717823,326656,33923530751,4776989825.66,7597491437.56,422008,10,10,10,0,0,0,0,0,0,13799260159,23823646719,24545067007,14406404925.13,5444
1781850497,0,425457,0,776.85,3447.67,2077695,109641727,9009364991,21005074431,28319940607,326656,33923530751,4867367364.28,7648706652.37,425457,10,10,10,0,0,0,0,0,0,17968398335,22800236543,23202889727,15925657975.28,3449
1781850498,0,427555,0,779.25,2099.22,2085887,115933183,9093251071,20971519999,28303163391,326656,33923530751,4912218102.92,7657556578.15,427555,10,10,10,0,0,0,0,0,0,14059307007,16626221055,16903045119,14007575925.87,2098
1781850499,0,427673,0,778.05,117.94,2086911,116129791,9093251071,20971519999,28303163391,326656,33923530751,4914183897.75,7657416375.64,427673,10,10,10,0,0,0,0,0,0,11836325887,12616466431,12624855039,12036941581.02,118
1781850500,0,427895,0,777.04,221.98,2087935,116588543,9101639679,20971519999,28303163391,326656,33923530751,4918378383.40,7657645908.00,427895,10,10,10,0,0,0,0,0,0,13019119615,13329498111,13363052543,12998866039.93,222
1781850501,0,427963,0,775.76,68.02,2087935,116850687,9101639679,20971519999,28303163391,326656,33923530751,4919765690.69,7657828305.25,427963,10,10,10,0,0,0,0,0,0,13648265215,13681819647,13681819647,13649498834.82,68
1781850502,0,428311,0,774.98,348.11,2088959,117768191,9118416895,20954742783,28303163391,326656,33923530751,4927568332.22,7659607119.91,428311,10,10,10,0,0,0,0,0,0,14461960191,15032385535,15049162751,14523090967.54,348
1781850503,0,428371,0,773.69,59.97,2089983,117964799,9118416895,20954742783,28303163391,326656,33923530751,4929053323.76,7660098937.64,428371,10,10,10,0,0,0,0,0,0,15745417215,15762194431,15762194431,15529690180.27,60
1781850504,0,441131,0,795.30,12758.78,2144255,167510015,10217324543,23655874559,30601641983,326656,34628173823,5500368933.23,8305358090.84,441131,10,10,10,0,0,0,0,0,0,24880611327,33252442111,34175188991,24680230919.70,12760
1781850505,0,442255,0,795.89,1123.71,2148351,173670399,10351542271,23739760639,30853300223,326656,34628173823,5536427452.37,8335832592.33,442255,10,10,10,0,0,0,0,0,0,15678308351,31692161023,31843155967,19688145070.92,1124
1781850506,0,442899,0,795.62,644.34,2152447,177078271,10452205567,23840423935,30953963519,326656,34628173823,5565215767.92,8367272630.76,442899,10,10,10,0,0,0,0,0,0,30500978687,31423725567,31507611647,25335055048.35,644
1781850507,0,444790,0,797.58,1891.86,2160639,188743679,10695475199,23941087231,30970740735,326656,34628173823,5633695723.67,8421374720.55,444790,10,10,10,0,0,0,0,0,0,18840813567,30802968575,31054626815,21672671885.06,1891
1781850508,0,447872,0,801.67,3082.27,2172927,206438399,11098128383,24276631551,30953963519,326656,34628173823,5743637938.05,8507826696.60,447872,10,10,10,0,0,0,0,0,0,18404605951,29494345727,29896998911,21610347066.14,3082
1781850509,0,449395,0,802.96,1521.77,2181119,214564863,11307843583,24511512575,30953963519,326656,34628173823,5807335985.17,8563662673.74,449395,10,10,10,0,0,0,0,0,0,24595398655,26474446847,26675773439,24539162485.49,1523
1781850510,0,449395,0,801.53,0.00,2181119,214564863,11307843583,24511512575,30953963519,326656,34628173823,5807335985.17,8563662673.74,449395,10,10,10,0,0,0,0,0,0,0,0,0,0.00,0
1781850511,0,457476,0,814.49,8087.32,2217983,268173311,11685330943,24444403711,30920409087,326656,34628173823,5954137496.65,8606968429.63,457476,10,10,10,0,0,0,0,0,0,13740539903,23655874559,24612175871,14117961930.75,8081
1781850512,0,458345,0,814.59,869.03,2222079,274202623,11685330943,24427626495,30903631871,326656,34628173823,5955989308.34,8604974306.67,458345,10,10,10,0,0,0,0,0,0,2887778303,19964887039,20652752895,6930856287.15,869
1781850513,0,459399,0,815.01,1053.32,2226175,276561919,11660165119,24410849279,30903631871,326656,34628173823,5944512084.02,8598532016.86,459399,10,10,10,0,0,0,0,0,0,681574399,2564816895,2753560575,953498441.59,1054
1781850514,0,460137,0,814.87,737.89,2228223,276561919,11676942335,24410849279,30903631871,326656,34628173823,5949447247.64,8599378536.39,460137,10,10,10,0,0,0,0,0,0,16064184319,18085838847,18203279359,9021546474.49,738
1781850515,0,463040,0,818.57,2903.03,2240511,288620543,11676942335,24377294847,30886854655,326656,34628173823,5956353235.32,8582346837.27,463040,10,10,10,0,0,0,0,0,0,7042236415,15082717183,15804137471,7050979640.48,2903
1781850516,0,463533,0,817.99,493.38,2240511,286261247,11668553727,24360517631,30886854655,326656,34628173823,5950021178.39,8579976486.82,463533,10,10,10,0,0,0,0,0,0,2754559,4159487,4780031,2768354.92,493
1781850517,0,464037,0,817.44,504.04,2240511,283377663,11651776511,24360517631,30886854655,326656,34628173823,5943563670.54,8577551634.32,464037,10,10,10,0,0,0,0,0,0,3004415,10895359,49315839,4539887.24,504
1781850518,0,464537,0,816.88,499.80,2240511,279707647,11643387903,24360517631,30886854655,326656,34628173823,5937169764.15,8575146791.80,464537,10,10,10,0,0,0,0,0,0,2949119,4833279,15499263,3151488.00,500
1781850519,0,465030,0,816.31,493.21,2238463,276824063,11626610687,24343740415,30886854655,326656,34628173823,5930878397.79,8572775669.54,465030,10,10,10,0,0,0,0,0,0,2770943,4276223,7004159,2739538.30,493
1781850520,0,465540,0,815.78,509.83,2238463,273940479,11609833471,24343740415,30886854655,326656,34628173823,5924385801.08,8570321370.47,465540,10,10,10,0,0,0,0,0,0,3125247,11083775,39714815,4283359.37,510
1781850521,0,466030,0,815.21,490.15,2238463,270794751,11601444863,24326963199,30870077439,326656,34628173823,5918159944.52,8567963964.30,466030,10,10,10,0,0,0,0,0,0,2957311,4829183,7647231,3087977.53,490
1781850522,0,466533,0,814.66,503.02,2238463,266993663,11584667647,24326963199,30870077439,326656,34628173823,5911782332.57,8565543927.04,466533,10,10,10,0,0,0,0,0,0,2740223,4968447,9691135,2918520.11,503
1781850523,0,467040,0,814.12,506.75,2238463,264110079,11567890431,24326963199,30870077439,326656,34628173823,5905369389.07,8563103420.24,467040,10,10,10,0,0,0,0,0,0,2662399,12648447,51871743,4285029.49,507
1781850524,0,467534,0,813.57,494.26,2238463,260833279,11559501823,24310185983,30870077439,326656,34628173823,5899132777.09,8560726325.07,467534,10,10,10,0,0,0,0,0,0,2766847,4591615,6103039,2883267.89,494
1781850525,0,468032,0,813.02,497.99,2238463,257163263,11542724607,24310185983,30870077439,326656,34628173823,5892859330.34,8558329576.82,468032,10,10,10,0,0,0,0,0,0,2979839,6406143,12099583,3201389.49,498
1781850526,0,468534,0,812.48,501.99,2238463,253755391,11525947391,24293408767,30870077439,326656,34628173823,5886548743.40,8555913586.74,468534,10,10,10,0,0,0,0,0,0,2856959,4755455,7290879,2969811.63,502
1781850527,0,469040,0,811.95,505.55,2236415,250347519,11509170175,24293408767,30870077439,326656,34628173823,5880201279.04,8553478375.70,469040,10,10,10,0,0,0,0,0,0,2754559,4202495,4939775,2725252.55,506
1781850528,0,469533,0,811.40,493.42,2236415,246415359,11492392959,24293408767,30853300223,326656,34628173823,5874030278.65,8551105438.38,469533,10,10,10,0,0,0,0,0,0,2820095,4804607,6332415,2943014.43,493
1781850529,0,470040,0,810.87,506.58,2236415,242614271,11475615743,24276631551,30853300223,326656,34628173823,5867697411.64,8548665077.95,470040,10,10,10,0,0,0,0,0,0,2830335,3979263,5799935,2825528.05,507
1781850530,0,470540,0,810.34,500.16,2236415,239730687,11458838527,24276631551,30853300223,326656,34628173823,5861465372.08,8546258282.28,470540,10,10,10,0,0,0,0,0,0,2836479,4825087,5533695,2849619.46,500
1781850531,0,471030,0,809.79,490.01,2236415,236191743,11442061311,24259854335,30853300223,326656,34628173823,5855370953.40,8543899429.31,471030,10,10,10,0,0,0,0,0,0,2938879,4476927,6209535,2987755.10,490
1781850532,0,471536,0,809.27,506.09,2236415,232259583,11416895487,24259854335,30853300223,326656,34628173823,5849091253.56,8541463175.98,471536,10,10,10,0,0,0,0,0,0,2617343,4796415,30687231,3385692.58,506
1781850533,0,472040,0,808.74,503.72,2234367,229375999,11400118271,24243077119,30853300223,326656,34628173823,5842849247.45,8539036827.31,472040,10,10,10,0,0,0,0,0,0,2729983,4878335,7274495,2907593.14,504
1781850534,0,472540,0,808.21,500.23,2234367,226885631,11383341055,24243077119,30853300223,326656,34628173823,5836669941.90,8536629672.19,472540,10,10,10,0,0,0,0,0,0,2832383,4902911,6709247,2911160.32,500
1781850535,0,473031,0,807.67,491.26,2234367,224133119,11366563839,24243077119,30836523007,326656,34628173823,5830614397.39,8534265921.23,473031,10,10,10,0,0,0,0,0,0,2680831,4247551,5894143,2738632.73,491
1781850536,0,473537,0,807.16,505.83,2234367,220069887,11341398015,24243077119,30836523007,326656,34628173823,5824387132.78,8531829827.43,473537,10,10,10,0,0,0,0,0,0,2729983,4894719,6774783,2866955.64,506
1781850537,0,474030,0,806.62,493.10,2234367,217317375,11333009407,24226299903,30836523007,326656,34628173823,5818332634.89,8529456303.00,474030,10,10,10,0,0,0,0,0,0,2750463,4812799,5492735,2858460.17,493
1781850538,0,474532,0,806.11,501.94,2234367,214564863,11316232191,24226299903,30836523007,326656,34628173823,5812180941.91,8527039159.20,474532,10,10,10,0,0,0,0,0,0,3047423,5631999,8937471,3242655.62,502
1781850539,0,475030,0,805.58,497.82,2234367,212205567,11291066367,24209522687,30836523007,326656,34628173823,5806090581.08,8524641638.08,475030,10,10,10,0,0,0,0,0,0,2590719,4820991,7479295,2734947.73,498
1781850540,0,475540,0,805.08,509.82,2234367,209190911,11274289151,24209522687,30836523007,326656,34628173823,5799867091.11,8522186080.35,475540,10,10,10,0,0,0,0,0,0,2893823,5722111,7667711,3113286.78,510
1781850541,0,476033,0,804.56,493.44,2234367,206700543,11257511935,24192745471,30836523007,326656,34628173823,5793863708.03,8519812410.15,476033,10,10,10,0,0,0,0,0,0,3026943,5017599,6176767,3095369.74,493
1781850542,0,476533,0,804.04,499.69,2234367,203948031,11240734719,24192745471,30836523007,326656,34628173823,5787787829.54,8517405032.12,476533,10,10,10,0,0,0,0,0,0,2805759,5435391,14655487,3150502.40,500
1781850543,0,477039,0,803.54,506.33,2234367,201457663,11215568895,24192745471,30819745791,326656,34628173823,5781652896.03,8514968211.25,477039,10,10,10,0,0,0,0,0,0,2672639,9363455,36700159,3988327.21,506
1781850544,0,477538,0,803.03,498.96,2232319,198574079,11190403071,24175968255,30819745791,326656,34628173823,5775614510.34,8512565875.28,477538,10,10,10,0,0,0,0,0,0,2895871,5050367,7426047,2978290.66,499
1781850545,0,478030,0,802.51,491.90,2232319,195166207,11173625855,24175968255,30819745791,326656,34628173823,5769673119.40,8510197343.15,478030,10,10,10,0,0,0,0,0,0,2830335,4763647,8814591,2925262.57,492
1781850546,0,478540,0,802.02,510.09,2232319,192151551,11156848639,24175968255,30819745791,326656,34628173823,5763527243.09,8507742247.45,478540,10,10,10,0,0,0,0,0,0,2574335,6729727,8335359,2913026.51,510
1781850547,0,479038,0,801.51,497.79,2232319,189661183,11131682815,24159191039,30819745791,326656,34628173823,5757538822.29,8505344861.51,479038,10,10,10,0,0,0,0,0,0,3071999,4616191,6946815,3123378.38,498
1781850548,0,479537,0,801.00,499.22,2232319,186515455,11106516991,24159191039,30819745791,326656,34628173823,5751550755.59,8502942828.21,479537,10,10,10,0,0,0,0,0,0,3041279,4665343,5828607,3030721.41,499
1781850549,0,480035,0,800.50,498.06,2232319,183369727,11081351167,24142413823,30802968575,326656,34628173823,5745587027.59,8500545769.97,480035,10,10,10,0,0,0,0,0,0,2889727,4452351,6602751,2960056.03,498
1781850550,0,481490,0,801.59,1454.58,2238463,184025087,11022630911,24125636607,30802968575,326656,34628173823,5728848632.49,8493139960.56,481490,10,10,10,0,0,0,0,0,0,195297279,432013311,442761215,206501216.24,1455
1781850551,0,483276,0,803.22,1786.13,2246655,194117631,10947133439,24108859391,30802968575,326656,34628173823,5710679229.15,8482684267.06,483276,10,10,10,0,0,0,0,0,0,825229311,1064828927,1094713343,812366789.52,1786
1781850552,0,484756,0,804.34,1479.03,2252799,202375167,10888413183,24092082175,30786191359,326656,34628173823,5697567554.55,8473044484.07,484756,10,10,10,0,0,0,0,0,0,1393557503,1728053247,1767899135,1416109681.47,1480
1781850553,0,485688,0,804.56,931.76,2256895,207486975,10846470143,24075304959,30786191359,326656,34628173823,5691333049.66,8466109035.17,485688,10,10,10,0,0,0,0,0,0,2483027967,2703228927,2730491903,2448614536.24,932
1781850554,0,486775,0,805.02,1087.46,2260991,212991999,10804527103,24075304959,30786191359,326656,34628173823,5685359669.81,8457604386.78,486775,10,10,10,0,0,0,0,0,0,3019898879,3489660927,3510632447,3016363432.86,1087
1781850555,0,488023,0,805.76,1248.89,2267135,219807743,10754195455,24058527743,30769414143,326656,34628173823,5680569650.36,8447318268.45,488023,10,10,10,0,0,0,0,0,0,3776970751,4093640703,4362076159,3812250965.33,1248
1781850556,0,489549,0,806.94,1524.94,2273279,229375999,10703863807,24024973311,30769414143,326656,34628173823,5676929228.63,8434402428.49,489549,10,10,10,0,0,0,0,0,0,4487905279,4802478079,4831838207,4512702796.83,1526
1781850557,0,490635,0,807.40,1085.89,2277375,235929599,10670309375,24024973311,30752636927,326656,34628173823,5676140684.39,8425090921.45,490635,10,10,10,0,0,0,0,0,0,5330960383,5846859775,5884608511,5320679318.39,1086
1781850558,0,492070,0,808.43,1435.06,2283519,245497855,10619977727,24008196095,30752636927,326656,34628173823,5677401163.95,8412842171.50,492070,10,10,10,0,0,0,0,0,0,6090129407,6597640191,6627000319,6108366592.54,1435
1781850559,0,492977,0,808.59,906.86,2287615,252051455,10586423295,23991418879,30752636927,326656,34628173823,5679306548.94,8405225625.77,492977,10,10,10,0,0,0,0,0,0,6677331967,7293894655,7319060479,6713025171.33,907
1781850560,0,495525,0,811.44,2548.86,2297855,268697599,10477371391,23957864447,30735859711,326656,34628173823,5688489791.44,8384576937.87,495525,10,10,10,0,0,0,0,0,0,7440695295,7826571263,8090812415,7465227365.27,2548
1781850561,0,497183,0,812.83,1658.01,2306047,278659071,10401873919,23941087231,30735859711,326656,34628173823,5695675771.89,8371524469.04,497183,10,10,10,0,0,0,0,0,0,7906263039,8237613055,8355053567,7843343420.53,1658
1781850562,0,500676,0,817.20,3494.23,2322431,299630591,10250878975,23890755583,30719082495,326656,34628173823,5716994328.74,8346184591.82,500676,10,10,10,0,0,0,0,0,0,8774483967,9210691583,9328132095,8751412894.45,3493
1781850563,0,503348,0,820.22,2671.54,2336767,317718527,10141827071,23857201151,30702305279,326656,34628173823,5733487223.88,8327109980.76,503348,10,10,10,0,0,0,0,0,0,8707375103,9563013119,9638510591,8823905175.76,2672
1781850564,0,506982,0,824.80,3632.83,2353151,341573631,9974054911,23806869503,30685528063,326656,34628173823,5758776721.91,8302606192.77,506982,10,10,10,0,0,0,0,0,0,9302966271,9747562495,9781116927,9261643605.80,3634
1781850565,0,510679,0,829.47,3699.26,2371583,366477311,9915334655,23773315071,30668750847,326656,34628173823,5785926445.02,8278664341.55,510679,10,10,10,0,0,0,0,0,0,9579790335,10007609343,10083106815,9509058963.84,3697
1781850566,0,514247,0,833.91,3567.31,2387967,390856703,10041163775,23722983423,30635196415,326656,34628173823,5814695457.06,8257121433.87,514247,10,10,10,0,0,0,0,0,0,10074718207,10267656191,10343153663,9932332872.32,3568
1781850567,0,516718,0,836.56,2471.07,2400255,407371775,10091495423,23689428991,30635196415,326656,34628173823,5835138433.94,8242674725.51,516718,10,10,10,0,0,0,0,0,0,10175381503,10603200511,10653532159,10089585835.98,2471
1781850568,0,518926,0,838.77,2207.09,2412543,423886847,10175381503,23672651775,30618419199,326656,34628173823,5856282328.41,8231513513.49,518926,10,10,10,0,0,0,0,0,0,10947133439,11198791679,11240734719,10804394132.41,2208
1781850569,0,522975,0,843.95,4048.91,2435071,454819839,10410262527,23622320127,30601641983,326656,34628173823,5897043182.80,8212583725.46,522975,10,10,10,0,0,0,0,0,0,11064573951,11458838527,11500781567,11121016293.82,4049
1781850570,0,525769,0,847.10,2794.43,2449407,471597055,10636754943,23588765695,30584864767,326656,34628173823,5926245753.86,8200492875.10,525769,10,10,10,0,0,0,0,0,0,11366563839,11836325887,11953766399,11392321129.92,2794
1781850571,0,528981,0,850.90,3210.05,2467839,492044287,10854858751,23555211263,30568087551,326656,34628173823,5961393794.61,8187951429.33,528981,10,10,10,0,0,0,0,0,0,11785994239,12129927167,12171870207,11714740693.28,3212
1781850572,0,531636,0,853.80,2656.70,2482175,505937919,11005853695,23521656831,30551310335,326656,34628173823,5993355057.70,8179965999.84,531636,10,10,10,0,0,0,0,0,0,12415139839,12809404415,12842958847,12361302670.13,2655
1781850573,0,535977,0,859.39,4342.12,2506751,530055167,11140071423,23471325183,30517755903,326656,34628173823,6045857930.56,8167559600.22,535977,10,10,10,0,0,0,0,0,0,12591300607,13144948735,13186891775,12475808935.25,4341
1781850574,0,537802,0,860.94,1824.90,2516991,540540927,11232346111,23454547967,30517755903,326656,34628173823,6068048821.25,8162615540.99,537802,10,10,10,0,0,0,0,0,0,12834570239,13304332287,13346275327,12585203354.02,1825
1781850575,0,539372,0,862.07,1569.78,2525183,550502399,11299454975,23420993535,30500978687,326656,34628173823,6090742763.53,8161551253.85,539372,10,10,10,0,0,0,0,0,0,13849591807,14210301951,14227079167,13864531010.53,1570
1781850576,0,540072,0,861.81,700.05,2529279,555745279,11333009407,23420993535,30500978687,326656,34628173823,6101534539.82,8161764484.45,540072,10,10,10,0,0,0,0,0,0,14453571583,14797504511,14831058943,14416937334.49,700
1781850577,0,540562,0,861.22,490.08,2531327,558891007,11349786623,23404216319,30500978687,326656,34628173823,6109795041.03,8162683028.03,540562,10,10,10,0,0,0,0,0,0,15367929855,15678308351,16114515967,15214418329.60,490
1781850578,0,541695,0,861.65,1132.13,2537471,567279615,11383341055,23404216319,30484201471,326656,34628173823,6130412351.28,8166573922.71,541695,10,10,10,0,0,0,0,0,0,15963521023,16282288127,16315842559,15967071189.52,1133
1781850579,0,541984,0,860.74,288.97,2539519,569376767,11391729663,23387439103,30484201471,326656,34628173823,6136078794.09,8168085272.75,541984,10,10,10,0,0,0,0,0,0,16777215999,17448304639,17448304639,16757129782.92,289
1781850580,0,542119,0,859.59,135.07,2541567,569901055,11391729663,23387439103,30484201471,326656,34628173823,6138970611.95,8169123381.91,542119,10,10,10,0,0,0,0,0,0,17733517311,17834180607,17834180607,17748741082.07,135
1781850581,0,542224,0,858.39,104.98,2541567,570949631,11400118271,23387439103,30484201471,326656,34628173823,6141487851.17,8170334911.17,542224,10,10,10,0,0,0,0,0,0,19092471807,19360907263,19360907263,19138089857.22,105
1781850582,0,542452,0,857.40,228.05,2541567,571998207,11408506879,23387439103,30484201471,326656,34628173823,6147330953.88,8173587015.17,542452,10,10,10,0,0,0,0,0,0,20015218687,20266876927,20266876927,20043254298.95,228
1781850583,0,542634,0,856.33,181.97,2543615,573571071,11408506879,23387439103,30484201471,326656,34628173823,6152227129.05,8176587240.61,542634,10,10,10,0,0,0,0,0,0,20786970623,21021851647,21038628863,20745304131.52,182
1781850584,0,542634,0,854.98,0.00,2543615,573571071,11408506879,23387439103,30484201471,326656,34628173823,6152227129.05,8176587240.61,542634,10,10,10,0,0,0,0,0,0,0,0,0,0.00,0
1781850585,0,542634,0,853.64,0.00,2543615,573571071,11408506879,23387439103,30484201471,326656,34628173823,6152227129.05,8176587240.61,542634,10,10,10,0,0,0,0,0,0,0,0,0,0.00,0
1781850586,0,542634,0,852.30,0.00,2543615,573571071,11408506879,23387439103,30484201471,326656,34628173823,6152227129.05,8176587240.61,542634,10,10,10,0,0,0,0,0,0,0,0,0,0.00,0
1781850587,0,542634,0,850.96,0.00,2543615,573571071,11408506879,23387439103,30484201471,326656,34628173823,6152227129.05,8176587240.61,542634,10,10,10,0,0,0,0,0,0,0,0,0,0.00,0
1781850588,0,542634,0,849.63,0.00,2543615,573571071,11408506879,23387439103,30484201471,326656,34628173823,6152227129.05,8176587240.61,542634,10,10,10,0,0,0,0,0,0,0,0,0,0.00,0
1781850589,0,542634,0,848.30,0.00,2543615,573571071,11408506879,23387439103,30484201471,326656,34628173823,6152227129.05,8176587240.61,542634,10,10,10,0,0,0,0,0,0,0,0,0,0.00,0
1781850590,0,542634,0,846.98,0.00,2543615,573571071,11408506879,23387439103,30484201471,326656,34628173823,6152227129.05,8176587240.61,542634,10,10,10,0,0,0,0,0,0,0,0,0,0.00,0
1781850591,0,542634,0,845.66,0.00,2543615,573571071,11408506879,23387439103,30484201471,326656,34628173823,6152227129.05,8176587240.61,542634,10,10,10,0,0,0,0,0,0,0,0,0,0.00,0
1781850592,0,542634,0,844.34,0.00,2543615,573571071,11408506879,23387439103,30484201471,326656,34628173823,6152227129.05,8176587240.61,542634,10,10,10,0,0,0,0,0,0,0,0,0,0.00,0
1781850593,0,542634,0,843.03,0.00,2543615,573571071,11408506879,23387439103,30484201471,326656,34628173823,6152227129.05,8176587240.61,542634,10,10,10,0,0,0,0,0,0,0,0,0,0.00,0
1781850594,0,542634,0,841.72,0.00,2543615,573571071,11408506879,23387439103,30484201471,326656,34628173823,6152227129.05,8176587240.61,542634,10,10,10,0,0,0,0,0,0,0,0,0,0.00,0
1781850595,0,542634,0,840.42,0.00,2543615,573571071,11408506879,23387439103,30484201471,326656,34628173823,6152227129.05,8176587240.61,542634,10,10,10,0,0,0,0,0,0,0,0,0,0.00,0
1781850596,0,542634,0,839.12,0.00,2543615,573571071,11408506879,23387439103,30484201471,326656,34628173823,6152227129.05,8176587240.61,542634,10,10,10,0,0,0,0,0,0,0,0,0,0.00,0
1781850597,0,542634,0,837.82,0.00,2543615,573571071,11408506879,23387439103,30484201471,326656,34628173823,6152227129.05,8176587240.61,542634,10,10,10,0,0,0,0,0,0,0,0,0,0.00,0
1781850598,0,542634,0,836.53,0.00,2543615,573571071,11408506879,23387439103,30484201471,326656,34628173823,6152227129.05,8176587240.61,542634,10,10,10,0,0,0,0,0,0,0,0,0,0.00,0
1781850599,0,542634,0,835.24,0.00,2543615,573571071,11408506879,23387439103,30484201471,326656,34628173823,6152227129.05,8176587240.61,542634,10,10,10,0,0,0,0,0,0,0,0,0,0.00,0
1781850600,0,542634,0,833.96,0.00,2543615,573571071,11408506879,23387439103,30484201471,326656,34628173823,6152227129.05,8176587240.61,542634,10,10,10,0,0,0,0,0,0,0,0,0,0.00,0
1781850601,0,542634,0,832.68,0.00,2543615,573571071,11408506879,23387439103,30484201471,326656,34628173823,6152227129.05,8176587240.61,542634,10,10,10,0,0,0,0,0,0,0,0,0,0.00,0
1781850602,0,542634,0,831.40,0.00,2543615,573571071,11408506879,23387439103,30484201471,326656,34628173823,6152227129.05,8176587240.61,542634,10,10,10,0,0,0,0,0,0,0,0,0,0.00,0
1781850603,0,542634,0,830.13,0.00,2543615,573571071,11408506879,23387439103,30484201471,326656,34628173823,6152227129.05,8176587240.61,542634,10,10,10,0,0,0,0,0,0,0,0,0,0.00,0
1781850604,0,542634,0,828.86,0.00,2543615,573571071,11408506879,23387439103,30484201471,326656,34628173823,6152227129.05,8176587240.61,542634,10,10,10,0,0,0,0,0,0,0,0,0,0.00,0
1781850605,0,542634,0,827.60,0.00,2543615,573571071,11408506879,23387439103,30484201471,326656,34628173823,6152227129.05,8176587240.61,542634,10,10,10,0,0,0,0,0,0,0,0,0,0.00,0
1781850606,0,542634,0,826.34,0.00,2543615,573571071,11408506879,23387439103,30484201471,326656,34628173823,6152227129.05,8176587240.61,542634,10,10,10,0,0,0,0,0,0,0,0,0,0.00,0
1781850607,0,542634,0,825.08,0.00,2543615,573571071,11408506879,23387439103,30484201471,326656,34628173823,6152227129.05,8176587240.61,542634,10,10,10,0,0,0,0,0,0,0,0,0,0.00,0
1781850608,0,542634,0,823.83,0.00,2543615,573571071,11408506879,23387439103,30484201471,326656,34628173823,6152227129.05,8176587240.61,542634,10,10,10,0,0,0,0,0,0,0,0,0,0.00,0
1781850609,0,542634,0,822.58,0.00,2543615,573571071,11408506879,23387439103,30484201471,326656,34628173823,6152227129.05,8176587240.61,542634,10,10,10,0,0,0,0,0,0,0,0,0,0.00,0
1781850610,0,542634,0,821.34,0.00,2543615,573571071,11408506879,23387439103,30484201471,326656,34628173823,6152227129.05,8176587240.61,542634,10,10,10,0,0,0,0,0,0,0,0,0,0.00,0
1781850611,0,542634,0,820.10,0.00,2543615,573571071,11408506879,23387439103,30484201471,326656,34628173823,6152227129.05,8176587240.61,542634,10,10,10,0,0,0,0,0,0,0,0,0,0.00,0
1781850612,0,542634,0,818.86,0.00,2543615,573571071,11408506879,23387439103,30484201471,326656,34628173823,6152227129.05,8176587240.61,542634,10,10,10,0,0,0,0,0,0,0,0,0,0.00,0
1781850613,0,542634,0,817.62,0.00,2543615,573571071,11408506879,23387439103,30484201471,326656,34628173823,6152227129.05,8176587240.61,542634,10,10,10,0,0,0,0,0,0,0,0,0,0.00,0
1781850614,0,542634,0,816.39,0.00,2543615,573571071,11408506879,23387439103,30484201471,326656,34628173823,6152227129.05,8176587240.61,542634,10,10,10,0,0,0,0,0,0,0,0,0,0.00,0
1781850615,0,542634,0,815.17,0.00,2543615,573571071,11408506879,23387439103,30484201471,326656,34628173823,6152227129.05,8176587240.61,542634,10,10,10,0,0,0,0,0,0,0,0,0,0.00,0
1781850616,0,542634,0,813.94,0.00,2543615,573571071,11408506879,23387439103,30484201471,326656,34628173823,6152227129.05,8176587240.61,542634,10,10,10,0,0,0,0,0,0,0,0,0,0.00,0
1781850617,0,542634,0,812.73,0.00,2543615,573571071,11408506879,23387439103,30484201471,326656,34628173823,6152227129.05,8176587240.61,542634,10,10,10,0,0,0,0,0,0,0,0,0,0.00,0
1781850618,0,542634,0,811.51,0.00,2543615,573571071,11408506879,23387439103,30484201471,326656,34628173823,6152227129.05,8176587240.61,542634,10,10,10,0,0,0,0,0,0,0,0,0,0.00,0
1781850619,0,542634,0,810.30,0.00,2543615,573571071,11408506879,23387439103,30484201471,326656,34628173823,6152227129.05,8176587240.61,542634,10,10,10,0,0,0,0,0,0,0,0,0,0.00,0
1781850620,0,542634,0,809.09,0.00,2543615,573571071,11408506879,23387439103,30484201471,326656,34628173823,6152227129.05,8176587240.61,542634,10,10,10,0,0,0,0,0,0,0,0,0,0.00,0
1781850621,0,542634,0,807.89,0.00,2543615,573571071,11408506879,23387439103,30484201471,326656,34628173823,6152227129.05,8176587240.61,542634,10,10,10,0,0,0,0,0,0,0,0,0,0.00,0
1781850622,0,542634,0,806.68,0.00,2543615,573571071,11408506879,23387439103,30484201471,326656,34628173823,6152227129.05,8176587240.61,542634,10,10,10,0,0,0,0,0,0,0,0,0,0.00,0
1781850623,0,542634,0,805.49,0.00,2543615,573571071,11408506879,23387439103,30484201471,326656,34628173823,6152227129.05,8176587240.61,542634,10,10,10,0,0,0,0,0,0,0,0,0,0.00,0
1781850624,0,542634,0,804.29,0.00,2543615,573571071,11408506879,23387439103,30484201471,326656,34628173823,6152227129.05,8176587240.61,542634,10,10,10,0,0,0,0,0,0,0,0,0,0.00,0
1781850625,0,542634,0,803.10,0.00,2543615,573571071,11408506879,23387439103,30484201471,326656,34628173823,6152227129.05,8176587240.61,542634,10,10,10,0,0,0,0,0,0,0,0,0,0.00,0
1781850626,0,542634,0,801.92,0.00,2543615,573571071,11408506879,23387439103,30484201471,326656,34628173823,6152227129.05,8176587240.61,542634,10,10,10,0,0,0,0,0,0,0,0,0,0.00,0
1781850627,0,542634,0,800.73,0.00,2543615,573571071,11408506879,23387439103,30484201471,326656,34628173823,6152227129.05,8176587240.61,542634,10,10,10,0,0,0,0,0,0,0,0,0,0.00,0
1781850628,0,542634,0,799.55,0.00,2543615,573571071,11408506879,23387439103,30484201471,326656,34628173823,6152227129.05,8176587240.61,542634,10,10,10,0,0,0,0,0,0,0,0,0,0.00,0
1781850629,0,542634,0,798.38,0.00,2543615,573571071,11408506879,23387439103,30484201471,326656,34628173823,6152227129.05,8176587240.61,542634,10,10,10,0,0,0,0,0,0,0,0,0,0.00,0
1781850630,0,542634,0,797.20,0.00,2543615,573571071,11408506879,23387439103,30484201471,326656,34628173823,6152227129.05,8176587240.61,542634,10,10,10,0,0,0,0,0,0,0,0,0,0.00,0
1781850631,0,542634,0,796.03,0.00,2543615,573571071,11408506879,23387439103,30484201471,326656,34628173823,6152227129.05,8176587240.61,542634,10,10,10,0,0,0,0,0,0,0,0,0,0.00,0
1781850632,0,542634,0,794.87,0.00,2543615,573571071,11408506879,23387439103,30484201471,326656,34628173823,6152227129.05,8176587240.61,542634,10,10,10,0,0,0,0,0,0,0,0,0,0.00,0
1781850633,0,542634,0,793.70,0.00,2543615,573571071,11408506879,23387439103,30484201471,326656,34628173823,6152227129.05,8176587240.61,542634,10,10,10,0,0,0,0,0,0,0,0,0,0.00,0
1781850634,0,542634,0,792.55,0.00,2543615,573571071,11408506879,23387439103,30484201471,326656,34628173823,6152227129.05,8176587240.61,542634,10,10,10,0,0,0,0,0,0,0,0,0,0.00,0
1781850635,0,542634,0,791.39,0.00,2543615,573571071,11408506879,23387439103,30484201471,326656,34628173823,6152227129.05,8176587240.61,542634,10,10,10,0,0,0,0,0,0,0,0,0,0.00,0
1781850636,0,542634,0,790.24,0.00,2543615,573571071,11408506879,23387439103,30484201471,326656,34628173823,6152227129.05,8176587240.61,542634,10,10,10,0,0,0,0,0,0,0,0,0,0.00,0
1781850637,0,542634,0,789.09,0.00,2543615,573571071,11408506879,23387439103,30484201471,326656,34628173823,6152227129.05,8176587240.61,542634,10,10,10,0,0,0,0,0,0,0,0,0,0.00,0
1781850638,0,542634,0,787.94,0.00,2543615,573571071,11408506879,23387439103,30484201471,326656,34628173823,6152227129.05,8176587240.61,542634,10,10,10,0,0,0,0,0,0,0,0,0,0.00,0
1781850639,0,542634,0,786.80,0.00,2543615,573571071,11408506879,23387439103,30484201471,326656,34628173823,6152227129.05,8176587240.61,542634,10,10,10,0,0,0,0,0,0,0,0,0,0.00,0
1781850640,0,542634,0,785.66,0.00,2543615,573571071,11408506879,23387439103,30484201471,326656,34628173823,6152227129.05,8176587240.61,542634,10,10,10,0,0,0,0,0,0,0,0,0,0.00,0
1781850641,0,542634,0,784.53,0.00,2543615,573571071,11408506879,23387439103,30484201471,326656,34628173823,6152227129.05,8176587240.61,542634,10,10,10,0,0,0,0,0,0,0,0,0,0.00,0
1781850642,0,542634,0,783.39,0.00,2543615,573571071,11408506879,23387439103,30484201471,326656,34628173823,6152227129.05,8176587240.61,542634,10,10,10,0,0,0,0,0,0,0,0,0,0.00,0
1781850643,0,542634,0,782.26,0.00,2543615,573571071,11408506879,23387439103,30484201471,326656,34628173823,6152227129.05,8176587240.61,542634,10,10,10,0,0,0,0,0,0,0,0,0,0.00,0
1781850644,0,542634,0,781.14,0.00,2543615,573571071,11408506879,23387439103,30484201471,326656,34628173823,6152227129.05,8176587240.61,542634,10,10,10,0,0,0,0,0,0,0,0,0,0.00,0
1781850645,0,542634,0,780.01,0.00,2543615,573571071,11408506879,23387439103,30484201471,326656,34628173823,6152227129.05,8176587240.61,542634,10,10,10,0,0,0,0,0,0,0,0,0,0.00,0
1781850646,0,542634,0,778.89,0.00,2543615,573571071,11408506879,23387439103,30484201471,326656,34628173823,6152227129.05,8176587240.61,542634,10,10,10,0,0,0,0,0,0,0,0,0,0.00,0
1781850647,0,542634,0,777.78,0.00,2543615,573571071,11408506879,23387439103,30484201471,326656,34628173823,6152227129.05,8176587240.61,542634,10,10,10,0,0,0,0,0,0,0,0,0,0.00,0
1781850648,0,542634,0,776.66,0.00,2543615,573571071,11408506879,23387439103,30484201471,326656,34628173823,6152227129.05,8176587240.61,542634,10,10,10,0,0,0,0,0,0,0,0,0,0.00,0
1781850649,0,542634,0,775.56,0.00,2543615,573571071,11408506879,23387439103,30484201471,326656,34628173823,6152227129.05,8176587240.61,542634,10,10,10,0,0,0,0,0,0,0,0,0,0.00,0
1781850650,0,542634,0,774.45,0.00,2543615,573571071,11408506879,23387439103,30484201471,326656,34628173823,6152227129.05,8176587240.61,542634,10,10,10,0,0,0,0,0,0,0,0,0,0.00,0
1781850651,0,542634,0,773.34,0.00,2543615,573571071,11408506879,23387439103,30484201471,326656,34628173823,6152227129.05,8176587240.61,542634,10,10,10,0,0,0,0,0,0,0,0,0,0.00,0
1781850652,0,542634,0,772.24,0.00,2543615,573571071,11408506879,23387439103,30484201471,326656,34628173823,6152227129.05,8176587240.61,542634,10,10,10,0,0,0,0,0,0,0,0,0,0.00,0
1781850653,0,542634,0,771.15,0.00,2543615,573571071,11408506879,23387439103,30484201471,326656,34628173823,6152227129.05,8176587240.61,542634,10,10,10,0,0,0,0,0,0,0,0,0,0.00,0
1781850654,0,542634,0,770.05,0.00,2543615,573571071,11408506879,23387439103,30484201471,326656,34628173823,6152227129.05,8176587240.61,542634,10,10,10,0,0,0,0,0,0,0,0,0,0.00,0
1781850655,0,542634,0,768.96,0.00,2543615,573571071,11408506879,23387439103,30484201471,326656,34628173823,6152227129.05,8176587240.61,542634,10,10,10,0,0,0,0,0,0,0,0,0,0.00,0
1781850656,0,542634,0,767.87,0.00,2543615,573571071,11408506879,23387439103,30484201471,326656,34628173823,6152227129.05,8176587240.61,542634,10,10,10,0,0,0,0,0,0,0,0,0,0.00,0
1781850657,0,542634,0,766.79,0.00,2543615,573571071,11408506879,23387439103,30484201471,326656,34628173823,6152227129.05,8176587240.61,542634,10,10,10,0,0,0,0,0,0,0,0,0,0.00,0
1781850658,0,542634,0,765.71,0.00,2543615,573571071,11408506879,23387439103,30484201471,326656,34628173823,6152227129.05,8176587240.61,542634,10,10,10,0,0,0,0,0,0,0,0,0,0.00,0
1781850659,0,542634,0,764.63,0.00,2543615,573571071,11408506879,23387439103,30484201471,326656,34628173823,6152227129.05,8176587240.61,542634,10,10,10,0,0,0,0,0,0,0,0,0,0.00,0
1781850660,0,542634,0,763.55,0.00,2543615,573571071,11408506879,23387439103,30484201471,326656,34628173823,6152227129.05,8176587240.61,542634,10,10,10,0,0,0,0,0,0,0,0,0,0.00,0
1781850661,0,542634,0,762.48,0.00,2543615,573571071,11408506879,23387439103,30484201471,326656,34628173823,6152227129.05,8176587240.61,542634,10,10,10,0,0,0,0,0,0,0,0,0,0.00,0
1781850662,0,542634,0,761.41,0.00,2543615,573571071,11408506879,23387439103,30484201471,326656,34628173823,6152227129.05,8176587240.61,542634,10,10,10,0,0,0,0,0,0,0,0,0,0.00,0
1781850663,0,542634,0,760.34,0.00,2543615,573571071,11408506879,23387439103,30484201471,326656,34628173823,6152227129.05,8176587240.61,542634,10,10,10,0,0,0,0,0,0,0,0,0,0.00,0
1781850664,0,542634,0,759.28,0.00,2543615,573571071,11408506879,23387439103,30484201471,326656,34628173823,6152227129.05,8176587240.61,542634,10,10,10,0,0,0,0,0,0,0,0,0,0.00,0
1781850665,0,542634,0,758.22,0.00,2543615,573571071,11408506879,23387439103,30484201471,326656,34628173823,6152227129.05,8176587240.61,542634,10,10,10,0,0,0,0,0,0,0,0,0,0.00,0
1781850666,0,542634,0,757.16,0.00,2543615,573571071,11408506879,23387439103,30484201471,326656,34628173823,6152227129.05,8176587240.61,542634,10,10,10,0,0,0,0,0,0,0,0,0,0.00,0
1781850667,0,542634,0,756.10,0.00,2543615,573571071,11408506879,23387439103,30484201471,326656,34628173823,6152227129.05,8176587240.61,542634,10,10,10,0,0,0,0,0,0,0,0,0,0.00,0
1781850668,0,542634,0,755.05,0.00,2543615,573571071,11408506879,23387439103,30484201471,326656,34628173823,6152227129.05,8176587240.61,542634,10,10,10,0,0,0,0,0,0,0,0,0,0.00,0
1781850669,0,542634,0,754.00,0.00,2543615,573571071,11408506879,23387439103,30484201471,326656,34628173823,6152227129.05,8176587240.61,542634,10,10,10,0,0,0,0,0,0,0,0,0,0.00,0
1781850670,0,542634,0,752.96,0.00,2543615,573571071,11408506879,23387439103,30484201471,326656,34628173823,6152227129.05,8176587240.61,542634,10,10,10,0,0,0,0,0,0,0,0,0,0.00,0
1781850671,0,542634,0,751.91,0.00,2543615,573571071,11408506879,23387439103,30484201471,326656,34628173823,6152227129.05,8176587240.61,542634,10,10,10,0,0,0,0,0,0,0,0,0,0.00,0
1781850672,0,542634,0,750.87,0.00,2543615,573571071,11408506879,23387439103,30484201471,326656,34628173823,6152227129.05,8176587240.61,542634,10,10,10,0,0,0,0,0,0,0,0,0,0.00,0
