timestamp,sent_count,received_count,error_count,total_throughput,interval_throughput,latency_ns_p25,latency_ns_p50,latency_ns_p75,latency_ns_p95,latency_ns_p99,latency_ns_min,latency_ns_max,latency_ns_mean,latency_ns_stddev,latency_sample_count,connections,active_connections,connection_attempts,connection_failures,crashes_injected,reconnects,reconnect_failures,duplicate_count,gap_count,interval_latency_ns_p50,interval_latency_ns_p95,interval_latency_ns_p99,interval_latency_ns_mean,interval_latency_sample_count
1781849888,0,0,0,0.00,0.00,0,0,0,0,0,0,0,0.00,0.00,0,1,1,1,0,0,0,0,0,0,0,0,0,0.00,0
1781849889,0,0,0,0.00,0.00,0,0,0,0,0,0,0,0.00,0.00,0,1,1,1,0,0,0,0,0,0,0,0,0,0.00,0
1781849890,0,0,0,0.00,0.00,0,0,0,0,0,0,0,0.00,0.00,0,1,1,1,0,0,0,0,0,0,0,0,0,0.00,0
1781849891,0,0,0,0.00,0.00,0,0,0,0,0,0,0,0.00,0.00,0,1,1,1,0,0,0,0,0,0,0,0,0,0.00,0
1781849892,0,0,0,0.00,0.00,0,0,0,0,0,0,0,0.00,0.00,0,1,1,1,0,0,0,0,0,0,0,0,0,0.00,0
1781849893,0,0,0,0.00,0.00,0,0,0,0,0,0,0,0.00,0.00,0,1,1,1,0,0,0,0,0,0,0,0,0,0.00,0
1781849894,0,0,0,0.00,0.00,0,0,0,0,0,0,0,0.00,0.00,0,1,1,1,0,0,0,0,0,0,0,0,0,0.00,0
1781849895,0,0,0,0.00,0.00,0,0,0,0,0,0,0,0.00,0.00,0,2,2,2,0,0,0,0,0,0,0,0,0,0.00,0
1781849896,0,0,0,0.00,0.00,0,0,0,0,0,0,0,0.00,0.00,0,2,2,2,0,0,0,0,0,0,0,0,0,0.00,0
1781849897,0,0,0,0.00,0.00,0,0,0,0,0,0,0,0.00,0.00,0,2,2,2,0,0,0,0,0,0,0,0,0,0.00,0
1781849898,0,0,0,0.00,0.00,0,0,0,0,0,0,0,0.00,0.00,0,2,2,2,0,0,0,0,0,0,0,0,0,0.00,0
1781849899,0,0,0,0.00,0.00,0,0,0,0,0,0,0,0.00,0.00,0,2,2,2,0,0,0,0,0,0,0,0,0,0.00,0
1781849900,0,0,0,0.00,0.00,0,0,0,0,0,0,0,0.00,0.00,0,2,2,2,0,0,0,0,0,0,0,0,0,0.00,0
1781849901,0,0,0,0.00,0.00,0,0,0,0,0,0,0,0.00,0.00,0,2,2,2,0,0,0,0,0,0,0,0,0,0.00,0
1781849902,0,0,0,0.00,0.00,0,0,0,0,0,0,0,0.00,0.00,0,3,3,3,0,0,0,0,0,0,0,0,0,0.00,0
1781849903,0,0,0,0.00,0.00,0,0,0,0,0,0,0,0.00,0.00,0,3,3,3,0,0,0,0,0,0,0,0,0,0.00,0
1781849904,0,0,0,0.00,0.00,0,0,0,0,0,0,0,0.00,0.00,0,3,3,3,0,0,0,0,0,0,0,0,0,0.00,0
1781849905,0,0,0,0.00,0.00,0,0,0,0,0,0,0,0.00,0.00,0,3,3,3,0,0,0,0,0,0,0,0,0,0.00,0
1781849906,0,0,0,0.00,0.00,0,0,0,0,0,0,0,0.00,0.00,0,3,3,3,0,0,0,0,0,0,0,0,0,0.00,0
1781849907,0,0,0,0.00,0.00,0,0,0,0,0,0,0,0.00,0.00,0,3,3,3,0,0,0,0,0,0,0,0,0,0.00,0
1781849908,0,0,0,0.00,0.00,0,0,0,0,0,0,0,0.00,0.00,0,3,3,3,0,0,0,0,0,0,0,0,0,0.00,0
1781849909,0,0,0,0.00,0.00,0,0,0,0,0,0,0,0.00,0.00,0,4,4,4,0,0,0,0,0,0,0,0,0,0.00,0
1781849910,0,0,0,0.00,0.00,0,0,0,0,0,0,0,0.00,0.00,0,4,4,4,0,0,0,0,0,0,0,0,0,0.00,0
1781849911,0,0,0,0.00,0.00,0,0,0,0,0,0,0,0.00,0.00,0,4,4,4,0,0,0,0,0,0,0,0,0,0.00,0
1781849912,0,0,0,0.00,0.00,0,0,0,0,0,0,0,0.00,0.00,0,4,4,4,0,0,0,0,0,0,0,0,0,0.00,0
1781849913,0,0,0,0.00,0.00,0,0,0,0,0,0,0,0.00,0.00,0,4,4,4,0,0,0,0,0,0,0,0,0,0.00,0
1781849914,0,0,0,0.00,0.00,0,0,0,0,0,0,0,0.00,0.00,0,4,4,4,0,0,0,0,0,0,0,0,0,0.00,0
1781849915,0,0,0,0.00,0.00,0,0,0,0,0,0,0,0.00,0.00,0,5,5,5,0,0,0,0,0,0,0,0,0,0.00,0
1781849916,0,0,0,0.00,0.00,0,0,0,0,0,0,0,0.00,0.00,0,5,5,5,0,0,0,0,0,0,0,0,0,0.00,0
1781849917,0,0,0,0.00,0.00,0,0,0,0,0,0,0,0.00,0.00,0,5,5,5,0,0,0,0,0,0,0,0,0,0.00,0
1781849918,0,0,0,0.00,0.00,0,0,0,0,0,0,0,0.00,0.00,0,5,5,5,0,0,0,0,0,0,0,0,0,0.00,0
1781849919,0,0,0,0.00,0.00,0,0,0,0,0,0,0,0.00,0.00,0,5,5,5,0,0,0,0,0,0,0,0,0,0.00,0
1781849920,0,0,0,0.00,0.00,0,0,0,0,0,0,0,0.00,0.00,0,5,5,5,0,0,0,0,0,0,0,0,0,0.00,0
1781849921,0,0,0,0.00,0.00,0,0,0,0,0,0,0,0.00,0.00,0,5,5,5,0,0,0,0,0,0,0,0,0,0.00,0
1781849922,0,0,0,0.00,0.00,0,0,0,0,0,0,0,0.00,0.00,0,6,6,6,0,0,0,0,0,0,0,0,0,0.00,0
1781849923,0,0,0,0.00,0.00,0,0,0,0,0,0,0,0.00,0.00,0,6,6,6,0,0,0,0,0,0,0,0,0,0.00,0
1781849924,0,0,0,0.00,0.00,0,0,0,0,0,0,0,0.00,0.00,0,6,6,6,0,0,0,0,0,0,0,0,0,0.00,0
1781849925,0,0,0,0.00,0.00,0,0,0,0,0,0,0,0.00,0.00,0,6,6,6,0,0,0,0,0,0,0,0,0,0.00,0
1781849926,0,0,0,0.00,0.00,0,0,0,0,0,0,0,0.00,0.00,0,6,6,6,0,0,0,0,0,0,0,0,0,0.00,0
1781849927,0,0,0,0.00,0.00,0,0,0,0,0,0,0,0.00,0.00,0,6,6,6,0,0,0,0,0,0,0,0,0,0.00,0
1781849928,0,0,0,0.00,0.00,0,0,0,0,0,0,0,0.00,0.00,0,6,6,6,0,0,0,0,0,0,0,0,0,0.00,0
1781849929,0,0,0,0.00,0.00,0,0,0,0,0,0,0,0.00,0.00,0,7,7,7,0,0,0,0,0,0,0,0,0,0.00,0
1781849930,0,0,0,0.00,0.00,0,0,0,0,0,0,0,0.00,0.00,0,7,7,7,0,0,0,0,0,0,0,0,0,0.00,0
1781849931,0,0,0,0.00,0.00,0,0,0,0,0,0,0,0.00,0.00,0,7,7,7,0,0,0,0,0,0,0,0,0,0.00,0
1781849932,0,0,0,0.00,0.00,0,0,0,0,0,0,0,0.00,0.00,0,7,7,7,0,0,0,0,0,0,0,0,0,0.00,0
1781849933,0,0,0,0.00,0.00,0,0,0,0,0,0,0,0.00,0.00,0,7,7,7,0,0,0,0,0,0,0,0,0,0.00,0
1781849934,0,0,0,0.00,0.00,0,0,0,0,0,0,0,0.00,0.00,0,7,7,7,0,0,0,0,0,0,0,0,0,0.00,0
1781849935,0,0,0,0.00,0.00,0,0,0,0,0,0,0,0.00,0.00,0,8,8,8,0,0,0,0,0,0,0,0,0,0.00,0
1781849936,0,0,0,0.00,0.00,0,0,0,0,0,0,0,0.00,0.00,0,8,8,8,0,0,0,0,0,0,0,0,0,0.00,0
1781849937,0,0,0,0.00,0.00,0,0,0,0,0,0,0,0.00,0.00,0,8,8,8,0,0,0,0,0,0,0,0,0,0.00,0
1781849938,0,0,0,0.00,0.00,0,0,0,0,0,0,0,0.00,0.00,0,8,8,8,0,0,0,0,0,0,0,0,0,0.00,0
1781849939,0,0,0,0.00,0.00,0,0,0,0,0,0,0,0.00,0.00,0,8,8,8,0,0,0,0,0,0,0,0,0,0.00,0
1781849940,0,0,0,0.00,0.00,0,0,0,0,0,0,0,0.00,0.00,0,8,8,8,0,0,0,0,0,0,0,0,0,0.00,0
1781849941,0,0,0,0.00,0.00,0,0,0,0,0,0,0,0.00,0.00,0,8,8,8,0,0,0,0,0,0,0,0,0,0.00,0
1781849942,0,0,0,0.00,0.00,0,0,0,0,0,0,0,0.00,0.00,0,9,9,9,0,0,0,0,0,0,0,0,0,0.00,0
1781849943,0,0,0,0.00,0.00,0,0,0,0,0,0,0,0.00,0.00,0,9,9,9,0,0,0,0,0,0,0,0,0,0.00,0
1781849944,0,0,0,0.00,0.00,0,0,0,0,0,0,0,0.00,0.00,0,9,9,9,0,0,0,0,0,0,0,0,0,0.00,0
1781849945,0,0,0,0.00,0.00,0,0,0,0,0,0,0,0.00,0.00,0,9,9,9,0,0,0,0,0,0,0,0,0,0.00,0
1781849946,0,0,0,0.00,0.00,0,0,0,0,0,0,0,0.00,0.00,0,9,9,9,0,0,0,0,0,0,0,0,0,0.00,0
1781849947,0,0,0,0.00,0.00,0,0,0,0,0,0,0,0.00,0.00,0,9,9,9,0,0,0,0,0,0,0,0,0,0.00,0
1781849948,0,0,0,0.00,0.00,0,0,0,0,0,0,0,0.00,0.00,0,9,9,9,0,0,0,0,0,0,0,0,0,0.00,0
1781849949,0,0,0,0.00,0.00,0,0,0,0,0,0,0,0.00,0.00,0,10,10,10,0,0,0,0,0,0,0,0,0,0.00,0
1781849950,0,133,0,264.61,132.97,2895871,59998207,114819071,151781375,203161599,790016,215613439,64272074.11,57252748.66,133,10,10,10,0,0,0,0,0,0,59998207,151781375,203161599,64272074.11,133
1781849951,0,330,0,219.69,197.10,2063359,3014655,22757375,129826815,197525503,638464,215613439,27491918.35,47279813.95,330,10,10,10,0,0,0,0,0,0,2748415,5095423,7151615,2660645.69,197
1781849952,0,533,0,213.04,203.03,1702911,2594815,3504127,118685695,154140671,638464,215613439,17835826.43,39190193.08,533,10,10,10,0,0,0,0,0,0,1941503,3758079,4169727,2138731.19,203
1781849953,0,732,0,209.03,199.00,1637375,2363391,3276799,105775103,150601727,636416,215613439,13603709.20,34155452.80,732,10,10,10,0,0,0,0,0,0,2052095,4147199,5849087,2268440.44,199
1781849954,0,934,0,207.47,202.00,1627135,2342911,3170303,99876863,150470655,624640,215613439,11157324.20,30597357.02,934,10,10,10,0,0,0,0,0,0,2150399,4296703,6111231,2292206.26,202
1781849955,0,1136,0,206.46,201.91,1624063,2258943,3063807,81330175,135790591,624640,215613439,9549434.59,27960485.28,1136,10,10,10,0,0,0,0,0,0,2099199,3559423,4153343,2114935.13,202
1781849956,0,1330,0,204.55,194.08,1636351,2224127,3016703,59998207,134742015,624640,215613439,8476309.94,25973106.90,1330,10,10,10,0,0,0,0,0,0,2094079,3923967,5103615,2192446.02,194
1781849957,0,1532,0,204.21,202.01,1627135,2205695,2983935,54198271,132120575,624640,215613439,8029706.53,24593958.89,1532,10,10,10,0,0,0,0,0,0,2095103,12115967,56852479,5089198.89,202
1781849958,0,1732,0,203.71,199.92,1626111,2181119,2951167,34045951,127926271,624640,215613439,7355574.10,23208136.01,1732,10,10,10,0,0,0,0,0,0,2015231,4202495,5574655,2191719.68,200
1781849959,0,1933,0,203.43,201.08,1614847,2164735,2906111,19365887,127795199,589312,215613439,6802853.81,22029739.28,1933,10,10,10,0,0,0,0,0,0,2060287,3297279,4489215,2040109.85,201
1781849960,0,2137,0,203.49,204.00,1611775,2162687,2873343,10182655,125566975,589312,215613439,6355913.61,20998243.13,2137,10,10,10,0,0,0,0,0,0,2150399,3207167,3590143,2120936.16,204
1781849961,0,2333,0,202.83,195.95,1590271,2134015,2818047,6971391,119341055,589312,215613439,5978181.79,20136500.24,2333,10,10,10,0,0,0,0,0,0,1884159,3192831,3631103,1859748.57,196
1781849962,0,2530,0,202.36,196.97,1585151,2131967,2791423,5722111,118751231,589312,215613439,5671195.83,19366429.54,2530,10,10,10,0,0,0,0,0,0,2103295,3102719,3389439,2035671.72,197
1781849963,0,2731,0,202.27,201.05,1560575,2117631,2758655,5033983,118554623,589312,215613439,5395903.51,18666732.70,2731,10,10,10,0,0,0,0,0,0,1924095,3139583,3211263,1930781.29,201
1781849964,0,2934,0,202.32,203.01,1552383,2111487,2732031,4702207,118489087,589312,215613439,5166210.79,18030525.03,2934,10,10,10,0,0,0,0,0,0,2072575,4024319,4435967,2076108.30,203
1781849965,0,3138,0,202.43,204.02,1560575,2115583,2711551,4780031,115146751,589312,215613439,4983520.18,17451667.03,3138,10,10,10,0,0,0,0,0,0,2146303,5701631,7704575,2355999.37,204
1781849966,0,3334,0,202.03,195.94,1563647,2121727,2707455,4542463,114819071,589312,215613439,4814748.79,16945183.32,3334,10,10,10,0,0,0,0,0,0,2154495,3174399,3682303,2112684.41,196
1781849967,0,3530,0,201.69,196.02,1563647,2111487,2689023,4489215,114819071,589312,215613439,4668448.71,16481674.95,3530,10,10,10,0,0,0,0,0,0,2007039,3518463,7528447,2179854.37,196
1781849968,0,3730,0,201.59,199.83,1563647,2123775,2711551,4726783,105512959,589312,215613439,4586136.02,16060423.87,3730,10,10,10,0,0,0,0,0,0,2408447,5439487,22642687,3133317.12,200
1781849969,0,3932,0,201.62,202.20,1559551,2115583,2707455,4534271,100728831,589312,215613439,4457355.00,15653582.25,3932,10,10,10,0,0,0,0,0,0,2051071,3753983,4431871,2079368.87,202
1781849970,0,4136,0,201.73,203.95,1567743,2115583,2703359,4435967,100532223,589312,215613439,4346768.59,15271721.66,4136,10,10,10,0,0,0,0,0,0,2123775,4079615,5001215,2215269.65,204
1781849971,0,4334,0,201.56,198.02,1563647,2111487,2689023,4296703,100270079,589312,215613439,4240030.48,14927472.36,4334,10,10,10,0,0,0,0,0,0,2067455,3065855,3313663,2010389.98,198
1781849972,0,4532,0,201.40,197.93,1560575,2109439,2670591,4169727,99942399,589312,215613439,4140946.53,14605821.36,4532,10,10,10,0,0,0,0,0,0,2042879,3158015,3291135,1972108.93,198
1781849973,0,4730,0,201.26,198.07,1560575,2109439,2674687,4153343,99876863,589312,215613439,4057306.98,14303476.11,4730,10,10,10,0,0,0,0,0,0,2105343,3571711,4591615,2142890.67,198
1781849974,0,4936,0,201.45,205.98,1554431,2111487,2676735,4112383,99811327,589312,215613439,3976989.61,14008081.52,4936,10,10,10,0,0,0,0,0,0,2156543,3422207,3715071,2132809.32,206
1781849975,0,5135,0,201.35,198.97,1557503,2113535,2670591,4100095,84738047,589312,215613439,3905632.62,13739518.36,5135,10,10,10,0,0,0,0,0,0,2142207,3354623,4603903,2135692.22,199
1781849976,0,5334,0,201.27,199.09,1554431,2107391,2658303,4071423,83165183,589312,215613439,3833759.39,13486456.47,5334,10,10,10,0,0,0,0,0,0,1984511,3217407,4796415,1979141.15,199
1781849977,0,5532,0,201.15,197.97,1547263,2103295,2650111,4038655,82968575,589312,215613439,3767136.16,13248386.34,5532,10,10,10,0,0,0,0,0,0,1910783,3078143,5406719,1972346.83,198
1781849978,0,5734,0,201.18,202.03,1545215,2103295,2650111,4081663,78315519,589312,215613439,3722924.02,13020221.45,5734,10,10,10,0,0,0,0,0,0,2125823,6152191,10797055,2512124.20,202
1781849979,0,5930,0,201.00,195.80,1532927,2103295,2641919,4034559,71172095,589312,215613439,3664286.82,12807855.14,5930,10,10,10,0,0,0,0,0,0,2073599,2977791,3600383,1948849.63,196
1781849980,0,6131,0,201.00,201.18,1531903,2103295,2639871,4083711,69140479,589312,215613439,3640796.42,12609588.11,6131,10,10,10,0,0,0,0,0,0,2105343,11673599,13860863,2947771.22,201
1781849981,0,6334,0,201.06,202.86,1537023,2105343,2646015,4085759,68550655,589312,215613439,3603269.27,12410926.71,6334,10,10,10,0,0,0,0,0,0,2203647,4206591,10305535,2469875.39,203
1781849982,0,6530,0,200.91,196.13,1544191,2103295,2639871,4048895,64290815,589312,215613439,3557328.01,12226664.96,6530,10,10,10,0,0,0,0,0,0,1979391,3485695,3809279,2072675.27,196
1781849983,0,6734,0,201.00,204.00,1535999,2101247,2631679,3999743,59834367,589312,215613439,3508634.08,12043904.08,6734,10,10,10,0,0,0,0,0,0,2031615,3274751,3667967,1949950.75,204
1781849984,0,6933,0,200.94,199.00,1534975,2099199,2625535,3946495,56885247,589312,215613439,3465170.80,11873059.22,6933,10,10,10,0,0,0,0,0,0,2015231,3155967,3518463,1994408.52,199
1781849985,0,7135,0,200.97,201.98,1532927,2097151,2619391,3891199,56524799,589312,215613439,3423187.83,11706999.68,7135,10,10,10,0,0,0,0,0,0,2015231,3158015,3809279,1982257.43,202
1781849986,0,7334,0,200.92,199.03,1525759,2094079,2619391,3887103,55476223,589312,215613439,3385333.63,11550235.14,7334,10,10,10,0,0,0,0,0,0,2013183,3880959,4603903,2028098.89,199
1781849987,0,7532,0,200.84,197.99,1517567,2094079,2615295,3872767,54231039,589312,215613439,3349293.31,11400282.47,7532,10,10,10,0,0,0,0,0,0,2033663,3409919,4268031,2014345.05,198
1781849988,0,7733,0,200.85,200.94,1514495,2088959,2607103,3821567,53542911,589312,215613439,3310274.29,11254205.04,7733,10,10,10,0,0,0,0,0,0,1921023,2873343,3115007,1848128.96,201
1781849989,0,7935,0,200.88,202.08,1508351,2084863,2605055,3827711,52756479,589312,215613439,3303625.90,11141816.05,7935,10,10,10,0,0,0,0,0,0,1914879,4554751,32194559,3049110.81,202
1781849990,0,8134,0,200.83,198.97,1501183,2081791,2600959,3809279,52101119,589312,215613439,3269194.43,11007407.94,8134,10,10,10,0,0,0,0,0,0,1870847,3203071,3565567,1896261.47,199
1781849991,0,8333,0,200.78,198.95,1494015,2080767,2598911,3809279,51937279,589312,215613439,3239961.78,10877812.07,8333,10,10,10,0,0,0,0,0,0,2070527,4284415,5849087,2045095.24,199
1781849992,0,8534,0,200.79,201.01,1494015,2076671,2594815,3790847,34504703,589312,215613439,3209154.38,10751269.05,8534,10,10,10,0,0,0,0,0,0,1937407,2963455,3393535,1931950.49,201
1781849993,0,8733,0,200.75,199.06,1489919,2072575,2590719,3778559,33947647,589312,215613439,3178745.35,10630480.60,8733,10,10,10,0,0,0,0,0,0,1869823,2918399,4583423,1874671.28,199
1781849994,0,8932,0,200.71,199.00,1484799,2068479,2582527,3753983,32702463,589312,215613439,3149067.35,10513730.29,8932,10,10,10,0,0,0,0,0,0,1839103,3004415,3670015,1846665.65,199
1781849995,0,9135,0,200.76,202.99,1475583,2065407,2574335,3725311,32194559,589312,215613439,3118988.65,10398657.85,9135,10,10,10,0,0,0,0,0,0,1844223,2865151,3125247,1795525.99,203
1781849996,0,9330,0,200.64,194.99,1474559,2064383,2572287,3710975,28082175,589312,215613439,3095824.66,10291455.94,9330,10,10,10,0,0,0,0,0,0,1981439,3162111,5578751,2010680.45,195
1781849997,0,9531,0,200.64,201.02,1466367,2055167,2564095,3684351,25624575,589312,215613439,3066831.22,10184623.27,9531,10,10,10,0,0,0,0,0,0,1750015,2676735,2906111,1721016.68,201
1781849998,0,9733,0,200.67,201.98,1468415,2057215,2559999,3667967,22806527,589312,215613439,3045090.96,10080047.89,9733,10,10,10,0,0,0,0,0,0,2091007,3239935,4755455,2019316.59,202
1781849999,0,9940,0,200.80,207.03,1462271,2051071,2553855,3655679,22757375,589312,215613439,3018342.63,9976689.84,9940,10,10,10,0,0,0,0,0,0,1769471,2818047,3164159,1760654.22,207
1781850000,0,10135,0,200.68,194.87,1453055,2043903,2545663,3635199,22675455,589312,215613439,2992639.75,9882344.84,10135,10,10,10,0,0,0,0,0,0,1674239,2705407,2891775,1682451.69,195
1781850001,0,10339,0,200.75,204.13,1454079,2038783,2537471,3610623,22609919,589312,215613439,2969376.73,9786067.23,10339,10,10,10,0,0,0,0,0,0,1823743,2715647,3028991,1813638.27,204
1781850002,0,10534,0,200.64,194.97,1448959,2034687,2531327,3592191,22560767,589312,215613439,2947726.78,9696807.73,10534,10,10,10,0,0,0,0,0,0,1818623,2873343,4061183,1799834.91,195
1781850003,0,10735,0,200.64,200.91,1442815,2029567,2523135,3575807,22233087,589312,215613439,2924894.70,9607432.08,10735,10,10,10,0,0,0,0,0,0,1787903,2834431,3489791,1728312.04,201
1781850004,0,10936,0,200.65,201.12,1442815,2029567,2519039,3557375,22036479,589312,215613439,2906306.01,9520122.72,10936,10,10,10,0,0,0,0,0,0,2040831,2926591,3133439,1913522.31,201
1781850005,0,11130,0,200.53,194.01,1442815,2027519,2514943,3545087,19365887,589312,215613439,2889465.01,9438096.23,11130,10,10,10,0,0,0,0,0,0,1978367,3006463,4147199,1940118.43,194
1781850006,0,11334,0,200.60,204.01,1442815,2027519,2516991,3547135,16130047,584192,215613439,2874545.85,9354196.60,11334,10,10,10,0,0,0,0,0,0,2022399,3745791,4653055,2060574.12,204
1781850007,0,11534,0,200.58,199.88,1442815,2025471,2514943,3536895,15187967,584192,215613439,2857664.34,9274055.77,11534,10,10,10,0,0,0,0,0,0,1947647,2899967,3522559,1900989.44,200
1781850008,0,11732,0,200.54,198.10,1442815,2025471,2512895,3528703,13885439,584192,215613439,2842001.46,9196685.97,11732,10,10,10,0,0,0,0,0,0,2007039,3049471,3569663,1929598.71,198
1781850009,0,11937,0,200.62,205.01,1440767,2022399,2508799,3516415,12886015,584192,215613439,2824545.28,9118717.00,11937,10,10,10,0,0,0,0,0,0,1922047,2879487,3258367,1825541.00,205
1781850010,0,12150,0,200.82,212.93,1440767,2022399,2512895,3536895,12828671,584192,215613439,2814365.22,9039913.15,12150,10,10,10,0,0,0,0,0,0,2051071,4313087,5193727,2243852.02,213
1781850011,0,12350,0,200.81,200.07,1441791,2022399,2510847,3534847,12599295,584192,215613439,2802213.29,8968008.60,12350,10,10,10,0,0,0,0,0,0,1988607,3125247,8052735,2063983.36,200
1781850012,0,12550,0,200.79,199.97,1437695,2020351,2508799,3524607,12115967,584192,215613439,2787041.22,8897493.41,12550,10,10,10,0,0,0,0,0,0,1863679,3051519,3403775,1850165.76,200
1781850013,0,12751,0,200.80,201.03,1434623,2017279,2506751,3514367,12050431,584192,215613439,2772026.26,8828333.91,12751,10,10,10,0,0,0,0,0,0,1832959,3096575,3346431,1834525.29,201
1781850014,0,12950,0,200.77,198.91,1433599,2015231,2504703,3500031,11673599,584192,215613439,2758759.51,8761261.74,12950,10,10,10,0,0,0,0,0,0,1973247,2856959,3039231,1908687.12,199
1781850015,0,13150,0,200.76,200.05,1432575,2014207,2504703,3491839,11583487,584192,215613439,2745530.03,8695491.00,13150,10,10,10,0,0,0,0,0,0,1851391,2930687,3129343,1888921.60,200
1781850016,0,13350,0,200.74,199.88,1433599,2013183,2500607,3489791,11304959,584192,215613439,2733472.93,8631147.66,13350,10,10,10,0,0,0,0,0,0,1970175,3182591,4136959,1940718.08,200
1781850017,0,13551,0,200.75,201.15,1434623,2014207,2502655,3510271,10821631,584192,215613439,2729431.21,8569351.81,13551,10,10,10,0,0,0,0,0,0,2036735,7073791,7401471,2460989.13,201
1781850018,0,13750,0,200.72,198.99,1434623,2015231,2500607,3506175,10797055,584192,215613439,2719132.84,8508005.15,13750,10,10,10,0,0,0,0,0,0,2142207,3342335,3729407,2017860.18,199
1781850019,0,13954,0,200.77,203.82,1433599,2012159,2496511,3502079,10772479,584192,215613439,2706580.00,8446774.14,13954,10,10,10,0,0,0,0,0,0,1767423,2942975,5091327,1860493.80,204
1781850020,0,14150,0,200.70,196.05,1432575,2012159,2496511,3493887,10682367,584192,215613439,2696258.34,8388925.61,14150,10,10,10,0,0,0,0,0,0,1989631,3203071,3475455,1961419.76,196
1781850021,0,14350,0,200.69,200.13,1433599,2013183,2496511,3500031,10510335,584192,215613439,2690561.59,8332151.16,14350,10,10,10,0,0,0,0,0,0,2057215,4644863,8056831,2287516.16,200
1781850022,0,14553,0,200.72,202.94,1432575,2013183,2496511,3510271,10821631,584192,215613439,2688757.08,8279335.69,14553,10,10,10,0,0,0,0,0,0,2022399,5525503,13893631,2561196.77,203
1781850023,0,14750,0,200.67,197.08,1432575,2012159,2496511,3504127,10797055,584192,215613439,2678649.53,8224716.40,14750,10,10,10,0,0,0,0,0,0,1918975,3166207,3799039,1931973.52,197
1781850024,0,14950,0,200.67,199.95,1431551,2009087,2494463,3497983,10772479,584192,215613439,2667220.57,8170486.18,14950,10,10,10,0,0,0,0,0,0,1894399,3057663,3182591,1824335.36,200
1781850025,0,15152,0,200.68,202.03,1431551,2008063,2494463,3500031,10682367,584192,215613439,2658988.03,8116849.15,15152,10,10,10,0,0,0,0,0,0,1985535,3885055,5345279,2049698.22,202
1781850026,0,15350,0,200.65,197.87,1432575,2009087,2494463,3489791,10510335,584192,215613439,2650666.48,8065046.14,15350,10,10,10,0,0,0,0,0,0,2088959,3125247,3358719,2013857.62,198
1781850027,0,15552,0,200.67,202.14,1431551,2010111,2494463,3485695,10420223,584192,215613439,2642340.66,8013275.35,15552,10,10,10,0,0,0,0,0,0,2013183,3278847,3514367,2009660.83,202
1781850028,0,15750,0,200.63,197.99,1432575,2011135,2496511,3491839,10256383,584192,215613439,2637087.16,7963836.71,15750,10,10,10,0,0,0,0,0,0,2105343,4374527,6426623,2224448.65,198
1781850029,0,15952,0,200.65,202.03,1432575,2012159,2496511,3493887,10215423,584192,215613439,2632286.81,7915329.52,15952,10,10,10,0,0,0,0,0,0,2076671,3553279,8994815,2258002.38,202
1781850030,0,16151,0,200.63,199.00,1434623,2011135,2494463,3500031,10215423,584192,215613439,2628361.43,7869079.39,16151,10,10,10,0,0,0,0,0,0,1945599,7110655,10297343,2313699.70,199
1781850031,0,16350,0,200.61,198.96,1435647,2008063,2490367,3493887,10182655,584192,215613439,2619298.12,7821743.95,16350,10,10,10,0,0,0,0,0,0,1907711,2877439,3735551,1883712.32,199
1781850032,0,16550,0,200.60,200.04,1436671,2009087,2490367,3491839,10141695,584192,215613439,2612321.11,7775080.33,16550,10,10,10,0,0,0,0,0,0,2018303,3074047,4796415,2041950.72,200
1781850033,0,16750,0,200.59,199.95,1435647,2012159,2494463,3500031,10035199,584192,215613439,2607923.98,7729520.56,16750,10,10,10,0,0,0,0,0,0,2203647,4337663,5844991,2244061.44,200
1781850034,0,16950,0,200.59,199.93,1438719,2011135,2490367,3491839,9854975,584192,215613439,2599631.88,7684379.69,16950,10,10,10,0,0,0,0,0,0,1922047,2750463,3135487,1905168.64,200
1781850035,0,17150,0,200.58,200.11,1439743,2009087,2492415,3489791,9732095,584192,215613439,2592666.72,7640153.15,17150,10,10,10,0,0,0,0,0,0,1915903,3260415,3999743,2002369.28,200
1781850036,0,17350,0,200.57,199.89,1441791,2012159,2494463,3489791,9641983,584192,215613439,2589442.39,7597101.74,17350,10,10,10,0,0,0,0,0,0,2134015,3801087,7135231,2312956.16,200
1781850037,0,17553,0,200.60,202.97,1441791,2012159,2492415,3487743,9338879,584192,215613439,2582488.29,7553762.38,17553,10,10,10,0,0,0,0,0,0,2021375,3268607,3923967,1988135.09,203
1781850038,0,17750,0,200.56,197.14,1440767,2011135,2488319,3483647,9322495,584192,215613439,2574380.45,7512472.11,17750,10,10,10,0,0,0,0,0,0,1900543,3139583,3571711,1851959.88,197
1781850039,0,17952,0,200.58,202.00,1440767,2009087,2486271,3473407,9289727,584192,215613439,2566647.73,7470776.03,17952,10,10,10,0,0,0,0,0,0,1927167,2930687,3112959,1887163.56,202
1781850040,0,18150,0,200.55,197.97,1440767,2009087,2486271,3477503,9101311,584192,215613439,2560948.51,7430673.74,18150,10,10,10,0,0,0,0,0,0,1954815,3883007,4198399,2044219.47,198
1781850041,0,18353,0,200.57,203.03,1439743,2008063,2486271,3471359,9060351,584192,215613439,2553634.79,7390135.88,18353,10,10,10,0,0,0,0,0,0,1953791,2951167,3170303,1899723.03,203
1781850042,0,18550,0,200.54,196.94,1438719,2008063,2484223,3469311,8912895,584192,215613439,2547350.78,7351505.71,18550,10,10,10,0,0,0,0,0,0,1994751,3319807,4538367,1961917.73,197
1781850043,0,18752,0,200.55,201.98,1436671,2006015,2482175,3471359,9322495,584192,215613439,2548135.07,7321650.66,18752,10,10,10,0,0,0,0,0,0,1893375,4001791,20938751,2620157.47,202
1781850044,0,18950,0,200.52,198.05,1438719,2006015,2482175,3471359,9289727,584192,215613439,2543468.80,7284098.74,18950,10,10,10,0,0,0,0,0,0,2012159,4083711,6270975,2101540.20,198
1781850045,0,19150,0,200.52,199.98,1436671,2006015,2482175,3465215,9101311,584192,215613439,2536245.66,7246629.32,19150,10,10,10,0,0,0,0,0,0,1956863,2861055,3301375,1851852.80,200
1781850046,0,19354,0,200.55,203.97,1435647,2004991,2480127,3457023,9060351,584192,215613439,2529348.95,7209064.67,19354,10,10,10,0,0,0,0,0,0,1899519,2975743,4481023,1881937.57,204
1781850047,0,19550,0,200.51,196.04,1435647,2006015,2480127,3452927,8912895,584192,215613439,2523587.71,7173355.13,19550,10,10,10,0,0,0,0,0,0,2049023,2936831,3254271,1954694.53,196
1781850048,0,19750,0,200.50,199.95,1434623,2006015,2478079,3446783,8847359,584192,215613439,2517532.04,7137570.31,19750,10,10,10,0,0,0,0,0,0,2046975,2983935,3813375,1925589.76,200
1781850049,0,19952,0,200.52,202.11,1431551,2006015,2478079,3440639,8699903,584192,215613439,2511224.19,7102039.73,19952,10,10,10,0,0,0,0,0,0,1958911,3125247,3674111,1894491.25,202
1781850050,0,20150,0,200.49,197.96,1431551,2004991,2478079,3436543,8413183,584192,215613439,2505171.89,7067690.67,20150,10,10,10,0,0,0,0,0,0,1952767,2957311,3653631,1895296.00,198
1781850051,0,20351,0,200.50,201.01,1429503,2004991,2476031,3424255,8204287,584192,215613439,2499088.42,7033268.07,20351,10,10,10,0,0,0,0,0,0,1901567,2885631,3102719,1889227.78,201
1781850052,0,20550,0,200.48,198.96,1429503,2003967,2476031,3424255,8056831,584192,215613439,2494021.29,6999766.03,20550,10,10,10,0,0,0,0,0,0,1940479,3336191,4612095,1975824.72,199
1781850053,0,20753,0,200.51,203.06,1428479,2003967,2473983,3418111,7999487,584192,215613439,2487861.96,6965994.99,20753,10,10,10,0,0,0,0,0,0,1977343,2727935,3096575,1864343.33,203
1781850054,0,20950,0,200.47,196.94,1427455,2000895,2471935,3411967,7925759,584192,215613439,2482237.97,6933949.76,20950,10,10,10,0,0,0,0,0,0,1858559,3063807,6950911,1889777.71,197
1781850055,0,21152,0,200.49,202.07,1423359,1998847,2467839,3403775,7868415,584192,215613439,2474917.06,6901434.80,21152,10,10,10,0,0,0,0,0,0,1734655,2701311,2897919,1715644.83,202
1781850056,0,21350,0,200.46,197.86,1422335,1997823,2465791,3397631,7766015,584192,215613439,2469063.09,6869966.64,21350,10,10,10,0,0,0,0,0,0,1942527,3133439,3395583,1843693.90,198
1781850057,0,21554,0,200.50,204.04,1423359,1997823,2465791,3393535,7712767,584192,215613439,2464246.46,6837918.27,21554,10,10,10,0,0,0,0,0,0,1954815,3262463,4063231,1960153.10,204
1781850058,0,21751,0,200.47,197.03,1423359,1995775,2463743,3389439,7679999,584192,215613439,2458677.40,6807422.86,21751,10,10,10,0,0,0,0,0,0,1892351,2994175,3483647,1849359.59,197
1781850059,0,21952,0,200.47,201.04,1421311,1994751,2463743,3387391,7544831,572928,215613439,2453605.61,6776829.92,21952,10,10,10,0,0,0,0,0,0,1874943,3074047,4603903,1904767.36,201
1781850060,0,22150,0,200.45,197.88,1420287,1994751,2463743,3383295,7516159,572928,215613439,2448741.36,6747071.52,22150,10,10,10,0,0,0,0,0,0,1935359,3133439,4513791,1909448.40,198
1781850061,0,22351,0,200.45,201.12,1420287,1993727,2459647,3377151,7499775,572928,215613439,2443184.67,6717187.83,22351,10,10,10,0,0,0,0,0,0,1903615,2981887,3061759,1830843.22,201
1781850062,0,22550,0,200.44,198.97,1420287,1992703,2459647,3381247,7426047,572928,215613439,2439232.30,6688147.04,22550,10,10,10,0,0,0,0,0,0,1901567,4139007,5181439,1995315.46,199
1781850063,0,22752,0,200.45,201.96,1420287,1990655,2459647,3375103,7372799,572928,215613439,2434660.97,6658981.02,22752,10,10,10,0,0,0,0,0,0,1853439,3108863,4907007,1924346.93,202
1781850064,0,22950,0,200.43,197.95,1420287,1990655,2457599,3371007,7335935,572928,215613439,2429578.06,6630700.26,22950,10,10,10,0,0,0,0,0,0,1930239,2795519,3829759,1845505.29,198
1781850065,0,23150,0,200.43,200.13,1420287,1990655,2457599,3375103,7516159,572928,215613439,2428585.94,6604539.07,23150,10,10,10,0,0,0,0,0,0,1953791,3989503,10690559,2314740.48,200
1781850066,0,23350,0,200.43,199.94,1420287,1990655,2459647,3373055,7499775,572928,215613439,2425431.92,6576659.32,23350,10,10,10,0,0,0,0,0,0,2119679,3076095,3749887,2060353.28,200
1781850067,0,23550,0,200.42,200.05,1420287,1990655,2457599,3366911,7426047,572928,215613439,2420858.35,6549123.52,23550,10,10,10,0,0,0,0,0,0,1931263,2842623,2949119,1886894.08,200
1781850068,0,23752,0,200.43,201.90,1420287,1990655,2457599,3362815,7372799,572928,215613439,2416732.78,6521721.09,23752,10,10,10,0,0,0,0,0,0,2011135,2955263,4036607,1935756.67,202
1781850069,0,23950,0,200.42,198.13,1420287,1989631,2455551,3362815,7426047,572928,215613439,2413902.34,6495862.47,23950,10,10,10,0,0,0,0,0,0,1941503,5656575,7598079,2074364.12,198
1781850070,0,24350,0,202.07,399.91,1418239,1987583,2457599,3409919,7679999,495360,215613439,2418477.47,6457404.96,24350,10,10,10,0,0,0,0,0,0,1670143,6402047,21774335,2692413.44,400
1781850071,0,24850,0,204.52,499.60,1394687,1973247,2449407,3405823,7540735,406784,215613439,2399156.70,6394776.90,24850,10,10,10,0,0,0,0,0,0,1293311,2981887,5578751,1458235.14,500
1781850072,0,25350,0,206.93,500.28,1379327,1965055,2445311,3422207,7868415,387072,215613439,2389282.25,6336909.34,25350,10,10,10,0,0,0,0,0,0,1414143,4976639,9895935,1898522.11,500
1781850073,0,25850,0,209.31,499.96,1356799,1952767,2437119,3411967,7720959,387072,215613439,2369011.02,6277622.14,25850,10,10,10,0,0,0,0,0,0,1266687,2611199,3667967,1341259.78,500
1781850074,0,26350,0,211.64,499.80,1337343,1939455,2428927,3416063,7663615,344832,215613439,2350953.14,6220167.20,26350,10,10,10,0,0,0,0,0,0,1273855,3454975,3870719,1417360.64,500
1781850075,0,26850,0,213.94,500.08,1321983,1926143,2420735,3407871,7528447,344832,215613439,2333198.24,6164093.60,26850,10,10,10,0,0,0,0,0,0,1317887,2924543,4122623,1397515.26,500
1781850076,0,27350,0,216.20,500.38,1303551,1914879,2412543,3393535,7462911,344832,215613439,2314897.57,6109558.12,27350,10,10,10,0,0,0,0,0,0,1246207,2572287,3397631,1332151.30,500
1781850077,0,27850,0,218.43,499.82,1290239,1901567,2404351,3397631,7548927,344832,215613439,2307600.33,6070378.77,27850,10,10,10,0,0,0,0,0,0,1304575,3760127,23937023,1908441.09,500
1781850078,0,28350,0,220.62,500.06,1274879,1889279,2398207,3391487,7548927,344832,215613439,2292559.17,6019353.78,28350,10,10,10,0,0,0,0,0,0,1261567,2848767,4163583,1454766.85,500
1781850079,0,28850,0,222.78,499.71,1262591,1876991,2390015,3383295,7516159,344832,215613439,2277188.59,5968866.22,28850,10,10,10,0,0,0,0,0,0,1316863,3166207,3694591,1405676.54,500
1781850080,0,29350,0,224.90,500.12,1249279,1865727,2383871,3383295,7401471,343296,215613439,2262126.92,5919887.79,29350,10,10,10,0,0,0,0,0,0,1261567,3241983,4374527,1393068.80,500
1781850081,0,29850,0,226.99,500.29,1240063,1856511,2377727,3389439,7516159,343296,215613439,2252959.71,5875582.14,29850,10,10,10,0,0,0,0,0,0,1337343,3733503,13344767,1714844.16,500
1781850082,0,30350,0,229.05,499.83,1229823,1845247,2371583,3383295,7401471,343296,215613439,2239181.92,5828886.14,30350,10,10,10,0,0,0,0,0,0,1317887,2818047,4562943,1416647.94,500
1781850083,0,30850,0,231.08,500.08,1215487,1832959,2363391,3371007,7323647,335616,215613439,2223769.12,5783210.56,30850,10,10,10,0,0,0,0,0,0,1179647,2508799,3063807,1288212.48,500
1781850084,0,31350,0,233.08,499.94,1207295,1820671,2357247,3358719,7229439,335616,215613439,2208952.28,5738510.67,31350,10,10,10,0,0,0,0,0,0,1243135,2365439,3086335,1294753.28,500
1781850085,0,31850,0,235.05,499.87,1199103,1810431,2351103,3354623,7196671,335616,215613439,2196114.25,5694914.82,31850,10,10,10,0,0,0,0,0,0,1257471,2838527,3772415,1391169.79,500
1781850086,0,32350,0,236.99,500.22,1191935,1800191,2344959,3356671,7229439,335616,215613439,2186296.98,5653385.11,32350,10,10,10,0,0,0,0,0,0,1310719,3516415,8544255,1560936.45,500
1781850087,0,32850,0,238.90,499.83,1185791,1787903,2336767,3352575,7196671,335616,215613439,2173217.83,5611779.02,32850,10,10,10,0,0,0,0,0,0,1307647,2242559,4063231,1326996.99,500
1781850088,0,33350,0,240.79,499.97,1180671,1777663,2332671,3350527,7167999,335616,215613439,2162208.50,5571151.21,33350,10,10,10,0,0,0,0,0,0,1340415,2621439,4788223,1438895.87,500
1781850089,0,33850,0,242.65,500.03,1173503,1767423,2326527,3346431,7135231,335616,215613439,2151011.20,5531238.22,33850,10,10,10,0,0,0,0,0,0,1326079,2643967,3674111,1404151.04,500
1781850090,0,34350,0,244.48,499.85,1167359,1759231,2320383,3346431,7151615,335616,215613439,2141415.15,5494079.58,34350,10,10,10,0,0,0,0,0,0,1255423,2873343,12353535,1491762.69,500
1781850091,0,34850,0,246.29,500.22,1162239,1751039,2314239,3342335,7094271,335616,215613439,2131351.60,5456045.06,34850,10,10,10,0,0,0,0,0,0,1336319,2998271,4464639,1439985.41,500
1781850092,0,35350,0,248.07,500.15,1157119,1742847,2310143,3340287,7065599,335616,215613439,2122111.68,5418669.15,35350,10,10,10,0,0,0,0,0,0,1319935,3237887,3815423,1478089.22,500
1781850093,0,35850,0,249.82,499.65,1153023,1733631,2306047,3330047,6971391,335616,215613439,2111809.75,5382072.29,35850,10,10,10,0,0,0,0,0,0,1348607,2826239,3454975,1383463.68,500
1781850094,0,36350,0,251.55,500.02,1148927,1726463,2301951,3325951,6922239,335616,215613439,2102352.42,5346236.63,36350,10,10,10,0,0,0,0,0,0,1309695,3031039,3579903,1424261.38,500
1781850095,0,36850,0,253.26,500.14,1142783,1717247,2297855,3325951,6750207,335616,215613439,2093926.62,5311553.78,36850,10,10,10,0,0,0,0,0,0,1269759,3545087,5726207,1481370.88,500
1781850096,0,37350,0,254.95,500.19,1135615,1707007,2289663,3327999,6471679,335616,215613439,2083884.71,5277466.38,37350,10,10,10,0,0,0,0,0,0,1198079,3422207,4603903,1343796.22,500
1781850097,0,37850,0,256.61,499.82,1131519,1698815,2285567,3323903,6406143,322304,215613439,2074867.12,5243863.07,37850,10,10,10,0,0,0,0,0,0,1233919,2908159,4423679,1401252.86,500
1781850098,0,38350,0,258.24,499.95,1127423,1690623,2277375,3319807,6369279,322304,215613439,2065268.03,5210794.33,38350,10,10,10,0,0,0,0,0,0,1257471,2422783,3958783,1338617.60,500
1781850099,0,38850,0,259.86,500.10,1124351,1684479,2275327,3315711,6402047,320000,215613439,2058399.42,5179094.88,38850,10,10,10,0,0,0,0,0,0,1289215,3190783,6852607,1531576.58,500
1781850100,0,39350,0,261.46,500.00,1122303,1680383,2273279,3325951,6443007,320000,215613439,2058655.35,5158756.47,39350,10,10,10,0,0,0,0,0,0,1409023,4702207,22740991,2078541.31,500
1781850101,0,39850,0,263.03,500.11,1119231,1673215,2269183,3327999,6447103,320000,215613439,2052218.97,5128404.97,39850,10,10,10,0,0,0,0,0,0,1297407,3440639,8060927,1545675.52,500
1781850102,0,40350,0,264.59,499.76,1114111,1665023,2263039,3325951,6406143,320000,215613439,2043973.93,5097814.24,40350,10,10,10,0,0,0,0,0,0,1261567,2752511,4898815,1386844.16,500
1781850103,0,40850,0,266.12,500.15,1111039,1660927,2258943,3325951,6369279,320000,215613439,2037081.73,5067762.20,40850,10,10,10,0,0,0,0,0,0,1357823,3573759,4460543,1480881.92,500
1781850104,0,41350,0,267.63,499.66,1108991,1653759,2252799,3325951,6447103,320000,215613439,2031648.31,5039297.36,41350,10,10,10,0,0,0,0,0,0,1348607,3092479,8171519,1587737.34,500
1781850105,0,41850,0,269.13,500.42,1104895,1645567,2246655,3325951,6406143,320000,215613439,2023590.32,5010410.36,41850,10,10,10,0,0,0,0,0,0,1234943,3330047,4362239,1357194.50,500
1781850106,0,42350,0,270.60,499.90,1102847,1639423,2242559,3327999,6369279,320000,215613439,2017176.62,4982040.51,42350,10,10,10,0,0,0,0,0,0,1286143,3553279,4972543,1480349.95,500
1781850107,0,42850,0,272.06,499.80,1100799,1634303,2240511,3327999,6311935,320000,215613439,2011769.54,4953926.01,42850,10,10,10,0,0,0,0,0,0,1398783,3231743,4007935,1553789.95,500
1781850108,0,43350,0,273.50,500.00,1098751,1630207,2236415,3332095,6184959,320000,215613439,2006143.62,4926482.05,43350,10,10,10,0,0,0,0,0,0,1355775,3500031,4755455,1524002.05,500
1781850109,0,43850,0,274.92,500.09,1097727,1627135,2234367,3344383,6270975,320000,215613439,2003007.42,4900795.78,43850,10,10,10,0,0,0,0,0,0,1449983,4065279,8191999,1731099.39,500
1781850110,0,44350,0,276.32,499.86,1096703,1623039,2234367,3352575,6221823,320000,215613439,1999471.87,4874907.84,44350,10,10,10,0,0,0,0,0,0,1349631,4485119,6127615,1689404.16,500
1781850111,0,44850,0,277.70,500.21,1093631,1615871,2228223,3346431,6152191,313856,215613439,1991897.13,4848658.80,44850,10,10,10,0,0,0,0,0,0,1259519,2506751,3643391,1320017.92,500
1781850112,0,45350,0,279.07,500.00,1090559,1611775,2224127,3354623,6127615,313856,215613439,1987688.15,4823314.37,45350,10,10,10,0,0,0,0,0,0,1317887,3852287,4399103,1610142.21,500
1781850113,0,45850,0,280.42,499.84,1087487,1607679,2220031,3352575,6184959,313856,215613439,1982980.26,4799656.52,45850,10,10,10,0,0,0,0,0,0,1304575,2981887,10641407,1555974.91,500
1781850114,0,46350,0,281.76,500.06,1084415,1601535,2215935,3350527,6127615,313856,215613439,1976908.10,4774712.02,46350,10,10,10,0,0,0,0,0,0,1285119,3209215,4098047,1420091.14,500
1781850115,0,46850,0,283.08,500.29,1079295,1594367,2209791,3346431,6111231,311296,215613439,1968793.71,4750246.88,46850,10,10,10,0,0,0,0,0,0,1150975,2324479,3694591,1216589.82,500
1781850116,0,47350,0,284.38,499.54,1077247,1589247,2205695,3342335,6053887,311296,215613439,1963073.51,4726234.98,47350,10,10,10,0,0,0,0,0,0,1283071,3092479,5631999,1427090.18,500
1781850117,0,47850,0,285.67,500.24,1074175,1584127,2201599,3332095,6004735,311296,215613439,1956259.58,4702454.53,47850,10,10,10,0,0,0,0,0,0,1226751,2793471,3569663,1310980.86,500
1781850118,0,48350,0,286.94,499.75,1072127,1577983,2197503,3332095,5963775,305664,215613439,1950517.74,4679287.29,48350,10,10,10,0,0,0,0,0,0,1243135,2998271,5402623,1401023.49,500
1781850119,0,48850,0,288.20,500.22,1070079,1571839,2191359,3325951,5898239,305664,215613439,1944224.49,4656311.44,48850,10,10,10,0,0,0,0,0,0,1236991,2480127,4743167,1335666.69,500
1781850120,0,49350,0,289.44,500.03,1068031,1567743,2189311,3325951,5861375,305664,215613439,1939223.04,4633747.26,49350,10,10,10,0,0,0,0,0,0,1259519,3401727,4489215,1450582.02,500
1781850121,0,49850,0,290.67,499.91,1065983,1562623,2183167,3319807,5832703,305664,215613439,1933161.29,4611279.76,49850,10,10,10,0,0,0,0,0,0,1243135,2815999,3391487,1334866.43,500
1781850122,0,50350,0,291.88,500.00,1063935,1559551,2181119,3317759,5808127,305664,215613439,1928494.01,4589099.64,50350,10,10,10,0,0,0,0,0,0,1300479,2914303,3571711,1463165.70,500
1781850123,0,50850,0,293.08,500.33,1062911,1555455,2177023,3319807,5824511,305664,215613439,1925002.80,4568440.14,50850,10,10,10,0,0,0,0,0,0,1302527,3483647,9199615,1573438.46,500
1781850124,0,51350,0,294.26,499.50,1060863,1550335,2172927,3317759,5808127,305664,215613439,1918761.47,4547207.96,51350,10,10,10,0,0,0,0,0,0,1165311,2840575,4165631,1284017.92,500
1781850125,0,51850,0,295.44,500.37,1059839,1546239,2168831,3313663,5791743,305664,215613439,1913838.06,4526024.89,51850,10,10,10,0,0,0,0,0,0,1295359,2744319,3753983,1408203.52,500
1781850126,0,52350,0,296.60,499.99,1055743,1542143,2164735,3313663,5791743,305664,215613439,1909411.27,4505676.70,52350,10,10,10,0,0,0,0,0,0,1253375,3272703,5459967,1450353.15,500
1781850127,0,52850,0,297.74,499.62,1054719,1538047,2160639,3307519,5771263,305664,215613439,1904599.16,4485404.22,52850,10,10,10,0,0,0,0,0,0,1326079,2559999,4304895,1400771.84,500
1781850128,0,53350,0,298.88,500.29,1052671,1533951,2156543,3303423,5754879,305664,215613439,1899899.26,4465287.88,53350,10,10,10,0,0,0,0,0,0,1221631,3188735,4411391,1403119.87,500
1781850129,0,53850,0,300.00,500.03,1050623,1531903,2154495,3305471,5726207,305664,215613439,1896467.20,4445572.99,53850,10,10,10,0,0,0,0,0,0,1316863,3440639,5177343,1530266.62,500
1781850130,0,54190,0,300.22,339.86,1049599,1530879,2154495,3307519,5722111,305664,215613439,1894571.33,4432370.91,54190,10,10,10,0,0,0,0,0,0,1306623,3620863,5025791,1594298.73,340
1781850131,0,54390,0,299.66,199.97,1050623,1532927,2156543,3303423,5677055,305664,215613439,1894791.74,4424394.38,54390,10,10,10,0,0,0,0,0,0,2019327,2969599,3209215,1954510.08,200
1781850132,0,54590,0,299.12,200.15,1051647,1533951,2156543,3299327,5672959,305664,215613439,1894650.07,4416459.74,54590,10,10,10,0,0,0,0,0,0,1967103,2875391,3198975,1856125.44,200
1781850133,0,54790,0,298.58,199.90,1052671,1534975,2158591,3297279,5664767,305664,215613439,1894467.84,4408606.56,54790,10,10,10,0,0,0,0,0,0,1906687,2861055,3995647,1844727.04,200
1781850134,0,54990,0,298.04,200.06,1052671,1537023,2158591,3295231,5656575,305664,215613439,1894564.22,4400750.94,54990,10,10,10,0,0,0,0,0,0,1911807,2918399,3121151,1920967.68,200
1781850135,0,55190,0,297.52,200.07,1053695,1538047,2160639,3293183,5672959,305664,215613439,1895781.39,4394310.60,55190,10,10,10,0,0,0,0,0,0,1935359,3037183,11575295,2230440.96,200
1781850136,0,55390,0,296.99,199.99,1054719,1540095,2160639,3291135,5668863,305664,215613439,1895550.89,4386535.23,55390,10,10,10,0,0,0,0,0,0,1869823,2820095,3024895,1831944.96,200
1781850137,0,55590,0,296.48,199.98,1054719,1541119,2162687,3289087,5656575,305664,215613439,1895256.16,4378845.04,55590,10,10,10,0,0,0,0,0,0,1976319,2779135,3213311,1813632.00,200
1781850138,0,55790,0,295.96,200.01,1054719,1543167,2164735,3287039,5652479,305664,215613439,1895298.20,4371249.98,55790,10,10,10,0,0,0,0,0,0,1904639,2942975,4759551,1906982.40,200
1781850139,0,55990,0,295.46,199.93,1055743,1544191,2164735,3287039,5636095,305664,215613439,1895245.29,4363703.79,55990,10,10,10,0,0,0,0,0,0,1874943,3155967,4878335,1880486.40,200
1781850140,0,56190,0,294.96,199.96,1055743,1544191,2164735,3284991,5615615,305664,215613439,1894784.81,4356093.40,56190,10,10,10,0,0,0,0,0,0,1786879,2797567,3033087,1765873.92,200
1781850141,0,56390,0,294.46,199.99,1056767,1546239,2166783,3287039,5648383,305664,215613439,1895434.78,4348923.21,56390,10,10,10,0,0,0,0,0,0,1979391,3371007,8040447,2078041.60,200
1781850142,0,56590,0,293.97,200.06,1056767,1547263,2166783,3282943,5631999,305664,215613439,1895101.33,4341428.12,56590,10,10,10,0,0,0,0,0,0,1858559,2928639,3276799,1801086.72,200
1781850143,0,56790,0,293.48,199.96,1057791,1549311,2168831,3278847,5611519,305664,215613439,1895093.09,4333950.14,56790,10,10,10,0,0,0,0,0,0,2024447,2828287,3145727,1892760.32,200
1781850144,0,56990,0,293.00,200.04,1058815,1550335,2170879,3276799,5607423,305664,215613439,1894826.19,4326519.26,56990,10,10,10,0,0,0,0,0,0,1859583,2834431,3129343,1819041.28,200
1781850145,0,57190,0,292.53,200.07,1058815,1551359,2170879,3276799,5591039,305664,215613439,1894653.52,4319136.44,57190,10,10,10,0,0,0,0,0,0,1785855,2985983,3278847,1845450.24,200
1781850146,0,57390,0,292.06,199.86,1059839,1552383,2172927,3278847,5615615,305664,215613439,1895535.27,4312164.00,57390,10,10,10,0,0,0,0,0,0,2089983,3979263,6848511,2147671.04,200
1781850147,0,57590,0,291.59,200.04,1059839,1554431,2172927,3278847,5636095,305664,215613439,1896187.18,4305081.00,57590,10,10,10,0,0,0,0,0,0,1961983,3749887,5816319,2083255.04,200
1781850148,0,57790,0,291.13,199.95,1060863,1555455,2174975,3278847,5615615,305664,215613439,1896094.82,4297808.00,57790,10,10,10,0,0,0,0,0,0,1900543,3143679,3874815,1869498.88,200
1781850149,0,57990,0,290.67,199.98,1061887,1557503,2177023,3276799,5607423,305664,215613439,1896354.13,4290572.31,57990,10,10,10,0,0,0,0,0,0,2105343,2990079,3371007,1971281.92,200
1781850150,0,58190,0,290.22,200.01,1061887,1558527,2177023,3278847,5652479,305664,215613439,1897128.48,4283965.50,58190,10,10,10,0,0,0,0,0,0,1848319,4907007,7598079,2121651.20,200
1781850151,0,58390,0,289.77,200.13,1062911,1559551,2179071,3278847,5636095,305664,215613439,1897053.23,4276882.33,58390,10,10,10,0,0,0,0,0,0,1791999,3051519,4767743,1875157.76,200
1781850152,0,58590,0,289.33,199.88,1063935,1560575,2179071,3278847,5656575,305664,215613439,1897785.18,4270170.34,58590,10,10,10,0,0,0,0,0,0,1924095,3608575,7213055,2111480.32,200
1781850153,0,58790,0,288.89,199.98,1063935,1561599,2181119,3278847,5652479,305664,215613439,1897779.69,4263105.93,58790,10,10,10,0,0,0,0,0,0,1854463,3002367,3600383,1896168.96,200
1781850154,0,58990,0,288.46,200.06,1064959,1563647,2181119,3276799,5664767,305664,215613439,1898433.37,4256585.83,58990,10,10,10,0,0,0,0,0,0,1975295,3065855,9322495,2090584.32,200
1781850155,0,59190,0,288.03,199.99,1064959,1564671,2183167,3276799,5672959,305664,215613439,1898685.79,4249766.03,59190,10,10,10,0,0,0,0,0,0,1953791,3246079,5910527,1973137.92,200
1781850156,0,59390,0,287.60,199.98,1065983,1566719,2185215,3276799,5664767,305664,215613439,1899039.65,4242812.06,59390,10,10,10,0,0,0,0,0,0,2095103,3106815,3389439,2003761.92,200
1781850157,0,59590,0,287.18,199.98,1067007,1567743,2185215,3276799,5656575,305664,215613439,1899128.31,4235876.14,59590,10,10,10,0,0,0,0,0,0,1972223,2938879,3526655,1925457.92,200
1781850158,0,59790,0,286.76,200.05,1068031,1569791,2185215,3276799,5648383,305664,215613439,1899338.33,4228995.87,59790,10,10,10,0,0,0,0,0,0,1918975,3231743,3938303,1961913.60,200
1781850159,0,59990,0,286.34,199.97,1068031,1570815,2187263,3274751,5652479,305664,215613439,1899714.83,4222247.23,59990,10,10,10,0,0,0,0,0,0,2002943,2961407,6369279,2012270.08,200
1781850160,0,60190,0,285.93,199.97,1069055,1572863,2189311,3278847,5701631,305664,215613439,1901836.23,4217530.01,60190,10,10,10,0,0,0,0,0,0,2189311,4317183,13451263,2538147.84,200
1781850161,0,60390,0,285.53,200.12,1070079,1573887,2191359,3282943,5738495,305664,215613439,1903357.45,4211342.02,60390,10,10,10,0,0,0,0,0,0,2136063,5677055,6578175,2361169.92,200
1781850162,0,60590,0,285.13,199.99,1070079,1574911,2193407,3280895,5730303,305664,215613439,1903671.64,4204601.04,60590,10,10,10,0,0,0,0,0,0,1990655,3149823,3387391,1998540.80,200
1781850163,0,60790,0,284.73,200.05,1071103,1576959,2193407,3280895,5726207,305664,215613439,1903882.27,4197885.14,60790,10,10,10,0,0,0,0,0,0,1985535,3158015,3917823,1967694.08,200
1781850164,0,60990,0,284.33,199.87,1072127,1577983,2195455,3278847,5722111,305664,215613439,1903900.44,4191160.46,60990,10,10,10,0,0,0,0,0,0,1980415,2961407,3127295,1909422.08,200
1781850165,0,61190,0,283.94,199.96,1072127,1580031,2197503,3276799,5701631,305664,215613439,1904105.00,4184530.61,61190,10,10,10,0,0,0,0,0,0,2053119,3145727,3737599,1966485.76,200
1781850166,0,61390,0,283.55,200.17,1073151,1581055,2199551,3274751,5677055,305664,215613439,1904069.63,4177860.77,61390,10,10,10,0,0,0,0,0,0,1928191,2906111,3069951,1893246.72,200
1781850167,0,61590,0,283.17,199.82,1073151,1582079,2199551,3272703,5672959,305664,215613439,1903931.85,4171218.89,61590,10,10,10,0,0,0,0,0,0,1942527,2789375,3094527,1861640.96,200
1781850168,0,61790,0,282.79,200.07,1074175,1584127,2199551,3274751,5677055,305664,215613439,1904660.22,4164934.84,61790,10,10,10,0,0,0,0,0,0,2050047,3667967,6471679,2128963.84,200
1781850169,0,61990,0,282.41,200.11,1074175,1585151,2201599,3274751,5672959,305664,215613439,1904769.58,4158494.29,61990,10,10,10,0,0,0,0,0,0,1895423,3459071,4579327,1938556.16,200
1781850170,0,62190,0,282.04,199.87,1075199,1586175,2203647,3274751,5668863,305664,215613439,1905042.51,4152033.11,62190,10,10,10,0,0,0,0,0,0,2018303,3065855,4186111,1989637.12,200
1781850171,0,62390,0,281.67,199.96,1075199,1587199,2203647,3272703,5664767,305664,215613439,1904792.42,4145536.58,62390,10,10,10,0,0,0,0,0,0,1787903,2988031,3274751,1827025.92,200
1781850172,0,62590,0,281.30,200.06,1076223,1588223,2203647,3270655,5656575,305664,215613439,1904503.01,4139078.37,62590,10,10,10,0,0,0,0,0,0,1844223,2715647,3739647,1814220.80,200
1781850173,0,62790,0,280.94,200.03,1076223,1589247,2203647,3266559,5648383,305664,215613439,1904340.61,4132640.59,62790,10,10,10,0,0,0,0,0,0,1882111,2783231,3014655,1853516.80,200
1781850174,0,62990,0,280.58,200.07,1077247,1590271,2203647,3266559,5631999,305664,215613439,1904472.61,4126288.77,62990,10,10,10,0,0,0,0,0,0,1981439,2953215,4456447,1945914.88,200
1781850175,0,63190,0,280.22,199.98,1078271,1592319,2205695,3262463,5611519,305664,215613439,1904619.21,4119946.32,63190,10,10,10,0,0,0,0,0,0,2046975,2971647,3180543,1950792.96,200
1781850176,0,63390,0,279.86,199.93,1078271,1593343,2207743,3262463,5607423,305664,215613439,1904881.69,4113704.37,63390,10,10,10,0,0,0,0,0,0,2077695,3094527,4841471,1987809.28,200
1781850177,0,63590,0,279.51,199.96,1079295,1594367,2209791,3262463,5591039,305664,215613439,1904846.16,4107431.57,63590,10,10,10,0,0,0,0,0,0,1887231,2981887,3348479,1893587.20,200
1781850178,0,63790,0,279.17,200.08,1079295,1595391,2209791,3262463,5586943,305664,215613439,1904884.47,4101191.97,63790,10,10,10,0,0,0,0,0,0,1981439,2932735,3981311,1917064.96,200
1781850179,0,63990,0,278.82,200.00,1080319,1596415,2209791,3260415,5578751,305664,215613439,1904771.86,4094950.22,63990,10,10,10,0,0,0,0,0,0,1940479,2889727,3571711,1868855.04,200
1781850180,0,64190,0,278.48,200.05,1080319,1597439,2211839,3258367,5574655,305664,215613439,1904663.38,4088748.62,64190,10,10,10,0,0,0,0,0,0,1947647,2789375,3444735,1869953.28,200
1781850181,0,64390,0,278.14,200.00,1081343,1598463,2211839,3258367,5566463,305664,215613439,1904988.59,4082628.30,64390,10,10,10,0,0,0,0,0,0,2051071,3207167,3950591,2009365.76,200
1781850182,0,64590,0,277.80,199.88,1081343,1600511,2211839,3260415,5550079,305664,215613439,1905291.76,4076546.43,64590,10,10,10,0,0,0,0,0,0,1993727,3446783,4431871,2002897.92,200
1781850183,0,64790,0,277.47,199.97,1081343,1601535,2213887,3258367,5541887,305664,215613439,1905289.81,4070459.76,64790,10,10,10,0,0,0,0,0,0,1918975,3131391,3549183,1904659.20,200
1781850184,0,64990,0,277.14,200.12,1082367,1602559,2213887,3258367,5537791,305664,215613439,1905393.96,4064413.52,64990,10,10,10,0,0,0,0,0,0,1937407,3049471,4468735,1939132.16,200
1781850185,0,65190,0,276.81,199.97,1082367,1603583,2215935,3256319,5537791,305664,215613439,1905411.54,4058362.61,65190,10,10,10,0,0,0,0,0,0,1968127,3016703,3383295,1911125.76,200
1781850186,0,65390,0,276.49,200.04,1083391,1605631,2215935,3258367,5529599,305664,215613439,1905396.94,4052375.95,65390,10,10,10,0,0,0,0,0,0,1881087,3266559,3952639,1900637.44,200
1781850187,0,65590,0,276.17,200.02,1083391,1606655,2215935,3256319,5525503,305664,215613439,1905237.88,4046356.71,65590,10,10,10,0,0,0,0,0,0,1979391,2885631,3117055,1853232.64,200
1781850188,0,65790,0,275.85,199.93,1083391,1607679,2215935,3254271,5521407,305664,215613439,1905041.29,4040390.87,65790,10,10,10,0,0,0,0,0,0,1862655,2908159,3516415,1840569.60,200
1781850189,0,65990,0,275.53,200.00,1084415,1608703,2217983,3252223,5517311,305664,215613439,1904958.78,4034437.23,65990,10,10,10,0,0,0,0,0,0,1977343,2863103,3119103,1877817.60,200
1781850190,0,66690,0,277.29,699.91,1081343,1608703,2222079,3293183,6426623,301312,215613439,1955216.40,4199827.07,66690,10,10,10,0,0,0,0,0,0,1471487,30932991,49676287,6693073.92,700
1781850191,0,67690,0,280.29,1000.36,1070079,1595391,2211839,3282943,6373375,301312,215613439,1941870.53,4170595.10,67690,10,10,10,0,0,0,0,0,0,983551,2093055,2732031,1051834.62,1000
1781850192,0,68690,0,283.25,999.63,1059839,1586175,2205695,3278847,6324223,292096,215613439,1930424.25,4142221.20,68690,10,10,10,0,0,0,0,0,0,957439,2838527,3815423,1155625.34,1000
1781850193,0,69690,0,286.20,1000.17,1048063,1573887,2197503,3276799,6279167,289280,215613439,1919202.51,4115028.95,69690,10,10,10,0,0,0,0,0,0,953855,2283519,6139903,1148381.18,1000
1781850194,0,70690,0,289.12,1000.02,1037311,1562623,2187263,3264511,6193151,289280,215613439,1906268.95,4087803.04,70690,10,10,10,0,0,0,0,0,0,916479,1908735,2691071,1004929.66,1000
1781850195,0,71690,0,292.01,999.86,1027071,1549311,2179071,3258367,6123519,289280,215613439,1893711.60,4061204.80,71690,10,10,10,0,0,0,0,0,0,914431,2121727,3627007,1006032.51,1000
1781850196,0,72690,0,294.89,1000.10,1016319,1538047,2172927,3250175,6082559,284160,215613439,1882217.90,4034972.37,72690,10,10,10,0,0,0,0,0,0,923647,2285567,2881535,1058234.11,1000
1781850197,0,73690,0,297.73,999.79,1007615,1527807,2164735,3239935,6012927,284160,215613439,1870404.77,4009299.90,73690,10,10,10,0,0,0,0,0,0,921599,2058239,3092479,1011708.54,1000
1781850198,0,74690,0,300.56,1000.12,1000447,1519615,2158591,3241983,6115327,284160,215613439,1863814.77,3986183.62,74690,10,10,10,0,0,0,0,0,0,989695,3799039,7917567,1378197.38,1000
1781850199,0,75690,0,303.36,1000.36,991743,1510399,2150399,3235839,6062079,283648,215613439,1852888.70,3961530.62,75690,10,10,10,0,0,0,0,0,0,910335,2055167,3348479,1036820.99,1000
1781850200,0,76690,0,306.14,999.38,984063,1502207,2144255,3235839,6115327,283648,215613439,1845713.60,3940138.68,76690,10,10,10,0,0,0,0,0,0,954367,3227647,10076159,1302629.89,1000
1781850201,0,77690,0,308.90,1000.41,976383,1491967,2138111,3231743,6062079,283648,215613439,1835982.67,3916579.35,77690,10,10,10,0,0,0,0,0,0,922111,2492415,4390911,1089718.27,1000
1781850202,0,78690,0,311.64,999.52,970751,1481727,2131967,3225599,6004735,264960,215613439,1826254.61,3893219.82,78690,10,10,10,0,0,0,0,0,0,945151,2160639,3717119,1070481.54,1000
1781850203,0,79690,0,314.36,1000.04,963071,1472511,2123775,3215359,5951487,264960,215613439,1815815.13,3870239.41,79690,10,10,10,0,0,0,0,0,0,918015,1973247,2639871,994332.16,1000
1781850204,0,80690,0,317.05,1000.12,956927,1462271,2115583,3213311,5967871,264960,215613439,1808028.98,3849279.40,80690,10,10,10,0,0,0,0,0,0,922111,2783231,6057983,1187550.34,1000
1781850205,0,81690,0,319.72,1000.70,951807,1455103,2109439,3207167,5898239,264960,215613439,1799003.86,3827052.56,81690,10,10,10,0,0,0,0,0,0,941055,2138111,3041279,1070767.36,1000
1781850206,0,82690,0,322.38,999.60,945663,1446911,2103295,3196927,5853183,264960,215613439,1789760.36,3805473.86,82690,10,10,10,0,0,0,0,0,0,909823,2075647,2680831,1034658.94,1000
1781850207,0,83690,0,325.01,999.76,941055,1438719,2095103,3192831,5820415,264960,215613439,1781773.98,3784303.41,83690,10,10,10,0,0,0,0,0,0,936959,2594815,4427775,1121380.22,1000
1781850208,0,84690,0,327.62,1000.02,936447,1430527,2088959,3186687,5791743,264960,215613439,1773439.25,3763492.96,84690,10,10,10,0,0,0,0,0,0,936447,2101247,4014079,1075905.28,1000
1781850209,0,85690,0,330.21,999.89,931839,1422335,2082815,3180543,5783551,264960,215613439,1765424.14,3743216.33,85690,10,10,10,0,0,0,0,0,0,916479,2480127,5193727,1086624.64,1000
1781850210,0,86690,0,332.78,1000.34,925695,1413119,2074623,3170303,5734399,264960,215613439,1756392.77,3722947.24,86690,10,10,10,0,0,0,0,0,0,886783,1979391,2871295,982494.85,1000
1781850211,0,87690,0,335.33,999.60,921087,1403903,2066431,3164159,5689343,264960,215613439,1747409.67,3703077.98,87690,10,10,10,0,0,0,0,0,0,899583,1959935,3407871,968664.45,1000
1781850212,0,88690,0,337.86,1000.25,916991,1396735,2060287,3166207,5808127,264960,215613439,1742754.59,3687273.34,88690,10,10,10,0,0,0,0,0,0,925695,4427775,9412607,1334550.53,1000
1781850213,0,89690,0,340.38,999.92,911871,1386495,2052095,3158015,5771263,264960,215613439,1733885.55,3667920.97,89690,10,10,10,0,0,0,0,0,0,884223,1736703,2254847,947290.75,1000
1781850214,0,90690,0,342.87,1000.58,907263,1379327,2043903,3149823,5726207,264960,215613439,1725626.57,3648897.78,90690,10,10,10,0,0,0,0,0,0,904191,1832959,3135487,984878.46,1000
1781850215,0,91690,0,345.35,999.66,903679,1371135,2036735,3143679,5677055,264960,215613439,1717640.00,3630167.61,91690,10,10,10,0,0,0,0,0,0,898047,2014207,2836479,993338.24,1000
1781850216,0,92690,0,347.80,999.66,899583,1364991,2030591,3139583,5668863,264960,215613439,1711438.67,3612132.26,92690,10,10,10,0,0,0,0,0,0,946175,2770943,5050367,1142838.78,1000
1781850217,0,93690,0,350.24,1000.63,895487,1357823,2023423,3133439,5644287,264960,215613439,1703783.92,3593996.11,93690,10,10,10,0,0,0,0,0,0,922623,1917951,2908159,994265.34,1000
1781850218,0,94690,0,352.66,999.83,892415,1350655,2016255,3129343,5607423,264960,215613439,1696982.83,3576499.42,94690,10,10,10,0,0,0,0,0,0,928255,2148351,3375103,1059788.16,1000
1781850219,0,95690,0,355.06,1000.17,888831,1343487,2010111,3131391,5709823,264960,215613439,1693858.06,3565716.71,95690,10,10,10,0,0,0,0,0,0,909823,3299327,13967359,1397973.25,1000
1781850220,0,96690,0,357.45,999.32,885759,1338367,2006015,3135487,5844991,264960,215613439,1695560.26,3570546.61,96690,10,10,10,0,0,0,0,0,0,964095,5468159,23134207,1858444.03,1000
1781850221,0,97690,0,359.81,999.96,883711,1333247,2000895,3137535,5836799,264960,215613439,1690965.85,3554034.65,97690,10,10,10,0,0,0,0,0,0,964607,3381247,5181439,1246732.93,1000
1781850222,0,98690,0,362.16,1000.56,880639,1326079,1994751,3131391,5799935,264960,215613439,1684214.77,3537133.58,98690,10,10,10,0,0,0,0,0,0,907775,2324479,3354623,1024700.93,1000
1781850223,0,99690,0,364.49,999.40,878079,1321983,1991679,3131391,5832703,264960,215613439,1679958.40,3521458.35,99690,10,10,10,0,0,0,0,0,0,930303,3176447,6143999,1259897.73,1000
1781850224,0,100690,0,366.81,1000.46,873983,1313791,1983487,3125247,5808127,264960,215613439,1672574.67,3505154.28,100690,10,10,10,0,0,0,0,0,0,855551,1784831,2654207,936490.11,1000
1781850225,0,101690,0,369.11,1000.27,870911,1307647,1978367,3121151,5791743,264960,215613439,1666680.03,3489162.32,101690,10,10,10,0,0,0,0,0,0,905727,2142207,4837375,1073149.44,1000
1781850226,0,102690,0,371.39,999.93,869375,1303551,1972223,3117055,5771263,264960,215613439,1661563.57,3473107.65,102690,10,10,10,0,0,0,0,0,0,1023999,2217983,3325951,1141270.66,1000
1781850227,0,103690,0,373.65,999.95,867327,1298431,1966079,3108863,5730303,264960,215613439,1655993.55,3457371.68,103690,10,10,10,0,0,0,0,0,0,949247,2244607,3878911,1084008.06,1000
1781850228,0,104690,0,375.90,999.25,864767,1292287,1960959,3104767,5722111,264960,215613439,1650643.21,3442443.52,104690,10,10,10,0,0,0,0,0,0,900095,2586623,4358143,1095866.75,1000
1781850229,0,105690,0,378.14,1000.50,862207,1287167,1954815,3102719,5709823,264960,215613439,1645683.60,3427623.19,105690,10,10,10,0,0,0,0,0,0,921087,2377727,5574655,1126461.95,1000
1781850230,0,106690,0,380.35,999.64,859647,1282047,1949695,3096575,5677055,264960,215613439,1640275.45,3412634.34,106690,10,10,10,0,0,0,0,0,0,954879,2113535,3590143,1068688.00,1000
1781850231,0,107690,0,382.55,1000.65,857087,1275903,1943551,3096575,5677055,264960,215613439,1635537.01,3398426.55,107690,10,10,10,0,0,0,0,0,0,927231,2406399,4591615,1129992.19,1000
1781850232,0,108690,0,384.74,999.55,855551,1270783,1936383,3090431,5664767,264960,215613439,1630003.75,3383511.29,108690,10,10,10,0,0,0,0,0,0,995839,1796095,2357247,1034127.23,1000
1781850233,0,109690,0,386.91,1000.20,854527,1267711,1930239,3086335,5664767,264960,215613439,1625889.33,3369134.97,109690,10,10,10,0,0,0,0,0,0,999935,2674687,3803135,1178693.63,1000
1781850234,0,110690,0,389.07,1000.19,852991,1263615,1926143,3080191,5652479,264960,215613439,1621516.06,3354906.46,110690,10,10,10,0,0,0,0,0,0,986111,2461695,3928063,1141812.22,1000
1781850235,0,111690,0,391.20,999.44,851455,1259519,1921023,3076095,5611519,264960,215613439,1616970.73,3340808.12,111690,10,10,10,0,0,0,0,0,0,969215,2377727,3743743,1113847.94,1000
1781850236,0,112690,0,393.33,1000.67,849407,1255423,1915903,3069951,5578751,264960,215613439,1612039.61,3326738.26,112690,10,10,10,0,0,0,0,0,0,965631,2101247,2936831,1061282.30,1000
1781850237,0,113690,0,395.44,999.75,848383,1251327,1910783,3067903,5550079,264960,215613439,1607975.44,3313073.12,113690,10,10,10,0,0,0,0,0,0,963071,2531327,4198399,1149984.77,1000
1781850238,0,114690,0,397.54,999.98,845823,1246207,1904639,3063807,5537791,264960,215613439,1602636.76,3299495.58,114690,10,10,10,0,0,0,0,0,0,923135,1764351,3106815,995681.41,1000
1781850239,0,115690,0,399.62,999.83,843775,1241087,1898495,3059711,5521407,264960,215613439,1597374.87,3286046.03,115690,10,10,10,0,0,0,0,0,0,920575,1787903,2979839,993888.77,1000
1781850240,0,116690,0,401.68,1000.27,840703,1235967,1891327,3053567,5492735,264960,215613439,1591419.73,3272816.76,116690,10,10,10,0,0,0,0,0,0,849919,1675263,2179071,902470.14,1000
1781850241,0,117690,0,403.74,999.87,838655,1230847,1886207,3049471,5488639,264960,215613439,1586967.17,3260053.81,117690,10,10,10,0,0,0,0,0,0,912895,2320383,4825087,1067397.89,1000
1781850242,0,118690,0,405.77,1000.02,837119,1225727,1880063,3043327,5472255,264960,215613439,1582413.38,3247170.16,118690,10,10,10,0,0,0,0,0,0,955903,1889279,2711551,1046477.95,1000
1781850243,0,119690,0,407.80,1000.45,835583,1221631,1875967,3041279,5480447,264960,215613439,1578746.60,3235229.22,119690,10,10,10,0,0,0,0,0,0,945663,2291711,5824511,1143536.64,1000
1781850244,0,120690,0,409.81,999.68,834047,1218559,1870847,3039231,5505023,264960,215613439,1575440.04,3223510.05,120690,10,10,10,0,0,0,0,0,0,947711,2488319,6811647,1179677.31,1000
1781850245,0,121690,0,411.81,1000.05,832511,1214463,1865727,3035135,5480447,264960,215613439,1571251.10,3210988.23,121690,10,10,10,0,0,0,0,0,0,947199,2078719,3084287,1065687.68,1000
1781850246,0,122690,0,413.79,999.31,830463,1210367,1860607,3031039,5459967,264960,215613439,1566767.92,3198651.23,122690,10,10,10,0,0,0,0,0,0,913919,2199551,2973695,1021210.37,1000
1781850247,0,123690,0,415.76,1000.36,829439,1206271,1855487,3026943,5447679,264960,215613439,1562373.42,3186391.31,123690,10,10,10,0,0,0,0,0,0,964607,1897471,2684927,1023211.78,1000
1781850248,0,124690,0,417.72,999.60,827391,1202175,1849343,3022847,5431295,264960,215613439,1557889.24,3174404.94,124690,10,10,10,0,0,0,0,0,0,902655,1943551,2906111,1003241.22,1000
1781850249,0,125690,0,419.66,1000.50,826367,1200127,1846271,3018751,5406719,264960,215613439,1554619.53,3162534.64,125690,10,10,10,0,0,0,0,0,0,992255,2392063,3975167,1146918.91,1000
1781850250,0,126230,0,420.06,540.10,825855,1199103,1845247,3018751,5423103,264960,215613439,1554242.89,3157125.16,126230,10,10,10,0,0,0,0,0,0,1042431,3188735,9297919,1466576.59,540
1781850251,0,126430,0,419.33,200.04,826367,1200127,1847295,3020799,5423103,264960,215613439,1554886.50,3154822.15,126430,10,10,10,0,0,0,0,0,0,1886207,3119103,4304895,1961104.64,200
1781850252,0,126630,0,418.61,199.83,826879,1201151,1848319,3018751,5419007,264960,215613439,1555256.10,3152451.94,126630,10,10,10,0,0,0,0,0,0,1804287,2891775,3665919,1788897.28,200
1781850253,0,126830,0,417.89,200.15,827391,1202175,1849343,3018751,5410815,264960,215613439,1555588.76,3150100.87,126830,10,10,10,0,0,0,0,0,0,1714175,3006463,3586047,1766214.40,200
1781850254,0,127030,0,417.17,199.98,827391,1202175,1850367,3018751,5406719,264960,215613439,1556099.03,3147767.48,127030,10,10,10,0,0,0,0,0,0,1926143,2889727,3741695,1879682.56,200
1781850255,0,127230,0,416.46,200.01,827903,1203199,1852415,3018751,5402623,264960,215613439,1556528.00,3145417.47,127230,10,10,10,0,0,0,0,0,0,1888255,2942975,3186687,1828992.00,200
1781850256,0,127430,0,415.76,200.04,828415,1204223,1854463,3018751,5402623,264960,215613439,1557152.86,3143115.57,127430,10,10,10,0,0,0,0,0,0,2004991,3039231,4202495,1954658.56,200
1781850257,0,127630,0,415.05,199.95,828927,1205247,1856511,3018751,5398527,264960,215613439,1557703.68,3140826.92,127630,10,10,10,0,0,0,0,0,0,1882111,3082239,4143103,1908655.36,200
1781850258,0,127830,0,414.36,199.86,829439,1206271,1857535,3018751,5394431,264960,215613439,1558173.91,3138500.78,127830,10,10,10,0,0,0,0,0,0,1873919,3147775,3362815,1858251.52,200
1781850259,0,128030,0,413.66,200.18,829439,1207295,1858559,3018751,5394431,264960,215613439,1558451.15,3136145.78,128030,10,10,10,0,0,0,0,0,0,1797119,2848767,3055615,1735651.84,200
1781850260,0,128230,0,412.98,199.93,829951,1208319,1860607,3018751,5394431,264960,215613439,1558951.40,3133822.49,128230,10,10,10,0,0,0,0,0,0,1908735,2846719,3244031,1879180.80,200
1781850261,0,128430,0,412.29,199.94,830463,1209343,1861631,3018751,5394431,264960,215613439,1559675.63,3131716.79,128430,10,10,10,0,0,0,0,0,0,1951743,3282943,6246399,2024017.92,200
1781850262,0,128630,0,411.61,200.13,830975,1210367,1862655,3018751,5394431,264960,215613439,1560007.25,3129404.76,128630,10,10,10,0,0,0,0,0,0,1823743,2793471,3071999,1772960.00,200
1781850263,0,128830,0,410.94,200.00,830975,1211391,1864703,3016703,5394431,264960,215613439,1560508.76,3127155.17,128830,10,10,10,0,0,0,0,0,0,1928191,2897919,5238783,1883050.24,200
1781850264,0,129030,0,410.27,199.97,831487,1212415,1865727,3016703,5382143,264960,215613439,1560890.19,3124836.15,129030,10,10,10,0,0,0,0,0,0,1871871,2684927,3145727,1806590.72,200
1781850265,0,129230,0,409.60,199.96,831999,1212415,1867775,3016703,5382143,264960,215613439,1561197.32,3122520.30,129230,10,10,10,0,0,0,0,0,0,1810431,2750463,3170303,1759339.52,200
1781850266,0,129430,0,408.94,200.03,832511,1213439,1868799,3016703,5378047,264960,215613439,1561744.50,3120281.68,129430,10,10,10,0,0,0,0,0,0,1852415,3059711,5079039,1915306.24,200
1781850267,0,129630,0,408.28,199.94,832511,1214463,1870847,3016703,5378047,264960,215613439,1562236.80,3118013.55,129630,10,10,10,0,0,0,0,0,0,1898495,2949119,3411967,1880830.72,200
1781850268,0,129830,0,407.63,200.09,833023,1215487,1871871,3016703,5373951,264960,215613439,1562674.58,3115733.64,129830,10,10,10,0,0,0,0,0,0,1858559,2988031,3086335,1846424.32,200
1781850269,0,130030,0,406.98,199.97,833535,1216511,1872895,3016703,5369855,264960,215613439,1563278.58,3113549.56,130030,10,10,10,0,0,0,0,0,0,1916927,3452927,4939775,1955365.12,200
1781850270,0,130230,0,406.33,199.98,833535,1217535,1873919,3016703,5365759,264960,215613439,1563652.52,3111276.39,130230,10,10,10,0,0,0,0,0,0,1810431,2854911,3004415,1806763.52,200
1781850271,0,130430,0,405.69,200.04,834047,1218559,1875967,3016703,5378047,264960,215613439,1565144.58,3111489.50,130430,10,10,10,0,0,0,0,0,0,1991679,3364863,17645567,2536701.44,200
1781850272,0,130630,0,405.05,199.88,834559,1219583,1878015,3018751,5378047,264960,215613439,1565852.31,3109315.16,130630,10,10,10,0,0,0,0,0,0,1993727,3278847,3835903,2027402.24,200
1781850273,0,130830,0,404.42,200.07,835071,1220607,1880063,3016703,5373951,264960,215613439,1566365.41,3107087.10,130830,10,10,10,0,0,0,0,0,0,1981439,2955263,3366911,1901495.04,200
1781850274,0,131030,0,403.79,199.98,835583,1221631,1881087,3018751,5369855,264960,215613439,1567116.33,3104964.48,131030,10,10,10,0,0,0,0,0,0,2001919,3940351,4509695,2058328.32,200
1781850275,0,131230,0,403.16,199.95,835583,1222655,1882111,3018751,5365759,264960,215613439,1567486.23,3102720.42,131230,10,10,10,0,0,0,0,0,0,1862655,2836479,2988031,1809826.56,200
1781850276,0,131430,0,402.54,200.06,836095,1223679,1884159,3018751,5369855,264960,215613439,1568208.28,3100692.02,131430,10,10,10,0,0,0,0,0,0,2002943,3178495,7892991,2041980.16,200
1781850277,0,131630,0,401.92,200.03,836607,1224703,1886207,3018751,5378047,264960,215613439,1569037.04,3098878.73,131630,10,10,10,0,0,0,0,0,0,1941503,3407871,7983103,2113661.44,200
1781850278,0,131830,0,401.31,199.99,837119,1225727,1888255,3020799,5378047,264960,215613439,1569859.98,3096809.63,131830,10,10,10,0,0,0,0,0,0,2117631,4247551,4911103,2111473.92,200
1781850279,0,132030,0,400.69,199.95,837119,1226751,1889279,3020799,5394431,264960,215613439,1570855.43,3095327.48,132030,10,10,10,0,0,0,0,0,0,1965055,3069951,10182655,2227006.72,200
1781850280,0,132230,0,400.09,200.04,837631,1227775,1891327,3020799,5398527,264960,215613439,1571700.53,3093280.39,132230,10,10,10,0,0,0,0,0,0,2023423,4085759,5869567,2129591.04,200
1781850281,0,132430,0,399.48,199.98,838143,1228799,1893375,3020799,5398527,264960,215613439,1572389.09,3091177.63,132430,10,10,10,0,0,0,0,0,0,1976319,3088383,5013503,2027631.36,200
1781850282,0,132630,0,398.88,200.05,838655,1229823,1894399,3022847,5423103,264960,215613439,1573635.71,3089527.49,132630,10,10,10,0,0,0,0,0,0,2123775,5779455,7426047,2399089.92,200
1781850283,0,132830,0,398.29,200.04,839167,1230847,1896447,3022847,5419007,264960,215613439,1574070.80,3087336.40,132830,10,10,10,0,0,0,0,0,0,1884159,2951167,3184639,1862599.68,200
1781850284,0,133030,0,397.69,199.82,839679,1231871,1897471,3022847,5419007,264960,215613439,1574637.34,3085210.36,133030,10,10,10,0,0,0,0,0,0,1937407,3043327,3284991,1950904.32,200
1781850285,0,133230,0,397.11,200.13,840191,1232895,1899519,3022847,5410815,264960,215613439,1575132.99,3083027.63,133230,10,10,10,0,0,0,0,0,0,1992703,2902015,3225599,1904814.08,200
1781850286,0,133430,0,396.52,200.00,840191,1233919,1900543,3022847,5406719,264960,215613439,1575765.78,3080886.24,133430,10,10,10,0,0,0,0,0,0,2042879,2971647,4317183,1997296.64,200
1781850287,0,133630,0,395.94,199.95,840703,1234943,1902591,3022847,5406719,264960,215613439,1576545.00,3078817.28,133630,10,10,10,0,0,0,0,0,0,2071551,3297279,4845567,2096404.48,200
1781850288,0,133830,0,395.36,200.11,841215,1235967,1904639,3022847,5406719,264960,215613439,1577424.71,3076810.37,133830,10,10,10,0,0,0,0,0,0,2160639,4063231,5435391,2165203.20,200
1781850289,0,134030,0,394.78,200.00,841727,1236991,1906687,3022847,5406719,264960,215613439,1578106.01,3074715.10,134030,10,10,10,0,0,0,0,0,0,2046975,3411967,4130815,2033994.24,200
1781850290,0,134230,0,394.21,199.91,842239,1238015,1908735,3024895,5419007,264960,215613439,1579387.73,3073753.70,134230,10,10,10,0,0,0,0,0,0,2052095,3430399,12845055,2438333.44,200
1781850291,0,134430,0,393.64,199.98,842751,1239039,1909759,3024895,5414911,264960,215613439,1580038.72,3071649.15,134430,10,10,10,0,0,0,0,0,0,2193407,3219455,3653631,2016951.04,200
1781850292,0,134630,0,393.08,200.07,843263,1240063,1911807,3024895,5410815,264960,215613439,1580575.70,3069508.68,134630,10,10,10,0,0,0,0,0,0,1977343,2998271,3457023,1941509.12,200
1781850293,0,134830,0,392.52,199.95,843263,1240063,1912831,3024895,5406719,264960,215613439,1581042.31,3067372.70,134830,10,10,10,0,0,0,0,0,0,1943551,3065855,3561471,1895138.56,200
1781850294,0,135030,0,391.96,199.96,843775,1241087,1914879,3024895,5406719,264960,215613439,1581607.05,3065222.68,135030,10,10,10,0,0,0,0,0,0,2107391,2813951,2979839,1962325.76,200
1781850295,0,135230,0,391.40,200.12,844287,1242111,1916927,3024895,5402623,264960,215613439,1582245.54,3063116.42,135230,10,10,10,0,0,0,0,0,0,2138111,2953215,3342335,2013326.08,200
1781850296,0,135430,0,390.85,199.87,844799,1243135,1918975,3024895,5402623,264960,215613439,1582858.38,3061010.57,135430,10,10,10,0,0,0,0,0,0,2057215,3080191,3946495,1997228.80,200
1781850297,0,135630,0,390.30,200.11,844799,1244159,1919999,3024895,5398527,264960,215613439,1583576.66,3058986.96,135630,10,10,10,0,0,0,0,0,0,1990655,3428351,4382719,2069959.68,200
1781850298,0,135830,0,389.75,199.86,845311,1245183,1922047,3026943,5394431,264960,215613439,1584187.91,3056924.90,135830,10,10,10,0,0,0,0,0,0,1987583,3137535,3930111,1998708.48,200
1781850299,0,136030,0,389.21,200.18,845823,1246207,1923071,3026943,5394431,264960,215613439,1584672.74,3054818.71,136030,10,10,10,0,0,0,0,0,0,1900543,2971647,3293183,1913945.60,200
1781850300,0,136230,0,388.67,199.84,846335,1247231,1924095,3026943,5382143,264960,215613439,1585208.03,3052757.58,136230,10,10,10,0,0,0,0,0,0,1898495,3149823,3887103,1949285.12,200
1781850301,0,136430,0,388.13,199.99,846335,1248255,1925119,3028991,5382143,264960,215613439,1585963.13,3050775.97,136430,10,10,10,0,0,0,0,0,0,2040831,3557375,4501503,2100295.68,200
1781850302,0,136630,0,387.60,200.12,846847,1249279,1926143,3028991,5378047,264960,215613439,1586431.54,3048704.85,136630,10,10,10,0,0,0,0,0,0,1899519,3203071,3473407,1905959.68,200
1781850303,0,136830,0,387.07,199.92,847359,1249279,1927167,3031039,5378047,264960,215613439,1587141.13,3046776.44,136830,10,10,10,0,0,0,0,0,0,1901567,4059135,4931583,2071898.88,200
1781850304,0,137030,0,386.54,199.99,847871,1250303,1928191,3031039,5373951,264960,215613439,1587571.34,3044668.45,137030,10,10,10,0,0,0,0,0,0,1982463,2877439,3080191,1881894.40,200
1781850305,0,137230,0,386.02,200.02,847871,1252351,1930239,3033087,5369855,264960,215613439,1588285.79,3042670.21,137230,10,10,10,0,0,0,0,0,0,2181119,3254271,3889151,2077797.12,200
1781850306,0,137430,0,385.50,199.98,848383,1252351,1932287,3035135,5378047,264960,215613439,1589185.15,3040822.50,137430,10,10,10,0,0,0,0,0,0,2138111,3790847,6479871,2206277.12,200
1781850307,0,137630,0,384.98,199.97,848895,1253375,1933311,3035135,5373951,264960,215613439,1589826.51,3038812.20,137630,10,10,10,0,0,0,0,0,0,2065407,3358719,3768319,2030535.68,200
1781850308,0,137830,0,384.46,200.01,848895,1255423,1936383,3035135,5382143,264960,215613439,1590769.85,3037016.48,137830,10,10,10,0,0,0,0,0,0,2170879,3391487,6623231,2239933.44,200
1781850309,0,138030,0,383.95,200.01,849407,1255423,1937407,3037183,5378047,264960,215613439,1591376.01,3035057.70,138030,10,10,10,0,0,0,0,0,0,2074623,3403775,4534271,2009111.04,200
1781850310,0,139039,0,385.68,1009.57,851967,1263615,1954815,3133439,9986047,264960,215613439,2043613.08,6978638.35,139039,10,10,10,0,0,0,0,0,0,59506687,133758975,154009599,63909106.05,1009
1781850311,0,141280,0,390.81,2239.11,857599,1282047,1997823,3536895,73793535,264960,296222719,3444428.86,16687834.82,141280,10,10,10,0,0,0,0,0,0,54067199,253100031,275251199,90355640.26,2241
1781850312,0,143292,0,395.29,2014.00,863231,1298431,2037759,4497407,72417279,264960,296222719,3648152.49,16693142.92,143292,10,10,10,0,0,0,0,0,0,16113663,36634623,49250303,17953358.89,2012
1781850313,0,145274,0,399.65,1980.40,867839,1314815,2077695,8568831,70254591,264960,296222719,3843145.59,16701183.78,145274,10,10,10,0,0,0,0,0,0,15384575,37257215,51904511,17940497.57,1982
1781850314,0,147302,0,404.12,2027.54,872959,1331199,2119679,11870207,69599231,264960,296222719,4028204.20,16727284.74,147302,10,10,10,0,0,0,0,0,0,13451263,47677439,62226431,17284714.79,2028
1781850315,0,149274,0,408.41,1973.63,877567,1347583,2158591,13582335,69795839,264960,296222719,4205930.16,16784634.90,149274,10,10,10,0,0,0,0,0,0,11255807,55574527,70647807,17481482.90,1972
1781850316,0,151247,0,412.68,1971.65,882175,1364991,2201599,15400959,69206015,264960,296222719,4393506.20,16825353.24,151247,10,10,10,0,0,0,0,0,0,14467071,54755327,64225279,18585206.59,1973
1781850317,0,153216,0,416.91,1970.65,887295,1381375,2244607,17940479,71958527,264960,296222719,4695499.23,17095331.73,153216,10,10,10,0,0,0,0,0,0,19890175,68485119,99614719,27892828.31,1969
1781850318,0,155165,0,421.07,1947.71,891903,1397759,2287615,21217279,115015679,264960,296222719,5747747.43,21319585.39,155165,10,10,10,0,0,0,0,0,0,55443455,242221055,256638975,88467737.09,1949
1781850319,0,157173,0,425.36,2009.22,896511,1416191,2336767,25804799,138280959,264960,296222719,6526223.54,23144320.52,157173,10,10,10,0,0,0,0,0,0,40927231,181796863,205127679,66681724.43,2008
1781850320,0,159195,0,429.67,2022.12,902143,1433599,2387967,30949375,149684223,264960,296222719,7361236.42,25024947.50,159195,10,10,10,0,0,0,0,0,0,45187071,182845439,223870975,72268001.87,2022
1781850321,0,161086,0,433.61,1889.65,906751,1449983,2439167,35487743,166199295,264960,382992383,8181785.91,27977805.88,161086,10,10,10,0,0,0,0,0,0,33718271,299892735,356253695,77260249.82,1891
1781850322,0,163270,0,438.31,2185.37,911871,1470463,2506751,38731775,190578687,264960,430964735,9175032.82,31972240.43,163270,10,10,10,0,0,0,0,0,0,27082751,374603775,408682495,82434268.84,2184
1781850323,0,165244,0,442.42,1972.91,916479,1489919,2572287,41746431,189923327,264960,430964735,9519384.87,32077820.94,165244,10,10,10,0,0,0,0,0,0,27836415,99090431,113704959,38000823.12,1974
1781850324,0,167090,0,446.16,1845.46,921087,1506303,2635775,44204031,209059839,264960,430964735,10431250.34,35652119.51,167090,10,10,10,0,0,0,0,0,0,24363007,373555199,398458879,92056547.15,1846
1781850325,0,169191,0,450.57,2102.59,925695,1525759,2719743,50135039,226361343,264960,430964735,11470963.86,38068104.95,169191,10,10,10,0,0,0,0,0,0,44859391,287309823,319553535,94158128.62,2101
1781850326,0,171226,0,454.78,2034.95,930815,1544191,2807807,54853631,226623487,264960,430964735,12092157.57,38819828.95,171226,10,10,10,0,0,0,0,0,0,38797311,204210175,251265023,63738538.33,2035
1781850327,0,173040,0,458.38,1813.91,935423,1561599,2904063,60260351,226230271,264960,430964735,12698512.30,39411296.71,173040,10,10,10,0,0,0,0,0,0,51675135,162267135,184025087,69933184.14,1814
1781850328,0,174786,0,461.78,1746.37,939007,1579007,3014655,74448895,243400703,264960,448528383,14295895.62,43604154.70,174786,10,10,10,0,0,0,0,0,0,163184639,419430399,439091199,172607011.78,1746
1781850329,0,176168,0,464.21,1380.69,942079,1592319,3125247,96600063,275251199,264960,953155583,16858200.29,56060402.02,176168,10,10,10,0,0,0,0,0,0,241434623,881852415,941621247,340921140.98,1382
1781850330,0,178155,0,468.21,1987.70,946687,1611775,3362815,128516095,368574463,264960,1205862399,22734808.56,90614025.10,178155,10,10,10,0,0,0,0,0,0,367001599,1158676479,1195376639,543756613.70,1987
1781850331,0,179922,0,471.61,1767.04,951295,1630207,3725311,150077439,538968063,264960,1325400063,29145000.86,120372714.21,179922,10,10,10,0,0,0,0,0,0,528744447,1272971263,1305477119,675442572.10,1767
1781850332,0,181626,0,474.84,1704.86,955903,1647615,4341759,181796863,1105199103,264960,1363148799,36397028.20,147345497.77,181626,10,10,10,0,0,0,0,0,0,520880127,1341128703,1351614463,802124295.21,1704
1781850333,0,183624,0,478.81,1997.41,960511,1667071,5660671,224395263,1196425215,264960,1483735039,46635304.93,178924996.76,183624,10,10,10,0,0,0,0,0,0,1078984703,1417674751,1474297855,977334628.71,1998
1781850334,0,185674,0,482.89,2050.82,965119,1688575,7417855,310902783,1194328063,264960,1483735039,54640366.52,194544563.71,185674,10,10,10,0,0,0,0,0,0,733478911,1056964607,1075838975,771675210.93,2050
1781850335,0,187451,0,486.25,1776.02,969727,1707007,8937471,427556863,1226833919,264960,1483735039,63218070.89,214032039.30,187451,10,10,10,0,0,0,0,0,0,1071644671,1249902591,1267728383,959479568.28,1777
1781850336,0,189500,0,490.29,2049.65,974847,1728511,10321919,594542591,1251999743,264960,1483735039,72745762.58,233321277.72,189500,10,10,10,0,0,0,0,0,0,807403519,1337982975,1360003071,944378429.72,2049
1781850337,0,191884,0,495.18,2382.22,980991,1756159,12140543,664272895,1271922687,264960,1483735039,81166717.40,246955015.31,191884,10,10,10,0,0,0,0,0,0,625475583,1378877439,1421869055,750533721.34,2384
1781850338,0,193602,0,498.33,1718.23,985599,1775615,13459455,691535871,1314914303,264960,1648361471,87104828.67,260143270.01,193602,10,10,10,0,0,0,0,0,0,466616319,1602224127,1637875711,750334481.29,1718
1781850339,0,195150,0,501.02,1547.95,989183,1793023,14622719,705167359,1336934399,264960,1980760063,93283433.53,273696688.44,195150,10,10,10,0,0,0,0,0,0,609222655,1852833791,1968177151,866016158.10,1548
1781850340,0,196889,0,504.19,1740.45,994303,1812479,16277503,741343231,1391460351,264960,2222981119,102622610.57,298933902.27,196889,10,10,10,0,0,0,0,0,0,574095359,2187329535,2206203903,1150661943.50,1739
1781850341,0,198849,0,507.91,1958.43,998911,1836031,17989631,825753599,1668284415,264960,2222981119,114825568.19,329607182.51,198849,10,10,10,0,0,0,0,0,0,881852415,2160066559,2176843775,1340656242.94,1960
1781850342,0,200918,0,511.89,2068.83,1004543,1860607,19873791,926416895,1977614335,264960,2222981119,126717094.90,353396307.91,200918,10,10,10,0,0,0,0,0,0,880279551,2025848831,2048917503,1269596841.02,2069
1781850343,0,203656,0,517.55,2739.15,1011711,1894399,22511615,1055391743,1976565759,264960,2222981119,137638632.70,371785525.25,203656,10,10,10,0,0,0,0,0,0,600309759,1944059903,1967128575,939075277.32,2738
1781850344,0,206210,0,522.71,2552.84,1018879,1925119,24510463,1118830591,1973420031,264960,2222981119,144712737.82,382966506.01,206210,10,10,10,0,0,0,0,0,0,203030527,1693450239,1743781887,708801990.67,2554
1781850345,0,209129,0,528.77,2919.80,1027071,1961983,26755071,1128267775,1971322879,264960,2222981119,149465773.30,386240806.01,209129,10,10,10,0,0,0,0,0,0,414973951,1258291199,1324351487,485239478.59,2919
1781850346,0,211308,0,532.93,2179.46,1033215,1990655,27049983,1124073471,1970274303,264960,2222981119,148329867.68,384440568.73,211308,10,10,10,0,0,0,0,0,0,19267583,177471487,227672063,39311599.20,2179
1781850347,0,213254,0,536.49,1947.00,1038335,2014207,26755071,1119879167,1969225727,264960,2222981119,147142754.15,382883960.09,213254,10,10,10,0,0,0,0,0,0,15253503,46759935,58195967,18239062.30,1946
1781850348,0,215310,0,540.30,2055.54,1043967,2041855,26968063,1115684863,1966079999,264960,2222981119,145961687.20,381243999.83,215310,10,10,10,0,0,0,0,0,0,19267583,53739519,68681727,23458160.06,2056
1781850349,0,217310,0,543.95,1999.82,1050623,2068479,26673151,1111490559,1963982847,264960,2222981119,144777351.09,379685821.13,217310,10,10,10,0,0,0,0,0,0,14401535,40468479,49414143,17277647.36,2000
1781850350,0,219119,0,547.11,1809.55,1055743,2093055,26951679,1107296255,1962934271,264960,2222981119,143877147.65,378262932.56,219119,10,10,10,0,0,0,0,0,0,19496959,131268607,198574079,35738280.40,1809
1781850351,0,221266,0,551.09,2145.16,1061887,2123775,28213247,1104150527,1959788543,264960,2222981119,143477241.33,376574241.90,221266,10,10,10,0,0,0,0,0,0,53673983,297795583,341835775,102663514.74,2147
1781850352,0,222974,0,553.97,1708.74,1067007,2146303,28999679,1099956223,1959788543,264960,2222981119,143018627.96,375259964.95,222974,10,10,10,0,0,0,0,0,0,37847039,320864255,361758719,83606715.05,1708
1781850353,0,224808,0,557.14,1833.89,1072127,2170879,30556159,1093664767,1956642815,264960,2222981119,143407458.86,374013967.78,224808,10,10,10,0,0,0,0,0,0,155189247,509870079,607125503,190680730.66,1834
1781850354,0,226639,0,560.29,1830.14,1078271,2197503,32047103,1085276159,1956642815,264960,2222981119,144266106.87,373570817.42,226639,10,10,10,0,0,0,0,0,0,120389631,896532479,958398463,249689887.18,1831
1781850355,0,228702,0,564.00,2063.47,1084415,2226175,33488895,1081081855,1955594239,264960,2222981119,145856894.73,374321205.78,228702,10,10,10,0,0,0,0,0,0,51216383,988282879,1000341503,320619168.08,2063
1781850356,0,230612,0,567.31,1910.09,1090559,2254847,35913727,1092616191,1953497087,264960,2222981119,147433148.03,375332553.71,230612,10,10,10,0,0,0,0,0,0,96731135,1181745151,1213202431,336172562.76,1910
1781850357,0,232692,0,571.02,2080.74,1096703,2287615,37847039,1092616191,1951399935,264960,2222981119,149589163.52,377015060.89,232692,10,10,10,0,0,0,0,0,0,60915711,1094713343,1123024895,388629089.48,2080
1781850358,0,235106,0,575.53,2414.09,1104895,2324479,41254911,1085276159,1949302783,264960,2222981119,150552480.34,376079192.83,235106,10,10,10,0,0,0,0,0,0,89915391,805306367,880279551,243409198.02,2414
1781850359,0,237272,0,579.41,2164.86,1112063,2359295,42991615,1082130431,1948254207,264960,2222981119,149865680.85,374479878.17,237272,10,10,10,0,0,0,0,0,0,49053695,221118463,239992831,75317813.42,2166
1781850360,0,238969,0,582.14,1697.99,1118207,2390015,43778047,1077936127,1945108479,264960,2222981119,149307337.10,373286808.80,238969,10,10,10,0,0,0,0,0,0,41123839,360185855,410517503,71240550.13,1697
1781850361,0,240935,0,585.50,1965.35,1124351,2424831,45973503,1074790399,1945108479,264960,2222981119,149769293.72,372091006.42,240935,10,10,10,0,0,0,0,0,0,216137727,473956351,492568575,205920519.55,1966
1781850362,0,242889,0,588.82,1955.11,1131519,2463743,48529407,1069547519,1941962751,264960,2222981119,150270246.89,370935400.81,242889,10,10,10,0,0,0,0,0,0,182059007,489947135,536346623,212039515.97,1954
1781850363,0,244948,0,592.37,2057.76,1138687,2506751,51249151,1064828927,1939865599,264960,2222981119,150790335.48,369804741.09,244948,10,10,10,0,0,0,0,0,0,160432127,571998207,590348287,212142350.55,2059
1781850364,0,247064,0,596.05,2115.13,1145855,2553855,54263807,1059061759,1937768447,264960,2222981119,150554511.69,368280051.77,247064,10,10,10,0,0,0,0,0,0,123142143,225574911,245759999,123255567.00,2116
1781850365,0,249215,0,599.79,2152.66,1153023,2600959,56066047,1052770303,1934622719,264960,2222981119,149932674.05,366794387.94,249215,10,10,10,0,0,0,0,0,0,62914559,221249535,240910335,78508362.38,2151
1781850366,0,251002,0,602.64,1787.30,1158143,2641919,57278463,1043333119,1931476991,264960,2222981119,149465122.69,365595713.79,251002,10,10,10,0,0,0,0,0,0,59539455,310378495,365166591,84260415.32,1787
1781850367,0,252780,0,605.46,1778.16,1164287,2689023,59113471,1037565951,1929379839,264960,2222981119,149547099.00,364768407.60,252780,10,10,10,0,0,0,0,0,0,77398015,665845759,821559295,161119775.10,1778
1781850368,0,254546,0,608.23,1765.60,1171455,2738175,61341695,1031274495,1927282687,264960,2222981119,151020387.89,365248810.45,254546,10,10,10,0,0,0,0,0,0,136183807,897056767,908591103,361902587.94,1766
1781850369,0,256822,0,612.21,2275.67,1179647,2803711,66191359,1022361599,1926234111,264960,2222981119,152819275.44,364676291.83,256822,10,10,10,0,0,0,0,0,0,298057727,751304703,835190783,354005405.02,2276
1781850370,0,258270,0,614.19,1447.36,1184767,2846719,69468159,1019215871,1925185535,264960,2222981119,153132919.31,363730631.60,258270,10,10,10,0,0,0,0,0,0,205520895,335544319,364380159,208761819.05,1448
1781850371,0,258470,0,613.21,200.11,1184767,2840575,69271551,1017643007,1925185535,264960,2222981119,153015801.07,363614238.09,258470,10,10,10,0,0,0,0,0,0,1728511,2846719,3143679,1775159.04,200
1781850372,0,258670,0,612.23,199.86,1184767,2836479,69140479,1016594431,1925185535,264960,2222981119,152899073.82,363497862.72,258670,10,10,10,0,0,0,0,0,0,2111487,3209215,3473407,2046615.04,200
1781850373,0,258870,0,611.26,200.07,1184767,2830335,68943871,1016594431,1925185535,264960,2222981119,152782360.22,363381661.66,258870,10,10,10,0,0,0,0,0,0,1951743,2992127,3555327,1830816.00,200
1781850374,0,259070,0,610.29,199.96,1184767,2826239,68747263,1016070143,1925185535,264960,2222981119,152665985.18,363265499.95,259070,10,10,10,0,0,0,0,0,0,2115583,3274751,4102143,2035957.76,200
1781850375,0,259270,0,609.33,200.12,1184767,2822143,68616191,1015021567,1925185535,264960,2222981119,152549848.25,363149419.39,259270,10,10,10,0,0,0,0,0,0,1992703,3543039,6373375,2111869.44,200
1781850376,0,259470,0,608.37,199.85,1185791,2815999,68485119,1013972991,1925185535,264960,2222981119,152433759.37,363033497.15,259470,10,10,10,0,0,0,0,0,0,1853439,2846719,3190783,1941946.88,200
1781850377,0,259670,0,607.41,200.01,1185791,2811903,68354047,1012924415,1925185535,264960,2222981119,152317887.02,362917664.05,259670,10,10,10,0,0,0,0,0,0,2042879,3065855,3549183,1990888.96,200
1781850378,0,259870,0,606.46,200.15,1185791,2807807,68288511,1012924415,1925185535,264960,2222981119,152202523.88,362801802.18,259870,10,10,10,0,0,0,0,0,0,2092031,5103615,12009471,2420789.76,200
1781850379,0,260070,0,605.51,199.91,1185791,2803711,68091903,1011875839,1925185535,264960,2222981119,152087162.18,362686115.93,260070,10,10,10,0,0,0,0,0,0,1973247,3710975,9101311,2191947.52,200
1781850380,0,260270,0,604.57,200.00,1185791,2799615,67960831,1011351551,1924136959,264960,2222981119,151971941.96,362570547.34,260270,10,10,10,0,0,0,0,0,0,2034687,3645439,4837375,2145322.24,200
1781850381,0,260470,0,603.64,200.06,1185791,2795519,67764223,1010302975,1924136959,264960,2222981119,151856692.87,362455167.70,260470,10,10,10,0,0,0,0,0,0,2019327,2940927,3385343,1877286.40,200
1781850382,0,260670,0,602.70,199.95,1186815,2791423,67502079,1010302975,1924136959,264960,2222981119,151741842.19,362339800.58,260670,10,10,10,0,0,0,0,0,0,2140159,3547135,5095423,2166056.96,200
1781850383,0,260870,0,601.77,200.00,1186815,2787327,67371007,1009254399,1924136959,264960,2222981119,151627139.06,362224549.69,260870,10,10,10,0,0,0,0,0,0,1969151,3655679,6459391,2128817.92,200
1781850384,0,261070,0,600.85,200.09,1186815,2783231,67174399,1008730111,1923088383,264960,2222981119,151512501.42,362109447.36,261070,10,10,10,0,0,0,0,0,0,2021375,3094527,4116479,1984902.40,200
1781850385,0,261270,0,599.93,199.98,1186815,2779135,66977791,1007681535,1923088383,264960,2222981119,151398255.70,361994362.87,261270,10,10,10,0,0,0,0,0,0,2075647,3270655,12410879,2267599.36,200
1781850386,0,261470,0,599.01,199.89,1186815,2775039,66748415,1006632959,1923088383,264960,2222981119,151283990.90,361879458.52,261470,10,10,10,0,0,0,0,0,0,1992703,3104767,5914623,2014174.72,200
1781850387,0,261670,0,598.10,200.00,1186815,2770943,66584575,1005584383,1923088383,264960,2222981119,151169916.68,361764650.42,261670,10,10,10,0,0,0,0,0,0,2074623,3117055,3260415,2034983.68,200
1781850388,0,261870,0,597.19,199.98,1186815,2766847,66453503,1005060095,1923088383,264960,2222981119,151055854.13,361650012.52,261870,10,10,10,0,0,0,0,0,0,1762303,3102719,3364863,1822119.68,200
1781850389,0,262070,0,596.29,200.06,1187839,2764799,66289663,1004535807,1923088383,264960,2222981119,150943033.67,361535071.19,262070,10,10,10,0,0,0,0,0,0,2047999,4063231,29933567,3221557.76,200
1781850390,0,262270,0,595.39,200.01,1187839,2760703,66158591,1004011519,1923088383,264960,2222981119,150829448.22,361420585.75,262270,10,10,10,0,0,0,0,0,0,2029567,3274751,4292607,1992760.32,200
1781850391,0,262470,0,594.49,200.06,1187839,2756607,65961983,1003487231,1922039807,264960,2222981119,150716060.56,361306192.78,262470,10,10,10,0,0,0,0,0,0,1963007,3401727,3905535,2025146.88,200
1781850392,0,262670,0,593.60,200.03,1187839,2754559,65798143,1002438655,1922039807,264960,2222981119,150602907.15,361191877.06,262670,10,10,10,0,0,0,0,0,0,2013183,3403775,4935679,2106031.36,200
1781850393,0,262870,0,592.71,199.93,1187839,2750463,65667071,1001914367,1922039807,264960,2222981119,150489913.80,361077669.15,262870,10,10,10,0,0,0,0,0,0,2015231,3489791,6905855,2090100.48,200
1781850394,0,263070,0,591.83,200.05,1187839,2746367,65535999,1000865791,1922039807,264960,2222981119,150376913.37,360963636.64,263070,10,10,10,0,0,0,0,0,0,1871871,3262463,3510271,1854789.12,200
1781850395,0,263270,0,590.95,199.99,1188863,2742271,65372159,1000865791,1922039807,264960,2222981119,150264142.01,360849682.70,263270,10,10,10,0,0,0,0,0,0,1963007,3076095,5283839,1930339.84,200
1781850396,0,263470,0,590.07,199.90,1188863,2740223,65175551,1000341503,1922039807,264960,2222981119,150151550.11,360735827.09,263470,10,10,10,0,0,0,0,0,0,1915903,3014655,4036607,1941207.04,200
1781850397,0,263670,0,589.20,200.06,1188863,2736127,65011711,999817215,1922039807,264960,2222981119,150039107.98,360622081.90,263670,10,10,10,0,0,0,0,0,0,1988607,3039231,3284991,1913465.60,200
1781850398,0,263870,0,588.34,200.02,1188863,2732031,64815103,999292927,1922039807,264960,2222981119,149926856.54,360508429.93,263870,10,10,10,0,0,0,0,0,0,2020351,2961407,3145727,1940174.08,200
1781850399,0,264070,0,587.47,199.93,1188863,2729983,64651263,999292927,1922039807,264960,2222981119,149814817.20,360394862.52,264070,10,10,10,0,0,0,0,0,0,1955839,3211263,5218303,1995701.76,200
1781850400,0,264270,0,586.61,200.15,1188863,2725887,64520191,999292927,1920991231,264960,2222981119,149703108.92,360281331.45,264270,10,10,10,0,0,0,0,0,0,1985535,4419583,7823359,2209091.84,200
1781850401,0,264470,0,585.76,199.95,1188863,2723839,64323583,998768639,1920991231,264960,2222981119,149591882.34,360167781.02,264470,10,10,10,0,0,0,0,0,0,1991679,4976639,17104895,2622641.92,200
1781850402,0,264670,0,584.90,199.97,1189887,2719743,64225279,998244351,1920991231,264960,2222981119,149480347.21,360054519.04,264670,10,10,10,0,0,0,0,0,0,1990655,3125247,6520831,1991856.64,200
1781850403,0,264870,0,584.05,199.90,1189887,2715647,64061439,997720063,1920991231,264960,2222981119,149369012.97,359941344.39,264870,10,10,10,0,0,0,0,0,0,2105343,3125247,3338239,2034858.24,200
1781850404,0,265070,0,583.21,200.04,1189887,2713599,63930367,997195775,1920991231,264960,2222981119,149257825.48,359828279.40,265070,10,10,10,0,0,0,0,0,0,2099199,3139583,3739647,2006662.40,200
1781850405,0,265270,0,582.37,200.02,1189887,2709503,63799295,996671487,1920991231,264960,2222981119,149146795.37,359715319.46,265270,10,10,10,0,0,0,0,0,0,1978367,3409919,3954687,1993047.04,200
1781850406,0,265470,0,581.53,199.95,1189887,2705407,63635455,996147199,1920991231,264960,2222981119,149035850.72,359602493.41,265470,10,10,10,0,0,0,0,0,0,1935359,3026943,3352575,1884404.48,200
1781850407,0,265670,0,580.70,199.98,1189887,2703359,63471615,995098623,1919942655,264960,2222981119,148925228.95,359489704.43,265670,10,10,10,0,0,0,0,0,0,2076671,3321855,5304319,2091435.52,200
1781850408,0,265870,0,579.87,200.02,1190911,2699263,63340543,994574335,1919942655,264960,2222981119,148814931.38,359376952.92,265870,10,10,10,0,0,0,0,0,0,2038783,4341759,8269823,2301152.00,200
1781850409,0,266070,0,579.04,200.11,1190911,2697215,63176703,994050047,1919942655,264960,2222981119,148704499.38,359264422.59,266070,10,10,10,0,0,0,0,0,0,1993727,3041279,3373055,1901721.60,200
1781850410,0,266270,0,578.22,199.97,1190911,2691071,63012863,993525759,1919942655,264960,2222981119,148594253.85,359151984.14,266270,10,10,10,0,0,0,0,0,0,1910783,3031039,4968447,1929102.08,200
1781850411,0,266470,0,577.40,199.97,1190911,2689023,62816255,992477183,1919942655,264960,2222981119,148484158.79,359039651.60,266470,10,10,10,0,0,0,0,0,0,1808383,3708927,4354047,1909107.20,200
1781850412,0,266670,0,576.58,200.11,1190911,2686975,62586879,992477183,1919942655,264960,2222981119,148374791.35,358927196.53,266670,10,10,10,0,0,0,0,0,0,2154495,4366335,13885439,2659086.08,200
1781850413,0,266870,0,575.77,199.96,1190911,2682879,62455807,991952895,1919942655,264960,2222981119,148265058.34,358815050.05,266870,10,10,10,0,0,0,0,0,0,2059263,2955263,3377151,1952546.56,200
1781850414,0,267070,0,574.96,200.01,1190911,2680831,62291967,991428607,1918894079,264960,2222981119,148155517.70,358702991.81,267070,10,10,10,0,0,0,0,0,0,2031615,3260415,3444735,1989966.08,200
1781850415,0,267270,0,574.15,199.85,1190911,2676735,62160895,990904319,1918894079,264960,2222981119,148046046.68,358591071.24,267270,10,10,10,0,0,0,0,0,0,1974271,2996223,3198975,1863911.68,200
1781850416,0,267470,0,573.35,200.10,1190911,2674687,61997055,990380031,1918894079,264960,2222981119,147936996.07,358479146.81,267470,10,10,10,0,0,0,0,0,0,2138111,3469311,7991295,2207223.04,200
1781850417,0,267670,0,572.55,200.07,1190911,2670591,61833215,989855743,1918894079,264960,2222981119,147827891.72,358367408.43,267670,10,10,10,0,0,0,0,0,0,2022399,3229695,3405823,1917187.84,200
1781850418,0,267870,0,571.76,199.97,1190911,2668543,61734911,989331455,1918894079,264960,2222981119,147718932.81,358255776.06,267870,10,10,10,0,0,0,0,0,0,1924095,3051519,4114431,1893772.80,200
1781850419,0,268070,0,570.97,199.98,1190911,2664447,61603839,988807167,1918894079,264960,2222981119,147610123.31,358144247.85,268070,10,10,10,0,0,0,0,0,0,1972223,2990079,4012031,1876117.76,200
1781850420,0,268270,0,570.18,200.00,1191935,2660351,61439999,988807167,1918894079,264960,2222981119,147501507.24,358032805.56,268270,10,10,10,0,0,0,0,0,0,1897471,3145727,3768319,1917966.08,200
1781850421,0,268470,0,569.39,199.98,1191935,2658303,61276159,988282879,1918894079,264960,2222981119,147393054.30,357921461.23,268470,10,10,10,0,0,0,0,0,0,2015231,3047423,3272703,1919699.20,200
1781850422,0,268670,0,568.61,200.03,1191935,2654207,61145087,988282879,1918894079,264960,2222981119,147284836.86,357810185.27,268670,10,10,10,0,0,0,0,0,0,1987583,3530751,3792895,2019152.64,200
1781850423,0,268870,0,567.83,199.89,1191935,2652159,61014015,987758591,1917845503,264960,2222981119,147176692.45,357699043.51,268870,10,10,10,0,0,0,0,0,0,1851391,3313663,4122623,1900894.72,200
1781850424,0,269070,0,567.06,199.97,1191935,2648063,60850175,987234303,1917845503,264960,2222981119,147069656.02,357587646.59,269070,10,10,10,0,0,0,0,0,0,2010111,5144575,27820031,3175243.52,200
1781850425,0,269270,0,566.29,200.15,1191935,2646015,60686335,985661439,1917845503,264960,2222981119,146961913.71,357476668.17,269270,10,10,10,0,0,0,0,0,0,2072575,3244031,3500031,2010790.40,200
1781850426,0,269470,0,565.52,199.93,1191935,2643967,60588031,984088575,1917845503,264960,2222981119,146854205.55,357365838.61,269470,10,10,10,0,0,0,0,0,0,1824767,3059711,3196927,1841328.64,200
1781850427,0,269670,0,564.75,200.08,1191935,2641919,60489727,983564287,1917845503,264960,2222981119,146746715.93,357255082.99,269670,10,10,10,0,0,0,0,0,0,1963007,3284991,3993599,1920568.32,200
1781850428,0,269870,0,563.99,199.92,1191935,2639871,60424191,983039999,1917845503,264960,2222981119,146639354.63,357144437.71,269870,10,10,10,0,0,0,0,0,0,1830911,3442687,3997695,1878755.84,200
1781850429,0,270070,0,563.23,200.03,1191935,2635775,60293119,982515711,1916796927,264960,2222981119,146532186.46,357033875.92,270070,10,10,10,0,0,0,0,0,0,1967103,3141631,3420159,1924814.08,200
1781850430,0,271154,0,564.31,1083.92,1196031,2656255,61603839,978845695,1916796927,264960,2222981119,146425742.92,356353984.66,271154,10,10,10,0,0,0,0,0,0,136970239,238682111,261226495,119906179.78,1084
1781850431,0,272624,0,566.19,1470.66,1201151,2689023,65011711,973078527,1914699775,264960,2222981119,148341090.63,356565665.67,272624,10,10,10,0,0,0,0,0,0,504627199,781713407,817889279,501643261.21,1470
1781850432,0,274404,0,568.71,1779.52,1208319,2729983,69402623,1010302975,1913651199,264960,2222981119,153878938.60,362068047.17,274404,10,10,10,0,0,0,0,0,0,994050047,1265631231,1296039935,1002053245.41,1780
1781850433,0,276096,0,571.03,1692.45,1214463,2766847,74121215,1082130431,1918894079,264960,2222981119,161581170.70,374505848.50,276096,10,10,10,0,0,0,0,0,0,1384120319,1865416703,1958739967,1410708414.64,1692
1781850434,0,277374,0,572.49,1277.85,1219583,2799615,78118911,1121976319,1957691391,264960,2579496959,169846998.19,393393346.54,277374,10,10,10,0,0,0,0,0,0,1907359743,2514485247,2564816895,1955576189.40,1278
1781850435,0,278657,0,573.96,1282.43,1224703,2834431,81919999,1175453695,2084569087,264960,3191865343,180404645.09,422671918.22,278657,10,10,10,0,0,0,0,0,0,2403336191,3105882111,3181379583,2462880679.41,1283
1781850436,0,280229,0,576.01,1572.27,1230847,2879487,87687167,1237319679,2195718143,264960,3676307455,196233337.33,471968876.22,280229,10,10,10,0,0,0,0,0,0,2963275775,3600809983,3672113151,3002070419.87,1572
1781850437,0,282200,0,578.87,1971.76,1238015,2940927,94961663,1308622847,2944401407,264960,3988783103,219099743.22,544502382.77,282200,10,10,10,0,0,0,0,0,0,3357540351,3969908735,3982491647,3470155073.59,1971
1781850438,0,284222,0,581.82,2020.40,1245183,3012607,102563839,1399848959,3328180223,264960,4265607167,244069192.14,618506489.10,284222,10,10,10,0,0,0,0,0,0,3951034367,4177526783,4232052735,3728925020.42,2022
1781850439,0,285789,0,583.84,1567.21,1251327,3074047,109445119,1584398335,3714056191,264960,4861198335,265068483.71,679366480.44,285789,10,10,10,0,0,0,0,0,0,4242538495,4726980607,4844421119,4073913824.31,1567
1781850440,0,287463,0,586.06,1674.68,1258495,3160063,118358015,1833959423,4125097983,264960,5402263551,290986341.83,758127072.97,287463,10,10,10,0,0,0,0,0,0,4903141375,5368709119,5389680639,4715740675.06,1674
1781850441,0,289130,0,588.26,1666.07,1264639,3260415,127467519,1960837119,4437573631,264960,5821693951,318108542.39,836491327.39,289130,10,10,10,0,0,0,0,0,0,5049942015,5775556607,5813305343,4995150617.65,1667
1781850442,0,290916,0,590.69,1786.89,1271807,3405823,137887743,2110783487,4936695807,264960,6148849663,349405000.45,924949621.67,290916,10,10,10,0,0,0,0,0,0,5481955327,6023020543,6132072447,5415891517.35,1786
1781850443,0,292664,0,593.04,1748.77,1278975,3592191,148111359,2453667839,5259657215,264960,6698303487,381865489.95,1013808486.20,292664,10,10,10,0,0,0,0,0,0,5918162943,6564085759,6685720575,5784197162.18,1748
1781850444,0,294548,0,595.64,1882.71,1286143,3885055,158597119,3063939071,5687476223,264960,6991904767,419271138.37,1114106734.21,294548,10,10,10,0,0,0,0,0,0,6618611711,6970933247,6983516159,6229932862.51,1884
1781850445,0,296366,0,598.11,1818.96,1293311,4272127,170131455,3338665983,6224347135,264960,7348420607,458116915.86,1216594240.22,296366,10,10,10,0,0,0,0,0,0,7063207935,7319060479,7335837695,6751816624.02,1818
1781850446,0,298236,0,600.67,1870.05,1300479,4857855,180748287,3871342591,6748635135,264960,7704936447,499242768.61,1319352198.96,298236,10,10,10,0,0,0,0,0,0,7319060479,7616856063,7646216191,7017052648.45,1870
1781850447,0,300065,0,603.14,1827.59,1307647,5521407,190971903,4177526783,7121928191,264960,8166309887,541433175.79,1421933539.82,300065,10,10,10,0,0,0,0,0,0,7675576319,7994343423,8145338367,7420983901.78,1829
1781850448,0,302023,0,605.86,1959.81,1314815,6283263,202899455,4622123007,7390363647,264960,8443133951,588852354.63,1534541401.69,302023,10,10,10,0,0,0,0,0,0,8120172543,8359247871,8422162431,7855877838.58,1958
1781850449,0,304849,0,610.31,2824.15,1326079,7278591,222560255,5226102783,7923040255,264960,8648654847,657367782.66,1684216748.84,304849,10,10,10,0,0,0,0,0,0,8296333311,8468299775,8598323199,7979814746.77,2826
1781850450,0,307874,0,615.13,3024.60,1338367,8331263,246939647,5960105983,8275361791,264960,8875147263,730435284.73,1830022302.14,307874,10,10,10,0,0,0,0,0,0,8082423807,8749318143,8849981439,8093924520.24,3025
1781850451,0,310904,0,619.94,3029.98,1349631,9273343,280494079,6710886399,8342470655,264960,8875147263,802353229.30,1960443544.09,310904,10,10,10,0,0,0,0,0,0,7990149119,8657043455,8690597887,8109833515.43,3030
1781850452,0,314244,0,625.36,3342.18,1362943,10166271,321650687,7331643391,8422162431,264960,8875147263,878705456.55,2084819542.57,314244,10,10,10,0,0,0,0,0,0,7788822527,8585740287,8606711807,7985954816.00,3340
1781850453,0,316804,0,629.20,2559.57,1374207,10854399,363593727,7474249727,8443133951,264960,8875147263,935463202.25,2169837097.39,316804,10,10,10,0,0,0,0,0,0,7990149119,8447328255,8468299775,7902565171.20,2560
1781850454,0,319712,0,633.72,2908.45,1385471,11689983,412352511,7642021887,8468299775,264960,8875147263,1001203288.14,2266565174.89,319712,10,10,10,0,0,0,0,0,0,8329887743,8518631423,8585740287,8163074735.36,2908
1781850455,0,321860,0,636.71,2146.11,1394687,12328959,454557695,7713325055,8468299775,264960,8875147263,1048310689.20,2331218725.16,321860,10,10,10,0,0,0,0,0,0,8262778879,8413773823,8438939647,8059856968.46,2148
1781850456,0,322676,0,637.07,816.73,1397759,12541951,466354175,7746879487,8518631423,264960,8875147263,1067302253.18,2358626063.55,322676,10,10,10,0,0,0,0,0,0,8598323199,8640266239,8648654847,8558263998.75,816
1781850457,0,323240,0,636.92,563.71,1399807,12689407,474742783,7759462399,8568963071,264960,9151971327,1080850915.44,2378761355.30,323240,10,10,10,0,0,0,0,0,0,8707375103,9135194111,9151971327,8832319255.60,564
1781850458,0,323577,0,636.33,337.12,1400831,12787711,480247807,7776239615,8585740287,264960,9529458687,1089593625.19,2392891200.02,323577,10,10,10,0,0,0,0,0,0,9495904255,9521070079,9529458687,9475331008.19,337
1781850459,0,325379,0,638.62,1802.17,1409023,13279231,508035071,7931428863,8640266239,264960,12138315775,1137154399.35,2472500614.43,325379,10,10,10,0,0,0,0,0,0,9663676415,11861491711,12096372735,9677427774.51,1802
1781850460,0,326365,0,639.30,985.58,1413119,13565951,522715135,7927234559,8640266239,264960,12138315775,1150503762.22,2481076714.81,326365,10,10,10,0,0,0,0,0,0,5544869887,6803161087,6941573119,5555779970.34,986
1781850461,0,326829,0,638.96,464.03,1415167,13664255,529793023,7923040255,8640266239,264960,12138315775,1155506926.77,2482912313.48,326829,10,10,10,0,0,0,0,0,0,4689231871,5280628735,5339348991,4674597005.24,464
1781850462,0,326829,0,637.71,0.00,1415167,13664255,529793023,7923040255,8640266239,264960,12138315775,1155506926.77,2482912313.48,326829,10,10,10,0,0,0,0,0,0,0,0,0,0.00,0
1781850463,0,326829,0,636.47,0.00,1415167,13664255,529793023,7923040255,8640266239,264960,12138315775,1155506926.77,2482912313.48,326829,10,10,10,0,0,0,0,0,0,0,0,0,0.00,0
1781850464,0,326829,0,635.23,0.00,1415167,13664255,529793023,7923040255,8640266239,264960,12138315775,1155506926.77,2482912313.48,326829,10,10,10,0,0,0,0,0,0,0,0,0,0.00,0
1781850465,0,326829,0,634.00,0.00,1415167,13664255,529793023,7923040255,8640266239,264960,12138315775,1155506926.77,2482912313.48,326829,10,10,10,0,0,0,0,0,0,0,0,0,0.00,0
1781850466,0,327105,0,633.31,276.21,1416191,13754367,533463039,7948206079,8665432063,264960,17901289471,1169263592.09,2526619807.97,327105,10,10,10,0,0,0,0,0,0,17465081855,17867735039,17901289471,17459398270.14,276
1781850467,0,333089,0,643.65,5980.17,1440767,15425535,640155647,8329887743,16617832447,264960,19897778175,1445552595.85,3239680601.44,333089,10,10,10,0,0,0,0,0,0,16659775487,19411238911,19813892095,16548412651.47,5984
1781850468,0,335295,0,646.66,2205.88,1449983,16228351,685244415,8384413695,17230200831,264960,21189623807,1548286437.94,3474011777.02,335295,10,10,10,0,0,0,0,0,0,16819159039,20854079487,21122514943,17060304901.57,2206
1781850469,0,340809,0,656.03,5515.74,1474559,18006015,821559295,8657043455,17565745151,264960,21189623807,1764918557.28,3846417259.48,340809,10,10,10,0,0,0,0,0,0,15091105791,18035507199,18589155327,14937872212.40,5514
1781850470,0,344238,0,661.36,3430.15,1489919,19087359,902823935,10745806847,17548967935,264960,21189623807,1867920903.33,3964210917.36,344238,10,10,10,0,0,0,0,0,0,12213813247,13941866495,14302576639,12105344803.61,3429
1781850471,0,345558,0,662.62,1319.62,1496063,19480575,948436991,11458838527,17548967935,264960,21189623807,1913787622.33,4027440093.41,345558,10,10,10,0,0,0,0,0,0,14629732351,16550723583,17129537535,13875202482.42,1320
1781850472,0,346960,0,664.03,1401.65,1502207,19955711,994574335,12071206911,17616076799,264960,21189623807,1970828632.33,4118445800.13,346960,10,10,10,0,0,0,0,0,0,15871246335,17901289471,18102616063,16030013606.53,1402
1781850473,0,348020,0,664.79,1060.01,1506303,20267007,1022361599,12515803135,17616076799,264960,21189623807,2010833110.24,4175382230.89,348020,10,10,10,0,0,0,0,0,0,15133048831,15275655167,15325986815,15105129012.17,1060
1781850474,0,348732,0,664.88,712.05,1509375,20512767,1051197439,12834570239,17616076799,264960,21189623807,2037396181.39,4212271741.86,348732,10,10,10,0,0,0,0,0,0,15091105791,15275655167,15317598207,15021216434.34,712
1781850475,0,349901,0,665.84,1169.34,1514495,20856831,1085276159,13648265215,17599299583,264960,21189623807,2080718981.91,4271299010.53,349901,10,10,10,0,0,0,0,0,0,15082717183,15284043775,15334375423,15004625630.06,1169
1781850476,0,353689,0,671.77,3788.07,1529855,22151167,1195376639,14537457663,17582522367,264960,21189623807,2214452981.98,4438827511.01,353689,10,10,10,0,0,0,0,0,0,14545846271,15351152639,15476981759,14567584016.49,3788
1781850477,0,358605,0,679.82,4912.91,1552383,23871487,1337982975,14495514623,17565745151,264960,21189623807,2363147845.93,4586069468.99,358605,10,10,10,0,0,0,0,0,0,13061062655,14269022207,14420017151,13061223056.56,4916
1781850478,0,369136,0,698.46,10534.93,1599487,28688383,2132803583,15300820991,25165823999,264960,30719082495,2896304977.47,5594974372.35,369136,10,10,10,0,0,0,0,0,0,22615687167,29846667263,30366760959,21051543146.33,10531
1781850479,0,375054,0,708.31,5920.17,1627135,31719423,3321888767,16231956479,26625441791,264960,30719082495,3163665618.27,5979609776.38,375054,10,10,10,0,0,0,0,0,0,19310575615,28840034303,29611786239,19840319471.39,5918
1781850480,0,379333,0,715.05,4280.00,1646591,34340863,4102029311,16802381823,26591887359,264960,30719082495,3329440202.37,6159021684.10,379333,10,10,10,0,0,0,0,0,0,17783848959,24125636607,24679284735,17859568938.90,4279
1781850481,0,381836,0,718.41,2502.96,1657855,36110335,4416602111,16768827391,26575110143,264960,30719082495,3396481957.17,6194411356.52,381836,10,10,10,0,0,0,0,0,0,13488881663,14512291839,14755561471,13556749624.97,2503
1781850482,0,383318,0,719.84,1481.49,1663999,37257215,4668260351,16752050175,26558332927,264960,30719082495,3436879048.17,6216364111.83,383318,10,10,10,0,0,0,0,0,0,13967032319,14118027263,14134804479,13845154109.84,1482
1781850483,0,384272,0,720.28,953.85,1669119,37847039,4852809727,16743661567,26541555711,264960,30719082495,3463022056.95,6230719952.21,384272,10,10,10,0,0,0,0,0,0,13967032319,14084472831,14092861439,13967304905.79,954
1781850484,0,385019,0,720.33,747.20,1672191,38404095,4970250239,16726884351,26541555711,264960,30719082495,3483009329.66,6241159848.54,385019,10,10,10,0,0,0,0,0,0,13765705727,13958643711,14076084223,13764869113.15,747
1781850485,0,385706,0,720.27,687.13,1675263,38961151,5045747711,16718495743,26541555711,264960,30719082495,3501840455.66,6251514724.95,385706,10,10,10,0,0,0,0,0,0,14059307007,14143193087,14176747519,14055466808.27,687
1781850486,0,386117,0,719.69,410.72,1677311,39256063,5083496447,16718495743,26524778495,264960,30719082495,3513316282.32,6258069239.03,386117,10,10,10,0,0,0,0,0,0,14277410815,14336131071,14663286783,14282890965.02,411
1781850487,0,386576,0,719.21,459.23,1680383,39616511,5112856575,16710107135,26524778495,264960,30719082495,3527281689.51,6267456139.39,386576,10,10,10,0,0,0,0,0,0,15325986815,15367929855,15376318463,15275170858.39,459
1781850488,0,387521,0,719.63,944.91,1683455,40337407,5272240127,16701718527,26508001279,264960,30719082495,3556110082.54,6286906520.30,387521,10,10,10,0,0,0,0,0,0,15359541247,15418261503,15435038719,15349088776.13,945
1781850489,0,391061,0,724.85,3539.50,1700863,43646975,5930745855,17364418559,27229421567,264960,30719082495,3730211401.66,6534012890.18,391061,10,10,10,0,0,0,0,0,0,23974641663,28823257087,29259464703,22788945098.49,3540
1781850490,0,396542,0,733.65,5479.73,1727487,49184767,6819938303,17616076799,27179089919,264960,30719082495,3869305037.10,6612154392.70,396542,10,10,10,0,0,0,0,0,0,14856224767,20350763007,21072183295,13793424024.36,5481
1781850491,0,397175,0,733.47,633.22,1730559,49774591,6895435775,17599299583,27179089919,264960,30719082495,3888026544.21,6623660238.69,397175,10,10,10,0,0,0,0,0,0,15837691903,15921577983,15955132415,15616089529.63,633
1781850492,0,397847,0,733.35,671.59,1733631,50561023,6987710463,17599299583,27162312703,264960,30719082495,3908277130.21,6636518138.43,397847,10,10,10,0,0,0,0,0,0,16080961535,16223567871,16231956479,15877066556.95,672
1781850493,0,397907,0,732.12,60.04,1733631,50626559,6996099071,17599299583,27162312703,264960,30719082495,3909992665.73,6637544448.41,397907,10,10,10,0,0,0,0,0,0,16030629887,16039018495,16039018495,15285337019.73,60
1781850494,0,399654,0,733.98,1745.95,1742847,52690943,7222591487,17565745151,27145535487,264960,30719082495,3960930491.14,6669230300.28,399654,10,10,10,0,0,0,0,0,0,16374562815,16970153983,17003708415,15562829343.36,1747
1781850495,0,399663,0,732.65,9.00,1742847,52723711,7222591487,17565745151,27145535487,264960,30719082495,3961066897.51,6669217222.47,399663,10,10,10,0,0,0,0,0,0,10200547327,10208935935,10208935935,10018328120.89,9
1781850496,0,402412,0,736.34,2749.58,1757183,56131583,7402946559,18287165439,27430748159,264960,30719082495,4100296383.25,6858253258.09,402412,10,10,10,0,0,0,0,0,0,24360517631,28236054527,28605153279,24342156680.99,2749
1781850497,0,406017,0,741.58,3604.06,1774591,60620799,7532969983,18454937599,27413970943,264960,30719082495,4191759832.30,6902540039.22,406017,10,10,10,0,0,0,0,0,0,14344519679,19444793343,19914555391,14401465646.51,3605
1781850498,0,414253,0,755.24,8237.59,1815551,74317823,7864319999,20736638975,28001173503,264960,30719082495,4563436199.75,7339684059.20,414253,10,10,10,0,0,0,0,0,0,23169335295,29024583679,29561454591,22886277832.17,8236
1781850499,0,424430,0,772.39,10177.71,1869823,97976319,8359247871,21575499775,28185722879,264960,30719082495,4871163071.48,7560744441.91,424430,10,10,10,0,0,0,0,0,0,15820914687,28168945663,29511122943,17397131411.11,10177
1781850500,0,424695,0,771.47,264.91,1871871,98762751,8363442175,21558722559,28185722879,264960,30719082495,4875378385.95,7560328643.20,424695,10,10,10,0,0,0,0,0,0,11173625855,14378074111,14587789311,11626721480.94,265
1781850501,0,426240,0,772.87,1546.02,1880063,102301695,8392802303,22062039039,28605153279,264960,32279363583,4957272079.87,7677063385.22,426240,10,10,10,0,0,0,0,0,0,29762781183,32027705343,32229031935,27468496896.00,1545
1781850502,0,434967,0,787.27,8725.82,1926143,131792895,9017753599,23622320127,29041360895,264960,32631685119,5332835847.69,8064877020.80,434967,10,10,10,0,0,0,0,0,0,23672651775,31339839487,32346472447,23675943490.00,8727
1781850503,0,436356,0,788.35,1388.83,1934335,137756671,9504292863,23605542911,29024583679,264960,32631685119,5367160228.50,8075334397.99,436356,10,10,10,0,0,0,0,0,0,16517169151,18052284415,18236833791,16115880853.10,1389
1781850504,0,436486,0,787.17,129.93,1935359,138280959,9521070079,23605542911,29024583679,264960,32631685119,5370236294.29,8076118486.74,436486,10,10,10,0,0,0,0,0,0,14873001983,17330864127,17347641343,15695311415.14,130
1781850505,0,436917,0,786.53,431.04,1937407,139984895,9705619455,23588765695,29024583679,264960,32631685119,5381835767.82,8080644558.52,436917,10,10,10,0,0,0,0,0,0,17850957823,18069061631,18136170495,17128953642.17,431
1781850506,0,438111,0,787.26,1194.63,1944575,144703487,10351542271,23571988479,29024583679,264960,32631685119,5416209386.98,8096432279.37,438111,10,10,10,0,0,0,0,0,0,18169724927,18371051519,18421383167,17994449389.99,1194
1781850507,0,439458,0,788.26,1346.53,1951743,149553151,10636754943,23555211263,29024583679,264960,32631685119,5453481647.44,8111953821.61,439458,10,10,10,0,0,0,0,0,0,17666408447,18035507199,18069061631,17576263607.02,1347
1781850508,0,440368,0,788.48,910.21,1955839,152698879,10821304319,23538434047,29007806463,264960,32631685119,5476545611.22,8119572391.62,440368,10,10,10,0,0,0,0,0,0,16819159039,17968398335,17985175551,16614615278.56,910
1781850509,0,442231,0,790.40,1862.86,1966079,160432127,11081351167,23504879615,29007806463,264960,32631685119,5506140150.00,8116383248.20,442231,10,10,10,0,0,0,0,0,0,12784238591,15569256447,15921577983,12501571094.81,1863
1781850510,0,442231,0,788.99,0.00,1966079,160432127,11081351167,23504879615,29007806463,264960,32631685119,5506140150.00,8116383248.20,442231,10,10,10,0,0,0,0,0,0,0,0,0,0.00,0
1781850511,0,446024,0,794.34,3791.70,1987583,176029695,11148460031,23437770751,28991029247,264960,32631685119,5536068090.29,8105069928.05,446024,10,10,10,0,0,0,0,0,0,8275361791,21256732671,21760049151,9025407126.64,3793
1781850512,0,447465,0,795.49,1440.49,1994751,180092927,11056185343,23420993535,28991029247,264960,32631685119,5530499006.18,8094601455.06,447465,10,10,10,0,0,0,0,0,0,3072327679,9420406783,10015997951,3806734140.22,1441
1781850513,0,461543,0,819.06,14079.23,2072575,239075327,12255756287,25719472127,30735859711,264960,34795945983,6104155756.65,8742125772.31,461543,10,10,10,0,0,0,0,0,0,26927431679,33806090239,34527510527,24337663204.43,14078
1781850514,0,462462,0,819.24,919.39,2076671,239337471,12230590463,25702694911,30719082495,264960,34795945983,6093615570.20,8736726328.55,462462,10,10,10,0,0,0,0,0,0,300417023,2571108351,2755657727,800090785.98,919
1781850515,0,462966,0,818.68,504.23,2072575,236584959,12222201855,25702694911,30719082495,264960,34795945983,6086984956.48,8734279178.45,462966,10,10,10,0,0,0,0,0,0,1899519,8658943,13123583,2844315.68,504
1781850516,0,463467,0,818.12,500.83,2067455,233701375,12205424639,25702694911,30719082495,264960,34795945983,6080406880.82,8731847068.66,463467,10,10,10,0,0,0,0,0,0,1399807,3737599,5234687,1713521.18,501
1781850517,0,463966,0,817.56,498.77,2063359,231079935,12197036031,25685917695,30719082495,264960,34795945983,6073871150.68,8729422943.05,463966,10,10,10,0,0,0,0,0,0,1601535,16703487,44171263,3540003.91,499
1781850518,0,464463,0,816.99,497.13,2059263,228589567,12188647423,25685917695,30719082495,264960,34795945983,6067374090.90,8727009222.36,464463,10,10,10,0,0,0,0,0,0,1725439,5132287,7192575,2153091.09,497
1781850519,0,464960,0,816.43,497.23,2054143,226230271,12171870207,25685917695,30702305279,264960,34795945983,6060890575.99,8724595412.70,464960,10,10,10,0,0,0,0,0,0,1570815,4112383,5828607,1830642.09,497
1781850520,0,465470,0,815.89,509.54,2050047,223870975,12163481599,25669140479,30702305279,264960,34795945983,6054252861.04,8722117447.84,465470,10,10,10,0,0,0,0,0,0,1582079,6569983,22822911,2739247.94,510
1781850521,0,465968,0,815.34,498.45,2044927,220987391,12146704383,25669140479,30702305279,264960,34795945983,6047784401.37,8719698140.82,465968,10,10,10,0,0,0,0,0,0,1494015,3973119,8212479,1852831.61,498
1781850522,0,466463,0,814.78,495.04,2038783,218497023,12138315775,25669140479,30702305279,264960,34795945983,6041368160.84,8717293423.52,466463,10,10,10,0,0,0,0,0,0,1303551,3221503,4653055,1443381.27,495
1781850523,0,466960,0,814.23,496.88,2033663,216137727,12129927167,25652363263,30702305279,264960,34795945983,6034941642.22,8714877362.46,466960,10,10,10,0,0,0,0,0,0,1555455,12140543,44466175,3285390.16,497
1781850524,0,467467,0,813.69,506.94,2029567,213516287,12121538559,25652363263,30702305279,264960,34795945983,6028398325.18,8712413509.73,467467,10,10,10,0,0,0,0,0,0,1463295,4243455,5406719,1835551.81,507
1781850525,0,467967,0,813.14,499.79,2024447,211550207,12113149951,25652363263,30685528063,264960,34795945983,6021959400.16,8709983310.52,467967,10,10,10,0,0,0,0,0,0,1646591,4464639,8065023,1989481.73,500
1781850526,0,468466,0,812.60,499.17,2020351,209059839,12104761343,25635586047,30685528063,264960,34795945983,6015546981.59,8707557789.49,468466,10,10,10,0,0,0,0,0,0,1430527,4927487,6221823,1919162.74,499
1781850527,0,468960,0,812.05,494.06,2015231,206962687,12096372735,25635586047,30685528063,264960,34795945983,6009212189.49,8705156402.11,468960,10,10,10,0,0,0,0,0,0,1569791,4304895,5505023,1854462.96,494
1781850528,0,469463,0,811.52,503.16,2011135,204734463,12087984127,25635586047,30685528063,264960,34795945983,6002775894.77,8702710911.08,469463,10,10,10,0,0,0,0,0,0,1648639,4763647,5734399,2050698.43,503
1781850529,0,469963,0,810.98,499.90,2006015,202899455,12079595519,25618808831,30685528063,264960,34795945983,5996391520.22,8700279894.48,469963,10,10,10,0,0,0,0,0,0,1634303,4362239,5005311,1936261.12,500
1781850530,0,470460,0,810.44,497.01,2001919,200802303,12062818303,25618808831,30685528063,264960,34795945983,5990058853.84,8697863316.42,470460,10,10,10,0,0,0,0,0,0,1549311,4239359,8200191,1892076.94,497
1781850531,0,470968,0,809.92,508.06,1996799,198574079,12046041087,25618808831,30685528063,264960,34795945983,5983599948.11,8695393006.74,470968,10,10,10,0,0,0,0,0,0,1502207,4317183,9756671,1992091.21,508
1781850532,0,471470,0,809.39,501.95,1992703,197001215,12037652479,25602031615,30668750847,264960,34795945983,5977231655.93,8692951268.56,471470,10,10,10,0,0,0,0,0,0,1327103,5111807,32342015,2606495.11,502
1781850533,0,471970,0,808.86,499.65,1987583,195166207,12029263871,25602031615,30668750847,264960,34795945983,5970901215.08,8690519793.91,471970,10,10,10,0,0,0,0,0,0,1354751,4317183,5136383,1675325.18,500
1781850534,0,472460,0,808.31,490.42,1983487,192675839,12020875263,25602031615,30668750847,264960,34795945983,5964710504.66,8688136738.86,472460,10,10,10,0,0,0,0,0,0,1401855,4775935,6004735,1792960.52,490
1781850535,0,472970,0,807.80,509.73,1978367,190840831,12004098047,25585254399,30668750847,264960,34795945983,5958280643.89,8685656359.68,472970,10,10,10,0,0,0,0,0,0,1386495,4218879,5730303,1708052.83,510
1781850536,0,473463,0,807.27,493.17,1974271,188612607,11987320831,25585254399,30668750847,264960,34795945983,5952078287.74,8683258550.27,473463,10,10,10,0,0,0,0,0,0,1470463,3473407,4587519,1716444.69,493
1781850537,0,473966,0,806.75,503.08,1969151,186908671,11978932223,25568477183,30651973631,264960,34795945983,5945763408.02,8680812020.54,473966,10,10,10,0,0,0,0,0,0,1458175,3665919,4870143,1703974.68,503
1781850538,0,474470,0,806.23,503.62,1965055,185204735,11970543615,25568477183,30651973631,264960,34795945983,5939449562.72,8678360436.76,474470,10,10,10,0,0,0,0,0,0,1480703,4239359,5197823,1854320.76,504
1781850539,0,474964,0,805.70,494.15,1960959,183107583,11953766399,25568477183,30651973631,264960,34795945983,5933274059.30,8675957385.93,474964,10,10,10,0,0,0,0,0,0,1535999,4698111,5611519,1915538.14,494
1781850540,0,475468,0,805.19,503.98,1956863,181665791,11936989183,25551699967,30651973631,264960,34795945983,5926986869.21,8673505567.94,475468,10,10,10,0,0,0,0,0,0,1552383,4947967,8286207,2008791.37,504
1781850541,0,475964,0,804.67,495.76,1953791,179699711,11928600575,25551699967,30651973631,264960,34795945983,5920812329.01,8671092725.68,475964,10,10,10,0,0,0,0,0,0,1456127,4833279,6057983,1868217.55,496
1781850542,0,476462,0,804.15,498.48,1949695,177864703,11911823359,25551699967,30651973631,264960,34795945983,5914625712.91,8668670200.17,476462,10,10,10,0,0,0,0,0,0,1392639,4247551,5156863,1761156.88,498
1781850543,0,476969,0,803.65,506.51,1944575,176160767,11903434751,25534922751,30651973631,264960,34795945983,5908341322.66,8666203357.08,476969,10,10,10,0,0,0,0,0,0,1438719,6062079,31637503,2477129.72,507
1781850544,0,477466,0,803.14,497.35,1939455,174063615,11886657535,25534922751,30635196415,264960,34795945983,5902193096.47,8663785668.94,477466,10,10,10,0,0,0,0,0,0,1380351,4284415,7307263,1763929.63,497
1781850545,0,477962,0,802.62,496.15,1935359,171966463,11878268927,25518145535,30635196415,264960,34795945983,5896070204.54,8661372702.93,477962,10,10,10,0,0,0,0,0,0,1595391,4841471,5271551,1971980.65,496
1781850546,0,478467,0,802.12,504.64,1931263,170262527,11861491711,25518145535,30635196415,264960,34795945983,5889849109.43,8658916068.44,478467,10,10,10,0,0,0,0,0,0,1358847,4640767,7188479,1835122.06,505
1781850547,0,478968,0,801.62,501.35,1927167,168558591,11844714495,25518145535,30635196415,264960,34795945983,5883690206.58,8656478952.30,478968,10,10,10,0,0,0,0,0,0,1560575,3876863,5963775,1790473.20,501
1781850548,0,479469,0,801.11,500.60,1924095,166592511,11827937279,25501368319,30635196415,264960,34795945983,5877544256.57,8654041820.08,479469,10,10,10,0,0,0,0,0,0,1607679,4214783,6397951,1868832.19,501
1781850549,0,479960,0,800.60,491.03,1919999,164233215,11819548671,25501368319,30635196415,264960,34795945983,5871533206.95,8651653533.62,479960,10,10,10,0,0,0,0,0,0,1409023,3823615,4403199,1651440.62,491
1781850550,0,481180,0,801.30,1220.17,1923071,162529279,11777605631,25484591103,30618419199,264960,34795945983,5857002739.10,8645486676.52,481180,10,10,10,0,0,0,0,0,0,85590015,388235263,409206783,140573764.83,1220
1781850551,0,482578,0,802.29,1398.70,1928191,168558591,11727273983,25467813887,30618419199,264960,34795945983,5842237884.61,8637308245.50,482578,10,10,10,0,0,0,0,0,0,766509055,1088421887,1107296255,760297480.79,1398
1781850552,0,484986,0,804.95,2406.22,1940479,177602559,11643387903,25434259455,30601641983,264960,34795945983,5819812624.30,8621693882.42,484986,10,10,10,0,0,0,0,0,0,1324351487,1592786943,1612709887,1325652627.99,2408
1781850553,0,486050,0,805.38,1064.21,1946623,181534719,11601444863,25417482239,30601641983,264960,34795945983,5811729865.89,8613990508.63,486050,10,10,10,0,0,0,0,0,0,2225078271,2403336191,2420113407,2127496153.50,1064
1781850554,0,487310,0,806.13,1259.90,1952767,186122239,11559501823,25400705023,30601641983,264960,34795945983,5803768505.95,8604275178.83,487310,10,10,10,0,0,0,0,0,0,2669674495,3097493503,3263168511,2732642317.00,1260
1781850555,0,488605,0,806.94,1295.38,1958911,190971903,11517558783,25383927807,30584864767,264960,34795945983,5797608648.70,8593701719.33,488605,10,10,10,0,0,0,0,0,0,3414163455,3762290687,3783262207,3479647229.63,1295
1781850556,0,489483,0,807.06,877.80,1963007,194904063,11475615743,25383927807,30584864767,264960,34795945983,5794746858.49,8586261162.39,489483,10,10,10,0,0,0,0,0,0,4099932159,4596957183,4735369215,4202167125.72,878
1781850557,0,490735,0,807.79,1251.54,1969151,199360511,11408506879,25367150591,30584864767,264960,34795945983,5793021613.17,8575378444.67,490735,10,10,10,0,0,0,0,0,0,5163188223,5544869887,5578424319,5118518216.38,1252
1781850558,0,491986,0,808.52,1251.13,1975295,204472319,11324620799,25350373375,30568087551,264960,34795945983,5793249078.45,8564477737.06,491986,10,10,10,0,0,0,0,0,0,5888802815,6241124351,6299844607,5882477832.39,1251
1781850559,0,493450,0,809.59,1464.41,1982463,211025919,11232346111,25333596159,30568087551,264960,34795945983,5795352796.96,8551868391.97,493450,10,10,10,0,0,0,0,0,0,6396313599,7092568063,7210008575,6502320049.66,1464
1781850560,0,494940,0,810.71,1489.66,1990655,217841663,11156848639,25316818943,30551310335,264960,34795945983,5799484420.54,8539330625.99,494940,10,10,10,0,0,0,0,0,0,7092568063,7830765567,7923040255,7167772779.21,1490
1781850561,0,497170,0,813.03,2230.62,2000895,228851711,11022630911,25283264511,30551310335,264960,34795945983,5807732092.59,8521086151.52,497170,10,10,10,0,0,0,0,0,0,7621050367,8296333311,8355053567,7638271465.50,2230
1781850562,0,500553,0,817.23,3381.74,2018303,247857151,10829692927,25232932863,30534533119,264960,34795945983,5825160858.60,8494934485.38,500553,10,10,10,0,0,0,0,0,0,8476688383,8950644735,9068085247,8386514567.45,3383
1781850563,0,504016,0,821.54,3466.31,2035711,272105471,10628366335,25199378431,30500978687,264960,34795945983,5844762574.64,8469026434.14,504016,10,10,10,0,0,0,0,0,0,8640266239,9252634623,9319743487,8678056761.59,3463
1781850564,0,506649,0,824.49,2630.44,2049023,290193407,10443816959,25165823999,30500978687,264960,34795945983,5861196820.08,8450088947.53,506649,10,10,10,0,0,0,0,0,0,8900313087,9630121983,9697230847,9007084647.84,2633
1781850565,0,510589,0,829.55,3942.38,2069503,322961407,10150215679,25115492351,30467424255,264960,34795945983,5888368217.01,8423124213.29,510589,10,10,10,0,0,0,0,0,0,9395240959,9999220735,10099884031,9382368491.99,3940
1781850566,0,513985,0,833.71,3396.26,2087935,357302271,10032775167,25065160703,30450647039,264960,34795945983,5913338321.90,8400874471.74,513985,10,10,10,0,0,0,0,0,0,9688842239,10099884031,10158604287,9667596534.05,3396
1781850567,0,516410,0,836.29,2425.41,2101247,381681663,10133438463,25031606271,30450647039,264960,34795945983,5933183943.47,8386139773.82,516410,10,10,10,0,0,0,0,0,0,10158604287,10661920767,10720641023,10139514583.57,2425
1781850568,0,518651,0,838.56,2239.10,2113535,404750335,10334765055,25014829055,30433869823,264960,34795945983,5953183972.99,8373535747.47,518651,10,10,10,0,0,0,0,0,0,10536091647,11064573951,11089739775,10561936870.64,2241
1781850569,0,521555,0,841.89,2904.79,2127871,439091199,10561257471,24964497407,30417092607,264960,34795945983,5982584001.59,8359459539.83,521555,10,10,10,0,0,0,0,0,0,11341398015,11567890431,11601444863,11233394688.00,2904
1781850570,0,524334,0,845.01,2778.30,2142207,467664895,10812915711,24930942975,30400315391,264960,34795945983,6012409439.54,8347296263.41,524334,10,10,10,0,0,0,0,0,0,11660165119,11869880319,11895046143,11609964779.83,2779
1781850571,0,528571,0,850.47,4236.88,2164735,509870079,11249123327,24880611327,30383538175,264960,34795945983,6059036392.80,8329944336.76,528571,10,10,10,0,0,0,0,0,0,11811160063,12054429695,12113149951,11829179633.44,4237
1781850572,0,530170,0,851.68,1599.79,2172927,525598719,11358175231,24863834111,30366760959,264960,34795945983,6078447836.39,8324868156.75,530170,10,10,10,0,0,0,0,0,0,12591300607,12834570239,12893290495,12495162124.01,1599
1781850573,0,533860,0,856.23,3689.09,2193407,562561023,11559501823,24813502463,30349983743,264960,34795945983,6124152449.08,8314156924.35,533860,10,10,10,0,0,0,0,0,0,12759072767,13136560127,13178503167,12690877249.63,3690
1781850574,0,536150,0,858.52,2290.45,2205695,585105407,11668553727,24779948031,30333206527,264960,34795945983,6153912020.88,8308828664.64,536150,10,10,10,0,0,0,0,0,0,13119782911,13488881663,13547601919,13091660927.89,2290
1781850575,0,538440,0,860.81,2290.71,2217983,611844095,11735662591,24763170815,30316429311,264960,34795945983,6186225985.07,8305876304.28,538440,10,10,10,0,0,0,0,0,0,13765705727,13975420927,14025752575,13751785767.13,2290
1781850576,0,538783,0,859.99,343.01,2220031,617611263,11744051199,24763170815,30316429311,264960,34795945983,6191418557.56,8305783636.23,538783,10,10,10,0,0,0,0,0,0,14378074111,14722007039,15015608319,14342697664.56,343
1781850577,0,539656,0,860.01,872.31,2224127,631242751,11769217023,24746393599,30316429311,264960,34795945983,6205692950.53,8306642074.59,539656,10,10,10,0,0,0,0,0,0,15065939967,15518924799,15544090623,15015315247.21,873
1781850578,0,540524,0,860.02,868.47,2230271,642777087,11785994239,24729616383,30316429311,264960,34795945983,6221255590.63,8309039858.98,540524,10,10,10,0,0,0,0,0,0,15896412159,16215179263,16231956479,15896914703.34,868
1781850579,0,540760,0,859.03,235.97,2232319,645922815,11794382847,24729616383,30316429311,264960,34795945983,6225901156.57,8310202582.07,540760,10,10,10,0,0,0,0,0,0,16986931199,17280532479,17280532479,16865900648.14,236
1781850580,0,540937,0,857.95,177.08,2232319,647495679,11794382847,24729616383,30299652095,264960,34795945983,6229597136.43,8311355290.25,540937,10,10,10,0,0,0,0,0,0,17448304639,17884512255,17884512255,17521337662.19,177
1781850581,0,541057,0,856.78,119.91,2234367,648544255,11794382847,24729616383,30299652095,264960,34795945983,6232439426.08,8312624325.41,541057,10,10,10,0,0,0,0,0,0,19058917375,19126026239,19126026239,19044936362.67,120
1781850582,0,541240,0,855.71,183.06,2234367,651165695,11802771455,24729616383,30299652095,264960,34795945983,6236931315.56,8314808047.56,541240,10,10,10,0,0,0,0,0,0,19495124991,19981664255,19981664255,19517632131.50,183
1781850583,0,541477,0,854.74,236.98,2234367,653787135,11811160063,24729616383,30299652095,264960,34795945983,6243192464.61,8318372220.08,541477,10,10,10,0,0,0,0,0,0,20568866815,20854079487,20854079487,20541860453.54,237
1781850584,0,541627,0,853.62,150.00,2236415,655884287,11811160063,24729616383,30299652095,264960,34795945983,6247350488.75,8320972224.59,541627,10,10,10,0,0,0,0,0,0,21323841535,21592276991,21592276991,21257180064.43,150
1781850585,0,541702,0,852.40,75.01,2236415,656932863,11819548671,24729616383,30299652095,264960,34795945983,6249540737.91,8322477866.60,541702,10,10,10,0,0,0,0,0,0,22129147903,22162702335,22162702335,22066848508.59,75
1781850586,0,541837,0,851.27,135.02,2236415,657981439,11819548671,24712839167,30299652095,264960,34795945983,6253860615.55,8325939073.32,541837,10,10,10,0,0,0,0,0,0,23588765695,23639097343,23639097343,23587833628.44,135
1781850587,0,541982,0,850.16,145.00,2238463,660078591,11827937279,24712839167,30299652095,264960,34795945983,6258643687.05,8329958443.23,541982,10,10,10,0,0,0,0,0,0,24092082175,24326963199,24326963199,24132058232.06,145
1781850588,0,541982,0,848.83,0.00,2238463,660078591,11827937279,24712839167,30299652095,264960,34795945983,6258643687.05,8329958443.23,541982,10,10,10,0,0,0,0,0,0,0,0,0,0.00,0
1781850589,0,541982,0,847.51,0.00,2238463,660078591,11827937279,24712839167,30299652095,264960,34795945983,6258643687.05,8329958443.23,541982,10,10,10,0,0,0,0,0,0,0,0,0,0.00,0
1781850590,0,541982,0,846.18,0.00,2238463,660078591,11827937279,24712839167,30299652095,264960,34795945983,6258643687.05,8329958443.23,541982,10,10,10,0,0,0,0,0,0,0,0,0,0.00,0
1781850591,0,541982,0,844.86,0.00,2238463,660078591,11827937279,24712839167,30299652095,264960,34795945983,6258643687.05,8329958443.23,541982,10,10,10,0,0,0,0,0,0,0,0,0,0.00,0
1781850592,0,541982,0,843.55,0.00,2238463,660078591,11827937279,24712839167,30299652095,264960,34795945983,6258643687.05,8329958443.23,541982,10,10,10,0,0,0,0,0,0,0,0,0,0.00,0
1781850593,0,541982,0,842.24,0.00,2238463,660078591,11827937279,24712839167,30299652095,264960,34795945983,6258643687.05,8329958443.23,541982,10,10,10,0,0,0,0,0,0,0,0,0,0.00,0
1781850594,0,541982,0,840.93,0.00,2238463,660078591,11827937279,24712839167,30299652095,264960,34795945983,6258643687.05,8329958443.23,541982,10,10,10,0,0,0,0,0,0,0,0,0,0.00,0
1781850595,0,541982,0,839.63,0.00,2238463,660078591,11827937279,24712839167,30299652095,264960,34795945983,6258643687.05,8329958443.23,541982,10,10,10,0,0,0,0,0,0,0,0,0,0.00,0
1781850596,0,541982,0,838.33,0.00,2238463,660078591,11827937279,24712839167,30299652095,264960,34795945983,6258643687.05,8329958443.23,541982,10,10,10,0,0,0,0,0,0,0,0,0,0.00,0
1781850597,0,541982,0,837.03,0.00,2238463,660078591,11827937279,24712839167,30299652095,264960,34795945983,6258643687.05,8329958443.23,541982,10,10,10,0,0,0,0,0,0,0,0,0,0.00,0
1781850598,0,541982,0,835.74,0.00,2238463,660078591,11827937279,24712839167,30299652095,264960,34795945983,6258643687.05,8329958443.23,541982,10,10,10,0,0,0,0,0,0,0,0,0,0.00,0
1781850599,0,541982,0,834.46,0.00,2238463,660078591,11827937279,24712839167,30299652095,264960,34795945983,6258643687.05,8329958443.23,541982,10,10,10,0,0,0,0,0,0,0,0,0,0.00,0
1781850600,0,541982,0,833.17,0.00,2238463,660078591,11827937279,24712839167,30299652095,264960,34795945983,6258643687.05,8329958443.23,541982,10,10,10,0,0,0,0,0,0,0,0,0,0.00,0
1781850601,0,541982,0,831.90,0.00,2238463,660078591,11827937279,24712839167,30299652095,264960,34795945983,6258643687.05,8329958443.23,541982,10,10,10,0,0,0,0,0,0,0,0,0,0.00,0
1781850602,0,541982,0,830.62,0.00,2238463,660078591,11827937279,24712839167,30299652095,264960,34795945983,6258643687.05,8329958443.23,541982,10,10,10,0,0,0,0,0,0,0,0,0,0.00,0
1781850603,0,541982,0,829.35,0.00,2238463,660078591,11827937279,24712839167,30299652095,264960,34795945983,6258643687.05,8329958443.23,541982,10,10,10,0,0,0,0,0,0,0,0,0,0.00,0
1781850604,0,541982,0,828.08,0.00,2238463,660078591,11827937279,24712839167,30299652095,264960,34795945983,6258643687.05,8329958443.23,541982,10,10,10,0,0,0,0,0,0,0,0,0,0.00,0
1781850605,0,541982,0,826.82,0.00,2238463,660078591,11827937279,24712839167,30299652095,264960,34795945983,6258643687.05,8329958443.23,541982,10,10,10,0,0,0,0,0,0,0,0,0,0.00,0
1781850606,0,541982,0,825.56,0.00,2238463,660078591,11827937279,24712839167,30299652095,264960,34795945983,6258643687.05,8329958443.23,541982,10,10,10,0,0,0,0,0,0,0,0,0,0.00,0
1781850607,0,541982,0,824.30,0.00,2238463,660078591,11827937279,24712839167,30299652095,264960,34795945983,6258643687.05,8329958443.23,541982,10,10,10,0,0,0,0,0,0,0,0,0,0.00,0
1781850608,0,541982,0,823.05,0.00,2238463,660078591,11827937279,24712839167,30299652095,264960,34795945983,6258643687.05,8329958443.23,541982,10,10,10,0,0,0,0,0,0,0,0,0,0.00,0
1781850609,0,541982,0,821.80,0.00,2238463,660078591,11827937279,24712839167,30299652095,264960,34795945983,6258643687.05,8329958443.23,541982,10,10,10,0,0,0,0,0,0,0,0,0,0.00,0
1781850610,0,541982,0,820.56,0.00,2238463,660078591,11827937279,24712839167,30299652095,264960,34795945983,6258643687.05,8329958443.23,541982,10,10,10,0,0,0,0,0,0,0,0,0,0.00,0
1781850611,0,541982,0,819.32,0.00,2238463,660078591,11827937279,24712839167,30299652095,264960,34795945983,6258643687.05,8329958443.23,541982,10,10,10,0,0,0,0,0,0,0,0,0,0.00,0
1781850612,0,541982,0,818.08,0.00,2238463,660078591,11827937279,24712839167,30299652095,264960,34795945983,6258643687.05,8329958443.23,541982,10,10,10,0,0,0,0,0,0,0,0,0,0.00,0
1781850613,0,541982,0,816.85,0.00,2238463,660078591,11827937279,24712839167,30299652095,264960,34795945983,6258643687.05,8329958443.23,541982,10,10,10,0,0,0,0,0,0,0,0,0,0.00,0
1781850614,0,541982,0,815.62,0.00,2238463,660078591,11827937279,24712839167,30299652095,264960,34795945983,6258643687.05,8329958443.23,541982,10,10,10,0,0,0,0,0,0,0,0,0,0.00,0
1781850615,0,541982,0,814.40,0.00,2238463,660078591,11827937279,24712839167,30299652095,264960,34795945983,6258643687.05,8329958443.23,541982,10,10,10,0,0,0,0,0,0,0,0,0,0.00,0
1781850616,0,541982,0,813.17,0.00,2238463,660078591,11827937279,24712839167,30299652095,264960,34795945983,6258643687.05,8329958443.23,541982,10,10,10,0,0,0,0,0,0,0,0,0,0.00,0
1781850617,0,541982,0,811.96,0.00,2238463,660078591,11827937279,24712839167,30299652095,264960,34795945983,6258643687.05,8329958443.23,541982,10,10,10,0,0,0,0,0,0,0,0,0,0.00,0
1781850618,0,541982,0,810.74,0.00,2238463,660078591,11827937279,24712839167,30299652095,264960,34795945983,6258643687.05,8329958443.23,541982,10,10,10,0,0,0,0,0,0,0,0,0,0.00,0
1781850619,0,541982,0,809.53,0.00,2238463,660078591,11827937279,24712839167,30299652095,264960,34795945983,6258643687.05,8329958443.23,541982,10,10,10,0,0,0,0,0,0,0,0,0,0.00,0
1781850620,0,541982,0,808.32,0.00,2238463,660078591,11827937279,24712839167,30299652095,264960,34795945983,6258643687.05,8329958443.23,541982,10,10,10,0,0,0,0,0,0,0,0,0,0.00,0
1781850621,0,541982,0,807.12,0.00,2238463,660078591,11827937279,24712839167,30299652095,264960,34795945983,6258643687.05,8329958443.23,541982,10,10,10,0,0,0,0,0,0,0,0,0,0.00,0
1781850622,0,541982,0,805.92,0.00,2238463,660078591,11827937279,24712839167,30299652095,264960,34795945983,6258643687.05,8329958443.23,541982,10,10,10,0,0,0,0,0,0,0,0,0,0.00,0
1781850623,0,541982,0,804.72,0.00,2238463,660078591,11827937279,24712839167,30299652095,264960,34795945983,6258643687.05,8329958443.23,541982,10,10,10,0,0,0,0,0,0,0,0,0,0.00,0
1781850624,0,541982,0,803.53,0.00,2238463,660078591,11827937279,24712839167,30299652095,264960,34795945983,6258643687.05,8329958443.23,541982,10,10,10,0,0,0,0,0,0,0,0,0,0.00,0
1781850625,0,541982,0,802.34,0.00,2238463,660078591,11827937279,24712839167,30299652095,264960,34795945983,6258643687.05,8329958443.23,541982,10,10,10,0,0,0,0,0,0,0,0,0,0.00,0
1781850626,0,541982,0,801.15,0.00,2238463,660078591,11827937279,24712839167,30299652095,264960,34795945983,6258643687.05,8329958443.23,541982,10,10,10,0,0,0,0,0,0,0,0,0,0.00,0
1781850627,0,541982,0,799.97,0.00,2238463,660078591,11827937279,24712839167,30299652095,264960,34795945983,6258643687.05,8329958443.23,541982,10,10,10,0,0,0,0,0,0,0,0,0,0.00,0
1781850628,0,541982,0,798.79,0.00,2238463,660078591,11827937279,24712839167,30299652095,264960,34795945983,6258643687.05,8329958443.23,541982,10,10,10,0,0,0,0,0,0,0,0,0,0.00,0
1781850629,0,541982,0,797.62,0.00,2238463,660078591,11827937279,24712839167,30299652095,264960,34795945983,6258643687.05,8329958443.23,541982,10,10,10,0,0,0,0,0,0,0,0,0,0.00,0
1781850630,0,541982,0,796.44,0.00,2238463,660078591,11827937279,24712839167,30299652095,264960,34795945983,6258643687.05,8329958443.23,541982,10,10,10,0,0,0,0,0,0,0,0,0,0.00,0
1781850631,0,541982,0,795.28,0.00,2238463,660078591,11827937279,24712839167,30299652095,264960,34795945983,6258643687.05,8329958443.23,541982,10,10,10,0,0,0,0,0,0,0,0,0,0.00,0
1781850632,0,541982,0,794.11,0.00,2238463,660078591,11827937279,24712839167,30299652095,264960,34795945983,6258643687.05,8329958443.23,541982,10,10,10,0,0,0,0,0,0,0,0,0,0.00,0
1781850633,0,541982,0,792.95,0.00,2238463,660078591,11827937279,24712839167,30299652095,264960,34795945983,6258643687.05,8329958443.23,541982,10,10,10,0,0,0,0,0,0,0,0,0,0.00,0
1781850634,0,541982,0,791.79,0.00,2238463,660078591,11827937279,24712839167,30299652095,264960,34795945983,6258643687.05,8329958443.23,541982,10,10,10,0,0,0,0,0,0,0,0,0,0.00,0
1781850635,0,541982,0,790.63,0.00,2238463,660078591,11827937279,24712839167,30299652095,264960,34795945983,6258643687.05,8329958443.23,541982,10,10,10,0,0,0,0,0,0,0,0,0,0.00,0
1781850636,0,541982,0,789.48,0.00,2238463,660078591,11827937279,24712839167,30299652095,264960,34795945983,6258643687.05,8329958443.23,541982,10,10,10,0,0,0,0,0,0,0,0,0,0.00,0
1781850637,0,541982,0,788.34,0.00,2238463,660078591,11827937279,24712839167,30299652095,264960,34795945983,6258643687.05,8329958443.23,541982,10,10,10,0,0,0,0,0,0,0,0,0,0.00,0
1781850638,0,541982,0,787.19,0.00,2238463,660078591,11827937279,24712839167,30299652095,264960,34795945983,6258643687.05,8329958443.23,541982,10,10,10,0,0,0,0,0,0,0,0,0,0.00,0
1781850639,0,541982,0,786.05,0.00,2238463,660078591,11827937279,24712839167,30299652095,264960,34795945983,6258643687.05,8329958443.23,541982,10,10,10,0,0,0,0,0,0,0,0,0,0.00,0
1781850640,0,541982,0,784.91,0.00,2238463,660078591,11827937279,24712839167,30299652095,264960,34795945983,6258643687.05,8329958443.23,541982,10,10,10,0,0,0,0,0,0,0,0,0,0.00,0
1781850641,0,541982,0,783.77,0.00,2238463,660078591,11827937279,24712839167,30299652095,264960,34795945983,6258643687.05,8329958443.23,541982,10,10,10,0,0,0,0,0,0,0,0,0,0.00,0
1781850642,0,541982,0,782.64,0.00,2238463,660078591,11827937279,24712839167,30299652095,264960,34795945983,6258643687.05,8329958443.23,541982,10,10,10,0,0,0,0,0,0,0,0,0,0.00,0
1781850643,0,541982,0,781.51,0.00,2238463,660078591,11827937279,24712839167,30299652095,264960,34795945983,6258643687.05,8329958443.23,541982,10,10,10,0,0,0,0,0,0,0,0,0,0.00,0
1781850644,0,541982,0,780.39,0.00,2238463,660078591,11827937279,24712839167,30299652095,264960,34795945983,6258643687.05,8329958443.23,541982,10,10,10,0,0,0,0,0,0,0,0,0,0.00,0
1781850645,0,541982,0,779.27,0.00,2238463,660078591,11827937279,24712839167,30299652095,264960,34795945983,6258643687.05,8329958443.23,541982,10,10,10,0,0,0,0,0,0,0,0,0,0.00,0
1781850646,0,541982,0,778.15,0.00,2238463,660078591,11827937279,24712839167,30299652095,264960,34795945983,6258643687.05,8329958443.23,541982,10,10,10,0,0,0,0,0,0,0,0,0,0.00,0
1781850647,0,541982,0,777.03,0.00,2238463,660078591,11827937279,24712839167,30299652095,264960,34795945983,6258643687.05,8329958443.23,541982,10,10,10,0,0,0,0,0,0,0,0,0,0.00,0
1781850648,0,541982,0,775.92,0.00,2238463,660078591,11827937279,24712839167,30299652095,264960,34795945983,6258643687.05,8329958443.23,541982,10,10,10,0,0,0,0,0,0,0,0,0,0.00,0
1781850649,0,541982,0,774.81,0.00,2238463,660078591,11827937279,24712839167,30299652095,264960,34795945983,6258643687.05,8329958443.23,541982,10,10,10,0,0,0,0,0,0,0,0,0,0.00,0
1781850650,0,541982,0,773.70,0.00,2238463,660078591,11827937279,24712839167,30299652095,264960,34795945983,6258643687.05,8329958443.23,541982,10,10,10,0,0,0,0,0,0,0,0,0,0.00,0
1781850651,0,541982,0,772.60,0.00,2238463,660078591,11827937279,24712839167,30299652095,264960,34795945983,6258643687.05,8329958443.23,541982,10,10,10,0,0,0,0,0,0,0,0,0,0.00,0
1781850652,0,541982,0,771.50,0.00,2238463,660078591,11827937279,24712839167,30299652095,264960,34795945983,6258643687.05,8329958443.23,541982,10,10,10,0,0,0,0,0,0,0,0,0,0.00,0
1781850653,0,541982,0,770.40,0.00,2238463,660078591,11827937279,24712839167,30299652095,264960,34795945983,6258643687.05,8329958443.23,541982,10,10,10,0,0,0,0,0,0,0,0,0,0.00,0
1781850654,0,541982,0,769.31,0.00,2238463,660078591,11827937279,24712839167,30299652095,264960,34795945983,6258643687.05,8329958443.23,541982,10,10,10,0,0,0,0,0,0,0,0,0,0.00,0
1781850655,0,541982,0,768.22,0.00,2238463,660078591,11827937279,24712839167,30299652095,264960,34795945983,6258643687.05,8329958443.23,541982,10,10,10,0,0,0,0,0,0,0,0,0,0.00,0
1781850656,0,541982,0,767.13,0.00,2238463,660078591,11827937279,24712839167,30299652095,264960,34795945983,6258643687.05,8329958443.23,541982,10,10,10,0,0,0,0,0,0,0,0,0,0.00,0
1781850657,0,541982,0,766.05,0.00,2238463,660078591,11827937279,24712839167,30299652095,264960,34795945983,6258643687.05,8329958443.23,541982,10,10,10,0,0,0,0,0,0,0,0,0,0.00,0
1781850658,0,541982,0,764.97,0.00,2238463,660078591,11827937279,24712839167,30299652095,264960,34795945983,6258643687.05,8329958443.23,541982,10,10,10,0,0,0,0,0,0,0,0,0,0.00,0
1781850659,0,541982,0,763.89,0.00,2238463,660078591,11827937279,24712839167,30299652095,264960,34795945983,6258643687.05,8329958443.23,541982,10,10,10,0,0,0,0,0,0,0,0,0,0.00,0
1781850660,0,541982,0,762.81,0.00,2238463,660078591,11827937279,24712839167,30299652095,264960,34795945983,6258643687.05,8329958443.23,541982,10,10,10,0,0,0,0,0,0,0,0,0,0.00,0
1781850661,0,541982,0,761.74,0.00,2238463,660078591,11827937279,24712839167,30299652095,264960,34795945983,6258643687.05,8329958443.23,541982,10,10,10,0,0,0,0,0,0,0,0,0,0.00,0
1781850662,0,541982,0,760.67,0.00,2238463,660078591,11827937279,24712839167,30299652095,264960,34795945983,6258643687.05,8329958443.23,541982,10,10,10,0,0,0,0,0,0,0,0,0,0.00,0
1781850663,0,541982,0,759.61,0.00,2238463,660078591,11827937279,24712839167,30299652095,264960,34795945983,6258643687.05,8329958443.23,541982,10,10,10,0,0,0,0,0,0,0,0,0,0.00,0
1781850664,0,541982,0,758.54,0.00,2238463,660078591,11827937279,24712839167,30299652095,264960,34795945983,6258643687.05,8329958443.23,541982,10,10,10,0,0,0,0,0,0,0,0,0,0.00,0
1781850665,0,541982,0,757.48,0.00,2238463,660078591,11827937279,24712839167,30299652095,264960,34795945983,6258643687.05,8329958443.23,541982,10,10,10,0,0,0,0,0,0,0,0,0,0.00,0
1781850666,0,541982,0,756.43,0.00,2238463,660078591,11827937279,24712839167,30299652095,264960,34795945983,6258643687.05,8329958443.23,541982,10,10,10,0,0,0,0,0,0,0,0,0,0.00,0
1781850667,0,541982,0,755.37,0.00,2238463,660078591,11827937279,24712839167,30299652095,264960,34795945983,6258643687.05,8329958443.23,541982,10,10,10,0,0,0,0,0,0,0,0,0,0.00,0
1781850668,0,541982,0,754.32,0.00,2238463,660078591,11827937279,24712839167,30299652095,264960,34795945983,6258643687.05,8329958443.23,541982,10,10,10,0,0,0,0,0,0,0,0,0,0.00,0
1781850669,0,541982,0,753.27,0.00,2238463,660078591,11827937279,24712839167,30299652095,264960,34795945983,6258643687.05,8329958443.23,541982,10,10,10,0,0,0,0,0,0,0,0,0,0.00,0
1781850670,0,541982,0,752.23,0.00,2238463,660078591,11827937279,24712839167,30299652095,264960,34795945983,6258643687.05,8329958443.23,541982,10,10,10,0,0,0,0,0,0,0,0,0,0.00,0
1781850671,0,541982,0,751.19,0.00,2238463,660078591,11827937279,24712839167,30299652095,264960,34795945983,6258643687.05,8329958443.23,541982,10,10,10,0,0,0,0,0,0,0,0,0,0.00,0
1781850672,0,541982,0,750.15,0.00,2238463,660078591,11827937279,24712839167,30299652095,264960,34795945983,6258643687.05,8329958443.23,541982,10,10,10,0,0,0,0,0,0,0,0,0,0.00,0
