timestamp,sent_count,received_count,error_count,total_throughput,interval_throughput,latency_ns_p25,latency_ns_p50,latency_ns_p75,latency_ns_p95,latency_ns_p99,latency_ns_min,latency_ns_max,latency_ns_mean,latency_ns_stddev,latency_sample_count,connections,active_connections,connection_attempts,connection_failures,crashes_injected,reconnects,reconnect_failures,duplicate_count,gap_count,interval_latency_ns_p50,interval_latency_ns_p95,interval_latency_ns_p99,interval_latency_ns_mean,interval_latency_sample_count
1781849888,0,0,0,0.00,0.00,0,0,0,0,0,0,0,0.00,0.00,0,1,1,1,0,0,0,0,0,0,0,0,0,0.00,0
1781849889,0,0,0,0.00,0.00,0,0,0,0,0,0,0,0.00,0.00,0,1,1,1,0,0,0,0,0,0,0,0,0,0.00,0
1781849890,0,0,0,0.00,0.00,0,0,0,0,0,0,0,0.00,0.00,0,1,1,1,0,0,0,0,0,0,0,0,0,0.00,0
1781849891,0,0,0,0.00,0.00,0,0,0,0,0,0,0,0.00,0.00,0,1,1,1,0,0,0,0,0,0,0,0,0,0.00,0
1781849892,0,0,0,0.00,0.00,0,0,0,0,0,0,0,0.00,0.00,0,1,1,1,0,0,0,0,0,0,0,0,0,0.00,0
1781849893,0,0,0,0.00,0.00,0,0,0,0,0,0,0,0.00,0.00,0,1,1,1,0,0,0,0,0,0,0,0,0,0.00,0
1781849894,0,0,0,0.00,0.00,0,0,0,0,0,0,0,0.00,0.00,0,1,1,1,0,0,0,0,0,0,0,0,0,0.00,0
1781849895,0,0,0,0.00,0.00,0,0,0,0,0,0,0,0.00,0.00,0,2,2,2,0,0,0,0,0,0,0,0,0,0.00,0
1781849896,0,0,0,0.00,0.00,0,0,0,0,0,0,0,0.00,0.00,0,2,2,2,0,0,0,0,0,0,0,0,0,0.00,0
1781849897,0,0,0,0.00,0.00,0,0,0,0,0,0,0,0.00,0.00,0,2,2,2,0,0,0,0,0,0,0,0,0,0.00,0
1781849898,0,0,0,0.00,0.00,0,0,0,0,0,0,0,0.00,0.00,0,2,2,2,0,0,0,0,0,0,0,0,0,0.00,0
1781849899,0,0,0,0.00,0.00,0,0,0,0,0,0,0,0.00,0.00,0,2,2,2,0,0,0,0,0,0,0,0,0,0.00,0
1781849900,0,0,0,0.00,0.00,0,0,0,0,0,0,0,0.00,0.00,0,2,2,2,0,0,0,0,0,0,0,0,0,0.00,0
1781849901,0,0,0,0.00,0.00,0,0,0,0,0,0,0,0.00,0.00,0,2,2,2,0,0,0,0,0,0,0,0,0,0.00,0
1781849902,0,0,0,0.00,0.00,0,0,0,0,0,0,0,0.00,0.00,0,3,3,3,0,0,0,0,0,0,0,0,0,0.00,0
1781849903,0,0,0,0.00,0.00,0,0,0,0,0,0,0,0.00,0.00,0,3,3,3,0,0,0,0,0,0,0,0,0,0.00,0
1781849904,0,0,0,0.00,0.00,0,0,0,0,0,0,0,0.00,0.00,0,3,3,3,0,0,0,0,0,0,0,0,0,0.00,0
1781849905,0,0,0,0.00,0.00,0,0,0,0,0,0,0,0.00,0.00,0,3,3,3,0,0,0,0,0,0,0,0,0,0.00,0
1781849906,0,0,0,0.00,0.00,0,0,0,0,0,0,0,0.00,0.00,0,3,3,3,0,0,0,0,0,0,0,0,0,0.00,0
1781849907,0,0,0,0.00,0.00,0,0,0,0,0,0,0,0.00,0.00,0,3,3,3,0,0,0,0,0,0,0,0,0,0.00,0
1781849908,0,0,0,0.00,0.00,0,0,0,0,0,0,0,0.00,0.00,0,3,3,3,0,0,0,0,0,0,0,0,0,0.00,0
1781849909,0,0,0,0.00,0.00,0,0,0,0,0,0,0,0.00,0.00,0,4,4,4,0,0,0,0,0,0,0,0,0,0.00,0
1781849910,0,0,0,0.00,0.00,0,0,0,0,0,0,0,0.00,0.00,0,4,4,4,0,0,0,0,0,0,0,0,0,0.00,0
1781849911,0,0,0,0.00,0.00,0,0,0,0,0,0,0,0.00,0.00,0,4,4,4,0,0,0,0,0,0,0,0,0,0.00,0
1781849912,0,0,0,0.00,0.00,0,0,0,0,0,0,0,0.00,0.00,0,4,4,4,0,0,0,0,0,0,0,0,0,0.00,0
1781849913,0,0,0,0.00,0.00,0,0,0,0,0,0,0,0.00,0.00,0,4,4,4,0,0,0,0,0,0,0,0,0,0.00,0
1781849914,0,0,0,0.00,0.00,0,0,0,0,0,0,0,0.00,0.00,0,4,4,4,0,0,0,0,0,0,0,0,0,0.00,0
1781849915,0,0,0,0.00,0.00,0,0,0,0,0,0,0,0.00,0.00,0,5,5,5,0,0,0,0,0,0,0,0,0,0.00,0
1781849916,0,0,0,0.00,0.00,0,0,0,0,0,0,0,0.00,0.00,0,5,5,5,0,0,0,0,0,0,0,0,0,0.00,0
1781849917,0,0,0,0.00,0.00,0,0,0,0,0,0,0,0.00,0.00,0,5,5,5,0,0,0,0,0,0,0,0,0,0.00,0
1781849918,0,0,0,0.00,0.00,0,0,0,0,0,0,0,0.00,0.00,0,5,5,5,0,0,0,0,0,0,0,0,0,0.00,0
1781849919,0,0,0,0.00,0.00,0,0,0,0,0,0,0,0.00,0.00,0,5,5,5,0,0,0,0,0,0,0,0,0,0.00,0
1781849920,0,0,0,0.00,0.00,0,0,0,0,0,0,0,0.00,0.00,0,5,5,5,0,0,0,0,0,0,0,0,0,0.00,0
1781849921,0,0,0,0.00,0.00,0,0,0,0,0,0,0,0.00,0.00,0,5,5,5,0,0,0,0,0,0,0,0,0,0.00,0
1781849922,0,0,0,0.00,0.00,0,0,0,0,0,0,0,0.00,0.00,0,6,6,6,0,0,0,0,0,0,0,0,0,0.00,0
1781849923,0,0,0,0.00,0.00,0,0,0,0,0,0,0,0.00,0.00,0,6,6,6,0,0,0,0,0,0,0,0,0,0.00,0
1781849924,0,0,0,0.00,0.00,0,0,0,0,0,0,0,0.00,0.00,0,6,6,6,0,0,0,0,0,0,0,0,0,0.00,0
1781849925,0,0,0,0.00,0.00,0,0,0,0,0,0,0,0.00,0.00,0,6,6,6,0,0,0,0,0,0,0,0,0,0.00,0
1781849926,0,0,0,0.00,0.00,0,0,0,0,0,0,0,0.00,0.00,0,6,6,6,0,0,0,0,0,0,0,0,0,0.00,0
1781849927,0,0,0,0.00,0.00,0,0,0,0,0,0,0,0.00,0.00,0,6,6,6,0,0,0,0,0,0,0,0,0,0.00,0
1781849928,0,0,0,0.00,0.00,0,0,0,0,0,0,0,0.00,0.00,0,6,6,6,0,0,0,0,0,0,0,0,0,0.00,0
1781849929,0,0,0,0.00,0.00,0,0,0,0,0,0,0,0.00,0.00,0,7,7,7,0,0,0,0,0,0,0,0,0,0.00,0
1781849930,0,0,0,0.00,0.00,0,0,0,0,0,0,0,0.00,0.00,0,7,7,7,0,0,0,0,0,0,0,0,0,0.00,0
1781849931,0,0,0,0.00,0.00,0,0,0,0,0,0,0,0.00,0.00,0,7,7,7,0,0,0,0,0,0,0,0,0,0.00,0
1781849932,0,0,0,0.00,0.00,0,0,0,0,0,0,0,0.00,0.00,0,7,7,7,0,0,0,0,0,0,0,0,0,0.00,0
1781849933,0,0,0,0.00,0.00,0,0,0,0,0,0,0,0.00,0.00,0,7,7,7,0,0,0,0,0,0,0,0,0,0.00,0
1781849934,0,0,0,0.00,0.00,0,0,0,0,0,0,0,0.00,0.00,0,7,7,7,0,0,0,0,0,0,0,0,0,0.00,0
1781849935,0,0,0,0.00,0.00,0,0,0,0,0,0,0,0.00,0.00,0,8,8,8,0,0,0,0,0,0,0,0,0,0.00,0
1781849936,0,0,0,0.00,0.00,0,0,0,0,0,0,0,0.00,0.00,0,8,8,8,0,0,0,0,0,0,0,0,0,0.00,0
1781849937,0,0,0,0.00,0.00,0,0,0,0,0,0,0,0.00,0.00,0,8,8,8,0,0,0,0,0,0,0,0,0,0.00,0
1781849938,0,0,0,0.00,0.00,0,0,0,0,0,0,0,0.00,0.00,0,8,8,8,0,0,0,0,0,0,0,0,0,0.00,0
1781849939,0,0,0,0.00,0.00,0,0,0,0,0,0,0,0.00,0.00,0,8,8,8,0,0,0,0,0,0,0,0,0,0.00,0
1781849940,0,0,0,0.00,0.00,0,0,0,0,0,0,0,0.00,0.00,0,8,8,8,0,0,0,0,0,0,0,0,0,0.00,0
1781849941,0,0,0,0.00,0.00,0,0,0,0,0,0,0,0.00,0.00,0,8,8,8,0,0,0,0,0,0,0,0,0,0.00,0
1781849942,0,0,0,0.00,0.00,0,0,0,0,0,0,0,0.00,0.00,0,9,9,9,0,0,0,0,0,0,0,0,0,0.00,0
1781849943,0,0,0,0.00,0.00,0,0,0,0,0,0,0,0.00,0.00,0,9,9,9,0,0,0,0,0,0,0,0,0,0.00,0
1781849944,0,0,0,0.00,0.00,0,0,0,0,0,0,0,0.00,0.00,0,9,9,9,0,0,0,0,0,0,0,0,0,0.00,0
1781849945,0,0,0,0.00,0.00,0,0,0,0,0,0,0,0.00,0.00,0,9,9,9,0,0,0,0,0,0,0,0,0,0.00,0
1781849946,0,0,0,0.00,0.00,0,0,0,0,0,0,0,0.00,0.00,0,9,9,9,0,0,0,0,0,0,0,0,0,0.00,0
1781849947,0,0,0,0.00,0.00,0,0,0,0,0,0,0,0.00,0.00,0,9,9,9,0,0,0,0,0,0,0,0,0,0.00,0
1781849948,0,0,0,0.00,0.00,0,0,0,0,0,0,0,0.00,0.00,0,9,9,9,0,0,0,0,0,0,0,0,0,0.00,0
1781849949,0,0,0,0.00,0.00,0,0,0,0,0,0,0,0.00,0.00,0,10,10,10,0,0,0,0,0,0,0,0,0,0.00,0
1781849950,0,190,0,246.81,190.00,2525183,3973119,112394239,245104639,295436287,949248,295698431,62403679.66,84855808.50,190,10,10,10,0,0,0,0,0,0,3973119,245104639,295436287,62403679.66,190
1781849951,0,390,0,220.34,199.97,2125823,2881535,4374527,195035135,285736959,864768,295698431,31748757.66,66341659.55,390,10,10,10,0,0,0,0,0,0,2564095,4366335,6516735,2626581.76,200
1781849952,0,590,0,213.04,200.11,1798143,2469887,3500031,159121407,285736959,674304,295698431,21676487.59,55743326.58,590,10,10,10,0,0,0,0,0,0,1868799,3794943,4036607,2035560.96,200
1781849953,0,790,0,209.56,199.95,1705983,2228223,3039231,133824511,245628927,674304,295698431,16677381.18,48933254.30,790,10,10,10,0,0,0,0,0,0,1896447,2981887,3461119,1930017.28,200
1781849954,0,990,0,207.54,199.90,1658879,2185215,2904063,112328703,245104639,674304,295698431,13711386.38,44108458.54,990,10,10,10,0,0,0,0,0,0,1961983,3022847,3381247,1995706.88,200
1781849955,0,1190,0,206.23,200.00,1628159,2154495,2793471,105709567,235667455,674304,295698431,11760300.75,40466888.71,1190,10,10,10,0,0,0,0,0,0,1969151,3295231,6119423,2102426.88,200
1781849956,0,1390,0,205.33,200.10,1657855,2156543,2807807,68943871,235667455,674304,295698431,10895729.27,37844356.49,1390,10,10,10,0,0,0,0,0,0,2164735,14835711,64946175,5751528.96,200
1781849957,0,1590,0,204.65,200.03,1629183,2105343,2719743,60260351,221380607,674304,295698431,9764010.83,35510531.70,1590,10,10,10,0,0,0,0,0,0,1848319,2859007,4440063,1898567.68,200
1781849958,0,1790,0,204.11,199.92,1618943,2088959,2678783,33521663,195428351,674304,295698431,8903540.56,33556549.08,1790,10,10,10,0,0,0,0,0,0,1976319,3115007,4304895,2062801.92,200
1781849959,0,1990,0,203.70,200.09,1613823,2064383,2652159,10166271,195035135,674304,295698431,8204930.57,31894746.12,1990,10,10,10,0,0,0,0,0,0,1909759,2850815,3209215,1952371.20,200
1781849960,0,2190,0,203.34,199.89,1600511,2054143,2641919,5775359,185597951,674304,295698431,7649785.22,30455492.89,2190,10,10,10,0,0,0,0,0,0,1863679,5087231,5775359,2126088.96,200
1781849961,0,2390,0,203.06,200.04,1584127,2021375,2609151,5332991,185466879,674304,295698431,7163367.15,29198247.31,2390,10,10,10,0,0,0,0,0,0,1793023,2871295,3135487,1837089.28,200
1781849962,0,2590,0,202.81,199.89,1580031,2027519,2596863,5021695,171311103,674304,295698431,6778680.14,28081100.14,2590,10,10,10,0,0,0,0,0,0,2046975,4669439,5054463,2181670.40,200
1781849963,0,2790,0,202.62,200.14,1567743,2021375,2588671,4943871,159252479,674304,295698431,6455553.10,27084504.13,2790,10,10,10,0,0,0,0,0,0,1973247,4163583,10035199,2271057.92,200
1781849964,0,2990,0,202.45,200.05,1554431,2015231,2570239,4907007,159121407,674304,295698431,6170788.30,26187004.11,2990,10,10,10,0,0,0,0,0,0,1939455,2992127,8286207,2198319.36,200
1781849965,0,3190,0,202.29,199.99,1566719,2015231,2559999,4612095,156893183,674304,295698431,5911305.39,25373083.55,3190,10,10,10,0,0,0,0,0,0,1990655,3000319,3629055,2032035.84,200
1781849966,0,3390,0,202.14,199.82,1562623,2019327,2551807,4444159,156893183,674304,295698431,5685363.84,24630370.53,3390,10,10,10,0,0,0,0,0,0,2077695,3332095,4153343,2081596.16,200
1781849967,0,3590,0,202.03,200.12,1562623,2016255,2557951,4444159,155713535,674304,295698431,5538636.02,23967019.60,3590,10,10,10,0,0,0,0,0,0,1968127,4122623,27967487,3051599.36,200
1781849968,0,3790,0,201.92,200.01,1550335,2027519,2570239,4472831,133890047,674304,295698431,5370441.42,23338475.04,3790,10,10,10,0,0,0,0,0,0,2246655,4538367,6897663,2351348.48,200
1781849969,0,3990,0,201.82,200.02,1558527,2030591,2568191,4411391,133824511,674304,295698431,5210147.67,22757238.50,3990,10,10,10,0,0,0,0,0,0,2101247,3362815,4016127,2172581.12,200
1781849970,0,4190,0,201.73,199.91,1547263,2026495,2557951,4411391,126877695,674304,295698431,5076367.09,22222186.00,4190,10,10,10,0,0,0,0,0,0,1829887,3604479,13787135,2407444.48,200
1781849971,0,4390,0,201.65,199.98,1548287,2027519,2543615,4304895,123011071,674304,295698431,4937600.76,21719769.99,4390,10,10,10,0,0,0,0,0,0,2044927,2988031,3950591,2030446.08,200
1781849972,0,4590,0,201.58,200.07,1550335,2021375,2547711,4276223,121176063,674304,295698431,4814398.63,21249774.02,4590,10,10,10,0,0,0,0,0,0,1945599,3252223,4612095,2110112.00,200
1781849973,0,4790,0,201.52,200.03,1551359,2021375,2551807,4188159,112394239,674304,295698431,4702735.61,20808916.83,4790,10,10,10,0,0,0,0,0,0,1975295,3491839,4300799,2140069.12,200
1781849974,0,4990,0,201.46,200.02,1550335,2021375,2539519,4112383,112328703,674304,295698431,4592938.94,20395033.26,4990,10,10,10,0,0,0,0,0,0,2007039,2875391,3131391,1963308.80,200
1781849975,0,5190,0,201.40,200.02,1550335,2029567,2537471,4044799,109248511,674304,295698431,4496295.41,20004461.32,5190,10,10,10,0,0,0,0,0,0,2105343,3244031,3608575,2085039.36,200
1781849976,0,5390,0,201.34,199.90,1544191,2025471,2537471,4052991,109182975,674304,295698431,4408878.26,19635830.37,5390,10,10,10,0,0,0,0,0,0,1924095,4192255,5279743,2140403.20,200
1781849977,0,5590,0,201.30,200.00,1539071,2029567,2531327,3993599,107020287,674304,295698431,4321279.27,19287105.80,5590,10,10,10,0,0,0,0,0,0,2082815,3035135,3276799,1960486.40,200
1781849978,0,5790,0,201.25,200.05,1540095,2029567,2531327,3993599,105775103,674304,295698431,4266794.53,18962380.45,5790,10,10,10,0,0,0,0,0,0,2025471,3506175,17678335,2743946.24,200
1781849979,0,5990,0,201.21,199.95,1538047,2023423,2527231,3946495,105709567,674304,295698431,4189153.44,18648100.38,5990,10,10,10,0,0,0,0,0,0,1923071,2899967,3182591,1941443.84,200
1781849980,0,6190,0,201.17,200.08,1540095,2021375,2527231,3891199,76218367,674304,295698431,4120521.20,18348600.24,6190,10,10,10,0,0,0,0,0,0,1932287,3366911,3604479,2064985.60,200
1781849981,0,6390,0,201.13,199.94,1539071,2022399,2527231,3846143,76152831,674304,295698431,4056684.73,18063088.22,6390,10,10,10,0,0,0,0,0,0,2069503,3409919,3790847,2080945.92,200
1781849982,0,6590,0,201.10,199.93,1535999,2017279,2516991,3799039,72941567,674304,295698431,3990930.61,17791004.06,6590,10,10,10,0,0,0,0,0,0,1884159,2879487,2979839,1890086.40,200
1781849983,0,6790,0,201.07,200.16,1540095,2017279,2516991,3719167,69074943,674304,295698431,3934020.17,17530370.13,6790,10,10,10,0,0,0,0,0,0,2025471,3074047,3385343,2058821.12,200
1781849984,0,6990,0,201.04,199.89,1535999,2015231,2514943,3680255,68943871,674304,295698431,3878007.83,17281275.99,6990,10,10,10,0,0,0,0,0,0,1950719,3254271,3899391,1976389.12,200
1781849985,0,7190,0,201.00,199.91,1530879,2006015,2508799,3657727,64978943,674304,295698431,3822398.95,17042691.88,7190,10,10,10,0,0,0,0,0,0,1849343,2955263,3725311,1878868.48,200
1781849986,0,7390,0,200.98,200.02,1530879,2006015,2504703,3643391,64913407,674304,295698431,3773307.57,16813446.27,7390,10,10,10,0,0,0,0,0,0,1996799,3327999,3663871,2008472.32,200
1781849987,0,7590,0,200.95,200.13,1525759,1993727,2496511,3604479,63275007,674304,295698431,3720351.87,16593810.25,7590,10,10,10,0,0,0,0,0,0,1762303,2674687,3233791,1763639.04,200
1781849988,0,7790,0,200.93,199.99,1524735,1994751,2498559,3604479,60719103,674304,295698431,3677846.87,16382000.46,7790,10,10,10,0,0,0,0,0,0,2020351,3444735,4362239,2064782.08,200
1781849989,0,7990,0,200.91,199.99,1525759,1993727,2498559,3602431,60260351,674304,295698431,3640741.33,16180252.24,7990,10,10,10,0,0,0,0,0,0,1966079,3385343,5476351,2195480.32,200
1781849990,0,8190,0,200.88,199.93,1521663,1990655,2492415,3577855,36863999,674304,295698431,3596384.27,15984126.57,8190,10,10,10,0,0,0,0,0,0,1895423,2656255,2766847,1824320.00,200
1781849991,0,8390,0,200.86,200.12,1515519,1987583,2486271,3561471,36831231,674304,295698431,3555075.17,15794957.93,8390,10,10,10,0,0,0,0,0,0,1730559,2772991,3805183,1863467.52,200
1781849992,0,8590,0,200.84,199.90,1511423,1984511,2488319,3555327,33783807,674304,295698431,3519058.70,15612211.93,8590,10,10,10,0,0,0,0,0,0,1891327,3457023,4485119,2008167.68,200
1781849993,0,8790,0,200.82,200.06,1512447,1984511,2482175,3516415,33587199,674304,295698431,3483869.34,15435555.22,8790,10,10,10,0,0,0,0,0,0,1980415,3006463,3278847,1972486.40,200
1781849994,0,8990,0,200.80,199.89,1517567,1987583,2486271,3500031,33521663,674304,295698431,3453724.73,15264508.48,8990,10,10,10,0,0,0,0,0,0,2097151,3293183,3485695,2128869.12,200
1781849995,0,9190,0,200.79,200.08,1510399,1980415,2482175,3471359,27983871,674304,295698431,3418343.43,15099659.40,9190,10,10,10,0,0,0,0,0,0,1740799,2883583,3053567,1827953.92,200
1781849996,0,9390,0,200.77,200.03,1509375,1974271,2476031,3469311,27443199,674304,295698431,3384534.59,14940021.24,9390,10,10,10,0,0,0,0,0,0,1790975,2754559,3723263,1831018.24,200
1781849997,0,9590,0,200.75,199.89,1506303,1968127,2467839,3444735,20692991,674304,295698431,3349865.47,14785493.19,9590,10,10,10,0,0,0,0,0,0,1760255,2455551,2689023,1722150.40,200
1781849998,0,9790,0,200.74,200.12,1504255,1967103,2463743,3430399,20627455,674304,295698431,3318982.45,14635465.08,9790,10,10,10,0,0,0,0,0,0,1853439,2734079,2992127,1838141.44,200
1781849999,0,9990,0,200.72,199.94,1502207,1961983,2457599,3411967,20316159,674304,295698431,3288722.58,14489981.58,9990,10,10,10,0,0,0,0,0,0,1766399,2746367,3033087,1807502.08,200
1781850000,0,10190,0,200.71,199.98,1499135,1959935,2457599,3411967,17793023,674304,295698431,3263149.32,14348651.64,10190,10,10,10,0,0,0,0,0,0,1851391,3174399,4403199,1985765.12,200
1781850001,0,10390,0,200.70,200.02,1495039,1956863,2451455,3407871,17678335,674304,295698431,3235985.54,14211571.09,10390,10,10,10,0,0,0,0,0,0,1793023,2836479,4468735,1851991.04,200
1781850002,0,10590,0,200.68,200.04,1491967,1954815,2447359,3385343,16220159,674304,295698431,3208593.67,14078343.28,10590,10,10,10,0,0,0,0,0,0,1763327,2824191,3284991,1785585.92,200
1781850003,0,10790,0,200.67,200.06,1487871,1949695,2443263,3381247,16064511,674304,295698431,3183183.91,13948886.24,10790,10,10,10,0,0,0,0,0,0,1730559,2926591,4673535,1837736.96,200
1781850004,0,10990,0,200.66,199.99,1487871,1948671,2445311,3377151,14827519,674304,295698431,3161363.59,13822611.24,10990,10,10,10,0,0,0,0,0,0,1840127,3115007,3618815,1984157.44,200
1781850005,0,11190,0,200.64,199.82,1485823,1947647,2445311,3362815,14786559,674304,295698431,3139368.47,13699768.08,11190,10,10,10,0,0,0,0,0,0,1842175,3096575,3248127,1930736.64,200
1781850006,0,11390,0,200.63,200.00,1482751,1941503,2441215,3350527,14434303,674304,295698431,3116076.39,13580279.05,11390,10,10,10,0,0,0,0,0,0,1736703,2779135,2887679,1812884.48,200
1781850007,0,11590,0,200.62,200.07,1479679,1938431,2437119,3336191,13828095,674304,295698431,3092908.82,13463936.51,11590,10,10,10,0,0,0,0,0,0,1751039,2682879,3321855,1773515.52,200
1781850008,0,11790,0,200.61,200.01,1474559,1935359,2435071,3321855,13787135,674304,295698431,3071114.34,13350521.56,11790,10,10,10,0,0,0,0,0,0,1710079,2881535,2988031,1808124.16,200
1781850009,0,11990,0,200.60,200.12,1472511,1932287,2430975,3299327,13434879,674304,295698431,3049461.28,13239919.84,11990,10,10,10,0,0,0,0,0,0,1743871,2715647,2902015,1773013.76,200
1781850010,0,12210,0,200.92,219.96,1472511,1935359,2435071,3342335,12738559,674304,295698431,3038709.22,13121732.81,12210,10,10,10,0,0,0,0,0,0,2127871,5623807,6463487,2452722.04,220
1781850011,0,12410,0,200.91,200.02,1471487,1933311,2435071,3350527,12738559,674304,295698431,3024756.24,13017431.43,12410,10,10,10,0,0,0,0,0,0,1882111,3512319,9379839,2172926.72,200
1781850012,0,12610,0,200.89,199.98,1465343,1930239,2430975,3348479,12476415,674304,295698431,3004937.79,12914998.95,12610,10,10,10,0,0,0,0,0,0,1666047,2826239,3940351,1775202.56,200
1781850013,0,12810,0,200.88,199.95,1465343,1931263,2433023,3348479,12353535,674304,295698431,2988725.06,12814762.76,12810,10,10,10,0,0,0,0,0,0,1986559,3260415,4165631,1966512.64,200
1781850014,0,13010,0,200.86,199.99,1461247,1927167,2428927,3327999,10698751,674304,295698431,2969134.97,12717034.16,13010,10,10,10,0,0,0,0,0,0,1705983,2672639,2871295,1714389.76,200
1781850015,0,13210,0,200.85,200.07,1463295,1928191,2426879,3311615,10280959,674304,295698431,2953512.83,12621201.70,13210,10,10,10,0,0,0,0,0,0,1934335,2826239,2983935,1937292.80,200
1781850016,0,13410,0,200.84,200.01,1463295,1929215,2428927,3319807,10166271,674304,295698431,2943367.88,12528475.55,13410,10,10,10,0,0,0,0,0,0,2021375,3987455,9265151,2273294.08,200
1781850017,0,13610,0,200.83,199.92,1463295,1929215,2426879,3299327,10010623,674304,295698431,2928021.97,12436925.55,13610,10,10,10,0,0,0,0,0,0,1923071,2963455,3164159,1899078.40,200
1781850018,0,13810,0,200.82,200.07,1463295,1926143,2420735,3284991,9592831,674304,295698431,2911427.62,12347432.93,13810,10,10,10,0,0,0,0,0,0,1740799,2543615,2740223,1782182.40,200
1781850019,0,14010,0,200.80,199.87,1463295,1925119,2418687,3272703,9379839,674304,295698431,2896854.05,12259769.82,14010,10,10,10,0,0,0,0,0,0,1903615,2762751,3096575,1890548.48,200
1781850020,0,14210,0,200.79,200.08,1463295,1925119,2418687,3284991,10280959,674304,295698431,2893477.11,12178337.77,14210,10,10,10,0,0,0,0,0,0,1873919,6225919,15958015,2656922.88,200
1781850021,0,14410,0,200.78,199.91,1460223,1924095,2418687,3297279,12738559,674304,295698431,2893225.89,12104848.48,14410,10,10,10,0,0,0,0,0,0,1855487,4685823,23199743,2875376.64,200
1781850022,0,14610,0,200.77,200.12,1461247,1926143,2420735,3327999,13213695,674304,295698431,2888846.32,12024425.95,14610,10,10,10,0,0,0,0,0,0,2094079,4853759,13836287,2573297.92,200
1781850023,0,14810,0,200.76,200.05,1460223,1926143,2416639,3315711,12738559,674304,295698431,2874714.08,11943725.27,14810,10,10,10,0,0,0,0,0,0,1879039,2594815,3033087,1842353.92,200
1781850024,0,15010,0,200.75,199.98,1462271,1927167,2416639,3311615,12476415,674304,295698431,2863994.20,11864714.05,15010,10,10,10,0,0,0,0,0,0,2023423,2897919,6832127,2070187.52,200
1781850025,0,15210,0,200.74,199.89,1462271,1926143,2416639,3297279,12353535,674304,295698431,2851915.18,11787118.74,15210,10,10,10,0,0,0,0,0,0,1911807,3049471,3207167,1945384.96,200
1781850026,0,15410,0,200.73,199.99,1462271,1925119,2414591,3291135,10698751,674304,295698431,2840225.42,11711193.47,15410,10,10,10,0,0,0,0,0,0,1855487,2930687,5853183,1951219.20,200
1781850027,0,15610,0,200.72,200.14,1462271,1922047,2412543,3278847,10280959,674304,295698431,2827209.09,11636657.03,15610,10,10,10,0,0,0,0,0,0,1771519,2766847,3395583,1824300.80,200
1781850028,0,15810,0,200.71,199.89,1461247,1924095,2412543,3272703,10166271,674304,295698431,2816321.72,11563444.48,15810,10,10,10,0,0,0,0,0,0,2025471,3049471,3227647,1966562.56,200
1781850029,0,16010,0,200.70,200.05,1459199,1922047,2412543,3268607,10035199,674304,295698431,2804927.08,11491945.71,16010,10,10,10,0,0,0,0,0,0,1744895,2744319,7413759,1904180.48,200
1781850030,0,16210,0,200.69,200.06,1460223,1922047,2408447,3254271,10010623,674304,295698431,2793798.56,11421435.22,16210,10,10,10,0,0,0,0,0,0,1909759,2875391,3059711,1902960.64,200
1781850031,0,16410,0,200.68,199.84,1460223,1923071,2408447,3266559,9846783,674304,295698431,2786183.57,11352519.95,16410,10,10,10,0,0,0,0,0,0,2043903,4188159,7004159,2168988.16,200
1781850032,0,16610,0,200.68,200.15,1460223,1924095,2408447,3276799,9592831,674304,295698431,2779186.11,11284861.37,16610,10,10,10,0,0,0,0,0,0,1971199,3934207,6569983,2205044.48,200
1781850033,0,16810,0,200.67,199.97,1461247,1925119,2408447,3274751,9379839,674304,295698431,2770016.55,11218049.99,16810,10,10,10,0,0,0,0,0,0,1989631,3135487,3614719,2008485.12,200
1781850034,0,17010,0,200.66,199.91,1460223,1925119,2406399,3276799,9322495,674304,295698431,2760283.25,11152573.54,17010,10,10,10,0,0,0,0,0,0,1890303,3330047,4939775,1942199.04,200
1781850035,0,17210,0,200.65,199.98,1460223,1923071,2406399,3272703,9232383,674304,295698431,2749993.46,11088166.99,17210,10,10,10,0,0,0,0,0,0,1781759,2854911,3258367,1874846.72,200
1781850036,0,17410,0,200.65,200.06,1460223,1923071,2406399,3272703,8732671,674304,295698431,2742020.01,11024867.36,17410,10,10,10,0,0,0,0,0,0,1957887,3459071,4534271,2055905.28,200
1781850037,0,17610,0,200.64,200.01,1461247,1925119,2406399,3268607,8617983,674304,295698431,2733710.22,10962546.65,17610,10,10,10,0,0,0,0,0,0,2035711,3117055,3258367,2010342.40,200
1781850038,0,17810,0,200.63,200.00,1460223,1925119,2406399,3266559,8286207,674304,295698431,2724619.61,10901384.07,17810,10,10,10,0,0,0,0,0,0,1989631,3217407,4095999,1924192.00,200
1781850039,0,18010,0,200.62,200.05,1460223,1927167,2406399,3268607,7983103,674304,295698431,2717676.13,10841195.01,18010,10,10,10,0,0,0,0,0,0,2044927,3702783,4354047,2099358.72,200
1781850040,0,18210,0,200.62,200.00,1461247,1928191,2406399,3260415,7925759,674304,295698431,2709570.57,10781936.69,18210,10,10,10,0,0,0,0,0,0,1970175,2865151,3160063,1979664.64,200
1781850041,0,18410,0,200.61,199.90,1461247,1928191,2406399,3258367,7696383,674304,295698431,2701645.58,10723718.88,18410,10,10,10,0,0,0,0,0,0,1987583,2990079,3880959,1980075.52,200
1781850042,0,18610,0,200.60,200.01,1461247,1929215,2406399,3256319,7475199,674304,295698431,2693909.16,10666397.54,18610,10,10,10,0,0,0,0,0,0,1941503,3067903,3829759,1981771.52,200
1781850043,0,18810,0,200.60,200.06,1462271,1928191,2404351,3256319,8286207,674304,295698431,2696243.01,10621257.35,18810,10,10,10,0,0,0,0,0,0,1889279,2945023,24723455,2913408.00,200
1781850044,0,19010,0,200.59,200.06,1464319,1928191,2404351,3252223,7983103,674304,295698431,2689217.43,10565728.72,19010,10,10,10,0,0,0,0,0,0,1942527,2869247,5668863,2028462.08,200
1781850045,0,19210,0,200.58,199.89,1465343,1930239,2406399,3252223,7925759,674304,295698431,2683446.97,10510973.95,19210,10,10,10,0,0,0,0,0,0,2059263,3295231,3504127,2134964.48,200
1781850046,0,19410,0,200.58,199.99,1465343,1929215,2404351,3248127,7696383,674304,295698431,2675522.22,10457177.59,19410,10,10,10,0,0,0,0,0,0,1810431,3012607,3297279,1914350.08,200
1781850047,0,19610,0,200.57,200.01,1463295,1929215,2404351,3237887,7475199,674304,295698431,2667728.90,10404157.58,19610,10,10,10,0,0,0,0,0,0,1899519,2926591,3028991,1911386.88,200
1781850048,0,19810,0,200.57,199.99,1463295,1929215,2404351,3237887,7413759,674304,295698431,2661321.04,10351958.55,19810,10,10,10,0,0,0,0,0,0,1941503,3198975,4395007,2033030.40,200
1781850049,0,20010,0,200.56,200.05,1461247,1928191,2402303,3231743,7364607,674304,295698431,2652644.51,10300600.19,20010,10,10,10,0,0,0,0,0,0,1788927,2750463,3125247,1793233.92,200
1781850050,0,20210,0,200.56,199.99,1462271,1929215,2406399,3231743,7221247,674304,295698431,2647306.06,10249905.18,20210,10,10,10,0,0,0,0,0,0,2127871,3201023,4370431,2113194.24,200
1781850051,0,20410,0,200.55,200.07,1460223,1927167,2404351,3225599,7049215,674304,295698431,2638854.35,10200090.91,20410,10,10,10,0,0,0,0,0,0,1718271,2809855,3069951,1784808.96,200
1781850052,0,20610,0,200.55,199.98,1460223,1927167,2404351,3223551,7028735,674304,295698431,2632487.34,10150932.64,20610,10,10,10,0,0,0,0,0,0,1893375,3047423,4517887,1982734.08,200
1781850053,0,20810,0,200.54,199.95,1459199,1925119,2402303,3217407,7004159,674304,295698431,2624033.05,10102545.23,20810,10,10,10,0,0,0,0,0,0,1731583,2738175,2873343,1752819.20,200
1781850054,0,21010,0,200.53,199.88,1459199,1924095,2402303,3217407,7364607,674304,295698431,2620388.65,10056107.51,21010,10,10,10,0,0,0,0,0,0,1838079,3229695,9830399,2241187.84,200
1781850055,0,21210,0,200.53,200.01,1456127,1923071,2398207,3207167,7221247,674304,295698431,2612165.10,10009097.35,21210,10,10,10,0,0,0,0,0,0,1756159,2729983,3039231,1748281.60,200
1781850056,0,21410,0,200.52,200.13,1456127,1923071,2398207,3203071,7049215,674304,295698431,2605402.60,9962630.21,21410,10,10,10,0,0,0,0,0,0,1878015,2770943,2940927,1888239.36,200
1781850057,0,21610,0,200.52,200.03,1457151,1923071,2398207,3198975,7028735,674304,295698431,2599302.53,9916792.87,21610,10,10,10,0,0,0,0,0,0,1963007,3098623,3223551,1946289.92,200
1781850058,0,21810,0,200.51,199.88,1457151,1922047,2396159,3196927,7004159,674304,295698431,2592910.44,9871651.82,21810,10,10,10,0,0,0,0,0,0,1827839,2969599,4259839,1902245.12,200
1781850059,0,22010,0,200.51,200.04,1457151,1919999,2396159,3192831,6901759,674304,295698431,2586065.17,9827107.06,22010,10,10,10,0,0,0,0,0,0,1805311,2797567,2988031,1839589.12,200
1781850060,0,22210,0,200.50,199.92,1458175,1922047,2396159,3194879,7221247,674304,295698431,2583297.50,9783858.15,22210,10,10,10,0,0,0,0,0,0,1997823,3309567,8568831,2278714.88,200
1781850061,0,22410,0,200.50,200.00,1457151,1922047,2396159,3188735,7049215,674304,295698431,2577143.82,9740525.49,22410,10,10,10,0,0,0,0,0,0,1884159,2945023,4317183,1893777.92,200
1781850062,0,22610,0,200.50,200.04,1453055,1917951,2392063,3184639,7028735,674304,295698431,2568937.77,9697851.55,22610,10,10,10,0,0,0,0,0,0,1572863,2533375,2807807,1649450.24,200
1781850063,0,22810,0,200.49,200.09,1452031,1917951,2392063,3180543,7004159,674304,295698431,2562656.33,9655633.02,22810,10,10,10,0,0,0,0,0,0,1861631,2738175,3131391,1852538.88,200
1781850064,0,23010,0,200.49,200.03,1452031,1916927,2392063,3184639,6901759,674304,295698431,2557264.04,9614006.81,23010,10,10,10,0,0,0,0,0,0,1845247,3309567,4804607,1942273.28,200
1781850065,0,23210,0,200.48,199.98,1453055,1917951,2390015,3184639,7221247,674304,295698431,2558570.78,9578053.11,23210,10,10,10,0,0,0,0,0,0,2030591,2893823,18415615,2708911.36,200
1781850066,0,23410,0,200.48,199.86,1453055,1917951,2390015,3180543,7049215,674304,295698431,2553428.68,9537363.82,23410,10,10,10,0,0,0,0,0,0,1885183,2881535,3506175,1956688.64,200
1781850067,0,23610,0,200.48,200.04,1452031,1914879,2385919,3176447,7028735,674304,295698431,2545970.03,9497323.48,23610,10,10,10,0,0,0,0,0,0,1692671,2363391,2682879,1672934.40,200
1781850068,0,23810,0,200.47,199.99,1451007,1913855,2385919,3174399,7004159,674304,295698431,2540531.68,9457758.91,23810,10,10,10,0,0,0,0,0,0,1794047,2936831,4098047,1898534.40,200
1781850069,0,24010,0,200.47,200.13,1451007,1912831,2383871,3172351,6901759,674304,295698431,2534859.66,9418667.97,24010,10,10,10,0,0,0,0,0,0,1742847,2928639,3725311,1859605.76,200
1781850070,0,24490,0,202.78,479.91,1452031,1918975,2396159,3229695,7368703,495872,295698431,2544482.78,9337090.23,24490,10,10,10,0,0,0,0,0,0,2435071,5799935,22315007,3025839.20,480
1781850071,0,24990,0,205.22,499.77,1452031,1921023,2402303,3237887,7475199,495872,295698431,2538062.95,9245000.88,24990,10,10,10,0,0,0,0,0,0,2029567,3676159,9027583,2223619.58,500
1781850072,0,25490,0,207.62,499.89,1452031,1923071,2408447,3258367,7929855,495872,295698431,2538619.55,9161701.00,25490,10,10,10,0,0,0,0,0,0,2123775,4739071,20119551,2566438.40,500
1781850073,0,25990,0,209.99,500.26,1452031,1922047,2410495,3260415,7475199,495872,295698431,2528327.23,9073982.38,25990,10,10,10,0,0,0,0,0,0,1850367,3301375,3837951,2003624.96,500
1781850074,0,26490,0,212.31,500.18,1451007,1921023,2412543,3276799,7368703,495872,295698431,2519601.43,8988949.39,26490,10,10,10,0,0,0,0,0,0,1878015,3567615,4001791,2066034.18,500
1781850075,0,26990,0,214.60,499.83,1453055,1924095,2416639,3284991,7360511,481792,295698431,2512477.71,8906275.16,26990,10,10,10,0,0,0,0,0,0,2076671,3571711,4087807,2135063.04,500
1781850076,0,27490,0,216.85,500.17,1452031,1925119,2420735,3301375,7385087,481792,295698431,2511435.65,8832941.64,27490,10,10,10,0,0,0,0,0,0,2035711,3876863,20676607,2455185.41,500
1781850077,0,27990,0,219.07,500.03,1453055,1927167,2424831,3311615,7360511,457728,295698431,2504429.17,8754491.69,27990,10,10,10,0,0,0,0,0,0,2021375,3569663,3870719,2119213.06,500
1781850078,0,28490,0,221.25,499.74,1454079,1926143,2426879,3321855,7385087,457728,295698431,2499005.53,8679382.49,28490,10,10,10,0,0,0,0,0,0,1915903,3749887,9854975,2195389.95,500
1781850079,0,28990,0,223.40,500.13,1453055,1929215,2433023,3360767,7360511,457728,295698431,2495106.76,8605207.51,28990,10,10,10,0,0,0,0,0,0,2220031,3950591,4874239,2272954.88,500
1781850080,0,29490,0,225.51,499.74,1452031,1930239,2437119,3375103,7266303,457728,295698431,2488859.33,8532870.82,29490,10,10,10,0,0,0,0,0,0,1997823,3964927,4333567,2126633.47,500
1781850081,0,29990,0,227.59,500.08,1447935,1928191,2437119,3383295,7360511,457728,295698431,2482901.78,8464169.78,29990,10,10,10,0,0,0,0,0,0,1786879,3807231,11657215,2131525.12,500
1781850082,0,30490,0,229.65,500.13,1447935,1928191,2435071,3385343,7266303,457728,295698431,2474754.98,8395437.94,30490,10,10,10,0,0,0,0,0,0,1879039,3489791,5029887,1986110.46,500
1781850083,0,30990,0,231.67,500.00,1449983,1929215,2437119,3385343,7028735,457728,295698431,2468471.59,8328155.91,30990,10,10,10,0,0,0,0,0,0,1981439,3428351,4403199,2085310.46,500
1781850084,0,31490,0,233.66,500.18,1448959,1929215,2439167,3389439,6897663,457728,295698431,2462726.40,8262710.98,31490,10,10,10,0,0,0,0,0,0,1943551,3469311,5259263,2106639.36,500
1781850085,0,31990,0,235.62,499.78,1452031,1931263,2443263,3393535,6971391,457728,295698431,2459995.74,8199147.66,31990,10,10,10,0,0,0,0,0,0,2162687,3739647,6991871,2288018.94,500
1781850086,0,32490,0,237.55,500.05,1449983,1930239,2445311,3397631,6897663,457728,295698431,2453820.77,8136759.64,32490,10,10,10,0,0,0,0,0,0,1873919,3612671,5443583,2058745.86,500
1781850087,0,32990,0,239.46,500.18,1451007,1932287,2447359,3395583,6627327,457728,295698431,2448322.60,8075545.13,32990,10,10,10,0,0,0,0,0,0,2013183,3203071,4607999,2091051.52,500
1781850088,0,33490,0,241.33,499.68,1451007,1930239,2449407,3397631,6545407,457728,295698431,2442363.14,8015825.39,33490,10,10,10,0,0,0,0,0,0,1858559,3788799,4603903,2049158.14,500
1781850089,0,33990,0,243.19,500.23,1452031,1932287,2451455,3401727,6463487,457728,295698431,2437577.26,7957326.22,33990,10,10,10,0,0,0,0,0,0,2023423,3600383,4403199,2117019.14,500
1781850090,0,34490,0,245.01,499.71,1452031,1931263,2453503,3418111,6545407,457728,295698431,2436403.02,7902170.20,34490,10,10,10,0,0,0,0,0,0,1851391,4159487,12410879,2356577.79,500
1781850091,0,34990,0,246.81,500.11,1449983,1930239,2455551,3430399,6516735,457728,295698431,2430883.20,7846528.91,34990,10,10,10,0,0,0,0,0,0,1805311,3889151,4939775,2050126.34,500
1781850092,0,35490,0,248.58,499.87,1452031,1931263,2455551,3428351,6430719,457728,295698431,2426603.73,7791596.55,35490,10,10,10,0,0,0,0,0,0,2083839,3319807,4399103,2127126.02,500
1781850093,0,35990,0,250.33,500.32,1452031,1931263,2457599,3424255,6352895,457728,295698431,2420992.84,7737907.58,35990,10,10,10,0,0,0,0,0,0,1880063,3145727,4159487,2022732.29,500
1781850094,0,36490,0,252.05,499.65,1451007,1932287,2461695,3442687,6262783,457728,295698431,2418812.77,7685758.53,36490,10,10,10,0,0,0,0,0,0,2053119,4280319,4861951,2261891.07,500
1781850095,0,36990,0,253.76,500.26,1443839,1930239,2459647,3438591,6168575,425472,295698431,2409719.38,7634572.44,36990,10,10,10,0,0,0,0,0,0,1500159,3133439,3864575,1746084.10,500
1781850096,0,37490,0,255.43,499.80,1443839,1931263,2463743,3446783,6123519,425472,295698431,2406138.15,7584289.74,37490,10,10,10,0,0,0,0,0,0,2093055,3794943,4657151,2141198.34,500
1781850097,0,37990,0,257.09,500.27,1442815,1931263,2465791,3454975,6053887,425472,295698431,2402130.75,7534968.03,37990,10,10,10,0,0,0,0,0,0,1958911,3727359,4423679,2101656.06,500
1781850098,0,38490,0,258.72,499.98,1441791,1930239,2465791,3444735,6004735,425472,295698431,2396008.88,7486478.30,38490,10,10,10,0,0,0,0,0,0,1757183,3215359,3504127,1930869.25,500
1781850099,0,38990,0,260.33,500.08,1440767,1930239,2469887,3454975,6053887,425472,295698431,2393243.75,7439511.37,38990,10,10,10,0,0,0,0,0,0,2043903,4020223,7581695,2180384.26,500
1781850100,0,39490,0,261.92,499.73,1440767,1931263,2471935,3465215,6123519,425472,295698431,2395235.66,7400939.74,39490,10,10,10,0,0,0,0,0,0,1931263,4003839,24117247,2550564.35,500
1781850101,0,39990,0,263.49,500.27,1440767,1930239,2473983,3473407,6053887,425472,295698431,2391418.94,7355220.52,39990,10,10,10,0,0,0,0,0,0,1905663,3643391,4345855,2089974.27,500
1781850102,0,40490,0,265.04,499.91,1440767,1931263,2473983,3473407,6004735,425472,295698431,2387383.05,7310338.64,40490,10,10,10,0,0,0,0,0,0,2060287,3383295,4538367,2064592.90,500
1781850103,0,40990,0,266.57,499.69,1441791,1932287,2476031,3465215,5955583,425472,295698431,2383387.10,7266086.64,40990,10,10,10,0,0,0,0,0,0,2009087,3258367,3579903,2059794.94,500
1781850104,0,41490,0,268.08,500.30,1443839,1935359,2480127,3483647,6033407,425472,295698431,2383616.30,7223330.69,41490,10,10,10,0,0,0,0,0,0,2187263,4399103,6467583,2402406.40,500
1781850105,0,41990,0,269.56,499.92,1442815,1935359,2482175,3485695,6103039,425472,295698431,2380895.90,7181185.40,41990,10,10,10,0,0,0,0,0,0,1981439,3616767,6643711,2155156.99,500
1781850106,0,42490,0,271.03,500.24,1443839,1936383,2484223,3485695,6033407,425472,295698431,2378161.65,7139404.04,42490,10,10,10,0,0,0,0,0,0,2083839,3383295,4546559,2148539.39,500
1781850107,0,42990,0,272.48,499.51,1444863,1937407,2486271,3485695,5992447,425472,295698431,2375181.40,7098348.24,42990,10,10,10,0,0,0,0,0,0,2023423,3524607,4030463,2121919.49,500
1781850108,0,43490,0,273.92,500.21,1445887,1939455,2490367,3493887,6033407,425472,295698431,2373895.52,7058594.09,43490,10,10,10,0,0,0,0,0,0,2024447,3987455,7835647,2263335.42,500
1781850109,0,43990,0,275.33,500.23,1445887,1939455,2492415,3506175,5992447,425472,295698431,2371590.17,7019100.58,43990,10,10,10,0,0,0,0,0,0,2030591,3891199,4964351,2171071.49,500
1781850110,0,44490,0,276.73,499.56,1446911,1940479,2494463,3510271,5988351,425472,295698431,2369367.21,6980312.51,44490,10,10,10,0,0,0,0,0,0,2007039,3774463,4894719,2173790.72,500
1781850111,0,44990,0,278.11,500.27,1446911,1940479,2494463,3520511,5943295,425472,295698431,2366797.53,6942243.98,44990,10,10,10,0,0,0,0,0,0,1898495,3915775,5640191,2138147.33,500
1781850112,0,45490,0,279.47,500.04,1443839,1938431,2496511,3524607,5943295,425472,295698431,2362418.56,6904880.71,45490,10,10,10,0,0,0,0,0,0,1728511,3731455,4300799,1968399.36,500
1781850113,0,45990,0,280.82,499.85,1443839,1938431,2496511,3528703,5996543,425472,295698431,2360492.69,6868859.04,45990,10,10,10,0,0,0,0,0,0,1913855,3657727,10313727,2185276.93,500
1781850114,0,46490,0,282.15,499.90,1443839,1939455,2498559,3526655,5943295,425472,295698431,2357828.78,6832341.00,46490,10,10,10,0,0,0,0,0,0,2054143,3504127,3774463,2112801.79,500
1781850115,0,46990,0,283.47,500.30,1440767,1937407,2498559,3528703,5890047,425472,295698431,2352751.90,6796635.82,46990,10,10,10,0,0,0,0,0,0,1769471,3530751,4268031,1880704.00,500
1781850116,0,47490,0,284.76,500.11,1440767,1938431,2498559,3530751,5799935,425472,295698431,2349527.74,6761404.77,47490,10,10,10,0,0,0,0,0,0,2003967,3799039,4464639,2046521.34,500
1781850117,0,47990,0,286.05,499.85,1439743,1937407,2498559,3532799,5779455,425472,295698431,2346270.16,6726829.92,47990,10,10,10,0,0,0,0,0,0,1865727,3717119,4890623,2036864.51,500
1781850118,0,48490,0,287.31,500.04,1438719,1938431,2500607,3536895,5763071,425472,295698431,2343818.47,6692818.12,48490,10,10,10,0,0,0,0,0,0,2138111,3643391,4739071,2108505.86,500
1781850119,0,48990,0,288.57,499.72,1439743,1938431,2500607,3540991,5754879,425472,295698431,2341447.21,6659318.33,48990,10,10,10,0,0,0,0,0,0,1932287,3948543,5324799,2111481.86,500
1781850120,0,49490,0,289.81,500.35,1438719,1936383,2500607,3538943,5718015,425472,295698431,2337557.02,6626146.92,49490,10,10,10,0,0,0,0,0,0,1796095,3377151,3659775,1956397.06,500
1781850121,0,49990,0,291.03,499.62,1437695,1937407,2500607,3534847,5697535,425472,295698431,2334330.29,6593464.07,49990,10,10,10,0,0,0,0,0,0,1989631,3209215,4222975,2014948.35,500
1781850122,0,50490,0,292.24,500.30,1437695,1937407,2502655,3538943,5640191,425472,295698431,2332266.04,6561476.43,50490,10,10,10,0,0,0,0,0,0,1949695,3887103,4882431,2125882.11,500
1781850123,0,50990,0,293.43,500.00,1436671,1936383,2502655,3538943,5599231,425472,295698431,2329011.38,6529805.13,50990,10,10,10,0,0,0,0,0,0,1827839,3504127,4632575,2000355.33,500
1781850124,0,51490,0,294.62,499.89,1435647,1933311,2502655,3540991,5595135,425472,295698431,2325044.39,6498866.83,51490,10,10,10,0,0,0,0,0,0,1625087,3878911,5513215,1920491.01,500
1781850125,0,51990,0,295.78,499.90,1435647,1934335,2502655,3543039,5591039,425472,295698431,2323627.91,6468238.12,51990,10,10,10,0,0,0,0,0,0,2069503,4167679,4739071,2177759.23,500
1781850126,0,52490,0,296.94,500.28,1435647,1934335,2502655,3543039,5570559,425472,295698431,2320251.79,6437939.23,52490,10,10,10,0,0,0,0,0,0,1897471,3551231,4329471,1969202.69,500
1781850127,0,52990,0,298.08,499.75,1435647,1935359,2504703,3545087,5574655,425472,295698431,2318820.01,6408553.34,52990,10,10,10,0,0,0,0,0,0,2012159,3762175,8179711,2168511.23,500
1781850128,0,53490,0,299.21,499.98,1435647,1936383,2504703,3547135,5570559,425472,295698431,2317197.18,6379192.51,53490,10,10,10,0,0,0,0,0,0,2093055,3792895,5427199,2145209.86,500
1781850129,0,53990,0,300.33,499.84,1435647,1936383,2506751,3551231,5558271,425472,295698431,2315951.09,6350240.43,53990,10,10,10,0,0,0,0,0,0,2041855,4093951,4706303,2182644.99,500
1781850130,0,54250,0,300.10,260.01,1435647,1936383,2506751,3551231,5545983,425472,295698431,2314369.98,6335255.55,54250,10,10,10,0,0,0,0,0,0,1970175,3119103,4878335,1986046.03,260
1781850131,0,54450,0,299.55,200.12,1435647,1937407,2504703,3549183,5541887,425472,295698431,2312864.14,6323773.88,54450,10,10,10,0,0,0,0,0,0,1943551,2813951,4546559,1904404.48,200
1781850132,0,54650,0,299.01,199.90,1435647,1936383,2504703,3545087,5533695,425472,295698431,2311211.00,6312343.72,54650,10,10,10,0,0,0,0,0,0,1902591,2852863,3069951,1861144.32,200
1781850133,0,54850,0,298.47,200.03,1434623,1936383,2502655,3543039,5521407,425472,295698431,2309201.34,6301016.43,54850,10,10,10,0,0,0,0,0,0,1701887,2785279,3299327,1760061.44,200
1781850134,0,55050,0,297.94,200.07,1433599,1934335,2502655,3538943,5505023,425472,295698431,2307110.63,6289746.82,55050,10,10,10,0,0,0,0,0,0,1747967,2717695,3076095,1733731.84,200
1781850135,0,55250,0,297.41,199.88,1433599,1934335,2500607,3536895,5505023,425472,295698431,2305348.80,6278520.14,55250,10,10,10,0,0,0,0,0,0,1775615,2852863,3278847,1820405.76,200
1781850136,0,55450,0,296.89,200.00,1433599,1933311,2500607,3538943,5496831,425472,295698431,2304304.85,6267391.21,55450,10,10,10,0,0,0,0,0,0,1900543,3696639,4349951,2015915.52,200
1781850137,0,55650,0,296.37,200.03,1434623,1933311,2498559,3538943,5476351,425472,295698431,2303052.84,6256298.48,55650,10,10,10,0,0,0,0,0,0,1833983,2973695,4653055,1955932.16,200
1781850138,0,55850,0,295.86,200.04,1434623,1932287,2496511,3534847,5472255,425472,295698431,2301245.41,6245237.46,55850,10,10,10,0,0,0,0,0,0,1809407,2713599,3028991,1798327.04,200
1781850139,0,56050,0,295.36,200.00,1434623,1932287,2496511,3534847,5464063,425472,295698431,2299951.70,6234255.90,56050,10,10,10,0,0,0,0,0,0,1803263,3018751,4481023,1938684.16,200
1781850140,0,56250,0,294.86,200.10,1435647,1932287,2494463,3532799,5451775,425472,295698431,2298537.71,6223290.16,56250,10,10,10,0,0,0,0,0,0,1895423,2764799,3076095,1902265.60,200
1781850141,0,56450,0,294.36,199.95,1434623,1932287,2492415,3530751,5443583,425472,295698431,2296826.72,6212393.46,56450,10,10,10,0,0,0,0,0,0,1873919,2562047,2932735,1815612.16,200
1781850142,0,56650,0,293.87,199.94,1434623,1931263,2492415,3528703,5431295,425472,295698431,2295352.12,6201582.06,56650,10,10,10,0,0,0,0,0,0,1886207,2779135,3696639,1879146.24,200
1781850143,0,56850,0,293.39,200.05,1434623,1931263,2490367,3526655,5427199,425472,295698431,2293488.76,6190820.03,56850,10,10,10,0,0,0,0,0,0,1804287,2568191,2734079,1765690.88,200
1781850144,0,57050,0,292.91,199.90,1433599,1930239,2488319,3524607,5414911,425472,295698431,2291424.23,6180126.71,57050,10,10,10,0,0,0,0,0,0,1673215,2502655,2668543,1704582.40,200
1781850145,0,57250,0,292.43,200.01,1433599,1930239,2488319,3520511,5410815,425472,295698431,2289775.07,6169473.29,57250,10,10,10,0,0,0,0,0,0,1784831,2863103,3051519,1819351.04,200
1781850146,0,57450,0,291.97,200.15,1433599,1930239,2486271,3520511,5402623,425472,295698431,2288535.15,6158925.51,57450,10,10,10,0,0,0,0,0,0,1909759,2861055,4837375,1933608.96,200
1781850147,0,57650,0,291.50,199.81,1433599,1929215,2486271,3518463,5378047,425472,295698431,2287095.14,6148378.34,57650,10,10,10,0,0,0,0,0,0,1844223,2783231,3018751,1873452.80,200
1781850148,0,57850,0,291.04,200.15,1433599,1929215,2484223,3514367,5341183,425472,295698431,2285727.37,6137871.61,57850,10,10,10,0,0,0,0,0,0,1872895,2879487,3053567,1891467.52,200
1781850149,0,58050,0,290.58,199.96,1433599,1929215,2482175,3512319,5332991,425472,295698431,2284320.58,6127426.82,58050,10,10,10,0,0,0,0,0,0,1895423,2893823,3276799,1877406.72,200
1781850150,0,58250,0,290.13,199.89,1433599,1929215,2482175,3512319,5410815,425472,295698431,2283842.77,6117594.00,58250,10,10,10,0,0,0,0,0,0,1908735,3170303,9478143,2145157.12,200
1781850151,0,58450,0,289.69,200.09,1433599,1929215,2480127,3510271,5402623,425472,295698431,2282660.83,6107262.28,58450,10,10,10,0,0,0,0,0,0,2019327,2881535,3837951,1938423.04,200
1781850152,0,58650,0,289.24,199.92,1433599,1929215,2480127,3508223,5378047,425472,295698431,2281428.57,6096964.39,58650,10,10,10,0,0,0,0,0,0,1899519,2885631,3082239,1921299.20,200
1781850153,0,58850,0,288.81,200.13,1433599,1929215,2480127,3506175,5341183,425472,295698431,2280216.43,6086729.57,58850,10,10,10,0,0,0,0,0,0,1960959,2852863,3155967,1924755.20,200
1781850154,0,59050,0,288.37,200.03,1433599,1929215,2480127,3504127,5332991,425472,295698431,2278995.34,6076602.26,59050,10,10,10,0,0,0,0,0,0,1699839,3209215,3835903,1919691.52,200
1781850155,0,59250,0,287.94,199.97,1433599,1929215,2478079,3504127,5402623,425472,295698431,2278428.21,6066751.28,59250,10,10,10,0,0,0,0,0,0,1937407,3274751,7421951,2110982.40,200
1781850156,0,59450,0,287.52,199.89,1433599,1929215,2478079,3502079,5378047,425472,295698431,2277172.16,6056662.86,59450,10,10,10,0,0,0,0,0,0,1921023,2848767,2992127,1905068.80,200
1781850157,0,59650,0,287.10,200.07,1433599,1929215,2478079,3500031,5341183,425472,295698431,2276041.85,6046705.60,59650,10,10,10,0,0,0,0,0,0,1871871,2902015,5111807,1940055.04,200
1781850158,0,59850,0,286.68,200.08,1433599,1928191,2476031,3500031,5402623,425472,295698431,2275247.84,6036943.82,59850,10,10,10,0,0,0,0,0,0,1824767,3500031,6967295,2038434.56,200
1781850159,0,60050,0,286.27,199.82,1433599,1928191,2476031,3500031,5398527,425472,295698431,2274042.77,6027003.96,60050,10,10,10,0,0,0,0,0,0,1983487,2768895,3217407,1913425.92,200
1781850160,0,60250,0,285.86,200.17,1433599,1929215,2476031,3497983,5353471,425472,295698431,2273093.84,6017147.20,60250,10,10,10,0,0,0,0,0,0,1959935,3256319,3424255,1988177.92,200
1781850161,0,60450,0,285.45,199.96,1433599,1928191,2473983,3493887,5337087,425472,295698431,2271605.80,6007332.64,60450,10,10,10,0,0,0,0,0,0,1887231,2725887,2836479,1823334.40,200
1781850162,0,60650,0,285.05,199.90,1433599,1928191,2473983,3493887,5402623,425472,295698431,2270916.75,5997703.40,60650,10,10,10,0,0,0,0,0,0,1900543,2988031,6524927,2062652.16,200
1781850163,0,60850,0,284.65,200.12,1433599,1927167,2473983,3493887,5378047,425472,295698431,2269420.41,5987981.81,60850,10,10,10,0,0,0,0,0,0,1756159,2764799,3395583,1815654.40,200
1781850164,0,61050,0,284.26,199.84,1433599,1928191,2471935,3491839,5341183,425472,295698431,2268248.35,5978307.41,61050,10,10,10,0,0,0,0,0,0,1999871,2805759,3682303,1911649.28,200
1781850165,0,61250,0,283.87,200.00,1433599,1927167,2471935,3489791,5332991,425472,295698431,2266813.06,5968696.45,61250,10,10,10,0,0,0,0,0,0,1794047,2834431,3661823,1828691.20,200
1781850166,0,61450,0,283.48,200.07,1433599,1927167,2469887,3489791,5316607,425472,295698431,2265847.84,5959149.67,61450,10,10,10,0,0,0,0,0,0,1868799,3035135,4927487,1970248.96,200
1781850167,0,61650,0,283.10,200.11,1432575,1927167,2469887,3487743,5300223,425472,295698431,2264527.13,5949615.80,61650,10,10,10,0,0,0,0,0,0,1866751,2930687,3401727,1858739.20,200
1781850168,0,61850,0,282.72,199.95,1433599,1927167,2467839,3485695,5287935,425472,295698431,2263566.14,5940112.51,61850,10,10,10,0,0,0,0,0,0,1979391,2938879,3928063,1967340.80,200
1781850169,0,62050,0,282.34,199.97,1433599,1927167,2467839,3485695,5283839,425472,295698431,2262637.44,5930695.29,62050,10,10,10,0,0,0,0,0,0,1898495,2916351,4448255,1975436.80,200
1781850170,0,62250,0,281.97,200.02,1433599,1927167,2467839,3485695,5332991,425472,295698431,2264437.01,5925366.10,62250,10,10,10,0,0,0,0,0,0,1925119,3305471,20037631,2822753.28,200
1781850171,0,62450,0,281.60,200.04,1432575,1926143,2467839,3483647,5316607,425472,295698431,2262834.24,5916027.39,62450,10,10,10,0,0,0,0,0,0,1740799,2738175,3123199,1763971.84,200
1781850172,0,62650,0,281.23,199.97,1433599,1926143,2467839,3481599,5300223,425472,295698431,2261980.21,5906701.23,62650,10,10,10,0,0,0,0,0,0,1957887,2930687,4003839,1995310.08,200
1781850173,0,62850,0,280.87,199.98,1433599,1927167,2467839,3481599,5316607,425472,295698431,2261280.20,5897507.02,62850,10,10,10,0,0,0,0,0,0,2049023,3332095,5824511,2042001.92,200
1781850174,0,63050,0,280.51,200.10,1433599,1927167,2465791,3479551,5300223,425472,295698431,2260092.69,5888273.48,63050,10,10,10,0,0,0,0,0,0,1951743,2914303,3028991,1886917.12,200
1781850175,0,63250,0,280.15,199.99,1433599,1927167,2465791,3479551,5287935,425472,295698431,2259040.64,5879133.59,63250,10,10,10,0,0,0,0,0,0,1863679,3481599,4698111,1927383.04,200
1781850176,0,63450,0,279.80,199.84,1432575,1926143,2463743,3475455,5283839,425472,295698431,2257486.98,5870015.55,63450,10,10,10,0,0,0,0,0,0,1776639,2752511,3149823,1766140.16,200
1781850177,0,63650,0,279.45,200.05,1432575,1926143,2463743,3475455,5287935,425472,295698431,2256626.49,5861027.59,63650,10,10,10,0,0,0,0,0,0,1828863,3381247,6361087,1983637.76,200
1781850178,0,63850,0,279.10,199.94,1433599,1925119,2463743,3473407,5283839,425472,295698431,2255292.71,5851951.07,63850,10,10,10,0,0,0,0,0,0,1861631,2674687,2879487,1830817.28,200
1781850179,0,64050,0,278.76,200.17,1432575,1925119,2461695,3471359,5279743,425472,295698431,2253817.80,5842966.43,64050,10,10,10,0,0,0,0,0,0,1762303,2682879,3098623,1782950.40,200
1781850180,0,64250,0,278.42,199.85,1432575,1925119,2461695,3469311,5263359,425472,295698431,2252494.47,5834010.45,64250,10,10,10,0,0,0,0,0,0,1759231,2852863,3248127,1828698.88,200
1781850181,0,64450,0,278.08,200.15,1432575,1924095,2459647,3469311,5300223,425472,295698431,2252545.14,5826001.62,64450,10,10,10,0,0,0,0,0,0,1795071,3704831,10944511,2268824.32,200
1781850182,0,64650,0,277.74,199.84,1432575,1924095,2459647,3469311,5378047,425472,295698431,2251872.00,5817333.96,64650,10,10,10,0,0,0,0,0,0,1851391,3053567,6692863,2034951.68,200
1781850183,0,64850,0,277.41,200.03,1432575,1923071,2459647,3467263,5341183,425472,295698431,2250511.72,5808503.50,64850,10,10,10,0,0,0,0,0,0,1779711,2951167,3076095,1810800.64,200
1781850184,0,65050,0,277.08,200.13,1432575,1923071,2457599,3465215,5332991,425472,295698431,2249498.71,5799683.35,65050,10,10,10,0,0,0,0,0,0,1936383,2793471,4288511,1921031.68,200
1781850185,0,65250,0,276.75,199.94,1432575,1923071,2457599,3465215,5316607,425472,295698431,2248340.85,5790900.57,65250,10,10,10,0,0,0,0,0,0,1847295,2740223,2938879,1871745.28,200
1781850186,0,65450,0,276.43,199.91,1432575,1923071,2455551,3463167,5300223,425472,295698431,2247347.96,5782158.15,65450,10,10,10,0,0,0,0,0,0,1947647,3112959,3424255,1923417.60,200
1781850187,0,65650,0,276.11,200.04,1432575,1923071,2455551,3459071,5287935,425472,295698431,2246258.73,5773458.47,65650,10,10,10,0,0,0,0,0,0,1864703,2779135,2975743,1889807.36,200
1781850188,0,65850,0,275.79,200.13,1432575,1922047,2453503,3457023,5283839,425472,295698431,2244735.53,5764811.97,65850,10,10,10,0,0,0,0,0,0,1730559,2596863,2981887,1744744.96,200
1781850189,0,66050,0,275.47,199.98,1432575,1922047,2453503,3457023,5279743,425472,295698431,2244036.00,5756193.14,66050,10,10,10,0,0,0,0,0,0,2072575,2994175,3391487,2013716.48,200
1781850190,0,66970,0,278.15,919.38,1429503,1919999,2453503,3489791,6008831,425472,295698431,2277729.94,5806291.93,66970,10,10,10,0,0,0,0,0,0,1690623,25001983,44859391,4696735.58,920
1781850191,0,67970,0,281.13,999.89,1423359,1912831,2449407,3479551,5943295,425472,295698431,2267690.48,5764521.33,67970,10,10,10,0,0,0,0,0,0,1460223,2797567,3393535,1595347.46,1000
1781850192,0,68970,0,284.10,1000.52,1416191,1906687,2443263,3473407,5885951,415744,295698431,2257784.76,5723780.21,68970,10,10,10,0,0,0,0,0,0,1435647,2852863,3837951,1584492.80,1000
1781850193,0,69970,0,287.03,1000.29,1407999,1899519,2435071,3467263,5861375,410880,295698431,2247261.72,5684274.13,69970,10,10,10,0,0,0,0,0,0,1373183,2580479,5238783,1521487.62,1000
1781850194,0,70970,0,289.95,999.51,1402879,1893375,2430975,3459071,5808127,410880,295698431,2238422.20,5645122.49,70970,10,10,10,0,0,0,0,0,0,1507327,2953215,3846143,1619921.15,1000
1781850195,0,71970,0,292.84,1000.27,1396735,1887231,2424831,3450879,5771263,410880,295698431,2228690.51,5606838.13,71970,10,10,10,0,0,0,0,0,0,1435647,2666495,3205119,1538032.90,1000
1781850196,0,72970,0,295.70,999.63,1388543,1880063,2418687,3442687,5726207,410880,295698431,2218157.75,5569379.59,72970,10,10,10,0,0,0,0,0,0,1338367,2502655,2840575,1460114.43,1000
1781850197,0,73970,0,298.54,1000.26,1380351,1871871,2410495,3438591,5689343,410880,295698431,2209196.59,5532853.01,73970,10,10,10,0,0,0,0,0,0,1364991,2928639,4792319,1555301.38,1000
1781850198,0,74970,0,301.36,999.61,1374207,1866751,2408447,3440639,5734399,410880,295698431,2203791.04,5498787.87,74970,10,10,10,0,0,0,0,0,0,1415167,3930111,9207807,1803942.27,1000
1781850199,0,75970,0,304.16,999.85,1369087,1860607,2404351,3438591,5734399,410880,295698431,2196194.00,5463989.30,75970,10,10,10,0,0,0,0,0,0,1400831,3282943,5603327,1626643.46,1000
1781850200,0,76970,0,306.93,1000.25,1360895,1853439,2398207,3440639,5771263,375296,295698431,2188361.18,5430400.40,76970,10,10,10,0,0,0,0,0,0,1290239,3706879,7364607,1593302.27,1000
1781850201,0,77970,0,309.69,1000.19,1353727,1848319,2394111,3436543,5763071,375296,295698431,2179304.99,5396877.12,77970,10,10,10,0,0,0,0,0,0,1267711,2807807,4288511,1482249.86,1000
1781850202,0,78970,0,312.42,1000.49,1347583,1841151,2387967,3432447,5701631,375296,295698431,2170529.92,5363592.11,78970,10,10,10,0,0,0,0,0,0,1385471,2588671,3338239,1486337.41,1000
1781850203,0,79970,0,315.13,999.55,1341439,1835007,2381823,3422207,5672959,375296,295698431,2161729.66,5330969.27,79970,10,10,10,0,0,0,0,0,0,1344511,2768895,3237887,1466773.76,1000
1781850204,0,80970,0,317.82,1000.51,1336319,1829887,2377727,3420159,5672959,375296,295698431,2155085.59,5299238.11,80970,10,10,10,0,0,0,0,0,0,1391615,3266559,5246975,1623759.10,1000
1781850205,0,81970,0,320.48,999.51,1331199,1825791,2371583,3414015,5623807,375296,295698431,2147615.25,5267765.15,81970,10,10,10,0,0,0,0,0,0,1407999,2629631,3674111,1542742.14,1000
1781850206,0,82970,0,323.13,1000.08,1325055,1818623,2363391,3403775,5595135,356352,295698431,2138712.86,5236877.87,82970,10,10,10,0,0,0,0,0,0,1307647,2379775,3004415,1408983.30,1000
1781850207,0,83970,0,325.76,999.82,1318911,1811455,2359295,3395583,5578751,356352,295698431,2129777.73,5206780.54,83970,10,10,10,0,0,0,0,0,0,1257471,2551807,3395583,1388430.59,1000
1781850208,0,84970,0,328.36,999.92,1312767,1804287,2353151,3393535,5554175,356352,295698431,2122003.25,5177078.03,84970,10,10,10,0,0,0,0,0,0,1296383,2758655,3827711,1469179.52,1000
1781850209,0,85970,0,330.95,999.86,1307647,1797119,2347007,3387391,5529599,356352,295698431,2113653.35,5147803.76,85970,10,10,10,0,0,0,0,0,0,1310719,2433023,3143679,1404162.56,1000
1781850210,0,86970,0,333.51,1000.60,1301503,1790975,2340863,3379199,5492735,356352,295698431,2105350.63,5119072.96,86970,10,10,10,0,0,0,0,0,0,1281023,2551807,3301375,1391565.95,1000
1781850211,0,87970,0,336.06,999.56,1295359,1784831,2334719,3375103,5476351,355584,295698431,2097546.05,5091057.29,87970,10,10,10,0,0,0,0,0,0,1279999,2328575,5029887,1418781.70,1000
1781850212,0,88970,0,338.59,1000.61,1290239,1777663,2330623,3373055,5509119,355584,295698431,2091580.79,5064772.36,88970,10,10,10,0,0,0,0,0,0,1336319,2801663,6557695,1566816.77,1000
1781850213,0,89970,0,341.09,999.81,1284095,1771519,2324479,3364863,5476351,355584,295698431,2083183.94,5037503.07,89970,10,10,10,0,0,0,0,0,0,1198079,2213887,3330047,1336116.10,1000
1781850214,0,90970,0,343.58,999.49,1278975,1765375,2318335,3360767,5464063,355584,295698431,2075853.82,5010720.90,90970,10,10,10,0,0,0,0,0,0,1290239,2496511,3706879,1416363.52,1000
1781850215,0,91970,0,346.05,999.81,1273855,1760255,2314239,3356671,5480447,355584,295698431,2070655.19,4985930.75,91970,10,10,10,0,0,0,0,0,0,1331199,2818047,8503295,1597735.81,1000
1781850216,0,92970,0,348.50,1000.02,1269759,1755135,2310143,3352575,5472255,355584,295698431,2064295.16,4960046.45,92970,10,10,10,0,0,0,0,0,0,1364991,2691071,4497407,1479362.94,1000
1781850217,0,93970,0,350.94,1000.78,1265663,1750015,2303999,3346431,5443583,355584,295698431,2057709.42,4934374.87,93970,10,10,10,0,0,0,0,0,0,1351679,2502655,3123199,1445432.58,1000
1781850218,0,94970,0,353.35,999.27,1260543,1744895,2301951,3348479,5513215,350976,295698431,2055485.51,4915287.81,94970,10,10,10,0,0,0,0,0,0,1248255,3655679,12427263,1846504.70,1000
1781850219,0,95970,0,355.75,1000.44,1254399,1738751,2295807,3344383,5517311,350976,295698431,2048813.65,4891239.94,95970,10,10,10,0,0,0,0,0,0,1206271,2539519,6057983,1415187.97,1000
1781850220,0,96970,0,358.13,999.87,1250303,1734655,2293759,3346431,5591039,350976,295698431,2050541.87,4887813.27,96970,10,10,10,0,0,0,0,0,0,1251327,3653631,27213823,2216398.98,1000
1781850221,0,97970,0,360.49,999.92,1246207,1729535,2289663,3342335,5566463,350976,295698431,2045330.28,4863693.39,97970,10,10,10,0,0,0,0,0,0,1360895,2992127,4489215,1539962.62,1000
1781850222,0,98970,0,362.83,1000.59,1243135,1725439,2285567,3336191,5541887,350976,295698431,2039387.46,4839719.25,98970,10,10,10,0,0,0,0,0,0,1389567,2426879,2969599,1457169.15,1000
1781850223,0,99970,0,365.16,999.70,1241087,1722367,2283519,3334143,5541887,350976,295698431,2036122.53,4816478.08,99970,10,10,10,0,0,0,0,0,0,1489919,3248127,5447679,1712992.26,1000
1781850224,0,100970,0,367.47,999.48,1239039,1719295,2281471,3332095,5533695,350976,295698431,2031801.01,4793480.26,100970,10,10,10,0,0,0,0,0,0,1405951,3096575,5013503,1599778.18,1000
1781850225,0,101970,0,369.76,1000.12,1235967,1715199,2277375,3327999,5509119,350976,295698431,2026429.79,4770665.68,101970,10,10,10,0,0,0,0,0,0,1372159,2752511,3532799,1484098.18,1000
1781850226,0,102970,0,372.04,999.80,1233919,1711103,2273279,3321855,5492735,350976,295698431,2020648.27,4748108.92,102970,10,10,10,0,0,0,0,0,0,1391615,2373631,2979839,1431106.30,1000
1781850227,0,103970,0,374.30,1000.49,1230847,1707007,2269183,3317759,5472255,350976,295698431,2015260.44,4726025.32,103970,10,10,10,0,0,0,0,0,0,1375231,2498559,4104191,1460475.65,1000
1781850228,0,104970,0,376.55,1000.00,1227775,1703935,2265087,3315711,5509119,343808,295698431,2011536.51,4705506.10,104970,10,10,10,0,0,0,0,0,0,1352703,2805759,10002431,1624359.68,1000
1781850229,0,105970,0,378.78,999.94,1223679,1698815,2260991,3311615,5492735,343808,295698431,2005402.95,4684048.61,105970,10,10,10,0,0,0,0,0,0,1231871,2471935,3016703,1361562.88,1000
1781850230,0,106970,0,380.99,1000.26,1222655,1696767,2256895,3305471,5472255,343808,295698431,2001147.71,4662739.71,106970,10,10,10,0,0,0,0,0,0,1479679,2670591,3778559,1550220.67,1000
1781850231,0,107970,0,383.18,999.45,1219583,1693695,2254847,3301375,5464063,343808,295698431,1996744.38,4642052.10,107970,10,10,10,0,0,0,0,0,0,1362943,2938879,4763647,1525720.06,1000
1781850232,0,108970,0,385.37,1000.50,1217535,1690623,2250751,3297279,5443583,343808,295698431,1992204.30,4621353.88,108970,10,10,10,0,0,0,0,0,0,1430527,2572287,3350527,1502011.14,1000
1781850233,0,109970,0,387.53,1000.26,1215487,1687551,2248703,3295231,5443583,343808,295698431,1988772.61,4601194.11,109970,10,10,10,0,0,0,0,0,0,1434623,3037183,5025791,1614821.25,1000
1781850234,0,110970,0,389.68,1000.03,1213439,1684479,2244607,3289087,5431295,343808,295698431,1984188.82,4581065.74,110970,10,10,10,0,0,0,0,0,0,1375231,2516991,3080191,1480110.08,1000
1781850235,0,111970,0,391.82,999.06,1210367,1680383,2240511,3282943,5406719,343808,295698431,1979147.45,4561322.39,111970,10,10,10,0,0,0,0,0,0,1260543,2813951,3616767,1419706.75,1000
1781850236,0,112970,0,393.94,1000.79,1208319,1677311,2236415,3278847,5361663,343808,295698431,1974565.90,4541718.50,112970,10,10,10,0,0,0,0,0,0,1390591,2525183,3614719,1461569.15,1000
1781850237,0,113970,0,396.05,999.47,1205247,1673215,2234367,3272703,5332991,343808,295698431,1970042.15,4522318.90,113970,10,10,10,0,0,0,0,0,0,1333247,2496511,3219455,1458994.94,1000
1781850238,0,114970,0,398.14,1000.09,1203199,1669119,2230271,3270655,5304319,343808,295698431,1965212.92,4503283.63,114970,10,10,10,0,0,0,0,0,0,1293311,2799615,3459071,1414824.58,1000
1781850239,0,115970,0,400.21,999.97,1200127,1665023,2228223,3268607,5300223,343808,295698431,1960874.93,4484547.48,115970,10,10,10,0,0,0,0,0,0,1371135,2553855,4345855,1462136.83,1000
1781850240,0,116970,0,402.28,1000.55,1198079,1661951,2224127,3262463,5283839,343808,295698431,1956706.90,4465918.80,116970,10,10,10,0,0,0,0,0,0,1362943,2623487,3119103,1473340.29,1000
1781850241,0,117970,0,404.33,999.41,1196031,1658879,2220031,3260415,5296127,343808,295698431,1953311.55,4448073.85,117970,10,10,10,0,0,0,0,0,0,1368063,2869247,6868991,1556157.95,1000
1781850242,0,118970,0,406.36,1000.46,1195007,1655807,2217983,3258367,5287935,343808,295698431,1950239.53,4430114.98,118970,10,10,10,0,0,0,0,0,0,1442815,3020799,4444159,1587832.83,1000
1781850243,0,119970,0,408.38,999.32,1192959,1653759,2215935,3254271,5271551,343808,295698431,1946292.49,4412190.17,119970,10,10,10,0,0,0,0,0,0,1379327,2592767,3493887,1476713.73,1000
1781850244,0,120970,0,410.39,1000.40,1190911,1650687,2211839,3254271,5283839,343808,295698431,1942945.16,4394843.96,120970,10,10,10,0,0,0,0,0,0,1314815,2990079,5521407,1541365.50,1000
1781850245,0,121970,0,412.38,999.95,1189887,1648639,2209791,3248127,5259263,343808,295698431,1939820.72,4377325.62,121970,10,10,10,0,0,0,0,0,0,1477631,2807807,3395583,1561857.02,1000
1781850246,0,122970,0,414.36,1000.33,1188863,1645567,2205695,3246079,5238783,343808,295698431,1935981.06,4360043.68,122970,10,10,10,0,0,0,0,0,0,1403903,2562047,3549183,1467658.50,1000
1781850247,0,123970,0,416.33,999.61,1187839,1643519,2203647,3239935,5222399,343808,295698431,1932423.26,4342879.98,123970,10,10,10,0,0,0,0,0,0,1421311,2463743,3014655,1494919.81,1000
1781850248,0,124970,0,418.28,999.72,1185791,1640447,2199551,3235839,5201919,343808,295698431,1928482.16,4325986.99,124970,10,10,10,0,0,0,0,0,0,1311743,2492415,3276799,1439904.13,1000
1781850249,0,125970,0,420.22,1000.49,1183743,1638399,2197503,3235839,5185535,343808,295698431,1925660.87,4309464.25,125970,10,10,10,0,0,0,0,0,0,1380351,3239935,4175871,1573083.78,1000
1781850250,0,126290,0,419.89,319.96,1183743,1638399,2197503,3235839,5177343,343808,295698431,1924817.53,4304156.66,126290,10,10,10,0,0,0,0,0,0,1461247,2869247,3393535,1592834.80,320
1781850251,0,126490,0,419.16,200.04,1183743,1638399,2197503,3233791,5177343,343808,295698431,1924568.83,4300819.20,126490,10,10,10,0,0,0,0,0,0,1735679,2738175,2918399,1767522.56,200
1781850252,0,126690,0,418.44,199.94,1183743,1639423,2197503,3233791,5177343,343808,295698431,1924541.82,4297480.64,126690,10,10,10,0,0,0,0,0,0,1900543,2879487,3139583,1907459.84,200
1781850253,0,126890,0,417.72,200.05,1184767,1639423,2197503,3233791,5173247,343808,295698431,1924544.28,4294143.43,126890,10,10,10,0,0,0,0,0,0,1874943,2750463,3215359,1926101.76,200
1781850254,0,127090,0,417.00,200.03,1184767,1640447,2197503,3231743,5169151,343808,295698431,1924367.19,4290830.11,127090,10,10,10,0,0,0,0,0,0,1705983,2801663,3059711,1812014.08,200
1781850255,0,127290,0,416.29,199.87,1184767,1640447,2197503,3231743,5160959,343808,295698431,1924279.03,4287530.30,127290,10,10,10,0,0,0,0,0,0,1809407,2883583,3307519,1868258.56,200
1781850256,0,127490,0,415.59,200.13,1184767,1640447,2197503,3231743,5156863,343808,295698431,1924234.34,4284266.42,127490,10,10,10,0,0,0,0,0,0,1824767,3051519,4304895,1895791.36,200
1781850257,0,127690,0,414.89,200.02,1185791,1640447,2199551,3229695,5156863,343808,295698431,1924168.07,4280985.74,127690,10,10,10,0,0,0,0,0,0,1870847,2867199,3280895,1881925.12,200
1781850258,0,127890,0,414.19,199.89,1185791,1641471,2199551,3229695,5152767,343808,295698431,1924065.08,4277693.34,127890,10,10,10,0,0,0,0,0,0,1855487,2723839,2936831,1858309.12,200
1781850259,0,128090,0,413.50,200.07,1185791,1641471,2199551,3229695,5148671,343808,295698431,1924111.51,4274426.68,128090,10,10,10,0,0,0,0,0,0,2023423,2856959,3174399,1953803.52,200
1781850260,0,128290,0,412.81,199.96,1185791,1642495,2199551,3229695,5148671,343808,295698431,1923998.85,4271168.26,128290,10,10,10,0,0,0,0,0,0,1826815,2879487,3586047,1851846.40,200
1781850261,0,128490,0,412.13,200.00,1186815,1642495,2199551,3227647,5144575,343808,295698431,1923790.95,4267901.96,128490,10,10,10,0,0,0,0,0,0,1762303,2793471,3319807,1790434.56,200
1781850262,0,128690,0,411.45,200.01,1186815,1642495,2199551,3227647,5144575,343808,295698431,1923780.64,4264676.06,128690,10,10,10,0,0,0,0,0,0,1779711,3084287,3581951,1917152.00,200
1781850263,0,128890,0,410.78,199.92,1186815,1642495,2199551,3227647,5140479,343808,295698431,1923605.66,4261433.21,128890,10,10,10,0,0,0,0,0,0,1768447,2957311,3686399,1811018.24,200
1781850264,0,129090,0,410.11,200.06,1186815,1642495,2199551,3225599,5140479,343808,295698431,1923327.27,4258187.52,129090,10,10,10,0,0,0,0,0,0,1738751,2615295,3055615,1743918.08,200
1781850265,0,129290,0,409.44,200.01,1187839,1642495,2199551,3225599,5140479,343808,295698431,1923033.14,4254950.92,129290,10,10,10,0,0,0,0,0,0,1627135,2832383,3014655,1733189.12,200
1781850266,0,129490,0,408.78,200.11,1187839,1643519,2199551,3225599,5128191,343808,295698431,1923006.95,4251750.24,129490,10,10,10,0,0,0,0,0,0,1853439,3053567,4085759,1906072.32,200
1781850267,0,129690,0,408.13,199.94,1187839,1643519,2199551,3223551,5128191,343808,295698431,1922865.76,4248520.95,129690,10,10,10,0,0,0,0,0,0,1837055,2547711,3608575,1831450.88,200
1781850268,0,129890,0,407.47,200.04,1188863,1644543,2199551,3223551,5124095,343808,295698431,1922899.84,4245327.87,129890,10,10,10,0,0,0,0,0,0,1896447,2703359,4870143,1945004.80,200
1781850269,0,130090,0,406.82,199.93,1188863,1644543,2199551,3223551,5119999,343808,295698431,1922845.76,4242150.65,130090,10,10,10,0,0,0,0,0,0,1874943,3131391,4665343,1887717.12,200
1781850270,0,130290,0,406.18,199.97,1188863,1644543,2199551,3223551,5119999,343808,295698431,1922606.55,4238950.74,130290,10,10,10,0,0,0,0,0,0,1758207,2576383,3043327,1767016.96,200
1781850271,0,130490,0,405.54,200.09,1188863,1645567,2199551,3223551,5119999,343808,295698431,1923010.74,4236105.21,130490,10,10,10,0,0,0,0,0,0,1994751,3317759,11681791,2186319.36,200
1781850272,0,130690,0,404.90,199.87,1189887,1646591,2199551,3223551,5119999,343808,295698431,1922916.74,4232922.38,130690,10,10,10,0,0,0,0,0,0,1840127,2934783,3342335,1861583.36,200
1781850273,0,130890,0,404.27,200.15,1189887,1646591,2199551,3223551,5111807,343808,295698431,1922933.58,4229780.25,130890,10,10,10,0,0,0,0,0,0,1830911,3471359,3852287,1933940.48,200
1781850274,0,131090,0,403.64,199.90,1189887,1646591,2199551,3221503,5111807,343808,295698431,1922851.54,4226605.46,131090,10,10,10,0,0,0,0,0,0,1881087,2715647,2875391,1869163.52,200
1781850275,0,131290,0,403.01,199.95,1190911,1647615,2201599,3221503,5107711,343808,295698431,1922789.97,4223460.90,131290,10,10,10,0,0,0,0,0,0,1899519,2979839,3821567,1882429.44,200
1781850276,0,131490,0,402.39,200.06,1190911,1647615,2201599,3221503,5103615,343808,295698431,1922695.02,4220317.19,131490,10,10,10,0,0,0,0,0,0,1791999,3016703,3276799,1860366.08,200
1781850277,0,131690,0,401.78,200.08,1190911,1647615,2201599,3219455,5099519,343808,295698431,1922669.29,4217180.17,131690,10,10,10,0,0,0,0,0,0,1898495,2926591,3348479,1905756.16,200
1781850278,0,131890,0,401.16,199.95,1190911,1648639,2201599,3219455,5099519,343808,295698431,1922726.03,4214033.72,131890,10,10,10,0,0,0,0,0,0,1921023,3008511,3239935,1960080.64,200
1781850279,0,132090,0,400.55,199.90,1191935,1649663,2201599,3219455,5099519,343808,295698431,1922655.51,4210907.35,132090,10,10,10,0,0,0,0,0,0,1888255,2930687,3428351,1876157.44,200
1781850280,0,132290,0,399.95,200.15,1191935,1649663,2201599,3219455,5111807,343808,295698431,1923106.86,4208191.75,132290,10,10,10,0,0,0,0,0,0,1868799,6156287,9535487,2221196.80,200
1781850281,0,132490,0,399.34,200.01,1191935,1650687,2201599,3219455,5119999,343808,295698431,1923510.90,4205360.91,132490,10,10,10,0,0,0,0,0,0,1899519,3471359,10280959,2190760.96,200
1781850282,0,132690,0,398.74,199.90,1192959,1650687,2203647,3219455,5119999,343808,295698431,1923568.92,4202253.71,132690,10,10,10,0,0,0,0,0,0,2000895,2826239,3035135,1962008.32,200
1781850283,0,132890,0,398.15,200.08,1192959,1651711,2203647,3219455,5111807,343808,295698431,1923630.73,4199177.49,132890,10,10,10,0,0,0,0,0,0,1952767,2854911,4571135,1964636.16,200
1781850284,0,133090,0,397.56,200.03,1192959,1651711,2203647,3217407,5111807,343808,295698431,1923656.80,4196068.77,133090,10,10,10,0,0,0,0,0,0,1924095,2734079,2838527,1940983.04,200
1781850285,0,133290,0,396.97,199.85,1192959,1652735,2203647,3217407,5107711,343808,295698431,1923747.97,4193000.86,133290,10,10,10,0,0,0,0,0,0,1919999,2910207,4325375,1984417.28,200
1781850286,0,133490,0,396.38,200.09,1193983,1652735,2205695,3217407,5103615,343808,295698431,1924082.31,4189968.83,133490,10,10,10,0,0,0,0,0,0,2082815,3545087,4218879,2146899.20,200
1781850287,0,133690,0,395.80,200.01,1193983,1653759,2205695,3219455,5115903,343808,295698431,1924719.95,4187154.39,133690,10,10,10,0,0,0,0,0,0,2138111,4190207,7319551,2350316.80,200
1781850288,0,133890,0,395.22,200.05,1195007,1654783,2205695,3219455,5111807,343808,295698431,1924971.62,4184134.86,133890,10,10,10,0,0,0,0,0,0,2055167,3129343,4845567,2093194.24,200
1781850289,0,134090,0,394.65,199.93,1195007,1654783,2205695,3219455,5111807,343808,295698431,1925045.64,4181068.14,134090,10,10,10,0,0,0,0,0,0,2021375,2922495,3252223,1974598.40,200
1781850290,0,134290,0,394.08,200.01,1195007,1655807,2207743,3219455,5124095,343808,295698431,1926298.49,4179562.31,134290,10,10,10,0,0,0,0,0,0,2125823,5054463,14860287,2766275.84,200
1781850291,0,134490,0,393.51,200.03,1196031,1656831,2207743,3219455,5119999,343808,295698431,1926514.58,4176519.37,134490,10,10,10,0,0,0,0,0,0,2062335,3043327,3418111,2071608.32,200
1781850292,0,134690,0,392.95,199.95,1196031,1656831,2207743,3219455,5136383,343808,295698431,1926820.72,4173648.53,134690,10,10,10,0,0,0,0,0,0,1951743,3899391,6594559,2132684.80,200
1781850293,0,134890,0,392.38,200.04,1196031,1657855,2207743,3219455,5128191,343808,295698431,1926960.33,4170639.90,134890,10,10,10,0,0,0,0,0,0,1988607,3153919,4440063,2020981.76,200
1781850294,0,135090,0,391.83,199.92,1197055,1658879,2209791,3219455,5124095,343808,295698431,1927052.43,4167609.30,135090,10,10,10,0,0,0,0,0,0,1976319,2959359,3094527,1989166.08,200
1781850295,0,135290,0,391.27,200.08,1197055,1658879,2209791,3219455,5128191,343808,295698431,1927290.87,4164657.14,135290,10,10,10,0,0,0,0,0,0,1995775,3145727,6385663,2088344.32,200
1781850296,0,135490,0,390.72,199.97,1197055,1658879,2209791,3219455,5124095,343808,295698431,1927295.32,4161640.99,135490,10,10,10,0,0,0,0,0,0,1985535,2719743,3577855,1930305.28,200
1781850297,0,135690,0,390.17,200.02,1198079,1659903,2209791,3217407,5119999,343808,295698431,1927458.22,4158639.94,135690,10,10,10,0,0,0,0,0,0,1978367,3127295,3459071,2037816.32,200
1781850298,0,135890,0,389.63,199.95,1198079,1659903,2209791,3217407,5119999,343808,295698431,1927408.07,4155637.45,135890,10,10,10,0,0,0,0,0,0,1943551,2824191,3203071,1893383.68,200
1781850299,0,136090,0,389.08,200.01,1198079,1660927,2211839,3217407,5111807,343808,295698431,1927357.24,4152645.29,136090,10,10,10,0,0,0,0,0,0,1934335,2842623,2996223,1892820.48,200
1781850300,0,136290,0,388.55,200.04,1198079,1660927,2211839,3217407,5111807,343808,295698431,1927493.97,4149679.20,136290,10,10,10,0,0,0,0,0,0,2073599,2822143,4239359,2020535.04,200
1781850301,0,136490,0,388.01,199.98,1199103,1661951,2211839,3215359,5107711,343808,295698431,1927560.24,4146722.32,136490,10,10,10,0,0,0,0,0,0,1960959,3155967,3676159,1972719.36,200
1781850302,0,136690,0,387.48,200.07,1199103,1661951,2211839,3215359,5103615,343808,295698431,1927590.59,4143743.64,136690,10,10,10,0,0,0,0,0,0,1940479,2883583,3493887,1948303.36,200
1781850303,0,136890,0,386.95,199.94,1199103,1662975,2211839,3215359,5119999,343808,295698431,1928380.56,4141726.63,136890,10,10,10,0,0,0,0,0,0,1935359,3272703,13131775,2468280.32,200
1781850304,0,137090,0,386.42,200.01,1200127,1662975,2211839,3215359,5111807,343808,295698431,1928344.03,4138759.53,137090,10,10,10,0,0,0,0,0,0,1973247,2840575,3188735,1903345.92,200
1781850305,0,137290,0,385.90,200.01,1200127,1663999,2211839,3215359,5111807,343808,295698431,1928256.21,4135812.04,137290,10,10,10,0,0,0,0,0,0,1821695,3311615,3516415,1868055.04,200
1781850306,0,137490,0,385.37,199.99,1200127,1663999,2211839,3215359,5107711,343808,295698431,1928189.02,4132869.34,137490,10,10,10,0,0,0,0,0,0,1807359,2971647,3743743,1882068.48,200
1781850307,0,137690,0,384.86,200.00,1201151,1665023,2213887,3213311,5103615,343808,295698431,1928285.68,4129936.91,137690,10,10,10,0,0,0,0,0,0,1959935,3112959,3624959,1994737.92,200
1781850308,0,137890,0,384.34,199.99,1201151,1665023,2213887,3215359,5107711,343808,295698431,1928446.97,4127054.57,137890,10,10,10,0,0,0,0,0,0,1946623,3215359,5378047,2039486.72,200
1781850309,0,138090,0,383.83,199.92,1201151,1665023,2213887,3215359,5103615,343808,295698431,1928405.41,4124148.77,138090,10,10,10,0,0,0,0,0,0,1843199,3153919,3747839,1899751.68,200
1781850310,0,139594,0,386.93,1505.08,1206271,1676287,2236415,3383295,45154303,343808,295698431,2882163.13,10899314.47,139594,10,10,10,0,0,0,0,0,0,87752703,164102143,215482367,90451579.91,1504
1781850311,0,141864,0,392.14,2268.86,1213439,1692671,2269183,3842047,86179839,343808,295698431,3763812.60,15021990.90,141864,10,10,10,0,0,0,0,0,0,27754495,200146943,226361343,57980983.03,2270
1781850312,0,143852,0,396.54,1988.82,1220607,1705983,2299903,4907007,85327871,343808,295698431,3917280.88,14994467.65,143852,10,10,10,0,0,0,0,0,0,13803519,27279359,32899071,14868801.93,1988
1781850313,0,145848,0,400.94,1996.43,1226751,1720319,2332671,9510911,83951615,343808,295698431,4096982.51,14992184.22,145848,10,10,10,0,0,0,0,0,0,16130047,29458431,37027839,17048104.02,1996
1781850314,0,147818,0,405.24,1968.56,1233919,1734655,2365439,12337151,82444287,343808,295698431,4255568.67,14995903.70,147818,10,10,10,0,0,0,0,0,0,13205503,36274175,49217535,15996418.60,1970
1781850315,0,149855,0,409.70,2036.88,1240063,1750015,2402303,14565375,81723391,343808,295698431,4493123.73,15161475.39,149855,10,10,10,0,0,0,0,0,0,15843327,61734911,72351743,21731667.32,2037
1781850316,0,151857,0,414.04,2002.50,1246207,1764351,2441215,16261119,80478207,343808,295698431,4640164.30,15144492.62,151857,10,10,10,0,0,0,0,0,0,13418495,30277631,40009727,15646540.47,2002
1781850317,0,153837,0,418.30,1979.11,1253375,1778687,2480127,17743871,79691775,343808,295698431,4810752.36,15157568.02,153837,10,10,10,0,0,0,0,0,0,16097279,35061759,53215231,17894081.42,1980
1781850318,0,155679,0,422.16,1842.31,1259519,1791999,2519039,20365311,88408063,343808,295698431,5266111.95,16432819.79,155679,10,10,10,0,0,0,0,0,0,29163519,187432959,207749119,43296054.20,1842
1781850319,0,157785,0,426.71,2107.35,1266687,1807359,2568191,24084479,115867647,343808,295698431,6172532.37,19824809.01,157785,10,10,10,0,0,0,0,0,0,38993919,225968127,244187135,73176627.05,2106
1781850320,0,159850,0,431.13,2063.39,1272831,1821695,2617343,27607039,123469823,343808,295698431,6728716.55,20727995.57,159850,10,10,10,0,0,0,0,0,0,35553279,129302527,143392767,49226305.21,2065
1781850321,0,161708,0,434.97,1859.59,1278975,1836031,2666495,29851647,124977151,343808,295698431,7077288.65,21187665.45,161708,10,10,10,0,0,0,0,0,0,25264127,127926271,143130623,37066121.09,1858
1781850322,0,163570,0,438.80,1861.65,1286143,1849343,2717695,33980415,144179199,343808,449052671,8406528.47,27422130.19,163570,10,10,10,0,0,0,0,0,0,75366399,369885183,438829055,123846223.74,1862
1781850323,0,165801,0,443.59,2230.82,1292287,1865727,2783231,38600703,177340415,343808,510656511,9923308.72,35034891.73,165801,10,10,10,0,0,0,0,0,0,37584895,471859199,495190015,121128932.00,2231
1781850324,0,167710,0,447.50,1908.38,1298431,1881087,2844671,44531711,183894015,343808,510656511,10705471.38,36100497.13,167710,10,10,10,0,0,0,0,0,0,66158591,175767551,195035135,78638080.54,1909
1781850325,0,169782,0,451.82,2072.44,1304575,1896447,2922495,51118079,208928767,343808,510656511,11688241.28,38240581.86,169782,10,10,10,0,0,0,0,0,0,49414143,284950527,301727743,91234737.92,2072
1781850326,0,171763,0,455.88,1981.95,1311743,1910783,3012607,53379071,207486975,343808,510656511,12050473.53,38358447.95,171763,10,10,10,0,0,0,0,0,0,31031295,133562367,174718975,43095660.29,1981
1781850327,0,173464,0,459.18,1699.74,1316863,1924095,3098623,64782335,224133119,343808,510656511,13274210.65,41110989.32,173464,10,10,10,0,0,0,0,0,0,121831423,310640639,336330751,136844321.71,1701
1781850328,0,175190,0,462.52,1726.83,1321983,1937407,3219455,86114303,281542655,343808,510656511,15479396.88,47458650.20,175190,10,10,10,0,0,0,0,0,0,255328255,374079487,445906943,237101891.34,1726
1781850329,0,177080,0,466.28,1890.28,1328127,1951743,3389439,107937791,335544319,343808,655359999,19043034.74,62413151.30,177080,10,10,10,0,0,0,0,0,0,421789695,620232703,639631359,349367752.19,1890
1781850330,0,179064,0,470.27,1983.22,1334271,1967103,3655679,131071999,490733567,343808,673185791,23655482.05,78149629.97,179064,10,10,10,0,0,0,0,0,0,498597887,636485631,654311423,435335002.84,1984
1781850331,0,181066,0,474.28,2001.81,1340415,1984511,4114431,166592511,528744447,343808,757596159,27876157.77,89071555.55,181066,10,10,10,0,0,0,0,0,0,385875967,670564351,726663167,405384188.93,2002
1781850332,0,182602,0,477.05,1536.15,1345535,1997823,4820991,211550207,557842431,343808,916979711,31695140.77,98919519.14,182602,10,10,10,0,0,0,0,0,0,448528383,816840703,905445375,481882624.00,1536
1781850333,0,184702,0,481.28,2100.51,1352703,2015231,6594559,296484863,614465535,343808,1004011519,38724173.61,119411565.57,184702,10,10,10,0,0,0,0,0,0,575143935,938475519,984088575,649922009.97,2100
1781850334,0,186468,0,484.62,1765.12,1357823,2029567,8249343,341573631,645398527,343808,1125122047,43736354.32,131898503.02,186468,10,10,10,0,0,0,0,0,0,490471423,1078984703,1113587711,567949151.96,1766
1781850335,0,188947,0,489.79,2480.08,1366015,2050047,10117119,391118847,786956287,343808,1156579327,50410961.90,148282436.86,188947,10,10,10,0,0,0,0,0,0,604504063,1049100287,1126170623,552468536.18,2479
1781850336,0,190864,0,493.48,1916.90,1372159,2066431,11509759,445906943,856162303,343808,1156579327,54740487.59,157496451.92,190864,10,10,10,0,0,0,0,0,0,532938751,962592767,983039999,481475432.83,1917
1781850337,0,192850,0,497.33,1986.11,1378303,2082815,12959743,483131391,880279551,343808,1156579327,59857454.78,167330663.13,192850,10,10,10,0,0,0,0,0,0,677380095,939524095,994574335,551622220.83,1986
1781850338,0,194606,0,500.57,1756.27,1384447,2099199,14319615,507772927,900202495,343808,1156579327,64648867.09,176189243.24,194606,10,10,10,0,0,0,0,0,0,716701695,1028653055,1059586047,590858356.63,1756
1781850339,0,196177,0,503.32,1570.69,1389567,2113535,15720447,538968063,941621247,343808,1344274431,70728568.87,190180105.36,196177,10,10,10,0,0,0,0,0,0,878182399,1321205759,1335885823,823845338.52,1571
1781850340,0,198048,0,506.82,1871.42,1395711,2129919,17055743,587726847,970981375,343808,1533018111,78561803.33,208668201.47,198048,10,10,10,0,0,0,0,0,0,721944575,1487929343,1513095167,899887530.89,1871
1781850341,0,200362,0,511.43,2313.60,1402879,2150399,18857983,624427007,1045430271,343808,1533018111,86076868.39,223931836.54,200362,10,10,10,0,0,0,0,0,0,913833983,1275068415,1348468735,729267708.90,2314
1781850342,0,202735,0,516.17,2371.94,1412095,2170879,21184511,693108735,1081081855,343808,1533018111,93831709.15,238121363.04,202735,10,10,10,0,0,0,0,0,0,956301311,1212153855,1249902591,748604319.77,2373
1781850343,0,205162,0,521.02,2428.18,1420287,2195455,23298047,713555967,1078984703,343808,1533018111,98247777.03,242271153.76,205162,10,10,10,0,0,0,0,0,0,484966399,860356607,885522431,467135919.62,2427
1781850344,0,207465,0,525.53,2303.35,1427455,2215935,25772031,709361663,1075838975,343808,1533018111,100831606.72,243165316.71,207465,10,10,10,0,0,0,0,0,0,433848319,579338239,590872575,331011227.18,2303
1781850345,0,209632,0,529.68,2165.17,1434623,2236415,27213823,706215935,1074790399,343808,1533018111,101514890.14,242601255.10,209632,10,10,10,0,0,0,0,0,0,44793855,464781311,480772095,166931316.13,2167
1781850346,0,211746,0,533.67,2114.85,1441791,2258943,28082175,703594495,1073217535,343808,1533018111,101620243.01,241664946.43,211746,10,10,10,0,0,0,0,0,0,28688383,331874303,352845823,112067420.76,2114
1781850347,0,213816,0,537.54,2069.86,1447935,2279423,28639231,699400191,1070071807,343808,1533018111,101078727.76,240592950.08,213816,10,10,10,0,0,0,0,0,0,18333695,144834559,155058175,45685641.03,2070
1781850348,0,215858,0,541.31,2043.14,1455103,2299903,28557311,696254463,1068498943,343808,1533018111,100333371.98,239579865.63,215858,10,10,10,0,0,0,0,0,0,16875519,67567615,81395711,22287832.89,2042
1781850349,0,217832,0,544.89,1973.27,1462271,2322431,28442623,692584447,1066926079,343808,1533018111,99614743.63,238613923.81,217832,10,10,10,0,0,0,0,0,0,16760831,53313535,63406079,21032333.36,1974
1781850350,0,219696,0,548.18,1864.02,1468415,2340863,28999679,688914431,1065353215,343808,1533018111,99143178.03,237698309.76,219696,10,10,10,0,0,0,0,0,0,26902527,155582463,262012927,44034767.11,1864
1781850351,0,221548,0,551.43,1852.32,1474559,2363391,29409279,684720127,1064828927,343808,1533018111,99283289.93,237201012.42,221548,10,10,10,0,0,0,0,0,0,26279935,484179967,510918655,115904253.24,1852
1781850352,0,223684,0,555.36,2134.41,1482751,2390015,30572543,680001535,1063780351,343808,1533018111,99971404.45,237020228.81,223684,10,10,10,0,0,0,0,0,0,39583743,580911103,608174079,171343312.06,2136
1781850353,0,225631,0,558.81,1947.21,1488895,2412543,32423935,675282943,1061158911,343808,1533018111,99925348.79,236053170.02,225631,10,10,10,0,0,0,0,0,0,84672511,239075327,273154047,94634175.44,1947
1781850354,0,227486,0,562.01,1856.13,1495039,2437119,33751039,672137215,1059586047,343808,1533018111,100236356.96,235614339.10,227486,10,10,10,0,0,0,0,0,0,48365567,536084479,569901055,138065513.71,1855
1781850355,0,229544,0,565.70,2057.52,1502207,2463743,35160063,665845759,1058537471,343808,1533018111,101130382.89,235680995.21,229544,10,10,10,0,0,0,0,0,0,50528255,546308095,585105407,199953697.59,2058
1781850356,0,231667,0,569.53,2123.63,1509375,2492415,37715967,661651455,1056440319,343808,1533018111,101316834.38,234758969.18,231667,10,10,10,0,0,0,0,0,0,99221503,343932927,401342463,121476430.26,2123
1781850357,0,233672,0,573.05,2003.64,1516543,2521087,39976959,655359999,1054867455,343808,1533018111,101182503.24,233786542.68,233672,10,10,10,0,0,0,0,0,0,84148223,165675007,198180863,85661259.84,2005
1781850358,0,235648,0,576.48,1977.59,1523711,2551807,42369023,651689983,1053818879,343808,1533018111,101308064.27,232908771.43,235648,10,10,10,0,0,0,0,0,0,110493695,242614271,258736127,116156291.63,1976
1781850359,0,237444,0,579.46,1796.01,1529855,2578431,43548671,646971391,1053294591,343808,1533018111,101602590.12,232618433.34,237444,10,10,10,0,0,0,0,0,0,48627711,579862527,612368383,140246480.11,1796
1781850360,0,239337,0,582.66,1892.98,1537023,2609151,44728319,665321471,1051721727,343808,1533018111,102693386.65,234019466.26,239337,10,10,10,0,0,0,0,0,0,45350911,881852415,904921087,239514882.57,1893
1781850361,0,241375,0,586.19,2037.09,1544191,2643967,46170111,683147263,1049100287,343808,1533018111,104030240.26,235499413.29,241375,10,10,10,0,0,0,0,0,0,54984703,856686591,876085247,261026575.83,2038
1781850362,0,243246,0,589.30,1870.79,1550335,2676735,47742975,698875903,1048575999,343808,1533018111,105459117.84,236907439.70,243246,10,10,10,0,0,0,0,0,0,77725695,832045055,855638015,289796545.06,1871
1781850363,0,245207,0,592.62,1962.14,1557503,2713599,49545215,701497343,1046478847,343808,1533018111,107367831.28,238245964.38,245207,10,10,10,0,0,0,0,0,0,381681663,793247743,823656447,344128111.49,1961
1781850364,0,247355,0,596.37,2146.28,1564671,2754559,51838975,704118783,1044381695,343808,1533018111,109115645.38,239068600.24,247355,10,10,10,0,0,0,0,0,0,313262079,728236031,746061823,308639040.36,2148
1781850365,0,249237,0,599.46,1883.09,1570815,2793471,53510143,702021631,1043857407,343808,1533018111,110770962.92,239992743.94,249237,10,10,10,0,0,0,0,0,0,432799743,650117119,672137215,328332637.31,1882
1781850366,0,251325,0,603.03,2086.69,1577983,2836479,57180159,700448767,1041235967,343808,1533018111,112487987.38,240330621.17,251325,10,10,10,0,0,0,0,0,0,299892735,627572735,661127167,317442979.80,2088
1781850367,0,253558,0,606.93,2234.88,1586175,2889727,61636607,697303039,1038614527,343808,1533018111,113964406.70,240342291.05,253558,10,10,10,0,0,0,0,0,0,283639807,576716799,633864191,280135963.40,2233
1781850368,0,255436,0,609.97,1878.17,1592319,2940927,64159743,695205887,1038090239,343808,1533018111,114104790.60,239619469.83,255436,10,10,10,0,0,0,0,0,0,133890047,331612159,359399423,133058709.40,1878
1781850369,0,256947,0,612.11,1510.89,1597439,2985983,66158591,692584447,1037041663,343808,1533018111,115370603.32,240237303.52,256947,10,10,10,0,0,0,0,0,0,394788863,648544255,670564351,329357459.74,1511
1781850370,0,258330,0,613.95,1382.94,1601535,3020799,68943871,692584447,1036517375,343808,1533018111,116832927.67,241003044.76,258330,10,10,10,0,0,0,0,0,0,422838271,689963007,725614591,388517565.27,1383
1781850371,0,258530,0,612.96,199.92,1601535,3014655,68812799,692584447,1036517375,343808,1533018111,116744070.74,240930972.20,258530,10,10,10,0,0,0,0,0,0,2037759,2988031,4501503,1972014.08,200
1781850372,0,258730,0,611.99,199.94,1600511,3008511,68681727,692584447,1036517375,343808,1533018111,116655198.17,240859029.42,258730,10,10,10,0,0,0,0,0,0,1794047,2476031,3299327,1774073.60,200
1781850373,0,258930,0,611.01,199.97,1600511,3004415,68419583,692060159,1035993087,343808,1533018111,116566478.57,240787136.36,258930,10,10,10,0,0,0,0,0,0,1648639,2977791,3276799,1794374.40,200
1781850374,0,259130,0,610.05,200.01,1600511,2998271,68288511,692060159,1035993087,343808,1533018111,116477941.93,240715278.15,259130,10,10,10,0,0,0,0,0,0,1943551,2723839,2908159,1853980.16,200
1781850375,0,259330,0,609.09,200.17,1599487,2992127,68091903,691011583,1035993087,343808,1533018111,116389622.36,240643439.49,259330,10,10,10,0,0,0,0,0,0,1844223,3188735,7573503,1958368.00,200
1781850376,0,259530,0,608.13,199.98,1599487,2985983,67960831,690487295,1035993087,343808,1533018111,116301304.93,240571720.73,259530,10,10,10,0,0,0,0,0,0,1772543,2838527,3313663,1784510.72,200
1781850377,0,259730,0,607.17,200.01,1599487,2979839,67829759,690487295,1035993087,343808,1533018111,116213663.36,240499813.85,259730,10,10,10,0,0,0,0,0,0,1953791,3358719,20185087,2485573.12,200
1781850378,0,259930,0,606.22,199.95,1598463,2975743,67698687,689963007,1035993087,343808,1533018111,116125781.65,240428131.17,259930,10,10,10,0,0,0,0,0,0,1936383,3559423,4374527,1998201.60,200
1781850379,0,260130,0,605.28,200.04,1598463,2971647,67567615,689963007,1035993087,343808,1533018111,116038014.80,240356514.67,260130,10,10,10,0,0,0,0,0,0,1878015,3049471,3147775,1971833.60,200
1781850380,0,260330,0,604.34,200.00,1598463,2967551,67239935,689438719,1035993087,343808,1533018111,115950402.53,240284945.45,260330,10,10,10,0,0,0,0,0,0,2003967,3121151,3332095,1997502.72,200
1781850381,0,260530,0,603.40,199.97,1598463,2961407,66977791,689438719,1034944511,343808,1533018111,115862955.78,240213418.23,260530,10,10,10,0,0,0,0,0,0,1996799,2988031,3334143,2037888.00,200
1781850382,0,260730,0,602.47,199.87,1598463,2957311,66813951,688914431,1034420223,343808,1533018111,115775705.34,240141920.32,260730,10,10,10,0,0,0,0,0,0,1810431,4530175,7180287,2118923.52,200
1781850383,0,260930,0,601.54,200.18,1598463,2951167,66617343,688914431,1034420223,343808,1533018111,115688388.36,240070572.00,260930,10,10,10,0,0,0,0,0,0,1901567,2635775,4118527,1857601.28,200
1781850384,0,261130,0,600.62,199.96,1597439,2947071,66551807,688914431,1034420223,343808,1533018111,115601359.70,239999207.72,261130,10,10,10,0,0,0,0,0,0,1907711,3598335,6139903,2059422.72,200
1781850385,0,261330,0,599.70,199.88,1597439,2940927,66289663,688914431,1034420223,343808,1533018111,115514270.54,239927991.05,261330,10,10,10,0,0,0,0,0,0,1697791,2707455,5173247,1806309.12,200
1781850386,0,261530,0,598.78,200.11,1597439,2936831,66158591,688390143,1034420223,343808,1533018111,115427455.85,239856763.95,261530,10,10,10,0,0,0,0,0,0,1934335,2998271,5136383,1991034.88,200
1781850387,0,261730,0,597.87,199.95,1597439,2930687,65896447,687865855,1034420223,343808,1533018111,115340751.63,239785603.56,261730,10,10,10,0,0,0,0,0,0,1960959,2949119,4192255,1961984.00,200
1781850388,0,261930,0,596.96,199.92,1596415,2926591,65699839,687865855,1033895935,343808,1533018111,115254091.31,239714541.15,261930,10,10,10,0,0,0,0,0,0,1851391,2795519,3160063,1846068.48,200
1781850389,0,262130,0,596.06,200.03,1596415,2922495,65503231,687341567,1033895935,343808,1533018111,115168557.49,239643121.72,262130,10,10,10,0,0,0,0,0,0,1868799,4857855,29835263,3149191.68,200
1781850390,0,262330,0,595.16,200.14,1596415,2916351,65339391,686817279,1033895935,343808,1533018111,115082267.45,239572121.85,262330,10,10,10,0,0,0,0,0,0,1948671,3293183,3985407,1986219.52,200
1781850391,0,262530,0,594.27,199.89,1596415,2912255,65208319,686817279,1033371647,343808,1533018111,114996062.25,239501200.09,262530,10,10,10,0,0,0,0,0,0,1823743,3071999,3321855,1925013.76,200
1781850392,0,262730,0,593.38,200.06,1596415,2908159,65011711,686292991,1033371647,343808,1533018111,114909991.45,239430333.24,262730,10,10,10,0,0,0,0,0,0,1823743,3807231,4726783,1929149.44,200
1781850393,0,262930,0,592.49,200.02,1595391,2904063,64913407,686292991,1033371647,343808,1533018111,114824047.54,239359523.90,262930,10,10,10,0,0,0,0,0,0,1902591,2988031,3502079,1923836.16,200
1781850394,0,263130,0,591.61,200.03,1595391,2899967,64847871,686292991,1033371647,343808,1533018111,114738247.29,239288764.31,263130,10,10,10,0,0,0,0,0,0,1977343,2879487,3721215,1940947.20,200
1781850395,0,263330,0,590.73,200.00,1595391,2895871,64716799,685768703,1033371647,343808,1533018111,114652658.24,239218025.65,263330,10,10,10,0,0,0,0,0,0,1751039,3262463,8585215,2047431.68,200
1781850396,0,263530,0,589.86,199.89,1594367,2891775,64618495,685244415,1032847359,343808,1533018111,114567043.97,239147412.83,263530,10,10,10,0,0,0,0,0,0,1892351,2930687,3182591,1843014.40,200
1781850397,0,263730,0,588.99,200.09,1594367,2887679,64421887,684720127,1032847359,343808,1533018111,114481617.68,239076828.46,263730,10,10,10,0,0,0,0,0,0,1911807,2981887,3756031,1919658.24,200
1781850398,0,263930,0,588.12,199.86,1594367,2883583,64258047,684720127,1032323071,343808,1533018111,114396283.13,239006317.43,263930,10,10,10,0,0,0,0,0,0,1887231,2871295,3436543,1869886.72,200
1781850399,0,264130,0,587.26,200.07,1594367,2879487,64028671,684195839,1032323071,343808,1533018111,114311127.36,238935838.75,264130,10,10,10,0,0,0,0,0,0,1938431,2965503,3383295,1935304.96,200
1781850400,0,264330,0,586.40,200.00,1594367,2875391,63799295,684195839,1032323071,343808,1533018111,114226796.28,238865104.22,264330,10,10,10,0,0,0,0,0,0,1869823,10534911,16171007,2854964.48,200
1781850401,0,264530,0,585.54,200.00,1593343,2871295,63569919,684195839,1031798783,343808,1533018111,114141785.96,238794789.41,264530,10,10,10,0,0,0,0,0,0,1736703,2777087,3287039,1787888.64,200
1781850402,0,264730,0,584.69,200.02,1593343,2869247,63406079,683671551,1031798783,343808,1533018111,114057068.20,238724453.31,264730,10,10,10,0,0,0,0,0,0,1884159,3510271,4403199,2005127.68,200
1781850403,0,264930,0,583.84,200.02,1593343,2865151,63307775,683671551,1031274495,343808,1533018111,113972436.05,238654192.44,264930,10,10,10,0,0,0,0,0,0,1844223,3162111,3815423,1949084.16,200
1781850404,0,265130,0,583.00,199.97,1593343,2861055,63111167,683147263,1031274495,343808,1533018111,113887951.53,238583977.46,265130,10,10,10,0,0,0,0,0,0,1948671,2994175,3973119,1975534.08,200
1781850405,0,265330,0,582.16,199.99,1593343,2856959,62849023,682622975,1031274495,343808,1533018111,113803567.83,238513830.66,265330,10,10,10,0,0,0,0,0,0,1773567,3074047,5328895,1940325.12,200
1781850406,0,265530,0,581.32,200.02,1593343,2852863,62685183,682622975,1030750207,343808,1533018111,113719296.86,238443745.37,265530,10,10,10,0,0,0,0,0,0,1919999,2926591,3248127,1921212.16,200
1781850407,0,265730,0,580.49,200.07,1592319,2848767,62488575,682622975,1030225919,343808,1533018111,113635147.16,238373717.96,265730,10,10,10,0,0,0,0,0,0,1914879,3037183,3375103,1913789.44,200
1781850408,0,265930,0,579.66,199.95,1592319,2844671,62324735,682622975,1029701631,343808,1533018111,113551044.71,238303783.12,265930,10,10,10,0,0,0,0,0,0,1704959,2809855,5353471,1808335.36,200
1781850409,0,266130,0,578.83,199.98,1592319,2840575,62193663,682098687,1029701631,343808,1533018111,113467148.30,238233866.07,266130,10,10,10,0,0,0,0,0,0,1838079,3360767,3803135,1914282.24,200
1781850410,0,266330,0,578.01,199.97,1592319,2838527,62062591,681050111,1029701631,343808,1533018111,113383473.97,238163958.82,266330,10,10,10,0,0,0,0,0,0,1972223,3137535,3274751,2042223.36,200
1781850411,0,266530,0,577.19,200.00,1591295,2834431,61931519,680525823,1029701631,343808,1533018111,113299739.87,238094193.27,266530,10,10,10,0,0,0,0,0,0,1730559,2949119,3047423,1795230.72,200
1781850412,0,266730,0,576.38,199.94,1591295,2832383,61767679,680001535,1029701631,343808,1533018111,113216760.23,238024206.08,266730,10,10,10,0,0,0,0,0,0,1858559,3473407,17448959,2633946.88,200
1781850413,0,266930,0,575.56,199.98,1591295,2828287,61669375,680001535,1029701631,343808,1533018111,113133331.66,237954524.72,266930,10,10,10,0,0,0,0,0,0,1875967,2662399,3084287,1868815.36,200
1781850414,0,267130,0,574.76,200.17,1591295,2826239,61538303,679477247,1029177343,343808,1533018111,113050013.92,237884904.80,267130,10,10,10,0,0,0,0,0,0,1761279,2957311,3166207,1849985.28,200
1781850415,0,267330,0,573.95,200.02,1590271,2822143,61374463,679477247,1028653055,343808,1533018111,112966786.25,237815355.68,267330,10,10,10,0,0,0,0,0,0,1771519,2613247,2996223,1803758.08,200
1781850416,0,267530,0,573.15,199.85,1590271,2818047,61210623,678952959,1028653055,343808,1533018111,112883762.32,237745824.17,267530,10,10,10,0,0,0,0,0,0,1933311,3094527,3227647,1909818.88,200
1781850417,0,267730,0,572.35,200.02,1590271,2813951,61046783,678952959,1028653055,343808,1533018111,112800829.25,237676362.94,267730,10,10,10,0,0,0,0,0,0,1763327,3010559,3186687,1865408.00,200
1781850418,0,267930,0,571.56,200.01,1590271,2811903,60882943,678428671,1028653055,343808,1533018111,112718149.92,237606895.80,267930,10,10,10,0,0,0,0,0,0,1946623,3452927,4048895,2039464.96,200
1781850419,0,268130,0,570.77,200.04,1590271,2807807,60784639,677904383,1028128767,343808,1533018111,112635539.80,237537508.42,268130,10,10,10,0,0,0,0,0,0,1935359,2785279,4431871,1966896.64,200
1781850420,0,268330,0,569.98,199.95,1589247,2803711,60653567,677380095,1028128767,343808,1533018111,112552929.70,237468232.90,268330,10,10,10,0,0,0,0,0,0,1757183,2842623,3543039,1801697.28,200
1781850421,0,268530,0,569.20,200.01,1589247,2801663,60489727,677380095,1028128767,343808,1533018111,112470465.31,237399001.22,268530,10,10,10,0,0,0,0,0,0,1807359,2973695,4102143,1832122.88,200
1781850422,0,268730,0,568.42,199.92,1589247,2797567,60325887,676855807,1028128767,343808,1533018111,112388089.06,237329839.77,268730,10,10,10,0,0,0,0,0,0,1815551,2576383,2977791,1785605.12,200
1781850423,0,268930,0,567.64,200.10,1589247,2793471,60194815,676855807,1027604479,343808,1533018111,112306667.37,237260384.67,268930,10,10,10,0,0,0,0,0,0,1846271,3088383,24870911,2904424.96,200
1781850424,0,269130,0,566.86,199.94,1588223,2791423,60030975,676331519,1027604479,343808,1533018111,112224565.73,237191317.93,269130,10,10,10,0,0,0,0,0,0,1803263,2795519,2920447,1826589.44,200
1781850425,0,269330,0,566.09,200.13,1588223,2787327,59899903,676331519,1027604479,343808,1533018111,112142604.57,237122296.75,269330,10,10,10,0,0,0,0,0,0,1786879,2902015,3612671,1851567.36,200
1781850426,0,269530,0,565.32,199.86,1588223,2785279,59703295,675807231,1027604479,343808,1533018111,112060685.84,237053366.47,269530,10,10,10,0,0,0,0,0,0,1727487,2717695,3622911,1744833.28,200
1781850427,0,269730,0,564.56,200.03,1588223,2781183,59506687,675282943,1027080191,343808,1533018111,111978995.66,236984440.46,269730,10,10,10,0,0,0,0,0,0,1829887,2983935,4001791,1889224.96,200
1781850428,0,269930,0,563.80,200.11,1587199,2779135,59277311,674758655,1027080191,343808,1533018111,111897428.74,236915567.35,269930,10,10,10,0,0,0,0,0,0,1881087,2838527,2912255,1892193.28,200
1781850429,0,270130,0,563.04,199.84,1587199,2775039,59179007,674234367,1027080191,343808,1533018111,111815945.18,236846765.78,270130,10,10,10,0,0,0,0,0,0,1836031,2848767,3786751,1841662.72,200
1781850430,0,271730,0,565.20,1599.91,1592319,2803711,62455807,672661503,1026555903,343808,1533018111,112307450.09,236388045.26,271730,10,10,10,0,0,0,0,0,0,183500799,392167423,460587007,195288839.04,1600
1781850431,0,273857,0,568.44,2128.43,1598463,2846719,68091903,684720127,1026031615,343808,1533018111,115954902.23,239280668.55,273857,10,10,10,0,0,0,0,0,0,561512447,763363327,782237695,581926773.35,2127
1781850432,0,275802,0,571.29,1944.82,1605631,2889727,73072639,716177407,1031274495,343808,1533018111,121023949.71,246115308.18,275802,10,10,10,0,0,0,0,0,0,827850751,1031798783,1063780351,834748441.27,1945
1781850433,0,277658,0,573.95,1855.50,1611775,2934783,78577663,765984767,1112539135,343808,1533018111,128092607.92,260362424.02,277658,10,10,10,0,0,0,0,0,0,1180696575,1463812095,1506803711,1178496741.52,1856
1781850434,0,278792,0,575.10,1134.54,1614847,2965503,81526783,798490623,1223688191,343808,2057306111,134133271.47,276829108.37,278792,10,10,10,0,0,0,0,0,0,1568669695,2009071615,2054160383,1613179620.46,1134
1781850435,0,280679,0,577.80,1886.66,1620991,3016703,88211455,833617919,1488977919,343808,2694840319,147807482.66,322836543.58,280679,10,10,10,0,0,0,0,0,0,2149580799,2621439999,2684354559,2168083415.30,1887
1781850436,0,282194,0,579.73,1515.55,1626111,3065855,94240767,862978047,2013265919,343808,3055550463,160824101.89,368167552.32,282194,10,10,10,0,0,0,0,0,0,2638217215,2980052991,3042967551,2572369757.78,1515
1781850437,0,284303,0,582.86,2106.93,1633279,3143679,103219199,921174015,2470445055,343808,3470786559,181756694.88,440846428.40,284303,10,10,10,0,0,0,0,0,0,3231711231,3391094783,3462397951,2982634905.31,2109
1781850438,0,286188,0,585.53,1885.12,1638399,3227647,111476735,977272831,2948595711,343808,3789553663,202462649.99,508777842.30,286188,10,10,10,0,0,0,0,0,0,3516923903,3751804927,3781165055,3325414987.24,1885
1781850439,0,287372,0,586.75,1184.67,1642495,3282943,116654079,1009254399,3273654271,343808,4420796415,217294192.96,558444660.26,287372,10,10,10,0,0,0,0,0,0,4020240383,4395630591,4416602111,3802268533.62,1184
1781850440,0,288757,0,588.38,1385.02,1646591,3366911,122486783,1074790399,3546284031,343808,4987027455,237564752.34,629514200.28,288757,10,10,10,0,0,0,0,0,0,4567597055,4915724287,4936695807,4443478969.76,1385
1781850441,0,290339,0,590.40,1582.09,1651711,3477503,129433599,1209008127,4152360959,343808,5469372415,262635769.43,713778556.92,290339,10,10,10,0,0,0,0,0,0,4924112895,5351931903,5460983807,4838761991.12,1582
1781850442,0,291888,0,592.34,1548.89,1656831,3610623,136970239,1440743423,4714397695,343808,5947523071,289772370.62,803336530.37,291888,10,10,10,0,0,0,0,0,0,5456789503,5880414207,5934940159,5376159492.79,1549
1781850443,0,293742,0,594.90,1853.14,1662975,3833855,148504575,1901068287,5268045823,343808,6455033855,324614492.38,912714583.14,293742,10,10,10,0,0,0,0,0,0,5817499647,6320816127,6425673727,5810049894.46,1854
1781850444,0,295856,0,597.97,2114.89,1670143,4179967,164757503,2428502015,5700059135,343808,6807355391,365811969.63,1031578325.59,295856,10,10,10,0,0,0,0,0,0,6098518015,6765412351,6794772479,6090234563.21,2114
1781850445,0,297983,0,601.05,2127.84,1677311,4767743,182190079,2835349503,6031409151,343808,7369392127,409094213.02,1148798071.08,297983,10,10,10,0,0,0,0,0,0,6673137663,7247757311,7340031999,6429456883.72,2127
1781850446,0,299804,0,603.51,1820.31,1682431,5476351,198574079,3313500159,6505365503,343808,7507804159,448174742.55,1250598582.89,299804,10,10,10,0,0,0,0,0,0,7189037055,7461666815,7495221247,6843195846.36,1821
1781850447,0,301568,0,605.84,1764.34,1688575,6311935,212336639,3741319167,6891241471,343808,7948206079,488178378.44,1352466376.00,301568,10,10,10,0,0,0,0,0,0,7616856063,7864319999,7923040255,7287072967.69,1764
1781850448,0,303557,0,608.61,1989.01,1694719,7188479,229507071,4555014143,7356809215,343808,8204058623,535137930.88,1467499490.44,303557,10,10,10,0,0,0,0,0,0,7939817471,8174698495,8199864319,7655046583.15,1989
1781850449,0,305873,0,612.03,2315.04,1702911,8065023,254279679,5196742655,7818182655,343808,8640266239,590144658.00,1592542071.43,305873,10,10,10,0,0,0,0,0,0,7893680127,8606711807,8631877631,7799849780.61,2316
1781850450,0,308237,0,615.53,2363.93,1710079,8912895,276299775,5662310399,7939817471,343808,8917090303,647429615.98,1715783065.31,308237,10,10,10,0,0,0,0,0,0,7948206079,8824815615,8908701695,8059410137.45,2364
1781850451,0,310817,0,619.44,2580.06,1718271,9691135,299630591,5964300287,7985954815,343808,9252634623,710017389.52,1841448588.35,310817,10,10,10,0,0,0,0,0,0,7868514303,9235857407,9244246015,8187485433.25,2580
1781850452,0,313906,0,624.35,3089.43,1728511,10682367,331612159,6727663615,8631877631,343808,9252634623,785196880.15,1982689613.32,313906,10,10,10,0,0,0,0,0,0,7897874431,9202302975,9235857407,8349801522.72,3089
1781850453,0,315905,0,627.08,1999.74,1735679,11272191,351010815,7117733887,8917090303,343808,9328132095,834491621.49,2071301811.01,315905,10,10,10,0,0,0,0,0,0,8543797247,9286189055,9319743487,8575319572.23,1999
1781850454,0,319148,0,632.26,3242.96,1745919,12222463,381943807,7612661759,9118416895,343808,9336520703,913346656.68,2203604370.94,319148,10,10,10,0,0,0,0,0,0,8539602943,9302966271,9319743487,8594721892.73,3243
1781850455,0,321351,0,635.37,2201.08,1753087,12877823,406585343,7742685183,9168748543,343808,9453961215,966290490.24,2287266715.16,321351,10,10,10,0,0,0,0,0,0,8824815615,9412018175,9428795391,8636248999.22,2203
1781850456,0,322679,0,636.74,1328.09,1757183,13287423,422051839,7805599743,9193914367,343808,9764339711,1000591851.07,2344174143.89,322679,10,10,10,0,0,0,0,0,0,9135194111,9680453631,9755951103,9300875436.72,1328
1781850457,0,323363,0,636.83,684.28,1759231,13492223,430440447,7830765567,9227468799,343808,10636754943,1019413994.06,2377187567.47,323363,10,10,10,0,0,0,0,0,0,9982443519,10611589119,10636754943,9898814984.98,684
1781850458,0,324149,0,637.12,785.99,1762303,13737983,442236927,7864319999,9277800447,343808,11098128383,1041923648.59,2417915711.03,324149,10,10,10,0,0,0,0,0,0,10653532159,11064573951,11089739775,10302469982.45,786
1781850459,0,324669,0,636.89,520.07,1763327,13877247,448528383,7881097215,9328132095,343808,11827937279,1058897651.95,2452872882.93,324669,10,10,10,0,0,0,0,0,0,11676942335,11811160063,11827937279,11639871141.42,520
1781850460,0,324761,0,635.83,91.98,1764351,13893631,449576959,7885291519,9353297919,343808,12054429695,1061987262.12,2459383872.81,324761,10,10,10,0,0,0,0,0,0,11995709439,12046041087,12054429695,11965255145.74,92
1781850461,0,324761,0,634.58,0.00,1764351,13893631,449576959,7885291519,9353297919,343808,12054429695,1061987262.12,2459383872.81,324761,10,10,10,0,0,0,0,0,0,0,0,0,0.00,0
1781850462,0,324761,0,633.35,0.00,1764351,13893631,449576959,7885291519,9353297919,343808,12054429695,1061987262.12,2459383872.81,324761,10,10,10,0,0,0,0,0,0,0,0,0,0.00,0
1781850463,0,324761,0,632.11,0.00,1764351,13893631,449576959,7885291519,9353297919,343808,12054429695,1061987262.12,2459383872.81,324761,10,10,10,0,0,0,0,0,0,0,0,0,0.00,0
1781850464,0,324761,0,630.89,0.00,1764351,13893631,449576959,7885291519,9353297919,343808,12054429695,1061987262.12,2459383872.81,324761,10,10,10,0,0,0,0,0,0,0,0,0,0.00,0
1781850465,0,324761,0,629.66,0.00,1764351,13893631,449576959,7885291519,9353297919,343808,12054429695,1061987262.12,2459383872.81,324761,10,10,10,0,0,0,0,0,0,0,0,0,0.00,0
1781850466,0,324761,0,628.44,0.00,1764351,13893631,449576959,7885291519,9353297919,343808,12054429695,1061987262.12,2459383872.81,324761,10,10,10,0,0,0,0,0,0,0,0,0,0.00,0
1781850467,0,324761,0,627.23,0.00,1764351,13893631,449576959,7885291519,9353297919,343808,12054429695,1061987262.12,2459383872.81,324761,10,10,10,0,0,0,0,0,0,0,0,0,0.00,0
1781850468,0,324761,0,626.02,0.00,1764351,13893631,449576959,7885291519,9353297919,343808,12054429695,1061987262.12,2459383872.81,324761,10,10,10,0,0,0,0,0,0,0,0,0,0.00,0
1781850469,0,325693,0,626.61,932.02,1766399,14188543,459538431,7914651647,9537847295,343808,20770193407,1113800559.38,2639870558.70,325693,10,10,10,0,0,0,0,0,0,19176357887,20518535167,20585644031,19168455315.23,932
1781850470,0,334653,0,642.61,8964.63,1795071,16941055,540540927,9110028287,19579011071,343808,22112370687,1563293131.11,3788550238.57,334653,10,10,10,0,0,0,0,0,0,18538823679,21558722559,21927821311,17902197613.71,8960
1781850471,0,343827,0,658.96,9169.33,1825791,19841023,637009919,10896801791,20115881983,343808,23152558079,1914844087.13,4354738284.45,343827,10,10,10,0,0,0,0,0,0,15149826047,21776826367,22850568191,14738866551.04,9174
1781850472,0,348477,0,666.60,4652.66,1841151,21544959,704118783,13816037375,20099104767,343808,23152558079,2074422985.15,4548115197.13,348477,10,10,10,0,0,0,0,0,0,14420017151,17280532479,17599299583,13873892613.18,4650
1781850473,0,348507,0,665.38,29.98,1841151,21544959,704643071,13832814591,20099104767,343808,23152558079,2075493799.79,4549383540.67,348507,10,10,10,0,0,0,0,0,0,14512291839,14562623487,14562623487,14513969561.60,30
1781850474,0,349680,0,666.35,1173.41,1845247,21905407,722468863,14394851327,20216545279,343808,26726105087,2127190528.22,4635546869.63,349680,10,10,10,0,0,0,0,0,0,15233712127,26541555711,26692550655,17486671973.27,1173
1781850475,0,353140,0,671.66,3461.42,1857535,23216127,798490623,15443427327,21994930175,343808,27296530431,2337361625.91,5088420951.79,353140,10,10,10,0,0,0,0,0,0,25149046783,27011317759,27212644351,23578005972.79,3460
1781850476,0,356438,0,676.65,3295.19,1867775,24444927,847249407,16173236223,23588765695,343808,27296530431,2502088898.71,5356903028.32,356438,10,10,10,0,0,0,0,0,0,21927821311,25014829055,25216155647,20140593785.40,3298
1781850477,0,362876,0,687.57,6444.20,1890303,27115519,983564287,17716740095,25014829055,343808,29074915327,2816921206.07,5839662622.59,362876,10,10,10,0,0,0,0,0,0,20317208575,28085059583,28873588735,20247520456.09,6438
1781850478,0,367190,0,694.42,4313.53,1904639,29032447,1171259391,18555600895,25048383487,343808,29074915327,3008922861.59,6088744249.54,367190,10,10,10,0,0,0,0,0,0,20921188351,24628953087,25165823999,19159315246.64,4314
1781850479,0,368307,0,695.22,1116.40,1907711,29442047,1243611135,18807259135,25048383487,343808,29074915327,3059475700.69,6151642357.50,368307,10,10,10,0,0,0,0,0,0,21575499775,22548578303,22682796031,19677646682.99,1117
1781850480,0,374639,0,705.84,6332.92,1930239,32620543,2418016255,19629342719,25014829055,343808,29074915327,3302286327.02,6387686453.63,374639,10,10,10,0,0,0,0,0,0,15820914687,22196256767,22733127679,17425604923.67,6332
1781850481,0,379588,0,713.82,4950.88,1947647,35323903,3296722943,19579011071,24981274623,343808,29074915327,3477938885.08,6533930275.13,379588,10,10,10,0,0,0,0,0,0,18220056575,19461570559,19612565503,16774826882.41,4949
1781850482,0,384558,0,721.81,4967.57,1965055,38600703,4567597055,19528679423,24964497407,343808,29074915327,3627665605.28,6627296899.34,384558,10,10,10,0,0,0,0,0,0,13983809535,18438160383,19058917375,15063171896.14,4970
1781850483,0,386946,0,724.93,2387.60,1973247,40304639,5037359103,19495124991,24947720191,343808,29074915327,3703041327.12,6677315800.24,386946,10,10,10,0,0,0,0,0,0,17003708415,17515413503,17599299583,15841373336.66,2388
1781850484,0,388095,0,725.72,1149.83,1977343,41058303,5309988863,19478347775,24947720191,343808,29074915327,3738914759.74,6700366611.29,388095,10,10,10,0,0,0,0,0,0,17028874239,17481859071,17515413503,15819925430.92,1149
1781850485,0,389076,0,726.20,980.86,1981439,41943039,5536481279,19478347775,24930942975,343808,29074915327,3770574700.01,6721956277.74,389076,10,10,10,0,0,0,0,0,0,17565745151,18018729983,18052284415,16295614983.83,981
1781850486,0,389595,0,725.81,518.61,1983487,42336255,5591007231,19461570559,24930942975,343808,29074915327,3789185515.09,6736908804.78,389595,10,10,10,0,0,0,0,0,0,18119393279,18454937599,18471714815,17741057361.39,519
1781850487,0,390255,0,725.69,660.34,1985535,42893311,5645533183,19461570559,24930942975,343808,29074915327,3814821846.71,6759967251.74,390255,10,10,10,0,0,0,0,0,0,18991808511,19126026239,19142803455,18947831870.06,660
1781850488,0,391143,0,725.99,887.68,1989631,43483135,5704253439,19461570559,24930942975,343808,29074915327,3849981995.41,6792401636.84,391143,10,10,10,0,0,0,0,0,0,19310575615,19444793343,19461570559,19302035861.91,888
1781850489,0,391707,0,725.69,564.30,1991679,44007423,5746196479,19545456639,24914165759,343808,29074915327,3872876343.16,6814237891.16,391707,10,10,10,0,0,0,0,0,0,19746783231,19981664255,19998441471,19750471839.77,564
1781850490,0,392751,0,726.28,1043.27,1995775,44892159,5834276863,19746783231,24914165759,343808,29074915327,3915590687.11,6855287828.22,392751,10,10,10,0,0,0,0,0,0,19948109823,20048773119,20065550335,19941938893.98,1044
1781850491,0,394431,0,728.04,1681.62,2001919,46399487,6123683839,19914555391,24914165759,343808,29074915327,3983878210.25,6919902072.63,394431,10,10,10,0,0,0,0,0,0,19981664255,20099104767,20115881983,19948159756.19,1680
1781850492,0,396399,0,730.33,1966.29,2009087,48365567,6505365503,19897778175,24897388543,343808,29074915327,4059671394.27,6985627203.75,396399,10,10,10,0,0,0,0,0,0,19293798399,19629342719,19662897151,19250312333.53,1968
1781850493,0,397051,0,730.18,652.10,2011135,49020927,6656360447,19897778175,24897388543,343808,29074915327,4085259071.89,7008346819.91,397051,10,10,10,0,0,0,0,0,0,19646119935,19797114879,19813892095,19641899900.07,652
1781850494,0,399696,0,733.70,2644.40,2021375,51904511,7012876287,19897778175,24880611327,343808,29074915327,4180668265.90,7082495811.83,399696,10,10,10,0,0,0,0,0,0,18673041407,19428016127,19478347775,18502904897.43,2645
1781850495,0,399696,0,732.35,0.00,2021375,51904511,7012876287,19897778175,24880611327,343808,29074915327,4180668265.90,7082495811.83,399696,10,10,10,0,0,0,0,0,0,0,0,0,0.00,0
1781850496,0,399696,0,731.01,0.00,2021375,51904511,7012876287,19897778175,24880611327,343808,29074915327,4180668265.90,7082495811.83,399696,10,10,10,0,0,0,0,0,0,0,0,0,0.00,0
1781850497,0,399696,0,729.68,0.00,2021375,51904511,7012876287,19897778175,24880611327,343808,29074915327,4180668265.90,7082495811.83,399696,10,10,10,0,0,0,0,0,0,0,0,0,0.00,0
1781850498,0,399696,0,728.35,0.00,2021375,51904511,7012876287,19897778175,24880611327,343808,29074915327,4180668265.90,7082495811.83,399696,10,10,10,0,0,0,0,0,0,0,0,0,0.00,0
1781850499,0,399696,0,727.02,0.00,2021375,51904511,7012876287,19897778175,24880611327,343808,29074915327,4180668265.90,7082495811.83,399696,10,10,10,0,0,0,0,0,0,0,0,0,0.00,0
1781850500,0,399696,0,725.70,0.00,2021375,51904511,7012876287,19897778175,24880611327,343808,29074915327,4180668265.90,7082495811.83,399696,10,10,10,0,0,0,0,0,0,0,0,0,0.00,0
1781850501,0,403684,0,731.62,3989.16,2035711,56688639,7537164287,20182990847,25836912639,343808,30853300223,4382855581.86,7341292604.90,403684,10,10,10,0,0,0,0,0,0,24712839167,30282874879,30719082495,24647013416.06,3988
1781850502,0,407888,0,737.90,4203.52,2052095,63078399,7755268095,20887633919,26658996223,343808,31507611647,4582047453.43,7578686010.47,407888,10,10,10,0,0,0,0,0,0,24746393599,30802968575,31373393919,23709205275.04,4204
1781850503,0,420529,0,759.39,12633.96,2101247,86704127,8564768767,22481469439,28739371007,343808,32900120575,5138467597.59,8159417628.74,420529,10,10,10,0,0,0,0,0,0,22515023871,31759269887,32598130687,23092513935.62,12641
1781850504,0,432199,0,779.06,11671.36,2146303,119930879,9453961215,23873978367,29813112831,343808,32900120575,5615734743.11,8595750895.68,432199,10,10,10,0,0,0,0,0,0,23236444159,31474057215,32245809151,22814078825.43,11670
1781850505,0,433001,0,779.10,802.15,2150399,122093567,9588178943,23857201151,29813112831,343808,32900120575,5638911375.19,8604821996.03,433001,10,10,10,0,0,0,0,0,0,18236833791,19428016127,19528679423,18128833078.90,802
1781850506,0,433370,0,778.36,368.83,2150399,123142143,9655287807,23857201151,29813112831,343808,32900120575,5646758311.07,8606268772.42,433370,10,10,10,0,0,0,0,0,0,18152947711,18773704703,18790481919,14854701633.21,369
1781850507,0,434693,0,779.34,1323.29,2156543,126615551,9881780223,23840423935,29813112831,343808,32900120575,5684976268.25,8621675764.74,434693,10,10,10,0,0,0,0,0,0,18773704703,18907922431,18941476863,18203884886.88,1323
1781850508,0,436295,0,780.81,1602.96,2162687,131727359,10510925823,23806869503,29796335615,343808,32900120575,5722413940.12,8629005693.00,436295,10,10,10,0,0,0,0,0,0,16307453951,18371051519,18421383167,15880899518.80,1602
1781850509,0,438100,0,782.64,1805.26,2170879,137887743,10712252415,23941087231,30115102719,343808,33990639615,5772184299.20,8675696272.23,438100,10,10,10,0,0,0,0,0,0,10989076479,33621540863,33940307967,17802410788.45,1805
1781850510,0,439587,0,783.90,1486.85,2177023,144179199,10972299263,24159191039,30467424255,343808,33990639615,5829411836.68,8739468156.96,439587,10,10,10,0,0,0,0,0,0,30266097663,32296140799,32480690175,22689791239.75,1487
1781850511,0,441877,0,786.58,2290.37,2187263,154796031,11802771455,24679284735,31121735679,343808,35232153599,5962089287.49,8910784103.38,441877,10,10,10,0,0,0,0,0,0,32178700287,34863054847,35165044735,31430771632.41,2290
1781850512,0,447883,0,795.85,6001.95,2211839,187826175,12515803135,25182601215,31289507839,343808,35265708031,6116115656.74,9047414235.52,447883,10,10,10,0,0,0,0,0,0,22565355519,34259075071,35064381439,17448235197.59,6006
1781850513,0,451095,0,800.14,3210.98,2226175,202768383,12876513279,25836912639,32312918015,343808,35265708031,6263809095.68,9249481769.29,451095,10,10,10,0,0,0,0,0,0,32967229439,34963718143,35165044735,26858261310.88,3212
1781850514,0,459740,0,814.03,8651.34,2260991,251920383,13849591807,26927431679,32279363583,343808,35265708031,6618071765.39,9552995397.22,459740,10,10,10,0,0,0,0,0,0,26910654463,30920409087,31490834431,25103452793.71,8645
1781850515,0,463100,0,818.53,3358.98,2273279,268435455,13748928511,26893877247,32279363583,343808,35265708031,6616305192.76,9525986459.17,463100,10,10,10,0,0,0,0,0,0,6211764223,13522436095,14151581695,6374589687.47,3360
1781850516,0,463600,0,817.97,500.09,2273279,265814015,13732151295,26877100031,32279363583,343808,35265708031,6609172678.99,9523322270.18,463600,10,10,10,0,0,0,0,0,0,2990079,4702207,5984255,3038417.92,500
1781850517,0,464100,0,817.41,499.91,2273279,262275071,13715374079,26877100031,32262586367,343808,35265708031,6602056741.24,9520656917.03,464100,10,10,10,0,0,0,0,0,0,3192831,12222463,33341439,4159267.33,500
1781850518,0,464600,0,816.85,500.02,2273279,258736127,13706985471,26877100031,32262586367,343808,35265708031,6594954843.87,9517992135.96,464600,10,10,10,0,0,0,0,0,0,2826239,4517887,5468159,2973704.19,500
1781850519,0,465100,0,816.29,499.94,2273279,255590399,13698596863,26860322815,32262586367,343808,35265708031,6587868407.59,9515326924.49,465100,10,10,10,0,0,0,0,0,0,3137535,4923391,5541887,3151811.58,500
1781850520,0,465600,0,815.74,500.05,2273279,252051455,13690208255,26860322815,32262586367,343808,35265708031,6580797826.80,9512660992.51,465600,10,10,10,0,0,0,0,0,0,2805759,7749631,27869183,3743575.55,500
1781850521,0,466100,0,815.19,499.89,2273279,248905727,13673431039,26860322815,32262586367,343808,35265708031,6573741773.45,9509995238.05,466100,10,10,10,0,0,0,0,0,0,2912255,5468159,10059775,3144893.44,500
1781850522,0,466600,0,814.64,500.30,2271231,245366783,13648265215,26843545599,32262586367,343808,35265708031,6566700384.70,9507329547.61,466600,10,10,10,0,0,0,0,0,0,2609151,4612095,5119999,2717798.40,500
1781850523,0,467100,0,814.09,499.87,2271231,241303551,13639876607,26843545599,32262586367,343808,35265708031,6559675534.56,9504662611.44,467100,10,10,10,0,0,0,0,0,0,2820095,12132351,42434559,4085384.19,500
1781850524,0,467600,0,813.54,500.17,2269183,238026751,13623099391,26826768383,32262586367,343808,35265708031,6552664353.69,9501996386.79,467600,10,10,10,0,0,0,0,0,0,2648063,4579327,5509119,2819185.66,500
1781850525,0,468100,0,813.00,499.85,2269183,234881023,13614710783,26826768383,32262586367,343808,35265708031,6545668562.10,9499329670.68,468100,10,10,10,0,0,0,0,0,0,2877439,6320127,11468799,3204262.40,500
1781850526,0,468600,0,812.46,499.73,2269183,230948863,13597933567,26826768383,32262586367,343808,35265708031,6538687442.64,9496662938.72,468600,10,10,10,0,0,0,0,0,0,2807807,5586943,7462911,2963405.82,500
1781850527,0,469100,0,811.92,500.40,2269183,227672063,13589544959,26809991167,32262586367,343808,35265708031,6531721012.81,9493996160.14,469100,10,10,10,0,0,0,0,0,0,2682879,4370431,4763647,2782973.95,500
1781850528,0,469600,0,811.38,499.90,2269183,224919551,13581156351,26809991167,32245809151,343808,35265708031,6524769831.97,9491328932.07,469600,10,10,10,0,0,0,0,0,0,3012607,5246975,8847359,3171969.02,500
1781850529,0,470100,0,810.84,500.07,2269183,222035967,13564379135,26809991167,32245809151,343808,35265708031,6517833268.31,9488661670.64,470100,10,10,10,0,0,0,0,0,0,3018751,4698111,6213631,3012678.14,500
1781850530,0,470600,0,810.30,499.83,2267135,219414527,13547601919,26793213951,32245809151,343808,35265708031,6510911275.75,9485994389.02,470600,10,10,10,0,0,0,0,0,0,2672639,4759551,5799935,2853872.13,500
1781850531,0,471100,0,809.77,500.00,2267135,216399871,13530824703,26793213951,32245809151,343808,35265708031,6504004226.56,9483326813.58,471100,10,10,10,0,0,0,0,0,0,2951167,4927487,7053311,3089528.83,500
1781850532,0,471600,0,809.24,500.20,2267135,213909503,13522436095,26776436735,32245809151,343808,35265708031,6497112214.74,9480658863.34,471600,10,10,10,0,0,0,0,0,0,2578431,6840319,32358399,3458679.81,500
1781850533,0,472100,0,808.71,499.84,2265087,210894847,13505658879,26776436735,32245809151,343808,35265708031,6490234136.31,9477991274.24,472100,10,10,10,0,0,0,0,0,0,2838527,4362239,5042175,2830554.62,500
1781850534,0,472600,0,808.18,500.24,2265087,207880191,13488881663,26776436735,32245809151,343808,35265708031,6483370678.96,9475323558.02,472600,10,10,10,0,0,0,0,0,0,2779135,4780031,5398527,2894252.03,500
1781850535,0,473100,0,807.65,499.58,2263039,204865535,13463715839,26759659519,32245809151,343808,35265708031,6476521518.02,9472655918.71,473100,10,10,10,0,0,0,0,0,0,2414591,4542463,7020543,2694600.70,500
1781850536,0,473600,0,807.13,500.22,2263039,203292671,13430161407,26759659519,32245809151,343808,35265708031,6469686879.57,9469988183.64,473600,10,10,10,0,0,0,0,0,0,2656255,4276223,5390335,2751975.42,500
1781850537,0,474100,0,806.61,499.98,2263039,200671231,13413384191,26742882303,32245809151,343808,35265708031,6462866725.22,9467320361.27,474100,10,10,10,0,0,0,0,0,0,2785279,4354047,5861375,2816525.82,500
1781850538,0,474600,0,806.09,500.11,2263039,197918719,13396606975,26742882303,32245809151,343808,35265708031,6456061070.26,9464652423.47,474600,10,10,10,0,0,0,0,0,0,2832383,4796415,5619711,2939037.18,500
1781850539,0,475100,0,805.57,499.86,2263039,194904063,13379829759,26742882303,32229031935,343808,35265708031,6449270086.09,9461984235.92,475100,10,10,10,0,0,0,0,0,0,3112959,4902911,7553023,3267910.14,500
1781850540,0,475600,0,805.05,499.93,2263039,192282623,13371441151,26726105087,32229031935,343808,35265708031,6442493281.05,9459316116.14,475600,10,10,10,0,0,0,0,0,0,3086335,5455871,6283263,3173128.70,500
1781850541,0,476100,0,804.54,500.20,2263039,189136895,13346275327,26726105087,32229031935,343808,35265708031,6435730527.44,9456648133.11,476100,10,10,10,0,0,0,0,0,0,2938879,4399103,6090751,2999294.98,500
1781850542,0,476600,0,804.02,499.86,2263039,186384383,13312720895,26726105087,32229031935,343808,35265708031,6428982022.75,9453980134.91,476600,10,10,10,0,0,0,0,0,0,2793471,5152767,15114239,3055863.81,500
1781850543,0,477100,0,803.51,500.21,2263039,183238655,13279166463,26709327871,32229031935,343808,35265708031,6422248579.90,9451311552.92,477100,10,10,10,0,0,0,0,0,0,2936831,8962047,34340863,3930855.94,500
1781850544,0,477600,0,803.00,499.94,2260991,180223999,13254000639,26709327871,32229031935,343808,35265708031,6415528266.17,9448643680.21,477600,10,10,10,0,0,0,0,0,0,3031039,4599807,5406719,3004896.26,500
1781850545,0,478100,0,802.49,499.72,2260991,177340415,13220446207,26709327871,32229031935,343808,35265708031,6408821637.05,9445976122.41,478100,10,10,10,0,0,0,0,0,0,2578431,4333567,5365759,2649510.40,500
1781850546,0,478600,0,801.98,500.29,2258943,174063615,13186891775,26692550655,32229031935,343808,35265708031,6402129426.51,9443308364.21,478600,10,10,10,0,0,0,0,0,0,2777087,5967871,7798783,3037700.10,500
1781850547,0,479100,0,801.48,500.08,2258943,171573247,13161725951,26692550655,32229031935,343808,35265708031,6395451201.31,9440640682.12,479100,10,10,10,0,0,0,0,0,0,2867199,5095423,6361087,3054045.70,500
1781850548,0,479600,0,800.98,499.80,2260991,169345023,13136560127,26692550655,32212254719,343808,35265708031,6388787099.84,9437972965.25,479600,10,10,10,0,0,0,0,0,0,3112959,4902911,8675327,3245068.80,500
1781850549,0,480100,0,800.47,499.73,2258943,166854655,13119782911,26675773439,32212254719,343808,35265708031,6382136596.23,9435305552.13,480100,10,10,10,0,0,0,0,0,0,2838527,4861951,8024063,2973532.67,500
1781850550,0,481694,0,801.79,1594.17,2265087,170131455,13052674047,26658996223,32212254719,343808,35265708031,6361994770.44,9426169741.11,481694,10,10,10,0,0,0,0,0,0,320077823,545259519,576192511,295438584.29,1594
1781850551,0,483549,0,803.54,1854.87,2273279,180879359,12977176575,26642219007,32212254719,343808,35265708031,6341110526.10,9414094180.14,483549,10,10,10,0,0,0,0,0,0,913309695,1216348159,1292894207,918029559.86,1855
1781850552,0,484515,0,803.81,966.20,2277375,186646527,12926844927,26625441791,32212254719,343808,35265708031,6331361475.17,9407237139.55,484515,10,10,10,0,0,0,0,0,0,1456472063,1896873983,1922039807,1451295398.43,966
1781850553,0,485772,0,804.56,1257.14,2281471,193855487,12868124671,26625441791,32195477503,343808,35265708031,6321511337.29,9397050017.42,485772,10,10,10,0,0,0,0,0,0,2522873855,2688548863,2841640959,2524741605.93,1257
1781850554,0,486980,0,805.23,1208.56,2287615,200409087,12817793023,26608664575,32195477503,343808,35265708031,6313854956.28,9386650003.50,486980,10,10,10,0,0,0,0,0,0,3244294143,3527409663,3649044479,3235001052.40,1208
1781850555,0,488489,0,806.39,1508.54,2293759,207618047,12733906943,26591887359,32195477503,343808,35265708031,6306457694.11,9373088932.97,488489,10,10,10,0,0,0,0,0,0,3930062847,4324327423,4362076159,3919235206.36,1509
1781850556,0,489635,0,806.95,1145.38,2297855,214302719,12683575295,26575110143,32195477503,343808,35265708031,6302443951.34,9362487867.97,489635,10,10,10,0,0,0,0,0,0,4706009087,4978638847,5007998975,4591563331.02,1146
1781850557,0,490698,0,807.37,1063.21,2301951,219938815,12633243647,26558332927,32178700287,343808,35265708031,6300438760.92,9352449182.58,490698,10,10,10,0,0,0,0,0,0,5435817983,5834276863,5918162943,5376815608.78,1063
1781850558,0,492077,0,808.31,1379.79,2308095,227672063,12566134783,26558332927,32178700287,343808,35265708031,6299985456.20,9339345705.46,492077,10,10,10,0,0,0,0,0,0,6077546495,6551502847,6585057279,6138683267.25,1379
1781850559,0,492969,0,808.45,891.36,2312191,233832447,12515803135,26541555711,32178700287,343808,35265708031,6300917475.94,9330926032.27,492969,10,10,10,0,0,0,0,0,0,6845104127,7298088959,7344226303,6815071594.76,892
1781850560,0,495214,0,810.80,2247.05,2322431,249298943,12381585407,26524778495,32161923071,343808,35265708031,6305597543.58,9310027282.74,495214,10,10,10,0,0,0,0,0,0,7306477567,7910457343,8107589631,7333271604.00,2245
1781850561,0,498025,0,814.07,2808.39,2332671,267517951,12104761343,26491224063,32161923071,343808,35265708031,6316909737.18,9284988509.71,498025,10,10,10,0,0,0,0,0,0,8258584575,9051308031,9118416895,8309779406.09,2811
1781850562,0,500908,0,817.45,2883.86,2344959,283901951,11853103103,26457669631,32145145855,343808,35265708031,6330877116.65,9260099603.55,500908,10,10,10,0,0,0,0,0,0,8615100415,9453961215,9529458687,8743677728.94,2883
1781850563,0,504215,0,821.51,3307.91,2361343,303562751,11593056255,26424115199,32145145855,343808,35265708031,6348222733.87,9232210879.30,504215,10,10,10,0,0,0,0,0,0,8816427007,9672065023,9755951103,8975546117.19,3307
1781850564,0,508061,0,826.43,3847.40,2379775,327679999,11089739775,26373783551,32128368639,343808,35265708031,6370151474.76,9200700534.26,508061,10,10,10,0,0,0,0,0,0,9177137151,9856614399,9923723263,9245034492.80,3846
1781850565,0,511670,0,830.94,3605.55,2398207,348913663,10695475199,26340229119,32111591423,343808,35265708031,6392351777.95,9172030570.70,511670,10,10,10,0,0,0,0,0,0,9697230847,9965666303,10015997951,9517624219.27,3609
1781850566,0,514620,0,834.38,2950.36,2410495,366477311,10443816959,26306674687,32094814207,343808,35265708031,6411102672.98,9149084564.78,514620,10,10,10,0,0,0,0,0,0,9789505535,10183770111,10267656191,9663397743.60,2950
1781850567,0,517342,0,837.44,2723.95,2424831,383778815,10435428351,26273120255,32094814207,343808,35265708031,6430928942.24,9129093448.85,517342,10,10,10,0,0,0,0,0,0,10292822015,10695475199,10770972671,10179273793.46,2722
1781850568,0,519309,0,839.26,1966.19,2435071,396623871,10636754943,26256343039,32078036991,343808,35265708031,6447506037.48,9115781077.35,519309,10,10,10,0,0,0,0,0,0,10905190399,11257511935,11400118271,10807459065.36,1967
1781850569,0,523245,0,844.26,3936.41,2453503,425459711,10980687871,26206011391,32078036991,343808,35265708031,6482660758.81,9090428375.33,523245,10,10,10,0,0,0,0,0,0,11072962559,11492392959,11534335999,11120913599.48,3936
1781850570,0,526321,0,847.85,3074.76,2469887,450887679,11114905599,26172456959,32061259775,343808,35265708031,6511355165.08,9071574887.91,526321,10,10,10,0,0,0,0,0,0,11299454975,11911823359,11978932223,11392435986.98,3076
1781850571,0,529012,0,850.82,2693.30,2484223,468451327,11282677759,26138902527,32044482559,343808,35265708031,6537535948.99,9055900936.71,529012,10,10,10,0,0,0,0,0,0,11634999295,12037652479,12087984127,11658121741.13,2691
1781850572,0,532339,0,854.79,3325.25,2502655,488898559,11433672703,26105348095,32027705343,343808,35265708031,6573367948.94,9038909927.81,532339,10,10,10,0,0,0,0,0,0,12314476543,12817793023,12859736063,12270860573.01,3327
1781850573,0,536880,0,860.70,4542.95,2527231,515112959,11844714495,26055016447,32027705343,343808,35265708031,6622953973.29,9016705713.75,536880,10,10,10,0,0,0,0,0,0,12557746175,13144948735,13195280383,12435897072.72,4541
1781850574,0,538383,0,861.73,1501.98,2537471,522977279,11886657535,26038239231,32010928127,343808,35265708031,6639916051.29,9009893755.10,538383,10,10,10,0,0,0,0,0,0,12901679103,13555990527,13723762687,12698865110.78,1503
1781850575,0,539614,0,862.32,1231.70,2543615,530055167,11911823359,26021462015,32010928127,343808,35265708031,6656483917.56,9006287376.22,539614,10,10,10,0,0,0,0,0,0,13824425983,14478737407,14579400703,13902509545.96,1231
1781850576,0,540240,0,861.94,625.61,2547711,534511615,11928600575,26021462015,32010928127,343808,35265708031,6665817793.40,9005246695.44,540240,10,10,10,0,0,0,0,0,0,14629732351,15200157695,15233712127,14711648583.16,626
1781850577,0,540941,0,861.69,701.35,2551807,537395199,11936989183,26021462015,31994150911,343808,35265708031,6677398183.62,9005161491.11,540941,10,10,10,0,0,0,0,0,0,15586033663,16097738751,16114515967,15602062965.59,701
1781850578,0,541581,0,861.33,640.20,2555903,541589503,11953766399,26004684799,31994150911,343808,35265708031,6688451521.91,9005579553.59,541581,10,10,10,0,0,0,0,0,0,15896412159,16861102079,16911433727,16030957568.00,640
1781850579,0,543714,0,863.35,2131.32,2568191,555745279,12012486655,25987907583,31994150911,343808,35265708031,6724749539.64,9006664654.16,543714,10,10,10,0,0,0,0,0,0,16198402047,16978542591,17431527423,15941025553.88,2133
1781850580,0,545812,0,865.31,2099.25,2580479,569901055,12331253759,25954353151,31977373695,343808,35265708031,6756815799.72,9004464396.81,545812,10,10,10,0,0,0,0,0,0,14973665279,17884512255,18018729983,15067051518.54,2098
1781850581,0,549311,0,869.48,3497.49,2603007,594018303,12633243647,25920798719,31960596479,343808,35265708031,6812643085.97,9004199321.50,549311,10,10,10,0,0,0,0,0,0,14956888063,18740150271,19595788287,15521189172.75,3499
1781850582,0,552986,0,873.91,3675.45,2627583,619708415,12675186687,25870467071,31960596479,343808,35265708031,6854715560.95,8992279253.13,552986,10,10,10,0,0,0,0,0,0,12289310719,20115881983,20250099711,13143388569.04,3675
1781850583,0,555658,0,876.75,2672.52,2646015,637534207,12725518335,25853689855,31943819263,343808,35265708031,6881734834.48,8983408809.11,555658,10,10,10,0,0,0,0,0,0,13832814591,20937965567,21038628863,12473531238.71,2672
1781850584,0,558600,0,880.00,2940.06,2664447,662700031,12826181631,25820135423,31927042047,343808,35265708031,6912765927.96,8974357976.01,558600,10,10,10,0,0,0,0,0,0,14185136127,21357395967,21726494719,12773634501.87,2942
1781850585,0,559461,0,879.97,861.17,2670591,671612927,12817793023,25803358207,31927042047,343808,35265708031,6913977907.63,8969165091.76,559461,10,10,10,0,0,0,0,0,0,6438256639,22196256767,22229811199,7700286664.99,861
1781850586,0,559477,0,878.62,16.01,2670591,671612927,12817793023,25803358207,31927042047,343808,35265708031,6914464251.49,8969497892.11,559477,10,10,10,0,0,0,0,0,0,23924310015,23941087231,23941087231,23920115712.00,16
1781850587,0,560558,0,878.93,1080.29,2678783,683147263,12901679103,25786580991,31927042047,343808,35265708031,6931254343.02,8969014938.97,560558,10,10,10,0,0,0,0,0,0,15611199487,16500391935,16584278015,15621050864.37,1081
1781850588,0,560757,0,877.87,198.99,2678783,684720127,12901679103,25786580991,31927042047,343808,35265708031,6931989895.29,8967508547.21,560757,10,10,10,0,0,0,0,0,0,9000976383,9177137151,9193914367,9003948227.54,199
1781850589,0,560757,0,876.50,0.00,2678783,684720127,12901679103,25786580991,31927042047,343808,35265708031,6931989895.29,8967508547.21,560757,10,10,10,0,0,0,0,0,0,0,0,0,0.00,0
1781850590,0,560757,0,875.13,0.00,2678783,684720127,12901679103,25786580991,31927042047,343808,35265708031,6931989895.29,8967508547.21,560757,10,10,10,0,0,0,0,0,0,0,0,0,0.00,0
1781850591,0,560788,0,873.82,31.01,2678783,685244415,12901679103,25786580991,31927042047,343808,35265708031,6932722327.31,8967801744.72,560788,10,10,10,0,0,0,0,0,0,20199768063,20216545279,20216545279,20181637846.71,31
1781850592,0,560805,0,872.48,17.00,2680831,685244415,12901679103,25786580991,31927042047,343808,35265708031,6933152635.08,8968006378.39,560805,10,10,10,0,0,0,0,0,0,21139292159,21156069375,21156069375,21127942866.82,17
1781850593,0,560933,0,871.32,127.96,2680831,686292991,12918456319,25786580991,31927042047,343808,35265708031,6936588703.57,8969867069.67,560933,10,10,10,0,0,0,0,0,0,21994930175,22112370687,22112370687,21990998016.00,128
1781850594,0,561357,0,870.63,424.25,2682879,692060159,12952010751,25786580991,31910264831,343808,35265708031,6948230812.61,8976474847.84,561357,10,10,10,0,0,0,0,0,0,22347251711,22749904895,22766682111,22350219379.92,424
1781850595,0,561357,0,869.28,0.00,2682879,692060159,12952010751,25786580991,31910264831,343808,35265708031,6948230812.61,8976474847.84,561357,10,10,10,0,0,0,0,0,0,0,0,0,0.00,0
1781850596,0,561357,0,867.94,0.00,2682879,692060159,12952010751,25786580991,31910264831,343808,35265708031,6948230812.61,8976474847.84,561357,10,10,10,0,0,0,0,0,0,0,0,0,0.00,0
1781850597,0,561357,0,866.60,0.00,2682879,692060159,12952010751,25786580991,31910264831,343808,35265708031,6948230812.61,8976474847.84,561357,10,10,10,0,0,0,0,0,0,0,0,0,0.00,0
1781850598,0,561357,0,865.26,0.00,2682879,692060159,12952010751,25786580991,31910264831,343808,35265708031,6948230812.61,8976474847.84,561357,10,10,10,0,0,0,0,0,0,0,0,0,0.00,0
1781850599,0,561357,0,863.93,0.00,2682879,692060159,12952010751,25786580991,31910264831,343808,35265708031,6948230812.61,8976474847.84,561357,10,10,10,0,0,0,0,0,0,0,0,0,0.00,0
1781850600,0,561357,0,862.60,0.00,2682879,692060159,12952010751,25786580991,31910264831,343808,35265708031,6948230812.61,8976474847.84,561357,10,10,10,0,0,0,0,0,0,0,0,0,0.00,0
1781850601,0,561357,0,861.28,0.00,2682879,692060159,12952010751,25786580991,31910264831,343808,35265708031,6948230812.61,8976474847.84,561357,10,10,10,0,0,0,0,0,0,0,0,0,0.00,0
1781850602,0,561357,0,859.96,0.00,2682879,692060159,12952010751,25786580991,31910264831,343808,35265708031,6948230812.61,8976474847.84,561357,10,10,10,0,0,0,0,0,0,0,0,0,0.00,0
1781850603,0,561357,0,858.65,0.00,2682879,692060159,12952010751,25786580991,31910264831,343808,35265708031,6948230812.61,8976474847.84,561357,10,10,10,0,0,0,0,0,0,0,0,0,0.00,0
1781850604,0,561357,0,857.33,0.00,2682879,692060159,12952010751,25786580991,31910264831,343808,35265708031,6948230812.61,8976474847.84,561357,10,10,10,0,0,0,0,0,0,0,0,0,0.00,0
1781850605,0,561357,0,856.03,0.00,2682879,692060159,12952010751,25786580991,31910264831,343808,35265708031,6948230812.61,8976474847.84,561357,10,10,10,0,0,0,0,0,0,0,0,0,0.00,0
1781850606,0,561357,0,854.72,0.00,2682879,692060159,12952010751,25786580991,31910264831,343808,35265708031,6948230812.61,8976474847.84,561357,10,10,10,0,0,0,0,0,0,0,0,0,0.00,0
1781850607,0,561357,0,853.42,0.00,2682879,692060159,12952010751,25786580991,31910264831,343808,35265708031,6948230812.61,8976474847.84,561357,10,10,10,0,0,0,0,0,0,0,0,0,0.00,0
1781850608,0,561357,0,852.13,0.00,2682879,692060159,12952010751,25786580991,31910264831,343808,35265708031,6948230812.61,8976474847.84,561357,10,10,10,0,0,0,0,0,0,0,0,0,0.00,0
1781850609,0,561357,0,850.84,0.00,2682879,692060159,12952010751,25786580991,31910264831,343808,35265708031,6948230812.61,8976474847.84,561357,10,10,10,0,0,0,0,0,0,0,0,0,0.00,0
1781850610,0,561357,0,849.55,0.00,2682879,692060159,12952010751,25786580991,31910264831,343808,35265708031,6948230812.61,8976474847.84,561357,10,10,10,0,0,0,0,0,0,0,0,0,0.00,0
1781850611,0,561357,0,848.27,0.00,2682879,692060159,12952010751,25786580991,31910264831,343808,35265708031,6948230812.61,8976474847.84,561357,10,10,10,0,0,0,0,0,0,0,0,0,0.00,0
1781850612,0,561357,0,846.99,0.00,2682879,692060159,12952010751,25786580991,31910264831,343808,35265708031,6948230812.61,8976474847.84,561357,10,10,10,0,0,0,0,0,0,0,0,0,0.00,0
1781850613,0,561357,0,845.71,0.00,2682879,692060159,12952010751,25786580991,31910264831,343808,35265708031,6948230812.61,8976474847.84,561357,10,10,10,0,0,0,0,0,0,0,0,0,0.00,0
1781850614,0,561357,0,844.44,0.00,2682879,692060159,12952010751,25786580991,31910264831,343808,35265708031,6948230812.61,8976474847.84,561357,10,10,10,0,0,0,0,0,0,0,0,0,0.00,0
1781850615,0,561357,0,843.17,0.00,2682879,692060159,12952010751,25786580991,31910264831,343808,35265708031,6948230812.61,8976474847.84,561357,10,10,10,0,0,0,0,0,0,0,0,0,0.00,0
1781850616,0,561357,0,841.91,0.00,2682879,692060159,12952010751,25786580991,31910264831,343808,35265708031,6948230812.61,8976474847.84,561357,10,10,10,0,0,0,0,0,0,0,0,0,0.00,0
1781850617,0,561357,0,840.64,0.00,2682879,692060159,12952010751,25786580991,31910264831,343808,35265708031,6948230812.61,8976474847.84,561357,10,10,10,0,0,0,0,0,0,0,0,0,0.00,0
1781850618,0,561357,0,839.39,0.00,2682879,692060159,12952010751,25786580991,31910264831,343808,35265708031,6948230812.61,8976474847.84,561357,10,10,10,0,0,0,0,0,0,0,0,0,0.00,0
1781850619,0,561357,0,838.13,0.00,2682879,692060159,12952010751,25786580991,31910264831,343808,35265708031,6948230812.61,8976474847.84,561357,10,10,10,0,0,0,0,0,0,0,0,0,0.00,0
1781850620,0,561357,0,836.88,0.00,2682879,692060159,12952010751,25786580991,31910264831,343808,35265708031,6948230812.61,8976474847.84,561357,10,10,10,0,0,0,0,0,0,0,0,0,0.00,0
1781850621,0,561357,0,835.64,0.00,2682879,692060159,12952010751,25786580991,31910264831,343808,35265708031,6948230812.61,8976474847.84,561357,10,10,10,0,0,0,0,0,0,0,0,0,0.00,0
1781850622,0,561357,0,834.40,0.00,2682879,692060159,12952010751,25786580991,31910264831,343808,35265708031,6948230812.61,8976474847.84,561357,10,10,10,0,0,0,0,0,0,0,0,0,0.00,0
1781850623,0,561357,0,833.16,0.00,2682879,692060159,12952010751,25786580991,31910264831,343808,35265708031,6948230812.61,8976474847.84,561357,10,10,10,0,0,0,0,0,0,0,0,0,0.00,0
1781850624,0,561357,0,831.92,0.00,2682879,692060159,12952010751,25786580991,31910264831,343808,35265708031,6948230812.61,8976474847.84,561357,10,10,10,0,0,0,0,0,0,0,0,0,0.00,0
1781850625,0,561357,0,830.69,0.00,2682879,692060159,12952010751,25786580991,31910264831,343808,35265708031,6948230812.61,8976474847.84,561357,10,10,10,0,0,0,0,0,0,0,0,0,0.00,0
1781850626,0,561357,0,829.47,0.00,2682879,692060159,12952010751,25786580991,31910264831,343808,35265708031,6948230812.61,8976474847.84,561357,10,10,10,0,0,0,0,0,0,0,0,0,0.00,0
1781850627,0,561357,0,828.24,0.00,2682879,692060159,12952010751,25786580991,31910264831,343808,35265708031,6948230812.61,8976474847.84,561357,10,10,10,0,0,0,0,0,0,0,0,0,0.00,0
1781850628,0,561357,0,827.02,0.00,2682879,692060159,12952010751,25786580991,31910264831,343808,35265708031,6948230812.61,8976474847.84,561357,10,10,10,0,0,0,0,0,0,0,0,0,0.00,0
1781850629,0,561357,0,825.80,0.00,2682879,692060159,12952010751,25786580991,31910264831,343808,35265708031,6948230812.61,8976474847.84,561357,10,10,10,0,0,0,0,0,0,0,0,0,0.00,0
1781850630,0,561357,0,824.59,0.00,2682879,692060159,12952010751,25786580991,31910264831,343808,35265708031,6948230812.61,8976474847.84,561357,10,10,10,0,0,0,0,0,0,0,0,0,0.00,0
1781850631,0,561357,0,823.38,0.00,2682879,692060159,12952010751,25786580991,31910264831,343808,35265708031,6948230812.61,8976474847.84,561357,10,10,10,0,0,0,0,0,0,0,0,0,0.00,0
1781850632,0,561357,0,822.18,0.00,2682879,692060159,12952010751,25786580991,31910264831,343808,35265708031,6948230812.61,8976474847.84,561357,10,10,10,0,0,0,0,0,0,0,0,0,0.00,0
1781850633,0,561357,0,820.97,0.00,2682879,692060159,12952010751,25786580991,31910264831,343808,35265708031,6948230812.61,8976474847.84,561357,10,10,10,0,0,0,0,0,0,0,0,0,0.00,0
1781850634,0,561357,0,819.77,0.00,2682879,692060159,12952010751,25786580991,31910264831,343808,35265708031,6948230812.61,8976474847.84,561357,10,10,10,0,0,0,0,0,0,0,0,0,0.00,0
1781850635,0,561357,0,818.58,0.00,2682879,692060159,12952010751,25786580991,31910264831,343808,35265708031,6948230812.61,8976474847.84,561357,10,10,10,0,0,0,0,0,0,0,0,0,0.00,0
1781850636,0,561357,0,817.39,0.00,2682879,692060159,12952010751,25786580991,31910264831,343808,35265708031,6948230812.61,8976474847.84,561357,10,10,10,0,0,0,0,0,0,0,0,0,0.00,0
1781850637,0,561357,0,816.20,0.00,2682879,692060159,12952010751,25786580991,31910264831,343808,35265708031,6948230812.61,8976474847.84,561357,10,10,10,0,0,0,0,0,0,0,0,0,0.00,0
1781850638,0,561357,0,815.01,0.00,2682879,692060159,12952010751,25786580991,31910264831,343808,35265708031,6948230812.61,8976474847.84,561357,10,10,10,0,0,0,0,0,0,0,0,0,0.00,0
1781850639,0,561357,0,813.83,0.00,2682879,692060159,12952010751,25786580991,31910264831,343808,35265708031,6948230812.61,8976474847.84,561357,10,10,10,0,0,0,0,0,0,0,0,0,0.00,0
1781850640,0,561357,0,812.65,0.00,2682879,692060159,12952010751,25786580991,31910264831,343808,35265708031,6948230812.61,8976474847.84,561357,10,10,10,0,0,0,0,0,0,0,0,0,0.00,0
1781850641,0,561357,0,811.48,0.00,2682879,692060159,12952010751,25786580991,31910264831,343808,35265708031,6948230812.61,8976474847.84,561357,10,10,10,0,0,0,0,0,0,0,0,0,0.00,0
1781850642,0,561357,0,810.31,0.00,2682879,692060159,12952010751,25786580991,31910264831,343808,35265708031,6948230812.61,8976474847.84,561357,10,10,10,0,0,0,0,0,0,0,0,0,0.00,0
1781850643,0,561357,0,809.14,0.00,2682879,692060159,12952010751,25786580991,31910264831,343808,35265708031,6948230812.61,8976474847.84,561357,10,10,10,0,0,0,0,0,0,0,0,0,0.00,0
1781850644,0,561357,0,807.98,0.00,2682879,692060159,12952010751,25786580991,31910264831,343808,35265708031,6948230812.61,8976474847.84,561357,10,10,10,0,0,0,0,0,0,0,0,0,0.00,0
1781850645,0,561357,0,806.81,0.00,2682879,692060159,12952010751,25786580991,31910264831,343808,35265708031,6948230812.61,8976474847.84,561357,10,10,10,0,0,0,0,0,0,0,0,0,0.00,0
1781850646,0,561357,0,805.66,0.00,2682879,692060159,12952010751,25786580991,31910264831,343808,35265708031,6948230812.61,8976474847.84,561357,10,10,10,0,0,0,0,0,0,0,0,0,0.00,0
1781850647,0,561357,0,804.50,0.00,2682879,692060159,12952010751,25786580991,31910264831,343808,35265708031,6948230812.61,8976474847.84,561357,10,10,10,0,0,0,0,0,0,0,0,0,0.00,0
1781850648,0,561357,0,803.35,0.00,2682879,692060159,12952010751,25786580991,31910264831,343808,35265708031,6948230812.61,8976474847.84,561357,10,10,10,0,0,0,0,0,0,0,0,0,0.00,0
1781850649,0,561357,0,802.20,0.00,2682879,692060159,12952010751,25786580991,31910264831,343808,35265708031,6948230812.61,8976474847.84,561357,10,10,10,0,0,0,0,0,0,0,0,0,0.00,0
1781850650,0,561357,0,801.06,0.00,2682879,692060159,12952010751,25786580991,31910264831,343808,35265708031,6948230812.61,8976474847.84,561357,10,10,10,0,0,0,0,0,0,0,0,0,0.00,0
1781850651,0,561357,0,799.92,0.00,2682879,692060159,12952010751,25786580991,31910264831,343808,35265708031,6948230812.61,8976474847.84,561357,10,10,10,0,0,0,0,0,0,0,0,0,0.00,0
1781850652,0,561357,0,798.78,0.00,2682879,692060159,12952010751,25786580991,31910264831,343808,35265708031,6948230812.61,8976474847.84,561357,10,10,10,0,0,0,0,0,0,0,0,0,0.00,0
1781850653,0,561357,0,797.64,0.00,2682879,692060159,12952010751,25786580991,31910264831,343808,35265708031,6948230812.61,8976474847.84,561357,10,10,10,0,0,0,0,0,0,0,0,0,0.00,0
1781850654,0,561357,0,796.51,0.00,2682879,692060159,12952010751,25786580991,31910264831,343808,35265708031,6948230812.61,8976474847.84,561357,10,10,10,0,0,0,0,0,0,0,0,0,0.00,0
1781850655,0,561357,0,795.38,0.00,2682879,692060159,12952010751,25786580991,31910264831,343808,35265708031,6948230812.61,8976474847.84,561357,10,10,10,0,0,0,0,0,0,0,0,0,0.00,0
1781850656,0,561357,0,794.26,0.00,2682879,692060159,12952010751,25786580991,31910264831,343808,35265708031,6948230812.61,8976474847.84,561357,10,10,10,0,0,0,0,0,0,0,0,0,0.00,0
1781850657,0,561357,0,793.14,0.00,2682879,692060159,12952010751,25786580991,31910264831,343808,35265708031,6948230812.61,8976474847.84,561357,10,10,10,0,0,0,0,0,0,0,0,0,0.00,0
1781850658,0,561357,0,792.02,0.00,2682879,692060159,12952010751,25786580991,31910264831,343808,35265708031,6948230812.61,8976474847.84,561357,10,10,10,0,0,0,0,0,0,0,0,0,0.00,0
1781850659,0,561357,0,790.90,0.00,2682879,692060159,12952010751,25786580991,31910264831,343808,35265708031,6948230812.61,8976474847.84,561357,10,10,10,0,0,0,0,0,0,0,0,0,0.00,0
1781850660,0,561357,0,789.79,0.00,2682879,692060159,12952010751,25786580991,31910264831,343808,35265708031,6948230812.61,8976474847.84,561357,10,10,10,0,0,0,0,0,0,0,0,0,0.00,0
1781850661,0,561357,0,788.68,0.00,2682879,692060159,12952010751,25786580991,31910264831,343808,35265708031,6948230812.61,8976474847.84,561357,10,10,10,0,0,0,0,0,0,0,0,0,0.00,0
1781850662,0,561357,0,787.57,0.00,2682879,692060159,12952010751,25786580991,31910264831,343808,35265708031,6948230812.61,8976474847.84,561357,10,10,10,0,0,0,0,0,0,0,0,0,0.00,0
1781850663,0,561357,0,786.47,0.00,2682879,692060159,12952010751,25786580991,31910264831,343808,35265708031,6948230812.61,8976474847.84,561357,10,10,10,0,0,0,0,0,0,0,0,0,0.00,0
1781850664,0,561357,0,785.37,0.00,2682879,692060159,12952010751,25786580991,31910264831,343808,35265708031,6948230812.61,8976474847.84,561357,10,10,10,0,0,0,0,0,0,0,0,0,0.00,0
1781850665,0,561357,0,784.27,0.00,2682879,692060159,12952010751,25786580991,31910264831,343808,35265708031,6948230812.61,8976474847.84,561357,10,10,10,0,0,0,0,0,0,0,0,0,0.00,0
1781850666,0,561357,0,783.18,0.00,2682879,692060159,12952010751,25786580991,31910264831,343808,35265708031,6948230812.61,8976474847.84,561357,10,10,10,0,0,0,0,0,0,0,0,0,0.00,0
1781850667,0,561357,0,782.09,0.00,2682879,692060159,12952010751,25786580991,31910264831,343808,35265708031,6948230812.61,8976474847.84,561357,10,10,10,0,0,0,0,0,0,0,0,0,0.00,0
1781850668,0,561357,0,781.00,0.00,2682879,692060159,12952010751,25786580991,31910264831,343808,35265708031,6948230812.61,8976474847.84,561357,10,10,10,0,0,0,0,0,0,0,0,0,0.00,0
1781850669,0,561357,0,779.91,0.00,2682879,692060159,12952010751,25786580991,31910264831,343808,35265708031,6948230812.61,8976474847.84,561357,10,10,10,0,0,0,0,0,0,0,0,0,0.00,0
1781850670,0,561357,0,778.83,0.00,2682879,692060159,12952010751,25786580991,31910264831,343808,35265708031,6948230812.61,8976474847.84,561357,10,10,10,0,0,0,0,0,0,0,0,0,0.00,0
1781850671,0,561357,0,777.75,0.00,2682879,692060159,12952010751,25786580991,31910264831,343808,35265708031,6948230812.61,8976474847.84,561357,10,10,10,0,0,0,0,0,0,0,0,0,0.00,0
1781850672,0,561357,0,776.67,0.00,2682879,692060159,12952010751,25786580991,31910264831,343808,35265708031,6948230812.61,8976474847.84,561357,10,10,10,0,0,0,0,0,0,0,0,0,0.00,0
