timestamp,sent_count,received_count,error_count,total_throughput,interval_throughput,latency_ns_p25,latency_ns_p50,latency_ns_p75,latency_ns_p95,latency_ns_p99,latency_ns_min,latency_ns_max,latency_ns_mean,latency_ns_stddev,latency_sample_count,connections,active_connections,connection_attempts,connection_failures,crashes_injected,reconnects,reconnect_failures,duplicate_count,gap_count,interval_latency_ns_p50,interval_latency_ns_p95,interval_latency_ns_p99,interval_latency_ns_mean,interval_latency_sample_count
1781849888,0,0,0,0.00,0.00,0,0,0,0,0,0,0,0.00,0.00,0,1,1,1,0,0,0,0,0,0,0,0,0,0.00,0
1781849889,0,0,0,0.00,0.00,0,0,0,0,0,0,0,0.00,0.00,0,1,1,1,0,0,0,0,0,0,0,0,0,0.00,0
1781849890,0,0,0,0.00,0.00,0,0,0,0,0,0,0,0.00,0.00,0,1,1,1,0,0,0,0,0,0,0,0,0,0.00,0
1781849891,0,0,0,0.00,0.00,0,0,0,0,0,0,0,0.00,0.00,0,1,1,1,0,0,0,0,0,0,0,0,0,0.00,0
1781849892,0,0,0,0.00,0.00,0,0,0,0,0,0,0,0.00,0.00,0,1,1,1,0,0,0,0,0,0,0,0,0,0.00,0
1781849893,0,0,0,0.00,0.00,0,0,0,0,0,0,0,0.00,0.00,0,1,1,1,0,0,0,0,0,0,0,0,0,0.00,0
1781849894,0,0,0,0.00,0.00,0,0,0,0,0,0,0,0.00,0.00,0,1,1,1,0,0,0,0,0,0,0,0,0,0.00,0
1781849895,0,0,0,0.00,0.00,0,0,0,0,0,0,0,0.00,0.00,0,2,2,2,0,0,0,0,0,0,0,0,0,0.00,0
1781849896,0,0,0,0.00,0.00,0,0,0,0,0,0,0,0.00,0.00,0,2,2,2,0,0,0,0,0,0,0,0,0,0.00,0
1781849897,0,0,0,0.00,0.00,0,0,0,0,0,0,0,0.00,0.00,0,2,2,2,0,0,0,0,0,0,0,0,0,0.00,0
1781849898,0,0,0,0.00,0.00,0,0,0,0,0,0,0,0.00,0.00,0,2,2,2,0,0,0,0,0,0,0,0,0,0.00,0
1781849899,0,0,0,0.00,0.00,0,0,0,0,0,0,0,0.00,0.00,0,2,2,2,0,0,0,0,0,0,0,0,0,0.00,0
1781849900,0,0,0,0.00,0.00,0,0,0,0,0,0,0,0.00,0.00,0,2,2,2,0,0,0,0,0,0,0,0,0,0.00,0
1781849901,0,0,0,0.00,0.00,0,0,0,0,0,0,0,0.00,0.00,0,2,2,2,0,0,0,0,0,0,0,0,0,0.00,0
1781849902,0,0,0,0.00,0.00,0,0,0,0,0,0,0,0.00,0.00,0,3,3,3,0,0,0,0,0,0,0,0,0,0.00,0
1781849903,0,0,0,0.00,0.00,0,0,0,0,0,0,0,0.00,0.00,0,3,3,3,0,0,0,0,0,0,0,0,0,0.00,0
1781849904,0,0,0,0.00,0.00,0,0,0,0,0,0,0,0.00,0.00,0,3,3,3,0,0,0,0,0,0,0,0,0,0.00,0
1781849905,0,0,0,0.00,0.00,0,0,0,0,0,0,0,0.00,0.00,0,3,3,3,0,0,0,0,0,0,0,0,0,0.00,0
1781849906,0,0,0,0.00,0.00,0,0,0,0,0,0,0,0.00,0.00,0,3,3,3,0,0,0,0,0,0,0,0,0,0.00,0
1781849907,0,0,0,0.00,0.00,0,0,0,0,0,0,0,0.00,0.00,0,3,3,3,0,0,0,0,0,0,0,0,0,0.00,0
1781849908,0,0,0,0.00,0.00,0,0,0,0,0,0,0,0.00,0.00,0,3,3,3,0,0,0,0,0,0,0,0,0,0.00,0
1781849909,0,0,0,0.00,0.00,0,0,0,0,0,0,0,0.00,0.00,0,4,4,4,0,0,0,0,0,0,0,0,0,0.00,0
1781849910,0,0,0,0.00,0.00,0,0,0,0,0,0,0,0.00,0.00,0,4,4,4,0,0,0,0,0,0,0,0,0,0.00,0
1781849911,0,0,0,0.00,0.00,0,0,0,0,0,0,0,0.00,0.00,0,4,4,4,0,0,0,0,0,0,0,0,0,0.00,0
1781849912,0,0,0,0.00,0.00,0,0,0,0,0,0,0,0.00,0.00,0,4,4,4,0,0,0,0,0,0,0,0,0,0.00,0
1781849913,0,0,0,0.00,0.00,0,0,0,0,0,0,0,0.00,0.00,0,4,4,4,0,0,0,0,0,0,0,0,0,0.00,0
1781849914,0,0,0,0.00,0.00,0,0,0,0,0,0,0,0.00,0.00,0,4,4,4,0,0,0,0,0,0,0,0,0,0.00,0
1781849915,0,0,0,0.00,0.00,0,0,0,0,0,0,0,0.00,0.00,0,5,5,5,0,0,0,0,0,0,0,0,0,0.00,0
1781849916,0,0,0,0.00,0.00,0,0,0,0,0,0,0,0.00,0.00,0,5,5,5,0,0,0,0,0,0,0,0,0,0.00,0
1781849917,0,0,0,0.00,0.00,0,0,0,0,0,0,0,0.00,0.00,0,5,5,5,0,0,0,0,0,0,0,0,0,0.00,0
1781849918,0,0,0,0.00,0.00,0,0,0,0,0,0,0,0.00,0.00,0,5,5,5,0,0,0,0,0,0,0,0,0,0.00,0
1781849919,0,0,0,0.00,0.00,0,0,0,0,0,0,0,0.00,0.00,0,5,5,5,0,0,0,0,0,0,0,0,0,0.00,0
1781849920,0,0,0,0.00,0.00,0,0,0,0,0,0,0,0.00,0.00,0,5,5,5,0,0,0,0,0,0,0,0,0,0.00,0
1781849921,0,0,0,0.00,0.00,0,0,0,0,0,0,0,0.00,0.00,0,5,5,5,0,0,0,0,0,0,0,0,0,0.00,0
1781849922,0,0,0,0.00,0.00,0,0,0,0,0,0,0,0.00,0.00,0,6,6,6,0,0,0,0,0,0,0,0,0,0.00,0
1781849923,0,0,0,0.00,0.00,0,0,0,0,0,0,0,0.00,0.00,0,6,6,6,0,0,0,0,0,0,0,0,0,0.00,0
1781849924,0,0,0,0.00,0.00,0,0,0,0,0,0,0,0.00,0.00,0,6,6,6,0,0,0,0,0,0,0,0,0,0.00,0
1781849925,0,0,0,0.00,0.00,0,0,0,0,0,0,0,0.00,0.00,0,6,6,6,0,0,0,0,0,0,0,0,0,0.00,0
1781849926,0,0,0,0.00,0.00,0,0,0,0,0,0,0,0.00,0.00,0,6,6,6,0,0,0,0,0,0,0,0,0,0.00,0
1781849927,0,0,0,0.00,0.00,0,0,0,0,0,0,0,0.00,0.00,0,6,6,6,0,0,0,0,0,0,0,0,0,0.00,0
1781849928,0,0,0,0.00,0.00,0,0,0,0,0,0,0,0.00,0.00,0,6,6,6,0,0,0,0,0,0,0,0,0,0.00,0
1781849929,0,0,0,0.00,0.00,0,0,0,0,0,0,0,0.00,0.00,0,7,7,7,0,0,0,0,0,0,0,0,0,0.00,0
1781849930,0,0,0,0.00,0.00,0,0,0,0,0,0,0,0.00,0.00,0,7,7,7,0,0,0,0,0,0,0,0,0,0.00,0
1781849931,0,0,0,0.00,0.00,0,0,0,0,0,0,0,0.00,0.00,0,7,7,7,0,0,0,0,0,0,0,0,0,0.00,0
1781849932,0,0,0,0.00,0.00,0,0,0,0,0,0,0,0.00,0.00,0,7,7,7,0,0,0,0,0,0,0,0,0,0.00,0
1781849933,0,0,0,0.00,0.00,0,0,0,0,0,0,0,0.00,0.00,0,7,7,7,0,0,0,0,0,0,0,0,0,0.00,0
1781849934,0,0,0,0.00,0.00,0,0,0,0,0,0,0,0.00,0.00,0,7,7,7,0,0,0,0,0,0,0,0,0,0.00,0
1781849935,0,0,0,0.00,0.00,0,0,0,0,0,0,0,0.00,0.00,0,8,8,8,0,0,0,0,0,0,0,0,0,0.00,0
1781849936,0,0,0,0.00,0.00,0,0,0,0,0,0,0,0.00,0.00,0,8,8,8,0,0,0,0,0,0,0,0,0,0.00,0
1781849937,0,0,0,0.00,0.00,0,0,0,0,0,0,0,0.00,0.00,0,8,8,8,0,0,0,0,0,0,0,0,0,0.00,0
1781849938,0,0,0,0.00,0.00,0,0,0,0,0,0,0,0.00,0.00,0,8,8,8,0,0,0,0,0,0,0,0,0,0.00,0
1781849939,0,0,0,0.00,0.00,0,0,0,0,0,0,0,0.00,0.00,0,8,8,8,0,0,0,0,0,0,0,0,0,0.00,0
1781849940,0,0,0,0.00,0.00,0,0,0,0,0,0,0,0.00,0.00,0,8,8,8,0,0,0,0,0,0,0,0,0,0.00,0
1781849941,0,0,0,0.00,0.00,0,0,0,0,0,0,0,0.00,0.00,0,8,8,8,0,0,0,0,0,0,0,0,0,0.00,0
1781849942,0,0,0,0.00,0.00,0,0,0,0,0,0,0,0.00,0.00,0,9,9,9,0,0,0,0,0,0,0,0,0,0.00,0
1781849943,0,0,0,0.00,0.00,0,0,0,0,0,0,0,0.00,0.00,0,9,9,9,0,0,0,0,0,0,0,0,0,0.00,0
1781849944,0,0,0,0.00,0.00,0,0,0,0,0,0,0,0.00,0.00,0,9,9,9,0,0,0,0,0,0,0,0,0,0.00,0
1781849945,0,0,0,0.00,0.00,0,0,0,0,0,0,0,0.00,0.00,0,9,9,9,0,0,0,0,0,0,0,0,0,0.00,0
1781849946,0,0,0,0.00,0.00,0,0,0,0,0,0,0,0.00,0.00,0,9,9,9,0,0,0,0,0,0,0,0,0,0.00,0
1781849947,0,0,0,0.00,0.00,0,0,0,0,0,0,0,0.00,0.00,0,9,9,9,0,0,0,0,0,0,0,0,0,0.00,0
1781849948,0,0,0,0.00,0.00,0,0,0,0,0,0,0,0.00,0.00,0,9,9,9,0,0,0,0,0,0,0,0,0,0.00,0
1781849949,0,0,0,0.00,0.00,0,0,0,0,0,0,0,0.00,0.00,0,10,10,10,0,0,0,0,0,0,0,0,0,0.00,0
1781849950,0,200,0,265.50,199.97,2410495,3641343,80478207,180879359,182190079,936960,194117631,47027064.32,63619474.81,200,10,10,10,0,0,0,0,0,0,3641343,180879359,182190079,47027064.32,200
1781849951,0,400,0,228.18,200.06,2168831,2869247,4440063,151781375,181927935,851968,194117631,24889093.76,50145163.02,400,10,10,10,0,0,0,0,0,0,2527231,4440063,7450623,2751123.20,200
1781849952,0,600,0,217.90,199.88,1810431,2451455,3469311,130613247,181665791,849408,194117631,17266039.89,42340537.05,600,10,10,10,0,0,0,0,0,0,1901567,3387391,3844095,2019932.16,200
1781849953,0,800,0,213.13,200.00,1754111,2349055,3174399,115474431,181272575,849408,194117631,13491271.04,37248431.65,800,10,10,10,0,0,0,0,0,0,2035711,4210687,4763647,2166964.48,200
1781849954,0,1000,0,210.41,200.19,1756159,2291711,3045375,80478207,180879359,849408,194117631,11269446.66,33614203.22,1000,10,10,10,0,0,0,0,0,0,2144255,4952063,5988351,2382149.12,200
1781849955,0,1200,0,208.57,199.82,1716223,2240511,2904063,70516735,180617215,849408,194117631,9750498.77,30874494.16,1200,10,10,10,0,0,0,0,0,0,2094079,3299327,4907007,2155759.36,200
1781849956,0,1400,0,207.31,200.10,1729535,2222079,2861055,60030975,180486143,849408,194117631,9134577.37,29024299.11,1400,10,10,10,0,0,0,0,0,0,2172927,11550719,61571071,5439048.96,200
1781849957,0,1600,0,206.36,199.95,1733631,2215935,2813951,35815423,180355071,849408,194117631,8266474.56,27247491.41,1600,10,10,10,0,0,0,0,0,0,2177023,3102719,3739647,2189754.88,200
1781849958,0,1800,0,205.64,200.04,1738751,2201599,2795519,11550719,179306495,849408,194117631,7599473.35,25759352.41,1800,10,10,10,0,0,0,0,0,0,2140159,3620863,4098047,2263463.68,200
1781849959,0,2000,0,205.06,199.96,1719295,2164735,2766847,8577023,151781375,712704,194117631,7035797.38,24496627.99,2000,10,10,10,0,0,0,0,0,0,1861631,3004415,3473407,1962713.60,200
1781849960,0,2200,0,204.59,199.97,1714175,2144255,2740223,5767167,149684223,712704,194117631,6592759.62,23399786.19,2200,10,10,10,0,0,0,0,0,0,1956863,3837951,4481023,2162382.08,200
1781849961,0,2400,0,204.20,200.07,1699839,2127871,2695167,4980735,149553151,712704,194117631,6210846.72,22439916.55,2400,10,10,10,0,0,0,0,0,0,1923071,2942975,3201023,2009804.80,200
1781849962,0,2600,0,203.88,200.05,1699839,2125823,2668543,4857855,149422079,712704,194117631,5899511.73,21587727.19,2600,10,10,10,0,0,0,0,0,0,2111487,3454975,4878335,2163491.84,200
1781849963,0,2800,0,203.58,199.83,1689599,2119679,2668543,4857855,130940927,712704,194117631,5655010.38,20828109.40,2800,10,10,10,0,0,0,0,0,0,2006015,4055039,11567103,2476492.80,200
1781849964,0,3000,0,203.35,200.16,1689599,2115583,2648063,4857855,130613247,712704,194117631,5436904.70,20142999.53,3000,10,10,10,0,0,0,0,0,0,2080767,3891199,10330111,2383425.28,200
1781849965,0,3200,0,203.14,200.04,1693695,2123775,2658303,4882431,130482175,712704,194117631,5264861.76,19519530.05,3200,10,10,10,0,0,0,0,0,0,2213887,5185535,9715711,2684217.60,200
1781849966,0,3400,0,202.95,199.90,1697791,2123775,2631679,4763647,130088959,712704,194117631,5075956.86,18952176.58,3400,10,10,10,0,0,0,0,0,0,2134015,2811903,2934783,2053478.40,200
1781849967,0,3600,0,202.78,199.96,1701887,2131967,2635775,4792319,129302527,712704,194117631,4989940.12,18472309.74,3600,10,10,10,0,0,0,0,0,0,2220031,5066751,30785535,3527655.68,200
1781849968,0,3800,0,202.64,200.11,1702911,2131967,2650111,4624383,116457471,712704,194117631,4847709.78,17990510.17,3800,10,10,10,0,0,0,0,0,0,2152447,3502079,4175871,2287563.52,200
1781849969,0,4000,0,202.50,199.88,1698815,2131967,2646015,4497407,115474431,712704,194117631,4719772.42,17545461.46,4000,10,10,10,0,0,0,0,0,0,2131967,3545087,8069119,2288962.56,200
1781849970,0,4200,0,202.38,200.13,1700863,2131967,2650111,4694015,115408895,712704,194117631,4624314.21,17134042.38,4200,10,10,10,0,0,0,0,0,0,2105343,6234111,11214847,2715150.08,200
1781849971,0,4400,0,202.27,199.90,1705983,2127871,2637823,4497407,103284735,712704,194117631,4508096.58,16748910.55,4400,10,10,10,0,0,0,0,0,0,1954815,2936831,3035135,2067526.40,200
1781849972,0,4600,0,202.17,199.97,1702911,2125823,2625535,4411391,102498303,712704,194117631,4404711.40,16388471.03,4600,10,10,10,0,0,0,0,0,0,2072575,3471359,3915775,2130237.44,200
1781849973,0,4800,0,202.08,200.07,1701887,2127871,2631679,4341759,80871423,712704,194117631,4313500.11,16049915.37,4800,10,10,10,0,0,0,0,0,0,2213887,3221503,3471359,2215640.32,200
1781849974,0,5000,0,201.99,199.95,1695743,2117631,2625535,4218879,80478207,712704,194117631,4222583.14,15732376.68,5000,10,10,10,0,0,0,0,0,0,1930239,3276799,3487743,2040576.00,200
1781849975,0,5200,0,201.92,200.10,1697791,2115583,2615295,4202495,80347135,712704,194117631,4146196.58,15432807.15,5200,10,10,10,0,0,0,0,0,0,2082815,3627007,7540735,2236532.48,200
1781849976,0,5400,0,201.84,199.90,1694719,2111487,2611199,4130815,79953919,712704,194117631,4068486.31,15149927.68,5400,10,10,10,0,0,0,0,0,0,2019327,3016703,3473407,2048019.20,200
1781849977,0,5600,0,201.78,200.09,1692671,2105343,2607103,4098047,79167487,712704,194117631,3997799.59,14882011.44,5600,10,10,10,0,0,0,0,0,0,1967103,3078143,4644863,2089258.24,200
1781849978,0,5800,0,201.72,199.90,1694719,2107391,2607103,4098047,75759615,712704,194117631,3956328.56,14635567.50,5800,10,10,10,0,0,0,0,0,0,2179071,3827711,16211967,2795139.84,200
1781849979,0,6000,0,201.66,200.08,1691647,2105343,2603007,4061183,70516735,712704,194117631,3905445.33,14397823.92,6000,10,10,10,0,0,0,0,0,0,2037759,3297279,13737983,2429831.68,200
1781849980,0,6200,0,201.61,199.95,1693695,2105343,2603007,3987455,69599231,712704,194117631,3849393.59,14167427.88,6200,10,10,10,0,0,0,0,0,0,2109439,3182591,3633151,2167841.28,200
1781849981,0,6400,0,201.55,200.00,1697791,2109439,2607103,3991551,69533695,712704,194117631,3802246.20,13947613.16,6400,10,10,10,0,0,0,0,0,0,2232319,4069375,5591039,2340677.12,200
1781849982,0,6600,0,201.51,200.09,1693695,2105343,2600959,3915775,69533695,712704,194117631,3748592.76,13738330.23,6600,10,10,10,0,0,0,0,0,0,2006015,2934783,3098623,2031682.56,200
1781849983,0,6800,0,201.46,199.95,1688575,2103295,2598911,3860479,61603839,712704,194117631,3697766.74,13538401.20,6800,10,10,10,0,0,0,0,0,0,1942527,3297279,3559423,2020508.16,200
1781849984,0,7000,0,201.42,200.03,1681407,2099199,2592767,3831807,60030975,712704,194117631,3649756.09,13346943.38,7000,10,10,10,0,0,0,0,0,0,1987583,3039231,3450879,2017393.92,200
1781849985,0,7200,0,201.38,200.02,1681407,2099199,2592767,3839999,59867135,712704,194117631,3610811.52,13162912.69,7200,10,10,10,0,0,0,0,0,0,2111487,3995647,4325375,2247751.68,200
1781849986,0,7400,0,201.34,199.88,1680383,2096127,2586623,3827711,59473919,712704,194117631,3569444.39,12986579.99,7400,10,10,10,0,0,0,0,0,0,2030591,3172351,4399103,2080227.84,200
1781849987,0,7600,0,201.31,200.03,1676287,2091007,2574335,3807231,59342847,712704,194117631,3526367.76,12817543.76,7600,10,10,10,0,0,0,0,0,0,1935359,2856959,3151871,1932532.48,200
1781849988,0,7800,0,201.28,200.07,1671167,2087935,2568191,3794943,39649279,712704,194117631,3488348.49,12654918.72,7800,10,10,10,0,0,0,0,0,0,1977343,3534847,4362239,2043616.00,200
1781849989,0,8000,0,201.24,199.92,1666047,2081791,2562047,3794943,35815423,712704,194117631,3479905.15,12527492.48,8000,10,10,10,0,0,0,0,0,0,1889279,3426303,28622847,3150615.04,200
1781849990,0,8200,0,201.21,200.03,1665023,2079743,2559999,3739647,35782655,712704,194117631,3445186.78,12376135.26,8200,10,10,10,0,0,0,0,0,0,1988607,3401727,3571711,2056451.84,200
1781849991,0,8400,0,201.18,199.92,1662975,2077695,2559999,3739647,32997375,712704,194117631,3414016.73,12230339.41,8400,10,10,10,0,0,0,0,0,0,2004991,3305471,6090751,2136044.80,200
1781849992,0,8600,0,201.16,200.08,1660927,2072575,2551807,3713023,32833535,712704,194117631,3381315.39,12089491.88,8600,10,10,10,0,0,0,0,0,0,1957887,3155967,3799039,2007859.20,200
1781849993,0,8800,0,201.13,200.02,1656831,2066431,2545663,3690495,30834687,712704,194117631,3347570.85,11953737.69,8800,10,10,10,0,0,0,0,0,0,1842175,3006463,3739647,1896555.52,200
1781849994,0,9000,0,201.10,200.00,1653759,2058239,2539519,3672063,28770303,712704,194117631,3315676.25,11822406.16,9000,10,10,10,0,0,0,0,0,0,1818623,2910207,3987455,1912313.60,200
1781849995,0,9200,0,201.08,200.04,1647615,2056191,2535423,3663871,28622847,712704,194117631,3287445.51,11695385.89,9200,10,10,10,0,0,0,0,0,0,1930239,3160063,6680575,2017062.40,200
1781849996,0,9400,0,201.06,199.95,1647615,2058239,2533375,3643391,28590079,712704,194117631,3261939.53,11571951.23,9400,10,10,10,0,0,0,0,0,0,2105343,3264511,3786751,2088664.32,200
1781849997,0,9600,0,201.03,200.03,1642495,2058239,2531327,3627007,28524543,712704,194117631,3235301.23,11452522.63,9600,10,10,10,0,0,0,0,0,0,2080767,2822143,3020799,1983301.12,200
1781849998,0,9800,0,201.01,199.88,1637375,2051071,2525183,3606527,28459007,712704,194117631,3206180.00,11337064.27,9800,10,10,10,0,0,0,0,0,0,1806335,2623487,3033087,1808360.96,200
1781849999,0,10000,0,200.99,200.12,1636351,2046975,2516991,3586047,27082751,712704,194117631,3180290.15,11224810.51,10000,10,10,10,0,0,0,0,0,0,1913855,2684927,3141631,1911687.68,200
1781850000,0,10200,0,200.97,199.96,1636351,2047999,2516991,3547135,26968063,712704,194117631,3158681.90,11115544.42,10200,10,10,10,0,0,0,0,0,0,2076671,2953215,3336191,2078269.44,200
1781850001,0,10400,0,200.95,199.96,1633279,2046975,2516991,3543039,25149439,712704,194117631,3137412.01,11009855.21,10400,10,10,10,0,0,0,0,0,0,1899519,3176447,4595711,2052647.68,200
1781850002,0,10600,0,200.93,199.97,1631231,2044927,2514943,3522559,25051135,712704,194117631,3115091.47,10906933.52,10600,10,10,10,0,0,0,0,0,0,1971199,2783231,3088383,1954423.04,200
1781850003,0,10800,0,200.92,200.01,1627135,2039807,2506751,3506175,24887295,712704,194117631,3092353.61,10807029.63,10800,10,10,10,0,0,0,0,0,0,1828863,3014655,3526655,1887247.36,200
1781850004,0,11000,0,200.90,200.02,1626111,2040831,2504703,3485695,18300927,712704,194117631,3072816.43,10709604.43,11000,10,10,10,0,0,0,0,0,0,2051071,3016703,3207167,2017808.64,200
1781850005,0,11200,0,200.88,199.99,1625087,2035711,2500607,3485695,16228351,712704,194117631,3053820.75,10614969.68,11200,10,10,10,0,0,0,0,0,0,1901567,3282943,5603327,2009058.56,200
1781850006,0,11400,0,200.87,199.96,1624063,2035711,2502655,3473407,16146431,712704,194117631,3036128.99,10522604.81,11400,10,10,10,0,0,0,0,0,0,1981439,2942975,3923967,2045390.08,200
1781850007,0,11600,0,200.85,200.06,1624063,2035711,2502655,3469311,15638527,712704,194117631,3019451.83,10432567.48,11600,10,10,10,0,0,0,0,0,0,2017279,3049471,3624959,2068853.76,200
1781850008,0,11800,0,200.84,199.97,1622015,2033663,2500607,3469311,15163391,712704,194117631,3004261.14,10345416.21,11800,10,10,10,0,0,0,0,0,0,1914879,3272703,6828031,2123201.28,200
1781850009,0,12000,0,200.83,199.99,1620991,2030591,2496511,3454975,14999551,712704,194117631,2986864.30,10260005.93,12000,10,10,10,0,0,0,0,0,0,1868799,3137535,3395583,1960450.56,200
1781850010,0,12220,0,201.14,220.11,1620991,2032639,2504703,3500031,13737983,712704,194117631,2981372.59,10169573.07,12220,10,10,10,0,0,0,0,0,0,2234367,5468159,10657791,2681824.58,220
1781850011,0,12420,0,201.12,199.97,1617919,2029567,2500607,3477503,13631487,712704,194117631,2963553.66,10088539.62,12420,10,10,10,0,0,0,0,0,0,1789951,2756607,3207167,1874817.28,200
1781850012,0,12620,0,201.11,199.98,1619967,2028543,2500607,3469311,11706367,712704,194117631,2949530.72,10009134.84,12620,10,10,10,0,0,0,0,0,0,1981439,3088383,3401727,2078705.92,200
1781850013,0,12820,0,201.09,199.92,1613823,2025471,2496511,3454975,11567103,712704,194117631,2932219.17,9931909.83,12820,10,10,10,0,0,0,0,0,0,1741823,2799615,2930687,1839860.48,200
1781850014,0,13020,0,201.07,200.16,1610751,2024447,2496511,3450879,11501567,712704,194117631,2917789.96,9856366.22,13020,10,10,10,0,0,0,0,0,0,1903615,3151871,3475455,1992878.08,200
1781850015,0,13220,0,201.05,199.90,1609727,2023423,2494463,3436543,11468799,712704,194117631,2903599.13,9782405.76,13220,10,10,10,0,0,0,0,0,0,1998847,2869247,2992127,1979776.00,200
1781850016,0,13420,0,201.04,200.05,1607679,2023423,2496511,3438591,11362303,712704,194117631,2892829.32,9710469.77,13420,10,10,10,0,0,0,0,0,0,1999871,4102143,6381567,2180944.64,200
1781850017,0,13620,0,201.02,199.98,1607679,2022399,2494463,3438591,11214847,712704,194117631,2881880.04,9640042.11,13620,10,10,10,0,0,0,0,0,0,1965055,3745791,6361087,2147183.36,200
1781850018,0,13820,0,201.01,199.91,1604607,2019327,2490367,3428351,10993663,712704,194117631,2867301.38,9571002.50,13820,10,10,10,0,0,0,0,0,0,1818623,2770943,2965503,1874494.72,200
1781850019,0,14020,0,200.99,200.00,1604607,2019327,2490367,3428351,10780671,712704,194117631,2858436.14,9503872.38,14020,10,10,10,0,0,0,0,0,0,2062335,3104767,7602175,2245848.32,200
1781850020,0,14220,0,200.98,200.10,1606655,2021375,2488319,3426303,10682367,712704,194117631,2848276.85,9437510.49,14220,10,10,10,0,0,0,0,0,0,2070527,3188735,4497407,2136110.08,200
1781850021,0,14420,0,200.97,199.90,1607679,2022399,2490367,3426303,11362303,712704,194117631,2846559.72,9378243.35,14420,10,10,10,0,0,0,0,0,0,2146303,3069951,16138239,2724472.32,200
1781850022,0,14620,0,200.95,200.00,1607679,2022399,2488319,3426303,11214847,712704,194117631,2838517.14,9315513.70,14620,10,10,10,0,0,0,0,0,0,2030591,3913727,9101311,2258647.04,200
1781850023,0,14820,0,200.94,200.03,1607679,2022399,2488319,3422207,10993663,712704,194117631,2827327.07,9253144.07,14820,10,10,10,0,0,0,0,0,0,1961983,3024895,3180543,2009332.48,200
1781850024,0,15020,0,200.93,199.96,1610751,2021375,2486271,3416063,10780671,712704,194117631,2818042.22,9192064.19,15020,10,10,10,0,0,0,0,0,0,1984511,3180543,3776511,2130035.20,200
1781850025,0,15220,0,200.92,200.09,1607679,2018303,2482175,3401727,10682367,712704,194117631,2806113.44,9132271.39,15220,10,10,10,0,0,0,0,0,0,1856511,3094527,3272703,1910261.76,200
1781850026,0,15420,0,200.90,199.92,1607679,2017279,2482175,3401727,10657791,712704,194117631,2796010.77,9073614.21,15420,10,10,10,0,0,0,0,0,0,1922047,3403775,4036607,2027197.44,200
1781850027,0,15620,0,200.89,200.12,1606655,2015231,2480127,3399679,10633215,712704,194117631,2785947.81,9016145.82,15620,10,10,10,0,0,0,0,0,0,1886207,3059711,5107711,2010094.08,200
1781850028,0,15820,0,200.88,199.97,1606655,2016255,2482175,3403775,10502143,712704,194117631,2780635.75,8960403.67,15820,10,10,10,0,0,0,0,0,0,2071551,3536895,8462335,2365763.84,200
1781850029,0,16020,0,200.87,199.94,1603583,2013183,2478079,3395583,10330111,712704,194117631,2768561.03,8905111.69,16020,10,10,10,0,0,0,0,0,0,1763327,2611199,2811903,1813450.24,200
1781850030,0,16220,0,200.86,200.15,1602559,2013183,2476031,3395583,10682367,712704,194117631,2765781.23,8854642.31,16220,10,10,10,0,0,0,0,0,0,1971199,5840895,13893631,2543119.36,200
1781850031,0,16420,0,200.85,199.93,1604607,2013183,2473983,3393535,10657791,712704,194117631,2757973.13,8801119.64,16420,10,10,10,0,0,0,0,0,0,2052095,3256319,4481023,2124736.00,200
1781850032,0,16620,0,200.84,199.93,1605631,2014207,2478079,3399679,10633215,712704,194117631,2752518.72,8748761.21,16620,10,10,10,0,0,0,0,0,0,2125823,4089855,5713919,2304711.68,200
1781850033,0,16820,0,200.83,200.12,1604607,2015231,2476031,3399679,10502143,712704,194117631,2744842.05,8697167.99,16820,10,10,10,0,0,0,0,0,0,2058239,3356671,3960831,2106910.72,200
1781850034,0,17020,0,200.82,199.97,1605631,2014207,2473983,3395583,10330111,712704,194117631,2736324.09,8646494.45,17020,10,10,10,0,0,0,0,0,0,1973247,3137535,3723263,2019964.16,200
1781850035,0,17220,0,200.81,199.95,1604607,2015231,2473983,3393535,10272767,712704,194117631,2728166.98,8596721.63,17220,10,10,10,0,0,0,0,0,0,2079743,3071999,3684351,2033996.80,200
1781850036,0,17420,0,200.80,199.96,1604607,2016255,2473983,3393535,10076159,712704,194117631,2722123.82,8547840.43,17420,10,10,10,0,0,0,0,0,0,2054143,3405823,4489215,2201807.36,200
1781850037,0,17620,0,200.79,200.07,1604607,2015231,2473983,3393535,9871359,712704,194117631,2714387.53,8499797.95,17620,10,10,10,0,0,0,0,0,0,1931263,3426303,4407295,2040556.80,200
1781850038,0,17820,0,200.78,199.97,1604607,2014207,2471935,3389439,9805823,712704,194117631,2706045.70,8452507.01,17820,10,10,10,0,0,0,0,0,0,1978367,2775039,2949119,1971130.88,200
1781850039,0,18020,0,200.77,199.96,1604607,2013183,2469887,3385343,9756671,712704,194117631,2698268.77,8406090.25,18020,10,10,10,0,0,0,0,0,0,1950719,3059711,4964351,2005344.00,200
1781850040,0,18220,0,200.76,200.10,1603583,2012159,2467839,3377151,9568255,712704,194117631,2689562.54,8360411.84,18220,10,10,10,0,0,0,0,0,0,1844223,2861055,3416063,1905131.52,200
1781850041,0,18420,0,200.76,199.97,1602559,2011135,2467839,3377151,9412607,712704,194117631,2682372.66,8315487.98,18420,10,10,10,0,0,0,0,0,0,1944575,3282943,3862527,2027374.08,200
1781850042,0,18620,0,200.75,200.09,1601535,2010111,2467839,3375103,9314303,712704,194117631,2674540.70,8271272.80,18620,10,10,10,0,0,0,0,0,0,1914879,2918399,3375103,1953217.28,200
1781850043,0,18820,0,200.74,199.80,1602559,2011135,2467839,3379199,9805823,712704,194117631,2680665.68,8242191.90,18820,10,10,10,0,0,0,0,0,0,2042879,6418431,26755071,3250901.76,200
1781850044,0,19020,0,200.73,200.15,1601535,2010111,2467839,3375103,9756671,712704,194117631,2673500.21,8199252.24,19020,10,10,10,0,0,0,0,0,0,1910783,2990079,3108863,1999229.44,200
1781850045,0,19220,0,200.72,199.91,1600511,2011135,2467839,3366911,9568255,712704,194117631,2666956.79,8156982.67,19220,10,10,10,0,0,0,0,0,0,2081791,3090431,3223551,2044677.12,200
1781850046,0,19420,0,200.72,200.09,1601535,2012159,2469887,3362815,9412607,712704,194117631,2661347.34,8115288.89,19420,10,10,10,0,0,0,0,0,0,2087935,3151871,3362815,2122279.68,200
1781850047,0,19620,0,200.71,199.92,1601535,2012159,2469887,3352575,9314303,712704,194117631,2655259.50,8074287.29,19620,10,10,10,0,0,0,0,0,0,2042879,3043327,3153919,2064130.56,200
1781850048,0,19820,0,200.70,199.96,1600511,2011135,2469887,3350527,9289727,712704,194117631,2648959.77,8033994.85,19820,10,10,10,0,0,0,0,0,0,1938431,3289087,4263935,2030955.52,200
1781850049,0,20020,0,200.70,200.14,1599487,2010111,2469887,3348479,9232383,712704,194117631,2642470.44,7994306.04,20020,10,10,10,0,0,0,0,0,0,1907711,3190783,3899391,1999377.92,200
1781850050,0,20220,0,200.69,199.84,1598463,2009087,2469887,3342335,9150463,712704,194117631,2636119.32,7955216.45,20220,10,10,10,0,0,0,0,0,0,1872895,3192831,3899391,2000372.48,200
1781850051,0,20420,0,200.68,200.14,1597439,2008063,2467839,3334143,9101311,712704,194117631,2629183.08,7916666.26,20420,10,10,10,0,0,0,0,0,0,1882111,3039231,3262463,1927929.60,200
1781850052,0,20620,0,200.68,200.00,1594367,2006015,2463743,3323903,9068543,712704,194117631,2621202.13,7878727.38,20620,10,10,10,0,0,0,0,0,0,1774591,2559999,3094527,1806346.24,200
1781850053,0,20820,0,200.67,199.88,1594367,2004991,2461695,3317759,9011199,712704,194117631,2614251.15,7841267.92,20820,10,10,10,0,0,0,0,0,0,1808383,2785279,2930687,1897605.12,200
1781850054,0,21020,0,200.66,200.14,1592319,2002943,2459647,3317759,8962047,712704,194117631,2609311.36,7805271.00,21020,10,10,10,0,0,0,0,0,0,1786879,3108863,8937471,2095079.68,200
1781850055,0,21220,0,200.66,199.89,1589247,1999871,2455551,3311615,8814591,712704,194117631,2601505.42,7768978.09,21220,10,10,10,0,0,0,0,0,0,1717247,2693119,3180543,1781100.80,200
1781850056,0,21420,0,200.65,200.05,1589247,1997823,2453503,3307519,8642559,712704,194117631,2595427.39,7733060.34,21420,10,10,10,0,0,0,0,0,0,1949695,2969599,3143679,1950548.48,200
1781850057,0,21620,0,200.64,200.09,1588223,1997823,2451455,3301375,8503295,712704,194117631,2589540.86,7697631.60,21620,10,10,10,0,0,0,0,0,0,1970175,2947071,3170303,1959093.76,200
1781850058,0,21820,0,200.64,199.99,1588223,1997823,2451455,3299327,8339455,712704,194117631,2584635.41,7662664.26,21820,10,10,10,0,0,0,0,0,0,2013183,3190783,3491839,2054356.48,200
1781850059,0,22020,0,200.63,199.92,1588223,1997823,2451455,3295231,8118271,712704,194117631,2578942.97,7628213.66,22020,10,10,10,0,0,0,0,0,0,1958911,2932735,3145727,1957896.96,200
1781850060,0,22220,0,200.63,200.06,1588223,1997823,2449407,3291135,8069119,712704,194117631,2573472.24,7594175.15,22220,10,10,10,0,0,0,0,0,0,1979391,2840575,3063807,1971144.96,200
1781850061,0,22420,0,200.62,199.91,1588223,1997823,2449407,3287039,7991295,712704,194117631,2568830.56,7560576.93,22420,10,10,10,0,0,0,0,0,0,2018303,3018751,3356671,2053140.48,200
1781850062,0,22620,0,200.62,200.05,1589247,1996799,2447359,3284991,7942143,712704,194117631,2563846.44,7527471.84,22620,10,10,10,0,0,0,0,0,0,1924095,2963455,4247551,2005126.40,200
1781850063,0,22820,0,200.61,200.06,1588223,1995775,2447359,3287039,7909375,712704,194117631,2559224.92,7494860.18,22820,10,10,10,0,0,0,0,0,0,1935359,3581951,4210687,2036531.20,200
1781850064,0,23020,0,200.60,199.93,1587199,1993727,2445311,3278847,7860223,712704,194117631,2553026.94,7462684.09,23020,10,10,10,0,0,0,0,0,0,1843199,2795519,3313663,1845836.80,200
1781850065,0,23220,0,200.60,200.01,1586175,1993727,2445311,3287039,8069119,712704,194117631,2553830.95,7435699.43,23220,10,10,10,0,0,0,0,0,0,1971199,3532799,15802367,2646373.12,200
1781850066,0,23420,0,200.59,200.04,1584127,1993727,2443263,3278847,7991295,712704,194117631,2548206.43,7404311.29,23420,10,10,10,0,0,0,0,0,0,1878015,2779135,2899967,1895200.00,200
1781850067,0,23620,0,200.59,199.91,1584127,1993727,2443263,3276799,7942143,712704,194117631,2543252.59,7373248.07,23620,10,10,10,0,0,0,0,0,0,1938431,2902015,3178495,1963157.76,200
1781850068,0,23820,0,200.58,200.12,1583103,1993727,2443263,3276799,7909375,712704,194117631,2539586.64,7342730.00,23820,10,10,10,0,0,0,0,0,0,1997823,3645439,5124095,2106638.08,200
1781850069,0,24020,0,200.58,199.90,1583103,1992703,2443263,3276799,7860223,712704,194117631,2536066.99,7312706.31,24020,10,10,10,0,0,0,0,0,0,1975295,3440639,6160383,2116876.80,200
1781850070,0,24520,0,203.06,499.87,1566719,1985535,2439167,3299327,8962047,579072,194117631,2532410.18,7254730.30,24520,10,10,10,0,0,0,0,0,0,1345535,8642559,22462463,2356737.02,500
1781850071,0,25020,0,205.50,500.10,1546239,1969151,2430975,3293183,8642559,506368,194117631,2508139.75,7184798.05,25020,10,10,10,0,0,0,0,0,0,1208319,1861631,5894143,1317917.44,500
1781850072,0,25520,0,207.90,500.20,1526783,1957887,2420735,3287039,8740863,506368,194117631,2488387.68,7117522.52,25520,10,10,10,0,0,0,0,0,0,1287167,2531327,9674751,1499994.11,500
1781850073,0,26020,0,210.26,499.86,1506303,1944575,2410495,3272703,8577023,506368,194117631,2464192.88,7051231.97,26020,10,10,10,0,0,0,0,0,0,1150975,2012159,3069951,1229290.50,500
1781850074,0,26520,0,212.58,500.17,1489919,1930239,2398207,3260415,8396799,506368,194117631,2441589.39,6986567.28,26520,10,10,10,0,0,0,0,0,0,1263615,1995775,2277375,1265303.81,500
1781850075,0,27020,0,214.87,499.86,1471487,1916927,2387967,3248127,8249343,506368,194117631,2418720.17,6923813.75,27020,10,10,10,0,0,0,0,0,0,1195007,1801215,2213887,1205736.70,500
1781850076,0,27520,0,217.11,499.92,1454079,1903615,2377727,3241983,8396799,473344,194117631,2401484.35,6864204.99,27520,10,10,10,0,0,0,0,0,0,1250303,2121727,9617407,1470060.54,500
1781850077,0,28020,0,219.33,500.09,1439743,1889279,2369535,3227647,8249343,473344,194117631,2381123.72,6804593.81,28020,10,10,10,0,0,0,0,0,0,1269759,1973247,2531327,1260474.62,500
1781850078,0,28520,0,221.51,500.13,1426431,1875967,2361343,3221503,8105983,473344,194117631,2363818.57,6747348.55,28520,10,10,10,0,0,0,0,0,0,1199103,2326527,7679999,1394038.02,500
1781850079,0,29020,0,223.66,499.95,1409023,1863679,2351103,3213311,7942143,473344,194117631,2344360.09,6690923.68,29020,10,10,10,0,0,0,0,0,0,1188863,1932287,3039231,1234448.64,500
1781850080,0,29520,0,225.77,499.97,1396735,1850367,2342911,3203071,7827455,473344,194117631,2326595.41,6635685.87,29520,10,10,10,0,0,0,0,0,0,1240063,2033663,2990079,1295533.06,500
1781850081,0,30020,0,227.85,500.13,1383423,1841151,2332671,3198975,7942143,457984,194117631,2311012.31,6583142.96,30020,10,10,10,0,0,0,0,0,0,1181695,2217983,9207807,1390986.50,500
1781850082,0,30520,0,229.90,499.63,1371135,1829887,2322431,3192831,7827455,457984,194117631,2294582.89,6530616.17,30520,10,10,10,0,0,0,0,0,0,1239039,2061311,3385343,1308160.26,500
1781850083,0,31020,0,231.92,500.18,1360895,1817599,2312191,3186687,7733247,457984,194117631,2278691.10,6479224.83,31020,10,10,10,0,0,0,0,0,0,1283071,2009087,3237887,1308656.38,500
1781850084,0,31520,0,233.91,500.19,1348607,1804287,2303999,3178495,7663615,457984,194117631,2262971.28,6429115.54,31520,10,10,10,0,0,0,0,0,0,1229823,2053119,3741695,1287713.28,500
1781850085,0,32020,0,235.87,500.09,1340415,1794047,2297855,3184639,7860223,457984,194117631,2257947.23,6393155.25,32020,10,10,10,0,0,0,0,0,0,1296383,3600383,24428543,1941231.62,500
1781850086,0,32520,0,237.80,499.88,1333247,1783807,2291711,3176447,7745535,457984,194117631,2243681.70,6345173.67,32520,10,10,10,0,0,0,0,0,0,1287167,2537471,3010559,1330116.86,500
1781850087,0,33020,0,239.70,499.79,1324031,1771519,2281471,3166207,7679999,457984,194117631,2228987.26,6298266.26,33020,10,10,10,0,0,0,0,0,0,1228799,1966079,2656255,1273260.54,500
1781850088,0,33520,0,241.58,499.86,1315839,1759231,2275327,3160063,7593983,457984,194117631,2215262.32,6252357.22,33520,10,10,10,0,0,0,0,0,0,1262591,1960959,3315711,1308867.58,500
1781850089,0,34020,0,243.43,500.04,1307647,1747967,2267135,3151871,7483391,457984,194117631,2200558.41,6207550.63,34020,10,10,10,0,0,0,0,0,0,1228799,1769471,2099199,1214808.58,500
1781850090,0,34520,0,245.25,500.08,1299455,1736703,2258943,3149823,7593983,457984,194117631,2189781.18,6165090.48,34520,10,10,10,0,0,0,0,0,0,1191935,2273279,9486335,1456497.92,500
1781850091,0,35020,0,247.05,500.06,1291263,1726463,2252799,3143679,7483391,457984,194117631,2176817.82,6122150.73,35020,10,10,10,0,0,0,0,0,0,1251327,2236415,2887679,1281827.84,500
1781850092,0,35520,0,248.82,500.15,1286143,1716223,2244607,3135487,7360511,457984,194117631,2164710.11,6079994.95,35520,10,10,10,0,0,0,0,0,0,1303551,2018303,3037183,1316685.82,500
1781850093,0,36020,0,250.57,499.90,1281023,1705983,2236415,3131391,7319551,457984,194117631,2152926.34,6038777.94,36020,10,10,10,0,0,0,0,0,0,1275903,1926143,3637247,1315807.23,500
1781850094,0,36520,0,252.29,500.04,1272831,1694719,2226175,3123199,7008255,457984,194117631,2140011.61,5998480.17,36520,10,10,10,0,0,0,0,0,0,1182719,1901567,2117631,1209634.82,500
1781850095,0,37020,0,253.99,499.80,1263615,1682431,2215935,3115007,6926335,457984,194117631,2126654.04,5959042.54,37020,10,10,10,0,0,0,0,0,0,1142783,1683455,2059263,1151017.22,500
1781850096,0,37520,0,255.67,500.24,1258495,1674239,2209791,3108863,6844415,457984,194117631,2115402.82,5920248.05,37520,10,10,10,0,0,0,0,0,0,1246207,1978367,3037183,1282362.62,500
1781850097,0,38020,0,257.32,499.70,1251327,1665023,2201599,3104767,6733823,457984,194117631,2103465.07,5882286.32,38020,10,10,10,0,0,0,0,0,0,1181695,1994751,2736127,1207655.94,500
1781850098,0,38520,0,258.95,500.02,1245183,1655807,2195455,3096575,6574079,457984,194117631,2092497.17,5845003.10,38520,10,10,10,0,0,0,0,0,0,1193983,2119679,2625535,1258498.30,500
1781850099,0,39020,0,260.56,500.12,1240063,1647615,2187263,3092479,6393855,457984,194117631,2082380.00,5808477.98,39020,10,10,10,0,0,0,0,0,0,1272831,1979391,4288511,1302952.70,500
1781850100,0,39520,0,262.15,499.93,1235967,1639423,2181119,3092479,6574079,457984,194117631,2079979.43,5784444.45,39520,10,10,10,0,0,0,0,0,0,1301503,3708927,25247743,1892639.23,500
1781850101,0,40020,0,263.72,499.97,1230847,1632255,2174975,3086335,6393855,449024,194117631,2069756.24,5749073.56,40020,10,10,10,0,0,0,0,0,0,1295359,1841151,2191359,1261715.46,500
1781850102,0,40520,0,265.27,500.34,1225727,1625087,2166783,3076095,6332415,449024,194117631,2059711.77,5714330.04,40520,10,10,10,0,0,0,0,0,0,1217535,1831935,2053119,1255751.94,500
1781850103,0,41020,0,266.79,500.08,1221631,1618943,2160639,3069951,6270975,449024,194117631,2050616.10,5680160.29,41020,10,10,10,0,0,0,0,0,0,1333247,1926143,2326527,1313503.23,500
1781850104,0,41520,0,268.30,499.52,1217535,1612799,2154495,3069951,6279167,449024,194117631,2043045.65,5647288.46,41520,10,10,10,0,0,0,0,0,0,1259519,2637823,7053311,1421965.82,500
1781850105,0,42020,0,269.79,500.16,1212415,1605631,2148351,3067903,6234111,449024,194117631,2034354.23,5614526.53,42020,10,10,10,0,0,0,0,0,0,1200127,2330623,3348479,1312618.75,500
1781850106,0,42520,0,271.25,500.09,1208319,1597439,2140159,3059711,6189055,449024,194117631,2024459.09,5582294.59,42520,10,10,10,0,0,0,0,0,0,1191935,1805311,1987583,1192871.68,500
1781850107,0,43020,0,272.70,500.03,1202175,1589247,2134015,3055615,6160383,449024,194117631,2015630.48,5550630.12,43020,10,10,10,0,0,0,0,0,0,1202175,2201599,3262463,1264845.31,500
1781850108,0,43520,0,274.14,500.09,1199103,1584127,2129919,3053567,6189055,449024,194117631,2009039.48,5520143.63,43520,10,10,10,0,0,0,0,0,0,1275903,2566143,8347647,1441949.95,500
1781850109,0,44020,0,275.55,500.12,1195007,1577983,2121727,3047423,6160383,449024,194117631,2000856.37,5489435.65,44020,10,10,10,0,0,0,0,0,0,1230847,1856511,2897919,1288598.27,500
1781850110,0,44520,0,276.95,499.66,1191935,1571839,2115583,3041279,6135807,449024,194117631,1992680.17,5459365.46,44520,10,10,10,0,0,0,0,0,0,1221631,2103295,3741695,1272847.87,500
1781850111,0,45020,0,278.33,500.29,1188863,1566719,2109439,3037183,6098943,449024,194117631,1985289.12,5429673.39,45020,10,10,10,0,0,0,0,0,0,1311743,1964031,2850815,1327189.76,500
1781850112,0,45520,0,279.69,500.03,1185791,1562623,2103295,3035135,6041599,449024,194117631,1977638.62,5400453.28,45520,10,10,10,0,0,0,0,0,0,1248255,1987583,2719743,1288787.97,500
1781850113,0,46020,0,281.03,499.98,1182719,1556479,2095103,3031039,6017023,449024,194117631,1970761.95,5372037.41,46020,10,10,10,0,0,0,0,0,0,1276927,1988607,4399103,1344709.89,500
1781850114,0,46520,0,282.36,499.95,1179647,1552383,2086911,3024895,5894143,449024,194117631,1963544.90,5343731.92,46520,10,10,10,0,0,0,0,0,0,1231871,1961983,3033087,1299287.55,500
1781850115,0,47020,0,283.68,499.88,1176575,1548287,2080767,3020799,5832703,449024,194117631,1956297.90,5315932.45,47020,10,10,10,0,0,0,0,0,0,1222655,2083839,2904063,1282036.74,500
1781850116,0,47520,0,284.97,499.98,1173503,1543167,2075647,3016703,5808127,449024,194117631,1949040.76,5288699.35,47520,10,10,10,0,0,0,0,0,0,1210367,1992703,3856383,1266579.46,500
1781850117,0,48020,0,286.25,500.13,1169407,1537023,2069503,3012607,5713919,434176,194117631,1941426.59,5261805.33,48020,10,10,10,0,0,0,0,0,0,1175551,1932287,2787327,1217776.38,500
1781850118,0,48520,0,287.52,499.90,1166335,1532927,2064383,3010559,5664767,434176,194117631,1934602.02,5235274.72,48520,10,10,10,0,0,0,0,0,0,1250303,2146303,3143679,1279169.54,500
1781850119,0,49020,0,288.77,500.19,1162239,1527807,2057215,3006463,5599231,434176,194117631,1927439.23,5209125.54,49020,10,10,10,0,0,0,0,0,0,1197055,1854463,2355199,1232362.75,500
1781850120,0,49520,0,290.01,499.64,1159167,1521663,2051071,3002367,5664767,434176,194117631,1922379.42,5185489.93,49520,10,10,10,0,0,0,0,0,0,1171455,2010111,11673599,1426315.52,500
1781850121,0,50020,0,291.23,500.18,1157119,1518591,2044927,3000319,5631999,434176,194117631,1916313.45,5160219.74,50020,10,10,10,0,0,0,0,0,0,1260543,1972223,4157439,1315539.20,500
1781850122,0,50520,0,292.44,500.06,1154047,1513471,2039807,2994175,5591039,434176,194117631,1909818.95,5135216.37,50520,10,10,10,0,0,0,0,0,0,1230847,1878015,2879487,1260109.31,500
1781850123,0,51020,0,293.63,499.74,1150975,1509375,2033663,2992127,5562367,434176,194117631,1903546.17,5110634.59,51020,10,10,10,0,0,0,0,0,0,1198079,2183167,3387391,1269744.64,500
1781850124,0,51520,0,294.82,500.09,1146879,1505279,2027519,2990079,5468159,434176,194117631,1896925.02,5086477.29,51520,10,10,10,0,0,0,0,0,0,1141759,1816575,3909631,1221302.53,500
1781850125,0,52020,0,295.98,500.03,1143807,1501183,2023423,2988031,5414911,434176,194117631,1891310.52,5062688.64,52020,10,10,10,0,0,0,0,0,0,1189887,2320383,4534271,1312793.09,500
1781850126,0,52520,0,297.14,500.01,1141759,1497087,2018303,2985983,5402623,434176,194117631,1886274.68,5039355.80,52520,10,10,10,0,0,0,0,0,0,1209343,2797567,5087231,1362345.47,500
1781850127,0,53020,0,298.28,500.03,1139711,1495039,2014207,2983935,5427199,434176,194117631,1882803.94,5017661.87,53020,10,10,10,0,0,0,0,0,0,1291263,2426879,10682367,1518237.18,500
1781850128,0,53520,0,299.41,499.77,1137663,1491967,2010111,2979839,5402623,434176,194117631,1877323.16,4994697.34,53520,10,10,10,0,0,0,0,0,0,1261567,2123775,2682879,1296141.82,500
1781850129,0,54020,0,300.52,500.04,1135615,1487871,2004991,2975743,5361663,434176,194117631,1871388.56,4972108.01,54020,10,10,10,0,0,0,0,0,0,1184767,1850367,3270655,1236149.25,500
1781850130,0,54260,0,300.19,240.04,1136639,1489919,2006015,2973695,5308415,434176,194117631,1871144.41,4961249.20,54260,10,10,10,0,0,0,0,0,0,1829887,2635775,3358719,1816189.87,240
1781850131,0,54460,0,299.64,199.98,1137663,1490943,2008063,2973695,5296127,434176,194117631,1871671.83,4952273.47,54460,10,10,10,0,0,0,0,0,0,2042879,3000319,3532799,2014760.96,200
1781850132,0,54660,0,299.09,200.02,1138687,1491967,2011135,2973695,5283839,434176,194117631,1872028.63,4943311.09,54660,10,10,10,0,0,0,0,0,0,1957887,2787327,3149823,1969185.28,200
1781850133,0,54860,0,298.55,200.06,1138687,1492991,2013183,2973695,5279743,434176,194117631,1872374.49,4934402.80,54860,10,10,10,0,0,0,0,0,0,1954815,2803711,3258367,1966897.92,200
1781850134,0,55060,0,298.02,200.00,1139711,1495039,2014207,2973695,5255167,434176,194117631,1872569.99,4925551.73,55060,10,10,10,0,0,0,0,0,0,1870847,2965503,3098623,1926193.92,200
1781850135,0,55260,0,297.49,199.91,1140735,1496063,2016255,2973695,5234687,434176,194117631,1872917.74,4916735.04,55260,10,10,10,0,0,0,0,0,0,2000895,2815999,3110911,1968655.36,200
1781850136,0,55460,0,296.97,200.02,1141759,1497087,2018303,2973695,5222399,434176,194117631,1873174.98,4908009.06,55460,10,10,10,0,0,0,0,0,0,1958911,2967551,3180543,1944248.32,200
1781850137,0,55660,0,296.45,200.00,1142783,1499135,2020351,2973695,5214207,434176,194117631,1873465.71,4899294.78,55660,10,10,10,0,0,0,0,0,0,1928191,2772991,3962879,1954086.40,200
1781850138,0,55860,0,295.94,200.05,1142783,1500159,2021375,2971647,5185535,434176,194117631,1873541.17,4890614.17,55860,10,10,10,0,0,0,0,0,0,1911807,2740223,2934783,1894540.80,200
1781850139,0,56060,0,295.44,200.04,1143807,1501183,2023423,2971647,5177343,434176,194117631,1873774.22,4882020.01,56060,10,10,10,0,0,0,0,0,0,1874943,3041279,3422207,1938864.64,200
1781850140,0,56260,0,294.94,200.00,1145855,1503231,2024447,2971647,5156863,434176,194117631,1873960.95,4873444.18,56260,10,10,10,0,0,0,0,0,0,1903615,2920447,3108863,1926301.44,200
1781850141,0,56460,0,294.44,199.87,1146879,1504255,2027519,2971647,5144575,434176,194117631,1874328.06,4864932.66,56460,10,10,10,0,0,0,0,0,0,1991679,3033087,3309567,1977597.44,200
1781850142,0,56660,0,293.95,200.01,1147903,1505279,2029567,2971647,5128191,434176,194117631,1874526.08,4856448.25,56660,10,10,10,0,0,0,0,0,0,1986559,2844671,3172351,1930428.16,200
1781850143,0,56860,0,293.47,200.03,1148927,1507327,2030591,2971647,5128191,434176,194117631,1874981.78,4848044.57,56860,10,10,10,0,0,0,0,0,0,1948671,3037183,4485119,2004080.64,200
1781850144,0,57060,0,292.99,199.97,1149951,1508351,2032639,2969599,5124095,434176,194117631,1875149.04,4839639.78,57060,10,10,10,0,0,0,0,0,0,1923071,2777087,3028991,1922700.80,200
1781850145,0,57260,0,292.51,200.03,1150975,1509375,2034687,2969599,5099519,434176,194117631,1875674.26,4831288.29,57260,10,10,10,0,0,0,0,0,0,2080767,2914303,3094527,2025520.64,200
1781850146,0,57460,0,292.04,200.09,1151999,1511423,2037759,2969599,5087231,434176,194117631,1876246.20,4823004.05,57460,10,10,10,0,0,0,0,0,0,1979391,2863103,3926015,2039992.32,200
1781850147,0,57660,0,291.58,199.88,1153023,1513471,2039807,2971647,5083135,434176,194117631,1877290.09,4814851.64,57660,10,10,10,0,0,0,0,0,0,2054143,3356671,4313087,2177199.36,200
1781850148,0,57860,0,291.12,200.10,1154047,1515519,2041855,2973695,5144575,434176,194117631,1879037.39,4807783.25,57860,10,10,10,0,0,0,0,0,0,1924095,6557695,9871359,2382782.72,200
1781850149,0,58060,0,290.66,199.92,1155071,1516543,2043903,2973695,5128191,434176,194117631,1879385.54,4799643.06,58060,10,10,10,0,0,0,0,0,0,1972223,3115007,3950591,1980106.24,200
1781850150,0,58260,0,290.21,200.00,1156095,1518591,2044927,2973695,5165055,434176,194117631,1880210.23,4791887.32,58260,10,10,10,0,0,0,0,0,0,1873919,3381247,7708671,2119617.28,200
1781850151,0,58460,0,289.76,200.04,1157119,1519615,2046975,2975743,5222399,434176,194117631,1881426.14,4784339.15,58460,10,10,10,0,0,0,0,0,0,1991679,3151871,8724479,2235619.84,200
1781850152,0,58660,0,289.32,199.98,1158143,1520639,2049023,2973695,5214207,434176,194117631,1881778.29,4776271.20,58660,10,10,10,0,0,0,0,0,0,1963007,2738175,3540991,1984714.24,200
1781850153,0,58860,0,288.88,200.07,1159167,1522687,2050047,2973695,5185535,434176,194117631,1882479.01,4768406.20,58860,10,10,10,0,0,0,0,0,0,1972223,2963455,4988927,2087997.44,200
1781850154,0,59060,0,288.44,199.92,1160191,1523711,2052095,2973695,5165055,434176,194117631,1882887.74,4760448.28,59060,10,10,10,0,0,0,0,0,0,1959935,2965503,3569663,2003178.24,200
1781850155,0,59260,0,288.02,200.03,1161215,1525759,2054143,2975743,5148671,434176,194117631,1883801.20,4752660.96,59260,10,10,10,0,0,0,0,0,0,2109439,3811327,4620287,2153546.24,200
1781850156,0,59460,0,287.59,199.97,1162239,1527807,2056191,2973695,5132287,434176,194117631,1884125.21,4744761.01,59460,10,10,10,0,0,0,0,0,0,1972223,2859007,3049471,1980129.28,200
1781850157,0,59660,0,287.17,200.01,1163263,1528831,2058239,2975743,5128191,434176,194117631,1884527.76,4736933.26,59660,10,10,10,0,0,0,0,0,0,1956863,3018751,3686399,2004204.80,200
1781850158,0,59860,0,286.75,199.99,1164287,1530879,2060287,2977791,5128191,434176,194117631,1885437.19,4729251.62,59860,10,10,10,0,0,0,0,0,0,2008063,3643391,5414911,2156720.64,200
1781850159,0,60060,0,286.34,200.01,1165311,1532927,2063359,2977791,5128191,434176,194117631,1886269.88,4721500.67,60060,10,10,10,0,0,0,0,0,0,2111487,3039231,3338239,2135495.68,200
1781850160,0,60260,0,285.93,200.02,1166335,1534975,2065407,2979839,5177343,434176,194117631,1888683.04,4716128.34,60260,10,10,10,0,0,0,0,0,0,2019327,3506175,13893631,2613354.24,200
1781850161,0,60460,0,285.52,200.09,1167359,1535999,2066431,2979839,5156863,434176,194117631,1888845.26,4708435.52,60460,10,10,10,0,0,0,0,0,0,1893375,2953215,3694591,1937720.32,200
1781850162,0,60660,0,285.12,199.99,1168383,1537023,2067455,2979839,5144575,434176,194117631,1889406.73,4700806.24,60660,10,10,10,0,0,0,0,0,0,1956863,3233791,3975167,2059139.84,200
1781850163,0,60860,0,284.72,199.95,1169407,1539071,2068479,2979839,5128191,434176,194117631,1889529.54,4693186.23,60860,10,10,10,0,0,0,0,0,0,1869823,2824191,3792895,1926778.88,200
1781850164,0,61060,0,284.33,199.96,1170431,1540095,2070527,2979839,5128191,434176,194117631,1889974.32,4685617.58,61060,10,10,10,0,0,0,0,0,0,1996799,2916351,3450879,2025320.96,200
1781850165,0,61260,0,283.94,199.93,1171455,1541119,2071551,2979839,5124095,434176,194117631,1889782.62,4678032.34,61260,10,10,10,0,0,0,0,0,0,1833983,2547711,2772991,1831256.32,200
1781850166,0,61460,0,283.55,200.12,1172479,1543167,2072575,2977791,5107711,434176,194117631,1890235.52,4670546.40,61460,10,10,10,0,0,0,0,0,0,1984511,2938879,3614719,2028957.44,200
1781850167,0,61660,0,283.17,200.02,1173503,1544191,2074623,2979839,5095423,434176,194117631,1890835.71,4663105.54,61660,10,10,10,0,0,0,0,0,0,2006015,3153919,3629055,2075275.52,200
1781850168,0,61860,0,282.78,200.02,1173503,1546239,2076671,2979839,5087231,434176,194117631,1891302.52,4655761.31,61860,10,10,10,0,0,0,0,0,0,1943551,3805183,4620287,2035219.20,200
1781850169,0,62060,0,282.41,199.99,1174527,1547263,2076671,2979839,5083135,434176,194117631,1891549.67,4648356.92,62060,10,10,10,0,0,0,0,0,0,1871871,3112959,3383295,1967992.32,200
1781850170,0,62260,0,282.04,200.02,1175551,1548287,2077695,2981887,5124095,434176,194117631,1892940.83,4642243.79,62260,10,10,10,0,0,0,0,0,0,1902591,3194879,11149311,2324618.24,200
1781850171,0,62460,0,281.66,199.83,1177599,1550335,2078719,2979839,5107711,434176,194117631,1893148.36,4634879.19,62460,10,10,10,0,0,0,0,0,0,1967103,2752511,2856959,1957752.32,200
1781850172,0,62660,0,281.30,200.12,1177599,1551359,2079743,2979839,5095423,434176,194117631,1893599.69,4627599.86,62660,10,10,10,0,0,0,0,0,0,2016255,3119103,3477503,2034549.76,200
1781850173,0,62860,0,280.93,199.95,1178623,1552383,2080767,2979839,5087231,434176,194117631,1893723.37,4620324.75,62860,10,10,10,0,0,0,0,0,0,1896447,2789375,3258367,1932472.32,200
1781850174,0,63060,0,280.58,200.10,1179647,1554431,2081791,2979839,5083135,434176,194117631,1893801.18,4613079.90,63060,10,10,10,0,0,0,0,0,0,1898495,2754559,3254271,1918259.20,200
1781850175,0,63260,0,280.22,199.95,1180671,1555455,2082815,2979839,5062655,434176,194117631,1893944.52,4605897.77,63260,10,10,10,0,0,0,0,0,0,1921023,2809855,3803135,1939139.84,200
1781850176,0,63460,0,279.86,200.02,1180671,1556479,2084863,2977791,5050367,434176,194117631,1894333.91,4598753.57,63460,10,10,10,0,0,0,0,0,0,1972223,2934783,3221503,2017496.32,200
1781850177,0,63660,0,279.51,199.87,1181695,1558527,2086911,2979839,5038079,434176,194117631,1894930.13,4591694.92,63660,10,10,10,0,0,0,0,0,0,2033663,3039231,4452351,2084110.08,200
1781850178,0,63860,0,279.17,200.00,1182719,1559551,2087935,2979839,5017599,434176,194117631,1895272.63,4584630.28,63860,10,10,10,0,0,0,0,0,0,1924095,3149823,4052991,2004291.84,200
1781850179,0,64060,0,278.82,200.01,1183743,1560575,2089983,2979839,5013503,434176,194117631,1895748.49,4577604.61,64060,10,10,10,0,0,0,0,0,0,2051071,2877439,4333567,2047690.24,200
1781850180,0,64260,0,278.48,200.06,1184767,1561599,2091007,2979839,5005311,434176,194117631,1895906.67,4570582.88,64260,10,10,10,0,0,0,0,0,0,1878015,2949119,3473407,1946571.52,200
1781850181,0,64460,0,278.14,199.91,1185791,1563647,2093055,2979839,5050367,434176,194117631,1897223.89,4564414.78,64460,10,10,10,0,0,0,0,0,0,1946623,3371007,9207807,2320445.44,200
1781850182,0,64660,0,277.81,200.10,1186815,1564671,2094079,2979839,5058559,434176,194117631,1897523.56,4557523.07,64660,10,10,10,0,0,0,0,0,0,1885183,2897919,5324799,1994108.16,200
1781850183,0,64860,0,277.47,200.04,1186815,1565695,2094079,2979839,5042175,434176,194117631,1897295.24,4550603.66,64860,10,10,10,0,0,0,0,0,0,1725439,2973695,3379199,1823480.32,200
1781850184,0,65060,0,277.14,199.90,1187839,1566719,2096127,2981887,5050367,434176,194117631,1897676.36,4543798.99,65060,10,10,10,0,0,0,0,0,0,1904639,3012607,6098943,2021273.60,200
1781850185,0,65260,0,276.82,200.14,1188863,1567743,2097151,2981887,5038079,434176,194117631,1897820.01,4536938.12,65260,10,10,10,0,0,0,0,0,0,1884159,3028991,3188735,1944547.84,200
1781850186,0,65460,0,276.49,199.85,1189887,1569791,2099199,2983935,5087231,434176,194117631,1898895.71,4530464.43,65460,10,10,10,0,0,0,0,0,0,2002943,4126719,6557695,2249898.24,200
1781850187,0,65660,0,276.17,200.01,1189887,1570815,2101247,2981887,5066751,434176,194117631,1899121.42,4523637.67,65660,10,10,10,0,0,0,0,0,0,1961983,2768895,2965503,1972995.84,200
1781850188,0,65860,0,275.85,199.98,1190911,1571839,2101247,2979839,5058559,434176,194117631,1899154.66,4516825.83,65860,10,10,10,0,0,0,0,0,0,1925119,2623487,2793471,1910067.20,200
1781850189,0,66060,0,275.53,200.05,1191935,1573887,2101247,2981887,5042175,434176,194117631,1899527.47,4510116.11,66060,10,10,10,0,0,0,0,0,0,1952767,3102719,4182015,2022293.76,200
1781850190,0,67020,0,278.38,960.02,1190911,1571839,2103295,3002367,6119423,434176,194117631,1926711.36,4559875.98,67020,10,10,10,0,0,0,0,0,0,1464319,18694143,39256063,3797302.67,960
1781850191,0,68020,0,281.36,1000.36,1185791,1564671,2095103,2998271,6053887,401920,194117631,1917718.89,4527418.67,68020,10,10,10,0,0,0,0,0,0,1187839,2426879,3745791,1315043.71,1000
1781850192,0,69020,0,284.32,999.80,1178623,1557503,2086911,2994175,6017023,397056,194117631,1909061.60,4496003.00,69020,10,10,10,0,0,0,0,0,0,1142783,2719743,4739071,1320192.77,1000
1781850193,0,70020,0,287.26,999.66,1173503,1551359,2081791,2992127,5980159,397056,194117631,1901299.59,4465225.93,70020,10,10,10,0,0,0,0,0,0,1176575,2684927,4513791,1365565.70,1000
1781850194,0,71020,0,290.17,1000.33,1169407,1546239,2075647,2990079,5832703,397056,194117631,1893764.20,4434718.07,71020,10,10,10,0,0,0,0,0,0,1251327,2326527,3524607,1366136.19,1000
1781850195,0,72020,0,293.06,999.72,1165311,1540095,2069503,2992127,5767167,397056,194117631,1886322.82,4405110.00,72020,10,10,10,0,0,0,0,0,0,1183743,3026943,4308991,1357835.78,1000
1781850196,0,73020,0,295.92,999.76,1161215,1534975,2064383,2990079,5677055,397056,194117631,1879029.91,4375961.11,73020,10,10,10,0,0,0,0,0,0,1229823,2576383,3792895,1353794.43,1000
1781850197,0,74020,0,298.76,1000.24,1155071,1528831,2058239,2990079,5586943,397056,194117631,1871505.61,4347673.16,74020,10,10,10,0,0,0,0,0,0,1097727,3280895,4067327,1322081.28,1000
1781850198,0,75020,0,301.58,1000.03,1148927,1521663,2053119,2992127,5664767,397056,194117631,1865599.90,4321305.15,75020,10,10,10,0,0,0,0,0,0,1101823,3272703,6488063,1428459.78,1000
1781850199,0,76020,0,304.38,1000.34,1141759,1516543,2047999,2990079,5599231,397056,194117631,1857267.53,4294160.77,76020,10,10,10,0,0,0,0,0,0,1036799,2373631,3778559,1232172.93,1000
1781850200,0,77020,0,307.15,999.60,1136639,1512447,2044927,2992127,5631999,397056,194117631,1852482.66,4268424.23,77020,10,10,10,0,0,0,0,0,0,1164287,3708927,6668287,1488736.64,1000
1781850201,0,78020,0,309.91,1000.20,1130495,1506303,2039807,2996223,5713919,397056,194117631,1846834.79,4244227.45,78020,10,10,10,0,0,0,0,0,0,1017343,3366911,9748479,1411836.03,1000
1781850202,0,79020,0,312.64,999.83,1123327,1500159,2033663,2992127,5631999,397056,194117631,1838018.16,4218558.50,79020,10,10,10,0,0,0,0,0,0,998399,2379775,3467263,1150144.38,1000
1781850203,0,80020,0,315.35,1000.66,1116159,1495039,2028543,2990079,5574655,364544,194117631,1830017.45,4193268.39,80020,10,10,10,0,0,0,0,0,0,1014271,2306047,3653631,1197801.47,1000
1781850204,0,81020,0,318.03,999.84,1111039,1489919,2024447,2988031,5537791,364544,194117631,1823787.97,4168709.21,81020,10,10,10,0,0,0,0,0,0,1145855,2592767,4313087,1325304.70,1000
1781850205,0,82020,0,320.70,999.58,1107967,1485823,2017279,2985983,5492735,364544,194117631,1817305.91,4144293.66,82020,10,10,10,0,0,0,0,0,0,1162239,2316287,3713023,1292129.66,1000
1781850206,0,83020,0,323.35,999.85,1103871,1479679,2012159,2979839,5439487,364544,194117631,1810187.03,4120138.99,83020,10,10,10,0,0,0,0,0,0,1141759,2217983,2762751,1226296.32,1000
1781850207,0,84020,0,325.97,1000.47,1100799,1475583,2006015,2973695,5427199,364544,194117631,1803448.12,4096596.01,84020,10,10,10,0,0,0,0,0,0,1147903,2142207,3278847,1243984.00,1000
1781850208,0,85020,0,328.58,1000.05,1097727,1470463,2000895,2971647,5414911,364544,194117631,1797928.21,4073419.35,85020,10,10,10,0,0,0,0,0,0,1216511,2265087,3627007,1334145.15,1000
1781850209,0,86020,0,331.16,999.31,1093631,1464319,1995775,2965503,5386239,364544,194117631,1790611.86,4050608.51,86020,10,10,10,0,0,0,0,0,0,1085439,2055167,3469311,1168575.74,1000
1781850210,0,87020,0,333.73,1000.25,1087487,1460223,1990655,2963455,5378047,364544,194117631,1783766.16,4028572.24,87020,10,10,10,0,0,0,0,0,0,1034751,2203647,4206591,1194898.94,1000
1781850211,0,88020,0,336.27,1000.10,1082367,1454079,1985535,2959359,5304319,364544,194117631,1776292.44,4006607.04,88020,10,10,10,0,0,0,0,0,0,991231,2123775,3123199,1125929.73,1000
1781850212,0,89020,0,338.80,1000.37,1077247,1448959,1978367,2955263,5320703,364544,194117631,1770749.05,3987735.86,89020,10,10,10,0,0,0,0,0,0,1021439,2101247,7479295,1282820.10,1000
1781850213,0,90020,0,341.30,1000.00,1073151,1444863,1972223,2949119,5279743,364544,194117631,1764569.85,3966429.61,90020,10,10,10,0,0,0,0,0,0,1068031,2117631,3788799,1214497.02,1000
1781850214,0,91020,0,343.79,999.81,1068031,1439743,1966079,2942975,5255167,364544,194117631,1757401.04,3945511.09,91020,10,10,10,0,0,0,0,0,0,1010175,2013183,2713599,1112065.15,1000
1781850215,0,92020,0,346.26,999.79,1063935,1435647,1961983,2940927,5255167,364544,194117631,1752558.32,3925736.69,92020,10,10,10,0,0,0,0,0,0,1101823,2326527,4730879,1311773.57,1000
1781850216,0,93020,0,348.71,1000.13,1061887,1431551,1956863,2936831,5214207,364544,194117631,1746759.39,3905289.29,93020,10,10,10,0,0,0,0,0,0,1143807,2043903,3401727,1213141.63,1000
1781850217,0,94020,0,351.14,999.98,1057791,1427455,1951743,2932735,5148671,364544,194117631,1741188.79,3885428.06,94020,10,10,10,0,0,0,0,0,0,1079295,2484223,4042751,1223011.71,1000
1781850218,0,95020,0,353.56,1000.25,1053695,1423359,1947647,2934783,5304319,364544,194117631,1743280.69,3889738.20,95020,10,10,10,0,0,0,0,0,0,1060863,3799039,26787839,1939961.22,1000
1781850219,0,96020,0,355.96,1000.06,1051647,1419263,1942527,2930687,5308415,364544,194117631,1738274.80,3870395.19,96020,10,10,10,0,0,0,0,0,0,1160191,2080767,5578751,1262615.42,1000
1781850220,0,97020,0,358.33,999.62,1049599,1417215,1938431,2930687,5410815,364544,194117631,1740274.78,3871371.41,97020,10,10,10,0,0,0,0,0,0,1203199,2945023,23461887,1932313.09,1000
1781850221,0,98020,0,360.70,1000.23,1046527,1414143,1935359,2926591,5386239,364544,194117631,1735658.23,3852516.94,98020,10,10,10,0,0,0,0,0,0,1128447,2404351,3471359,1287760.51,1000
1781850222,0,99020,0,363.04,1000.01,1042943,1410047,1930239,2920447,5320703,364544,194117631,1729751.47,3833735.73,99020,10,10,10,0,0,0,0,0,0,1061887,1997823,2418687,1150770.43,1000
1781850223,0,100020,0,365.37,999.73,1040383,1406975,1927167,2918399,5328895,364544,194117631,1725875.24,3815767.13,100020,10,10,10,0,0,0,0,0,0,1117183,2863103,5369855,1342051.46,1000
1781850224,0,101020,0,367.68,999.71,1036799,1402879,1924095,2920447,5378047,364544,194117631,1721960.94,3798288.54,101020,10,10,10,0,0,0,0,0,0,1067007,3063807,5586943,1330452.22,1000
1781850225,0,102020,0,369.97,1000.46,1033727,1398783,1921023,2918399,5312511,364544,194117631,1717255.68,3780456.18,102020,10,10,10,0,0,0,0,0,0,1071103,2637823,3751935,1241930.50,1000
1781850226,0,103020,0,372.24,999.58,1029631,1394687,1914879,2912255,5279743,364544,194117631,1711120.12,3762900.92,103020,10,10,10,0,0,0,0,0,0,985087,1856511,2799615,1085170.30,1000
1781850227,0,104020,0,374.51,1000.46,1027583,1390591,1910783,2906111,5255167,364544,194117631,1706387.89,3745405.58,104020,10,10,10,0,0,0,0,0,0,1130495,2213887,2811903,1218873.22,1000
1781850228,0,105020,0,376.75,1000.13,1027071,1387519,1906687,2906111,5271551,364544,194117631,1703134.31,3728764.34,105020,10,10,10,0,0,0,0,0,0,1175551,2578431,6868991,1364696.83,1000
1781850229,0,106020,0,378.98,999.31,1025023,1385471,1903615,2904063,5255167,364544,194117631,1699958.91,3711947.23,106020,10,10,10,0,0,0,0,0,0,1176575,2859007,3969023,1366478.21,1000
1781850230,0,107020,0,381.19,1000.74,1022975,1383423,1901567,2906111,5263359,364544,194117631,1696750.93,3695734.59,107020,10,10,10,0,0,0,0,0,0,1143807,2994175,5337087,1356641.79,1000
1781850231,0,108020,0,383.38,999.36,1020415,1381375,1898495,2902015,5238783,364544,194117631,1692892.08,3679490.70,108020,10,10,10,0,0,0,0,0,0,1085439,2689023,4132863,1279917.70,1000
1781850232,0,109020,0,385.57,1000.37,1016319,1376255,1894399,2899967,5185535,364544,194117631,1687885.75,3663398.51,109020,10,10,10,0,0,0,0,0,0,988159,2314239,3923967,1147101.70,1000
1781850233,0,110020,0,387.73,1000.17,1013247,1373183,1890303,2902015,5230591,364544,194117631,1684357.43,3648199.09,110020,10,10,10,0,0,0,0,0,0,1007615,3313663,5558271,1299700.22,1000
1781850234,0,111020,0,389.88,999.96,1012223,1370111,1885183,2899967,5177343,364544,194117631,1680822.76,3632350.33,111020,10,10,10,0,0,0,0,0,0,1168383,2347007,3553279,1291938.05,1000
1781850235,0,112020,0,392.02,999.43,1010687,1368063,1881087,2893823,5156863,364544,194117631,1676956.78,3616726.94,112020,10,10,10,0,0,0,0,0,0,1132543,2248703,3153919,1247756.03,1000
1781850236,0,113020,0,394.14,1000.81,1009663,1366015,1876991,2889727,5128191,364544,194117631,1673214.53,3601221.38,113020,10,10,10,0,0,0,0,0,0,1183743,2134015,3287039,1254007.55,1000
1781850237,0,114020,0,396.24,999.16,1008639,1364991,1873919,2887679,5095423,364544,194117631,1669964.94,3585925.49,114020,10,10,10,0,0,0,0,0,0,1226751,2134015,3231743,1302696.19,1000
1781850238,0,115020,0,398.33,1000.88,1006591,1361919,1870847,2885631,5058559,364544,194117631,1666387.71,3570968.39,115020,10,10,10,0,0,0,0,0,0,1090559,2426879,3540991,1258512.26,1000
1781850239,0,116020,0,400.41,999.62,1003519,1358847,1867775,2883583,5013503,364544,194117631,1662299.91,3556214.09,116020,10,10,10,0,0,0,0,0,0,1051647,2273279,3272703,1192121.22,1000
1781850240,0,117020,0,402.47,999.73,1001983,1357823,1864703,2881535,5013503,364544,194117631,1659367.46,3541945.09,117020,10,10,10,0,0,0,0,0,0,1131519,2676735,3637247,1319144.06,1000
1781850241,0,118020,0,404.52,1000.14,1000447,1355775,1862655,2879487,5005311,364544,194117631,1656379.30,3527636.43,118020,10,10,10,0,0,0,0,0,0,1151999,2408447,4509695,1306705.15,1000
1781850242,0,119020,0,406.55,1000.51,998399,1353727,1858559,2877439,4980735,364544,194117631,1652938.04,3513390.25,119020,10,10,10,0,0,0,0,0,0,1124351,2359295,3352575,1246800.26,1000
1781850243,0,120020,0,408.57,999.95,997375,1351679,1856511,2873343,4964351,364544,194117631,1650051.41,3499373.65,120020,10,10,10,0,0,0,0,0,0,1137663,2435071,3252223,1306484.74,1000
1781850244,0,121020,0,410.58,999.62,996863,1349631,1852415,2871295,4972543,364544,194117631,1647764.63,3485998.69,121020,10,10,10,0,0,0,0,0,0,1233919,2258943,7335935,1373305.09,1000
1781850245,0,122020,0,412.57,999.93,994815,1347583,1850367,2869247,4952063,364544,194117631,1644488.84,3472384.11,122020,10,10,10,0,0,0,0,0,0,1076223,2363391,4179967,1248053.50,1000
1781850246,0,123020,0,414.55,999.75,992767,1345535,1847295,2867199,4935679,364544,194117631,1641050.25,3458965.33,123020,10,10,10,0,0,0,0,0,0,1046015,2230271,3821567,1221473.02,1000
1781850247,0,124020,0,416.52,1000.71,990207,1342463,1844223,2867199,4907007,364544,194117631,1637572.97,3445643.51,124020,10,10,10,0,0,0,0,0,0,1043967,2471935,3495935,1209797.76,1000
1781850248,0,125020,0,418.47,999.81,987647,1339391,1841151,2863103,4890623,364544,194117631,1633803.36,3432399.52,125020,10,10,10,0,0,0,0,0,0,1025023,2340863,2951167,1166296.45,1000
1781850249,0,126020,0,420.41,1000.01,987647,1338367,1839103,2863103,4878335,364544,194117631,1631970.49,3419393.95,126020,10,10,10,0,0,0,0,0,0,1253375,2600959,4198399,1402825.09,1000
1781850250,0,126300,0,419.95,280.07,988159,1338367,1840127,2863103,4894719,364544,194117631,1632880.81,3416577.49,126300,10,10,10,0,0,0,0,0,0,1613823,3569663,10903551,2042590.17,280
1781850251,0,126500,0,419.22,199.89,988671,1339391,1841151,2863103,4890623,364544,194117631,1633491.40,3413978.22,126500,10,10,10,0,0,0,0,0,0,1935359,2998271,3487743,2019082.24,200
1781850252,0,126700,0,418.49,200.06,989183,1340415,1843199,2865151,4886527,364544,194117631,1634191.09,3411401.46,126700,10,10,10,0,0,0,0,0,0,2068479,3059711,3356671,2076741.12,200
1781850253,0,126900,0,417.77,199.97,989695,1341439,1844223,2865151,4882431,364544,194117631,1634888.59,3408888.55,126900,10,10,10,0,0,0,0,0,0,1879039,3504127,4222975,2076759.04,200
1781850254,0,127100,0,417.06,200.03,990207,1342463,1846271,2865151,4878335,364544,194117631,1635298.65,3406273.42,127100,10,10,10,0,0,0,0,0,0,1961983,2646015,2902015,1895480.32,200
1781850255,0,127300,0,416.35,199.89,990719,1342463,1847295,2865151,4870143,364544,194117631,1635944.91,3403720.29,127300,10,10,10,0,0,0,0,0,0,2017279,3016703,3518463,2046640.64,200
1781850256,0,127500,0,415.64,199.98,991231,1343487,1848319,2865151,4874239,364544,194117631,1636367.63,3401161.50,127500,10,10,10,0,0,0,0,0,0,1875967,2945023,4980735,1905428.48,200
1781850257,0,127700,0,414.94,200.03,992255,1344511,1849343,2865151,4870143,364544,194117631,1636804.69,3398585.66,127700,10,10,10,0,0,0,0,0,0,1833983,2983935,3151871,1915432.96,200
1781850258,0,127900,0,414.25,200.17,992767,1345535,1850367,2865151,4866047,364544,194117631,1637289.73,3396009.26,127900,10,10,10,0,0,0,0,0,0,1940479,2836479,3205119,1946986.24,200
1781850259,0,128100,0,413.56,199.93,993279,1346559,1851391,2867199,4861951,364544,194117631,1637940.72,3393478.92,128100,10,10,10,0,0,0,0,0,0,1955839,3334143,3717119,2054246.40,200
1781850260,0,128300,0,412.87,199.94,993791,1347583,1853439,2867199,4857855,364544,194117631,1638480.21,3390937.17,128300,10,10,10,0,0,0,0,0,0,1991679,2949119,3733503,1984023.04,200
1781850261,0,128500,0,412.19,200.10,994303,1347583,1854463,2867199,4874239,364544,194117631,1639346.19,3388882.40,128500,10,10,10,0,0,0,0,0,0,1845247,3516415,8790015,2194876.16,200
1781850262,0,128700,0,411.51,199.97,994815,1348607,1855487,2869247,4870143,364544,194117631,1639688.73,3386335.26,128700,10,10,10,0,0,0,0,0,0,1740799,3014655,3395583,1859769.60,200
1781850263,0,128900,0,410.83,199.99,995327,1349631,1856511,2869247,4866047,364544,194117631,1640139.52,3383793.98,128900,10,10,10,0,0,0,0,0,0,1874943,2887679,3061759,1930223.36,200
1781850264,0,129100,0,410.16,200.06,995839,1350655,1858559,2869247,4861951,364544,194117631,1640682.30,3381282.96,129100,10,10,10,0,0,0,0,0,0,1887231,3153919,3731455,1990503.68,200
1781850265,0,129300,0,409.50,199.92,996351,1351679,1860607,2869247,4857855,364544,194117631,1641158.07,3378733.83,129300,10,10,10,0,0,0,0,0,0,1961983,2568191,2832383,1948268.80,200
1781850266,0,129500,0,408.84,200.10,996863,1352703,1861631,2871295,4853759,364544,194117631,1641955.23,3376279.03,129500,10,10,10,0,0,0,0,0,0,2103295,3348479,3956735,2157317.12,200
1781850267,0,129700,0,408.18,199.95,997375,1352703,1862655,2871295,4841471,364544,194117631,1642416.74,3373765.27,129700,10,10,10,0,0,0,0,0,0,1894399,2938879,3215359,1941242.88,200
1781850268,0,129900,0,407.53,199.99,997887,1353727,1863679,2871295,4841471,364544,194117631,1643041.85,3371296.98,129900,10,10,10,0,0,0,0,0,0,1923071,2981887,3864575,2048431.36,200
1781850269,0,130100,0,406.88,199.95,998399,1354751,1864703,2871295,4837375,364544,194117631,1643589.31,3368807.70,130100,10,10,10,0,0,0,0,0,0,1910783,3047423,3289087,1999159.04,200
1781850270,0,130300,0,406.23,199.93,998911,1355775,1866751,2873343,4857855,364544,194117631,1644807.08,3367471.72,130300,10,10,10,0,0,0,0,0,0,1967103,3407871,12451839,2436967.68,200
1781850271,0,130500,0,405.59,200.15,999423,1356799,1867775,2873343,4853759,364544,194117631,1645431.97,3365011.02,130500,10,10,10,0,0,0,0,0,0,1979391,3282943,3393535,2052547.84,200
1781850272,0,130700,0,404.95,199.85,999935,1357823,1868799,2875391,4841471,364544,194117631,1645791.76,3362516.33,130700,10,10,10,0,0,0,0,0,0,1775615,2914303,3194879,1880552.96,200
1781850273,0,130900,0,404.32,200.12,1000959,1358847,1869823,2875391,4841471,364544,194117631,1646395.40,3360066.65,130900,10,10,10,0,0,0,0,0,0,1951743,3145727,3694591,2040876.80,200
1781850274,0,131100,0,403.69,199.87,1001471,1358847,1870847,2875391,4837375,364544,194117631,1646825.12,3357580.56,131100,10,10,10,0,0,0,0,0,0,1943551,2766847,3104767,1928079.36,200
1781850275,0,131300,0,403.07,200.05,1001471,1359871,1872895,2875391,4829183,364544,194117631,1647332.18,3355114.01,131300,10,10,10,0,0,0,0,0,0,1930239,2936831,3112959,1979710.72,200
1781850276,0,131500,0,402.44,199.99,1001983,1360895,1873919,2875391,4825087,364544,194117631,1647903.27,3352677.09,131500,10,10,10,0,0,0,0,0,0,1983487,3035135,3287039,2022823.68,200
1781850277,0,131700,0,401.83,200.14,1002495,1360895,1874943,2875391,4837375,364544,194117631,1648721.03,3350653.17,131700,10,10,10,0,0,0,0,0,0,2014207,2838527,9691135,2186398.72,200
1781850278,0,131900,0,401.21,200.02,1003519,1361919,1876991,2877439,4829183,364544,194117631,1649408.34,3348254.38,131900,10,10,10,0,0,0,0,0,0,2018303,3123199,4321279,2102000.64,200
1781850279,0,132100,0,400.60,199.99,1004031,1362943,1879039,2877439,4825087,364544,194117631,1649959.90,3345814.26,132100,10,10,10,0,0,0,0,0,0,1985535,2994175,3188735,2013708.80,200
1781850280,0,132300,0,400.00,199.94,1004543,1363967,1880063,2879487,4866047,364544,194117631,1651645.90,3344461.60,132300,10,10,10,0,0,0,0,0,0,2168831,7589887,10567679,2765254.40,200
1781850281,0,132500,0,399.39,199.98,1004543,1364991,1882111,2881535,4861951,364544,194117631,1652423.88,3342079.62,132500,10,10,10,0,0,0,0,0,0,2129919,3229695,3772415,2167056.64,200
1781850282,0,132700,0,398.79,200.09,1005567,1366015,1884159,2881535,4857855,364544,194117631,1653116.04,3339672.88,132700,10,10,10,0,0,0,0,0,0,2113535,3049471,3338239,2111673.60,200
1781850283,0,132900,0,398.20,199.83,1006079,1367039,1886207,2883583,4853759,364544,194117631,1653885.68,3337299.51,132900,10,10,10,0,0,0,0,0,0,2179071,3221503,3975167,2164541.44,200
1781850284,0,133100,0,397.61,200.02,1006591,1368063,1887231,2883583,4857855,364544,194117631,1654512.34,3335066.84,133100,10,10,10,0,0,0,0,0,0,1960959,2998271,8097791,2070927.36,200
1781850285,0,133300,0,397.02,200.01,1007103,1368063,1889279,2883583,4853759,364544,194117631,1655067.96,3332649.61,133300,10,10,10,0,0,0,0,0,0,2067455,2801663,3178495,2024833.28,200
1781850286,0,133500,0,396.43,199.96,1007615,1369087,1890303,2883583,4853759,364544,194117631,1655815.16,3330320.66,133500,10,10,10,0,0,0,0,0,0,2111487,3354623,3713023,2153824.00,200
1781850287,0,133700,0,395.85,200.12,1008127,1370111,1892351,2885631,4870143,364544,194117631,1657159.56,3329172.75,133700,10,10,10,0,0,0,0,0,0,2017279,3420159,13000703,2554542.08,200
1781850288,0,133900,0,395.27,199.98,1008639,1371135,1893375,2885631,4866047,364544,194117631,1657759.77,3326838.38,133900,10,10,10,0,0,0,0,0,0,1967103,3356671,4155391,2059005.44,200
1781850289,0,134100,0,394.70,200.01,1009151,1372159,1895423,2885631,4861951,364544,194117631,1658427.84,3324464.20,134100,10,10,10,0,0,0,0,0,0,2060287,2922495,3659775,2105698.56,200
1781850290,0,134300,0,394.13,199.88,1009663,1373183,1897471,2887679,4878335,364544,194117631,1660207.62,3324759.39,134300,10,10,10,0,0,0,0,0,0,2083839,3395583,18153471,2853548.80,200
1781850291,0,134500,0,393.56,200.02,1010175,1374207,1898495,2889727,4874239,364544,194117631,1660959.73,3322440.60,134500,10,10,10,0,0,0,0,0,0,2115583,3608575,3942399,2166001.92,200
1781850292,0,134700,0,392.99,200.05,1011199,1374207,1900543,2891775,4874239,364544,194117631,1661725.52,3320172.42,134700,10,10,10,0,0,0,0,0,0,2040831,4009983,4857855,2176721.92,200
1781850293,0,134900,0,392.43,200.03,1011199,1375231,1901567,2893823,4870143,364544,194117631,1662403.97,3317846.66,134900,10,10,10,0,0,0,0,0,0,2066431,3213311,4300799,2119335.68,200
1781850294,0,135100,0,391.87,199.94,1012223,1376255,1903615,2893823,4866047,364544,194117631,1663043.13,3315501.18,135100,10,10,10,0,0,0,0,0,0,2099199,3047423,3514367,2094156.80,200
1781850295,0,135300,0,391.32,200.10,1012735,1377279,1904639,2893823,4861951,364544,194117631,1663634.32,3313198.60,135300,10,10,10,0,0,0,0,0,0,1940479,3653631,4163583,2062986.24,200
1781850296,0,135500,0,390.77,199.90,1013247,1378303,1905663,2895871,4857855,364544,194117631,1664322.19,3310908.20,135500,10,10,10,0,0,0,0,0,0,2079743,3327999,4222975,2129667.84,200
1781850297,0,135700,0,390.22,199.96,1013759,1379327,1907711,2897919,4853759,364544,194117631,1664960.01,3308600.30,135700,10,10,10,0,0,0,0,0,0,2080767,3104767,4382719,2097079.04,200
1781850298,0,135900,0,389.67,200.15,1013759,1380351,1908735,2897919,4845567,364544,194117631,1665540.96,3306267.05,135900,10,10,10,0,0,0,0,0,0,2051071,2994175,3368959,2059714.56,200
1781850299,0,136100,0,389.13,199.90,1014271,1381375,1909759,2897919,4841471,364544,194117631,1665984.73,3303931.29,136100,10,10,10,0,0,0,0,0,0,1865727,2953215,3194879,1967530.24,200
1781850300,0,136300,0,388.59,200.04,1014783,1381375,1910783,2899967,4841471,364544,194117631,1666503.30,3301634.91,136300,10,10,10,0,0,0,0,0,0,2002943,3235839,4554751,2019386.88,200
1781850301,0,136500,0,388.06,200.00,1015295,1382399,1912831,2899967,4837375,364544,194117631,1667109.73,3299344.23,136500,10,10,10,0,0,0,0,0,0,2014207,2973695,3813375,2080394.24,200
1781850302,0,136700,0,387.52,200.03,1015807,1383423,1914879,2899967,4833279,364544,194117631,1667793.19,3297058.73,136700,10,10,10,0,0,0,0,0,0,2105343,3119103,3708927,2134254.08,200
1781850303,0,136900,0,386.99,199.95,1016319,1384447,1915903,2902015,4853759,364544,194117631,1668612.32,3294962.94,136900,10,10,10,0,0,0,0,0,0,2007039,4202495,6926335,2228488.96,200
1781850304,0,137100,0,386.47,200.08,1016831,1385471,1916927,2902015,4841471,364544,194117631,1669137.85,3292653.71,137100,10,10,10,0,0,0,0,0,0,2042879,2969599,3360767,2028862.72,200
1781850305,0,137300,0,385.94,199.83,1017343,1385471,1918975,2902015,4845567,364544,194117631,1669679.58,3290395.66,137300,10,10,10,0,0,0,0,0,0,2017279,3053567,5419007,2041036.80,200
1781850306,0,137500,0,385.42,200.11,1017855,1386495,1919999,2904063,4841471,364544,194117631,1670421.39,3288173.01,137500,10,10,10,0,0,0,0,0,0,2060287,3583999,4349951,2179668.48,200
1781850307,0,137700,0,384.90,199.99,1018367,1387519,1922047,2906111,4841471,364544,194117631,1671079.04,3285940.90,137700,10,10,10,0,0,0,0,0,0,2140159,3655679,4052991,2123216.64,200
1781850308,0,137900,0,384.39,200.00,1018879,1388543,1923071,2906111,4841471,364544,194117631,1671711.32,3283735.75,137900,10,10,10,0,0,0,0,0,0,1999871,3168255,5468159,2107038.72,200
1781850309,0,138100,0,383.87,200.02,1019391,1389567,1924095,2906111,4841471,364544,194117631,1672264.49,3281479.82,138100,10,10,10,0,0,0,0,0,0,2031615,3020799,4337663,2053671.68,200
1781850310,0,139588,0,386.94,1488.36,1023487,1397759,1946623,3043327,47448063,364544,345243647,3132444.12,16689030.88,139588,10,10,10,0,0,0,0,0,0,120324095,301989887,335282175,138650459.87,1488
1781850311,0,141970,0,392.45,2381.90,1029631,1412095,1985535,3448831,109314047,364544,370147327,4258714.81,21792398.42,141970,10,10,10,0,0,0,0,0,0,26886143,273416191,348127231,70259500.92,2382
1781850312,0,143944,0,396.81,1972.55,1034239,1424383,2017279,4739071,107216895,364544,370147327,4437455.35,21726375.14,143944,10,10,10,0,0,0,0,0,0,14180351,37486591,55279615,17292467.49,1974
1781850313,0,145949,0,401.23,2005.33,1039871,1435647,2051071,9633791,105447423,364544,370147327,4610328.72,21646664.06,145949,10,10,10,0,0,0,0,0,0,15589375,32325631,40828927,17021343.73,2005
1781850314,0,147930,0,405.56,1981.96,1044991,1447935,2086911,12369919,104464383,364544,370147327,4761735.00,21571495.26,147930,10,10,10,0,0,0,0,0,0,13213695,36503551,49119231,15916503.16,1981
1781850315,0,149964,0,410.01,2034.66,1051647,1461247,2127871,14835711,103153663,364544,370147327,5088496.25,21769167.92,149964,10,10,10,0,0,0,0,0,0,20070399,73727999,89587711,28853388.46,2034
1781850316,0,151940,0,414.28,1974.50,1055743,1473535,2164735,16556031,102629375,364544,370147327,5230088.91,21686470.65,151940,10,10,10,0,0,0,0,0,0,14000127,34996223,44990463,15975940.15,1976
1781850317,0,153864,0,418.39,1925.51,1060863,1485823,2203647,18628607,112328703,364544,370147327,5536412.49,22036458.46,153864,10,10,10,0,0,0,0,0,0,17530879,120455167,142737407,29727059.56,1924
1781850318,0,155895,0,422.76,2029.64,1065983,1499135,2248703,23019519,137494527,364544,370147327,6477461.71,25066941.04,155895,10,10,10,0,0,0,0,0,0,43450367,265158655,312213503,77769237.43,2031
1781850319,0,157937,0,427.14,2043.08,1072127,1511423,2293759,26935295,135135231,364544,370147327,6836933.68,25184376.23,157937,10,10,10,0,0,0,0,0,0,30932991,69402623,87293951,34280558.82,2042
1781850320,0,159910,0,431.31,1971.99,1077247,1523711,2342911,30474239,132907007,364544,370147327,7247016.79,25446726.95,159910,10,10,10,0,0,0,0,0,0,34308095,91750399,114360319,40073827.39,1973
1781850321,0,161814,0,435.27,1903.82,1081343,1538047,2392063,33718271,161611775,364544,370147327,7994968.52,27556823.86,161814,10,10,10,0,0,0,0,0,0,32505855,249823231,281542655,70812699.97,1904
1781850322,0,163866,0,439.61,2053.56,1086463,1551359,2449407,37421055,164888575,364544,370147327,8598474.89,28420794.88,163866,10,10,10,0,0,0,0,0,0,32866303,151126015,184418303,56189010.84,2052
1781850323,0,165897,0,443.87,2029.20,1091583,1566719,2512895,42631167,179961855,364544,370147327,9502098.68,30301045.28,165897,10,10,10,0,0,0,0,0,0,57147391,208666623,248381439,82408654.72,2031
1781850324,0,167926,0,448.10,2029.03,1096703,1581055,2580479,43122687,179306495,364544,370147327,9712470.48,30211033.34,167926,10,10,10,0,0,0,0,0,0,24838143,49872895,71172095,26913087.46,2029
1781850325,0,169804,0,451.90,1878.51,1101823,1594367,2650111,45613055,183762943,364544,370147327,10176669.49,30969696.39,169804,10,10,10,0,0,0,0,0,0,32980991,225968127,256638975,51684167.70,1878
1781850326,0,171585,0,455.43,1780.95,1106943,1608703,2723839,48332799,203948031,364544,471859199,11217740.27,35442087.71,171585,10,10,10,0,0,0,0,0,0,30457855,366477311,451411967,110475451.44,1781
1781850327,0,173284,0,458.72,1699.97,1111039,1620991,2807807,59604991,273416191,364544,716177407,14489852.73,51743311.44,173284,10,10,10,0,0,0,0,0,0,310640639,660078591,685768703,344946248.02,1699
1781850328,0,174978,0,461.98,1693.21,1115135,1633279,2904063,82378751,360447999,364544,716177407,18473621.01,66377678.47,174978,10,10,10,0,0,0,0,0,0,386400255,603979775,662175743,425984425.56,1694
1781850329,0,176733,0,465.39,1754.08,1120255,1647615,3031039,119930879,569901055,364544,858783743,24441184.06,90056944.19,176733,10,10,10,0,0,0,0,0,0,664272895,804782079,848297983,619422522.20,1755
1781850330,0,178450,0,468.68,1717.24,1124351,1661951,3194879,175636479,671612927,364544,1062731775,31043705.28,113246243.45,178450,10,10,10,0,0,0,0,0,0,694157311,1032323071,1056964607,710649635.34,1717
1781850331,0,180110,0,471.80,1660.54,1128447,1674239,3473407,246546431,799539199,364544,1213202431,38890288.85,140127131.64,180110,10,10,10,0,0,0,0,0,0,848297983,1157627903,1189085183,882398022.94,1660
1781850332,0,182013,0,475.54,1903.88,1133567,1689599,4198399,341049343,872939519,364544,1213202431,47311811.65,162431927.39,182013,10,10,10,0,0,0,0,0,0,856686591,1102053375,1143996415,844369336.70,1903
1781850333,0,184039,0,479.58,2025.46,1137663,1707007,6090751,515899391,1026031615,364544,1213202431,57627875.12,189178845.62,184039,10,10,10,0,0,0,0,0,0,1025507327,1108344831,1138753535,984408557.30,2026
1781850334,0,186411,0,484.49,2370.73,1143807,1726463,8335359,636485631,1041760255,364544,1213202431,67128927.45,206908242.77,186411,10,10,10,0,0,0,0,0,0,756023295,1072168959,1133510655,804297633.03,2372
1781850335,0,188507,0,488.67,2097.60,1149951,1744895,9805823,689438719,1063256063,364544,1213202431,75481620.39,221616107.57,188507,10,10,10,0,0,0,0,0,0,778567679,1150287871,1180696575,818341278.29,2096
1781850336,0,190694,0,493.06,2187.23,1155071,1764351,11395071,726138879,1062731775,364544,1213202431,82513481.56,230644182.69,190694,10,10,10,0,0,0,0,0,0,735051775,919076863,947912703,688620044.41,2187
1781850337,0,192530,0,496.53,1835.44,1160191,1780735,12836863,775421951,1062207487,364544,1213202431,88742580.68,238415095.13,192530,10,10,10,0,0,0,0,0,0,776994815,877658111,897581055,735720700.10,1836
1781850338,0,194208,0,499.57,1678.01,1164287,1796095,14024703,789577727,1069547519,364544,1213202431,94888939.79,246900672.93,194208,10,10,10,0,0,0,0,0,0,762314751,1164967935,1183842303,800108558.65,1678
1781850339,0,195929,0,502.70,1720.82,1168383,1813503,15351807,809500671,1091567615,364544,1507852287,102989145.36,261913369.76,195929,10,10,10,0,0,0,0,0,0,900726783,1456472063,1486880767,1017065103.10,1721
1781850340,0,197743,0,506.06,1814.61,1173503,1830911,16875519,834142207,1129316351,364544,1507852287,111716876.23,277453757.71,197743,10,10,10,0,0,0,0,0,0,978321407,1388314623,1401946111,1054393602.54,1814
1781850341,0,199505,0,509.26,1760.85,1177599,1847295,18481151,877133823,1349517311,364544,1516240895,121840851.62,296827741.03,199505,10,10,10,0,0,0,0,0,0,1358954495,1451229183,1495269375,1258018641.65,1762
1781850342,0,201924,0,514.12,2419.68,1183743,1870847,20873215,940048383,1379926015,364544,1605369855,134194724.19,316837868.45,201924,10,10,10,0,0,0,0,0,0,1118830591,1543503871,1581252607,1153070022.85,2419
1781850343,0,205044,0,520.74,3119.26,1191935,1902591,24084479,950534143,1379926015,364544,1605369855,143454891.94,324243802.33,205044,10,10,10,0,0,0,0,0,0,780140543,1058537471,1139802111,742765825.31,3120
1781850344,0,207682,0,526.11,2638.61,1199103,1929215,26984447,947388415,1378877439,364544,1605369855,145494660.78,324498314.04,207682,10,10,10,0,0,0,0,0,0,165019647,921174015,945291263,304039908.05,2638
1781850345,0,209882,0,530.34,2200.19,1205247,1951743,28180479,943718399,1377828863,364544,1605369855,145281333.72,323129991.29,209882,10,10,10,0,0,0,0,0,0,37257215,375914495,451936255,125143065.13,2200
1781850346,0,211940,0,534.19,2056.95,1210367,1973247,28033023,940048383,1376780287,364544,1605369855,144084398.22,321788148.16,211940,10,10,10,0,0,0,0,0,0,17399807,47251455,96927743,22016751.33,2058
1781850347,0,213970,0,537.95,2031.03,1215487,1995775,27508735,937951231,1375731711,364544,1605369855,142858238.39,320503735.95,213970,10,10,10,0,0,0,0,0,0,14000127,28360703,34340863,14842320.08,2030
1781850348,0,215957,0,541.58,1987.51,1220607,2017279,27394047,934805503,1375731711,364544,1605369855,141724070.03,319245147.85,215957,10,10,10,0,0,0,0,0,0,16048127,47710207,59179007,19591205.11,1987
1781850349,0,217949,0,545.21,1990.47,1225727,2039807,27541503,932184063,1374683135,364544,1605369855,140651004.33,317983981.26,217949,10,10,10,0,0,0,0,0,0,18186239,63438847,74055679,24317645.88,1992
1781850350,0,219761,0,548.37,1813.41,1230847,2061311,28213247,930086911,1373634559,364544,1605369855,140021117.71,316830892.34,219761,10,10,10,0,0,0,0,0,0,28786687,293863423,322437119,64257785.22,1812
1781850351,0,221826,0,552.14,2063.45,1236991,2085887,29114367,927465471,1373634559,364544,1605369855,140049985.96,315817000.25,221826,10,10,10,0,0,0,0,0,0,35880959,476053503,505151487,143122196.46,2065
1781850352,0,223899,0,555.92,2072.71,1242111,2113535,29655039,925368319,1372585983,364544,1605369855,139129317.22,314523434.79,223899,10,10,10,0,0,0,0,0,0,27230207,158859263,222035967,40611100.03,2073
1781850353,0,225703,0,559.01,1805.62,1247231,2138111,30588927,923271167,1371537407,364544,1605369855,138915482.13,313440266.49,225703,10,10,10,0,0,0,0,0,0,44171263,296484863,317456383,112375869.30,1804
1781850354,0,227660,0,562.47,1956.00,1253375,2160639,31948799,920649727,1370488831,364544,1605369855,139036959.25,312339939.36,227660,10,10,10,0,0,0,0,0,0,72089599,352059391,371458047,153047050.46,1957
1781850355,0,229834,0,566.44,2173.17,1258495,2189311,33947647,917503999,1369440255,364544,1605369855,139278794.94,311015050.10,229834,10,10,10,0,0,0,0,0,0,177602559,298319871,323485695,164603686.39,2174
1781850356,0,231825,0,569.94,1991.78,1263615,2217983,35454975,915931135,1368391679,364544,1605369855,138815173.12,309778894.95,231825,10,10,10,0,0,0,0,0,0,52625407,214302719,226230271,85296310.07,1991
1781850357,0,233866,0,573.55,2040.76,1269759,2248703,37584895,912785407,1366294527,364544,1605369855,138204190.61,308506057.45,233866,10,10,10,0,0,0,0,0,0,63602687,122224639,137232383,68806335.91,2041
1781850358,0,235938,0,577.21,2072.42,1275903,2279423,38895615,910163967,1365245951,364544,1605369855,137515055.52,307253376.02,235938,10,10,10,0,0,0,0,0,0,49905663,126222335,151126015,59732590.70,2072
1781850359,0,237827,0,580.42,1890.02,1281023,2308095,39452671,907542527,1364197375,364544,1605369855,136777057.73,306152399.96,237827,10,10,10,0,0,0,0,0,0,35717119,105644031,124190719,44600392.10,1889
1781850360,0,239638,0,583.41,1810.77,1285119,2338815,40402943,905445375,1364197375,364544,1605369855,136568377.10,305195150.08,239638,10,10,10,0,0,0,0,0,0,43089919,357040127,371720191,109163689.63,1811
1781850361,0,241670,0,586.93,2030.56,1291263,2373631,41877503,902299647,1363148799,364544,1605369855,136723826.15,304092379.34,241670,10,10,10,0,0,0,0,0,0,144572415,332398591,346030079,155056257.01,2032
1781850362,0,243903,0,590.92,2233.85,1297407,2412543,43581439,900202495,1361051647,364544,1605369855,136487408.10,302833614.23,243903,10,10,10,0,0,0,0,0,0,88866815,288358399,307232767,110900685.79,2233
1781850363,0,245863,0,594.23,1959.83,1303551,2449407,44204031,898105343,1360003071,364544,1605369855,135830331.42,301733418.61,245863,10,10,10,0,0,0,0,0,0,41123839,142868479,158466047,54063508.90,1960
1781850364,0,247660,0,597.13,1797.07,1307647,2486271,45187071,896532479,1360003071,364544,1605369855,135616766.43,300801450.30,247660,10,10,10,0,0,0,0,0,0,52756479,335806463,377487359,106397105.65,1797
1781850365,0,249940,0,601.17,2280.58,1314815,2535423,47087615,893911039,1357905919,364544,1605369855,135332434.10,299611090.87,249940,10,10,10,0,0,0,0,0,0,65077247,384040959,412090367,104447458.81,2280
1781850366,0,251938,0,604.53,1997.04,1319935,2580479,47054847,890765311,1355808767,364544,1605369855,134549813.92,298558280.19,251938,10,10,10,0,0,0,0,0,0,27983871,95879167,115277823,36647867.84,1998
1781850367,0,253782,0,607.49,1843.79,1325055,2623487,47153151,888668159,1354760191,364544,1605369855,133917083.46,297592240.92,253782,10,10,10,0,0,0,0,0,0,32849919,198967295,237240319,47469770.13,1844
1781850368,0,255731,0,610.70,1949.59,1330175,2676735,48922623,886571007,1353711615,364544,1605369855,133913065.66,296650269.45,255731,10,10,10,0,0,0,0,0,0,83099647,381157375,403701759,133389902.02,1949
1781850369,0,257858,0,614.31,2126.74,1336319,2738175,49577983,884473855,1351614463,364544,1605369855,133580968.79,295583413.35,257858,10,10,10,0,0,0,0,0,0,42237951,322961407,341835775,93652682.92,2127
1781850370,0,258340,0,613.99,482.12,1337343,2744319,49741823,883949567,1350565887,364544,1605369855,133413529.31,295337954.98,258340,10,10,10,0,0,0,0,0,0,33374207,113049599,127401983,43837572.25,482
1781850371,0,258540,0,613.01,200.06,1337343,2740223,49643519,883949567,1350565887,364544,1605369855,133312071.54,295246218.90,258540,10,10,10,0,0,0,0,0,0,2168831,3508223,4816895,2259077.12,200
1781850372,0,258740,0,612.04,199.87,1337343,2736127,49577983,883425279,1350565887,364544,1605369855,133210548.81,295154659.47,258740,10,10,10,0,0,0,0,0,0,1939455,2795519,3129343,1972108.80,200
1781850373,0,258940,0,611.06,200.05,1338367,2729983,49512447,883425279,1350565887,364544,1605369855,133109251.23,295063148.02,258940,10,10,10,0,0,0,0,0,0,2027519,3026943,3383295,2060581.12,200
1781850374,0,259140,0,610.10,200.09,1338367,2725887,49446911,882900991,1350565887,364544,1605369855,133008192.02,294971678.72,259140,10,10,10,0,0,0,0,0,0,2072575,3659775,4218879,2166832.64,200
1781850375,0,259340,0,609.13,199.97,1338367,2721791,49348607,882900991,1350565887,364544,1605369855,132907335.31,294880268.33,259340,10,10,10,0,0,0,0,0,0,1940479,3371007,8200191,2227289.60,200
1781850376,0,259540,0,608.17,199.86,1338367,2717695,49315839,882376703,1350565887,364544,1605369855,132806463.08,294789010.65,259540,10,10,10,0,0,0,0,0,0,1855487,3194879,5926911,2005440.00,200
1781850377,0,259740,0,607.22,200.05,1339391,2715647,49184767,882376703,1350565887,364544,1605369855,132706154.86,294697655.35,259740,10,10,10,0,0,0,0,0,0,2084863,3926015,13074431,2536184.32,200
1781850378,0,259940,0,606.27,199.96,1339391,2711551,49086463,881852415,1350565887,364544,1605369855,132605796.34,294606463.18,259940,10,10,10,0,0,0,0,0,0,2166783,3487743,4341759,2270190.08,200
1781850379,0,260140,0,605.32,200.00,1339391,2707455,48955391,881852415,1350565887,364544,1605369855,132505371.11,294515446.56,260140,10,10,10,0,0,0,0,0,0,2033663,2963455,3168255,1982690.56,200
1781850380,0,260340,0,604.38,200.05,1339391,2705407,48824319,881852415,1350565887,364544,1605369855,132405213.83,294424457.27,260340,10,10,10,0,0,0,0,0,0,2125823,3047423,3307519,2130649.60,200
1781850381,0,260540,0,603.45,200.11,1340415,2701311,48693247,881852415,1350565887,364544,1605369855,132305219.15,294333541.90,260540,10,10,10,0,0,0,0,0,0,2050047,3770367,4575231,2142144.00,200
1781850382,0,260740,0,602.51,199.91,1340415,2697215,48562175,881852415,1349517311,364544,1605369855,132205452.92,294242671.81,260740,10,10,10,0,0,0,0,0,0,2063359,3551231,6934527,2239976.96,200
1781850383,0,260940,0,601.59,200.09,1340415,2693119,48463871,881328127,1349517311,364544,1605369855,132105613.70,294151977.89,260940,10,10,10,0,0,0,0,0,0,1954815,2693119,3467263,1945219.84,200
1781850384,0,261140,0,600.66,199.93,1340415,2691071,48398335,881328127,1349517311,364544,1605369855,132006164.96,294061257.23,261140,10,10,10,0,0,0,0,0,0,2127871,3930111,5677055,2255393.28,200
1781850385,0,261340,0,599.74,199.92,1341439,2686975,48300031,881328127,1349517311,364544,1605369855,131906795.56,293970645.37,261340,10,10,10,0,0,0,0,0,0,2109439,3268607,4358143,2160180.48,200
1781850386,0,261540,0,598.83,200.13,1341439,2684927,48201727,880803839,1349517311,364544,1605369855,131807593.01,293880104.37,261540,10,10,10,0,0,0,0,0,0,2061311,3530751,5218303,2179612.16,200
1781850387,0,261740,0,597.92,199.93,1341439,2680831,48037887,880803839,1349517311,364544,1605369855,131708525.35,293789647.45,261740,10,10,10,0,0,0,0,0,0,2140159,2955263,4214783,2157748.48,200
1781850388,0,261940,0,597.01,199.99,1342463,2676735,47906815,880279551,1349517311,364544,1605369855,131609506.18,293699312.79,261940,10,10,10,0,0,0,0,0,0,1985535,2867199,4214783,2023116.80,200
1781850389,0,262140,0,596.11,200.05,1342463,2674687,47808511,880279551,1349517311,364544,1605369855,131511700.28,293608629.47,262140,10,10,10,0,0,0,0,0,0,2095103,4313087,32833535,3415313.92,200
1781850390,0,262340,0,595.21,200.05,1342463,2670591,47710207,880279551,1348468735,364544,1605369855,131412958.10,293518459.47,262340,10,10,10,0,0,0,0,0,0,1977343,2922495,4081663,1991586.56,200
1781850391,0,262540,0,594.31,199.87,1342463,2664447,47611903,879755263,1347420159,364544,1605369855,131314371.87,293428363.55,262540,10,10,10,0,0,0,0,0,0,1986559,2887679,3225599,1998812.16,200
1781850392,0,262740,0,593.42,199.96,1343487,2660351,47513599,879755263,1346371583,364544,1605369855,131215993.87,293338319.13,262740,10,10,10,0,0,0,0,0,0,1893375,4046847,5312511,2075193.60,200
1781850393,0,262940,0,592.54,200.05,1343487,2656255,47415295,879755263,1346371583,364544,1605369855,131117740.43,293248361.69,262940,10,10,10,0,0,0,0,0,0,1982463,3033087,3790847,2042200.32,200
1781850394,0,263140,0,591.65,200.09,1343487,2652159,47349759,879230975,1346371583,364544,1605369855,131019650.56,293158474.30,263140,10,10,10,0,0,0,0,0,0,2016255,2934783,3106815,2060899.84,200
1781850395,0,263340,0,590.78,199.95,1344511,2650111,47284223,879230975,1346371583,364544,1605369855,130921818.13,293068616.52,263340,10,10,10,0,0,0,0,0,0,1988607,3371007,6066175,2203683.84,200
1781850396,0,263540,0,589.90,199.90,1344511,2648063,47185919,878706687,1346371583,364544,1605369855,130823959.19,292978910.95,263540,10,10,10,0,0,0,0,0,0,1915903,2932735,3237887,1973091.84,200
1781850397,0,263740,0,589.03,199.99,1344511,2643967,47087615,878706687,1346371583,364544,1605369855,130726309.85,292889254.64,263740,10,10,10,0,0,0,0,0,0,2013183,3110911,3592191,2053774.08,200
1781850398,0,263940,0,588.16,200.10,1344511,2641919,47022079,878706687,1346371583,364544,1605369855,130628832.23,292799664.52,263940,10,10,10,0,0,0,0,0,0,1928191,3043327,6172671,2085100.80,200
1781850399,0,264140,0,587.30,200.08,1345535,2637823,46923775,878182399,1346371583,364544,1605369855,130531414.00,292710188.26,264140,10,10,10,0,0,0,0,0,0,1957887,2836479,3356671,1968565.76,200
1781850400,0,264340,0,586.44,200.00,1345535,2635775,46858239,878182399,1346371583,364544,1605369855,130434949.97,292620451.99,264340,10,10,10,0,0,0,0,0,0,2056191,7204863,25001983,3034909.44,200
1781850401,0,264540,0,585.59,199.98,1345535,2631679,46727167,877658111,1346371583,364544,1605369855,130337844.29,292531119.38,264540,10,10,10,0,0,0,0,0,0,1936383,2865151,3176447,1993264.64,200
1781850402,0,264740,0,584.73,199.92,1345535,2627583,46628863,877658111,1346371583,364544,1605369855,130240939.22,292441838.94,264740,10,10,10,0,0,0,0,0,0,1969151,3248127,4853759,2064608.00,200
1781850403,0,264940,0,583.89,199.95,1345535,2625535,46497791,877133823,1345323007,364544,1605369855,130144122.86,292352659.06,264940,10,10,10,0,0,0,0,0,0,1984511,2826239,3145727,1988305.92,200
1781850404,0,265140,0,583.04,199.98,1346559,2623487,46432255,877133823,1345323007,364544,1605369855,130047448.35,292263556.57,265140,10,10,10,0,0,0,0,0,0,1867775,3147775,3649535,1982728.96,200
1781850405,0,265340,0,582.20,200.06,1346559,2619391,46366719,876609535,1345323007,364544,1605369855,129950941.72,292174519.74,265340,10,10,10,0,0,0,0,0,0,1991679,3213311,4321279,2012094.72,200
1781850406,0,265540,0,581.36,199.99,1346559,2615295,46301183,876609535,1345323007,364544,1605369855,129854600.89,292085548.99,265540,10,10,10,0,0,0,0,0,0,1995775,2844671,3473407,2039225.60,200
1781850407,0,265740,0,580.53,199.94,1346559,2613247,46202879,876609535,1345323007,364544,1605369855,129758438.75,291996638.82,265740,10,10,10,0,0,0,0,0,0,2019327,3178495,4333567,2083961.60,200
1781850408,0,265940,0,579.70,200.16,1347583,2611199,46137343,876085247,1345323007,364544,1605369855,129662452.56,291907790.48,265940,10,10,10,0,0,0,0,0,0,1931263,3358719,5439487,2125601.28,200
1781850409,0,266140,0,578.88,199.84,1347583,2607103,46039039,875560959,1345323007,364544,1605369855,129566451.26,291819086.16,266140,10,10,10,0,0,0,0,0,0,1919999,2621439,2902015,1913528.32,200
1781850410,0,266340,0,578.05,200.02,1347583,2605055,45940735,875036671,1345323007,364544,1605369855,129471103.07,291730238.51,266340,10,10,10,0,0,0,0,0,0,2091007,6254591,9453567,2591264.00,200
1781850411,0,266540,0,577.24,200.14,1347583,2603007,45875199,874512383,1345323007,364544,1605369855,129375579.13,291641601.56,266540,10,10,10,0,0,0,0,0,0,2091007,3532799,4177919,2166351.36,200
1781850412,0,266740,0,576.42,200.00,1348607,2600959,45809663,873988095,1345323007,364544,1605369855,129280542.47,291552900.57,266740,10,10,10,0,0,0,0,0,0,2023423,3061759,16941055,2625185.28,200
1781850413,0,266940,0,575.61,199.85,1348607,2596863,45711359,873988095,1344274431,364544,1605369855,129185245.03,291464439.37,266940,10,10,10,0,0,0,0,0,0,1939455,3917823,4980735,2087048.96,200
1781850414,0,267140,0,574.80,200.06,1348607,2594815,45613055,873463807,1344274431,364544,1605369855,129090054.37,291376068.02,267140,10,10,10,0,0,0,0,0,0,1980415,3162111,3651583,2039082.24,200
1781850415,0,267340,0,574.00,200.09,1348607,2592767,45514751,873463807,1344274431,364544,1605369855,128995043.55,291287754.82,267340,10,10,10,0,0,0,0,0,0,2003967,3194879,3371007,2089095.68,200
1781850416,0,267540,0,573.19,200.02,1348607,2590719,45416447,873463807,1344274431,364544,1605369855,128900517.05,291199374.07,267540,10,10,10,0,0,0,0,0,0,1976319,3391487,13180927,2546940.16,200
1781850417,0,267740,0,572.40,199.96,1349631,2586623,45350911,872939519,1344274431,364544,1605369855,128805687.34,291111254.25,267740,10,10,10,0,0,0,0,0,0,1898495,3045375,3254271,1951982.08,200
1781850418,0,267940,0,571.60,199.93,1349631,2584575,45285375,872939519,1344274431,364544,1605369855,128710994.43,291023210.59,267940,10,10,10,0,0,0,0,0,0,1916927,3041279,3350527,1945589.76,200
1781850419,0,268140,0,570.81,199.98,1349631,2582527,45219839,872939519,1344274431,364544,1605369855,128616584.87,290935179.42,268140,10,10,10,0,0,0,0,0,0,2042879,3459071,4337663,2136110.08,200
1781850420,0,268340,0,570.02,200.11,1350655,2580479,45154303,872415231,1344274431,364544,1605369855,128522256.39,290847247.92,268340,10,10,10,0,0,0,0,0,0,2028543,2983935,3287039,2056056.32,200
1781850421,0,268540,0,569.24,199.90,1350655,2576383,45088767,872415231,1344274431,364544,1605369855,128428008.09,290759416.63,268540,10,10,10,0,0,0,0,0,0,1843199,3203071,3557375,1975060.48,200
1781850422,0,268740,0,568.46,200.10,1350655,2574335,45023231,872415231,1344274431,364544,1605369855,128333951.86,290671636.68,268740,10,10,10,0,0,0,0,0,0,1965055,3190783,3708927,2044660.48,200
1781850423,0,268940,0,567.68,199.85,1350655,2572287,44957695,871890943,1343225855,364544,1605369855,128240637.65,290583685.12,268940,10,10,10,0,0,0,0,0,0,2154495,3117055,19447807,2854324.48,200
1781850424,0,269140,0,566.91,200.12,1351679,2568191,44924927,871890943,1343225855,364544,1605369855,128146788.58,290496083.86,269140,10,10,10,0,0,0,0,0,0,1941503,2918399,3837951,1947952.64,200
1781850425,0,269340,0,566.13,199.96,1351679,2566143,44826623,871890943,1343225855,364544,1605369855,128053159.89,290408521.22,269340,10,10,10,0,0,0,0,0,0,1907711,3397631,4718591,2057026.56,200
1781850426,0,269540,0,565.37,200.08,1351679,2564095,44761087,871366655,1343225855,364544,1605369855,127959712.42,290321013.64,269540,10,10,10,0,0,0,0,0,0,2039807,3196927,4964351,2114004.48,200
1781850427,0,269740,0,564.60,199.92,1351679,2564095,44695551,871366655,1343225855,364544,1605369855,127866378.71,290233590.31,269740,10,10,10,0,0,0,0,0,0,1943551,3381247,4354047,2080545.28,200
1781850428,0,269940,0,563.84,199.94,1352703,2562047,44662783,871366655,1341128703,364544,1605369855,127773102.50,290146275.06,269940,10,10,10,0,0,0,0,0,0,1918975,2945023,3266559,1971473.92,200
1781850429,0,270140,0,563.08,200.00,1352703,2557951,44597247,871366655,1341128703,364544,1605369855,127680010.58,290059013.13,270140,10,10,10,0,0,0,0,0,0,1960959,3153919,4435967,2033843.20,200
1781850430,0,272109,0,566.01,1969.25,1357823,2594815,46465023,869269503,1340080127,364544,1605369855,127940698.93,289142548.57,272109,10,10,10,0,0,0,0,0,0,150732799,357302271,375914495,163706240.85,1969
1781850431,0,274448,0,569.69,2339.65,1363967,2643967,49381375,866648063,1336934399,364544,1605369855,129474018.70,289226741.00,274448,10,10,10,0,0,0,0,0,0,347078655,712507391,739770367,307853713.89,2339
1781850432,0,276290,0,572.32,1842.35,1369087,2686975,51773439,876609535,1334837247,364544,1605369855,133098759.84,292724155.48,276290,10,10,10,0,0,0,0,0,0,735576063,1124073471,1153433599,673165512.13,1842
1781850433,0,278294,0,575.28,2004.11,1374207,2734079,54984703,900202495,1364197375,364544,1605369855,139904894.94,303416806.37,278294,10,10,10,0,0,0,0,0,0,1216348159,1430257663,1457520639,1078261715.03,2004
1781850434,0,279876,0,577.36,1580.85,1378303,2775039,57802751,935854079,1396703231,364544,1990197247,147596644.77,320259731.17,279876,10,10,10,0,0,0,0,0,0,1594884095,1926234111,1971322879,1500673651.86,1582
1781850435,0,281504,0,579.52,1629.01,1383423,2820095,61014015,986185727,1497366527,364544,2415919103,158175727.22,348957789.64,281504,10,10,10,0,0,0,0,0,0,2075131903,2382364671,2405433343,1976868159.53,1628
1781850436,0,283427,0,582.28,1922.88,1388543,2877439,65634303,1035468799,1900019711,364544,2967470079,173384387.62,394551132.56,283427,10,10,10,0,0,0,0,0,0,2516582399,2875195391,2950692863,2399748786.12,1923
1781850437,0,285536,0,585.41,2107.94,1393663,2955263,71499775,1086324735,2317352959,364544,3170893823,191728149.90,447930612.18,285536,10,10,10,0,0,0,0,0,0,2757754879,3118465023,3158310911,2656933228.64,2109
1781850438,0,287432,0,588.09,1896.14,1399807,3033087,77660159,1138753535,2673868799,364544,3527409663,209858642.92,500158524.63,287432,10,10,10,0,0,0,0,0,0,3175088127,3474980863,3506438143,2940295591.43,1896
1781850439,0,288425,0,588.92,993.53,1402879,3080191,81199103,1185939455,2885681151,364544,4194303999,221174753.53,535791578.02,288425,10,10,10,0,0,0,0,0,0,3699376127,4143972351,4183818239,3496715848.70,993
1781850440,0,290414,0,591.77,1987.61,1407999,3190783,89260031,1349517311,3378511871,364544,4768923647,246653571.23,617141380.63,290414,10,10,10,0,0,0,0,0,0,4049600511,4680843263,4743757823,3941338334.92,1989
1781850441,0,292586,0,594.99,2172.64,1414143,3373055,99287039,1429209087,3690987519,364544,5054136319,276198139.08,705193955.13,292586,10,10,10,0,0,0,0,0,0,4601151487,4974444543,5007998975,4226546263.69,2172
1781850442,0,294521,0,597.70,1934.63,1419263,3637247,108920831,1741684735,4303355903,364544,5263851519,304812571.07,787462080.28,294521,10,10,10,0,0,0,0,0,0,5003804671,5230297087,5251268607,4631521717.12,1935
1781850443,0,296217,0,599.93,1696.51,1424383,4003839,118161407,2124414975,4676648959,364544,5792333823,331366158.16,860835548.27,296217,10,10,10,0,0,0,0,0,0,5339348991,5599395839,5771362303,4942562516.53,1696
1781850444,0,298433,0,603.20,2215.27,1430527,4808703,131268607,2384461823,4995416063,364544,6178209791,366656402.51,951775062.28,298433,10,10,10,0,0,0,0,0,0,4513071103,5997854719,6090129407,5083971524.85,2216
1781850445,0,300246,0,605.64,1813.86,1435647,5656575,144703487,2822766591,5301600255,364544,6757023743,399257694.52,1039040162.23,300246,10,10,10,0,0,0,0,0,0,6186598399,6702497791,6736052223,5765667720.83,1813
1781850446,0,302022,0,607.99,1775.36,1440767,6533119,161611775,3221225471,5809111039,364544,7054819327,433841055.40,1130786342.78,302022,10,10,10,0,0,0,0,0,0,6744440831,6983516159,7025459199,6280415250.45,1776
1781850447,0,303674,0,610.09,1652.38,1445887,7180287,179961855,3502243839,6203375615,364544,7344226303,467169457.78,1215646974.02,303674,10,10,10,0,0,0,0,0,0,7050625023,7302283263,7340031999,6560335767.86,1652
1781850448,0,305675,0,612.88,2000.45,1452031,7888895,203030527,3816816639,6757023743,364544,7709130751,509492271.29,1320464459.26,305675,10,10,10,0,0,0,0,0,0,7432306687,7679770623,7696547839,6932449827.57,2001
1781850449,0,307979,0,616.26,2304.92,1458175,8708095,227147775,4395630591,7197425663,364544,7876902911,560051714.62,1439771062.33,307979,10,10,10,0,0,0,0,0,0,7679770623,7843348479,7860125695,7267845916.44,2304
1781850450,0,310625,0,620.32,2647.13,1466367,9428991,257163263,4731174911,7650410495,364544,8254390271,617404641.18,1562728333.84,310625,10,10,10,0,0,0,0,0,0,7818182655,8120172543,8241807359,7292951492.40,2646
1781850451,0,312918,0,623.65,2291.79,1473535,10027007,279183359,5238685695,7784628223,364544,8518631423,667639476.03,1664832769.70,312918,10,10,10,0,0,0,0,0,0,7847542783,8476688383,8489271295,7472783642.24,2293
1781850452,0,315070,0,626.69,2151.63,1479679,10633215,303562751,5742002175,7918845951,364544,8564768767,717074417.13,1764751242.11,315070,10,10,10,0,0,0,0,0,0,8334082047,8522825727,8543797247,7905309966.28,2152
1781850453,0,316380,0,628.05,1309.83,1482751,10993663,318504959,5930745855,8233418751,364544,8933867519,747090951.97,1823001321.28,316380,10,10,10,0,0,0,0,0,0,8396996607,8900313087,8925478911,7966411280.42,1310
1781850454,0,318165,0,630.34,1786.11,1488895,11476991,338165759,6161432575,8422162431,364544,9294577663,788807539.91,1903195527.92,318165,10,10,10,0,0,0,0,0,0,8615100415,9244246015,9286189055,8182809833.48,1785
1781850455,0,319748,0,632.22,1581.96,1492991,11927551,354156543,6375342079,8527020031,364544,9495904255,826397356.14,1974822692.32,319748,10,10,10,0,0,0,0,0,0,9126805503,9453961215,9479127039,8381522991.22,1583
1781850456,0,322020,0,635.46,2271.79,1500159,12632063,394264575,6572474367,9068085247,364544,11702108159,887890314.95,2100706029.24,322020,10,10,10,0,0,0,0,0,0,9537847295,11333009407,11626610687,9542049907.38,2272
1781850457,0,331082,0,652.05,9065.17,1527807,14901247,596115455,7436500991,9529458687,364544,12297699327,1047765672.32,2330882552.08,331082,10,10,10,0,0,0,0,0,0,6593445887,11475615743,12012486655,6728968781.86,9062
1781850458,0,331875,0,652.33,792.88,1529855,15097855,611319807,7587495935,9823059967,364544,12297699327,1069462412.98,2371502715.12,331875,10,10,10,0,0,0,0,0,0,10519314431,10745806847,10938744831,10127974761.56,793
1781850459,0,332389,0,652.06,514.35,1531903,15269887,621805567,7662993407,10099884031,364544,12297699327,1085345980.85,2403803659.41,332389,10,10,10,0,0,0,0,0,0,11450449919,11517558783,11593056255,11340908408.53,514
1781850460,0,332562,0,651.12,172.95,1531903,15319039,625999871,7671382015,10208935935,364544,12356419583,1091027381.81,2416050556.54,332562,10,10,10,0,0,0,0,0,0,12012486655,12348030975,12356419583,12006837680.09,173
1781850461,0,332580,0,649.88,17.99,1531903,15319039,625999871,7671382015,10225713151,364544,12415139839,1091639815.00,2417418895.07,332580,10,10,10,0,0,0,0,0,0,12406751231,12415139839,12415139839,12406751232.00,18
1781850462,0,332580,0,648.62,0.00,1531903,15319039,625999871,7671382015,10225713151,364544,12415139839,1091639815.00,2417418895.07,332580,10,10,10,0,0,0,0,0,0,0,0,0,0.00,0
1781850463,0,332580,0,647.35,0.00,1531903,15319039,625999871,7671382015,10225713151,364544,12415139839,1091639815.00,2417418895.07,332580,10,10,10,0,0,0,0,0,0,0,0,0,0.00,0
1781850464,0,332661,0,646.25,80.98,1532927,15343615,628621311,7675576319,10225713151,364544,12415139839,1093353072.65,2419616440.31,332661,10,10,10,0,0,0,0,0,0,8141144063,8199864319,8199864319,8127862101.33,81
1781850465,0,332724,0,645.12,63.03,1532927,15351807,629669887,7679770623,10225713151,364544,12415139839,1094958017.95,2422201981.69,332724,10,10,10,0,0,0,0,0,0,9856614399,9881780223,9881780223,9569604169.14,63
1781850466,0,333201,0,644.80,476.91,1534975,15474687,639631359,7704936447,10410262527,364544,12415139839,1108316611.71,2446046384.39,333201,10,10,10,0,0,0,0,0,0,10435428351,10494148607,10502537215,10426397848.42,477
1781850467,0,334970,0,646.97,1769.26,1540095,15949823,666894335,7876902911,10963910655,364544,16198402047,1173298493.30,2600004941.77,334970,10,10,10,0,0,0,0,0,0,13413384191,15913189375,16139681791,13412997718.54,1769
1781850468,0,334972,0,645.73,2.00,1540095,15949823,666894335,7876902911,10963910655,364544,20635975679,1173414648.02,2600431700.58,334972,10,10,10,0,0,0,0,0,0,20635975679,20635975679,20635975679,20627587072.00,2
1781850469,0,342209,0,658.41,7233.95,1563647,18071551,771227647,8942256127,17649631231,364544,21374173183,1517752042.33,3493914595.41,342209,10,10,10,0,0,0,0,0,0,17431527423,20820525055,21172846591,17455763047.93,7237
1781850470,0,348986,0,670.16,6778.89,1586175,19955711,845152255,10427039743,19444793343,364544,22045261823,1767737323.03,3938258767.28,348986,10,10,10,0,0,0,0,0,0,12985565183,21458059263,21827158015,14390905822.91,6777
1781850471,0,354104,0,678.68,5117.08,1603583,21528575,929038335,12004098047,19914555391,364544,22716350463,1980668673.90,4303614892.48,354104,10,10,10,0,0,0,0,0,0,16550723583,21894266879,22548578303,16500023971.46,5118
1781850472,0,358497,0,685.79,4394.13,1618943,22872063,1026555903,13136560127,20065550335,364544,22716350463,2130263451.21,4496101767.89,358497,10,10,10,0,0,0,0,0,0,13748928511,20451426303,21038628863,14188562797.03,4393
1781850473,0,359669,0,686.71,1171.42,1622015,23265279,1047003135,13681819647,20065550335,364544,22716350463,2178775670.69,4569077262.53,359669,10,10,10,0,0,0,0,0,0,17498636287,19075694591,19226689535,17017926820.26,1172
1781850474,0,359851,0,685.75,182.09,1622015,23314431,1051197439,13774094335,20065550335,364544,22716350463,2185436887.29,4577559376.65,359851,10,10,10,0,0,0,0,0,0,15007219711,17666408447,17683185663,15349355081.14,182
1781850475,0,361605,0,687.78,1753.74,1628159,23904255,1084227583,14428405759,20048773119,364544,22716350463,2253758098.09,4671090035.79,361605,10,10,10,0,0,0,0,0,0,16080961535,18572378111,18807259135,16270551728.89,1754
1781850476,0,361995,0,687.22,390.15,1629183,24051711,1090519039,14554234879,20048773119,364544,22716350463,2267855351.52,4688281772.03,361995,10,10,10,0,0,0,0,0,0,15342764031,15921577983,15963521023,15338720292.76,390
1781850477,0,363752,0,689.25,1755.42,1636351,24657919,1128267775,14864613375,20048773119,364544,22716350463,2328577805.84,4757893743.88,363752,10,10,10,0,0,0,0,0,0,15065939967,15971909631,16047407103,14839235091.52,1757
1781850478,0,364777,0,689.88,1025.20,1640447,25001983,1163919359,14940110847,20031995903,364544,22716350463,2362324090.86,4793827684.81,364777,10,10,10,0,0,0,0,0,0,14336131071,15871246335,16013852671,14338205717.98,1025
1781850479,0,367102,0,692.97,2326.02,1648639,25739263,1293942783,15124660223,20031995903,364544,22716350463,2444410731.23,4888319144.75,367102,10,10,10,0,0,0,0,0,0,15317598207,16433283071,16592666623,15323257361.40,2325
1781850480,0,370238,0,697.57,3135.85,1659903,27049983,1418723327,15292432383,20015218687,364544,22716350463,2554273772.07,5011655605.58,370238,10,10,10,0,0,0,0,0,0,15174991871,17364418559,17565745151,15414905793.31,3136
1781850481,0,372017,0,699.61,1779.44,1666047,27672575,1534066687,15401484287,19998441471,364544,22716350463,2613952589.41,5073619380.74,372017,10,10,10,0,0,0,0,0,0,14336131071,16382951423,16458448895,15034057127.64,1779
1781850482,0,373952,0,701.92,1933.56,1673215,28393471,1864368127,15569256447,19998441471,364544,22716350463,2679304736.89,5141222200.69,373952,10,10,10,0,0,0,0,0,0,15720251391,16106127359,16190013439,15243702591.64,1935
1781850483,0,396909,0,743.62,22977.78,1759231,38830079,4454350847,16835936255,21994930175,364544,26289897471,3347212859.12,5894128036.30,396909,10,10,10,0,0,0,0,0,0,14554234879,24830279679,25836912639,14226926154.56,22957
1781850484,0,399120,0,746.36,2210.50,1768447,40140799,4466933759,16819159039,21978152959,364544,26289897471,3363755562.33,5900791309.84,399120,10,10,10,0,0,0,0,0,0,2275409919,16718495743,16827547647,6333428918.01,2211
1781850485,0,400172,0,746.93,1051.29,1772543,40796159,4538236927,16877879295,21978152959,364544,26289897471,3393496601.32,5925019352.97,400172,10,10,10,0,0,0,0,0,0,15317598207,17314086911,17330864127,14676998011.62,1052
1781850486,0,401062,0,747.20,890.78,1775615,41353215,4626317311,16928210943,21961375743,364544,26289897471,3421735175.90,5949730434.64,401062,10,10,10,0,0,0,0,0,0,15762194431,17901289471,17951621119,16118686708.49,890
1781850487,0,401960,0,747.48,897.42,1778687,41844735,4706009087,17037262847,21961375743,364544,26289897471,3452342449.82,5978380873.88,401960,10,10,10,0,0,0,0,0,0,17985175551,18253611007,18253611007,17122069059.28,898
1781850488,0,403604,0,749.14,1643.51,1785855,43024383,4903141375,17330864127,21944598527,364544,26289897471,3514279467.71,6046393968.27,403604,10,10,10,0,0,0,0,0,0,19008585727,21441282047,21659385855,18657955690.51,1644
1781850489,0,403604,0,747.76,0.00,1785855,43024383,4903141375,17330864127,21944598527,364544,26289897471,3514279467.71,6046393968.27,403604,10,10,10,0,0,0,0,0,0,0,0,0,0.00,0
1781850490,0,406718,0,752.13,3114.42,1798143,45023231,5268045823,17381195775,21927821311,364544,26289897471,3592943260.07,6094158554.17,406718,10,10,10,0,0,0,0,0,0,13698596863,18085838847,18488492031,13788518485.50,3114
1781850491,0,407155,0,751.55,437.03,1800191,45285375,5339348991,17381195775,21927821311,364544,26289897471,3599079880.79,6093779454.90,407155,10,10,10,0,0,0,0,0,0,9319743487,9957277695,10015997951,9310462270.68,437
1781850492,0,407155,0,750.17,0.00,1800191,45285375,5339348991,17381195775,21927821311,364544,26289897471,3599079880.79,6093779454.90,407155,10,10,10,0,0,0,0,0,0,0,0,0,0.00,0
1781850493,0,407155,0,748.79,0.00,1800191,45285375,5339348991,17381195775,21927821311,364544,26289897471,3599079880.79,6093779454.90,407155,10,10,10,0,0,0,0,0,0,0,0,0,0.00,0
1781850494,0,407155,0,747.41,0.00,1800191,45285375,5339348991,17381195775,21927821311,364544,26289897471,3599079880.79,6093779454.90,407155,10,10,10,0,0,0,0,0,0,0,0,0,0.00,0
1781850495,0,407245,0,746.21,90.02,1800191,45350911,5343543295,17381195775,21927821311,364544,26289897471,3600929703.55,6094376253.23,407245,10,10,10,0,0,0,0,0,0,11970543615,12020875263,12020875263,11969425134.93,90
1781850496,0,407386,0,745.10,140.92,1801215,45449215,5351931903,17381195775,21927821311,364544,26289897471,3604192729.65,6095844747.00,407386,10,10,10,0,0,0,0,0,0,13044285439,13346275327,13354663935,13028668350.64,141
1781850497,0,407500,0,743.95,114.02,1801215,45547519,5364514815,17381195775,21927821311,364544,26289897471,3606954929.03,6097229735.66,407500,10,10,10,0,0,0,0,0,0,13321109503,13857980415,13866369023,13477844021.89,114
1781850498,0,407539,0,742.66,39.00,1802239,45580287,5364514815,17381195775,21927821311,364544,26289897471,3607975589.72,6097830677.17,407539,10,10,10,0,0,0,0,0,0,14302576639,14428405759,14428405759,14272571234.46,39
1781850499,0,407539,0,741.31,0.00,1802239,45580287,5364514815,17381195775,21927821311,364544,26289897471,3607975589.72,6097830677.17,407539,10,10,10,0,0,0,0,0,0,0,0,0,0.00,0
1781850500,0,407566,0,740.02,27.00,1802239,45613055,5368709119,17381195775,21927821311,364544,26289897471,3608834149.47,6098540965.19,407566,10,10,10,0,0,0,0,0,0,16575889407,16609443839,16609443839,16567966833.78,27
1781850501,0,407566,0,738.67,0.00,1802239,45613055,5368709119,17381195775,21927821311,364544,26289897471,3608834149.47,6098540965.19,407566,10,10,10,0,0,0,0,0,0,0,0,0,0.00,0
1781850502,0,408726,0,739.44,1160.08,1807359,46563327,5460983807,17599299583,22867345407,364544,31490834431,3682792262.99,6245918357.40,408726,10,10,10,0,0,0,0,0,0,29729226751,31306285055,31457279999,29667975450.48,1160
1781850503,0,423913,0,765.53,15181.02,1870847,63635455,6828326911,20401094655,29393682431,364544,33906753535,4441253119.46,7360237096.70,423913,10,10,10,0,0,0,0,0,0,25853689855,32665239551,33655095295,24853623700.73,15187
1781850504,0,441425,0,795.71,17513.09,1947647,107806719,8531214335,22682796031,30467424255,364544,34527510527,5123920404.00,8048416569.92,441425,10,10,10,0,0,0,0,0,0,21474836479,31725715455,33990639615,21649247984.68,17512
1781850505,0,443384,0,797.81,1959.09,1956863,114753535,8673820671,22867345407,30450647039,364544,34527510527,5196962246.65,8106463137.97,443384,10,10,10,0,0,0,0,0,0,21827158015,24293408767,24545067007,21655612267.03,1959
1781850506,0,445361,0,799.93,1976.90,1965055,121503743,8967421951,22833790975,30450647039,364544,34527510527,5251818983.37,8132084218.48,445361,10,10,10,0,0,0,0,0,0,18253611007,20082327551,20132659199,17554600650.78,1977
1781850507,0,445839,0,799.35,478.10,1967103,123863039,9026142207,22817013759,30450647039,364544,34527510527,5266299692.15,8140046381.18,445839,10,10,10,0,0,0,0,0,0,19360907263,19662897151,19713228799,18758230530.14,478
1781850508,0,446212,0,798.59,372.96,1969151,125566975,9076473855,22817013759,30450647039,364544,34527510527,5277507791.92,8145950496.96,446212,10,10,10,0,0,0,0,0,0,18840813567,19176357887,19209912319,18674312068.46,373
1781850509,0,453879,0,810.86,7667.60,2004991,168296447,10024386559,23521656831,30400315391,364544,34527510527,5546298989.65,8349676250.88,453879,10,10,10,0,0,0,0,0,0,22062039039,25853689855,26222788607,21189687266.88,7667
1781850510,0,455290,0,811.93,1411.20,2011135,177864703,9940500479,23504879615,30400315391,364544,34527510527,5545979550.30,8338224593.23,455290,10,10,10,0,0,0,0,0,0,5368709119,9395240959,14805893119,5443224898.95,1411
1781850511,0,456915,0,813.37,1625.00,2018303,191365119,10116661247,23488102399,30383538175,364544,34527510527,5572251495.78,8338835112.43,456915,10,10,10,0,0,0,0,0,0,13228834815,20451426303,21726494719,12933084761.80,1625
1781850512,0,457523,0,813.01,607.84,2021375,196214783,10133438463,23471325183,30383538175,364544,34527510527,5576567069.15,8334819048.34,457523,10,10,10,0,0,0,0,0,0,9747562495,11408506879,13572767743,8819741749.89,608
1781850513,0,460533,0,816.91,3008.93,2035711,214040575,10116661247,23437770751,30366760959,364544,34527510527,5575695291.65,8316025674.10,460533,10,10,10,0,0,0,0,0,0,3844079615,13849591807,14554234879,5443184243.75,3010
1781850514,0,462612,0,819.14,2079.64,2043903,223608831,10066329599,23404216319,30366760959,364544,34527510527,5572172735.76,8301130671.09,462612,10,10,10,0,0,0,0,0,0,4626317311,10552868863,10997465087,4791868150.27,2079
1781850515,0,463160,0,818.66,547.96,2040831,220200959,10041163775,23404216319,30349983743,364544,34527510527,5565600993.80,8298415593.10,463160,10,10,10,0,0,0,0,0,0,1756159,157417471,297271295,17851557.14,548
1781850516,0,463660,0,818.10,499.88,2035711,216137727,10024386559,23404216319,30349983743,364544,34527510527,5559600966.86,8295950107.47,463660,10,10,10,0,0,0,0,0,0,1498111,2822143,4390911,1656012.80,500
1781850517,0,464159,0,817.54,499.41,2032639,213385215,9999220735,23387439103,30349983743,364544,34527510527,5553626721.03,8293489209.51,464159,10,10,10,0,0,0,0,0,0,1617919,6705151,26886143,2486798.36,499
1781850518,0,464660,0,816.98,500.90,2028543,209584127,9965666303,23387439103,30349983743,364544,34527510527,5547640678.84,8291019223.89,464660,10,10,10,0,0,0,0,0,0,1623039,3096575,3952639,1781679.78,501
1781850519,0,465157,0,816.42,497.12,2025471,206700543,9932111871,23370661887,30349983743,364544,34527510527,5541715148.03,8288569247.74,465157,10,10,10,0,0,0,0,0,0,1669119,2979839,3911679,1761132.68,497
1781850520,0,465659,0,815.87,501.62,2021375,202637311,9906946047,23370661887,30349983743,364544,34527510527,5535743600.35,8286094407.95,465659,10,10,10,0,0,0,0,0,0,1652735,5603327,23363583,2462318.15,502
1781850521,0,466160,0,815.32,500.94,2017279,198836223,9873391615,23370661887,30333206527,364544,34527510527,5529796061.29,8283625272.55,466160,10,10,10,0,0,0,0,0,0,1581055,3395583,4251647,1801870.05,501
1781850522,0,466660,0,814.77,500.24,2014207,195428351,9856614399,23353884671,30333206527,364544,34527510527,5523873126.60,8281161374.11,466660,10,10,10,0,0,0,0,0,0,1557503,3536895,4636671,1802651.39,500
1781850523,0,467160,0,814.22,499.68,2010111,191889407,9823059967,23353884671,30333206527,364544,34527510527,5517964573.43,8278696664.21,467160,10,10,10,0,0,0,0,0,0,1486847,15368191,44204031,3393725.44,500
1781850524,0,467657,0,813.67,497.48,2007039,187957247,9797894143,23353884671,30333206527,364544,34527510527,5512102218.21,8276248250.93,467657,10,10,10,0,0,0,0,0,0,1480703,3344383,4063231,1724224.90,497
1781850525,0,468160,0,813.13,502.63,2002943,184025087,9764339711,23337107455,30333206527,364544,34527510527,5506181871.99,8273770549.06,468160,10,10,10,0,0,0,0,0,0,1454079,4171775,5394431,1825311.30,503
1781850526,0,468660,0,812.58,500.02,1998847,179699711,9730785279,23337107455,30333206527,364544,34527510527,5500309174.91,8271308146.31,468660,10,10,10,0,0,0,0,0,0,1380351,3133439,3733503,1585441.28,500
1781850527,0,469159,0,812.04,499.39,1994751,175243263,9705619455,23320330239,30333206527,364544,34527510527,5494460859.01,8268850923.79,469159,10,10,10,0,0,0,0,0,0,1548287,3250175,4313087,1731942.09,499
1781850528,0,469660,0,811.50,500.61,1990655,171966463,9672065023,23320330239,30333206527,364544,34527510527,5488601582.11,8266384239.19,469660,10,10,10,0,0,0,0,0,0,1469439,3485695,5185535,1710380.46,501
1781850529,0,470159,0,810.96,499.38,1986559,168689663,9655287807,23320330239,30316429311,364544,34527510527,5482778217.63,8263927708.66,470159,10,10,10,0,0,0,0,0,0,1686527,3618815,4292607,1813562.48,499
1781850530,0,470660,0,810.43,500.60,1983487,165412863,9630121983,23303553023,30316429311,364544,34527510527,5476943940.31,8261461720.45,470660,10,10,10,0,0,0,0,0,0,1642495,3694591,4440063,1818216.75,501
1781850531,0,471152,0,809.88,492.18,1979391,161349631,9613344767,23303553023,30316429311,364544,34527510527,5471226604.00,8259040384.19,471152,10,10,10,0,0,0,0,0,0,1508351,4171775,6152191,1873942.37,492
1781850532,0,471660,0,809.36,507.74,1975295,158466047,9588178943,23286775807,30316429311,364544,34527510527,5465336746.50,8256540133.27,471660,10,10,10,0,0,0,0,0,0,1483775,7086079,36077567,2702610.14,508
1781850533,0,472160,0,808.83,500.07,1971199,155320319,9571401727,23286775807,30316429311,364544,34527510527,5459551014.72,8254080344.03,472160,10,10,10,0,0,0,0,0,0,1599487,3254271,3909631,1754515.97,500
1781850534,0,472656,0,808.30,496.31,1967103,152043519,9554624511,23286775807,30316429311,364544,34527510527,5453823692.05,8251640638.23,472656,10,10,10,0,0,0,0,0,0,1579007,3522559,4583423,1782016.77,496
1781850535,0,473158,0,807.78,501.99,1964031,149291007,9546235903,23269998591,30316429311,364544,34527510527,5448039113.15,8249171991.95,473158,10,10,10,0,0,0,0,0,0,1433599,2877439,3956735,1593042.61,502
1781850536,0,473651,0,807.24,493.09,1959935,146407423,9537847295,23269998591,30316429311,364544,34527510527,5442370331.14,8246747940.99,473651,10,10,10,0,0,0,0,0,0,1570815,3043327,5320703,1742425.31,493
1781850537,0,474160,0,806.73,508.75,1956863,142999551,9521070079,23269998591,30299652095,364544,34527510527,5436530173.56,8244245532.11,474160,10,10,10,0,0,0,0,0,0,1701887,4030463,6049791,1959490.39,509
1781850538,0,474660,0,806.21,499.99,1953791,140509183,9512681471,23253221375,30299652095,364544,34527510527,5430805211.26,8241788015.50,474660,10,10,10,0,0,0,0,0,0,1531903,3055615,4173823,1708960.77,500
1781850539,0,475156,0,805.69,496.28,1949695,138149887,9504292863,23253221375,30299652095,364544,34527510527,5425138094.15,8239350536.46,475156,10,10,10,0,0,0,0,0,0,1460223,3891199,9854975,1844129.55,496
1781850540,0,475660,0,805.18,503.96,1946623,135659519,9495904255,23236444159,30299652095,364544,34527510527,5419391563.15,8236874308.16,475660,10,10,10,0,0,0,0,0,0,1465343,3506175,5177343,1735448.38,504
1781850541,0,476157,0,804.66,497.01,1942527,132972543,9470738431,23236444159,30299652095,364544,34527510527,5413736753.70,8234432966.33,476157,10,10,10,0,0,0,0,0,0,1511423,3756031,4624383,1731396.76,497
1781850542,0,476660,0,804.15,502.61,1939455,130678783,9462349823,23236444159,30299652095,364544,34527510527,5408025817.13,8231962569.97,476660,10,10,10,0,0,0,0,0,0,1501183,4028415,5988351,1857968.10,503
1781850543,0,477160,0,803.63,499.91,1936383,128843775,9445572607,23219666943,30282874879,364544,34527510527,5402361588.09,8229506954.27,477160,10,10,10,0,0,0,0,0,0,1528831,6443007,28409855,2538764.29,500
1781850544,0,477660,0,803.12,500.06,1933311,127139839,9428795391,23219666943,30282874879,364544,34527510527,5396708429.48,8227052376.89,477660,10,10,10,0,0,0,0,0,0,1615871,3229695,4171775,1786105.34,500
1781850545,0,478160,0,802.61,499.98,1930239,124780543,9412018175,23219666943,30282874879,364544,34527510527,5391066963.30,8224598414.51,478160,10,10,10,0,0,0,0,0,0,1494015,3074047,3739647,1661494.53,500
1781850546,0,478660,0,802.11,500.25,1927167,122421247,9395240959,23202889727,30282874879,364544,34527510527,5385437603.48,8222144780.43,478660,10,10,10,0,0,0,0,0,0,1586175,3917823,12304383,1968220.67,500
1781850547,0,479155,0,801.59,495.13,1924095,120455167,9386852351,23202889727,30282874879,364544,34527510527,5379875883.45,8219716369.97,479155,10,10,10,0,0,0,0,0,0,1585151,3248127,4032511,1748788.23,495
1781850548,0,479660,0,801.10,504.66,1921023,118947839,9370075135,23202889727,30282874879,364544,34527510527,5374213671.88,8217239437.25,479660,10,10,10,0,0,0,0,0,0,1608703,3563519,4251647,1784000.89,505
1781850549,0,480157,0,800.59,497.40,1917951,117243903,9361686527,23186112511,30282874879,364544,34527510527,5368652819.99,8214802283.32,480157,10,10,10,0,0,0,0,0,0,1675263,3434495,4313087,1815356.52,497
1781850550,0,481743,0,801.90,1585.71,1924095,120258559,9311354879,23169335295,30266097663,364544,34527510527,5351772660.14,8206530333.71,481743,10,10,10,0,0,0,0,0,0,239599615,568852479,589299711,241352159.72,1586
1781850551,0,483669,0,803.77,1926.18,1931263,127926271,9252634623,23135780863,30266097663,364544,34527510527,5334054192.54,8194972936.28,483669,10,10,10,0,0,0,0,0,0,875560959,1171259391,1193279487,902201786.35,1926
1781850552,0,484570,0,803.93,900.85,1934335,131465215,9219080191,23135780863,30249320447,364544,34527510527,5326795974.69,8189079736.70,484570,10,10,10,0,0,0,0,0,0,1419771903,1720713215,1745879039,1430486349.00,901
1781850553,0,486321,0,805.50,1751.13,1941503,139853823,9151971327,23119003647,30249320447,364544,34527510527,5316117867.79,8176257969.24,486321,10,10,10,0,0,0,0,0,0,2361393151,2575302655,2820669439,2361069177.35,1751
1781850554,0,487532,0,806.17,1210.70,1946623,146800639,9118416895,23102226431,30232543231,364544,34527510527,5310214358.62,8166963613.93,487532,10,10,10,0,0,0,0,0,0,2847932415,3359637503,3409969151,2939445998.88,1211
1781850555,0,488627,0,806.64,1095.02,1950719,153485311,9084862463,23085449215,30232543231,364544,34527510527,5306900974.00,8158121065.75,488627,10,10,10,0,0,0,0,0,0,3892314111,4362076159,4387241983,3831667157.45,1095
1781850556,0,489593,0,806.91,965.91,1954815,159383551,9042919423,23068671999,30232543231,364544,34527510527,5305732068.58,8150118925.44,489593,10,10,10,0,0,0,0,0,0,4710203391,5125439487,5200936959,4714470423.32,966
1781850557,0,490885,0,807.70,1292.00,1959935,167903231,8984199167,23051894783,30215766015,364544,34527510527,5306114465.54,8139396549.02,490885,10,10,10,0,0,0,0,0,0,5410652159,5892997119,5918162943,5451020712.82,1292
1781850558,0,492407,0,808.88,1522.19,1965055,177733631,8933867519,23035117567,30215766015,364544,34527510527,5308636650.33,8126943706.60,492407,10,10,10,0,0,0,0,0,0,6115295231,6467616767,6631194623,6122107531.27,1522
1781850559,0,495137,0,812.03,2730.18,1977343,197656575,8799649791,23001563135,30198988799,364544,34527510527,5315502030.20,8105050053.16,495137,10,10,10,0,0,0,0,0,0,6547308543,6979321855,7205814271,6553802801.51,2730
1781850560,0,497800,0,815.06,2662.64,1987583,214695935,8673820671,22968008703,30182211583,364544,34527510527,5325659670.11,8084546828.26,497800,10,10,10,0,0,0,0,0,0,7210008575,7612661759,7742685183,7214290294.15,2663
1781850561,0,499340,0,816.24,1539.67,1993727,224919551,8623489023,22951231487,30182211583,364544,34527510527,5332659676.00,8073065116.08,499340,10,10,10,0,0,0,0,0,0,7633633279,7973371903,8057257983,7595388853.53,1540
1781850562,0,501854,0,819.02,2514.41,2004991,242745343,8640266239,22917677055,30165434367,364544,34527510527,5347595240.49,8055609001.83,501854,10,10,10,0,0,0,0,0,0,8199864319,8917090303,9000976383,8314152430.49,2514
1781850563,0,504932,0,822.70,3079.44,2017279,263847935,8749318143,22867345407,30148657151,364544,34527510527,5369400073.03,8035890545.09,504932,10,10,10,0,0,0,0,0,0,8808038399,9445572607,9479127039,8924579548.57,3078
1781850564,0,508566,0,827.27,3633.57,2032639,286261247,8891924479,22817013759,30131879935,364544,34527510527,5396063381.39,8013357021.54,508566,10,10,10,0,0,0,0,0,0,8967421951,9831448575,9923723263,9100839830.61,3634
1781850565,0,511672,0,830.97,3106.18,2046975,306184191,9017753599,22783459327,30115102719,364544,34527510527,5420545271.00,7995200930.82,511672,10,10,10,0,0,0,0,0,0,9655287807,9940500479,10015997951,9429127587.36,3106
1781850566,0,515114,0,835.20,3440.95,2062335,330301439,9185525759,22733127679,30081548287,364544,34527510527,5449840921.57,7976493020.03,515114,10,10,10,0,0,0,0,0,0,9906946047,10292822015,10385096703,9804798538.67,3442
1781850567,0,518235,0,838.90,3121.96,2076671,350486527,9336520703,22699573247,30081548287,364544,34527510527,5478213564.64,7960817745.80,518235,10,10,10,0,0,0,0,0,0,10250878975,10561257471,10603200511,10161054213.09,3121
1781850568,0,520516,0,841.23,2279.83,2085887,368574463,9445572607,22666018815,30064771071,364544,34527510527,5500477397.36,7950468099.63,520516,10,10,10,0,0,0,0,0,0,10485759999,11156848639,11223957503,10558740154.08,2281
1781850569,0,523512,0,844.71,2997.24,2101247,408944639,9588178943,22632464383,30047993855,364544,34527510527,5532300335.76,7938786529.95,523512,10,10,10,0,0,0,0,0,0,11081351167,11316232191,11341398015,11061121631.02,2996
1781850570,0,525741,0,846.94,2227.33,2111487,452198399,9739173887,22598909951,30031216639,364544,34527510527,5557704163.36,7931507732.95,525741,10,10,10,0,0,0,0,0,0,11509170175,11819548671,11878268927,11524150370.77,2229
1781850571,0,527873,0,849.01,2132.84,2121727,485752831,9831448575,22582132735,30014439423,364544,34527510527,5583533023.46,7925862153.67,527873,10,10,10,0,0,0,0,0,0,11945377791,12129927167,12197036031,11952806352.93,2132
1781850572,0,531049,0,852.74,3174.76,2138111,529006591,9940500479,22531801087,29997662207,364544,34527510527,5625782777.02,7920879550.67,531049,10,10,10,0,0,0,0,0,0,12658409471,12809404415,12826181631,12647981819.49,3176
1781850573,0,534628,0,857.11,3579.12,2154495,573571071,10158604287,22498246655,29980884991,364544,34527510527,5674216480.44,7916348650.02,534628,10,10,10,0,0,0,0,0,0,12817793023,13161725951,13203668991,12860768526.09,3579
1781850574,0,536296,0,858.41,1669.42,2162687,592969727,10259267583,22464692223,29980884991,364544,34527510527,5697849906.93,7915366978.37,536296,10,10,10,0,0,0,0,0,0,13312720895,13874757631,13899923455,13272844833.15,1668
1781850575,0,538272,0,860.20,1975.05,2172927,616038399,10368319487,22447915007,29964107775,364544,34527510527,5727849185.68,7916274215.67,538272,10,10,10,0,0,0,0,0,0,13857980415,14201913343,14369685503,13869799183.55,1976
1781850576,0,539710,0,861.12,1437.96,2179071,638582783,10418651135,22431137791,29964107775,364544,34527510527,5752014599.24,7919539062.43,539710,10,10,10,0,0,0,0,0,0,14864613375,15099494399,15208546303,14797609515.44,1438
1781850577,0,540525,0,861.05,815.18,2183167,647495679,10443816959,22414360575,29947330559,364544,34527510527,5766799473.12,7922713754.84,540525,10,10,10,0,0,0,0,0,0,15661531135,15879634943,15921577983,15557651349.20,815
1781850578,0,541525,0,861.27,1000.16,2189311,656932863,10485759999,22414360575,29947330559,364544,34527510527,5785742924.77,7927654874.29,541525,10,10,10,0,0,0,0,0,0,16064184319,16668164095,16684941311,16025152126.98,1000
1781850579,0,541820,0,860.37,294.80,2189311,660078591,10502537215,22414360575,29947330559,364544,34527510527,5791962020.94,7929974568.47,541820,10,10,10,0,0,0,0,0,0,17246978047,17414750207,17431527423,17208219835.44,295
1781850580,0,541820,0,859.01,0.00,2189311,660078591,10502537215,22414360575,29947330559,364544,34527510527,5791962020.94,7929974568.47,541820,10,10,10,0,0,0,0,0,0,0,0,0,0.00,0
1781850581,0,542715,0,859.06,894.79,2195455,668467199,10552868863,22397583359,29947330559,364544,34527510527,5810994919.80,7937286016.92,542715,10,10,10,0,0,0,0,0,0,17347641343,18119393279,18186502143,17333235432.83,895
1781850582,0,542873,0,857.95,157.94,2195455,670040063,10561257471,22397583359,29947330559,364544,34527510527,5814534218.74,7938841426.68,542873,10,10,10,0,0,0,0,0,0,17968398335,18119393279,18119393279,17971690068.25,158
1781850583,0,543711,0,857.92,838.27,2199551,678428671,10619977727,22380806143,29930553343,364544,34527510527,5831847584.13,7944971342.46,543711,10,10,10,0,0,0,0,0,0,17070817279,17767071743,17834180607,17047788649.09,838
1781850584,0,543731,0,856.60,19.99,2199551,678952959,10619977727,22380806143,29930553343,364544,34527510527,5832293939.89,7945166082.36,543731,10,10,10,0,0,0,0,0,0,17968398335,17985175551,17985175551,17966720614.40,20
1781850585,0,543844,0,855.43,113.00,2201599,680001535,10628366335,22380806143,29930553343,364544,34527510527,5834853541.83,7946324495.91,543844,10,10,10,0,0,0,0,0,0,18169724927,18236833791,18236833791,18151091825.27,113
1781850586,0,544719,0,855.46,875.35,2205695,687341567,10695475199,22380806143,29930553343,364544,34527510527,5855215824.78,7956175488.27,544719,10,10,10,0,0,0,0,0,0,18522046463,19277021183,19344130047,18511107719.17,875
1781850587,0,544719,0,854.12,0.00,2205695,687341567,10695475199,22380806143,29930553343,364544,34527510527,5855215824.78,7956175488.27,544719,10,10,10,0,0,0,0,0,0,0,0,0,0.00,0
1781850588,0,544719,0,852.78,0.00,2205695,687341567,10695475199,22380806143,29930553343,364544,34527510527,5855215824.78,7956175488.27,544719,10,10,10,0,0,0,0,0,0,0,0,0,0.00,0
1781850589,0,544719,0,851.45,0.00,2205695,687341567,10695475199,22380806143,29930553343,364544,34527510527,5855215824.78,7956175488.27,544719,10,10,10,0,0,0,0,0,0,0,0,0,0.00,0
1781850590,0,544719,0,850.12,0.00,2205695,687341567,10695475199,22380806143,29930553343,364544,34527510527,5855215824.78,7956175488.27,544719,10,10,10,0,0,0,0,0,0,0,0,0,0.00,0
1781850591,0,544719,0,848.80,0.00,2205695,687341567,10695475199,22380806143,29930553343,364544,34527510527,5855215824.78,7956175488.27,544719,10,10,10,0,0,0,0,0,0,0,0,0,0.00,0
1781850592,0,544719,0,847.48,0.00,2205695,687341567,10695475199,22380806143,29930553343,364544,34527510527,5855215824.78,7956175488.27,544719,10,10,10,0,0,0,0,0,0,0,0,0,0.00,0
1781850593,0,544719,0,846.16,0.00,2205695,687341567,10695475199,22380806143,29930553343,364544,34527510527,5855215824.78,7956175488.27,544719,10,10,10,0,0,0,0,0,0,0,0,0,0.00,0
1781850594,0,544725,0,844.86,6.00,2205695,687341567,10695475199,22380806143,29930553343,364544,34527510527,5855436749.41,7956410135.16,544725,10,10,10,0,0,0,0,0,0,25920798719,25920798719,25920798719,25912410112.00,6
1781850595,0,544725,0,843.55,0.00,2205695,687341567,10695475199,22380806143,29930553343,364544,34527510527,5855436749.41,7956410135.16,544725,10,10,10,0,0,0,0,0,0,0,0,0,0.00,0
1781850596,0,544725,0,842.25,0.00,2205695,687341567,10695475199,22380806143,29930553343,364544,34527510527,5855436749.41,7956410135.16,544725,10,10,10,0,0,0,0,0,0,0,0,0,0.00,0
1781850597,0,544725,0,840.95,0.00,2205695,687341567,10695475199,22380806143,29930553343,364544,34527510527,5855436749.41,7956410135.16,544725,10,10,10,0,0,0,0,0,0,0,0,0,0.00,0
1781850598,0,544725,0,839.65,0.00,2205695,687341567,10695475199,22380806143,29930553343,364544,34527510527,5855436749.41,7956410135.16,544725,10,10,10,0,0,0,0,0,0,0,0,0,0.00,0
1781850599,0,544725,0,838.36,0.00,2205695,687341567,10695475199,22380806143,29930553343,364544,34527510527,5855436749.41,7956410135.16,544725,10,10,10,0,0,0,0,0,0,0,0,0,0.00,0
1781850600,0,544725,0,837.07,0.00,2205695,687341567,10695475199,22380806143,29930553343,364544,34527510527,5855436749.41,7956410135.16,544725,10,10,10,0,0,0,0,0,0,0,0,0,0.00,0
1781850601,0,544725,0,835.78,0.00,2205695,687341567,10695475199,22380806143,29930553343,364544,34527510527,5855436749.41,7956410135.16,544725,10,10,10,0,0,0,0,0,0,0,0,0,0.00,0
1781850602,0,544725,0,834.50,0.00,2205695,687341567,10695475199,22380806143,29930553343,364544,34527510527,5855436749.41,7956410135.16,544725,10,10,10,0,0,0,0,0,0,0,0,0,0.00,0
1781850603,0,544725,0,833.23,0.00,2205695,687341567,10695475199,22380806143,29930553343,364544,34527510527,5855436749.41,7956410135.16,544725,10,10,10,0,0,0,0,0,0,0,0,0,0.00,0
1781850604,0,544725,0,831.95,0.00,2205695,687341567,10695475199,22380806143,29930553343,364544,34527510527,5855436749.41,7956410135.16,544725,10,10,10,0,0,0,0,0,0,0,0,0,0.00,0
1781850605,0,544725,0,830.69,0.00,2205695,687341567,10695475199,22380806143,29930553343,364544,34527510527,5855436749.41,7956410135.16,544725,10,10,10,0,0,0,0,0,0,0,0,0,0.00,0
1781850606,0,544725,0,829.42,0.00,2205695,687341567,10695475199,22380806143,29930553343,364544,34527510527,5855436749.41,7956410135.16,544725,10,10,10,0,0,0,0,0,0,0,0,0,0.00,0
1781850607,0,544725,0,828.16,0.00,2205695,687341567,10695475199,22380806143,29930553343,364544,34527510527,5855436749.41,7956410135.16,544725,10,10,10,0,0,0,0,0,0,0,0,0,0.00,0
1781850608,0,544725,0,826.90,0.00,2205695,687341567,10695475199,22380806143,29930553343,364544,34527510527,5855436749.41,7956410135.16,544725,10,10,10,0,0,0,0,0,0,0,0,0,0.00,0
1781850609,0,544725,0,825.65,0.00,2205695,687341567,10695475199,22380806143,29930553343,364544,34527510527,5855436749.41,7956410135.16,544725,10,10,10,0,0,0,0,0,0,0,0,0,0.00,0
1781850610,0,544725,0,824.40,0.00,2205695,687341567,10695475199,22380806143,29930553343,364544,34527510527,5855436749.41,7956410135.16,544725,10,10,10,0,0,0,0,0,0,0,0,0,0.00,0
1781850611,0,544725,0,823.15,0.00,2205695,687341567,10695475199,22380806143,29930553343,364544,34527510527,5855436749.41,7956410135.16,544725,10,10,10,0,0,0,0,0,0,0,0,0,0.00,0
1781850612,0,544725,0,821.91,0.00,2205695,687341567,10695475199,22380806143,29930553343,364544,34527510527,5855436749.41,7956410135.16,544725,10,10,10,0,0,0,0,0,0,0,0,0,0.00,0
1781850613,0,544725,0,820.67,0.00,2205695,687341567,10695475199,22380806143,29930553343,364544,34527510527,5855436749.41,7956410135.16,544725,10,10,10,0,0,0,0,0,0,0,0,0,0.00,0
1781850614,0,544725,0,819.44,0.00,2205695,687341567,10695475199,22380806143,29930553343,364544,34527510527,5855436749.41,7956410135.16,544725,10,10,10,0,0,0,0,0,0,0,0,0,0.00,0
1781850615,0,544725,0,818.21,0.00,2205695,687341567,10695475199,22380806143,29930553343,364544,34527510527,5855436749.41,7956410135.16,544725,10,10,10,0,0,0,0,0,0,0,0,0,0.00,0
1781850616,0,544725,0,816.98,0.00,2205695,687341567,10695475199,22380806143,29930553343,364544,34527510527,5855436749.41,7956410135.16,544725,10,10,10,0,0,0,0,0,0,0,0,0,0.00,0
1781850617,0,544725,0,815.76,0.00,2205695,687341567,10695475199,22380806143,29930553343,364544,34527510527,5855436749.41,7956410135.16,544725,10,10,10,0,0,0,0,0,0,0,0,0,0.00,0
1781850618,0,544725,0,814.54,0.00,2205695,687341567,10695475199,22380806143,29930553343,364544,34527510527,5855436749.41,7956410135.16,544725,10,10,10,0,0,0,0,0,0,0,0,0,0.00,0
1781850619,0,544725,0,813.32,0.00,2205695,687341567,10695475199,22380806143,29930553343,364544,34527510527,5855436749.41,7956410135.16,544725,10,10,10,0,0,0,0,0,0,0,0,0,0.00,0
1781850620,0,544725,0,812.11,0.00,2205695,687341567,10695475199,22380806143,29930553343,364544,34527510527,5855436749.41,7956410135.16,544725,10,10,10,0,0,0,0,0,0,0,0,0,0.00,0
1781850621,0,544725,0,810.90,0.00,2205695,687341567,10695475199,22380806143,29930553343,364544,34527510527,5855436749.41,7956410135.16,544725,10,10,10,0,0,0,0,0,0,0,0,0,0.00,0
1781850622,0,544725,0,809.70,0.00,2205695,687341567,10695475199,22380806143,29930553343,364544,34527510527,5855436749.41,7956410135.16,544725,10,10,10,0,0,0,0,0,0,0,0,0,0.00,0
1781850623,0,544725,0,808.49,0.00,2205695,687341567,10695475199,22380806143,29930553343,364544,34527510527,5855436749.41,7956410135.16,544725,10,10,10,0,0,0,0,0,0,0,0,0,0.00,0
1781850624,0,544725,0,807.30,0.00,2205695,687341567,10695475199,22380806143,29930553343,364544,34527510527,5855436749.41,7956410135.16,544725,10,10,10,0,0,0,0,0,0,0,0,0,0.00,0
1781850625,0,544725,0,806.10,0.00,2205695,687341567,10695475199,22380806143,29930553343,364544,34527510527,5855436749.41,7956410135.16,544725,10,10,10,0,0,0,0,0,0,0,0,0,0.00,0
1781850626,0,544725,0,804.91,0.00,2205695,687341567,10695475199,22380806143,29930553343,364544,34527510527,5855436749.41,7956410135.16,544725,10,10,10,0,0,0,0,0,0,0,0,0,0.00,0
1781850627,0,544725,0,803.72,0.00,2205695,687341567,10695475199,22380806143,29930553343,364544,34527510527,5855436749.41,7956410135.16,544725,10,10,10,0,0,0,0,0,0,0,0,0,0.00,0
1781850628,0,544725,0,802.54,0.00,2205695,687341567,10695475199,22380806143,29930553343,364544,34527510527,5855436749.41,7956410135.16,544725,10,10,10,0,0,0,0,0,0,0,0,0,0.00,0
1781850629,0,544725,0,801.36,0.00,2205695,687341567,10695475199,22380806143,29930553343,364544,34527510527,5855436749.41,7956410135.16,544725,10,10,10,0,0,0,0,0,0,0,0,0,0.00,0
1781850630,0,544725,0,800.18,0.00,2205695,687341567,10695475199,22380806143,29930553343,364544,34527510527,5855436749.41,7956410135.16,544725,10,10,10,0,0,0,0,0,0,0,0,0,0.00,0
1781850631,0,544725,0,799.01,0.00,2205695,687341567,10695475199,22380806143,29930553343,364544,34527510527,5855436749.41,7956410135.16,544725,10,10,10,0,0,0,0,0,0,0,0,0,0.00,0
1781850632,0,544725,0,797.84,0.00,2205695,687341567,10695475199,22380806143,29930553343,364544,34527510527,5855436749.41,7956410135.16,544725,10,10,10,0,0,0,0,0,0,0,0,0,0.00,0
1781850633,0,544725,0,796.67,0.00,2205695,687341567,10695475199,22380806143,29930553343,364544,34527510527,5855436749.41,7956410135.16,544725,10,10,10,0,0,0,0,0,0,0,0,0,0.00,0
1781850634,0,544725,0,795.51,0.00,2205695,687341567,10695475199,22380806143,29930553343,364544,34527510527,5855436749.41,7956410135.16,544725,10,10,10,0,0,0,0,0,0,0,0,0,0.00,0
1781850635,0,544725,0,794.34,0.00,2205695,687341567,10695475199,22380806143,29930553343,364544,34527510527,5855436749.41,7956410135.16,544725,10,10,10,0,0,0,0,0,0,0,0,0,0.00,0
1781850636,0,544725,0,793.19,0.00,2205695,687341567,10695475199,22380806143,29930553343,364544,34527510527,5855436749.41,7956410135.16,544725,10,10,10,0,0,0,0,0,0,0,0,0,0.00,0
1781850637,0,544725,0,792.04,0.00,2205695,687341567,10695475199,22380806143,29930553343,364544,34527510527,5855436749.41,7956410135.16,544725,10,10,10,0,0,0,0,0,0,0,0,0,0.00,0
1781850638,0,544725,0,790.89,0.00,2205695,687341567,10695475199,22380806143,29930553343,364544,34527510527,5855436749.41,7956410135.16,544725,10,10,10,0,0,0,0,0,0,0,0,0,0.00,0
1781850639,0,544725,0,789.74,0.00,2205695,687341567,10695475199,22380806143,29930553343,364544,34527510527,5855436749.41,7956410135.16,544725,10,10,10,0,0,0,0,0,0,0,0,0,0.00,0
1781850640,0,544725,0,788.60,0.00,2205695,687341567,10695475199,22380806143,29930553343,364544,34527510527,5855436749.41,7956410135.16,544725,10,10,10,0,0,0,0,0,0,0,0,0,0.00,0
1781850641,0,544725,0,787.46,0.00,2205695,687341567,10695475199,22380806143,29930553343,364544,34527510527,5855436749.41,7956410135.16,544725,10,10,10,0,0,0,0,0,0,0,0,0,0.00,0
1781850642,0,544725,0,786.32,0.00,2205695,687341567,10695475199,22380806143,29930553343,364544,34527510527,5855436749.41,7956410135.16,544725,10,10,10,0,0,0,0,0,0,0,0,0,0.00,0
1781850643,0,544725,0,785.19,0.00,2205695,687341567,10695475199,22380806143,29930553343,364544,34527510527,5855436749.41,7956410135.16,544725,10,10,10,0,0,0,0,0,0,0,0,0,0.00,0
1781850644,0,544725,0,784.06,0.00,2205695,687341567,10695475199,22380806143,29930553343,364544,34527510527,5855436749.41,7956410135.16,544725,10,10,10,0,0,0,0,0,0,0,0,0,0.00,0
1781850645,0,544725,0,782.93,0.00,2205695,687341567,10695475199,22380806143,29930553343,364544,34527510527,5855436749.41,7956410135.16,544725,10,10,10,0,0,0,0,0,0,0,0,0,0.00,0
1781850646,0,544725,0,781.81,0.00,2205695,687341567,10695475199,22380806143,29930553343,364544,34527510527,5855436749.41,7956410135.16,544725,10,10,10,0,0,0,0,0,0,0,0,0,0.00,0
1781850647,0,544725,0,780.69,0.00,2205695,687341567,10695475199,22380806143,29930553343,364544,34527510527,5855436749.41,7956410135.16,544725,10,10,10,0,0,0,0,0,0,0,0,0,0.00,0
1781850648,0,544725,0,779.57,0.00,2205695,687341567,10695475199,22380806143,29930553343,364544,34527510527,5855436749.41,7956410135.16,544725,10,10,10,0,0,0,0,0,0,0,0,0,0.00,0
1781850649,0,544725,0,778.45,0.00,2205695,687341567,10695475199,22380806143,29930553343,364544,34527510527,5855436749.41,7956410135.16,544725,10,10,10,0,0,0,0,0,0,0,0,0,0.00,0
1781850650,0,544725,0,777.34,0.00,2205695,687341567,10695475199,22380806143,29930553343,364544,34527510527,5855436749.41,7956410135.16,544725,10,10,10,0,0,0,0,0,0,0,0,0,0.00,0
1781850651,0,544725,0,776.23,0.00,2205695,687341567,10695475199,22380806143,29930553343,364544,34527510527,5855436749.41,7956410135.16,544725,10,10,10,0,0,0,0,0,0,0,0,0,0.00,0
1781850652,0,544725,0,775.13,0.00,2205695,687341567,10695475199,22380806143,29930553343,364544,34527510527,5855436749.41,7956410135.16,544725,10,10,10,0,0,0,0,0,0,0,0,0,0.00,0
1781850653,0,544725,0,774.03,0.00,2205695,687341567,10695475199,22380806143,29930553343,364544,34527510527,5855436749.41,7956410135.16,544725,10,10,10,0,0,0,0,0,0,0,0,0,0.00,0
1781850654,0,544725,0,772.93,0.00,2205695,687341567,10695475199,22380806143,29930553343,364544,34527510527,5855436749.41,7956410135.16,544725,10,10,10,0,0,0,0,0,0,0,0,0,0.00,0
1781850655,0,544725,0,771.84,0.00,2205695,687341567,10695475199,22380806143,29930553343,364544,34527510527,5855436749.41,7956410135.16,544725,10,10,10,0,0,0,0,0,0,0,0,0,0.00,0
1781850656,0,544725,0,770.74,0.00,2205695,687341567,10695475199,22380806143,29930553343,364544,34527510527,5855436749.41,7956410135.16,544725,10,10,10,0,0,0,0,0,0,0,0,0,0.00,0
1781850657,0,544725,0,769.65,0.00,2205695,687341567,10695475199,22380806143,29930553343,364544,34527510527,5855436749.41,7956410135.16,544725,10,10,10,0,0,0,0,0,0,0,0,0,0.00,0
1781850658,0,544725,0,768.57,0.00,2205695,687341567,10695475199,22380806143,29930553343,364544,34527510527,5855436749.41,7956410135.16,544725,10,10,10,0,0,0,0,0,0,0,0,0,0.00,0
1781850659,0,544725,0,767.48,0.00,2205695,687341567,10695475199,22380806143,29930553343,364544,34527510527,5855436749.41,7956410135.16,544725,10,10,10,0,0,0,0,0,0,0,0,0,0.00,0
1781850660,0,544725,0,766.41,0.00,2205695,687341567,10695475199,22380806143,29930553343,364544,34527510527,5855436749.41,7956410135.16,544725,10,10,10,0,0,0,0,0,0,0,0,0,0.00,0
1781850661,0,544725,0,765.33,0.00,2205695,687341567,10695475199,22380806143,29930553343,364544,34527510527,5855436749.41,7956410135.16,544725,10,10,10,0,0,0,0,0,0,0,0,0,0.00,0
1781850662,0,544725,0,764.25,0.00,2205695,687341567,10695475199,22380806143,29930553343,364544,34527510527,5855436749.41,7956410135.16,544725,10,10,10,0,0,0,0,0,0,0,0,0,0.00,0
1781850663,0,544725,0,763.18,0.00,2205695,687341567,10695475199,22380806143,29930553343,364544,34527510527,5855436749.41,7956410135.16,544725,10,10,10,0,0,0,0,0,0,0,0,0,0.00,0
1781850664,0,544725,0,762.12,0.00,2205695,687341567,10695475199,22380806143,29930553343,364544,34527510527,5855436749.41,7956410135.16,544725,10,10,10,0,0,0,0,0,0,0,0,0,0.00,0
1781850665,0,544725,0,761.05,0.00,2205695,687341567,10695475199,22380806143,29930553343,364544,34527510527,5855436749.41,7956410135.16,544725,10,10,10,0,0,0,0,0,0,0,0,0,0.00,0
1781850666,0,544725,0,759.99,0.00,2205695,687341567,10695475199,22380806143,29930553343,364544,34527510527,5855436749.41,7956410135.16,544725,10,10,10,0,0,0,0,0,0,0,0,0,0.00,0
1781850667,0,544725,0,758.93,0.00,2205695,687341567,10695475199,22380806143,29930553343,364544,34527510527,5855436749.41,7956410135.16,544725,10,10,10,0,0,0,0,0,0,0,0,0,0.00,0
1781850668,0,544725,0,757.88,0.00,2205695,687341567,10695475199,22380806143,29930553343,364544,34527510527,5855436749.41,7956410135.16,544725,10,10,10,0,0,0,0,0,0,0,0,0,0.00,0
1781850669,0,544725,0,756.82,0.00,2205695,687341567,10695475199,22380806143,29930553343,364544,34527510527,5855436749.41,7956410135.16,544725,10,10,10,0,0,0,0,0,0,0,0,0,0.00,0
1781850670,0,544725,0,755.77,0.00,2205695,687341567,10695475199,22380806143,29930553343,364544,34527510527,5855436749.41,7956410135.16,544725,10,10,10,0,0,0,0,0,0,0,0,0,0.00,0
1781850671,0,544725,0,754.72,0.00,2205695,687341567,10695475199,22380806143,29930553343,364544,34527510527,5855436749.41,7956410135.16,544725,10,10,10,0,0,0,0,0,0,0,0,0,0.00,0
1781850672,0,544725,0,753.68,0.00,2205695,687341567,10695475199,22380806143,29930553343,364544,34527510527,5855436749.41,7956410135.16,544725,10,10,10,0,0,0,0,0,0,0,0,0,0.00,0
