timestamp,sent_count,received_count,error_count,total_throughput,interval_throughput,latency_ns_p25,latency_ns_p50,latency_ns_p75,latency_ns_p95,latency_ns_p99,latency_ns_min,latency_ns_max,latency_ns_mean,latency_ns_stddev,latency_sample_count,connections,active_connections,connection_attempts,connection_failures,crashes_injected,reconnects,reconnect_failures,duplicate_count,gap_count,interval_latency_ns_p50,interval_latency_ns_p95,interval_latency_ns_p99,interval_latency_ns_mean,interval_latency_sample_count
1781849888,0,0,0,0.00,0.00,0,0,0,0,0,0,0,0.00,0.00,0,1,1,1,0,0,0,0,0,0,0,0,0,0.00,0
1781849889,0,0,0,0.00,0.00,0,0,0,0,0,0,0,0.00,0.00,0,1,1,1,0,0,0,0,0,0,0,0,0,0.00,0
1781849890,0,0,0,0.00,0.00,0,0,0,0,0,0,0,0.00,0.00,0,1,1,1,0,0,0,0,0,0,0,0,0,0.00,0
1781849891,0,0,0,0.00,0.00,0,0,0,0,0,0,0,0.00,0.00,0,1,1,1,0,0,0,0,0,0,0,0,0,0.00,0
1781849892,0,0,0,0.00,0.00,0,0,0,0,0,0,0,0.00,0.00,0,1,1,1,0,0,0,0,0,0,0,0,0,0.00,0
1781849893,0,0,0,0.00,0.00,0,0,0,0,0,0,0,0.00,0.00,0,1,1,1,0,0,0,0,0,0,0,0,0,0.00,0
1781849894,0,0,0,0.00,0.00,0,0,0,0,0,0,0,0.00,0.00,0,1,1,1,0,0,0,0,0,0,0,0,0,0.00,0
1781849895,0,0,0,0.00,0.00,0,0,0,0,0,0,0,0.00,0.00,0,2,2,2,0,0,0,0,0,0,0,0,0,0.00,0
1781849896,0,0,0,0.00,0.00,0,0,0,0,0,0,0,0.00,0.00,0,2,2,2,0,0,0,0,0,0,0,0,0,0.00,0
1781849897,0,0,0,0.00,0.00,0,0,0,0,0,0,0,0.00,0.00,0,2,2,2,0,0,0,0,0,0,0,0,0,0.00,0
1781849898,0,0,0,0.00,0.00,0,0,0,0,0,0,0,0.00,0.00,0,2,2,2,0,0,0,0,0,0,0,0,0,0.00,0
1781849899,0,0,0,0.00,0.00,0,0,0,0,0,0,0,0.00,0.00,0,2,2,2,0,0,0,0,0,0,0,0,0,0.00,0
1781849900,0,0,0,0.00,0.00,0,0,0,0,0,0,0,0.00,0.00,0,2,2,2,0,0,0,0,0,0,0,0,0,0.00,0
1781849901,0,0,0,0.00,0.00,0,0,0,0,0,0,0,0.00,0.00,0,2,2,2,0,0,0,0,0,0,0,0,0,0.00,0
1781849902,0,0,0,0.00,0.00,0,0,0,0,0,0,0,0.00,0.00,0,3,3,3,0,0,0,0,0,0,0,0,0,0.00,0
1781849903,0,0,0,0.00,0.00,0,0,0,0,0,0,0,0.00,0.00,0,3,3,3,0,0,0,0,0,0,0,0,0,0.00,0
1781849904,0,0,0,0.00,0.00,0,0,0,0,0,0,0,0.00,0.00,0,3,3,3,0,0,0,0,0,0,0,0,0,0.00,0
1781849905,0,0,0,0.00,0.00,0,0,0,0,0,0,0,0.00,0.00,0,3,3,3,0,0,0,0,0,0,0,0,0,0.00,0
1781849906,0,0,0,0.00,0.00,0,0,0,0,0,0,0,0.00,0.00,0,3,3,3,0,0,0,0,0,0,0,0,0,0.00,0
1781849907,0,0,0,0.00,0.00,0,0,0,0,0,0,0,0.00,0.00,0,3,3,3,0,0,0,0,0,0,0,0,0,0.00,0
1781849908,0,0,0,0.00,0.00,0,0,0,0,0,0,0,0.00,0.00,0,3,3,3,0,0,0,0,0,0,0,0,0,0.00,0
1781849909,0,0,0,0.00,0.00,0,0,0,0,0,0,0,0.00,0.00,0,4,4,4,0,0,0,0,0,0,0,0,0,0.00,0
1781849910,0,0,0,0.00,0.00,0,0,0,0,0,0,0,0.00,0.00,0,4,4,4,0,0,0,0,0,0,0,0,0,0.00,0
1781849911,0,0,0,0.00,0.00,0,0,0,0,0,0,0,0.00,0.00,0,4,4,4,0,0,0,0,0,0,0,0,0,0.00,0
1781849912,0,0,0,0.00,0.00,0,0,0,0,0,0,0,0.00,0.00,0,4,4,4,0,0,0,0,0,0,0,0,0,0.00,0
1781849913,0,0,0,0.00,0.00,0,0,0,0,0,0,0,0.00,0.00,0,4,4,4,0,0,0,0,0,0,0,0,0,0.00,0
1781849914,0,0,0,0.00,0.00,0,0,0,0,0,0,0,0.00,0.00,0,4,4,4,0,0,0,0,0,0,0,0,0,0.00,0
1781849915,0,0,0,0.00,0.00,0,0,0,0,0,0,0,0.00,0.00,0,5,5,5,0,0,0,0,0,0,0,0,0,0.00,0
1781849916,0,0,0,0.00,0.00,0,0,0,0,0,0,0,0.00,0.00,0,5,5,5,0,0,0,0,0,0,0,0,0,0.00,0
1781849917,0,0,0,0.00,0.00,0,0,0,0,0,0,0,0.00,0.00,0,5,5,5,0,0,0,0,0,0,0,0,0,0.00,0
1781849918,0,0,0,0.00,0.00,0,0,0,0,0,0,0,0.00,0.00,0,5,5,5,0,0,0,0,0,0,0,0,0,0.00,0
1781849919,0,0,0,0.00,0.00,0,0,0,0,0,0,0,0.00,0.00,0,5,5,5,0,0,0,0,0,0,0,0,0,0.00,0
1781849920,0,0,0,0.00,0.00,0,0,0,0,0,0,0,0.00,0.00,0,5,5,5,0,0,0,0,0,0,0,0,0,0.00,0
1781849921,0,0,0,0.00,0.00,0,0,0,0,0,0,0,0.00,0.00,0,5,5,5,0,0,0,0,0,0,0,0,0,0.00,0
1781849922,0,0,0,0.00,0.00,0,0,0,0,0,0,0,0.00,0.00,0,6,6,6,0,0,0,0,0,0,0,0,0,0.00,0
1781849923,0,0,0,0.00,0.00,0,0,0,0,0,0,0,0.00,0.00,0,6,6,6,0,0,0,0,0,0,0,0,0,0.00,0
1781849924,0,0,0,0.00,0.00,0,0,0,0,0,0,0,0.00,0.00,0,6,6,6,0,0,0,0,0,0,0,0,0,0.00,0
1781849925,0,0,0,0.00,0.00,0,0,0,0,0,0,0,0.00,0.00,0,6,6,6,0,0,0,0,0,0,0,0,0,0.00,0
1781849926,0,0,0,0.00,0.00,0,0,0,0,0,0,0,0.00,0.00,0,6,6,6,0,0,0,0,0,0,0,0,0,0.00,0
1781849927,0,0,0,0.00,0.00,0,0,0,0,0,0,0,0.00,0.00,0,6,6,6,0,0,0,0,0,0,0,0,0,0.00,0
1781849928,0,0,0,0.00,0.00,0,0,0,0,0,0,0,0.00,0.00,0,6,6,6,0,0,0,0,0,0,0,0,0,0.00,0
1781849929,0,0,0,0.00,0.00,0,0,0,0,0,0,0,0.00,0.00,0,7,7,7,0,0,0,0,0,0,0,0,0,0.00,0
1781849930,0,0,0,0.00,0.00,0,0,0,0,0,0,0,0.00,0.00,0,7,7,7,0,0,0,0,0,0,0,0,0,0.00,0
1781849931,0,0,0,0.00,0.00,0,0,0,0,0,0,0,0.00,0.00,0,7,7,7,0,0,0,0,0,0,0,0,0,0.00,0
1781849932,0,0,0,0.00,0.00,0,0,0,0,0,0,0,0.00,0.00,0,7,7,7,0,0,0,0,0,0,0,0,0,0.00,0
1781849933,0,0,0,0.00,0.00,0,0,0,0,0,0,0,0.00,0.00,0,7,7,7,0,0,0,0,0,0,0,0,0,0.00,0
1781849934,0,0,0,0.00,0.00,0,0,0,0,0,0,0,0.00,0.00,0,7,7,7,0,0,0,0,0,0,0,0,0,0.00,0
1781849935,0,0,0,0.00,0.00,0,0,0,0,0,0,0,0.00,0.00,0,8,8,8,0,0,0,0,0,0,0,0,0,0.00,0
1781849936,0,0,0,0.00,0.00,0,0,0,0,0,0,0,0.00,0.00,0,8,8,8,0,0,0,0,0,0,0,0,0,0.00,0
1781849937,0,0,0,0.00,0.00,0,0,0,0,0,0,0,0.00,0.00,0,8,8,8,0,0,0,0,0,0,0,0,0,0.00,0
1781849938,0,0,0,0.00,0.00,0,0,0,0,0,0,0,0.00,0.00,0,8,8,8,0,0,0,0,0,0,0,0,0,0.00,0
1781849939,0,0,0,0.00,0.00,0,0,0,0,0,0,0,0.00,0.00,0,8,8,8,0,0,0,0,0,0,0,0,0,0.00,0
1781849940,0,0,0,0.00,0.00,0,0,0,0,0,0,0,0.00,0.00,0,8,8,8,0,0,0,0,0,0,0,0,0,0.00,0
1781849941,0,0,0,0.00,0.00,0,0,0,0,0,0,0,0.00,0.00,0,8,8,8,0,0,0,0,0,0,0,0,0,0.00,0
1781849942,0,0,0,0.00,0.00,0,0,0,0,0,0,0,0.00,0.00,0,9,9,9,0,0,0,0,0,0,0,0,0,0.00,0
1781849943,0,0,0,0.00,0.00,0,0,0,0,0,0,0,0.00,0.00,0,9,9,9,0,0,0,0,0,0,0,0,0,0.00,0
1781849944,0,0,0,0.00,0.00,0,0,0,0,0,0,0,0.00,0.00,0,9,9,9,0,0,0,0,0,0,0,0,0,0.00,0
1781849945,0,0,0,0.00,0.00,0,0,0,0,0,0,0,0.00,0.00,0,9,9,9,0,0,0,0,0,0,0,0,0,0.00,0
1781849946,0,0,0,0.00,0.00,0,0,0,0,0,0,0,0.00,0.00,0,9,9,9,0,0,0,0,0,0,0,0,0,0.00,0
1781849947,0,0,0,0.00,0.00,0,0,0,0,0,0,0,0.00,0.00,0,9,9,9,0,0,0,0,0,0,0,0,0,0.00,0
1781849948,0,0,0,0.00,0.00,0,0,0,0,0,0,0,0.00,0.00,0,9,9,9,0,0,0,0,0,0,0,0,0,0.00,0
1781849949,0,0,0,0.00,0.00,0,0,0,0,0,0,0,0.00,0.00,0,10,10,10,0,0,0,0,0,0,0,0,0,0.00,0
1781849950,0,160,0,275.11,160.11,3674111,15187967,103677951,160563199,163184639,1043968,163315711,57515403.20,58216934.59,160,10,10,10,0,0,0,0,0,0,15187967,160563199,163184639,57515403.20,160
1781849951,0,360,0,227.53,199.87,2846719,3805183,5914623,145620991,161218559,882688,163315711,27428999.82,47234663.20,360,10,10,10,0,0,0,0,0,0,3297279,5386239,5894143,3359877.12,200
1781849952,0,560,0,216.88,200.02,2359295,3342335,4599807,128319487,160956415,831488,163315711,18605093.49,39685423.98,560,10,10,10,0,0,0,0,0,0,2437119,4820991,7254015,2722062.08,200
1781849953,0,760,0,212.18,200.05,2017279,2834431,3903487,110231551,160825343,831488,163315711,14276940.46,34828698.01,760,10,10,10,0,0,0,0,0,0,2025471,3491839,3995647,2158112.00,200
1781849954,0,960,0,209.51,199.94,1957887,2625535,3729407,99352575,154271743,722944,163315711,11787186.40,31369664.07,960,10,10,10,0,0,0,0,0,0,2158591,3850239,5337087,2326120.96,200
1781849955,0,1160,0,207.82,200.09,1937407,2555903,3618815,93126655,150994943,722944,163315711,10183751.28,28755406.79,1160,10,10,10,0,0,0,0,0,0,2385919,4186111,4829183,2487262.72,200
1781849956,0,1350,0,205.09,189.89,1909759,2461695,3454975,64159743,150732799,722944,163315711,9070624.62,26797985.77,1350,10,10,10,0,0,0,0,0,0,2236415,3774463,4071423,2274693.39,190
1781849957,0,1560,0,205.75,210.04,1884159,2428927,3305471,53346303,148766719,722944,163315711,8387769.11,25162836.93,1560,10,10,10,0,0,0,0,0,0,2234367,3811327,41222143,3997983.70,210
1781849958,0,1760,0,205.07,199.95,1882111,2418687,3235839,37224447,148504575,722944,163315711,7699965.96,23768931.17,1760,10,10,10,0,0,0,0,0,0,2336767,3508223,4395007,2335101.44,200
1781849959,0,1960,0,204.55,200.12,1859583,2392063,3180543,12419071,143917055,722944,163315711,7141782.60,22585542.59,1960,10,10,10,0,0,0,0,0,0,2183167,3459071,4284415,2229768.96,200
1781849960,0,2160,0,204.12,200.00,1837055,2353151,3127295,5914623,143785983,722944,163315711,6678583.70,21564157.07,2160,10,10,10,0,0,0,0,0,0,2042879,3387391,3549183,2139234.56,200
1781849961,0,2360,0,203.76,199.93,1813503,2322431,3049471,5435391,140640255,722944,163315711,6287385.82,20670910.90,2360,10,10,10,0,0,0,0,0,0,2030591,3061759,3516415,2062448.64,200
1781849962,0,2560,0,203.46,200.00,1814527,2312191,3033087,5148671,129368063,722944,163315711,5980421.60,19876153.53,2560,10,10,10,0,0,0,0,0,0,2269183,3751935,4268031,2358243.84,200
1781849963,0,2760,0,203.22,200.12,1813503,2303999,2975743,4898815,128385023,722944,163315711,5710724.73,19167713.95,2760,10,10,10,0,0,0,0,0,0,2168831,3620863,4607999,2258604.80,200
1781849964,0,2960,0,202.99,199.85,1812479,2303999,2955263,4820991,128319487,722944,163315711,5482597.54,18529126.33,2960,10,10,10,0,0,0,0,0,0,2328575,3399679,4620287,2334442.24,200
1781849965,0,3160,0,202.80,200.09,1815551,2291711,2918399,4718591,114098175,722944,163315711,5279338.94,17950948.11,3160,10,10,10,0,0,0,0,0,0,2179071,3375103,4048895,2271111.68,200
1781849966,0,3360,0,202.62,199.88,1821695,2295807,2906111,4718591,112263167,722944,163315711,5114615.39,17423456.96,3360,10,10,10,0,0,0,0,0,0,2359295,3813375,9830399,2511983.36,200
1781849967,0,3560,0,202.48,200.17,1829887,2299903,2910207,4718591,112001023,722944,163315711,4980138.21,16939792.32,3560,10,10,10,0,0,0,0,0,0,2355199,4079615,10723327,2720921.60,200
1781849968,0,3760,0,202.34,199.88,1837055,2318335,2967551,4788223,110362623,671744,163315711,4870531.06,16491780.03,3760,10,10,10,0,0,0,0,0,0,2924543,4927487,5300223,2919523.84,200
1781849969,0,3960,0,202.23,200.10,1819647,2299903,2938879,4796415,109969407,671744,163315711,4739244.35,16082884.31,3960,10,10,10,0,0,0,0,0,0,1973247,4923391,9297919,2271054.08,200
1781849970,0,4160,0,202.12,199.98,1823743,2308095,2936831,4751359,100335615,671744,163315711,4633352.86,15699639.99,4160,10,10,10,0,0,0,0,0,0,2535423,4149247,4829183,2536701.44,200
1781849971,0,4360,0,202.02,200.01,1819647,2306047,2920447,4743167,100007935,671744,163315711,4527180.04,15344242.18,4360,10,10,10,0,0,0,0,0,0,2244607,3926015,5775359,2318785.28,200
1781849972,0,4560,0,201.93,200.02,1815551,2303999,2914303,4673535,99876863,671744,163315711,4432221.14,15011489.61,4560,10,10,10,0,0,0,0,0,0,2277375,3647487,5234687,2362117.12,200
1781849973,0,4760,0,201.85,200.02,1822719,2314239,2930687,4681727,99352575,671744,163315711,4367992.09,14700264.77,4760,10,10,10,0,0,0,0,0,0,2537471,4681727,11255807,2903569.92,200
1781849974,0,4960,0,201.77,199.85,1830911,2318335,2936831,4681727,99287039,671744,163315711,4298911.64,14406394.90,4960,10,10,10,0,0,0,0,0,0,2394111,4337663,6635519,2654796.80,200
1781849975,0,5160,0,201.70,199.97,1838079,2322431,2932735,4632575,98500607,671744,163315711,4227646.26,14129737.47,5160,10,10,10,0,0,0,0,0,0,2406399,3510271,5861375,2460264.96,200
1781849976,0,5360,0,201.64,200.17,1844223,2328575,2949119,4657151,97976319,671744,163315711,4171657.46,13868312.27,5360,10,10,10,0,0,0,0,0,0,2510847,4796415,7053311,2727146.24,200
1781849977,0,5560,0,201.58,199.94,1847295,2326527,2936831,4603903,95420415,671744,163315711,4105643.83,13621350.10,5560,10,10,10,0,0,0,0,0,0,2306047,3235839,3815423,2336478.72,200
1781849978,0,5760,0,201.52,199.88,1846271,2330623,2932735,4620287,95354879,671744,163315711,4113483.82,13477800.28,5760,10,10,10,0,0,0,0,0,0,2400255,4866047,43057151,4331435.52,200
1781849979,0,5960,0,201.47,200.00,1846271,2322431,2916351,4579327,93061119,671744,163315711,4049553.91,13254539.98,5960,10,10,10,0,0,0,0,0,0,2177023,3143679,3487743,2208372.48,200
1781849980,0,6160,0,201.42,200.03,1848319,2320383,2912255,4509695,90374143,671744,163315711,3995443.99,13041530.10,6160,10,10,10,0,0,0,0,0,0,2283519,3616767,4214783,2382968.32,200
1781849981,0,6360,0,201.38,200.01,1856511,2328575,2930687,4481023,64815103,671744,163315711,3955844.19,12837564.87,6360,10,10,10,0,0,0,0,0,0,2721791,4272127,4812799,2736170.24,200
1781849982,0,6560,0,201.34,200.09,1855487,2330623,2926591,4452351,64782335,671744,163315711,3912544.90,12645107.06,6560,10,10,10,0,0,0,0,0,0,2381823,4077567,10764287,2535627.52,200
1781849983,0,6760,0,201.30,200.05,1849343,2324479,2916351,4419583,64159743,671744,163315711,3862408.98,12460590.40,6760,10,10,10,0,0,0,0,0,0,2154495,3485695,4390911,2217950.72,200
1781849984,0,6960,0,201.26,199.89,1842175,2316287,2908159,4382719,64061439,671744,163315711,3814111.45,12284141.48,6960,10,10,10,0,0,0,0,0,0,2066431,3823615,4341759,2181655.04,200
1781849985,0,7160,0,201.22,199.95,1830911,2308095,2897919,4345855,63012863,671744,163315711,3766283.19,12115409.44,7160,10,10,10,0,0,0,0,0,0,2016255,3420159,4636671,2101859.84,200
1781849986,0,7360,0,201.19,200.10,1828863,2308095,2895871,4313087,62783487,671744,163315711,3729020.03,11952503.83,7360,10,10,10,0,0,0,0,0,0,2310143,3956735,4714495,2394999.04,200
1781849987,0,7560,0,201.16,200.04,1822719,2301951,2887679,4292607,60948479,671744,163315711,3686525.16,11796692.11,7560,10,10,10,0,0,0,0,0,0,2070527,3270655,4513791,2122713.60,200
1781849988,0,7760,0,201.13,200.03,1822719,2299903,2885631,4292607,53379071,671744,163315711,3653302.00,11646457.55,7760,10,10,10,0,0,0,0,0,0,2234367,4153343,5685247,2397466.88,200
1781849989,0,7960,0,201.10,199.90,1824767,2299903,2877439,4292607,50790399,671744,163315711,3625547.03,11503348.52,7960,10,10,10,0,0,0,0,0,0,2260991,4048895,8261631,2548654.08,200
1781849990,0,8160,0,201.07,200.01,1822719,2295807,2869247,4313087,43646975,671744,163315711,3597491.70,11365042.12,8160,10,10,10,0,0,0,0,0,0,2193407,4886527,8191999,2480889.60,200
1781849991,0,8360,0,201.05,200.07,1820671,2293759,2865151,4288511,43057151,671744,163315711,3564855.27,11230677.88,8360,10,10,10,0,0,0,0,0,0,2150399,3258367,3725311,2233288.96,200
1781849992,0,8560,0,201.03,200.01,1813503,2287615,2856959,4272127,41385983,671744,163315711,3529228.71,11101507.39,8560,10,10,10,0,0,0,0,0,0,1991679,3135487,3799039,2040038.40,200
1781849993,0,8760,0,201.00,199.93,1814527,2287615,2852863,4247551,41287679,671744,163315711,3502588.43,10975975.36,8760,10,10,10,0,0,0,0,0,0,2275327,3737599,4333567,2362384.64,200
1781849994,0,8960,0,200.98,199.91,1811455,2283519,2840575,4214783,41222143,671744,163315711,3472172.86,10855135.42,8960,10,10,10,0,0,0,0,0,0,2160639,3348479,3934207,2139970.56,200
1781849995,0,9160,0,200.96,200.15,1808383,2279423,2830335,4202495,40075263,671744,163315711,3443758.25,10738180.84,9160,10,10,10,0,0,0,0,0,0,2119679,3516415,4788223,2170784.00,200
1781849996,0,9360,0,200.94,199.95,1806335,2275327,2824191,4190207,39976959,671744,163315711,3417465.76,10625082.97,9360,10,10,10,0,0,0,0,0,0,2099199,3454975,5906431,2213269.76,200
1781849997,0,9560,0,200.92,199.99,1804287,2271231,2815999,4175871,38961151,671744,163315711,3389541.14,10515379.81,9560,10,10,10,0,0,0,0,0,0,2041855,2902015,3215359,2082668.80,200
1781849998,0,9760,0,200.90,199.99,1799167,2265087,2811903,4159487,37257215,671744,163315711,3362566.37,10409204.46,9760,10,10,10,0,0,0,0,0,0,2051071,3147775,4177919,2073172.48,200
1781849999,0,9960,0,200.88,199.97,1795071,2260991,2807807,4153343,37158911,671744,163315711,3338731.75,10306203.59,9960,10,10,10,0,0,0,0,0,0,2109439,3581951,5361663,2175601.92,200
1781850000,0,10160,0,200.86,200.06,1790975,2256895,2803711,4175871,25411583,671744,163315711,3342918.02,10228534.91,10160,10,10,10,0,0,0,0,0,0,2049023,12607487,25346047,3551394.56,200
1781850001,0,10360,0,200.85,199.98,1785855,2254847,2797567,4153343,25313279,671744,163315711,3319002.71,10131131.30,10360,10,10,10,0,0,0,0,0,0,2078719,3010559,3495935,2104104.96,200
1781850002,0,10560,0,200.83,200.05,1784831,2250751,2793471,4128767,22544383,671744,163315711,3297132.00,10036323.95,10560,10,10,10,0,0,0,0,0,0,2134015,3184639,3596287,2164229.12,200
1781850003,0,10760,0,200.81,199.89,1781759,2246655,2785279,4118527,22249471,671744,163315711,3275198.79,9944563.04,10760,10,10,10,0,0,0,0,0,0,2029567,3227647,5996543,2117125.12,200
1781850004,0,10960,0,200.80,199.95,1779711,2242559,2779135,4106239,21889023,671744,163315711,3253968.02,9855143.96,10960,10,10,10,0,0,0,0,0,0,2021375,3676159,4329471,2111752.96,200
1781850005,0,11160,0,200.78,200.09,1776639,2238463,2772991,4102143,15122431,671744,163315711,3234933.84,9768119.94,11160,10,10,10,0,0,0,0,0,0,2062335,3694591,5419007,2191860.48,200
1781850006,0,11360,0,200.77,199.98,1775615,2238463,2772991,4104191,15024127,671744,163315711,3219122.34,9683180.71,11360,10,10,10,0,0,0,0,0,0,2193407,4124671,4665343,2336840.96,200
1781850007,0,11560,0,200.76,199.97,1773567,2234367,2770943,4100095,13918207,671744,163315711,3201630.21,9600492.96,11560,10,10,10,0,0,0,0,0,0,2146303,3667967,4378623,2208076.80,200
1781850008,0,11760,0,200.75,200.14,1769471,2232319,2770943,4085759,12574719,671744,163315711,3184126.04,9519908.93,11760,10,10,10,0,0,0,0,0,0,2113535,3479551,4155391,2172385.28,200
1781850009,0,11960,0,200.73,199.89,1768447,2228223,2768895,4079615,12509183,671744,163315711,3166732.65,9441486.47,11960,10,10,10,0,0,0,0,0,0,2042879,3356671,5087231,2144001.28,200
1781850010,0,12180,0,201.05,220.06,1767423,2228223,2768895,4149247,13918207,671744,163315711,3169642.14,9365969.53,12180,10,10,10,0,0,0,0,0,0,2179071,11632639,16072703,3327812.65,220
1781850011,0,12380,0,201.03,200.02,1763327,2220031,2762751,4118527,12574719,671744,163315711,3149571.00,9291536.38,12380,10,10,10,0,0,0,0,0,0,1926143,2914303,3301375,1927238.40,200
1781850012,0,12580,0,201.02,199.96,1759231,2213887,2756607,4098047,12509183,671744,163315711,3130746.04,9218885.17,12580,10,10,10,0,0,0,0,0,0,1943551,3100671,3471359,1965480.96,200
1781850013,0,12780,0,201.00,199.92,1754111,2209791,2752511,4077567,12460031,671744,163315711,3113259.07,9147851.02,12780,10,10,10,0,0,0,0,0,0,1998847,3241983,3538943,2013328.64,200
1781850014,0,12980,0,200.98,200.07,1751039,2205695,2748415,4071423,12419071,671744,163315711,3096707.67,9078506.29,12980,10,10,10,0,0,0,0,0,0,1952767,3172351,4526079,2039073.28,200
1781850015,0,13180,0,200.97,200.06,1748991,2201599,2742271,4048895,12206079,671744,163315711,3080260.68,9010639.50,13180,10,10,10,0,0,0,0,0,0,1988607,2942975,3700735,2012851.20,200
1781850016,0,13380,0,200.96,200.02,1750015,2199551,2738175,4048895,11976703,671744,163315711,3068787.03,8944602.30,13380,10,10,10,0,0,0,0,0,0,2066431,3573759,6803455,2312673.28,200
1781850017,0,13580,0,200.94,199.84,1747967,2193407,2729983,4036607,11689983,671744,163315711,3052746.76,8879682.55,13580,10,10,10,0,0,0,0,0,0,1949695,2760703,3411967,1979653.12,200
1781850018,0,13780,0,200.93,200.14,1745919,2191359,2723839,4028415,11608063,671744,163315711,3039513.23,8816130.63,13780,10,10,10,0,0,0,0,0,0,2097151,3258367,4771839,2140956.16,200
1781850019,0,13980,0,200.91,199.94,1746943,2187263,2717695,4018175,11517951,671744,163315711,3025823.88,8753846.86,13980,10,10,10,0,0,0,0,0,0,2027519,3125247,4079615,2082627.84,200
1781850020,0,14180,0,200.90,199.98,1746943,2189311,2713599,4005887,11206655,671744,163315711,3013908.22,8692795.20,14180,10,10,10,0,0,0,0,0,0,2197503,3155967,3975167,2181003.52,200
1781850021,0,14380,0,200.89,200.10,1746943,2189311,2713599,4005887,10952703,671744,163315711,3004059.86,8633099.34,14380,10,10,10,0,0,0,0,0,0,2207743,3678207,5128191,2305811.20,200
1781850022,0,14580,0,200.88,199.99,1744895,2187263,2711551,4007935,10919935,671744,163315711,2995591.25,8575730.42,14580,10,10,10,0,0,0,0,0,0,2091007,4251647,10199039,2386698.24,200
1781850023,0,14780,0,200.86,199.93,1743871,2187263,2711551,4009983,10838015,671744,163315711,2988764.18,8519806.47,14780,10,10,10,0,0,0,0,0,0,2109439,5013503,9895935,2491070.72,200
1781850024,0,14980,0,200.85,200.00,1741823,2183167,2705407,4009983,10764287,671744,163315711,2977812.58,8464393.54,14980,10,10,10,0,0,0,0,0,0,2022399,2973695,7688191,2168488.96,200
1781850025,0,15180,0,200.84,200.03,1741823,2183167,2705407,4024319,10723327,671744,163315711,2969546.54,8409496.75,15180,10,10,10,0,0,0,0,0,0,2187263,4489215,5246975,2350420.48,200
1781850026,0,15380,0,200.83,199.89,1743871,2185215,2705407,4007935,10690559,671744,163315711,2960804.45,8355288.73,15380,10,10,10,0,0,0,0,0,0,2263039,3291135,3667967,2297280.00,200
1781850027,0,15580,0,200.82,200.03,1741823,2183167,2701311,3987455,10608639,671744,163315711,2949761.05,8302353.32,15580,10,10,10,0,0,0,0,0,0,2061311,3117055,3700735,2100523.52,200
1781850028,0,15780,0,200.81,200.05,1740799,2183167,2703359,3987455,10543103,671744,163315711,2940879.62,8250501.54,15780,10,10,10,0,0,0,0,0,0,2099199,4108287,4861951,2249016.32,200
1781850029,0,15980,0,200.80,200.06,1740799,2183167,2699263,3975167,10289151,671744,163315711,2930864.97,8199487.28,15980,10,10,10,0,0,0,0,0,0,2134015,3133439,3663871,2140709.12,200
1781850030,0,16180,0,200.79,199.98,1741823,2181119,2699263,3987455,10215423,671744,163315711,2923390.96,8149773.99,16180,10,10,10,0,0,0,0,0,0,2062335,4894719,6217727,2326216.96,200
1781850031,0,16380,0,200.78,200.00,1742847,2181119,2697215,3977215,10141695,671744,163315711,2914902.47,8100532.11,16380,10,10,10,0,0,0,0,0,0,2181119,3262463,4083711,2228184.32,200
1781850032,0,16580,0,200.77,200.03,1745919,2181119,2695167,3975167,9961471,671744,163315711,2907448.47,8052346.29,16580,10,10,10,0,0,0,0,0,0,2191359,3309567,6049791,2296965.12,200
1781850033,0,16780,0,200.76,199.86,1741823,2181119,2695167,3993599,9928703,671744,163315711,2901432.43,8005763.48,16780,10,10,10,0,0,0,0,0,0,2052095,4923391,8740863,2402703.36,200
1781850034,0,16980,0,200.75,200.09,1741823,2181119,2697215,4012031,9887743,671744,163315711,2897363.80,7959933.74,16980,10,10,10,0,0,0,0,0,0,2293759,5967871,7286783,2556005.12,200
1781850035,0,17180,0,200.74,199.87,1740799,2181119,2697215,4020223,9928703,671744,163315711,2893058.40,7916324.10,17180,10,10,10,0,0,0,0,0,0,2082815,4747263,10125311,2527530.24,200
1781850036,0,17380,0,200.73,200.03,1740799,2181119,2695167,4028415,9895935,671744,163315711,2886642.55,7871470.65,17380,10,10,10,0,0,0,0,0,0,2197503,4179967,5001215,2335521.28,200
1781850037,0,17580,0,200.73,200.14,1740799,2179071,2693119,4018175,9863167,671744,163315711,2877971.18,7827328.58,17580,10,10,10,0,0,0,0,0,0,2071551,3342335,4419583,2124428.80,200
1781850038,0,17780,0,200.72,199.86,1740799,2181119,2693119,4036607,9789439,671744,163315711,2876298.38,7785343.45,17780,10,10,10,0,0,0,0,0,0,2232319,7184383,8790015,2729259.52,200
1781850039,0,17980,0,200.71,199.98,1739775,2179071,2691071,4022271,9732095,671744,163315711,2867274.78,7742658.35,17980,10,10,10,0,0,0,0,0,0,2052095,3231743,3538943,2065076.48,200
1781850040,0,18180,0,200.70,200.01,1738751,2179071,2691071,4034559,9928703,671744,163315711,2865619.40,7703594.63,18180,10,10,10,0,0,0,0,0,0,2119679,7290879,12050431,2716801.28,200
1781850041,0,18380,0,200.69,200.06,1736703,2177023,2686975,4020223,9895935,671744,163315711,2856442.00,7662265.76,18380,10,10,10,0,0,0,0,0,0,2075647,2912255,3268607,2022215.68,200
1781850042,0,18580,0,200.69,200.07,1736703,2177023,2684927,4005887,9863167,671744,163315711,2848859.21,7621537.03,18580,10,10,10,0,0,0,0,0,0,2101247,3289087,3612671,2152001.28,200
1781850043,0,18780,0,200.68,199.93,1734655,2177023,2682879,3999743,9789439,671744,163315711,2841892.12,7581702.72,18780,10,10,10,0,0,0,0,0,0,2150399,3637247,6045695,2194649.60,200
1781850044,0,18980,0,200.67,199.98,1734655,2177023,2682879,4007935,9863167,671744,163315711,2837948.63,7543362.18,18980,10,10,10,0,0,0,0,0,0,2172927,4300799,10657791,2467654.40,200
1781850045,0,19180,0,200.67,200.01,1734655,2177023,2682879,3987455,9789439,671744,163315711,2830967.79,7504454.71,19180,10,10,10,0,0,0,0,0,0,2154495,3045375,3252223,2168486.40,200
1781850046,0,19380,0,200.66,199.92,1733631,2177023,2680831,3977215,9732095,671744,163315711,2823634.45,7466254.77,19380,10,10,10,0,0,0,0,0,0,2111487,3213311,3676159,2120367.36,200
1781850047,0,19580,0,200.65,200.05,1733631,2174975,2676735,3962879,9609215,671744,163315711,2816429.80,7428619.49,19580,10,10,10,0,0,0,0,0,0,2119679,3108863,3522559,2118298.88,200
1781850048,0,19780,0,200.65,200.10,1732607,2174975,2676735,3952639,9469951,671744,163315711,2809132.88,7391601.61,19780,10,10,10,0,0,0,0,0,0,2039807,3201023,3463167,2094764.80,200
1781850049,0,19980,0,200.64,199.89,1731583,2172927,2674687,3942399,9297919,671744,163315711,2801804.59,7355122.10,19980,10,10,10,0,0,0,0,0,0,2012159,3131391,3297279,2077036.80,200
1781850050,0,20180,0,200.63,200.05,1729535,2172927,2674687,3938303,9273343,671744,163315711,2795972.50,7319238.54,20180,10,10,10,0,0,0,0,0,0,2226175,3409919,4567039,2213346.56,200
1781850051,0,20380,0,200.63,199.99,1728511,2170879,2674687,3928063,9060351,671744,163315711,2788397.06,7283904.02,20380,10,10,10,0,0,0,0,0,0,2003967,3162111,3399679,2024034.56,200
1781850052,0,20580,0,200.62,200.09,1727487,2168831,2670591,3911679,8937471,671744,163315711,2780697.29,7249051.12,20580,10,10,10,0,0,0,0,0,0,2027519,2936831,3166207,1996090.88,200
1781850053,0,20780,0,200.61,199.89,1725439,2166783,2666495,3905535,8896511,671744,163315711,2772820.61,7214746.02,20780,10,10,10,0,0,0,0,0,0,1955839,3065855,3362815,1962310.40,200
1781850054,0,20980,0,200.61,200.04,1725439,2166783,2666495,3905535,9297919,671744,163315711,2776697.15,7194603.37,20980,10,10,10,0,0,0,0,0,0,2123775,3463167,23691263,3179470.08,200
1781850055,0,21180,0,200.60,199.94,1724415,2164735,2664447,3895295,9273343,671744,163315711,2769554.12,7161170.21,21180,10,10,10,0,0,0,0,0,0,2062335,3225599,3557375,2020249.60,200
1781850056,0,21380,0,200.60,200.09,1725439,2162687,2662399,3889151,9060351,671744,163315711,2763389.56,7128075.43,21380,10,10,10,0,0,0,0,0,0,2093055,3071999,3395583,2110562.56,200
1781850057,0,21580,0,200.59,199.94,1723391,2162687,2660351,3887103,8937471,671744,163315711,2757354.27,7095681.99,21580,10,10,10,0,0,0,0,0,0,1999871,3043327,5865471,2112181.76,200
1781850058,0,21780,0,200.59,200.02,1722367,2160639,2658303,3870719,8896511,671744,163315711,2750072.83,7063646.73,21780,10,10,10,0,0,0,0,0,0,1998847,2867199,3082239,1964405.76,200
1781850059,0,21980,0,200.58,199.91,1721343,2160639,2658303,3862527,8880127,671744,163315711,2744297.94,7032052.41,21980,10,10,10,0,0,0,0,0,0,2125823,3172351,4952063,2115412.48,200
1781850060,0,22180,0,200.58,200.10,1720319,2160639,2654207,3856383,8790015,671744,163315711,2738882.75,7000835.89,22180,10,10,10,0,0,0,0,0,0,2071551,3325951,4317183,2143752.96,200
1781850061,0,22380,0,200.57,199.97,1720319,2158591,2654207,3852287,8765439,671744,163315711,2733677.74,6970139.60,22380,10,10,10,0,0,0,0,0,0,2103295,3143679,6733823,2156442.88,200
1781850062,0,22580,0,200.57,200.06,1720319,2158591,2652159,3837951,8732671,671744,163315711,2728079.62,6939678.67,22580,10,10,10,0,0,0,0,0,0,2109439,3078143,3340287,2101649.92,200
1781850063,0,22780,0,200.56,200.03,1719295,2158591,2652159,3837951,8691711,671744,163315711,2722644.58,6909698.12,22780,10,10,10,0,0,0,0,0,0,2062335,3360767,4009983,2109027.84,200
1781850064,0,22980,0,200.55,199.91,1719295,2156543,2650111,3833855,8601599,671744,163315711,2717561.46,6880037.33,22980,10,10,10,0,0,0,0,0,0,2075647,3244031,4243455,2138594.56,200
1781850065,0,23180,0,200.55,200.01,1718271,2154495,2648063,3823615,8388607,671744,163315711,2711429.75,6850841.36,23180,10,10,10,0,0,0,0,0,0,1999871,3125247,3670015,2006896.64,200
1781850066,0,23380,0,200.54,199.93,1718271,2154495,2648063,3825663,8290303,671744,163315711,2706968.34,6822061.24,23380,10,10,10,0,0,0,0,0,0,2138111,3854335,4073471,2189890.56,200
1781850067,0,23580,0,200.54,200.03,1717247,2154495,2646015,3815423,8191999,671744,163315711,2701344.32,6793523.06,23580,10,10,10,0,0,0,0,0,0,2038783,2959359,3248127,2043896.32,200
1781850068,0,23780,0,200.54,200.14,1717247,2152447,2643967,3809279,8167423,671744,163315711,2695891.15,6765356.33,23780,10,10,10,0,0,0,0,0,0,2038783,2951167,3522559,2052962.56,200
1781850069,0,23980,0,200.53,199.87,1718271,2152447,2643967,3809279,7999487,671744,163315711,2691884.31,6737520.88,23980,10,10,10,0,0,0,0,0,0,2134015,3676159,4147199,2215471.36,200
1781850070,0,24419,0,202.51,438.97,1710079,2148351,2643967,3862527,9445375,649216,163315711,2702135.71,6701702.11,24419,10,10,10,0,0,0,0,0,0,1812479,13099007,24395775,3262109.45,439
1781850071,0,24915,0,204.92,496.42,1695743,2138111,2633727,3848191,9150463,559616,163315711,2683391.09,6637096.00,24915,10,10,10,0,0,0,0,0,0,1638399,2805759,4300799,1760558.45,496
1781850072,0,25418,0,207.36,502.83,1684479,2127871,2625535,3844095,9445375,559616,163315711,2671867.75,6580884.49,25418,10,10,10,0,0,0,0,0,0,1658879,3164159,18956287,2101084.63,503
1781850073,0,25917,0,209.72,498.95,1676287,2117631,2619391,3821567,9150463,559616,163315711,2653245.47,6518975.77,25917,10,10,10,0,0,0,0,0,0,1690623,2697215,3207167,1704666.04,499
1781850074,0,26413,0,212.01,495.95,1665023,2109439,2607103,3805183,8937471,559616,163315711,2634743.61,6459339.93,26413,10,10,10,0,0,0,0,0,0,1588223,2615295,3883007,1667984.00,496
1781850075,0,26914,0,214.32,501.26,1654783,2099199,2598911,3794943,8880127,559616,163315711,2619253.84,6400979.93,26914,10,10,10,0,0,0,0,0,0,1654783,2848767,6295551,1802624.77,501
1781850076,0,27419,0,216.61,505.01,1646591,2091007,2590719,3774463,8790015,473088,163315711,2602928.65,6343522.64,27419,10,10,10,0,0,0,0,0,0,1730559,2838527,3651583,1732876.67,505
1781850077,0,27920,0,218.84,501.00,1638399,2082815,2582527,3774463,9117695,473088,163315711,2595674.56,6296150.48,27920,10,10,10,0,0,0,0,0,0,1686527,4972543,17776639,2198669.03,501
1781850078,0,28416,0,221.00,495.96,1625087,2071551,2570239,3762175,8937471,473088,163315711,2578111.46,6242651.38,28416,10,10,10,0,0,0,0,0,0,1572863,2424831,2856959,1589478.71,496
1781850079,0,28918,0,223.16,502.03,1618943,2062335,2562047,3756031,8880127,473088,163315711,2564705.44,6190231.03,28918,10,10,10,0,0,0,0,0,0,1676287,2822143,7262207,1805850.01,502
1781850080,0,29414,0,225.25,496.02,1609727,2055167,2553855,3737599,8790015,473088,163315711,2550088.31,6139229.12,29414,10,10,10,0,0,0,0,0,0,1648639,2725887,3188735,1697874.06,496
1781850081,0,29916,0,227.36,501.99,1600511,2045951,2547711,3729407,8880127,473088,163315711,2539003.24,6091870.08,29916,10,10,10,0,0,0,0,0,0,1618943,3137535,12058623,1889489.08,502
1781850082,0,30415,0,229.41,499.01,1593343,2039807,2539519,3710975,8790015,473088,163315711,2526378.52,6042959.17,30415,10,10,10,0,0,0,0,0,0,1658879,2891775,3235839,1769502.27,499
1781850083,0,30910,0,231.39,494.90,1588223,2030591,2531327,3694591,8716287,473088,163315711,2513622.15,5996015.08,30910,10,10,10,0,0,0,0,0,0,1660927,2535423,6848511,1729814.24,495
1781850084,0,31413,0,233.41,503.10,1580031,2022399,2521087,3684351,8388607,473088,163315711,2499841.24,5949323.79,31413,10,10,10,0,0,0,0,0,0,1588223,2488319,2985983,1652986.40,503
1781850085,0,31920,0,235.43,506.50,1570815,2016255,2516991,3682303,8716287,473088,163315711,2492048.19,5907864.30,31920,10,10,10,0,0,0,0,0,0,1587199,3538943,15917055,2009202.11,507
1781850086,0,32416,0,237.34,496.50,1562623,2010111,2508799,3672063,8388607,473088,163315711,2479368.20,5863881.81,32416,10,10,10,0,0,0,0,0,0,1553407,2887679,4118527,1663349.16,496
1781850087,0,32918,0,239.26,501.53,1556479,2003967,2502655,3657727,8187903,473088,163315711,2467518.99,5820146.73,32918,10,10,10,0,0,0,0,0,0,1679359,2672639,2965503,1702371.95,502
1781850088,0,33420,0,241.16,501.97,1548287,1996799,2492415,3641343,8048639,473088,163315711,2455185.33,5777440.47,33420,10,10,10,0,0,0,0,0,0,1584127,2486271,2639871,1646421.16,502
1781850089,0,33914,0,242.97,494.49,1543167,1989631,2486271,3627007,7786495,473088,163315711,2444273.40,5736339.73,33914,10,10,10,0,0,0,0,0,0,1623039,2752511,3364863,1706061.47,494
1781850090,0,34410,0,244.77,495.82,1540095,1985535,2482175,3616767,7675903,473088,163315711,2434326.66,5696005.80,34410,10,10,10,0,0,0,0,0,0,1702911,2621439,3323903,1754218.32,496
1781850091,0,34918,0,246.63,508.18,1533951,1976319,2473983,3610623,7565311,473088,163315711,2423404.77,5655757.08,34918,10,10,10,0,0,0,0,0,0,1589247,2787327,4714495,1683597.10,508
1781850092,0,35418,0,248.41,499.95,1529855,1972223,2469887,3596287,7454719,473088,163315711,2413870.85,5616640.84,35418,10,10,10,0,0,0,0,0,0,1698815,2576383,3065855,1748060.16,500
1781850093,0,35920,0,250.17,501.58,1524735,1964031,2463743,3592191,7393279,473088,163315711,2404235.97,5578769.53,35920,10,10,10,0,0,0,0,0,0,1575935,2801663,6946815,1724458.84,502
1781850094,0,36420,0,251.90,500.18,1519615,1957887,2455551,3581951,7348223,473088,163315711,2394345.37,5541615.33,36420,10,10,10,0,0,0,0,0,0,1567743,2684927,5275647,1683804.67,500
1781850095,0,36916,0,253.58,496.26,1513471,1952767,2451455,3581951,7290879,473088,163315711,2384761.45,5505863.94,36916,10,10,10,0,0,0,0,0,0,1528831,2922495,6254591,1681039.23,496
1781850096,0,37420,0,255.28,503.70,1508351,1944575,2445311,3567615,7254015,468736,163315711,2373662.96,5469843.46,37420,10,10,10,0,0,0,0,0,0,1499135,2670591,3332095,1560742.60,504
1781850097,0,37920,0,256.94,499.97,1502207,1938431,2439167,3553279,7172095,468736,163315711,2363398.61,5434737.96,37920,10,10,10,0,0,0,0,0,0,1524735,2666495,3096575,1595214.34,500
1781850098,0,38414,0,258.54,494.23,1497087,1933311,2433023,3543039,7118847,468736,163315711,2353966.78,5400763.10,38414,10,10,10,0,0,0,0,0,0,1538047,2668543,4143103,1629969.10,494
1781850099,0,38919,0,260.19,505.11,1492991,1929215,2426879,3536895,7061503,468736,163315711,2345705.31,5366607.54,38919,10,10,10,0,0,0,0,0,0,1611775,3086335,3774463,1717277.40,505
1781850100,0,39413,0,261.74,494.00,1490943,1926143,2424831,3547135,7135231,468736,163315711,2344533.57,5343486.46,39413,10,10,10,0,0,0,0,0,0,1675263,4143103,22233087,2252219.60,494
1781850101,0,39917,0,263.34,504.00,1486847,1923071,2418687,3538943,7114751,468736,163315711,2337177.99,5310698.59,39917,10,10,10,0,0,0,0,0,0,1643519,2803711,3688447,1761968.76,504
1781850102,0,40420,0,264.91,502.73,1484799,1918975,2414591,3524607,7061503,468736,163315711,2329433.03,5278390.44,40420,10,10,10,0,0,0,0,0,0,1656831,2734079,3385343,1714809.64,503
1781850103,0,40914,0,266.40,494.25,1482751,1914879,2410495,3514367,7032831,468736,163315711,2321849.51,5247173.62,40914,10,10,10,0,0,0,0,0,0,1639423,2527231,2873343,1701352.16,494
1781850104,0,41410,0,267.88,495.93,1481727,1909759,2404351,3508223,7061503,468736,163315711,2316643.85,5218346.02,41410,10,10,10,0,0,0,0,0,0,1726463,2535423,11403263,1887239.48,496
1781850105,0,41910,0,269.38,499.96,1479679,1907711,2400255,3497983,7032831,468736,163315711,2309727.58,5187802.61,41910,10,10,10,0,0,0,0,0,0,1711103,2639871,3082239,1736922.11,500
1781850106,0,42415,0,270.88,505.09,1478655,1903615,2396159,3491839,6995967,468736,163315711,2302738.76,5157554.54,42415,10,10,10,0,0,0,0,0,0,1707007,2594815,3420159,1722736.03,505
1781850107,0,42920,0,272.37,504.64,1476607,1900543,2392063,3481599,6946815,468736,163315711,2296126.55,5127844.55,42920,10,10,10,0,0,0,0,0,0,1689599,2715647,3293183,1740766.04,505
1781850108,0,43420,0,273.80,499.91,1473535,1897471,2390015,3477503,6860799,468736,163315711,2290200.17,5099217.93,43420,10,10,10,0,0,0,0,0,0,1645567,2988031,5435391,1781480.19,500
1781850109,0,43913,0,275.18,493.46,1471487,1895423,2385919,3471359,6799359,468736,163315711,2284131.19,5071214.60,43913,10,10,10,0,0,0,0,0,0,1717247,2713599,3700735,1749617.72,493
1781850110,0,44420,0,276.62,506.54,1471487,1894399,2385919,3471359,6860799,468736,163315711,2282211.85,5044759.05,44420,10,10,10,0,0,0,0,0,0,1827839,3682303,10829823,2115971.28,507
1781850111,0,44910,0,277.94,490.38,1470463,1890303,2379775,3463167,6799359,468736,163315711,2275852.34,5017808.10,44910,10,10,10,0,0,0,0,0,0,1628159,2617343,3311615,1699343.15,490
1781850112,0,45420,0,279.37,509.56,1468415,1886207,2375679,3452927,6766591,468736,163315711,2269410.49,4990291.52,45420,10,10,10,0,0,0,0,0,0,1641471,2654207,3231743,1702148.27,510
1781850113,0,45920,0,280.71,500.03,1465343,1882111,2371583,3448831,6799359,468736,163315711,2264580.28,4966071.15,45920,10,10,10,0,0,0,0,0,0,1608703,2543615,11902975,1825804.80,500
1781850114,0,46417,0,282.03,497.47,1463295,1880063,2367487,3436543,6766591,468736,163315711,2258181.63,4940072.37,46417,10,10,10,0,0,0,0,0,0,1640447,2568191,2955263,1666981.86,497
1781850115,0,46913,0,283.32,495.88,1459199,1875967,2361343,3422207,6746111,468736,163315711,2251122.82,4914628.39,46913,10,10,10,0,0,0,0,0,0,1557503,2564095,2879487,1590540.39,496
1781850116,0,47411,0,284.61,498.11,1457151,1872895,2359295,3411967,6709247,464640,163315711,2245387.84,4889432.00,47411,10,10,10,0,0,0,0,0,0,1618943,2811903,3092479,1705136.84,498
1781850117,0,47917,0,285.93,505.99,1454079,1868799,2355199,3399679,6655999,464640,163315711,2238795.53,4864223.20,47917,10,10,10,0,0,0,0,0,0,1644543,2396159,2744319,1621111.91,506
1781850118,0,48420,0,287.22,502.71,1452031,1864703,2351103,3399679,6610943,464640,163315711,2233256.71,4839789.42,48420,10,10,10,0,0,0,0,0,0,1562623,3096575,4378623,1705615.01,503
1781850119,0,48910,0,288.42,490.25,1448959,1859583,2347007,3391487,6549503,464640,163315711,2227309.54,4816207.87,48910,10,10,10,0,0,0,0,0,0,1526783,2918399,4149247,1639631.93,490
1781850120,0,49413,0,289.67,503.03,1445887,1856511,2342911,3385343,6488063,464640,163315711,2221154.60,4792315.12,49413,10,10,10,0,0,0,0,0,0,1547263,2596863,3321855,1622670.00,503
1781850121,0,49916,0,290.92,503.02,1443839,1853439,2338815,3377151,6377471,423168,163315711,2215227.40,4768785.42,49916,10,10,10,0,0,0,0,0,0,1602559,2662399,3192831,1632959.62,503
1781850122,0,50410,0,292.09,493.82,1442815,1851391,2334719,3371007,6324223,423168,163315711,2210636.76,4745937.28,50410,10,10,10,0,0,0,0,0,0,1692671,2691071,3839999,1746777.65,494
1781850123,0,50915,0,293.32,505.17,1441791,1849343,2330623,3368959,6324223,423168,163315711,2206642.44,4723259.02,50915,10,10,10,0,0,0,0,0,0,1655807,2930687,6270975,1807921.68,505
1781850124,0,51417,0,294.52,502.00,1439743,1845247,2328575,3362815,6316031,423168,163315711,2201360.35,4701075.31,51417,10,10,10,0,0,0,0,0,0,1550335,2586623,4853759,1665628.30,502
1781850125,0,51920,0,295.70,502.60,1437695,1843199,2326527,3362815,6279167,423168,163315711,2197333.19,4679122.53,51920,10,10,10,0,0,0,0,0,0,1592319,3301375,5337087,1785674.31,503
1781850126,0,52415,0,296.83,495.36,1436671,1841151,2324479,3360767,6266879,423168,163315711,2193678.24,4657780.88,52415,10,10,10,0,0,0,0,0,0,1657855,3211263,4796415,1810314.60,495
1781850127,0,52913,0,297.96,497.92,1434623,1839103,2320383,3356671,6254591,423168,163315711,2189355.84,4636382.14,52913,10,10,10,0,0,0,0,0,0,1711103,2611199,4235263,1734418.76,498
1781850128,0,53414,0,299.10,501.14,1432575,1836031,2318335,3352575,6213631,423168,163315711,2184384.91,4615226.92,53414,10,10,10,0,0,0,0,0,0,1554431,2770943,3514367,1659381.01,501
1781850129,0,53920,0,300.25,505.56,1430527,1832959,2314239,3346431,6184959,423168,163315711,2179132.84,4594089.05,53920,10,10,10,0,0,0,0,0,0,1586175,2504703,3110911,1624717.41,506
1781850130,0,54220,0,300.25,300.15,1431551,1832959,2316287,3356671,6254591,423168,163315711,2181357.54,4583781.34,54220,10,10,10,0,0,0,0,0,0,1933311,6160383,10698751,2581210.45,300
1781850131,0,54420,0,299.70,200.05,1431551,1835007,2318335,3356671,6254591,423168,163315711,2181916.67,4575642.33,54420,10,10,10,0,0,0,0,0,0,2289663,3393535,6758399,2333498.88,200
1781850132,0,54620,0,299.15,199.94,1432575,1837055,2320383,3358719,6254591,423168,163315711,2182547.71,4567478.46,54620,10,10,10,0,0,0,0,0,0,2283519,3551231,4485119,2354251.52,200
1781850133,0,54820,0,298.61,200.06,1434623,1839103,2320383,3358719,6254591,423168,163315711,2183093.68,4559520.82,54820,10,10,10,0,0,0,0,0,0,2269183,3362815,6029311,2332199.68,200
1781850134,0,55020,0,298.08,200.00,1434623,1840127,2322431,3360767,6246399,423168,163315711,2183590.05,4551464.76,55020,10,10,10,0,0,0,0,0,0,2191359,3514367,5132287,2319644.16,200
1781850135,0,55220,0,297.55,199.93,1436671,1842175,2324479,3362815,6254591,423168,163315711,2184533.59,4543746.71,55220,10,10,10,0,0,0,0,0,0,2215935,4857855,7417855,2444102.40,200
1781850136,0,55420,0,297.03,199.89,1437695,1844223,2326527,3362815,6246399,423168,163315711,2185084.10,4535702.59,55420,10,10,10,0,0,0,0,0,0,2297855,3375103,3848191,2337080.32,200
1781850137,0,55620,0,296.51,200.07,1438719,1845247,2328575,3364863,6230015,423168,163315711,2185881.27,4527797.86,55620,10,10,10,0,0,0,0,0,0,2314239,3649535,4874239,2406775.04,200
1781850138,0,55820,0,296.00,199.97,1439743,1847295,2330623,3364863,6213631,423168,163315711,2186381.89,4519854.64,55820,10,10,10,0,0,0,0,0,0,2314239,3338239,4091903,2325606.40,200
1781850139,0,56020,0,295.49,199.96,1440767,1848319,2332671,3364863,6197247,423168,163315711,2186884.25,4511932.62,56020,10,10,10,0,0,0,0,0,0,2332671,3311615,3713023,2327091.20,200
1781850140,0,56220,0,294.99,200.05,1441791,1849343,2334719,3366911,6254591,423168,163315711,2189574.30,4507212.75,56220,10,10,10,0,0,0,0,0,0,2404351,3889151,15884287,2943057.92,200
1781850141,0,56420,0,294.50,200.02,1442815,1851391,2338815,3368959,6266879,423168,163315711,2190958.48,4500216.31,56420,10,10,10,0,0,0,0,0,0,2355199,3663871,10067967,2580052.48,200
1781850142,0,56620,0,294.00,199.93,1443839,1852415,2340863,3373055,6262783,423168,163315711,2191505.83,4492492.67,56620,10,10,10,0,0,0,0,0,0,2316287,3608575,4583423,2345912.32,200
1781850143,0,56820,0,293.52,199.98,1443839,1854463,2340863,3371007,6254591,423168,163315711,2191697.43,4484740.57,56820,10,10,10,0,0,0,0,0,0,2246655,3229695,3760127,2245939.20,200
1781850144,0,57020,0,293.04,200.00,1444863,1855487,2342911,3375103,6254591,423168,163315711,2192236.33,4477062.04,57020,10,10,10,0,0,0,0,0,0,2217983,3682303,3864575,2345338.88,200
1781850145,0,57220,0,292.56,200.18,1445887,1857535,2344959,3377151,6246399,423168,163315711,2193220.14,4469521.54,57220,10,10,10,0,0,0,0,0,0,2357247,4341759,5419007,2473702.40,200
1781850146,0,57420,0,292.09,199.90,1446911,1858559,2347007,3379199,6230015,423168,163315711,2193852.63,4461938.33,57420,10,10,10,0,0,0,0,0,0,2349055,3620863,4440063,2374808.32,200
1781850147,0,57620,0,291.63,200.03,1447935,1860607,2349055,3381247,6262783,423168,163315711,2195573.38,4455709.23,57620,10,10,10,0,0,0,0,0,0,2326527,3899391,11452415,2689601.28,200
1781850148,0,57820,0,291.16,199.90,1448959,1861631,2353151,3387391,6266879,423168,163315711,2196764.79,4448427.62,57820,10,10,10,0,0,0,0,0,0,2482175,3969023,7868415,2540011.52,200
1781850149,0,58020,0,290.71,200.05,1449983,1863679,2355199,3387391,6258687,423168,163315711,2197297.59,4440914.93,58020,10,10,10,0,0,0,0,0,0,2381823,3309567,3973119,2351328.00,200
1781850150,0,58220,0,290.26,200.01,1451007,1865727,2359295,3391487,6254591,423168,163315711,2198769.57,4433596.67,58220,10,10,10,0,0,0,0,0,0,2541567,4052991,4362239,2625792.00,200
1781850151,0,58420,0,289.81,200.03,1452031,1867775,2359295,3391487,6254591,423168,163315711,2198754.53,4426147.48,58420,10,10,10,0,0,0,0,0,0,2187263,3397631,3813375,2194375.68,200
1781850152,0,58620,0,289.36,200.02,1453055,1868799,2361343,3391487,6246399,423168,163315711,2199135.17,4418754.82,58620,10,10,10,0,0,0,0,0,0,2265087,3303423,3846143,2310320.64,200
1781850153,0,58820,0,288.92,199.93,1454079,1870847,2361343,3391487,6230015,423168,163315711,2199621.50,4411416.28,58820,10,10,10,0,0,0,0,0,0,2236415,3422207,4296703,2342165.76,200
1781850154,0,59020,0,288.49,200.07,1455103,1871871,2365439,3393535,6254591,423168,163315711,2201064.75,4405025.05,59020,10,10,10,0,0,0,0,0,0,2347007,3631103,10559487,2625524.48,200
1781850155,0,59220,0,288.06,200.08,1456127,1873919,2367487,3393535,6250495,423168,163315711,2201457.14,4397716.68,59220,10,10,10,0,0,0,0,0,0,2303999,3305471,3536895,2317250.56,200
1781850156,0,59420,0,287.63,199.95,1456127,1874943,2369535,3395583,6234111,423168,163315711,2202154.07,4390506.14,59420,10,10,10,0,0,0,0,0,0,2476031,3487743,3932159,2408514.56,200
1781850157,0,59620,0,287.21,200.03,1457151,1876991,2371583,3395583,6217727,423168,163315711,2202769.40,4383305.36,59620,10,10,10,0,0,0,0,0,0,2344959,3506175,3942399,2385583.36,200
1781850158,0,59820,0,286.79,199.85,1458175,1878015,2373631,3397631,6209535,423168,163315711,2203600.27,4376162.00,59820,10,10,10,0,0,0,0,0,0,2408447,3655679,4317183,2451284.48,200
1781850159,0,60020,0,286.38,200.02,1460223,1880063,2375679,3399679,6197247,423168,163315711,2204323.57,4369067.48,60020,10,10,10,0,0,0,0,0,0,2310143,3756031,4251647,2420660.48,200
1781850160,0,60220,0,285.97,200.10,1461247,1882111,2377727,3405823,6184959,423168,163315711,2205689.79,4362160.80,60220,10,10,10,0,0,0,0,0,0,2494463,4276223,4730879,2615692.80,200
1781850161,0,60420,0,285.56,200.02,1462271,1883135,2379775,3403775,6184959,423168,163315711,2206110.89,4355068.47,60420,10,10,10,0,0,0,0,0,0,2361343,3276799,3454975,2332903.68,200
1781850162,0,60620,0,285.16,199.84,1463295,1884159,2381823,3405823,6164479,423168,163315711,2206842.61,4348120.59,60620,10,10,10,0,0,0,0,0,0,2377727,3471359,5083135,2427896.32,200
1781850163,0,60820,0,284.76,200.10,1463295,1885183,2383871,3401727,6160383,423168,163315711,2206824.20,4341091.88,60820,10,10,10,0,0,0,0,0,0,2207743,3160063,3268607,2201244.16,200
1781850164,0,61020,0,284.37,199.97,1464319,1886207,2385919,3405823,6156287,423168,163315711,2207768.72,4334280.06,61020,10,10,10,0,0,0,0,0,0,2422783,4263935,4747263,2494996.48,200
1781850165,0,61220,0,283.98,199.97,1465343,1888255,2387967,3409919,6156287,423168,163315711,2208450.07,4327491.12,61220,10,10,10,0,0,0,0,0,0,2254847,3807231,6156287,2416331.52,200
1781850166,0,61420,0,283.59,200.00,1466367,1889279,2390015,3414015,6156287,423168,163315711,2209294.23,4320700.49,61420,10,10,10,0,0,0,0,0,0,2326527,3803135,4620287,2467691.52,200
1781850167,0,61620,0,283.20,200.09,1467391,1891327,2390015,3414015,6135807,423168,163315711,2209667.85,4313832.66,61620,10,10,10,0,0,0,0,0,0,2340863,3141631,3977215,2324407.04,200
1781850168,0,61820,0,282.82,199.98,1468415,1892351,2392063,3414015,6131711,423168,163315711,2209967.91,4307015.32,61820,10,10,10,0,0,0,0,0,0,2224127,3446783,4227071,2302416.64,200
1781850169,0,62020,0,282.45,200.08,1469439,1894399,2394111,3418111,6127615,423168,163315711,2210827.52,4300300.80,62020,10,10,10,0,0,0,0,0,0,2465791,3815423,4083711,2476531.20,200
1781850170,0,62220,0,282.07,199.89,1470463,1895423,2396159,3422207,6156287,423168,163315711,2212797.89,4295303.84,62220,10,10,10,0,0,0,0,0,0,2453503,3721215,12075007,2823809.28,200
1781850171,0,62420,0,281.70,200.05,1470463,1897471,2398207,3422207,6156287,423168,163315711,2213313.20,4288588.73,62420,10,10,10,0,0,0,0,0,0,2426879,3426303,3799039,2373628.16,200
1781850172,0,62620,0,281.33,199.95,1471487,1898495,2400255,3430399,6135807,423168,163315711,2214715.23,4282042.40,62620,10,10,10,0,0,0,0,0,0,2559999,3909631,4890623,2652288.00,200
1781850173,0,62820,0,280.97,200.01,1472511,1899519,2402303,3430399,6131711,423168,163315711,2214729.83,4275387.74,62820,10,10,10,0,0,0,0,0,0,2140159,3391487,4329471,2219299.84,200
1781850174,0,63020,0,280.61,199.93,1473535,1901567,2404351,3430399,6127615,423168,163315711,2215352.07,4268770.36,63020,10,10,10,0,0,0,0,0,0,2428927,3559423,4239359,2410798.08,200
1781850175,0,63220,0,280.25,200.02,1473535,1902591,2406399,3430399,6123519,423168,163315711,2215560.19,4262175.49,63220,10,10,10,0,0,0,0,0,0,2228223,3403775,3573759,2281137.92,200
1781850176,0,63420,0,279.90,200.07,1475583,1904639,2408447,3430399,6090751,423168,163315711,2216046.92,4255569.91,63420,10,10,10,0,0,0,0,0,0,2353151,3280895,3524607,2369903.36,200
1781850177,0,63620,0,279.55,199.91,1475583,1905663,2408447,3430399,6090751,423168,163315711,2216866.47,4249230.43,63620,10,10,10,0,0,0,0,0,0,2316287,3805183,5320703,2476744.96,200
1781850178,0,63820,0,279.20,200.00,1477631,1906687,2410495,3434495,6131711,423168,163315711,2217722.40,4243194.97,63820,10,10,10,0,0,0,0,0,0,2246655,4485119,8200191,2489995.52,200
1781850179,0,64020,0,278.85,200.12,1477631,1907711,2410495,3430399,6123519,423168,163315711,2217583.50,4236700.30,64020,10,10,10,0,0,0,0,0,0,2189311,3127295,3432447,2173260.80,200
1781850180,0,64220,0,278.51,200.02,1478655,1908735,2410495,3428351,6115327,423168,163315711,2217538.43,4230217.99,64220,10,10,10,0,0,0,0,0,0,2195455,3145727,3485695,2203110.40,200
1781850181,0,64420,0,278.17,199.99,1479679,1909759,2412543,3428351,6090751,423168,163315711,2217709.15,4223800.76,64420,10,10,10,0,0,0,0,0,0,2242559,3295231,4390911,2272528.64,200
1781850182,0,64620,0,277.84,199.86,1480703,1911807,2414591,3428351,6070271,423168,163315711,2218289.30,4217412.86,64620,10,10,10,0,0,0,0,0,0,2363391,3420159,3645439,2405153.28,200
1781850183,0,64820,0,277.50,200.04,1480703,1912831,2416639,3430399,6057983,423168,163315711,2219060.62,4211132.01,64820,10,10,10,0,0,0,0,0,0,2338815,3702783,4169727,2468273.92,200
1781850184,0,65020,0,277.17,200.06,1481727,1914879,2418687,3438591,6090751,423168,163315711,2220208.75,4205137.13,65020,10,10,10,0,0,0,0,0,0,2344959,3964927,6946815,2592320.00,200
1781850185,0,65220,0,276.85,199.95,1482751,1915903,2418687,3438591,6123519,423168,163315711,2220873.27,4199211.09,65220,10,10,10,0,0,0,0,0,0,2224127,3829759,7569407,2436908.80,200
1781850186,0,65420,0,276.52,200.09,1483775,1916927,2422783,3448831,6123519,423168,163315711,2222310.42,4193268.75,65420,10,10,10,0,0,0,0,0,0,2568191,4890623,5697535,2690964.48,200
1781850187,0,65620,0,276.20,199.86,1484799,1917951,2422783,3448831,6123519,423168,163315711,2222469.57,4187113.04,65620,10,10,10,0,0,0,0,0,0,2138111,3454975,5922815,2274525.44,200
1781850188,0,65820,0,275.88,199.98,1485823,1918975,2424831,3450879,6123519,423168,163315711,2223109.73,4180929.68,65820,10,10,10,0,0,0,0,0,0,2349055,3692543,4081663,2433146.88,200
1781850189,0,66020,0,275.56,200.18,1485823,1919999,2424831,3452927,6090751,423168,163315711,2223605.01,4174780.35,66020,10,10,10,0,0,0,0,0,0,2295807,3719167,4175871,2386603.52,200
1781850190,0,66810,0,277.70,789.95,1484799,1919999,2428927,3491839,7024639,423168,163315711,2258638.43,4264728.84,66810,10,10,10,0,0,0,0,0,0,1903615,23937023,46727167,5186367.51,790
1781850191,0,67810,0,280.69,1000.09,1477631,1913855,2420735,3481599,6995967,398848,163315711,2247601.18,4234857.51,67810,10,10,10,0,0,0,0,0,0,1393663,2736127,3184639,1510202.62,1000
1781850192,0,68810,0,283.66,999.25,1472511,1907711,2414591,3479551,6959103,398848,163315711,2239517.14,4205439.55,68810,10,10,10,0,0,0,0,0,0,1570815,2959359,4468735,1691338.50,1000
1781850193,0,69810,0,286.60,999.81,1468415,1903615,2410495,3473407,6946815,377344,163315711,2232176.96,4176863.97,69810,10,10,10,0,0,0,0,0,0,1611775,2676735,5783551,1727099.01,1000
1781850194,0,70810,0,289.51,1000.38,1464319,1897471,2404351,3465215,6852607,377344,163315711,2224430.65,4148388.19,70810,10,10,10,0,0,0,0,0,0,1612799,2574335,4182015,1683661.06,1000
1781850195,0,71810,0,292.41,999.72,1458175,1890303,2398207,3457023,6799359,377344,163315711,2215233.44,4120793.86,71810,10,10,10,0,0,0,0,0,0,1478655,2519039,3403775,1563978.75,1000
1781850196,0,72810,0,295.28,1000.52,1454079,1884159,2392063,3446783,6746111,377344,163315711,2206897.00,4093622.41,72810,10,10,10,0,0,0,0,0,0,1524735,2672639,3694591,1608257.15,1000
1781850197,0,73810,0,298.12,999.64,1447935,1878015,2387967,3434495,6680575,377344,163315711,2198974.23,4067024.44,73810,10,10,10,0,0,0,0,0,0,1519615,2873343,3704831,1622117.76,1000
1781850198,0,74810,0,300.95,999.98,1444863,1874943,2383871,3440639,6709247,377344,163315711,2194527.31,4042414.41,74810,10,10,10,0,0,0,0,0,0,1590271,4018175,7004159,1866299.90,1000
1781850199,0,75810,0,303.75,1000.16,1442815,1870847,2377727,3432447,6635519,377344,163315711,2188169.91,4016748.65,75810,10,10,10,0,0,0,0,0,0,1616895,2861055,4464639,1712573.18,1000
1781850200,0,76810,0,306.53,999.75,1438719,1866751,2373631,3432447,6688767,377344,163315711,2183748.36,3994052.10,76810,10,10,10,0,0,0,0,0,0,1586175,3858431,9003007,1848550.02,1000
1781850201,0,77810,0,309.28,1000.04,1434623,1861631,2367487,3426303,6688767,377344,163315711,2177255.11,3970517.41,77810,10,10,10,0,0,0,0,0,0,1567743,2572287,6303743,1678509.06,1000
1781850202,0,78810,0,312.02,1000.77,1431551,1858559,2363391,3422207,6688767,377344,163315711,2172341.49,3947482.75,78810,10,10,10,0,0,0,0,0,0,1626111,2885631,4820991,1790012.29,1000
1781850203,0,79810,0,314.73,999.73,1429503,1853439,2357247,3411967,6635519,377344,163315711,2165823.30,3923559.06,79810,10,10,10,0,0,0,0,0,0,1601535,2566143,3786751,1652125.18,1000
1781850204,0,80810,0,317.42,999.53,1426431,1849343,2353151,3407871,6635519,377344,163315711,2160572.51,3900980.19,80810,10,10,10,0,0,0,0,0,0,1585151,2717695,5279743,1741506.56,1000
1781850205,0,81810,0,320.09,1000.27,1425407,1845247,2347007,3399679,6602751,377344,163315711,2155168.71,3878078.31,81810,10,10,10,0,0,0,0,0,0,1614847,2725887,4468735,1718487.55,1000
1781850206,0,82810,0,322.74,999.74,1421311,1841151,2342911,3395583,6545407,377344,163315711,2148843.57,3855917.15,82810,10,10,10,0,0,0,0,0,0,1516543,2791423,5177343,1631383.81,1000
1781850207,0,83810,0,325.37,1000.40,1417215,1837055,2338815,3389439,6438911,377344,163315711,2142193.93,3833949.21,83810,10,10,10,0,0,0,0,0,0,1528831,2588671,3950591,1591537.79,1000
1781850208,0,84810,0,327.98,999.82,1415167,1833983,2332671,3383295,6352895,377344,163315711,2136734.31,3812365.32,84810,10,10,10,0,0,0,0,0,0,1596415,2607103,4255743,1679163.14,1000
1781850209,0,85810,0,330.57,1000.27,1412095,1828863,2328575,3375103,6299647,377344,163315711,2130258.43,3791015.05,85810,10,10,10,0,0,0,0,0,0,1538047,2463743,3426303,1581039.36,1000
1781850210,0,86810,0,333.14,999.78,1407999,1824767,2322431,3368959,6262783,377344,163315711,2123871.80,3770109.07,86810,10,10,10,0,0,0,0,0,0,1517567,2469887,3383295,1575834.88,1000
1781850211,0,87810,0,335.69,999.62,1404927,1819647,2316287,3362815,6258687,377344,163315711,2117469.10,3749876.80,87810,10,10,10,0,0,0,0,0,0,1487871,2330623,4362239,1561651.20,1000
1781850212,0,88810,0,338.22,1000.09,1401855,1815551,2312191,3360767,6303743,377344,163315711,2114339.65,3735983.21,88810,10,10,10,0,0,0,0,0,0,1474559,2594815,15949823,1839541.89,1000
1781850213,0,89810,0,340.73,1000.71,1399807,1811455,2306047,3352575,6266879,377344,163315711,2108722.57,3715868.42,89810,10,10,10,0,0,0,0,0,0,1584127,2367487,3074047,1609870.46,1000
1781850214,0,90810,0,343.22,999.61,1395711,1807359,2301951,3348479,6234111,377344,163315711,2102707.16,3696489.01,90810,10,10,10,0,0,0,0,0,0,1516543,2492415,4481023,1562462.59,1000
1781850215,0,91810,0,345.69,999.92,1391615,1803263,2297855,3336191,6193151,377344,163315711,2096091.74,3677316.22,91810,10,10,10,0,0,0,0,0,0,1461247,2557951,3205119,1495345.92,1000
1781850216,0,92810,0,348.15,1000.39,1388543,1800191,2293759,3332095,6193151,377344,163315711,2090862.37,3659063.96,92810,10,10,10,0,0,0,0,0,0,1519615,2625535,3952639,1610753.79,1000
1781850217,0,93810,0,350.58,999.69,1386495,1796095,2289663,3323903,6160383,377344,163315711,2084826.87,3640369.01,93810,10,10,10,0,0,0,0,0,0,1501183,2381823,3049471,1524671.62,1000
1781850218,0,94810,0,353.00,999.71,1383423,1793023,2285567,3317759,6156287,377344,163315711,2079939.50,3622089.49,94810,10,10,10,0,0,0,0,0,0,1513471,2473983,3203071,1621455.23,1000
1781850219,0,95810,0,355.40,1000.43,1381375,1789951,2281471,3317759,6234111,377344,163315711,2079130.48,3611125.77,95810,10,10,10,0,0,0,0,0,0,1535999,3493887,14819327,2002427.26,1000
1781850220,0,96810,0,357.78,999.71,1379327,1785855,2279423,3321855,6316031,377344,163315711,2081536.56,3616774.14,96810,10,10,10,0,0,0,0,0,0,1546239,3614719,25526271,2312063.87,1000
1781850221,0,97810,0,360.15,1000.14,1377279,1782783,2275327,3323903,6414335,377344,163315711,2078725.78,3601002.79,97810,10,10,10,0,0,0,0,0,0,1531903,3725311,9117695,1806614.02,1000
1781850222,0,98810,0,362.50,1000.02,1375231,1780735,2271231,3317759,6414335,377344,163315711,2074551.39,3584119.72,98810,10,10,10,0,0,0,0,0,0,1569791,2578431,6004735,1666253.70,1000
1781850223,0,99810,0,364.83,999.52,1373183,1778687,2269183,3315711,6336511,377344,163315711,2070455.77,3567126.00,99810,10,10,10,0,0,0,0,0,0,1530879,2928639,5021695,1665768.32,1000
1781850224,0,100810,0,367.14,1000.53,1370111,1775615,2265087,3311615,6336511,377344,163315711,2066057.90,3550650.00,100810,10,10,10,0,0,0,0,0,0,1503231,2842623,4231167,1627106.30,1000
1781850225,0,101810,0,369.44,1000.30,1367039,1772543,2260991,3305471,6299647,377344,163315711,2061056.93,3534076.64,101810,10,10,10,0,0,0,0,0,0,1435647,2617343,3637247,1556908.67,1000
1781850226,0,102810,0,371.72,999.18,1361919,1768447,2256895,3299327,6262783,377344,163315711,2054419.69,3517837.14,102810,10,10,10,0,0,0,0,0,0,1275903,2412543,2734079,1378682.37,1000
1781850227,0,103810,0,373.98,1000.12,1358847,1764351,2252799,3295231,6250495,377344,163315711,2049857.02,3501884.86,103810,10,10,10,0,0,0,0,0,0,1444863,2836479,4775935,1580768.77,1000
1781850228,0,104810,0,376.23,1000.61,1356799,1762303,2250751,3293183,6254591,377344,163315711,2046505.94,3486451.80,104810,10,10,10,0,0,0,0,0,0,1510399,3000319,6692863,1698630.66,1000
1781850229,0,105810,0,378.46,999.88,1352703,1759231,2246655,3291135,6213631,377344,163315711,2041967.69,3470958.57,105810,10,10,10,0,0,0,0,0,0,1401855,2768895,4755455,1566314.24,1000
1781850230,0,106810,0,380.67,1000.06,1349631,1756159,2242559,3289087,6213631,377344,163315711,2038301.12,3456254.27,106810,10,10,10,0,0,0,0,0,0,1437695,3024895,6205439,1650340.99,1000
1781850231,0,107810,0,382.87,999.40,1347583,1754111,2240511,3284991,6189055,377344,163315711,2034479.40,3441163.45,107810,10,10,10,0,0,0,0,0,0,1541119,2658303,4509695,1626281.73,1000
1781850232,0,108810,0,385.06,1000.76,1345535,1752063,2236415,3278847,6160383,377344,163315711,2029956.82,3426043.38,108810,10,10,10,0,0,0,0,0,0,1479679,2467839,3151871,1542377.60,1000
1781850233,0,109810,0,387.22,999.30,1341439,1750015,2234367,3278847,6135807,377344,163315711,2026025.37,3411514.61,109810,10,10,10,0,0,0,0,0,0,1443839,3063807,4243455,1598243.33,1000
1781850234,0,110810,0,389.38,1000.70,1339391,1747967,2232319,3274751,6135807,377344,163315711,2022259.91,3397442.75,110810,10,10,10,0,0,0,0,0,0,1474559,2959359,5812223,1608775.30,1000
1781850235,0,111810,0,391.52,999.69,1335295,1743871,2228223,3270655,6131711,377344,163315711,2017299.00,3383387.20,111810,10,10,10,0,0,0,0,0,0,1327103,2494463,4427775,1467581.06,1000
1781850236,0,112810,0,393.64,1000.17,1331199,1740799,2224127,3268607,6074367,377344,163315711,2012674.14,3369303.42,112810,10,10,10,0,0,0,0,0,0,1399807,2838527,3690495,1495567.87,1000
1781850237,0,113810,0,395.75,1000.11,1330175,1739775,2222079,3264511,6049791,377344,163315711,2009482.78,3355200.83,113810,10,10,10,0,0,0,0,0,0,1617919,2506751,4124671,1649465.60,1000
1781850238,0,114810,0,397.84,1000.00,1329151,1737727,2217983,3258367,6012927,377344,163315711,2005435.73,3341215.88,114810,10,10,10,0,0,0,0,0,0,1501183,2385919,3215359,1544840.45,1000
1781850239,0,115810,0,399.92,999.43,1326079,1734655,2215935,3252223,5996543,377344,163315711,2001451.36,3327435.27,115810,10,10,10,0,0,0,0,0,0,1438719,2607103,3061759,1544006.91,1000
1781850240,0,116810,0,401.99,999.72,1325055,1731583,2213887,3246079,5959679,377344,163315711,1997659.54,3313735.24,116810,10,10,10,0,0,0,0,0,0,1497087,2430975,2807807,1558527.74,1000
1781850241,0,117810,0,404.04,1000.26,1325055,1729535,2209791,3244031,5939199,377344,163315711,1995062.12,3300540.85,117810,10,10,10,0,0,0,0,0,0,1600511,2908159,5079039,1691658.50,1000
1781850242,0,118810,0,406.07,1000.35,1324031,1728511,2207743,3237887,5918719,377344,163315711,1991618.03,3287156.86,118810,10,10,10,0,0,0,0,0,0,1566719,2377727,2797567,1585868.93,1000
1781850243,0,119810,0,408.10,1000.23,1324031,1727487,2205695,3237887,5939199,377344,163315711,1990257.57,3274993.47,119810,10,10,10,0,0,0,0,0,0,1654783,3096575,8077311,1828621.18,1000
1781850244,0,120810,0,410.11,999.75,1324031,1727487,2203647,3233791,5959679,377344,163315711,1988227.72,3262794.05,120810,10,10,10,0,0,0,0,0,0,1636351,2453503,7536639,1745032.45,1000
1781850245,0,121810,0,412.10,1000.19,1323007,1725439,2201599,3231743,5939199,377344,163315711,1985666.21,3250264.07,121810,10,10,10,0,0,0,0,0,0,1598463,2729983,5058559,1676209.66,1000
1781850246,0,122810,0,414.08,1000.03,1321983,1724415,2197503,3227647,5939199,377344,163315711,1983158.69,3237967.27,122810,10,10,10,0,0,0,0,0,0,1584127,2588671,3610623,1677717.89,1000
1781850247,0,123810,0,416.05,1000.11,1321983,1722367,2195455,3221503,5918719,377344,163315711,1980058.62,3225348.86,123810,10,10,10,0,0,0,0,0,0,1561599,2463743,3069951,1599338.24,1000
1781850248,0,124810,0,418.01,999.67,1319935,1719295,2191359,3215359,5906431,366080,163315711,1976278.07,3213198.16,124810,10,10,10,0,0,0,0,0,0,1477631,2334719,3092479,1508208.38,1000
1781850249,0,125810,0,419.95,999.46,1317887,1717247,2189311,3211263,5906431,366080,163315711,1973166.11,3201440.78,125810,10,10,10,0,0,0,0,0,0,1500159,2674687,4726783,1584763.14,1000
1781850250,0,126260,0,420.05,450.27,1318911,1718271,2191359,3217407,5918719,366080,163315711,1974014.38,3196633.45,126260,10,10,10,0,0,0,0,0,0,1895423,5197823,6541311,2211170.42,450
1781850251,0,126460,0,419.32,200.04,1318911,1719295,2191359,3215359,5914623,366080,163315711,1974176.32,3194168.61,126460,10,10,10,0,0,0,0,0,0,2082815,2840575,3135487,2076412.16,200
1781850252,0,126660,0,418.60,199.83,1318911,1719295,2193407,3221503,5914623,366080,163315711,1975095.97,3191943.03,126660,10,10,10,0,0,0,0,0,0,2510847,4435967,5582847,2556587.52,200
1781850253,0,126860,0,417.88,200.06,1319935,1720319,2193407,3221503,5906431,366080,163315711,1975723.28,3189575.23,126860,10,10,10,0,0,0,0,0,0,2396159,3338239,4169727,2372999.68,200
1781850254,0,127060,0,417.16,200.04,1319935,1721343,2195455,3223551,5894143,366080,163315711,1976465.10,3187238.43,127060,10,10,10,0,0,0,0,0,0,2473983,3473407,4673535,2447004.16,200
1781850255,0,127260,0,416.45,199.91,1320959,1722367,2195455,3223551,5918719,366080,163315711,1977504.73,3185592.02,127260,10,10,10,0,0,0,0,0,0,2299903,4820991,10444799,2637977.60,200
1781850256,0,127460,0,415.74,199.99,1320959,1723391,2197503,3227647,5914623,366080,163315711,1977920.40,3183239.18,127460,10,10,10,0,0,0,0,0,0,2115583,3676159,4706303,2242411.52,200
1781850257,0,127660,0,415.04,200.10,1321983,1724415,2199551,3227647,5914623,366080,163315711,1978591.36,3180883.42,127660,10,10,10,0,0,0,0,0,0,2367487,3440639,3815423,2406197.76,200
1781850258,0,127860,0,414.35,200.05,1323007,1724415,2199551,3227647,5906431,366080,163315711,1979142.81,3178529.75,127860,10,10,10,0,0,0,0,0,0,2338815,3422207,3704831,2331130.88,200
1781850259,0,128060,0,413.65,199.92,1323007,1725439,2201599,3229695,5894143,366080,163315711,1979774.60,3176182.18,128060,10,10,10,0,0,0,0,0,0,2390015,3399679,3627007,2383677.44,200
1781850260,0,128260,0,412.97,200.07,1324031,1726463,2201599,3229695,5894143,366080,163315711,1980329.48,3173870.43,128260,10,10,10,0,0,0,0,0,0,2260991,3637247,4104191,2335618.56,200
1781850261,0,128460,0,412.28,199.97,1324031,1727487,2203647,3231743,5894143,366080,163315711,1980783.98,3171592.11,128460,10,10,10,0,0,0,0,0,0,2232319,3305471,5799935,2272257.28,200
1781850262,0,128660,0,411.60,200.06,1324031,1727487,2205695,3231743,5894143,366080,163315711,1981318.58,3169283.86,128660,10,10,10,0,0,0,0,0,0,2285567,3530751,4126719,2324688.64,200
1781850263,0,128860,0,410.93,199.95,1325055,1728511,2205695,3233791,5885951,366080,163315711,1981779.77,3166958.62,128860,10,10,10,0,0,0,0,0,0,2252799,3420159,4100095,2278464.00,200
1781850264,0,129060,0,410.26,200.06,1325055,1729535,2205695,3231743,5885951,366080,163315711,1982042.47,3164571.04,129060,10,10,10,0,0,0,0,0,0,2166783,2918399,3518463,2151299.84,200
1781850265,0,129260,0,409.59,199.93,1326079,1729535,2207743,3231743,5877759,366080,163315711,1982318.60,3162226.26,129260,10,10,10,0,0,0,0,0,0,2179071,3205119,3801087,2160508.16,200
1781850266,0,129460,0,408.93,199.93,1326079,1730559,2207743,3233791,5894143,366080,163315711,1983314.77,3160340.41,129460,10,10,10,0,0,0,0,0,0,2363391,4472831,8261631,2627136.00,200
1781850267,0,129660,0,408.27,200.09,1327103,1731583,2209791,3233791,5894143,366080,163315711,1983657.20,3157983.89,129660,10,10,10,0,0,0,0,0,0,2166783,3084287,3239935,2205312.00,200
1781850268,0,129860,0,407.62,200.00,1327103,1732607,2209791,3233791,5885951,366080,163315711,1983986.52,3155636.69,129860,10,10,10,0,0,0,0,0,0,2121727,3137535,3401727,2197489.92,200
1781850269,0,130060,0,406.97,200.04,1328127,1732607,2211839,3235839,5885951,366080,163315711,1984785.12,3153455.51,130060,10,10,10,0,0,0,0,0,0,2400255,4087807,5775359,2503315.20,200
1781850270,0,130260,0,406.32,200.00,1328127,1733631,2213887,3237887,5914623,366080,163315711,1985978.17,3151861.21,130260,10,10,10,0,0,0,0,0,0,2441215,6561791,9584639,2761815.04,200
1781850271,0,130460,0,405.68,199.93,1329151,1734655,2213887,3241983,5922815,366080,163315711,1986845.26,3149764.73,130460,10,10,10,0,0,0,0,0,0,2394111,3971071,6533119,2551580.16,200
1781850272,0,130660,0,405.04,199.96,1329151,1735679,2215935,3241983,5918719,366080,163315711,1987599.33,3147543.66,130660,10,10,10,0,0,0,0,0,0,2447359,3710975,4136959,2479480.32,200
1781850273,0,130860,0,404.41,199.95,1330175,1735679,2217983,3244031,5914623,366080,163315711,1988181.20,3145284.17,130860,10,10,10,0,0,0,0,0,0,2267135,3383295,4042751,2368320.00,200
1781850274,0,131060,0,403.78,200.15,1330175,1736703,2217983,3246079,5914623,366080,163315711,1988976.64,3143070.90,131060,10,10,10,0,0,0,0,0,0,2531327,3678207,4345855,2509429.76,200
1781850275,0,131260,0,403.16,199.98,1331199,1737727,2220031,3246079,5906431,366080,163315711,1989395.22,3140785.54,131260,10,10,10,0,0,0,0,0,0,2301951,3190783,3733503,2263695.36,200
1781850276,0,131460,0,402.53,199.92,1331199,1738751,2220031,3248127,5894143,366080,163315711,1989900.45,3138544.37,131460,10,10,10,0,0,0,0,0,0,2183167,3833855,4481023,2321477.12,200
1781850277,0,131660,0,401.91,200.00,1332223,1739775,2222079,3248127,5894143,366080,163315711,1990498.75,3136361.20,131660,10,10,10,0,0,0,0,0,0,2361343,3502079,5476351,2383765.76,200
1781850278,0,131860,0,401.30,199.96,1332223,1739775,2224127,3250175,5890047,366080,163315711,1990915.91,3134102.60,131860,10,10,10,0,0,0,0,0,0,2246655,3327999,3698687,2265530.88,200
1781850279,0,132060,0,400.69,200.13,1333247,1740799,2224127,3252223,5894143,366080,163315711,1991696.44,3132043.15,132060,10,10,10,0,0,0,0,0,0,2375679,4003839,6877183,2506301.44,200
1781850280,0,132260,0,400.08,199.99,1333247,1741823,2226175,3256319,5906431,366080,163315711,1992881.15,3130184.45,132260,10,10,10,0,0,0,0,0,0,2490367,4587519,8658943,2775142.40,200
1781850281,0,132460,0,399.48,199.87,1334271,1742847,2228223,3256319,5894143,366080,163315711,1993477.08,3127950.19,132460,10,10,10,0,0,0,0,0,0,2353151,3452927,3962879,2387563.52,200
1781850282,0,132660,0,398.88,200.19,1334271,1742847,2230271,3256319,5894143,366080,163315711,1993940.23,3125719.78,132660,10,10,10,0,0,0,0,0,0,2342911,3375103,4044799,2300686.08,200
1781850283,0,132860,0,398.28,199.83,1335295,1743871,2230271,3256319,5885951,366080,163315711,1994502.02,3123494.14,132860,10,10,10,0,0,0,0,0,0,2363391,3299327,3710975,2367137.28,200
1781850284,0,133060,0,397.69,200.00,1335295,1744895,2232319,3260415,5885951,366080,163315711,1995256.55,3121340.79,133060,10,10,10,0,0,0,0,0,0,2445311,3747839,4184063,2496491.52,200
1781850285,0,133260,0,397.10,200.17,1336319,1745919,2232319,3262463,5906431,366080,163315711,1996390.18,3119860.34,133260,10,10,10,0,0,0,0,0,0,2430975,3885055,10952703,2750592.00,200
1781850286,0,133460,0,396.51,199.82,1336319,1746943,2234367,3264511,5894143,366080,163315711,1997070.91,3117688.02,133460,10,10,10,0,0,0,0,0,0,2408447,3504127,4292607,2450644.48,200
1781850287,0,133660,0,395.93,200.16,1337343,1746943,2236415,3266559,5894143,366080,163315711,1997944.26,3115626.42,133660,10,10,10,0,0,0,0,0,0,2447359,3940351,5783551,2580729.60,200
1781850288,0,133860,0,395.35,199.85,1337343,1747967,2236415,3268607,5890047,366080,163315711,1998704.41,3113465.13,133860,10,10,10,0,0,0,0,0,0,2496511,3618815,4089855,2506713.60,200
1781850289,0,134060,0,394.78,200.16,1338367,1748991,2238463,3270655,5914623,366080,163315711,2000048.56,3112345.68,134060,10,10,10,0,0,0,0,0,0,2547711,5738495,13303807,2899688.96,200
1781850290,0,134260,0,394.21,199.83,1338367,1750015,2240511,3272703,5906431,366080,163315711,2000976.76,3110244.97,134260,10,10,10,0,0,0,0,0,0,2535423,3901439,4395007,2623150.08,200
1781850291,0,134460,0,393.64,200.17,1339391,1751039,2242559,3274751,5894143,366080,163315711,2001558.63,3108106.36,134460,10,10,10,0,0,0,0,0,0,2387967,3629055,4468735,2392168.96,200
1781850292,0,134660,0,393.07,199.92,1339391,1752063,2242559,3276799,5894143,366080,163315711,2002349.38,3106035.81,134660,10,10,10,0,0,0,0,0,0,2439167,4292607,5287935,2533971.20,200
1781850293,0,134860,0,392.51,200.04,1340415,1753087,2244607,3276799,5890047,366080,163315711,2002859.71,3103837.60,134860,10,10,10,0,0,0,0,0,0,2441215,3110911,3731455,2346461.44,200
1781850294,0,135060,0,391.95,199.88,1341439,1753087,2246655,3280895,5885951,366080,163315711,2003963.54,3101829.69,135060,10,10,10,0,0,0,0,0,0,2732031,4032511,5201919,2748275.20,200
1781850295,0,135260,0,391.40,200.16,1341439,1754111,2248703,3287039,5894143,366080,163315711,2005188.84,3100035.19,135260,10,10,10,0,0,0,0,0,0,2695167,5292031,6770687,2832632.32,200
1781850296,0,135460,0,390.84,199.84,1342463,1755135,2248703,3289087,5906431,366080,163315711,2006330.97,3098963.30,135460,10,10,10,0,0,0,0,0,0,2527231,3659775,18972671,2778754.56,200
1781850297,0,135660,0,390.30,200.09,1342463,1756159,2250751,3289087,5894143,366080,163315711,2006984.28,3096799.89,135660,10,10,10,0,0,0,0,0,0,2488319,3276799,3657727,2449474.56,200
1781850298,0,135860,0,389.75,199.98,1343487,1757183,2252799,3291135,5894143,366080,163315711,2007810.19,3094797.93,135860,10,10,10,0,0,0,0,0,0,2449407,4337663,6074367,2568021.76,200
1781850299,0,136060,0,389.21,200.01,1343487,1757183,2252799,3291135,5894143,366080,163315711,2008351.27,3092644.32,136060,10,10,10,0,0,0,0,0,0,2322431,3530751,3848191,2375910.40,200
1781850300,0,136260,0,388.67,199.91,1344511,1758207,2254847,3293183,5890047,366080,163315711,2009140.52,3090577.36,136260,10,10,10,0,0,0,0,0,0,2553855,3612671,5140479,2546068.48,200
1781850301,0,136460,0,388.13,200.05,1344511,1759231,2254847,3295231,5885951,366080,163315711,2009809.35,3088575.27,136460,10,10,10,0,0,0,0,0,0,2238463,4587519,5558271,2465479.68,200
1781850302,0,136660,0,387.60,200.14,1345535,1760255,2256895,3295231,5885951,366080,163315711,2010496.13,3086460.68,136660,10,10,10,0,0,0,0,0,0,2414591,3506175,3907583,2479088.64,200
1781850303,0,136860,0,387.07,199.96,1345535,1761279,2258943,3299327,5881855,366080,163315711,2011315.07,3084494.41,136860,10,10,10,0,0,0,0,0,0,2355199,4595711,5402623,2570891.52,200
1781850304,0,137060,0,386.54,199.98,1346559,1762303,2258943,3297279,5873663,366080,163315711,2011810.72,3082356.97,137060,10,10,10,0,0,0,0,0,0,2351103,3256319,3768319,2350986.24,200
1781850305,0,137260,0,386.01,199.96,1347583,1762303,2260991,3299327,5869567,366080,163315711,2012450.23,3080266.07,137260,10,10,10,0,0,0,0,0,0,2416639,3719167,4020223,2450705.92,200
1781850306,0,137460,0,385.49,199.96,1347583,1763327,2263039,3303423,5869567,366080,163315711,2013530.48,3078363.98,137460,10,10,10,0,0,0,0,0,0,2545663,4997119,5627903,2754905.60,200
1781850307,0,137660,0,384.97,200.04,1348607,1764351,2265087,3303423,5865471,366080,163315711,2014323.56,3076367.97,137660,10,10,10,0,0,0,0,0,0,2525183,3923967,5312511,2559411.20,200
1781850308,0,137860,0,384.46,199.98,1348607,1765375,2265087,3305471,5865471,366080,163315711,2015126.49,3074322.40,137860,10,10,10,0,0,0,0,0,0,2553855,3856383,4333567,2567779.84,200
1781850309,0,138060,0,383.95,200.08,1349631,1766399,2267135,3307519,5861375,366080,163315711,2015914.79,3072315.18,138060,10,10,10,0,0,0,0,0,0,2392063,3956735,4702207,2559290.88,200
1781850310,0,139159,0,385.93,1099.01,1352703,1772543,2283519,3440639,13008895,366080,288620543,2821730.17,11003667.15,139159,10,10,10,0,0,0,0,0,0,97124351,228589567,277348351,104050913.02,1099
1781850311,0,141493,0,391.32,2332.28,1359871,1786879,2318335,3911679,114294783,366080,365166591,4582108.20,21990169.92,141493,10,10,10,0,0,0,0,0,0,72351743,315097087,343670783,109540311.20,2334
1781850312,0,143553,0,395.92,2060.01,1367039,1799167,2349055,5025791,113442815,366080,365166591,4770701.18,21933543.17,143553,10,10,10,0,0,0,0,0,0,14360575,41844735,62062591,17724383.81,2060
1781850313,0,145530,0,400.27,1978.58,1373183,1811455,2381823,9060351,112197631,366080,365166591,4945670.35,21858431.15,145530,10,10,10,0,0,0,0,0,0,15581183,33439743,49053695,17650450.26,1977
1781850314,0,147543,0,404.69,2013.31,1379327,1824767,2414591,12058623,110624767,366080,365166591,5102491.28,21773424.06,147543,10,10,10,0,0,0,0,0,0,14688255,33685503,43515903,16439873.11,2013
1781850315,0,149550,0,409.07,2005.75,1385471,1837055,2451455,14589951,109182975,366080,365166591,5407757.18,21948210.33,149550,10,10,10,0,0,0,0,0,0,17416191,72351743,85524479,27849135.64,2007
1781850316,0,151550,0,413.41,1999.99,1391615,1850367,2490367,16637951,107216895,366080,365166591,5585406.56,21898726.15,151550,10,10,10,0,0,0,0,0,0,15482879,43286527,56655871,18869138.94,2000
1781850317,0,153464,0,417.50,1914.54,1396735,1862655,2529279,18513919,110690303,366080,365166591,5814126.91,21999798.10,153464,10,10,10,0,0,0,0,0,0,16891903,58163199,126550015,23924142.14,1914
1781850318,0,155514,0,421.93,2050.81,1403903,1874943,2574335,22396927,141033471,366080,365166591,6808507.23,25262925.51,155514,10,10,10,0,0,0,0,0,0,41025535,267386879,310902783,81248302.95,2050
1781850319,0,157530,0,426.24,2014.68,1410047,1888255,2621439,26722303,138936319,366080,365166591,7195657.77,25421462.29,157530,10,10,10,0,0,0,0,0,0,34996223,73793535,87949311,37060404.83,2016
1781850320,0,159480,0,430.35,1951.16,1416191,1900543,2670591,30457855,136708095,366080,365166591,7576395.32,25630257.65,159480,10,10,10,0,0,0,0,0,0,33554431,86704127,112721919,38334131.33,1950
1781850321,0,161330,0,434.17,1850.08,1421311,1912831,2717695,32833535,141688831,366080,365166591,7941247.49,26178824.27,161330,10,10,10,0,0,0,0,0,0,25804799,141033471,244449279,39393477.05,1850
1781850322,0,163550,0,438.96,2218.89,1428479,1927167,2781183,37486591,162398207,366080,365166591,8899274.99,28518323.31,163550,10,10,10,0,0,0,0,0,0,41058303,235012095,273416191,78520255.42,2220
1781850323,0,165344,0,442.59,1793.63,1434623,1938431,2836479,41025535,177078271,366080,365166591,9578943.46,29965201.27,165344,10,10,10,0,0,0,0,0,0,36962303,216793087,256114687,71540915.51,1794
1781850324,0,167526,0,447.24,2183.39,1440767,1953791,2910207,44204031,178126847,366080,365166591,10017821.41,30375922.32,167526,10,10,10,0,0,0,0,0,0,27738111,138412031,184549375,43274391.11,2182
1781850325,0,169406,0,451.05,1879.94,1446911,1967103,2981887,45350911,179568639,366080,365166591,10292972.16,30508094.28,169406,10,10,10,0,0,0,0,0,0,26329087,109772799,191496191,34811539.06,1880
1781850326,0,171314,0,454.92,1906.32,1453055,1980415,3065855,47874047,203161599,366080,373817343,11252540.57,34230526.69,171314,10,10,10,0,0,0,0,0,0,28803071,352583679,364904447,96449943.88,1908
1781850327,0,172783,0,457.60,1470.14,1457151,1990655,3143679,56328191,249692159,366080,687865855,13661649.35,46776167.23,172783,10,10,10,0,0,0,0,0,0,288096255,657457151,677904383,294610635.89,1469
1781850328,0,174640,0,461.30,1856.90,1463295,2003967,3268607,75825151,346292223,366080,687865855,17766794.28,62696674.07,174640,10,10,10,0,0,0,0,0,0,353632255,648019967,670564351,399726544.58,1857
1781850329,0,176331,0,464.54,1690.82,1468415,2015231,3418111,112787455,506462207,366080,869793791,23143434.27,84515575.04,176331,10,10,10,0,0,0,0,0,0,606601215,814743551,860356607,578422208.72,1691
1781850330,0,178070,0,467.89,1738.71,1473535,2027519,3639295,158728191,654311423,366080,1019740159,29384005.81,105984087.38,178070,10,10,10,0,0,0,0,0,0,659554303,922746879,1006108671,662165041.17,1739
1781850331,0,179730,0,471.01,1659.98,1478655,2040831,3956735,224133119,765460479,366080,1156579327,36836892.30,132059611.77,179730,10,10,10,0,0,0,0,0,0,817889279,1132462079,1147142143,836316108.18,1660
1781850332,0,181808,0,475.21,2077.18,1484799,2056191,4665343,329777151,861929471,366080,1189085183,46121128.40,158043383.41,181808,10,10,10,0,0,0,0,0,0,851443711,1145044991,1173356543,849131596.87,2078
1781850333,0,183580,0,478.59,1773.48,1489919,2069503,5894143,483655679,1007157247,366080,1189085183,55103976.51,182071414.43,183580,10,10,10,0,0,0,0,0,0,1023934463,1121976319,1145044991,976748248.13,1772
1781850334,0,186061,0,483.80,2479.86,1498111,2087935,8085503,610271231,1042808831,366080,1189085183,65772310.56,204023498.21,186061,10,10,10,0,0,0,0,0,0,919601151,1093664767,1135607807,855168830.01,2481
1781850335,0,187832,0,487.14,1770.37,1503231,2103295,9445375,676855807,1063256063,366080,1197473791,73039040.61,217364824.20,187832,10,10,10,0,0,0,0,0,0,715128831,1153433599,1178599423,836480633.13,1771
1781850336,0,190420,0,492.57,2590.21,1510399,2121727,11329535,721420287,1062207487,366080,1197473791,81750819.64,229313401.77,190420,10,10,10,0,0,0,0,0,0,773849087,958398463,973602815,714034775.84,2588
1781850337,0,192051,0,495.51,1629.74,1515519,2136063,12386303,760741887,1061683199,366080,1197473791,87034929.40,235692388.54,192051,10,10,10,0,0,0,0,0,0,745537535,872939519,904396799,703957174.07,1631
1781850338,0,193860,0,498.89,1809.71,1521663,2150399,13778943,786956287,1062731775,366080,1197473791,93520547.16,244315605.18,193860,10,10,10,0,0,0,0,0,0,788529151,1048051711,1080033279,782060832.12,1809
1781850339,0,195506,0,501.84,1645.66,1525759,2162687,14991359,803209215,1083179007,366080,1502609407,100854573.85,257251936.22,195506,10,10,10,0,0,0,0,0,0,837812223,1458569215,1483735039,964630037.77,1646
1781850340,0,197479,0,505.60,1972.89,1531903,2179071,16629759,826802175,1120927743,366080,1502609407,110223139.66,274106356.71,197479,10,10,10,0,0,0,0,0,0,939524095,1410334719,1420820479,1038561115.99,1973
1781850341,0,199058,0,508.34,1579.30,1535999,2193407,17858559,864550911,1297088511,366080,1502609407,119078355.98,290991868.53,199058,10,10,10,0,0,0,0,0,0,1327497215,1439694847,1453326335,1226563641.07,1579
1781850342,0,201324,0,512.82,2266.13,1543167,2211839,19939327,918028287,1370488831,366080,1605369855,130826252.42,310672996.80,201324,10,10,10,0,0,0,0,0,0,1136656383,1540358143,1580204031,1162826592.03,2266
1781850343,0,204291,0,519.06,2965.62,1551359,2238463,22790143,947388415,1377828863,366080,1605369855,142176524.46,323576458.43,204291,10,10,10,0,0,0,0,0,0,888143871,1460666367,1525678079,912342404.96,2967
1781850344,0,207218,0,525.16,2929.21,1560575,2267135,25985023,944242687,1375731711,366080,1605369855,145631880.28,324571029.49,207218,10,10,10,0,0,0,0,0,0,320339967,930086911,944242687,386799661.83,2927
1781850345,0,209410,0,529.37,2190.71,1567743,2289663,27394047,941621247,1374683135,366080,1605369855,145600352.45,323262206.98,209410,10,10,10,0,0,0,0,0,0,45514751,418119679,437518335,142619907.74,2192
1781850346,0,211562,0,533.46,2152.82,1573887,2310143,27492351,938999807,1374683135,366080,1605369855,144471818.67,321843762.18,211562,10,10,10,0,0,0,0,0,0,16334847,167378943,224526335,34654783.52,2152
1781850347,0,213539,0,537.09,1976.56,1580031,2330623,26902527,935854079,1373634559,366080,1605369855,143253793.69,320598684.99,213539,10,10,10,0,0,0,0,0,0,12091391,24002559,31408127,12910950.94,1977
1781850348,0,215544,0,540.78,2004.81,1585151,2351103,26836991,934281215,1372585983,366080,1605369855,142110950.49,319324912.41,215544,10,10,10,0,0,0,0,0,0,16031743,51412991,64716799,20394445.06,2005
1781850349,0,217511,0,544.35,1967.85,1590271,2371583,26755071,931659775,1372585983,366080,1605369855,140996104.00,318094414.01,217511,10,10,10,0,0,0,0,0,0,14639103,46465023,63307775,18831146.30,1967
1781850350,0,219396,0,547.69,1885.26,1596415,2392063,27295743,929562623,1371537407,366080,1605369855,140195233.30,316883794.35,219396,10,10,10,0,0,0,0,0,0,26591231,167378943,262012927,47782401.36,1885
1781850351,0,221254,0,550.96,1857.55,1601535,2412543,27869183,926941183,1371537407,366080,1605369855,140042981.51,315946488.37,221254,10,10,10,0,0,0,0,0,0,27492351,476053503,507248639,122064814.71,1858
1781850352,0,223530,0,555.24,2274.72,1608703,2439167,28671999,924844031,1370488831,366080,1605369855,139391604.81,314600071.32,223530,10,10,10,0,0,0,0,0,0,28557311,368836607,448528383,76070120.15,2276
1781850353,0,225306,0,558.27,1777.38,1613823,2461695,29245439,923795455,1368391679,366080,1605369855,138963862.08,313534695.06,225306,10,10,10,0,0,0,0,0,0,30277631,303038463,318767103,85127526.63,1776
1781850354,0,227250,0,561.69,1943.26,1619967,2486271,30654463,921698303,1368391679,366080,1605369855,138987326.25,312415400.51,227250,10,10,10,0,0,0,0,0,0,68943871,342884351,353894399,141706779.92,1944
1781850355,0,229288,0,565.33,2038.91,1626111,2514943,32473087,919076863,1366294527,366080,1605369855,139470378.48,311223168.26,229288,10,10,10,0,0,0,0,0,0,234749951,331350015,347078655,193333782.61,2038
1781850356,0,231404,0,569.14,2114.37,1632255,2545663,34340863,916455423,1365245951,366080,1605369855,139015576.93,309910389.98,231404,10,10,10,0,0,0,0,0,0,53116927,221642751,239992831,89733660.07,2116
1781850357,0,233470,0,572.82,2067.04,1638399,2574335,36405247,914358271,1365245951,366080,1605369855,138456919.57,308611958.22,233470,10,10,10,0,0,0,0,0,0,68419583,139067391,152829951,75884050.34,2066
1781850358,0,235460,0,576.29,1988.92,1644543,2605055,37978111,912261119,1364197375,366080,1605369855,137775779.96,307409533.81,235460,10,10,10,0,0,0,0,0,0,52887551,125042687,137101311,57863385.41,1990
1781850359,0,237444,0,579.72,1985.70,1649663,2635775,38535167,909639679,1363148799,366080,1605369855,136962371.44,306259750.41,237444,10,10,10,0,0,0,0,0,0,33423359,97845247,133496831,40427507.61,1984
1781850360,0,239225,0,582.65,1779.97,1655807,2666495,39747583,907542527,1362100223,366080,1605369855,136586209.98,305269703.44,239225,10,10,10,0,0,0,0,0,0,46727167,351797247,366215167,86436135.53,1781
1781850361,0,241270,0,586.20,2044.81,1660927,2701311,41451519,905445375,1362100223,366080,1605369855,136777322.91,304186594.64,241270,10,10,10,0,0,0,0,0,0,135921663,347602943,368574463,159133798.15,2045
1781850362,0,243440,0,590.04,2170.79,1668095,2740223,43352063,902299647,1362100223,366080,1605369855,136758493.48,302976907.80,243440,10,10,10,0,0,0,0,0,0,101842943,288882687,304611327,134664955.99,2170
1781850363,0,245458,0,593.49,2017.70,1674239,2779135,44138495,899678207,1360003071,366080,1605369855,136043010.68,301851524.26,245458,10,10,10,0,0,0,0,0,0,36274175,122486783,167772159,49731250.11,2018
1781850364,0,247319,0,596.55,1860.53,1679359,2815999,45514751,898105343,1358954495,366080,1605369855,135742488.00,300854304.93,247319,10,10,10,0,0,0,0,0,0,54657023,323223551,347340799,96104822.16,1861
1781850365,0,249480,0,600.31,2161.03,1685503,2863103,48070655,894959615,1357905919,366080,1605369855,135679715.11,299734501.42,249480,10,10,10,0,0,0,0,0,0,83165183,388235263,407633919,128495574.30,2161
1781850366,0,251538,0,603.81,2057.58,1692671,2910207,48037887,892338175,1356857343,366080,1605369855,134868180.80,298648610.99,251538,10,10,10,0,0,0,0,0,0,27934719,101449727,122290175,36490347.97,2058
1781850367,0,253419,0,606.87,1881.73,1697791,2955263,47644671,889716735,1354760191,366080,1605369855,134069627.69,297689190.49,253419,10,10,10,0,0,0,0,0,0,21561343,65863679,131203071,27282570.96,1881
1781850368,0,255234,0,609.76,1815.08,1702911,3002367,48922623,887619583,1353711615,366080,1605369855,133924058.08,296762446.33,255234,10,10,10,0,0,0,0,0,0,72220671,303562751,383254527,113598932.28,1815
1781850369,0,257442,0,613.57,2207.99,1709055,3067903,49676287,884998143,1351614463,366080,1605369855,133767094.23,295713159.90,257442,10,10,10,0,0,0,0,0,0,41582591,359399423,401604607,115622841.04,2208
1781850370,0,258300,0,614.15,857.78,1711103,3092479,50167807,883949567,1351614463,366080,1605369855,133511920.01,295263698.28,258300,10,10,10,0,0,0,0,0,0,53510143,123797503,132841471,56947163.00,858
1781850371,0,258500,0,613.17,200.06,1712127,3092479,50069503,883425279,1351614463,366080,1605369855,133411320.84,295171600.93,258500,10,10,10,0,0,0,0,0,0,3086335,5238783,12435455,3487488.00,200
1781850372,0,258700,0,612.19,199.89,1712127,3092479,49938431,883425279,1351614463,366080,1605369855,133310775.08,295079624.76,258700,10,10,10,0,0,0,0,0,0,3137535,5963775,8318975,3355379.20,200
1781850373,0,258900,0,611.22,200.07,1713151,3090431,49840127,882900991,1350565887,366080,1605369855,133210417.37,294987715.04,258900,10,10,10,0,0,0,0,0,0,3053567,5038079,12173311,3397721.60,200
1781850374,0,259100,0,610.25,199.93,1713151,3092479,49709055,882900991,1350565887,366080,1605369855,133110540.61,294895743.22,259100,10,10,10,0,0,0,0,0,0,3278847,8536063,13631487,3820070.40,200
1781850375,0,259300,0,609.28,200.05,1714175,3090431,49643519,882900991,1350565887,366080,1605369855,133010090.83,294804165.45,259300,10,10,10,0,0,0,0,0,0,2840575,4012031,4280319,2877409.28,200
1781850376,0,259500,0,608.32,200.10,1714175,3090431,49545215,882376703,1350565887,366080,1605369855,132910168.15,294712507.45,259500,10,10,10,0,0,0,0,0,0,2834431,7036927,13025279,3360404.48,200
1781850377,0,259700,0,607.37,199.92,1714175,3090431,49446911,881852415,1350565887,366080,1605369855,132811667.03,294620455.78,259700,10,10,10,0,0,0,0,0,0,3055615,11354111,41320447,5006466.56,200
1781850378,0,259900,0,606.42,200.05,1715199,3090431,49348607,881852415,1350565887,366080,1605369855,132711973.25,294528985.60,259900,10,10,10,0,0,0,0,0,0,3174399,4968447,5500927,3259601.92,200
1781850379,0,260100,0,605.47,200.01,1716223,3090431,49283071,881852415,1349517311,366080,1605369855,132612624.26,294437513.55,260100,10,10,10,0,0,0,0,0,0,3178495,4718591,13443071,3508605.44,200
1781850380,0,260300,0,604.53,199.93,1716223,3090431,49184767,881328127,1349517311,366080,1605369855,132513395.42,294346135.95,260300,10,10,10,0,0,0,0,0,0,2908159,6434815,11853823,3466288.64,200
1781850381,0,260500,0,603.59,199.96,1716223,3090431,49119231,880803839,1348468735,366080,1605369855,132414163.42,294254900.61,260500,10,10,10,0,0,0,0,0,0,3121151,5509119,6332415,3263715.84,200
1781850382,0,260700,0,602.66,199.98,1717247,3088383,49086463,880279551,1348468735,366080,1605369855,132314938.88,294163806.75,260700,10,10,10,0,0,0,0,0,0,2893823,5066751,5689343,3074974.72,200
1781850383,0,260900,0,601.73,200.06,1717247,3086335,48988159,880279551,1348468735,366080,1605369855,132215722.46,294072854.13,260900,10,10,10,0,0,0,0,0,0,2758655,4202495,6365183,2887119.36,200
1781850384,0,261100,0,600.81,200.12,1718271,3084287,48955391,879755263,1348468735,366080,1605369855,132116655.15,293981980.50,261100,10,10,10,0,0,0,0,0,0,2893823,4263935,4726783,2883348.48,200
1781850385,0,261300,0,599.89,199.88,1718271,3086335,48824319,879755263,1348468735,366080,1605369855,132018043.75,293891052.00,261300,10,10,10,0,0,0,0,0,0,3135487,5222399,7045119,3280862.72,200
1781850386,0,261500,0,598.97,200.13,1719295,3086335,48693247,879755263,1348468735,366080,1605369855,131919952.90,293800043.28,261500,10,10,10,0,0,0,0,0,0,3416063,7733247,12500991,3764262.40,200
1781850387,0,261700,0,598.06,199.97,1719295,3086335,48594943,879230975,1347420159,366080,1605369855,131821408.69,293709372.66,261700,10,10,10,0,0,0,0,0,0,3006463,4448255,4956159,2974853.12,200
1781850388,0,261900,0,597.15,199.92,1719295,3084287,48529407,879230975,1347420159,366080,1605369855,131722979.88,293618795.00,261900,10,10,10,0,0,0,0,0,0,2881535,4583423,4988927,2928885.76,200
1781850389,0,262100,0,596.25,199.99,1720319,3084287,48431103,878706687,1347420159,366080,1605369855,131624857.02,293528227.12,262100,10,10,10,0,0,0,0,0,0,3024895,4845567,5505023,3132968.96,200
1781850390,0,262300,0,595.35,200.04,1720319,3084287,48365567,878706687,1346371583,366080,1605369855,131527371.34,293437530.52,262300,10,10,10,0,0,0,0,0,0,3094527,6549503,14745599,3772392.96,200
1781850391,0,262500,0,594.45,199.93,1721343,3084287,48267263,878706687,1346371583,366080,1605369855,131429424.34,293347170.74,262500,10,10,10,0,0,0,0,0,0,2924543,4358143,4702207,2971921.92,200
1781850392,0,262700,0,593.56,200.14,1721343,3082239,48201727,878706687,1346371583,366080,1605369855,131331582.67,293256907.37,262700,10,10,10,0,0,0,0,0,0,2783231,4460543,4837375,2914393.60,200
1781850393,0,262900,0,592.68,199.91,1722367,3080191,48136191,878706687,1346371583,366080,1605369855,131233939.25,293166699.45,262900,10,10,10,0,0,0,0,0,0,2885631,4595711,5099519,2979310.08,200
1781850394,0,263100,0,591.79,200.10,1722367,3080191,48070655,878182399,1346371583,366080,1605369855,131136601.04,293076500.54,263100,10,10,10,0,0,0,0,0,0,3143679,4866047,7282687,3185520.64,200
1781850395,0,263300,0,590.91,199.80,1723391,3080191,47972351,878182399,1346371583,366080,1605369855,131039332.78,292986412.00,263300,10,10,10,0,0,0,0,0,0,3090431,4268031,4517887,3082944.00,200
1781850396,0,263500,0,590.04,200.00,1724415,3082239,47906815,877658111,1346371583,366080,1605369855,130942390.41,292896323.33,263500,10,10,10,0,0,0,0,0,0,3342335,5099519,7176191,3317757.44,200
1781850397,0,263700,0,589.17,200.15,1724415,3082239,47841279,877658111,1346371583,366080,1605369855,130845323.85,292806429.53,263700,10,10,10,0,0,0,0,0,0,2904063,4341759,5091327,2960130.56,200
1781850398,0,263900,0,588.30,199.97,1724415,3082239,47775743,877658111,1346371583,366080,1605369855,130748605.84,292716524.67,263900,10,10,10,0,0,0,0,0,0,3201023,4784127,6111231,3225909.76,200
1781850399,0,264100,0,587.43,199.94,1725439,3082239,47677439,877133823,1345323007,366080,1605369855,130651956.62,292626731.05,264100,10,10,10,0,0,0,0,0,0,3022847,4620287,10215423,3123313.92,200
1781850400,0,264300,0,586.58,200.10,1725439,3082239,47579135,877133823,1345323007,366080,1605369855,130557198.44,292536384.96,264300,10,10,10,0,0,0,0,0,0,3198975,7610367,55836671,5429016.32,200
1781850401,0,264500,0,585.72,199.91,1726463,3084287,47513599,876609535,1345323007,366080,1605369855,130460920.92,292446708.99,264500,10,10,10,0,0,0,0,0,0,3205119,4423679,5963775,3230177.28,200
1781850402,0,264700,0,584.87,199.96,1726463,3084287,47415295,876609535,1345323007,366080,1605369855,130364675.26,292357158.70,264700,10,10,10,0,0,0,0,0,0,3104767,4198399,4374527,3079795.20,200
1781850403,0,264900,0,584.02,200.02,1727487,3084287,47316991,876085247,1345323007,366080,1605369855,130268700.57,292267631.55,264900,10,10,10,0,0,0,0,0,0,3057663,4370431,8056831,3246190.08,200
1781850404,0,265100,0,583.17,200.04,1727487,3084287,47185919,875560959,1345323007,366080,1605369855,130172797.52,292178211.38,265100,10,10,10,0,0,0,0,0,0,3127295,4780031,5476351,3149212.16,200
1781850405,0,265300,0,582.33,199.99,1728511,3082239,47120383,875560959,1345323007,366080,1605369855,130077173.65,292088813.40,265300,10,10,10,0,0,0,0,0,0,2764799,7786495,14753791,3327738.88,200
1781850406,0,265500,0,581.49,200.00,1728511,3082239,47022079,875036671,1345323007,366080,1605369855,129981557.55,291999546.32,265500,10,10,10,0,0,0,0,0,0,2985983,4751359,5918719,3146791.68,200
1781850407,0,265700,0,580.66,199.99,1728511,3082239,46923775,874512383,1345323007,366080,1605369855,129885924.67,291910424.83,265700,10,10,10,0,0,0,0,0,0,2840575,4833279,5476351,2933276.16,200
1781850408,0,265900,0,579.83,199.98,1729535,3082239,46858239,874512383,1345323007,366080,1605369855,129790556.58,291821326.37,265900,10,10,10,0,0,0,0,0,0,3078143,4587519,6582271,3094054.40,200
1781850409,0,266100,0,579.00,199.99,1729535,3080191,46759935,874512383,1345323007,366080,1605369855,129695147.84,291732383.20,266100,10,10,10,0,0,0,0,0,0,2805759,4345855,4616191,2849228.80,200
1781850410,0,266300,0,578.18,200.03,1730559,3080191,46727167,873988095,1345323007,366080,1605369855,129600152.00,291643398.47,266300,10,10,10,0,0,0,0,0,0,3241983,4542463,4870143,3208186.88,200
1781850411,0,266500,0,577.36,200.02,1730559,3080191,46661631,873988095,1344274431,366080,1605369855,129505122.63,291554565.89,266500,10,10,10,0,0,0,0,0,0,3028991,3954687,7217151,2973514.24,200
1781850412,0,266700,0,576.55,200.06,1731583,3080191,46563327,873463807,1344274431,366080,1605369855,129410373.30,291465749.54,266700,10,10,10,0,0,0,0,0,0,2985983,4960255,6836223,3156892.16,200
1781850413,0,266900,0,575.73,199.95,1731583,3078143,46497791,873463807,1344274431,366080,1605369855,129315569.60,291377092.79,266900,10,10,10,0,0,0,0,0,0,2885631,3999743,4136959,2894837.76,200
1781850414,0,267100,0,574.92,199.92,1731583,3080191,46432255,873463807,1343225855,366080,1605369855,129221149.27,291288407.04,267100,10,10,10,0,0,0,0,0,0,3215359,4935679,5177343,3217216.00,200
1781850415,0,267300,0,574.12,200.00,1732607,3078143,46366719,872939519,1343225855,366080,1605369855,129126840.48,291199810.94,267300,10,10,10,0,0,0,0,0,0,2914303,5742591,8937471,3177459.20,200
1781850416,0,267500,0,573.32,200.12,1732607,3078143,46268415,872415231,1343225855,366080,1605369855,129032650.85,291111297.54,267500,10,10,10,0,0,0,0,0,0,3049471,4636671,5242879,3148204.80,200
1781850417,0,267700,0,572.52,200.06,1733631,3076095,46202879,872415231,1343225855,366080,1605369855,128938323.50,291022979.42,267700,10,10,10,0,0,0,0,0,0,2732031,3979263,4550655,2775498.24,200
1781850418,0,267900,0,571.72,199.89,1733631,3076095,46071807,872415231,1342177279,366080,1605369855,128844462.89,290934597.13,267900,10,10,10,0,0,0,0,0,0,2889727,7229439,8486911,3212024.32,200
1781850419,0,268100,0,570.93,199.99,1733631,3076095,46006271,872415231,1342177279,366080,1605369855,128750699.73,290846306.26,268100,10,10,10,0,0,0,0,0,0,2994175,4800511,5345279,3154946.56,200
1781850420,0,268300,0,570.15,200.09,1734655,3076095,45907967,871890943,1342177279,366080,1605369855,128657291.66,290758000.28,268300,10,10,10,0,0,0,0,0,0,3147775,7548927,10018815,3443781.12,200
1781850421,0,268500,0,569.36,199.95,1734655,3074047,45809663,871890943,1342177279,366080,1605369855,128563607.34,290669945.31,268500,10,10,10,0,0,0,0,0,0,2713599,4362239,4911103,2886091.52,200
1781850422,0,268700,0,568.58,200.02,1735679,3074047,45744127,871890943,1342177279,366080,1605369855,128470187.82,290581910.09,268700,10,10,10,0,0,0,0,0,0,3022847,4003839,5459967,3054476.80,200
1781850423,0,268900,0,567.80,199.96,1735679,3074047,45645823,871890943,1342177279,366080,1605369855,128376807.80,290493992.40,268900,10,10,10,0,0,0,0,0,0,2951167,4118527,5439487,2920752.64,200
1781850424,0,269100,0,567.03,199.97,1736703,3071999,45514751,871366655,1342177279,366080,1605369855,128283751.18,290406070.33,269100,10,10,10,0,0,0,0,0,0,2965503,5275647,8142847,3169128.96,200
1781850425,0,269300,0,566.25,200.03,1736703,3071999,45449215,871366655,1342177279,366080,1605369855,128190628.60,290318309.83,269300,10,10,10,0,0,0,0,0,0,2799615,4276223,6647807,2894197.76,200
1781850426,0,269500,0,565.49,200.08,1736703,3069951,45383679,871366655,1342177279,366080,1605369855,128097604.55,290230640.36,269500,10,10,10,0,0,0,0,0,0,2721791,4624383,5255167,2840727.04,200
1781850427,0,269700,0,564.72,199.92,1737727,3067903,45285375,870842367,1341128703,366080,1605369855,128004779.36,290143018.17,269700,10,10,10,0,0,0,0,0,0,2856959,4382719,5697535,2922833.92,200
1781850428,0,269900,0,563.96,200.00,1737727,3067903,45219839,870842367,1341128703,366080,1605369855,127912064.67,290055481.20,269900,10,10,10,0,0,0,0,0,0,2856959,4091903,4374527,2886295.04,200
1781850429,0,270100,0,563.20,199.94,1738751,3065855,45154303,870318079,1341128703,366080,1605369855,127819537.88,289967996.26,270100,10,10,10,0,0,0,0,0,0,2906111,4206591,4599807,2954647.04,200
1781850430,0,271649,0,565.25,1548.86,1742847,3104767,46628863,869269503,1339031551,366080,1605369855,127781743.77,289199651.80,271649,10,10,10,0,0,0,0,0,0,120258559,267517951,290717695,121191562.33,1549
1781850431,0,274103,0,569.17,2454.87,1750015,3170303,49184767,866648063,1334837247,366080,1605369855,129050007.35,288780535.78,274103,10,10,10,0,0,0,0,0,0,209977343,605552639,675282943,269442237.44,2454
1781850432,0,275828,0,571.57,1724.45,1755135,3223551,51740671,870318079,1333788671,366080,1605369855,131799395.70,290926596.70,275828,10,10,10,0,0,0,0,0,0,682622975,1034944511,1054343167,568678002.27,1725
1781850433,0,277832,0,574.53,2005.01,1761279,3287039,55017471,896008191,1340080127,366080,1605369855,137847181.45,299503604.03,277832,10,10,10,0,0,0,0,0,0,1110441983,1315962879,1394606079,970256686.50,2004
1781850434,0,279509,0,576.80,1676.51,1766399,3348479,57606143,923795455,1387266047,366080,1790967807,145019654.42,313601180.72,279509,10,10,10,0,0,0,0,0,0,1413480447,1771044863,1789919231,1333297835.89,1677
1781850435,0,281078,0,578.85,1569.29,1770495,3409919,60194815,960495615,1444937727,366080,2334130175,154556718.03,338443728.41,281078,10,10,10,0,0,0,0,0,0,1931476991,2267021311,2323644415,1853533845.13,1569
1781850436,0,282731,0,581.06,1653.47,1775615,3485695,63832063,1020264447,1740636159,366080,2803892223,166762777.96,373984522.94,282731,10,10,10,0,0,0,0,0,0,2342518783,2728394751,2793406463,2242295090.64,1653
1781850437,0,285071,0,584.66,2340.55,1782783,3602431,69730303,1072168959,2273312767,366080,3074424831,186852898.88,434057350.17,285071,10,10,10,0,0,0,0,0,0,2734686207,3030384639,3055550463,2614246051.66,2340
1781850438,0,287217,0,587.86,2145.49,1788927,3723263,76873727,1126170623,2524971007,366080,3420454911,206484079.44,489441967.53,287217,10,10,10,0,0,0,0,0,0,3097493503,3328180223,3378511871,2814256806.53,2146
1781850439,0,288509,0,589.30,1292.05,1793023,3803135,81264639,1181745151,2898264063,366080,4028628991,220682799.25,533035416.55,288509,10,10,10,0,0,0,0,0,0,3493855231,3955228671,4009754623,3377117558.09,1292
1781850440,0,290094,0,591.33,1584.86,1798143,3921919,88408063,1315962879,3235905535,366080,4601151487,241011843.21,599044269.34,290094,10,10,10,0,0,0,0,0,0,4116709375,4534042623,4580179967,3941398053.79,1585
1781850441,0,292198,0,594.40,2104.04,1804287,4108287,98369535,1411383295,3567255551,366080,5003804671,269102641.26,683669824.03,292198,10,10,10,0,0,0,0,0,0,4479516671,4953473023,4995416063,4142188178.01,2104
1781850442,0,294257,0,597.38,2058.90,1810431,4333567,108003327,1634729983,4232052735,366080,5251268607,299158885.66,771249075.42,294257,10,10,10,0,0,0,0,0,0,4894752767,5217714175,5242879999,4564518041.67,2059
1781850443,0,296003,0,599.70,1746.68,1815551,4587519,117440511,2038431743,4626317311,366080,5624561663,326149524.95,846186016.65,296003,10,10,10,0,0,0,0,0,0,5150605311,5519704063,5607784447,4874937924.62,1746
1781850444,0,298160,0,602.85,2155.05,1822719,5046271,130482175,2344615935,4966055935,366080,6056574975,360477798.03,936026944.00,298160,10,10,10,0,0,0,0,0,0,4513071103,5976883199,6014631935,5071313132.42,2157
1781850445,0,299759,0,604.86,1600.08,1827839,5480447,142213119,2682257407,5158993919,366080,6647971839,387807805.01,1007312476.62,299759,10,10,10,0,0,0,0,0,0,5993660415,6572474367,6601834495,5483939687.58,1599
1781850446,0,301490,0,607.13,1730.94,1832959,6037503,155975679,3053453311,5549064191,366080,6991904767,421233290.59,1097939639.90,301490,10,10,10,0,0,0,0,0,0,6476005375,6933184511,6979321855,6209558034.63,1731
1781850447,0,303368,0,609.68,1878.07,1838079,6680575,176947199,3464495103,6132072447,366080,7302283263,458638963.74,1194209881.77,303368,10,10,10,0,0,0,0,0,0,6899630079,7264534527,7293894655,6463663669.98,1878
1781850448,0,305235,0,612.21,1866.69,1844223,7274495,196739071,3720347647,6706692095,366080,7675576319,497581615.90,1291258161.94,305235,10,10,10,0,0,0,0,0,0,7302283263,7591690239,7654604799,6825355853.06,1867
1781850449,0,307466,0,615.45,2230.76,1850367,7921663,221773823,4299161599,7067402239,366080,7860125695,546255354.46,1408106827.44,307466,10,10,10,0,0,0,0,0,0,7667187711,7759462399,7809794047,7205568930.60,2231
1781850450,0,309986,0,619.25,2520.67,1858559,8626175,249167871,4605345791,7558135807,366080,8149532671,601249597.13,1529451804.83,309986,10,10,10,0,0,0,0,0,0,7822376959,8002732031,8128561151,7311114604.09,2520
1781850451,0,312745,0,623.52,2758.94,1866751,9338879,275775487,5175771135,7709130751,366080,8472494079,660185431.10,1647613922.01,312745,10,10,10,0,0,0,0,0,0,6601834495,8422162431,8451522559,7281890190.06,2759
1781850452,0,315574,0,627.91,2829.41,1875967,10084351,307757055,5825888255,7872708607,366080,8564768767,719283306.09,1757390291.99,315574,10,10,10,0,0,0,0,0,0,8074035199,8522825727,8543797247,7252533540.47,2829
1781850453,0,317765,0,631.01,2188.95,1882111,10608639,332398591,5993660415,8170504191,366080,8891924479,765256381.13,1839258640.52,317765,10,10,10,0,0,0,0,0,0,8287944703,8589934591,8875147263,7386847975.11,2191
1781850454,0,320165,0,634.52,2401.14,1889279,11231231,356253695,6165626879,8371830783,366080,9227468799,815962502.55,1927222729.00,320165,10,10,10,0,0,0,0,0,0,8556380159,9160359935,9202302975,7529558616.75,2400
1781850455,0,322669,0,638.21,2505.11,1897471,11821055,405798911,6345981951,8501854207,366080,9479127039,868035893.58,2014044168.82,322669,10,10,10,0,0,0,0,0,0,8690597887,9453961215,9470738431,7526213703.97,2504
1781850456,0,324772,0,641.11,2103.01,1904639,12296191,462422015,6501171199,8648654847,366080,9588178943,911059102.27,2083530149.74,324772,10,10,10,0,0,0,0,0,0,9143582719,9546235903,9563013119,7512226827.20,2103
1781850457,0,325219,0,640.72,446.90,1906687,12435455,473432063,6522142719,8766095359,366080,10334765055,923447421.32,2108717628.32,325219,10,10,10,0,0,0,0,0,0,10024386559,10133438463,10317987839,9924295641.06,447
1781850458,0,326092,0,641.18,872.77,1909759,12648447,492044287,6564085759,9151971327,366080,10863247359,949080523.47,2163236634.62,326092,10,10,10,0,0,0,0,0,0,10460594175,10812915711,10846470143,10498189168.90,873
1781850459,0,326479,0,640.68,387.01,1910783,12746751,499908607,6576668671,9277800447,366080,11517558783,961484941.23,2191737387.00,326479,10,10,10,0,0,0,0,0,0,11467227135,11500781567,11517558783,11413633251.56,387
1781850460,0,326722,0,639.90,242.98,1911807,12812287,505937919,6585057279,9361686527,366080,12155092991,969524941.98,2210663974.51,326722,10,10,10,0,0,0,0,0,0,11785994239,12121538559,12155092991,11771547192.89,243
1781850461,0,326740,0,638.69,18.00,1911807,12812287,506200063,6585057279,9361686527,366080,12280922111,970147389.97,2212193147.92,326740,10,10,10,0,0,0,0,0,0,12264144895,12280922111,12280922111,12268339200.00,18
1781850462,0,326816,0,637.59,76.04,1911807,12836863,507510783,6589251583,9370075135,366080,17397972991,973935825.24,2225840282.00,326816,10,10,10,0,0,0,0,0,0,17263755263,17381195775,17397972991,17261216606.32,76
1781850463,0,326816,0,636.35,0.00,1911807,12836863,507510783,6589251583,9370075135,366080,17397972991,973935825.24,2225840282.00,326816,10,10,10,0,0,0,0,0,0,0,0,0,0.00,0
1781850464,0,327966,0,637.34,1150.60,1914879,13156351,533725183,6891241471,9554624511,366080,18941476863,1030607168.04,2419424607.08,327966,10,10,10,0,0,0,0,0,0,17146314751,18756927487,18907922431,17135912878.08,1150
1781850465,0,334141,0,648.08,6172.50,1933311,14753791,655359999,8061452287,15342764031,366080,18941476863,1269560665.74,2977924953.38,334141,10,10,10,0,0,0,0,0,0,14453571583,16953376767,17196646399,13960835617.91,6175
1781850466,0,337336,0,653.02,3195.49,1944575,15605759,694681599,8506048511,15325986815,366080,18941476863,1372798023.65,3151544711.04,337336,10,10,10,0,0,0,0,0,0,12641632255,14722007039,14914945023,12169616179.84,3195
1781850467,0,345671,0,667.86,8339.20,1972223,17924095,804782079,10041163775,16517169151,366080,18941476863,1639950625.76,3599594853.86,345671,10,10,10,0,0,0,0,0,0,12331253759,18186502143,18522046463,12452210995.88,8335
1781850468,0,352303,0,679.36,6632.38,1994751,19939327,894959615,11484004351,16676552703,366080,18941476863,1842424018.13,3878840155.58,352303,10,10,10,0,0,0,0,0,0,13119782911,16944988159,17783848959,12395677940.57,6632
1781850469,0,355931,0,685.03,3625.39,2007039,21069823,956825599,12004098047,16819159039,366080,18941476863,1947737751.96,4004822017.90,355931,10,10,10,0,0,0,0,0,0,11660165119,17414750207,17834180607,12174403784.96,3628
1781850470,0,359164,0,689.93,3235.42,2017279,21954559,1037565951,12448694271,17020485631,366080,18941476863,2045500167.00,4129933754.95,359164,10,10,10,0,0,0,0,0,0,11081351167,18337497087,18756927487,12808467735.68,3233
1781850471,0,360095,0,690.39,930.60,2020351,22200319,1052246015,12733906943,17020485631,366080,18941476863,2080249940.27,4180886108.13,360095,10,10,10,0,0,0,0,0,0,15435038719,16819159039,16936599551,15486122729.73,931
1781850472,0,360875,0,690.56,780.34,2023423,22478847,1069547519,12952010751,17012097023,366080,18941476863,2108260733.99,4219511168.58,360875,10,10,10,0,0,0,0,0,0,15023996927,15200157695,15351152639,15039730945.31,780
1781850473,0,361947,0,691.29,1071.53,2027519,22872063,1088421887,13270777855,17012097023,366080,18941476863,2147285047.01,4273666824.95,361947,10,10,10,0,0,0,0,0,0,15267266559,15460204543,15502147583,15284317657.79,1072
1781850474,0,363575,0,693.08,1628.48,2032639,23412735,1120927743,13857980415,17003708415,366080,18941476863,2205628794.34,4351967097.05,363575,10,10,10,0,0,0,0,0,0,15091105791,15695085567,15753805823,15176970511.72,1628
1781850475,0,364463,0,693.45,887.93,2035711,23740415,1148190719,14134804479,17003708415,366080,18941476863,2237411954.32,4393982550.37,364463,10,10,10,0,0,0,0,0,0,15250489343,15401484287,15451815935,15250432664.22,888
1781850476,0,365699,0,694.48,1236.17,2040831,24215551,1198522367,14470348799,16995319807,366080,18941476863,2281526145.47,4451508646.50,365699,10,10,10,0,0,0,0,0,0,15309209599,15762194431,15846080511,15289609033.73,1236
1781850477,0,368882,0,699.19,3182.73,2052095,25444351,1382023167,14763950079,16986931199,366080,18941476863,2384835722.54,4569157307.97,368882,10,10,10,0,0,0,0,0,0,14403239935,15401484287,15510536191,14254207077.66,3183
1781850478,0,374096,0,707.73,5211.16,2070527,27312127,1889533951,14973665279,16970153983,366080,18941476863,2556528978.71,4762575457.57,374096,10,10,10,0,0,0,0,0,0,14805893119,15888023551,15997075455,14703546954.04,5214
1781850479,0,375256,0,708.59,1160.52,2074623,27754495,2091909119,14982053887,16970153983,366080,18941476863,2591025738.14,4795640289.85,375256,10,10,10,0,0,0,0,0,0,13514047487,15258877951,15384707071,13716111698.98,1160
1781850480,0,376931,0,710.41,1675.52,2080767,28459007,2306867199,14998831103,16961765375,366080,18941476863,2643772968.23,4849846163.95,376931,10,10,10,0,0,0,0,0,0,14621343743,15393095679,15527313407,14460915998.11,1675
1781850481,0,379020,0,713.00,2087.58,2087935,29327359,2508193791,15015608319,16961765375,366080,18941476863,2709056697.17,4915712360.69,379020,10,10,10,0,0,0,0,0,0,14302576639,16517169151,16793993215,14488597736.84,2089
1781850482,0,380916,0,715.23,1896.94,2095103,30162943,2919235583,15007219711,16953376767,366080,18941476863,2763292216.06,4963228349.14,380916,10,10,10,0,0,0,0,0,0,13589544959,14428405759,14445182975,13605247053.77,1896
1781850483,0,381199,0,714.41,282.92,2096127,30277631,2971664383,15007219711,16953376767,366080,18941476863,2770607784.52,4968697758.54,381199,10,10,10,0,0,0,0,0,0,12272533503,14453571583,14470348799,12617311221.14,283
1781850484,0,381199,0,713.08,0.00,2096127,30277631,2971664383,15007219711,16953376767,366080,18941476863,2770607784.52,4968697758.54,381199,10,10,10,0,0,0,0,0,0,0,0,0,0.00,0
1781850485,0,381199,0,711.75,0.00,2096127,30277631,2971664383,15007219711,16953376767,366080,18941476863,2770607784.52,4968697758.54,381199,10,10,10,0,0,0,0,0,0,0,0,0,0.00,0
1781850486,0,381199,0,710.42,0.00,2096127,30277631,2971664383,15007219711,16953376767,366080,18941476863,2770607784.52,4968697758.54,381199,10,10,10,0,0,0,0,0,0,0,0,0,0.00,0
1781850487,0,381430,0,709.53,231.02,2097151,30375935,3005218815,15015608319,17028874239,366080,25501368319,2784144002.34,4997539566.14,381430,10,10,10,0,0,0,0,0,0,25132269567,25467813887,25501368319,25121774729.42,231
1781850488,0,381439,0,708.23,9.00,2097151,30392319,3007315967,15015608319,17028874239,366080,25501368319,2784661868.67,4998617651.59,381439,10,10,10,0,0,0,0,0,0,24746393599,24746393599,24746393599,24732412586.67,9
1781850489,0,383366,0,710.49,1927.67,2105343,31244287,3321888767,15141437439,17817403391,366080,25937575935,2883792122.77,5179848472.27,383366,10,10,10,0,0,0,0,0,0,23102226431,25736249343,25870467071,22506078054.96,1927
1781850490,0,383366,0,709.17,0.00,2105343,31244287,3321888767,15141437439,17817403391,366080,25937575935,2883792122.77,5179848472.27,383366,10,10,10,0,0,0,0,0,0,0,0,0,0.00,0
1781850491,0,385427,0,711.67,2061.20,2113535,32112639,3550478335,15250489343,18824036351,366080,25937575935,2980868487.02,5335250118.61,385427,10,10,10,0,0,0,0,0,0,20770193407,24310185983,24528289791,21038014269.24,2061
1781850492,0,387159,0,713.55,1730.84,2119679,33095679,3802136575,15325986815,19981664255,366080,25937575935,3052595780.12,5431854355.16,387159,10,10,10,0,0,0,0,0,0,19646119935,22196256767,22431137791,19014279035.57,1732
1781850493,0,387214,0,712.34,55.00,2119679,33112063,3808428031,15334375423,20048773119,366080,25937575935,3055140924.84,5435664618.98,387214,10,10,10,0,0,0,0,0,0,20988297215,21055406079,21072183295,20971062439.56,55
1781850494,0,389115,0,714.52,1901.71,2125823,34177023,4244635647,15409872895,20233322495,366080,25937575935,3124902986.63,5515085786.29,389115,10,10,10,0,0,0,0,0,0,16961765375,20585644031,20837302271,17334712032.35,1901
1781850495,0,389935,0,714.71,820.28,2129919,34570239,4387241983,15468593151,20233322495,366080,25937575935,3156981512.80,5553586014.14,389935,10,10,10,0,0,0,0,0,0,18605932543,19277021183,19360907263,18379220182.79,820
1781850496,0,392550,0,718.19,2613.48,2140159,35946495,4596957183,15510536191,20216545279,366080,25937575935,3233838117.02,5615135138.56,392550,10,10,10,0,0,0,0,0,0,14537457663,17121148927,17397972991,14694289346.91,2615
1781850497,0,392752,0,717.25,202.02,2140159,36077567,4613734399,15510536191,20216545279,366080,25937575935,3239039033.56,5618372192.76,392752,10,10,10,0,0,0,0,0,0,13304332287,13790871551,13807648767,13346067689.19,202
1781850498,0,394067,0,718.34,1314.75,2144255,36765695,4798283775,15619588095,21239955455,366080,30635196415,3320342171.14,5787265598.20,394067,10,10,10,0,0,0,0,0,0,28571598847,30433869823,30601641983,27603209009.64,1315
1781850499,0,427694,0,778.22,33630.74,2283519,69861375,8120172543,22196256767,30098325503,366080,34158411775,4789118235.09,7731993798.82,427694,10,10,10,0,0,0,0,0,0,22867345407,31994150911,33554431999,22001363668.57,33627
1781850500,0,440017,0,799.19,12322.98,2340863,103809023,9311354879,22682796031,30031216639,366080,34158411775,5117735864.40,7918924109.52,440017,10,10,10,0,0,0,0,0,0,16080961535,26440892415,28051505151,16523058297.90,12323
1781850501,0,441642,0,800.68,1624.86,2347007,108986367,9462349823,22867345407,30031216639,366080,34158411775,5177999309.54,7974756553.77,441642,10,10,10,0,0,0,0,0,0,19193135103,29712449535,29896998911,21496116442.66,1625
1781850502,0,443403,0,802.42,1760.79,2357247,115212287,9596567551,23420993535,30014439423,366080,34158411775,5258632295.46,8065770026.33,443403,10,10,10,0,0,0,0,0,0,26373783551,28705816575,28940697599,25480615923.21,1761
1781850503,0,444318,0,802.62,914.88,2361343,118554623,9747562495,23504879615,30014439423,366080,34158411775,5293789297.22,8096198529.95,444318,10,10,10,0,0,0,0,0,0,23068671999,24377294847,24511512575,22330641809.77,915
1781850504,0,445583,0,803.46,1265.32,2367487,123273215,9940500479,23488102399,29997662207,366080,34158411775,5337049934.35,8126128457.43,445583,10,10,10,0,0,0,0,0,0,20652752895,22347251711,22498246655,20531895601.18,1265
1781850505,0,446813,0,804.22,1230.12,2373631,128581631,10099884031,23471325183,29997662207,366080,34158411775,5376978281.11,8151110046.15,446813,10,10,10,0,0,0,0,0,0,20182990847,20317208575,20333985791,19841525057.35,1230
1781850506,0,448484,0,805.78,1671.59,2381823,136445951,10343153663,23454547967,29997662207,366080,34158411775,5429687539.83,8182721578.29,448484,10,10,10,0,0,0,0,0,0,20082327551,20199768063,20233322495,19523752183.57,1671
1781850507,0,450370,0,807.72,1886.49,2390015,146145279,10494148607,23420993535,29980884991,366080,34158411775,5488141672.61,8215582307.52,450370,10,10,10,0,0,0,0,0,0,19528679423,19948109823,19998441471,19388323690.15,1886
1781850508,0,452614,0,810.29,2242.50,2402303,158072831,10754195455,23387439103,29964107775,366080,34158411775,5554169857.81,8248535587.11,452614,10,10,10,0,0,0,0,0,0,18941476863,19310575615,19344130047,18806003087.74,2244
1781850509,0,453317,0,810.10,702.75,2406399,163184639,10838081535,23370661887,29964107775,366080,34158411775,5567207651.51,8249079704.88,453317,10,10,10,0,0,0,0,0,0,13950255103,16827547647,17087594495,13961358375.33,703
1781850510,0,453532,0,809.04,215.15,2406399,165150719,10838081535,23370661887,29964107775,366080,34158411775,5569325939.71,8247747222.79,453532,10,10,10,0,0,0,0,0,0,9999220735,11391729663,14680063999,10035633147.24,215
1781850511,0,453977,0,808.39,444.97,2408447,167903231,10888413183,23370661887,29964107775,366080,34158411775,5577717895.05,8248085813.12,453977,10,10,10,0,0,0,0,0,0,14126415871,15233712127,15334375423,14130572474.39,445
1781850512,0,456707,0,811.81,2729.95,2422783,189267967,10989076479,23320330239,29947330559,366080,34158411775,5606680282.47,8241245040.22,456707,10,10,10,0,0,0,0,0,0,9974054911,19428016127,20501757951,10422891915.35,2730
1781850513,0,459829,0,815.90,3120.12,2441215,209584127,10921967615,23269998591,29930553343,366080,34158411775,5604030059.22,8220230863.17,459829,10,10,10,0,0,0,0,0,0,4362076159,12624855039,14000586751,5216337710.74,3122
1781850514,0,462457,0,819.11,2629.32,2453503,223477759,10930356223,23236444159,29913776127,366080,34158411775,5611641348.19,8205769208.72,462457,10,10,10,0,0,0,0,0,0,6840909823,14713618431,15409872895,6943411286.60,2628
1781850515,0,463050,0,818.71,592.93,2449407,220200959,10905190399,23236444159,29913776127,366080,34158411775,5604556779.69,8202901541.45,463050,10,10,10,0,0,0,0,0,0,2119679,519307263,629669887,79584949.53,593
1781850516,0,463550,0,818.15,500.27,2443263,217186303,10880024575,23219666943,29913776127,366080,34158411775,5598513659.78,8200538741.47,463550,10,10,10,0,0,0,0,0,0,1740799,4399103,4993023,1980303.87,500
1781850517,0,464050,0,817.59,500.02,2437119,214171647,10863247359,23219666943,29913776127,366080,34158411775,5592484594.49,8198175212.26,464050,10,10,10,0,0,0,0,0,0,1799167,9388031,35028991,2938166.27,500
1781850518,0,464550,0,817.03,499.67,2430975,209846271,10846470143,23202889727,29913776127,366080,34158411775,5586467837.63,8195812125.35,464550,10,10,10,0,0,0,0,0,0,1983487,3387391,12075007,2315795.97,500
1781850519,0,465050,0,816.48,500.16,2424831,206045183,10829692927,23202889727,29896998911,366080,34158411775,5580463546.13,8193449357.91,465050,10,10,10,0,0,0,0,0,0,1779711,3176447,4057087,1876312.58,500
1781850520,0,465550,0,815.92,500.16,2418687,202899455,10812915711,23186112511,29896998911,366080,34158411775,5574472767.73,8191086180.84,465550,10,10,10,0,0,0,0,0,0,1733631,7118847,22003711,2449783.30,500
1781850521,0,466050,0,815.37,499.85,2412543,199229439,10787749887,23186112511,29896998911,366080,34158411775,5568494200.23,8188723462.70,466050,10,10,10,0,0,0,0,0,0,1761279,3182591,4151295,1849996.29,500
1781850522,0,466550,0,814.82,500.07,2408447,195559423,10770972671,23169335295,29896998911,366080,34158411775,5562528593.24,8186360677.69,466550,10,10,10,0,0,0,0,0,0,1724415,4061183,6270975,1986316.29,500
1781850523,0,467050,0,814.27,499.87,2402303,192020479,10754195455,23169335295,29896998911,366080,34158411775,5556577346.09,8183996864.26,467050,10,10,10,0,0,0,0,0,0,1745919,8347647,48529407,3468633.60,500
1781850524,0,467550,0,813.72,499.78,2396159,188874751,10737418239,23152558079,29896998911,366080,34158411775,5550636964.63,8181634369.96,467550,10,10,10,0,0,0,0,0,0,1609727,2949119,4210687,1726641.15,500
1781850525,0,468050,0,813.18,500.34,2390015,185466879,10712252415,23152558079,29896998911,366080,34158411775,5544709651.62,8179271687.26,468050,10,10,10,0,0,0,0,0,0,1900543,3231743,9281535,2079255.55,500
1781850526,0,468550,0,812.63,499.71,2385919,181010431,10695475199,23135780863,29896998911,366080,34158411775,5538794726.20,8176909261.58,468550,10,10,10,0,0,0,0,0,0,1687551,2846719,4698111,1833042.43,500
1781850527,0,469050,0,812.09,500.29,2379775,177209343,10678697983,23135780863,29880221695,366080,34158411775,5532892411.62,8174546925.45,469050,10,10,10,0,0,0,0,0,0,1756159,3051519,3686399,1833417.73,500
1781850528,0,469550,0,811.55,499.85,2373631,173277183,10653532159,23119003647,29880221695,366080,34158411775,5527002835.13,8172184576.87,469550,10,10,10,0,0,0,0,0,0,1809407,3315711,6041599,1991133.18,500
1781850529,0,470050,0,811.02,500.18,2367487,168820735,10636754943,23119003647,29880221695,366080,34158411775,5521125533.20,8169822513.22,470050,10,10,10,0,0,0,0,0,0,1690623,2689023,3272703,1751292.42,500
1781850530,0,470550,0,810.48,500.00,2363391,165675007,10611589119,23102226431,29880221695,366080,34158411775,5515260734.50,8167460563.85,470550,10,10,10,0,0,0,0,0,0,1735679,2869247,3309567,1763471.87,500
1781850531,0,471050,0,809.95,499.86,2357247,161611775,10586423295,23102226431,29880221695,366080,34158411775,5509408932.09,8165098380.74,471050,10,10,10,0,0,0,0,0,0,1780735,4419583,19365887,2277686.27,500
1781850532,0,471550,0,809.41,499.98,2351103,158334975,10569646079,23085449215,29880221695,366080,34158411775,5503569771.96,8162736187.62,471550,10,10,10,0,0,0,0,0,0,1796095,3164159,26361855,2497012.22,500
1781850533,0,472050,0,808.88,500.01,2347007,155451391,10561257471,23085449215,29880221695,366080,34158411775,5497742211.66,8160374669.67,472050,10,10,10,0,0,0,0,0,0,1736703,2805759,3403775,1770096.13,500
1781850534,0,472550,0,808.36,499.97,2340863,152174591,10544480255,23068671999,29880221695,366080,34158411775,5491927016.24,8158013296.05,472550,10,10,10,0,0,0,0,0,0,1701887,2906111,3686399,1801019.90,500
1781850535,0,473050,0,807.83,499.99,2334719,150077439,10536091647,23068671999,29863444479,366080,34158411775,5486124109.79,8155652102.15,473050,10,10,10,0,0,0,0,0,0,1682431,3270655,4673535,1797224.96,500
1781850536,0,473550,0,807.30,500.24,2330623,147587071,10519314431,23051894783,29863444479,366080,34158411775,5480333317.06,8153291190.04,473550,10,10,10,0,0,0,0,0,0,1635327,2512895,3366911,1664312.32,500
1781850537,0,474050,0,806.78,499.82,2324479,145096703,10502537215,23051894783,29863444479,366080,34158411775,5474554761.47,8150930461.05,474050,10,10,10,0,0,0,0,0,0,1620991,2850815,3495935,1684761.86,500
1781850538,0,474550,0,806.26,499.80,2320383,142213119,10485759999,23035117567,29863444479,366080,34158411775,5468788487.05,8148569870.11,474550,10,10,10,0,0,0,0,0,0,1673215,3100671,4042751,1783707.65,500
1781850539,0,475050,0,805.74,500.27,2314239,139984895,10468982783,23035117567,29863444479,366080,34158411775,5463034424.65,8146209448.20,475050,10,10,10,0,0,0,0,0,0,1719295,3182591,4915199,1853802.50,500
1781850540,0,475550,0,805.22,499.92,2308095,137494527,10460594175,23035117567,29846667263,366080,34158411775,5457292542.58,8143849201.23,475550,10,10,10,0,0,0,0,0,0,1744895,3155967,7933951,1930390.53,500
1781850541,0,476050,0,804.71,500.06,2303999,134742015,10443816959,23018340351,29846667263,366080,34158411775,5451562639.46,8141489248.59,476050,10,10,10,0,0,0,0,0,0,1815551,2805759,3592191,1851774.72,500
1781850542,0,476550,0,804.19,499.70,2299903,132317183,10435428351,23018340351,29846667263,366080,34158411775,5445845065.76,8139129340.52,476550,10,10,10,0,0,0,0,0,0,1891327,3448831,11714559,2143147.52,500
1781850543,0,477050,0,803.68,500.28,2295807,130088959,10427039743,23001563135,29846667263,366080,34158411775,5440139918.79,8136769397.92,477050,10,10,10,0,0,0,0,0,0,1754111,4644863,29294591,2564342.27,500
1781850544,0,477550,0,803.17,500.07,2291711,127991807,10418651135,23001563135,29846667263,366080,34158411775,5434445945.02,8134410241.29,477550,10,10,10,0,0,0,0,0,0,1666047,3565567,4980735,1825568.26,500
1781850545,0,478050,0,802.66,499.97,2285567,125566975,10410262527,22984785919,29846667263,366080,34158411775,5428763877.18,8132051366.28,478050,10,10,10,0,0,0,0,0,0,1666047,2975743,4206591,1820889.34,500
1781850546,0,478550,0,802.15,499.79,2281471,123535359,10401873919,22984785919,29846667263,366080,34158411775,5423093726.48,8129692750.20,478550,10,10,10,0,0,0,0,0,0,1568767,4399103,5824511,1862645.25,500
1781850547,0,479050,0,801.65,500.15,2277375,122093567,10385096703,22968008703,29846667263,366080,34158411775,5417435456.93,8127334401.86,479050,10,10,10,0,0,0,0,0,0,1803263,2889727,5861375,1905664.51,500
1781850548,0,479550,0,801.14,499.97,2273279,120258559,10368319487,22968008703,29829890047,366080,34158411775,5411788900.43,8124976418.13,479550,10,10,10,0,0,0,0,0,0,1781759,2889727,3225599,1823115.26,500
1781850549,0,480050,0,800.64,500.02,2269183,118095871,10351542271,22951231487,29829890047,366080,34158411775,5406154230.90,8122618668.10,480050,10,10,10,0,0,0,0,0,0,1862655,3049471,4800511,1942686.21,500
1781850550,0,481850,0,802.30,1799.55,2273279,120193023,10267656191,22934454271,29829890047,366080,34158411775,5386645478.95,8113693433.13,481850,10,10,10,0,0,0,0,0,0,211550207,360972287,373293055,183769716.91,1800
1781850551,0,483417,0,803.58,1566.70,2279423,125698047,10192158719,22900899839,29829890047,366080,34158411775,5371856347.07,8104687297.98,483417,10,10,10,0,0,0,0,0,0,861929471,1043857407,1094713343,824221889.43,1567
1781850552,0,484880,0,804.67,1463.73,2285567,132120575,10125049855,22884122623,29813112831,366080,34158411775,5359897490.38,8095378559.23,484880,10,10,10,0,0,0,0,0,0,1452277759,1677721599,1796210687,1408349557.06,1463
1781850553,0,486321,0,805.72,1440.55,2291711,139591679,10074718207,22850568191,29813112831,366080,34158411775,5350719697.17,8085135096.22,486321,10,10,10,0,0,0,0,0,0,2208301055,2686451711,2726297599,2262497372.38,1441
1781850554,0,487662,0,806.61,1341.86,2297855,146145279,10024386559,22833790975,29796335615,366080,34158411775,5343940958.86,8075061314.61,487662,10,10,10,0,0,0,0,0,0,2856321023,3527409663,3560964095,2885594357.12,1341
1781850555,0,488494,0,806.65,831.41,2301951,150208511,9982443519,22817013759,29796335615,366080,34158411775,5340947374.93,8068514490.87,488494,10,10,10,0,0,0,0,0,0,3546284031,3940548607,3967811583,3586311404.31,832
1781850556,0,489479,0,806.95,984.99,2306047,155582463,9940500479,22800236543,29796335615,366080,34158411775,5339183846.21,8060497770.17,489479,10,10,10,0,0,0,0,0,0,4521459711,4848615423,4873781247,4464591762.84,985
1781850557,0,490753,0,807.71,1274.44,2310143,164102143,9881780223,22783459327,29779558399,366080,34158411775,5339122696.17,8050035595.41,490753,10,10,10,0,0,0,0,0,0,5326766079,5641338879,5775556607,5315628458.00,1274
1781850558,0,492206,0,808.78,1453.53,2316287,175243263,9814671359,22749904895,29779558399,366080,34158411775,5341078877.08,8038236348.59,492206,10,10,10,0,0,0,0,0,0,5976883199,6379536383,6467616767,6001782008.78,1453
1781850559,0,493286,0,809.22,1079.81,2320383,183631871,9755951103,22733127679,29779558399,366080,34158411775,5343788021.74,8029647286.83,493286,10,10,10,0,0,0,0,0,0,6555697151,6975127551,7033847807,6578470669.27,1080
1781850560,0,496245,0,812.74,2958.99,2332671,202899455,9604956159,22682796031,29762781183,366080,34158411775,5354232310.34,8006824098.75,496245,10,10,10,0,0,0,0,0,0,7100956671,7453278207,7503609855,7095368282.84,2959
1781850561,0,499493,0,816.72,3247.38,2347007,223477759,9512681471,22615687167,29746003967,366080,34158411775,5369370874.90,7983038682.74,499493,10,10,10,0,0,0,0,0,0,7491026943,8606711807,8690597887,7682313291.67,3248
1781850562,0,501200,0,818.18,1707.22,2355199,233570303,9470738431,22598909951,29729226751,366080,34158411775,5379872975.93,7971505982.82,501200,10,10,10,0,0,0,0,0,0,8296333311,9160359935,9261023231,8452940318.29,1707
1781850563,0,504384,0,822.03,3182.01,2369535,255721471,9378463743,22531801087,29729226751,366080,34158411775,5400747403.87,7950648889.63,504384,10,10,10,0,0,0,0,0,0,8598323199,9252634623,9336520703,8686634112.64,3184
1781850564,0,508417,0,827.26,4036.74,2387967,278396927,9453961215,22481469439,29712449535,366080,34158411775,5430345040.33,7926041037.07,508417,10,10,10,0,0,0,0,0,0,9009364991,9672065023,9714008063,9131950364.37,4033
1781850565,0,511380,0,830.73,2962.93,2400255,299892735,9504292863,22431137791,29695672319,366080,34158411775,5453575661.74,7908957041.01,511380,10,10,10,0,0,0,0,0,0,9529458687,10024386559,10108272639,9439685294.35,2963
1781850566,0,514607,0,834.61,3223.99,2414591,322699263,9563013119,22380806143,29678895103,366080,34158411775,5480281625.73,7891326568.45,514607,10,10,10,0,0,0,0,0,0,9814671359,10150215679,10225713151,9712353478.01,3227
1781850567,0,517773,0,838.39,3167.69,2430975,343670783,9697230847,22330474495,29662117887,366080,34158411775,5508752611.85,7875568272.62,517773,10,10,10,0,0,0,0,0,0,10276044799,10510925823,10552868863,10136474896.33,3166
1781850568,0,520349,0,841.20,2575.98,2445311,360447999,9831448575,22296920063,29662117887,366080,34158411775,5532976785.28,7863581567.63,520349,10,10,10,0,0,0,0,0,0,10343153663,10947133439,11005853695,10402007434.34,2576
1781850569,0,522834,0,843.85,2485.42,2457599,390856703,9932111871,22263365631,29645340671,366080,34158411775,5558861589.69,7853818124.46,522834,10,10,10,0,0,0,0,0,0,11022630911,11232346111,11324620799,10979035468.13,2485
1781850570,0,525530,0,846.83,2694.28,2471935,432799743,10074718207,22229811199,29645340671,366080,34158411775,5588724450.46,7844684029.68,525530,10,10,10,0,0,0,0,0,0,11366563839,11609833471,11634999295,11380014860.91,2696
1781850571,0,527639,0,848.86,2109.48,2484223,469762047,10200547327,22196256767,29628563455,366080,34158411775,5613842800.60,7839029681.83,527639,10,10,10,0,0,0,0,0,0,11886657535,12079595519,12129927167,11872945005.85,2109
1781850572,0,530250,0,851.70,2612.10,2496511,506200063,10343153663,22162702335,29611786239,366080,34158411775,5648464888.51,7835182190.20,530250,10,10,10,0,0,0,0,0,0,12650020863,12817793023,12851347455,12645004084.45,2611
1781850573,0,533370,0,855.33,3119.49,2514943,551550975,10452205567,22112370687,29611786239,366080,34158411775,5690227825.98,7831185629.39,533370,10,10,10,0,0,0,0,0,0,12775849983,13019119615,13069451263,12787919362.63,3120
1781850574,0,535745,0,857.77,2374.22,2527231,579338239,10578034687,22078816255,29595009023,366080,34158411775,5722864449.75,7829110960.70,535745,10,10,10,0,0,0,0,0,0,13086228479,13346275327,13430161407,13052294353.11,2375
1781850575,0,537946,0,859.91,2202.16,2539519,603455487,10745806847,22045261823,29595009023,366080,34158411775,5755976819.32,7830146695.97,537946,10,10,10,0,0,0,0,0,0,13841203199,14092861439,14143193087,13815852529.34,2201
1781850576,0,539008,0,860.23,1061.30,2545663,619184127,10829692927,22028484607,29595009023,366080,34158411775,5773454883.10,7832326579.37,539008,10,10,10,0,0,0,0,0,0,14654898175,15082717183,15116271615,14626801868.41,1062
1781850577,0,539726,0,860.01,718.26,2551807,630194175,10880024575,22028484607,29578231807,366080,34158411775,5785935213.93,7834592935.36,539726,10,10,10,0,0,0,0,0,0,14965276671,15678308351,15695085567,15155013432.33,718
1781850578,0,540894,0,860.50,1167.89,2557951,643301375,10955522047,22011707391,29578231807,366080,34158411775,5807658102.24,7840055277.47,540894,10,10,10,0,0,0,0,0,0,15812526079,16206790655,16483614719,15845678318.47,1168
1781850579,0,541144,0,859.53,250.05,2557951,648019967,10972299263,22011707391,29578231807,366080,34158411775,5812725663.59,7841789220.04,541144,10,10,10,0,0,0,0,0,0,16793993215,17137926143,17154703359,16776779792.38,250
1781850580,0,541282,0,858.38,137.96,2559999,649068543,10980687871,21994930175,29578231807,366080,34158411775,5815634785.40,7842905790.55,541282,10,10,10,0,0,0,0,0,0,17280532479,17397972991,17397972991,17223271112.35,138
1781850581,0,541354,0,857.14,72.04,2559999,649592831,10980687871,21994930175,29578231807,366080,34158411775,5817322411.89,7843749215.61,541354,10,10,10,0,0,0,0,0,0,18522046463,18555600895,18555600895,18504570197.33,72
1781850582,0,541565,0,856.12,210.91,2562047,651165695,10997465087,21994930175,29578231807,366080,34158411775,5822441852.94,7846507521.18,541565,10,10,10,0,0,0,0,0,0,18907922431,19243466751,19277021183,18957180656.23,211
1781850583,0,541565,0,854.77,0.00,2562047,651165695,10997465087,21994930175,29578231807,366080,34158411775,5822441852.94,7846507521.18,541565,10,10,10,0,0,0,0,0,0,0,0,0,0.00,0
1781850584,0,541565,0,853.42,0.00,2562047,651165695,10997465087,21994930175,29578231807,366080,34158411775,5822441852.94,7846507521.18,541565,10,10,10,0,0,0,0,0,0,0,0,0,0.00,0
1781850585,0,541565,0,852.08,0.00,2562047,651165695,10997465087,21994930175,29578231807,366080,34158411775,5822441852.94,7846507521.18,541565,10,10,10,0,0,0,0,0,0,0,0,0,0.00,0
1781850586,0,541565,0,850.74,0.00,2562047,651165695,10997465087,21994930175,29578231807,366080,34158411775,5822441852.94,7846507521.18,541565,10,10,10,0,0,0,0,0,0,0,0,0,0.00,0
1781850587,0,541565,0,849.40,0.00,2562047,651165695,10997465087,21994930175,29578231807,366080,34158411775,5822441852.94,7846507521.18,541565,10,10,10,0,0,0,0,0,0,0,0,0,0.00,0
1781850588,0,541565,0,848.07,0.00,2562047,651165695,10997465087,21994930175,29578231807,366080,34158411775,5822441852.94,7846507521.18,541565,10,10,10,0,0,0,0,0,0,0,0,0,0.00,0
1781850589,0,541565,0,846.75,0.00,2562047,651165695,10997465087,21994930175,29578231807,366080,34158411775,5822441852.94,7846507521.18,541565,10,10,10,0,0,0,0,0,0,0,0,0,0.00,0
1781850590,0,541565,0,845.43,0.00,2562047,651165695,10997465087,21994930175,29578231807,366080,34158411775,5822441852.94,7846507521.18,541565,10,10,10,0,0,0,0,0,0,0,0,0,0.00,0
1781850591,0,541565,0,844.11,0.00,2562047,651165695,10997465087,21994930175,29578231807,366080,34158411775,5822441852.94,7846507521.18,541565,10,10,10,0,0,0,0,0,0,0,0,0,0.00,0
1781850592,0,541565,0,842.80,0.00,2562047,651165695,10997465087,21994930175,29578231807,366080,34158411775,5822441852.94,7846507521.18,541565,10,10,10,0,0,0,0,0,0,0,0,0,0.00,0
1781850593,0,541565,0,841.48,0.00,2562047,651165695,10997465087,21994930175,29578231807,366080,34158411775,5822441852.94,7846507521.18,541565,10,10,10,0,0,0,0,0,0,0,0,0,0.00,0
1781850594,0,541565,0,840.18,0.00,2562047,651165695,10997465087,21994930175,29578231807,366080,34158411775,5822441852.94,7846507521.18,541565,10,10,10,0,0,0,0,0,0,0,0,0,0.00,0
1781850595,0,541565,0,838.88,0.00,2562047,651165695,10997465087,21994930175,29578231807,366080,34158411775,5822441852.94,7846507521.18,541565,10,10,10,0,0,0,0,0,0,0,0,0,0.00,0
1781850596,0,541565,0,837.58,0.00,2562047,651165695,10997465087,21994930175,29578231807,366080,34158411775,5822441852.94,7846507521.18,541565,10,10,10,0,0,0,0,0,0,0,0,0,0.00,0
1781850597,0,541565,0,836.29,0.00,2562047,651165695,10997465087,21994930175,29578231807,366080,34158411775,5822441852.94,7846507521.18,541565,10,10,10,0,0,0,0,0,0,0,0,0,0.00,0
1781850598,0,541565,0,835.00,0.00,2562047,651165695,10997465087,21994930175,29578231807,366080,34158411775,5822441852.94,7846507521.18,541565,10,10,10,0,0,0,0,0,0,0,0,0,0.00,0
1781850599,0,541565,0,833.71,0.00,2562047,651165695,10997465087,21994930175,29578231807,366080,34158411775,5822441852.94,7846507521.18,541565,10,10,10,0,0,0,0,0,0,0,0,0,0.00,0
1781850600,0,541565,0,832.43,0.00,2562047,651165695,10997465087,21994930175,29578231807,366080,34158411775,5822441852.94,7846507521.18,541565,10,10,10,0,0,0,0,0,0,0,0,0,0.00,0
1781850601,0,541565,0,831.15,0.00,2562047,651165695,10997465087,21994930175,29578231807,366080,34158411775,5822441852.94,7846507521.18,541565,10,10,10,0,0,0,0,0,0,0,0,0,0.00,0
1781850602,0,541565,0,829.88,0.00,2562047,651165695,10997465087,21994930175,29578231807,366080,34158411775,5822441852.94,7846507521.18,541565,10,10,10,0,0,0,0,0,0,0,0,0,0.00,0
1781850603,0,541565,0,828.61,0.00,2562047,651165695,10997465087,21994930175,29578231807,366080,34158411775,5822441852.94,7846507521.18,541565,10,10,10,0,0,0,0,0,0,0,0,0,0.00,0
1781850604,0,541565,0,827.34,0.00,2562047,651165695,10997465087,21994930175,29578231807,366080,34158411775,5822441852.94,7846507521.18,541565,10,10,10,0,0,0,0,0,0,0,0,0,0.00,0
1781850605,0,541565,0,826.08,0.00,2562047,651165695,10997465087,21994930175,29578231807,366080,34158411775,5822441852.94,7846507521.18,541565,10,10,10,0,0,0,0,0,0,0,0,0,0.00,0
1781850606,0,541565,0,824.82,0.00,2562047,651165695,10997465087,21994930175,29578231807,366080,34158411775,5822441852.94,7846507521.18,541565,10,10,10,0,0,0,0,0,0,0,0,0,0.00,0
1781850607,0,541565,0,823.57,0.00,2562047,651165695,10997465087,21994930175,29578231807,366080,34158411775,5822441852.94,7846507521.18,541565,10,10,10,0,0,0,0,0,0,0,0,0,0.00,0
1781850608,0,541565,0,822.32,0.00,2562047,651165695,10997465087,21994930175,29578231807,366080,34158411775,5822441852.94,7846507521.18,541565,10,10,10,0,0,0,0,0,0,0,0,0,0.00,0
1781850609,0,541565,0,821.07,0.00,2562047,651165695,10997465087,21994930175,29578231807,366080,34158411775,5822441852.94,7846507521.18,541565,10,10,10,0,0,0,0,0,0,0,0,0,0.00,0
1781850610,0,541565,0,819.83,0.00,2562047,651165695,10997465087,21994930175,29578231807,366080,34158411775,5822441852.94,7846507521.18,541565,10,10,10,0,0,0,0,0,0,0,0,0,0.00,0
1781850611,0,541565,0,818.59,0.00,2562047,651165695,10997465087,21994930175,29578231807,366080,34158411775,5822441852.94,7846507521.18,541565,10,10,10,0,0,0,0,0,0,0,0,0,0.00,0
1781850612,0,541565,0,817.36,0.00,2562047,651165695,10997465087,21994930175,29578231807,366080,34158411775,5822441852.94,7846507521.18,541565,10,10,10,0,0,0,0,0,0,0,0,0,0.00,0
1781850613,0,541565,0,816.12,0.00,2562047,651165695,10997465087,21994930175,29578231807,366080,34158411775,5822441852.94,7846507521.18,541565,10,10,10,0,0,0,0,0,0,0,0,0,0.00,0
1781850614,0,541565,0,814.90,0.00,2562047,651165695,10997465087,21994930175,29578231807,366080,34158411775,5822441852.94,7846507521.18,541565,10,10,10,0,0,0,0,0,0,0,0,0,0.00,0
1781850615,0,541565,0,813.67,0.00,2562047,651165695,10997465087,21994930175,29578231807,366080,34158411775,5822441852.94,7846507521.18,541565,10,10,10,0,0,0,0,0,0,0,0,0,0.00,0
1781850616,0,541565,0,812.45,0.00,2562047,651165695,10997465087,21994930175,29578231807,366080,34158411775,5822441852.94,7846507521.18,541565,10,10,10,0,0,0,0,0,0,0,0,0,0.00,0
1781850617,0,541565,0,811.23,0.00,2562047,651165695,10997465087,21994930175,29578231807,366080,34158411775,5822441852.94,7846507521.18,541565,10,10,10,0,0,0,0,0,0,0,0,0,0.00,0
1781850618,0,541565,0,810.02,0.00,2562047,651165695,10997465087,21994930175,29578231807,366080,34158411775,5822441852.94,7846507521.18,541565,10,10,10,0,0,0,0,0,0,0,0,0,0.00,0
1781850619,0,541565,0,808.81,0.00,2562047,651165695,10997465087,21994930175,29578231807,366080,34158411775,5822441852.94,7846507521.18,541565,10,10,10,0,0,0,0,0,0,0,0,0,0.00,0
1781850620,0,541565,0,807.60,0.00,2562047,651165695,10997465087,21994930175,29578231807,366080,34158411775,5822441852.94,7846507521.18,541565,10,10,10,0,0,0,0,0,0,0,0,0,0.00,0
1781850621,0,541565,0,806.40,0.00,2562047,651165695,10997465087,21994930175,29578231807,366080,34158411775,5822441852.94,7846507521.18,541565,10,10,10,0,0,0,0,0,0,0,0,0,0.00,0
1781850622,0,541565,0,805.20,0.00,2562047,651165695,10997465087,21994930175,29578231807,366080,34158411775,5822441852.94,7846507521.18,541565,10,10,10,0,0,0,0,0,0,0,0,0,0.00,0
1781850623,0,541565,0,804.01,0.00,2562047,651165695,10997465087,21994930175,29578231807,366080,34158411775,5822441852.94,7846507521.18,541565,10,10,10,0,0,0,0,0,0,0,0,0,0.00,0
1781850624,0,541565,0,802.82,0.00,2562047,651165695,10997465087,21994930175,29578231807,366080,34158411775,5822441852.94,7846507521.18,541565,10,10,10,0,0,0,0,0,0,0,0,0,0.00,0
1781850625,0,541565,0,801.63,0.00,2562047,651165695,10997465087,21994930175,29578231807,366080,34158411775,5822441852.94,7846507521.18,541565,10,10,10,0,0,0,0,0,0,0,0,0,0.00,0
1781850626,0,541565,0,800.44,0.00,2562047,651165695,10997465087,21994930175,29578231807,366080,34158411775,5822441852.94,7846507521.18,541565,10,10,10,0,0,0,0,0,0,0,0,0,0.00,0
1781850627,0,541565,0,799.26,0.00,2562047,651165695,10997465087,21994930175,29578231807,366080,34158411775,5822441852.94,7846507521.18,541565,10,10,10,0,0,0,0,0,0,0,0,0,0.00,0
1781850628,0,541565,0,798.08,0.00,2562047,651165695,10997465087,21994930175,29578231807,366080,34158411775,5822441852.94,7846507521.18,541565,10,10,10,0,0,0,0,0,0,0,0,0,0.00,0
1781850629,0,541565,0,796.91,0.00,2562047,651165695,10997465087,21994930175,29578231807,366080,34158411775,5822441852.94,7846507521.18,541565,10,10,10,0,0,0,0,0,0,0,0,0,0.00,0
1781850630,0,541565,0,795.74,0.00,2562047,651165695,10997465087,21994930175,29578231807,366080,34158411775,5822441852.94,7846507521.18,541565,10,10,10,0,0,0,0,0,0,0,0,0,0.00,0
1781850631,0,541565,0,794.57,0.00,2562047,651165695,10997465087,21994930175,29578231807,366080,34158411775,5822441852.94,7846507521.18,541565,10,10,10,0,0,0,0,0,0,0,0,0,0.00,0
1781850632,0,541565,0,793.41,0.00,2562047,651165695,10997465087,21994930175,29578231807,366080,34158411775,5822441852.94,7846507521.18,541565,10,10,10,0,0,0,0,0,0,0,0,0,0.00,0
1781850633,0,541565,0,792.25,0.00,2562047,651165695,10997465087,21994930175,29578231807,366080,34158411775,5822441852.94,7846507521.18,541565,10,10,10,0,0,0,0,0,0,0,0,0,0.00,0
1781850634,0,541565,0,791.09,0.00,2562047,651165695,10997465087,21994930175,29578231807,366080,34158411775,5822441852.94,7846507521.18,541565,10,10,10,0,0,0,0,0,0,0,0,0,0.00,0
1781850635,0,541565,0,789.93,0.00,2562047,651165695,10997465087,21994930175,29578231807,366080,34158411775,5822441852.94,7846507521.18,541565,10,10,10,0,0,0,0,0,0,0,0,0,0.00,0
1781850636,0,541565,0,788.78,0.00,2562047,651165695,10997465087,21994930175,29578231807,366080,34158411775,5822441852.94,7846507521.18,541565,10,10,10,0,0,0,0,0,0,0,0,0,0.00,0
1781850637,0,541565,0,787.64,0.00,2562047,651165695,10997465087,21994930175,29578231807,366080,34158411775,5822441852.94,7846507521.18,541565,10,10,10,0,0,0,0,0,0,0,0,0,0.00,0
1781850638,0,541565,0,786.49,0.00,2562047,651165695,10997465087,21994930175,29578231807,366080,34158411775,5822441852.94,7846507521.18,541565,10,10,10,0,0,0,0,0,0,0,0,0,0.00,0
1781850639,0,541565,0,785.35,0.00,2562047,651165695,10997465087,21994930175,29578231807,366080,34158411775,5822441852.94,7846507521.18,541565,10,10,10,0,0,0,0,0,0,0,0,0,0.00,0
1781850640,0,541565,0,784.21,0.00,2562047,651165695,10997465087,21994930175,29578231807,366080,34158411775,5822441852.94,7846507521.18,541565,10,10,10,0,0,0,0,0,0,0,0,0,0.00,0
1781850641,0,541565,0,783.08,0.00,2562047,651165695,10997465087,21994930175,29578231807,366080,34158411775,5822441852.94,7846507521.18,541565,10,10,10,0,0,0,0,0,0,0,0,0,0.00,0
1781850642,0,541565,0,781.95,0.00,2562047,651165695,10997465087,21994930175,29578231807,366080,34158411775,5822441852.94,7846507521.18,541565,10,10,10,0,0,0,0,0,0,0,0,0,0.00,0
1781850643,0,541565,0,780.82,0.00,2562047,651165695,10997465087,21994930175,29578231807,366080,34158411775,5822441852.94,7846507521.18,541565,10,10,10,0,0,0,0,0,0,0,0,0,0.00,0
1781850644,0,541565,0,779.70,0.00,2562047,651165695,10997465087,21994930175,29578231807,366080,34158411775,5822441852.94,7846507521.18,541565,10,10,10,0,0,0,0,0,0,0,0,0,0.00,0
1781850645,0,541565,0,778.58,0.00,2562047,651165695,10997465087,21994930175,29578231807,366080,34158411775,5822441852.94,7846507521.18,541565,10,10,10,0,0,0,0,0,0,0,0,0,0.00,0
1781850646,0,541565,0,777.46,0.00,2562047,651165695,10997465087,21994930175,29578231807,366080,34158411775,5822441852.94,7846507521.18,541565,10,10,10,0,0,0,0,0,0,0,0,0,0.00,0
1781850647,0,541565,0,776.35,0.00,2562047,651165695,10997465087,21994930175,29578231807,366080,34158411775,5822441852.94,7846507521.18,541565,10,10,10,0,0,0,0,0,0,0,0,0,0.00,0
1781850648,0,541565,0,775.23,0.00,2562047,651165695,10997465087,21994930175,29578231807,366080,34158411775,5822441852.94,7846507521.18,541565,10,10,10,0,0,0,0,0,0,0,0,0,0.00,0
1781850649,0,541565,0,774.13,0.00,2562047,651165695,10997465087,21994930175,29578231807,366080,34158411775,5822441852.94,7846507521.18,541565,10,10,10,0,0,0,0,0,0,0,0,0,0.00,0
1781850650,0,541565,0,773.02,0.00,2562047,651165695,10997465087,21994930175,29578231807,366080,34158411775,5822441852.94,7846507521.18,541565,10,10,10,0,0,0,0,0,0,0,0,0,0.00,0
1781850651,0,541565,0,771.92,0.00,2562047,651165695,10997465087,21994930175,29578231807,366080,34158411775,5822441852.94,7846507521.18,541565,10,10,10,0,0,0,0,0,0,0,0,0,0.00,0
1781850652,0,541565,0,770.82,0.00,2562047,651165695,10997465087,21994930175,29578231807,366080,34158411775,5822441852.94,7846507521.18,541565,10,10,10,0,0,0,0,0,0,0,0,0,0.00,0
1781850653,0,541565,0,769.73,0.00,2562047,651165695,10997465087,21994930175,29578231807,366080,34158411775,5822441852.94,7846507521.18,541565,10,10,10,0,0,0,0,0,0,0,0,0,0.00,0
1781850654,0,541565,0,768.63,0.00,2562047,651165695,10997465087,21994930175,29578231807,366080,34158411775,5822441852.94,7846507521.18,541565,10,10,10,0,0,0,0,0,0,0,0,0,0.00,0
1781850655,0,541565,0,767.54,0.00,2562047,651165695,10997465087,21994930175,29578231807,366080,34158411775,5822441852.94,7846507521.18,541565,10,10,10,0,0,0,0,0,0,0,0,0,0.00,0
1781850656,0,541565,0,766.46,0.00,2562047,651165695,10997465087,21994930175,29578231807,366080,34158411775,5822441852.94,7846507521.18,541565,10,10,10,0,0,0,0,0,0,0,0,0,0.00,0
1781850657,0,541565,0,765.37,0.00,2562047,651165695,10997465087,21994930175,29578231807,366080,34158411775,5822441852.94,7846507521.18,541565,10,10,10,0,0,0,0,0,0,0,0,0,0.00,0
1781850658,0,541565,0,764.29,0.00,2562047,651165695,10997465087,21994930175,29578231807,366080,34158411775,5822441852.94,7846507521.18,541565,10,10,10,0,0,0,0,0,0,0,0,0,0.00,0
1781850659,0,541565,0,763.22,0.00,2562047,651165695,10997465087,21994930175,29578231807,366080,34158411775,5822441852.94,7846507521.18,541565,10,10,10,0,0,0,0,0,0,0,0,0,0.00,0
1781850660,0,541565,0,762.14,0.00,2562047,651165695,10997465087,21994930175,29578231807,366080,34158411775,5822441852.94,7846507521.18,541565,10,10,10,0,0,0,0,0,0,0,0,0,0.00,0
1781850661,0,541565,0,761.07,0.00,2562047,651165695,10997465087,21994930175,29578231807,366080,34158411775,5822441852.94,7846507521.18,541565,10,10,10,0,0,0,0,0,0,0,0,0,0.00,0
1781850662,0,541565,0,760.00,0.00,2562047,651165695,10997465087,21994930175,29578231807,366080,34158411775,5822441852.94,7846507521.18,541565,10,10,10,0,0,0,0,0,0,0,0,0,0.00,0
1781850663,0,541565,0,758.94,0.00,2562047,651165695,10997465087,21994930175,29578231807,366080,34158411775,5822441852.94,7846507521.18,541565,10,10,10,0,0,0,0,0,0,0,0,0,0.00,0
1781850664,0,541565,0,757.88,0.00,2562047,651165695,10997465087,21994930175,29578231807,366080,34158411775,5822441852.94,7846507521.18,541565,10,10,10,0,0,0,0,0,0,0,0,0,0.00,0
1781850665,0,541565,0,756.82,0.00,2562047,651165695,10997465087,21994930175,29578231807,366080,34158411775,5822441852.94,7846507521.18,541565,10,10,10,0,0,0,0,0,0,0,0,0,0.00,0
1781850666,0,541565,0,755.76,0.00,2562047,651165695,10997465087,21994930175,29578231807,366080,34158411775,5822441852.94,7846507521.18,541565,10,10,10,0,0,0,0,0,0,0,0,0,0.00,0
1781850667,0,541565,0,754.71,0.00,2562047,651165695,10997465087,21994930175,29578231807,366080,34158411775,5822441852.94,7846507521.18,541565,10,10,10,0,0,0,0,0,0,0,0,0,0.00,0
1781850668,0,541565,0,753.66,0.00,2562047,651165695,10997465087,21994930175,29578231807,366080,34158411775,5822441852.94,7846507521.18,541565,10,10,10,0,0,0,0,0,0,0,0,0,0.00,0
1781850669,0,541565,0,752.61,0.00,2562047,651165695,10997465087,21994930175,29578231807,366080,34158411775,5822441852.94,7846507521.18,541565,10,10,10,0,0,0,0,0,0,0,0,0,0.00,0
1781850670,0,541565,0,751.57,0.00,2562047,651165695,10997465087,21994930175,29578231807,366080,34158411775,5822441852.94,7846507521.18,541565,10,10,10,0,0,0,0,0,0,0,0,0,0.00,0
1781850671,0,541565,0,750.52,0.00,2562047,651165695,10997465087,21994930175,29578231807,366080,34158411775,5822441852.94,7846507521.18,541565,10,10,10,0,0,0,0,0,0,0,0,0,0.00,0
1781850672,0,541565,0,749.49,0.00,2562047,651165695,10997465087,21994930175,29578231807,366080,34158411775,5822441852.94,7846507521.18,541565,10,10,10,0,0,0,0,0,0,0,0,0,0.00,0
