timestamp,sent_count,received_count,error_count,total_throughput,interval_throughput,latency_ns_p25,latency_ns_p50,latency_ns_p75,latency_ns_p95,latency_ns_p99,latency_ns_min,latency_ns_max,latency_ns_mean,latency_ns_stddev,latency_sample_count,connections,active_connections,connection_attempts,connection_failures,crashes_injected,reconnects,reconnect_failures,duplicate_count,gap_count,interval_latency_ns_p50,interval_latency_ns_p95,interval_latency_ns_p99,interval_latency_ns_mean,interval_latency_sample_count
1781849888,0,0,0,0.00,0.00,0,0,0,0,0,0,0,0.00,0.00,0,1,1,1,0,0,0,0,0,0,0,0,0,0.00,0
1781849889,0,0,0,0.00,0.00,0,0,0,0,0,0,0,0.00,0.00,0,1,1,1,0,0,0,0,0,0,0,0,0,0.00,0
1781849890,0,0,0,0.00,0.00,0,0,0,0,0,0,0,0.00,0.00,0,1,1,1,0,0,0,0,0,0,0,0,0,0.00,0
1781849891,0,0,0,0.00,0.00,0,0,0,0,0,0,0,0.00,0.00,0,1,1,1,0,0,0,0,0,0,0,0,0,0.00,0
1781849892,0,0,0,0.00,0.00,0,0,0,0,0,0,0,0.00,0.00,0,1,1,1,0,0,0,0,0,0,0,0,0,0.00,0
1781849893,0,0,0,0.00,0.00,0,0,0,0,0,0,0,0.00,0.00,0,1,1,1,0,0,0,0,0,0,0,0,0,0.00,0
1781849894,0,0,0,0.00,0.00,0,0,0,0,0,0,0,0.00,0.00,0,1,1,1,0,0,0,0,0,0,0,0,0,0.00,0
1781849895,0,0,0,0.00,0.00,0,0,0,0,0,0,0,0.00,0.00,0,2,2,2,0,0,0,0,0,0,0,0,0,0.00,0
1781849896,0,0,0,0.00,0.00,0,0,0,0,0,0,0,0.00,0.00,0,2,2,2,0,0,0,0,0,0,0,0,0,0.00,0
1781849897,0,0,0,0.00,0.00,0,0,0,0,0,0,0,0.00,0.00,0,2,2,2,0,0,0,0,0,0,0,0,0,0.00,0
1781849898,0,0,0,0.00,0.00,0,0,0,0,0,0,0,0.00,0.00,0,2,2,2,0,0,0,0,0,0,0,0,0,0.00,0
1781849899,0,0,0,0.00,0.00,0,0,0,0,0,0,0,0.00,0.00,0,2,2,2,0,0,0,0,0,0,0,0,0,0.00,0
1781849900,0,0,0,0.00,0.00,0,0,0,0,0,0,0,0.00,0.00,0,2,2,2,0,0,0,0,0,0,0,0,0,0.00,0
1781849901,0,0,0,0.00,0.00,0,0,0,0,0,0,0,0.00,0.00,0,2,2,2,0,0,0,0,0,0,0,0,0,0.00,0
1781849902,0,0,0,0.00,0.00,0,0,0,0,0,0,0,0.00,0.00,0,3,3,3,0,0,0,0,0,0,0,0,0,0.00,0
1781849903,0,0,0,0.00,0.00,0,0,0,0,0,0,0,0.00,0.00,0,3,3,3,0,0,0,0,0,0,0,0,0,0.00,0
1781849904,0,0,0,0.00,0.00,0,0,0,0,0,0,0,0.00,0.00,0,3,3,3,0,0,0,0,0,0,0,0,0,0.00,0
1781849905,0,0,0,0.00,0.00,0,0,0,0,0,0,0,0.00,0.00,0,3,3,3,0,0,0,0,0,0,0,0,0,0.00,0
1781849906,0,0,0,0.00,0.00,0,0,0,0,0,0,0,0.00,0.00,0,3,3,3,0,0,0,0,0,0,0,0,0,0.00,0
1781849907,0,0,0,0.00,0.00,0,0,0,0,0,0,0,0.00,0.00,0,3,3,3,0,0,0,0,0,0,0,0,0,0.00,0
1781849908,0,0,0,0.00,0.00,0,0,0,0,0,0,0,0.00,0.00,0,3,3,3,0,0,0,0,0,0,0,0,0,0.00,0
1781849909,0,0,0,0.00,0.00,0,0,0,0,0,0,0,0.00,0.00,0,4,4,4,0,0,0,0,0,0,0,0,0,0.00,0
1781849910,0,0,0,0.00,0.00,0,0,0,0,0,0,0,0.00,0.00,0,4,4,4,0,0,0,0,0,0,0,0,0,0.00,0
1781849911,0,0,0,0.00,0.00,0,0,0,0,0,0,0,0.00,0.00,0,4,4,4,0,0,0,0,0,0,0,0,0,0.00,0
1781849912,0,0,0,0.00,0.00,0,0,0,0,0,0,0,0.00,0.00,0,4,4,4,0,0,0,0,0,0,0,0,0,0.00,0
1781849913,0,0,0,0.00,0.00,0,0,0,0,0,0,0,0.00,0.00,0,4,4,4,0,0,0,0,0,0,0,0,0,0.00,0
1781849914,0,0,0,0.00,0.00,0,0,0,0,0,0,0,0.00,0.00,0,4,4,4,0,0,0,0,0,0,0,0,0,0.00,0
1781849915,0,0,0,0.00,0.00,0,0,0,0,0,0,0,0.00,0.00,0,5,5,5,0,0,0,0,0,0,0,0,0,0.00,0
1781849916,0,0,0,0.00,0.00,0,0,0,0,0,0,0,0.00,0.00,0,5,5,5,0,0,0,0,0,0,0,0,0,0.00,0
1781849917,0,0,0,0.00,0.00,0,0,0,0,0,0,0,0.00,0.00,0,5,5,5,0,0,0,0,0,0,0,0,0,0.00,0
1781849918,0,0,0,0.00,0.00,0,0,0,0,0,0,0,0.00,0.00,0,5,5,5,0,0,0,0,0,0,0,0,0,0.00,0
1781849919,0,0,0,0.00,0.00,0,0,0,0,0,0,0,0.00,0.00,0,5,5,5,0,0,0,0,0,0,0,0,0,0.00,0
1781849920,0,0,0,0.00,0.00,0,0,0,0,0,0,0,0.00,0.00,0,5,5,5,0,0,0,0,0,0,0,0,0,0.00,0
1781849921,0,0,0,0.00,0.00,0,0,0,0,0,0,0,0.00,0.00,0,5,5,5,0,0,0,0,0,0,0,0,0,0.00,0
1781849922,0,0,0,0.00,0.00,0,0,0,0,0,0,0,0.00,0.00,0,6,6,6,0,0,0,0,0,0,0,0,0,0.00,0
1781849923,0,0,0,0.00,0.00,0,0,0,0,0,0,0,0.00,0.00,0,6,6,6,0,0,0,0,0,0,0,0,0,0.00,0
1781849924,0,0,0,0.00,0.00,0,0,0,0,0,0,0,0.00,0.00,0,6,6,6,0,0,0,0,0,0,0,0,0,0.00,0
1781849925,0,0,0,0.00,0.00,0,0,0,0,0,0,0,0.00,0.00,0,6,6,6,0,0,0,0,0,0,0,0,0,0.00,0
1781849926,0,0,0,0.00,0.00,0,0,0,0,0,0,0,0.00,0.00,0,6,6,6,0,0,0,0,0,0,0,0,0,0.00,0
1781849927,0,0,0,0.00,0.00,0,0,0,0,0,0,0,0.00,0.00,0,6,6,6,0,0,0,0,0,0,0,0,0,0.00,0
1781849928,0,0,0,0.00,0.00,0,0,0,0,0,0,0,0.00,0.00,0,6,6,6,0,0,0,0,0,0,0,0,0,0.00,0
1781849929,0,0,0,0.00,0.00,0,0,0,0,0,0,0,0.00,0.00,0,7,7,7,0,0,0,0,0,0,0,0,0,0.00,0
1781849930,0,0,0,0.00,0.00,0,0,0,0,0,0,0,0.00,0.00,0,7,7,7,0,0,0,0,0,0,0,0,0,0.00,0
1781849931,0,0,0,0.00,0.00,0,0,0,0,0,0,0,0.00,0.00,0,7,7,7,0,0,0,0,0,0,0,0,0,0.00,0
1781849932,0,0,0,0.00,0.00,0,0,0,0,0,0,0,0.00,0.00,0,7,7,7,0,0,0,0,0,0,0,0,0,0.00,0
1781849933,0,0,0,0.00,0.00,0,0,0,0,0,0,0,0.00,0.00,0,7,7,7,0,0,0,0,0,0,0,0,0,0.00,0
1781849934,0,0,0,0.00,0.00,0,0,0,0,0,0,0,0.00,0.00,0,7,7,7,0,0,0,0,0,0,0,0,0,0.00,0
1781849935,0,0,0,0.00,0.00,0,0,0,0,0,0,0,0.00,0.00,0,8,8,8,0,0,0,0,0,0,0,0,0,0.00,0
1781849936,0,0,0,0.00,0.00,0,0,0,0,0,0,0,0.00,0.00,0,8,8,8,0,0,0,0,0,0,0,0,0,0.00,0
1781849937,0,0,0,0.00,0.00,0,0,0,0,0,0,0,0.00,0.00,0,8,8,8,0,0,0,0,0,0,0,0,0,0.00,0
1781849938,0,0,0,0.00,0.00,0,0,0,0,0,0,0,0.00,0.00,0,8,8,8,0,0,0,0,0,0,0,0,0,0.00,0
1781849939,0,0,0,0.00,0.00,0,0,0,0,0,0,0,0.00,0.00,0,8,8,8,0,0,0,0,0,0,0,0,0,0.00,0
1781849940,0,0,0,0.00,0.00,0,0,0,0,0,0,0,0.00,0.00,0,8,8,8,0,0,0,0,0,0,0,0,0,0.00,0
1781849941,0,0,0,0.00,0.00,0,0,0,0,0,0,0,0.00,0.00,0,8,8,8,0,0,0,0,0,0,0,0,0,0.00,0
1781849942,0,0,0,0.00,0.00,0,0,0,0,0,0,0,0.00,0.00,0,9,9,9,0,0,0,0,0,0,0,0,0,0.00,0
1781849943,0,0,0,0.00,0.00,0,0,0,0,0,0,0,0.00,0.00,0,9,9,9,0,0,0,0,0,0,0,0,0,0.00,0
1781849944,0,0,0,0.00,0.00,0,0,0,0,0,0,0,0.00,0.00,0,9,9,9,0,0,0,0,0,0,0,0,0,0.00,0
1781849945,0,0,0,0.00,0.00,0,0,0,0,0,0,0,0.00,0.00,0,9,9,9,0,0,0,0,0,0,0,0,0,0.00,0
1781849946,0,0,0,0.00,0.00,0,0,0,0,0,0,0,0.00,0.00,0,9,9,9,0,0,0,0,0,0,0,0,0,0.00,0
1781849947,0,0,0,0.00,0.00,0,0,0,0,0,0,0,0.00,0.00,0,9,9,9,0,0,0,0,0,0,0,0,0,0.00,0
1781849948,0,0,0,0.00,0.00,0,0,0,0,0,0,0,0.00,0.00,0,9,9,9,0,0,0,0,0,0,0,0,0,0.00,0
1781849949,0,0,0,0.00,0.00,0,0,0,0,0,0,0,0.00,0.00,0,10,10,10,0,0,0,0,0,0,0,0,0,0.00,0
1781849950,0,140,0,263.95,139.99,2611199,60817407,114163711,138149887,200146943,856576,200278015,62274411.89,55978946.33,140,10,10,10,0,0,0,0,0,0,60817407,138149887,200146943,62274411.89,140
1781849951,0,340,0,222.19,200.03,1952767,2893823,23937023,130285567,151126015,722944,200278015,27189218.64,46400535.76,340,10,10,10,0,0,0,0,0,0,2502655,5238783,7385087,2629583.36,200
1781849952,0,540,0,213.39,199.93,1726463,2598911,3622911,120324095,151126015,722944,200278015,17979700.15,38731067.94,540,10,10,10,0,0,0,0,0,0,2181119,4130815,4587519,2323518.72,200
1781849953,0,740,0,209.59,199.98,1637375,2412543,3325951,113311743,138149887,718848,200278015,13689625.25,33831693.05,740,10,10,10,0,0,0,0,0,0,1924095,3987455,4390911,2106423.04,200
1781849954,0,940,0,207.49,200.09,1613823,2308095,3176447,109379583,136052735,586240,200278015,11224358.67,30392980.29,940,10,10,10,0,0,0,0,0,0,1889279,3923967,5595135,2102872.32,200
1781849955,0,1140,0,206.15,200.08,1576959,2172927,3006463,78315519,135790591,586240,200278015,9599713.91,27823797.25,1140,10,10,10,0,0,0,0,0,0,1853439,3389439,3581951,1963883.52,200
1781849956,0,1340,0,205.20,199.92,1576959,2105343,2895871,64946175,135266303,586240,200278015,8463143.16,25807692.96,1340,10,10,10,0,0,0,0,0,0,1924095,3121151,3334143,1984689.92,200
1781849957,0,1540,0,204.51,200.04,1541119,2075647,2859007,54820863,135266303,586240,200278015,8002069.78,24456186.38,1540,10,10,10,0,0,0,0,0,0,1931263,11255807,55410687,4912878.08,200
1781849958,0,1740,0,203.98,199.98,1514495,2072575,2809855,27049983,130285567,586240,200278015,7320536.28,23087575.36,1740,10,10,10,0,0,0,0,0,0,2026495,3772415,5193727,2072728.32,200
1781849959,0,1940,0,203.56,199.92,1514495,2068479,2762751,23773183,128712703,586240,200278015,6775054.65,21925267.53,1940,10,10,10,0,0,0,0,0,0,2020351,3174399,3432447,2029364.48,200
1781849960,0,2140,0,203.22,200.04,1490943,2054143,2717695,9592831,124649471,586240,200278015,6323597.52,20924042.17,2140,10,10,10,0,0,0,0,0,0,1893375,3198975,3764223,1944463.36,200
1781849961,0,2340,0,202.94,199.99,1481727,2013183,2666495,6328319,124321791,586240,200278015,5936065.53,20050766.09,2340,10,10,10,0,0,0,0,0,0,1818623,2842623,3188735,1789473.28,200
1781849962,0,2540,0,202.71,200.00,1464319,1999871,2637823,5193727,121372671,586240,200278015,5620362.48,19276477.99,2540,10,10,10,0,0,0,0,0,0,1884159,3196927,3569663,1926636.80,200
1781849963,0,2740,0,202.50,199.95,1442815,2003967,2611199,4644863,120324095,586240,200278015,5350819.41,18585343.81,2740,10,10,10,0,0,0,0,0,0,2040831,2891775,3563519,1927622.40,200
1781849964,0,2940,0,202.33,200.01,1430527,1993727,2586623,4403199,118292479,586240,200278015,5117276.73,17964282.02,2940,10,10,10,0,0,0,0,0,0,1794047,3731455,5353471,1917742.08,200
1781849965,0,3140,0,202.19,200.09,1420287,1979391,2576383,4472831,116654079,586240,200278015,4927427.18,17400877.88,3140,10,10,10,0,0,0,0,0,0,1831935,5332991,6762495,2136638.72,200
1781849966,0,3340,0,202.05,199.89,1424383,1989631,2576383,4276223,116523007,586240,200278015,4754480.44,16886641.05,3340,10,10,10,0,0,0,0,0,0,2064383,3168255,3391487,2039216.64,200
1781849967,0,3540,0,201.94,200.05,1429503,1993727,2574335,4472831,114163711,586240,200278015,4640225.05,16423080.87,3540,10,10,10,0,0,0,0,0,0,2027519,7237631,18956287,2732160.00,200
1781849968,0,3740,0,201.83,200.01,1420287,1993727,2590719,4349951,113311743,586240,200278015,4507293.78,15989198.75,3740,10,10,10,0,0,0,0,0,0,1982463,3674111,4476927,2154410.24,200
1781849969,0,3940,0,201.74,200.08,1399807,1975295,2574335,4235263,111345663,586240,200278015,4366572.05,15590621.04,3940,10,10,10,0,0,0,0,0,0,1737727,2777087,2930687,1735075.84,200
1781849970,0,4140,0,201.66,199.97,1402879,1981439,2576383,4161535,111214591,586240,200278015,4260202.36,15217803.72,4140,10,10,10,0,0,0,0,0,0,2099199,3667967,4562943,2164719.36,200
1781849971,0,4340,0,201.58,200.05,1398783,1975295,2562047,4034559,109707263,586240,200278015,4150024.73,14872162.04,4340,10,10,10,0,0,0,0,0,0,1836031,2902015,3272703,1869347.84,200
1781849972,0,4540,0,201.51,199.93,1387519,1973247,2553855,3969023,109510655,586240,200278015,4049815.74,14548997.59,4540,10,10,10,0,0,0,0,0,0,1940479,2813951,3160063,1875280.64,200
1781849973,0,4740,0,201.44,200.02,1377279,1968127,2545663,3903487,109379583,586240,200278015,3956681.02,14246355.53,4740,10,10,10,0,0,0,0,0,0,1771519,2818047,3295231,1842522.88,200
1781849974,0,4940,0,201.39,200.04,1375231,1969151,2541567,3839999,105906175,586240,200278015,3874858.65,13961513.17,4940,10,10,10,0,0,0,0,0,0,2012159,3108863,4694015,1935668.48,200
1781849975,0,5140,0,201.33,199.91,1377279,1971199,2541567,3825663,99418111,586240,200278015,3806148.08,13692447.09,5140,10,10,10,0,0,0,0,0,0,2076671,3813375,4673535,2108997.12,200
1781849976,0,5340,0,201.28,200.09,1371135,1969151,2529279,3825663,98238463,586240,200278015,3736211.08,13439196.94,5340,10,10,10,0,0,0,0,0,0,1849343,3303423,4472831,1938830.08,200
1781849977,0,5540,0,201.23,199.90,1376255,1970175,2527231,3805183,89260031,586240,200278015,3674467.49,13199120.52,5540,10,10,10,0,0,0,0,0,0,2011135,3008511,5378047,2025913.60,200
1781849978,0,5740,0,201.19,200.04,1374207,1970175,2531327,3815423,78315519,586240,200278015,3630955.97,12974609.29,5740,10,10,10,0,0,0,0,0,0,1930239,6057983,11255807,2425687.04,200
1781849979,0,5940,0,201.15,200.02,1374207,1970175,2531327,3825663,73531391,586240,200278015,3588851.20,12762130.69,5940,10,10,10,0,0,0,0,0,0,1995775,3928063,11345919,2380444.16,200
1781849980,0,6140,0,201.11,199.88,1374207,1965055,2525183,3825663,69533695,586240,200278015,3546405.27,12561171.07,6140,10,10,10,0,0,0,0,0,0,1855487,3004415,12591103,2285761.28,200
1781849981,0,6340,0,201.08,200.09,1385471,1972223,2525183,3854335,68091903,586240,200278015,3512304.49,12366105.67,6340,10,10,10,0,0,0,0,0,0,2187263,4849663,9904127,2465410.56,200
1781849982,0,6540,0,201.04,199.91,1387519,1970175,2519039,3805183,65011711,586240,200278015,3463111.40,12179162.36,6540,10,10,10,0,0,0,0,0,0,1929215,2891775,3289087,1903690.24,200
1781849983,0,6740,0,201.01,200.06,1381375,1967103,2506751,3753983,64946175,586240,200278015,3413639.56,12000914.51,6740,10,10,10,0,0,0,0,0,0,1851391,2861055,3047423,1795910.40,200
1781849984,0,6940,0,200.98,199.93,1376255,1960959,2498559,3721215,60948479,586240,200278015,3367114.00,11830340.46,6940,10,10,10,0,0,0,0,0,0,1689599,2924543,3444735,1799202.56,200
1781849985,0,7140,0,200.96,200.19,1370111,1955839,2494463,3692543,60751871,586240,200278015,3324845.32,11666847.72,7140,10,10,10,0,0,0,0,0,0,1668095,3172351,3987455,1858122.24,200
1781849986,0,7340,0,200.93,199.96,1372159,1958911,2498559,3680255,58556415,586240,200278015,3291058.78,11509366.08,7340,10,10,10,0,0,0,0,0,0,2076671,3319807,4255743,2084879.36,200
1781849987,0,7540,0,200.90,199.87,1367039,1953791,2492415,3667967,55410687,586240,200278015,3252835.89,11358603.08,7540,10,10,10,0,0,0,0,0,0,1820671,2992127,3874815,1850055.68,200
1781849988,0,7740,0,200.88,200.13,1368063,1951743,2484223,3653631,54820863,586240,200278015,3217610.78,11213518.83,7740,10,10,10,0,0,0,0,0,0,1828863,3092479,3868671,1889624.32,200
1781849989,0,7940,0,200.86,200.01,1370111,1953791,2486271,3653631,54558719,586240,200278015,3218292.49,11109229.37,7940,10,10,10,0,0,0,0,0,0,2051071,3051519,31719423,3244674.56,200
1781849990,0,8140,0,200.84,199.89,1371135,1951743,2480127,3645439,53903359,586240,200278015,3185698.53,10974320.67,8140,10,10,10,0,0,0,0,0,0,1844223,2963455,3856383,1891718.40,200
1781849991,0,8340,0,200.82,199.96,1366015,1950719,2476031,3645439,53247999,586240,200278015,3155799.82,10844790.38,8340,10,10,10,0,0,0,0,0,0,1763327,3389439,5599231,1938922.24,200
1781849992,0,8540,0,200.80,200.14,1358847,1946623,2476031,3616767,48037887,586240,200278015,3125192.48,10719492.57,8540,10,10,10,0,0,0,0,0,0,1731583,3180543,3313663,1848866.56,200
1781849993,0,8740,0,200.78,199.99,1361919,1947647,2473983,3592191,31752191,586240,200278015,3098060.13,10598060.19,8740,10,10,10,0,0,0,0,0,0,1961983,2936831,3526655,1939508.48,200
1781849994,0,8940,0,200.76,199.86,1358847,1943551,2471935,3575807,31719423,586240,200278015,3070699.96,10481051.99,8940,10,10,10,0,0,0,0,0,0,1862655,3047423,4210687,1875060.48,200
1781849995,0,9140,0,200.75,200.16,1354751,1938431,2467839,3565567,26968063,586240,200278015,3041555.63,10368015.17,9140,10,10,10,0,0,0,0,0,0,1708031,2910207,3270655,1738804.48,200
1781849996,0,9340,0,200.73,199.90,1355775,1934335,2463743,3561471,26902527,586240,200278015,3016679.66,10258299.02,9340,10,10,10,0,0,0,0,0,0,1826815,2945023,4255743,1879847.68,200
1781849997,0,9540,0,200.72,200.09,1353727,1932287,2459647,3534847,26836991,586240,200278015,2991454.78,10152113.14,9540,10,10,10,0,0,0,0,0,0,1786879,2865151,3133439,1813452.80,200
1781849998,0,9740,0,200.70,199.85,1351679,1930239,2457599,3526655,26476543,586240,200278015,2968268.75,10049243.96,9740,10,10,10,0,0,0,0,0,0,1771519,3254271,4036607,1862295.04,200
1781849999,0,9940,0,200.69,200.14,1349631,1925119,2451455,3510271,26411007,586240,200278015,2944705.73,9949431.49,9940,10,10,10,0,0,0,0,0,0,1761279,2945023,3469311,1797186.56,200
1781850000,0,10140,0,200.67,199.97,1344511,1923071,2445311,3491839,24444927,586240,200278015,2920332.19,9852748.04,10140,10,10,10,0,0,0,0,0,0,1814527,2695167,3020799,1708967.68,200
1781850001,0,10340,0,200.66,199.99,1342463,1919999,2439167,3469311,24248319,586240,200278015,2896897.06,9758715.02,10340,10,10,10,0,0,0,0,0,0,1757183,2469887,2666495,1708736.00,200
1781850002,0,10540,0,200.64,199.89,1338367,1915903,2433023,3444735,23937023,586240,200278015,2874796.11,9667382.93,10540,10,10,10,0,0,0,0,0,0,1727487,2877439,3092479,1732176.64,200
1781850003,0,10740,0,200.63,200.08,1334271,1911807,2426879,3430399,23773183,586240,200278015,2852624.23,9578706.69,10740,10,10,10,0,0,0,0,0,0,1673215,2725887,3276799,1684166.40,200
1781850004,0,10940,0,200.62,199.96,1331199,1910783,2424831,3416063,19120127,586240,200278015,2833644.98,9492233.66,10940,10,10,10,0,0,0,0,0,0,1859583,2930687,3958783,1814458.88,200
1781850005,0,11140,0,200.61,200.13,1330175,1906687,2420735,3407871,18956287,586240,200278015,2814719.33,9408094.42,11140,10,10,10,0,0,0,0,0,0,1799167,2756607,3647487,1779486.72,200
1781850006,0,11340,0,200.60,199.94,1327103,1904639,2416639,3399679,12779519,586240,200278015,2796192.44,9326217.89,11340,10,10,10,0,0,0,0,0,0,1781759,2859007,3547135,1764244.48,200
1781850007,0,11540,0,200.59,199.93,1318911,1900543,2410495,3385343,12664831,586240,200278015,2775639.69,9246702.67,11540,10,10,10,0,0,0,0,0,0,1531903,2549759,2805759,1610298.88,200
1781850008,0,11740,0,200.58,199.98,1318911,1900543,2412543,3381247,12247039,586240,200278015,2760923.04,9168845.64,11740,10,10,10,0,0,0,0,0,0,1896447,3184639,4114431,1911772.16,200
1781850009,0,11940,0,200.57,200.17,1315839,1897471,2410495,3362815,11763711,586240,200278015,2743790.83,9093063.02,11940,10,10,10,0,0,0,0,0,0,1778687,2725887,3063807,1738129.92,200
1781850010,0,12160,0,200.89,220.02,1318911,1901567,2416639,3401727,11706367,586240,200278015,2736001.89,9011724.59,12160,10,10,10,0,0,0,0,0,0,2115583,4292607,5537791,2313275.35,220
1781850011,0,12360,0,200.88,199.87,1316863,1900543,2414591,3407871,11583487,586240,200278015,2722159.02,8940061.89,12360,10,10,10,0,0,0,0,0,0,1652735,3620863,6311935,1880512.00,200
1781850012,0,12560,0,200.86,200.09,1315839,1897471,2408447,3399679,11345919,586240,200278015,2706648.30,8869783.54,12560,10,10,10,0,0,0,0,0,0,1740799,2701311,3598335,1748085.76,200
1781850013,0,12760,0,200.85,199.85,1313791,1896447,2406399,3387391,11263999,586240,200278015,2691807.60,8801226.40,12760,10,10,10,0,0,0,0,0,0,1627135,2945023,3309567,1759811.84,200
1781850014,0,12960,0,200.84,200.06,1309695,1890303,2402303,3375103,11255807,586240,200278015,2675511.35,8734342.94,12960,10,10,10,0,0,0,0,0,0,1570815,2732031,2949119,1635810.56,200
1781850015,0,13160,0,200.82,200.06,1308671,1886207,2400255,3360767,11214847,586240,200278015,2661187.91,8668832.70,13160,10,10,10,0,0,0,0,0,0,1710079,2809855,3278847,1733029.12,200
1781850016,0,13360,0,200.81,199.92,1306623,1886207,2400255,3371007,11132927,586240,200278015,2651482.21,8605056.84,13360,10,10,10,0,0,0,0,0,0,1844223,4853759,5296127,2012847.36,200
1781850017,0,13560,0,200.80,200.08,1303551,1882111,2398207,3383295,11075583,586240,200278015,2641607.00,8543489.39,13560,10,10,10,0,0,0,0,0,0,1643519,5906431,7081983,1981943.04,200
1781850018,0,13760,0,200.79,199.97,1303551,1881087,2394111,3368959,10944511,586240,200278015,2629276.61,8482115.39,13760,10,10,10,0,0,0,0,0,0,1842175,2912255,3178495,1793276.16,200
1781850019,0,13960,0,200.78,200.05,1303551,1881087,2392063,3362815,10600447,586240,200278015,2618552.04,8422044.62,13960,10,10,10,0,0,0,0,0,0,1890303,3260415,4222975,1880701.44,200
1781850020,0,14160,0,200.77,199.99,1301503,1879039,2392063,3360767,10559487,586240,200278015,2606564.74,8363447.56,14160,10,10,10,0,0,0,0,0,0,1670143,3000319,3950591,1769850.88,200
1781850021,0,14360,0,200.75,199.94,1299455,1878015,2390015,3354623,10387455,586240,200278015,2597411.90,8306470.24,14360,10,10,10,0,0,0,0,0,0,1781759,3057663,7499775,1949391.36,200
1781850022,0,14560,0,200.74,199.95,1299455,1879039,2392063,3360767,10821631,586240,200278015,2594878.51,8253825.49,14560,10,10,10,0,0,0,0,0,0,1925119,5844991,12894207,2412980.48,200
1781850023,0,14760,0,200.73,200.12,1298431,1879039,2390015,3352575,10813439,586240,200278015,2584262.05,8198553.62,14760,10,10,10,0,0,0,0,0,0,1886207,2744319,3145727,1811384.32,200
1781850024,0,14960,0,200.72,199.92,1298431,1876991,2387967,3346431,10600447,586240,200278015,2573912.08,8144402.15,14960,10,10,10,0,0,0,0,0,0,1772543,2994175,3516415,1810083.84,200
1781850025,0,15160,0,200.71,200.09,1297407,1874943,2385919,3338239,10559487,586240,200278015,2563144.87,8091380.62,15160,10,10,10,0,0,0,0,0,0,1688575,2863103,3268607,1757757.44,200
1781850026,0,15360,0,200.70,199.85,1297407,1872895,2383871,3340287,10387455,586240,200278015,2553652.00,8039355.69,15360,10,10,10,0,0,0,0,0,0,1754111,3358719,3872767,1834092.80,200
1781850027,0,15560,0,200.69,200.04,1297407,1871871,2381823,3325951,10051583,586240,200278015,2544192.16,7988266.96,15560,10,10,10,0,0,0,0,0,0,1803263,2879487,3049471,1817676.80,200
1781850028,0,15760,0,200.69,200.14,1295359,1870847,2381823,3325951,9920511,586240,200278015,2536254.96,7938612.93,15760,10,10,10,0,0,0,0,0,0,1826815,3272703,6696959,1918740.48,200
1781850029,0,15960,0,200.68,199.86,1293311,1869823,2381823,3325951,9838591,586240,200278015,2528833.54,7890278.91,15960,10,10,10,0,0,0,0,0,0,1675263,3198975,7147519,1944025.60,200
1781850030,0,16160,0,200.67,199.97,1291263,1868799,2381823,3334143,9732095,586240,200278015,2524862.99,7844109.25,16160,10,10,10,0,0,0,0,0,0,1846271,6537215,9502719,2208012.80,200
1781850031,0,16360,0,200.66,200.14,1290239,1868799,2381823,3321855,9715711,586240,200278015,2516437.41,7796706.20,16360,10,10,10,0,0,0,0,0,0,1863679,2910207,3155967,1835650.56,200
1781850032,0,16560,0,200.65,199.97,1291263,1868799,2381823,3319807,9633791,586240,200278015,2509165.33,7750230.10,16560,10,10,10,0,0,0,0,0,0,1838079,3063807,4255743,1914309.12,200
1781850033,0,16760,0,200.65,200.00,1291263,1870847,2383871,3325951,9592831,586240,200278015,2504675.82,7704695.56,16760,10,10,10,0,0,0,0,0,0,2055167,3973119,5349375,2132944.64,200
1781850034,0,16960,0,200.64,199.95,1291263,1869823,2379775,3319807,9560063,586240,200278015,2496084.00,7659816.86,16960,10,10,10,0,0,0,0,0,0,1797119,2912255,3137535,1776089.60,200
1781850035,0,17160,0,200.63,199.94,1291263,1869823,2379775,3317759,9502719,586240,200278015,2488976.86,7615727.56,17160,10,10,10,0,0,0,0,0,0,1846271,3076095,3756031,1886291.20,200
1781850036,0,17360,0,200.62,200.06,1291263,1868799,2379775,3319807,9478143,586240,200278015,2484014.50,7572865.47,17360,10,10,10,0,0,0,0,0,0,1758207,4210687,6725631,2058243.84,200
1781850037,0,17560,0,200.62,200.08,1290239,1867775,2377727,3313663,9445375,586240,200278015,2475816.41,7530316.29,17560,10,10,10,0,0,0,0,0,0,1734655,2914303,3254271,1764222.72,200
1781850038,0,17760,0,200.61,199.96,1290239,1867775,2375679,3307519,9273343,586240,200278015,2468523.11,7488397.78,17760,10,10,10,0,0,0,0,0,0,1870847,2893823,3241983,1828171.52,200
1781850039,0,17960,0,200.60,199.94,1290239,1868799,2373631,3299327,9158655,586240,200278015,2461460.47,7447197.00,17960,10,10,10,0,0,0,0,0,0,1896447,2738175,3059711,1834297.60,200
1781850040,0,18160,0,200.60,200.10,1291263,1868799,2375679,3299327,8388607,586240,200278015,2455644.90,7406712.34,18160,10,10,10,0,0,0,0,0,0,1928191,3334143,4040703,1933406.72,200
1781850041,0,18360,0,200.59,199.98,1291263,1868799,2373631,3295231,8314879,586240,200278015,2449099.71,7366796.23,18360,10,10,10,0,0,0,0,0,0,1952767,2846719,3086335,1854796.80,200
1781850042,0,18560,0,200.58,199.92,1291263,1869823,2375679,3297279,7991295,586240,200278015,2445033.79,7327725.50,18560,10,10,10,0,0,0,0,0,0,1933311,3493887,5107711,2071782.40,200
1781850043,0,18760,0,200.58,200.04,1291263,1871871,2375679,3297279,9273343,586240,200278015,2448402.16,7299389.15,18760,10,10,10,0,0,0,0,0,0,2067455,3332095,22642687,2760986.88,200
1781850044,0,18960,0,200.57,199.94,1291263,1872895,2375679,3299327,9158655,586240,200278015,2444139.69,7261748.41,18960,10,10,10,0,0,0,0,0,0,1973247,3588095,5980159,2044320.00,200
1781850045,0,19160,0,200.56,199.96,1291263,1872895,2373631,3295231,8388607,586240,200278015,2437404.81,7224346.02,19160,10,10,10,0,0,0,0,0,0,1822719,2897919,3112959,1798937.60,200
1781850046,0,19360,0,200.56,199.99,1291263,1871871,2373631,3287039,8314879,586240,200278015,2431272.83,7187585.22,19360,10,10,10,0,0,0,0,0,0,1836031,3135487,3368959,1843829.76,200
1781850047,0,19560,0,200.55,200.17,1290239,1869823,2373631,3280895,7991295,586240,200278015,2424380.91,7151380.15,19560,10,10,10,0,0,0,0,0,0,1702911,2850815,3162111,1757242.88,200
1781850048,0,19760,0,200.55,199.88,1289215,1869823,2373631,3278847,7970815,586240,200278015,2418116.08,7115768.11,19760,10,10,10,0,0,0,0,0,0,1692671,3104767,3768319,1805415.68,200
1781850049,0,19960,0,200.54,199.96,1289215,1868799,2371583,3274751,7581695,586240,200278015,2411722.04,7080568.23,19960,10,10,10,0,0,0,0,0,0,1730559,2775039,3133439,1779991.04,200
1781850050,0,20160,0,200.54,200.10,1287167,1866751,2369535,3268607,7487487,586240,200278015,2404699.99,7046002.30,20160,10,10,10,0,0,0,0,0,0,1725439,2809855,3168255,1703898.88,200
1781850051,0,20360,0,200.53,199.96,1286143,1865727,2369535,3268607,7417855,586240,200278015,2399092.65,7011933.97,20360,10,10,10,0,0,0,0,0,0,1701887,3213311,3403775,1833872.64,200
1781850052,0,20560,0,200.53,200.08,1285119,1863679,2369535,3268607,7360511,586240,200278015,2393602.86,6978565.44,20560,10,10,10,0,0,0,0,0,0,1693695,3454975,5562367,1834743.04,200
1781850053,0,20760,0,200.52,199.90,1284095,1862655,2367487,3260415,7184383,586240,200278015,2387417.67,6945434.82,20760,10,10,10,0,0,0,0,0,0,1731583,2768895,3237887,1751580.16,200
1781850054,0,20960,0,200.52,199.98,1283071,1861631,2365439,3258367,7147519,586240,200278015,2381384.27,6912821.64,20960,10,10,10,0,0,0,0,0,0,1755135,2772991,3616767,1755116.80,200
1781850055,0,21160,0,200.51,200.00,1282047,1860607,2363391,3252223,7081983,586240,200278015,2374653.71,6880647.41,21160,10,10,10,0,0,0,0,0,0,1711103,2652159,2801663,1669291.52,200
1781850056,0,21360,0,200.51,200.02,1281023,1857535,2361343,3250175,7036927,586240,200278015,2368315.58,6848911.30,21360,10,10,10,0,0,0,0,0,0,1704959,2633727,3024895,1697740.80,200
1781850057,0,21560,0,200.50,200.10,1279999,1856511,2359295,3241983,7012351,586240,200278015,2362105.48,6817647.48,21560,10,10,10,0,0,0,0,0,0,1687551,2871295,3543039,1698867.20,200
1781850058,0,21760,0,200.50,199.84,1278975,1856511,2357247,3235839,7008255,586240,200278015,2356911.52,6786756.25,21760,10,10,10,0,0,0,0,0,0,1871871,2779135,3102719,1797002.24,200
1781850059,0,21960,0,200.49,200.18,1278975,1856511,2357247,3233791,6983679,586240,200278015,2351939.24,6756360.31,21960,10,10,10,0,0,0,0,0,0,1780735,2799615,5005311,1810955.52,200
1781850060,0,22160,0,200.49,199.82,1278975,1855487,2357247,3231743,6946815,586240,200278015,2346966.97,6726332.77,22160,10,10,10,0,0,0,0,0,0,1809407,2863103,3465215,1801011.20,200
1781850061,0,22360,0,200.48,200.02,1275903,1854463,2355199,3227647,6938623,586240,200278015,2341180.93,6696761.61,22360,10,10,10,0,0,0,0,0,0,1637375,2742271,3092479,1700088.32,200
1781850062,0,22560,0,200.48,199.99,1275903,1855487,2355199,3227647,6905855,586240,200278015,2337101.78,6667459.28,22560,10,10,10,0,0,0,0,0,0,1857535,2969599,3583999,1881052.16,200
1781850063,0,22760,0,200.48,200.16,1275903,1854463,2355199,3227647,6905855,586240,200278015,2332936.82,6638663.55,22760,10,10,10,0,0,0,0,0,0,1807359,3137535,4980735,1863129.60,200
1781850064,0,22960,0,200.47,199.92,1273855,1853439,2353151,3223551,6840319,586240,200278015,2327309.56,6610282.88,22960,10,10,10,0,0,0,0,0,0,1623039,2873343,4009983,1686927.36,200
1781850065,0,23160,0,200.47,200.10,1270783,1851391,2351103,3225599,6946815,586240,200278015,2324802.95,6584208.16,23160,10,10,10,0,0,0,0,0,0,1676287,3463167,10010623,2037044.48,200
1781850066,0,23360,0,200.46,199.93,1270783,1851391,2353151,3223551,6938623,586240,200278015,2321282.84,6556391.81,23360,10,10,10,0,0,0,0,0,0,1950719,3037183,3262463,1913653.76,200
1781850067,0,23560,0,200.46,199.88,1269759,1851391,2351103,3217407,6905855,586240,200278015,2316640.62,6528944.98,23560,10,10,10,0,0,0,0,0,0,1829887,2666495,3166207,1774429.44,200
1781850068,0,23760,0,200.45,200.01,1267711,1850367,2351103,3215359,6905855,586240,200278015,2311928.34,6501948.39,23760,10,10,10,0,0,0,0,0,0,1739775,2809855,4481023,1756821.76,200
1781850069,0,23960,0,200.45,200.17,1266687,1850367,2351103,3215359,6905855,586240,200278015,2309322.57,6475771.72,23960,10,10,10,0,0,0,0,0,0,1827839,3174399,7118847,1999756.80,200
1781850070,0,24370,0,202.19,409.98,1265663,1848319,2355199,3252223,7008255,551936,200278015,2316551.53,6436046.26,24370,10,10,10,0,0,0,0,0,0,1761279,5947391,21741567,2739005.19,410
1781850071,0,24870,0,204.64,500.02,1253375,1837055,2349055,3256319,6946815,363520,200278015,2299475.06,6373212.79,24870,10,10,10,0,0,0,0,0,0,1265663,3289087,3950591,1467168.00,500
1781850072,0,25370,0,207.05,499.85,1238015,1825791,2344959,3270655,7118847,363520,200278015,2287618.41,6315770.10,25370,10,10,10,0,0,0,0,0,0,1150975,5119999,10199039,1697868.54,500
1781850073,0,25870,0,209.42,500.19,1225727,1814527,2336767,3260415,7036927,363520,200278015,2269073.75,6256417.79,25870,10,10,10,0,0,0,0,0,0,1231871,2478079,3287039,1328117.50,500
1781850074,0,26370,0,211.76,499.91,1210367,1800191,2328575,3252223,7008255,363264,200278015,2250432.46,6198972.73,26370,10,10,10,0,0,0,0,0,0,1186815,2664447,3932159,1285932.29,500
1781850075,0,26870,0,214.05,499.89,1200127,1786879,2322431,3252223,6938623,363264,200278015,2233687.03,6143271.54,26870,10,10,10,0,0,0,0,0,0,1176575,2887679,4382719,1350532.86,500
1781850076,0,27370,0,216.31,500.22,1189887,1773567,2314239,3248127,6897663,363264,200278015,2217270.98,6088770.74,27370,10,10,10,0,0,0,0,0,0,1201151,2650111,3727359,1335072.51,500
1781850077,0,27870,0,218.54,499.67,1182719,1759231,2308095,3241983,6938623,363264,200278015,2208545.44,6045840.35,27870,10,10,10,0,0,0,0,0,0,1238015,2953215,19578879,1730909.18,500
1781850078,0,28370,0,220.73,499.87,1172479,1748991,2299903,3239935,6938623,363264,200278015,2194033.66,5995107.19,28370,10,10,10,0,0,0,0,0,0,1162239,2914303,4653055,1385147.14,500
1781850079,0,28870,0,222.88,500.40,1166335,1739775,2291711,3233791,6897663,363264,200278015,2180527.00,5944482.79,28870,10,10,10,0,0,0,0,0,0,1295359,2877439,3586047,1414159.10,500
1781850080,0,29370,0,225.00,499.57,1158143,1727487,2285567,3233791,6799359,363264,200278015,2166208.55,5895602.58,29370,10,10,10,0,0,0,0,0,0,1175551,3397631,4673535,1339461.38,500
1781850081,0,29870,0,227.10,500.32,1151999,1717247,2279423,3235839,6897663,363264,200278015,2156346.03,5850878.75,29870,10,10,10,0,0,0,0,0,0,1239039,3235839,12574719,1577021.70,500
1781850082,0,30370,0,229.16,500.06,1143807,1705983,2271231,3227647,6799359,363264,200278015,2141844.07,5804102.10,30370,10,10,10,0,0,0,0,0,0,1170431,2420735,3051519,1275497.22,500
1781850083,0,30870,0,231.18,499.69,1136639,1693695,2265087,3219455,6696959,363264,200278015,2128520.89,5758366.52,30870,10,10,10,0,0,0,0,0,0,1259519,2433023,3438591,1319270.66,500
1781850084,0,31370,0,233.18,499.97,1129471,1682431,2258943,3211263,6586367,363264,200278015,2114641.71,5713831.24,31370,10,10,10,0,0,0,0,0,0,1136639,2516991,3205119,1257741.31,500
1781850085,0,31870,0,235.15,500.21,1124351,1675263,2252799,3209215,6520831,363264,200278015,2103910.64,5670213.16,31870,10,10,10,0,0,0,0,0,0,1320959,2875391,3524607,1430643.46,500
1781850086,0,32370,0,237.09,500.00,1119231,1665023,2248703,3209215,6586367,363264,200278015,2094475.59,5629254.30,32370,10,10,10,0,0,0,0,0,0,1204223,2963455,8200191,1493084.93,500
1781850087,0,32870,0,239.00,500.21,1113087,1653759,2240511,3203071,6520831,363264,200278015,2081623.66,5587697.93,32870,10,10,10,0,0,0,0,0,0,1156095,2271231,3504127,1249590.02,500
1781850088,0,33370,0,240.89,499.94,1106943,1643519,2232319,3198975,6479871,358656,200278015,2070095.55,5547342.22,33370,10,10,10,0,0,0,0,0,0,1197055,2396159,4624383,1312237.82,500
1781850089,0,33870,0,242.74,499.63,1101823,1630207,2226175,3198975,6397951,358656,200278015,2058522.45,5507613.19,33870,10,10,10,0,0,0,0,0,0,1163263,2521087,3538943,1286133.76,500
1781850090,0,34370,0,244.57,500.17,1096703,1622015,2220031,3194879,6328319,358656,200278015,2047841.36,5468880.52,34370,10,10,10,0,0,0,0,0,0,1170431,2750463,4378623,1324304.13,500
1781850091,0,34870,0,246.38,500.05,1091583,1611775,2213887,3186687,6287359,358656,200278015,2037196.13,5431087.48,34870,10,10,10,0,0,0,0,0,0,1192959,2594815,4861951,1305443.07,500
1781850092,0,35370,0,248.16,500.14,1088511,1602559,2209791,3180543,6201343,358656,200278015,2027593.42,5393821.73,35370,10,10,10,0,0,0,0,0,0,1229823,2697215,3985407,1357900.54,500
1781850093,0,35870,0,249.91,499.98,1083391,1594367,2203647,3176447,6103039,358656,200278015,2016968.29,5357371.98,35870,10,10,10,0,0,0,0,0,0,1144831,2349055,3889151,1265346.05,500
1781850094,0,36370,0,251.64,500.00,1080319,1588223,2197503,3172351,6062079,358656,200278015,2008028.50,5321504.82,36370,10,10,10,0,0,0,0,0,0,1223679,2803711,3364863,1366688.26,500
1781850095,0,36870,0,253.35,499.65,1075199,1581055,2193407,3172351,6086655,358656,200278015,2000099.42,5287171.38,36870,10,10,10,0,0,0,0,0,0,1160191,3221503,7254015,1423337.98,500
1781850096,0,37370,0,255.03,500.47,1070079,1571839,2189311,3172351,6057983,358656,200278015,1991059.11,5253223.46,37370,10,10,10,0,0,0,0,0,0,1120255,3166207,5046271,1324426.75,500
1781850097,0,37870,0,256.69,499.55,1065983,1563647,2183167,3166207,6021119,358656,200278015,1981443.71,5219688.82,37870,10,10,10,0,0,0,0,0,0,1161215,2678783,4231167,1262789.12,500
1781850098,0,38370,0,258.33,500.02,1059839,1555455,2174975,3162111,5980159,358656,200278015,1971139.45,5186780.45,38370,10,10,10,0,0,0,0,0,0,1056767,2369535,3362815,1190694.66,500
1781850099,0,38870,0,259.95,500.28,1056767,1548287,2170879,3160063,6008831,340224,200278015,1963910.10,5155285.16,38870,10,10,10,0,0,0,0,0,0,1220607,2619391,8015871,1409129.22,500
1781850100,0,39370,0,261.54,500.10,1055743,1544191,2166783,3168255,6049791,340224,200278015,1963882.89,5134774.41,39370,10,10,10,0,0,0,0,0,0,1292287,4276223,22970367,1961767.68,500
1781850101,0,39870,0,263.12,499.65,1053695,1535999,2162687,3166207,6008831,340224,200278015,1956302.35,5103634.29,39870,10,10,10,0,0,0,0,0,0,1234943,2904063,4534271,1359411.20,500
1781850102,0,40370,0,264.67,500.21,1049599,1527807,2156543,3166207,5963775,340224,200278015,1947751.42,5073111.75,40370,10,10,10,0,0,0,0,0,0,1148927,2265087,4685823,1265900.29,500
1781850103,0,40870,0,266.20,499.71,1048063,1523711,2152447,3166207,5906431,340224,200278015,1941799.03,5043043.65,40870,10,10,10,0,0,0,0,0,0,1267711,3258367,4513791,1461202.43,500
1781850104,0,41370,0,267.71,500.04,1046015,1518591,2146303,3166207,6008831,340224,200278015,1935993.45,5014662.48,41370,10,10,10,0,0,0,0,0,0,1219583,3102719,8208383,1461445.63,500
1781850105,0,41870,0,269.21,500.15,1042431,1512447,2140159,3162111,5963775,340224,200278015,1928295.39,4985654.52,41870,10,10,10,0,0,0,0,0,0,1176575,2445311,3686399,1291357.70,500
1781850106,0,42370,0,270.68,499.95,1037823,1505279,2136063,3162111,5906431,340224,200278015,1921179.66,4957300.53,42370,10,10,10,0,0,0,0,0,0,1137663,2801663,4366335,1325308.93,500
1781850107,0,42870,0,272.14,499.92,1035775,1500159,2131967,3164159,5844991,340224,200278015,1915532.59,4929410.99,42870,10,10,10,0,0,0,0,0,0,1218559,3229695,4171775,1436999.17,500
1781850108,0,43370,0,273.58,500.19,1033727,1496063,2127871,3164159,5787647,340224,200278015,1910083.46,4901984.77,43370,10,10,10,0,0,0,0,0,0,1245183,3182591,4276223,1442875.39,500
1781850109,0,43870,0,274.99,499.88,1031679,1491967,2125823,3168255,5820415,340224,200278015,1906311.34,4875822.54,43870,10,10,10,0,0,0,0,0,0,1225727,4014079,7237631,1579117.82,500
1781850110,0,44370,0,276.40,500.36,1030143,1488895,2121727,3172351,5865471,340224,200278015,1902343.67,4849767.17,44370,10,10,10,0,0,0,0,0,0,1318911,3440639,6324223,1554220.03,500
1781850111,0,44870,0,277.78,499.81,1027583,1484799,2117631,3166207,5820415,340224,200278015,1895677.44,4823545.33,44870,10,10,10,0,0,0,0,0,0,1243135,2641919,3375103,1304116.22,500
1781850112,0,45370,0,279.15,500.06,1025535,1480703,2113535,3166207,5795839,340224,200278015,1889618.37,4797956.77,45370,10,10,10,0,0,0,0,0,0,1206271,2863103,4179967,1345878.02,500
1781850113,0,45870,0,280.50,500.03,1021951,1475583,2107391,3166207,5844991,340224,200278015,1884997.11,4774482.57,45870,10,10,10,0,0,0,0,0,0,1119231,3201023,10657791,1465664.00,500
1781850114,0,46370,0,281.83,499.74,1020415,1469439,2103295,3166207,5795839,340224,200278015,1879348.65,4749586.51,46370,10,10,10,0,0,0,0,0,0,1186815,3028991,3827711,1361158.91,500
1781850115,0,46870,0,283.15,499.93,1017855,1463295,2095103,3164159,5758975,340224,200278015,1872246.68,4725175.56,46870,10,10,10,0,0,0,0,0,0,1097727,2349055,3604479,1213609.98,500
1781850116,0,47370,0,284.45,500.05,1014783,1459199,2089983,3160063,5738495,340224,200278015,1865943.77,4701128.98,47370,10,10,10,0,0,0,0,0,0,1135615,2564095,4464639,1275108.61,500
1781850117,0,47867,0,285.72,497.32,1010687,1453055,2082815,3151871,5652479,340224,200278015,1858542.55,4677533.03,47867,10,10,10,0,0,0,0,0,0,1056767,2121727,3110911,1153118.00,497
1781850118,0,48370,0,287.01,502.67,1009151,1448959,2078719,3149823,5652479,340224,200278015,1853726.68,4654274.12,48370,10,10,10,0,0,0,0,0,0,1172479,3016703,5644287,1395434.37,503
1781850119,0,48870,0,288.27,500.26,1006591,1444863,2074623,3147775,5615615,340224,200278015,1848305.67,4631366.64,48870,10,10,10,0,0,0,0,0,0,1164287,2488319,4714495,1323876.61,500
1781850120,0,49370,0,289.51,499.88,1003519,1439743,2071551,3143679,5595135,340224,200278015,1842079.48,4608689.79,49370,10,10,10,0,0,0,0,0,0,1100799,2621439,3407871,1233532.16,500
1781850121,0,49870,0,290.74,499.99,1002495,1435647,2064383,3137535,5570559,340224,200278015,1835949.81,4586187.57,49870,10,10,10,0,0,0,0,0,0,1198079,1969151,2789375,1230705.92,500
1781850122,0,50370,0,291.95,500.00,1001983,1432575,2060287,3133439,5550079,340224,200278015,1831374.90,4564128.97,50370,10,10,10,0,0,0,0,0,0,1214463,2832383,4026367,1375073.28,500
1781850123,0,50870,0,293.15,500.05,999935,1428479,2055167,3137535,5570559,340224,200278015,1828123.18,4543954.27,50870,10,10,10,0,0,0,0,0,0,1162239,3784703,9486335,1500545.02,500
1781850124,0,51370,0,294.33,500.02,997887,1423359,2049023,3131391,5550079,340224,200278015,1821902.69,4522540.65,51370,10,10,10,0,0,0,0,0,0,1141759,2256895,3383295,1189030.14,500
1781850125,0,51870,0,295.50,499.90,996863,1419263,2042879,3123199,5529599,340224,200278015,1816364.87,4501433.12,51870,10,10,10,0,0,0,0,0,0,1190911,2224127,4038655,1247409.66,500
1781850126,0,52370,0,296.66,499.94,995327,1417215,2037759,3123199,5525503,340224,200278015,1811987.06,4480899.31,52370,10,10,10,0,0,0,0,0,0,1185791,3006463,4771839,1357832.96,500
1781850127,0,52870,0,297.81,500.05,993791,1413119,2032639,3119103,5488639,340224,200278015,1806909.32,4460410.70,52870,10,10,10,0,0,0,0,0,0,1201151,2449407,4435967,1275066.37,500
1781850128,0,53370,0,298.94,500.09,992255,1410047,2028543,3119103,5451775,340224,200278015,1802624.61,4440322.76,53370,10,10,10,0,0,0,0,0,0,1190911,3057663,4333567,1349559.55,500
1781850129,0,53870,0,300.06,500.08,990719,1405951,2025471,3119103,5443583,340224,200278015,1798813.57,4420704.55,53870,10,10,10,0,0,0,0,0,0,1161215,2938879,5173247,1392023.04,500
1781850130,0,54200,0,300.23,330.06,990207,1405951,2025471,3119103,5435391,340224,200278015,1797690.47,4407900.82,54200,10,10,10,0,0,0,0,0,0,1406975,3348479,5435391,1614353.07,330
1781850131,0,54400,0,299.67,199.98,990719,1406975,2025471,3119103,5431295,340224,200278015,1797177.19,4399920.00,54400,10,10,10,0,0,0,0,0,0,1676287,2478079,2930687,1658077.44,200
1781850132,0,54600,0,299.13,199.90,991231,1409023,2026495,3117055,5410815,340224,200278015,1797058.47,4392030.94,54600,10,10,10,0,0,0,0,0,0,1781759,2834431,3205119,1764768.00,200
1781850133,0,54800,0,298.59,199.98,991743,1409023,2027519,3117055,5406719,340224,200278015,1796835.82,4384208.30,54800,10,10,10,0,0,0,0,0,0,1608703,2873343,3760127,1736051.20,200
1781850134,0,55000,0,298.05,200.00,992255,1410047,2027519,3115007,5406719,340224,200278015,1796431.85,4376405.41,55000,10,10,10,0,0,0,0,0,0,1655807,2811903,3227647,1685745.92,200
1781850135,0,55200,0,297.53,200.11,992255,1411071,2028543,3112959,5406719,340224,200278015,1796742.98,4369530.26,55200,10,10,10,0,0,0,0,0,0,1729535,2848767,12287999,1882304.00,200
1781850136,0,55400,0,297.00,199.96,992767,1412095,2029567,3112959,5406719,340224,200278015,1796168.70,4361806.53,55400,10,10,10,0,0,0,0,0,0,1581055,2789375,3219455,1637666.56,200
1781850137,0,55600,0,296.49,199.94,993279,1413119,2029567,3110911,5402623,340224,200278015,1795612.85,4354092.44,55600,10,10,10,0,0,0,0,0,0,1659903,2570239,2725887,1641640.96,200
1781850138,0,55800,0,295.97,200.11,993791,1414143,2030591,3110911,5382143,340224,200278015,1795575.92,4346502.26,55800,10,10,10,0,0,0,0,0,0,1804287,3096575,3928063,1785309.44,200
1781850139,0,56000,0,295.47,199.88,994303,1415167,2032639,3110911,5394431,340224,200278015,1796177.87,4339106.67,56000,10,10,10,0,0,0,0,0,0,1856511,3256319,5943295,1964121.60,200
1781850140,0,56200,0,294.97,200.10,995327,1417215,2032639,3110911,5382143,340224,200278015,1795952.02,4331527.11,56200,10,10,10,0,0,0,0,0,0,1759231,2748415,3162111,1732714.24,200
1781850141,0,56400,0,294.47,200.01,995327,1418239,2034687,3110911,5394431,340224,200278015,1796428.25,4324352.37,56400,10,10,10,0,0,0,0,0,0,1889279,3063807,8232959,1930248.96,200
1781850142,0,56600,0,293.98,199.95,995839,1419263,2035711,3108863,5382143,340224,200278015,1796076.44,4316858.87,56600,10,10,10,0,0,0,0,0,0,1651711,2664447,3153919,1696867.84,200
1781850143,0,56800,0,293.49,200.00,996351,1419263,2036735,3108863,5378047,340224,200278015,1796097.46,4309453.46,56800,10,10,10,0,0,0,0,0,0,1808383,2961407,3266559,1802046.72,200
1781850144,0,57000,0,293.01,199.93,996351,1420287,2038783,3104767,5365759,340224,200278015,1795830.53,4302054.05,57000,10,10,10,0,0,0,0,0,0,1667071,2879487,3051519,1720020.48,200
1781850145,0,57200,0,292.54,200.00,997375,1421311,2039807,3102719,5357567,340224,200278015,1795632.51,4294676.31,57200,10,10,10,0,0,0,0,0,0,1744895,2588671,3080191,1739197.44,200
1781850146,0,57400,0,292.07,200.06,997375,1422335,2040831,3104767,5369855,340224,200278015,1796148.93,4287672.09,57400,10,10,10,0,0,0,0,0,0,1683455,3526655,5980159,1943843.84,200
1781850147,0,57600,0,291.60,199.98,997887,1423359,2042879,3104767,5394431,340224,200278015,1796556.24,4280618.74,57600,10,10,10,0,0,0,0,0,0,1787903,3172351,6049791,1913456.64,200
1781850148,0,57800,0,291.14,200.11,998911,1424383,2044927,3104767,5382143,340224,200278015,1796616.77,4273354.28,57800,10,10,10,0,0,0,0,0,0,1821695,2691071,2873343,1814046.72,200
1781850149,0,58000,0,290.68,199.96,999423,1425407,2045951,3104767,5378047,340224,200278015,1796592.19,4266193.41,58000,10,10,10,0,0,0,0,0,0,1671167,3086335,3414015,1789491.20,200
1781850150,0,58200,0,290.23,199.92,999935,1427455,2047999,3106815,5419007,340224,200278015,1797555.19,4259681.43,58200,10,10,10,0,0,0,0,0,0,1891327,5656575,7462911,2076823.04,200
1781850151,0,58400,0,289.78,200.01,999935,1427455,2049023,3108863,5410815,340224,200278015,1797622.34,4252677.30,58400,10,10,10,0,0,0,0,0,0,1736703,3678207,4218879,1817164.80,200
1781850152,0,58600,0,289.34,200.00,1000447,1429503,2051071,3108863,5435391,340224,200278015,1798394.43,4245970.77,58600,10,10,10,0,0,0,0,0,0,1913855,3229695,7032831,2023845.12,200
1781850153,0,58800,0,288.90,200.07,1001471,1430527,2051071,3106815,5431295,340224,200278015,1797999.75,4238891.67,58800,10,10,10,0,0,0,0,0,0,1684479,2603007,3078143,1682356.48,200
1781850154,0,59000,0,288.47,199.96,1001983,1431551,2053119,3106815,5443583,340224,200278015,1798767.23,4232489.09,59000,10,10,10,0,0,0,0,0,0,1821695,2985983,8781823,2024405.76,200
1781850155,0,59200,0,288.04,199.99,1001983,1432575,2054143,3104767,5435391,340224,200278015,1798821.58,4225558.37,59200,10,10,10,0,0,0,0,0,0,1795071,3033087,4108287,1814855.68,200
1781850156,0,59400,0,287.61,200.04,1002495,1433599,2055167,3102719,5431295,340224,200278015,1798729.39,4218583.77,59400,10,10,10,0,0,0,0,0,0,1772543,2904063,3078143,1771440.64,200
1781850157,0,59600,0,287.19,199.93,1003007,1433599,2055167,3102719,5414911,340224,200278015,1798475.25,4211699.55,59600,10,10,10,0,0,0,0,0,0,1733631,2793471,4481023,1722997.76,200
1781850158,0,59800,0,286.77,200.01,1003519,1435647,2057215,3100671,5410815,340224,200278015,1798482.44,4204794.51,59800,10,10,10,0,0,0,0,0,0,1757183,2934783,3346431,1800624.64,200
1781850159,0,60000,0,286.35,199.96,1004031,1437695,2057215,3100671,5406719,340224,200278015,1798562.87,4198020.78,60000,10,10,10,0,0,0,0,0,0,1769471,2967551,3817471,1822611.20,200
1781850160,0,60200,0,285.95,200.16,1004543,1438719,2059263,3104767,5476351,340224,200278015,1800880.03,4193213.04,60200,10,10,10,0,0,0,0,0,0,1873919,6443007,11689983,2496026.88,200
1781850161,0,60400,0,285.54,199.98,1005567,1439743,2060287,3108863,5476351,340224,200278015,1801739.05,4186641.04,60400,10,10,10,0,0,0,0,0,0,1943551,4239359,5218303,2060305.92,200
1781850162,0,60600,0,285.14,199.87,1006079,1440767,2062335,3108863,5455871,340224,200278015,1801590.55,4179915.41,60600,10,10,10,0,0,0,0,0,0,1661951,2887679,3377151,1756743.68,200
1781850163,0,60800,0,284.74,200.06,1006591,1441791,2064383,3108863,5476351,340224,200278015,1802149.84,4173346.41,60800,10,10,10,0,0,0,0,0,0,2002943,3086335,5775359,1971613.44,200
1781850164,0,61000,0,284.34,199.99,1007103,1442815,2064383,3106815,5455871,340224,200278015,1801653.67,4166654.61,61000,10,10,10,0,0,0,0,0,0,1631231,2697215,3160063,1650817.28,200
1781850165,0,61200,0,283.95,199.92,1008127,1443839,2064383,3106815,5447679,340224,200278015,1801652.18,4160062.82,61200,10,10,10,0,0,0,0,0,0,1619967,3172351,4116479,1801198.08,200
1781850166,0,61400,0,283.56,200.14,1009151,1445887,2066431,3104767,5443583,340224,200278015,1801978.66,4153423.78,61400,10,10,10,0,0,0,0,0,0,1908735,2830335,3158015,1901881.60,200
1781850167,0,61600,0,283.18,199.98,1009663,1446911,2067455,3104767,5435391,340224,200278015,1802104.86,4146823.82,61600,10,10,10,0,0,0,0,0,0,1856511,2822143,3364863,1840849.92,200
1781850168,0,61800,0,282.80,199.88,1009663,1446911,2068479,3104767,5435391,340224,200278015,1802040.96,4140420.99,61800,10,10,10,0,0,0,0,0,0,1606655,2902015,5431295,1782357.76,200
1781850169,0,62000,0,282.42,200.09,1010175,1448959,2069503,3104767,5431295,340224,200278015,1802330.32,4134036.56,62000,10,10,10,0,0,0,0,0,0,1770495,3182591,4984831,1891742.72,200
1781850170,0,62200,0,282.05,199.93,1011199,1449983,2071551,3104767,5419007,340224,200278015,1802869.03,4127594.57,62200,10,10,10,0,0,0,0,0,0,1977343,3153919,3889151,1969868.80,200
1781850171,0,62400,0,281.68,200.03,1011711,1451007,2071551,3104767,5410815,340224,200278015,1802624.28,4121154.94,62400,10,10,10,0,0,0,0,0,0,1713151,2879487,3465215,1726507.52,200
1781850172,0,62600,0,281.31,200.01,1011711,1452031,2072575,3104767,5406719,340224,200278015,1802604.62,4114767.84,62600,10,10,10,0,0,0,0,0,0,1781759,2971647,3399679,1796469.76,200
1781850173,0,62800,0,280.95,200.12,1012223,1452031,2072575,3102719,5406719,340224,200278015,1802209.54,4108372.65,62800,10,10,10,0,0,0,0,0,0,1669119,2840575,2965503,1678552.32,200
1781850174,0,63000,0,280.59,199.98,1012735,1453055,2074623,3100671,5402623,340224,200278015,1802582.56,4102037.39,63000,10,10,10,0,0,0,0,0,0,1983487,2967551,3964927,1919710.72,200
1781850175,0,63200,0,280.23,199.83,1013247,1454079,2074623,3098623,5390335,340224,200278015,1802283.35,4095678.17,63200,10,10,10,0,0,0,0,0,0,1639423,2639871,3041279,1708032.00,200
1781850176,0,63400,0,279.87,200.19,1013759,1455103,2075647,3098623,5378047,340224,200278015,1802036.73,4089393.35,63400,10,10,10,0,0,0,0,0,0,1687551,3010559,3524607,1724102.40,200
1781850177,0,63600,0,279.52,199.95,1014271,1455103,2075647,3098623,5369855,340224,200278015,1801544.22,4083104.24,63600,10,10,10,0,0,0,0,0,0,1575935,2770943,3088383,1645419.52,200
1781850178,0,63800,0,279.18,200.05,1014783,1457151,2075647,3096575,5365759,340224,200278015,1801668.66,4076852.61,63800,10,10,10,0,0,0,0,0,0,1858559,2834431,3465215,1841240.32,200
1781850179,0,64000,0,278.83,199.88,1014783,1458175,2077695,3096575,5353471,340224,200278015,1801767.52,4070682.71,64000,10,10,10,0,0,0,0,0,0,1882111,3028991,3348479,1833304.32,200
1781850180,0,64200,0,278.49,200.06,1015295,1458175,2077695,3094527,5349375,340224,200278015,1801465.67,4064501.94,64200,10,10,10,0,0,0,0,0,0,1629183,2822143,3512319,1704874.24,200
1781850181,0,64400,0,278.15,200.02,1015807,1459199,2079743,3096575,5332991,340224,200278015,1801991.19,4058446.04,64400,10,10,10,0,0,0,0,0,0,1974271,3411967,4435967,1970681.60,200
1781850182,0,64600,0,277.81,199.87,1016831,1461247,2080767,3096575,5332991,340224,200278015,1802170.54,4052315.73,64600,10,10,10,0,0,0,0,0,0,1815551,2949119,3450879,1859920.64,200
1781850183,0,64800,0,277.48,200.17,1017343,1462271,2081791,3094527,5316607,340224,200278015,1802449.84,4046272.23,64800,10,10,10,0,0,0,0,0,0,1937407,2859007,4419583,1892664.32,200
1781850184,0,65000,0,277.15,200.00,1017855,1462271,2081791,3092479,5316607,340224,200278015,1802219.15,4040191.04,65000,10,10,10,0,0,0,0,0,0,1729535,2611199,2830335,1727476.48,200
1781850185,0,65200,0,276.82,199.93,1018367,1464319,2082815,3092479,5316607,340224,200278015,1802206.77,4034128.27,65200,10,10,10,0,0,0,0,0,0,1881087,2646015,3317759,1798184.96,200
1781850186,0,65400,0,276.50,200.00,1018879,1464319,2084863,3092479,5316607,340224,200278015,1802315.18,4028219.01,65400,10,10,10,0,0,0,0,0,0,1766399,3172351,4423679,1837655.04,200
1781850187,0,65600,0,276.18,199.98,1018879,1465343,2084863,3090431,5312511,340224,200278015,1801950.92,4022211.94,65600,10,10,10,0,0,0,0,0,0,1670143,2684927,2902015,1682837.76,200
1781850188,0,65800,0,275.86,199.99,1019391,1466367,2084863,3088383,5304319,340224,200278015,1801697.70,4016254.27,65800,10,10,10,0,0,0,0,0,0,1665023,2795519,3491839,1718640.64,200
1781850189,0,66000,0,275.54,199.97,1019391,1467391,2085887,3086335,5296127,340224,200278015,1801366.32,4010315.32,66000,10,10,10,0,0,0,0,0,0,1697791,2678783,3010559,1692343.04,200
1781850190,0,66720,0,277.39,720.21,1017343,1466367,2088959,3123199,6049791,340224,200278015,1844215.07,4125159.87,66720,10,10,10,0,0,0,0,0,0,1369087,29097983,40730623,5772017.42,720
1781850191,0,67720,0,280.38,999.83,1008639,1456127,2079743,3115007,5996543,337408,200278015,1831959.34,4096417.89,67720,10,10,10,0,0,0,0,0,0,879615,2205695,2779135,1014257.02,1000
1781850192,0,68720,0,283.35,1000.54,1000959,1445887,2072575,3110911,5947391,337408,200278015,1821064.30,4068337.53,68720,10,10,10,0,0,0,0,0,0,929279,2490367,3743743,1083252.22,1000
1781850193,0,69720,0,286.29,999.51,992767,1434623,2064383,3106815,5971967,333312,200278015,1810529.77,4041568.49,69720,10,10,10,0,0,0,0,0,0,866303,2349055,6033407,1086596.99,1000
1781850194,0,70720,0,289.21,1000.11,983551,1425407,2055167,3098623,5906431,333312,200278015,1799059.62,4014574.56,70720,10,10,10,0,0,0,0,0,0,854527,1981439,3141631,999360.26,1000
1781850195,0,71720,0,292.10,999.95,974335,1414143,2046975,3092479,5824511,301312,200278015,1787168.16,3988288.91,71720,10,10,10,0,0,0,0,0,0,822271,1797119,3567615,946204.67,1000
1781850196,0,72720,0,294.97,999.64,967167,1405951,2036735,3082239,5763071,301312,200278015,1776880.71,3962391.62,72720,10,10,10,0,0,0,0,0,0,911359,2069503,3278847,1039064.19,1000
1781850197,0,73720,0,297.82,1000.40,959487,1395711,2027519,3074047,5726207,301312,200278015,1765753.16,3936997.85,73720,10,10,10,0,0,0,0,0,0,834047,1891327,2875391,956557.95,1000
1781850198,0,74720,0,300.65,999.58,954367,1388543,2023423,3080191,5844991,301312,200278015,1760787.83,3914894.39,74720,10,10,10,0,0,0,0,0,0,974335,4526079,9240575,1394744.06,1000
1781850199,0,75720,0,303.45,1000.04,946687,1380351,2015231,3071999,5787647,301312,200278015,1750717.19,3890626.68,75720,10,10,10,0,0,0,0,0,0,844287,2185215,3221503,998238.34,1000
1781850200,0,76720,0,306.23,999.93,940031,1373183,2010111,3074047,5836799,301312,200278015,1744032.81,3868855.13,76720,10,10,10,0,0,0,0,0,0,855039,3338239,9076735,1237891.71,1000
1781850201,0,77720,0,308.99,1000.43,932863,1362943,2002943,3067903,5775359,301312,200278015,1734163.26,3845780.04,77720,10,10,10,0,0,0,0,0,0,796159,2050047,4890623,976971.39,1000
1781850202,0,78720,0,311.73,1000.07,927231,1356799,1995775,3059711,5730303,301312,200278015,1725392.97,3822684.39,78720,10,10,10,0,0,0,0,0,0,891391,2164735,3762175,1043766.02,1000
1781850203,0,79720,0,314.44,999.51,921599,1348607,1988607,3051519,5656575,301312,200278015,1715783.71,3799968.85,79720,10,10,10,0,0,0,0,0,0,858111,1917951,2709503,959342.59,1000
1781850204,0,80720,0,317.13,1000.02,914943,1341439,1981439,3049471,5656575,301312,200278015,1708525.41,3779392.08,80720,10,10,10,0,0,0,0,0,0,839167,2465791,5459967,1129894.02,1000
1781850205,0,81720,0,319.81,1000.92,909311,1334271,1972223,3041279,5603327,301312,200278015,1699626.35,3757515.57,81720,10,10,10,0,0,0,0,0,0,866815,1915903,2732031,981294.59,1000
1781850206,0,82720,0,322.46,999.48,904191,1326079,1965055,3033087,5582847,301312,200278015,1691016.81,3736076.23,82720,10,10,10,0,0,0,0,0,0,879103,1978367,2865151,987445.25,1000
1781850207,0,83720,0,325.09,999.99,898559,1317887,1957887,3026943,5558271,301312,200278015,1682724.78,3715141.54,83720,10,10,10,0,0,0,0,0,0,848383,2258943,4222975,996808.06,1000
1781850208,0,84720,0,327.70,999.73,893439,1309695,1949695,3020799,5537791,301312,200278015,1674184.94,3694462.38,84720,10,10,10,0,0,0,0,0,0,871423,1861631,3246079,959229.57,1000
1781850209,0,85720,0,330.29,1000.33,888831,1302527,1942527,3016703,5537791,301312,200278015,1667040.50,3674634.72,85720,10,10,10,0,0,0,0,0,0,875519,2379775,4931583,1061762.94,1000
1781850210,0,86720,0,332.86,999.69,884223,1294335,1935359,3010559,5500927,301312,200278015,1658901.97,3654666.18,86720,10,10,10,0,0,0,0,0,0,844799,2063359,3477503,961267.46,1000
1781850211,0,87720,0,335.41,1000.25,879103,1287167,1927167,3006463,5451775,301312,200278015,1650742.20,3635117.50,87720,10,10,10,0,0,0,0,0,0,835583,1737727,3889151,943126.66,1000
1781850212,0,88720,0,337.94,1000.09,873983,1279999,1922047,3008511,5525503,301312,200278015,1645872.32,3619659.58,88720,10,10,10,0,0,0,0,0,0,800255,4206591,9076735,1218686.98,1000
1781850213,0,89720,0,340.45,999.91,868863,1271807,1913855,3002367,5488639,301312,200278015,1637847.49,3600687.91,89720,10,10,10,0,0,0,0,0,0,815615,1883135,3143679,925884.03,1000
1781850214,0,90720,0,342.95,999.61,863743,1263615,1905663,2996223,5447679,301312,200278015,1629664.38,3581999.26,90720,10,10,10,0,0,0,0,0,0,788479,1728511,2996223,895475.97,1000
1781850215,0,91720,0,345.42,1000.88,859647,1257471,1897471,2990079,5435391,301312,200278015,1622554.62,3563561.67,91720,10,10,10,0,0,0,0,0,0,861183,1936383,3299327,977557.25,1000
1781850216,0,92720,0,347.88,999.66,855551,1251327,1892351,2988031,5431295,301312,200278015,1617206.45,3546305.31,92720,10,10,10,0,0,0,0,0,0,847359,2740223,5218303,1126672.64,1000
1781850217,0,93720,0,350.32,1000.04,851967,1245183,1884159,2979839,5414911,301312,200278015,1610157.84,3528297.77,93720,10,10,10,0,0,0,0,0,0,863743,1879039,2390015,956610.05,1000
1781850218,0,94720,0,352.73,999.70,847871,1239039,1876991,2973695,5406719,301312,200278015,1603733.81,3510881.47,94720,10,10,10,0,0,0,0,0,0,859647,2035711,3684351,1001674.11,1000
1781850219,0,95720,0,355.14,1000.36,843775,1233919,1870847,2975743,5455871,301312,200278015,1600800.19,3499762.90,95720,10,10,10,0,0,0,0,0,0,833535,3571711,11337727,1322927.62,1000
1781850220,0,96720,0,357.52,999.42,841215,1228799,1866751,2981887,5570559,301312,200278015,1603350.99,3506361.93,96720,10,10,10,0,0,0,0,0,0,900095,5386239,23511039,1847513.22,1000
1781850221,0,97720,0,359.89,1000.58,839167,1224703,1862655,2981887,5558271,301312,200278015,1599041.36,3489910.95,97720,10,10,10,0,0,0,0,0,0,930815,3026943,5177343,1182214.14,1000
1781850222,0,98720,0,362.23,999.59,835071,1218559,1855487,2975743,5545983,301312,200278015,1592147.65,3473220.82,98720,10,10,10,0,0,0,0,0,0,797695,1908735,2680831,918494.72,1000
1781850223,0,99720,0,364.57,1000.05,830975,1213439,1849343,2977791,5562367,301312,200278015,1587522.04,3458008.35,99720,10,10,10,0,0,0,0,0,0,805375,3080191,6483967,1130881.54,1000
1781850224,0,100720,0,366.88,1000.63,826879,1206271,1842175,2971647,5558271,301312,200278015,1581064.07,3442157.29,100720,10,10,10,0,0,0,0,0,0,815103,1829887,4247551,937075.71,1000
1781850225,0,101720,0,369.18,999.75,824319,1201151,1836031,2965503,5545983,301312,200278015,1574788.12,3426185.53,101720,10,10,10,0,0,0,0,0,0,854015,1741823,3258367,942673.66,1000
1781850226,0,102720,0,371.46,999.87,822783,1197055,1828863,2961407,5521407,301312,200278015,1569987.71,3410311.09,102720,10,10,10,0,0,0,0,0,0,954879,2092031,3147775,1081690.50,1000
1781850227,0,103720,0,373.73,1000.22,820735,1192959,1823743,2955263,5484543,301312,200278015,1564383.16,3394618.44,103720,10,10,10,0,0,0,0,0,0,909823,1881087,2662399,988683.65,1000
1781850228,0,104720,0,375.97,999.97,817663,1186815,1818623,2951167,5455871,301312,200278015,1558945.38,3379551.53,104720,10,10,10,0,0,0,0,0,0,822271,2220031,3479551,994938.37,1000
1781850229,0,105720,0,378.21,999.63,814591,1182719,1813503,2949119,5459967,301312,200278015,1554341.13,3365110.92,105720,10,10,10,0,0,0,0,0,0,818175,2496511,5795839,1072184.83,1000
1781850230,0,106720,0,380.42,1000.23,812543,1178623,1807359,2945023,5443583,301312,200278015,1549561.78,3350320.87,106720,10,10,10,0,0,0,0,0,0,914943,2127871,4005887,1044288.77,1000
1781850231,0,107720,0,382.62,999.39,810495,1174527,1802239,2942975,5435391,301312,200278015,1545040.91,3335939.78,107720,10,10,10,0,0,0,0,0,0,904703,2105343,4829183,1062573.70,1000
1781850232,0,108720,0,384.81,1000.51,807935,1171455,1795071,2938879,5419007,301312,200278015,1540198.16,3321337.16,108720,10,10,10,0,0,0,0,0,0,908799,1874943,2588671,1018536.83,1000
1781850233,0,109720,0,386.98,999.82,806399,1168383,1790975,2936831,5410815,301312,200278015,1536351.47,3307206.63,109720,10,10,10,0,0,0,0,0,0,949247,2576383,4431871,1118139.39,1000
1781850234,0,110720,0,389.13,999.91,805375,1166335,1786879,2932735,5402623,301312,200278015,1532481.79,3293078.10,110720,10,10,10,0,0,0,0,0,0,960511,2312191,3549183,1107901.06,1000
1781850235,0,111720,0,391.27,1000.65,802815,1162239,1780735,2930687,5382143,301312,200278015,1527956.69,3279228.10,111720,10,10,10,0,0,0,0,0,0,906751,2024447,3880959,1026937.22,1000
1781850236,0,112720,0,393.40,999.37,801791,1159167,1774591,2924543,5353471,301312,200278015,1523182.92,3265378.71,112720,10,10,10,0,0,0,0,0,0,908799,1999871,2983935,989857.15,1000
1781850237,0,113720,0,395.51,1000.67,800255,1156095,1771519,2922495,5332991,301312,200278015,1519459.50,3251855.43,113720,10,10,10,0,0,0,0,0,0,941567,2629631,3749887,1099755.78,1000
1781850238,0,114720,0,397.60,999.77,798207,1151999,1765375,2916351,5324799,301312,200278015,1514444.11,3238499.04,114720,10,10,10,0,0,0,0,0,0,841215,1807359,2783231,944094.34,1000
1781850239,0,115720,0,399.68,999.73,795135,1147903,1758207,2910207,5316607,301312,200278015,1509456.02,3225291.80,115720,10,10,10,0,0,0,0,0,0,835583,1900543,2742271,937222.27,1000
1781850240,0,116720,0,401.75,999.88,792063,1142783,1752063,2904063,5300223,301312,200278015,1503711.19,3212209.62,116720,10,10,10,0,0,0,0,0,0,788479,1520639,2107391,838919.42,1000
1781850241,0,117720,0,403.80,1000.62,790527,1137663,1747967,2902015,5300223,301312,200278015,1499515.36,3199608.76,117720,10,10,10,0,0,0,0,0,0,855039,2232319,3880959,1009777.79,1000
1781850242,0,118720,0,405.84,999.07,787967,1134591,1742847,2897919,5287935,301312,200278015,1495081.16,3186865.17,118720,10,10,10,0,0,0,0,0,0,844287,1969151,2828287,973087.49,1000
1781850243,0,119720,0,407.86,999.98,785407,1131519,1739775,2895871,5287935,301312,200278015,1491530.09,3174728.88,119720,10,10,10,0,0,0,0,0,0,851967,2449407,5312511,1069946.11,1000
1781850244,0,120720,0,409.87,1000.34,783871,1128447,1734655,2895871,5304319,301312,200278015,1488712.23,3163487.77,120720,10,10,10,0,0,0,0,0,0,892927,2750463,7929855,1151358.98,1000
1781850245,0,121720,0,411.87,1000.25,781823,1126399,1730559,2891775,5287935,301312,200278015,1484911.45,3151215.21,121720,10,10,10,0,0,0,0,0,0,868351,2209791,3528703,1026080.77,1000
1781850246,0,122720,0,413.85,1000.12,779775,1122303,1726463,2887679,5275647,301312,200278015,1480441.34,3139080.38,122720,10,10,10,0,0,0,0,0,0,834559,1892351,2807807,936339.33,1000
1781850247,0,123720,0,415.82,999.57,777727,1119231,1719295,2881535,5263359,301312,200278015,1476114.92,3127008.13,123720,10,10,10,0,0,0,0,0,0,845823,1733631,2543615,945177.22,1000
1781850248,0,124720,0,417.78,1000.19,776191,1116159,1714175,2877439,5246975,301312,200278015,1471774.38,3115128.00,124720,10,10,10,0,0,0,0,0,0,857087,1675263,3262463,934762.88,1000
1781850249,0,125720,0,419.72,999.63,774143,1113087,1709055,2875391,5230591,301312,200278015,1468144.01,3103449.21,125720,10,10,10,0,0,0,0,0,0,866815,2203647,3973119,1015364.48,1000
1781850250,0,126240,0,420.06,520.31,773631,1113087,1710079,2875391,5255167,301312,200278015,1468306.42,3098649.91,126240,10,10,10,0,0,0,0,0,0,1030143,3641343,9592831,1507570.71,520
1781850251,0,126440,0,419.33,199.90,774143,1114111,1711103,2875391,5251071,301312,200278015,1468888.54,3096369.23,126440,10,10,10,0,0,0,0,0,0,1833983,2861055,4485119,1836322.56,200
1781850252,0,126640,0,418.60,200.01,774655,1115135,1713151,2875391,5246975,301312,200278015,1469370.73,3094049.89,126640,10,10,10,0,0,0,0,0,0,1841151,2750463,3268607,1774210.56,200
1781850253,0,126840,0,417.88,199.95,775167,1115135,1714175,2875391,5242879,301312,200278015,1469848.27,3091780.68,126840,10,10,10,0,0,0,0,0,0,1708031,2934783,4091903,1772230.40,200
1781850254,0,127040,0,417.17,200.05,775679,1116159,1715199,2875391,5238783,301312,200278015,1470226.74,3089459.75,127040,10,10,10,0,0,0,0,0,0,1699839,2832383,2981887,1710252.80,200
1781850255,0,127240,0,416.46,200.11,776191,1117183,1717247,2875391,5234687,301312,200278015,1470717.67,3087164.11,127240,10,10,10,0,0,0,0,0,0,1891327,2775039,3356671,1782552.32,200
1781850256,0,127440,0,415.75,199.95,776703,1117183,1718271,2875391,5234687,301312,200278015,1471051.88,3084862.62,127440,10,10,10,0,0,0,0,0,0,1628159,2766847,3674111,1683680.00,200
1781850257,0,127640,0,415.05,199.96,777215,1118207,1719295,2875391,5230591,301312,200278015,1471538.79,3082595.27,127640,10,10,10,0,0,0,0,0,0,1682431,3022847,3227647,1781794.56,200
1781850258,0,127840,0,414.35,199.99,777215,1118207,1721343,2875391,5226495,301312,200278015,1471904.79,3080316.59,127840,10,10,10,0,0,0,0,0,0,1640447,2826239,3063807,1705486.08,200
1781850259,0,128040,0,413.66,199.96,777727,1119231,1723391,2875391,5222399,301312,200278015,1472480.26,3078063.57,128040,10,10,10,0,0,0,0,0,0,1896447,2967551,3190783,1840322.56,200
1781850260,0,128240,0,412.97,200.11,778239,1120255,1725439,2875391,5222399,301312,200278015,1472943.34,3075780.09,128240,10,10,10,0,0,0,0,0,0,1794047,2711551,3147775,1769409.28,200
1781850261,0,128440,0,412.29,199.94,778751,1121279,1726463,2875391,5222399,301312,200278015,1473477.68,3073716.01,128440,10,10,10,0,0,0,0,0,0,1557503,4159487,6201343,1816094.72,200
1781850262,0,128640,0,411.61,200.09,779263,1121279,1727487,2875391,5222399,301312,200278015,1473924.90,3071444.05,128640,10,10,10,0,0,0,0,0,0,1762303,2805759,2902015,1761131.52,200
1781850263,0,128840,0,410.93,199.94,779263,1122303,1729535,2875391,5218303,301312,200278015,1474350.22,3069176.22,128840,10,10,10,0,0,0,0,0,0,1715199,2686975,2803711,1747914.24,200
1781850264,0,129040,0,410.26,200.06,779775,1123327,1730559,2875391,5218303,301312,200278015,1474806.87,3066904.72,129040,10,10,10,0,0,0,0,0,0,1758207,2729983,2945023,1768981.76,200
1781850265,0,129240,0,409.60,199.87,780287,1123327,1731583,2873343,5218303,301312,200278015,1475160.29,3064638.64,129240,10,10,10,0,0,0,0,0,0,1816575,2678783,3115007,1703187.20,200
1781850266,0,129440,0,408.93,200.04,780799,1124351,1732607,2873343,5218303,301312,200278015,1475693.35,3062455.85,129440,10,10,10,0,0,0,0,0,0,1728511,2783231,5193727,1820154.88,200
1781850267,0,129640,0,408.28,199.98,781311,1125375,1734655,2873343,5210111,301312,200278015,1476160.72,3060214.73,129640,10,10,10,0,0,0,0,0,0,1795071,2801663,3059711,1778640.64,200
1781850268,0,129840,0,407.62,199.97,781823,1126399,1735679,2873343,5201919,301312,200278015,1476584.77,3057956.35,129840,10,10,10,0,0,0,0,0,0,1815551,2695167,2951167,1751452.16,200
1781850269,0,130040,0,406.97,200.13,782335,1126399,1737727,2873343,5193727,301312,200278015,1477065.51,3055740.87,130040,10,10,10,0,0,0,0,0,0,1784831,2732031,3676159,1789163.52,200
1781850270,0,130240,0,406.33,199.85,782847,1127423,1738751,2873343,5193727,301312,200278015,1477464.89,3053485.00,130240,10,10,10,0,0,0,0,0,0,1774591,2590719,2830335,1737144.32,200
1781850271,0,130440,0,405.68,200.00,782847,1128447,1739775,2873343,5218303,301312,200278015,1478504.96,3052705.92,130440,10,10,10,0,0,0,0,0,0,1552383,2928639,12976127,2155795.20,200
1781850272,0,130640,0,405.05,200.15,783359,1129471,1741823,2873343,5210111,301312,200278015,1479252.51,3050552.23,130640,10,10,10,0,0,0,0,0,0,1991679,3047423,3635199,1966804.48,200
1781850273,0,130840,0,404.41,199.90,783871,1129471,1743871,2873343,5201919,301312,200278015,1479812.22,3048377.91,130840,10,10,10,0,0,0,0,0,0,1862655,2971647,3737599,1845416.96,200
1781850274,0,131040,0,403.78,200.06,784383,1130495,1744895,2875391,5193727,301312,200278015,1480468.95,3046266.66,131040,10,10,10,0,0,0,0,0,0,1938431,2959359,4956159,1910104.32,200
1781850275,0,131240,0,403.16,199.92,784895,1130495,1745919,2875391,5193727,301312,200278015,1480808.49,3044071.23,131240,10,10,10,0,0,0,0,0,0,1710079,2854911,3160063,1703270.40,200
1781850276,0,131440,0,402.54,200.09,785407,1131519,1746943,2875391,5193727,301312,200278015,1481222.34,3041884.54,131440,10,10,10,0,0,0,0,0,0,1719295,2867199,3653631,1752791.04,200
1781850277,0,131640,0,401.92,200.06,785919,1132543,1748991,2875391,5210111,301312,200278015,1482098.05,3040316.72,131640,10,10,10,0,0,0,0,0,0,1725439,3389439,8716287,2057614.08,200
1781850278,0,131840,0,401.30,199.95,786431,1132543,1750015,2875391,5201919,301312,200278015,1482682.38,3038232.27,131840,10,10,10,0,0,0,0,0,0,1788927,3459071,4665343,1867293.44,200
1781850279,0,132040,0,400.69,199.88,786431,1133567,1752063,2877439,5218303,301312,200278015,1483511.77,3036600.13,132040,10,10,10,0,0,0,0,0,0,1854463,3135487,9568255,2030241.28,200
1781850280,0,132240,0,400.08,200.03,786943,1134591,1753087,2877439,5222399,301312,200278015,1484289.28,3034634.55,132240,10,10,10,0,0,0,0,0,0,1857535,4175871,5971967,1997601.28,200
1781850281,0,132440,0,399.48,200.12,787455,1134591,1755135,2879487,5218303,301312,200278015,1484967.38,3032539.63,132440,10,10,10,0,0,0,0,0,0,1901567,3110911,4349951,1933331.20,200
1781850282,0,132640,0,398.88,199.96,787967,1135615,1756159,2881535,5234687,301312,200278015,1486063.05,3030784.65,132640,10,10,10,0,0,0,0,0,0,1922047,5631999,6647807,2211610.88,200
1781850283,0,132840,0,398.28,199.93,788479,1136639,1758207,2881535,5230591,301312,200278015,1486693.39,3028662.07,132840,10,10,10,0,0,0,0,0,0,1953791,3115007,3397631,1904737.28,200
1781850284,0,133040,0,397.69,199.95,788991,1137663,1759231,2881535,5230591,301312,200278015,1487052.71,3026538.80,133040,10,10,10,0,0,0,0,0,0,1733631,2570239,3823615,1725713.92,200
1781850285,0,133240,0,397.10,200.16,789503,1137663,1761279,2881535,5226495,301312,200278015,1487545.23,3024391.99,133240,10,10,10,0,0,0,0,0,0,1845247,3115007,3301375,1815171.84,200
1781850286,0,133440,0,396.52,199.86,790015,1138687,1763327,2881535,5222399,301312,200278015,1488076.45,3022260.07,133440,10,10,10,0,0,0,0,0,0,1800191,2996223,3244031,1841973.76,200
1781850287,0,133640,0,395.93,200.04,790527,1139711,1764351,2883583,5222399,301312,200278015,1488637.70,3020224.52,133640,10,10,10,0,0,0,0,0,0,1727487,3084287,5058559,1863105.28,200
1781850288,0,133840,0,395.36,199.97,791039,1140735,1766399,2883583,5218303,301312,200278015,1489267.41,3018173.08,133840,10,10,10,0,0,0,0,0,0,1847295,3112959,4784127,1910037.76,200
1781850289,0,134040,0,394.78,200.15,791551,1141759,1768447,2883583,5218303,301312,200278015,1489862.44,3016110.69,134040,10,10,10,0,0,0,0,0,0,1816575,3321855,4464639,1888057.60,200
1781850290,0,134240,0,394.21,199.84,791551,1141759,1769471,2885631,5230591,301312,200278015,1491053.79,3015323.05,134240,10,10,10,0,0,0,0,0,0,1800191,3731455,14475263,2289495.04,200
1781850291,0,134440,0,393.64,200.03,792063,1142783,1770495,2885631,5222399,301312,200278015,1491521.93,3013213.46,134440,10,10,10,0,0,0,0,0,0,1854463,2914303,3043327,1805734.40,200
1781850292,0,134640,0,393.07,200.03,792575,1143807,1772543,2885631,5222399,301312,200278015,1491950.52,3011083.98,134640,10,10,10,0,0,0,0,0,0,1831935,2723839,2838527,1780049.92,200
1781850293,0,134840,0,392.51,199.95,793087,1144831,1774591,2885631,5218303,301312,200278015,1492517.64,3009000.79,134840,10,10,10,0,0,0,0,0,0,1868799,2928639,3995647,1874304.00,200
1781850294,0,135040,0,391.95,200.18,793599,1144831,1775615,2885631,5218303,301312,200278015,1493052.04,3006883.12,135040,10,10,10,0,0,0,0,0,0,1908735,2760703,2965503,1853342.72,200
1781850295,0,135240,0,391.40,199.84,794111,1145855,1776639,2885631,5218303,301312,200278015,1493410.53,3004764.33,135240,10,10,10,0,0,0,0,0,0,1661951,2748415,3071999,1735463.68,200
1781850296,0,135440,0,390.85,200.06,794623,1146879,1778687,2883583,5210111,301312,200278015,1493949.82,3002667.69,135440,10,10,10,0,0,0,0,0,0,1895423,2775039,2932735,1858617.60,200
1781850297,0,135640,0,390.30,200.09,795135,1147903,1779711,2885631,5201919,301312,200278015,1494607.51,3000645.77,135640,10,10,10,0,0,0,0,0,0,1832959,3166207,4304895,1939997.44,200
1781850298,0,135840,0,389.75,199.87,795647,1148927,1781759,2885631,5193727,301312,200278015,1495131.27,2998592.25,135840,10,10,10,0,0,0,0,0,0,1819647,3170303,3463167,1850344.96,200
1781850299,0,136040,0,389.21,200.13,796159,1148927,1782783,2887679,5193727,301312,200278015,1495462.00,2996530.21,136040,10,10,10,0,0,0,0,0,0,1648639,2934783,3457023,1720094.72,200
1781850300,0,136240,0,388.67,199.89,796159,1149951,1783807,2887679,5193727,301312,200278015,1495956.46,2994483.21,136240,10,10,10,0,0,0,0,0,0,1875967,2928639,4509695,1832284.16,200
1781850301,0,136440,0,388.13,199.93,796671,1149951,1785855,2887679,5189631,301312,200278015,1496471.40,2992445.73,136440,10,10,10,0,0,0,0,0,0,1858559,3008511,3432447,1847249.92,200
1781850302,0,136640,0,387.60,200.14,797183,1150975,1787903,2889727,5189631,301312,200278015,1497013.95,2990420.58,136640,10,10,10,0,0,0,0,0,0,1891327,2992127,4325375,1867144.96,200
1781850303,0,136840,0,387.07,199.98,797695,1151999,1789951,2889727,5185535,301312,200278015,1497749.63,2988491.14,136840,10,10,10,0,0,0,0,0,0,1931263,3588095,5070847,2000360.96,200
1781850304,0,137040,0,386.54,199.97,798207,1153023,1790975,2889727,5181439,301312,200278015,1498236.70,2986441.02,137040,10,10,10,0,0,0,0,0,0,1768447,2859007,3215359,1831494.40,200
1781850305,0,137240,0,386.01,199.94,798719,1153023,1793023,2889727,5177343,301312,200278015,1498657.45,2984394.72,137240,10,10,10,0,0,0,0,0,0,1813503,2815999,3360767,1786956.80,200
1781850306,0,137440,0,385.49,200.09,799231,1154047,1794047,2891775,5185535,301312,200278015,1499581.04,2982589.94,137440,10,10,10,0,0,0,0,0,0,1979391,4616191,6127615,2133347.84,200
1781850307,0,137640,0,384.97,199.94,799743,1155071,1795071,2891775,5181439,301312,200278015,1500079.22,2980564.81,137640,10,10,10,0,0,0,0,0,0,1825791,3278847,3573759,1842428.16,200
1781850308,0,137840,0,384.46,199.96,799743,1155071,1797119,2891775,5185535,301312,200278015,1500704.48,2978726.92,137840,10,10,10,0,0,0,0,0,0,1746943,3446783,6856703,1931005.44,200
1781850309,0,138040,0,383.94,199.98,800255,1156095,1798143,2893823,5185535,301312,200278015,1501448.56,2976817.91,138040,10,10,10,0,0,0,0,0,0,1906687,3444735,5099519,2014269.44,200
1781850310,0,139180,0,386.04,1140.34,802815,1163263,1820671,3000319,11689983,301312,200278015,2019972.55,7311802.45,139180,10,10,10,0,0,0,0,0,0,62849023,126287871,148373503,64806859.45,1140
1781850311,0,141350,0,390.98,2170.55,807935,1177599,1862655,3379199,82051071,301312,243007487,3234285.82,14495349.32,141350,10,10,10,0,0,0,0,0,0,64258047,208797695,223215615,81118212.72,2170
1781850312,0,143370,0,395.47,2019.41,813567,1191935,1903615,4419583,79495167,301312,243007487,3434144.60,14526780.41,143370,10,10,10,0,0,0,0,0,0,16007167,33849343,46202879,17419312.16,2020
1781850313,0,145353,0,399.84,1983.54,818175,1205247,1945599,8601599,78315519,301312,243007487,3615860.62,14534565.66,145353,10,10,10,0,0,0,0,0,0,15736831,30162943,36241407,16753846.80,1983
1781850314,0,147352,0,404.22,1998.51,822783,1219583,1988607,11362303,77398015,301312,243007487,3759149.70,14518696.61,147352,10,10,10,0,0,0,0,0,0,12230655,29933567,41713663,14178107.55,1999
1781850315,0,149370,0,408.64,2017.90,827903,1234943,2030591,14196735,76283903,301312,243007487,4014672.13,14743452.85,149370,10,10,10,0,0,0,0,0,0,15081471,64520191,71172095,22672621.48,2018
1781850316,0,151342,0,412.90,1973.13,832511,1248255,2074623,16146431,75169791,301312,243007487,4187810.30,14759542.98,151342,10,10,10,0,0,0,0,0,0,14974975,33914879,43253759,17302236.17,1972
1781850317,0,153349,0,417.24,2005.73,837631,1264639,2121727,17448959,74186751,301312,243007487,4353909.39,14778793.77,153349,10,10,10,0,0,0,0,0,0,14229503,37093375,50888703,16878956.29,2007
1781850318,0,155292,0,421.38,1942.81,842239,1279999,2166783,20250623,75628543,301312,243007487,4662523.90,15061637.56,155292,10,10,10,0,0,0,0,0,0,24707071,59736063,94371839,29019562.36,1943
1781850319,0,157327,0,425.75,2035.28,847359,1295359,2215935,23658495,104136703,301312,254410751,5532672.19,18642233.49,157327,10,10,10,0,0,0,0,0,0,35061759,226754559,246808575,71934179.95,2035
1781850320,0,159320,0,429.98,1994.13,851967,1311743,2267135,27394047,115998719,301312,254410751,6156333.55,19793744.58,159320,10,10,10,0,0,0,0,0,0,40665087,129957887,138149887,55388030.01,1993
1781850321,0,161266,0,434.06,1944.61,856575,1328127,2318335,29163519,116523007,301312,254410751,6428233.47,19967866.15,161266,10,10,10,0,0,0,0,0,0,24281087,71172095,130088959,28688816.54,1946
1781850322,0,163089,0,437.79,1824.25,861183,1342463,2369535,33308671,133758975,301312,332922879,7517470.54,24512308.00,163089,10,10,10,0,0,0,0,0,0,63340543,314834943,330563583,103873425.34,1823
1781850323,0,165250,0,442.40,2161.42,866303,1360895,2439167,37650431,167247871,301312,503054335,9269294.18,34325352.83,165250,10,10,10,0,0,0,0,0,0,45678591,469762047,487325695,141478070.91,2161
1781850324,0,167233,0,446.51,1982.41,870911,1377279,2510847,43319295,168296447,301312,503054335,10030809.97,35251141.24,167233,10,10,10,0,0,0,0,0,0,64782335,155058175,171573247,73490458.85,1983
1781850325,0,169210,0,450.59,1975.95,875519,1393663,2586623,49184767,211943423,301312,503054335,11260980.04,38376763.25,169210,10,10,10,0,0,0,0,0,0,55345151,282591231,292552703,115320176.27,1977
1781850326,0,171273,0,454.87,2063.38,880639,1412095,2676735,52887551,210239487,301312,503054335,11664506.78,38474907.83,171273,10,10,10,0,0,0,0,0,0,35848191,117178367,146145279,44762306.08,2063
1781850327,0,172970,0,458.16,1697.49,884223,1427455,2764799,59637759,217710591,301312,503054335,12407026.37,39639891.08,172970,10,10,10,0,0,0,0,0,0,68026367,232128511,310116351,87347249.48,1697
1781850328,0,174915,0,462.09,1945.47,888831,1445887,2881535,79233023,264634367,301312,503054335,14543024.23,45179990.19,174915,10,10,10,0,0,0,0,0,0,211025919,323747839,333971455,204498576.52,1945
1781850329,0,176566,0,465.22,1649.57,892927,1461247,3012607,100859903,309067775,301312,606601215,17279866.91,55496970.62,176566,10,10,10,0,0,0,0,0,0,325058559,559415295,597164031,307234340.90,1651
1781850330,0,178522,0,469.14,1957.19,898047,1479679,3256319,122814463,468975615,301312,655359999,21592007.20,71924611.22,178522,10,10,10,0,0,0,0,0,0,502005759,624951295,645398527,410844237.48,1956
1781850331,0,180572,0,473.28,2048.77,903167,1500159,3727359,152043519,521666559,301312,746586111,26411790.65,86748790.42,180572,10,10,10,0,0,0,0,0,0,427556863,689963007,717225983,446137343.00,2050
1781850332,0,182265,0,476.47,1693.37,907263,1517567,4567039,198967295,567803903,301312,818937855,30548280.58,97309170.78,182265,10,10,10,0,0,0,0,0,0,407633919,722993151,798490623,471738037.76,1693
1781850333,0,183973,0,479.68,1708.15,911359,1534975,5754879,259915775,618659839,301312,974651391,36682401.57,117067380.73,183973,10,10,10,0,0,0,0,0,0,610795519,945815551,964689919,691269967.74,1708
1781850334,0,186003,0,483.72,2030.95,916479,1556479,7557119,325844991,682098687,301312,1043857407,42981725.32,132965449.59,186003,10,10,10,0,0,0,0,0,0,538968063,990380031,1024458751,613871127.71,2030
1781850335,0,188216,0,488.20,2213.10,921599,1579007,9486335,389545983,848297983,301312,1166016511,50582252.60,153311419.93,188216,10,10,10,0,0,0,0,0,0,695730175,1104150527,1151336447,689407773.27,2213
1781850336,0,190385,0,492.55,2168.65,927231,1602559,11075583,468975615,903872511,301312,1166016511,56369273.65,165975494.15,190385,10,10,10,0,0,0,0,0,0,587202559,973602815,1007681535,558540759.40,2169
1781850337,0,192169,0,495.88,1784.38,931327,1620991,12533759,505151487,920125439,301312,1166016511,61701056.28,176440245.00,192169,10,10,10,0,0,0,0,0,0,707788799,972029951,1008730111,630698498.30,1784
1781850338,0,193972,0,499.25,1801.91,935423,1640447,14106623,540016639,925892607,301312,1166016511,66937105.84,185390631.52,193972,10,10,10,0,0,0,0,0,0,729808895,946864127,967311359,625010543.74,1803
1781850339,0,195558,0,502.04,1586.41,939519,1658879,15343615,576192511,953155583,301312,1307574271,72449931.72,196815932.46,195558,10,10,10,0,0,0,0,0,0,866123775,1253048319,1281359871,746683135.03,1586
1781850340,0,197538,0,505.82,1980.90,944127,1680383,16924671,624427007,973602815,301312,1516240895,80495204.94,213771529.04,197538,10,10,10,0,0,0,0,0,0,747634687,1457520639,1499463679,875100023.47,1980
1781850341,0,200122,0,511.13,2583.08,950271,1711103,18956287,675807231,1024458751,301312,1519386623,88851587.49,230647439.55,200122,10,10,10,0,0,0,0,0,0,789053439,1476395007,1504706559,727668575.11,2584
1781850342,0,202126,0,514.93,2002.81,955391,1734655,21004287,717750271,1071120383,301312,1519386623,94443058.93,240912780.48,202126,10,10,10,0,0,0,0,0,0,964165631,1204813823,1234173951,652814540.39,2004
1781850343,0,204672,0,520.09,2546.31,961535,1766399,23347199,761790463,1069023231,301312,1519386623,99471008.43,246874863.25,204672,10,10,10,0,0,0,0,0,0,543686655,964165631,991428607,498638062.91,2546
1781850344,0,206828,0,524.24,2157.88,966143,1794047,25362431,758120447,1066401791,301312,1519386623,102008567.97,248047241.77,206828,10,10,10,0,0,0,0,0,0,433324031,706740223,756023295,342902531.32,2156
1781850345,0,209200,0,528.91,2371.85,972287,1824767,26968063,750256127,1065353215,301312,1519386623,102836361.73,247594935.52,209200,10,10,10,0,0,0,0,0,0,51216383,573046783,590872575,175016347.84,2372
1781850346,0,211253,0,532.75,2052.33,977919,1851391,27525119,745537535,1064304639,301312,1519386623,102787202.40,246668939.68,211253,10,10,10,0,0,0,0,0,0,25313279,323223551,345505791,97777883.96,2053
1781850347,0,213328,0,536.63,2073.95,983039,1879039,27803647,740818943,1062731775,301312,1519386623,102262524.02,245591967.95,213328,10,10,10,0,0,0,0,0,0,15900671,182976511,209190911,48845713.46,2075
1781850348,0,215364,0,540.40,2036.26,988159,1907711,27918335,737148927,1061158911,301312,1519386623,101554705.82,244547295.78,215364,10,10,10,0,0,0,0,0,0,16703487,83755007,93519871,27390933.25,2036
1781850349,0,217346,0,544.00,1983.49,993279,1935359,27738111,731906047,1060110335,301312,1519386623,100803020.32,243558693.03,217346,10,10,10,0,0,0,0,0,0,15695871,46530559,56655871,19124919.15,1982
1781850350,0,219192,0,547.25,1844.95,997375,1960959,28033023,728760319,1059586047,301312,1519386623,100243565.27,242630396.46,219192,10,10,10,0,0,0,0,0,0,21381119,141295615,165543935,34373945.97,1846
1781850351,0,220999,0,550.39,1807.04,1001983,1987583,28704767,725614591,1058013183,301312,1519386623,100351622.86,241989630.94,220999,10,10,10,0,0,0,0,0,0,29261823,390594559,446693375,113459181.87,1807
1781850352,0,223124,0,554.30,2126.20,1007615,2016255,29835263,721944575,1055916031,301312,1519386623,101596692.64,242290039.77,223124,10,10,10,0,0,0,0,0,0,42729471,590348287,617086975,231083363.63,2125
1781850353,0,225119,0,557.87,1994.05,1012735,2045951,31621119,719323135,1053818879,301312,1519386623,101587965.27,241293988.93,225119,10,10,10,0,0,0,0,0,0,89260031,243531775,278396927,100611882.99,1995
1781850354,0,226925,0,560.96,1806.13,1017343,2073599,33406975,715653119,1052246015,301312,1519386623,102023419.26,240708442.89,226925,10,10,10,0,0,0,0,0,0,92667903,437518335,471072767,156303023.77,1806
1781850355,0,228958,0,564.59,2033.57,1022463,2105343,34832383,711983103,1050673151,301312,1519386623,103235346.35,241094002.64,228958,10,10,10,0,0,0,0,0,0,59506687,570425343,592969727,238511565.88,2033
1781850356,0,231271,0,568.89,2313.10,1028607,2140159,37322751,709361663,1049624575,301312,1519386623,103888499.73,240372384.14,231271,10,10,10,0,0,0,0,0,0,116457471,430440447,483655679,168542495.76,2313
1781850357,0,233196,0,572.22,1923.17,1033215,2170879,39550975,707264511,1048051711,301312,1519386623,103675914.36,239407309.37,233196,10,10,10,0,0,0,0,0,0,80216063,132710399,142344191,78135742.30,1925
1781850358,0,235080,0,575.43,1884.48,1037823,2201599,41746431,702545919,1046478847,301312,1519386623,103918181.30,238553307.91,235080,10,10,10,0,0,0,0,0,0,132251647,245366783,260177919,133905273.21,1884
1781850359,0,236906,0,578.48,1826.67,1042943,2232319,43515903,699400191,1043857407,301312,1519386623,104194025.68,238038366.33,236906,10,10,10,0,0,0,0,0,0,63569919,487325695,518520831,139706345.57,1826
1781850360,0,238630,0,581.27,1724.55,1047551,2260991,44695551,707264511,1042808831,301312,1519386623,105228280.20,239062306.92,238630,10,10,10,0,0,0,0,0,0,52232191,886571007,912261119,247351888.78,1724
1781850361,0,240620,0,584.70,1988.68,1052671,2293759,46432255,719323135,1038614527,301312,1519386623,107142767.62,241220488.04,240620,10,10,10,0,0,0,0,0,0,63176703,865075199,884473855,336717708.74,1990
1781850362,0,242604,0,588.09,1985.43,1058815,2332671,48300031,736100351,1037041663,301312,1519386623,109287690.11,243531040.06,242604,10,10,10,0,0,0,0,0,0,126222335,849346559,871890943,369424409.81,1984
1781850363,0,244630,0,591.57,2025.27,1063935,2369535,50692095,746061823,1034944511,301312,1519386623,111896154.25,245836547.25,244630,10,10,10,0,0,0,0,0,0,420216831,849346559,868745215,424247503.23,2026
1781850364,0,246796,0,595.36,2165.96,1070079,2414591,54329343,743964671,1032847359,301312,1519386623,114371950.78,247303732.43,246796,10,10,10,0,0,0,0,0,0,374079487,726663167,748683263,393990651.75,2166
1781850365,0,248491,0,598.01,1695.22,1075199,2451455,56229887,741867519,1030750207,301312,1519386623,115767245.52,247810484.68,248491,10,10,10,0,0,0,0,0,0,401342463,630718463,646447103,318925451.25,1695
1781850366,0,250841,0,602.22,2349.97,1081343,2508799,61014015,738721791,1028128767,301312,1519386623,118331774.15,248912375.52,250841,10,10,10,0,0,0,0,0,0,444596223,656932863,678952959,389507214.92,2350
1781850367,0,252849,0,605.58,2006.52,1087487,2557951,66191359,736624639,1027080191,301312,1519386623,119583972.06,248612267.82,252849,10,10,10,0,0,0,0,0,0,288882687,466092031,527433727,276009557.67,2008
1781850368,0,255108,0,609.53,2260.06,1093631,2619391,68943871,733478911,1024983039,301312,1519386623,119998164.54,248025534.52,255108,10,10,10,0,0,0,0,0,0,127205375,547356671,620232703,166358568.23,2259
1781850369,0,256581,0,611.59,1472.99,1097727,2664447,71106559,731906047,1023934463,301312,1519386623,120704644.61,247948289.51,256581,10,10,10,0,0,0,0,0,0,228065279,541065215,590872575,243059511.09,1473
1781850370,0,258280,0,614.18,1698.22,1101823,2715647,74776575,729284607,1022361599,301312,1519386623,122625229.29,248988364.03,258280,10,10,10,0,0,0,0,0,0,484179967,681574399,716701695,412669689.07,1699
1781850371,0,258480,0,613.19,200.13,1101823,2709503,74514431,728760319,1022361599,301312,1519386623,122531617.97,248914751.33,258480,10,10,10,0,0,0,0,0,0,1490943,3119103,3270655,1641968.64,200
1781850372,0,258680,0,612.22,200.06,1101823,2703359,74383359,728760319,1021837311,301312,1519386623,122438279.29,248841133.59,258680,10,10,10,0,0,0,0,0,0,1740799,3276799,3923967,1807365.12,200
1781850373,0,258880,0,611.24,199.83,1101823,2699263,74186751,728760319,1021313023,301312,1519386623,122345076.39,248767576.94,258880,10,10,10,0,0,0,0,0,0,1700863,3100671,3315711,1796440.32,200
1781850374,0,259080,0,610.27,200.02,1101823,2693119,73924607,728236031,1021313023,301312,1519386623,122252074.55,248694049.68,259080,10,10,10,0,0,0,0,0,0,1848319,3016703,4292607,1870501.12,200
1781850375,0,259280,0,609.31,199.98,1101823,2691071,73793535,728236031,1021313023,301312,1519386623,122159386.81,248620497.86,259280,10,10,10,0,0,0,0,0,0,1971199,3743743,6393855,2091683.84,200
1781850376,0,259480,0,608.35,200.06,1101823,2684927,73662463,728236031,1021313023,301312,1519386623,122066578.27,248547129.60,259480,10,10,10,0,0,0,0,0,0,1768447,2781183,3080191,1749589.76,200
1781850377,0,259680,0,607.40,199.95,1102847,2678783,73465855,727711743,1021313023,301312,1519386623,121974277.67,248473647.08,259680,10,10,10,0,0,0,0,0,0,1812479,3747839,12820479,2223482.88,200
1781850378,0,259880,0,606.44,200.01,1102847,2676735,73269247,727711743,1021313023,301312,1519386623,121881898.79,248400323.15,259880,10,10,10,0,0,0,0,0,0,1953791,3325951,3624959,1937154.56,200
1781850379,0,260080,0,605.50,200.00,1102847,2672639,73072639,727711743,1021313023,301312,1519386623,121789819.98,248326981.47,260080,10,10,10,0,0,0,0,0,0,2018303,3362815,7098367,2142611.20,200
1781850380,0,260280,0,604.56,200.02,1102847,2668543,72941567,727187455,1021313023,301312,1519386623,121697725.01,248253771.40,260280,10,10,10,0,0,0,0,0,0,1880063,3581951,3911679,1937429.76,200
1781850381,0,260480,0,603.62,200.08,1102847,2664447,72679423,727187455,1021313023,301312,1519386623,121605773.58,248180617.08,260480,10,10,10,0,0,0,0,0,0,1848319,3207167,5681151,1940184.32,200
1781850382,0,260680,0,602.69,199.98,1103871,2660351,72417279,727187455,1021313023,301312,1519386623,121513830.92,248107582.95,260680,10,10,10,0,0,0,0,0,0,1748991,2975743,3514367,1767714.56,200
1781850383,0,260880,0,601.76,199.92,1103871,2654207,72220671,726663167,1020788735,301312,1519386623,121422190.10,248034529.19,260880,10,10,10,0,0,0,0,0,0,1723391,3178495,7774207,1977544.96,200
1781850384,0,261080,0,600.83,200.12,1103871,2650111,71958527,726663167,1020264447,301312,1519386623,121330523.17,247961610.77,261080,10,10,10,0,0,0,0,0,0,1766399,2818047,2985983,1760176.64,200
1781850385,0,261280,0,599.91,200.04,1103871,2646015,71827455,726663167,1020264447,301312,1519386623,121239021.95,247888737.19,261280,10,10,10,0,0,0,0,0,0,1799167,2877439,3137535,1793323.52,200
1781850386,0,261480,0,599.00,199.83,1103871,2641919,71630847,726663167,1019740159,301312,1519386623,121147686.78,247815907.37,261480,10,10,10,0,0,0,0,0,0,1739775,3049471,5292031,1827427.84,200
1781850387,0,261680,0,598.08,200.08,1103871,2635775,71368703,726138879,1019740159,301312,1519386623,121056525.44,247743116.94,261680,10,10,10,0,0,0,0,0,0,1864703,2895871,3409919,1872183.04,200
1781850388,0,261880,0,597.18,200.02,1103871,2631679,71237631,726138879,1019740159,301312,1519386623,120965467.09,247670400.55,261880,10,10,10,0,0,0,0,0,0,1763327,3047423,4126719,1824720.64,200
1781850389,0,262080,0,596.27,200.04,1103871,2629631,71106559,725614591,1019740159,301312,1519386623,120875435.71,247597354.77,262080,10,10,10,0,0,0,0,0,0,1943551,3434495,26558463,2988355.84,200
1781850390,0,262280,0,595.37,199.90,1104895,2625535,70844415,725614591,1019740159,301312,1519386623,120784659.73,247524748.71,262280,10,10,10,0,0,0,0,0,0,1773567,3016703,4849663,1831814.40,200
1781850391,0,262480,0,594.48,199.99,1104895,2621439,70713343,725614591,1019740159,301312,1519386623,120694076.30,247452172.92,262480,10,10,10,0,0,0,0,0,0,1941503,3233791,4644863,1902965.76,200
1781850392,0,262680,0,593.59,200.04,1104895,2617343,70582271,725090303,1019215871,301312,1519386623,120603509.42,247379711.39,262680,10,10,10,0,0,0,0,0,0,1661951,2940927,3309567,1743532.80,200
1781850393,0,262880,0,592.70,200.02,1104895,2613247,70516735,725090303,1018691583,301312,1519386623,120513154.44,247307270.62,262880,10,10,10,0,0,0,0,0,0,1641471,3313663,4583423,1840919.04,200
1781850394,0,263080,0,591.82,199.93,1104895,2609151,70254591,725090303,1018691583,301312,1519386623,120422874.27,247234915.49,263080,10,10,10,0,0,0,0,0,0,1697791,3086335,3493887,1758630.40,200
1781850395,0,263280,0,590.94,200.15,1104895,2605055,70123519,725090303,1018691583,301312,1519386623,120332805.42,247162580.61,263280,10,10,10,0,0,0,0,0,0,1872895,2906111,3284991,1856238.08,200
1781850396,0,263480,0,590.06,200.00,1104895,2600959,69992447,725090303,1018167295,301312,1519386623,120242875.10,247090301.01,263480,10,10,10,0,0,0,0,0,0,1801215,3100671,3350527,1858593.28,200
1781850397,0,263680,0,589.19,199.93,1104895,2596863,69795839,724566015,1018167295,301312,1519386623,120152924.07,247018152.39,263680,10,10,10,0,0,0,0,0,0,1527807,2723839,3139583,1651444.48,200
1781850398,0,263880,0,588.32,200.04,1104895,2592767,69599231,724566015,1018167295,301312,1519386623,120063181.02,246946025.53,263880,10,10,10,0,0,0,0,0,0,1615871,2768895,6406143,1745945.60,200
1781850399,0,264080,0,587.46,199.89,1105919,2590719,69402623,724566015,1018167295,301312,1519386623,119973710.88,246873888.69,264080,10,10,10,0,0,0,0,0,0,1923071,3184639,3643391,1926805.76,200
1781850400,0,264280,0,586.60,200.08,1105919,2586623,69206015,724041727,1018167295,301312,1519386623,119884527.72,246801736.94,264280,10,10,10,0,0,0,0,0,0,2033663,3508223,7639039,2127088.64,200
1781850401,0,264480,0,585.74,200.00,1105919,2584575,68943871,724041727,1018167295,301312,1519386623,119795542.04,246729613.19,264480,10,10,10,0,0,0,0,0,0,1858559,4313087,9912319,2209862.40,200
1781850402,0,264680,0,584.89,199.90,1105919,2580479,68747263,723517439,1017643007,301312,1519386623,119706339.34,246657709.42,264680,10,10,10,0,0,0,0,0,0,1627135,2775039,4464639,1744683.52,200
1781850403,0,264880,0,584.04,200.10,1105919,2578431,68485119,722993151,1017643007,301312,1519386623,119617377.60,246585810.17,264880,10,10,10,0,0,0,0,0,0,1888255,2965503,3094527,1885411.84,200
1781850404,0,265080,0,583.20,199.95,1105919,2576383,68354047,722993151,1017643007,301312,1519386623,119528540.42,246513971.14,265080,10,10,10,0,0,0,0,0,0,1889279,2975743,3411967,1872578.56,200
1781850405,0,265280,0,582.35,199.95,1106943,2570239,68157439,722468863,1017643007,301312,1519386623,119439888.90,246442162.94,265280,10,10,10,0,0,0,0,0,0,2077695,2916351,4163583,1941168.64,200
1781850406,0,265480,0,581.52,199.99,1106943,2566143,68026367,722468863,1017643007,301312,1519386623,119351233.07,246370475.79,265480,10,10,10,0,0,0,0,0,0,1741823,2723839,3094527,1758132.48,200
1781850407,0,265680,0,580.68,200.17,1106943,2562047,67829759,722468863,1017643007,301312,1519386623,119262726.49,246298836.58,265680,10,10,10,0,0,0,0,0,0,1650687,3102719,3956735,1779091.20,200
1781850408,0,265880,0,579.85,199.99,1106943,2557951,67764223,721944575,1017118719,301312,1519386623,119174624.15,246227125.90,265880,10,10,10,0,0,0,0,0,0,1927167,3540991,8773631,2139482.88,200
1781850409,0,266080,0,579.03,199.88,1106943,2555903,67567615,721944575,1017118719,301312,1519386623,119086359.47,246155608.68,266080,10,10,10,0,0,0,0,0,0,1730559,2906111,3655679,1747285.76,200
1781850410,0,266280,0,578.20,200.09,1106943,2553855,67305471,721944575,1017118719,301312,1519386623,118998365.05,246084081.29,266280,10,10,10,0,0,0,0,0,0,1932287,3336191,4227071,1930599.68,200
1781850411,0,266480,0,577.38,199.89,1106943,2551807,67108863,721420287,1016594431,301312,1519386623,118910441.89,246012638.09,266480,10,10,10,0,0,0,0,0,0,1811455,3213311,4665343,1849547.52,200
1781850412,0,266680,0,576.57,200.09,1107967,2547711,66912255,721420287,1016594431,301312,1519386623,118823120.99,245941035.83,266680,10,10,10,0,0,0,0,0,0,1944575,3590143,15335423,2476744.96,200
1781850413,0,266880,0,575.75,199.90,1107967,2545663,66715647,720895999,1016594431,301312,1519386623,118735381.51,245869740.48,266880,10,10,10,0,0,0,0,0,0,1722367,2979839,3485695,1743562.24,200
1781850414,0,267080,0,574.95,200.00,1107967,2541567,66617343,720895999,1016594431,301312,1519386623,118647805.90,245798484.57,267080,10,10,10,0,0,0,0,0,0,1800191,2990079,3213311,1786917.12,200
1781850415,0,267280,0,574.14,199.98,1107967,2539519,66387967,720895999,1016594431,301312,1519386623,118560413.92,245727258.47,267280,10,10,10,0,0,0,0,0,0,1844223,2953215,3201023,1857153.28,200
1781850416,0,267480,0,573.34,200.00,1107967,2535423,66289663,720371711,1016594431,301312,1519386623,118473295.28,245656023.45,267480,10,10,10,0,0,0,0,0,0,1754111,3297279,9723903,2047948.80,200
1781850417,0,267680,0,572.54,200.05,1107967,2531327,66125823,719847423,1016070143,301312,1519386623,118386066.14,245584953.78,267680,10,10,10,0,0,0,0,0,0,1694719,2875391,2985983,1725816.32,200
1781850418,0,267880,0,571.75,200.13,1107967,2527231,65896447,719323135,1016070143,301312,1519386623,118298978.08,245513933.71,267880,10,10,10,0,0,0,0,0,0,1681407,2666495,4534271,1740316.16,200
1781850419,0,268080,0,570.95,199.85,1107967,2525183,65634303,719323135,1016070143,301312,1519386623,118212078.19,245442940.58,268080,10,10,10,0,0,0,0,0,0,1810431,2859007,3379199,1818371.84,200
1781850420,0,268280,0,570.17,200.08,1107967,2523135,65437695,719323135,1015545855,301312,1519386623,118125253.19,245372028.05,268280,10,10,10,0,0,0,0,0,0,1691647,2875391,3272703,1745020.16,200
1781850421,0,268480,0,569.38,199.88,1107967,2519039,65339391,719323135,1015545855,301312,1519386623,118038569.74,245301164.27,268480,10,10,10,0,0,0,0,0,0,1698815,2979839,3160063,1761383.68,200
1781850422,0,268680,0,568.60,200.02,1108991,2516991,65175551,718798847,1015545855,301312,1519386623,117952092.60,245230318.35,268680,10,10,10,0,0,0,0,0,0,1912831,2832383,4012031,1865180.16,200
1781850423,0,268880,0,567.82,199.99,1108991,2512895,65011711,718798847,1015021567,301312,1519386623,117865696.63,245159549.54,268880,10,10,10,0,0,0,0,0,0,1797119,3053567,3803135,1801356.80,200
1781850424,0,269080,0,567.05,200.13,1108991,2510847,64880639,718274559,1015021567,301312,1519386623,117780355.36,245088442.01,269080,10,10,10,0,0,0,0,0,0,1827839,5439487,26558463,3047548.16,200
1781850425,0,269280,0,566.27,199.98,1108991,2508799,64749567,718274559,1015021567,301312,1519386623,117694265.15,245017758.87,269280,10,10,10,0,0,0,0,0,0,1885183,3018751,3250175,1868497.92,200
1781850426,0,269480,0,565.50,199.92,1108991,2504703,64618495,718274559,1015021567,301312,1519386623,117608175.93,244947190.01,269480,10,10,10,0,0,0,0,0,0,1679359,2746367,3024895,1697652.48,200
1781850427,0,269680,0,564.74,199.98,1108991,2502655,64454655,718274559,1015021567,301312,1519386623,117522344.22,244876614.02,269680,10,10,10,0,0,0,0,0,0,1889279,3014655,3305471,1872698.88,200
1781850428,0,269880,0,563.98,200.04,1108991,2498559,64356351,717750271,1015021567,301312,1519386623,117436676.37,244806075.29,269880,10,10,10,0,0,0,0,0,0,1903615,3547135,4018175,1922138.88,200
1781850429,0,270080,0,563.22,200.02,1108991,2496511,64258047,717750271,1015021567,301312,1519386623,117351000.65,244735654.24,270080,10,10,10,0,0,0,0,0,0,1682431,2949119,3186687,1740195.84,200
1781850430,0,271310,0,564.60,1229.57,1113087,2519039,66125823,716701695,1014497279,301312,1519386623,117315381.03,244226487.44,271310,10,10,10,0,0,0,0,0,0,99352575,239730687,252051455,109494121.94,1230
1781850431,0,273170,0,567.30,1861.78,1118207,2557951,70909951,715128831,1013972991,301312,1519386623,119539455.41,245149427.77,273170,10,10,10,0,0,0,0,0,0,444858367,667942911,693108735,443955380.58,1860
1781850432,0,275295,0,570.52,2123.75,1124351,2609151,76873727,732954623,1013448703,301312,1519386623,124056414.24,249771312.16,275295,10,10,10,0,0,0,0,0,0,717750271,865075199,926941183,704714128.44,2125
1781850433,0,277371,0,573.64,2076.94,1130495,2660351,83623935,785907711,1069547519,301312,1519386623,130922413.69,261364178.69,277371,10,10,10,0,0,0,0,0,0,1020264447,1287651327,1351614463,1041411488.31,2076
1781850434,0,278759,0,575.32,1387.11,1133567,2697215,88080383,816840703,1195376639,301312,1887436799,137603336.83,277647836.87,278759,10,10,10,0,0,0,0,0,0,1469054975,1811939327,1874853887,1472685708.17,1388
1781850435,0,280351,0,577.41,1592.60,1137663,2744319,94437375,841482239,1435500543,301312,2503999487,148130257.26,310454837.42,280351,10,10,10,0,0,0,0,0,0,1923088383,2344615935,2424307711,1991392703.68,1592
1781850436,0,282086,0,579.79,1734.44,1143807,2799615,101842943,868220927,1860173823,301312,2900361215,161958296.98,356702467.06,282086,10,10,10,0,0,0,0,0,0,2466250751,2818572287,2889875455,2396370262.91,1735
1781850437,0,284170,0,582.88,2084.93,1149951,2871295,110755839,918028287,2367684607,301312,3340763135,181401888.59,422673704.21,284170,10,10,10,0,0,0,0,0,0,2896166911,3309305855,3328180223,2813246890.50,2084
1781850438,0,286061,0,585.55,1890.13,1155071,2945023,119144447,967835647,2671771647,301312,3676307455,200952888.06,485909866.33,286061,10,10,10,0,0,0,0,0,0,3401580543,3573547007,3659530239,3138979074.30,1891
1781850439,0,287550,0,587.40,1488.70,1159167,3016703,125566975,1000341503,3200253951,301312,4211081215,218201030.34,541397043.38,287550,10,10,10,0,0,0,0,0,0,3701473279,4167041023,4211081215,3531848330.57,1489
1781850440,0,288833,0,588.82,1283.56,1163263,3094527,131923967,1060110335,3460300799,301312,4760535039,236404433.72,605654343.36,288833,10,10,10,0,0,0,0,0,0,4508876799,4739563519,4756340735,4316208519.88,1283
1781850441,0,290266,0,590.54,1432.99,1167359,3192831,139460607,1171259391,3839885311,301312,5330960383,258336176.34,680216283.62,290266,10,10,10,0,0,0,0,0,0,4903141375,5087690751,5309988863,4678860262.63,1433
1781850442,0,291772,0,592.39,1505.52,1172479,3321855,149684223,1362100223,4546625535,301312,5867831295,283840182.11,765763872.14,291772,10,10,10,0,0,0,0,0,0,5293211647,5813305343,5859442687,5199474802.23,1506
1781850443,0,293503,0,594.70,1731.94,1177599,3538943,162791423,1729101823,5020581887,301312,6316621823,315667935.12,868580350.43,293503,10,10,10,0,0,0,0,0,0,5796528127,6186598399,6304038911,5680455429.18,1731
1781850444,0,295487,0,597.51,1982.86,1183743,3942399,179175423,2260729855,5591007231,301312,6731857919,353669759.55,981858867.36,295487,10,10,10,0,0,0,0,0,0,5733613567,6656360447,6706692095,5975468890.84,1984
1781850445,0,297680,0,600.73,2193.99,1190911,4624383,198836223,2579496959,5809111039,301312,7159676927,396681814.17,1099321851.66,297680,10,10,10,0,0,0,0,0,0,5846859775,7075790847,7138705407,6192168810.58,2193
1781850446,0,299612,0,603.41,1931.43,1197055,5292031,214433791,3189768191,6153043967,301312,7415529471,436069196.88,1201132803.69,299612,10,10,10,0,0,0,0,0,0,6803161087,7331643391,7373586431,6504824933.76,1932
1781850447,0,301557,0,606.11,1946.04,1204223,6000639,232914943,3548381183,6647971839,301312,7805599743,478720247.45,1310232797.30,301557,10,10,10,0,0,0,0,0,0,7440695295,7746879487,7784628223,7048780177.18,1945
1781850448,0,303423,0,608.63,1864.54,1209343,6725631,251133951,4211081215,7159676927,301312,8120172543,521818314.46,1417238699.08,303423,10,10,10,0,0,0,0,0,0,7839154175,8061452287,8090812415,7486729243.44,1866
1781850449,0,305795,0,612.17,2373.74,1217535,7634943,275251199,5007998975,7633633279,301312,8489271295,576722290.51,1543061736.43,305795,10,10,10,0,0,0,0,0,0,7872708607,8367636479,8468299775,7599963911.34,2372
1781850450,0,308160,0,615.67,2365.40,1225727,8519679,297795583,5591007231,7914651647,301312,8875147263,632848442.49,1665227543.04,308160,10,10,10,0,0,0,0,0,0,7931428863,8774483967,8858370047,7889971760.28,2365
1781850451,0,310614,0,619.33,2453.24,1233919,9363455,321912831,5792333823,7939817471,301312,9185525759,690860803.78,1782130460.37,310614,10,10,10,0,0,0,0,0,0,7868514303,9059696639,9168748543,7975738250.33,2454
1781850452,0,313556,0,623.95,2941.94,1244159,10297343,351797247,6366953471,7985954815,301312,9261023231,761709165.18,1918462621.59,313556,10,10,10,0,0,0,0,0,0,7780433919,9227468799,9252634623,8241822329.47,2942
1781850453,0,315755,0,627.08,2197.68,1251327,10960895,373293055,6874464255,8376025087,301312,9261023231,814342978.03,2013116836.49,315755,10,10,10,0,0,0,0,0,0,8296333311,9177137151,9202302975,8319412474.53,2199
1781850454,0,318446,0,631.17,2692.50,1261567,11747327,404226047,7319060479,8833204223,301312,9344909311,879790790.54,2126849584.35,318446,10,10,10,0,0,0,0,0,0,8514437119,9294577663,9328132095,8559268322.51,2691
1781850455,0,320984,0,634.95,2538.98,1269759,12533759,437518335,7633633279,9051308031,301312,9437183999,940192105.49,2224440475.22,320984,10,10,10,0,0,0,0,0,0,8552185855,9370075135,9403629567,8518819820.63,2538
1781850456,0,322730,0,637.14,1744.34,1276927,13066239,457965567,7725907967,9126805503,301312,9680453631,984438346.71,2298315187.05,322730,10,10,10,0,0,0,0,0,0,9017753599,9663676415,9680453631,9118651114.01,1746
1781850457,0,323467,0,637.34,737.31,1279999,13303807,465567743,7767851007,9168748543,301312,10292822015,1004112727.44,2332404161.84,323467,10,10,10,0,0,0,0,0,0,9479127039,10267656191,10292822015,9619462646.97,737
1781850458,0,324359,0,637.84,892.05,1283071,13606911,473169919,7813988351,9227468799,301312,11005853695,1029246921.77,2377985989.75,324359,10,10,10,0,0,0,0,0,0,9839837183,10812915711,11005853695,10143689117.27,892
1781850459,0,324620,0,637.10,261.09,1283071,13697023,475529215,7826571263,9244246015,301312,11718885375,1037714188.09,2395702242.89,324620,10,10,10,0,0,0,0,0,0,11618222079,11702108159,11718885375,11560449961.69,261
1781850460,0,324620,0,635.85,0.00,1283071,13697023,475529215,7826571263,9244246015,301312,11718885375,1037714188.09,2395702242.89,324620,10,10,10,0,0,0,0,0,0,0,0,0,0.00,0
1781850461,0,327130,0,639.51,2508.83,1292287,14475263,498335743,7910457343,9839837183,301312,13170114559,1118425711.43,2558564800.90,327130,10,10,10,0,0,0,0,0,0,11676942335,13027508223,13136560127,11556901689.73,2510
1781850462,0,327873,0,639.71,742.94,1295359,14671871,504365055,7927234559,10242490367,301312,13170114559,1141585593.36,2602230685.80,327873,10,10,10,0,0,0,0,0,0,11920211967,12977176575,13077839871,11338479502.99,743
1781850463,0,327873,0,638.47,0.00,1295359,14671871,504365055,7927234559,10242490367,301312,13170114559,1141585593.36,2602230685.80,327873,10,10,10,0,0,0,0,0,0,0,0,0,0.00,0
1781850464,0,330177,0,641.71,2303.05,1303551,15359999,523501567,8191475711,11098128383,301312,13967032319,1210253397.75,2721961214.39,330177,10,10,10,0,0,0,0,0,0,10804527103,13665042431,13899923455,10982093255.11,2304
1781850465,0,332655,0,645.27,2478.45,1312767,16089087,546308095,8497659903,11400118271,301312,13967032319,1268434962.58,2799025645.36,332655,10,10,10,0,0,0,0,0,0,8547991551,12943622143,13186891775,9020741068.35,2478
1781850466,0,332655,0,644.02,0.00,1312767,16089087,546308095,8497659903,11400118271,301312,13967032319,1268434962.58,2799025645.36,332655,10,10,10,0,0,0,0,0,0,0,0,0,0.00,0
1781850467,0,334542,0,646.42,1886.25,1319935,16711679,568328191,8531214335,11819548671,301312,19025362943,1325535679.07,2916462926.23,334542,10,10,10,0,0,0,0,0,0,8023703551,18840813567,18975031295,11391692988.85,1887
1781850468,0,341501,0,658.59,6963.48,1346559,18923519,635961343,9235857407,16835936255,301312,20619198463,1611975516.00,3535635560.42,341501,10,10,10,0,0,0,0,0,0,15963521023,19964887039,20384317439,15382079830.85,6959
1781850469,0,348962,0,671.69,7460.54,1374207,21577727,737673215,11223957503,18505269247,301312,20619198463,1917663245.82,4084481206.29,348962,10,10,10,0,0,0,0,0,0,16106127359,19897778175,20317208575,15909442554.37,7461
1781850470,0,355282,0,682.54,6317.56,1399807,23969791,843579391,12398362623,18756927487,301312,20619198463,2120732818.54,4340240285.11,355282,10,10,10,0,0,0,0,0,0,12918456319,19562233855,20115881983,13333322096.12,6320
1781850471,0,359775,0,689.85,4496.02,1418239,25690111,913309695,12826181631,18891145215,301312,20619198463,2247104553.19,4480883139.01,359775,10,10,10,0,0,0,0,0,0,10888413183,19528679423,20115881983,12239893921.30,4493
1781850472,0,360966,0,690.80,1190.50,1422335,26279935,943194111,13153337343,18891145215,301312,20619198463,2294454502.12,4548739016.76,360966,10,10,10,0,0,0,0,0,0,16584278015,17767071743,17918066687,16597836429.43,1191
1781850473,0,362467,0,692.35,1500.58,1429503,26918911,972029951,13597933567,18874367999,301312,20619198463,2351905684.39,4626466785.47,362467,10,10,10,0,0,0,0,0,0,15955132415,18069061631,18270388223,16167977276.55,1501
1781850474,0,363530,0,693.06,1063.71,1433599,27344895,986710015,13941866495,18874367999,301312,20619198463,2389660679.53,4672014548.07,363530,10,10,10,0,0,0,0,0,0,15250489343,15527313407,15569256447,15263545742.81,1063
1781850475,0,364338,0,693.28,807.82,1437695,27656191,1001914367,14302576639,18874367999,301312,20619198463,2417979104.05,4705328506.72,364338,10,10,10,0,0,0,0,0,0,15166603263,15208546303,15242100735,15158816808.55,808
1781850476,0,365154,0,693.51,815.49,1440767,28065791,1028653055,14713618431,18874367999,301312,20619198463,2447008690.60,4739929239.81,365154,10,10,10,0,0,0,0,0,0,15418261503,15560867839,15586033663,15408505635.14,816
1781850477,0,366494,0,694.74,1340.37,1446911,28753919,1084227583,15082717183,18874367999,301312,20619198463,2495068046.89,4797348618.47,366494,10,10,10,0,0,0,0,0,0,15594422271,16089350143,16139681791,15591386096.72,1340
1781850478,0,369645,0,699.38,3150.87,1460223,30343167,1371537407,15158214655,18857590783,301312,20619198463,2591234518.51,4889167178.25,369645,10,10,10,0,0,0,0,0,0,13438550015,15619588095,15720251391,13776393150.03,3151
1781850479,0,373263,0,704.89,3618.48,1475583,32325631,2031091711,15250489343,18840813567,301312,20619198463,2711533161.76,5016092252.40,373263,10,10,10,0,0,0,0,0,0,15107883007,16408117247,16601055231,15002244047.89,3618
1781850480,0,375136,0,707.10,1873.56,1483775,33325055,2376073215,15267266559,18924699647,301312,20619198463,2774113832.84,5082764408.34,375136,10,10,10,0,0,0,0,0,0,14554234879,19511902207,19763560447,15245576208.40,1873
1781850481,0,378944,0,712.93,3806.61,1501183,35651583,2969567231,15325986815,19008585727,301312,20619198463,2894819132.75,5201257307.66,378944,10,10,10,0,0,0,0,0,0,13799260159,19159580671,19461570559,14785812669.31,3808
1781850482,0,380852,0,715.17,1909.07,1510399,36863999,3317694463,15309209599,19008585727,301312,20619198463,2947287503.48,5240748747.23,380852,10,10,10,0,0,0,0,0,0,13354663935,14008975359,14025752575,13367923915.94,1908
1781850483,0,381459,0,714.97,606.96,1512447,37322751,3491758079,15309209599,19008585727,301312,20619198463,2963284124.80,5251984163.50,381459,10,10,10,0,0,0,0,0,0,12499025919,14017363967,14118027263,13000096685.34,607
1781850484,0,381459,0,713.63,0.00,1512447,37322751,3491758079,15309209599,19008585727,301312,20619198463,2963284124.80,5251984163.50,381459,10,10,10,0,0,0,0,0,0,0,0,0,0.00,0
1781850485,0,381459,0,712.30,0.00,1512447,37322751,3491758079,15309209599,19008585727,301312,20619198463,2963284124.80,5251984163.50,381459,10,10,10,0,0,0,0,0,0,0,0,0,0.00,0
1781850486,0,381459,0,710.97,0.00,1512447,37322751,3491758079,15309209599,19008585727,301312,20619198463,2963284124.80,5251984163.50,381459,10,10,10,0,0,0,0,0,0,0,0,0,0.00,0
1781850487,0,381459,0,709.65,0.00,1512447,37322751,3491758079,15309209599,19008585727,301312,20619198463,2963284124.80,5251984163.50,381459,10,10,10,0,0,0,0,0,0,0,0,0,0.00,0
1781850488,0,381459,0,708.33,0.00,1512447,37322751,3491758079,15309209599,19008585727,301312,20619198463,2963284124.80,5251984163.50,381459,10,10,10,0,0,0,0,0,0,0,0,0,0.00,0
1781850489,0,381459,0,707.02,0.00,1512447,37322751,3491758079,15309209599,19008585727,301312,20619198463,2963284124.80,5251984163.50,381459,10,10,10,0,0,0,0,0,0,0,0,0,0.00,0
1781850490,0,381459,0,705.71,0.00,1512447,37322751,3491758079,15309209599,19008585727,301312,20619198463,2963284124.80,5251984163.50,381459,10,10,10,0,0,0,0,0,0,0,0,0,0.00,0
1781850491,0,381459,0,704.41,0.00,1512447,37322751,3491758079,15309209599,19008585727,301312,20619198463,2963284124.80,5251984163.50,381459,10,10,10,0,0,0,0,0,0,0,0,0,0.00,0
1781850492,0,381459,0,703.11,0.00,1512447,37322751,3491758079,15309209599,19008585727,301312,20619198463,2963284124.80,5251984163.50,381459,10,10,10,0,0,0,0,0,0,0,0,0,0.00,0
1781850493,0,381459,0,701.82,0.00,1512447,37322751,3491758079,15309209599,19008585727,301312,20619198463,2963284124.80,5251984163.50,381459,10,10,10,0,0,0,0,0,0,0,0,0,0.00,0
1781850494,0,381459,0,700.53,0.00,1512447,37322751,3491758079,15309209599,19008585727,301312,20619198463,2963284124.80,5251984163.50,381459,10,10,10,0,0,0,0,0,0,0,0,0,0.00,0
1781850495,0,389005,0,713.08,7546.71,1548287,43089919,5431623679,15988686847,21458059263,301312,34359738367,3329716476.43,5902681283.46,389005,10,10,10,0,0,0,0,0,0,21843935231,33101447167,34108080127,21853294321.68,7546
1781850496,0,392038,0,717.32,3034.60,1561599,45809663,5683281919,16282288127,26759659519,301312,34359738367,3455839334.81,6140451873.90,392038,10,10,10,0,0,0,0,0,0,27246198783,33252442111,33621540863,19632041947.54,3033
1781850497,0,395300,0,721.97,3261.73,1576959,48889855,5964300287,17196646399,29142024191,301312,34359738367,3662434420.68,6527344079.89,395300,10,10,10,0,0,0,0,0,0,28101836799,33621540863,34040971263,28491718379.75,3262
1781850498,0,402047,0,732.95,6744.68,1609727,57769983,6937378815,18790481919,29997662207,301312,34359738367,4003425701.93,7001325506.13,402047,10,10,10,0,0,0,0,0,0,23538434047,30802968575,31692161023,23981764738.52,6747
1781850499,0,410807,0,747.56,8765.10,1652735,73007103,7667187711,19881000959,30031216639,301312,34359738367,4356239669.72,7372288872.93,410807,10,10,10,0,0,0,0,0,0,21189623807,29091692543,30115102719,20548910595.27,8760
1781850500,0,420357,0,763.55,9549.37,1701887,94044159,7935623167,21575499775,30299652095,301312,34359738367,4705321823.02,7690798199.84,420357,10,10,10,0,0,0,0,0,0,19142803455,30182211583,31423725567,19721593252.32,9550
1781850501,0,434736,0,788.24,14379.73,1778687,136708095,9110028287,23857201151,30618419199,301312,34359738367,5247919778.19,8183243875.61,434736,10,10,10,0,0,0,0,0,0,21239955455,30417092607,31977373695,21110277984.05,14379
1781850502,0,443541,0,802.75,8804.78,1827839,180617215,9781116927,25014829055,30970740735,301312,34359738367,5587055306.79,8494278506.92,443541,10,10,10,0,0,0,0,0,0,22447915007,31339839487,32413581311,22331453166.93,8805
1781850503,0,448717,0,810.65,5175.97,1856511,211025919,10586423295,25182601215,30937186303,301312,34359738367,5747047663.12,8589290529.33,448717,10,10,10,0,0,0,0,0,0,19679674367,26625441791,27313307647,19457088181.22,5176
1781850504,0,449235,0,810.12,517.81,1859583,213516287,10645143551,25165823999,30937186303,301312,34359738367,5756937479.48,8590124188.73,449235,10,10,10,0,0,0,0,0,0,16374562815,16936599551,17003708415,14323981355.49,518
1781850505,0,449312,0,808.80,77.02,1860607,213778431,10653532159,25165823999,30937186303,301312,34359738367,5758666627.44,8590522864.06,449312,10,10,10,0,0,0,0,0,0,17683185663,17716740095,17716740095,15846897584.21,77
1781850506,0,449604,0,807.87,291.82,1862655,215613439,10670309375,25165823999,30937186303,301312,34359738367,5763817457.94,8590752903.24,449604,10,10,10,0,0,0,0,0,0,10116661247,18572378111,18589155327,13689604965.70,292
1781850507,0,450626,0,808.25,1022.26,1867775,221642751,10796138495,25149046783,30937186303,301312,34359738367,5792144245.81,8602146037.92,450626,10,10,10,0,0,0,0,0,0,18840813567,18907922431,18924699647,18253824416.81,1022
1781850508,0,452884,0,810.85,2257.84,1881087,237371391,11182014463,25098715135,30920409087,301312,34359738367,5851757034.37,8622423088.11,452884,10,10,10,0,0,0,0,0,0,18337497087,18807259135,18857590783,17748600460.13,2258
1781850509,0,454336,0,812.00,1452.41,1890303,246677503,11291066367,25081937919,30920409087,301312,34359738367,5870359252.55,8615624482.81,454336,10,10,10,0,0,0,0,0,0,11785994239,14579400703,14856224767,11672457723.77,1452
1781850510,0,454748,0,811.28,412.00,1892351,249036799,11274289151,25081937919,30920409087,301312,34359738367,5874106515.87,8612639954.76,454748,10,10,10,0,0,0,0,0,0,10024386559,10980687871,11056185343,10006428423.46,412
1781850511,0,455401,0,811.00,652.68,1896447,252837887,11274289151,25065160703,30903631871,301312,34359738367,5877330027.15,8608077969.02,455401,10,10,10,0,0,0,0,0,0,8103395327,13958643711,15191769087,8122177363.50,653
1781850512,0,458345,0,814.79,2945.48,1914879,272891903,11148460031,25014829055,30903631871,301312,34359738367,5877902240.99,8583661437.55,458345,10,10,10,0,0,0,0,0,0,5960105983,10628366335,11735662591,5966416762.43,2944
1781850513,0,459320,0,815.08,975.15,1919999,275513343,11098128383,24998051839,30886854655,301312,34359738367,5867490549.95,8577615118.50,459320,10,10,10,0,0,0,0,0,0,630194175,2579496959,2736783359,972981290.80,975
1781850514,0,459736,0,814.37,415.94,1921023,273416191,11089739775,24998051839,30886854655,301312,34359738367,5864768481.11,8576490714.00,459736,10,10,10,0,0,0,0,0,0,4317183,18102616063,18203279359,2859238053.54,416
1781850515,0,462956,0,818.62,3218.71,1935359,288096255,11165237247,24947720191,30886854655,301312,34359738367,5882257018.30,8563574684.65,462956,10,10,10,0,0,0,0,0,0,8233418751,17616076799,19159580671,8379185629.97,3220
1781850516,0,463480,0,818.10,524.34,1929215,285474815,11140071423,24930942975,30870077439,301312,34359738367,5875614026.42,8561009857.10,463480,10,10,10,0,0,0,0,0,0,1392639,21299199,151912447,6505349.37,524
1781850517,0,463980,0,817.54,499.99,1925119,282591231,11114905599,24930942975,30870077439,301312,34359738367,5869286063.51,8558564572.37,463980,10,10,10,0,0,0,0,0,0,1644543,17891327,44040191,3517561.09,500
1781850518,0,464480,0,816.98,499.77,1921023,279445503,11089739775,24914165759,30870077439,301312,34359738367,5862969923.14,8556120421.12,464480,10,10,10,0,0,0,0,0,0,1527807,4296703,5238783,1844306.94,500
1781850519,0,464980,0,816.43,500.15,1916927,276561919,11064573951,24914165759,30870077439,301312,34359738367,5856667258.41,8553676255.26,464980,10,10,10,0,0,0,0,0,0,1430527,4231167,5701631,1743834.62,500
1781850520,0,465480,0,815.87,499.68,1910783,273154047,11039408127,24897388543,30870077439,301312,34359738367,5850379028.27,8551231402.68,465480,10,10,10,0,0,0,0,0,0,1474559,6373375,23232511,2576529.41,500
1781850521,0,465980,0,815.32,500.31,1905663,270270463,11014242303,24897388543,30853300223,301312,34359738367,5844103531.81,8548787008.43,465980,10,10,10,0,0,0,0,0,0,1347583,4325375,7712767,1867342.08,500
1781850522,0,466480,0,814.77,499.67,1899519,267124735,10989076479,24880611327,30853300223,301312,34359738367,5837841122.47,8546342813.87,466480,10,10,10,0,0,0,0,0,0,1215487,3520511,4919295,1526117.89,500
1781850523,0,466980,0,814.22,500.39,1895423,263585791,10963910655,24880611327,30853300223,301312,34359738367,5831593936.14,8543897347.07,466980,10,10,10,0,0,0,0,0,0,1383423,13090815,42401791,3218978.82,500
1781850524,0,467480,0,813.67,499.74,1890303,260177919,10938744831,24863834111,30853300223,301312,34359738367,5825358433.76,8541453001.29,467480,10,10,10,0,0,0,0,0,0,1250303,3891199,6443007,1648631.30,500
1781850525,0,467980,0,813.13,500.02,1885183,256114687,10913579007,24863834111,30853300223,301312,34359738367,5819136478.83,8539008490.42,467980,10,10,10,0,0,0,0,0,0,1501183,4444159,8658943,1857493.76,500
1781850526,0,468480,0,812.59,500.07,1880063,252706815,10880024575,24847056895,30853300223,301312,34359738367,5812927985.55,8536563856.49,468480,10,10,10,0,0,0,0,0,0,1402879,4780031,7241727,2026617.34,500
1781850527,0,468980,0,812.04,499.91,1874943,249954303,10854858751,24847056895,30853300223,301312,34359738367,5806732385.84,8534119469.39,468980,10,10,10,0,0,0,0,0,0,1439743,4239359,4812799,1703279.10,500
1781850528,0,469480,0,811.51,500.26,1870847,246939647,10829692927,24847056895,30853300223,301312,34359738367,5800550288.25,8531674898.46,469480,10,10,10,0,0,0,0,0,0,1515519,4849663,6402047,1990030.34,500
1781850529,0,469980,0,810.97,499.89,1866751,243269631,10804527103,24830279679,30836523007,301312,34359738367,5794381296.39,8529230396.71,469980,10,10,10,0,0,0,0,0,0,1580031,4653055,6471679,1944706.05,500
1781850530,0,470480,0,810.43,500.10,1862655,239992831,10779361279,24830279679,30836523007,301312,34359738367,5788225349.39,8526785988.87,470480,10,10,10,0,0,0,0,0,0,1520639,4018175,7331839,1881400.58,500
1781850531,0,470980,0,809.90,499.61,1857535,237371391,10762584063,24813502463,30836523007,301312,34359738367,5782082382.42,8524341702.31,470980,10,10,10,0,0,0,0,0,0,1341439,4255743,9928703,1796181.25,500
1781850532,0,471480,0,809.37,500.22,1853439,233570303,10737418239,24813502463,30836523007,301312,34359738367,5775953279.06,8521896923.40,471480,10,10,10,0,0,0,0,0,0,1386495,5119999,36700159,2583085.06,500
1781850533,0,471980,0,808.84,500.03,1848319,230555647,10720641023,24796725247,30836523007,301312,34359738367,5769836037.81,8519452988.67,471980,10,10,10,0,0,0,0,0,0,1266687,3495935,4575231,1522228.22,500
1781850534,0,472480,0,808.31,500.10,1843199,227278847,10703863807,24796725247,30836523007,301312,34359738367,5763731938.27,8517009016.14,472480,10,10,10,0,0,0,0,0,0,1295359,3915775,7581695,1706131.46,500
1781850535,0,472980,0,807.78,499.68,1839103,223346687,10687086591,24779948031,30836523007,301312,34359738367,5757640759.47,8514565139.11,472980,10,10,10,0,0,0,0,0,0,1308671,3774463,7147519,1720441.09,500
1781850536,0,473480,0,807.26,500.37,1835007,220463103,10670309375,24779948031,30836523007,301312,34359738367,5751562338.20,8512121451.55,473480,10,10,10,0,0,0,0,0,0,1372159,3659775,4227071,1618951.68,500
1781850537,0,473980,0,806.73,499.77,1829887,217972735,10636754943,24779948031,30819745791,301312,34359738367,5745496811.60,8509677844.53,473980,10,10,10,0,0,0,0,0,0,1414143,3645439,4915199,1685742.85,500
1781850538,0,474480,0,806.21,500.24,1826815,214564863,10619977727,24763170815,30819745791,301312,34359738367,5739444283.71,8507234231.85,474480,10,10,10,0,0,0,0,0,0,1483775,4550655,6074367,1889953.28,500
1781850539,0,474980,0,805.69,500.01,1822719,212205567,10586423295,24763170815,30819745791,301312,34359738367,5733404444.73,8504790806.44,474980,10,10,10,0,0,0,0,0,0,1505279,4677631,5545983,1838839.81,500
1781850540,0,475480,0,805.17,499.68,1819647,209453055,10561257471,24746393599,30819745791,301312,34359738367,5727377567.96,8502347368.13,475480,10,10,10,0,0,0,0,0,0,1704959,4184063,8478719,2085716.99,500
1781850541,0,475980,0,804.66,500.02,1815551,206307327,10536091647,24746393599,30819745791,301312,34359738367,5721362997.11,8499904342.78,475980,10,10,10,0,0,0,0,0,0,1372159,4476927,5320703,1746693.63,500
1781850542,0,476480,0,804.15,500.29,1810431,203948031,10510925823,24729616383,30819745791,301312,34359738367,5715360870.30,8497461620.98,476480,10,10,10,0,0,0,0,0,0,1350655,3575807,4681727,1576235.52,500
1781850543,0,476980,0,803.63,499.67,1806335,200802303,10477371391,24729616383,30802968575,301312,34359738367,5709372129.41,8495018554.59,476980,10,10,10,0,0,0,0,0,0,1353727,5664767,31358975,2341607.42,500
1781850544,0,477480,0,803.12,500.32,1801215,198311935,10452205567,24712839167,30802968575,301312,34359738367,5703395176.01,8492576200.31,477480,10,10,10,0,0,0,0,0,0,1304575,4028415,6426623,1620711.17,500
1781850545,0,477980,0,802.61,499.74,1797119,195035135,10418651135,24712839167,30802968575,301312,34359738367,5697430902.31,8490133943.40,477980,10,10,10,0,0,0,0,0,0,1456127,3811327,5861375,1788091.90,500
1781850546,0,478480,0,802.10,499.84,1793023,192544767,10385096703,24712839167,30802968575,301312,34359738367,5691479062.00,8487691933.49,478480,10,10,10,0,0,0,0,0,0,1328127,4147199,7589887,1757804.80,500
1781850547,0,478980,0,801.60,500.19,1788927,189399039,10359930879,24696061951,30802968575,301312,34359738367,5685539575.56,8485250207.87,478980,10,10,10,0,0,0,0,0,0,1454079,3528703,4571135,1688625.41,500
1781850548,0,479480,0,801.10,500.23,1785855,186122239,10326376447,24696061951,30802968575,301312,34359738367,5679612570.83,8482808665.19,479480,10,10,10,0,0,0,0,0,0,1565695,3614719,5148671,1779121.92,500
1781850549,0,479980,0,800.59,499.72,1780735,183500799,10301210623,24679284735,30802968575,301312,34359738367,5673697935.66,8480367364.94,479980,10,10,10,0,0,0,0,0,0,1406975,4431871,5029887,1799394.05,500
1781850550,0,481360,0,801.56,1380.77,1784831,181141503,10250878975,24662507519,30786191359,301312,34359738367,5657864505.85,8473352302.06,481360,10,10,10,0,0,0,0,0,0,121765887,364118015,393478143,150814040.12,1380
1781850551,0,483010,0,802.97,1649.61,1793023,191234047,10166992895,24645730303,30786191359,301312,34359738367,5640904076.46,8463832263.97,483010,10,10,10,0,0,0,0,0,0,760217599,916455423,944242687,692981477.00,1650
1781850552,0,484968,0,804.89,1957.01,1803263,202506239,10074718207,24612175871,30769414143,301312,34359738367,5623579637.20,8451123049.37,484968,10,10,10,0,0,0,0,0,0,1366294527,1680867327,1777336319,1349893524.79,1958
1781850553,0,485590,0,804.58,622.17,1806335,205914111,10049552383,24595398655,30769414143,301312,34359738367,5619437113.15,8446504214.90,485590,10,10,10,0,0,0,0,0,0,2403336191,2699034623,2715811839,2389547080.44,622
1781850554,0,486915,0,805.44,1325.05,1813503,213254143,9990832127,24578621439,30769414143,301312,34359738367,5612063084.73,8436201271.38,486915,10,10,10,0,0,0,0,0,0,2971664383,3426746367,3479175167,2909606886.50,1325
1781850555,0,488153,0,806.16,1237.59,1819647,219938815,9948889087,24561844223,30752636927,301312,34359738367,5607313717.50,8426028967.80,488153,10,10,10,0,0,0,0,0,0,3791650815,4013948927,4047503359,3739350758.77,1238
1781850556,0,489290,0,806.70,1137.80,1825791,227278847,9890168831,24545067007,30752636927,301312,34359738367,5604295772.29,8416473236.45,489290,10,10,10,0,0,0,0,0,0,4299161599,4726980607,4752146431,4308588639.47,1137
1781850557,0,490688,0,807.68,1397.85,1832959,236847103,9839837183,24528289791,30752636927,301312,34359738367,5602890503.40,8404530540.84,490688,10,10,10,0,0,0,0,0,0,5112856575,5632950271,5758779391,5111056445.53,1398
1781850558,0,491809,0,808.19,1120.64,1838079,243400703,9814671359,24511512575,30735859711,301312,34359738367,5603746298.81,8394974139.82,491809,10,10,10,0,0,0,0,0,0,6010437631,6396313599,6496976895,5978348026.06,1121
1781850559,0,493749,0,810.05,1940.00,1847295,255328255,9772728319,24494735359,30735859711,301312,34359738367,5607771511.69,8378724954.39,493749,10,10,10,0,0,0,0,0,0,6606028799,7176454143,7226785791,6628202398.88,1940
1781850560,0,494715,0,810.30,965.70,1852415,262799359,9730785279,24477958143,30735859711,301312,34359738367,5611226785.79,8370913489.03,494715,10,10,10,0,0,0,0,0,0,7394557951,7897874431,7923040255,7377311807.60,966
1781850561,0,497092,0,812.87,2377.93,1864703,277610495,9655287807,24444403711,30719082495,301312,34359738367,5621171645.30,8352146393.45,497092,10,10,10,0,0,0,0,0,0,7679770623,8275361791,8329887743,7690953376.04,2377
1781850562,0,499916,0,816.15,2823.80,1880063,293339135,9563013119,24394072063,30702305279,301312,34359738367,5637905270.79,8331532048.81,499916,10,10,10,0,0,0,0,0,0,8543797247,9193914367,9261023231,8583426291.67,2824
1781850563,0,503495,0,820.65,3579.35,1898495,315883519,9479127039,24360517631,30685528063,301312,34359738367,5660754811.34,8306307378.04,503495,10,10,10,0,0,0,0,0,0,8808038399,9479127039,9554624511,8852386807.13,3579
1781850564,0,506285,0,823.86,2791.03,1914879,333709311,9495904255,24326963199,30685528063,301312,34359738367,5680454712.57,8287677265.01,506285,10,10,10,0,0,0,0,0,0,9294577663,9823059967,9881780223,9235580794.40,2790
1781850565,0,509943,0,828.46,3657.81,1934335,357040127,9588178943,24276631551,30668750847,301312,34359738367,5707510271.09,8264089896.65,509943,10,10,10,0,0,0,0,0,0,9571401727,9932111871,10015997951,9452131224.42,3658
1781850566,0,513885,0,833.51,3942.52,1954815,382205951,9705619455,24226299903,30651973631,301312,34359738367,5738663286.47,8240009385.12,513885,10,10,10,0,0,0,0,0,0,9915334655,10150215679,10192158719,9768663824.50,3942
1781850567,0,516448,0,836.31,2561.21,1969151,398721023,9781116927,24192745471,30635196415,301312,34359738367,5760572592.03,8225442027.70,516448,10,10,10,0,0,0,0,0,0,10276044799,10636754943,10703863807,10153418275.76,2563
1781850568,0,518607,0,838.45,2158.61,1980415,415760383,9839837183,24159191039,30635196415,301312,34359738367,5780821028.62,8214300427.86,518607,10,10,10,0,0,0,0,0,0,10712252415,11022630911,11089739775,10624389615.16,2159
1781850569,0,522905,0,844.03,4297.74,2003967,452460543,10024386559,24092082175,30618419199,301312,34359738367,5824638737.15,8194650287.69,522905,10,10,10,0,0,0,0,0,0,11081351167,11467227135,11517558783,11111788660.27,4298
1781850570,0,525732,0,847.23,2827.16,2019327,469762047,10175381503,24058527743,30601641983,301312,34359738367,5854261503.29,8182532280.98,525732,10,10,10,0,0,0,0,0,0,11358175231,11777605631,11844714495,11333530172.31,2827
1781850571,0,528910,0,850.98,3179.34,2037759,489422847,10435428351,24008196095,30584864767,301312,34359738367,5889109220.02,8170247396.96,528910,10,10,10,0,0,0,0,0,0,11593056255,12079595519,12138315775,11653917217.19,3178
1781850572,0,531105,0,853.14,2194.45,2050047,501743615,10603200511,23974641663,30584864767,301312,34359738367,5916067550.35,8164100758.46,531105,10,10,10,0,0,0,0,0,0,12490637311,12834570239,12901679103,12411981213.80,2195
1781850573,0,535594,0,858.97,4490.34,2075647,526123007,10863247359,23890755583,30568087551,301312,34359738367,5971114183.08,8151931912.76,535594,10,10,10,0,0,0,0,0,0,12624855039,13119782911,13178503167,12483821217.62,4489
1781850574,0,537495,0,860.64,1900.91,2085887,537395199,10997465087,23857201151,30551310335,301312,34359738367,5994508993.25,8147035519.77,537495,10,10,10,0,0,0,0,0,0,12733906943,13304332287,13354663935,12585839849.24,1901
1781850575,0,540856,0,864.64,3361.24,2107391,558891007,11089739775,23806869503,30534533119,301312,34359738367,6036346752.34,8139483421.77,540856,10,10,10,0,0,0,0,0,0,13153337343,14185136127,14235467775,12727089484.09,3361
1781850576,0,541887,0,864.90,1031.12,2113535,565182463,11106516991,23790092287,30534533119,301312,34359738367,6048866955.63,8137343084.74,541887,10,10,10,0,0,0,0,0,0,14076084223,15032385535,15057551359,12616885455.58,1031
1781850577,0,542617,0,864.69,730.17,2117631,570425343,11131682815,23773315071,30534533119,301312,34359738367,6061079368.58,8138686974.62,542617,10,10,10,0,0,0,0,0,0,15200157695,15720251391,15753805823,15126487331.77,730
1781850578,0,545171,0,867.37,2552.75,2131967,587202559,11249123327,23739760639,30517755903,301312,34359738367,6099420186.70,8139992321.04,545171,10,10,10,0,0,0,0,0,0,15225323519,16131293183,16433283071,14245222735.19,2554
1781850579,0,546249,0,867.71,1078.55,2138111,594542591,11307843583,23722983423,30517755903,301312,34359738367,6120076280.09,8145260037.73,546249,10,10,10,0,0,0,0,0,0,16718495743,17330864127,17364418559,16566368571.37,1078
1781850580,0,547422,0,868.19,1172.04,2144255,601358335,11349786623,23706206207,30517755903,301312,34359738367,6142724924.89,8151252046.66,547422,10,10,10,0,0,0,0,0,0,16609443839,17934843903,17968398335,16689868635.88,1173
1781850581,0,548358,0,868.30,936.28,2150399,607649791,11383341055,23689428991,30500978687,301312,34359738367,6154706712.79,8149740202.26,548358,10,10,10,0,0,0,0,0,0,12775849983,19075694591,19360907263,13162286088.75,936
1781850582,0,550025,0,869.56,1668.01,2160639,618659839,11425284095,23672651775,30500978687,301312,34359738367,6187877498.97,8159755756.57,550025,10,10,10,0,0,0,0,0,0,17129537535,19696451583,20115881983,17099374778.74,1667
1781850583,0,550541,0,869.01,515.75,2164735,622854143,11442061311,23655874559,30500978687,301312,34359738367,6199346992.96,8164683017.80,550541,10,10,10,0,0,0,0,0,0,17314086911,20954742783,20971519999,18425138533.21,516
1781850584,0,551601,0,869.31,1060.43,2170879,629145599,11484004351,23639097343,30500978687,301312,34359738367,6224052228.54,8176614653.10,551601,10,10,10,0,0,0,0,0,0,20082327551,21676163071,21709717503,19055415527.85,1060
1781850585,0,552322,0,869.07,720.94,2174975,632815615,11509170175,23639097343,30484201471,301312,34359738367,6239332006.99,8182732124.94,552322,10,10,10,0,0,0,0,0,0,19646119935,21978152959,22347251711,17929125456.24,721
1781850586,0,552356,0,867.76,34.00,2174975,632815615,11509170175,23639097343,30484201471,301312,34359738367,6240410178.80,8183634114.52,552356,10,10,10,0,0,0,0,0,0,23756537855,23773315071,23773315071,23755057513.41,34
1781850587,0,553360,0,867.97,1003.51,2181119,638058495,11559501823,23672651775,30484201471,301312,34359738367,6265381317.80,8197599460.09,553360,10,10,10,0,0,0,0,0,0,19243466751,24360517631,24394072063,20003387742.85,1004
1781850588,0,553700,0,867.15,339.94,2183167,639631359,11584667647,23689428991,30484201471,301312,34359738367,6273880928.08,8202461027.64,553700,10,10,10,0,0,0,0,0,0,19142803455,25585254399,25602031615,20107246652.24,340
1781850589,0,553720,0,865.82,20.00,2183167,640155647,11584667647,23689428991,30484201471,301312,34359738367,6274611771.12,8203214261.62,553720,10,10,10,0,0,0,0,0,0,26508001279,26524778495,26524778495,26508001280.00,20
1781850590,0,553720,0,864.47,0.00,2183167,640155647,11584667647,23689428991,30484201471,301312,34359738367,6274611771.12,8203214261.62,553720,10,10,10,0,0,0,0,0,0,0,0,0,0.00,0
1781850591,0,553720,0,863.12,0.00,2183167,640155647,11584667647,23689428991,30484201471,301312,34359738367,6274611771.12,8203214261.62,553720,10,10,10,0,0,0,0,0,0,0,0,0,0.00,0
1781850592,0,553720,0,861.78,0.00,2183167,640155647,11584667647,23689428991,30484201471,301312,34359738367,6274611771.12,8203214261.62,553720,10,10,10,0,0,0,0,0,0,0,0,0,0.00,0
1781850593,0,553770,0,860.52,50.00,2183167,640155647,11584667647,23706206207,30484201471,301312,34359738367,6276733279.87,8205881549.95,553770,10,10,10,0,0,0,0,0,0,29779558399,29796335615,29796335615,29771169792.00,50
1781850594,0,553790,0,859.21,19.98,2185215,640679935,11584667647,23722983423,30500978687,301312,34359738367,6277617251.86,8207051611.01,553790,10,10,10,0,0,0,0,0,0,30769414143,30769414143,30769414143,30753475788.80,20
1781850595,0,553820,0,857.93,30.01,2185215,640679935,11593056255,23722983423,30500978687,301312,34359738367,6278991060.10,8208951661.33,553820,10,10,10,0,0,0,0,0,0,31641829375,31658606591,31658606591,31639033173.33,30
1781850596,0,553941,0,856.79,121.01,2185215,641728511,11593056255,23756537855,30551310335,301312,34359738367,6284747148.52,8217289073.51,553941,10,10,10,0,0,0,0,0,0,32497467391,33353105407,33353105407,32630506555.24,121
1781850597,0,553955,0,855.49,14.00,2185215,641728511,11593056255,23756537855,30568087551,301312,34359738367,6285454047.56,8218388235.32,553955,10,10,10,0,0,0,0,0,0,34259075071,34275852287,34275852287,34255479954.29,14
1781850598,0,553955,0,854.17,0.00,2185215,641728511,11593056255,23756537855,30568087551,301312,34359738367,6285454047.56,8218388235.32,553955,10,10,10,0,0,0,0,0,0,0,0,0,0.00,0
1781850599,0,553955,0,852.85,0.00,2185215,641728511,11593056255,23756537855,30568087551,301312,34359738367,6285454047.56,8218388235.32,553955,10,10,10,0,0,0,0,0,0,0,0,0,0.00,0
1781850600,0,553961,0,851.55,6.00,2185215,641728511,11593056255,23756537855,30568087551,301312,36876320767,6285785198.20,8218959675.87,553961,10,10,10,0,0,0,0,0,0,36876320767,36876320767,36876320767,36859543552.00,6
1781850601,0,553961,0,850.25,0.00,2185215,641728511,11593056255,23756537855,30568087551,301312,36876320767,6285785198.20,8218959675.87,553961,10,10,10,0,0,0,0,0,0,0,0,0,0.00,0
1781850602,0,553961,0,848.94,0.00,2185215,641728511,11593056255,23756537855,30568087551,301312,36876320767,6285785198.20,8218959675.87,553961,10,10,10,0,0,0,0,0,0,0,0,0,0.00,0
1781850603,0,553961,0,847.64,0.00,2185215,641728511,11593056255,23756537855,30568087551,301312,36876320767,6285785198.20,8218959675.87,553961,10,10,10,0,0,0,0,0,0,0,0,0,0.00,0
1781850604,0,553961,0,846.35,0.00,2185215,641728511,11593056255,23756537855,30568087551,301312,36876320767,6285785198.20,8218959675.87,553961,10,10,10,0,0,0,0,0,0,0,0,0,0.00,0
1781850605,0,553961,0,845.06,0.00,2185215,641728511,11593056255,23756537855,30568087551,301312,36876320767,6285785198.20,8218959675.87,553961,10,10,10,0,0,0,0,0,0,0,0,0,0.00,0
1781850606,0,553961,0,843.77,0.00,2185215,641728511,11593056255,23756537855,30568087551,301312,36876320767,6285785198.20,8218959675.87,553961,10,10,10,0,0,0,0,0,0,0,0,0,0.00,0
1781850607,0,553961,0,842.49,0.00,2185215,641728511,11593056255,23756537855,30568087551,301312,36876320767,6285785198.20,8218959675.87,553961,10,10,10,0,0,0,0,0,0,0,0,0,0.00,0
1781850608,0,553961,0,841.21,0.00,2185215,641728511,11593056255,23756537855,30568087551,301312,36876320767,6285785198.20,8218959675.87,553961,10,10,10,0,0,0,0,0,0,0,0,0,0.00,0
1781850609,0,553961,0,839.93,0.00,2185215,641728511,11593056255,23756537855,30568087551,301312,36876320767,6285785198.20,8218959675.87,553961,10,10,10,0,0,0,0,0,0,0,0,0,0.00,0
1781850610,0,553961,0,838.66,0.00,2185215,641728511,11593056255,23756537855,30568087551,301312,36876320767,6285785198.20,8218959675.87,553961,10,10,10,0,0,0,0,0,0,0,0,0,0.00,0
1781850611,0,553961,0,837.39,0.00,2185215,641728511,11593056255,23756537855,30568087551,301312,36876320767,6285785198.20,8218959675.87,553961,10,10,10,0,0,0,0,0,0,0,0,0,0.00,0
1781850612,0,553961,0,836.13,0.00,2185215,641728511,11593056255,23756537855,30568087551,301312,36876320767,6285785198.20,8218959675.87,553961,10,10,10,0,0,0,0,0,0,0,0,0,0.00,0
1781850613,0,553961,0,834.87,0.00,2185215,641728511,11593056255,23756537855,30568087551,301312,36876320767,6285785198.20,8218959675.87,553961,10,10,10,0,0,0,0,0,0,0,0,0,0.00,0
1781850614,0,553961,0,833.61,0.00,2185215,641728511,11593056255,23756537855,30568087551,301312,36876320767,6285785198.20,8218959675.87,553961,10,10,10,0,0,0,0,0,0,0,0,0,0.00,0
1781850615,0,553961,0,832.36,0.00,2185215,641728511,11593056255,23756537855,30568087551,301312,36876320767,6285785198.20,8218959675.87,553961,10,10,10,0,0,0,0,0,0,0,0,0,0.00,0
1781850616,0,553961,0,831.11,0.00,2185215,641728511,11593056255,23756537855,30568087551,301312,36876320767,6285785198.20,8218959675.87,553961,10,10,10,0,0,0,0,0,0,0,0,0,0.00,0
1781850617,0,553961,0,829.87,0.00,2185215,641728511,11593056255,23756537855,30568087551,301312,36876320767,6285785198.20,8218959675.87,553961,10,10,10,0,0,0,0,0,0,0,0,0,0.00,0
1781850618,0,553961,0,828.63,0.00,2185215,641728511,11593056255,23756537855,30568087551,301312,36876320767,6285785198.20,8218959675.87,553961,10,10,10,0,0,0,0,0,0,0,0,0,0.00,0
1781850619,0,553961,0,827.39,0.00,2185215,641728511,11593056255,23756537855,30568087551,301312,36876320767,6285785198.20,8218959675.87,553961,10,10,10,0,0,0,0,0,0,0,0,0,0.00,0
1781850620,0,553961,0,826.15,0.00,2185215,641728511,11593056255,23756537855,30568087551,301312,36876320767,6285785198.20,8218959675.87,553961,10,10,10,0,0,0,0,0,0,0,0,0,0.00,0
1781850621,0,553961,0,824.92,0.00,2185215,641728511,11593056255,23756537855,30568087551,301312,36876320767,6285785198.20,8218959675.87,553961,10,10,10,0,0,0,0,0,0,0,0,0,0.00,0
1781850622,0,553961,0,823.70,0.00,2185215,641728511,11593056255,23756537855,30568087551,301312,36876320767,6285785198.20,8218959675.87,553961,10,10,10,0,0,0,0,0,0,0,0,0,0.00,0
1781850623,0,553961,0,822.47,0.00,2185215,641728511,11593056255,23756537855,30568087551,301312,36876320767,6285785198.20,8218959675.87,553961,10,10,10,0,0,0,0,0,0,0,0,0,0.00,0
1781850624,0,553961,0,821.25,0.00,2185215,641728511,11593056255,23756537855,30568087551,301312,36876320767,6285785198.20,8218959675.87,553961,10,10,10,0,0,0,0,0,0,0,0,0,0.00,0
1781850625,0,553961,0,820.04,0.00,2185215,641728511,11593056255,23756537855,30568087551,301312,36876320767,6285785198.20,8218959675.87,553961,10,10,10,0,0,0,0,0,0,0,0,0,0.00,0
1781850626,0,553961,0,818.83,0.00,2185215,641728511,11593056255,23756537855,30568087551,301312,36876320767,6285785198.20,8218959675.87,553961,10,10,10,0,0,0,0,0,0,0,0,0,0.00,0
1781850627,0,553961,0,817.62,0.00,2185215,641728511,11593056255,23756537855,30568087551,301312,36876320767,6285785198.20,8218959675.87,553961,10,10,10,0,0,0,0,0,0,0,0,0,0.00,0
1781850628,0,553961,0,816.41,0.00,2185215,641728511,11593056255,23756537855,30568087551,301312,36876320767,6285785198.20,8218959675.87,553961,10,10,10,0,0,0,0,0,0,0,0,0,0.00,0
1781850629,0,553961,0,815.21,0.00,2185215,641728511,11593056255,23756537855,30568087551,301312,36876320767,6285785198.20,8218959675.87,553961,10,10,10,0,0,0,0,0,0,0,0,0,0.00,0
1781850630,0,553961,0,814.01,0.00,2185215,641728511,11593056255,23756537855,30568087551,301312,36876320767,6285785198.20,8218959675.87,553961,10,10,10,0,0,0,0,0,0,0,0,0,0.00,0
1781850631,0,553961,0,812.82,0.00,2185215,641728511,11593056255,23756537855,30568087551,301312,36876320767,6285785198.20,8218959675.87,553961,10,10,10,0,0,0,0,0,0,0,0,0,0.00,0
1781850632,0,553961,0,811.63,0.00,2185215,641728511,11593056255,23756537855,30568087551,301312,36876320767,6285785198.20,8218959675.87,553961,10,10,10,0,0,0,0,0,0,0,0,0,0.00,0
1781850633,0,553961,0,810.44,0.00,2185215,641728511,11593056255,23756537855,30568087551,301312,36876320767,6285785198.20,8218959675.87,553961,10,10,10,0,0,0,0,0,0,0,0,0,0.00,0
1781850634,0,553961,0,809.26,0.00,2185215,641728511,11593056255,23756537855,30568087551,301312,36876320767,6285785198.20,8218959675.87,553961,10,10,10,0,0,0,0,0,0,0,0,0,0.00,0
1781850635,0,553961,0,808.08,0.00,2185215,641728511,11593056255,23756537855,30568087551,301312,36876320767,6285785198.20,8218959675.87,553961,10,10,10,0,0,0,0,0,0,0,0,0,0.00,0
1781850636,0,553961,0,806.90,0.00,2185215,641728511,11593056255,23756537855,30568087551,301312,36876320767,6285785198.20,8218959675.87,553961,10,10,10,0,0,0,0,0,0,0,0,0,0.00,0
1781850637,0,553961,0,805.73,0.00,2185215,641728511,11593056255,23756537855,30568087551,301312,36876320767,6285785198.20,8218959675.87,553961,10,10,10,0,0,0,0,0,0,0,0,0,0.00,0
1781850638,0,553961,0,804.56,0.00,2185215,641728511,11593056255,23756537855,30568087551,301312,36876320767,6285785198.20,8218959675.87,553961,10,10,10,0,0,0,0,0,0,0,0,0,0.00,0
1781850639,0,553961,0,803.39,0.00,2185215,641728511,11593056255,23756537855,30568087551,301312,36876320767,6285785198.20,8218959675.87,553961,10,10,10,0,0,0,0,0,0,0,0,0,0.00,0
1781850640,0,553961,0,802.23,0.00,2185215,641728511,11593056255,23756537855,30568087551,301312,36876320767,6285785198.20,8218959675.87,553961,10,10,10,0,0,0,0,0,0,0,0,0,0.00,0
1781850641,0,553961,0,801.07,0.00,2185215,641728511,11593056255,23756537855,30568087551,301312,36876320767,6285785198.20,8218959675.87,553961,10,10,10,0,0,0,0,0,0,0,0,0,0.00,0
1781850642,0,553961,0,799.91,0.00,2185215,641728511,11593056255,23756537855,30568087551,301312,36876320767,6285785198.20,8218959675.87,553961,10,10,10,0,0,0,0,0,0,0,0,0,0.00,0
1781850643,0,553961,0,798.76,0.00,2185215,641728511,11593056255,23756537855,30568087551,301312,36876320767,6285785198.20,8218959675.87,553961,10,10,10,0,0,0,0,0,0,0,0,0,0.00,0
1781850644,0,553961,0,797.60,0.00,2185215,641728511,11593056255,23756537855,30568087551,301312,36876320767,6285785198.20,8218959675.87,553961,10,10,10,0,0,0,0,0,0,0,0,0,0.00,0
1781850645,0,553961,0,796.46,0.00,2185215,641728511,11593056255,23756537855,30568087551,301312,36876320767,6285785198.20,8218959675.87,553961,10,10,10,0,0,0,0,0,0,0,0,0,0.00,0
1781850646,0,553961,0,795.31,0.00,2185215,641728511,11593056255,23756537855,30568087551,301312,36876320767,6285785198.20,8218959675.87,553961,10,10,10,0,0,0,0,0,0,0,0,0,0.00,0
1781850647,0,553961,0,794.18,0.00,2185215,641728511,11593056255,23756537855,30568087551,301312,36876320767,6285785198.20,8218959675.87,553961,10,10,10,0,0,0,0,0,0,0,0,0,0.00,0
1781850648,0,553961,0,793.04,0.00,2185215,641728511,11593056255,23756537855,30568087551,301312,36876320767,6285785198.20,8218959675.87,553961,10,10,10,0,0,0,0,0,0,0,0,0,0.00,0
1781850649,0,553961,0,791.90,0.00,2185215,641728511,11593056255,23756537855,30568087551,301312,36876320767,6285785198.20,8218959675.87,553961,10,10,10,0,0,0,0,0,0,0,0,0,0.00,0
1781850650,0,553961,0,790.77,0.00,2185215,641728511,11593056255,23756537855,30568087551,301312,36876320767,6285785198.20,8218959675.87,553961,10,10,10,0,0,0,0,0,0,0,0,0,0.00,0
1781850651,0,553961,0,789.65,0.00,2185215,641728511,11593056255,23756537855,30568087551,301312,36876320767,6285785198.20,8218959675.87,553961,10,10,10,0,0,0,0,0,0,0,0,0,0.00,0
1781850652,0,553961,0,788.52,0.00,2185215,641728511,11593056255,23756537855,30568087551,301312,36876320767,6285785198.20,8218959675.87,553961,10,10,10,0,0,0,0,0,0,0,0,0,0.00,0
1781850653,0,553961,0,787.40,0.00,2185215,641728511,11593056255,23756537855,30568087551,301312,36876320767,6285785198.20,8218959675.87,553961,10,10,10,0,0,0,0,0,0,0,0,0,0.00,0
1781850654,0,553961,0,786.28,0.00,2185215,641728511,11593056255,23756537855,30568087551,301312,36876320767,6285785198.20,8218959675.87,553961,10,10,10,0,0,0,0,0,0,0,0,0,0.00,0
1781850655,0,553961,0,785.17,0.00,2185215,641728511,11593056255,23756537855,30568087551,301312,36876320767,6285785198.20,8218959675.87,553961,10,10,10,0,0,0,0,0,0,0,0,0,0.00,0
1781850656,0,553961,0,784.06,0.00,2185215,641728511,11593056255,23756537855,30568087551,301312,36876320767,6285785198.20,8218959675.87,553961,10,10,10,0,0,0,0,0,0,0,0,0,0.00,0
1781850657,0,553961,0,782.95,0.00,2185215,641728511,11593056255,23756537855,30568087551,301312,36876320767,6285785198.20,8218959675.87,553961,10,10,10,0,0,0,0,0,0,0,0,0,0.00,0
1781850658,0,553961,0,781.85,0.00,2185215,641728511,11593056255,23756537855,30568087551,301312,36876320767,6285785198.20,8218959675.87,553961,10,10,10,0,0,0,0,0,0,0,0,0,0.00,0
1781850659,0,553961,0,780.74,0.00,2185215,641728511,11593056255,23756537855,30568087551,301312,36876320767,6285785198.20,8218959675.87,553961,10,10,10,0,0,0,0,0,0,0,0,0,0.00,0
1781850660,0,553961,0,779.64,0.00,2185215,641728511,11593056255,23756537855,30568087551,301312,36876320767,6285785198.20,8218959675.87,553961,10,10,10,0,0,0,0,0,0,0,0,0,0.00,0
1781850661,0,553961,0,778.55,0.00,2185215,641728511,11593056255,23756537855,30568087551,301312,36876320767,6285785198.20,8218959675.87,553961,10,10,10,0,0,0,0,0,0,0,0,0,0.00,0
1781850662,0,553961,0,777.46,0.00,2185215,641728511,11593056255,23756537855,30568087551,301312,36876320767,6285785198.20,8218959675.87,553961,10,10,10,0,0,0,0,0,0,0,0,0,0.00,0
1781850663,0,553961,0,776.37,0.00,2185215,641728511,11593056255,23756537855,30568087551,301312,36876320767,6285785198.20,8218959675.87,553961,10,10,10,0,0,0,0,0,0,0,0,0,0.00,0
1781850664,0,553961,0,775.28,0.00,2185215,641728511,11593056255,23756537855,30568087551,301312,36876320767,6285785198.20,8218959675.87,553961,10,10,10,0,0,0,0,0,0,0,0,0,0.00,0
1781850665,0,553961,0,774.20,0.00,2185215,641728511,11593056255,23756537855,30568087551,301312,36876320767,6285785198.20,8218959675.87,553961,10,10,10,0,0,0,0,0,0,0,0,0,0.00,0
1781850666,0,553961,0,773.12,0.00,2185215,641728511,11593056255,23756537855,30568087551,301312,36876320767,6285785198.20,8218959675.87,553961,10,10,10,0,0,0,0,0,0,0,0,0,0.00,0
1781850667,0,553961,0,772.04,0.00,2185215,641728511,11593056255,23756537855,30568087551,301312,36876320767,6285785198.20,8218959675.87,553961,10,10,10,0,0,0,0,0,0,0,0,0,0.00,0
1781850668,0,553961,0,770.96,0.00,2185215,641728511,11593056255,23756537855,30568087551,301312,36876320767,6285785198.20,8218959675.87,553961,10,10,10,0,0,0,0,0,0,0,0,0,0.00,0
1781850669,0,553961,0,769.89,0.00,2185215,641728511,11593056255,23756537855,30568087551,301312,36876320767,6285785198.20,8218959675.87,553961,10,10,10,0,0,0,0,0,0,0,0,0,0.00,0
1781850670,0,553961,0,768.82,0.00,2185215,641728511,11593056255,23756537855,30568087551,301312,36876320767,6285785198.20,8218959675.87,553961,10,10,10,0,0,0,0,0,0,0,0,0,0.00,0
1781850671,0,553961,0,767.76,0.00,2185215,641728511,11593056255,23756537855,30568087551,301312,36876320767,6285785198.20,8218959675.87,553961,10,10,10,0,0,0,0,0,0,0,0,0,0.00,0
1781850672,0,553961,0,766.70,0.00,2185215,641728511,11593056255,23756537855,30568087551,301312,36876320767,6285785198.20,8218959675.87,553961,10,10,10,0,0,0,0,0,0,0,0,0,0.00,0
