timestamp,sent_count,received_count,error_count,total_throughput,interval_throughput,latency_ns_p25,latency_ns_p50,latency_ns_p75,latency_ns_p95,latency_ns_p99,latency_ns_min,latency_ns_max,latency_ns_mean,latency_ns_stddev,latency_sample_count,connections,active_connections,connection_attempts,connection_failures,crashes_injected,reconnects,reconnect_failures,duplicate_count,gap_count,interval_latency_ns_p50,interval_latency_ns_p95,interval_latency_ns_p99,interval_latency_ns_mean,interval_latency_sample_count
1781841973,0,0,0,0.00,0.00,0,0,0,0,0,0,0,0.00,0.00,0,1,1,1,0,0,0,0,0,0,0,0,0,0.00,0
1781841974,0,0,0,0.00,0.00,0,0,0,0,0,0,0,0.00,0.00,0,1,1,1,0,0,0,0,0,0,0,0,0,0.00,0
1781841975,0,0,0,0.00,0.00,0,0,0,0,0,0,0,0.00,0.00,0,1,1,1,0,0,0,0,0,0,0,0,0,0.00,0
1781841976,0,0,0,0.00,0.00,0,0,0,0,0,0,0,0.00,0.00,0,1,1,1,0,0,0,0,0,0,0,0,0,0.00,0
1781841977,0,0,0,0.00,0.00,0,0,0,0,0,0,0,0.00,0.00,0,1,1,1,0,0,0,0,0,0,0,0,0,0.00,0
1781841978,0,0,0,0.00,0.00,0,0,0,0,0,0,0,0.00,0.00,0,1,1,1,0,0,0,0,0,0,0,0,0,0.00,0
1781841979,0,0,0,0.00,0.00,0,0,0,0,0,0,0,0.00,0.00,0,1,1,1,0,0,0,0,0,0,0,0,0,0.00,0
1781841980,0,0,0,0.00,0.00,0,0,0,0,0,0,0,0.00,0.00,0,2,2,2,0,0,0,0,0,0,0,0,0,0.00,0
1781841981,0,0,0,0.00,0.00,0,0,0,0,0,0,0,0.00,0.00,0,2,2,2,0,0,0,0,0,0,0,0,0,0.00,0
1781841982,0,0,0,0.00,0.00,0,0,0,0,0,0,0,0.00,0.00,0,2,2,2,0,0,0,0,0,0,0,0,0,0.00,0
1781841983,0,0,0,0.00,0.00,0,0,0,0,0,0,0,0.00,0.00,0,2,2,2,0,0,0,0,0,0,0,0,0,0.00,0
1781841984,0,0,0,0.00,0.00,0,0,0,0,0,0,0,0.00,0.00,0,2,2,2,0,0,0,0,0,0,0,0,0,0.00,0
1781841985,0,0,0,0.00,0.00,0,0,0,0,0,0,0,0.00,0.00,0,2,2,2,0,0,0,0,0,0,0,0,0,0.00,0
1781841986,0,0,0,0.00,0.00,0,0,0,0,0,0,0,0.00,0.00,0,2,2,2,0,0,0,0,0,0,0,0,0,0.00,0
1781841987,0,0,0,0.00,0.00,0,0,0,0,0,0,0,0.00,0.00,0,3,3,3,0,0,0,0,0,0,0,0,0,0.00,0
1781841988,0,0,0,0.00,0.00,0,0,0,0,0,0,0,0.00,0.00,0,3,3,3,0,0,0,0,0,0,0,0,0,0.00,0
1781841989,0,0,0,0.00,0.00,0,0,0,0,0,0,0,0.00,0.00,0,3,3,3,0,0,0,0,0,0,0,0,0,0.00,0
1781841990,0,0,0,0.00,0.00,0,0,0,0,0,0,0,0.00,0.00,0,3,3,3,0,0,0,0,0,0,0,0,0,0.00,0
1781841991,0,0,0,0.00,0.00,0,0,0,0,0,0,0,0.00,0.00,0,3,3,3,0,0,0,0,0,0,0,0,0,0.00,0
1781841992,0,0,0,0.00,0.00,0,0,0,0,0,0,0,0.00,0.00,0,3,3,3,0,0,0,0,0,0,0,0,0,0.00,0
1781841993,0,0,0,0.00,0.00,0,0,0,0,0,0,0,0.00,0.00,0,3,3,3,0,0,0,0,0,0,0,0,0,0.00,0
1781841994,0,0,0,0.00,0.00,0,0,0,0,0,0,0,0.00,0.00,0,4,4,4,0,0,0,0,0,0,0,0,0,0.00,0
1781841995,0,0,0,0.00,0.00,0,0,0,0,0,0,0,0.00,0.00,0,4,4,4,0,0,0,0,0,0,0,0,0,0.00,0
1781841996,0,0,0,0.00,0.00,0,0,0,0,0,0,0,0.00,0.00,0,4,4,4,0,0,0,0,0,0,0,0,0,0.00,0
1781841997,0,0,0,0.00,0.00,0,0,0,0,0,0,0,0.00,0.00,0,4,4,4,0,0,0,0,0,0,0,0,0,0.00,0
1781841998,0,0,0,0.00,0.00,0,0,0,0,0,0,0,0.00,0.00,0,4,4,4,0,0,0,0,0,0,0,0,0,0.00,0
1781841999,0,0,0,0.00,0.00,0,0,0,0,0,0,0,0.00,0.00,0,4,4,4,0,0,0,0,0,0,0,0,0,0.00,0
1781842000,0,0,0,0.00,0.00,0,0,0,0,0,0,0,0.00,0.00,0,5,5,5,0,0,0,0,0,0,0,0,0,0.00,0
1781842001,0,0,0,0.00,0.00,0,0,0,0,0,0,0,0.00,0.00,0,5,5,5,0,0,0,0,0,0,0,0,0,0.00,0
1781842002,0,0,0,0.00,0.00,0,0,0,0,0,0,0,0.00,0.00,0,5,5,5,0,0,0,0,0,0,0,0,0,0.00,0
1781842003,0,0,0,0.00,0.00,0,0,0,0,0,0,0,0.00,0.00,0,5,5,5,0,0,0,0,0,0,0,0,0,0.00,0
1781842004,0,0,0,0.00,0.00,0,0,0,0,0,0,0,0.00,0.00,0,5,5,5,0,0,0,0,0,0,0,0,0,0.00,0
1781842005,0,0,0,0.00,0.00,0,0,0,0,0,0,0,0.00,0.00,0,5,5,5,0,0,0,0,0,0,0,0,0,0.00,0
1781842006,0,0,0,0.00,0.00,0,0,0,0,0,0,0,0.00,0.00,0,5,5,5,0,0,0,0,0,0,0,0,0,0.00,0
1781842007,0,0,0,0.00,0.00,0,0,0,0,0,0,0,0.00,0.00,0,6,6,6,0,0,0,0,0,0,0,0,0,0.00,0
1781842008,0,0,0,0.00,0.00,0,0,0,0,0,0,0,0.00,0.00,0,6,6,6,0,0,0,0,0,0,0,0,0,0.00,0
1781842009,0,0,0,0.00,0.00,0,0,0,0,0,0,0,0.00,0.00,0,6,6,6,0,0,0,0,0,0,0,0,0,0.00,0
1781842010,0,0,0,0.00,0.00,0,0,0,0,0,0,0,0.00,0.00,0,6,6,6,0,0,0,0,0,0,0,0,0,0.00,0
1781842011,0,0,0,0.00,0.00,0,0,0,0,0,0,0,0.00,0.00,0,6,6,6,0,0,0,0,0,0,0,0,0,0.00,0
1781842012,0,0,0,0.00,0.00,0,0,0,0,0,0,0,0.00,0.00,0,6,6,6,0,0,0,0,0,0,0,0,0,0.00,0
1781842013,0,0,0,0.00,0.00,0,0,0,0,0,0,0,0.00,0.00,0,6,6,6,0,0,0,0,0,0,0,0,0,0.00,0
1781842014,0,0,0,0.00,0.00,0,0,0,0,0,0,0,0.00,0.00,0,7,7,7,0,0,0,0,0,0,0,0,0,0.00,0
1781842015,0,0,0,0.00,0.00,0,0,0,0,0,0,0,0.00,0.00,0,7,7,7,0,0,0,0,0,0,0,0,0,0.00,0
1781842016,0,0,0,0.00,0.00,0,0,0,0,0,0,0,0.00,0.00,0,7,7,7,0,0,0,0,0,0,0,0,0,0.00,0
1781842017,0,0,0,0.00,0.00,0,0,0,0,0,0,0,0.00,0.00,0,7,7,7,0,0,0,0,0,0,0,0,0,0.00,0
1781842018,0,0,0,0.00,0.00,0,0,0,0,0,0,0,0.00,0.00,0,7,7,7,0,0,0,0,0,0,0,0,0,0.00,0
1781842019,0,0,0,0.00,0.00,0,0,0,0,0,0,0,0.00,0.00,0,7,7,7,0,0,0,0,0,0,0,0,0,0.00,0
1781842020,0,0,0,0.00,0.00,0,0,0,0,0,0,0,0.00,0.00,0,8,8,8,0,0,0,0,0,0,0,0,0,0.00,0
1781842021,0,0,0,0.00,0.00,0,0,0,0,0,0,0,0.00,0.00,0,8,8,8,0,0,0,0,0,0,0,0,0,0.00,0
1781842022,0,0,0,0.00,0.00,0,0,0,0,0,0,0,0.00,0.00,0,8,8,8,0,0,0,0,0,0,0,0,0,0.00,0
1781842023,0,0,0,0.00,0.00,0,0,0,0,0,0,0,0.00,0.00,0,8,8,8,0,0,0,0,0,0,0,0,0,0.00,0
1781842024,0,0,0,0.00,0.00,0,0,0,0,0,0,0,0.00,0.00,0,8,8,8,0,0,0,0,0,0,0,0,0,0.00,0
1781842025,0,0,0,0.00,0.00,0,0,0,0,0,0,0,0.00,0.00,0,8,8,8,0,0,0,0,0,0,0,0,0,0.00,0
1781842026,0,0,0,0.00,0.00,0,0,0,0,0,0,0,0.00,0.00,0,8,8,8,0,0,0,0,0,0,0,0,0,0.00,0
1781842027,0,0,0,0.00,0.00,0,0,0,0,0,0,0,0.00,0.00,0,9,9,9,0,0,0,0,0,0,0,0,0,0.00,0
1781842028,0,0,0,0.00,0.00,0,0,0,0,0,0,0,0.00,0.00,0,9,9,9,0,0,0,0,0,0,0,0,0,0.00,0
1781842029,0,0,0,0.00,0.00,0,0,0,0,0,0,0,0.00,0.00,0,9,9,9,0,0,0,0,0,0,0,0,0,0.00,0
1781842030,0,0,0,0.00,0.00,0,0,0,0,0,0,0,0.00,0.00,0,9,9,9,0,0,0,0,0,0,0,0,0,0.00,0
1781842031,0,0,0,0.00,0.00,0,0,0,0,0,0,0,0.00,0.00,0,9,9,9,0,0,0,0,0,0,0,0,0,0.00,0
1781842032,0,0,0,0.00,0.00,0,0,0,0,0,0,0,0.00,0.00,0,9,9,9,0,0,0,0,0,0,0,0,0,0.00,0
1781842033,0,0,0,0.00,0.00,0,0,0,0,0,0,0,0.00,0.00,0,9,9,9,0,0,0,0,0,0,0,0,0,0.00,0
1781842034,0,0,0,0.00,0.00,0,0,0,0,0,0,0,0.00,0.00,0,10,10,10,0,0,0,0,0,0,0,0,0,0.00,0
1781842035,0,170,0,225.04,169.90,1289215,2271231,3217407,52101119,54034431,498688,54296575,5303386.35,12007122.44,170,10,10,10,0,0,0,0,0,0,2271231,52101119,54034431,5303386.35,170
1781842036,0,370,0,210.78,200.02,1266687,2211839,3141631,4751359,53510143,498688,54296575,3581028.32,8323142.29,370,10,10,10,0,0,0,0,0,0,2154495,3637247,3729407,2117024.00,200
1781842037,0,570,0,206.88,200.04,1266687,2197503,2983935,3696639,52985855,498688,54296575,3055129.60,6767618.07,570,10,10,10,0,0,0,0,0,0,1987583,3627007,3670015,2082216.96,200
1781842038,0,770,0,205.07,200.07,1261567,2195455,2975743,3667967,52428799,498688,54296575,2815372.63,5858428.36,770,10,10,10,0,0,0,0,0,0,2191359,3622911,3962879,2132065.28,200
1781842039,0,970,0,204.00,200.00,1263615,2191359,2977791,3667967,51838975,498688,54296575,2669120.66,5246432.66,970,10,10,10,0,0,0,0,0,0,1992703,3674111,3719167,2106050.56,200
1781842040,0,1170,0,203.31,200.00,1266687,2193407,2981887,3670015,6660095,498688,54296575,2592206.11,4821354.37,1170,10,10,10,0,0,0,0,0,0,2193407,3674111,3710975,2219170.56,200
1781842041,0,1370,0,202.82,199.99,1267711,2193407,2981887,3672063,6164479,498688,54296575,2524926.51,4474318.08,1370,10,10,10,0,0,0,0,0,0,2012159,3672063,3727359,2131340.80,200
1781842042,0,1570,0,202.46,200.08,1267711,2185215,2981887,3672063,5718015,498688,54296575,2471083.21,4196255.05,1570,10,10,10,0,0,0,0,0,0,2002943,3672063,3698687,2102256.64,200
1781842043,0,1769,0,202.07,199.01,1269759,2185215,2981887,3674111,5246975,498688,54296575,2432609.25,3968381.52,1769,10,10,10,0,0,0,0,0,0,2062335,3678207,3758079,2129070.95,199
1781842044,0,1969,0,201.86,200.00,1269759,2177023,2981887,3674111,4882431,498688,54296575,2400791.66,3775960.66,1969,10,10,10,0,0,0,0,0,0,2042879,3678207,3739647,2119365.12,200
1781842045,0,2170,0,201.76,200.86,1269759,2154495,2981887,3674111,4628479,498688,54296575,2373896.73,3610118.69,2170,10,10,10,0,0,0,0,0,0,2092031,3657727,3737599,2110433.43,201
1781842046,0,2370,0,201.62,200.11,1268735,2154495,2979839,3670015,4345855,498688,54296575,2349060.75,3466486.04,2370,10,10,10,0,0,0,0,0,0,1995775,3553279,3678207,2079590.40,200
1781842047,0,2570,0,201.49,199.96,1267711,2172927,2979839,3667967,4628479,498688,54296575,2334239.78,3342766.35,2570,10,10,10,0,0,0,0,0,0,2195455,3581951,5275647,2158611.20,200
1781842048,0,2770,0,201.39,200.02,1265663,2166783,2975743,3663871,4489215,479232,54296575,2313165.72,3231454.62,2770,10,10,10,0,0,0,0,0,0,1949695,3592191,3618815,2042364.16,200
1781842049,0,2970,0,201.29,199.98,1263615,2148351,2975743,3663871,4284415,473600,54296575,2297294.52,3132120.98,2970,10,10,10,0,0,0,0,0,0,2012159,3647487,3817471,2077478.40,200
1781842050,0,3170,0,201.21,200.00,1257471,2140159,2973695,3659775,4161535,473600,54296575,2287940.44,3061883.32,3170,10,10,10,0,0,0,0,0,0,1939455,3616767,3651583,2149032.32,200
1781842051,0,3370,0,201.14,200.02,1255423,2138111,2969599,3651583,3962879,473600,54296575,2274274.98,2979777.63,3370,10,10,10,0,0,0,0,0,0,1930239,3610623,3659775,2057677.44,200
1781842052,0,3570,0,201.07,199.98,1252351,2131967,2965503,3647487,3831807,473600,54296575,2262222.38,2904965.88,3570,10,10,10,0,0,0,0,0,0,1948671,3604479,3647487,2059136.00,200
1781842053,0,3770,0,201.02,200.02,1246207,2131967,2961407,3647487,3829759,473600,54296575,2251389.22,2836353.54,3770,10,10,10,0,0,0,0,0,0,1915903,3618815,3672063,2058017.28,200
1781842054,0,3970,0,200.96,199.97,1249279,2131967,2961407,3647487,3817471,473600,54296575,2244982.52,2772886.40,3970,10,10,10,0,0,0,0,0,0,2021375,3688447,3727359,2124216.32,200
1781842055,0,4169,0,200.87,199.09,1252351,2131967,2965503,3647487,3788799,473600,54296575,2240256.80,2714435.50,4169,10,10,10,0,0,0,0,0,0,2103295,3684351,3770367,2145979.82,199
1781842056,0,4370,0,200.87,200.83,1254399,2119679,2967551,3649535,3774463,473600,54296575,2234834.31,2659627.36,4370,10,10,10,0,0,0,0,0,0,2097151,3682303,3737599,2122364.82,201
1781842057,0,4570,0,200.83,200.05,1254399,2119679,2969599,3651583,3770367,473600,54296575,2229374.71,2608869.14,4570,10,10,10,0,0,0,0,0,0,2035711,3657727,3727359,2110082.56,200
1781842058,0,4770,0,200.80,199.92,1256447,2119679,2971647,3655679,3792895,473600,54296575,2227819.77,2562272.96,4770,10,10,10,0,0,0,0,0,0,2148351,3731455,4640767,2192289.28,200
1781842059,0,4970,0,200.77,200.04,1257471,2119679,2973695,3659775,3776511,473600,54296575,2224748.89,2517991.28,4970,10,10,10,0,0,0,0,0,0,2031615,3702783,3749887,2151508.48,200
1781842060,0,5170,0,200.74,200.07,1257471,2119679,2971647,3657727,3774463,473600,54296575,2222738.57,2490340.25,5170,10,10,10,0,0,0,0,0,0,2115583,3549183,3670015,2172782.08,200
1781842061,0,5370,0,200.71,199.99,1258495,2115583,2969599,3651583,3770367,473600,54296575,2217958.35,2450561.05,5370,10,10,10,0,0,0,0,0,0,2009087,3624959,3678207,2094389.76,200
1781842062,0,5566,0,200.54,196.12,1256447,2119679,2965503,3649535,3770367,473600,54296575,2213716.72,2413912.23,5566,10,10,10,0,0,0,0,0,0,2203647,3561471,3889151,2097504.65,196
1781842063,0,5770,0,200.66,203.94,1256447,2123775,2967551,3651583,3811327,309760,54296575,2212480.11,2380505.99,5770,10,10,10,0,0,0,0,0,0,2185215,3799039,5464063,2178740.08,204
1781842064,0,5970,0,200.64,199.89,1254399,2119679,2965503,3655679,3817471,309760,54296575,2207944.00,2348454.98,5970,10,10,10,0,0,0,0,0,0,1995775,3688447,3819519,2077077.12,200
1781842065,0,6170,0,200.62,200.11,1252351,2115583,2967551,3659775,3858431,309760,54296575,2207387.38,2321385.67,6170,10,10,10,0,0,0,0,0,0,2093055,3799039,6520831,2190772.48,200
1781842066,0,6370,0,200.60,199.98,1249279,2103295,2965503,3659775,3831807,309760,54296575,2201640.63,2291533.25,6370,10,10,10,0,0,0,0,0,0,1984511,3563519,3780607,2024353.28,200
1781842067,0,6570,0,200.58,200.03,1248255,2101247,2963455,3657727,3831807,309760,54296575,2195885.41,2263026.62,6570,10,10,10,0,0,0,0,0,0,1983487,3500031,3741695,2012581.76,200
1781842068,0,6770,0,200.56,199.95,1246207,2099199,2963455,3657727,3827711,309760,54296575,2191827.83,2236152.09,6770,10,10,10,0,0,0,0,0,0,1995775,3688447,3776511,2058536.32,200
1781842069,0,6970,0,200.55,199.99,1245183,2097151,2963455,3657727,3817471,309760,54296575,2187522.19,2210385.77,6970,10,10,10,0,0,0,0,0,0,1983487,3639295,3764223,2041776.00,200
1781842070,0,7170,0,200.53,200.00,1243135,2094079,2963455,3657727,3817471,309760,54296575,2185875.05,2197522.68,7170,10,10,10,0,0,0,0,0,0,2006015,3598335,3780607,2128472.32,200
1781842071,0,7370,0,200.52,200.00,1242111,2093055,2963455,3659775,3817471,309760,54296575,2183526.68,2173981.76,7370,10,10,10,0,0,0,0,0,0,2058239,3710975,3794943,2099337.60,200
1781842072,0,7570,0,200.50,200.00,1241087,2096127,2965503,3663871,3831807,309760,54296575,2183957.96,2153690.80,7570,10,10,10,0,0,0,0,0,0,2138111,3784703,5820415,2199850.88,200
1781842073,0,7770,0,200.49,199.92,1241087,2099199,2967551,3665919,3889151,309760,54296575,2184950.48,2133745.06,7770,10,10,10,0,0,0,0,0,0,2250751,3766271,5472255,2222517.12,200
1781842074,0,7969,0,200.46,199.16,1239039,2097151,2969599,3667967,3874815,309760,54296575,2183046.38,2114234.77,7969,10,10,10,0,0,0,0,0,0,2022399,3737599,3799039,2108700.30,199
1781842075,0,8170,0,200.47,200.85,1238015,2097151,2969599,3670015,3856383,309760,54296575,2180652.73,2094109.72,8170,10,10,10,0,0,0,0,0,0,2094079,3694591,3809279,2085752.36,201
1781842076,0,8370,0,200.46,200.08,1236991,2096127,2969599,3670015,3856383,309760,54296575,2178250.78,2074952.66,8370,10,10,10,0,0,0,0,0,0,2003967,3725311,3805183,2080131.20,200
1781842077,0,8570,0,200.45,200.03,1236991,2094079,2967551,3667967,3850239,309760,54296575,2175415.26,2055750.59,8570,10,10,10,0,0,0,0,0,0,1932287,3536895,3590143,2056748.80,200
1781842078,0,8769,0,200.41,199.06,1239039,2094079,2969599,3667967,3831807,309760,54296575,2174340.77,2037638.72,8769,10,10,10,0,0,0,0,0,0,2004991,3684351,3727359,2128067.54,199
1781842079,0,8970,0,200.42,200.87,1238015,2094079,2967551,3665919,3827711,309760,54296575,2171933.48,2019703.82,8970,10,10,10,0,0,0,0,0,0,2195455,3520511,3598335,2066910.89,201
1781842080,0,9170,0,200.42,200.08,1236991,2093055,2965503,3663871,3821567,309760,54296575,2171101.08,2012674.48,9170,10,10,10,0,0,0,0,0,0,2008063,3514367,3627007,2133767.68,200
1781842081,0,9370,0,200.40,199.86,1235967,2093055,2961407,3661823,3817471,309760,54296575,2168132.49,1995797.23,9370,10,10,10,0,0,0,0,0,0,1934335,3502079,3551231,2032023.04,200
1781842082,0,9570,0,200.40,200.04,1235967,2093055,2961407,3657727,3817471,309760,54296575,2165583.96,1979496.54,9570,10,10,10,0,0,0,0,0,0,1932287,3508223,3543039,2046184.96,200
1781842083,0,9770,0,200.39,200.11,1235967,2094079,2957311,3657727,3829759,309760,54296575,2165524.84,1966101.86,9770,10,10,10,0,0,0,0,0,0,2193407,3530751,5996543,2162696.32,200
1781842084,0,9970,0,200.38,200.02,1235967,2096127,2957311,3651583,3827711,309760,54296575,2164006.66,1950929.05,9970,10,10,10,0,0,0,0,0,0,2193407,3522559,3635199,2089843.20,200
1781842085,0,10170,0,200.37,199.84,1234943,2093055,2955263,3651583,3829759,309760,54296575,2161333.55,1936593.82,10170,10,10,10,0,0,0,0,0,0,1959935,3528703,3966975,2028079.36,200
1781842086,0,10370,0,200.37,200.06,1234943,2096127,2955263,3651583,3891199,309760,54296575,2163814.77,1926534.08,10370,10,10,10,0,0,0,0,0,0,2205695,3993599,7143423,2289984.64,200
1781842087,0,10570,0,200.36,200.05,1234943,2094079,2953215,3649535,3885055,309760,54296575,2161382.76,1912965.61,10570,10,10,10,0,0,0,0,0,0,1988607,3573759,3674111,2035283.20,200
1781842088,0,10770,0,200.35,199.98,1234943,2094079,2953215,3651583,3866623,309760,54296575,2160076.69,1900080.86,10770,10,10,10,0,0,0,0,0,0,2063359,3725311,3770367,2091050.88,200
1781842089,0,10970,0,200.35,199.97,1234943,2096127,2955263,3655679,3874815,309760,54296575,2160089.42,1887948.29,10970,10,10,10,0,0,0,0,0,0,2197503,3749887,4155391,2160775.04,200
1781842090,0,11170,0,200.34,200.04,1233919,2094079,2955263,3653631,3874815,309760,54296575,2159631.33,1884590.87,11170,10,10,10,0,0,0,0,0,0,2050047,3528703,3833855,2134504.96,200
1781842091,0,11370,0,200.33,199.88,1233919,2094079,2953215,3653631,3866623,309760,54296575,2158058.66,1872455.06,11370,10,10,10,0,0,0,0,0,0,2121727,3577855,3774463,2070224.64,200
1781842092,0,11570,0,200.33,200.02,1232895,2094079,2951167,3649535,3858431,309760,54296575,2155528.10,1860151.71,11570,10,10,10,0,0,0,0,0,0,2013183,3407871,3530751,2011665.92,200
1781842093,0,11770,0,200.33,200.18,1233919,2097151,2951167,3649535,3901439,309760,54296575,2156438.52,1850873.11,11770,10,10,10,0,0,0,0,0,0,2197503,3594239,6279167,2209106.56,200
1781842094,0,11970,0,200.32,199.95,1233919,2097151,2945023,3647487,3899391,309760,54296575,2154961.82,1839936.84,11970,10,10,10,0,0,0,0,0,0,1982463,3518463,3583999,2068057.60,200
1781842095,0,12190,0,200.64,219.90,1233919,2101247,2949119,3653631,4431871,309760,54296575,2176682.40,1892131.45,12190,10,10,10,0,0,0,0,0,0,2215935,12550143,13320191,3358479.71,220
1781842096,0,12387,0,200.58,197.10,1234943,2101247,2945023,3649535,4370431,309760,54296575,2174506.08,1880723.18,12387,10,10,10,0,0,0,0,0,0,1929215,3524607,3596287,2039839.19,197
1781842097,0,12587,0,200.58,200.05,1234943,2101247,2942975,3647487,4370431,309760,54296575,2175220.19,1897012.72,12587,10,10,10,0,0,0,0,0,0,1921023,3526655,3583999,2219448.96,200
1781842098,0,12788,0,200.58,200.95,1235967,2101247,2940927,3645439,4341759,309760,54296575,2173595.60,1885740.60,12788,10,10,10,0,0,0,0,0,0,2189311,3534847,3577855,2071860.22,201
1781842099,0,12988,0,200.57,200.05,1235967,2101247,2936831,3643391,4300799,309760,54296575,2171599.44,1874772.64,12988,10,10,10,0,0,0,0,0,0,1936383,3504127,3555327,2043965.44,200
1781842100,0,13189,0,200.58,200.99,1235967,2101247,2934783,3641343,4284415,309760,54296575,2171760.24,1871104.96,13189,10,10,10,0,0,0,0,0,0,2152447,3526655,3710975,2182150.37,201
1781842101,0,13387,0,200.54,197.98,1235967,2101247,2934783,3639295,4218879,309760,54296575,2170125.49,1860858.40,13387,10,10,10,0,0,0,0,0,0,2007039,3520511,3893247,2061233.13,198
1781842102,0,13588,0,200.55,200.99,1235967,2101247,2930687,3637247,4161535,309760,54296575,2168553.36,1850582.67,13588,10,10,10,0,0,0,0,0,0,2193407,3508223,3604479,2063846.53,201
1781842103,0,13787,0,200.53,199.05,1236991,2101247,2930687,3635199,4153343,309760,54296575,2166937.46,1840639.42,13787,10,10,10,0,0,0,0,0,0,1960959,3518463,3569663,2056601.09,199
1781842104,0,13988,0,200.53,200.94,1238015,2101247,2930687,3635199,4091903,309760,54296575,2166823.06,1831834.65,13988,10,10,10,0,0,0,0,0,0,2187263,3706879,3772415,2158976.64,201
1781842105,0,14188,0,200.52,200.04,1238015,2101247,2932735,3637247,4061183,309760,54296575,2166118.13,1822555.32,14188,10,10,10,0,0,0,0,0,0,2017279,3698687,3739647,2116815.36,200
1781842106,0,14386,0,200.49,197.98,1239039,2101247,2934783,3639295,3995647,309760,54296575,2165606.37,1813744.96,14386,10,10,10,0,0,0,0,0,0,2023423,3706879,3776511,2128934.79,198
1781842107,0,14587,0,200.50,201.04,1239039,2101247,2934783,3641343,3993599,309760,54296575,2167235.04,1824189.97,14587,10,10,10,0,0,0,0,0,0,2119679,3706879,3782655,2283802.75,201
1781842108,0,14787,0,200.49,199.99,1240063,2101247,2936831,3643391,3993599,309760,54296575,2166915.51,1815540.34,14787,10,10,10,0,0,0,0,0,0,2003967,3723263,3956735,2143610.88,200
1781842109,0,14988,0,200.50,200.98,1240063,2101247,2938879,3643391,3966975,309760,54296575,2166225.82,1806854.40,14988,10,10,10,0,0,0,0,0,0,2092031,3643391,3760127,2115487.20,201
1781842110,0,15188,0,200.49,200.03,1240063,2101247,2936831,3641343,3962879,309760,54296575,2166367.17,1805196.41,15188,10,10,10,0,0,0,0,0,0,1990655,3592191,3649535,2176960.00,200
1781842111,0,15386,0,200.46,198.00,1241087,2103295,2938879,3641343,4014079,309760,54296575,2167226.82,1799072.40,15386,10,10,10,0,0,0,0,0,0,2189311,4001791,6991871,2233167.52,198
1781842112,0,15587,0,200.46,200.94,1240063,2103295,2938879,3641343,3999743,309760,54296575,2165949.41,1791047.30,15587,10,10,10,0,0,0,0,0,0,2089983,3627007,3774463,2068167.32,201
1781842113,0,15788,0,200.47,201.05,1240063,2101247,2938879,3641343,3993599,309760,54296575,2164308.93,1783186.34,15788,10,10,10,0,0,0,0,0,0,1980415,3547135,3753983,2037093.89,201
1781842114,0,15988,0,200.47,200.01,1239039,2101247,2938879,3641343,3975167,309760,54296575,2163084.23,1775536.46,15988,10,10,10,0,0,0,0,0,0,2064383,3596287,3766271,2066407.04,200
1781842115,0,16188,0,200.46,199.99,1238015,2101247,2938879,3643391,3975167,309760,54296575,2162013.29,1768198.07,16188,10,10,10,0,0,0,0,0,0,1969151,3680255,3764223,2076401.92,200
1781842116,0,16386,0,200.43,197.98,1238015,2101247,2938879,3643391,3962879,309760,54296575,2160664.79,1760975.82,16386,10,10,10,0,0,0,0,0,0,1993727,3637247,3794943,2050414.55,198
1781842117,0,16587,0,200.44,201.00,1236991,2097151,2938879,3641343,3956735,309760,54296575,2158683.13,1753583.57,16587,10,10,10,0,0,0,0,0,0,2039807,3457023,3729407,1997133.69,201
1781842118,0,16787,0,200.43,200.02,1235967,2097151,2938879,3643391,3926015,309760,54296575,2157908.85,1746637.63,16787,10,10,10,0,0,0,0,0,0,2026495,3694591,3835903,2093694.08,200
1781842119,0,16988,0,200.44,200.99,1235967,2097151,2938879,3643391,3901439,309760,54296575,2156905.51,1739749.32,16988,10,10,10,0,0,0,0,0,0,2101247,3690495,3747839,2073109.01,201
1781842120,0,17189,0,200.44,201.01,1234943,2097151,2938879,3643391,3899391,309760,54296575,2156757.43,1739385.35,17189,10,10,10,0,0,0,0,0,0,1983487,3647487,3753983,2144241.99,201
1781842121,0,17386,0,200.40,197.00,1234943,2096127,2938879,3643391,3891199,309760,54296575,2155844.37,1732852.15,17386,10,10,10,0,0,0,0,0,0,1989631,3717119,3809279,2076176.24,197
1781842122,0,17587,0,200.41,200.96,1234943,2097151,2938879,3643391,3885055,309760,54296575,2154986.96,1726090.85,17587,10,10,10,0,0,0,0,0,0,2113535,3590143,3678207,2080823.40,201
1781842123,0,17788,0,200.42,201.04,1235967,2096127,2938879,3641343,3874815,309760,54296575,2153928.47,1719450.00,17788,10,10,10,0,0,0,0,0,0,2009087,3594239,3686399,2061313.27,201
1781842124,0,17988,0,200.41,199.98,1235967,2094079,2938879,3641343,3866623,309760,54296575,2152624.74,1713272.94,17988,10,10,10,0,0,0,0,0,0,1989631,3518463,3645439,2036670.72,200
1781842125,0,18188,0,200.41,199.97,1234943,2094079,2936831,3639295,3862527,309760,54296575,2151586.73,1706918.70,18188,10,10,10,0,0,0,0,0,0,2052095,3555327,3696639,2058228.48,200
1781842126,0,18388,0,200.40,200.01,1234943,2093055,2934783,3637247,3858431,309760,54296575,2149983.52,1700622.64,18388,10,10,10,0,0,0,0,0,0,1925119,3475455,3696639,2004187.52,200
1781842127,0,18589,0,200.41,200.97,1233919,2092031,2934783,3637247,3854335,309760,54296575,2148612.38,1694586.77,18589,10,10,10,0,0,0,0,0,0,1977343,3661823,3745791,2023176.92,201
1781842128,0,18787,0,200.39,198.06,1233919,2091007,2934783,3639295,3846143,309760,54296575,2147470.21,1688809.75,18787,10,10,10,0,0,0,0,0,0,1939455,3659775,3772415,2040239.19,198
1781842129,0,18987,0,200.38,199.96,1232895,2089983,2936831,3639295,3833855,309760,54296575,2146690.75,1683161.96,18987,10,10,10,0,0,0,0,0,0,2021375,3719167,3784703,2073472.00,200
1781842130,0,19188,0,200.39,201.00,1232895,2089983,2936831,3641343,3833855,309760,54296575,2146664.57,1682591.55,19188,10,10,10,0,0,0,0,0,0,2072575,3643391,3747839,2144191.04,201
1781842131,0,19388,0,200.38,200.02,1231871,2089983,2936831,3641343,3831807,309760,54296575,2146055.63,1677049.80,19388,10,10,10,0,0,0,0,0,0,1992703,3700735,3762175,2087634.56,200
1781842132,0,19586,0,200.36,198.00,1231871,2088959,2936831,3641343,3827711,309760,54296575,2145087.84,1671637.31,19586,10,10,10,0,0,0,0,0,0,1950719,3643391,3721215,2050322.75,198
1781842133,0,19788,0,200.38,201.97,1231871,2088959,2936831,3641343,3825663,309760,54296575,2144232.65,1666131.35,19788,10,10,10,0,0,0,0,0,0,2099199,3620863,3737599,2061312.63,202
1781842134,0,19988,0,200.37,200.03,1231871,2088959,2936831,3641343,3821567,309760,54296575,2143653.10,1661160.72,19988,10,10,10,0,0,0,0,0,0,1988607,3680255,3782655,2086312.32,200
1781842135,0,20188,0,200.37,200.02,1230847,2088959,2938879,3641343,3819519,309760,54296575,2142855.52,1655927.38,20188,10,10,10,0,0,0,0,0,0,1976319,3649535,3745791,2063145.60,200
1781842136,0,20386,0,200.34,197.99,1230847,2086911,2938879,3643391,3817471,309760,54296575,2142070.08,1650885.95,20386,10,10,10,0,0,0,0,0,0,1973247,3698687,3780607,2061986.91,198
1781842137,0,20587,0,200.35,200.98,1230847,2086911,2938879,3643391,3817471,309760,54296575,2141221.95,1645778.58,20587,10,10,10,0,0,0,0,0,0,2004991,3672063,3778559,2055202.39,201
1781842138,0,20787,0,200.35,200.01,1230847,2085887,2938879,3643391,3817471,309760,54296575,2140297.35,1640739.40,20787,10,10,10,0,0,0,0,0,0,1999871,3602431,3756031,2045123.20,200
1781842139,0,20987,0,200.34,200.02,1230847,2084863,2938879,3643391,3817471,309760,54296575,2139707.37,1635864.02,20987,10,10,10,0,0,0,0,0,0,2001919,3672063,3768319,2078387.84,200
1781842140,0,21188,0,200.35,201.01,1229823,2084863,2938879,3643391,3817471,309760,54296575,2139889.98,1637056.11,21188,10,10,10,0,0,0,0,0,0,2074623,3686399,3753983,2158957.53,201
1781842141,0,21389,0,200.36,200.95,1229823,2084863,2940927,3643391,3815423,309760,54296575,2139460.98,1632295.00,21389,10,10,10,0,0,0,0,0,0,2079743,3688447,3747839,2094238.57,201
1781842142,0,21587,0,200.34,198.03,1229823,2083839,2940927,3645439,3811327,309760,54296575,2138889.33,1627539.21,21587,10,10,10,0,0,0,0,0,0,1981439,3674111,3758079,2077136.81,198
1781842143,0,21788,0,200.34,200.98,1229823,2083839,2938879,3643391,3811327,309760,54296575,2138078.35,1622504.05,21788,10,10,10,0,0,0,0,0,0,2007039,3520511,3565567,2050980.30,201
1781842144,0,21986,0,200.32,198.04,1230847,2083839,2936831,3641343,3809279,309760,54296575,2137484.70,1617686.35,21986,10,10,10,0,0,0,0,0,0,1936383,3545087,3586047,2072159.68,198
1781842145,0,22187,0,200.33,200.96,1230847,2083839,2934783,3639295,3809279,309760,54296575,2136842.79,1612823.55,22187,10,10,10,0,0,0,0,0,0,1996799,3559423,3592191,2066628.14,201
1781842146,0,22387,0,200.32,200.04,1230847,2083839,2934783,3637247,3807231,309760,54296575,2136283.03,1608090.06,22387,10,10,10,0,0,0,0,0,0,1944575,3551231,3588095,2074186.24,200
1781842147,0,22588,0,200.33,200.95,1231871,2083839,2934783,3637247,3807231,309760,54296575,2135793.18,1603398.52,22588,10,10,10,0,0,0,0,0,0,2199551,3547135,3594239,2081234.15,201
1781842148,0,22788,0,200.33,200.02,1231871,2083839,2932735,3635199,3805183,309760,54296575,2135236.06,1598810.37,22788,10,10,10,0,0,0,0,0,0,1948671,3553279,3604479,2072314.88,200
1781842149,0,22989,0,200.33,200.96,1231871,2083839,2930687,3633151,3805183,309760,54296575,2134689.33,1594265.78,22989,10,10,10,0,0,0,0,0,0,2197503,3549183,3583999,2072705.91,201
1781842150,0,23187,0,200.31,198.06,1231871,2083839,2930687,3631103,3805183,309760,54296575,2134837.12,1595160.42,23187,10,10,10,0,0,0,0,0,0,1960959,3545087,3672063,2151995.47,198
1781842151,0,23387,0,200.31,199.98,1232895,2083839,2928639,3631103,3805183,309760,54296575,2134382.55,1590819.07,23387,10,10,10,0,0,0,0,0,0,2003967,3561471,3803135,2081681.92,200
1781842152,0,23588,0,200.31,200.96,1232895,2083839,2928639,3629055,3803135,309760,54296575,2133654.62,1586390.60,23588,10,10,10,0,0,0,0,0,0,2115583,3538943,3563519,2048957.77,201
1781842153,0,23789,0,200.32,201.01,1231871,2084863,2928639,3629055,3805183,309760,54296575,2133260.39,1582495.80,23789,10,10,10,0,0,0,0,0,0,2119679,3629055,4665343,2086996.70,201
1781842154,0,23988,0,200.31,199.01,1231871,2084863,2928639,3629055,3805183,309760,54296575,2132933.39,1579036.53,23988,10,10,10,0,0,0,0,0,0,2080767,3659775,4382719,2093842.65,199
1781842155,0,24430,0,202.31,441.87,1225727,2022399,2926591,3639295,3975167,239616,54296575,2147389.70,1703473.56,24430,10,10,10,0,0,0,0,0,0,1150975,15196159,25460735,2931955.40,442
1781842156,0,24930,0,204.76,499.81,1213439,1983487,2908159,3635199,3956735,239616,54296575,2123677.69,1695455.09,24930,10,10,10,0,0,0,0,0,0,965119,1602559,1807359,965108.86,500
1781842157,0,25430,0,207.16,499.96,1195007,1956863,2895871,3629055,3913727,239616,54296575,2102956.34,1706431.63,25430,10,10,10,0,0,0,0,0,0,965631,1609727,2340863,1069789.70,500
1781842158,0,25930,0,209.53,500.16,1178623,1934335,2885631,3624959,3893247,239616,54296575,2081316.28,1697985.09,25930,10,10,10,0,0,0,0,0,0,977407,1674239,1954815,980702.72,500
1781842159,0,26430,0,211.86,500.04,1159167,1916927,2873343,3620863,3874815,239616,54296575,2060643.19,1689549.34,26430,10,10,10,0,0,0,0,0,0,986111,1674239,2062335,988536.96,500
1781842160,0,26930,0,214.15,500.15,1135615,1900543,2863103,3614719,3862527,239616,54296575,2041015.37,1689819.32,26930,10,10,10,0,0,0,0,0,0,927743,1564671,1812479,1003488.90,500
1781842161,0,27430,0,216.40,499.63,1110015,1888255,2850815,3610623,3850239,239616,54296575,2021871.82,1681295.15,27430,10,10,10,0,0,0,0,0,0,989183,1690623,2036735,990800.26,500
1781842162,0,27930,0,218.62,500.09,1065983,1871871,2836479,3608575,3854335,239616,54296575,2004015.48,1673279.53,27930,10,10,10,0,0,0,0,0,0,961535,1660927,3932159,1024416.51,500
1781842163,0,28430,0,220.81,500.19,1014783,1846271,2811903,3604479,3837951,239616,54296575,1985140.89,1665483.44,28430,10,10,10,0,0,0,0,0,0,906751,1562623,2099199,930806.27,500
1781842164,0,28930,0,222.96,500.16,983039,1798143,2770943,3600383,3833855,239616,54296575,1968179.61,1665249.39,28930,10,10,10,0,0,0,0,0,0,947199,1572863,1769471,1003761.28,500
1781842165,0,29430,0,225.08,499.67,964095,1712127,2734079,3596287,3827711,239616,54296575,1950759.02,1657195.09,29430,10,10,10,0,0,0,0,0,0,946687,1566719,1761279,942803.58,500
1781842166,0,29930,0,227.16,500.12,954367,1649663,2709503,3590143,3821567,239616,54296575,1934494.20,1648933.65,29930,10,10,10,0,0,0,0,0,0,977407,1604607,1908735,977147.14,500
1781842167,0,30430,0,229.22,500.13,947199,1627135,2691071,3588095,3821567,239616,54296575,1921153.54,1657327.78,30430,10,10,10,0,0,0,0,0,0,965631,1675263,3940351,1122581.25,500
1781842168,0,30930,0,231.24,499.63,942079,1611775,2680831,3588095,3862527,239616,54296575,1911674.39,1652557.70,30930,10,10,10,0,0,0,0,0,0,1092607,3942399,6557695,1334773.63,500
1781842169,0,31430,0,233.24,500.16,936959,1598463,2664447,3581951,3850239,239616,54296575,1897349.15,1644113.33,31430,10,10,10,0,0,0,0,0,0,993791,1671167,2000895,1011189.76,500
1781842170,0,31930,0,235.20,500.03,933375,1589247,2656255,3581951,3905535,239616,54296575,1889307.41,1652831.82,31930,10,10,10,0,0,0,0,0,0,1050623,2482175,9461759,1383803.26,500
1781842171,0,32430,0,237.14,499.80,928255,1580031,2646015,3583999,4153343,239616,54296575,1883112.64,1660908.46,32430,10,10,10,0,0,0,0,0,0,1011199,6852607,11403263,1487514.88,500
1781842172,0,32930,0,239.05,500.21,925695,1572863,2633727,3581951,4284415,239616,54296575,1873300.71,1653859.29,32930,10,10,10,0,0,0,0,0,0,1115135,2121727,5361663,1236898.82,500
1781842173,0,33430,0,240.93,500.18,920575,1564671,2619391,3577855,4218879,239616,54296575,1860124.96,1646192.58,33430,10,10,10,0,0,0,0,0,0,951807,1700863,3139583,992370.05,500
1781842174,0,33930,0,242.78,500.04,916991,1558527,2615295,3588095,5038079,235136,54296575,1871958.40,1744986.99,33930,10,10,10,0,0,0,0,0,0,1048575,14884863,27049983,2663142.40,500
1781842175,0,34430,0,244.61,499.66,912383,1550335,2603007,3581951,4964351,232448,54296575,1859651.07,1736635.38,34430,10,10,10,0,0,0,0,0,0,959487,1975295,3194879,1024475.39,500
1781842176,0,34930,0,246.41,499.93,909311,1543167,2594815,3588095,5500927,232448,54296575,1859355.69,1763531.83,34930,10,10,10,0,0,0,0,0,0,1038335,8626175,19070975,1839016.32,500
1781842177,0,35430,0,248.19,499.97,906751,1534975,2582527,3581951,5472255,232448,54296575,1849127.34,1757678.71,35430,10,10,10,0,0,0,0,0,0,1053695,1973247,2981887,1134574.34,500
1781842178,0,35930,0,249.94,500.09,903679,1523711,2570239,3577855,5398527,232448,54296575,1837515.64,1748941.83,35930,10,10,10,0,0,0,0,0,0,1002495,1661951,2082815,1014710.40,500
1781842179,0,36430,0,251.67,500.11,900095,1512447,2559999,3573759,5324799,232448,54296575,1826080.75,1740350.67,36430,10,10,10,0,0,0,0,0,0,1006591,1642495,1952767,1004370.18,500
1781842180,0,36930,0,253.37,500.15,896511,1500159,2551807,3571711,5267455,232448,54296575,1816265.34,1741455.30,36930,10,10,10,0,0,0,0,0,0,1013759,1671167,1904639,1101114.37,500
1781842181,0,37430,0,255.05,500.12,892415,1486847,2539519,3567615,5234687,232448,54296575,1805222.43,1733094.54,37430,10,10,10,0,0,0,0,0,0,1000959,1633279,1863679,989592.83,500
1781842182,0,37930,0,256.71,499.62,889343,1474559,2529279,3565567,5251071,232448,54296575,1796101.06,1725795.68,37930,10,10,10,0,0,0,0,0,0,1035775,1782783,5627903,1113275.78,500
1781842183,0,38430,0,258.34,500.22,886271,1462271,2516991,3561471,5222399,232448,54296575,1786317.54,1717445.89,38430,10,10,10,0,0,0,0,0,0,1043967,1769471,2134015,1044139.26,500
1781842184,0,38930,0,259.96,500.12,883711,1452031,2502655,3557375,5210111,232448,54296575,1779936.64,1729092.70,38930,10,10,10,0,0,0,0,0,0,1068031,2001919,3274751,1289500.67,500
1781842185,0,39430,0,261.55,500.05,880639,1442815,2480127,3557375,5267455,232448,54296575,1776704.47,1749832.22,39430,10,10,10,0,0,0,0,0,0,1042943,2791423,21315583,1525048.19,500
1781842186,0,39930,0,263.12,499.60,877567,1432575,2447359,3553279,5242879,232448,54296575,1767095.47,1741620.24,39930,10,10,10,0,0,0,0,0,0,1011199,1667071,2006015,1009329.02,500
1781842187,0,40430,0,264.67,500.17,875007,1420287,2402303,3551231,5222399,232448,54296575,1758970.61,1746582.90,40430,10,10,10,0,0,0,0,0,0,1008127,1643519,1864703,1110119.94,500
1781842188,0,40930,0,266.20,499.90,872959,1411071,2369535,3551231,5246975,232448,54296575,1751447.15,1740429.11,40930,10,10,10,0,0,0,0,0,0,1001471,2027519,6217727,1143099.52,500
1781842189,0,41430,0,267.71,499.85,870911,1404927,2357247,3555327,5709823,232448,54296575,1763356.33,1822048.06,41430,10,10,10,0,0,0,0,0,0,1137663,19480575,23101439,2738242.05,500
1781842190,0,41930,0,269.20,500.07,869375,1394687,2340863,3553279,5681151,232448,54296575,1755580.44,1818718.35,41930,10,10,10,0,0,0,0,0,0,1039359,1696767,2038783,1111270.40,500
1781842191,0,42430,0,270.68,500.17,866815,1384447,2326527,3549183,5636095,232448,54296575,1747000.14,1810250.58,42430,10,10,10,0,0,0,0,0,0,1028607,1638399,1934335,1027456.26,500
1781842192,0,42930,0,272.13,500.14,864255,1374207,2310143,3547135,5529599,232448,54296575,1738335.23,1801988.22,42930,10,10,10,0,0,0,0,0,0,1017855,1627135,1828863,1003031.04,500
1781842193,0,43430,0,273.57,499.70,862207,1364991,2299903,3545087,5500927,232448,54296575,1730011.97,1793804.33,43430,10,10,10,0,0,0,0,0,0,1012735,1641471,1969151,1015376.38,500
1781842194,0,43930,0,274.98,500.00,860159,1354751,2287615,3540991,5492735,232448,54296575,1722688.07,1791167.08,43930,10,10,10,0,0,0,0,0,0,1013759,1626111,1951743,1086534.40,500
1781842195,0,44430,0,276.38,500.38,857087,1345535,2275327,3536895,5443583,232448,54296575,1714241.06,1783347.14,44430,10,10,10,0,0,0,0,0,0,963071,1610751,1846271,972086.66,500
1781842196,0,44930,0,277.77,499.59,856575,1344511,2281471,3555327,6889471,232448,54296575,1762252.27,2086126.06,44930,10,10,10,0,0,0,0,0,0,1320959,24952831,40894463,6028528.51,500
1781842197,0,45430,0,279.13,500.01,853503,1336319,2267135,3551231,6856703,232448,54296575,1754816.75,2085235.49,45430,10,10,10,0,0,0,0,0,0,953855,1708031,2240511,1086661.12,500
1781842198,0,45930,0,280.48,499.99,850943,1330175,2258943,3551231,6864895,232448,54296575,1749141.03,2077857.74,45930,10,10,10,0,0,0,0,0,0,1028607,3385343,6864895,1233444.86,500
1781842199,0,46430,0,281.81,500.31,848895,1324031,2248703,3549183,6807551,232448,54296575,1741319.25,2068489.35,46430,10,10,10,0,0,0,0,0,0,1025023,1697791,1931263,1022810.88,500
1781842200,0,46930,0,283.13,500.12,846847,1317887,2240511,3547135,6742015,232448,54296575,1734214.58,2065856.78,46930,10,10,10,0,0,0,0,0,0,992255,1627135,1980415,1074475.01,500
1781842201,0,47430,0,284.43,499.63,844799,1313791,2230271,3543039,6688767,232448,54296575,1726681.51,2056735.14,47430,10,10,10,0,0,0,0,0,0,1016831,1721343,2001919,1019627.14,500
1781842202,0,47930,0,285.71,500.07,842751,1308671,2222079,3538943,6651903,232448,54296575,1719221.60,2047760.86,47930,10,10,10,0,0,0,0,0,0,1012223,1655807,1951743,1011574.53,500
1781842203,0,48430,0,286.98,500.24,840191,1304575,2213887,3536895,6537215,232448,54296575,1711812.96,2038937.41,48430,10,10,10,0,0,0,0,0,0,1005055,1638399,1961983,1001620.48,500
1781842204,0,48930,0,288.24,499.62,838143,1299455,2205695,3532799,6479871,232448,54296575,1705255.05,2032869.12,48930,10,10,10,0,0,0,0,0,0,1005567,1699839,2115583,1070056.06,500
1781842205,0,49430,0,289.48,500.11,836607,1296383,2197503,3530751,6443007,232448,54296575,1698257.51,2024214.90,49430,10,10,10,0,0,0,0,0,0,1011711,1681407,1915903,1013478.53,500
1781842206,0,49930,0,290.71,500.21,834559,1293311,2183167,3528703,6377471,232448,54296575,1691505.86,2015665.68,49930,10,10,10,0,0,0,0,0,0,1028095,1700863,2015231,1024037.38,500
1781842207,0,50430,0,291.92,499.65,831487,1288191,2162687,3526655,6320127,232448,54296575,1684722.57,2009608.47,50430,10,10,10,0,0,0,0,0,0,945663,1678335,2075647,1007343.23,500
1781842208,0,50930,0,293.11,500.12,829439,1285119,2138111,3522559,6279167,232448,54296575,1678343.31,2001343.58,50930,10,10,10,0,0,0,0,0,0,1003519,1737727,2717695,1034931.58,500
1781842209,0,51430,0,294.30,499.95,826879,1282047,2109439,3520511,6225919,232448,54296575,1671427.10,1993247.94,51430,10,10,10,0,0,0,0,0,0,977919,1588223,1811455,966941.70,500
1781842210,0,51930,0,295.47,500.33,824319,1277951,2078719,3518463,6209535,232448,54296575,1665513.83,1990874.27,51930,10,10,10,0,0,0,0,0,0,983039,1591295,1841151,1057275.39,500
1781842211,0,52430,0,296.62,499.69,822271,1275903,2044927,3520511,6299647,232448,54296575,1663095.05,1987318.86,52430,10,10,10,0,0,0,0,0,0,1043455,5214207,8724479,1411879.81,500
1781842212,0,52930,0,297.77,499.99,820223,1273855,2024447,3522559,6479871,232448,54296575,1662111.48,1988572.21,52930,10,10,10,0,0,0,0,0,0,1002495,5931007,11173887,1558974.46,500
1781842213,0,53430,0,298.90,500.29,818175,1270783,2011135,3522559,6475775,228608,54296575,1658646.48,1982588.11,53430,10,10,10,0,0,0,0,0,0,1018367,3969023,6217727,1291841.66,500
1781842214,0,53930,0,300.02,499.73,815103,1267711,1995775,3520511,6467583,189184,54296575,1653067.21,1980718.71,53930,10,10,10,0,0,0,0,0,0,944639,1600511,1935359,1056866.43,500
1781842215,0,54221,0,299.97,291.18,815103,1267711,1998847,3522559,6443007,189184,54296575,1653918.72,1977536.06,54221,10,10,10,0,0,0,0,0,0,1449983,4558847,5238783,1811726.08,291
1781842216,0,54421,0,299.42,200.02,816127,1268735,2004991,3522559,6418431,189184,54296575,1655166.73,1974905.46,54421,10,10,10,0,0,0,0,0,0,1975295,3457023,3813375,1993509.12,200
1781842217,0,54622,0,298.88,200.99,816639,1269759,2012159,3522559,6414335,189184,54296575,1656444.62,1972263.99,54622,10,10,10,0,0,0,0,0,0,1977343,3479551,3702783,2002433.27,201
1781842218,0,54823,0,298.35,200.98,817663,1271807,2022399,3520511,6377471,189184,54296575,1657725.17,1969623.18,54823,10,10,10,0,0,0,0,0,0,1963007,3477503,3663871,2005717.33,201
1781842219,0,55021,0,297.81,198.00,818687,1272831,2033663,3520511,6365183,189184,54296575,1659044.17,1967059.65,55021,10,10,10,0,0,0,0,0,0,2045951,3493887,3774463,2024252.77,198
1781842220,0,55221,0,297.28,200.02,819199,1273855,2051071,3520511,6348799,189184,54296575,1660680.12,1966230.01,55221,10,10,10,0,0,0,0,0,0,2034687,3477503,3741695,2110739.84,200
1781842221,0,55422,0,296.76,200.99,820223,1274879,2072575,3520511,6324223,189184,54296575,1661925.79,1963638.58,55422,10,10,10,0,0,0,0,0,0,1977343,3483647,3733503,2004150.77,201
1781842222,0,55623,0,296.25,201.02,820735,1275903,2083839,3518463,6320127,189184,54296575,1663166.54,1961057.95,55623,10,10,10,0,0,0,0,0,0,2001919,3467263,3762175,2005279.20,201
1781842223,0,55821,0,295.73,198.02,821759,1277951,2095103,3520511,6299647,189184,54296575,1664747.16,1958788.89,55821,10,10,10,0,0,0,0,0,0,2105343,3590143,5607423,2108780.61,198
1781842224,0,56021,0,295.23,199.97,822271,1278975,2105343,3518463,6283263,189184,54296575,1666022.30,1956370.08,56021,10,10,10,0,0,0,0,0,0,1958911,3473407,3520511,2021921.92,200
1781842225,0,56221,0,294.73,200.02,823807,1279999,2113535,3520511,6275071,189184,54296575,1667468.12,1953914.21,56221,10,10,10,0,0,0,0,0,0,2095103,3545087,3801087,2072448.00,200
1781842226,0,56422,0,294.24,200.97,824831,1281023,2121727,3520511,6238207,189184,54296575,1668923.99,1951410.23,56422,10,10,10,0,0,0,0,0,0,1985535,3573759,3639295,2076140.90,201
1781842227,0,56623,0,293.76,201.00,825855,1282047,2129919,3520511,6225919,189184,54296575,1670313.26,1948899.57,56623,10,10,10,0,0,0,0,0,0,2009087,3629055,3678207,2060291.82,201
1781842228,0,56823,0,293.27,200.00,826879,1284095,2136063,3520511,6217727,189184,54296575,1671725.44,1946415.10,56823,10,10,10,0,0,0,0,0,0,1985535,3616767,3657727,2071534.08,200
1781842229,0,57021,0,292.78,197.98,827391,1285119,2142207,3522559,6209535,189184,54296575,1673233.94,1944017.66,57021,10,10,10,0,0,0,0,0,0,2051071,3645439,3684351,2106149.49,198
1781842230,0,57222,0,292.32,201.06,828415,1286143,2150399,3522559,6197247,189184,54296575,1674951.49,1943640.46,57222,10,10,10,0,0,0,0,0,0,2030591,3643391,3713023,2162197.01,201
1781842231,0,57421,0,291.84,198.99,829439,1288191,2156543,3522559,6189055,189184,54296575,1676218.78,1941144.01,57421,10,10,10,0,0,0,0,0,0,2101247,3379199,3760127,2040624.88,199
1781842232,0,57622,0,291.38,200.98,829951,1289215,2160639,3522559,6176767,189184,54296575,1677538.74,1938687.00,57622,10,10,10,0,0,0,0,0,0,2004991,3655679,3717119,2054620.98,201
1781842233,0,57823,0,290.93,201.02,830975,1291263,2168831,3522559,6172671,189184,54296575,1678963.25,1936278.79,57823,10,10,10,0,0,0,0,0,0,2042879,3672063,3696639,2087337.39,201
1781842234,0,58020,0,290.46,196.99,832511,1292287,2177023,3522559,6164479,189184,54296575,1680539.85,1933994.89,58020,10,10,10,0,0,0,0,0,0,2125823,3702783,3878911,2143300.87,197
1781842235,0,58221,0,290.01,200.98,833023,1293311,2183167,3522559,6139903,189184,54296575,1681847.03,1931587.74,58221,10,10,10,0,0,0,0,0,0,2144255,3530751,3608575,2059173.57,201
1781842236,0,58422,0,289.57,200.99,834047,1294335,2189311,3522559,6094847,189184,54296575,1683185.32,1929212.92,58422,10,10,10,0,0,0,0,0,0,2058239,3545087,3768319,2070829.85,201
1781842237,0,58622,0,289.13,200.04,835071,1295359,2193407,3524607,6070271,189184,54296575,1684454.19,1926821.51,58622,10,10,10,0,0,0,0,0,0,1941503,3524607,3579903,2055104.00,200
1781842238,0,58821,0,288.69,198.95,836095,1297407,2197503,3524607,6094847,189184,54296575,1686419.07,1925253.77,58821,10,10,10,0,0,0,0,0,0,2209791,4235263,7122943,2265238.51,199
1781842239,0,59021,0,288.25,200.04,836607,1298431,2199551,3526655,6176767,189184,54296575,1689037.73,1925193.63,59021,10,10,10,0,0,0,0,0,0,2297855,3784703,9617407,2459197.44,200
1781842240,0,59222,0,287.83,201.00,837631,1300479,2203647,3526655,6172671,189184,54296575,1690674.41,1925338.66,59222,10,10,10,0,0,0,0,0,0,2026495,3684351,3792895,2171265.91,201
1781842241,0,59423,0,287.41,201.01,838655,1301503,2207743,3526655,6164479,189184,54296575,1692159.77,1923090.04,59423,10,10,10,0,0,0,0,0,0,2121727,3698687,3835903,2129800.28,201
1781842242,0,59621,0,286.98,197.97,839167,1302527,2209791,3526655,6152191,189184,54296575,1693240.29,1920782.66,59621,10,10,10,0,0,0,0,0,0,2004991,3495935,3780607,2017520.48,198
1781842243,0,59822,0,286.57,201.02,840191,1304575,2211839,3526655,6098943,189184,54296575,1694293.94,1918448.78,59822,10,10,10,0,0,0,0,0,0,1966079,3493887,3723263,2006831.12,201
1781842244,0,60022,0,286.15,199.99,840703,1305599,2211839,3526655,6094847,189184,54296575,1695469.52,1916380.25,60022,10,10,10,0,0,0,0,0,0,2010111,3528703,4134911,2047098.24,200
1781842245,0,60221,0,285.74,198.99,841215,1306623,2213887,3526655,6070271,189184,54296575,1696545.63,1914101.63,60221,10,10,10,0,0,0,0,0,0,2065407,3506175,3735551,2021117.43,199
1781842246,0,60422,0,285.34,201.03,841727,1308671,2215935,3526655,6045695,189184,54296575,1697550.10,1911796.12,60422,10,10,10,0,0,0,0,0,0,1975295,3463167,3725311,1998498.39,201
1781842247,0,60623,0,284.94,200.97,842239,1309695,2217983,3524607,6045695,189184,54296575,1698480.29,1909459.63,60623,10,10,10,0,0,0,0,0,0,1883135,3452927,3575807,1978099.90,201
1781842248,0,60821,0,284.54,198.04,842751,1310719,2220031,3526655,6029311,189184,54296575,1699665.69,1907285.64,60821,10,10,10,0,0,0,0,0,0,2063359,3581951,3805183,2062609.45,198
1781842249,0,61021,0,284.14,199.99,843263,1312767,2222079,3524607,6021119,189184,54296575,1700755.33,1905033.92,61021,10,10,10,0,0,0,0,0,0,2109439,3483647,3620863,2032120.32,200
1781842250,0,61222,0,283.76,200.99,843775,1313791,2224127,3524607,6017023,189184,54296575,1702009.24,1904421.70,61222,10,10,10,0,0,0,0,0,0,1997823,3487743,3784703,2082681.00,201
1781842251,0,61423,0,283.38,201.00,844799,1314815,2226175,3524607,6012927,189184,54296575,1703019.47,1902188.99,61423,10,10,10,0,0,0,0,0,0,1986559,3493887,3784703,2010720.16,201
1781842252,0,61621,0,282.98,197.99,845311,1316863,2228223,3524607,5996543,189184,54296575,1704010.46,1899993.61,61621,10,10,10,0,0,0,0,0,0,2057215,3495935,3747839,2011432.08,198
1781842253,0,61822,0,282.61,200.99,845311,1317887,2230271,3524607,5980159,189184,54296575,1705117.68,1897819.12,61822,10,10,10,0,0,0,0,0,0,2150399,3534847,3796991,2044560.56,201
1781842254,0,62023,0,282.24,200.99,845823,1318911,2232319,3524607,5971967,189184,54296575,1706085.50,1895750.66,62023,10,10,10,0,0,0,0,0,0,1892351,3508223,3702783,2003760.40,201
1781842255,0,62223,0,281.87,200.03,846335,1320959,2234367,3524607,5959679,189184,54296575,1707286.60,1893695.51,62223,10,10,10,0,0,0,0,0,0,2099199,3573759,4292607,2079767.68,200
1781842256,0,62421,0,281.49,197.98,846847,1321983,2236415,3524607,5935103,189184,54296575,1708325.03,1891572.58,62421,10,10,10,0,0,0,0,0,0,2041855,3524607,3792895,2034656.97,198
1781842257,0,62622,0,281.13,200.99,847359,1324031,2238463,3524607,5931007,189184,54296575,1709225.36,1889377.09,62622,10,10,10,0,0,0,0,0,0,1931263,3504127,3643391,1988826.43,201
1781842258,0,62822,0,280.76,200.06,847871,1325055,2240511,3524607,5914623,189184,54296575,1710254.47,1887254.78,62822,10,10,10,0,0,0,0,0,0,1993727,3506175,3768319,2032478.72,200
1781842259,0,63023,0,280.41,200.98,847871,1327103,2242559,3524607,5902335,189184,54296575,1711258.52,1885130.12,63023,10,10,10,0,0,0,0,0,0,1985535,3516415,3743743,2025072.72,201
1781842260,0,63221,0,280.04,198.02,848383,1328127,2244607,3524607,5890047,189184,54296575,1712534.91,1885082.02,63221,10,10,10,0,0,0,0,0,0,1982463,3530751,3792895,2118806.63,198
1781842261,0,63421,0,279.69,200.00,848895,1330175,2246655,3524607,5869567,189184,54296575,1713619.53,1883000.13,63421,10,10,10,0,0,0,0,0,0,2103295,3559423,3768319,2056472.32,200
1781842262,0,63622,0,279.34,200.98,849407,1332223,2250751,3524607,5840895,189184,54296575,1714621.68,1880905.40,63622,10,10,10,0,0,0,0,0,0,2033663,3506175,3776511,2030826.99,201
1781842263,0,63823,0,279.00,201.03,849919,1334271,2252799,3524607,5844991,189184,54296575,1715879.21,1879190.23,63823,10,10,10,0,0,0,0,0,0,2091007,3645439,5844991,2113923.18,201
1781842264,0,64023,0,278.66,200.00,850431,1335295,2254847,3524607,5824511,189184,54296575,1716907.96,1877154.09,64023,10,10,10,0,0,0,0,0,0,2071551,3530751,3776511,2045198.72,200
1781842265,0,64223,0,278.32,200.00,850943,1338367,2258943,3524607,5824511,189184,54296575,1717924.23,1875108.17,64223,10,10,10,0,0,0,0,0,0,2148351,3536895,3583999,2043246.72,200
1781842266,0,64421,0,277.97,197.97,851455,1339391,2260991,3524607,5820415,189184,54296575,1718903.29,1873073.31,64421,10,10,10,0,0,0,0,0,0,2089983,3534847,3600383,2036467.72,198
1781842267,0,64622,0,277.64,201.00,851455,1341439,2263039,3524607,5799935,189184,54296575,1719904.35,1871031.14,64622,10,10,10,0,0,0,0,0,0,2065407,3534847,3776511,2040748.58,201
1781842268,0,64822,0,277.31,200.03,851967,1343487,2265087,3524607,5824511,189184,54296575,1721296.29,1869582.99,64822,10,10,10,0,0,0,0,0,0,2111487,3674111,6410239,2171045.12,200
1781842269,0,65023,0,276.98,200.97,851967,1344511,2269183,3524607,5808127,189184,54296575,1722206.94,1867528.89,65023,10,10,10,0,0,0,0,0,0,2012159,3487743,3717119,2015891.10,201
1781842270,0,65221,0,276.65,197.99,852991,1346559,2273279,3524607,5799935,189184,54296575,1723441.63,1867698.91,65221,10,10,10,0,0,0,0,0,0,2023423,3481599,3815423,2128910.87,198
1781842271,0,65421,0,276.32,200.01,852991,1348607,2275327,3524607,5795839,189184,54296575,1724354.60,1865682.45,65421,10,10,10,0,0,0,0,0,0,1996799,3514367,3710975,2022078.72,200
1781842272,0,65621,0,276.00,200.03,853503,1350655,2277375,3526655,5750783,189184,54296575,1725485.30,1863878.46,65621,10,10,10,0,0,0,0,0,0,2113535,3557375,4796415,2095344.00,200
1781842273,0,65823,0,275.69,202.01,854015,1352703,2281471,3524607,5742591,189184,54296575,1726377.86,1861863.01,65823,10,10,10,0,0,0,0,0,0,1988607,3467263,3774463,2016332.04,202
1781842274,0,66022,0,275.37,198.97,854015,1353727,2283519,3524607,5742591,189184,54296575,1727357.27,1860285.28,66022,10,10,10,0,0,0,0,0,0,2061311,3540991,4222975,2051315.78,199
1781842275,0,66740,0,277.21,717.71,858111,1372159,2322431,3581951,23281663,189184,317194239,2928605.53,14923262.22,66740,10,10,10,0,0,0,0,0,0,91684863,290455551,316145663,113386561.60,718
1781842276,0,67290,0,278.34,549.92,861183,1384447,2361343,3657727,157155327,189184,554172415,5523355.04,34503408.23,67290,10,10,10,0,0,0,0,0,0,319815679,535560191,553123839,320384413.32,550
1781842277,0,67974,0,280.01,684.48,864767,1401855,2449407,3731455,435421183,189184,984088575,11730403.75,73173138.62,67974,10,10,10,0,0,0,0,0,0,607649791,958398463,983564287,622362432.37,684
1781842278,0,68940,0,282.83,965.50,870399,1421311,2519039,6299647,797442047,189184,1195376639,23401718.89,123834642.08,68940,10,10,10,0,0,0,0,0,0,826277887,1160773631,1194328063,844670844.55,966
1781842279,0,69490,0,283.92,550.11,872959,1432575,2545663,20267007,1005584383,189184,1407188991,32497701.63,160414414.27,69490,10,10,10,0,0,0,0,0,0,1173356543,1388314623,1406140415,1172637792.81,550
1781842280,0,70040,0,285.00,550.10,876031,1442815,2570239,135004159,1212153855,189184,1617952767,43110660.26,199771307.32,70040,10,10,10,0,0,0,0,0,0,1384120319,1600126975,1616904191,1384009742.89,550
1781842281,0,71140,0,288.30,1099.20,882175,1461247,2641919,544210943,1632632831,189184,2045771775,68803073.37,285990277.40,71140,10,10,10,0,0,0,0,0,0,1701838847,2002780159,2037383167,1704709086.49,1100
1781842282,0,71690,0,289.36,550.32,884735,1470463,2674687,748683263,1844445183,189184,2250244095,83744460.12,331938069.23,71690,10,10,10,0,0,0,0,0,0,2016411647,2233466879,2250244095,2016344920.44,550
1781842283,0,72240,0,290.41,549.81,888319,1478655,2713599,950009855,2051014655,189184,2466250751,100102351.43,379953189.38,72240,10,10,10,0,0,0,0,0,0,2233466879,2449473535,2466250751,2232279129.37,550
1781842284,0,73340,0,293.65,1099.82,894975,1496063,2820095,1358954495,2476736511,189184,2896166911,136936142.02,481399961.82,73340,10,10,10,0,0,0,0,0,0,2554331135,2852126719,2887778303,2555911626.01,1100
1781842285,0,73890,0,294.67,550.31,898047,1504255,2854911,1557135359,2688548863,189184,3103784959,157272870.30,534143279.90,73890,10,10,10,0,0,0,0,0,0,2868903935,3084910591,3101687807,2869083147.17,550
1781842286,0,74440,0,295.68,549.68,901119,1513471,2879487,1760559103,2894069759,189184,3307208703,178826954.23,588007634.39,74440,10,10,10,0,0,0,0,0,0,3074424831,3290431487,3307208703,3074520157.09,550
1781842287,0,75540,0,298.87,1099.87,907775,1530879,2953215,2155872255,3307208703,189184,3728736255,225563891.86,699268446.00,75540,10,10,10,0,0,0,0,0,0,3386900479,3684696063,3720347647,3388379925.41,1100
1781842288,0,76090,0,299.86,550.30,910847,1539071,2990079,2363490303,3514826751,189184,3942645759,250744640.81,756745935.76,76090,10,10,10,0,0,0,0,0,0,3709861887,3925868543,3942645759,3709206051.37,550
1781842289,0,76640,0,300.84,549.75,914431,1546239,3022847,2562719743,3726639103,189184,4154458111,277080579.33,815256290.38,76640,10,10,10,0,0,0,0,0,0,3921674239,4137680895,4152360959,3920537964.92,550
1781842290,0,77725,0,303.90,1085.88,921087,1559551,3106815,2948595711,4146069503,189184,4580179967,332395402.80,933762102.63,77725,10,10,10,0,0,0,0,0,0,4240441343,4534042623,4571791359,4239610214.64,1085
1781842291,0,78290,0,304.92,564.63,924159,1566719,3158015,3154116607,4357881855,189184,4794089471,362825291.53,996579578.48,78290,10,10,10,0,0,0,0,0,0,4555014143,4777312255,4794089471,4548954673.84,565
1781842292,0,78840,0,305.87,550.30,927231,1572863,3188735,3349151743,4571791359,189184,5003804671,393558284.83,1058688530.28,78840,10,10,10,0,0,0,0,0,0,4768923647,4987027455,5003804671,4768260185.37,550
1781842293,0,79390,0,306.82,549.70,931327,1580031,3215359,3554672639,4785700863,189184,5226102783,425399630.58,1121837824.19,79390,10,10,10,0,0,0,0,0,0,4991221759,5209325567,5221908479,4989711810.56,550
1781842294,0,80490,0,309.87,1100.64,937983,1594367,3303423,3953131519,5221908479,189184,5674893311,492413629.36,1251341837.78,80490,10,10,10,0,0,0,0,0,0,5330960383,5628755967,5666504703,5328996687.13,1100
1781842295,0,81040,0,310.79,549.71,941567,1601535,3342335,4154458111,5444206591,189184,5897191423,527485427.08,1317332691.18,81040,10,10,10,0,0,0,0,0,0,5662310399,5876219903,5892997119,5660083605.88,550
1781842296,0,81590,0,311.70,550.04,945663,1610751,3375103,4362076159,5662310399,189184,6106906623,563525428.65,1383899337.91,81590,10,10,10,0,0,0,0,0,0,5876219903,6090129407,6106906623,5873855841.75,550
1781842297,0,82690,0,314.70,1100.45,953343,1633279,3461119,4768923647,6098518015,189184,6547308543,638567993.14,1519144859.31,82690,10,10,10,0,0,0,0,0,0,6203375615,6505365503,6538919935,6204679663.24,1100
1781842298,0,83240,0,315.60,549.77,958463,1646591,3500031,4982833151,6320816127,189184,6786383871,677641453.98,1588148111.68,83240,10,10,10,0,0,0,0,0,0,6555697151,6769606655,6786383871,6552158684.63,550
1781842299,0,83790,0,316.48,550.24,963071,1663999,3530751,5196742655,6543114239,189184,7004487679,717625536.67,1657631455.43,83790,10,10,10,0,0,0,0,0,0,6769606655,6987710463,7004487679,6769034705.45,550
1781842300,0,84727,0,318.82,937.10,971263,1718271,3602431,5553258495,6916407295,189184,7449083903,788332889.48,1778995542.49,84727,10,10,10,0,0,0,0,0,0,7138705407,7411335167,7449083903,7111245474.29,937
1781842301,0,85440,0,320.29,712.69,977919,1767423,3676159,5825888255,7205814271,189184,7671382015,843065849.98,1869422963.73,85440,10,10,10,0,0,0,0,0,0,7369392127,7642021887,7671382015,7347076430.63,713
1781842302,0,85990,0,321.15,549.75,983551,1793023,3721215,6031409151,7428112383,189184,7893680127,886666398.09,1941087464.61,85990,10,10,10,0,0,0,0,0,0,7662993407,7876902911,7893680127,7659813362.97,550
1781842303,0,86540,0,322.00,550.08,989695,1811455,3782655,6236930047,7650410495,189184,8115978239,931117599.00,2013186158.48,86540,10,10,10,0,0,0,0,0,0,7881097215,8099201023,8115978239,7880860809.77,550
1781842304,0,87640,0,324.89,1100.11,998399,1847295,10108927,6668943359,8078229503,189184,8531214335,1022297847.96,2157889094.24,87640,10,10,10,0,0,0,0,0,0,8195670015,8489271295,8522825727,8195696707.03,1100
1781842305,0,88190,0,325.72,550.30,1004031,1864703,29409279,6878658559,8283750399,189184,8749318143,1068982123.67,2230435765.56,88190,10,10,10,0,0,0,0,0,0,8510242815,8732540927,8749318143,8507909257.77,550
1781842306,0,88740,0,326.54,549.80,1009663,1879039,139460607,7088373759,8493465599,189184,8950644735,1116372802.68,2303094270.28,88740,10,10,10,0,0,0,0,0,0,8715763711,8933867519,8950644735,8715252769.51,550
1781842307,0,89840,0,329.38,1099.89,1019903,1901567,470024191,7507804159,8917090303,189184,9386852351,1213435999.30,2449430693.68,89840,10,10,10,0,0,0,0,0,0,9042919423,9344909311,9378463743,9043788788.83,1100
1781842308,0,90390,0,330.19,550.20,1026047,1915903,626524159,7721713663,9135194111,189184,9596567551,1263008128.51,2522840024.16,90390,10,10,10,0,0,0,0,0,0,9361686527,9579790335,9596567551,9360390106.76,550
1781842309,0,90940,0,330.99,549.54,1030655,1930239,780140543,7927234559,9344909311,189184,9814671359,1313306175.41,2596558872.90,90940,10,10,10,0,0,0,0,0,0,9579790335,9797894143,9814671359,9579561555.78,550
1781842310,0,92040,0,333.77,1100.12,1042943,1965055,1105199103,8321499135,9764339711,189184,10234101759,1415821807.51,2744220631.35,92040,10,10,10,0,0,0,0,0,0,9890168831,10192158719,10225713151,9891068700.86,1100
1781842311,0,92590,0,334.56,550.25,1049599,1984511,1259339775,8522825727,9965666303,189184,10443816959,1468060800.51,2818296446.32,92590,10,10,10,0,0,0,0,0,0,10217324543,10427039743,10443816959,10210018829.03,550
1781842312,0,93140,0,335.33,550.11,1056767,2006015,1410334719,8732540927,10183770111,189184,10661920767,1520959145.79,2892589207.12,93140,10,10,10,0,0,0,0,0,0,10427039743,10645143551,10661920767,10426155127.16,550
1781842313,0,94240,0,338.07,1099.50,1072127,2103295,1744830463,9143582719,10603200511,189184,11072962559,1628525534.03,3041291426.47,94240,10,10,10,0,0,0,0,0,0,10737418239,11031019519,11064573951,10736464989.09,1100
1781842314,0,94790,0,338.83,550.01,1079295,2134015,1895825407,9353297919,10804527103,189184,11291066367,1683129765.43,3115571171.63,94790,10,10,10,0,0,0,0,0,0,11039408127,11257511935,11274289151,11039316615.91,550
1781842315,0,95340,0,339.58,549.94,1087487,2158591,2044723199,9554624511,11005853695,189184,11492392959,1738361139.45,3190083933.00,95340,10,10,10,0,0,0,0,0,0,11257511935,11475615743,11492392959,11257237399.74,550
1781842316,0,96128,0,341.18,788.62,1096703,2189311,2279604223,9823059967,11299454975,189184,11920211967,1819042998.47,3298654668.30,96128,10,10,10,0,0,0,0,0,0,11584667647,11895046143,11920211967,11580728834.60,788
1781842317,0,96990,0,343.02,861.95,1106943,2213887,2537553919,10150215679,11643387903,189184,12138315775,1907609715.73,3414600820.98,96990,10,10,10,0,0,0,0,0,0,11769217023,12104761343,12138315775,11784339874.15,862
1781842318,0,97540,0,343.75,549.77,1111039,2228223,2688548863,10351542271,11853103103,189184,12356419583,1965214044.39,3489845037.22,97540,10,10,10,0,0,0,0,0,0,12129927167,12339642367,12356419583,12123475565.85,550
1781842319,0,98090,0,344.47,550.22,1116159,2244607,2854223871,10552868863,12071206911,189184,12566134783,2023331432.92,3565086463.95,98090,10,10,10,0,0,0,0,0,0,12331253759,12549357567,12566134783,12330186118.98,550
1781842320,0,99190,0,347.12,1099.70,1126399,2287615,3162505215,10938744831,12490637311,189184,12985565183,2141099920.73,3715640597.05,99190,10,10,10,0,0,0,0,0,0,12641632255,12935233535,12977176575,12642837165.15,1100
1781842321,0,99740,0,347.82,549.88,1130495,2308095,3309305855,11140071423,12691963903,189184,13186891775,2200703575.18,3790864343.63,99740,10,10,10,0,0,0,0,0,0,12952010751,13170114559,13186891775,12949951730.04,550
1781842322,0,100290,0,348.53,549.96,1134591,2328575,3481272319,11341398015,12893290495,189184,13396606975,2260799234.14,3866118550.44,100290,10,10,10,0,0,0,0,0,0,13161725951,13379829759,13396606975,13158873825.28,550
1781842323,0,101390,0,351.13,1100.01,1142783,2404351,3795845119,11744051199,13304332287,189184,13807648767,2382408393.90,4016635817.62,101390,10,10,10,0,0,0,0,0,0,13472104447,13765705727,13799260159,13469847149.85,1100
1781842324,0,101940,0,351.81,550.04,1145855,2449407,3946840063,11953766399,13505658879,189184,14017363967,2443922888.59,4091941855.83,101940,10,10,10,0,0,0,0,0,0,13790871551,14000586751,14017363967,13783840373.29,550
1781842325,0,102490,0,352.50,550.05,1149951,2482175,4120903679,12155092991,13715374079,189184,14235467775,2505938505.48,4167380579.32,102490,10,10,10,0,0,0,0,0,0,14000586751,14218690559,14235467775,14000251207.68,550
1781842326,0,103590,0,355.06,1099.96,1157119,2525183,4433379327,12557746175,14143193087,189184,14654898175,2631362061.61,4318409997.68,103590,10,10,10,0,0,0,0,0,0,14319353855,14612955135,14646509567,14317416850.15,1100
1781842327,0,104140,0,355.72,549.99,1160191,2543615,4588568575,12759072767,14344519679,189184,14873001983,2694779540.08,4394059239.24,104140,10,10,10,0,0,0,0,0,0,14646509567,14856224767,14873001983,14639173349.00,550
1781842328,0,104690,0,356.39,549.92,1164287,2559999,4760535039,12952010751,14554234879,189184,15082717183,2758631397.02,4469719459.41,104690,10,10,10,0,0,0,0,0,0,14856224767,15065939967,15082717183,14848690272.81,550
1781842329,0,105790,0,358.91,1100.48,1170431,2598911,5087690751,13354663935,14973665279,189184,15493758975,2887520512.33,4620823927.29,105790,10,10,10,0,0,0,0,0,0,15158214655,15451815935,15485370367,15154249132.22,1100
1781842330,0,106340,0,359.55,549.69,1173503,2625535,5247074303,13547601919,15174991871,189184,15703474175,2952586607.67,4696380527.18,106340,10,10,10,0,0,0,0,0,0,15468593151,15686696959,15703474175,15467754291.20,550
1781842331,0,106890,0,360.20,549.94,1176575,2648063,5427429375,13748928511,15384707071,189184,15904800767,3018018718.22,4771831855.00,106890,10,10,10,0,0,0,0,0,0,15669919743,15888023551,15904800767,15669019875.14,550
1781842332,0,107990,0,362.68,1100.15,1183743,2695167,5746196479,14159970303,15787360255,189184,16315842559,3150024798.23,4922604115.65,107990,10,10,10,0,0,0,0,0,0,15980298239,16273899519,16307453951,15977415609.25,1100
1781842333,0,108540,0,363.31,549.90,1186815,2721791,5909774335,14352908287,15988686847,189184,16517169151,3216544533.70,4997813617.46,108540,10,10,10,0,0,0,0,0,0,16282288127,16500391935,16517169151,16277392231.33,550
1781842334,0,109090,0,363.93,550.52,1189887,2758655,6081740799,14554234879,16190013439,189184,16726884351,3283464533.39,5073073167.82,109090,10,10,10,0,0,0,0,0,0,16492003327,16710107135,16726884351,16489822289.92,550
1781842335,0,110080,0,366.01,990.07,1196031,2824191,6375342079,14906556415,16550723583,189184,17146314751,3405145279.49,5209263242.85,110080,10,10,10,0,0,0,0,0,0,16835936255,17112760319,17146314751,16813380221.16,990
1781842336,0,110740,0,366.99,659.73,1200127,2850815,6580862975,15141437439,16810770431,189184,17347641343,3486406645.81,5298705568.63,110740,10,10,10,0,0,0,0,0,0,17054040063,17314086911,17347641343,17039817560.44,660
1781842337,0,111290,0,367.59,550.02,1203199,2867199,6761218047,15342764031,17003708415,189184,17548967935,3554698188.76,5373699013.92,111290,10,10,10,0,0,0,0,0,0,17314086911,17532190719,17548967935,17304889947.23,550
1781842338,0,112361,0,369.91,1071.34,1211391,2902015,7075790847,15711862783,17381195775,189184,17934843903,3688586936.95,5519458432.82,112361,10,10,10,0,0,0,0,0,0,17616076799,17901289471,17934843903,17601265541.62,1071
1781842339,0,112940,0,370.59,578.81,1215487,2932735,7247757311,15921577983,17599299583,189184,18152947711,3761378179.94,5597912370.62,112940,10,10,10,0,0,0,0,0,0,17901289471,18136170495,18152947711,17887279482.47,579
1781842340,0,113490,0,371.18,549.72,1219583,2963455,7423918079,16106127359,17800626175,189184,18354274303,3830954829.81,5672645519.49,113490,10,10,10,0,0,0,0,0,0,18119393279,18337497087,18354274303,18118203622.87,550
1781842341,0,114362,0,372.81,872.74,1224703,2998271,7679770623,16433283071,18119393279,189184,18773704703,3942316738.84,5792050453.13,114362,10,10,10,0,0,0,0,0,0,18471714815,18723373055,18756927487,18435967032.37,872
1781842342,0,115140,0,374.13,777.70,1228799,3028991,7910457343,16710107135,18404605951,189184,18975031295,4041593919.37,5896627317.41,115140,10,10,10,0,0,0,0,0,0,18656264191,18958254079,18975031295,18634829034.28,778
1781842343,0,115690,0,374.70,549.88,1231871,3053567,8078229503,16903045119,18622709759,189184,19193135103,4112483744.36,5971351508.12,115690,10,10,10,0,0,0,0,0,0,18958254079,19176357887,19193135103,18952946378.94,550
1781842344,0,116300,0,375.46,610.39,1234943,3086335,8258584575,17121148927,18857590783,189184,19595788287,4191604819.34,6054540290.12,116300,10,10,10,0,0,0,0,0,0,19193135103,19579011071,19595788287,19197370663.45,610
1781842345,0,117340,0,377.60,1039.87,1241087,3153919,8535408639,17481859071,19226689535,189184,19797114879,4326849328.84,6195018407.33,117340,10,10,10,0,0,0,0,0,0,19444793343,19746783231,19797114879,19450826688.98,1040
1781842346,0,117890,0,378.15,549.90,1244159,3174399,8707375103,17666408447,19428016127,189184,19998441471,4398870651.84,6269444120.02,117890,10,10,10,0,0,0,0,0,0,19780337663,19981664255,19998441471,19764292544.70,550
1781842347,0,118458,0,378.76,568.18,1247231,3194879,8875147263,17867735039,19646119935,189184,20401094655,4473596000.04,6346378702.52,118458,10,10,10,0,0,0,0,0,0,19981664255,20199768063,20401094655,19983052511.55,568
1781842348,0,119540,0,381.00,1081.85,1253375,3233791,9185525759,18270388223,20031995903,189184,20602421247,4616508693.18,6492169407.73,119540,10,10,10,0,0,0,0,0,0,20266876927,20568866815,20602421247,20262674871.13,1082
1781842349,0,120090,0,381.53,549.53,1256447,3266559,9353297919,18454937599,20233322495,189184,20803747839,4689558255.17,6566210689.48,120090,10,10,10,0,0,0,0,0,0,20568866815,20786970623,20803747839,20566548509.79,550
1781842350,0,120640,0,382.07,550.48,1259519,3299327,9512681471,18639486975,20434649087,189184,21021851647,4762885606.01,6640231068.55,120640,10,10,10,0,0,0,0,0,0,20786970623,21005074431,21021851647,20773579355.23,550
1781842351,0,121740,0,384.34,1099.79,1267711,3350527,9814671359,19042140159,20837302271,189184,21424504831,4910343454.91,6788169022.53,121740,10,10,10,0,0,0,0,0,0,21088960511,21390950399,21424504831,21082447901.79,1100
1781842352,0,122290,0,384.86,549.58,1270783,3373055,9982443519,19243466751,21038628863,189184,21642608639,4984498145.63,6862160138.34,122290,10,10,10,0,0,0,0,0,0,21407727615,21625831423,21642608639,21398301871.01,550
1781842353,0,122840,0,385.37,550.38,1274879,3393535,10150215679,19428016127,21239955455,189184,21843935231,5058911520.11,6936115305.03,122840,10,10,10,0,0,0,0,0,0,21609054207,21827158015,21843935231,21604387091.55,550
1781842354,0,123940,0,387.61,1100.10,1282047,3457023,10452205567,19813892095,21659385855,189184,22246588415,5208415264.63,7083713679.90,123940,10,10,10,0,0,0,0,0,0,21911044095,22196256767,22229811199,21903906153.19,1100
1781842355,0,124490,0,388.12,549.70,1286143,3483647,10619977727,19998441471,21843935231,189184,22447915007,5283492375.27,7157343598.78,124490,10,10,10,0,0,0,0,0,0,22213033983,22431137791,22447915007,22201777997.27,550
1781842356,0,125040,0,388.62,550.27,1289215,3506175,10779361279,20199768063,22045261823,189184,22649241599,5358818052.89,7230947112.05,125040,10,10,10,0,0,0,0,0,0,22414360575,22632464383,22649241599,22408442794.36,550
1781842357,0,126140,0,390.82,1100.32,1297407,3549183,11072962559,20585644031,22447915007,189184,23068671999,5510157147.80,7377967474.58,126140,10,10,10,0,0,0,0,0,0,22716350463,23018340351,23051894783,22713284809.08,1100
1781842358,0,126690,0,391.31,549.58,1301503,3575807,11249123327,20770193407,22498246655,189184,23169335295,5581073028.46,7440031265.13,126690,10,10,10,0,0,0,0,0,0,21860712447,23068671999,23169335295,21845307913.31,550
1781842359,0,127240,0,391.80,549.93,1305599,3612671,11408506879,20786970623,22498246655,189184,23169335295,5642757009.02,7482901795.56,127240,10,10,10,0,0,0,0,0,0,19864223743,21072183295,21172846591,19851381547.75,550
1781842360,0,128340,0,393.98,1100.17,1314815,3686399,11718885375,20770193407,22498246655,189184,23169335295,5738970371.39,7523184575.76,128340,10,10,10,0,0,0,0,0,0,16844324863,18941476863,19142803455,16868232396.80,1100
1781842361,0,128890,0,394.45,550.05,1319935,3715071,11895046143,20753416191,22498246655,189184,23169335295,5773756688.96,7526068201.56,128890,10,10,10,0,0,0,0,0,0,13891534847,15107883007,15208546303,13890985775.48,550
1781842362,0,129440,0,394.93,549.87,1325055,3751935,11928600575,20753416191,22498246655,189184,23169335295,5799759365.52,7520771887.30,129440,10,10,10,0,0,0,0,0,0,11895046143,13111394303,13212057599,11893368422.40,550
1781842363,0,130540,0,397.07,1100.79,1336319,4820991,11844714495,20736638975,22481469439,189184,23169335295,5825949396.99,7495297013.32,130540,10,10,10,0,0,0,0,0,0,8891924479,10980687871,11173625855,8907801827.14,1100
1781842364,0,131090,0,397.54,549.90,1342463,6750207,11785994239,20719861759,22481469439,189184,23169335295,5826334143.59,7479726623.69,131090,10,10,10,0,0,0,0,0,0,5918162943,7134511103,7230980095,5917652001.51,550
1781842365,0,131640,0,398.00,549.73,1348607,12197887,11727273983,20719861759,22481469439,189184,23169335295,5818273252.41,7465289436.87,131640,10,10,10,0,0,0,0,0,0,3898605567,5117050879,5213519871,3896996480.47,550
1781842366,0,132460,0,399.27,820.06,1357823,40861695,11668553727,20703084543,22481469439,189184,23169335295,5791002372.08,7450530112.17,132460,10,10,10,0,0,0,0,0,0,1198522367,2998927359,3193962495,1413028364.18,820
1781842367,0,132660,0,398.67,200.12,1357823,25067519,11651776511,20686307327,22481469439,189184,23169335295,5782274894.04,7448298958.45,132660,10,10,10,0,0,0,0,0,0,2144255,3536895,3676159,2066182.40,200
1781842368,0,132860,0,398.08,199.87,1357823,19972095,11634999295,20686307327,22481469439,189184,23169335295,5773573774.99,7446063608.68,132860,10,10,10,0,0,0,0,0,0,2105343,3624959,3780607,2121515.52,200
1781842369,0,133060,0,397.48,200.01,1356799,15450111,11609833471,20686307327,22481469439,189184,23169335295,5764898816.95,7443824182.44,133060,10,10,10,0,0,0,0,0,0,2125823,3614719,3846143,2124189.44,200
1781842370,0,133260,0,396.90,200.03,1356799,11968511,11593056255,20686307327,22481469439,189184,23169335295,5756250025.14,7441580641.98,133260,10,10,10,0,0,0,0,0,0,2220031,3592191,3672063,2208833.28,200
1781842371,0,133460,0,396.31,200.05,1356799,9674751,11576279039,20686307327,22481469439,189184,23169335295,5747627006.36,7439333257.14,133460,10,10,10,0,0,0,0,0,0,2205695,3596287,3657727,2109591.68,200
1781842372,0,133660,0,395.73,199.97,1351679,7569407,11559501823,20686307327,22481469439,189184,23169335295,5739028382.91,7437083056.79,133660,10,10,10,0,0,0,0,0,0,883711,3223551,3590143,1166958.08,200
1781842373,0,133860,0,395.15,200.03,1345535,6455295,11534335999,20669530111,22481469439,189184,23169335295,5730454926.71,7434829408.62,133860,10,10,10,0,0,0,0,0,0,738815,1199103,2750463,814148.48,200
1781842374,0,134060,0,394.58,199.95,1343487,5738495,11517558783,20669530111,22481469439,189184,23169335295,5721908614.09,7432570756.66,134060,10,10,10,0,0,0,0,0,0,1665023,3735551,4128767,1861573.76,200
1781842375,0,134260,0,394.01,200.04,1343487,5079039,11500781567,20669530111,22481469439,189184,23169335295,5713388263.15,7430307980.17,134260,10,10,10,0,0,0,0,0,0,2295807,3717119,3799039,2197027.84,200
1781842376,0,134460,0,393.44,199.93,1343487,4513791,11484004351,20652752895,22481469439,189184,23169335295,5704893140.34,7428041610.34,134460,10,10,10,0,0,0,0,0,0,2222079,3528703,3702783,2117199.36,200
1781842377,0,134660,0,392.88,200.05,1342463,4048895,11467227135,20652752895,22481469439,189184,23169335295,5696423174.27,7425771668.28,134660,10,10,10,0,0,0,0,0,0,2029567,3520511,3561471,2064981.76,200
1781842378,0,134860,0,392.31,200.02,1342463,3827711,11458838527,20652752895,22481469439,189184,23169335295,5687978346.76,7423498134.45,134860,10,10,10,0,0,0,0,0,0,2160639,3526655,3565567,2075985.92,200
1781842379,0,135060,0,391.76,200.06,1342463,3786751,11442061311,20635975679,22464692223,189184,23169335295,5679558538.01,7421221067.40,135060,10,10,10,0,0,0,0,0,0,2185215,3518463,3561471,2081500.16,200
1781842380,0,135260,0,391.20,199.85,1341439,3768319,11416895487,20635975679,22464692223,189184,23169335295,5671163812.31,7418940385.25,135260,10,10,10,0,0,0,0,0,0,2197503,3522559,3565567,2205544.96,200
1781842381,0,135460,0,390.65,200.12,1337343,3753983,11400118271,20635975679,22464692223,189184,23169335295,5662792347.48,7416657445.72,135460,10,10,10,0,0,0,0,0,0,890879,3166207,3530751,1170684.16,200
1781842382,0,135660,0,390.10,200.01,1333247,3739647,11374952447,20635975679,22464692223,189184,23169335295,5654445749.97,7414370987.42,135660,10,10,10,0,0,0,0,0,0,886271,3506175,6385663,1295260.16,200
1781842383,0,135860,0,389.56,199.91,1327103,3727359,11358175231,20635975679,22464692223,189184,23169335295,5646122997.84,7412081756.15,135860,10,10,10,0,0,0,0,0,0,727039,1252351,2856959,800221.44,200
1781842384,0,136060,0,389.02,200.06,1321983,3717119,11341398015,20635975679,22464692223,189184,23169335295,5637824819.74,7409789163.07,136060,10,10,10,0,0,0,0,0,0,748543,2856959,2938879,872439.68,200
1781842385,0,136260,0,388.48,200.04,1316863,3706879,11316232191,20619198463,22464692223,189184,23169335295,5629550872.08,7407493436.85,136260,10,10,10,0,0,0,0,0,0,753663,1393663,1668095,784275.84,200
1781842386,0,136460,0,387.94,199.95,1313791,3696639,11299454975,20619198463,22464692223,189184,23169335295,5621301619.04,7405194192.35,136460,10,10,10,0,0,0,0,0,0,855039,2895871,3485695,1085523.20,200
1781842387,0,136660,0,387.41,199.95,1309695,3686399,11282677759,20619198463,22464692223,189184,23169335295,5613076121.82,7402892109.90,136660,10,10,10,0,0,0,0,0,0,748031,1363967,2836479,819370.88,200
1781842388,0,136860,0,386.88,200.03,1304575,3676159,11265900543,20619198463,22464692223,189184,23169335295,5604874641.48,7400586958.44,136860,10,10,10,0,0,0,0,0,0,718335,1196031,2744319,803128.32,200
1781842389,0,137060,0,386.35,200.05,1300479,3663871,11249123327,20602421247,22464692223,189184,23169335295,5596697146.79,7398278729.22,137060,10,10,10,0,0,0,0,0,0,745471,1628159,2797567,837528.32,200
1781842390,0,137260,0,385.83,199.95,1297407,3651583,11232346111,20602421247,22464692223,189184,23169335295,5588544690.76,7395966595.33,137260,10,10,10,0,0,0,0,0,0,916479,4730879,9322495,1666570.24,200
1781842391,0,137460,0,385.31,200.02,1297407,3641343,11215568895,20602421247,22464692223,189184,23169335295,5580416573.32,7393651054.81,137460,10,10,10,0,0,0,0,0,0,2215935,3559423,3655679,2089576.96,200
1781842392,0,137660,0,384.79,200.04,1297407,3629055,11198791679,20602421247,22464692223,189184,23169335295,5572312121.83,7391332584.75,137660,10,10,10,0,0,0,0,0,0,2127871,3608575,3719167,2122609.28,200
1781842393,0,137860,0,384.27,200.05,1297407,3616767,11182014463,20602421247,22464692223,189184,23169335295,5564231157.22,7389011288.06,137860,10,10,10,0,0,0,0,0,0,2138111,3559423,3676159,2103218.56,200
1781842394,0,138060,0,383.76,199.82,1297407,3606527,11165237247,20602421247,22464692223,189184,23169335295,5556173696.76,7386687119.92,138060,10,10,10,0,0,0,0,0,0,2185215,3612671,3786751,2166199.68,200
1781842395,0,138400,0,383.64,340.06,1299455,3620863,11131682815,20585644031,22464692223,189184,23169335295,5542675004.01,7382621401.54,138400,10,10,10,0,0,0,0,0,0,70320127,127795199,129695743,61411709.36,340
1781842396,0,139500,0,385.62,1100.36,1308671,3686399,11047796735,20585644031,22447915007,189184,23169335295,5505400470.72,7365369151.79,139500,10,10,10,0,0,0,0,0,0,663224319,1148190719,1162870783,815586464.12,1100
1781842397,0,140050,0,386.07,549.90,1312767,3713023,11005853695,20568866815,22447915007,189184,23169335295,5489926959.51,7355022788.73,140050,10,10,10,0,0,0,0,0,0,1564475391,1657798655,1666187263,1565281842.27,550
1781842398,0,140600,0,386.52,550.23,1316863,3745791,10955522047,20568866815,22447915007,189184,23169335295,5476546493.69,7343728463.30,140600,10,10,10,0,0,0,0,0,0,2071986175,2157969407,2166358015,2069393333.53,550
1781842399,0,141572,0,388.13,972.23,1326079,4177919,10871635967,20552089599,22447915007,189184,23169335295,5458214677.29,7321829071.27,141572,10,10,10,0,0,0,0,0,0,2652897279,3166699519,3181379583,2806513664.00,972
1781842400,0,142250,0,388.92,677.84,1332223,6164479,10821304319,20535312383,22447915007,189184,23169335295,5448763196.51,7305653488.98,142250,10,10,10,0,0,0,0,0,0,3563061247,3670015999,3684696063,3475215942.99,678
1781842401,0,142800,0,389.36,550.06,1339391,10239999,10779361279,20535312383,22447915007,189184,23169335295,5443485407.78,7292065768.51,142800,10,10,10,0,0,0,0,0,0,4081057791,4169138175,4175429631,4078457323.52,550
1781842402,0,143350,0,389.80,550.01,1344511,19349503,10737418239,20535312383,22447915007,189184,23169335295,5440208542.14,7278255749.29,143350,10,10,10,0,0,0,0,0,0,4588568575,4680843263,4689231871,4589415062.81,550
1781842403,0,144450,0,391.72,1099.43,1356799,84541439,10636754943,20501757951,22431137791,189184,23169335295,5439413164.19,7250531312.83,144450,10,10,10,0,0,0,0,0,0,5184159743,5666504703,5683281919,5335760955.58,1100
1781842404,0,145000,0,392.15,550.08,1363967,126484479,10603200511,20484980735,22431137791,189184,23169335295,5441872633.57,7236877849.77,145000,10,10,10,0,0,0,0,0,0,6090129407,6178209791,6186598399,6087818727.80,550
1781842405,0,145550,0,392.58,550.18,1371135,204341247,10561257471,20484980735,22431137791,189184,23169335295,5446220677.39,7223537520.53,145550,10,10,10,0,0,0,0,0,0,6593445887,6685720575,6694109183,6592523141.12,550
1781842406,0,146542,0,394.19,992.13,1382399,397672447,10460594175,20468203519,22431137791,189184,23169335295,5458991367.26,7200742106.85,146542,10,10,10,0,0,0,0,0,0,7180648447,7692353535,7709130751,7332755389.94,992
1781842407,0,147200,0,394.90,657.49,1390591,494141439,10410262527,20451426303,22431137791,189184,23169335295,5470421859.28,7186670206.62,147200,10,10,10,0,0,0,0,0,0,8095006719,8199864319,8208252927,8016086236.98,658
1781842408,0,147750,0,395.31,550.06,1397759,539492351,10359930879,20434649087,22431137791,189184,23169335295,5482094000.84,7175823477.15,147750,10,10,10,0,0,0,0,0,0,8606711807,8698986495,8707375103,8605983524.31,550
1781842409,0,148300,0,395.73,550.12,1403903,583532543,10309599231,20434649087,22431137791,189184,23169335295,5495609440.28,7165930193.95,148300,10,10,10,0,0,0,0,0,0,9135194111,9219080191,9227468799,9126347943.56,550
1781842410,0,149400,0,397.60,1099.67,1415167,711983103,10234101759,20401094655,22431137791,189184,23169335295,5528014595.54,7149443573.14,149400,10,10,10,0,0,0,0,0,0,9747562495,10234101759,10250878975,9896818710.34,1100
1781842411,0,149950,0,398.00,549.93,1420287,783286271,10359930879,20401094655,22431137791,189184,23169335295,5546808552.57,7143039850.14,149950,10,10,10,0,0,0,0,0,0,10653532159,10745806847,10754195455,10651930698.47,550
1781842412,0,150500,0,398.41,550.28,1425407,884998143,10502537215,20401094655,22431137791,189184,23169335295,5567337114.57,7138029299.05,150500,10,10,10,0,0,0,0,0,0,11173625855,11257511935,11265900543,11164169606.98,550
1781842413,0,151600,0,400.26,1099.92,1436671,1018167295,10670309375,20384317439,22414360575,189184,23169335295,5613205694.85,7132321988.15,151600,10,10,10,0,0,0,0,0,0,11769217023,12213813247,12230590463,11888861452.10,1100
1781842414,0,152700,0,402.10,1100.05,1445887,1117782015,10863247359,20367540223,22414360575,189184,23169335295,5662262851.84,7129889170.51,152700,10,10,10,0,0,0,0,0,0,12423528447,12608077823,12633243647,12423231033.72,1100
1781842415,0,153800,0,403.93,1099.82,1455103,1256194047,11106516991,20350763007,22414360575,189184,23169335295,5712452811.73,7128924360.30,153800,10,10,10,0,0,0,0,0,0,12675186687,12893290495,12910067711,12679731788.33,1100
1781842416,0,154900,0,405.76,1099.95,1464319,1451229183,11249123327,20333985791,22414360575,189184,23169335295,5764957039.59,7130648791.93,154900,10,10,10,0,0,0,0,0,0,13111394303,13262389247,13279166463,13106002716.86,1100
1781842417,0,156000,0,407.57,1100.12,1473535,1563426815,11517558783,20317208575,22414360575,189184,23169335295,5818897882.08,7134241590.33,156000,10,10,10,0,0,0,0,0,0,13421772799,13564379135,13581156351,13414749247.30,1100
1781842418,0,157100,0,409.38,1099.92,1482751,1657798655,11693719551,20283654143,22397583359,189184,23169335295,5875020747.87,7140577869.87,157100,10,10,10,0,0,0,0,0,0,13832814591,14050918399,14067695615,13834263533.38,1100
1781842419,0,158566,0,412.12,1466.95,1492991,1915748351,12012486655,20266876927,22397583359,189184,23169335295,5953767918.85,7154107601.29,158566,10,10,10,0,0,0,0,0,0,14411628543,14654898175,14680063999,14392499542.26,1466
1781842420,0,159300,0,412.96,733.70,1499135,2009071615,12121538559,20250099711,22397583359,189184,23169335295,5994215468.48,7162328789.78,159300,10,10,10,0,0,0,0,0,0,14772338687,14914945023,14923333631,14732098512.57,734
1781842421,0,160400,0,414.73,1100.16,1507327,2104492031,12289310719,20216545279,22397583359,189184,23169335295,6057256653.36,7177939673.40,160400,10,10,10,0,0,0,0,0,0,15183380479,15401484287,15418261503,15186766427.23,1100
1781842422,0,161500,0,416.50,1099.55,1516543,2241855487,12423528447,20199768063,22397583359,189184,23169335295,6122784595.18,7197093222.19,161500,10,10,10,0,0,0,0,0,0,15669919743,15896412159,15913189375,15677949929.66,1100
1781842423,0,162600,0,418.26,1100.63,1524735,2443182079,12532580351,20199768063,22397583359,189184,23169335295,6190538748.37,7219545323.47,162600,10,10,10,0,0,0,0,0,0,16148070399,16341008383,16357785599,16138080330.47,1100
1781842424,0,163700,0,420.01,1099.41,1532927,2560622591,12633243647,20182990847,22380806143,189184,23169335295,6260450714.22,7245288949.81,163700,10,10,10,0,0,0,0,0,0,16592666623,16810770431,16827547647,16594710393.95,1100
1781842425,0,164800,0,421.75,1099.59,1541119,2654994431,12792627199,20166213631,22380806143,189184,23169335295,6332714689.86,7274688613.90,164800,10,10,10,0,0,0,0,0,0,17079205887,17314086911,17330864127,17086908155.35,1100
1781842426,0,165900,0,423.48,1100.13,1547263,2818572287,12952010751,20149436415,22380806143,189184,23169335295,6406935199.25,7307229801.52,165900,10,10,10,0,0,0,0,0,0,17532190719,17733517311,17750294527,17526516970.59,1100
1781842427,0,167000,0,425.20,1099.96,1554431,2990538751,13086228479,20132659199,22380806143,189184,23169335295,6483289775.39,7343248563.03,167000,10,10,10,0,0,0,0,0,0,18001952767,18220056575,18236833791,17998948121.13,1100
1781842428,0,168100,0,426.91,1100.09,1560575,3084910591,13203668991,20099104767,22380806143,189184,23169335295,6561813473.66,7382863356.00,168100,10,10,10,0,0,0,0,0,0,18488492031,18706595839,18723373055,18483138574.89,1100
1781842429,0,169200,0,428.62,1100.18,1566719,3179282431,13346275327,20082327551,22364028927,189184,23169335295,6642522986.39,7426163515.15,169200,10,10,10,0,0,0,0,0,0,18975031295,19193135103,19209912319,18976403977.31,1100
1781842430,0,170300,0,430.32,1100.02,1571839,3361734655,13463715839,20065550335,22364028927,189184,23169335295,6725390538.12,7473158015.19,170300,10,10,10,0,0,0,0,0,0,19478347775,19696451583,19713228799,19471926677.88,1100
1781842431,0,171400,0,432.00,1099.79,1579007,3519021055,13606322175,20115881983,22364028927,189184,23169335295,6810333566.54,7523752576.10,171400,10,10,10,0,0,0,0,0,0,19964887039,20182990847,20199768063,19961058784.35,1100
1781842432,0,172500,0,433.68,1100.21,1585151,3623878655,13774094335,20317208575,22364028927,189184,23169335295,6897293595.84,7577883009.22,172500,10,10,10,0,0,0,0,0,0,20451426303,20669530111,20686307327,20447247252.01,1100
1781842433,0,173600,0,435.36,1100.22,1592319,3751804927,13933477887,20518535167,22347251711,189184,23169335295,6986170819.50,7635398082.03,173600,10,10,10,0,0,0,0,0,0,20921188351,21139292159,21156069375,20923735438.43,1100
1781842434,0,174700,0,437.02,1099.77,1598463,3946840063,14101250047,20719861759,22347251711,189184,23169335295,7077000568.28,7696384985.51,174700,10,10,10,0,0,0,0,0,0,21407727615,21625831423,21642608639,21411586375.68,1100
1781842435,0,175800,0,438.67,1100.37,1606655,4068474879,14252244991,20904411135,22347251711,189184,23169335295,7169700191.72,7760707726.83,175800,10,10,10,0,0,0,0,0,0,21894266879,22112370687,22129147903,21892085841.92,1100
1781842436,0,176671,0,439.75,871.26,1613823,4141875199,14394851327,21055406079,22431137791,189184,23169335295,7244604086.37,7814358133.37,176671,10,10,10,0,0,0,0,0,0,22330474495,22598909951,22615687167,22362979148.12,871
1781842437,0,177450,0,440.59,778.39,1620991,4248829951,14487126015,21206401023,22565355519,189184,23169335295,7312247978.63,7863457039.98,177450,10,10,10,0,0,0,0,0,0,22716350463,22850568191,22867345407,22653344372.33,779
1781842438,0,178774,0,442.78,1325.07,1634303,4492099583,14646509567,21441282047,22833790975,189184,23521656831,7429610468.90,7951246812.49,178774,10,10,10,0,0,0,0,0,0,23135780863,23504879615,23521656831,23159198005.37,1324
1781842439,0,179935,0,444.55,1160.96,1647615,4588568575,14814281727,21659385855,23152558079,189184,23974641663,7534132807.20,8030997095.35,179935,10,10,10,0,0,0,0,0,0,23639097343,23957864447,23974641663,23628772347.59,1161
1781842440,0,180750,0,445.47,814.86,1658879,4664066047,14914945023,21810380799,23471325183,189184,24209522687,7608376653.37,8088458962.69,180750,10,10,10,0,0,0,0,0,0,24058527743,24192745471,24209522687,23999869244.62,815
1781842441,0,182021,0,447.50,1271.20,1685503,4852809727,15099494399,22028484607,23991418879,189184,24880611327,7726297554.01,8181934330.38,182021,10,10,10,0,0,0,0,0,0,24477958143,24863834111,24880611327,24495929961.14,1271
1781842442,0,182950,0,448.68,928.85,1714175,4999610367,15242100735,22213033983,24394072063,189184,25132269567,7813471438.99,8251858616.60,182950,10,10,10,0,0,0,0,0,0,24947720191,25115492351,25132269567,24893641211.04,929
1781842443,0,184050,0,450.27,1099.50,1753087,5100273663,15393095679,22414360575,24813502463,189184,25618808831,7918433721.47,8337785049.03,184050,10,10,10,0,0,0,0,0,0,25367150591,25602031615,25618808831,25375569704.03,1100
1781842444,0,185150,0,451.85,1099.61,1781759,5213519871,15560867839,22615687167,25283264511,189184,26105348095,8025064235.81,8426634748.78,185150,10,10,10,0,0,0,0,0,0,25853689855,26088570879,26105348095,25866288020.01,1100
1781842445,0,186250,0,453.43,1100.67,1801215,5419040767,15720251391,22817013759,25769803775,189184,26591887359,8133323335.20,8518309820.92,186250,10,10,10,0,0,0,0,0,0,26357006335,26575110143,26591887359,26355298110.37,1100
1781842446,0,187350,0,455.00,1099.52,1821695,5553258495,15879634943,23102226431,26256343039,189184,27095203839,8243194601.98,8612760070.49,187350,10,10,10,0,0,0,0,0,0,26843545599,27061649407,27078426623,26846397726.72,1100
1781842447,0,188450,0,456.57,1100.12,1838079,5653921791,16039018495,23504879615,26742882303,189184,27581743103,8354636718.00,8709879066.89,188450,10,10,10,0,0,0,0,0,0,27330084863,27548188671,27564965887,27335255296.93,1100
1781842448,0,189550,0,458.12,1100.23,1853439,5821693951,16181624831,23924310015,27229421567,189184,28051505151,8467563387.15,8809459261.61,189550,10,10,10,0,0,0,0,0,0,27816624127,28017950719,28034727935,27813955025.45,1100
1781842449,0,190650,0,459.67,1100.52,1868799,6006243327,16332619775,24377294847,27715960831,189184,28487712767,8581717648.78,8910916003.56,190650,10,10,10,0,0,0,0,0,0,28252831743,28470935551,28487712767,28252572459.75,1100
1781842450,0,191750,0,461.21,1099.71,1882111,6102712319,16500391935,24796725247,28135391231,189184,28991029247,8697378922.35,9014853787.59,191750,10,10,10,0,0,0,0,0,0,28739371007,28957474815,28974252031,28743580564.01,1100
1781842451,0,192850,0,462.74,1100.00,1892351,6220152831,16659775487,25249710079,28621930495,189184,29460791295,8814460435.92,9121059143.89,192850,10,10,10,0,0,0,0,0,0,29225910271,29444014079,29460791295,29223897006.08,1100
1781842452,0,193950,0,464.27,1099.72,1902591,6434062335,16810770431,25719472127,29108469759,189184,29930553343,8932861210.07,9229286425.13,193950,10,10,10,0,0,0,0,0,0,29695672319,29913776127,29930553343,29690669659.23,1100
1781842453,0,195050,0,465.79,1100.43,1913855,6564085759,16961765375,26189234175,29561454591,189184,30433869823,9052679173.47,9339740254.74,195050,10,10,10,0,0,0,0,0,0,30165434367,30400315391,30417092607,30178764628.71,1100
1781842454,0,196150,0,467.30,1099.95,1927167,6664749055,17121148927,26658996223,30047993855,189184,30870077439,9173804437.74,9452149842.57,196150,10,10,10,0,0,0,0,0,0,30651973631,30853300223,30870077439,30651516071.56,1100
1781842455,0,197250,0,468.80,1099.55,1942527,6824132607,17280532479,27128758271,30534533119,189184,31356616703,9296181789.91,9566375265.65,197250,10,10,10,0,0,0,0,0,0,31121735679,31339839487,31356616703,31118288724.71,1100
1781842456,0,197590,0,468.49,340.00,1942527,6769606655,17263755263,27111981055,30534533119,189184,31356616703,9280886074.81,9565251778.34,197590,10,10,10,0,0,0,0,0,0,299892735,1084227583,1134559231,407121948.05,340
1781842457,0,197790,0,467.86,200.05,1933311,6744440831,17246978047,27111981055,30534533119,189184,31356616703,9271502230.38,9564963182.95,197790,10,10,10,0,0,0,0,0,0,723967,1096703,1206271,733117.44,200
1781842458,0,197990,0,467.23,199.95,1927167,6702497791,17246978047,27111981055,30534533119,189184,31356616703,9262137652.43,9564665684.89,197990,10,10,10,0,0,0,0,0,0,831487,2879487,3500031,1038294.40,200
1781842459,0,198190,0,466.60,200.11,1921023,6681526271,17230200831,27095203839,30534533119,189184,31356616703,9252791718.59,9564359884.53,198190,10,10,10,0,0,0,0,0,0,722943,1187839,2893823,784511.36,200
1781842460,0,198390,0,465.97,199.85,1913855,6660554751,17230200831,27078426623,30534533119,189184,31356616703,9243464663.82,9564045551.59,198390,10,10,10,0,0,0,0,0,0,726015,1090559,1186815,819744.64,200
1781842461,0,198590,0,465.35,200.05,1907711,6643777535,17213423615,27078426623,30534533119,189184,31356616703,9234156286.09,9563722878.32,198590,10,10,10,0,0,0,0,0,0,703487,1174527,1281023,710990.72,200
1781842462,0,198790,0,464.73,200.05,1902591,6622806015,17196646399,27078426623,30534533119,189184,31356616703,9224867086.76,9563391378.27,198790,10,10,10,0,0,0,0,0,0,870399,3506175,4792319,1156614.40,200
1781842463,0,198990,0,464.11,200.03,1900543,6606028799,17196646399,27078426623,30534533119,189184,31356616703,9215597496.88,9563050634.58,198990,10,10,10,0,0,0,0,0,0,2001919,3688447,3772415,2088631.04,200
1781842464,0,199190,0,463.50,200.00,1899519,6589251583,17179869183,27061649407,30534533119,189184,31356616703,9206346538.78,9562701588.09,199190,10,10,10,0,0,0,0,0,0,1981439,3549183,3780607,2105777.28,200
1781842465,0,199390,0,462.88,199.90,1898495,6572474367,17171480575,27061649407,30534533119,189184,31356616703,9197114141.07,9562344304.49,199390,10,10,10,0,0,0,0,0,0,2001919,3739647,3803135,2107648.64,200
1781842466,0,199590,0,462.28,199.97,1897471,6551502847,17163091967,27061649407,30534533119,189184,31356616703,9187900252.31,9561978830.26,199590,10,10,10,0,0,0,0,0,0,2099199,3727359,3766271,2113846.40,200
1781842467,0,199790,0,461.67,200.08,1895423,6534725631,17154703359,27061649407,30534533119,189184,31356616703,9178704764.54,9561605265.95,199790,10,10,10,0,0,0,0,0,0,2002943,3682303,3753983,2067745.28,200
1781842468,0,199990,0,461.07,200.07,1894399,6517948415,17146314751,27044872191,30534533119,189184,31356616703,9169527697.50,9561223589.37,199990,10,10,10,0,0,0,0,0,0,2105343,3682303,3780607,2096583.04,200
1781842469,0,200190,0,460.47,199.87,1893375,6501171199,17137926143,27044872191,30534533119,189184,31356616703,9160368951.76,9560833892.69,200190,10,10,10,0,0,0,0,0,0,2013183,3688447,3794943,2081150.72,200
1781842470,0,200390,0,459.87,200.06,1891327,6463422463,17129537535,27044872191,30534533119,189184,31356616703,9151228560.88,9560436140.66,200390,10,10,10,0,0,0,0,0,0,1985535,3538943,3776511,2154305.28,200
1781842471,0,200590,0,459.27,199.93,1887231,6425673727,17121148927,27044872191,30534533119,189184,31356616703,9142105266.56,9560031532.91,200590,10,10,10,0,0,0,0,0,0,807935,3082239,3741695,1020522.88,200
1781842472,0,200790,0,458.68,200.01,1881087,6383730687,17112760319,27028094975,30534533119,189184,31356616703,9132999879.88,9559619288.42,200790,10,10,10,0,0,0,0,0,0,759295,1145855,1300479,752308.48,200
1781842473,0,200990,0,458.09,199.99,1874943,6345981951,17104371711,27028094975,30517755903,189184,31356616703,9123912589.54,9559199222.99,200990,10,10,10,0,0,0,0,0,0,749055,1088511,1211391,727454.72,200
1781842474,0,201190,0,457.51,200.12,1868799,6312427519,17087594495,27028094975,30517755903,189184,31356616703,9114843775.56,9558770970.84,201190,10,10,10,0,0,0,0,0,0,907775,3190783,3530751,1139160.32,200
1781842475,0,201390,0,456.92,199.91,1862655,6270484479,17079205887,27028094975,30517755903,189184,31356616703,9105792615.72,9558335312.66,201390,10,10,10,0,0,0,0,0,0,726527,1122303,2850815,778375.68,200
1781842476,0,201590,0,456.34,200.00,1852415,6236930047,17070817279,27011317759,30517755903,189184,31356616703,9096759360.25,9557892005.82,201590,10,10,10,0,0,0,0,0,0,726527,1072127,1100799,722768.64,200
1781842477,0,201790,0,455.76,200.05,1850367,6194987007,17062428671,27011317759,30517755903,189184,31356616703,9087745341.08,9557439780.40,201790,10,10,10,0,0,0,0,0,0,1772543,4210687,7438335,2064721.92,200
1781842478,0,201990,0,455.18,200.03,1848319,6169821183,17045651455,27011317759,30517755903,189184,31356616703,9078749231.88,9556979895.92,201990,10,10,10,0,0,0,0,0,0,2103295,3737599,3817471,2124853.12,200
1781842479,0,202190,0,454.61,200.02,1847295,6157238271,17037262847,27011317759,30517755903,189184,31356616703,9069770880.49,9556512493.23,202190,10,10,10,0,0,0,0,0,0,2007039,3694591,3792895,2084887.68,200
1781842480,0,202390,0,454.04,199.88,1845247,6136266751,17028874239,26994540543,30517755903,189184,31356616703,9060810388.42,9556037472.43,202390,10,10,10,0,0,0,0,0,0,2017279,3653631,3768319,2200929.92,200
1781842481,0,202590,0,453.47,199.98,1843199,6115295231,17020485631,26994540543,30517755903,189184,31356616703,9051867486.66,9555555084.35,202590,10,10,10,0,0,0,0,0,0,2027519,3735551,3784703,2098050.56,200
1781842482,0,202790,0,452.90,200.16,1840127,6098518015,17012097023,26994540543,30517755903,189184,31356616703,9042942199.75,9555065301.82,202790,10,10,10,0,0,0,0,0,0,2060287,3534847,3766271,2072828.80,200
1781842483,0,202990,0,452.34,199.84,1839103,6085935103,17003708415,26994540543,30517755903,189184,31356616703,9034034515.39,9554568132.48,202990,10,10,10,0,0,0,0,0,0,2027519,3694591,3780607,2087957.12,200
1781842484,0,203190,0,451.78,200.15,1837055,6064963583,16995319807,26977763327,30517755903,189184,31356616703,9025144476.37,9554063532.04,203190,10,10,10,0,0,0,0,0,0,2101247,3747839,3870719,2199374.08,200
1781842485,0,203390,0,451.22,199.98,1835007,6048186367,16986931199,26977763327,30517755903,189184,31356616703,9016271820.23,9553551744.28,203390,10,10,10,0,0,0,0,0,0,2080767,3729407,3803135,2096818.56,200
1781842486,0,203590,0,450.67,200.02,1832959,6027214847,16978542591,26977763327,30517755903,189184,31356616703,9007416594.34,9553032720.29,203590,10,10,10,0,0,0,0,0,0,2067455,3723263,3815423,2094624.64,200
1781842487,0,203790,0,450.11,200.02,1831935,6014631935,16961765375,26977763327,30517755903,189184,31356616703,8998578707.29,9552506542.01,203790,10,10,10,0,0,0,0,0,0,2050047,3514367,3811327,2051584.64,200
1781842488,0,203990,0,449.56,199.85,1829887,5989466111,16953376767,26960986111,30517755903,189184,31356616703,8989758213.59,9551973153.89,203990,10,10,10,0,0,0,0,0,0,2051071,3735551,3817471,2116156.16,200
1781842489,0,204190,0,449.01,200.02,1827839,5955911679,16944988159,26960986111,30517755903,189184,31356616703,8980955009.37,9551432649.53,204190,10,10,10,0,0,0,0,0,0,2086911,3733503,3809279,2126861.44,200
1781842490,0,204390,0,448.47,200.12,1825791,5918162943,16936599551,26960986111,30517755903,189184,31356616703,8972169061.18,9550885056.24,204390,10,10,10,0,0,0,0,0,0,2042879,3543039,3844095,2155255.04,200
1781842491,0,204590,0,447.92,199.85,1823743,5884608511,16928210943,26960986111,30517755903,189184,31356616703,8963400245.05,9550330485.88,204590,10,10,10,0,0,0,0,0,0,2007039,3739647,3801087,2108610.56,200
1781842492,0,204790,0,447.38,200.04,1822719,5851054079,16919822335,26944208895,30517755903,189184,31356616703,8954648536.55,9549768957.03,204790,10,10,10,0,0,0,0,0,0,2119679,3698687,3852287,2088318.72,200
1781842493,0,204990,0,446.84,200.02,1820671,5817499647,16911433727,26944208895,30517755903,189184,31356616703,8945913901.82,9549200496.95,204990,10,10,10,0,0,0,0,0,0,2045951,3678207,3770367,2084677.12,200
1781842494,0,205190,0,446.30,200.02,1818623,5775556607,16903045119,26944208895,30500978687,189184,31356616703,8937196327.08,9548625114.17,205190,10,10,10,0,0,0,0,0,0,1981439,3508223,3782655,2118090.88,200
1781842495,0,205390,0,445.77,200.04,1816575,5733613567,16894656511,26944208895,30500978687,189184,31356616703,8928495689.56,9548042918.99,205390,10,10,10,0,0,0,0,0,0,2029567,3592191,3784703,2076628.48,200
1781842496,0,205590,0,445.24,199.85,1814527,5695864831,16894656511,26927431679,30500978687,189184,31356616703,8919811982.02,9547453913.62,205590,10,10,10,0,0,0,0,0,0,1999871,3737599,3796991,2078520.96,200
1781842497,0,205790,0,444.71,200.05,1811455,5674893311,16886267903,26927431679,30500978687,189184,31356616703,8911145150.56,9546858143.82,205790,10,10,10,0,0,0,0,0,0,2001919,3678207,3815423,2075755.52,200
1781842498,0,205990,0,444.18,200.11,1810431,5658116095,16877879295,26927431679,30500978687,189184,31356616703,8902495172.89,9546255625.79,205990,10,10,10,0,0,0,0,0,0,2041855,3727359,3809279,2100652.16,200
1781842499,0,206190,0,443.65,199.84,1808383,5641338879,16869490687,26927431679,30500978687,189184,31356616703,8893861988.13,9545646411.68,206190,10,10,10,0,0,0,0,0,0,2082815,3749887,3799039,2113336.96,200
1781842500,0,206390,0,443.13,200.06,1806335,5624561663,16852713471,26910654463,30500978687,189184,31356616703,8885245613.78,9545030480.76,206390,10,10,10,0,0,0,0,0,0,2044927,3555327,3786751,2194480.64,200
1781842501,0,206590,0,442.61,200.03,1804287,5603590143,16844324863,26910654463,30500978687,189184,31356616703,8876645804.91,9544408055.90,206590,10,10,10,0,0,0,0,0,0,2127871,3551231,3801087,2073038.72,200
1781842502,0,206790,0,442.09,200.07,1801215,5586812927,16827547647,26910654463,30500978687,189184,31356616703,8868062642.62,9543779056.92,206790,10,10,10,0,0,0,0,0,0,2049023,3678207,3805183,2085159.04,200
1781842503,0,206990,0,441.57,199.99,1799167,5565841407,16819159039,26910654463,30500978687,189184,31356616703,8859496035.81,9543143563.64,206990,10,10,10,0,0,0,0,0,0,2010111,3536895,3792895,2052926.72,200
1781842504,0,207190,0,441.06,199.86,1798143,5549064191,16802381823,26893877247,30500978687,189184,31356616703,8850946038.91,9542501520.74,207190,10,10,10,0,0,0,0,0,0,2074623,3614719,3811327,2126746.24,200
1781842505,0,207390,0,440.55,200.13,1796095,5532286975,16793993215,26893877247,30500978687,189184,31356616703,8842412482.81,9541853080.16,207390,10,10,10,0,0,0,0,0,0,2063359,3692543,3792895,2075040.00,200
1781842506,0,207590,0,440.04,200.03,1795071,5511315455,16785604607,26893877247,30500978687,189184,31356616703,8833895389.07,9541198217.00,207590,10,10,10,0,0,0,0,0,0,1999871,3713023,3790847,2095036.16,200
1781842507,0,207790,0,439.53,199.93,1787903,5490343935,16777215999,26893877247,30500978687,189184,31356616703,8825393920.07,9540537701.07,207790,10,10,10,0,0,0,0,0,0,915967,3250175,3588095,1294165.12,200
1781842508,0,207990,0,439.02,200.07,1776639,5456789503,16768827391,26893877247,30500978687,189184,31356616703,8816908234.27,9539871379.08,207990,10,10,10,0,0,0,0,0,0,701951,1051647,1115135,704974.72,200
1781842509,0,208190,0,438.52,199.83,1763327,5427429375,16752050175,26877100031,30500978687,189184,31356616703,8808438905.52,9539198714.92,208190,10,10,10,0,0,0,0,0,0,709631,1076223,3248127,760471.68,200
1781842510,0,208390,0,438.02,200.08,1744895,5389680639,16743661567,26877100031,30500978687,189184,31356616703,8799985934.64,9538519703.15,208390,10,10,10,0,0,0,0,0,0,739839,1086463,1138687,865895.68,200
1781842511,0,208590,0,437.52,200.05,1725439,5351931903,16735272959,26877100031,30500978687,189184,31356616703,8791549030.98,9537834606.43,208590,10,10,10,0,0,0,0,0,0,739839,1074175,1119231,717269.12,200
1781842512,0,208790,0,437.02,200.06,1703935,5309988863,16726884351,26877100031,30500978687,189184,31356616703,8783128279.56,9537143341.31,208790,10,10,10,0,0,0,0,0,0,710143,1077247,1111039,705585.92,200
1781842513,0,208990,0,436.53,199.84,1687551,5272240127,16718495743,26860322815,30500978687,189184,31356616703,8774723643.74,9536445936.36,208990,10,10,10,0,0,0,0,0,0,709631,1071103,1116159,704071.68,200
1781842514,0,209190,0,436.04,200.05,1673215,5230297087,16710107135,26843545599,30484201471,189184,31356616703,8766335208.04,9535742308.82,209190,10,10,10,0,0,0,0,0,0,747007,1089535,1135615,839331.20,200
1781842515,0,210884,0,438.65,1695.03,1714175,5058330623,16642998271,26809991167,30484201471,189184,31356616703,8696558306.12,9528969587.01,210884,10,10,10,0,0,0,0,0,0,37617663,272105471,293076991,79893540.04,1694
1781842516,0,211774,0,439.59,890.02,1744895,4982833151,16592666623,26793213951,30484201471,189184,31356616703,8662309285.98,9523540615.69,211774,10,10,10,0,0,0,0,0,0,569901055,936378367,944242687,547061686.36,890
1781842517,0,212730,0,440.66,955.59,1770495,4802478079,16542334975,26759659519,30484201471,189184,31356616703,8628203426.50,9515674316.72,212730,10,10,10,0,0,0,0,0,0,1178599423,1282408447,1291845631,1073042042.11,956
1781842518,0,213830,0,442.02,1100.24,1793023,4655677439,16492003327,26742882303,30467424255,189184,31356616703,8592801687.30,9503935217.91,213830,10,10,10,0,0,0,0,0,0,1644167167,1971322879,1979711487,1746427159.27,1100
1781842519,0,214930,0,443.38,1099.51,1810431,4563402751,16441671679,26726105087,30467424255,189184,31356616703,8561253753.01,9489790975.22,214930,10,10,10,0,0,0,0,0,0,2325741567,2650800127,2659188735,2428622125.61,1100
1781842520,0,216030,0,444.73,1099.78,1825791,4433379327,16391340031,26709327871,30467424255,189184,31356616703,8533464733.84,9473574515.11,216030,10,10,10,0,0,0,0,0,0,3001024511,3323985919,3336568831,3103743016.96,1100
1781842521,0,217130,0,446.08,1100.86,1839103,4236247039,16332619775,26675773439,30450647039,189184,31356616703,8509332096.16,9455605106.50,217130,10,10,10,0,0,0,0,0,0,3670015999,3995074559,4003463167,3769901443.26,1100
1781842522,0,218230,0,447.42,1099.49,1852415,4240441343,16290676735,26658996223,30450647039,189184,31356616703,8488249560.51,9436400855.01,218230,10,10,10,0,0,0,0,0,0,4242538495,4538236927,4546625535,4326748681.31,1100
1781842523,0,219330,0,448.75,1099.61,1866751,4424990719,16240345087,26642219007,30450647039,189184,31356616703,8470540888.15,9416020332.09,219330,10,10,10,0,0,0,0,0,0,4852809727,5179965439,5192548351,4957301279.65,1100
1781842524,0,220430,0,450.08,1100.84,1878015,4500488191,16181624831,26591887359,30417092607,189184,31356616703,8456430217.51,9394618248.58,220430,10,10,10,0,0,0,0,0,0,5540675583,5872025599,5880414207,5642890772.48,1100
1781842525,0,221530,0,451.41,1099.22,1888255,4563402751,16139681791,26558332927,30417092607,189184,31356616703,8445875235.61,9372464153.39,221530,10,10,10,0,0,0,0,0,0,6228541439,6555697151,6568280063,6330752815.48,1100
1781842526,0,222630,0,452.73,1100.35,1897471,4655677439,16089350143,26541555711,30417092607,189184,31356616703,8438431802.69,9349885974.51,222630,10,10,10,0,0,0,0,0,0,6832521215,7163871231,7176454143,6939392081.92,1100
1781842527,0,223730,0,454.04,1100.34,1907711,4760535039,16039018495,26524778495,30400315391,189184,31356616703,8434396496.95,9327057383.21,223730,10,10,10,0,0,0,0,0,0,7516192767,7843348479,7851737087,7617687298.79,1100
1781842528,0,224830,0,455.35,1099.39,1918975,4836032511,15971909631,26491224063,30400315391,189184,31356616703,8433619823.87,9304226581.79,224830,10,10,10,0,0,0,0,0,0,8183087103,8501854207,8510242815,8275651580.28,1100
1781842529,0,225930,0,456.65,1100.21,1929215,4995416063,15913189375,26474446847,30400315391,189184,31356616703,8436011488.29,9281619770.07,225930,10,10,10,0,0,0,0,0,0,8824815615,9151971327,9160359935,8924845953.40,1100
1781842530,0,227030,0,457.95,1099.51,1943551,5079302143,15879634943,26457669631,30400315391,189184,31356616703,8441586772.66,9259458729.87,227030,10,10,10,0,0,0,0,0,0,9495904255,9806282751,9814671359,9586699498.59,1100
1781842531,0,228130,0,459.24,1100.91,1956863,5138022399,15829303295,26440892415,30383538175,189184,31356616703,8450330254.93,9237970039.82,228130,10,10,10,0,0,0,0,0,0,10158604287,10485759999,10494148607,10254905507.84,1100
1781842532,0,229230,0,460.53,1100.04,1968127,5200936959,15778971647,26407337983,30383538175,189184,31356616703,8462198118.78,9217370993.20,229230,10,10,10,0,0,0,0,0,0,10821304319,11148460031,11165237247,10923485191.45,1100
1781842533,0,230330,0,461.81,1099.91,1982463,5402263551,15720251391,26390560767,30383538175,189184,31356616703,8477199246.95,9197892103.28,230330,10,10,10,0,0,0,0,0,0,11509170175,11827937279,11836325887,11603297983.77,1100
1781842534,0,231361,0,462.95,1031.25,1995775,5477761023,15661531135,26357006335,30383538175,189184,31356616703,8494060044.55,9180842045.87,231361,10,10,10,0,0,0,0,0,0,12163481599,12490637311,12499025919,12260837457.44,1031
1781842535,0,232478,0,464.26,1116.95,2016255,5540675583,15611199487,26323451903,30383538175,189184,31356616703,8515029754.81,9163742240.60,232478,10,10,10,0,0,0,0,0,0,12775849983,13119782911,13136560127,12858425578.69,1117
1781842536,0,233168,0,464.71,690.04,2039807,5603590143,15577645055,26306674687,30366760959,189184,31356616703,8529557610.63,9154063488.75,233168,10,10,10,0,0,0,0,0,0,13413384191,13799260159,13807648767,13424350169.41,690
1781842537,0,234566,0,466.56,1397.98,2097151,5758779391,15510536191,26289897471,30366760959,189184,31356616703,8562303461.76,9136556759.28,234566,10,10,10,0,0,0,0,0,0,14034141183,14394851327,14411628543,14023880440.31,1398
1781842538,0,235280,0,467.05,713.44,2113535,5813305343,15476981759,26273120255,30366760959,189184,31356616703,8580602301.50,9128714732.20,235280,10,10,10,0,0,0,0,0,0,14663286783,14738784255,14747172863,14592206842.26,714
1781842539,0,236380,0,468.31,1100.46,2136063,5897191423,15426650111,26239565823,30366760959,189184,31356616703,8611347758.01,9118550274.97,236380,10,10,10,0,0,0,0,0,0,15091105791,15418261503,15426650111,15187521401.95,1100
1781842540,0,238580,0,471.73,2198.85,2172927,6123683839,15678308351,26206011391,30349983743,189184,31356616703,8677767305.21,9102490844.42,238580,10,10,10,0,0,0,0,0,0,15829303295,15980298239,16005464063,15814245744.64,2200
1781842541,0,239680,0,472.97,1099.92,2189311,6182404095,15770583039,26172456959,30349983743,189184,31356616703,8712290181.75,9095806228.26,239680,10,10,10,0,0,0,0,0,0,16114515967,16408117247,16416505855,16199988257.51,1100
1781842542,0,240780,0,474.21,1100.42,2201599,6312427519,15846080511,26155679743,30349983743,189184,31356616703,8749299365.86,9091439849.26,240780,10,10,10,0,0,0,0,0,0,16726884351,17020485631,17037262847,16813264136.38,1100
1781842543,0,241880,0,475.44,1100.28,2213887,6471811071,15896412159,26138902527,30333206527,189184,31356616703,8789235717.59,9089980466.41,241880,10,10,10,0,0,0,0,0,0,17381195775,17817403391,17817403391,17530940054.81,1100
1781842544,0,242762,0,476.23,882.27,2222079,6526337023,15955132415,26088570879,30333206527,189184,31356616703,8824037129.70,9091745176.36,242762,10,10,10,0,0,0,0,0,0,18253611007,18656264191,18673041407,18367989012.32,882
1781842545,0,243530,0,476.80,767.31,2230271,6564085759,16013852671,26071793663,30333206527,189184,31356616703,8855756259.53,9094905866.89,243530,10,10,10,0,0,0,0,0,0,18991808511,19075694591,19075694591,18882057557.33,768
1781842546,0,244630,0,478.02,1100.32,2242559,6656360447,16097738751,26055016447,30333206527,189184,31356616703,8904139792.69,9102955889.95,244630,10,10,10,0,0,0,0,0,0,19495124991,19864223743,19881000959,19615814183.10,1100
1781842547,0,245730,0,479.23,1100.00,2258943,6752829439,16240345087,26038239231,30316429311,189184,31356616703,8955720948.43,9115084206.46,245730,10,10,10,0,0,0,0,0,0,20283654143,20686307327,20703084543,20426901064.61,1100
1781842548,0,246280,0,479.37,549.94,2267135,6786383871,16299065343,26021462015,30316429311,189184,31356616703,8982733137.39,9122785412.62,246280,10,10,10,0,0,0,0,0,0,21055406079,21122514943,21122514943,21051288036.07,550
1781842549,0,247380,0,480.58,1099.97,2283519,6908018687,16391340031,26004684799,30316429311,189184,31356616703,9039201519.11,9141622566.21,247380,10,10,10,0,0,0,0,0,0,21541945343,21944598527,21961375743,21681958837.53,1100
1781842550,0,248480,0,481.78,1100.45,2299903,7046430719,16517169151,25987907583,30316429311,189184,31356616703,9098799376.16,9165059802.20,248480,10,10,10,0,0,0,0,0,0,22347251711,22783459327,22783459327,22501815627.40,1100
1781842551,0,249030,0,481.91,549.81,2306047,7075790847,16601055231,25971130367,30299652095,189184,31356616703,9129821569.75,9178648714.50,249030,10,10,10,0,0,0,0,0,0,23152558079,23202889727,23219666943,23145084592.87,550
1781842552,0,250130,0,483.10,1099.68,2320383,7134511103,16693329919,25954353151,30299652095,189184,31356616703,9194238100.82,9209598804.85,250130,10,10,10,0,0,0,0,0,0,23639097343,24058527743,24058527743,23777555132.04,1100
1781842553,0,251230,0,484.29,1100.03,2336767,7197425663,16802381823,25920798719,30299652095,189184,31356616703,9261634305.41,9245453369.18,251230,10,10,10,0,0,0,0,0,0,24444403711,24847056895,24863834111,24586918535.91,1100
1781842554,0,251780,0,484.42,550.00,2344959,7285506047,16894656511,25920798719,30299652095,189184,31356616703,9296467249.99,9265307169.74,251780,10,10,10,0,0,0,0,0,0,25216155647,25266487295,25283264511,25207523007.77,550
1781842555,0,252880,0,485.60,1099.99,2371583,7428112383,16978542591,26021462015,30299652095,189184,31356616703,9368280017.91,9308764826.14,252880,10,10,10,0,0,0,0,0,0,25669140479,26071793663,26088570879,25805569750.11,1100
1781842556,0,253980,0,486.78,1100.84,2416639,7507804159,17087594495,26340229119,30282874879,189184,31356616703,9442880809.02,9357209932.52,253980,10,10,10,0,0,0,0,0,0,26474446847,26843545599,26860322815,26592924496.99,1100
1781842557,0,254672,0,487.17,692.13,2439167,7566524415,17196646399,26440892415,30282874879,189184,31356616703,9491374272.20,9390561543.09,254672,10,10,10,0,0,0,0,0,0,27229421567,27648851967,27648851967,27289596495.91,692
1781842558,0,255630,0,488.07,957.78,2461695,7654604799,17297309695,26759659519,30282874879,189184,31356616703,9560066786.98,9439637186.13,255630,10,10,10,0,0,0,0,0,0,27967619071,28068282367,28085059583,27821089879.65,958
1781842559,0,256730,0,489.24,1099.99,2486271,7755268095,17364418559,27011317759,30282874879,189184,31356616703,9641813069.53,9501478404.20,256730,10,10,10,0,0,0,0,0,0,28504489983,28907143167,28907143167,28638905988.19,1100
1781842560,0,257525,0,489.82,795.22,2500607,7813988351,17481859071,27212644351,30266097663,189184,31356616703,9702789137.77,9549879752.89,257525,10,10,10,0,0,0,0,0,0,29293019135,29712449535,29729226751,29393840707.62,795
1781842561,0,258380,0,490.51,854.67,2514943,7897874431,17582522367,27464302591,30266097663,189184,31356616703,9769539655.72,9604194944.31,258380,10,10,10,0,0,0,0,0,0,29980884991,30064771071,30081548287,29874717591.80,855
1781842562,0,259480,0,491.67,1099.31,2527231,8057257983,17733517311,27682406399,30517755903,189184,31356616703,9857973200.84,9679187525.76,259480,10,10,10,0,0,0,0,0,0,30500978687,30886854655,30903631871,30630209007.24,1100
1781842563,0,260580,0,492.82,1101.00,2541567,8107589631,17817403391,28017950719,30836523007,189184,31692161023,9949018596.90,9759442044.12,260580,10,10,10,0,0,0,0,0,0,31306285055,31675383807,31692161023,31425799841.98,1100
1781842564,0,261130,0,492.93,549.56,2547711,8136949759,17884512255,28085059583,30953963519,189184,32078036991,9995482789.46,9801477327.76,261130,10,10,10,0,0,0,0,0,0,32010928127,32078036991,32078036991,32009372422.52,550
1781842565,0,262230,0,494.07,1100.69,2559999,8204058623,18052284415,28437381119,31255953407,189184,32833011711,10090247737.54,9889285422.79,262230,10,10,10,0,0,0,0,0,0,32497467391,32816234495,32833011711,32586584912.99,1100
1781842566,0,263330,0,495.21,1100.10,2574335,8367636479,18186502143,28772925439,31977373695,189184,33705426943,10187672807.53,9982603551.27,263330,10,10,10,0,0,0,0,0,0,33252442111,33688649727,33705426943,33412923809.05,1100
1781842567,0,263880,0,495.31,549.84,2582527,8413773823,18220056575,28856811519,32380026879,189184,34141634559,10237471413.32,10031550441.62,263880,10,10,10,0,0,0,0,0,0,34091302911,34141634559,34141634559,34080138437.35,550
1781842568,0,264980,0,496.44,1099.64,2600959,8501854207,18337497087,29209133055,33151778815,189184,35064381439,10339227087.81,10134019295.14,264980,10,10,10,0,0,0,0,0,0,34594619391,35030827007,35064381439,34749488347.69,1100
1781842569,0,266080,0,497.57,1100.53,2621439,8598323199,18505269247,29427236863,34040971263,189184,35668361215,10443046543.75,10240619883.15,266080,10,10,10,0,0,0,0,0,0,35399925759,35634806783,35668361215,35452209665.86,1100
1781842570,0,267180,0,498.70,1099.38,2641919,8690597887,18605932543,29695672319,34930163711,189184,36373004287,10548573744.96,10350478846.72,267180,10,10,10,0,0,0,0,0,0,35936796671,36339449855,36373004287,36074644379.46,1100
1781842571,0,268280,0,499.82,1100.70,2658303,8757706751,18706595839,29997662207,35567697919,189184,37211865087,10656675199.16,10465741210.70,268280,10,10,10,0,0,0,0,0,0,36775657471,37178310655,37211865087,36913535683.49,1100
1781842572,0,268830,0,499.91,549.73,2666495,8799649791,18790481919,30081548287,35836133375,189184,37614518271,10711689025.53,10525394633.33,268830,10,10,10,0,0,0,0,0,0,37547409407,37614518271,37614518271,37546433279.07,550
1781842573,0,269930,0,501.03,1100.37,2680831,8950644735,18941476863,30433869823,36674994175,189184,38453379071,10823622382.90,10648692313.26,269930,10,10,10,0,0,0,0,0,0,38050725887,38453379071,38453379071,38179117346.44,1100
1781842574,0,271001,0,502.08,1071.33,2697215,9059696639,19025362943,30719082495,37513854975,189184,39292239871,10935021573.13,10773782877.03,271001,10,10,10,0,0,0,0,0,0,38889586687,39292239871,39292239871,39011570050.27,1071
1781842575,0,271580,0,502.22,578.85,2707455,9093251071,19075694591,30836523007,37916508159,189184,39728447487,10996184186.88,10843332899.44,271580,10,10,10,0,0,0,0,0,0,39661338623,39728447487,39728447487,39623350834.40,579
1781842576,0,272680,0,503.33,1099.83,2727935,9143582719,19226689535,31188844543,38755368959,189184,40567308287,11114349118.15,10979574678.87,272680,10,10,10,0,0,0,0,0,0,40164655103,40567308287,40567308287,40288196421.82,1100
1781842577,0,273780,0,504.43,1099.90,2756607,9143582719,19293798399,31255953407,39191576575,189184,41003515903,11153817185.86,11047837190.34,273780,10,10,10,0,0,0,0,0,0,1483735039,40969961471,40969961471,20937592370.27,1100
1781842578,0,274270,0,504.40,490.14,2768895,9126805503,19260243967,31255953407,39191576575,189184,41003515903,11134855427.43,11047065946.74,274270,10,10,10,0,0,0,0,0,0,542113791,953155583,990904319,540263135.61,490
1781842579,0,275060,0,504.92,789.81,2770943,9084862463,19209912319,31239176191,38889586687,189184,41003515903,11103378350.22,11046774726.95,275060,10,10,10,0,0,0,0,0,0,128843775,542113791,599261183,175254345.07,790
1781842580,0,275560,0,504.92,500.02,2729983,9059696639,19193135103,31239176191,38889586687,189184,41003515903,11083233439.83,11046857294.39,275560,10,10,10,0,0,0,0,0,0,1006079,1653759,2215935,1115332.86,500
1781842581,0,276060,0,504.91,500.11,2705407,9034530815,19176357887,31239176191,38889586687,189184,41003515903,11063161304.11,11046903224.00,276060,10,10,10,0,0,0,0,0,0,1009663,1607679,2418687,1005868.54,500
1781842582,0,276560,0,504.90,499.64,2680831,8942256127,19142803455,31239176191,38889586687,189184,41003515903,11043161753.81,11046912706.55,276560,10,10,10,0,0,0,0,0,0,1019391,1606655,1818623,1010040.32,500
1781842583,0,277060,0,504.89,500.15,2660351,8866758655,19126026239,31222398975,38889586687,189184,41003515903,11023234427.35,11046886104.20,277060,10,10,10,0,0,0,0,0,0,1026047,1672191,1948671,1031616.51,500
1781842584,0,277560,0,504.88,500.15,2637823,8808038399,19109249023,31222398975,38889586687,189184,41003515903,11003379080.38,11046823661.01,277560,10,10,10,0,0,0,0,0,0,1039871,1756159,2117631,1134214.66,500
1781842585,0,278060,0,504.87,500.14,2609151,8774483967,19075694591,31222398975,38889586687,189184,41003515903,10983594894.43,11046726190.49,278060,10,10,10,0,0,0,0,0,0,993791,1626111,1826815,997593.09,500
1781842586,0,278560,0,504.86,499.58,2584575,8740929535,19075694591,31222398975,38889586687,189184,41003515903,10963881717.95,11046593840.15,278560,10,10,10,0,0,0,0,0,0,986111,1627135,1888255,990013.44,500
1781842587,0,279060,0,504.85,500.22,2562047,8707375103,19058917375,31205621759,38889586687,189184,41003515903,10944239333.13,11046426822.98,279060,10,10,10,0,0,0,0,0,0,1020927,1666047,2003967,1073903.62,500
1781842588,0,279560,0,504.84,500.11,2543615,8665432063,19042140159,31205621759,38889586687,189184,41003515903,10924667085.18,11046225783.34,279560,10,10,10,0,0,0,0,0,0,1015807,1628159,1856511,1004057.09,500
1781842589,0,280060,0,504.84,499.65,2527231,8623489023,19025362943,31205621759,38856032255,189184,41003515903,10905164816.15,11045990871.87,280060,10,10,10,0,0,0,0,0,0,1030655,1690623,2893823,1056157.44,500
1781842590,0,280560,0,504.83,500.21,2506751,8577351679,19008585727,31205621759,38856032255,189184,41003515903,10885732182.95,11045722421.76,280560,10,10,10,0,0,0,0,0,0,1007103,1645567,3051519,1125676.54,500
1781842591,0,281060,0,504.82,499.88,2484223,8531214335,19008585727,31205621759,38856032255,189184,41003515903,10866369643.94,11045419976.00,281060,10,10,10,0,0,0,0,0,0,1130495,4804607,12681215,1661752.06,500
1781842592,0,281560,0,504.81,499.94,2451455,8497659903,18991808511,31205621759,38856032255,189184,41003515903,10847074740.46,11045085945.85,281560,10,10,10,0,0,0,0,0,0,1010175,1679359,1976319,1023596.80,500
1781842593,0,282060,0,504.80,500.16,2404351,8459911167,18975031295,31188844543,38856032255,189184,41003515903,10827848293.46,11044719512.78,282060,10,10,10,0,0,0,0,0,0,1045503,1713151,2073599,1051459.84,500
1781842594,0,282560,0,504.79,500.06,2353151,8413773823,18958254079,31188844543,38856032255,189184,41003515903,10808690023.70,11044320941.28,282560,10,10,10,0,0,0,0,0,0,1042431,1711103,2061311,1126885.12,500
1781842595,0,283060,0,504.78,500.19,2328575,8376025087,18941476863,31188844543,38856032255,189184,41003515903,10789599232.04,11043890904.61,283060,10,10,10,0,0,0,0,0,0,1003007,1659903,1790975,1011052.03,500
1781842596,0,283560,0,504.77,499.57,2308095,8313110527,18924699647,31188844543,38856032255,189184,41003515903,10770575802.23,11043429504.46,283560,10,10,10,0,0,0,0,0,0,1027071,1669119,1926143,1031714.56,500
1781842597,0,284060,0,504.77,499.99,2289663,8233418751,18891145215,31172067327,38856032255,189184,41003515903,10751618990.06,11042937454.02,284060,10,10,10,0,0,0,0,0,0,739327,1250303,1601535,831674.11,500
1781842598,0,284560,0,504.76,500.39,2271231,8178892799,18874367999,31172067327,38856032255,189184,41003515903,10732731818.05,11042411803.89,284560,10,10,10,0,0,0,0,0,0,1034239,17612799,27934719,2551654.66,500
1781842599,0,285060,0,504.75,499.68,2248703,8153726975,18840813567,31155290111,38856032255,189184,41003515903,10713908444.75,11041858218.47,285060,10,10,10,0,0,0,0,0,0,1062911,1872895,4333567,1150233.34,500
1781842600,0,285560,0,504.74,500.12,2230271,8124366847,18824036351,31155290111,38856032255,189184,41003515903,10695150882.31,11041274725.23,285560,10,10,10,0,0,0,0,0,0,1051647,1716223,1991679,1089384.96,500
1781842601,0,286060,0,504.73,500.22,2215935,8103395327,18807259135,31121735679,38856032255,189184,41003515903,10676458837.97,11040661592.00,286060,10,10,10,0,0,0,0,0,0,1068031,1732607,2007039,1058473.22,500
1781842602,0,286560,0,504.72,499.79,2199551,8078229503,18773704703,31104958463,38856032255,189184,41003515903,10657831993.01,11040019110.88,286560,10,10,10,0,0,0,0,0,0,1047039,1689599,1833983,1041452.29,500
1781842603,0,287060,0,504.72,499.81,2183167,8053063679,18756927487,31088181247,38856032255,189184,41003515903,10639270080.66,11039347522.80,287060,10,10,10,0,0,0,0,0,0,1040383,1724415,3276799,1066877.95,500
1781842604,0,287560,0,504.71,500.06,2158591,8002732031,18723373055,31088181247,38856032255,189184,41003515903,10620772896.88,11038647007.96,287560,10,10,10,0,0,0,0,0,0,984063,1626111,2097151,1169744.13,500
1781842605,0,288060,0,504.70,500.12,2131967,7902068735,18706595839,31071404031,38856032255,189184,41003515903,10602339668.56,11037918291.58,288060,10,10,10,0,0,0,0,0,0,1024511,1657855,1933311,1021395.71,500
1781842606,0,288560,0,504.69,500.28,2101247,7843348479,18673041407,31071404031,38856032255,189184,41003515903,10583970364.36,11037161384.89,288560,10,10,10,0,0,0,0,0,0,1042943,1698815,2144255,1046830.85,500
1781842607,0,289060,0,504.68,499.86,2056191,7805599743,18656264191,31054626815,38856032255,189184,41003515903,10565666479.31,11036374840.25,289060,10,10,10,0,0,0,0,0,0,1107967,4931583,29982719,2128339.97,500
1781842608,0,289560,0,504.68,500.10,2006015,7767851007,18656264191,31054626815,38856032255,189184,41003515903,10547423879.94,11035562593.74,289560,10,10,10,0,0,0,0,0,0,1029631,1646591,1799167,1012329.73,500
1781842609,0,290060,0,504.67,499.69,1985535,7730102271,18639486975,31037849599,38856032255,189184,41003515903,10529244227.84,11034723032.94,290060,10,10,10,0,0,0,0,0,0,1037823,1719295,1921023,1044101.63,500
1781842610,0,290560,0,504.66,499.93,1968127,7675576319,18622709759,31021072383,38856032255,189184,41003515903,10511127300.24,11033856350.10,290560,10,10,10,0,0,0,0,0,0,1045503,1708031,1929215,1135261.95,500
1781842611,0,291060,0,504.65,500.30,1953791,7633633279,18605932543,31021072383,38856032255,189184,41003515903,10493072482.51,11032963109.02,291060,10,10,10,0,0,0,0,0,0,1047551,1715199,2371583,1056803.33,500
1781842612,0,291560,0,504.64,499.62,1936383,7587495935,18589155327,31004295167,38856032255,189184,41003515903,10475079735.69,11032043324.75,291560,10,10,10,0,0,0,0,0,0,1078271,1965055,3981311,1141957.63,500
1781842613,0,292060,0,504.63,500.14,1922047,7541358591,18589155327,30987517951,38856032255,189184,41003515903,10457148283.94,11031097711.26,292060,10,10,10,0,0,0,0,0,0,963583,1604607,1809407,960138.11,500
1781842614,0,292560,0,504.63,500.16,1906687,7499415551,18572378111,30987517951,38856032255,189184,41003515903,10439278326.91,11030126055.77,292560,10,10,10,0,0,0,0,0,0,984575,1662975,2007039,1079030.14,500
1781842615,0,293060,0,504.62,499.73,1894399,7465861119,18555600895,30970740735,38856032255,189184,41003515903,10421469160.42,11029129001.01,293060,10,10,10,0,0,0,0,0,0,966143,1622015,1905663,969664.00,500
1781842616,0,293560,0,504.61,500.12,1882111,7428112383,18538823679,30970740735,38856032255,189184,41003515903,10403720649.57,11028106649.95,293560,10,10,10,0,0,0,0,0,0,967679,1584127,1770495,963465.98,500
1781842617,0,294060,0,504.60,500.13,1867775,7394557951,18538823679,30953963519,38856032255,189184,41003515903,10386032615.56,11027059146.89,294060,10,10,10,0,0,0,0,0,0,989183,1647615,1981439,1034092.67,500
1781842618,0,294560,0,504.60,500.03,1850367,7310671871,18505269247,30937186303,38856032255,189184,41003515903,10368404511.52,11025986981.81,294560,10,10,10,0,0,0,0,0,0,971263,1584127,1817599,963961.47,500
1781842619,0,295060,0,504.59,500.16,1833983,7222591487,18471714815,30937186303,38822477823,189184,41003515903,10350836168.75,11024890287.56,295060,10,10,10,0,0,0,0,0,0,974847,1620991,1908735,974075.65,500
1781842620,0,295560,0,504.58,499.74,1816575,7172259839,18454937599,30920409087,38822477823,189184,41003515903,10333327394.44,11023769219.70,295560,10,10,10,0,0,0,0,0,0,935423,1573887,1697791,1049500.29,500
1781842621,0,296060,0,504.57,499.91,1796095,7147094015,18421383167,30903631871,38822477823,189184,41003515903,10315877615.42,11022624288.63,296060,10,10,10,0,0,0,0,0,0,951295,1605631,1770495,964241.41,500
1781842622,0,296560,0,504.56,500.26,1773567,7121928191,18404605951,30903631871,38822477823,189184,41003515903,10298486655.97,11021455631.77,296560,10,10,10,0,0,0,0,0,0,941567,1579007,1806335,951745.66,500
1781842623,0,297060,0,504.56,500.09,1743871,7092568063,18371051519,30903631871,38822477823,189184,41003515903,10281154276.07,11020263446.11,297060,10,10,10,0,0,0,0,0,0,968703,1630207,1913855,973110.14,500
1781842624,0,297560,0,504.55,499.67,1713151,7071596543,18354274303,30903631871,38822477823,189184,41003515903,10263880296.88,11019047871.32,297560,10,10,10,0,0,0,0,0,0,970751,1653759,1979391,1063780.61,500
1781842625,0,298060,0,504.54,500.05,1685503,7038042111,18337497087,30886854655,38822477823,189184,41003515903,10246664112.85,11017809443.20,298060,10,10,10,0,0,0,0,0,0,969727,1615871,1928191,968672.00,500
1781842626,0,298560,0,504.53,500.27,1667071,6996099071,18303942655,30886854655,38822477823,189184,41003515903,10229505640.40,11016548210.80,298560,10,10,10,0,0,0,0,0,0,1009663,1660927,1886207,997041.15,500
1781842627,0,299060,0,504.53,499.67,1652735,6908018687,18287165439,30870077439,38822477823,189184,41003515903,10212404652.93,11015264356.14,299060,10,10,10,0,0,0,0,0,0,996863,1624063,2072575,1063015.94,500
1781842628,0,299560,0,504.52,500.35,1640447,6832521215,18270388223,30870077439,38822477823,189184,41003515903,10195360273.51,11013958662.27,299560,10,10,10,0,0,0,0,0,0,754175,1369087,1639423,776055.30,500
1781842629,0,300060,0,504.51,499.65,1631231,6794772479,18270388223,30870077439,38822477823,189184,41003515903,10178372646.74,11012630964.54,300060,10,10,10,0,0,0,0,0,0,738303,1167359,1332223,745696.51,500
1781842630,0,300560,0,504.50,499.88,1623039,6761218047,18236833791,30870077439,38822477823,189184,41003515903,10161441769.44,11011281236.26,300560,10,10,10,0,0,0,0,0,0,813055,1505279,1857535,883681.54,500
1781842631,0,301060,0,504.50,500.15,1615871,6727663615,18236833791,30870077439,38822477823,189184,41003515903,10144569644.58,11009907605.46,301060,10,10,10,0,0,0,0,0,0,936959,14311423,29900799,2397953.02,500
1781842632,0,301560,0,504.49,499.94,1609727,6685720575,18220056575,30853300223,38822477823,189184,41003515903,10127751223.45,11008514692.24,301560,10,10,10,0,0,0,0,0,0,1040895,1687551,1993727,1043490.56,500
1781842633,0,302060,0,504.48,499.92,1602559,6639583231,18203279359,30853300223,38822477823,189184,41003515903,10110988455.86,11007100668.06,302060,10,10,10,0,0,0,0,0,0,1030143,1688575,1827839,1028064.77,500
1781842634,0,302560,0,504.47,500.05,1597439,6593445887,18186502143,30853300223,38822477823,189184,41003515903,10094281419.55,11005665431.11,302560,10,10,10,0,0,0,0,0,0,1033215,1704959,2226175,1226646.91,500
1781842635,0,303230,0,504.75,670.04,1598463,6547308543,18169724927,30853300223,38822477823,189184,41003515903,10072211138.88,11003499958.70,303230,10,10,10,0,0,0,0,0,0,122945535,149291007,152174591,105667674.94,670
1781842636,0,304330,0,505.74,1100.60,1603583,6492782591,18136170495,30836523007,38822477823,189184,41003515903,10038970561.35,10997463426.67,304330,10,10,10,0,0,0,0,0,0,650641407,1148190719,1155530751,875752086.81,1100
1781842637,0,305430,0,506.72,1100.14,1608703,6358564863,18085838847,30836523007,38822477823,189184,41003515903,10009265147.14,10988766023.34,305430,10,10,10,0,0,0,0,0,0,1569718271,2060451839,2067791871,1790857230.89,1100
1781842638,0,306530,0,507.71,1099.75,1613823,6194987007,18035507199,30819745791,38822477823,189184,41003515903,9983074511.37,10977717815.93,306530,10,10,10,0,0,0,0,0,0,2520776703,2952790015,2959081471,2710887345.80,1100
1781842639,0,307080,0,507.78,549.64,1616895,6165626879,18001952767,30819745791,38822477823,189184,41003515903,9971350459.99,10971374283.23,307080,10,10,10,0,0,0,0,0,0,3439329279,3460300799,3464495103,3437216875.99,550
1781842640,0,308180,0,508.75,1100.31,1623039,6106906623,17934843903,30802968575,38822477823,189184,41003515903,9950721287.51,10957209502.31,308180,10,10,10,0,0,0,0,0,0,3965714431,4466933759,4471128063,4191806482.62,1100
1781842641,0,309280,0,509.73,1100.71,1629183,6023020543,17901289471,30802968575,38822477823,189184,41003515903,9933817427.16,10941375867.71,309280,10,10,10,0,0,0,0,0,0,4978638847,5469372415,5477761023,5197970443.17,1100
1781842642,0,309830,0,509.79,549.62,1632255,5972688895,17867735039,30802968575,38822477823,189184,41003515903,9926751160.71,10932944369.73,309830,10,10,10,0,0,0,0,0,0,5955911679,5976883199,5981077503,5953196821.41,550
1781842643,0,310930,0,510.76,1100.69,1639423,6073352191,17817403391,30786191359,38788923391,189184,41003515903,9915226056.99,10915311769.75,310930,10,10,10,0,0,0,0,0,0,6476005375,6933184511,6941573119,6669023433.08,1100
1781842644,0,312030,0,511.73,1099.99,1647615,6136266751,17783848959,30786191359,38788923391,189184,41003515903,9907256670.79,10896888053.94,312030,10,10,10,0,0,0,0,0,0,7444889599,7918845951,7923040255,7654600987.00,1100
1781842645,0,312580,0,511.79,549.61,1652735,6165626879,17783848959,30786191359,38788923391,189184,41003515903,9904420494.01,10887506621.58,312580,10,10,10,0,0,0,0,0,0,8296333311,8321499135,8325693439,8295380061.09,550
1781842646,0,313680,0,512.75,1100.56,1661951,6253707263,17750294527,30752636927,38788923391,189184,41003515903,9901409954.40,10868528909.08,313680,10,10,10,0,0,0,0,0,0,8824815615,9319743487,9328132095,9045924070.87,1100
1781842647,0,314780,0,513.71,1100.13,1674239,6404702207,17716740095,30735859711,38788923391,189184,41003515903,9901128618.36,10849525270.39,314780,10,10,10,0,0,0,0,0,0,9764339711,9974054911,9982443519,9820901807.94,1100
1781842648,0,315880,0,514.67,1098.96,1689599,6459228159,17683185663,30719082495,38788923391,189184,41003515903,9903334408.00,10830690433.58,315880,10,10,10,0,0,0,0,0,0,10343153663,10787749887,10796138495,10534551194.53,1100
1781842649,0,316980,0,515.62,1100.75,1709055,6522142719,17632854015,30702305279,38788923391,189184,41003515903,9908651443.08,10812265131.49,316980,10,10,10,0,0,0,0,0,0,11240734719,11685330943,11693719551,11435510571.75,1100
1781842650,0,318080,0,516.57,1099.66,1731583,6580862975,17565745151,30668750847,38788923391,189184,41003515903,9917037924.69,10794500041.31,318080,10,10,10,0,0,0,0,0,0,12146704383,12582911999,12591300607,12333716960.35,1100
1781842651,0,319180,0,517.52,1100.71,1754111,6681526271,17532190719,30651973631,38788923391,189184,41003515903,9928441696.91,10777636031.51,319180,10,10,10,0,0,0,0,0,0,13035896831,13472104447,13480493055,13225997941.29,1100
1781842652,0,319730,0,517.57,549.56,1765375,6731857919,17498636287,30651973631,38788923391,189184,41003515903,9935256995.17,10769613728.54,319730,10,10,10,0,0,0,0,0,0,13891534847,13916700671,13925089279,13890360442.88,550
1781842653,0,320830,0,518.51,1099.96,1782783,6803161087,17448304639,30635196415,38788923391,189184,41003515903,9951375358.58,10754656753.66,320830,10,10,10,0,0,0,0,0,0,14420017151,14906556415,14914945023,14636397482.36,1100
1781842654,0,321930,0,519.45,1100.21,1798143,6903824383,17397972991,30601641983,38788923391,189184,41003515903,9970829304.14,10741416743.82,321930,10,10,10,0,0,0,0,0,0,15426650111,15921577983,15929966591,15644837806.08,1100
1781842655,0,322480,0,519.50,550.35,1806335,6924795903,17381195775,30601641983,38788923391,189184,41003515903,9981788301.69,10735527497.64,322480,10,10,10,0,0,0,0,0,0,16399728639,16424894463,16424894463,16396388448.81,550
1781842656,0,323580,0,520.43,1099.87,1819647,7021264895,17347641343,30568087551,38788923391,189184,41003515903,10005839038.61,10725182920.66,323580,10,10,10,0,0,0,0,0,0,16835936255,17330864127,17347641343,17056640532.48,1100
1781842657,0,324680,0,521.36,1099.93,1831935,7088373759,17481859071,30551310335,38788923391,189184,41003515903,10033148627.36,10717249724.17,324680,10,10,10,0,0,0,0,0,0,17850957823,18354274303,18354274303,18066636561.69,1100
1781842658,0,325230,0,521.41,549.83,1838079,7117733887,17548967935,30551310335,38755368959,189184,41003515903,10048012672.11,10714272203.50,325230,10,10,10,0,0,0,0,0,0,18824036351,18857590783,18857590783,18822663670.69,550
1781842659,0,326330,0,522.33,1100.43,1850367,7172259839,17699962879,30517755903,38755368959,189184,41003515903,10079827325.96,10710188807.62,326330,10,10,10,0,0,0,0,0,0,19277021183,19763560447,19763560447,19486263571.55,1100
1781842660,0,327430,0,523.26,1099.65,1863679,7335837695,17783848959,30500978687,38755368959,189184,41003515903,10114765316.96,10709113487.69,327430,10,10,10,0,0,0,0,0,0,20266876927,20753416191,20753416191,20479596774.87,1100
1781842661,0,327980,0,523.30,550.09,1868799,7398752255,17817403391,30500978687,38755368959,189184,41003515903,10133379451.07,10709764965.00,327980,10,10,10,0,0,0,0,0,0,21223178239,21239955455,21256732671,21214881144.09,550
1781842662,0,329080,0,524.22,1100.42,1879039,7428112383,17901289471,30484201471,38755368959,189184,41003515903,10172973837.30,10713697783.52,329080,10,10,10,0,0,0,0,0,0,21760049151,22263365631,22263365631,21978580016.41,1100
1781842663,0,330180,0,525.13,1099.85,1889279,7482638335,18052284415,30484201471,38453379071,189184,41003515903,10215689979.77,10721334296.32,330180,10,10,10,0,0,0,0,0,0,22783459327,23269998591,23286775807,22994806493.56,1100
1781842664,0,330730,0,525.17,549.67,1893375,7524581375,18136170495,30467424255,38453379071,189184,41003515903,10238207840.61,10726614210.93,330730,10,10,10,0,0,0,0,0,0,23756537855,23790092287,23790092287,23756293823.77,550
1781842665,0,331830,0,526.08,1100.74,1901567,7629438975,18236833791,30467424255,38453379071,189184,41003515903,10285266699.57,10739872981.08,331830,10,10,10,0,0,0,0,0,0,24226299903,24712839167,24712839167,24434154358.23,1100
1781842666,0,332930,0,526.99,1099.53,1911807,7730102271,18320719871,30450647039,38453379071,189184,41003515903,10335377293.54,10757392112.05,332930,10,10,10,0,0,0,0,0,0,25232932863,25736249343,25736249343,25451921288.84,1100
1781842667,0,333480,0,527.03,550.14,1917951,7772045311,18337497087,30450647039,38453379071,189184,41003515903,10361556548.78,10767798849.83,333480,10,10,10,0,0,0,0,0,0,26222788607,26239565823,26239565823,26208573730.44,550
1781842668,0,334580,0,527.93,1100.01,1928191,7855931391,18488492031,30450647039,38453379071,189184,41003515903,10415966588.31,10791756597.36,334580,10,10,10,0,0,0,0,0,0,26692550655,27195867135,27195867135,26911112024.44,1100
1781842669,0,335680,0,528.83,1099.49,1940479,7906263039,18589155327,30433869823,38453379071,189184,41003515903,10473313650.20,10820392128.44,335680,10,10,10,0,0,0,0,0,0,27699183615,28202500095,28202500095,27916204530.97,1100
1781842670,0,336230,0,528.87,550.21,1947647,7948206079,18639486975,30433869823,38453379071,189184,41003515903,10503078377.57,10836516033.95,336230,10,10,10,0,0,0,0,0,0,28672262143,28705816575,28705816575,28669303253.18,550
1781842671,0,337330,0,529.76,1099.55,1958911,8069840895,18773704703,30417092607,38453379071,189184,41003515903,10564491379.40,10871990419.52,337330,10,10,10,0,0,0,0,0,0,29125246975,29611786239,29611786239,29336212841.19,1100
1781842672,0,338430,0,530.66,1100.64,1969151,8124366847,18840813567,30484201471,38453379071,189184,41003515903,10628577487.52,10912176595.59,338430,10,10,10,0,0,0,0,0,0,30115102719,30517755903,30517755903,30281456442.65,1100
1781842673,0,339530,0,531.55,1099.43,1982463,8183087103,18958254079,30685528063,38453379071,189184,41003515903,10695068794.80,10956743277.74,339530,10,10,10,0,0,0,0,0,0,30937186303,31423725567,31423725567,31152026180.89,1100
1781842674,0,340080,0,531.58,550.20,1989631,8250195967,19008585727,30819745791,38453379071,189184,41003515903,10729349130.64,10980961586.59,340080,10,10,10,0,0,0,0,0,0,31893487615,31927042047,31927042047,31891535358.14,550
1781842675,0,341180,0,532.47,1099.61,2002943,8304721919,19109249023,30937186303,38453379071,189184,41003515903,10799914739.02,11033240673.92,341180,10,10,10,0,0,0,0,0,0,32430358527,32866566143,32883343359,32616234829.27,1100
1781842676,0,342280,0,533.35,1100.34,2028543,8388607999,19226689535,31239176191,38453379071,189184,41003515903,10873073675.05,11090600519.65,342280,10,10,10,0,0,0,0,0,0,33369882623,33822867455,33822867455,33564315305.43,1100
1781842677,0,342830,0,533.38,550.06,2050047,8438939647,19260243967,31323062271,38453379071,189184,41003515903,10910649582.10,11121276189.39,342830,10,10,10,0,0,0,0,0,0,34309406719,34326183935,34326183935,34295161338.41,550
1781842678,0,343930,0,534.26,1099.64,2091007,8518631423,19377684479,31658606591,38419824639,189184,41003515903,10987880096.57,11186882874.69,343930,10,10,10,0,0,0,0,0,0,34863054847,35332816895,35366371327,35057823073.75,1100
1781842679,0,345023,0,535.12,1093.71,2115583,8615100415,19478347775,32027705343,38419824639,189184,41003515903,11067298917.77,11257655276.27,345023,10,10,10,0,0,0,0,0,0,35869687807,36339449855,36339449855,36057706214.94,1093
1781842680,0,345580,0,535.16,556.58,2125823,8665432063,19545456639,32380026879,38419824639,189184,41003515903,11108761382.71,11295814486.66,345580,10,10,10,0,0,0,0,0,0,36809211903,36842766335,36842766335,36791892515.85,557
1781842681,0,346680,0,536.03,1099.81,2146303,8740929535,19679674367,32765902847,38419824639,189184,41003515903,11192619241.59,11375412057.74,346680,10,10,10,0,0,0,0,0,0,37346082815,37815844863,37815844863,37537709126.75,1100
1781842682,0,347780,0,536.90,1100.47,2164735,8791261183,19763560447,33185333247,38755368959,189184,41003515903,11278898296.20,11460236508.70,347780,10,10,10,0,0,0,0,0,0,38252052479,38755368959,38755368959,38470918888.73,1100
1781842683,0,348740,0,537.55,960.40,2181119,8816427007,19830669311,33587986431,39225131007,189184,41003515903,11356193002.94,11538628211.16,348740,10,10,10,0,0,0,0,0,0,39258685439,39594229759,39594229759,39357810824.53,960
1781842684,0,349430,0,537.79,689.93,2189311,8908701695,19881000959,33789313023,39258685439,189184,41003515903,11412565731.78,11596692283.93,349430,10,10,10,0,0,0,0,0,0,39996882943,40030437375,40030437375,39904486681.97,690
1781842685,0,350530,0,538.65,1099.89,2201599,9051308031,20031995903,34292629503,39694893055,189184,41003515903,11504470102.50,11693781083.97,350530,10,10,10,0,0,0,0,0,0,40533753855,40936407039,40969961471,40699146701.73,1100
1781842686,0,351630,0,539.51,1099.38,2211839,9101639679,20182990847,34795945983,40097546239,189184,41976594431,11598841818.96,11796395938.31,351630,10,10,10,0,0,0,0,0,0,41473277951,41943039999,41976594431,41671676157.21,1100
1781842687,0,352730,0,540.37,1099.90,2224127,9160359935,20250099711,35030827007,40533753855,189184,42748346367,11695124606.31,11903131607.46,352730,10,10,10,0,0,0,0,0,0,42312138751,42714791935,42714791935,42473230529.63,1100
1781842688,0,353280,0,540.39,549.98,2228223,9202302975,20266876927,35332816895,40902852607,189184,43218108415,11744153319.73,11958494656.60,353280,10,10,10,0,0,0,0,0,0,43218108415,43218108415,43218108415,43187604386.91,550
1781842689,0,354380,0,541.24,1100.63,2242559,9302966271,20384317439,35634806783,41439723519,189184,44191186943,11843949553.25,12073129302.71,354380,10,10,10,0,0,0,0,0,0,43687870463,44191186943,44191186943,43894870805.41,1100
1781842690,0,355480,0,542.09,1099.29,2256895,9370075135,20535312383,35903242239,42278584319,189184,45130711039,11946104342.89,12193093563.64,355480,10,10,10,0,0,0,0,0,0,44694503423,45097156607,45130711039,44856662842.65,1100
1781842691,0,356534,0,542.87,1055.04,2273279,9445572607,20635975679,36339449855,43218108415,189184,46036680703,12046019081.99,12312559944.87,356534,10,10,10,0,0,0,0,0,0,45533364223,46036680703,46036680703,45744018566.07,1054
1781842692,0,357130,0,542.95,595.76,2281471,9487515647,20686307327,36708548607,43654316031,189184,46472888319,12103319279.89,12381852525.05,357130,10,10,10,0,0,0,0,0,0,46439333887,46439333887,46472888319,46380951428.30,596
1781842693,0,358230,0,543.80,1099.39,2297855,9604956159,20753416191,37144756223,44660948991,189184,47378857983,12210762895.47,12513497828.31,358230,10,10,10,0,0,0,0,0,0,46909095935,47345303551,47378857983,47093797832.15,1100
1781842694,0,359330,0,544.64,1100.42,2310143,9688842239,20854079487,37547409407,45533364223,189184,48318382079,12320464774.61,12650202876.04,359330,10,10,10,0,0,0,0,0,0,47848620031,48318382079,48318382079,48046377652.60,1100
1781842695,0,360430,0,545.48,1100.45,2326527,9722396671,21005074431,37950062591,46439333887,189184,49157242879,12432146925.15,12791161156.93,360430,10,10,10,0,0,0,0,0,0,48754589695,49157242879,49157242879,48914644336.64,1100
1781842696,0,361530,0,546.32,1099.56,2340863,9764339711,21088960511,38352715775,47345303551,189184,50063212543,12545702171.60,12936047942.69,361530,10,10,10,0,0,0,0,0,0,49559896063,50029658111,50063212543,49753627152.76,1100
1781842697,0,362080,0,546.33,549.88,2351103,9797894143,21156069375,38721814527,47848620031,189184,50566529023,12603364298.73,13010484477.34,362080,10,10,10,0,0,0,0,0,0,50532974591,50532974591,50566529023,50506253062.52,550
1781842698,0,363180,0,547.16,1100.06,2383871,9906946047,21239955455,38889586687,48721035263,189184,51472498687,12720278879.00,13162807834.22,363180,10,10,10,0,0,0,0,0,0,51036291071,51472498687,51472498687,51204307264.23,1100
1781842699,0,364240,0,547.93,1060.53,2424831,9797894143,21223178239,38856032255,48721035263,189184,51472498687,12685910548.07,13159050551.20,364240,10,10,10,0,0,0,0,0,0,887619583,1685061631,1763704831,910542222.01,1060
1781842700,0,364760,0,547.89,519.94,2441215,9764339711,21206401023,38856032255,48721035263,189184,51472498687,12668247559.17,13157975398.02,364760,10,10,10,0,0,0,0,0,0,288096255,552075263,589823999,296003174.40,520
1781842701,0,365310,0,547.89,549.79,2453503,9747562495,21206401023,38856032255,48721035263,189184,51472498687,12649507887.32,13156920931.72,365310,10,10,10,0,0,0,0,0,0,217579519,381681663,406323199,221357521.45,550
1781842702,0,365790,0,547.79,480.19,2465791,9730785279,21189623807,38856032255,48721035263,189184,51472498687,12633161203.85,13156017388.16,365790,10,10,10,0,0,0,0,0,0,188743679,350486527,388497407,192313412.27,480
1781842703,0,366200,0,547.58,409.92,2473983,9714008063,21172846591,38856032255,48721035263,189184,51472498687,12619216561.78,13155246204.42,366200,10,10,10,0,0,0,0,0,0,179961855,293339135,312999935,178215041.87,410
1781842704,0,366800,0,547.66,599.87,2486271,9697230847,21139292159,38856032255,48721035263,189184,51472498687,12598869527.02,13154090845.77,366800,10,10,10,0,0,0,0,0,0,182452223,307232767,326893567,180395977.39,600
1781842705,0,367280,0,547.56,480.11,2496511,9680453631,21122514943,38822477823,48721035263,189184,51472498687,12582653616.04,13153133623.29,367280,10,10,10,0,0,0,0,0,0,187564031,325320703,337641471,190994978.13,480
1781842706,0,367780,0,547.49,500.06,2504703,9638510591,21105737727,38822477823,48721035263,189184,51472498687,12565766017.47,13152156488.43,367780,10,10,10,0,0,0,0,0,0,152698879,295698431,314572799,160811614.21,500
1781842707,0,368290,0,547.44,509.78,2512895,9588178943,21088960511,38822477823,48721035263,189184,51472498687,12548564342.99,13151162415.94,368290,10,10,10,0,0,0,0,0,0,142737407,261357567,299368447,143796023.22,510
1781842708,0,368690,0,547.22,400.21,2516991,9563013119,21088960511,38822477823,48721035263,189184,51472498687,12535127257.14,13150349049.16,368690,10,10,10,0,0,0,0,0,0,162791423,283115519,301465599,163266396.16,400
1781842709,0,369300,0,547.31,609.71,2525183,9479127039,21072183295,38822477823,48721035263,189184,51472498687,12514703691.35,13149074502.22,369300,10,10,10,0,0,0,0,0,0,168034303,299368447,319291391,170499639.40,610
1781842710,0,369760,0,547.18,460.20,2529279,9445572607,21055406079,38822477823,48721035263,189184,51472498687,12499358383.97,13148084393.11,369760,10,10,10,0,0,0,0,0,0,178520063,309854207,321126399,179745302.26,460
1781842711,0,370260,0,547.11,500.01,2535423,9412018175,21038628863,38788923391,48721035263,189184,51472498687,12482699608.28,13147011484.70,370260,10,10,10,0,0,0,0,0,0,155582463,286261247,305135615,163201810.43,500
1781842712,0,370820,0,547.13,559.72,2543615,9370075135,21021851647,38788923391,48721035263,189184,51472498687,12464034048.83,13145845366.56,370820,10,10,10,0,0,0,0,0,0,122552319,219283455,234881023,122766116.57,560
1781842713,0,371240,0,546.94,420.14,2547711,9328132095,21021851647,38788923391,48721035263,189184,51472498687,12450082732.84,13144945453.84,371240,10,10,10,0,0,0,0,0,0,131334143,229769215,234225663,132399416.08,420
1781842714,0,371750,0,546.89,510.08,2553855,9311354879,21005074431,38788923391,48721035263,189184,51472498687,12433186725.73,13143833179.35,371750,10,10,10,0,0,0,0,0,0,134610943,226623487,248381439,134218723.89,510
1781842715,0,372310,0,546.91,559.71,2559999,9286189055,20988297215,38788923391,48721035263,189184,51472498687,12414681265.29,13142596266.73,372310,10,10,10,0,0,0,0,0,0,134873087,228982783,233439231,130029626.51,560
1781842716,0,372750,0,546.75,440.00,2566143,9235857407,20971519999,38788923391,48721035263,189184,51472498687,12400168453.66,13141619752.11,372750,10,10,10,0,0,0,0,0,0,116391935,210632703,225574911,120020954.76,440
1781842717,0,373230,0,546.65,480.04,2572287,9185525759,20937965567,38755368959,48721035263,189184,51472498687,12384368726.40,13140544915.80,373230,10,10,10,0,0,0,0,0,0,112197631,197656575,207486975,114893030.40,480
1781842718,0,373750,0,546.61,520.10,2580479,9151971327,20904411135,38755368959,48721035263,189184,51472498687,12367296157.23,13139364066.72,373750,10,10,10,0,0,0,0,0,0,110297087,209321983,228327423,113459633.23,520
1781842719,0,374280,0,546.59,530.18,2588671,9126805503,20887633919,38755368959,48721035263,189184,51472498687,12349965458.02,13138121150.96,374280,10,10,10,0,0,0,0,0,0,130940927,224788479,247857151,128552573.58,530
1781842720,0,374770,0,546.51,489.69,2596863,9101639679,20854079487,38755368959,48721035263,189184,51472498687,12333966927.77,13136972865.98,374770,10,10,10,0,0,0,0,0,0,110034943,206569471,225181695,113701816.95,490
1781842721,0,375300,0,546.48,530.33,2607103,9076473855,20837302271,38755368959,48721035263,189184,51472498687,12316728865.81,13135694206.65,375300,10,10,10,0,0,0,0,0,0,130547711,225050623,248119295,127467581.83,530
1781842722,0,375830,0,546.46,530.08,2617343,9051308031,20803747839,38755368959,48721035263,189184,51472498687,12299511472.89,13134422383.98,375830,10,10,10,0,0,0,0,0,0,105054207,200671231,219676671,107648150.70,530
1781842723,0,376320,0,546.38,489.93,2625535,9000976383,20786970623,38755368959,48721035263,189184,51472498687,12283580906.82,13133281311.14,376320,10,10,10,0,0,0,0,0,0,67502079,117571583,125173759,64836729.21,490
1781842724,0,376810,0,546.30,489.72,2635775,8933867519,20770193407,38755368959,48721035263,189184,51472498687,12267718248.88,13132099333.21,376810,10,10,10,0,0,0,0,0,0,80150527,177864703,215875583,85196950.47,490
1781842725,0,377340,0,546.27,530.02,2617343,8833204223,20753416191,38755368959,48721035263,189184,51472498687,12250508830.77,13130893906.82,377340,10,10,10,0,0,0,0,0,0,1381375,91095039,110231551,15261966.61,530
1781842726,0,377840,0,546.21,500.36,2590719,8808038399,20753416191,38755368959,48721035263,189184,51472498687,12234299076.01,13129756499.89,377840,10,10,10,0,0,0,0,0,0,1119231,1991679,2303999,1121350.27,500
1781842727,0,378340,0,546.14,499.87,2568191,8799649791,20736638975,38755368959,48721035263,189184,51472498687,12218132324.56,13128601918.71,378340,10,10,10,0,0,0,0,0,0,1127423,2069503,2332671,1241592.19,500
1781842728,0,378840,0,546.07,499.77,2549759,8782872575,20736638975,38755368959,48721035263,189184,51472498687,12202007999.08,13127430683.74,378840,10,10,10,0,0,0,0,0,0,1039359,1816575,2134015,1053395.71,500
1781842729,0,379340,0,546.01,499.97,2533375,8766095359,20719861759,38755368959,48721035263,189184,51472498687,12185926982.14,13126241959.21,379340,10,10,10,0,0,0,0,0,0,1052671,3923967,24838143,1662065.66,500
1781842730,0,379840,0,545.94,500.10,2516991,8732540927,20719861759,38721814527,48721035263,189184,51472498687,12169888433.01,13125036509.80,379840,10,10,10,0,0,0,0,0,0,1192959,4251647,13377535,1761977.86,500
1781842731,0,380340,0,545.87,500.26,2496511,8698986495,20703084543,38721814527,48721035263,189184,51472498687,12153891226.23,13123815361.23,380340,10,10,10,0,0,0,0,0,0,1102847,2013183,2650111,1133179.14,500
1781842732,0,380840,0,545.81,499.58,2465791,8657043455,20686307327,38721814527,48721035263,189184,51472498687,12137936133.68,13122577780.18,380840,10,10,10,0,0,0,0,0,0,1198079,2166783,2523135,1216332.54,500
1781842733,0,381340,0,545.74,500.46,2428927,8615100415,20686307327,38721814527,48721035263,189184,51472498687,12122022775.65,13121324100.63,381340,10,10,10,0,0,0,0,0,0,1105919,2010111,2469887,1136231.17,500
1781842734,0,381840,0,545.68,499.98,2373631,8568963071,20669530111,38721814527,48721035263,189184,51472498687,12106151215.34,13120054246.67,381840,10,10,10,0,0,0,0,0,0,1160191,2015231,2500607,1229600.00,500
1781842735,0,382340,0,545.61,499.78,2340863,8527020031,20652752895,38721814527,48721035263,189184,51472498687,12090321087.80,13118768537.46,382340,10,10,10,0,0,0,0,0,0,1155071,2002943,2441215,1169292.29,500
1781842736,0,382840,0,545.55,499.96,2320383,8493465599,20635975679,38721814527,48721035263,189184,51472498687,12074532234.18,13117467101.40,382840,10,10,10,0,0,0,0,0,0,1118207,1914879,2160639,1111643.39,500
1781842737,0,383340,0,545.48,499.79,2301951,8451522559,20635975679,38721814527,48721035263,189184,51472498687,12058784674.58,13116149902.15,383340,10,10,10,0,0,0,0,0,0,1063935,1819647,3594239,1193243.65,500
1781842738,0,383840,0,545.42,500.21,2283519,8413773823,20619198463,38721814527,48721035263,189184,51472498687,12043078072.16,13114817231.18,383840,10,10,10,0,0,0,0,0,0,1135615,1985535,2320383,1140126.08,500
1781842739,0,384340,0,545.35,500.16,2260991,8367636479,20602421247,38721814527,48721035263,189184,51472498687,12027412344.57,13113469145.87,384340,10,10,10,0,0,0,0,0,0,1127423,2154495,2533375,1146589.18,500
1781842740,0,384840,0,545.29,499.75,2242559,8317304831,20585644031,38721814527,48721035263,189184,51472498687,12011787307.96,13112105796.63,384840,10,10,10,0,0,0,0,0,0,1038335,1742847,1932287,1134165.76,500
1781842741,0,385340,0,545.22,500.33,2224127,8300527615,20585644031,38453379071,48318382079,189184,51472498687,11996202658.81,13110727442.50,385340,10,10,10,0,0,0,0,0,0,1001471,1681407,1996799,1009900.80,500
1781842742,0,385840,0,545.16,499.83,2211839,8283750399,20568866815,38453379071,48318382079,189184,51472498687,11980658625.69,13109333855.78,385840,10,10,10,0,0,0,0,0,0,1169407,1981439,2144255,1183177.73,500
1781842743,0,386340,0,545.10,500.03,2195455,8233418751,20535312383,38453379071,48318382079,189184,51472498687,11965154725.35,13107925459.71,386340,10,10,10,0,0,0,0,0,0,1081343,1973247,2332671,1104915.20,500
1781842744,0,386840,0,545.03,499.88,2177023,8183087103,20518535167,38453379071,48318382079,189184,51472498687,11949690844.15,13106502338.91,386840,10,10,10,0,0,0,0,0,0,994303,1746943,2324479,1059114.62,500
1781842745,0,387340,0,544.97,500.31,2154495,8153726975,20484980735,38453379071,48318382079,189184,51472498687,11934266904.60,13105064544.82,387340,10,10,10,0,0,0,0,0,0,1055743,1880063,2134015,1073354.62,500
1781842746,0,387840,0,544.91,499.75,2129919,8124366847,20468203519,38419824639,48318382079,189184,51472498687,11918882645.76,13103612295.92,387840,10,10,10,0,0,0,0,0,0,1005055,1694719,1969151,1005010.94,500
1781842747,0,388340,0,544.84,499.95,2103295,8103395327,20434649087,38419824639,48318382079,189184,51472498687,11903538225.73,13102145429.44,388340,10,10,10,0,0,0,0,0,0,1022463,1876991,3280895,1178491.78,500
1781842748,0,388840,0,544.78,500.24,2067455,8078229503,20401094655,38419824639,48318382079,189184,51472498687,11888233163.96,13100664362.56,388840,10,10,10,0,0,0,0,0,0,1101823,1890303,2185215,1097793.28,500
1781842749,0,389340,0,544.72,499.63,2021375,8053063679,20384317439,38419824639,48318382079,189184,51472498687,11872967415.86,13099169116.26,389340,10,10,10,0,0,0,0,0,0,1083391,1902591,2162687,1100435.20,500
1781842750,0,389840,0,544.66,500.29,1997823,8002732031,20367540223,38419824639,48318382079,189184,51472498687,11857741037.40,13097659620.60,389840,10,10,10,0,0,0,0,0,0,1165311,2096127,2332671,1264656.38,500
1781842751,0,390340,0,544.59,499.83,1983487,7918845951,20350763007,38419824639,48318382079,189184,51472498687,11842553508.32,13096136326.89,390340,10,10,10,0,0,0,0,0,0,1134591,2187263,2502655,1140831.36,500
1781842752,0,390840,0,544.53,500.24,1967103,7902068735,20317208575,38386270207,48318382079,189184,51472498687,11827404660.75,13094599366.73,390840,10,10,10,0,0,0,0,0,0,991743,1674239,1940479,1002344.83,500
1781842753,0,391340,0,544.47,500.04,1954815,7885291519,20300431359,38386270207,48318382079,189184,51472498687,11812294630.51,13093048597.34,391340,10,10,10,0,0,0,0,0,0,1079295,1885183,2164735,1086193.28,500
1781842754,0,391840,0,544.41,499.77,1940479,7851737087,20283654143,38386270207,48318382079,189184,51472498687,11797223262.25,13091484139.31,391840,10,10,10,0,0,0,0,0,0,1041919,1882111,2347007,1164752.38,500
1781842755,0,391960,0,543.82,119.99,1935359,7843348479,20283654143,38386270207,48318382079,189184,51472498687,11793611802.88,13091106705.85,391960,10,10,10,0,0,0,0,0,0,1008639,1634303,1797119,993115.73,120
1781842756,0,391960,0,543.07,0.00,1935359,7843348479,20283654143,38386270207,48318382079,189184,51472498687,11793611802.88,13091106705.85,391960,10,10,10,0,0,0,0,0,0,0,0,0,0.00,0
