timestamp,sent_count,received_count,error_count,total_throughput,interval_throughput,latency_ns_p25,latency_ns_p50,latency_ns_p75,latency_ns_p95,latency_ns_p99,latency_ns_min,latency_ns_max,latency_ns_mean,latency_ns_stddev,latency_sample_count,connections,active_connections,connection_attempts,connection_failures,crashes_injected,reconnects,reconnect_failures,duplicate_count,gap_count,interval_latency_ns_p50,interval_latency_ns_p95,interval_latency_ns_p99,interval_latency_ns_mean,interval_latency_sample_count
1781841973,0,0,0,0.00,0.00,0,0,0,0,0,0,0,0.00,0.00,0,1,1,1,0,0,0,0,0,0,0,0,0,0.00,0
1781841974,0,0,0,0.00,0.00,0,0,0,0,0,0,0,0.00,0.00,0,1,1,1,0,0,0,0,0,0,0,0,0,0.00,0
1781841975,0,0,0,0.00,0.00,0,0,0,0,0,0,0,0.00,0.00,0,1,1,1,0,0,0,0,0,0,0,0,0,0.00,0
1781841976,0,0,0,0.00,0.00,0,0,0,0,0,0,0,0.00,0.00,0,1,1,1,0,0,0,0,0,0,0,0,0,0.00,0
1781841977,0,0,0,0.00,0.00,0,0,0,0,0,0,0,0.00,0.00,0,1,1,1,0,0,0,0,0,0,0,0,0,0.00,0
1781841978,0,0,0,0.00,0.00,0,0,0,0,0,0,0,0.00,0.00,0,1,1,1,0,0,0,0,0,0,0,0,0,0.00,0
1781841979,0,0,0,0.00,0.00,0,0,0,0,0,0,0,0.00,0.00,0,1,1,1,0,0,0,0,0,0,0,0,0,0.00,0
1781841980,0,0,0,0.00,0.00,0,0,0,0,0,0,0,0.00,0.00,0,2,2,2,0,0,0,0,0,0,0,0,0,0.00,0
1781841981,0,0,0,0.00,0.00,0,0,0,0,0,0,0,0.00,0.00,0,2,2,2,0,0,0,0,0,0,0,0,0,0.00,0
1781841982,0,0,0,0.00,0.00,0,0,0,0,0,0,0,0.00,0.00,0,2,2,2,0,0,0,0,0,0,0,0,0,0.00,0
1781841983,0,0,0,0.00,0.00,0,0,0,0,0,0,0,0.00,0.00,0,2,2,2,0,0,0,0,0,0,0,0,0,0.00,0
1781841984,0,0,0,0.00,0.00,0,0,0,0,0,0,0,0.00,0.00,0,2,2,2,0,0,0,0,0,0,0,0,0,0.00,0
1781841985,0,0,0,0.00,0.00,0,0,0,0,0,0,0,0.00,0.00,0,2,2,2,0,0,0,0,0,0,0,0,0,0.00,0
1781841986,0,0,0,0.00,0.00,0,0,0,0,0,0,0,0.00,0.00,0,2,2,2,0,0,0,0,0,0,0,0,0,0.00,0
1781841987,0,0,0,0.00,0.00,0,0,0,0,0,0,0,0.00,0.00,0,3,3,3,0,0,0,0,0,0,0,0,0,0.00,0
1781841988,0,0,0,0.00,0.00,0,0,0,0,0,0,0,0.00,0.00,0,3,3,3,0,0,0,0,0,0,0,0,0,0.00,0
1781841989,0,0,0,0.00,0.00,0,0,0,0,0,0,0,0.00,0.00,0,3,3,3,0,0,0,0,0,0,0,0,0,0.00,0
1781841990,0,0,0,0.00,0.00,0,0,0,0,0,0,0,0.00,0.00,0,3,3,3,0,0,0,0,0,0,0,0,0,0.00,0
1781841991,0,0,0,0.00,0.00,0,0,0,0,0,0,0,0.00,0.00,0,3,3,3,0,0,0,0,0,0,0,0,0,0.00,0
1781841992,0,0,0,0.00,0.00,0,0,0,0,0,0,0,0.00,0.00,0,3,3,3,0,0,0,0,0,0,0,0,0,0.00,0
1781841993,0,0,0,0.00,0.00,0,0,0,0,0,0,0,0.00,0.00,0,3,3,3,0,0,0,0,0,0,0,0,0,0.00,0
1781841994,0,0,0,0.00,0.00,0,0,0,0,0,0,0,0.00,0.00,0,4,4,4,0,0,0,0,0,0,0,0,0,0.00,0
1781841995,0,0,0,0.00,0.00,0,0,0,0,0,0,0,0.00,0.00,0,4,4,4,0,0,0,0,0,0,0,0,0,0.00,0
1781841996,0,0,0,0.00,0.00,0,0,0,0,0,0,0,0.00,0.00,0,4,4,4,0,0,0,0,0,0,0,0,0,0.00,0
1781841997,0,0,0,0.00,0.00,0,0,0,0,0,0,0,0.00,0.00,0,4,4,4,0,0,0,0,0,0,0,0,0,0.00,0
1781841998,0,0,0,0.00,0.00,0,0,0,0,0,0,0,0.00,0.00,0,4,4,4,0,0,0,0,0,0,0,0,0,0.00,0
1781841999,0,0,0,0.00,0.00,0,0,0,0,0,0,0,0.00,0.00,0,4,4,4,0,0,0,0,0,0,0,0,0,0.00,0
1781842000,0,0,0,0.00,0.00,0,0,0,0,0,0,0,0.00,0.00,0,5,5,5,0,0,0,0,0,0,0,0,0,0.00,0
1781842001,0,0,0,0.00,0.00,0,0,0,0,0,0,0,0.00,0.00,0,5,5,5,0,0,0,0,0,0,0,0,0,0.00,0
1781842002,0,0,0,0.00,0.00,0,0,0,0,0,0,0,0.00,0.00,0,5,5,5,0,0,0,0,0,0,0,0,0,0.00,0
1781842003,0,0,0,0.00,0.00,0,0,0,0,0,0,0,0.00,0.00,0,5,5,5,0,0,0,0,0,0,0,0,0,0.00,0
1781842004,0,0,0,0.00,0.00,0,0,0,0,0,0,0,0.00,0.00,0,5,5,5,0,0,0,0,0,0,0,0,0,0.00,0
1781842005,0,0,0,0.00,0.00,0,0,0,0,0,0,0,0.00,0.00,0,5,5,5,0,0,0,0,0,0,0,0,0,0.00,0
1781842006,0,0,0,0.00,0.00,0,0,0,0,0,0,0,0.00,0.00,0,5,5,5,0,0,0,0,0,0,0,0,0,0.00,0
1781842007,0,0,0,0.00,0.00,0,0,0,0,0,0,0,0.00,0.00,0,6,6,6,0,0,0,0,0,0,0,0,0,0.00,0
1781842008,0,0,0,0.00,0.00,0,0,0,0,0,0,0,0.00,0.00,0,6,6,6,0,0,0,0,0,0,0,0,0,0.00,0
1781842009,0,0,0,0.00,0.00,0,0,0,0,0,0,0,0.00,0.00,0,6,6,6,0,0,0,0,0,0,0,0,0,0.00,0
1781842010,0,0,0,0.00,0.00,0,0,0,0,0,0,0,0.00,0.00,0,6,6,6,0,0,0,0,0,0,0,0,0,0.00,0
1781842011,0,0,0,0.00,0.00,0,0,0,0,0,0,0,0.00,0.00,0,6,6,6,0,0,0,0,0,0,0,0,0,0.00,0
1781842012,0,0,0,0.00,0.00,0,0,0,0,0,0,0,0.00,0.00,0,6,6,6,0,0,0,0,0,0,0,0,0,0.00,0
1781842013,0,0,0,0.00,0.00,0,0,0,0,0,0,0,0.00,0.00,0,6,6,6,0,0,0,0,0,0,0,0,0,0.00,0
1781842014,0,0,0,0.00,0.00,0,0,0,0,0,0,0,0.00,0.00,0,7,7,7,0,0,0,0,0,0,0,0,0,0.00,0
1781842015,0,0,0,0.00,0.00,0,0,0,0,0,0,0,0.00,0.00,0,7,7,7,0,0,0,0,0,0,0,0,0,0.00,0
1781842016,0,0,0,0.00,0.00,0,0,0,0,0,0,0,0.00,0.00,0,7,7,7,0,0,0,0,0,0,0,0,0,0.00,0
1781842017,0,0,0,0.00,0.00,0,0,0,0,0,0,0,0.00,0.00,0,7,7,7,0,0,0,0,0,0,0,0,0,0.00,0
1781842018,0,0,0,0.00,0.00,0,0,0,0,0,0,0,0.00,0.00,0,7,7,7,0,0,0,0,0,0,0,0,0,0.00,0
1781842019,0,0,0,0.00,0.00,0,0,0,0,0,0,0,0.00,0.00,0,7,7,7,0,0,0,0,0,0,0,0,0,0.00,0
1781842020,0,0,0,0.00,0.00,0,0,0,0,0,0,0,0.00,0.00,0,8,8,8,0,0,0,0,0,0,0,0,0,0.00,0
1781842021,0,0,0,0.00,0.00,0,0,0,0,0,0,0,0.00,0.00,0,8,8,8,0,0,0,0,0,0,0,0,0,0.00,0
1781842022,0,0,0,0.00,0.00,0,0,0,0,0,0,0,0.00,0.00,0,8,8,8,0,0,0,0,0,0,0,0,0,0.00,0
1781842023,0,0,0,0.00,0.00,0,0,0,0,0,0,0,0.00,0.00,0,8,8,8,0,0,0,0,0,0,0,0,0,0.00,0
1781842024,0,0,0,0.00,0.00,0,0,0,0,0,0,0,0.00,0.00,0,8,8,8,0,0,0,0,0,0,0,0,0,0.00,0
1781842025,0,0,0,0.00,0.00,0,0,0,0,0,0,0,0.00,0.00,0,8,8,8,0,0,0,0,0,0,0,0,0,0.00,0
1781842026,0,0,0,0.00,0.00,0,0,0,0,0,0,0,0.00,0.00,0,8,8,8,0,0,0,0,0,0,0,0,0,0.00,0
1781842027,0,0,0,0.00,0.00,0,0,0,0,0,0,0,0.00,0.00,0,9,9,9,0,0,0,0,0,0,0,0,0,0.00,0
1781842028,0,0,0,0.00,0.00,0,0,0,0,0,0,0,0.00,0.00,0,9,9,9,0,0,0,0,0,0,0,0,0,0.00,0
1781842029,0,0,0,0.00,0.00,0,0,0,0,0,0,0,0.00,0.00,0,9,9,9,0,0,0,0,0,0,0,0,0,0.00,0
1781842030,0,0,0,0.00,0.00,0,0,0,0,0,0,0,0.00,0.00,0,9,9,9,0,0,0,0,0,0,0,0,0,0.00,0
1781842031,0,0,0,0.00,0.00,0,0,0,0,0,0,0,0.00,0.00,0,9,9,9,0,0,0,0,0,0,0,0,0,0.00,0
1781842032,0,0,0,0.00,0.00,0,0,0,0,0,0,0,0.00,0.00,0,9,9,9,0,0,0,0,0,0,0,0,0,0.00,0
1781842033,0,0,0,0.00,0.00,0,0,0,0,0,0,0,0.00,0.00,0,9,9,9,0,0,0,0,0,0,0,0,0,0.00,0
1781842034,0,0,0,0.00,0.00,0,0,0,0,0,0,0,0.00,0.00,0,10,10,10,0,0,0,0,0,0,0,0,0,0.00,0
1781842035,0,160,0,215.25,159.99,1203199,2172927,3147775,52035583,53936127,423680,54231039,5413320.00,12349207.55,160,10,10,10,0,0,0,0,0,0,2172927,52035583,53936127,5413320.00,160
1781842036,0,360,0,206.50,200.00,1167359,2115583,3039231,4681727,53444607,423680,54231039,3527862.76,8434875.22,360,10,10,10,0,0,0,0,0,0,2026495,3545087,3639295,2019496.96,200
1781842037,0,560,0,204.15,200.05,1163263,2096127,2879487,3606527,52887551,423680,54231039,3012097.14,6887886.17,560,10,10,10,0,0,0,0,0,0,1867775,3518463,3583999,2083719.04,200
1781842038,0,760,0,203.06,200.07,1163263,2095103,2869247,3563519,52297727,423680,54231039,2754237.31,5949727.99,760,10,10,10,0,0,0,0,0,0,2095103,3530751,3850239,2032229.76,200
1781842039,0,960,0,202.41,200.00,1164287,2095103,2873343,3563519,51740671,423680,54231039,2598002.93,5321375.11,960,10,10,10,0,0,0,0,0,0,1887231,3557375,3620863,2004312.32,200
1781842040,0,1160,0,201.99,200.00,1164287,2095103,2879487,3569663,6590463,423680,54231039,2501206.51,4862911.60,1160,10,10,10,0,0,0,0,0,0,2087935,3569663,3612671,2036583.68,200
1781842041,0,1360,0,201.70,200.01,1166335,2095103,2877439,3569663,6107135,423680,54231039,2430534.78,4510136.65,1360,10,10,10,0,0,0,0,0,0,1907711,3565567,3600383,2020638.72,200
1781842042,0,1560,0,201.48,199.99,1167359,2094079,2879487,3565567,5652479,423680,54231039,2376331.82,4227820.79,1560,10,10,10,0,0,0,0,0,0,1885183,3565567,3596287,2007751.68,200
1781842043,0,1760,0,201.29,199.85,1168383,2091007,2879487,3569663,5144575,423680,54231039,2336356.15,3995705.34,1760,10,10,10,0,0,0,0,0,0,1923071,3569663,3610623,2024545.92,200
1781842044,0,1960,0,201.16,200.03,1169407,2078719,2879487,3569663,4681727,423680,54231039,2302992.26,3800324.19,1960,10,10,10,0,0,0,0,0,0,1909759,3583999,3635199,2009390.08,200
1781842045,0,2160,0,201.06,200.04,1170431,2040831,2879487,3569663,4427775,423680,54231039,2275580.50,3633252.53,2160,10,10,10,0,0,0,0,0,0,1923071,3557375,3633151,2006945.28,200
1781842046,0,2360,0,200.96,199.93,1169407,2040831,2877439,3563519,4198399,423680,54231039,2251185.95,3487942.00,2360,10,10,10,0,0,0,0,0,0,1897471,3446783,3569663,1987724.80,200
1781842047,0,2560,0,200.89,200.06,1168383,2081791,2877439,3563519,4534271,423680,54231039,2244071.20,3384461.11,2560,10,10,10,0,0,0,0,0,0,2089983,3487743,5550079,2160117.12,200
1781842048,0,2760,0,200.83,200.10,1165311,2078719,2871295,3559423,4427775,382720,54231039,2223807.81,3271120.81,2760,10,10,10,0,0,0,0,0,0,1843199,3512319,3547135,1964436.48,200
1781842049,0,2960,0,200.77,199.85,1164287,2074623,2871295,3559423,4198399,364544,54231039,2208383.05,3170052.84,2960,10,10,10,0,0,0,0,0,0,1931263,3583999,3721215,1995521.28,200
1781842050,0,3160,0,200.73,200.13,1163263,2067455,2869247,3557375,4016127,356864,54231039,2195444.58,3083422.02,3160,10,10,10,0,0,0,0,0,0,1830911,3532799,3579903,2003955.20,200
1781842051,0,3360,0,200.69,200.03,1159167,2044927,2865151,3553279,3850239,356864,54231039,2181207.70,3000418.29,3360,10,10,10,0,0,0,0,0,0,1824767,3514367,3549183,1956264.96,200
1781842052,0,3560,0,200.65,199.99,1157119,2040831,2863103,3549183,3747839,356864,54231039,2167964.84,2924824.22,3560,10,10,10,0,0,0,0,0,0,1811455,3491839,3530751,1945484.80,200
1781842053,0,3760,0,200.61,199.95,1154047,2040831,2859007,3547135,3735551,356864,54231039,2156765.07,2855491.91,3760,10,10,10,0,0,0,0,0,0,1823743,3512319,3545087,1957409.28,200
1781842054,0,3960,0,200.58,200.04,1154047,2034687,2859007,3547135,3721215,356864,54231039,2148662.14,2791290.67,3960,10,10,10,0,0,0,0,0,0,1902591,3577855,3616767,1996327.04,200
1781842055,0,4160,0,200.55,199.85,1155071,2034687,2861055,3547135,3713023,356864,54231039,2143827.75,2732003.74,4160,10,10,10,0,0,0,0,0,0,1937407,3573759,3667967,2048106.88,200
1781842056,0,4360,0,200.52,200.08,1157119,2033663,2863103,3549183,3682303,356864,54231039,2137917.03,2676830.35,4360,10,10,10,0,0,0,0,0,0,1943551,3579903,3643391,2014974.08,200
1781842057,0,4560,0,200.50,200.03,1156095,2031615,2865151,3549183,3678207,356864,54231039,2138104.87,2659022.30,4560,10,10,10,0,0,0,0,0,0,1931263,3571711,3629055,2142199.68,200
1781842058,0,4760,0,200.48,200.06,1158143,2038783,2867199,3553279,3708927,356864,54231039,2136571.48,2611126.66,4760,10,10,10,0,0,0,0,0,0,2045951,3629055,4546559,2101610.24,200
1781842059,0,4960,0,200.46,199.86,1160191,2033663,2869247,3555327,3686399,356864,54231039,2133155.28,2565651.25,4960,10,10,10,0,0,0,0,0,0,1935359,3610623,3651583,2051849.60,200
1781842060,0,5160,0,200.44,200.08,1159167,2033663,2867199,3553279,3682303,356864,54231039,2128198.92,2523960.86,5160,10,10,10,0,0,0,0,0,0,2001919,3446783,3569663,2005281.28,200
1781842061,0,5360,0,200.43,199.99,1161215,2028543,2865151,3551231,3678207,356864,54231039,2122900.59,2483390.89,5360,10,10,10,0,0,0,0,0,0,1900543,3522559,3579903,1986203.52,200
1781842062,0,5560,0,200.41,199.89,1159167,2028543,2863103,3549183,3676159,356864,54231039,2117361.89,2445108.66,5560,10,10,10,0,0,0,0,0,0,1836031,3457023,3506175,1968924.80,200
1781842063,0,5760,0,200.39,200.03,1158143,2038783,2865151,3551231,3713023,355584,54231039,2117018.40,2411570.77,5760,10,10,10,0,0,0,0,0,0,2105343,3698687,5148671,2107469.44,200
1781842064,0,5960,0,200.38,200.04,1155071,2031615,2865151,3551231,3708927,236544,54231039,2111119.17,2378113.31,5960,10,10,10,0,0,0,0,0,0,1888255,3581951,3692543,1941221.44,200
1781842065,0,6160,0,200.37,199.98,1154047,2026495,2865151,3555327,3739647,236544,54231039,2110542.83,2350410.37,6160,10,10,10,0,0,0,0,0,0,1974271,3715071,6430719,2093367.68,200
1781842066,0,6360,0,200.36,200.13,1149951,2018303,2863103,3555327,3723263,236544,54231039,2104477.21,2319918.67,6360,10,10,10,0,0,0,0,0,0,1896447,3442687,3637247,1917656.32,200
1781842067,0,6560,0,200.35,200.00,1146879,2015231,2861055,3553279,3721215,236544,54231039,2102065.63,2309341.99,6560,10,10,10,0,0,0,0,0,0,1861631,3399679,3633151,2025377.28,200
1781842068,0,6760,0,200.34,199.95,1144831,2013183,2861055,3553279,3721215,236544,54231039,2097328.84,2281550.26,6760,10,10,10,0,0,0,0,0,0,1863679,3551231,3682303,1941962.24,200
1781842069,0,6960,0,200.33,199.97,1143807,2009087,2859007,3553279,3715071,236544,54231039,2092875.32,2255006.78,6960,10,10,10,0,0,0,0,0,0,1875967,3547135,3647487,1942346.24,200
1781842070,0,7160,0,200.32,200.08,1141759,2004991,2859007,3551231,3713023,236544,54231039,2088303.62,2229721.96,7160,10,10,10,0,0,0,0,0,0,1895423,3500031,3649535,1929208.32,200
1781842071,0,7360,0,200.31,199.95,1139711,2003967,2859007,3553279,3713023,236544,54231039,2085623.38,2205619.36,7360,10,10,10,0,0,0,0,0,0,1941503,3586047,3696639,1989671.04,200
1781842072,0,7560,0,200.30,200.01,1139711,2006015,2859007,3555327,3723263,236544,54231039,2085632.09,2184811.74,7560,10,10,10,0,0,0,0,0,0,2036735,3659775,5738495,2085952.64,200
1781842073,0,7760,0,200.30,200.05,1138687,2009087,2863103,3559423,3751935,236544,54231039,2086185.87,2164387.34,7760,10,10,10,0,0,0,0,0,0,2127871,3639295,5365759,2107118.72,200
1781842074,0,7960,0,200.28,199.82,1137663,2007039,2863103,3561471,3745791,236544,54231039,2083031.68,2143062.99,7960,10,10,10,0,0,0,0,0,0,1886207,3575807,3672063,1960648.96,200
1781842075,0,8160,0,200.28,200.08,1136639,2001919,2863103,3561471,3735551,236544,54231039,2080082.52,2122552.22,8160,10,10,10,0,0,0,0,0,0,1888255,3557375,3676159,1962705.92,200
1781842076,0,8360,0,200.27,200.03,1135615,2001919,2863103,3561471,3723263,236544,54231039,2077475.16,2102995.97,8360,10,10,10,0,0,0,0,0,0,1899519,3608575,3696639,1971095.04,200
1781842077,0,8560,0,200.27,200.06,1134591,2001919,2861055,3559423,3723263,236544,54231039,2076996.58,2095403.85,8560,10,10,10,0,0,0,0,0,0,2006015,3420159,3512319,2056992.00,200
1781842078,0,8760,0,200.26,199.86,1136639,2001919,2863103,3561471,3721215,236544,54231039,2075687.78,2076636.11,8760,10,10,10,0,0,0,0,0,0,1892351,3583999,3614719,2019671.04,200
1781842079,0,8960,0,200.26,200.10,1136639,2001919,2861055,3557375,3719167,236544,54231039,2073034.96,2058241.98,8960,10,10,10,0,0,0,0,0,0,1896447,3422207,3491839,1956841.60,200
1781842080,0,9160,0,200.25,200.05,1136639,1999871,2859007,3557375,3719167,236544,54231039,2071255.40,2043381.62,9160,10,10,10,0,0,0,0,0,0,1904639,3428351,3540991,1991530.88,200
1781842081,0,9360,0,200.24,199.87,1135615,1999871,2859007,3553279,3713023,236544,54231039,2068334.75,2026091.46,9360,10,10,10,0,0,0,0,0,0,1824767,3407871,3454975,1934568.96,200
1781842082,0,9560,0,200.24,200.05,1135615,1999871,2854911,3551231,3708927,236544,54231039,2065640.51,2009400.08,9560,10,10,10,0,0,0,0,0,0,1824767,3393535,3440639,1939550.08,200
1781842083,0,9760,0,200.23,199.98,1136639,2001919,2852863,3551231,3721215,236544,54231039,2065677.46,1995487.74,9760,10,10,10,0,0,0,0,0,0,2101247,3438591,5844991,2067443.84,200
1781842084,0,9960,0,200.23,199.93,1136639,2001919,2850815,3549183,3719167,236544,54231039,2063932.38,1979863.94,9960,10,10,10,0,0,0,0,0,0,2030591,3420159,3526655,1978772.48,200
1781842085,0,10160,0,200.22,200.04,1136639,1998847,2848767,3547135,3721215,236544,54231039,2061258.61,1965104.49,10160,10,10,10,0,0,0,0,0,0,1839103,3432447,3850239,1928104.96,200
1781842086,0,10360,0,200.22,200.11,1136639,2002943,2850815,3549183,3784703,236544,54231039,2063681.85,1954577.47,10360,10,10,10,0,0,0,0,0,0,2101247,3897343,7020543,2186782.08,200
1781842087,0,10560,0,200.22,199.98,1136639,2001919,2848767,3547135,3784703,236544,54231039,2064046.22,1960614.80,10560,10,10,10,0,0,0,0,0,0,1884159,3489791,3608575,2082920.96,200
1781842088,0,10760,0,200.21,200.01,1135615,2001919,2848767,3549183,3751935,236544,54231039,2062692.97,1947148.13,10760,10,10,10,0,0,0,0,0,0,1957887,3604479,3680255,1991240.96,200
1781842089,0,10960,0,200.21,199.84,1135615,2003967,2850815,3551231,3760127,236544,54231039,2062432.95,1934452.72,10960,10,10,10,0,0,0,0,0,0,2115583,3627007,4034559,2048444.16,200
1781842090,0,11160,0,200.21,200.18,1135615,2001919,2850815,3549183,3760127,236544,54231039,2060763.74,1922629.90,11160,10,10,10,0,0,0,0,0,0,1949695,3446783,3713023,1969290.88,200
1781842091,0,11360,0,200.20,199.86,1134591,2002943,2850815,3549183,3751935,236544,54231039,2059075.53,1910114.33,11360,10,10,10,0,0,0,0,0,0,2022399,3479551,3667967,1964873.60,200
1781842092,0,11560,0,200.20,200.03,1133567,2002943,2846719,3547135,3745791,236544,54231039,2056384.80,1897391.66,11560,10,10,10,0,0,0,0,0,0,1912831,3297279,3389439,1903551.36,200
1781842093,0,11760,0,200.19,200.06,1134591,2006015,2846719,3547135,3807231,236544,54231039,2057552.78,1887681.20,11760,10,10,10,0,0,0,0,0,0,2111487,3493887,6156287,2125061.76,200
1781842094,0,11960,0,200.19,199.87,1134591,2004991,2842623,3545087,3801087,236544,54231039,2055434.79,1875772.88,11960,10,10,10,0,0,0,0,0,0,1806335,3411967,3463167,1930897.28,200
1781842095,0,12180,0,200.52,220.02,1134591,2010111,2846719,3549183,4333567,236544,54231039,2077433.79,1927068.17,12180,10,10,10,0,0,0,0,0,0,2111487,12492799,13254655,3273379.49,220
1781842096,0,12380,0,200.51,200.04,1135615,2009087,2842623,3547135,4247551,236544,54231039,2075176.36,1915126.32,12380,10,10,10,0,0,0,0,0,0,1819647,3407871,3444735,1937698.56,200
1781842097,0,12580,0,200.50,200.04,1135615,2009087,2838527,3545087,4243455,236544,54231039,2074945.95,1915701.75,12580,10,10,10,0,0,0,0,0,0,1822719,3432447,3495935,2060683.52,200
1781842098,0,12780,0,200.49,200.01,1135615,2009087,2838527,3543039,4206591,236544,54231039,2073079.04,1904327.77,12780,10,10,10,0,0,0,0,0,0,1823743,3414015,3479551,1955650.56,200
1781842099,0,12980,0,200.49,200.06,1134591,2008063,2836479,3540991,4186111,236544,54231039,2070943.98,1893180.13,12980,10,10,10,0,0,0,0,0,0,1833983,3395583,3446783,1934513.28,200
1781842100,0,13180,0,200.48,199.85,1135615,2009087,2832383,3538943,4184063,236544,54231039,2069708.33,1882486.91,13180,10,10,10,0,0,0,0,0,0,2015231,3422207,3598335,1989514.88,200
1781842101,0,13380,0,200.47,200.04,1135615,2009087,2830335,3536895,4132863,236544,54231039,2068213.01,1872032.45,13380,10,10,10,0,0,0,0,0,0,2075647,3422207,3481599,1969671.68,200
1781842102,0,13580,0,200.46,200.05,1135615,2009087,2830335,3534847,4034559,236544,54231039,2066594.27,1861699.55,13580,10,10,10,0,0,0,0,0,0,1867775,3407871,3493887,1958300.16,200
1781842103,0,13780,0,200.46,200.01,1135615,2009087,2826239,3532799,4016127,236544,54231039,2064935.71,1851613.44,13780,10,10,10,0,0,0,0,0,0,1856511,3411967,3473407,1952320.00,200
1781842104,0,13980,0,200.45,199.99,1135615,2009087,2828287,3534847,3975167,236544,54231039,2064234.22,1842038.60,13980,10,10,10,0,0,0,0,0,0,1898495,3598335,3645439,2015901.44,200
1781842105,0,14180,0,200.44,200.05,1135615,2009087,2830335,3534847,3934207,236544,54231039,2063392.13,1832679.20,14180,10,10,10,0,0,0,0,0,0,1889279,3588095,3618815,2004529.92,200
1781842106,0,14380,0,200.44,200.03,1135615,2009087,2830335,3534847,3897343,236544,54231039,2062859.38,1823649.74,14380,10,10,10,0,0,0,0,0,0,1928191,3590143,3633151,2025087.36,200
1781842107,0,14580,0,200.43,199.84,1136639,2009087,2832383,3536895,3878911,236544,54231039,2063418.35,1822317.11,14580,10,10,10,0,0,0,0,0,0,1989631,3579903,3639295,2103608.32,200
1781842108,0,14780,0,200.43,200.04,1136639,2009087,2834431,3538943,3854335,236544,54231039,2062896.08,1813589.56,14780,10,10,10,0,0,0,0,0,0,1906687,3600383,3645439,2024822.40,200
1781842109,0,14980,0,200.42,200.05,1136639,2009087,2836479,3538943,3850239,236544,54231039,2062189.73,1804963.78,14980,10,10,10,0,0,0,0,0,0,1922047,3538943,3657727,2009990.40,200
1781842110,0,15180,0,200.42,200.07,1136639,2009087,2832383,3536895,3833855,236544,54231039,2061690.38,1798460.27,15180,10,10,10,0,0,0,0,0,0,1895423,3473407,3549183,2024289.28,200
1781842111,0,15380,0,200.41,199.85,1136639,2010111,2836479,3538943,3905535,236544,54231039,2062659.48,1792256.44,15380,10,10,10,0,0,0,0,0,0,2121727,3610623,6352895,2136214.40,200
1781842112,0,15580,0,200.40,200.02,1136639,2009087,2836479,3538943,3878911,236544,54231039,2061290.84,1784345.63,15580,10,10,10,0,0,0,0,0,0,1900543,3508223,3670015,1956042.24,200
1781842113,0,15780,0,200.40,200.07,1136639,2009087,2834431,3538943,3854335,236544,54231039,2059730.34,1776576.68,15780,10,10,10,0,0,0,0,0,0,1859583,3432447,3631103,1938167.04,200
1781842114,0,15980,0,200.39,199.97,1136639,2009087,2834431,3538943,3850239,236544,54231039,2058223.79,1768963.24,15980,10,10,10,0,0,0,0,0,0,1878015,3473407,3657727,1939357.44,200
1781842115,0,16180,0,200.39,200.07,1135615,2007039,2836479,3538943,3833855,236544,54231039,2057041.53,1761592.01,16180,10,10,10,0,0,0,0,0,0,1869823,3557375,3629055,1962579.20,200
1781842116,0,16380,0,200.38,199.86,1135615,2006015,2836479,3538943,3803135,236544,54231039,2055795.50,1754333.16,16380,10,10,10,0,0,0,0,0,0,1857535,3514367,3667967,1954991.36,200
1781842117,0,16580,0,200.38,200.07,1135615,2004991,2834431,3538943,3801087,236544,54231039,2055561.89,1760601.49,16580,10,10,10,0,0,0,0,0,0,1874943,3364863,3624959,2036428.80,200
1781842118,0,16780,0,200.37,199.97,1135615,2004991,2836479,3538943,3784703,236544,54231039,2054695.08,1753605.84,16780,10,10,10,0,0,0,0,0,0,1898495,3586047,3723263,1982836.48,200
1781842119,0,16980,0,200.37,200.11,1134591,2004991,2836479,3540991,3764223,236544,54231039,2053701.84,1746694.12,16980,10,10,10,0,0,0,0,0,0,1860607,3555327,3663871,1970369.28,200
1781842120,0,17180,0,200.37,200.00,1133567,2004991,2836479,3540991,3760127,236544,54231039,2052685.13,1740576.86,17180,10,10,10,0,0,0,0,0,0,1868799,3540991,3639295,1966366.72,200
1781842121,0,17380,0,200.36,199.85,1133567,2004991,2836479,3540991,3747839,236544,54231039,2051758.93,1733930.29,17380,10,10,10,0,0,0,0,0,0,1898495,3547135,3694591,1972198.40,200
1781842122,0,17580,0,200.36,200.07,1133567,2004991,2836479,3538943,3739647,236544,54231039,2050899.37,1727241.98,17580,10,10,10,0,0,0,0,0,0,1886207,3483647,3579903,1976203.52,200
1781842123,0,17780,0,200.35,200.08,1133567,2002943,2836479,3538943,3735551,236544,54231039,2049882.22,1720642.34,17780,10,10,10,0,0,0,0,0,0,1878015,3481599,3559423,1960474.88,200
1781842124,0,17980,0,200.35,200.00,1133567,2001919,2834431,3536895,3733503,236544,54231039,2050349.22,1735456.92,17980,10,10,10,0,0,0,0,0,0,1892351,3393535,3553279,2091864.96,200
1781842125,0,18180,0,200.35,199.95,1133567,2001919,2834431,3534847,3729407,236544,54231039,2049298.65,1728956.69,18180,10,10,10,0,0,0,0,0,0,1928191,3446783,3594239,1954853.12,200
1781842126,0,18380,0,200.34,200.02,1133567,1999871,2832383,3534847,3723263,236544,54231039,2047597.26,1722519.64,18380,10,10,10,0,0,0,0,0,0,1822719,3364863,3586047,1892940.80,200
1781842127,0,18580,0,200.34,200.04,1132543,1994751,2832383,3534847,3723263,236544,54231039,2047792.52,1729219.25,18580,10,10,10,0,0,0,0,0,0,1859583,3583999,3686399,2065736.96,200
1781842128,0,18780,0,200.33,199.84,1131519,1993727,2832383,3534847,3721215,236544,54231039,2046776.77,1723144.12,18780,10,10,10,0,0,0,0,0,0,1842175,3571711,3651583,1952413.44,200
1781842129,0,18980,0,200.33,200.03,1131519,1993727,2832383,3536895,3721215,236544,54231039,2045923.04,1717202.36,18980,10,10,10,0,0,0,0,0,0,1889279,3559423,3680255,1965757.44,200
1781842130,0,19180,0,200.33,200.06,1130495,1992703,2832383,3536895,3721215,236544,54231039,2044967.58,1711439.55,19180,10,10,10,0,0,0,0,0,0,1967103,3547135,3645439,1954295.04,200
1781842131,0,19380,0,200.32,200.01,1130495,1992703,2834431,3536895,3719167,236544,54231039,2044198.40,1705695.16,19380,10,10,10,0,0,0,0,0,0,1871871,3581951,3657727,1970433.28,200
1781842132,0,19580,0,200.32,200.07,1130495,1991679,2834431,3536895,3715071,236544,54231039,2043321.32,1700023.77,19580,10,10,10,0,0,0,0,0,0,1894399,3551231,3639295,1958332.16,200
1781842133,0,19780,0,200.32,199.91,1130495,1991679,2834431,3536895,3713023,236544,54231039,2042442.08,1694391.94,19780,10,10,10,0,0,0,0,0,0,1882111,3532799,3653631,1956364.80,200
1781842134,0,19980,0,200.32,200.02,1129471,1990655,2836479,3538943,3713023,236544,54231039,2041556.05,1688861.87,19980,10,10,10,0,0,0,0,0,0,1903615,3540991,3688447,1953927.68,200
1781842135,0,20180,0,200.31,200.04,1129471,1990655,2836479,3538943,3708927,236544,54231039,2040775.27,1683440.46,20180,10,10,10,0,0,0,0,0,0,1865727,3557375,3645439,1962775.04,200
1781842136,0,20380,0,200.31,199.83,1129471,1990655,2836479,3538943,3706879,236544,54231039,2039973.56,1678137.91,20380,10,10,10,0,0,0,0,0,0,1863679,3573759,3674111,1959080.96,200
1781842137,0,20580,0,200.30,200.04,1128447,1989631,2836479,3538943,3706879,236544,54231039,2040162.54,1679298.74,20580,10,10,10,0,0,0,0,0,0,1892351,3600383,3706879,2059420.16,200
1781842138,0,20780,0,200.30,200.04,1128447,1989631,2836479,3538943,3706879,236544,54231039,2039266.21,1674051.49,20780,10,10,10,0,0,0,0,0,0,1890303,3526655,3624959,1947033.60,200
1781842139,0,20980,0,200.30,200.01,1127423,1987583,2836479,3540991,3706879,236544,54231039,2038599.89,1668956.17,20980,10,10,10,0,0,0,0,0,0,1895423,3567615,3676159,1969369.60,200
1781842140,0,21180,0,200.30,200.06,1127423,1987583,2836479,3540991,3706879,236544,54231039,2038128.86,1665503.41,21180,10,10,10,0,0,0,0,0,0,1879039,3559423,3649535,1988718.08,200
1781842141,0,21380,0,200.29,200.03,1126399,1987583,2836479,3540991,3706879,236544,54231039,2037675.66,1660572.36,21380,10,10,10,0,0,0,0,0,0,1990655,3604479,3670015,1989681.28,200
1781842142,0,21580,0,200.29,199.89,1126399,1987583,2836479,3540991,3704831,236544,54231039,2037199.81,1655617.07,21580,10,10,10,0,0,0,0,0,0,1878015,3563519,3663871,1986331.52,200
1781842143,0,21780,0,200.29,200.04,1127423,1987583,2836479,3540991,3698687,236544,54231039,2036362.10,1650441.35,21780,10,10,10,0,0,0,0,0,0,1844223,3422207,3452927,1945973.12,200
1781842144,0,21980,0,200.29,199.91,1127423,1987583,2834431,3538943,3696639,236544,54231039,2035745.38,1645374.98,21980,10,10,10,0,0,0,0,0,0,1831935,3442687,3479551,1968584.96,200
1781842145,0,22180,0,200.28,200.04,1128447,1986559,2832383,3536895,3696639,236544,54231039,2035279.98,1640380.15,22180,10,10,10,0,0,0,0,0,0,1866751,3485695,3508223,1984132.48,200
1781842146,0,22380,0,200.28,200.02,1129471,1986559,2830335,3534847,3694591,236544,54231039,2034748.15,1635483.16,22380,10,10,10,0,0,0,0,0,0,1833983,3452927,3493887,1975767.68,200
1781842147,0,22580,0,200.28,200.03,1129471,1986559,2830335,3534847,3694591,236544,54231039,2035471.11,1641598.86,22580,10,10,10,0,0,0,0,0,0,1846271,3475455,3530751,2116370.56,200
1781842148,0,22780,0,200.28,200.01,1129471,1986559,2830335,3532799,3694591,236544,54231039,2034958.46,1636779.55,22780,10,10,10,0,0,0,0,0,0,1858559,3454975,3500031,1977080.32,200
1781842149,0,22980,0,200.27,200.03,1130495,1986559,2828287,3530751,3692543,236544,54231039,2034539.58,1632019.10,22980,10,10,10,0,0,0,0,0,0,1849343,3465215,3508223,1986829.44,200
1781842150,0,23180,0,200.27,199.89,1130495,1987583,2828287,3528703,3692543,236544,54231039,2034547.92,1629193.96,23180,10,10,10,0,0,0,0,0,0,2027519,3457023,3506175,2035505.92,200
1781842151,0,23380,0,200.27,200.01,1130495,1987583,2826239,3528703,3692543,236544,54231039,2034113.96,1624568.49,23380,10,10,10,0,0,0,0,0,0,1869823,3452927,3520511,1983817.60,200
1781842152,0,23580,0,200.27,200.05,1131519,1987583,2826239,3526655,3690495,236544,54231039,2033420.47,1619958.97,23580,10,10,10,0,0,0,0,0,0,1836031,3442687,3479551,1952352.00,200
1781842153,0,23780,0,200.26,200.03,1130495,1987583,2826239,3526655,3692543,236544,54231039,2033062.02,1615843.19,23780,10,10,10,0,0,0,0,0,0,2019327,3553279,4542463,1990800.00,200
1781842154,0,23980,0,200.26,200.03,1130495,1987583,2826239,3526655,3692543,236544,54231039,2032464.33,1611684.20,23980,10,10,10,0,0,0,0,0,0,1972223,3532799,3739647,1961399.68,200
1781842155,0,24420,0,202.25,439.99,1124351,1921023,2822143,3534847,3850239,227200,54231039,2048496.89,1733786.63,24420,10,10,10,0,0,0,0,0,0,1108991,15163391,25444351,2922271.13,440
1781842156,0,24920,0,204.69,499.94,1111039,1871871,2807807,3530751,3803135,225792,54231039,2025843.53,1724572.30,24920,10,10,10,0,0,0,0,0,0,920063,1549311,1726463,919453.44,500
1781842157,0,25420,0,207.10,499.81,1097727,1851391,2793471,3526655,3784703,208384,54231039,2005967.05,1724948.99,25420,10,10,10,0,0,0,0,0,0,931327,1687551,2312191,1015323.52,500
1781842158,0,25920,0,209.47,500.18,1085439,1829887,2781183,3522559,3760127,208384,54231039,1985485.07,1715507.85,25920,10,10,10,0,0,0,0,0,0,940543,1639423,1905663,944181.25,500
1781842159,0,26420,0,211.80,500.09,1069055,1813503,2770943,3516415,3739647,208384,54231039,1965970.80,1706110.91,26420,10,10,10,0,0,0,0,0,0,941567,1650687,2032639,954351.10,500
1781842160,0,26922,0,214.10,502.02,1051647,1798143,2758655,3514367,3735551,208384,54231039,1948105.96,1714091.66,26922,10,10,10,0,0,0,0,0,0,895487,1540095,1796095,1007888.57,502
1781842161,0,27420,0,216.34,497.76,1035775,1785855,2746367,3510271,3723263,208384,54231039,1930041.19,1704680.38,27420,10,10,10,0,0,0,0,0,0,953343,1647615,2036735,953455.55,498
1781842162,0,27920,0,218.56,500.12,1012735,1770495,2732031,3506175,3729407,208384,54231039,1912894.53,1695954.93,27920,10,10,10,0,0,0,0,0,0,918527,1625087,3883007,972571.52,500
1781842163,0,28420,0,220.75,500.16,976383,1746943,2707455,3502079,3723263,208384,54231039,1894953.87,1687274.59,28420,10,10,10,0,0,0,0,0,0,875519,1538047,2060287,893147.65,500
1781842164,0,28920,0,222.90,499.64,940543,1708031,2672639,3495935,3721215,208384,54231039,1879479.05,1690992.23,28920,10,10,10,0,0,0,0,0,0,916991,1548287,1763327,999889.92,500
1781842165,0,29420,0,225.02,500.19,906239,1643519,2635775,3491839,3719167,187904,54231039,1863077.54,1682021.68,29420,10,10,10,0,0,0,0,0,0,905727,1539071,1709055,914414.08,500
1781842166,0,29920,0,227.11,500.12,880127,1564671,2607103,3487743,3713023,187904,54231039,1847513.31,1673086.78,29920,10,10,10,0,0,0,0,0,0,946175,1566719,1863679,931714.43,500
1781842167,0,30421,0,229.17,501.03,863231,1538047,2588671,3485695,3713023,187904,54231039,1834062.05,1669754.24,30421,10,10,10,0,0,0,0,0,0,936447,1617919,3895295,1030745.04,501
1781842168,0,30920,0,231.19,498.71,856063,1523711,2578431,3485695,3735551,187904,54231039,1825467.50,1664500.95,30920,10,10,10,0,0,0,0,0,0,1058815,4116479,6664191,1301510.28,499
1781842169,0,31420,0,233.19,500.18,847359,1508351,2562047,3481599,3729407,187904,54231039,1811905.51,1655524.78,31420,10,10,10,0,0,0,0,0,0,972287,1631231,1960959,973231.74,500
1781842170,0,31920,0,235.15,500.10,843263,1499135,2553855,3479551,3784703,187904,54231039,1803826.68,1656767.78,31920,10,10,10,0,0,0,0,0,0,1013759,2461695,9232383,1296153.09,500
1781842171,0,32420,0,237.09,499.73,839679,1490943,2543615,3481599,4016127,187904,54231039,1798361.00,1664453.50,32420,10,10,10,0,0,0,0,0,0,982527,6836223,11321343,1449431.94,500
1781842172,0,32920,0,239.00,500.04,837119,1482751,2531327,3477503,4026367,187904,54231039,1787986.40,1655892.72,32920,10,10,10,0,0,0,0,0,0,1058815,1883135,4448255,1115297.28,500
1781842173,0,33421,0,240.89,501.26,832511,1475583,2521087,3475455,4087807,187904,54231039,1776987.73,1648893.79,33421,10,10,10,0,0,0,0,0,0,935935,1872895,5287935,1054280.69,501
1781842174,0,33920,0,242.73,498.93,830463,1470463,2516991,3485695,4952063,187904,54231039,1790298.58,1751942.82,33920,10,10,10,0,0,0,0,0,0,1038335,15015935,27344895,2681805.21,499
1781842175,0,34420,0,244.56,499.90,827391,1463295,2504703,3481599,4882431,187904,54231039,1778907.97,1743087.80,34420,10,10,10,0,0,0,0,0,0,956415,1941503,3172351,1006169.34,500
1781842176,0,34922,0,246.38,502.16,824831,1458175,2498559,3485695,5427199,187904,54231039,1779504.87,1769647.32,34922,10,10,10,0,0,0,0,0,0,1037311,8552447,19021823,1820431.68,502
1781842177,0,35420,0,248.14,497.72,822783,1452031,2486271,3481599,5369855,187904,54231039,1770247.31,1767249.54,35420,10,10,10,0,0,0,0,0,0,1012223,1964031,3276799,1121065.51,498
1781842178,0,35920,0,249.89,500.07,820223,1445887,2473983,3477503,5316607,187904,54231039,1759153.11,1758186.27,35920,10,10,10,0,0,0,0,0,0,974335,1605631,2030591,973240.19,500
1781842179,0,36420,0,251.62,500.13,817663,1439743,2463743,3473407,5214207,187904,54231039,1748214.37,1749280.26,36420,10,10,10,0,0,0,0,0,0,970751,1606655,1893375,962375.17,500
1781842180,0,36921,0,253.33,501.08,815615,1431551,2453503,3469311,5193727,187904,54231039,1739233.17,1754038.23,36921,10,10,10,0,0,0,0,0,0,970751,1644543,1855487,1086348.39,501
1781842181,0,37420,0,255.00,498.70,813055,1421311,2443263,3467263,5169151,187904,54231039,1728811.13,1745308.74,37420,10,10,10,0,0,0,0,0,0,971263,1590271,1848319,957684.71,499
1781842182,0,37920,0,256.66,500.13,811519,1412095,2433023,3465215,5185535,187904,54231039,1720141.91,1737732.48,37920,10,10,10,0,0,0,0,0,0,997887,1748991,5586943,1071336.96,500
1781842183,0,38420,0,258.30,500.17,809471,1403903,2422783,3461119,5148671,187904,54231039,1710869.70,1729071.05,38420,10,10,10,0,0,0,0,0,0,998399,1728511,2109439,1007665.66,500
1781842184,0,38920,0,259.91,499.65,807423,1397759,2406399,3459071,5144575,187904,54231039,1704710.86,1738183.81,38920,10,10,10,0,0,0,0,0,0,1020927,1973247,3244031,1231465.60,500
1781842185,0,39420,0,261.50,500.03,805375,1389567,2383871,3459071,5193727,187904,54231039,1701866.04,1758545.25,39420,10,10,10,0,0,0,0,0,0,985599,2742271,21266431,1480425.09,500
1781842186,0,39920,0,263.08,500.08,802303,1381375,2351103,3454975,5169151,187904,54231039,1692716.58,1750073.19,39920,10,10,10,0,0,0,0,0,0,975359,1638399,1957887,971373.44,500
1781842187,0,40420,0,264.63,500.19,800255,1372159,2316287,3450879,5148671,187904,54231039,1684515.24,1748111.44,40420,10,10,10,0,0,0,0,0,0,964607,1601535,1843199,1029720.45,500
1781842188,0,40920,0,266.16,499.93,798207,1362943,2275327,3450879,5181439,187904,54231039,1677406.09,1741758.82,40920,10,10,10,0,0,0,0,0,0,958463,1982463,6152191,1102702.21,500
1781842189,0,41420,0,267.67,499.83,797183,1357823,2258943,3454975,5656575,187904,54231039,1689758.05,1823252.91,41420,10,10,10,0,0,0,0,0,0,1100799,19447807,23003135,2700642.05,500
1781842190,0,41920,0,269.16,500.09,795135,1349631,2238463,3452927,5631999,187904,54231039,1682776.72,1825043.37,41920,10,10,10,0,0,0,0,0,0,989695,1671167,2008063,1104443.65,500
1781842191,0,42420,0,270.63,500.14,793599,1341439,2222079,3448831,5562367,187904,54231039,1674608.09,1816361.46,42420,10,10,10,0,0,0,0,0,0,992767,1608703,1914879,989750.27,500
1781842192,0,42922,0,272.10,502.08,791551,1333247,2207743,3446783,5513215,187904,54231039,1666212.55,1807901.47,42922,10,10,10,0,0,0,0,0,0,960511,1579007,1776639,956772.46,502
1781842193,0,43420,0,273.52,497.70,789503,1325055,2195455,3442687,5439487,187904,54231039,1658465.12,1799534.47,43420,10,10,10,0,0,0,0,0,0,984575,1658879,1940479,990723.98,498
1781842194,0,43920,0,274.94,500.05,787455,1316863,2185215,3440639,5427199,187904,54231039,1651835.06,1800880.69,43920,10,10,10,0,0,0,0,0,0,970239,1582079,1917951,1076080.90,500
1781842195,0,44420,0,276.34,500.23,784895,1305599,2172927,3438591,5365759,187904,54231039,1643755.41,1792841.58,44420,10,10,10,0,0,0,0,0,0,930303,1570815,1813503,934038.66,500
1781842196,0,44920,0,277.72,499.64,784383,1305599,2179071,3454975,6856703,187904,54231039,1692008.73,2094464.40,44920,10,10,10,0,0,0,0,0,0,1282047,24870911,40828927,5978833.15,500
1781842197,0,45420,0,279.09,500.15,781823,1296383,2168831,3452927,6803455,187904,54231039,1684279.56,2087601.07,45420,10,10,10,0,0,0,0,0,0,920575,1659903,2189311,989891.71,500
1781842198,0,45920,0,280.44,499.97,779775,1289215,2160639,3452927,6819839,187904,54231039,1678804.16,2080144.41,45920,10,10,10,0,0,0,0,0,0,966143,3325951,6848511,1181418.24,500
1781842199,0,46421,0,281.78,501.24,778239,1284095,2150399,3448831,6746111,187904,54231039,1671613.98,2070588.20,46421,10,10,10,0,0,0,0,0,0,1012735,1761279,2086911,1012585.77,501
1781842200,0,46920,0,283.09,498.64,776191,1276927,2142207,3444735,6664191,187904,54231039,1664460.94,2063424.41,46920,10,10,10,0,0,0,0,0,0,959487,1634303,1974271,999027.43,499
1781842201,0,47420,0,284.39,500.16,774655,1270783,2131967,3442687,6615039,187904,54231039,1657284.04,2054194.02,47420,10,10,10,0,0,0,0,0,0,974847,1655807,1972223,983804.67,500
1781842202,0,47920,0,285.68,500.13,772607,1264639,2123775,3440639,6578175,187904,54231039,1650051.68,2045150.27,47920,10,10,10,0,0,0,0,0,0,953855,1608703,1931263,964133.76,500
1781842203,0,48422,0,286.96,502.06,770559,1259519,2115583,3436543,6447103,187904,54231039,1642862.03,2036217.64,48422,10,10,10,0,0,0,0,0,0,956927,1599487,1927167,956551.90,502
1781842204,0,48920,0,288.20,497.75,768511,1254399,2107391,3434495,6414335,187904,54231039,1636997.53,2033335.23,48920,10,10,10,0,0,0,0,0,0,958975,1670143,2080767,1066774.62,498
1781842205,0,49420,0,289.44,500.15,766975,1250303,2099199,3432447,6373375,187904,54231039,1630328.77,2024562.71,49420,10,10,10,0,0,0,0,0,0,974847,1639423,1895423,977857.28,500
1781842206,0,49921,0,290.67,501.10,764927,1245183,2087935,3428351,6328319,187904,54231039,1623776.90,2015925.72,49921,10,10,10,0,0,0,0,0,0,974847,1660927,1978367,977483.24,501
1781842207,0,50420,0,291.88,498.70,762367,1240063,2069503,3426303,6258687,187904,54231039,1617670.57,2012614.22,50420,10,10,10,0,0,0,0,0,0,899071,1662975,2127871,1006780.02,499
1781842208,0,50920,0,293.08,500.14,759807,1235967,2047999,3424255,6193151,187904,54231039,1611527.31,2004258.54,50920,10,10,10,0,0,0,0,0,0,973823,1704959,2658303,992041.34,500
1781842209,0,51420,0,294.26,499.99,756735,1229823,2029567,3420159,6156287,187904,54231039,1604815.54,1996069.24,51420,10,10,10,0,0,0,0,0,0,934911,1543167,1730559,921288.58,500
1781842210,0,51922,0,295.44,502.16,754687,1224703,2002943,3418111,6143999,187904,54231039,1599380.47,1997100.94,51922,10,10,10,0,0,0,0,0,0,931839,1558527,1791999,1042664.54,502
1781842211,0,52420,0,296.59,497.69,753151,1221631,1977343,3420159,6246399,187904,54231039,1596569.76,1993113.74,52420,10,10,10,0,0,0,0,0,0,987135,5160959,8904703,1303522.70,498
1781842212,0,52920,0,297.73,500.17,751615,1218559,1957887,3422207,6426623,187904,54231039,1596467.87,1994582.19,52920,10,10,10,0,0,0,0,0,0,992255,5857279,11124735,1585785.34,500
1781842213,0,53422,0,298.88,502.20,750079,1215487,1934335,3422207,6414335,187904,54231039,1593284.88,1988459.44,53422,10,10,10,0,0,0,0,0,0,1002495,3899391,6201343,1257739.35,502
1781842214,0,53920,0,299.98,497.68,748031,1210367,1909759,3422207,6406143,187904,54231039,1588754.07,1992401.46,53920,10,10,10,0,0,0,0,0,0,920063,1639423,2054143,1102720.26,498
1781842215,0,54220,0,299.98,299.94,748031,1211391,1914879,3422207,6393855,187904,54231039,1589473.00,1989023.43,54220,10,10,10,0,0,0,0,0,0,1357823,4530175,5132287,1718688.21,300
1781842216,0,54420,0,299.43,200.01,748543,1213439,1924095,3422207,6373375,187904,54231039,1590592.01,1986343.92,54420,10,10,10,0,0,0,0,0,0,1846271,3348479,3696639,1893955.84,200
1781842217,0,54620,0,298.89,200.12,748543,1214463,1935359,3422207,6352895,187904,54231039,1592274.22,1987501.82,54620,10,10,10,0,0,0,0,0,0,1865727,3385343,3676159,2050003.20,200
1781842218,0,54820,0,298.35,200.03,749055,1216511,1953791,3422207,6348799,187904,54231039,1593416.25,1984820.92,54820,10,10,10,0,0,0,0,0,0,1875967,3375103,3561471,1905304.32,200
1781842219,0,55020,0,297.82,199.86,749567,1217535,1970175,3422207,6340607,187904,54231039,1594571.17,1982163.61,55020,10,10,10,0,0,0,0,0,0,1883135,3364863,3657727,1911134.72,200
1781842220,0,55220,0,297.29,199.97,750079,1219583,1982463,3422207,6328319,187904,54231039,1595844.86,1979713.50,55220,10,10,10,0,0,0,0,0,0,1954815,3364863,3653631,1946237.44,200
1781842221,0,55420,0,296.77,200.05,750591,1220607,1993727,3422207,6316031,187904,54231039,1596959.30,1977079.68,55420,10,10,10,0,0,0,0,0,0,1851391,3387391,3608575,1904656.64,200
1781842222,0,55620,0,296.26,199.92,751103,1222655,2004991,3420159,6262783,187904,54231039,1598083.14,1974460.10,55620,10,10,10,0,0,0,0,0,0,1871871,3381247,3645439,1909500.16,200
1781842223,0,55820,0,295.75,200.13,751615,1224703,2013183,3420159,6254591,187904,54231039,1599510.43,1972090.38,55820,10,10,10,0,0,0,0,0,0,1992703,3454975,4947967,1996439.04,200
1781842224,0,56020,0,295.24,199.97,752127,1225727,2019327,3420159,6238207,187904,54231039,1600504.66,1969455.90,56020,10,10,10,0,0,0,0,0,0,1765375,3381247,3434495,1877992.96,200
1781842225,0,56220,0,294.74,200.01,752639,1228799,2027519,3420159,6201343,187904,54231039,1601807.61,1966946.57,56220,10,10,10,0,0,0,0,0,0,1964031,3442687,3690495,1966764.16,200
1781842226,0,56420,0,294.25,200.01,753663,1229823,2034687,3422207,6184959,187904,54231039,1603159.57,1964411.32,56420,10,10,10,0,0,0,0,0,0,1896447,3463167,3545087,1983195.52,200
1781842227,0,56620,0,293.76,200.04,754687,1231871,2039807,3422207,6176767,187904,54231039,1604847.79,1964464.29,56620,10,10,10,0,0,0,0,0,0,1922047,3526655,3579903,2081095.04,200
1781842228,0,56820,0,293.28,200.02,755199,1233919,2045951,3422207,6168575,187904,54231039,1606138.99,1961925.56,56820,10,10,10,0,0,0,0,0,0,1883135,3518463,3563519,1971679.36,200
1781842229,0,57020,0,292.80,199.84,756735,1235967,2051071,3422207,6152191,187904,54231039,1607500.21,1959437.57,57020,10,10,10,0,0,0,0,0,0,1886207,3540991,3581951,1994222.72,200
1781842230,0,57220,0,292.32,200.13,757759,1236991,2058239,3422207,6148095,187904,54231039,1608896.54,1957420.15,57220,10,10,10,0,0,0,0,0,0,1888255,3543039,3594239,2006988.80,200
1781842231,0,57420,0,291.85,199.92,758783,1239039,2063359,3422207,6135807,187904,54231039,1610011.34,1954855.71,57420,10,10,10,0,0,0,0,0,0,1919999,3297279,3631103,1928956.16,200
1781842232,0,57620,0,291.39,200.10,759807,1241087,2068479,3422207,6131711,187904,54231039,1611247.68,1952362.22,57620,10,10,10,0,0,0,0,0,0,1900543,3545087,3610623,1966201.60,200
1781842233,0,57820,0,290.93,199.97,760831,1242111,2076671,3422207,6127615,187904,54231039,1612593.50,1949921.13,57820,10,10,10,0,0,0,0,0,0,1947647,3575807,3608575,2000324.48,200
1781842234,0,58020,0,290.47,199.86,762367,1243135,2082815,3424255,6115327,187904,54231039,1613981.60,1947493.83,58020,10,10,10,0,0,0,0,0,0,1954815,3557375,3690495,2015281.28,200
1781842235,0,58220,0,290.02,200.10,763391,1245183,2087935,3424255,6107135,187904,54231039,1615220.88,1945054.14,58220,10,10,10,0,0,0,0,0,0,2065407,3446783,3508223,1974735.36,200
1781842236,0,58420,0,289.58,199.95,764415,1247231,2091007,3424255,6066175,187904,54231039,1616488.77,1942643.02,58420,10,10,10,0,0,0,0,0,0,1971199,3452927,3676159,1985570.56,200
1781842237,0,58620,0,289.14,200.13,765439,1249279,2095103,3424255,6057983,187904,54231039,1618203.56,1945296.99,58620,10,10,10,0,0,0,0,0,0,1841151,3434495,3502079,2119093.12,200
1781842238,0,58820,0,288.70,199.88,766463,1250303,2099199,3426303,6098943,187904,54231039,1620041.09,1943636.75,58820,10,10,10,0,0,0,0,0,0,2099199,3698687,6660095,2158621.44,200
1781842239,0,59020,0,288.26,199.99,767487,1252351,2103295,3428351,6131711,187904,54231039,1622536.21,1943474.47,59020,10,10,10,0,0,0,0,0,0,2189311,3682303,9502719,2356353.28,200
1781842240,0,59220,0,287.84,200.11,767999,1253375,2105343,3428351,6131711,187904,54231039,1623945.08,1942180.87,59220,10,10,10,0,0,0,0,0,0,1911807,3581951,3688447,2039700.48,200
1781842241,0,59420,0,287.41,200.00,769023,1255423,2107391,3428351,6127615,187904,54231039,1625328.57,1939883.77,59420,10,10,10,0,0,0,0,0,0,2037759,3596287,3739647,2034981.12,200
1781842242,0,59620,0,286.99,199.90,769535,1256447,2109439,3428351,6115327,187904,54231039,1626274.46,1937495.14,59620,10,10,10,0,0,0,0,0,0,1876991,3397631,3563519,1907297.28,200
1781842243,0,59820,0,286.57,200.11,770047,1258495,2111487,3428351,6107135,187904,54231039,1627229.07,1935123.34,59820,10,10,10,0,0,0,0,0,0,1861631,3383295,3579903,1911798.40,200
1781842244,0,60020,0,286.16,199.96,770559,1260543,2113535,3428351,6066175,187904,54231039,1628129.30,1932745.63,60020,10,10,10,0,0,0,0,0,0,1874943,3407871,3667967,1897389.44,200
1781842245,0,60220,0,285.75,199.87,771071,1261567,2115583,3428351,6012927,187904,54231039,1629073.45,1930407.94,60220,10,10,10,0,0,0,0,0,0,1865727,3395583,3583999,1912413.44,200
1781842246,0,60420,0,285.35,200.14,771583,1262591,2117631,3428351,6004735,187904,54231039,1629967.12,1928070.01,60420,10,10,10,0,0,0,0,0,0,1856511,3364863,3631103,1899048.96,200
1781842247,0,60620,0,284.95,200.05,771583,1264639,2119679,3428351,5996543,187904,54231039,1631275.56,1929560.52,60620,10,10,10,0,0,0,0,0,0,1803263,3356671,3471359,2026554.88,200
1781842248,0,60820,0,284.55,199.88,772095,1266687,2123775,3428351,5988351,187904,54231039,1632309.17,1927300.11,60820,10,10,10,0,0,0,0,0,0,1891327,3450879,3670015,1945597.44,200
1781842249,0,61020,0,284.15,200.01,772607,1268735,2125823,3428351,5963775,187904,54231039,1633219.27,1924993.82,61020,10,10,10,0,0,0,0,0,0,1875967,3381247,3528703,1909980.16,200
1781842250,0,61220,0,283.76,200.11,773119,1270783,2127871,3426303,5955583,187904,54231039,1634239.70,1922849.52,61220,10,10,10,0,0,0,0,0,0,1927167,3368959,3661823,1945573.12,200
1781842251,0,61420,0,283.38,199.81,773119,1271807,2129919,3426303,5951487,187904,54231039,1635151.00,1920585.81,61420,10,10,10,0,0,0,0,0,0,1887231,3401727,3682303,1914100.48,200
1781842252,0,61620,0,282.99,200.06,773631,1273855,2131967,3426303,5943295,187904,54231039,1636003.96,1918309.37,61620,10,10,10,0,0,0,0,0,0,1900543,3393535,3530751,1897949.44,200
1781842253,0,61820,0,282.61,200.08,774143,1275903,2131967,3428351,5935103,187904,54231039,1637025.37,1916099.91,61820,10,10,10,0,0,0,0,0,0,2052095,3438591,3704831,1951719.04,200
1781842254,0,62020,0,282.24,199.91,774143,1277951,2136063,3426303,5914623,187904,54231039,1637800.68,1913816.42,62020,10,10,10,0,0,0,0,0,0,1783807,3395583,3471359,1877448.96,200
1781842255,0,62220,0,281.87,200.13,774655,1279999,2138111,3426303,5890047,187904,54231039,1638898.43,1911705.50,62220,10,10,10,0,0,0,0,0,0,2011135,3454975,4218879,1979310.72,200
1781842256,0,62420,0,281.50,199.89,775167,1282047,2140159,3426303,5873663,187904,54231039,1639797.34,1909504.61,62420,10,10,10,0,0,0,0,0,0,1926143,3420159,3653631,1919449.60,200
1781842257,0,62620,0,281.13,200.03,775167,1284095,2142207,3426303,5869567,187904,54231039,1640956.99,1909601.16,62620,10,10,10,0,0,0,0,0,0,1857535,3401727,3532799,2002882.56,200
1781842258,0,62820,0,280.77,200.06,775679,1285119,2144255,3426303,5857279,187904,54231039,1641876.45,1907429.28,62820,10,10,10,0,0,0,0,0,0,1910783,3426303,3680255,1929760.00,200
1781842259,0,63020,0,280.41,199.85,775679,1287167,2146303,3426303,5857279,187904,54231039,1642803.87,1905263.68,63020,10,10,10,0,0,0,0,0,0,1873919,3434495,3627007,1934105.60,200
1781842260,0,63220,0,280.05,200.01,776191,1288191,2146303,3426303,5849087,187904,54231039,1643820.91,1903605.27,63220,10,10,10,0,0,0,0,0,0,1871871,3414015,3690495,1964291.84,200
1781842261,0,63420,0,279.70,200.05,776703,1290239,2148351,3426303,5844991,187904,54231039,1644745.70,1901474.18,63420,10,10,10,0,0,0,0,0,0,1873919,3452927,3694591,1937071.36,200
1781842262,0,63620,0,279.35,200.07,776703,1292287,2152447,3426303,5836799,187904,54231039,1645680.02,1899346.30,63620,10,10,10,0,0,0,0,0,0,1909759,3407871,3704831,1941952.00,200
1781842263,0,63820,0,279.00,200.01,777215,1294335,2154495,3428351,5836799,187904,54231039,1646878.34,1897602.11,63820,10,10,10,0,0,0,0,0,0,2008063,3577855,5713919,2028066.56,200
1781842264,0,64020,0,278.66,200.01,777215,1295359,2156543,3426303,5820415,187904,54231039,1647700.59,1895454.27,64020,10,10,10,0,0,0,0,0,0,1862655,3414015,3571711,1910080.00,200
1781842265,0,64220,0,278.32,199.88,777727,1297407,2158591,3426303,5795839,187904,54231039,1648577.43,1893344.28,64220,10,10,10,0,0,0,0,0,0,1871871,3426303,3520511,1929254.40,200
1781842266,0,64420,0,277.98,200.03,778239,1299455,2160639,3428351,5767167,187904,54231039,1649423.80,1891234.66,64420,10,10,10,0,0,0,0,0,0,1913855,3434495,3471359,1921191.68,200
1781842267,0,64620,0,277.65,200.05,778751,1301503,2164735,3428351,5746687,187904,54231039,1650338.94,1889157.24,64620,10,10,10,0,0,0,0,0,0,1942527,3420159,3659775,1945106.56,200
1781842268,0,64820,0,277.31,200.03,778751,1302527,2166783,3428351,5779455,187904,54231039,1651647.56,1887658.10,64820,10,10,10,0,0,0,0,0,0,2032639,3577855,6356991,2074462.08,200
1781842269,0,65020,0,276.98,200.06,779263,1305599,2168831,3428351,5767167,187904,54231039,1652453.67,1885568.02,65020,10,10,10,0,0,0,0,0,0,1893375,3375103,3631103,1913712.64,200
1781842270,0,65220,0,276.66,199.98,779263,1306623,2170879,3428351,5746687,187904,54231039,1653420.94,1883992.49,65220,10,10,10,0,0,0,0,0,0,1878015,3393535,3696639,1967882.24,200
1781842271,0,65420,0,276.33,199.84,779775,1309695,2172927,3426303,5730303,187904,54231039,1654242.11,1881931.63,65420,10,10,10,0,0,0,0,0,0,1872895,3422207,3583999,1922023.68,200
1781842272,0,65620,0,276.01,200.07,779775,1311743,2174975,3428351,5713919,187904,54231039,1655258.19,1880073.73,65620,10,10,10,0,0,0,0,0,0,2013183,3465215,4706303,1987618.56,200
1781842273,0,65820,0,275.69,200.02,780287,1313791,2179071,3428351,5709823,187904,54231039,1656097.14,1878039.74,65820,10,10,10,0,0,0,0,0,0,1880063,3405823,3684351,1931358.72,200
1781842274,0,66020,0,275.38,200.01,780799,1315839,2181119,3428351,5685247,187904,54231039,1656715.72,1875952.91,66020,10,10,10,0,0,0,0,0,0,1809407,3389439,3502079,1860288.00,200
1781842275,0,66740,0,277.23,719.93,785407,1329151,2217983,3483647,24084479,187904,317194239,2858244.77,14927935.52,66740,10,10,10,0,0,0,0,0,0,91619327,290193407,316145663,113031783.64,720
1781842276,0,67290,0,278.35,549.93,788991,1340415,2260991,3553279,157155327,187904,554172415,5453262.59,34507690.99,67290,10,10,10,0,0,0,0,0,0,319815679,535560191,553123839,320346879.07,550
1781842277,0,67875,0,279.62,585.38,792575,1351679,2340863,3614719,392167423,187904,984088575,10343629.91,64582630.51,67875,10,10,10,0,0,0,0,0,0,564133887,958398463,983564287,572861266.71,585
1781842278,0,68940,0,282.84,1064.64,798719,1370111,2422783,6258687,797442047,187904,1195376639,23341140.96,123893141.61,68940,10,10,10,0,0,0,0,0,0,848822271,1152385023,1188036607,851703640.70,1065
1781842279,0,69490,0,283.93,550.13,801791,1378303,2447359,20201471,1005584383,187904,1407188991,32437331.55,160460770.59,69490,10,10,10,0,0,0,0,0,0,1173356543,1388314623,1406140415,1172603475.78,550
1781842280,0,70040,0,285.01,549.96,805375,1385471,2473983,135004159,1212153855,187904,1617952767,43050554.65,199810001.51,70040,10,10,10,0,0,0,0,0,0,1384120319,1600126975,1616904191,1383983051.87,550
1781842281,0,71140,0,288.32,1099.48,811519,1399807,2539519,544210943,1632632831,187904,2045771775,68743410.74,286019439.08,71140,10,10,10,0,0,0,0,0,0,1701838847,2002780159,2037383167,1704677629.21,1100
1781842282,0,71690,0,289.37,550.25,814591,1406975,2572287,748683263,1844445183,187904,2250244095,83684991.94,331964157.33,71690,10,10,10,0,0,0,0,0,0,2016411647,2233466879,2250244095,2016310603.40,550
1781842283,0,72240,0,290.42,549.76,817151,1414143,2613247,950009855,2051014655,187904,2466250751,100042915.07,379975932.18,72240,10,10,10,0,0,0,0,0,0,2233466879,2449473535,2464153599,2232223840.81,550
1781842284,0,73340,0,293.66,1099.91,823295,1430527,2721791,1358954495,2476736511,187904,2896166911,136876882.25,481418566.94,73340,10,10,10,0,0,0,0,0,0,2554331135,2852126719,2887778303,2555863963.46,1100
1781842285,0,73890,0,294.68,549.87,826367,1437695,2752511,1557135359,2688548863,187904,3103784959,157213625.90,534160064.13,73890,10,10,10,0,0,0,0,0,0,2868903935,3084910591,3101687807,2869025952.12,550
1781842286,0,74440,0,295.70,550.20,828927,1444863,2777087,1760559103,2894069759,187904,3307208703,178767724.97,588022868.62,74440,10,10,10,0,0,0,0,0,0,3074424831,3290431487,3307208703,3074462962.04,550
1781842287,0,75540,0,298.88,1099.77,835071,1458175,2850815,2155872255,3307208703,187904,3728736255,225505108.65,699283077.02,75540,10,10,10,0,0,0,0,0,0,3386900479,3684696063,3720347647,3388351327.88,1100
1781842288,0,76090,0,299.87,550.25,838655,1465343,2883583,2363490303,3514826751,187904,3942645759,250686062.01,756760295.98,76090,10,10,10,0,0,0,0,0,0,3709861887,3925868543,3942645759,3709175547.35,550
1781842289,0,76640,0,300.85,549.87,841727,1471487,2918399,2562719743,3726639103,187904,4154458111,277022037.83,815269705.67,76640,10,10,10,0,0,0,0,0,0,3921674239,4135583743,4152360959,3920484582.87,550
1781842290,0,77638,0,303.58,998.62,848895,1484799,3000319,2912944127,4123000831,187904,4580179967,328050803.91,925471746.33,77638,10,10,10,0,0,0,0,0,0,4261412863,4542431231,4575985663,4246732800.00,998
1781842291,0,78290,0,304.94,651.60,854527,1492991,3059711,3154116607,4357881855,187904,4794089471,362766818.58,996590605.33,78290,10,10,10,0,0,0,0,0,0,4521459711,4768923647,4794089471,4496634836.02,652
1781842292,0,78840,0,305.89,550.36,858623,1501183,3090431,3349151743,4571791359,187904,5003804671,393499953.79,1058699446.83,78840,10,10,10,0,0,0,0,0,0,4768923647,4987027455,5003804671,4768222055.33,550
1781842293,0,79390,0,306.83,549.68,863231,1509375,3117055,3554672639,4785700863,187904,5226102783,425341386.66,1121848397.03,79390,10,10,10,0,0,0,0,0,0,4991221759,5209325567,5221908479,4989666054.52,550
1781842294,0,80490,0,309.88,1099.50,875007,1526783,3203071,3951034367,5221908479,187904,5674893311,492354826.58,1251349671.23,80490,10,10,10,0,0,0,0,0,0,5326766079,5628755967,5666504703,5328897549.03,1100
1781842295,0,81040,0,310.80,550.24,880127,1537023,3237887,4154458111,5448400895,187904,5897191423,527426816.35,1317340825.21,81040,10,10,10,0,0,0,0,0,0,5662310399,5876219903,5892997119,5660053101.85,550
1781842296,0,81590,0,311.72,549.96,886783,1546239,3270655,4362076159,5662310399,187904,6106906623,563467058.80,1383907963.74,81590,10,10,10,0,0,0,0,0,0,5876219903,6090129407,6106906623,5873832963.72,550
1781842297,0,82690,0,314.72,1100.60,902143,1570815,3362815,4768923647,6098518015,187904,6547308543,638509841.81,1519153444.74,82690,10,10,10,0,0,0,0,0,0,6203375615,6505365503,6538919935,6204637720.20,1100
1781842298,0,83240,0,315.61,549.77,910847,1587199,3399679,4982833151,6320816127,187904,6786383871,677583434.94,1588156763.78,83240,10,10,10,0,0,0,0,0,0,6555697151,6769606655,6786383871,6552120554.59,550
1781842299,0,83790,0,316.50,550.22,918527,1609727,3432447,5196742655,6543114239,187904,7004487679,717567698.24,1657640357.57,83790,10,10,10,0,0,0,0,0,0,6769606655,6987710463,7004487679,6769004201.43,550
1781842300,0,84642,0,318.51,852.07,929279,1658879,3493887,5515509759,6882852863,187904,7449083903,781882668.10,1768417564.71,84642,10,10,10,0,0,0,0,0,0,7121928191,7411335167,7449083903,7106942908.69,852
1781842301,0,85440,0,320.31,797.60,938495,1691647,3569663,5825888255,7205814271,187904,7671382015,843008244.88,1869431469.07,85440,10,10,10,0,0,0,0,0,0,7335837695,7642021887,7671382015,7326455700.21,798
1781842302,0,85990,0,321.17,549.79,944127,1710079,3614719,6031409151,7428112383,187904,7893680127,886608722.45,1941095361.52,85990,10,10,10,0,0,0,0,0,0,7662993407,7876902911,7893680127,7659744728.90,550
1781842303,0,86540,0,322.02,550.21,948735,1725439,3680255,6236930047,7650410495,187904,8115978239,931060096.04,2013194327.36,86540,10,10,10,0,0,0,0,0,0,7881097215,8099201023,8115978239,7880830305.75,550
1781842304,0,87640,0,324.90,1099.81,959999,1758207,10297343,6668943359,8078229503,187904,8531214335,1022240588.16,2157897416.93,87640,10,10,10,0,0,0,0,0,0,8195670015,8489271295,8522825727,8195658576.99,1100
1781842305,0,88190,0,325.73,550.31,965631,1771519,30474239,6878658559,8283750399,187904,8749318143,1068924888.05,2230443850.32,88190,10,10,10,0,0,0,0,0,0,8510242815,8732540927,8749318143,8507855875.72,550
1781842306,0,88740,0,326.56,549.88,971775,1782783,139460607,7088373759,8493465599,187904,8950644735,1116315685.48,2303102445.45,88740,10,10,10,0,0,0,0,0,0,8715763711,8933867519,8950644735,8715214639.48,550
1781842307,0,89840,0,329.39,1099.78,982015,1806335,470024191,7507804159,8917090303,187904,9386852351,1213379207.95,2449439335.50,89840,10,10,10,0,0,0,0,0,0,9042919423,9344909311,9378463743,9043758284.80,1100
1781842308,0,90390,0,330.20,550.23,987135,1818623,626524159,7721713663,9135194111,187904,9596567551,1262951497.11,2522848873.05,90390,10,10,10,0,0,0,0,0,0,9361686527,9579790335,9596567551,9360359602.73,550
1781842309,0,90940,0,331.00,550.03,992767,1833983,780140543,7927234559,9344909311,187904,9814671359,1313249794.27,2596568213.48,90940,10,10,10,0,0,0,0,0,0,9579790335,9797894143,9814671359,9579546303.77,550
1781842310,0,92040,0,333.79,1099.14,1004543,1865727,1105199103,8321499135,9764339711,187904,10234101759,1415765279.93,2744228922.85,92040,10,10,10,0,0,0,0,0,0,9890168831,10192158719,10225713151,9891000066.79,1100
1781842311,0,92590,0,334.57,550.24,1010175,1887231,1259339775,8522825727,9965666303,187904,10443816959,1468004427.51,2818304955.00,92590,10,10,10,0,0,0,0,0,0,10217324543,10427039743,10443816959,10209988325.00,550
1781842312,0,93140,0,335.35,550.11,1014783,1917951,1410334719,8732540927,10183770111,187904,10661920767,1520903015.62,2892598203.15,93140,10,10,10,0,0,0,0,0,0,10427039743,10645143551,10661920767,10426139875.14,550
1781842313,0,94191,0,337.91,1051.17,1024511,2013183,1727004671,9126805503,10578034687,187904,11072962559,1623790318.96,3035162129.61,94191,10,10,10,0,0,0,0,0,0,10754195455,11031019519,11064573951,10741700341.04,1051
1781842314,0,94790,0,338.85,598.66,1030143,2040831,1895825407,9353297919,10804527103,187904,11291066367,1683073904.34,3115580170.80,94790,10,10,10,0,0,0,0,0,0,11022630911,11257511935,11274289151,11005244506.60,599
1781842315,0,95340,0,339.60,549.98,1035263,2062335,2044723199,9554624511,11005853695,187904,11492392959,1738305424.64,3190093108.20,95340,10,10,10,0,0,0,0,0,0,11257511935,11475615743,11492392959,11257206895.71,550
1781842316,0,96042,0,340.89,702.43,1040895,2088959,2252341247,9797894143,11265900543,187904,11920211967,1810089245.97,3286704189.81,96042,10,10,10,0,0,0,0,0,0,11551113215,11895046143,11920211967,11559191134.81,702
1781842317,0,96990,0,343.03,947.10,1048063,2115583,2537553919,10150215679,11643387903,187904,12138315775,1907554429.80,3414610485.45,96990,10,10,10,0,0,0,0,0,0,11760828415,12104761343,12138315775,11781764541.03,948
1781842318,0,97540,0,343.76,550.30,1052671,2129919,2688548863,10351542271,11853103103,187904,12356419583,1965158898.20,3489854851.39,97540,10,10,10,0,0,0,0,0,0,12129927167,12339642367,12356419583,12123445061.82,550
1781842319,0,98090,0,344.49,549.73,1056767,2146303,2854223871,10552868863,12071206911,187904,12566134783,2023276510.42,3565096661.98,98090,10,10,10,0,0,0,0,0,0,12331253759,12549357567,12566134783,12330170866.97,550
1781842320,0,99190,0,347.13,1100.84,1063935,2183167,3162505215,10938744831,12490637311,187904,12985565183,2141045269.03,3715651039.98,99190,10,10,10,0,0,0,0,0,0,12641632255,12935233535,12977176575,12642806661.12,1100
1781842321,0,99740,0,347.84,549.83,1068031,2203647,3307208703,11140071423,12691963903,187904,13186891775,2200649056.64,3790874903.55,99740,10,10,10,0,0,0,0,0,0,12952010751,13170114559,13186891775,12949921226.01,550
1781842322,0,100290,0,348.54,550.04,1072127,2224127,3481272319,11341398015,12893290495,187904,13396606975,2260744930.94,3866129459.16,100290,10,10,10,0,0,0,0,0,0,13161725951,13379829759,13396606975,13158858573.27,550
1781842323,0,101390,0,351.14,1099.90,1079295,2310143,3795845119,11744051199,13304332287,187904,13807648767,2382354597.11,4016647599.40,101390,10,10,10,0,0,0,0,0,0,13472104447,13765705727,13799260159,13469839523.84,1100
1781842324,0,101940,0,351.83,550.09,1082367,2347007,3946840063,11953766399,13505658879,187904,14017363967,2443869135.18,4091953484.59,101940,10,10,10,0,0,0,0,0,0,13790871551,14000586751,14017363967,13783794617.25,550
1781842325,0,102490,0,352.51,550.03,1085439,2379775,4120903679,12155092991,13715374079,187904,14235467775,2505884958.69,4167392505.84,102490,10,10,10,0,0,0,0,0,0,14000586751,14218690559,14235467775,14000235955.67,550
1781842326,0,103590,0,355.07,1099.93,1091583,2426879,4433379327,12557746175,14143193087,187904,14654898175,2631308840.48,4318422262.74,103590,10,10,10,0,0,0,0,0,0,14319353855,14612955135,14646509567,14317393972.13,1100
1781842327,0,104140,0,355.74,550.02,1095679,2443263,4588568575,12759072767,14344519679,187904,14873001983,2694726519.48,4394071775.82,104140,10,10,10,0,0,0,0,0,0,14646509567,14856224767,14873001983,14639158096.99,550
1781842328,0,104690,0,356.40,549.93,1098751,2459647,4760535039,12952010751,14554234879,187904,15082717183,2758578254.33,4469731392.19,104690,10,10,10,0,0,0,0,0,0,14856224767,15065939967,15082717183,14848614012.74,550
1781842329,0,105790,0,358.92,1100.33,1104895,2502655,5087690751,13354663935,14973665279,187904,15493758975,2887467605.03,4620835980.21,105790,10,10,10,0,0,0,0,0,0,15158214655,15451815935,15485370367,15154218628.19,1100
1781842330,0,106340,0,359.57,549.70,1107967,2525183,5251268607,13547601919,15174991871,187904,15703474175,2952533421.82,4696391653.47,106340,10,10,10,0,0,0,0,0,0,15468593151,15686696959,15703474175,15467647527.10,550
1781842331,0,106890,0,360.21,549.90,1111039,2547711,5427429375,13748928511,15384707071,187904,15904800767,3017965570.60,4771842847.29,106890,10,10,10,0,0,0,0,0,0,15669919743,15888023551,15904800767,15668974119.10,550
1781842332,0,107990,0,362.69,1100.13,1118207,2592767,5746196479,14159970303,15787360255,187904,16315842559,3149971725.90,4922614866.46,107990,10,10,10,0,0,0,0,0,0,15980298239,16273899519,16307453951,15977369853.21,1100
1781842333,0,108540,0,363.32,549.94,1120255,2623487,5909774335,14352908287,15988686847,187904,16517169151,3216491498.45,4997824251.82,108540,10,10,10,0,0,0,0,0,0,16282288127,16500391935,16517169151,16277346475.29,550
1781842334,0,109090,0,363.95,550.48,1124351,2664447,6081740799,14554234879,16190013439,187904,16726884351,3283411611.73,5073083888.27,109090,10,10,10,0,0,0,0,0,0,16492003327,16710107135,16726884351,16489791785.89,550
1781842335,0,109994,0,365.74,904.01,1128447,2719743,6350176255,14873001983,16517169151,187904,17146314751,3394616416.76,5197814345.00,109994,10,10,10,0,0,0,0,0,0,16852713471,17112760319,17146314751,16814231660.74,904
1781842336,0,110740,0,367.00,745.78,1132543,2748415,6580862975,15141437439,16810770431,187904,17347641343,3486353906.66,5298716162.66,110740,10,10,10,0,0,0,0,0,0,17020485631,17314086911,17347641343,17012591794.45,746
1781842337,0,111290,0,367.61,549.98,1135615,2766847,6761218047,15342764031,17003708415,187904,17548967935,3554645634.89,5373709885.58,111290,10,10,10,0,0,0,0,0,0,17314086911,17532190719,17548967935,17304874695.21,550
1781842338,0,112274,0,369.64,984.34,1140735,2801663,7046430719,15686696959,17347641343,187904,17934843903,3677816165.80,5508155318.77,112274,10,10,10,0,0,0,0,0,0,17632854015,17901289471,17934843903,17608353142.63,984
1781842339,0,112940,0,370.61,665.78,1143807,2830335,7247757311,15921577983,17599299583,187904,18152947711,3761326245.30,5597924189.35,112940,10,10,10,0,0,0,0,0,0,17867735039,18119393279,18152947711,17839420339.12,666
1781842340,0,113490,0,371.19,549.68,1146879,2859007,7423918079,16106127359,17800626175,187904,18354274303,3830902999.03,5672657385.35,113490,10,10,10,0,0,0,0,0,0,18119393279,18337497087,18354274303,18118173118.84,550
1781842341,0,114274,0,372.54,784.72,1150975,2889727,7658799103,16399728639,18102616063,187904,18773704703,3931036252.79,5780135212.25,114274,10,10,10,0,0,0,0,0,0,18438160383,18740150271,18756927487,18426091060.24,784
1781842342,0,115140,0,374.14,865.68,1156095,2926591,7910457343,16710107135,18404605951,187904,18975031295,4041542394.21,5896639317.55,115140,10,10,10,0,0,0,0,0,0,18605932543,18941476863,18975031295,18623504062.37,866
1781842343,0,115690,0,374.71,550.01,1160191,2953215,8078229503,16903045119,18622709759,187904,19193135103,4112432319.13,5971363554.08,115690,10,10,10,0,0,0,0,0,0,18958254079,19176357887,19193135103,18952915874.91,550
1781842344,0,116240,0,375.28,549.81,1163263,2983935,8233418751,17095983103,18824036351,187904,19394461695,4183615108.42,6046021505.72,116240,10,10,10,0,0,0,0,0,0,19159580671,19377684479,19394461695,19156591277.15,550
1781842345,0,117340,0,377.61,1100.68,1170431,3055615,8535408639,17481859071,19226689535,187904,19797114879,4326797768.86,6195029530.74,117340,10,10,10,0,0,0,0,0,0,19461570559,19746783231,19797114879,19457299995.93,1100
1781842346,0,117890,0,378.16,549.94,1174527,3078143,8707375103,17666408447,19428016127,187904,19998441471,4398819190.10,6269455301.64,117890,10,10,10,0,0,0,0,0,0,19780337663,19981664255,19998441471,19764262040.67,550
1781842347,0,118440,0,378.71,549.62,1178623,3096575,8866758655,17867735039,19629342719,187904,20216545279,4471125176.33,6343836587.06,118440,10,10,10,0,0,0,0,0,0,19981664255,20199768063,20216545279,19969584660.48,550
1781842348,0,119540,0,381.01,1100.91,1186815,3135487,9185525759,18270388223,20031995903,187904,20602421247,4616457380.37,6492180421.41,119540,10,10,10,0,0,0,0,0,0,20266876927,20568866815,20602421247,20264772149.99,1100
1781842349,0,120090,0,381.55,549.53,1190911,3166207,9353297919,18454937599,20233322495,187904,20803747839,4689506897.95,6566221424.13,120090,10,10,10,0,0,0,0,0,0,20568866815,20786970623,20803747839,20566487501.73,550
1781842350,0,120640,0,382.08,550.44,1195007,3196927,9512681471,18639486975,20434649087,187904,21021851647,4762834482.93,6640242199.69,120640,10,10,10,0,0,0,0,0,0,20786970623,21005074431,21021851647,20773579355.23,550
1781842351,0,121740,0,384.35,1099.83,1205247,3246079,9814671359,19042140159,20837302271,187904,21424504831,4910292380.32,6788179927.83,121740,10,10,10,0,0,0,0,0,0,21088960511,21390950399,21424504831,21082402145.75,1100
1781842352,0,122290,0,384.87,549.59,1210367,3266559,9982443519,19243466751,21038628863,187904,21642608639,4984447026.37,6862170773.99,122290,10,10,10,0,0,0,0,0,0,21407727615,21625831423,21642608639,21398240862.95,550
1781842353,0,122840,0,385.39,550.44,1215487,3289087,10150215679,19428016127,21239955455,187904,21843935231,5058860219.99,6936125345.17,122840,10,10,10,0,0,0,0,0,0,21609054207,21827158015,21843935231,21604295579.46,550
1781842354,0,123940,0,387.62,1100.01,1225727,3356671,10452205567,19813892095,21659385855,187904,22246588415,5208364284.45,7083724182.32,123940,10,10,10,0,0,0,0,0,0,21911044095,22196256767,22229811199,21903890901.18,1100
1781842355,0,124490,0,388.13,549.70,1231871,3385343,10619977727,19998441471,21843935231,187904,22447915007,5283441485.55,7157354159.28,124490,10,10,10,0,0,0,0,0,0,22213033983,22431137791,22447915007,22201747493.24,550
1781842356,0,125040,0,388.63,550.19,1238015,3407871,10779361279,20199768063,22045261823,187904,22649241599,5358767118.67,7230957412.04,125040,10,10,10,0,0,0,0,0,0,22414360575,22632464383,22649241599,22408381786.30,550
1781842357,0,126140,0,390.84,1100.43,1249279,3450879,11072962559,20585644031,22447915007,187904,23068671999,5510105992.73,7377976976.04,126140,10,10,10,0,0,0,0,0,0,22716350463,23018340351,23051894783,22713208549.00,1100
1781842358,0,126690,0,391.33,549.58,1254399,3475455,11249123327,20770193407,22498246655,187904,23169335295,5581021830.62,7440040542.51,126690,10,10,10,0,0,0,0,0,0,21860712447,23068671999,23169335295,21845246905.25,550
1781842359,0,127240,0,391.82,549.93,1260543,3514367,11408506879,20786970623,22498246655,187904,23169335295,5642706032.47,7482911400.14,127240,10,10,10,0,0,0,0,0,0,19864223743,21072183295,21172846591,19851381547.75,550
1781842360,0,128340,0,393.99,1100.21,1271807,3579903,11718885375,20770193407,22498246655,187904,23169335295,5738919439.59,7523194140.27,128340,10,10,10,0,0,0,0,0,0,16844324863,18941476863,19142803455,16868186640.76,1100
1781842361,0,128890,0,394.47,550.02,1277951,3610623,11895046143,20753416191,22498246655,187904,23169335295,5773705779.25,7526077755.93,128890,10,10,10,0,0,0,0,0,0,13891534847,15107883007,15208546303,13890940019.43,550
1781842362,0,129440,0,394.94,549.84,1284095,3645439,11928600575,20753416191,22498246655,187904,23169335295,5799708477.70,7520781422.58,129440,10,10,10,0,0,0,0,0,0,11895046143,13111394303,13212057599,11893322666.36,550
1781842363,0,130540,0,397.09,1100.89,1296383,4804607,11844714495,20736638975,22481469439,187904,23169335295,5825898536.35,7495306500.14,130540,10,10,10,0,0,0,0,0,0,8891924479,10980687871,11173625855,8907754164.60,1100
1781842364,0,131090,0,397.55,549.94,1302527,6746111,11785994239,20719861759,22481469439,187904,23169335295,5826283304.37,7479736091.48,131090,10,10,10,0,0,0,0,0,0,5918162943,7134511103,7230980095,5917606245.47,550
1781842365,0,131640,0,398.01,549.65,1309695,12304383,11727273983,20719861759,22481469439,187904,23169335295,5818222482.22,7465298867.34,131640,10,10,10,0,0,0,0,0,0,3898605567,5117050879,5213519871,3896962163.43,550
1781842366,0,132460,0,399.28,820.13,1318911,40796159,11668553727,20703084543,22481469439,187904,23169335295,5790951727.21,7450539434.27,132460,10,10,10,0,0,0,0,0,0,1198522367,2998927359,3193962495,1412997837.58,820
1781842367,0,132660,0,398.69,200.12,1318911,25722879,11651776511,20686307327,22481469439,187904,23169335295,5782224358.60,7448308184.94,132660,10,10,10,0,0,0,0,0,0,1887231,3469311,3606527,2088124.16,200
1781842368,0,132860,0,398.09,199.86,1317887,19939327,11634999295,20686307327,22481469439,187904,23169335295,5773523129.03,7446072909.73,132860,10,10,10,0,0,0,0,0,0,1949695,3522559,3665919,1997557.76,200
1781842369,0,133060,0,397.50,200.03,1317887,15458303,11609833471,20686307327,22481469439,187904,23169335295,5764848057.59,7443833560.09,133060,10,10,10,0,0,0,0,0,0,1992703,3514367,3749887,1998101.76,200
1781842370,0,133260,0,396.91,200.01,1317887,12066815,11593056255,20686307327,22481469439,187904,23169335295,5756199067.04,7441590161.90,133260,10,10,10,0,0,0,0,0,0,1943551,3508223,3549183,2025651.84,200
1781842371,0,133460,0,396.33,200.06,1317887,9846783,11576279039,20686307327,22481469439,187904,23169335295,5747575937.80,7439342850.98,133460,10,10,10,0,0,0,0,0,0,1989631,3487743,3575807,1984927.36,200
1781842372,0,133660,0,395.74,199.95,1311743,7602175,11559501823,20686307327,22481469439,187904,23169335295,5738977285.40,7437092661.51,133660,10,10,10,0,0,0,0,0,0,845823,3100671,3491839,1096538.24,200
1781842373,0,133860,0,395.17,200.04,1303551,6406143,11534335999,20669530111,22481469439,187904,23169335295,5730403716.75,7434839088.53,133860,10,10,10,0,0,0,0,0,0,684031,1053695,1123327,687788.80,200
1781842374,0,134060,0,394.59,199.96,1301503,5681151,11517558783,20669530111,22481469439,187904,23169335295,5721857225.70,7432580562.35,134060,10,10,10,0,0,0,0,0,0,1334271,3647487,3805183,1690762.88,200
1781842375,0,134260,0,394.02,200.03,1301503,5038079,11500781567,20669530111,22481469439,187904,23169335295,5713336733.05,7430317883.16,134260,10,10,10,0,0,0,0,0,0,1982463,3612671,3651583,2050510.72,200
1781842376,0,134460,0,393.45,199.93,1300479,4468735,11484004351,20652752895,22481469439,187904,23169335295,5704841488.93,7428051594.76,134460,10,10,10,0,0,0,0,0,0,1907711,3432447,3606527,1984111.36,200
1781842377,0,134660,0,392.89,200.07,1300479,3960831,11467227135,20652752895,22481469439,187904,23169335295,5696371647.08,7425781546.06,134660,10,10,10,0,0,0,0,0,0,1903615,3438591,3467263,2096967.68,200
1781842378,0,134860,0,392.33,200.00,1299455,3727359,11458838527,20652752895,22481469439,187904,23169335295,5687926726.32,7423508072.03,134860,10,10,10,0,0,0,0,0,0,1859583,3442687,3483647,1961578.88,200
1781842379,0,135060,0,391.77,200.06,1299455,3684351,11442061311,20635975679,22464692223,187904,23169335295,5679506820.67,7421231067.44,135060,10,10,10,0,0,0,0,0,0,1852415,3430399,3471359,1964444.80,200
1781842380,0,135260,0,391.22,199.86,1298431,3663871,11416895487,20635975679,22464692223,187904,23169335295,5671111956.92,7418950478.95,135260,10,10,10,0,0,0,0,0,0,1839103,3428351,3479551,2060467.84,200
1781842381,0,135460,0,390.66,200.10,1293311,3647487,11400118271,20635975679,22464692223,187904,23169335295,5662740467.25,7416667546.58,135460,10,10,10,0,0,0,0,0,0,847359,3094527,3446783,1101998.40,200
1781842382,0,135660,0,390.12,200.03,1289215,3633151,11374952447,20635975679,22464692223,187904,23169335295,5654393792.48,7414381135.41,135660,10,10,10,0,0,0,0,0,0,807423,3424255,6299647,1190971.52,200
1781842383,0,135860,0,389.57,199.90,1283071,3620863,11358175231,20635975679,22464692223,187904,23169335295,5646071038.47,7412091893.75,135860,10,10,10,0,0,0,0,0,0,701439,1092607,2742271,746997.76,200
1781842384,0,136060,0,389.03,200.06,1275903,3612671,11341398015,20635975679,22464692223,187904,23169335295,5637772680.91,7409799425.38,136060,10,10,10,0,0,0,0,0,0,694271,1065983,1245183,698390.08,200
1781842385,0,136260,0,388.49,200.06,1269759,3602431,11316232191,20619198463,22464692223,187904,23169335295,5629498702.69,7407503710.49,136260,10,10,10,0,0,0,0,0,0,709631,1100799,1321983,711315.84,200
1781842386,0,136460,0,387.95,199.94,1263615,3590143,11299454975,20619198463,22464692223,187904,23169335295,5621249391.13,7405204498.54,136460,10,10,10,0,0,0,0,0,0,785407,2795519,3395583,993424.00,200
1781842387,0,136660,0,387.42,199.93,1258495,3581951,11282677759,20619198463,22464692223,187904,23169335295,5613024152.97,7402902208.44,136660,10,10,10,0,0,0,0,0,0,732671,1183743,3047423,944157.12,200
1781842388,0,136860,0,386.89,200.03,1252351,3569663,11265900543,20619198463,22464692223,187904,23169335295,5604822561.47,7400597129.52,136860,10,10,10,0,0,0,0,0,0,694783,1031167,1107967,675089.92,200
1781842389,0,137060,0,386.36,200.05,1247231,3559423,11249123327,20602421247,22464692223,187904,23169335295,5596644951.06,7398288976.13,137060,10,10,10,0,0,0,0,0,0,705023,1116159,1414143,706146.56,200
1781842390,0,137260,0,385.84,199.98,1243135,3551231,11232346111,20602421247,22464692223,187904,23169335295,5588492321.49,7395976961.33,137260,10,10,10,0,0,0,0,0,0,842239,4550655,9134079,1495280.32,200
1781842391,0,137460,0,385.32,200.00,1243135,3540991,11215568895,20602421247,22464692223,187904,23169335295,5580364101.51,7393661486.34,137460,10,10,10,0,0,0,0,0,0,1894399,3454975,3545087,1966727.04,200
1781842392,0,137660,0,384.80,200.05,1243135,3528703,11198791679,20602421247,22464692223,187904,23169335295,5572259558.19,7391343073.59,137660,10,10,10,0,0,0,0,0,0,2076671,3508223,3635199,2006936.32,200
1781842393,0,137860,0,384.29,199.86,1242111,3516415,11182014463,20602421247,22464692223,187904,23169335295,5564178491.28,7389021842.00,137860,10,10,10,0,0,0,0,0,0,1986559,3485695,3579903,1980138.88,200
1781842394,0,138060,0,383.77,200.00,1242111,3506175,11165237247,20602421247,22464692223,187904,23169335295,5556120797.73,7386697837.06,138060,10,10,10,0,0,0,0,0,0,1945599,3518463,3563519,1952633.60,200
1781842395,0,138400,0,383.65,340.06,1244159,3520511,11131682815,20585644031,22464692223,187904,23169335295,5542622059.83,7382632132.23,138400,10,10,10,0,0,0,0,0,0,70254591,127795199,129695743,61340426.16,340
1781842396,0,139500,0,385.63,1100.31,1255423,3579903,11047796735,20585644031,22447915007,187904,23169335295,5505347692.21,7365379717.31,139500,10,10,10,0,0,0,0,0,0,663224319,1148190719,1162870783,815554530.21,1100
1781842397,0,140050,0,386.09,549.87,1260543,3608575,11005853695,20568866815,22447915007,187904,23169335295,5489874283.44,7355033272.67,140050,10,10,10,0,0,0,0,0,0,1564475391,1656750079,1666187263,1565255151.24,550
1781842398,0,140600,0,386.54,550.28,1266687,3639295,10955522047,20568866815,22447915007,187904,23169335295,5476493807.41,7343738927.47,140600,10,10,10,0,0,0,0,0,0,2071986175,2157969407,2166358015,2069338044.97,550
1781842399,0,141488,0,387.91,888.08,1276927,3928063,10880024575,20552089599,22447915007,187904,23169335295,5459593517.11,7323776829.06,141488,10,10,10,0,0,0,0,0,0,2638217215,3166699519,3181379583,2783714220.97,888
1781842400,0,142250,0,388.93,761.89,1285119,6119423,10821304319,20535312383,22447915007,187904,23169335295,5448710752.78,7305663813.96,142250,10,10,10,0,0,0,0,0,0,3546284031,3670015999,3682598911,3428001356.60,762
1781842401,0,142800,0,389.37,549.98,1290239,10469375,10779361279,20535312383,22447915007,187904,23169335295,5443432945.75,7292076076.36,142800,10,10,10,0,0,0,0,0,0,4081057791,4169138175,4175429631,4078400128.47,550
1781842402,0,143350,0,389.81,550.03,1297407,19316735,10737418239,20535312383,22447915007,187904,23169335295,5440156105.84,7278266033.39,143350,10,10,10,0,0,0,0,0,0,4588568575,4680843263,4689231871,4589369306.76,550
1781842403,0,144450,0,391.74,1099.59,1310719,84541439,10636754943,20501757951,22431137791,187904,23169335295,5439360517.43,7250541563.82,144450,10,10,10,0,0,0,0,0,0,5179965439,5666504703,5683281919,5335680882.50,1100
1781842404,0,145000,0,392.16,550.02,1317887,126484479,10603200511,20484980735,22431137791,187904,23169335295,5441819897.24,7236888072.27,145000,10,10,10,0,0,0,0,0,0,6090129407,6178209791,6186598399,6087742467.72,550
1781842405,0,145550,0,392.59,549.72,1323007,204210175,10561257471,20484980735,22431137791,187904,23169335295,5446167938.63,7223547722.29,145550,10,10,10,0,0,0,0,0,0,6593445887,6685720575,6694109183,6592469759.07,550
1781842406,0,146458,0,393.98,908.89,1332223,381157375,10468982783,20468203519,22431137791,187904,23169335295,5457732542.41,7202640781.26,146458,10,10,10,0,0,0,0,0,0,7163871231,7692353535,7709130751,7311507961.23,908
1781842407,0,147200,0,394.91,741.45,1339391,494141439,10410262527,20451426303,22431137791,187904,23169335295,5470369255.77,7186680383.85,147200,10,10,10,0,0,0,0,0,0,8078229503,8199864319,8208252927,7964638481.25,742
1781842408,0,147750,0,395.32,549.93,1344511,539492351,10359930879,20434649087,22431137791,187904,23169335295,5482041479.60,7175833668.64,147750,10,10,10,0,0,0,0,0,0,8606711807,8698986495,8707375103,8605953020.28,550
1781842409,0,148300,0,395.74,550.30,1349631,583532543,10309599231,20434649087,22431137791,187904,23169335295,5495557000.69,7165940402.96,148300,10,10,10,0,0,0,0,0,0,9135194111,9219080191,9227468799,9126317439.53,550
1781842410,0,149400,0,397.61,1099.56,1358847,711983103,10234101759,20401094655,22431137791,187904,23169335295,5527962092.87,7149453696.17,149400,10,10,10,0,0,0,0,0,0,9747562495,10234101759,10250878975,9896757702.28,1100
1781842411,0,149950,0,398.02,549.92,1363967,783810559,10359930879,20401094655,22431137791,187904,23169335295,5546756130.59,7143050002.32,149950,10,10,10,0,0,0,0,0,0,10653532159,10745806847,10754195455,10651900194.44,550
1781842412,0,150500,0,398.42,550.28,1368063,886571007,10502537215,20401094655,22431137791,187904,23169335295,5567284661.21,7138039396.53,150500,10,10,10,0,0,0,0,0,0,11173625855,11257511935,11265900543,11164108598.92,550
1781842413,0,151600,0,400.27,1100.03,1376255,1018167295,10670309375,20384317439,22414360575,187904,23169335295,5613153511.42,7132332261.77,151600,10,10,10,0,0,0,0,0,0,11769217023,12213813247,12230590463,11888846200.09,1100
1781842414,0,152700,0,402.11,1099.52,1384447,1117782015,10863247359,20367540223,22414360575,187904,23169335295,5662210549.91,7129899252.55,152700,10,10,10,0,0,0,0,0,0,12423528447,12608077823,12633243647,12423162399.65,1100
1781842415,0,153800,0,403.95,1100.26,1391615,1256194047,11106516991,20350763007,22414360575,187904,23169335295,5712400447.53,7128934307.61,153800,10,10,10,0,0,0,0,0,0,12675186687,12893290495,12910067711,12679670780.28,1100
1781842416,0,154900,0,405.77,1099.86,1398783,1451229183,11249123327,20333985791,22414360575,187904,23169335295,5764904776.47,7130658770.45,154900,10,10,10,0,0,0,0,0,0,13111394303,13262389247,13279166463,13105964586.82,1100
1781842417,0,156000,0,407.58,1100.32,1405951,1563426815,11517558783,20317208575,22414360575,187904,23169335295,5818845664.84,7134251545.25,156000,10,10,10,0,0,0,0,0,0,13421772799,13564379135,13581156351,13414703491.26,1100
1781842418,0,157100,0,409.39,1099.79,1412095,1657798655,11693719551,20283654143,22397583359,187904,23169335295,5874968575.88,7140587794.92,157100,10,10,10,0,0,0,0,0,0,13832814591,14050918399,14067695615,13834217777.34,1100
1781842419,0,158436,0,411.80,1336.75,1422335,1887436799,11987320831,20266876927,22397583359,187904,23169335295,5946655567.38,7152803075.21,158436,10,10,10,0,0,0,0,0,0,14386462719,14663286783,14680063999,14376316020.50,1336
1781842420,0,159300,0,412.97,863.65,1428479,2009071615,12121538559,20250099711,22397583359,187904,23169335295,5994163174.45,7162338400.35,159300,10,10,10,0,0,0,0,0,0,14755561471,14906556415,14923333631,14705870620.44,864
1781842421,0,160400,0,414.75,1100.14,1435647,2104492031,12289310719,20216545279,22397583359,187904,23169335295,6057204613.36,7177949520.75,160400,10,10,10,0,0,0,0,0,0,15183380479,15401484287,15418261503,15186751175.21,1100
1781842422,0,161500,0,416.51,1099.68,1441791,2241855487,12423528447,20199768063,22397583359,187904,23169335295,6122732753.81,7197103237.41,161500,10,10,10,0,0,0,0,0,0,15669919743,15896412159,15913189375,15677927051.64,1100
1781842423,0,162600,0,418.27,1100.55,1447935,2443182079,12532580351,20199768063,22397583359,187904,23169335295,6190486793.39,7219555086.31,162600,10,10,10,0,0,0,0,0,0,16148070399,16341008383,16357785599,16138011696.41,1100
1781842424,0,163700,0,420.02,1099.46,1455103,2560622591,12633243647,20182990847,22380806143,187904,23169335295,6260399005.88,7245298963.56,163700,10,10,10,0,0,0,0,0,0,16592666623,16810770431,16827547647,16594695141.93,1100
1781842425,0,164800,0,421.76,1100.52,1461247,2654994431,12792627199,20166213631,22380806143,187904,23169335295,6332663123.05,7274698728.54,164800,10,10,10,0,0,0,0,0,0,17079205887,17314086911,17330864127,17086877651.32,1100
1781842426,0,165900,0,423.49,1099.14,1467391,2818572287,12952010751,20149436415,22380806143,187904,23169335295,6406883670.97,7307239862.28,165900,10,10,10,0,0,0,0,0,0,17532190719,17733517311,17750294527,17526471214.55,1100
1781842427,0,167000,0,425.21,1099.98,1473535,2990538751,13086228479,20132659199,22380806143,187904,23169335295,6483238586.51,7343259040.75,167000,10,10,10,0,0,0,0,0,0,18001952767,18220056575,18236833791,17998948121.13,1100
1781842428,0,168100,0,426.93,1100.13,1480703,3084910591,13203668991,20099104767,22380806143,187904,23169335295,6561762619.75,7382874245.20,168100,10,10,10,0,0,0,0,0,0,18488492031,18706595839,18723373055,18483138574.89,1100
1781842429,0,169200,0,428.63,1100.14,1486847,3179282431,13346275327,20082327551,22364028927,187904,23169335295,6642472165.62,7426174321.77,169200,10,10,10,0,0,0,0,0,0,18975031295,19193135103,19209912319,18976358221.27,1100
1781842430,0,170300,0,430.33,1100.13,1494015,3361734655,13463715839,20065550335,22364028927,187904,23169335295,6725339947.10,7473169074.94,170300,10,10,10,0,0,0,0,0,0,19478347775,19696451583,19713228799,19471911425.86,1100
1781842431,0,171400,0,432.02,1099.69,1501183,3519021055,13606322175,20115881983,22364028927,187904,23169335295,6810283006.55,7523763540.26,171400,10,10,10,0,0,0,0,0,0,19964887039,20182990847,20199768063,19961013028.31,1100
1781842432,0,172500,0,433.70,1100.26,1508351,3623878655,13774094335,20317208575,22364028927,187904,23169335295,6897243163.74,7577894054.22,172500,10,10,10,0,0,0,0,0,0,20451426303,20669530111,20686307327,20447216747.99,1100
1781842433,0,173600,0,435.37,1100.21,1516543,3751804927,13933477887,20518535167,22347251711,187904,23169335295,6986120417.03,7635409024.73,173600,10,10,10,0,0,0,0,0,0,20921188351,21139292159,21156069375,20923689682.39,1100
1781842434,0,174700,0,437.03,1099.76,1525759,3946840063,14101250047,20719861759,22347251711,187904,23169335295,7076950099.03,7696395650.43,174700,10,10,10,0,0,0,0,0,0,21407727615,21625831423,21642608639,21411525367.62,1100
1781842435,0,175800,0,438.69,1100.39,1533951,4068474879,14252244991,20904411135,22347251711,187904,23169335295,7169649942.83,7760718656.62,175800,10,10,10,0,0,0,0,0,0,21894266879,22112370687,22129147903,21892070589.91,1100
1781842436,0,176543,0,439.44,743.22,1541119,4133486591,14378074111,21038628863,22397583359,187904,23169335295,7233487294.14,7806381971.20,176543,10,10,10,0,0,0,0,0,0,22296920063,22615687167,22615687167,22337937308.77,743
1781842437,0,177450,0,440.60,906.31,1548287,4248829951,14487126015,21206401023,22565355519,187904,23169335295,7312197913.34,7863468083.14,177450,10,10,10,0,0,0,0,0,0,22682796031,22850568191,22867345407,22632825084.90,907
1781842438,0,178647,0,442.48,1197.91,1560575,4466933759,14629732351,21424504831,22800236543,187904,23521656831,7418168483.79,7942591609.08,178647,10,10,10,0,0,0,0,0,0,23119003647,23504879615,23521656831,23127840769.71,1197
1781842439,0,179805,0,444.25,1157.95,1574911,4580179967,14797504511,21625831423,23119003647,187904,23974641663,7522268573.40,8021878180.54,179805,10,10,10,0,0,0,0,0,0,23571988479,23957864447,23974641663,23581999754.83,1158
1781842440,0,180750,0,445.48,944.73,1590271,4664066047,14914945023,21810380799,23471325183,187904,24209522687,7608327223.68,8088470765.26,180750,10,10,10,0,0,0,0,0,0,24024973311,24192745471,24209522687,23982692952.31,945
1781842441,0,181894,0,447.20,1144.33,1613823,4827643903,15082717183,22011707391,23924310015,187904,24880611327,7714302547.99,8172298427.08,181894,10,10,10,0,0,0,0,0,0,24461180927,24662507519,24880611327,24458218517.48,1144
1781842442,0,182950,0,448.69,1055.78,1644543,4999610367,15242100735,22213033983,24394072063,187904,25132269567,7813422236.87,8251870513.18,182950,10,10,10,0,0,0,0,0,0,24914165759,25098715135,25115492351,24886600921.21,1056
1781842443,0,184050,0,450.28,1099.44,1670143,5100273663,15393095679,22414360575,24813502463,187904,25618808831,7918384539.96,8337796798.42,184050,10,10,10,0,0,0,0,0,0,25367150591,25602031615,25618808831,25375523947.99,1100
1781842444,0,185150,0,451.87,1100.72,1691647,5213519871,15560867839,22615687167,25283264511,187904,26105348095,8025015165.25,8426646542.60,185150,10,10,10,0,0,0,0,0,0,25853689855,26088570879,26105348095,25866257515.99,1100
1781842445,0,186250,0,453.45,1099.65,1710079,5419040767,15720251391,22817013759,25769803775,187904,26591887359,8133274644.54,8518322232.99,186250,10,10,10,0,0,0,0,0,0,26357006335,26575110143,26591887359,26355313362.39,1100
1781842446,0,187350,0,455.02,1099.47,1726463,5553258495,15879634943,23102226431,26256343039,187904,27095203839,8243145928.54,8612772312.03,187350,10,10,10,0,0,0,0,0,0,26843545599,27061649407,27078426623,26846351970.68,1100
1781842447,0,188450,0,456.58,1100.12,1741823,5653921791,16039018495,23504879615,26742882303,187904,27581743103,8354588061.60,8709891137.51,188450,10,10,10,0,0,0,0,0,0,27330084863,27548188671,27564965887,27335209540.89,1100
1781842448,0,189550,0,458.13,1100.18,1757183,5821693951,16181624831,23924310015,27229421567,187904,28051505151,8467514836.09,8809471357.30,189550,10,10,10,0,0,0,0,0,0,27816624127,28017950719,28034727935,27813924521.43,1100
1781842449,0,190650,0,459.68,1100.57,1769471,6006243327,16332619775,24377294847,27715960831,187904,28487712767,8581669025.85,8910927733.54,190650,10,10,10,0,0,0,0,0,0,28252831743,28470935551,28487712767,28252511451.69,1100
1781842450,0,191750,0,461.22,1099.86,1780735,6102712319,16500391935,24796725247,28135391231,187904,28991029247,8697330490.85,9014865740.74,191750,10,10,10,0,0,0,0,0,0,28739371007,28957474815,28974252031,28743565312.00,1100
1781842451,0,192850,0,462.76,1099.91,1790975,6220152831,16659775487,25249710079,28621930495,187904,29460791295,8814412193.68,9121071313.13,192850,10,10,10,0,0,0,0,0,0,29225910271,29444014079,29460791295,29223881754.07,1100
1781842452,0,193950,0,464.28,1099.73,1800191,6434062335,16810770431,25719472127,29108469759,187904,29930553343,8932813154.93,9229298804.70,193950,10,10,10,0,0,0,0,0,0,29695672319,29913776127,29930553343,29690654407.21,1100
1781842453,0,195050,0,465.80,1100.43,1811455,6564085759,16961765375,26189234175,29561454591,187904,30433869823,9052631045.28,9339752251.09,195050,10,10,10,0,0,0,0,0,0,30165434367,30400315391,30417092607,30178703620.65,1100
1781842454,0,196150,0,467.31,1099.97,1822719,6664749055,17121148927,26658996223,30047993855,187904,30870077439,9173756493.92,9452162049.92,196150,10,10,10,0,0,0,0,0,0,30651973631,30853300223,30870077439,30651500819.55,1100
1781842455,0,197250,0,468.81,1099.58,1837055,6824132607,17280532479,27128758271,30534533119,187904,31356616703,9296134028.41,9566387675.97,197250,10,10,10,0,0,0,0,0,0,31121735679,31339839487,31356616703,31118273472.70,1100
1781842456,0,197590,0,468.51,339.97,1838079,6769606655,17263755263,27111981055,30534533119,187904,31356616703,9280838347.98,9565264136.51,197590,10,10,10,0,0,0,0,0,0,299892735,1084227583,1134559231,407094336.56,340
1781842457,0,197790,0,467.87,200.07,1828863,6744440831,17246978047,27111981055,30534533119,187904,31356616703,9271454497.66,9564975534.69,197790,10,10,10,0,0,0,0,0,0,678911,1042431,1169407,679573.44,200
1781842458,0,197990,0,467.24,199.96,1823743,6702497791,17246978047,27111981055,30534533119,187904,31356616703,9262089917.34,9564678026.84,197990,10,10,10,0,0,0,0,0,0,769535,2779135,3405823,988212.80,200
1781842459,0,198190,0,466.61,200.08,1816575,6681526271,17230200831,27095203839,30534533119,187904,31356616703,9252743995.04,9564372203.26,198190,10,10,10,0,0,0,0,0,0,696319,1164287,2793471,748208.96,200
1781842460,0,198390,0,465.99,199.86,1810431,6660554751,17230200831,27078426623,30534533119,187904,31356616703,9243416895.47,9564057901.50,198390,10,10,10,0,0,0,0,0,0,707071,1063935,1160191,727579.84,200
1781842461,0,198590,0,465.36,200.05,1805311,6643777535,17213423615,27078426623,30534533119,187904,31356616703,9234108523.63,9563735210.51,198590,10,10,10,0,0,0,0,0,0,668671,1016831,1094655,669080.64,200
1781842462,0,198790,0,464.74,200.08,1800191,6622806015,17196646399,27078426623,30534533119,187904,31356616703,9224819308.95,9563403713.29,198790,10,10,10,0,0,0,0,0,0,788991,3393535,4657151,1093586.88,200
1781842463,0,198990,0,464.12,199.83,1799167,6606028799,17196646399,27078426623,30534533119,187904,31356616703,9215549654.76,9563063019.59,198990,10,10,10,0,0,0,0,0,0,1892351,3602431,3665919,1976872.96,200
1781842464,0,199190,0,463.51,200.18,1797119,6589251583,17179869183,27061649407,30534533119,187904,31356616703,9206298579.36,9562714073.98,199190,10,10,10,0,0,0,0,0,0,1887231,3469311,3637247,1941113.60,200
1781842465,0,199390,0,462.90,199.92,1796095,6572474367,17171480575,27061649407,30534533119,187904,31356616703,9197066117.65,9562356839.88,199390,10,10,10,0,0,0,0,0,0,1878015,3624959,3688447,1995872.00,200
1781842466,0,199590,0,462.29,199.95,1795071,6551502847,17163091967,27061649407,30534533119,187904,31356616703,9187852167.20,9561991412.83,199590,10,10,10,0,0,0,0,0,0,2031615,3614719,3676159,2004266.88,200
1781842467,0,199790,0,461.68,200.08,1794047,6534725631,17154703359,27061649407,30534533119,187904,31356616703,9178656763.85,9561617755.60,199790,10,10,10,0,0,0,0,0,0,1896447,3579903,3667967,2103996.16,200
1781842468,0,199990,0,461.08,199.88,1793023,6517948415,17146314751,27044872191,30534533119,187904,31356616703,9169479637.08,9561236124.31,199990,10,10,10,0,0,0,0,0,0,1974271,3594239,3655679,1988845.44,200
1781842469,0,200190,0,460.48,200.06,1790975,6501171199,17137926143,27044872191,30534533119,187904,31356616703,9160320841.38,9560846463.47,200190,10,10,10,0,0,0,0,0,0,1912831,3586047,3670015,1983083.52,200
1781842470,0,200390,0,459.88,200.06,1789951,6463422463,17129537535,27044872191,30534533119,187904,31356616703,9151180371.59,9560448774.86,200390,10,10,10,0,0,0,0,0,0,1898495,3436543,3690495,2027133.44,200
1781842471,0,200590,0,459.29,199.92,1785855,6425673727,17121148927,27044872191,30534533119,187904,31356616703,9142057079.89,9560044152.53,200590,10,10,10,0,0,0,0,0,0,779263,2975743,3649535,974964.48,200
1781842472,0,200790,0,458.69,200.00,1779711,6383730687,17112760319,27028094975,30534533119,187904,31356616703,9132951696.00,9559631893.35,200790,10,10,10,0,0,0,0,0,0,715263,1123327,1279999,706925.76,200
1781842473,0,200990,0,458.10,200.02,1774591,6345981951,17104371711,27028094975,30517755903,187904,31356616703,9123864407.89,9559211813.81,200990,10,10,10,0,0,0,0,0,0,682495,1037311,1147903,681505.60,200
1781842474,0,201190,0,457.52,200.11,1769471,6312427519,17087594495,27028094975,30517755903,187904,31356616703,9114795530.09,9558783610.52,201190,10,10,10,0,0,0,0,0,0,815103,2777087,3422207,1026785.28,200
1781842475,0,201390,0,456.93,199.89,1763327,6270484479,17079205887,27028094975,30517755903,187904,31356616703,9105744380.48,9558347930.62,201390,10,10,10,0,0,0,0,0,0,697855,1080319,2729983,740433.28,200
1781842476,0,201590,0,456.35,200.01,1756159,6236930047,17070817279,27011317759,30517755903,187904,31356616703,9096711122.44,9557904614.30,201590,10,10,10,0,0,0,0,0,0,673279,1034239,1060863,671936.96,200
1781842477,0,201790,0,455.77,200.06,1753087,6194987007,17062428671,27011317759,30517755903,187904,31356616703,9087697044.35,9557452432.99,201790,10,10,10,0,0,0,0,0,0,1680383,4063231,7270399,1957031.04,200
1781842478,0,201990,0,455.20,200.02,1752063,6169821183,17045651455,27011317759,30517755903,187904,31356616703,9078700876.88,9556992591.93,201990,10,10,10,0,0,0,0,0,0,1979391,3645439,3706879,2017708.16,200
1781842479,0,202190,0,454.62,200.02,1750015,6157238271,17037262847,27011317759,30517755903,187904,31356616703,9069722464.93,9556525234.76,202190,10,10,10,0,0,0,0,0,0,1905663,3583999,3682303,1975316.48,200
1781842480,0,202390,0,454.05,199.88,1748991,6136266751,17028874239,26994540543,30517755903,187904,31356616703,9060761852.67,9556050315.79,202390,10,10,10,0,0,0,0,0,0,1890303,3553279,3653631,2030883.84,200
1781842481,0,202590,0,453.48,199.99,1746943,6115295231,17020485631,26994540543,30517755903,187904,31356616703,9051818888.83,9555567974.47,202590,10,10,10,0,0,0,0,0,0,1878015,3602431,3674111,1986639.36,200
1781842482,0,202790,0,452.92,199.94,1743871,6098518015,17012097023,26994540543,30517755903,187904,31356616703,9042893541.87,9555078236.72,202790,10,10,10,0,0,0,0,0,0,1919999,3411967,3657727,1963331.20,200
1781842483,0,202990,0,452.35,200.04,1741823,6085935103,17003708415,26994540543,30517755903,187904,31356616703,9033985797.50,9554581112.04,202990,10,10,10,0,0,0,0,0,0,1916927,3553279,3676159,1978397.44,200
1781842484,0,203190,0,451.79,199.96,1739775,6064963583,16995319807,26977763327,30517755903,187904,31356616703,9025095615.14,9554076634.82,203190,10,10,10,0,0,0,0,0,0,1955839,3631103,3733503,2005030.40,200
1781842485,0,203390,0,451.23,200.18,1737727,6048186367,16986931199,26977763327,30517755903,187904,31356616703,9016222902.38,9553564888.31,203390,10,10,10,0,0,0,0,0,0,1973247,3631103,3706879,1990372.48,200
1781842486,0,203590,0,450.68,200.01,1736703,6027214847,16978542591,26977763327,30517755903,187904,31356616703,9007367621.21,9553045904.22,203590,10,10,10,0,0,0,0,0,0,1956863,3596287,3684351,1989437.44,200
1781842487,0,203790,0,450.12,199.81,1735679,6014631935,16961765375,26977763327,30517755903,187904,31356616703,8998529686.43,9552519758.68,203790,10,10,10,0,0,0,0,0,0,1986559,3416063,3694591,1953975.68,200
1781842488,0,203990,0,449.57,200.07,1732607,5989466111,16953376767,26960986111,30517755903,187904,31356616703,8989709125.44,9551986421.66,203990,10,10,10,0,0,0,0,0,0,1900543,3635199,3710975,1998501.12,200
1781842489,0,204190,0,449.02,200.03,1731583,5955911679,16944988159,26960986111,30517755903,187904,31356616703,8980905863.66,9551445959.16,204190,10,10,10,0,0,0,0,0,0,2001919,3629055,3704831,2019015.04,200
1781842490,0,204390,0,448.48,199.91,1729535,5918162943,16936599551,26960986111,30517755903,187904,31356616703,8972119806.34,9550898456.02,204390,10,10,10,0,0,0,0,0,0,1912831,3440639,3729407,1994579.20,200
1781842491,0,204590,0,447.93,200.05,1727487,5884608511,16928210943,26960986111,30517755903,187904,31356616703,8963350924.80,9550343934.71,204590,10,10,10,0,0,0,0,0,0,1910783,3608575,3672063,1992442.88,200
1781842492,0,204790,0,447.39,200.05,1725439,5851054079,16919822335,26944208895,30517755903,187904,31356616703,8954599158.96,9549782447.27,204790,10,10,10,0,0,0,0,0,0,2024447,3563519,3739647,1980290.56,200
1781842493,0,204990,0,446.85,200.00,1723391,5817499647,16911433727,26944208895,30517755903,187904,31356616703,8945864466.47,9549214028.94,204990,10,10,10,0,0,0,0,0,0,1869823,3559423,3647487,1976094.72,200
1781842494,0,205190,0,446.31,200.03,1722367,5775556607,16903045119,26944208895,30500978687,187904,31356616703,8937146794.41,9548638724.81,205190,10,10,10,0,0,0,0,0,0,1864703,3418111,3665919,1968812.80,200
1781842495,0,205390,0,445.78,200.03,1720319,5733613567,16894656511,26944208895,30500978687,187904,31356616703,8928446095.70,9548056574.42,205390,10,10,10,0,0,0,0,0,0,1907711,3485695,3700735,1964254.72,200
1781842496,0,205590,0,445.25,199.86,1719295,5695864831,16894656511,26927431679,30500978687,187904,31356616703,8919762337.51,9547467603.92,205590,10,10,10,0,0,0,0,0,0,1906687,3616767,3719167,1976866.56,200
1781842497,0,205790,0,444.72,200.07,1717247,5674893311,16886267903,26927431679,30500978687,187904,31356616703,8911095585.86,9546871747.40,205790,10,10,10,0,0,0,0,0,0,1979391,3594239,3719167,2108224.00,200
1781842498,0,205990,0,444.19,200.08,1716223,5658116095,16877879295,26927431679,30500978687,187904,31356616703,8902445546.62,9546269274.42,205990,10,10,10,0,0,0,0,0,0,1901567,3602431,3690495,1987672.32,200
1781842499,0,206190,0,443.66,199.85,1714175,5641338879,16869490687,26927431679,30500978687,187904,31356616703,8893812301.89,9545660103.80,206190,10,10,10,0,0,0,0,0,0,1969151,3616767,3676159,2001887.36,200
1781842500,0,206390,0,443.14,200.07,1712127,5624561663,16852713471,26910654463,30500978687,187904,31356616703,8885195828.70,9545044252.37,206390,10,10,10,0,0,0,0,0,0,1912831,3436543,3670015,2042797.44,200
1781842501,0,206590,0,442.62,200.01,1711103,5603590143,16844324863,26910654463,30500978687,187904,31356616703,8876595967.20,9544421864.00,206590,10,10,10,0,0,0,0,0,0,2014207,3450879,3690495,1968896.64,200
1781842502,0,206790,0,442.10,200.07,1709055,5586812927,16827547647,26910654463,30500978687,187904,31356616703,8868012751.60,9543792902.10,206790,10,10,10,0,0,0,0,0,0,1918975,3557375,3684351,1980197.12,200
1781842503,0,206990,0,441.59,199.99,1707007,5565841407,16819159039,26910654463,30500978687,187904,31356616703,8859446087.63,9543157449.42,206990,10,10,10,0,0,0,0,0,0,1897471,3452927,3674111,1943868.16,200
1781842504,0,207190,0,441.07,199.86,1704959,5549064191,16802381823,26893877247,30500978687,187904,31356616703,8850895974.56,9542515501.74,207190,10,10,10,0,0,0,0,0,0,1911807,3487743,3708927,1956456.96,200
1781842505,0,207390,0,440.56,200.14,1703935,5532286975,16793993215,26893877247,30500978687,187904,31356616703,8842362368.53,9541867094.89,207390,10,10,10,0,0,0,0,0,0,1959935,3575807,3682303,1973200.00,200
1781842506,0,207590,0,440.05,200.02,1701887,5511315455,16785604607,26893877247,30500978687,187904,31356616703,8833845224.68,9541212265.57,207590,10,10,10,0,0,0,0,0,0,1898495,3622911,3694591,1992907.52,200
1781842507,0,207790,0,439.54,199.91,1696767,5490343935,16777215999,26893877247,30500978687,187904,31356616703,8825343756.20,9540551736.60,207790,10,10,10,0,0,0,0,0,0,884223,3160063,3463167,1244552.00,200
1781842508,0,207990,0,439.04,200.07,1686527,5456789503,16768827391,26893877247,30500978687,187904,31356616703,8816858095.31,9539885379.09,207990,10,10,10,0,0,0,0,0,0,677887,1037311,1094655,680706.56,200
1781842509,0,208190,0,438.53,199.83,1676287,5427429375,16752050175,26877100031,30500978687,187904,31356616703,8808388794.96,9539212676.23,208190,10,10,10,0,0,0,0,0,0,692223,1060863,3227647,739900.16,200
1781842510,0,208390,0,438.03,200.08,1663999,5389680639,16743661567,26877100031,30500978687,187904,31356616703,8799935772.97,9538533699.04,208390,10,10,10,0,0,0,0,0,0,692223,1055743,1086463,762538.24,200
1781842511,0,208590,0,437.53,200.08,1651711,5351931903,16735272959,26877100031,30500978687,187904,31356616703,8791498885.97,9537848574.56,208590,10,10,10,0,0,0,0,0,0,678911,1059839,1093631,684473.28,200
1781842512,0,208790,0,437.03,200.04,1635327,5309988863,16726884351,26877100031,30500978687,187904,31356616703,8783078157.66,9537157275.79,208790,10,10,10,0,0,0,0,0,0,677375,1055743,1095679,679565.44,200
1781842513,0,208990,0,436.54,199.86,1616895,5272240127,16718495743,26860322815,30500978687,187904,31356616703,8774673545.21,9536459837.01,208990,10,10,10,0,0,0,0,0,0,685567,1052671,1084415,678381.44,200
1781842514,0,209190,0,436.05,200.05,1603583,5230297087,16710107135,26843545599,30484201471,187904,31356616703,8766285015.73,9535756283.35,209190,10,10,10,0,0,0,0,0,0,690687,1048575,1081343,691128.96,200
1781842515,0,210759,0,438.40,1569.81,1640447,5070913535,16651386879,26809991167,30484201471,187904,31356616703,8701533318.67,9529573778.33,210759,10,10,10,0,0,0,0,0,0,36208639,277348351,293076991,68386405.49,1569
1781842516,0,211650,0,439.34,890.95,1661951,4995416063,16601055231,26793213951,30484201471,187904,31356616703,8666791091.79,9524502522.28,211650,10,10,10,0,0,0,0,0,0,541065215,634912767,943194111,448792219.73,891
1781842517,0,212730,0,440.67,1079.71,1682431,4802478079,16542334975,26759659519,30484201471,187904,31356616703,8628153771.03,9515687618.86,212730,10,10,10,0,0,0,0,0,0,1162870783,1277165567,1291845631,1056312160.71,1080
1781842518,0,213830,0,442.03,1100.09,1699839,4655677439,16492003327,26742882303,30467424255,187904,31356616703,8592752145.06,9503948386.39,213830,10,10,10,0,0,0,0,0,0,1644167167,1971322879,1979711487,1746399515.00,1100
1781842519,0,214930,0,443.39,1099.52,1715199,4563402751,16441671679,26726105087,30467424255,187904,31356616703,8561204347.23,9489804007.07,214930,10,10,10,0,0,0,0,0,0,2325741567,2650800127,2659188735,2428599247.59,1100
1781842520,0,216030,0,444.74,1099.74,1728511,4433379327,16391340031,26709327871,30467424255,187904,31356616703,8533415268.99,9473587536.64,216030,10,10,10,0,0,0,0,0,0,3001024511,3323985919,3336568831,3103682008.90,1100
1781842521,0,217130,0,446.09,1100.75,1741823,4236247039,16332619775,26675773439,30450647039,187904,31356616703,8509282746.68,9455618029.53,217130,10,10,10,0,0,0,0,0,0,3670015999,3995074559,4003463167,3769874752.23,1100
1781842522,0,218230,0,447.43,1099.62,1754111,4240441343,16290676735,26658996223,30450647039,187904,31356616703,8488200344.46,9436413680.22,218230,10,10,10,0,0,0,0,0,0,4242538495,4538236927,4546625535,4326725803.29,1100
1781842523,0,219330,0,448.76,1099.59,1766399,4424990719,16240345087,26642219007,30450647039,187904,31356616703,8470491670.33,9416033121.69,219330,10,10,10,0,0,0,0,0,0,4852809727,5179965439,5192548351,4957251710.60,1100
1781842524,0,220430,0,450.09,1100.93,1776639,4500488191,16181624831,26591887359,30417092607,187904,31356616703,8456381055.03,9394630985.03,220430,10,10,10,0,0,0,0,0,0,5540675583,5872025599,5880414207,5642852642.44,1100
1781842525,0,221530,0,451.42,1099.00,1785855,4563402751,16139681791,26558332927,30417092607,187904,31356616703,8445826146.83,9372476839.10,221530,10,10,10,0,0,0,0,0,0,6228541439,6555697151,6568280063,6330718498.44,1100
1781842526,0,222630,0,452.74,1100.54,1795071,4655677439,16089350143,26541555711,30417092607,187904,31356616703,8438382862.27,9349898603.90,222630,10,10,10,0,0,0,0,0,0,6832521215,7163871231,7176454143,6939373016.90,1100
1781842527,0,223730,0,454.05,1100.32,1805311,4760535039,16039018495,26524778495,30400315391,187904,31356616703,8434347722.16,9327069967.72,223730,10,10,10,0,0,0,0,0,0,7516192767,7843348479,7851737087,7617672046.78,1100
1781842528,0,224830,0,455.36,1099.15,1814527,4836032511,15971909631,26491224063,30400315391,187904,31356616703,8433571231.75,9304239131.87,224830,10,10,10,0,0,0,0,0,0,8183087103,8501854207,8510242815,8275640141.27,1100
1781842529,0,225930,0,456.66,1100.43,1825791,4995416063,15913189375,26474446847,30400315391,187904,31356616703,8435962947.10,9281632289.75,225930,10,10,10,0,0,0,0,0,0,8824815615,9151971327,9160359935,8924807823.36,1100
1781842530,0,227030,0,457.96,1099.62,1837055,5079302143,15879634943,26457669631,30400315391,187904,31356616703,8441538392.77,9259471240.08,227030,10,10,10,0,0,0,0,0,0,9495904255,9806282751,9814671359,9586684246.57,1100
1781842531,0,228130,0,459.25,1100.83,1848319,5138022399,15829303295,26440892415,30383538175,187904,31356616703,8450281814.14,9237982507.57,228130,10,10,10,0,0,0,0,0,0,10158604287,10485759999,10494148607,10254844499.78,1100
1781842532,0,229230,0,460.54,1100.00,1859583,5200936959,15778971647,26407337983,30383538175,187904,31356616703,8462149800.66,9217383460.96,229230,10,10,10,0,0,0,0,0,0,10821304319,11148460031,11165237247,10923462313.43,1100
1781842533,0,230330,0,461.82,1100.00,1871871,5402263551,15720251391,26390560767,30383538175,187904,31356616703,8477150977.48,9197904554.51,230330,10,10,10,0,0,0,0,0,0,11509170175,11827937279,11836325887,11603259853.73,1100
1781842534,0,231229,0,462.70,899.17,1884159,5469372415,15669919743,26357006335,30383538175,187904,31356616703,8491783722.69,9183000786.73,231229,10,10,10,0,0,0,0,0,0,12146704383,12490637311,12507414527,12240793959.94,899
1781842535,0,232348,0,464.01,1119.01,1904639,5532286975,15619588095,26323451903,30383538175,187904,31356616703,8512458194.75,9165696544.04,232348,10,10,10,0,0,0,0,0,0,12750684159,13119782911,13136560127,12784609669.83,1119
1781842536,0,233080,0,464.54,731.68,1925119,5595201535,15586033663,26306674687,30366760959,187904,31356616703,8527523882.91,9155232958.96,233080,10,10,10,0,0,0,0,0,0,13388218367,13463715839,13472104447,13309603817.62,732
1781842537,0,234434,0,466.31,1354.58,1990655,5746196479,15518924799,26289897471,30366760959,187904,31356616703,8559008471.09,9138115536.47,234434,10,10,10,0,0,0,0,0,0,14008975359,14394851327,14411628543,13978822217.36,1354
1781842538,0,235280,0,467.06,845.26,2013183,5813305343,15476981759,26273120255,30366760959,187904,31356616703,8580556295.45,9128727937.48,235280,10,10,10,0,0,0,0,0,0,14646509567,14738784255,14747172863,14551646905.19,846
1781842539,0,236380,0,468.32,1100.17,2035711,5897191423,15426650111,26239565823,30366760959,187904,31356616703,8611302108.00,9118563693.55,236380,10,10,10,0,0,0,0,0,0,15091105791,15418261503,15426650111,15187551905.98,1100
1781842540,0,238580,0,471.74,2199.42,2070527,6123683839,15678308351,26206011391,30349983743,187904,31356616703,8677721689.38,9102504188.72,238580,10,10,10,0,0,0,0,0,0,15829303295,15980298239,16005464063,15814203801.60,2200
1781842541,0,239680,0,472.98,1099.96,2086911,6182404095,15770583039,26172456959,30349983743,187904,31356616703,8712244705.27,9095819634.94,239680,10,10,10,0,0,0,0,0,0,16114515967,16408117247,16416505855,16199973005.50,1100
1781842542,0,240780,0,474.22,1100.19,2101247,6312427519,15846080511,26155679743,30349983743,187904,31356616703,8749254062.30,9091453353.97,240780,10,10,10,0,0,0,0,0,0,16726884351,17020485631,17037262847,16813256510.37,1100
1781842543,0,241880,0,475.45,1100.64,2111487,6471811071,15896412159,26138902527,30333206527,187904,31356616703,8789190273.25,9089993774.13,241880,10,10,10,0,0,0,0,0,0,17381195775,17817403391,17817403391,17530863794.73,1100
1781842544,0,242647,0,476.02,767.20,2119679,6517948415,15946743807,26088570879,30333206527,187904,31356616703,8819360123.71,9091422544.73,242647,10,10,10,0,0,0,0,0,0,18253611007,18656264191,18673041407,18333680107.31,767
1781842545,0,243530,0,476.81,882.13,2129919,6564085759,16013852671,26071793663,30333206527,187904,31356616703,8855711054.20,9094919333.30,243530,10,10,10,0,0,0,0,0,0,18975031295,19075694591,19075694591,18844889120.47,883
1781842546,0,244630,0,478.03,1100.32,2142207,6656360447,16097738751,26055016447,30333206527,187904,31356616703,8904094516.30,9102969196.89,244630,10,10,10,0,0,0,0,0,0,19495124991,19864223743,19881000959,19615753175.04,1100
1781842547,0,245730,0,479.25,1100.11,2156543,6752829439,16240345087,26038239231,30316429311,187904,31356616703,8955676420.92,9115098359.15,245730,10,10,10,0,0,0,0,0,0,20283654143,20686307327,20703084543,20427023080.73,1100
1781842548,0,246280,0,479.38,549.95,2164735,6786383871,16299065343,26021462015,30316429311,187904,31356616703,8982688709.32,9122799653.33,246280,10,10,10,0,0,0,0,0,0,21055406079,21122514943,21122514943,21051288036.07,550
1781842549,0,247380,0,480.59,1099.80,2179071,6908018687,16391340031,26004684799,30316429311,187904,31356616703,9039157152.96,9141636796.86,247380,10,10,10,0,0,0,0,0,0,21541945343,21944598527,21961375743,21681928333.50,1100
1781842550,0,248480,0,481.79,1100.61,2191359,7046430719,16517169151,25987907583,30316429311,187904,31356616703,9098755003.85,9165073927.18,248480,10,10,10,0,0,0,0,0,0,22347251711,22783459327,22783459327,22501769871.36,1100
1781842551,0,249030,0,481.92,549.82,2199551,7075790847,16601055231,25971130367,30299652095,187904,31356616703,9129777295.44,9178662937.06,249030,10,10,10,0,0,0,0,0,0,23152558079,23202889727,23219666943,23145084592.87,550
1781842552,0,250130,0,483.12,1099.60,2213887,7134511103,16693329919,25954353151,30299652095,187904,31356616703,9194193820.00,9209612906.43,250130,10,10,10,0,0,0,0,0,0,23639097343,24058527743,24058527743,23777509376.00,1100
1781842553,0,251230,0,484.30,1100.10,2230271,7197425663,16802381823,25920798719,30299652095,187904,31356616703,9261590218.47,9245467675.95,251230,10,10,10,0,0,0,0,0,0,24444403711,24847056895,24863834111,24586918535.91,1100
1781842554,0,251780,0,484.43,550.45,2238463,7285506047,16894656511,25920798719,30299652095,187904,31356616703,9296423192.72,9265321465.44,251780,10,10,10,0,0,0,0,0,0,25216155647,25266487295,25283264511,25207492503.74,550
1781842555,0,252880,0,485.61,1099.00,2263039,7428112383,16978542591,26021462015,30299652095,187904,31356616703,9368235953.25,9308778978.29,252880,10,10,10,0,0,0,0,0,0,25669140479,26071793663,26088570879,25805523994.07,1100
1781842556,0,253980,0,486.79,1100.90,2308095,7507804159,17087594495,26340229119,30282874879,187904,31356616703,9442836803.09,9357224055.00,253980,10,10,10,0,0,0,0,0,0,26474446847,26843545599,26860322815,26592893992.96,1100
1781842557,0,254562,0,486.97,582.11,2326527,7558135807,17171480575,26424115199,30282874879,187904,31356616703,9483494402.15,9385033810.52,254562,10,10,10,0,0,0,0,0,0,27212644351,27648851967,27648851967,27226135309.20,582
1781842558,0,255630,0,488.08,1067.68,2355199,7654604799,17297309695,26759659519,30282874879,187904,31356616703,9560022999.46,9439651512.41,255630,10,10,10,0,0,0,0,0,0,27950841855,28068282367,28085059583,27800915124.25,1068
1781842559,0,256730,0,489.25,1099.97,2379775,7755268095,17364418559,27011317759,30282874879,187904,31356616703,9641769338.93,9501492687.05,256730,10,10,10,0,0,0,0,0,0,28504489983,28907143167,28907143167,28638875484.16,1100
1781842560,0,257413,0,489.62,683.21,2394111,7805599743,17465081855,27195867135,30266097663,187904,31356616703,9694054862.72,9542876756.13,257413,10,10,10,0,0,0,0,0,0,29276241919,29712449535,29729226751,29347440690.98,683
1781842561,0,258380,0,490.52,966.72,2410495,7897874431,17582522367,27464302591,30266097663,187904,31356616703,9769495749.85,9604208619.12,258380,10,10,10,0,0,0,0,0,0,29964107775,30064771071,30081548287,29851672669.19,967
1781842562,0,259480,0,491.68,1099.24,2424831,8057257983,17733517311,27682406399,30517755903,187904,31356616703,9857929481.10,9679201436.55,259480,10,10,10,0,0,0,0,0,0,30500978687,30886854655,30903631871,30630209007.24,1100
1781842563,0,260580,0,492.83,1101.01,2439167,8107589631,17817403391,28017950719,30836523007,187904,31692161023,9948974997.33,9759456045.41,260580,10,10,10,0,0,0,0,0,0,31306285055,31675383807,31692161023,31425784589.96,1100
1781842564,0,261130,0,492.94,549.55,2445311,8136949759,17884512255,28085059583,30953963519,187904,32078036991,9995439217.48,9801491301.81,261130,10,10,10,0,0,0,0,0,0,32010928127,32078036991,32078036991,32009341918.49,550
1781842565,0,262230,0,494.08,1100.75,2457599,8204058623,18052284415,28437381119,31255953407,187904,32833011711,10090204092.42,9889299046.46,262230,10,10,10,0,0,0,0,0,0,32497467391,32816234495,32833011711,32586523904.93,1100
1781842566,0,263330,0,495.22,1100.09,2473983,8367636479,18186502143,28772925439,31977373695,187904,33705426943,10187629281.01,9982617265.82,263330,10,10,10,0,0,0,0,0,0,33252442111,33688649727,33705426943,33412908557.03,1100
1781842567,0,263880,0,495.32,549.80,2482175,8413773823,18220056575,28856811519,32380026879,187904,34141634559,10237427913.94,10031564125.03,263880,10,10,10,0,0,0,0,0,0,34091302911,34141634559,34141634559,34080107933.32,550
1781842568,0,264980,0,496.46,1099.55,2500607,8501854207,18337497087,29209133055,33151778815,187904,35064381439,10339183262.49,10134031998.20,264980,10,10,10,0,0,0,0,0,0,34594619391,35030827007,35064381439,34749366331.58,1100
1781842569,0,266080,0,497.59,1100.66,2519039,8598323199,18505269247,29427236863,34040971263,187904,35668361215,10443002899.61,10240632844.48,266080,10,10,10,0,0,0,0,0,0,35399925759,35634806783,35668361215,35452209665.86,1100
1781842570,0,267180,0,498.71,1099.38,2535423,8690597887,18605932543,29695672319,34930163711,187904,36373004287,10548530154.92,10350491748.71,267180,10,10,10,0,0,0,0,0,0,35936796671,36339449855,36373004287,36074613875.43,1100
1781842571,0,268280,0,499.83,1100.75,2551807,8757706751,18706595839,29997662207,35567697919,187904,37211865087,10656631787.84,10465754366.67,268280,10,10,10,0,0,0,0,0,0,36775657471,37178310655,37211865087,36913535683.49,1100
1781842572,0,268830,0,499.92,549.70,2557951,8799649791,18790481919,30081548287,35836133375,187904,37614518271,10711645703.03,10525407914.41,268830,10,10,10,0,0,0,0,0,0,37547409407,37614518271,37614518271,37546433279.07,550
1781842573,0,269930,0,501.04,1100.39,2574335,8950644735,18941476863,30433869823,36674994175,187904,38453379071,10823578988.32,10648705201.78,269930,10,10,10,0,0,0,0,0,0,38050725887,38453379071,38453379071,38179056338.39,1100
1781842574,0,270891,0,501.89,961.37,2588671,9059696639,19025362943,30685528063,37178310655,187904,39292239871,10923508726.31,10760934738.50,270891,10,10,10,0,0,0,0,0,0,38856032255,39292239871,39292239871,38992222747.17,961
1781842575,0,271580,0,502.23,688.69,2600959,9093251071,19075694591,30836523007,37916508159,187904,39728447487,10996141055.95,10843346166.11,271580,10,10,10,0,0,0,0,0,0,39661338623,39728447487,39728447487,39552664146.48,689
1781842576,0,272680,0,503.34,1099.80,2623487,9143582719,19226689535,31188844543,38755368959,187904,40567308287,11114306161.21,10979588190.37,272680,10,10,10,0,0,0,0,0,0,40164655103,40567308287,40567308287,40288196421.82,1100
1781842577,0,273780,0,504.44,1100.03,2656255,9143582719,19293798399,31255953407,39191576575,187904,40969961471,11153771147.93,11047842200.56,273780,10,10,10,0,0,0,0,0,0,1483735039,40969961471,40969961471,20936782583.62,1100
1781842578,0,274270,0,504.41,490.15,2668543,9126805503,19260243967,31255953407,39191576575,187904,40969961471,11134809410.11,11047070928.52,274270,10,10,10,0,0,0,0,0,0,542113791,953155583,990904319,540228628.90,490
1781842579,0,275050,0,504.92,780.03,2672639,9084862463,19209912319,31239176191,38889586687,187904,40969961471,11103736007.26,11046777635.91,275050,10,10,10,0,0,0,0,0,0,129368063,542113791,598736895,177451137.31,780
1781842580,0,275550,0,504.91,499.90,2627583,9059696639,19193135103,31239176191,38889586687,187904,40969961471,11083589559.39,11046861009.20,275550,10,10,10,0,0,0,0,0,0,980991,1628159,2172927,1028588.80,500
1781842581,0,276050,0,504.90,500.16,2596863,9034530815,19176357887,31239176191,38889586687,187904,40969961471,11063515974.77,11046907655.87,276050,10,10,10,0,0,0,0,0,0,963583,1565695,2367487,963485.95,500
1781842582,0,276550,0,504.89,499.62,2574335,8950644735,19142803455,31239176191,38889586687,187904,40969961471,11043514987.12,11046917843.97,276550,10,10,10,0,0,0,0,0,0,973311,1581055,1775615,969705.47,500
1781842583,0,277050,0,504.88,500.14,2553855,8866758655,19126026239,31222398975,38889586687,187904,40969961471,11023586239.53,11046891931.05,277050,10,10,10,0,0,0,0,0,0,988159,1626111,1912831,995950.85,500
1781842584,0,277550,0,504.87,500.17,2531327,8808038399,19109249023,31222398975,38889586687,187904,40969961471,11003729379.91,11046830268.44,277550,10,10,10,0,0,0,0,0,0,995839,1696767,2032639,1043463.17,500
1781842585,0,278050,0,504.86,500.12,2508799,8774483967,19075694591,31222398975,38889586687,187904,40969961471,10983943783.01,11046733477.33,278050,10,10,10,0,0,0,0,0,0,953343,1587199,1784831,958942.21,500
1781842586,0,278550,0,504.85,499.70,2482175,8740929535,19075694591,31222398975,38889586687,187904,40969961471,10964229203.46,11046601798.71,278550,10,10,10,0,0,0,0,0,0,942591,1572863,1852415,951518.98,500
1781842587,0,279050,0,504.85,499.97,2461695,8707375103,19058917375,31222398975,38889586687,187904,40969961471,10944585480.76,11046435388.93,279050,10,10,10,0,0,0,0,0,0,983039,1634303,1958911,1067563.90,500
1781842588,0,279550,0,504.84,500.30,2443263,8673820671,19042140159,31205621759,38889586687,187904,40969961471,10925011839.48,11046235011.84,279550,10,10,10,0,0,0,0,0,0,978431,1566719,1816575,962637.95,500
1781842589,0,280050,0,504.83,499.65,2424831,8623489023,19025362943,31205621759,38856032255,187904,40969961471,10905508182.21,11046000758.06,280050,10,10,10,0,0,0,0,0,0,983039,1662975,2824191,1013404.42,500
1781842590,0,280550,0,504.82,500.23,2404351,8577351679,19008585727,31205621759,38856032255,187904,40969961471,10886074101.23,11045733024.37,280550,10,10,10,0,0,0,0,0,0,961535,1593343,2101247,1045345.66,500
1781842591,0,281050,0,504.81,500.02,2379775,8531214335,19008585727,31205621759,38856032255,187904,40969961471,10866710161.94,11045431248.39,281050,10,10,10,0,0,0,0,0,0,1049599,4726783,12607487,1603826.43,500
1781842592,0,281550,0,504.80,499.74,2342911,8501854207,18991808511,31205621759,38856032255,187904,40969961471,10847413914.99,11045097832.41,281550,10,10,10,0,0,0,0,0,0,973823,1650687,1952767,993501.95,500
1781842593,0,282050,0,504.79,500.03,2295807,8459911167,18975031295,31188844543,38856032255,187904,40969961471,10828186112.14,11044732025.96,282050,10,10,10,0,0,0,0,0,0,1001983,1671167,2013183,1010330.11,500
1781842594,0,282550,0,504.79,500.27,2246655,8422162431,18958254079,31188844543,38856032255,187904,40969961471,10809026550.11,11044334019.27,282550,10,10,10,0,0,0,0,0,0,1002495,1662975,2047999,1117606.91,500
1781842595,0,283050,0,504.78,499.62,2222079,8376025087,18941476863,31188844543,38856032255,187904,40969961471,10789934409.37,11043904603.27,283050,10,10,10,0,0,0,0,0,0,951807,1617919,1758207,965675.90,500
1781842596,0,283550,0,504.77,500.10,2201599,8313110527,18924699647,31188844543,38856032255,187904,40969961471,10770909640.76,11043443814.02,283550,10,10,10,0,0,0,0,0,0,991231,1616895,1876991,988131.33,500
1781842597,0,284050,0,504.76,499.94,2183167,8233418751,18891145215,31172067327,38856032255,187904,40969961471,10751951608.37,11042952259.51,284050,10,10,10,0,0,0,0,0,0,712191,1240063,1666047,851443.20,500
1781842598,0,284550,0,504.75,500.43,2166783,8178892799,18874367999,31172067327,38856032255,187904,40969961471,10733063102.58,11042427216.13,284550,10,10,10,0,0,0,0,0,0,988159,17596415,27885567,2502960.26,500
1781842599,0,285050,0,504.74,499.59,2148351,8153726975,18857590783,31155290111,38856032255,187904,40969961471,10714238402.68,11041874230.85,285050,10,10,10,0,0,0,0,0,0,1020415,1823743,4276223,1101689.34,500
1781842600,0,285550,0,504.73,500.04,2129919,8124366847,18824036351,31155290111,38856032255,187904,40969961471,10695479562.02,11041291291.26,285550,10,10,10,0,0,0,0,0,0,1006591,1686527,2006015,1064505.34,500
1781842601,0,286050,0,504.73,500.34,2113535,8103395327,18807259135,31121735679,38856032255,187904,40969961471,10676786212.71,11040678737.98,286050,10,10,10,0,0,0,0,0,0,1019391,1679359,1958911,1014420.22,500
1781842602,0,286550,0,504.72,500.03,2099199,8078229503,18773704703,31104958463,38856032255,187904,40969961471,10658158055.99,11040036843.73,286550,10,10,10,0,0,0,0,0,0,992767,1634303,1795071,989596.54,500
1781842603,0,287050,0,504.71,499.99,2080767,8053063679,18756927487,31088181247,38856032255,187904,40969961471,10639594869.75,11039365806.36,287050,10,10,10,0,0,0,0,0,0,1006591,1681407,3143679,1032837.63,500
1781842604,0,287550,0,504.70,499.62,2058239,8002732031,18723373055,31088181247,38856032255,187904,40969961471,10621096346.18,11038665905.98,287550,10,10,10,0,0,0,0,0,0,946687,1587199,2065407,1093961.34,500
1781842605,0,288050,0,504.69,500.14,2033663,7906263039,18706595839,31071404031,38856032255,187904,40969961471,10602661846.74,11037937738.44,288050,10,10,10,0,0,0,0,0,0,988159,1611775,1900543,981219.07,500
1781842606,0,288550,0,504.68,500.14,2002943,7843348479,18673041407,31071404031,38856032255,187904,40969961471,10584291255.09,11037181396.69,288550,10,10,10,0,0,0,0,0,0,995839,1645567,2000895,993404.67,500
1781842607,0,289050,0,504.68,499.79,1955839,7805599743,18656264191,31054626815,38856032255,187904,40969961471,10565986207.10,11036395298.28,289050,10,10,10,0,0,0,0,0,0,1086463,4927487,30064639,2143011.33,500
1781842608,0,289550,0,504.67,499.85,1903615,7767851007,18656264191,31054626815,38856032255,187904,40969961471,10547742365.31,11035583574.62,289550,10,10,10,0,0,0,0,0,0,987135,1606655,1740799,977428.74,500
1781842609,0,290050,0,504.66,500.02,1879039,7730102271,18639486975,31037849599,38856032255,187904,40969961471,10529561502.17,11034744507.23,290050,10,10,10,0,0,0,0,0,0,1034239,1698815,1923071,1023657.34,500
1781842610,0,290550,0,504.65,500.10,1862655,7679770623,18622709759,31021072383,38856032255,187904,40969961471,10511443246.86,11033878429.38,290550,10,10,10,0,0,0,0,0,0,996351,1661951,1862655,1043341.06,500
1781842611,0,291050,0,504.64,499.93,1848319,7637827583,18605932543,31021072383,38856032255,187904,40969961471,10493387191.31,11032985708.18,291050,10,10,10,0,0,0,0,0,0,999423,1685503,2320383,1013310.21,500
1781842612,0,291550,0,504.64,499.95,1835007,7591690239,18605932543,31004295167,38856032255,187904,40969961471,10475393212.15,11032066439.07,291550,10,10,10,0,0,0,0,0,0,1035263,1930239,3889151,1097945.98,500
1781842613,0,292050,0,504.63,500.18,1819647,7541358591,18589155327,30987517951,38856032255,187904,40969961471,10457460533.12,11031121336.45,292050,10,10,10,0,0,0,0,0,0,916479,1571839,1778687,915388.16,500
1781842614,0,292550,0,504.62,500.22,1807359,7499415551,18572378111,30987517951,38856032255,187904,40969961471,10439589284.06,11030150253.48,292550,10,10,10,0,0,0,0,0,0,948223,1631231,1948671,992707.84,500
1781842615,0,293050,0,504.61,499.64,1795071,7465861119,18555600895,30970740735,38856032255,187904,40969961471,10421778905.06,11029153696.52,293050,10,10,10,0,0,0,0,0,0,927743,1566719,1845247,926156.67,500
1781842616,0,293550,0,504.60,500.15,1783807,7432306687,18555600895,30970740735,38856032255,187904,40969961471,10404029177.26,11028131847.99,293550,10,10,10,0,0,0,0,0,0,909823,1545215,1728511,913708.29,500
1781842617,0,294050,0,504.60,500.12,1771519,7394557951,18538823679,30953963519,38856032255,187904,40969961471,10386339978.81,11027084798.58,294050,10,10,10,0,0,0,0,0,0,938495,1573887,1943551,1011572.35,500
1781842618,0,294550,0,504.59,500.11,1758207,7314866175,18505269247,30937186303,38856032255,187904,40969961471,10368710667.31,11026013128.18,294550,10,10,10,0,0,0,0,0,0,921087,1545215,1797119,912574.59,500
1781842619,0,295050,0,504.58,499.67,1742847,7222591487,18471714815,30937186303,38822477823,187904,40969961471,10351141143.09,11024916904.72,295050,10,10,10,0,0,0,0,0,0,935423,1583103,1862655,934421.89,500
1781842620,0,295550,0,504.57,500.18,1726463,7172259839,18454937599,30920409087,38822477823,187904,40969961471,10333631137.21,11023796355.08,295550,10,10,10,0,0,0,0,0,0,880639,1537023,1673215,976670.08,500
1781842621,0,296050,0,504.56,499.96,1710079,7147094015,18421383167,30903631871,38822477823,187904,40969961471,10316180183.86,11022651889.21,296050,10,10,10,0,0,0,0,0,0,907775,1574911,1728511,921659.14,500
1781842622,0,296550,0,504.56,500.21,1692671,7121928191,18404605951,30903631871,38822477823,187904,40969961471,10298788061.64,11021483687.34,296550,10,10,10,0,0,0,0,0,0,907263,1546239,1737727,912496.26,500
1781842623,0,297050,0,504.55,499.63,1673215,7092568063,18371051519,30903631871,38822477823,187904,40969961471,10281454519.16,11020291957.11,297050,10,10,10,0,0,0,0,0,0,926719,1586175,1837055,930472.58,500
1781842624,0,297550,0,504.54,500.11,1651711,7071596543,18354274303,30903631871,38822477823,187904,40969961471,10264179449.13,11019076771.64,297550,10,10,10,0,0,0,0,0,0,935935,1603583,1932287,1060342.66,500
1781842625,0,298050,0,504.53,500.22,1627135,7042236415,18337497087,30886854655,38822477823,187904,40969961471,10246962110.82,11017838792.52,298050,10,10,10,0,0,0,0,0,0,930815,1570815,1841151,924086.27,500
1781842626,0,298550,0,504.53,499.61,1607679,6996099071,18303942655,30886854655,38822477823,187904,40969961471,10229802504.73,11016577990.56,298550,10,10,10,0,0,0,0,0,0,965631,1630207,1836031,961313.54,500
1781842627,0,299050,0,504.52,500.14,1593343,6916407295,18287165439,30870077439,38822477823,187904,40969961471,10212700323.70,11015294622.46,299050,10,10,10,0,0,0,0,0,0,951295,1584127,2020351,988030.72,500
1781842628,0,299550,0,504.51,499.89,1579007,6832521215,18270388223,30870077439,38822477823,187904,40969961471,10195654838.80,11013989334.21,299550,10,10,10,0,0,0,0,0,0,718847,1357823,1602559,750321.02,500
1781842629,0,300050,0,504.50,500.11,1567743,6794772479,18270388223,30870077439,38822477823,187904,40969961471,10178666098.53,11012662050.21,300050,10,10,10,0,0,0,0,0,0,703999,1121279,1281023,711801.22,500
1781842630,0,300550,0,504.50,499.96,1558527,6761218047,18253611007,30870077439,38822477823,187904,40969961471,10161734135.46,11011312710.79,300550,10,10,10,0,0,0,0,0,0,764927,1459199,1794047,863096.96,500
1781842631,0,301050,0,504.49,499.99,1551359,6727663615,18236833791,30870077439,38822477823,187904,40969961471,10144860886.27,11009939505.04,301050,10,10,10,0,0,0,0,0,0,890879,14213119,29851647,2350797.82,500
1781842632,0,301550,0,504.48,500.32,1544191,6685720575,18220056575,30853300223,38822477823,187904,40969961471,10128041350.32,11008547008.80,301550,10,10,10,0,0,0,0,0,0,1001983,1640447,1896447,998751.49,500
1781842633,0,302050,0,504.47,499.60,1538047,6639583231,18203279359,30853300223,38822477823,187904,40969961471,10111277497.59,11007133375.00,302050,10,10,10,0,0,0,0,0,0,1007615,1649663,1823743,997917.18,500
1781842634,0,302550,0,504.47,500.03,1530879,6593445887,18186502143,30853300223,38822477823,187904,40969961471,10094569305.80,11005698593.57,302550,10,10,10,0,0,0,0,0,0,1001471,1668095,2197503,1150647.55,500
1781842635,0,303230,0,504.76,680.14,1532927,6547308543,18169724927,30853300223,38822477823,187904,40969961471,10072165472.82,11003504161.59,303230,10,10,10,0,0,0,0,0,0,122355711,149159935,152174591,104107138.64,680
1781842636,0,304330,0,505.75,1100.58,1538047,6492782591,18136170495,30836523007,38822477823,187904,40969961471,10038924913.93,10997467600.74,304330,10,10,10,0,0,0,0,0,0,650641407,1148190719,1155530751,875711573.64,1100
1781842637,0,305430,0,506.73,1100.07,1544191,6358564863,18085838847,30836523007,38822477823,187904,40969961471,10009219557.68,10988770142.41,305430,10,10,10,0,0,0,0,0,0,1569718271,2060451839,2067791871,1790827680.12,1100
1781842638,0,306530,0,507.72,1099.60,1550335,6194987007,18035507199,30819745791,38822477823,187904,40969961471,9983028982.89,10977721884.11,306530,10,10,10,0,0,0,0,0,0,2520776703,2952790015,2959081471,2710858748.28,1100
1781842639,0,307080,0,507.79,550.20,1553407,6165626879,18001952767,30819745791,38822477823,187904,40969961471,9971304985.74,10971378314.18,307080,10,10,10,0,0,0,0,0,0,3439329279,3460300799,3464495103,3437201623.97,550
1781842640,0,308180,0,508.76,1099.23,1559551,6106906623,17934843903,30802968575,38822477823,187904,40969961471,9950675846.27,10957213506.58,308180,10,10,10,0,0,0,0,0,0,3965714431,4466933759,4471128063,4191770259.08,1100
1781842641,0,309245,0,509.68,1065.87,1565695,6023020543,17901289471,30802968575,38822477823,187904,40969961471,9934282434.81,10941893801.48,309245,10,10,10,0,0,0,0,0,0,4974444543,5469372415,5477761023,5190506336.39,1065
1781842642,0,309830,0,509.80,584.52,1569791,5972688895,17867735039,30802968575,38822477823,187904,40969961471,9926705785.49,10932948336.92,309830,10,10,10,0,0,0,0,0,0,5955911679,5976883199,5981077503,5921507632.57,585
1781842643,0,310930,0,510.77,1100.74,1577983,6073352191,17817403391,30786191359,38788923391,187904,40969961471,9915180828.80,10915315682.91,310930,10,10,10,0,0,0,0,0,0,6476005375,6933184511,6941573119,6669019620.07,1100
1781842644,0,312029,0,511.74,1099.09,1587199,6136266751,17783848959,30786191359,38788923391,187904,40969961471,9907217994.58,10896908806.70,312029,10,10,10,0,0,0,0,0,0,7444889599,7918845951,7923040255,7654366270.43,1099
1781842645,0,312580,0,511.80,550.60,1593343,6165626879,17783848959,30786191359,38788923391,187904,40969961471,9904375209.37,10887510531.43,312580,10,10,10,0,0,0,0,0,0,8296333311,8321499135,8325693439,8294517810.18,551
1781842646,0,313680,0,512.76,1100.51,1603583,6253707263,17750294527,30752636927,38788923391,187904,40969961471,9901364721.59,10868532807.97,313680,10,10,10,0,0,0,0,0,0,8824815615,9319743487,9328132095,9045893566.84,1100
1781842647,0,314780,0,513.72,1099.97,1615871,6404702207,17716740095,30735859711,38788923391,187904,40969961471,9901083490.31,10849529161.17,314780,10,10,10,0,0,0,0,0,0,9764339711,9974054911,9982443519,9820886555.93,1100
1781842648,0,315880,0,514.68,1099.09,1632255,6459228159,17683185663,30719082495,38788923391,187904,40969961471,9903289410.55,10830694325.75,315880,10,10,10,0,0,0,0,0,0,10343153663,10787749887,10796138495,10534543568.52,1100
1781842649,0,316980,0,515.63,1100.79,1649663,6522142719,17632854015,30702305279,38788923391,187904,40969961471,9908606390.07,10812269007.80,316980,10,10,10,0,0,0,0,0,0,11240734719,11685330943,11693719551,11435449563.69,1100
1781842650,0,318080,0,516.58,1099.73,1665023,6580862975,17565745151,30668750847,38788923391,187904,40969961471,9916992869.25,10794503908.84,318080,10,10,10,0,0,0,0,0,0,12146704383,12582911999,12591300607,12333671204.31,1100
1781842651,0,319180,0,517.53,1100.58,1680383,6681526271,17532190719,30651973631,38788923391,187904,40969961471,9928397033.28,10777640019.50,319180,10,10,10,0,0,0,0,0,0,13035896831,13472104447,13480493055,13226066575.36,1100
1781842652,0,319730,0,517.58,549.54,1687551,6731857919,17498636287,30651973631,38788923391,187904,40969961471,9935212408.36,10769617740.85,319730,10,10,10,0,0,0,0,0,0,13891534847,13916700671,13925089279,13890360442.88,550
1781842653,0,320830,0,518.52,1100.02,1700863,6803161087,17448304639,30635196415,38788923391,187904,40969961471,9951330715.48,10754660732.15,320830,10,10,10,0,0,0,0,0,0,14420017151,14906556415,14914945023,14636336474.30,1100
1781842654,0,321930,0,519.46,1100.12,1713151,6903824383,17397972991,30601641983,38788923391,187904,40969961471,9970784683.29,10741420724.61,321930,10,10,10,0,0,0,0,0,0,15426650111,15921577983,15929966591,15644799676.04,1100
1781842655,0,322480,0,519.51,550.40,1718271,6924795903,17381195775,30601641983,38788923391,187904,40969961471,9981743730.93,10735531503.72,322480,10,10,10,0,0,0,0,0,0,16399728639,16424894463,16424894463,16396373196.80,550
1781842656,0,323580,0,520.44,1099.79,1729535,7021264895,17347641343,30568087551,38788923391,187904,40969961471,10005794567.52,10725186983.71,323580,10,10,10,0,0,0,0,0,0,16835936255,17330864127,17347641343,17056625280.47,1100
1781842657,0,324680,0,521.37,1099.88,1741823,7088373759,17481859071,30551310335,38788923391,187904,40969961471,10033104203.59,10717253814.24,324680,10,10,10,0,0,0,0,0,0,17850957823,18354274303,18354274303,18066606057.66,1100
1781842658,0,325230,0,521.42,549.94,1747967,7117733887,17548967935,30551310335,38755368959,187904,40969961471,10047968323.47,10714276349.32,325230,10,10,10,0,0,0,0,0,0,18824036351,18857590783,18857590783,18822663670.69,550
1781842659,0,326330,0,522.34,1100.42,1759231,7172259839,17699962879,30517755903,38755368959,187904,40969961471,10079783075.39,10710193026.01,326330,10,10,10,0,0,0,0,0,0,19277021183,19763560447,19763560447,19486248319.53,1100
1781842660,0,327430,0,523.27,1099.61,1768447,7335837695,17783848959,30500978687,38755368959,187904,40969961471,10114721112.57,10709117737.05,327430,10,10,10,0,0,0,0,0,0,20266876927,20753416191,20753416191,20479566270.84,1100
1781842661,0,327980,0,523.31,550.08,1773567,7398752255,17817403391,30500978687,38755368959,187904,40969961471,10133335269.66,10709769230.79,327980,10,10,10,0,0,0,0,0,0,21223178239,21239955455,21256732671,21214850640.06,550
1781842662,0,329080,0,524.23,1099.35,1781759,7428112383,17901289471,30484201471,38755368959,187904,40969961471,10172929803.57,10713702196.22,329080,10,10,10,0,0,0,0,0,0,21760049151,22263365631,22263365631,21978580016.41,1100
1781842663,0,330180,0,525.14,1100.98,1790975,7482638335,18052284415,30484201471,38453379071,187904,40969961471,10215645889.50,10721338623.89,330180,10,10,10,0,0,0,0,0,0,22766682111,23269998591,23286775807,22994745485.50,1100
1781842664,0,330730,0,525.18,549.62,1795071,7524581375,18136170495,30467424255,38453379071,187904,40969961471,10238163823.66,10726618621.58,330730,10,10,10,0,0,0,0,0,0,23756537855,23790092287,23790092287,23756293823.77,550
1781842665,0,331830,0,526.09,1100.71,1804287,7629438975,18236833791,30467424255,38453379071,187904,40969961471,10285222727.41,10739877430.69,331830,10,10,10,0,0,0,0,0,0,24226299903,24712839167,24712839167,24434123854.20,1100
1781842666,0,332930,0,527.00,1099.63,1813503,7730102271,18320719871,30450647039,38453379071,187904,40969961471,10335333365.87,10757396604.78,332930,10,10,10,0,0,0,0,0,0,25232932863,25736249343,25736249343,25451890784.81,1100
1781842667,0,333480,0,527.04,550.03,1817599,7772045311,18337497087,30450647039,38453379071,187904,40969961471,10361512592.95,10767803289.38,333480,10,10,10,0,0,0,0,0,0,26222788607,26239565823,26239565823,26208512722.39,550
1781842668,0,334580,0,527.94,1100.19,1827839,7855931391,18488492031,30450647039,38453379071,187904,40969961471,10415922726.84,10791761157.83,334580,10,10,10,0,0,0,0,0,0,26692550655,27195867135,27195867135,26911096772.42,1100
1781842669,0,335610,0,528.73,1030.25,1838079,7906263039,18589155327,30433869823,38453379071,187904,40969961471,10469582648.59,10818512383.23,335610,10,10,10,0,0,0,0,0,0,27699183615,28202500095,28202500095,27900200725.37,1030
1781842670,0,336230,0,528.88,619.79,1843199,7948206079,18639486975,30433869823,38453379071,187904,40969961471,10503034581.65,10836520660.05,336230,10,10,10,0,0,0,0,0,0,28672262143,28705816575,28705816575,28610781765.37,620
1781842671,0,337330,0,529.77,1099.53,1854463,8069840895,18773704703,30417092607,38453379071,187904,40969961471,10564447577.10,10871995005.58,337330,10,10,10,0,0,0,0,0,0,29125246975,29611786239,29611786239,29336167085.15,1100
1781842672,0,338430,0,530.67,1100.64,1864703,8124366847,18840813567,30484201471,38453379071,187904,40969961471,10628533778.01,10912181316.19,338430,10,10,10,0,0,0,0,0,0,30115102719,30517755903,30517755903,30281441190.63,1100
1781842673,0,339515,0,531.54,1085.20,1875967,8178892799,18958254079,30668750847,38453379071,187904,40969961471,10694111865.10,10956128541.33,339515,10,10,10,0,0,0,0,0,0,30937186303,31423725567,31423725567,31149035380.32,1085
1781842674,0,340080,0,531.59,564.78,1884159,8250195967,19008585727,30819745791,38453379071,187904,40969961471,10729306767.86,10980968850.88,340080,10,10,10,0,0,0,0,0,0,31893487615,31927042047,31943819263,31878328733.22,565
1781842675,0,341180,0,532.48,1099.72,1901567,8304721919,19109249023,30937186303,38453379071,187904,40969961471,10799872463.65,11033248052.27,341180,10,10,10,0,0,0,0,0,0,32430358527,32866566143,32883343359,32616219577.25,1100
1781842676,0,342280,0,533.36,1100.26,1928191,8388607999,19226689535,31239176191,38453379071,187904,40969961471,10873031535.54,11090608114.22,342280,10,10,10,0,0,0,0,0,0,33369882623,33822867455,33822867455,33564315305.43,1100
1781842677,0,342830,0,533.39,550.00,1953791,8438939647,19260243967,31323062271,38453379071,187904,40969961471,10910607461.26,11121283790.20,342830,10,10,10,0,0,0,0,0,0,34309406719,34326183935,34326183935,34295130834.39,550
1781842678,0,343930,0,534.27,1099.78,1992703,8518631423,19377684479,31658606591,38419824639,187904,40969961471,10987837915.32,11186890276.37,343930,10,10,10,0,0,0,0,0,0,34863054847,35332816895,35366371327,35057762065.69,1100
1781842679,0,344913,0,534.96,983.61,2016255,8606711807,19461570559,32010928127,38419824639,187904,40969961471,11059212991.54,11250441941.02,344913,10,10,10,0,0,0,0,0,0,35836133375,36339449855,36339449855,36031776536.74,983
1781842680,0,345580,0,535.17,666.49,2029567,8665432063,19545456639,32380026879,38419824639,187904,40969961471,11108719208.67,11295821798.32,345580,10,10,10,0,0,0,0,0,0,36809211903,36842766335,36842766335,36708925906.71,667
1781842681,0,346680,0,536.04,1099.87,2046975,8740929535,19679674367,32765902847,38419824639,187904,40969961471,11192577201.37,11375419605.12,346680,10,10,10,0,0,0,0,0,0,37346082815,37815844863,37815844863,37537709126.75,1100
1781842682,0,347780,0,536.91,1100.51,2064383,8791261183,19763560447,33185333247,38755368959,187904,40969961471,11278856388.95,11460244292.02,347780,10,10,10,0,0,0,0,0,0,38252052479,38755368959,38755368959,38470918888.73,1100
1781842683,0,348633,0,537.40,853.30,2076671,8816427007,19813892095,33353105407,39191576575,187904,40969961471,11347499928.83,11529833049.44,348633,10,10,10,0,0,0,0,0,0,39225131007,39594229759,39594229759,39334428768.04,853
1781842684,0,349430,0,537.80,796.35,2087935,8908701695,19881000959,33789313023,39258685439,187904,40969961471,11412523830.36,11596699956.99,349430,10,10,10,0,0,0,0,0,0,39996882943,40030437375,40030437375,39856034321.35,797
1781842685,0,350530,0,538.66,1100.76,2101247,9051308031,20031995903,34292629503,39694893055,187904,40969961471,11504428332.56,11693788997.73,350530,10,10,10,0,0,0,0,0,0,40533753855,40936407039,40969961471,40699146701.73,1100
1781842686,0,351630,0,539.52,1099.27,2111487,9101639679,20182990847,34795945983,40097546239,187904,41976594431,11598800084.27,11796403846.35,351630,10,10,10,0,0,0,0,0,0,41473277951,41943039999,41976594431,41671645653.18,1100
1781842687,0,352730,0,540.38,1099.94,2123775,9160359935,20250099711,35030827007,40533753855,187904,42748346367,11695082050.49,11903137309.82,352730,10,10,10,0,0,0,0,0,0,42312138751,42714791935,42714791935,42472925489.34,1100
1781842688,0,353280,0,540.40,549.94,2129919,9202302975,20266876927,35332816895,40902852607,187904,43218108415,11744110735.19,11958500248.21,353280,10,10,10,0,0,0,0,0,0,43218108415,43218108415,43218108415,43187543378.85,550
1781842689,0,354380,0,541.25,1100.80,2142207,9302966271,20384317439,35634806783,41439723519,187904,44191186943,11843907006.21,12073134925.47,354380,10,10,10,0,0,0,0,0,0,43687870463,44191186943,44191186943,43894840301.38,1100
1781842690,0,355480,0,542.10,1099.24,2154495,9370075135,20535312383,35903242239,42278584319,187904,45130711039,11946061927.50,12193099469.20,355480,10,10,10,0,0,0,0,0,0,44694503423,45097156607,45130711039,44856662842.65,1100
1781842691,0,356423,0,542.71,943.92,2168831,9437183999,20619198463,36339449855,43184553983,187904,46036680703,12035406537.03,12299903131.11,356423,10,10,10,0,0,0,0,0,0,45533364223,46036680703,46036680703,45715387232.37,943
1781842692,0,357130,0,542.96,706.69,2177023,9487515647,20686307327,36708548607,43654316031,187904,46472888319,12103276684.65,12381857821.60,357130,10,10,10,0,0,0,0,0,0,46439333887,46439333887,46472888319,46318950837.41,707
1781842693,0,358230,0,543.81,1099.36,2191359,9604956159,20753416191,37144756223,44660948991,187904,47378857983,12210720337.35,12513503154.91,358230,10,10,10,0,0,0,0,0,0,46909095935,47345303551,47378857983,47093767328.12,1100
1781842694,0,359330,0,544.65,1100.46,2205695,9688842239,20854079487,37547409407,45533364223,187904,48318382079,12320422346.78,12650208496.88,359330,10,10,10,0,0,0,0,0,0,47848620031,48318382079,48318382079,48046377652.60,1100
1781842695,0,360430,0,545.49,1100.49,2220031,9722396671,21005074431,37950062591,46439333887,187904,49157242879,12432104626.80,12791167068.19,360430,10,10,10,0,0,0,0,0,0,48754589695,49157242879,49157242879,48914644336.64,1100
1781842696,0,361425,0,546.17,995.14,2234367,9755951103,21088960511,38252052479,47311749119,187904,50063212543,12534784803.69,12922186035.01,361425,10,10,10,0,0,0,0,0,0,49526341631,50029658111,50063212543,49729775914.45,995
1781842697,0,362080,0,546.34,654.48,2244607,9797894143,21156069375,38721814527,47848620031,187904,50566529023,12603322100.47,13010490550.22,362080,10,10,10,0,0,0,0,0,0,50532974591,50532974591,50566529023,50421783913.14,655
1781842698,0,363180,0,547.17,1100.16,2275327,9906946047,21239955455,38889586687,48721035263,187904,51472498687,12720236808.55,13162814192.32,363180,10,10,10,0,0,0,0,0,0,51036291071,51472498687,51472498687,51204307264.23,1100
1781842699,0,364240,0,547.94,1060.44,2320383,9797894143,21223178239,38856032255,48721035263,187904,51472498687,12685868529.16,13159056846.62,364240,10,10,10,0,0,0,0,0,0,887619583,1685061631,1763704831,910517862.40,1060
1781842700,0,364760,0,547.90,519.91,2332671,9764339711,21206401023,38856032255,48721035263,187904,51472498687,12668205557.03,13157981669.19,364760,10,10,10,0,0,0,0,0,0,288096255,551550975,589823999,295972927.02,520
1781842701,0,365310,0,547.90,549.81,2347007,9747562495,21206401023,38856032255,48721035263,187904,51472498687,12649465901.78,13156927178.30,365310,10,10,10,0,0,0,0,0,0,217579519,381681663,406323199,221326540.80,550
1781842702,0,365790,0,547.80,480.19,2359295,9730785279,21189623807,38856032255,48721035263,187904,51472498687,12633119221.99,13156023623.49,365790,10,10,10,0,0,0,0,0,0,188743679,350486527,388497407,192274227.20,480
1781842703,0,366200,0,547.59,409.97,2369535,9714008063,21172846591,38856032255,48721035263,187904,51472498687,12619174590.99,13155252422.66,366200,10,10,10,0,0,0,0,0,0,179830783,293339135,312999935,178182953.21,410
1781842704,0,366800,0,547.67,599.82,2379775,9697230847,21139292159,38856032255,48721035263,187904,51472498687,12598827054.53,13154097530.14,366800,10,10,10,0,0,0,0,0,0,176816127,307232767,326893567,180047298.56,600
1781842705,0,367280,0,547.57,480.12,2392063,9680453631,21122514943,38822477823,48721035263,187904,51472498687,12582611153.38,13153140290.16,367280,10,10,10,0,0,0,0,0,0,187432959,325320703,337641471,190960025.60,480
1781842706,0,367780,0,547.50,500.06,2400255,9638510591,21105737727,38822477823,48721035263,187904,51472498687,12565723562.33,13152163139.66,367780,10,10,10,0,0,0,0,0,0,152567807,295698431,314572799,160774684.67,500
1781842707,0,368290,0,547.45,509.77,2408447,9588178943,21088960511,38822477823,48721035263,187904,51472498687,12548521592.70,13151169334.04,368290,10,10,10,0,0,0,0,0,0,142868479,261095423,299106303,143540432.82,510
1781842708,0,368690,0,547.23,400.20,2416639,9563013119,21088960511,38822477823,48721035263,187904,51472498687,12535084517.07,13150355950.58,368690,10,10,10,0,0,0,0,0,0,162791423,283115519,301465599,163233054.72,400
1781842709,0,369300,0,547.32,609.71,2422783,9479127039,21072183295,38822477823,48721035263,187904,51472498687,12514660979.68,13149081366.25,369300,10,10,10,0,0,0,0,0,0,168034303,299368447,319291391,170474096.47,610
1781842710,0,369760,0,547.19,460.18,2428927,9445572607,21055406079,38822477823,48721035263,187904,51472498687,12499315688.21,13148091234.21,369760,10,10,10,0,0,0,0,0,0,178520063,309854207,321126399,179715383.65,460
1781842711,0,370260,0,547.12,500.05,2435071,9412018175,21038628863,38788923391,48721035263,187904,51472498687,12482656924.69,13147018305.72,370260,10,10,10,0,0,0,0,0,0,155451391,286261247,305135615,163168124.93,500
1781842712,0,370820,0,547.14,559.71,2441215,9370075135,21021851647,38788923391,48721035263,187904,51472498687,12463991402.97,13145852142.39,370820,10,10,10,0,0,0,0,0,0,122486783,219283455,234881023,122748416.00,560
1781842713,0,371240,0,546.95,420.17,2445311,9328132095,21021851647,38788923391,48721035263,187904,51472498687,12450040091.54,13144952218.19,371240,10,10,10,0,0,0,0,0,0,131268607,229769215,234225663,132360796.65,420
1781842714,0,371750,0,546.90,510.05,2451455,9311354879,21005074431,38788923391,48721035263,187904,51472498687,12433144092.42,13143839927.42,371750,10,10,10,0,0,0,0,0,0,134610943,226492415,248250367,134181908.08,510
1781842715,0,372310,0,546.92,559.70,2459647,9286189055,20988297215,38788923391,48721035263,187904,51472498687,12414638645.63,13142602992.53,372310,10,10,10,0,0,0,0,0,0,134873087,228851711,233308159,129996068.57,560
1781842716,0,372750,0,546.76,440.00,2465791,9235857407,20971519999,38788923391,48721035263,187904,51472498687,12400125847.69,13141626457.68,372750,10,10,10,0,0,0,0,0,0,116391935,210632703,225443839,119989936.87,440
1781842717,0,373230,0,546.66,480.05,2471935,9185525759,20937965567,38755368959,48721035263,187904,51472498687,12384326128.79,13140551605.51,373230,10,10,10,0,0,0,0,0,0,112132095,197656575,207486975,114856917.33,480
1781842718,0,373750,0,546.62,520.08,2480127,9151971327,20904411135,38755368959,48721035263,187904,51472498687,12367253568.54,13139370739.40,373750,10,10,10,0,0,0,0,0,0,110297087,209190911,228327423,113423454.52,520
1781842719,0,374280,0,546.60,530.19,2488319,9126805503,20887633919,38755368959,48721035263,187904,51472498687,12349922889.98,13138127795.61,374280,10,10,10,0,0,0,0,0,0,130875391,224788479,247857151,128524566.22,530
1781842720,0,374770,0,546.52,489.70,2496511,9101639679,20854079487,38755368959,48721035263,187904,51472498687,12333924373.07,13136979490.11,374770,10,10,10,0,0,0,0,0,0,109969407,206569471,225050623,113669450.19,490
1781842721,0,375300,0,546.49,530.32,2504703,9076473855,20837302271,38755368959,48721035263,187904,51472498687,12316686323.05,13135700810.98,375300,10,10,10,0,0,0,0,0,0,130547711,225050623,248119295,127433484.56,530
1781842722,0,375830,0,546.47,529.55,2514943,9051308031,20803747839,38755368959,48721035263,187904,51472498687,12299468949.98,13134428961.20,375830,10,10,10,0,0,0,0,0,0,104988671,200540159,219676671,107619679.64,530
1781842723,0,376320,0,546.39,490.40,2521087,9000976383,20786970623,38755368959,48721035263,187904,51472498687,12283538393.76,13133287871.20,376320,10,10,10,0,0,0,0,0,0,67436543,117506047,125108223,64801771.10,490
1781842724,0,376810,0,546.30,489.73,2529279,8933867519,20770193407,38755368959,48721035263,187904,51472498687,12267675764.36,13132105858.86,376810,10,10,10,0,0,0,0,0,0,80084991,177864703,216006655,85176386.87,490
1781842725,0,377330,0,546.27,520.16,2516991,8833204223,20753416191,38755368959,48721035263,187904,51472498687,12250790998.70,13130922979.68,377330,10,10,10,0,0,0,0,0,0,1368063,91029503,110166015,15505331.20,520
1781842726,0,377830,0,546.20,500.21,2490367,8808038399,20753416191,38755368959,48721035263,187904,51472498687,12234580380.76,13129785910.94,377830,10,10,10,0,0,0,0,0,0,1065983,1943551,2269183,1075442.05,500
1781842727,0,378330,0,546.13,499.95,2467839,8799649791,20736638975,38755368959,48721035263,187904,51472498687,12218412780.20,13128631655.10,378330,10,10,10,0,0,0,0,0,0,1097727,2091007,2945023,1203741.70,500
1781842728,0,378830,0,546.07,499.89,2449407,8782872575,20736638975,38755368959,48721035263,187904,51472498687,12202287601.75,13127460749.55,378830,10,10,10,0,0,0,0,0,0,992255,1769471,2094079,1010073.60,500
1781842729,0,379330,0,546.00,499.95,2433023,8766095359,20719861759,38755368959,48721035263,187904,51472498687,12186205716.21,13126272369.25,379330,10,10,10,0,0,0,0,0,0,994303,3866623,24788991,1604324.99,500
1781842730,0,379830,0,545.93,500.05,2416639,8732540927,20719861759,38721814527,48721035263,187904,51472498687,12170166382.09,13125067186.96,379830,10,10,10,0,0,0,0,0,0,1149951,4255743,13369343,1765154.18,500
1781842731,0,380330,0,545.87,499.89,2392063,8698986495,20703084543,38721814527,48721035263,187904,51472498687,12154168330.02,13123846361.81,380330,10,10,10,0,0,0,0,0,0,1058815,1961983,2590719,1088092.16,500
1781842732,0,380830,0,545.80,500.03,2361343,8665432063,20703084543,38721814527,48721035263,187904,51472498687,12138212386.13,13122609110.13,380830,10,10,10,0,0,0,0,0,0,1154047,2119679,2459647,1164106.50,500
1781842733,0,381330,0,545.74,499.99,2326527,8615100415,20686307327,38721814527,48721035263,187904,51472498687,12122298198.54,13121355740.17,381330,10,10,10,0,0,0,0,0,0,1065983,1991679,2428927,1098079.49,500
1781842734,0,381830,0,545.67,499.97,2269183,8568963071,20669530111,38721814527,48721035263,187904,51472498687,12106425859.79,13120086149.12,381830,10,10,10,0,0,0,0,0,0,1132543,1975295,2430975,1227994.24,500
1781842735,0,382330,0,545.61,500.24,2236415,8527020031,20652752895,38721814527,48721035263,187904,51472498687,12090594893.95,13118800758.39,382330,10,10,10,0,0,0,0,0,0,1114111,1946623,2392063,1119521.79,500
1781842736,0,382830,0,545.54,499.92,2215935,8493465599,20635975679,38721814527,48721035263,187904,51472498687,12074805220.18,13117499624.47,382830,10,10,10,0,0,0,0,0,0,1081343,1872895,2156543,1073274.62,500
1781842737,0,383330,0,545.48,499.87,2197503,8455716863,20635975679,38721814527,48721035263,187904,51472498687,12059056765.54,13116182796.52,383330,10,10,10,0,0,0,0,0,0,1016831,1782783,3379199,1094979.84,500
1781842738,0,383830,0,545.41,499.80,2179071,8413773823,20619198463,38721814527,48721035263,187904,51472498687,12043349313.65,13114850455.31,383830,10,10,10,0,0,0,0,0,0,1074175,1869823,2123775,1074250.62,500
1781842739,0,384330,0,545.35,500.29,2162687,8367636479,20602421247,38721814527,48721035263,187904,51472498687,12027682865.83,13113502581.58,384330,10,10,10,0,0,0,0,0,0,1098751,2277375,4771839,1177536.13,500
1781842740,0,384830,0,545.28,499.99,2144255,8317304831,20585644031,38721814527,48721035263,187904,51472498687,12012057030.17,13112139516.62,384830,10,10,10,0,0,0,0,0,0,1005567,1799167,4268031,1102189.57,500
1781842741,0,385330,0,545.22,499.87,2127871,8300527615,20585644031,38453379071,48318382079,187904,51472498687,11996471572.94,13110761455.55,385330,10,10,10,0,0,0,0,0,0,958975,1637375,1957887,968561.92,500
1781842742,0,385830,0,545.16,500.26,2111487,8283750399,20568866815,38453379071,48318382079,187904,51472498687,11980926722.50,13109368170.75,385830,10,10,10,0,0,0,0,0,0,1121279,1917951,2117631,1132276.61,500
1781842743,0,386330,0,545.09,500.01,2097151,8237613055,20535312383,38453379071,48318382079,187904,51472498687,11965422096.58,13107959993.23,386330,10,10,10,0,0,0,0,0,0,1063935,2073599,3856383,1122464.26,500
1781842744,0,386830,0,545.03,499.82,2080767,8183087103,20518535167,38453379071,48318382079,187904,51472498687,11949957465.23,13106537114.01,386830,10,10,10,0,0,0,0,0,0,960511,1691647,2293759,1055404.03,500
1781842745,0,387330,0,544.96,499.90,2060287,8153726975,20484980735,38453379071,48318382079,187904,51472498687,11934532740.23,13105099594.10,387330,10,10,10,0,0,0,0,0,0,1027583,1846271,2119679,1039994.37,500
1781842746,0,387830,0,544.90,500.26,2039807,8128561151,20468203519,38419824639,48318382079,187904,51472498687,11919147679.47,13103647634.79,387830,10,10,10,0,0,0,0,0,0,950271,1627135,1874943,956511.87,500
1781842747,0,388330,0,544.84,499.99,2015231,8103395327,20434649087,38419824639,48318382079,187904,51472498687,11903802431.60,13102181081.77,388330,10,10,10,0,0,0,0,0,0,973823,1813503,3266559,1107470.72,500
1781842748,0,388830,0,544.78,499.72,1982463,8078229503,20401094655,38419824639,48318382079,187904,51472498687,11888496592.59,13100700282.83,388830,10,10,10,0,0,0,0,0,0,1062911,1862655,2140159,1063668.10,500
1781842749,0,389330,0,544.71,500.04,1938431,8057257983,20384317439,38419824639,48318382079,187904,51472498687,11873230152.00,13099205228.11,389330,10,10,10,0,0,0,0,0,0,1077247,1969151,4046847,1129961.73,500
1781842750,0,389830,0,544.65,500.34,1905663,8011120639,20367540223,38419824639,48318382079,187904,51472498687,11858003018.80,13097695981.05,389830,10,10,10,0,0,0,0,0,0,1118207,2047999,2297855,1243485.18,500
1781842751,0,390330,0,544.59,499.85,1887231,7918845951,20350763007,38419824639,48318382079,187904,51472498687,11842814712.18,13096172956.97,390330,10,10,10,0,0,0,0,0,0,1089535,2146303,2445311,1099570.05,500
1781842752,0,390830,0,544.53,499.75,1869823,7902068735,20317208575,38386270207,48318382079,187904,51472498687,11827665152.57,13094636207.72,390830,10,10,10,0,0,0,0,0,0,966143,1727487,3547135,1009946.24,500
1781842753,0,391331,0,544.47,501.40,1857535,7885291519,20300431359,38386270207,48318382079,187904,51472498687,11812524177.45,13093082580.13,391331,10,10,10,0,0,0,0,0,0,1047039,1845247,2131967,1052507.34,501
1781842754,0,391830,0,544.40,498.85,1845247,7851737087,20283654143,38386270207,48318382079,187904,51472498687,11797482296.96,13091521433.59,391830,10,10,10,0,0,0,0,0,0,1002495,1861631,2480127,1181430.12,499
1781842755,0,391960,0,543.83,129.95,1842175,7843348479,20283654143,38386270207,48318382079,187904,51472498687,11793569780.78,13091112582.43,391960,10,10,10,0,0,0,0,0,0,957951,1603583,1736703,945031.38,130
1781842756,0,391960,0,543.07,0.00,1842175,7843348479,20283654143,38386270207,48318382079,187904,51472498687,11793569780.78,13091112582.43,391960,10,10,10,0,0,0,0,0,0,0,0,0,0.00,0
