timestamp,sent_count,received_count,error_count,total_throughput,interval_throughput,latency_ns_p25,latency_ns_p50,latency_ns_p75,latency_ns_p95,latency_ns_p99,latency_ns_min,latency_ns_max,latency_ns_mean,latency_ns_stddev,latency_sample_count,connections,active_connections,connection_attempts,connection_failures,crashes_injected,reconnects,reconnect_failures,duplicate_count,gap_count,interval_latency_ns_p50,interval_latency_ns_p95,interval_latency_ns_p99,interval_latency_ns_mean,interval_latency_sample_count
1781841973,0,0,0,0.00,0.00,0,0,0,0,0,0,0,0.00,0.00,0,1,1,1,0,0,0,0,0,0,0,0,0,0.00,0
1781841974,0,0,0,0.00,0.00,0,0,0,0,0,0,0,0.00,0.00,0,1,1,1,0,0,0,0,0,0,0,0,0,0.00,0
1781841975,0,0,0,0.00,0.00,0,0,0,0,0,0,0,0.00,0.00,0,1,1,1,0,0,0,0,0,0,0,0,0,0.00,0
1781841976,0,0,0,0.00,0.00,0,0,0,0,0,0,0,0.00,0.00,0,1,1,1,0,0,0,0,0,0,0,0,0,0.00,0
1781841977,0,0,0,0.00,0.00,0,0,0,0,0,0,0,0.00,0.00,0,1,1,1,0,0,0,0,0,0,0,0,0,0.00,0
1781841978,0,0,0,0.00,0.00,0,0,0,0,0,0,0,0.00,0.00,0,1,1,1,0,0,0,0,0,0,0,0,0,0.00,0
1781841979,0,0,0,0.00,0.00,0,0,0,0,0,0,0,0.00,0.00,0,1,1,1,0,0,0,0,0,0,0,0,0,0.00,0
1781841980,0,0,0,0.00,0.00,0,0,0,0,0,0,0,0.00,0.00,0,2,2,2,0,0,0,0,0,0,0,0,0,0.00,0
1781841981,0,0,0,0.00,0.00,0,0,0,0,0,0,0,0.00,0.00,0,2,2,2,0,0,0,0,0,0,0,0,0,0.00,0
1781841982,0,0,0,0.00,0.00,0,0,0,0,0,0,0,0.00,0.00,0,2,2,2,0,0,0,0,0,0,0,0,0,0.00,0
1781841983,0,0,0,0.00,0.00,0,0,0,0,0,0,0,0.00,0.00,0,2,2,2,0,0,0,0,0,0,0,0,0,0.00,0
1781841984,0,0,0,0.00,0.00,0,0,0,0,0,0,0,0.00,0.00,0,2,2,2,0,0,0,0,0,0,0,0,0,0.00,0
1781841985,0,0,0,0.00,0.00,0,0,0,0,0,0,0,0.00,0.00,0,2,2,2,0,0,0,0,0,0,0,0,0,0.00,0
1781841986,0,0,0,0.00,0.00,0,0,0,0,0,0,0,0.00,0.00,0,2,2,2,0,0,0,0,0,0,0,0,0,0.00,0
1781841987,0,0,0,0.00,0.00,0,0,0,0,0,0,0,0.00,0.00,0,3,3,3,0,0,0,0,0,0,0,0,0,0.00,0
1781841988,0,0,0,0.00,0.00,0,0,0,0,0,0,0,0.00,0.00,0,3,3,3,0,0,0,0,0,0,0,0,0,0.00,0
1781841989,0,0,0,0.00,0.00,0,0,0,0,0,0,0,0.00,0.00,0,3,3,3,0,0,0,0,0,0,0,0,0,0.00,0
1781841990,0,0,0,0.00,0.00,0,0,0,0,0,0,0,0.00,0.00,0,3,3,3,0,0,0,0,0,0,0,0,0,0.00,0
1781841991,0,0,0,0.00,0.00,0,0,0,0,0,0,0,0.00,0.00,0,3,3,3,0,0,0,0,0,0,0,0,0,0.00,0
1781841992,0,0,0,0.00,0.00,0,0,0,0,0,0,0,0.00,0.00,0,3,3,3,0,0,0,0,0,0,0,0,0,0.00,0
1781841993,0,0,0,0.00,0.00,0,0,0,0,0,0,0,0.00,0.00,0,3,3,3,0,0,0,0,0,0,0,0,0,0.00,0
1781841994,0,0,0,0.00,0.00,0,0,0,0,0,0,0,0.00,0.00,0,4,4,4,0,0,0,0,0,0,0,0,0,0.00,0
1781841995,0,0,0,0.00,0.00,0,0,0,0,0,0,0,0.00,0.00,0,4,4,4,0,0,0,0,0,0,0,0,0,0.00,0
1781841996,0,0,0,0.00,0.00,0,0,0,0,0,0,0,0.00,0.00,0,4,4,4,0,0,0,0,0,0,0,0,0,0.00,0
1781841997,0,0,0,0.00,0.00,0,0,0,0,0,0,0,0.00,0.00,0,4,4,4,0,0,0,0,0,0,0,0,0,0.00,0
1781841998,0,0,0,0.00,0.00,0,0,0,0,0,0,0,0.00,0.00,0,4,4,4,0,0,0,0,0,0,0,0,0,0.00,0
1781841999,0,0,0,0.00,0.00,0,0,0,0,0,0,0,0.00,0.00,0,4,4,4,0,0,0,0,0,0,0,0,0,0.00,0
1781842000,0,0,0,0.00,0.00,0,0,0,0,0,0,0,0.00,0.00,0,5,5,5,0,0,0,0,0,0,0,0,0,0.00,0
1781842001,0,0,0,0.00,0.00,0,0,0,0,0,0,0,0.00,0.00,0,5,5,5,0,0,0,0,0,0,0,0,0,0.00,0
1781842002,0,0,0,0.00,0.00,0,0,0,0,0,0,0,0.00,0.00,0,5,5,5,0,0,0,0,0,0,0,0,0,0.00,0
1781842003,0,0,0,0.00,0.00,0,0,0,0,0,0,0,0.00,0.00,0,5,5,5,0,0,0,0,0,0,0,0,0,0.00,0
1781842004,0,0,0,0.00,0.00,0,0,0,0,0,0,0,0.00,0.00,0,5,5,5,0,0,0,0,0,0,0,0,0,0.00,0
1781842005,0,0,0,0.00,0.00,0,0,0,0,0,0,0,0.00,0.00,0,5,5,5,0,0,0,0,0,0,0,0,0,0.00,0
1781842006,0,0,0,0.00,0.00,0,0,0,0,0,0,0,0.00,0.00,0,5,5,5,0,0,0,0,0,0,0,0,0,0.00,0
1781842007,0,0,0,0.00,0.00,0,0,0,0,0,0,0,0.00,0.00,0,6,6,6,0,0,0,0,0,0,0,0,0,0.00,0
1781842008,0,0,0,0.00,0.00,0,0,0,0,0,0,0,0.00,0.00,0,6,6,6,0,0,0,0,0,0,0,0,0,0.00,0
1781842009,0,0,0,0.00,0.00,0,0,0,0,0,0,0,0.00,0.00,0,6,6,6,0,0,0,0,0,0,0,0,0,0.00,0
1781842010,0,0,0,0.00,0.00,0,0,0,0,0,0,0,0.00,0.00,0,6,6,6,0,0,0,0,0,0,0,0,0,0.00,0
1781842011,0,0,0,0.00,0.00,0,0,0,0,0,0,0,0.00,0.00,0,6,6,6,0,0,0,0,0,0,0,0,0,0.00,0
1781842012,0,0,0,0.00,0.00,0,0,0,0,0,0,0,0.00,0.00,0,6,6,6,0,0,0,0,0,0,0,0,0,0.00,0
1781842013,0,0,0,0.00,0.00,0,0,0,0,0,0,0,0.00,0.00,0,6,6,6,0,0,0,0,0,0,0,0,0,0.00,0
1781842014,0,0,0,0.00,0.00,0,0,0,0,0,0,0,0.00,0.00,0,7,7,7,0,0,0,0,0,0,0,0,0,0.00,0
1781842015,0,0,0,0.00,0.00,0,0,0,0,0,0,0,0.00,0.00,0,7,7,7,0,0,0,0,0,0,0,0,0,0.00,0
1781842016,0,0,0,0.00,0.00,0,0,0,0,0,0,0,0.00,0.00,0,7,7,7,0,0,0,0,0,0,0,0,0,0.00,0
1781842017,0,0,0,0.00,0.00,0,0,0,0,0,0,0,0.00,0.00,0,7,7,7,0,0,0,0,0,0,0,0,0,0.00,0
1781842018,0,0,0,0.00,0.00,0,0,0,0,0,0,0,0.00,0.00,0,7,7,7,0,0,0,0,0,0,0,0,0,0.00,0
1781842019,0,0,0,0.00,0.00,0,0,0,0,0,0,0,0.00,0.00,0,7,7,7,0,0,0,0,0,0,0,0,0,0.00,0
1781842020,0,0,0,0.00,0.00,0,0,0,0,0,0,0,0.00,0.00,0,8,8,8,0,0,0,0,0,0,0,0,0,0.00,0
1781842021,0,0,0,0.00,0.00,0,0,0,0,0,0,0,0.00,0.00,0,8,8,8,0,0,0,0,0,0,0,0,0,0.00,0
1781842022,0,0,0,0.00,0.00,0,0,0,0,0,0,0,0.00,0.00,0,8,8,8,0,0,0,0,0,0,0,0,0,0.00,0
1781842023,0,0,0,0.00,0.00,0,0,0,0,0,0,0,0.00,0.00,0,8,8,8,0,0,0,0,0,0,0,0,0,0.00,0
1781842024,0,0,0,0.00,0.00,0,0,0,0,0,0,0,0.00,0.00,0,8,8,8,0,0,0,0,0,0,0,0,0,0.00,0
1781842025,0,0,0,0.00,0.00,0,0,0,0,0,0,0,0.00,0.00,0,8,8,8,0,0,0,0,0,0,0,0,0,0.00,0
1781842026,0,0,0,0.00,0.00,0,0,0,0,0,0,0,0.00,0.00,0,8,8,8,0,0,0,0,0,0,0,0,0,0.00,0
1781842027,0,0,0,0.00,0.00,0,0,0,0,0,0,0,0.00,0.00,0,9,9,9,0,0,0,0,0,0,0,0,0,0.00,0
1781842028,0,0,0,0.00,0.00,0,0,0,0,0,0,0,0.00,0.00,0,9,9,9,0,0,0,0,0,0,0,0,0,0.00,0
1781842029,0,0,0,0.00,0.00,0,0,0,0,0,0,0,0.00,0.00,0,9,9,9,0,0,0,0,0,0,0,0,0,0.00,0
1781842030,0,0,0,0.00,0.00,0,0,0,0,0,0,0,0.00,0.00,0,9,9,9,0,0,0,0,0,0,0,0,0,0.00,0
1781842031,0,0,0,0.00,0.00,0,0,0,0,0,0,0,0.00,0.00,0,9,9,9,0,0,0,0,0,0,0,0,0,0.00,0
1781842032,0,0,0,0.00,0.00,0,0,0,0,0,0,0,0.00,0.00,0,9,9,9,0,0,0,0,0,0,0,0,0,0.00,0
1781842033,0,0,0,0.00,0.00,0,0,0,0,0,0,0,0.00,0.00,0,9,9,9,0,0,0,0,0,0,0,0,0,0.00,0
1781842034,0,0,0,0.00,0.00,0,0,0,0,0,0,0,0.00,0.00,0,10,10,10,0,0,0,0,0,0,0,0,0,0.00,0
1781842035,0,130,0,217.89,130.02,1503231,2402303,3850239,44957695,46759935,261376,47185919,5803644.06,11551740.76,130,10,10,10,0,0,0,0,0,0,2402303,44957695,46759935,5803644.06,130
1781842036,0,330,0,206.67,199.98,1227775,2083839,3035135,5697535,46039039,261376,47185919,3463024.10,7541513.27,330,10,10,10,0,0,0,0,0,0,1917951,3448831,5132287,1941621.12,200
1781842037,0,530,0,204.12,200.04,1094655,2083839,3043327,5484543,45318143,261376,47185919,3041136.30,6154690.25,530,10,10,10,0,0,0,0,0,0,2077695,5386239,6651903,2345021.44,200
1781842038,0,730,0,202.95,199.93,1032191,2051071,2938879,4861951,44564479,261376,47185919,2718000.22,5295266.80,730,10,10,10,0,0,0,0,0,0,1756159,3432447,3469311,1861689.60,200
1781842039,0,930,0,202.31,199.99,1035263,2054143,2947071,5021695,43909119,261376,47185919,2604833.72,4741604.94,930,10,10,10,0,0,0,0,0,0,2054143,5222399,6455295,2191776.00,200
1781842040,0,1130,0,201.91,200.10,1032191,2050047,2996223,5062655,9314303,261376,47185919,2532286.87,4348117.32,1130,10,10,10,0,0,0,0,0,0,2041855,5083135,6365183,2194944.00,200
1781842041,0,1330,0,201.60,199.88,1027071,2040831,2947071,4890623,6746111,261376,47185919,2451087.01,4039369.33,1330,10,10,10,0,0,0,0,0,0,2002943,3512319,5877759,1992307.84,200
1781842042,0,1530,0,201.40,200.06,1030655,2041855,2951167,4960255,6664191,261376,47185919,2415356.82,3800975.89,1530,10,10,10,0,0,0,0,0,0,2053119,5115903,6479871,2177751.04,200
1781842043,0,1730,0,201.23,199.95,1025023,2034687,2842623,4706303,6655999,261376,47185919,2347389.19,3594224.90,1730,10,10,10,0,0,0,0,0,0,1742847,3383295,3442687,1827436.80,200
1781842044,0,1930,0,201.11,200.02,1024511,2027519,2820095,4607999,6496255,261376,47185919,2308680.09,3425974.20,1930,10,10,10,0,0,0,0,0,0,1894399,3489791,5804031,1973846.40,200
1781842045,0,2130,0,201.00,199.96,1023487,2023423,2801663,4378623,6459391,261376,47185919,2265702.58,3277577.94,2130,10,10,10,0,0,0,0,0,0,1769471,3414015,3459071,1850969.60,200
1781842046,0,2330,0,200.92,200.11,1021951,2004991,2785279,4167679,6438911,261376,47185919,2227055.57,3148580.55,2330,10,10,10,0,0,0,0,0,0,1737727,3274751,3420159,1815464.96,200
1781842047,0,2530,0,200.84,199.87,1021951,1994751,2795519,4288511,6451199,261376,47185919,2230598.98,3094603.76,2530,10,10,10,0,0,0,0,0,0,1959935,5156863,6451199,2271879.68,200
1781842048,0,2730,0,200.77,199.97,1023999,2021375,2859007,4636671,6451199,231552,47185919,2257082.75,3013993.82,2730,10,10,10,0,0,0,0,0,0,2355199,5894143,6352895,2592102.40,200
1781842049,0,2930,0,200.73,200.14,1021951,2011135,2846719,4607999,6438911,231552,47185919,2234265.99,2927340.22,2930,10,10,10,0,0,0,0,0,0,1883135,3508223,5861375,1922817.28,200
1781842050,0,3130,0,200.68,199.89,1020927,1997823,2852863,4632575,6438911,231552,47185919,2228130.84,2860981.69,3130,10,10,10,0,0,0,0,0,0,1969151,4960255,6234111,2138250.88,200
1781842051,0,3330,0,200.64,200.07,1015807,1986559,2846719,4599807,6434815,231552,47185919,2211903.88,2790351.90,3330,10,10,10,0,0,0,0,0,0,1961983,3411967,5885951,1957952.00,200
1781842052,0,3530,0,200.60,199.89,1011711,1981439,2824191,4448255,6365183,231552,47185919,2189076.16,2722077.57,3530,10,10,10,0,0,0,0,0,0,1693695,3358719,3399679,1808994.56,200
1781842053,0,3730,0,200.57,200.05,1008127,1978367,2809855,4313087,6352895,231552,47185919,2169033.39,2659370.04,3730,10,10,10,0,0,0,0,0,0,1712127,3362815,3430399,1815278.40,200
1781842054,0,3930,0,200.54,200.10,1007615,1972223,2799615,4218879,6344703,231552,47185919,2151471.05,2600985.64,3930,10,10,10,0,0,0,0,0,0,1755135,3362815,3471359,1823933.44,200
1781842055,0,4130,0,200.52,200.04,1010687,1981439,2815999,4349951,6344703,231552,47185919,2160675.50,2558353.80,4130,10,10,10,0,0,0,0,0,0,2125823,5488639,6316031,2341543.04,200
1781842056,0,4330,0,200.49,199.84,1013247,1983487,2824191,4456447,6352895,231552,47185919,2167295.96,2519701.38,4330,10,10,10,0,0,0,0,0,0,2094079,5509119,6541311,2304008.32,200
1781842057,0,4530,0,200.47,199.99,1013759,1985535,2824191,4501503,6356991,231552,47185919,2173678.61,2526618.48,4530,10,10,10,0,0,0,0,0,0,2044927,5046271,6422527,2311863.04,200
1781842058,0,4730,0,200.45,200.05,1015295,1988607,2840575,4587519,6356991,231552,47185919,2177918.69,2490548.40,4730,10,10,10,0,0,0,0,0,0,2096127,5402623,6135807,2273956.48,200
1781842059,0,4930,0,200.44,200.13,1020927,1997823,2871295,4751359,6397951,231552,47185919,2196434.16,2464199.38,4930,10,10,10,0,0,0,0,0,0,2437119,5935103,6569983,2634325.12,200
1781842060,0,5130,0,200.42,200.00,1020415,1996799,2871295,4714495,6365183,231552,47185919,2190752.92,2432501.20,5130,10,10,10,0,0,0,0,0,0,1988607,3543039,5840895,2050710.40,200
1781842061,0,5330,0,200.40,199.90,1019391,1997823,2883583,4739071,6356991,231552,47185919,2188808.59,2400364.06,5330,10,10,10,0,0,0,0,0,0,2003967,4927487,6246399,2138936.32,200
1781842062,0,5530,0,200.38,199.94,1017855,1995775,2867199,4636671,6348799,231552,47185919,2176010.27,2364555.15,5530,10,10,10,0,0,0,0,0,0,1689599,3348479,3373055,1834935.04,200
1781842063,0,5730,0,200.37,200.11,1015807,1993727,2861055,4616191,6348799,231552,47185919,2168157.35,2334074.79,5730,10,10,10,0,0,0,0,0,0,1890303,3528703,5832703,1951024.32,200
1781842064,0,5930,0,200.36,199.92,1013759,1987583,2848767,4567039,6336511,231552,47185919,2154474.76,2302322.53,5930,10,10,10,0,0,0,0,0,0,1824767,3201023,3450879,1762468.48,200
1781842065,0,6130,0,200.35,200.11,1012223,1979391,2830335,4485119,6316031,231552,47185919,2140188.29,2272139.45,6130,10,10,10,0,0,0,0,0,0,1672191,3178495,3405823,1716594.56,200
1781842066,0,6330,0,200.33,199.87,1010175,1971199,2820095,4411391,6266879,231552,47185919,2126060.56,2243437.66,6330,10,10,10,0,0,0,0,0,0,1692671,3170303,3229695,1693045.44,200
1781842067,0,6530,0,200.33,200.07,1007615,1965055,2818047,4325375,6246399,231552,47185919,2118276.34,2243154.91,6530,10,10,10,0,0,0,0,0,0,1654783,3225599,3297279,1871905.92,200
1781842068,0,6730,0,200.32,200.02,1005055,1954815,2809855,4272127,6242303,231552,47185919,2107048.28,2216514.03,6730,10,10,10,0,0,0,0,0,0,1648639,3213311,3282943,1740452.16,200
1781842069,0,6930,0,200.31,199.95,1003519,1953791,2807807,4255743,6234111,231552,47185919,2101580.86,2192604.95,6930,10,10,10,0,0,0,0,0,0,1890303,3469311,4980735,1917602.24,200
1781842070,0,7130,0,200.30,200.11,1005055,1957887,2820095,4358143,6242303,231552,47185919,2112546.05,2181288.94,7130,10,10,10,0,0,0,0,0,0,2224127,5881855,6488063,2492489.60,200
1781842071,0,7330,0,200.29,199.99,1004031,1954815,2818047,4321279,6234111,231552,47185919,2107229.98,2160109.73,7330,10,10,10,0,0,0,0,0,0,1887231,3448831,5685247,1917712.32,200
1781842072,0,7530,0,200.28,199.89,1005055,1957887,2824191,4448255,6242303,231552,47185919,2114930.07,2147287.81,7530,10,10,10,0,0,0,0,0,0,2201599,5709823,6324223,2397138.24,200
1781842073,0,7730,0,200.28,200.13,1005567,1960959,2834431,4530175,6242303,231552,47185919,2121112.56,2134514.12,7730,10,10,10,0,0,0,0,0,0,2179071,5603327,6225919,2353883.20,200
1781842074,0,7930,0,200.27,199.88,1005055,1961983,2844671,4587519,6242303,231552,47185919,2123783.51,2120408.61,7930,10,10,10,0,0,0,0,0,0,2035711,5320703,6217727,2227016.00,200
1781842075,0,8130,0,200.26,200.05,1005567,1965055,2852863,4632575,6242303,231552,47185919,2130829.66,2109668.28,8130,10,10,10,0,0,0,0,0,0,2205695,5844991,6537215,2410209.28,200
1781842076,0,8330,0,200.25,199.91,1005567,1965055,2854911,4636671,6242303,231552,47185919,2130981.26,2094909.87,8330,10,10,10,0,0,0,0,0,0,1953791,4833279,6082559,2137143.68,200
1781842077,0,8530,0,200.25,200.03,1009663,1978367,2875391,4845567,6336511,231552,47185919,2157524.37,2116079.59,8530,10,10,10,0,0,0,0,0,0,2885631,6459391,6828031,3263045.12,200
1781842078,0,8730,0,200.24,200.02,1012223,1984511,2887679,4907007,6348799,231552,47185919,2169683.83,2109477.09,8730,10,10,10,0,0,0,0,0,0,2390015,6111231,6737919,2688284.80,200
1781842079,0,8930,0,200.24,200.08,1012223,1983487,2887679,4898815,6348799,231552,47185919,2166158.24,2093354.42,8930,10,10,10,0,0,0,0,0,0,1973247,3438591,6041599,2012266.24,200
1781842080,0,9130,0,200.23,199.94,1011199,1980415,2883583,4866047,6348799,231552,47185919,2159352.62,2080365.78,9130,10,10,10,0,0,0,0,0,0,1692671,3276799,3340287,1855481.60,200
1781842081,0,9330,0,200.23,200.02,1010687,1976319,2879487,4833279,6344703,231552,47185919,2151656.52,2063026.78,9330,10,10,10,0,0,0,0,0,0,1683455,3254271,3293183,1800329.60,200
1781842082,0,9530,0,200.22,199.88,1010687,1973247,2873343,4792319,6340607,231552,47185919,2144369.12,2046302.62,9530,10,10,10,0,0,0,0,0,0,1685503,3252223,3287039,1804412.16,200
1781842083,0,9730,0,200.22,200.10,1010175,1972223,2873343,4780031,6340607,231552,47185919,2141132.06,2032609.18,9730,10,10,10,0,0,0,0,0,0,1960959,3383295,6135807,1986885.76,200
1781842084,0,9930,0,200.22,200.04,1010687,1974271,2883583,4825087,6365183,231552,47185919,2151589.97,2039335.40,9930,10,10,10,0,0,0,0,0,0,2269183,6332415,11436031,2660367.36,200
1781842085,0,10130,0,200.21,199.91,1011199,1974271,2885631,4849663,6389759,231552,47185919,2153881.21,2030249.18,10130,10,10,10,0,0,0,0,0,0,2001919,5607423,6406143,2267641.60,200
1781842086,0,10330,0,200.21,200.05,1011711,1978367,2895871,4882431,6397951,231552,47185919,2158854.36,2022238.43,10330,10,10,10,0,0,0,0,0,0,2275327,5672959,6483967,2410744.00,200
1781842087,0,10530,0,200.20,200.06,1013247,1982463,2912255,4964351,6434815,231552,47185919,2176982.29,2046455.07,10530,10,10,10,0,0,0,0,0,0,2686975,6279167,6586367,3113290.24,200
1781842088,0,10730,0,200.20,199.90,1012735,1979391,2904063,4935679,6418431,231552,47185919,2169355.59,2032194.48,10730,10,10,10,0,0,0,0,0,0,1671167,3246079,3280895,1767809.60,200
1781842089,0,10930,0,200.20,200.08,1012223,1978367,2899967,4907007,6406143,231552,47185919,2162382.15,2018292.11,10930,10,10,10,0,0,0,0,0,0,1732607,3250175,3313663,1788257.28,200
1781842090,0,11130,0,200.19,200.05,1011711,1976319,2895871,4882431,6397951,231552,47185919,2156758.51,2008732.35,11130,10,10,10,0,0,0,0,0,0,1783807,3264511,3303423,1849426.56,200
1781842091,0,11330,0,200.19,199.90,1011199,1973247,2889727,4857855,6393855,231552,47185919,2150248.65,1995467.11,11330,10,10,10,0,0,0,0,0,0,1782783,3231743,3291135,1787974.72,200
1781842092,0,11530,0,200.18,200.03,1010687,1972223,2885631,4857855,6365183,231552,47185919,2148620.51,1985276.65,11530,10,10,10,0,0,0,0,0,0,1912831,4714495,5943295,2056386.56,200
1781842093,0,11730,0,200.18,200.03,1010687,1971199,2883583,4825087,6352895,231552,47185919,2142911.35,1972526.83,11730,10,10,10,0,0,0,0,0,0,1705983,3278847,3332095,1813777.92,200
1781842094,0,11930,0,200.18,199.86,1010687,1970175,2877439,4788223,6348799,231552,47185919,2137179.24,1960174.66,11930,10,10,10,0,0,0,0,0,0,1743871,3293183,3348479,1800991.36,200
1781842095,0,12150,0,200.50,220.01,1010687,1971199,2881535,4841471,6438911,231552,47185919,2145070.60,1967932.88,12150,10,10,10,0,0,0,0,0,0,1994751,7225343,11239423,2572997.24,220
1781842096,0,12350,0,200.50,200.11,1010687,1971199,2879487,4804607,6438911,231552,47185919,2141554.14,1956380.69,12350,10,10,10,0,0,0,0,0,0,1966079,3325951,4255743,1927929.60,200
1781842097,0,12550,0,200.49,199.92,1011199,1971199,2881535,4816895,6434815,231552,47185919,2143878.31,1964588.21,12550,10,10,10,0,0,0,0,0,0,1985535,5066751,6344703,2287395.84,200
1781842098,0,12750,0,200.48,200.07,1010687,1971199,2881535,4796415,6434815,231552,47185919,2141194.82,1954716.79,12750,10,10,10,0,0,0,0,0,0,1959935,3342335,5824511,1972805.76,200
1781842099,0,12950,0,200.47,200.02,1010687,1971199,2885631,4825087,6434815,231552,47185919,2143602.05,1948593.27,12950,10,10,10,0,0,0,0,0,0,1983487,5545983,6422527,2297063.04,200
1781842100,0,13150,0,200.47,199.93,1011199,1972223,2887679,4833279,6434815,231552,47185919,2144329.83,1942468.37,13150,10,10,10,0,0,0,0,0,0,1980415,5271551,6561791,2191453.44,200
1781842101,0,13350,0,200.46,199.96,1011199,1971199,2885631,4816895,6426623,231552,47185919,2141699.74,1933112.45,13350,10,10,10,0,0,0,0,0,0,1958911,3387391,5722111,1968771.20,200
1781842102,0,13550,0,200.45,200.13,1011199,1970175,2883583,4788223,6422527,231552,47185919,2136720.91,1922546.97,13550,10,10,10,0,0,0,0,0,0,1725439,3252223,3325951,1804384.00,200
1781842103,0,13750,0,200.44,199.83,1010687,1970175,2881535,4759551,6410239,231552,47185919,2132162.06,1912203.59,13750,10,10,10,0,0,0,0,0,0,1759231,3274751,3350527,1823299.84,200
1781842104,0,13950,0,200.44,200.12,1010687,1969151,2875391,4739071,6406143,231552,47185919,2128582.44,1902491.29,13950,10,10,10,0,0,0,0,0,0,1905663,3350527,4272127,1882483.84,200
1781842105,0,14150,0,200.43,199.96,1011199,1971199,2887679,4825087,6422527,231552,47185919,2139696.45,1903650.50,14150,10,10,10,0,0,0,0,0,0,2537471,6184959,6692863,2914898.56,200
1781842106,0,14350,0,200.43,199.94,1011711,1972223,2887679,4825087,6410239,231552,47185919,2139789.58,1896660.36,14350,10,10,10,0,0,0,0,0,0,2056191,4698111,5935103,2146378.24,200
1781842107,0,14550,0,200.42,200.12,1011199,1971199,2883583,4792319,6406143,231552,47185919,2136912.32,1901532.24,14550,10,10,10,0,0,0,0,0,0,1824767,3196927,3483647,1930469.12,200
1781842108,0,14750,0,200.41,199.89,1011711,1971199,2883583,4796415,6406143,231552,47185919,2137387.09,1895334.60,14750,10,10,10,0,0,0,0,0,0,2045951,5066751,6311935,2171927.04,200
1781842109,0,14950,0,200.41,200.09,1012223,1972223,2885631,4825087,6410239,231552,47185919,2139829.31,1891063.79,14950,10,10,10,0,0,0,0,0,0,2082815,5672959,6557695,2319943.04,200
1781842110,0,15150,0,200.40,199.94,1012735,1973247,2887679,4845567,6418431,231552,47185919,2142736.59,1889509.49,15150,10,10,10,0,0,0,0,0,0,2003967,5582847,6475775,2360055.68,200
1781842111,0,15350,0,200.40,200.10,1012735,1973247,2887679,4841471,6410239,231552,47185919,2142320.46,1882593.28,15350,10,10,10,0,0,0,0,0,0,2011135,4235263,5971967,2110798.72,200
1781842112,0,15550,0,200.40,200.00,1012223,1972223,2883583,4812799,6406143,231552,47185919,2137040.04,1874036.85,15550,10,10,10,0,0,0,0,0,0,1643519,3201023,3272703,1731767.68,200
1781842113,0,15750,0,200.39,200.01,1011199,1971199,2877439,4784127,6402047,231552,47185919,2131957.15,1865673.20,15750,10,10,10,0,0,0,0,0,0,1636351,3217407,3295231,1736761.92,200
1781842114,0,15950,0,200.38,199.85,1011199,1969151,2873343,4780031,6397951,231552,47185919,2128980.81,1858789.94,15950,10,10,10,0,0,0,0,0,0,1873919,3299327,5787647,1894593.92,200
1781842115,0,16150,0,200.38,200.15,1010687,1969151,2877439,4792319,6397951,231552,47185919,2130458.46,1854753.66,16150,10,10,10,0,0,0,0,0,0,1968127,5566463,6262783,2248301.44,200
1781842116,0,16350,0,200.37,199.91,1010687,1968127,2877439,4792319,6397951,231552,47185919,2129695.43,1849315.18,16350,10,10,10,0,0,0,0,0,0,1911807,4845567,6172671,2068080.64,200
1781842117,0,16550,0,200.37,200.10,1010175,1967103,2871295,4775935,6393855,231552,47185919,2125305.77,1841497.58,16550,10,10,10,0,0,0,0,0,0,1803263,3231743,3319807,1766451.52,200
1781842118,0,16750,0,200.37,199.96,1009663,1965055,2867199,4747263,6385663,231552,47185919,2120613.46,1833844.05,16750,10,10,10,0,0,0,0,0,0,1692671,3194879,3334143,1732324.16,200
1781842119,0,16950,0,200.36,199.97,1009663,1965055,2867199,4767743,6389759,231552,47185919,2121787.90,1830264.59,16950,10,10,10,0,0,0,0,0,0,1934335,5443583,6434815,2220147.84,200
1781842120,0,17150,0,200.36,200.10,1008639,1964031,2863103,4747263,6385663,231552,47185919,2118006.80,1825612.56,17150,10,10,10,0,0,0,0,0,0,1730559,3211263,3276799,1797558.72,200
1781842121,0,17350,0,200.35,199.93,1007615,1961983,2861055,4718591,6361087,231552,47185919,2113518.03,1818350.94,17350,10,10,10,0,0,0,0,0,0,1644543,3203071,3264511,1728605.76,200
1781842122,0,17550,0,200.35,199.87,1007615,1960959,2859007,4714495,6361087,231552,47185919,2111764.34,1812707.57,17550,10,10,10,0,0,0,0,0,0,1884159,3465215,6082559,1959631.36,200
1781842123,0,17750,0,200.35,200.13,1007615,1961983,2856959,4710399,6356991,231552,47185919,2110260.34,1807023.44,17750,10,10,10,0,0,0,0,0,0,1991679,3461119,5910527,1978284.16,200
1781842124,0,17950,0,200.34,199.91,1007615,1960959,2852863,4685823,6348799,231552,47185919,2106342.90,1800096.57,17950,10,10,10,0,0,0,0,0,0,1722367,3229695,3403775,1758670.40,200
1781842125,0,18150,0,200.34,200.11,1008127,1963007,2859007,4734975,6365183,231552,47185919,2112192.85,1799952.99,18150,10,10,10,0,0,0,0,0,0,2373631,6045695,6610943,2637225.60,200
1781842126,0,18350,0,200.33,200.00,1007615,1961983,2859007,4714495,6361087,231552,47185919,2109958.53,1794517.65,18350,10,10,10,0,0,0,0,0,0,1872895,3307519,5869567,1907193.92,200
1781842127,0,18550,0,200.33,199.93,1007615,1960959,2856959,4714495,6356991,208000,47185919,2109346.82,1804948.59,18550,10,10,10,0,0,0,0,0,0,1862655,3561471,5963775,2053222.40,200
1781842128,0,18750,0,200.33,199.97,1007103,1958911,2854911,4706303,6352895,208000,47185919,2107059.24,1799579.21,18750,10,10,10,0,0,0,0,0,0,1872895,3362815,5820415,1894886.72,200
1781842129,0,18950,0,200.32,199.98,1006591,1958911,2854911,4710399,6348799,208000,47185919,2106394.41,1795325.71,18950,10,10,10,0,0,0,0,0,0,1902591,4771839,6029311,2044066.88,200
1781842130,0,19150,0,200.32,200.06,1006591,1957887,2852863,4706303,6348799,208000,47185919,2104946.74,1791675.81,19150,10,10,10,0,0,0,0,0,0,1883135,3639295,6316031,1967779.20,200
1781842131,0,19350,0,200.32,200.05,1006591,1956863,2852863,4706303,6348799,208000,47185919,2104320.49,1787473.03,19350,10,10,10,0,0,0,0,0,0,1912831,4739071,6086655,2044357.12,200
1781842132,0,19550,0,200.31,199.94,1005567,1955839,2852863,4698111,6348799,208000,47185919,2102270.84,1782394.13,19550,10,10,10,0,0,0,0,0,0,1883135,3368959,5758975,1903967.68,200
1781842133,0,19750,0,200.31,200.10,1005567,1955839,2854911,4710399,6344703,208000,47185919,2103551.78,1779459.74,19750,10,10,10,0,0,0,0,0,0,2014207,5349375,6193151,2228763.52,200
1781842134,0,19950,0,200.31,199.90,1006079,1956863,2859007,4747263,6348799,208000,47185919,2107897.80,1779045.56,19950,10,10,10,0,0,0,0,0,0,2263039,5828607,6451199,2537067.20,200
1781842135,0,20150,0,200.30,199.94,1005567,1955839,2854911,4734975,6344703,208000,47185919,2104215.71,1773070.65,20150,10,10,10,0,0,0,0,0,0,1691647,3194879,3282943,1736927.04,200
1781842136,0,20350,0,200.30,200.17,1005055,1953791,2852863,4710399,6344703,208000,47185919,2101015.57,1767159.77,20350,10,10,10,0,0,0,0,0,0,1870847,3231743,3338239,1778601.60,200
1781842137,0,20550,0,200.30,199.95,1004543,1952767,2852863,4689919,6344703,208000,47185919,2099031.15,1771997.57,20550,10,10,10,0,0,0,0,0,0,1820671,3221503,3305471,1897116.48,200
1781842138,0,20750,0,200.30,199.98,1003519,1950719,2850815,4661247,6340607,208000,47185919,2095630.99,1766217.21,20750,10,10,10,0,0,0,0,0,0,1646591,3215359,3295231,1746264.32,200
1781842139,0,20950,0,200.29,199.92,1003519,1948671,2848767,4636671,6332415,208000,47185919,2092236.60,1760534.51,20950,10,10,10,0,0,0,0,0,0,1655807,3235839,3299327,1740069.12,200
1781842140,0,21150,0,200.29,200.13,1003007,1947647,2846719,4632575,6328319,208000,47185919,2091281.88,1760331.62,21150,10,10,10,0,0,0,0,0,0,1892351,3332095,5943295,1991275.20,200
1781842141,0,21350,0,200.29,199.98,1002495,1945599,2844671,4607999,6328319,208000,47185919,2088010.83,1754783.90,21350,10,10,10,0,0,0,0,0,0,1629183,3211263,3299327,1742096.64,200
1781842142,0,21550,0,200.28,199.97,1002495,1945599,2844671,4616191,6324223,208000,47185919,2087825.94,1751386.92,21550,10,10,10,0,0,0,0,0,0,1917951,4841471,6086655,2068089.28,200
1781842143,0,21750,0,200.28,199.96,1002495,1946623,2844671,4620287,6324223,208000,47185919,2088066.63,1748120.46,21750,10,10,10,0,0,0,0,0,0,1968127,4894719,6176767,2114000.64,200
1781842144,0,21950,0,200.28,199.95,1002495,1945599,2844671,4595711,6320127,208000,47185919,2085641.80,1742661.17,21950,10,10,10,0,0,0,0,0,0,1713151,3313663,3387391,1821941.76,200
1781842145,0,22150,0,200.28,199.98,1003007,1946623,2842623,4587519,6320127,208000,47185919,2084590.04,1738341.54,22150,10,10,10,0,0,0,0,0,0,1983487,3377151,5779455,1969159.04,200
1781842146,0,22350,0,200.27,200.04,1003007,1946623,2840575,4579327,6316031,208000,47185919,2082311.67,1733021.45,22350,10,10,10,0,0,0,0,0,0,1703935,3305471,3356671,1829982.72,200
1781842147,0,22550,0,200.27,199.95,1003007,1946623,2840575,4575231,6316031,208000,47185919,2081327.74,1728753.54,22550,10,10,10,0,0,0,0,0,0,1970175,3368959,5640191,1971373.44,200
1781842148,0,22750,0,200.27,200.09,1003007,1946623,2838527,4562943,6307839,208000,47185919,2079103.90,1723590.27,22750,10,10,10,0,0,0,0,0,0,1692671,3311615,3338239,1828366.08,200
1781842149,0,22950,0,200.27,199.91,1003007,1947647,2836479,4558847,6307839,208000,47185919,2078338.95,1719612.50,22950,10,10,10,0,0,0,0,0,0,1978367,3403775,5894143,1991326.08,200
1781842150,0,23150,0,200.26,199.99,1003519,1949695,2842623,4579327,6311935,208000,47185919,2082144.49,1720971.02,23150,10,10,10,0,0,0,0,0,0,2308095,5877759,6533119,2518830.08,200
1781842151,0,23350,0,200.26,200.11,1004031,1951743,2846719,4591615,6316031,208000,47185919,2085257.96,1720198.64,23350,10,10,10,0,0,0,0,0,0,2289663,5820415,6430719,2445642.24,200
1781842152,0,23550,0,200.26,199.98,1004543,1953791,2848767,4620287,6316031,208000,47185919,2088462.44,1719426.80,23550,10,10,10,0,0,0,0,0,0,2306047,5771263,6455295,2462585.60,200
1781842153,0,23750,0,200.26,200.05,1004543,1953791,2850815,4628479,6316031,208000,47185919,2089142.89,1716902.27,23750,10,10,10,0,0,0,0,0,0,1954815,5091327,6107135,2169264.96,200
1781842154,0,23950,0,200.26,199.94,1004031,1951743,2846719,4607999,6311935,208000,47185919,2086057.08,1712255.59,23950,10,10,10,0,0,0,0,0,0,1643519,3190783,3354623,1719617.28,200
1781842155,0,24350,0,201.91,399.97,1004543,1948671,2846719,4694015,6402047,173568,47185919,2109372.94,1882522.67,24350,10,10,10,0,0,0,0,0,0,1710079,11935743,36438015,3505410.24,400
1781842156,0,24850,0,204.36,500.03,999423,1927167,2824191,4640767,6393855,173568,47185919,2088966.79,1870627.53,24850,10,10,10,0,0,0,0,0,0,1089535,2150399,2398207,1095187.46,500
1781842157,0,25350,0,206.78,500.08,992767,1908735,2801663,4595711,6369279,173568,47185919,2070731.01,1863418.03,25350,10,10,10,0,0,0,0,0,0,1032191,2500607,2799615,1164412.42,500
1781842158,0,25850,0,209.15,500.17,991231,1897471,2775039,4571135,6352895,173568,47185919,2058410.86,1850066.55,25850,10,10,10,0,0,0,0,0,0,1428479,2619391,2789375,1433779.58,500
1781842159,0,26350,0,211.48,499.66,985087,1884159,2754559,4538367,6344703,173568,47185919,2042767.86,1838643.78,26350,10,10,10,0,0,0,0,0,0,1153023,2547711,3508223,1234024.32,500
1781842160,0,26850,0,213.78,500.21,985087,1875967,2734079,4497407,6344703,173568,47185919,2035151.35,1837101.46,26850,10,10,10,0,0,0,0,0,0,1550335,2709503,3155967,1633761.66,500
1781842161,0,27350,0,216.04,500.15,977407,1849343,2711551,4452351,6328319,173568,47185919,2019387.10,1826227.26,27350,10,10,10,0,0,0,0,0,0,1095679,2523135,2801663,1172846.59,500
1781842162,0,27850,0,218.27,499.82,972799,1812479,2691071,4423679,6324223,173568,47185919,2007351.88,1815766.67,27850,10,10,10,0,0,0,0,0,0,1279999,2557951,5619711,1349025.41,500
1781842163,0,28350,0,220.46,500.19,968191,1758207,2674687,4374527,6316031,173568,47185919,1994006.70,1804509.07,28350,10,10,10,0,0,0,0,0,0,1244159,2406399,2594815,1250680.32,500
1781842164,0,28850,0,222.61,499.65,963583,1731583,2660351,4313087,6311935,173568,47185919,1981901.37,1801541.67,28850,10,10,10,0,0,0,0,0,0,1209343,2426879,2709503,1295528.96,500
1781842165,0,29350,0,224.74,500.06,961535,1717247,2650111,4276223,6307839,173568,47185919,1971844.17,1790179.61,29350,10,10,10,0,0,0,0,0,0,1371135,2523135,3026943,1391543.68,500
1781842166,0,29850,0,226.83,500.03,960511,1712127,2641919,4247551,6291455,173568,47185919,1964171.49,1778689.32,29850,10,10,10,0,0,0,0,0,0,1540095,2633727,2789375,1513785.09,500
1781842167,0,30350,0,228.89,500.18,954367,1693695,2629631,4206591,6287359,173568,47185919,1953216.67,1782803.28,30350,10,10,10,0,0,0,0,0,0,1153023,2471935,3368959,1299214.34,500
1781842168,0,30850,0,230.92,499.84,947199,1679359,2621439,4198399,6279167,173568,47185919,1940994.64,1775310.33,30850,10,10,10,0,0,0,0,0,0,1018879,2959359,5472255,1199117.06,500
1781842169,0,31350,0,232.92,499.87,942591,1670143,2611199,4163583,6266879,173568,47185919,1929138.77,1765432.41,31350,10,10,10,0,0,0,0,0,0,1179647,2320383,2820095,1197631.74,500
1781842170,0,31850,0,234.89,500.07,939519,1660927,2603007,4159487,6287359,173568,47185919,1922758.43,1781499.84,31850,10,10,10,0,0,0,0,0,0,1202175,2484223,8970239,1522710.91,500
1781842171,0,32350,0,236.83,500.25,935423,1652735,2594815,4159487,6307839,173568,47185919,1919325.88,1810820.48,32350,10,10,10,0,0,0,0,0,0,1132543,4239359,22429695,1700672.90,500
1781842172,0,32850,0,238.74,499.93,937983,1652735,2586623,4128767,6303743,173568,47185919,1915998.74,1800149.06,32850,10,10,10,0,0,0,0,0,0,1649663,2768895,4911103,1700732.54,500
1781842173,0,33350,0,240.63,499.95,934399,1644543,2578431,4081663,6291455,173568,47185919,1906343.76,1790683.15,33350,10,10,10,0,0,0,0,0,0,1181695,2629631,2897919,1272011.52,500
1781842174,0,33850,0,242.48,500.12,932863,1641471,2574335,4149247,6393855,173568,47185919,1913556.36,1826008.75,33850,10,10,10,0,0,0,0,0,0,1377279,9814015,18300927,2394637.18,500
1781842175,0,34350,0,244.32,499.82,935935,1646591,2570239,4124671,6369279,173568,47185919,1913907.04,1816102.36,34350,10,10,10,0,0,0,0,0,0,1927167,3203071,5308415,1937647.87,500
1781842176,0,34850,0,246.12,500.22,938495,1650687,2570239,4171775,6451199,168832,47185919,1927429.17,1864401.52,34850,10,10,10,0,0,0,0,0,0,1931263,10985471,23592959,2856399.36,500
1781842177,0,35350,0,247.90,499.62,934399,1641471,2562047,4141055,6451199,168832,47185919,1917152.71,1859209.40,35350,10,10,10,0,0,0,0,0,0,1083391,2406399,2883583,1200883.71,500
1781842178,0,35850,0,249.66,500.15,933887,1636351,2549759,4100095,6447103,168832,47185919,1909771.65,1849094.45,35850,10,10,10,0,0,0,0,0,0,1363967,2547711,2734079,1387930.75,500
1781842179,0,36350,0,251.39,500.00,934911,1637375,2543615,4050943,6438911,168832,47185919,1906097.98,1838613.12,36350,10,10,10,0,0,0,0,0,0,1687551,2707455,2820095,1642695.42,500
1781842180,0,36850,0,253.10,499.78,936447,1641471,2539519,4001791,6434815,168832,47185919,1905813.92,1838324.84,36850,10,10,10,0,0,0,0,0,0,1884159,2824191,2949119,1885163.14,500
1781842181,0,37350,0,254.78,500.02,932863,1634303,2531327,3954687,6426623,168832,47185919,1896946.74,1829674.91,37350,10,10,10,0,0,0,0,0,0,1138687,2752511,2967551,1243435.14,500
1781842182,0,37850,0,256.44,500.44,929791,1625087,2519039,3926015,6422527,168832,47185919,1886980.57,1820842.76,37850,10,10,10,0,0,0,0,0,0,1135615,2197503,2443263,1142507.65,500
1781842183,0,38350,0,258.08,499.88,929279,1622015,2510847,3901439,6406143,168832,47185919,1882132.14,1811676.75,38350,10,10,10,0,0,0,0,0,0,1489919,2766847,3418111,1515106.18,500
1781842184,0,38850,0,259.70,499.65,926719,1614847,2502655,3878911,6402047,168832,47185919,1877169.77,1816583.26,38850,10,10,10,0,0,0,0,0,0,1285119,2699263,4804607,1496556.03,500
1781842185,0,39350,0,261.29,500.16,924159,1605631,2492415,3858431,6414335,168832,47185919,1873310.28,1833641.93,39350,10,10,10,0,0,0,0,0,0,1175551,2533375,20856831,1573427.84,500
1781842186,0,39850,0,262.87,499.95,923647,1599487,2473983,3823615,6402047,168832,47185919,1866256.52,1824588.53,39850,10,10,10,0,0,0,0,0,0,1307647,2402303,2598911,1311126.02,500
1781842187,0,40350,0,264.42,500.34,921087,1593343,2461695,3792895,6397951,168832,47185919,1859378.98,1818814.22,40350,10,10,10,0,0,0,0,0,0,1224703,2549759,2717695,1311238.91,500
1781842188,0,40850,0,265.96,500.00,919039,1590271,2453503,3772415,6381567,168832,47185919,1854961.75,1811006.50,40850,10,10,10,0,0,0,0,0,0,1337343,3096575,4317183,1498490.75,500
1781842189,0,41350,0,267.47,499.70,918015,1586175,2449407,3815423,6455295,168832,47185919,1866876.40,1884295.87,41350,10,10,10,0,0,0,0,0,0,1293311,18792447,20922367,2840303.23,500
1781842190,0,41850,0,268.96,499.93,919039,1588223,2441215,3780607,6451199,168832,47185919,1865676.90,1882262.20,41850,10,10,10,0,0,0,0,0,0,1736703,2699263,2889727,1766478.46,500
1781842191,0,42350,0,270.44,500.27,918527,1585151,2433023,3753983,6451199,168832,47185919,1860370.63,1873440.90,42350,10,10,10,0,0,0,0,0,0,1380351,2652159,2863103,1416236.03,500
1781842192,0,42850,0,271.90,500.03,918015,1584127,2424831,3706879,6443007,168832,47185919,1855716.39,1864806.41,42850,10,10,10,0,0,0,0,0,0,1428479,2680831,2924543,1461502.34,500
1781842193,0,43350,0,273.34,500.07,916479,1579007,2414591,3670015,6434815,168832,47185919,1849044.94,1856474.71,43350,10,10,10,0,0,0,0,0,0,1232895,2506751,2781183,1277301.50,500
1781842194,0,43850,0,274.75,499.80,914431,1570815,2402303,3643391,6430719,168832,47185919,1842408.26,1853306.13,43850,10,10,10,0,0,0,0,0,0,1189887,2281471,2551807,1267008.51,500
1781842195,0,44350,0,276.16,499.77,912383,1566719,2394111,3624959,6426623,168832,47185919,1836395.47,1845129.07,44350,10,10,10,0,0,0,0,0,0,1251327,2527231,2807807,1309073.41,500
1781842196,0,44850,0,277.54,500.21,915967,1570815,2404351,3815423,6889471,168832,51052543,1907667.22,2339976.43,44850,10,10,10,0,0,0,0,0,0,2146303,35979263,50462719,8229471.10,500
1781842197,0,45350,0,278.91,500.02,913919,1568767,2396159,3782655,6852607,164864,51052543,1902986.90,2337286.21,45350,10,10,10,0,0,0,0,0,0,1325055,2646015,2930687,1483162.50,500
1781842198,0,45850,0,280.26,499.82,908799,1558527,2385919,3758079,6807551,164864,51052543,1893311.51,2327292.52,45850,10,10,10,0,0,0,0,0,0,976383,1986559,3696639,1015753.60,500
1781842199,0,46350,0,281.60,500.14,906751,1554431,2379775,3739647,6774783,164864,51052543,1888081.52,2317242.42,46350,10,10,10,0,0,0,0,0,0,1290239,2719743,5079039,1408491.78,500
1781842200,0,46850,0,282.92,500.21,905727,1548287,2369535,3692543,6762495,164864,51052543,1882470.91,2314283.21,46850,10,10,10,0,0,0,0,0,0,1260543,2344959,2535423,1362367.36,500
1781842201,0,47350,0,284.22,499.81,901119,1537023,2359295,3665919,6750207,164864,51052543,1872631.54,2304546.70,47350,10,10,10,0,0,0,0,0,0,951807,1821695,2189311,950682.75,500
1781842202,0,47850,0,285.51,500.04,898047,1525759,2351103,3637247,6729727,164864,51052543,1863957.03,2294724.44,47850,10,10,10,0,0,0,0,0,0,1049599,2119679,2398207,1042480.26,500
1781842203,0,48350,0,286.78,499.95,897023,1523711,2344959,3614719,6688767,164864,51052543,1859024.82,2284509.93,48350,10,10,10,0,0,0,0,0,0,1372159,2578431,2775039,1387012.61,500
1781842204,0,48850,0,288.04,499.79,892415,1512447,2338815,3592191,6676479,164864,51052543,1851343.61,2278897.16,48850,10,10,10,0,0,0,0,0,0,1031679,2160639,2461695,1108570.88,500
1781842205,0,49350,0,289.28,500.37,890367,1505279,2330623,3561471,6664191,164864,51052543,1844165.39,2269173.61,49350,10,10,10,0,0,0,0,0,0,1148927,2181119,2363391,1142852.86,500
1781842206,0,49850,0,290.51,499.62,887295,1498111,2322431,3538943,6643711,164864,51052543,1836628.32,2259744.61,49850,10,10,10,0,0,0,0,0,0,1087487,2181119,2412543,1092719.62,500
1781842207,0,50350,0,291.72,500.07,888319,1498111,2320383,3522559,6619135,164864,51052543,1834289.51,2252206.36,50350,10,10,10,0,0,0,0,0,0,1582079,2672639,2885631,1601110.53,500
1781842208,0,50850,0,292.92,499.96,886783,1496063,2316287,3506175,6606847,164864,51052543,1829692.76,2242901.17,50850,10,10,10,0,0,0,0,0,0,1293311,2709503,2926591,1366799.62,500
1781842209,0,51350,0,294.11,500.36,885759,1491967,2312191,3493887,6582271,164864,51052543,1824332.46,2233517.68,51350,10,10,10,0,0,0,0,0,0,1283071,2363391,2525183,1279190.40,500
1781842210,0,51850,0,295.28,499.93,885247,1488895,2308095,3483647,6574079,164864,51052543,1820529.53,2230674.40,51850,10,10,10,0,0,0,0,0,0,1320959,2408447,2564095,1429968.51,500
1781842211,0,52350,0,296.44,500.00,885247,1489919,2308095,3479551,6602751,164864,51052543,1819264.17,2223464.67,52350,10,10,10,0,0,0,0,0,0,1511423,2789375,7155711,1688045.95,500
1781842212,0,52850,0,297.58,500.02,881663,1482751,2301951,3471359,6578175,164864,51052543,1812526.30,2214825.45,52850,10,10,10,0,0,0,0,0,0,1051647,2301951,2715647,1107071.62,500
1781842213,0,53350,0,298.72,499.85,882687,1483775,2301951,3489791,6643711,164864,51052543,1815284.88,2213332.17,53350,10,10,10,0,0,0,0,0,0,1548287,5939199,10502143,2106866.30,500
1781842214,0,53850,0,299.84,500.05,881663,1481727,2299903,3479551,6639615,164864,51052543,1811944.88,2211572.42,53850,10,10,10,0,0,0,0,0,0,1306623,2541567,2820095,1455566.98,500
1781842215,0,54190,0,300.06,340.14,880639,1480703,2297855,3479551,6619135,164864,51052543,1810523.96,2206529.93,54190,10,10,10,0,0,0,0,0,0,1338367,3973119,5423103,1585476.33,340
1781842216,0,54390,0,299.51,199.97,881151,1481727,2299903,3489791,6615039,164864,51052543,1811934.18,2204502.54,54390,10,10,10,0,0,0,0,0,0,1906687,5525503,6500351,2194032.64,200
1781842217,0,54590,0,298.96,199.90,881151,1482751,2299903,3489791,6610943,164864,51052543,1812894.39,2206104.53,54590,10,10,10,0,0,0,0,0,0,1888255,3594239,6221823,2074023.68,200
1781842218,0,54790,0,298.43,200.05,881663,1483775,2301951,3485695,6606847,164864,51052543,1812655.90,2202840.08,54790,10,10,10,0,0,0,0,0,0,1734655,3260415,3301375,1747559.36,200
1781842219,0,54990,0,297.89,199.90,881663,1484799,2301951,3483647,6602751,164864,51052543,1812874.67,2199950.42,54990,10,10,10,0,0,0,0,0,0,1864703,3321855,5685247,1872806.08,200
1781842220,0,55190,0,297.37,200.18,882175,1485823,2303999,3485695,6598655,164864,51052543,1813503.15,2197923.20,55190,10,10,10,0,0,0,0,0,0,1895423,3721215,6094847,1986303.04,200
1781842221,0,55390,0,296.84,200.01,882687,1487871,2306047,3491839,6582271,164864,51052543,1814556.44,2195578.94,55390,10,10,10,0,0,0,0,0,0,1936383,4935679,6168575,2105212.80,200
1781842222,0,55590,0,296.33,199.95,883199,1488895,2306047,3495935,6574079,164864,51052543,1815388.76,2193139.99,55590,10,10,10,0,0,0,0,0,0,1907711,4730879,6062079,2045900.16,200
1781842223,0,55790,0,295.82,199.90,883711,1489919,2308095,3502079,6569983,164864,51052543,1816209.01,2190717.13,55790,10,10,10,0,0,0,0,0,0,1923071,4816895,6119423,2044198.40,200
1781842224,0,55990,0,295.31,200.04,884223,1491967,2308095,3506175,6561791,164864,51052543,1817160.27,2188377.91,55990,10,10,10,0,0,0,0,0,0,1917951,4771839,6082559,2082512.00,200
1781842225,0,56190,0,294.81,200.01,884223,1492991,2310143,3512319,6557695,164864,51052543,1818257.26,2186195.85,56190,10,10,10,0,0,0,0,0,0,1918975,5038079,6475775,2125360.96,200
1781842226,0,56390,0,294.32,199.98,884735,1494015,2310143,3512319,6553599,164864,51052543,1818822.31,2183473.99,56390,10,10,10,0,0,0,0,0,0,1945599,3401727,5914623,1977572.48,200
1781842227,0,56590,0,293.83,199.97,885247,1495039,2312191,3508223,6549503,164864,51052543,1819358.16,2183655.13,56590,10,10,10,0,0,0,0,0,0,1867775,3364863,3409919,1970440.96,200
1781842228,0,56790,0,293.34,200.04,885759,1496063,2312191,3504127,6549503,164864,51052543,1819536.47,2180563.93,56790,10,10,10,0,0,0,0,0,0,1755135,3381247,3422207,1869989.12,200
1781842229,0,56990,0,292.86,199.92,886271,1497087,2314239,3512319,6549503,164864,51052543,1821310.49,2178818.58,56990,10,10,10,0,0,0,0,0,0,2037759,5709823,6565887,2325045.12,200
1781842230,0,57190,0,292.39,200.05,886783,1498111,2316287,3514367,6549503,164864,51052543,1822184.64,2177487.54,57190,10,10,10,0,0,0,0,0,0,1887231,4038655,5857279,2071273.60,200
1781842231,0,57390,0,291.92,200.06,887295,1499135,2318335,3514367,6549503,164864,51052543,1822456.51,2174701.08,57390,10,10,10,0,0,0,0,0,0,1858559,3407871,5545983,1900197.76,200
1781842232,0,57590,0,291.45,200.04,887807,1500159,2318335,3508223,6541311,164864,51052543,1822418.20,2171641.51,57590,10,10,10,0,0,0,0,0,0,1769471,3364863,3467263,1811424.00,200
1781842233,0,57790,0,290.99,199.89,888319,1502207,2320383,3512319,6541311,164864,51052543,1823424.86,2169355.15,57790,10,10,10,0,0,0,0,0,0,2036735,4743167,6062079,2113292.80,200
1781842234,0,57990,0,290.54,200.11,888831,1503231,2322431,3508223,6541311,164864,51052543,1823329.69,2166317.50,57990,10,10,10,0,0,0,0,0,0,1781759,3194879,3504127,1795829.76,200
1781842235,0,58190,0,290.08,199.85,889343,1504255,2324479,3514367,6541311,164864,51052543,1824278.82,2164004.13,58190,10,10,10,0,0,0,0,0,0,1976319,4792319,5971967,2099480.96,200
1781842236,0,58390,0,289.64,200.04,889855,1505279,2324479,3522559,6541311,164864,51052543,1825605.86,2162259.64,58390,10,10,10,0,0,0,0,0,0,1982463,5685247,7282687,2211707.52,200
1781842237,0,58590,0,289.20,200.13,890367,1506303,2326527,3516415,6541311,164864,51052543,1825610.69,2159343.07,58590,10,10,10,0,0,0,0,0,0,1723391,3299327,3969023,1827020.80,200
1781842238,0,58790,0,288.76,199.94,890879,1507327,2328575,3522559,6541311,164864,51052543,1826667.48,2157173.54,58790,10,10,10,0,0,0,0,0,0,1974271,4980735,6291455,2136252.80,200
1781842239,0,58990,0,288.32,199.98,890879,1508351,2330623,3516415,6537215,164864,51052543,1826501.06,2154206.66,58990,10,10,10,0,0,0,0,0,0,1747967,3155967,3461119,1777583.36,200
1781842240,0,59190,0,287.89,199.93,891391,1509375,2330623,3516415,6541311,164864,51052543,1827470.91,2153251.37,59190,10,10,10,0,0,0,0,0,0,1918975,4126719,6995967,2113528.96,200
1781842241,0,59390,0,287.47,199.98,891903,1510399,2332671,3526655,6541311,164864,51052543,1828503.11,2151248.77,59390,10,10,10,0,0,0,0,0,0,1894399,5206015,6553599,2133980.16,200
1781842242,0,59590,0,287.05,200.06,892415,1512447,2332671,3518463,6541311,164864,51052543,1828243.98,2148337.00,59590,10,10,10,0,0,0,0,0,0,1732607,3223551,3330047,1751296.32,200
1781842243,0,59790,0,286.63,199.94,892927,1513471,2334719,3524607,6537215,164864,51052543,1829001.40,2146121.33,59790,10,10,10,0,0,0,0,0,0,1937407,4685823,5935103,2054675.52,200
1781842244,0,59990,0,286.22,200.12,893439,1514495,2336767,3551231,6537215,164864,51052543,1831269.34,2145078.59,59990,10,10,10,0,0,0,0,0,0,2256895,5869567,6397951,2509268.80,200
1781842245,0,60190,0,285.81,199.95,893951,1516543,2338815,3551231,6537215,164864,51052543,1831521.39,2142551.70,60190,10,10,10,0,0,0,0,0,0,1900543,3321855,5562367,1907124.48,200
1781842246,0,60390,0,285.40,199.96,894463,1517567,2338815,3551231,6537215,164864,51052543,1831835.35,2140113.18,60390,10,10,10,0,0,0,0,0,0,1885183,3641343,5926911,1926320.96,200
1781842247,0,60590,0,285.00,200.11,894463,1518591,2338815,3543039,6533119,164864,51052543,1831540.85,2137279.56,60590,10,10,10,0,0,0,0,0,0,1696767,3223551,3297279,1742618.24,200
1781842248,0,60790,0,284.60,199.90,894975,1519615,2340863,3551231,6533119,164864,51052543,1832306.23,2135200.83,60790,10,10,10,0,0,0,0,0,0,1921023,4841471,6172671,2064176.00,200
1781842249,0,60990,0,284.21,199.96,894975,1521663,2340863,3551231,6533119,164864,51052543,1832579.87,2132793.32,60990,10,10,10,0,0,0,0,0,0,1897471,3332095,5902335,1915754.24,200
1781842250,0,61190,0,283.82,200.16,895487,1521663,2342911,3543039,6529023,164864,51052543,1832596.69,2130847.80,61190,10,10,10,0,0,0,0,0,0,1758207,3264511,5042175,1837723.84,200
1781842251,0,61390,0,283.43,199.95,895487,1522687,2342911,3536895,6529023,164864,51052543,1832248.41,2128062.68,61390,10,10,10,0,0,0,0,0,0,1645567,3227647,3297279,1725694.08,200
1781842252,0,61590,0,283.05,199.92,895487,1523711,2342911,3534847,6524927,164864,51052543,1832279.20,2125493.47,61590,10,10,10,0,0,0,0,0,0,1879039,3287039,4837375,1841729.28,200
1781842253,0,61790,0,282.67,200.14,896511,1524735,2344959,3549183,6524927,164864,51052543,1833597.11,2123881.91,61790,10,10,10,0,0,0,0,0,0,1965055,5484543,6402047,2239447.04,200
1781842254,0,61990,0,282.29,199.95,896511,1525759,2347007,3538943,6516735,164864,51052543,1833273.44,2121130.76,61990,10,10,10,0,0,0,0,0,0,1647615,3246079,3284991,1733275.84,200
1781842255,0,62190,0,281.92,199.92,897023,1526783,2349055,3543039,6512639,164864,51052543,1833608.26,2118903.08,62190,10,10,10,0,0,0,0,0,0,1868799,4210687,5906431,1937384.96,200
1781842256,0,62390,0,281.55,199.97,897023,1526783,2349055,3543039,6512639,164864,51052543,1833791.67,2116563.67,62390,10,10,10,0,0,0,0,0,0,1876991,3268607,5877759,1890825.28,200
1781842257,0,62590,0,281.18,200.16,897535,1528831,2349055,3551231,6512639,164864,51052543,1835033.47,2117870.02,62590,10,10,10,0,0,0,0,0,0,1916927,5206015,6488063,2222412.48,200
1781842258,0,62790,0,280.82,199.86,897535,1529855,2351103,3543039,6508543,164864,51052543,1834809.01,2115184.19,62790,10,10,10,0,0,0,0,0,0,1656831,3229695,3340287,1764563.52,200
1781842259,0,62990,0,280.46,200.12,898047,1530879,2351103,3543039,6508543,164864,51052543,1835019.80,2112833.32,62990,10,10,10,0,0,0,0,0,0,1896447,3325951,5623807,1901196.48,200
1781842260,0,63190,0,280.10,199.95,898047,1531903,2353151,3543039,6508543,164864,51052543,1835533.55,2111808.07,63190,10,10,10,0,0,0,0,0,0,1878015,3547135,5734399,1997341.12,200
1781842261,0,63390,0,279.75,199.93,898559,1532927,2353151,3536895,6504447,164864,51052543,1835240.09,2109156.06,63390,10,10,10,0,0,0,0,0,0,1607679,3235839,3293183,1742521.60,200
1781842262,0,63590,0,279.40,199.99,898559,1533951,2355199,3540991,6500351,164864,51052543,1835954.71,2107204.24,63590,10,10,10,0,0,0,0,0,0,1911807,4726783,6053887,2062452.80,200
1781842263,0,63790,0,279.05,200.11,899071,1535999,2355199,3549183,6500351,164864,51052543,1836685.33,2105303.40,63790,10,10,10,0,0,0,0,0,0,1917951,4890623,6176767,2068984.32,200
1781842264,0,63990,0,278.71,199.95,899071,1535999,2357247,3540991,6500351,164864,51052543,1836339.52,2102676.76,63990,10,10,10,0,0,0,0,0,0,1648639,3198975,3311615,1726045.76,200
1781842265,0,64190,0,278.36,199.91,899583,1537023,2357247,3534847,6496255,164864,51052543,1836076.75,2100079.00,64190,10,10,10,0,0,0,0,0,0,1636351,3254271,3287039,1752003.84,200
1781842266,0,64390,0,278.03,200.12,899583,1538047,2359295,3543039,6496255,164864,51052543,1836970.47,2098261.15,64390,10,10,10,0,0,0,0,0,0,1945599,4870143,6197247,2123808.00,200
1781842267,0,64590,0,277.69,199.96,899583,1539071,2359295,3543039,6492159,164864,51052543,1837232.54,2096086.94,64590,10,10,10,0,0,0,0,0,0,1889279,3454975,5910527,1921607.68,200
1781842268,0,64790,0,277.36,200.11,899583,1540095,2359295,3536895,6488063,164864,51052543,1836947.11,2093512.11,64790,10,10,10,0,0,0,0,0,0,1653759,3244031,3297279,1744767.36,200
1781842269,0,64990,0,277.03,199.92,900095,1541119,2361343,3540991,6488063,164864,51052543,1837674.53,2091659.93,64990,10,10,10,0,0,0,0,0,0,1934335,4796415,6074367,2073320.00,200
1781842270,0,65190,0,276.70,199.94,900095,1542143,2363391,3540991,6488063,164864,51052543,1838182.62,2090743.36,65190,10,10,10,0,0,0,0,0,0,1874943,3514367,5992447,2003287.04,200
1781842271,0,65390,0,276.38,200.07,900607,1542143,2363391,3549183,6488063,164864,51052543,1838908.06,2088979.24,65390,10,10,10,0,0,0,0,0,0,1915903,4947967,6266879,2075365.44,200
1781842272,0,65590,0,276.06,199.91,900607,1543167,2365439,3540991,6483967,164864,51052543,1838664.69,2086455.61,65590,10,10,10,0,0,0,0,0,0,1711103,3233791,3313663,1759096.96,200
1781842273,0,65790,0,275.74,199.97,900607,1544191,2365439,3534847,6479871,164864,51052543,1838398.93,2083945.02,65790,10,10,10,0,0,0,0,0,0,1633279,3231743,3274751,1751240.96,200
1781842274,0,65990,0,275.42,200.05,901119,1545215,2367487,3551231,6483967,164864,51052543,1840084.40,2083051.95,65990,10,10,10,0,0,0,0,0,0,2101247,5926911,6586367,2394519.36,200
1781842275,0,66600,0,276.81,609.87,905215,1555455,2398207,4014079,19890175,164864,222429183,2511064.92,9294291.20,66600,10,10,10,0,0,0,0,0,0,62816255,197132287,221511679,75097957.77,610
1781842276,0,66970,0,277.20,370.04,907775,1561599,2418687,4419583,63963135,164864,399245311,3839864.47,21227084.68,66970,10,10,10,0,0,0,0,0,0,243531775,389283839,398721023,243023783.44,370
1781842277,0,68070,0,280.59,1100.89,915967,1580031,2490367,5558271,555220991,164864,948436991,13682184.71,82534312.13,68070,10,10,10,0,0,0,0,0,0,611844095,904921087,939524095,612900536.32,1100
1781842278,0,68620,0,281.70,549.93,918527,1588223,2521087,6168575,758120447,164864,1152385023,20936986.04,115848132.83,68620,10,10,10,0,0,0,0,0,0,919601151,1134559231,1152385023,918817579.75,550
1781842279,0,69170,0,282.79,549.94,922111,1597439,2543615,9682943,966787071,164864,1371537407,29825590.82,152708595.11,69170,10,10,10,0,0,0,0,0,0,1138753535,1354760191,1371537407,1138800245.29,550
1781842280,0,70270,0,286.12,1099.64,929279,1615871,2582527,221904895,1391460351,164864,1798307839,52163821.68,234106040.38,70270,10,10,10,0,0,0,0,0,0,1454374911,1754267647,1789919231,1456832392.84,1100
1781842281,0,70820,0,287.19,550.07,932863,1627135,2603007,506724351,1603272703,164864,2009071615,65547527.51,278229285.04,70820,10,10,10,0,0,0,0,0,0,1776287743,1991245823,2009071615,1775498452.25,550
1781842282,0,71370,0,288.25,549.83,936447,1636351,2621439,717750271,1809842175,164864,2218786815,80335225.24,324216517.23,71370,10,10,10,0,0,0,0,0,0,1983905791,2199912447,2218786815,1984452958.02,550
1781842283,0,72470,0,291.52,1100.07,943103,1656831,2666495,1123024895,2233466879,164864,2646605823,114137368.23,422025852.83,72470,10,10,10,0,0,0,0,0,0,2306867199,2602565631,2638217215,2307281864.15,1100
1781842284,0,73020,0,292.55,550.33,947199,1669119,2701311,1329594367,2445279231,164864,2866806783,133105918.05,473617819.37,73020,10,10,10,0,0,0,0,0,0,2634022911,2847932415,2866806783,2632471019.52,550
1781842285,0,73570,0,293.58,549.66,950783,1680383,2738175,1530920959,2654994431,164864,3068133375,153305068.80,526255148.40,73570,10,10,10,0,0,0,0,0,0,2835349503,3051356159,3068133375,2835017772.68,550
1781842286,0,74670,0,296.78,1100.43,958975,1710079,2822143,1931476991,3068133375,164864,3485466623,197398041.83,635085579.72,74670,10,10,10,0,0,0,0,0,0,3147825151,3441426431,3477078015,3146416247.16,1100
1781842287,0,75220,0,297.79,550.06,964607,1726463,2859007,2131755007,3273654271,164864,3695181823,221270816.42,691299086.43,75220,10,10,10,0,0,0,0,0,0,3462397951,3678404607,3695181823,3462325504.93,550
1781842288,0,75770,0,298.78,550.05,969727,1744895,2889727,2336227327,3481272319,164864,3900702719,246290595.91,748447104.94,75770,10,10,10,0,0,0,0,0,0,3670015999,3883925503,3900702719,3668086620.16,550
1781842289,0,76554,0,300.69,784.15,977919,1776639,2924543,2621439999,3785359359,164864,4332716031,284640876.04,834853025.38,76554,10,10,10,0,0,0,0,0,0,3990880255,4307550207,4332716031,3991019352.82,784
1781842290,0,77420,0,302.90,865.95,986623,1818623,2963455,2929721343,4112515071,164864,4542431231,328367961.19,926614348.79,77420,10,10,10,0,0,0,0,0,0,4169138175,4508876799,4542431231,4193822090.94,866
1781842291,0,77970,0,303.86,549.65,992255,1841151,2994175,3128950783,4324327423,164864,4756340735,357942513.37,987830464.54,77970,10,10,10,0,0,0,0,0,0,4521459711,4739563519,4756340735,4520964021.53,550
1781842292,0,78520,0,304.82,549.91,996863,1858559,3051519,3326083071,4534042623,164864,4970250239,388613971.39,1049984726.04,78520,10,10,10,0,0,0,0,0,0,4739563519,4953473023,4970250239,4736711393.28,550
1781842293,0,79620,0,307.89,1099.96,1005055,1886207,3160063,3720347647,4961861631,164864,5402263551,453155361.36,1176862255.89,79620,10,10,10,0,0,0,0,0,0,5062524927,5360320511,5393874943,5060237125.82,1100
1781842294,0,80170,0,308.83,550.38,1009663,1895423,3203071,3925868543,5184159743,164864,5637144575,487117694.97,1242017389.42,80170,10,10,10,0,0,0,0,0,0,5406457855,5620367359,5637144575,5403628607.30,550
1781842295,0,80720,0,309.75,549.71,1013247,1906687,3235839,4125097983,5406457855,164864,5851054079,522080385.86,1307823679.47,80720,10,10,10,0,0,0,0,0,0,5620367359,5834276863,5851054079,5618369346.09,550
1781842296,0,81820,0,312.77,1099.82,1021951,1926143,3284991,4534042623,5842665471,164864,6291455999,595021545.41,1441608920.44,81820,10,10,10,0,0,0,0,0,0,5947523071,6245318655,6283067391,5947576454.05,1100
1781842297,0,82370,0,313.68,550.43,1027071,1936383,3319807,4739563519,6056574975,164864,6513754111,632963610.20,1509518438.26,82370,10,10,10,0,0,0,0,0,0,6278873087,6496976895,6513754111,6277363138.56,550
1781842298,0,82920,0,314.57,549.98,1031679,1947647,3383295,4949278719,6283067391,164864,6736052223,671892100.09,1578166656.38,82920,10,10,10,0,0,0,0,0,0,6505365503,6715080703,6736052223,6501964304.76,550
1781842299,0,83671,0,316.22,751.11,1038847,1963007,3543039,5230297087,6580862975,164864,7189037055,727174473.45,1675131001.06,83671,10,10,10,0,0,0,0,0,0,6819938303,7159676927,7184842751,6831055164.34,751
1781842300,0,84570,0,318.41,898.18,1049599,1979391,4202495,5586812927,6949961727,164864,7407140863,794426379.12,1788174639.29,84570,10,10,10,0,0,0,0,0,0,7025459199,7373586431,7407140863,7053641283.77,899
1781842301,0,85120,0,319.28,550.38,1056767,1991679,4636671,5792333823,7168065535,164864,7633633279,837081479.85,1859245740.92,85120,10,10,10,0,0,0,0,0,0,7398752255,7612661759,7629438975,7395884877.27,550
1781842302,0,85670,0,320.15,550.02,1063935,2001919,5099519,5997854719,7390363647,164864,7851737087,880610312.54,1930793004.73,85670,10,10,10,0,0,0,0,0,0,7621050367,7834959871,7851737087,7617290746.41,550
1781842303,0,86770,0,323.05,1099.80,1080319,2033663,6025215,6417285119,7830765567,164864,8292139007,970252684.67,2075311983.38,86770,10,10,10,0,0,0,0,0,0,7952400383,8250195967,8283750399,7951763612.39,1100
1781842304,0,87320,0,323.89,550.09,1089535,2051071,6549503,6631194623,8044675071,164864,8506048511,1016244369.00,2147932981.51,87320,10,10,10,0,0,0,0,0,0,8275361791,8489271295,8506048511,8272059730.85,550
1781842305,0,87870,0,324.73,549.86,1096703,2067455,17498111,6845104127,8258584575,164864,8707375103,1062915495.28,2220511980.96,87870,10,10,10,0,0,0,0,0,0,8476688383,8690597887,8707375103,8472593218.09,550
1781842306,0,88970,0,327.58,1100.08,1118207,2109439,208928767,7268728831,8673820671,164864,9135194111,1158457790.66,2366277703.97,88970,10,10,10,0,0,0,0,0,0,8791261183,9093251071,9126805503,8790550058.82,1100
1781842307,0,89520,0,328.40,549.94,1129471,2134015,416808959,7474249727,8883535871,164864,9353297919,1207342009.13,2439579060.11,89520,10,10,10,0,0,0,0,0,0,9118416895,9336520703,9353297919,9115030948.77,550
1781842308,0,90070,0,329.21,550.26,1140735,2156543,628621311,7688159231,9093251071,164864,9563013119,1256919314.72,2513041134.25,90070,10,10,10,0,0,0,0,0,0,9328132095,9546235903,9563013119,9326301854.25,550
1781842309,0,91170,0,332.01,1099.02,1160191,2189311,932708351,8103395327,9521070079,164864,9990832127,1358124359.63,2660490055.93,91170,10,10,10,0,0,0,0,0,0,9646899199,9940500479,9982443519,9644977446.17,1100
1781842310,0,91720,0,332.81,550.30,1168383,2201599,1099956223,8292139007,9730785279,164864,10200547327,1409704094.58,2734389099.17,91720,10,10,10,0,0,0,0,0,0,9965666303,10175381503,10192158719,9959748522.36,550
1781842311,0,92270,0,333.59,549.73,1175551,2213887,1259339775,8497659903,9932111871,164864,10410262527,1461938802.63,2808458276.70,92270,10,10,10,0,0,0,0,0,0,10175381503,10393485311,10410262527,10172788661.53,550
1781842312,0,93038,0,335.16,768.60,1184767,2230271,1479540735,8782872575,10217324543,164864,10838081535,1536474368.51,2913781037.15,93038,10,10,10,0,0,0,0,0,0,10485759999,10812915711,10838081535,10491417941.33,768
1781842313,0,93920,0,337.12,881.40,1195007,2250751,1741684735,9110028287,10569646079,164864,11039408127,1622460914.18,3031607561.61,93920,10,10,10,0,0,0,0,0,0,10661920767,11005853695,11039408127,10692774106.27,882
1781842314,0,94470,0,337.88,549.89,1200127,2260991,1896873983,9319743487,10779361279,164864,11240734719,1677091572.64,3105944531.69,94470,10,10,10,0,0,0,0,0,0,11014242303,11223957503,11240734719,11006021468.16,550
1781842315,0,95020,0,338.64,550.24,1204223,2273279,2046820351,9521070079,10972299263,164864,11450449919,1732308627.62,3180385963.40,95020,10,10,10,0,0,0,0,0,0,11223957503,11433672703,11450449919,11216590780.97,550
1781842316,0,96120,0,341.34,1099.94,1214463,2291711,2380267519,9915334655,11391729663,164864,11895046143,1844597458.34,3329957576.55,96120,10,10,10,0,0,0,0,0,0,11542724607,11844714495,11878268927,11544310817.51,1100
1781842317,0,96670,0,342.08,549.84,1218559,2303999,2539651071,10116661247,11609833471,164864,12104761343,1901591985.48,3404898492.23,96670,10,10,10,0,0,0,0,0,0,11869880319,12079595519,12096372735,11862162800.64,550
1781842318,0,97220,0,342.81,550.12,1223679,2314239,2690646015,10326376447,11819548671,164864,12314476543,1959172843.28,3480029738.86,97220,10,10,10,0,0,0,0,0,0,12087984127,12297699327,12314476543,12079793796.19,550
1781842319,0,98320,0,345.47,1100.32,1231871,2344959,3009413119,10720641023,12247367679,164864,12750684159,2076065965.93,3630854173.35,98320,10,10,10,0,0,0,0,0,0,12406751231,12708741119,12742295551,12407292678.52,1100
1781842320,0,98870,0,346.19,549.95,1235967,2361343,3164602367,10913579007,12465471487,164864,12960399359,2135272256.21,3706279427.49,98870,10,10,10,0,0,0,0,0,0,12725518335,12943622143,12960399359,12719204001.98,550
1781842321,0,99420,0,346.90,550.02,1239039,2379775,3313500159,11106516991,12666798079,164864,13170114559,2194930399.53,3781589109.54,99420,10,10,10,0,0,0,0,0,0,12926844927,13136560127,13153337343,12919295180.80,550
1781842322,0,100520,0,349.52,1099.40,1246207,2420735,3636461567,11517558783,13069451263,164864,13572767743,2315687824.64,3932204461.19,100520,10,10,10,0,0,0,0,0,0,13237223423,13530824703,13564379135,13229963465.08,1100
1781842323,0,101070,0,350.21,550.08,1249279,2443263,3793747967,11718885375,13270777855,164864,13774094335,2376766939.84,4007495523.36,101070,10,10,10,0,0,0,0,0,0,13547601919,13757317119,13774094335,13539808140.57,550
1781842324,0,101620,0,350.90,550.41,1253375,2469887,3948937215,11920211967,13480493055,164864,13983809535,2438321262.20,4082825964.25,101620,10,10,10,0,0,0,0,0,0,13757317119,13967032319,13983809535,13749767372.80,550
1781842325,0,102720,0,353.48,1099.51,1260543,2512895,4273995775,12331253759,13891534847,164864,14411628543,2562845738.07,4233649498.97,102720,10,10,10,0,0,0,0,0,0,14067695615,14369685503,14403239935,14066643227.00,1100
1781842326,0,103270,0,354.15,549.92,1263615,2531327,4429185023,12532580351,14101250047,164864,14621343743,2625803572.40,4309141759.52,103270,10,10,10,0,0,0,0,0,0,14386462719,14604566527,14621343743,14384037649.69,550
1781842327,0,103820,0,354.82,550.11,1267711,2545663,4584374271,12725518335,14310965247,164864,14839447551,2689235079.92,4384735870.65,103820,10,10,10,0,0,0,0,0,0,14604566527,14814281727,14839447551,14599365591.04,550
1781842328,0,104834,0,357.07,1014.47,1273855,2570239,4894752767,13103005695,14696841215,164864,15258877951,2807571637.70,4524822445.63,104834,10,10,10,0,0,0,0,0,0,14940110847,15216934911,15250489343,14923647997.98,1014
1781842329,0,105470,0,358.02,635.91,1277951,2584575,5079302143,13321109503,14940110847,164864,15460204543,2882108085.37,4611565098.17,105470,10,10,10,0,0,0,0,0,0,15191769087,15435038719,15460204543,15168199209.86,636
1781842330,0,106020,0,358.66,549.81,1283071,2598911,5242879999,13522436095,15141437439,164864,15678308351,2947239373.30,4687193654.57,106020,10,10,10,0,0,0,0,0,0,15443427327,15653142527,15678308351,15437051985.92,550
1781842331,0,106873,0,360.33,853.43,1290239,2617343,5507121151,13816037375,15451815935,164864,16072572927,3049395961.30,4805394212.48,106873,10,10,10,0,0,0,0,0,0,15770583039,16039018495,16072572927,15746513733.93,853
1781842332,0,107670,0,361.80,796.17,1296383,2635775,5746196479,14118027263,15753805823,164864,16290676735,3144835055.38,4913510210.96,107670,10,10,10,0,0,0,0,0,0,15946743807,16257122303,16282288127,15942654756.30,797
1781842333,0,108220,0,362.43,550.24,1300479,2652159,5901385727,14319353855,15955132415,164864,16483614719,3211430661.37,4988806104.64,108220,10,10,10,0,0,0,0,0,0,16248733695,16466837503,16483614719,16248428655.71,550
1781842334,0,108871,0,363.39,651.34,1305599,2672639,6098518015,14562623487,16198402047,164864,16903045119,3290981058.89,5078541215.46,108871,10,10,10,0,0,0,0,0,0,16500391935,16877879295,16903045119,16515165421.52,651
1781842335,0,109870,0,365.51,998.87,1312767,2715647,6408896511,14923333631,16567500799,164864,17112760319,3413446665.58,5214577100.64,109870,10,10,10,0,0,0,0,0,0,16752050175,17070817279,17104371711,16759746031.09,999
1781842336,0,110420,0,366.12,549.77,1315839,2740223,6572474367,15116271615,16768827391,164864,17314086911,3481515942.12,5289806781.72,110420,10,10,10,0,0,0,0,0,0,17087594495,17297309695,17314086911,17079282148.07,550
1781842337,0,111003,0,366.83,583.22,1319935,2770943,6752829439,15325986815,16986931199,164864,17716740095,3554105824.97,5369658657.41,111003,10,10,10,0,0,0,0,0,0,17297309695,17683185663,17716740095,17302604735.01,583
1781842338,0,112070,0,369.14,1066.21,1326079,2824191,7079985151,15695085567,17381195775,164864,17918066687,3687531612.60,5514619393.98,112070,10,10,10,0,0,0,0,0,0,17565745151,17867735039,17901289471,17568190191.45,1067
1781842339,0,112620,0,369.73,550.12,1329151,2850815,7243563007,15888023551,17565745151,164864,18119393279,3756820426.21,5589352173.73,112620,10,10,10,0,0,0,0,0,0,17884512255,18102616063,18119393279,17875361047.27,550
1781842340,0,113170,0,370.32,550.17,1333247,2873343,7407140863,16089350143,17767071743,164864,18320719871,3826443697.69,5664070329.03,113170,10,10,10,0,0,0,0,0,0,18085838847,18303942655,18320719871,18082757941.06,550
1781842341,0,114270,0,372.70,1100.26,1341439,2908159,7746879487,16475226111,18169724927,164864,18740150271,3966662844.62,5813427714.77,114270,10,10,10,0,0,0,0,0,0,18404605951,18689818623,18723373055,18392663624.61,1100
1781842342,0,114820,0,373.28,549.94,1345535,2924543,7910457343,16676552703,18387828735,164864,18941476863,4037247795.02,5888061748.89,114820,10,10,10,0,0,0,0,0,0,18706595839,18924699647,18941476863,18702233763.84,550
1781842343,0,115370,0,373.85,549.61,1349631,2938879,8069840895,16877879295,18589155327,164864,19142803455,4108143668.53,5962665118.23,115370,10,10,10,0,0,0,0,0,0,18924699647,19126026239,19142803455,18908624024.67,550
1781842344,0,116470,0,376.20,1100.70,1358847,2975743,8388607999,17263755263,18991808511,164864,19562233855,4250918412.16,6111942629.99,116470,10,10,10,0,0,0,0,0,0,19226689535,19528679423,19562233855,19225393114.76,1100
1781842345,0,117020,0,376.76,549.72,1362943,2998271,8535408639,17465081855,19209912319,164864,19763560447,4322722665.07,6186451151.06,117020,10,10,10,0,0,0,0,0,0,19528679423,19746783231,19763560447,19528252367.59,550
1781842346,0,117570,0,377.31,550.04,1368063,3033087,8698986495,17649631231,19411238911,164864,19981664255,4394812766.57,6260906758.08,117570,10,10,10,0,0,0,0,0,0,19746783231,19948109823,19981664255,19732964906.82,550
1781842347,0,118670,0,379.63,1100.71,1380351,3110911,9026142207,18035507199,19797114879,164864,20367540223,4539774108.07,6409513199.61,118670,10,10,10,0,0,0,0,0,0,20031995903,20333985791,20367540223,20033505853.44,1100
1781842348,0,119220,0,380.17,549.57,1385471,3145727,9177137151,18236833791,19998441471,164864,20568866815,4612639688.76,6483671477.22,119220,10,10,10,0,0,0,0,0,0,20350763007,20552089599,20568866815,20334382344.38,550
1781842349,0,119770,0,380.71,550.33,1392639,3176447,9336520703,18438160383,20199768063,164864,20786970623,4685780182.17,6557791120.10,119770,10,10,10,0,0,0,0,0,0,20552089599,20770193407,20786970623,20539979500.45,550
1781842350,0,120870,0,382.99,1099.33,1406975,3227647,9663676415,18807259135,20602421247,164864,21189623807,4832807740.08,6705761082.47,120870,10,10,10,0,0,0,0,0,0,20854079487,21139292159,21172846591,20841435567.94,1100
1781842351,0,121420,0,383.52,550.39,1415167,3246079,9814671359,19008585727,20803747839,164864,21390950399,4906706280.15,6779657438.93,121420,10,10,10,0,0,0,0,0,0,21156069375,21374173183,21390950399,21146918167.27,550
1781842352,0,121970,0,384.04,550.03,1422335,3262463,9974054911,19209912319,21005074431,164864,21609054207,4980894894.54,6853586381.00,121970,10,10,10,0,0,0,0,0,0,21374173183,21575499775,21592276991,21359043185.57,550
1781842353,0,123070,0,386.29,1099.77,1438719,3297279,10301210623,19595788287,21424504831,164864,22011707391,5130108931.96,7001488412.77,123070,10,10,10,0,0,0,0,0,0,21676163071,21978152959,22011707391,21675232699.11,1100
1781842354,0,123620,0,386.80,550.20,1446911,3321855,10452205567,19780337663,21625831423,164864,22229811199,5205075743.92,7075336068.51,123620,10,10,10,0,0,0,0,0,0,21994930175,22196256767,22213033983,21979922193.69,550
1781842355,0,124170,0,387.31,549.53,1454079,3364863,10611589119,19981664255,21827158015,164864,22414360575,5280227229.93,7148995275.76,124170,10,10,10,0,0,0,0,0,0,22179479551,22397583359,22414360575,22171548504.44,550
1781842356,0,125270,0,389.52,1100.03,1468415,3483647,10921967615,20367540223,22213033983,164864,22817013759,5431230922.78,7296132766.98,125270,10,10,10,0,0,0,0,0,0,22481469439,22783459327,22817013759,22476802323.55,1100
1781842357,0,125820,0,390.02,550.08,1474559,3661823,11072962559,20552089599,22414360575,164864,23035117567,5507097138.25,7369658648.56,125820,10,10,10,0,0,0,0,0,0,22800236543,23001563135,23035117567,22786662251.05,550
1781842358,0,126370,0,390.52,550.34,1480703,3926015,11232346111,20753416191,22565355519,164864,23236444159,5582207512.50,7440895111.31,126370,10,10,10,0,0,0,0,0,0,23001563135,23219666943,23236444159,22764729854.14,550
1781842359,0,127470,0,392.70,1099.86,1494015,4538367,11559501823,20854079487,22565355519,164864,23236444159,5707529374.69,7530412602.59,127470,10,10,10,0,0,0,0,0,0,20082327551,22179479551,22380806143,20104732761.37,1100
1781842360,0,128020,0,393.19,549.86,1499135,4845567,11718885375,20837302271,22565355519,164864,23236444159,5756538530.20,7551338797.40,128020,10,10,10,0,0,0,0,0,0,17121148927,18337497087,18438160383,17115078626.21,550
1781842361,0,128570,0,393.67,550.05,1506303,5140479,11878268927,20837302271,22565355519,164864,23236444159,5796664805.47,7560166314.07,128570,10,10,10,0,0,0,0,0,0,15141437439,16357785599,16450060287,15136602551.39,550
1781842362,0,129670,0,395.82,1099.80,1518591,5754879,12012486655,20803747839,22565355519,164864,23236444159,5850527605.08,7551412028.58,129670,10,10,10,0,0,0,0,0,0,12129927167,14218690559,14411628543,12146109555.43,1100
1781842363,0,130220,0,396.29,550.02,1524735,6078463,11962155007,20803747839,22565355519,164864,23236444159,5864502252.88,7538669099.86,130220,10,10,10,0,0,0,0,0,0,9160359935,10376708095,10477371391,9159216034.91,550
1781842364,0,130770,0,396.76,549.76,1531903,6422527,11911823359,20786970623,22565355519,164864,23236444159,5869955731.33,7523433437.19,130770,10,10,10,0,0,0,0,0,0,7163871231,8376025087,8476688383,7161141121.40,550
1781842365,0,131870,0,398.89,1100.99,1543167,20037631,11836325887,20770193407,22565355519,164864,23236444159,5855554866.53,7494527077.06,131870,10,10,10,0,0,0,0,0,0,4127195135,6220152831,6413090815,4143553874.85,1100
1781842366,0,132360,0,399.16,489.77,1547263,45252607,11785994239,20770193407,22548578303,164864,23236444159,5838571304.96,7485945548.18,132360,10,10,10,0,0,0,0,0,0,1267728383,2340421631,2436890623,1267913623.51,490
1781842367,0,132630,0,398.77,269.90,1547263,36077567,11760828415,20770193407,22548578303,164864,23236444159,5826798717.98,7482864576.03,132630,10,10,10,0,0,0,0,0,0,2600959,304611327,352845823,55614965.57,270
1781842368,0,132830,0,398.18,200.12,1546239,23642111,11735662591,20753416191,22548578303,164864,23236444159,5818028312.64,7480639251.63,132830,10,10,10,0,0,0,0,0,0,1901567,3375103,5689343,1934016.96,200
1781842369,0,133030,0,397.58,199.92,1545215,18137087,11718885375,20753416191,22548578303,164864,23236444159,5809284024.47,7478409917.20,133030,10,10,10,0,0,0,0,0,0,1731583,3231743,3416063,1765034.24,200
1781842370,0,133230,0,396.99,200.08,1544191,12615679,11702108159,20753416191,22548578303,164864,23236444159,5800566558.57,7476175991.61,133230,10,10,10,0,0,0,0,0,0,1944575,5001215,6283263,2144115.20,200
1781842371,0,133430,0,396.41,199.91,1543167,9969663,11685330943,20753416191,22548578303,164864,23236444159,5791875310.10,7473937910.82,133430,10,10,10,0,0,0,0,0,0,2011135,5337087,6307839,2200144.64,200
1781842372,0,133630,0,395.83,200.14,1540095,7720959,11668553727,20753416191,22548578303,164864,23236444159,5783208532.17,7471696993.10,133630,10,10,10,0,0,0,0,0,0,884223,2996223,3346431,1167630.08,200
1781842373,0,133830,0,395.25,199.89,1532927,6651903,11651776511,20753416191,22548578303,164864,23236444159,5774567006.25,7469452596.67,133830,10,10,10,0,0,0,0,0,0,710143,1320959,1655807,731469.12,200
1781842374,0,134030,0,394.67,200.11,1529855,6500351,11643387903,20736638975,22548578303,164864,23236444159,5765953302.25,7467202702.69,134030,10,10,10,0,0,0,0,0,0,1052671,5996543,6885375,2093265.28,200
1781842375,0,134230,0,394.10,199.98,1528831,6352895,11626610687,20736638975,22548578303,164864,23236444159,5757364999.10,7464949149.48,134230,10,10,10,0,0,0,0,0,0,1872895,3452927,5402623,1913645.44,200
1781842376,0,134430,0,393.53,199.90,1526783,6234111,11601444863,20736638975,22548578303,164864,23236444159,5748802306.66,7462691741.58,134430,10,10,10,0,0,0,0,0,0,1893375,3764223,5935103,1951274.88,200
1781842377,0,134630,0,392.97,200.13,1526783,6127615,11584667647,20736638975,22548578303,164864,23236444159,5740265279.92,7460430403.57,134630,10,10,10,0,0,0,0,0,0,1974271,4980735,6250495,2102759.68,200
1781842378,0,134830,0,392.41,199.91,1525759,6004735,11559501823,20736638975,22548578303,164864,23236444159,5731753383.13,7458165514.35,134830,10,10,10,0,0,0,0,0,0,1975295,3321855,5861375,1970056.32,200
1781842379,0,135030,0,391.85,199.98,1523711,5894143,11542724607,20736638975,22548578303,164864,23236444159,5723266443.59,7455897172.76,135030,10,10,10,0,0,0,0,0,0,1769471,3272703,3315711,1796154.88,200
1781842380,0,135230,0,391.29,199.98,1522687,5799935,11525947391,20719861759,22548578303,164864,23236444159,5714804937.10,7453624980.68,135230,10,10,10,0,0,0,0,0,0,1954815,3307519,5877759,2018830.72,200
1781842381,0,135430,0,390.74,200.08,1518591,5677055,11500781567,20719861759,22548578303,164864,23236444159,5706367270.48,7451350125.19,135430,10,10,10,0,0,0,0,0,0,934911,2963455,3289087,1238981.76,200
1781842382,0,135630,0,390.19,200.01,1512447,5574655,11484004351,20719861759,22548578303,164864,23236444159,5697953829.59,7449072275.50,135630,10,10,10,0,0,0,0,0,0,702463,1691647,2678783,792333.76,200
1781842383,0,135830,0,389.65,199.93,1507327,5484543,11467227135,20719861759,22548578303,164864,23236444159,5689565635.86,7446790616.94,135830,10,10,10,0,0,0,0,0,0,750591,3289087,5890047,1112058.88,200
1781842384,0,136030,0,389.11,200.09,1501183,5378047,11450449919,20719861759,22531801087,164864,23236444159,5681201575.94,7444505967.33,136030,10,10,10,0,0,0,0,0,0,700415,1449983,1779711,750275.20,200
1781842385,0,136230,0,388.57,199.91,1495039,5271551,11433672703,20719861759,22531801087,164864,23236444159,5672862029.18,7442218003.61,136230,10,10,10,0,0,0,0,0,0,688639,1374207,1656831,719302.40,200
1781842386,0,136430,0,388.03,200.04,1488895,5173247,11425284095,20703084543,22531801087,164864,23236444159,5664547025.65,7439926670.21,136430,10,10,10,0,0,0,0,0,0,722943,1604607,2590719,782374.08,200
1781842387,0,136630,0,387.50,200.02,1482751,5070847,11400118271,20703084543,22531801087,164864,23236444159,5656256838.16,7437631727.59,136630,10,10,10,0,0,0,0,0,0,758271,3301375,5701631,1105440.64,200
1781842388,0,136830,0,386.97,199.93,1476607,4960255,11383341055,20703084543,22531801087,164864,23236444159,5647990218.68,7435334092.25,136830,10,10,10,0,0,0,0,0,0,644607,1028095,1108991,649122.56,200
1781842389,0,137030,0,386.44,200.06,1470463,4870143,11366563839,20686307327,22531801087,164864,23236444159,5639747816.42,7433033237.75,137030,10,10,10,0,0,0,0,0,0,696831,1180671,1618943,708306.24,200
1781842390,0,137230,0,385.91,199.92,1464319,4788223,11341398015,20686307327,22531801087,164864,23236444159,5631530529.45,7430728452.20,137230,10,10,10,0,0,0,0,0,0,748543,6799359,9830399,1456365.12,200
1781842391,0,137430,0,385.39,200.10,1463295,4685823,11324620799,20686307327,22531801087,164864,23236444159,5623337830.91,7428420104.07,137430,10,10,10,0,0,0,0,0,0,1902591,3430399,5771263,1917726.08,200
1781842392,0,137630,0,384.87,199.99,1462271,4591615,11299454975,20686307327,22531801087,164864,23236444159,5615169431.82,7426108382.06,137630,10,10,10,0,0,0,0,0,0,2027519,5611519,6373375,2253998.72,200
1781842393,0,137830,0,384.36,199.98,1461247,4517887,11282677759,20669530111,22531801087,164864,23236444159,5607024470.51,7423793905.89,137830,10,10,10,0,0,0,0,0,0,1939455,4874239,6123519,2069343.04,200
1781842394,0,138030,0,383.85,199.90,1459199,4427775,11265900543,20669530111,22531801087,164864,23236444159,5598902821.91,7421476737.29,138030,10,10,10,0,0,0,0,0,0,1808383,3358719,5627903,1868688.32,200
1781842395,0,138910,0,385.22,879.87,1469439,4771839,11198791679,20652752895,22531801087,164864,23236444159,5564754498.57,7410290774.26,138910,10,10,10,0,0,0,0,0,0,242089983,385351679,400556031,208512373.09,880
1781842396,0,139460,0,385.68,550.43,1474559,5029887,11140071423,20652752895,22531801087,164864,23236444159,5545981304.74,7401680303.75,139460,10,10,10,0,0,0,0,0,0,806879231,892862463,900202495,804555206.28,550
1781842397,0,140010,0,386.13,549.99,1481727,5296127,11089739775,20635975679,22515023871,164864,23236444159,5529324254.75,7391889235.69,140010,10,10,10,0,0,0,0,0,0,1305477119,1396703231,1406140415,1305702087.21,550
1781842398,0,140560,0,386.58,549.61,1486847,5582847,11039408127,20619198463,22515023871,164864,23236444159,5514741066.23,7381082228.71,140560,10,10,10,0,0,0,0,0,0,1803550719,1890582527,1896873983,1802391566.89,550
1781842399,0,141660,0,388.54,1100.06,1499135,6184959,10955522047,20602421247,22515023871,164864,23236444159,5491816855.76,7356970424.43,141660,10,10,10,0,0,0,0,0,0,2407530495,2898264063,2912944127,2562519561.31,1100
1781842400,0,142210,0,388.98,549.97,1505279,6508543,10896801791,20585644031,22515023871,164864,23236444159,5483404501.05,7343971957.58,142210,10,10,10,0,0,0,0,0,0,3315597311,3407871999,3418357759,3316687831.04,550
1781842401,0,142760,0,389.42,550.43,1511423,9084927,10846470143,20585644031,22515023871,164864,23236444159,5476997550.96,7330536408.05,142760,10,10,10,0,0,0,0,0,0,3821010943,3911188479,3917479935,3820393237.41,550
1781842402,0,143860,0,391.35,1100.15,1523711,46661631,10762584063,20568866815,22515023871,164864,23236444159,5470072743.06,7302917371.41,143860,10,10,10,0,0,0,0,0,0,4424990719,4903141375,4919918591,4571358584.09,1100
1781842403,0,144410,0,391.78,549.89,1529855,83558399,10712252415,20552089599,22515023871,164864,23236444159,5469517738.15,7289003528.48,144410,10,10,10,0,0,0,0,0,0,5326766079,5414846463,5423235071,5324348635.69,550
1781842404,0,144960,0,392.21,550.03,1535999,122814463,10653532159,20552089599,22515023871,164864,23236444159,5470859965.89,7275195960.12,144960,10,10,10,0,0,0,0,0,0,5825888255,5913968639,5922357247,5823280161.51,550
1781842405,0,145510,0,392.64,549.59,1541119,211812351,10611589119,20535312383,22498246655,164864,23236444159,5474084110.09,7261623025.83,145510,10,10,10,0,0,0,0,0,0,6325010431,6417285119,6425673727,6323851278.89,550
1781842406,0,146610,0,394.54,1100.12,1551359,321388543,10519314431,20518535167,22498246655,164864,23236444159,5486169470.50,7235700649.77,146610,10,10,10,0,0,0,0,0,0,6928990207,7419723775,7436500991,7084842918.63,1100
1781842407,0,147160,0,394.96,549.95,1556479,372768767,10468982783,20518535167,22498246655,164864,23236444159,5494995162.78,7223604703.00,147160,10,10,10,0,0,0,0,0,0,7851737087,7939817471,7944011775,7847603792.06,550
1781842408,0,147710,0,395.37,549.99,1560575,485752831,10427039743,20518535167,22498246655,164864,23236444159,5505602770.38,7212231913.71,147710,10,10,10,0,0,0,0,0,0,8342470655,8438939647,8447328255,8343812833.28,550
1781842409,0,148696,0,396.95,986.87,1568767,681050111,10351542271,20501757951,22498246655,164864,23236444159,5529379922.04,7194202581.49,148696,10,10,10,0,0,0,0,0,0,8933867519,9453961215,9470738431,9091370866.76,986
1781842410,0,149360,0,397.66,663.38,1573887,742391807,10284433407,20484980735,22481469439,164864,23236444159,5548307146.12,7183795733.18,149360,10,10,10,0,0,0,0,0,0,9873391615,9982443519,9990832127,9786865145.83,664
1781842411,0,149910,0,398.06,550.08,1577983,792723455,10368319487,20468203519,22481469439,164864,23236444159,5566052576.58,7176566720.48,149910,10,10,10,0,0,0,0,0,0,10385096703,10477371391,10485759999,10385066199.97,550
1781842412,0,150460,0,398.47,550.40,1582079,844103679,10427039743,20468203519,22481469439,164864,23236444159,5585532431.62,7170654275.93,150460,10,10,10,0,0,0,0,0,0,10896801791,10989076479,10997465087,10895032558.31,550
1781842413,0,151560,0,400.32,1099.84,1590271,975699967,10653532159,20434649087,22481469439,164864,23236444159,5629582470.76,7163169989.41,151560,10,10,10,0,0,0,0,0,0,11500781567,11995709439,12004098047,11654826914.91,1100
1781842414,0,152660,0,402.16,1099.40,1598463,1172307967,10871635967,20417871871,22481469439,164864,23236444159,5677543681.48,7159491298.38,152660,10,10,10,0,0,0,0,0,0,12289310719,12482248703,12490637311,12285726496.58,1100
1781842415,0,153760,0,404.00,1100.39,1607679,1294991359,11039408127,20401094655,22464692223,164864,23236444159,5726487000.48,7157107933.45,153760,10,10,10,0,0,0,0,0,0,12515803135,12733906943,12750684159,12518929798.98,1100
1781842416,0,154860,0,405.82,1099.91,1617919,1385168895,11324620799,20384317439,22464692223,164864,23236444159,5777978867.19,7157587254.69,154860,10,10,10,0,0,0,0,0,0,12968787967,13178503167,13195280383,12975605618.50,1100
1781842417,0,156150,0,408.13,1290.63,1629183,1603272703,11492392959,20367540223,22464692223,164864,23236444159,5840712412.96,7161035629.79,156150,10,10,10,0,0,0,0,0,0,13346275327,13639876607,13656653823,13371655744.30,1290
1781842418,0,157060,0,409.44,909.69,1636351,1741684735,11735662591,20350763007,22464692223,164864,23236444159,5886149114.78,7165032827.09,157060,10,10,10,0,0,0,0,0,0,13723762687,13891534847,13908312063,13682787564.31,910
1781842419,0,158710,0,412.67,1650.46,1650687,1882193919,11995709439,20333985791,22447915007,164864,23236444159,5973027787.24,7177933851.06,158710,10,10,10,0,0,0,0,0,0,14285799423,14495514623,14520680447,14242824331.02,1650
1781842420,0,159468,0,413.56,758.09,1655807,1991245823,12129927167,20317208575,22447915007,164864,23236444159,6014680316.83,7186181456.61,159468,10,10,10,0,0,0,0,0,0,14696841215,14998831103,15015608319,14735884763.53,758
1781842421,0,160360,0,414.80,891.52,1665023,2142240767,12255756287,20300431359,22447915007,164864,23236444159,6064861405.92,7197517560.87,160360,10,10,10,0,0,0,0,0,0,15082717183,15242100735,15258877951,15036024988.13,892
1781842422,0,161460,0,416.57,1099.81,1675263,2264924159,12356419583,20283654143,22447915007,164864,23236444159,6129241473.23,7214963192.78,161460,10,10,10,0,0,0,0,0,0,15510536191,15737028607,15745417215,15514684739.96,1100
1781842423,0,162560,0,418.33,1099.72,1686527,2365587455,12465471487,20266876927,22431137791,164864,23236444159,6195947895.95,7235791681.09,162560,10,10,10,0,0,0,0,0,0,15988686847,16181624831,16198402047,15987237906.62,1100
1781842424,0,163660,0,420.08,1100.71,1700863,2510290943,12608077823,20250099711,22431137791,164864,23236444159,6264758059.37,7259795305.67,163660,10,10,10,0,0,0,0,0,0,16433283071,16651386879,16668164095,16433649120.35,1100
1781842425,0,164760,0,421.82,1099.30,1717247,2703228927,12767461375,20233322495,22431137791,164864,23236444159,6335922787.18,7287412187.98,164760,10,10,10,0,0,0,0,0,0,16919822335,17146314751,17163091967,16923940379.93,1100
1781842426,0,165860,0,423.55,1100.63,1733631,2814377983,12926844927,20199768063,22414360575,164864,23236444159,6409167334.81,7318322208.13,165860,10,10,10,0,0,0,0,0,0,17381195775,17599299583,17616076799,17379868850.73,1100
1781842427,0,166960,0,425.27,1100.15,1753087,2904555519,13069451263,20182990847,22414360575,164864,23236444159,6484467073.96,7352553907.98,166960,10,10,10,0,0,0,0,0,0,17834180607,18052284415,18069061631,17838298651.93,1100
1781842428,0,168060,0,426.98,1099.38,1773567,3087007743,13195280383,20166213631,22414360575,164864,23236444159,6561951557.71,7390372896.18,168060,10,10,10,0,0,0,0,0,0,18320719871,18538823679,18555600895,18322687381.88,1100
1781842429,0,169160,0,428.69,1100.69,1799167,3250585599,13337886719,20149436415,22414360575,164864,23236444159,6641620317.03,7431843669.98,169160,10,10,10,0,0,0,0,0,0,18807259135,19042140159,19058917375,18813558218.01,1100
1781842430,0,170260,0,430.39,1099.53,1822719,3351248895,13472104447,20132659199,22414360575,164864,23236444159,6723476146.79,7477030338.49,170260,10,10,10,0,0,0,0,0,0,19310575615,19528679423,19545456639,19311414476.80,1100
1781842431,0,171360,0,432.08,1100.24,1844223,3477078015,13589544959,20132659199,22414360575,164864,23236444159,6807404184.70,7525789066.50,171360,10,10,10,0,0,0,0,0,0,19797114879,20015218687,20031995903,19797938488.79,1100
1781842432,0,172460,0,433.76,1099.68,1860607,3676307455,13757317119,20283654143,22397583359,164864,23236444159,6893361958.15,7578087030.56,172460,10,10,10,0,0,0,0,0,0,20283654143,20501757951,20518535167,20284020192.35,1100
1781842433,0,173560,0,435.43,1099.90,1873919,3800039423,13925089279,20484980735,22397583359,164864,23236444159,6981294441.46,7633859174.67,173560,10,10,10,0,0,0,0,0,0,20770193407,20988297215,21005074431,20767509053.44,1100
1781842434,0,174660,0,437.09,1100.32,1886207,3892314111,14067695615,20686307327,22397583359,164864,23236444159,7071154815.20,7693047120.48,174660,10,10,10,0,0,0,0,0,0,21256732671,21474836479,21491613695,21249487965.09,1100
1781842435,0,175760,0,438.75,1100.30,1895423,4060086271,14227079167,20887633919,22397583359,164864,23236444159,7162896954.69,7755585071.24,175760,10,10,10,0,0,0,0,0,0,21726494719,21944598527,21961375743,21729880667.23,1100
1781842436,0,176860,0,440.39,1099.17,1906687,4229955583,14361296895,21088960511,22414360575,164864,23236444159,7256524926.23,7821495727.45,176860,10,10,10,0,0,0,0,0,0,22213033983,22431137791,22447915007,22216572451.37,1100
1781842437,0,177600,0,441.14,740.69,1912831,4299161599,14445182975,21223178239,22565355519,164864,23236444159,7320728789.11,7868048019.35,177600,10,10,10,0,0,0,0,0,0,22632464383,22934454271,22951231487,22665452018.16,740
1781842438,0,178994,0,443.50,1394.04,1924095,4412407807,14646509567,21474836479,22850568191,164864,23370661887,7443336095.95,7958613884.76,178994,10,10,10,0,0,0,0,0,0,23102226431,23337107455,23370661887,23063893983.68,1394
1781842439,0,180080,0,445.09,1085.93,1934335,4592762879,14814281727,21676163071,23135780863,164864,23823646719,7540583955.80,8032212515.31,180080,10,10,10,0,0,0,0,0,0,23588765695,23806869503,23823646719,23568929650.56,1086
1781842440,0,180859,0,445.91,779.05,1941503,4731174911,14931722239,21827158015,23370661887,164864,24293408767,7611321654.27,8086743577.38,180859,10,10,10,0,0,0,0,0,0,23957864447,24293408767,24293408767,23963625558.76,779
1781842441,0,182042,0,447.72,1182.97,1953791,4840226815,15099494399,22028484607,23857201151,164864,24746393599,7720296487.88,8172286216.88,182042,10,10,10,0,0,0,0,0,0,24394072063,24729616383,24746393599,24380549599.54,1183
1781842442,0,182910,0,448.75,868.00,1960959,4919918591,15225323519,22179479551,24226299903,164864,24964497407,7801090493.33,8236409739.95,182910,10,10,10,0,0,0,0,0,0,24779948031,24947720191,24964497407,24745678442.18,868
1781842443,0,184010,0,450.35,1099.05,1971199,5117050879,15393095679,22380806143,24662507519,164864,25451036671,7905189890.95,8320755180.39,184010,10,10,10,0,0,0,0,0,0,25216155647,25434259455,25451036671,25215026998.92,1100
1781842444,0,185110,0,451.93,1100.43,1979391,5272240127,15560867839,22582132735,25132269567,164864,25937575935,8010957531.98,8408032030.26,185110,10,10,10,0,0,0,0,0,0,25702694911,25920798719,25937575935,25703960829.21,1100
1781842445,0,186210,0,453.51,1099.83,1991679,5377097727,15711862783,22783459327,25618808831,164864,26440892415,8118374483.55,8498188061.64,186210,10,10,10,0,0,0,0,0,0,26189234175,26407337983,26424115199,26194694397.21,1100
1781842446,0,187310,0,455.08,1100.35,2000895,5536481279,15871246335,23051894783,26105348095,164864,26927431679,8227402552.28,8591127607.63,187310,10,10,10,0,0,0,0,0,0,26675773439,26910654463,26927431679,26683872259.72,1100
1781842447,0,188410,0,456.64,1099.93,2015231,5729419263,16013852671,23337107455,26591887359,164864,27413970943,8338009512.38,8686764857.11,188410,10,10,10,0,0,0,0,0,0,27162312703,27397193727,27413970943,27172363781.59,1100
1781842448,0,189510,0,458.20,1100.33,2028543,5830082559,16156459007,23773315071,27061649407,164864,27900510207,8450152997.15,8784990601.90,189510,10,10,10,0,0,0,0,0,0,27648851967,27883732991,27900510207,27658292965.00,1100
1781842449,0,190610,0,459.75,1099.87,2045951,5926551551,16307453951,24226299903,27548188671,164864,28336717823,8563504589.36,8885064047.98,190610,10,10,10,0,0,0,0,0,0,28085059583,28303163391,28319940607,28091922990.55,1100
1781842450,0,191710,0,461.29,1099.12,2062335,6111100927,16466837503,24645730303,27984396287,164864,28823257087,8678357579.28,8987619428.27,191710,10,10,10,0,0,0,0,0,0,28571598847,28806479871,28823257087,28580292496.29,1100
1781842451,0,192810,0,462.82,1100.31,2079743,6266290175,16626221055,25098715135,28470935551,164864,29309796351,8794650942.26,9092501358.47,192810,10,10,10,0,0,0,0,0,0,29058138111,29276241919,29293019135,29062469684.13,1100
1781842452,0,193910,0,464.35,1100.44,2099199,6366953471,16785604607,25568477183,28940697599,164864,29762781183,8912265339.11,9199423968.42,193910,10,10,10,0,0,0,0,0,0,29527900159,29746003967,29762781183,29527930664.03,1100
1781842453,0,195010,0,465.87,1100.11,2123775,6501171199,16953376767,26021462015,29393682431,164864,30266097663,9031301011.48,9308596320.42,195010,10,10,10,0,0,0,0,0,0,29997662207,30232543231,30249320447,30015125764.65,1100
1781842454,0,196110,0,467.38,1099.84,2146303,6710886399,17104371711,26491224063,29880221695,164864,30719082495,9151671677.17,9419802114.64,196110,10,10,10,0,0,0,0,0,0,30500978687,30685528063,30702305279,30491202146.68,1100
1781842455,0,197210,0,468.88,1099.42,2164735,6819938303,17263755263,26960986111,30383538175,164864,31205621759,9273299955.04,9532850842.89,197210,10,10,10,0,0,0,0,0,0,30953963519,31172067327,31188844543,30957410475.29,1100
1781842456,0,198070,0,469.81,860.54,2174975,6845104127,17314086911,27162312703,30568087551,164864,31440502783,9320647953.90,9589119721.78,198070,10,10,10,0,0,0,0,0,0,31272730623,31423725567,31440502783,20178204763.83,860
1781842457,0,198270,0,469.17,199.91,2166783,6824132607,17297309695,27162312703,30568087551,164864,31440502783,9311246867.69,9588847222.75,198270,10,10,10,0,0,0,0,0,0,695807,1151999,1572863,881138.24,200
1781842458,0,198470,0,468.54,200.13,2156543,6807355391,17297309695,27162312703,30568087551,164864,31440502783,9301864595.84,9588566204.21,198470,10,10,10,0,0,0,0,0,0,692223,1333247,2357247,749395.20,200
1781842459,0,198670,0,467.90,199.89,2146303,6786383871,17280532479,27162312703,30568087551,164864,31440502783,9292501463.55,9588276348.60,198670,10,10,10,0,0,0,0,0,0,843775,2639871,3278847,997140.48,200
1781842460,0,198870,0,467.27,200.05,2136063,6769606655,17280532479,27145535487,30568087551,164864,31440502783,9283156958.53,9587978150.20,198870,10,10,10,0,0,0,0,0,0,698367,1153023,1579007,792894.40,200
1781842461,0,199070,0,466.65,199.95,2123775,6748635135,17263755263,27145535487,30568087551,164864,31440502783,9273831084.47,9587671602.17,199070,10,10,10,0,0,0,0,0,0,652799,1020415,1064959,648208.00,200
1781842462,0,199270,0,466.02,200.08,2109439,6731857919,17263755263,27145535487,30568087551,164864,31440502783,9264524055.53,9587356494.67,199270,10,10,10,0,0,0,0,0,0,692735,1609727,2619391,772798.08,200
1781842463,0,199470,0,465.40,199.96,2107391,6698303487,17263755263,27145535487,30568087551,164864,31440502783,9255237218.22,9587031525.81,199470,10,10,10,0,0,0,0,0,0,2140159,5439487,6148095,2296868.48,200
1781842464,0,199670,0,464.79,200.09,2099199,6656360447,17246978047,27128758271,30568087551,164864,31440502783,9245968594.37,9586698604.54,199670,10,10,10,0,0,0,0,0,0,1880063,3422207,5914623,1906595.20,200
1781842465,0,199870,0,464.17,199.92,2095103,6622806015,17246978047,27128758271,30568087551,164864,31440502783,9236718512.69,9586357410.35,199870,10,10,10,0,0,0,0,0,0,1886207,3287039,5779455,1899467.84,200
1781842466,0,200070,0,463.56,199.94,2089983,6580862975,17230200831,27128758271,30568087551,164864,31440502783,9227486767.15,9586008138.63,200070,10,10,10,0,0,0,0,0,0,1769471,3217407,3282943,1741866.88,200
1781842467,0,200270,0,462.95,200.06,2085887,6538919935,17213423615,27128758271,30568087551,164864,31440502783,9218273786.44,9585650374.21,200270,10,10,10,0,0,0,0,0,0,1867775,3418111,5869567,2068526.40,200
1781842468,0,200470,0,462.34,199.89,2081791,6505365503,17213423615,27111981055,30568087551,164864,31440502783,9209079018.21,9585284644.94,200470,10,10,10,0,0,0,0,0,0,1886207,3278847,5738495,1897853.76,200
1781842469,0,200670,0,461.74,200.09,2077695,6471811071,17196646399,27111981055,30568087551,164864,31440502783,9199902763.75,9584910658.52,200670,10,10,10,0,0,0,0,0,0,1911807,4984831,6283263,2084106.88,200
1781842470,0,200870,0,461.14,200.05,2072575,6434062335,17196646399,27111981055,30568087551,164864,31440502783,9190744710.90,9584528711.72,200870,10,10,10,0,0,0,0,0,0,1893375,3502079,6139903,2012379.52,200
1781842471,0,201070,0,460.54,199.97,2066431,6413090815,17179869183,27111981055,30568087551,164864,31440502783,9181604222.82,9584139410.93,201070,10,10,10,0,0,0,0,0,0,861695,4849663,6168575,1355021.44,200
1781842472,0,201270,0,459.94,199.89,2057215,6392119295,17163091967,27095203839,30568087551,164864,31440502783,9172481285.76,9583742764.37,201270,10,10,10,0,0,0,0,0,0,714239,1323007,1654783,736515.84,200
1781842473,0,201470,0,459.35,200.10,2049023,6375342079,17163091967,27095203839,30568087551,164864,31440502783,9163376461.30,9583338230.28,201470,10,10,10,0,0,0,0,0,0,720895,1286143,1729535,736366.40,200
1781842474,0,201670,0,458.76,200.03,2040831,6358564863,17154703359,27095203839,30568087551,164864,31440502783,9154289873.78,9582925686.63,201670,10,10,10,0,0,0,0,0,0,736255,2326527,5828607,915937.92,200
1781842475,0,201870,0,458.17,199.87,2032639,6337593343,17146314751,27095203839,30568087551,164864,31440502783,9145221307.24,9582505336.55,201870,10,10,10,0,0,0,0,0,0,719871,2652159,3282943,932233.28,200
1781842476,0,202070,0,457.59,200.09,2024447,6320816127,17137926143,27078426623,30568087551,164864,31440502783,9136170425.66,9582077496.99,202070,10,10,10,0,0,0,0,0,0,660479,1034751,1488895,663108.16,200
1781842477,0,202270,0,457.01,199.99,2020351,6304038911,17121148927,27078426623,30551310335,164864,31440502783,9127138994.32,9581640483.05,202270,10,10,10,0,0,0,0,0,0,1012223,6283263,8343551,2232335.36,200
1781842478,0,202470,0,456.43,199.97,2016255,6287261695,17112760319,27078426623,30551310335,164864,31440502783,9118125041.93,9581196170.03,202470,10,10,10,0,0,0,0,0,0,1858559,3248127,5271551,1864292.16,200
1781842479,0,202670,0,455.85,200.12,2014207,6270484479,17104371711,27078426623,30551310335,164864,31440502783,9109129048.97,9580744097.13,202670,10,10,10,0,0,0,0,0,0,1906687,4775935,5947391,2035579.52,200
1781842480,0,202870,0,455.28,199.88,2011135,6253707263,17095983103,27061649407,30551310335,164864,31440502783,9100150625.27,9580284631.79,202870,10,10,10,0,0,0,0,0,0,1794047,3223551,3307519,1864966.08,200
1781842481,0,203070,0,454.71,200.12,2008063,6236930047,17087594495,27061649407,30551310335,164864,31440502783,9091190059.20,9579817496.05,203070,10,10,10,0,0,0,0,0,0,1886207,4653055,5898239,2039861.76,200
1781842482,0,203270,0,454.14,199.88,2004991,6211764223,17079205887,27061649407,30551310335,164864,31440502783,9082246841.17,9579343169.71,203270,10,10,10,0,0,0,0,0,0,1821695,3209215,3270655,1750416.32,200
1781842483,0,203470,0,453.57,199.95,2000895,6169821183,17070817279,27061649407,30551310335,164864,31440502783,9073321199.55,9578861432.02,203470,10,10,10,0,0,0,0,0,0,1645567,3244031,3311615,1745339.20,200
1781842484,0,203670,0,453.01,200.08,1998847,6136266751,17062428671,27061649407,30551310335,164864,31440502783,9064413198.45,9578372218.48,203670,10,10,10,0,0,0,0,0,0,1771519,3581951,6070271,1858281.60,200
1781842485,0,203870,0,452.44,200.08,1996799,6098518015,17054040063,27044872191,30551310335,164864,31440502783,9055522881.91,9577875483.86,203870,10,10,10,0,0,0,0,0,0,1903615,4919295,6283263,2069028.48,200
1781842486,0,204070,0,451.89,199.96,1994751,6064963583,17045651455,27044872191,30551310335,164864,31440502783,9046649995.64,9577371464.87,204070,10,10,10,0,0,0,0,0,0,1922047,4870143,6213631,2073384.64,200
1781842487,0,204270,0,451.33,199.96,1992703,6039797759,17037262847,27044872191,30551310335,164864,31440502783,9037794137.68,9576860536.78,204270,10,10,10,0,0,0,0,0,0,1631231,3205119,3266559,1719462.40,200
1781842488,0,204470,0,450.77,199.92,1989631,6006243327,17028874239,27044872191,30551310335,164864,31440502783,9028955793.56,9576342237.02,204470,10,10,10,0,0,0,0,0,0,1894399,3377151,5857279,1913027.52,200
1781842489,0,204670,0,450.22,200.00,1986559,5968494591,17020485631,27028094975,30551310335,164864,31440502783,9020134546.16,9575816954.79,204670,10,10,10,0,0,0,0,0,0,1636351,3196927,3258367,1732272.32,200
1781842490,0,204870,0,449.67,200.08,1984511,5926551551,17003708415,27028094975,30551310335,164864,31440502783,9011331077.22,9575284044.26,204870,10,10,10,0,0,0,0,0,0,2006015,5468159,6459391,2301129.28,200
1781842491,0,205070,0,449.13,199.97,1982463,5909774335,16995319807,27028094975,30551310335,164864,31440502783,9002544395.74,9574744433.97,205070,10,10,10,0,0,0,0,0,0,1883135,3377151,5840895,1907228.48,200
1781842492,0,205270,0,448.58,200.06,1980415,5892997119,16986931199,27028094975,30551310335,164864,31440502783,8993775062.01,9574197592.68,205270,10,10,10,0,0,0,0,0,0,1941503,4882431,6201343,2138720.96,200
1781842493,0,205470,0,448.04,199.91,1978367,5876219903,16978542591,27011317759,30551310335,164864,31440502783,8985022722.23,9573643848.67,205470,10,10,10,0,0,0,0,0,0,1918975,4833279,6119423,2058781.76,200
1781842494,0,205670,0,447.50,199.98,1976319,5855248383,16970153983,27011317759,30551310335,164864,31440502783,8976287108.49,9573083448.54,205670,10,10,10,0,0,0,0,0,0,1753087,3196927,3387391,1754339.84,200
1781842495,0,205870,0,446.96,200.07,1974271,5842665471,16953376767,27011317759,30551310335,164864,31440502783,8967568784.70,9572515859.15,205870,10,10,10,0,0,0,0,0,0,1926143,4902911,6180863,2080509.12,200
1781842496,0,206070,0,446.43,200.07,1973247,5825888255,16944988159,27011317759,30551310335,164864,31440502783,8958867541.21,9571941273.07,206070,10,10,10,0,0,0,0,0,0,1950719,5451775,6443007,2242559.04,200
1781842497,0,206270,0,445.90,199.95,1971199,5809111039,16936599551,27011317759,30551310335,164864,31440502783,8950182812.39,9571360215.04,206270,10,10,10,0,0,0,0,0,0,1833983,3338239,5783551,1872468.16,200
1781842498,0,206470,0,445.37,199.94,1969151,5788139519,16919822335,26994540543,30551310335,164864,31440502783,8941515236.28,9570772083.80,206470,10,10,10,0,0,0,0,0,0,1933311,5459967,6307839,2210622.72,200
1781842499,0,206670,0,444.84,200.13,1967103,5771362303,16903045119,26994540543,30534533119,164864,31440502783,8932864140.15,9570177503.41,206670,10,10,10,0,0,0,0,0,0,1894399,3311615,5828607,1905046.40,200
1781842500,0,206870,0,444.31,199.92,1965055,5750390783,16894656511,26994540543,30534533119,164864,31440502783,8924229715.86,9569576289.87,206870,10,10,10,0,0,0,0,0,0,1644543,3223551,3282943,1847378.56,200
1781842501,0,207070,0,443.79,200.11,1964031,5733613567,16894656511,26994540543,30534533119,164864,31440502783,8915612347.55,9568968080.44,207070,10,10,10,0,0,0,0,0,0,1953791,5591039,6279167,2237431.68,200
1781842502,0,207270,0,443.27,199.90,1961983,5695864831,16886267903,26977763327,30534533119,164864,31440502783,8907011437.63,9568353427.65,207270,10,10,10,0,0,0,0,0,0,1921023,4874239,6107135,2059356.48,200
1781842503,0,207470,0,442.75,199.93,1959935,5662310399,16877879295,26977763327,30534533119,164864,31440502783,8898426804.52,9567732495.27,207470,10,10,10,0,0,0,0,0,0,1700863,3244031,3289087,1742283.20,200
1781842504,0,207670,0,442.23,200.09,1957887,5628755967,16869490687,26977763327,30534533119,164864,31440502783,8889858856.77,9567104898.37,207670,10,10,10,0,0,0,0,0,0,1846271,3434495,5664767,1898253.44,200
1781842505,0,207870,0,441.72,199.97,1955839,5595201535,16861102079,26977763327,30534533119,164864,31440502783,8881307241.61,9566470959.98,207870,10,10,10,0,0,0,0,0,0,1646591,3227647,3293183,1737640.32,200
1781842506,0,208070,0,441.20,200.07,1953791,5561647103,16852713471,26960986111,30534533119,164864,31440502783,8872772074.76,9565830567.70,208070,10,10,10,0,0,0,0,0,0,1649663,3235839,3307519,1746412.48,200
1781842507,0,208270,0,440.69,199.97,1949695,5519704063,16844324863,26960986111,30534533119,164864,31440502783,8864252910.69,9565184129.55,208270,10,10,10,0,0,0,0,0,0,1011199,2990079,3272703,1340568.96,200
1781842508,0,208470,0,440.18,200.06,1945599,5481955327,16827547647,26960986111,30534533119,164864,31440502783,8855749638.47,9564531742.47,208470,10,10,10,0,0,0,0,0,0,714751,1480703,4632575,867108.48,200
1781842509,0,208670,0,439.68,199.87,1940479,5440012287,16819159039,26960986111,30534533119,164864,31440502783,8847262473.07,9563873201.61,208670,10,10,10,0,0,0,0,0,0,678911,1069055,1163263,665621.76,200
1781842510,0,208870,0,439.17,199.96,1935359,5414846463,16810770431,26944208895,30534533119,164864,31440502783,8838791693.28,9563208244.17,208870,10,10,10,0,0,0,0,0,0,696831,1125375,1583103,803597.44,200
1781842511,0,209070,0,438.67,200.07,1931263,5398069247,16802381823,26927431679,30534533119,164864,31440502783,8830336975.08,9562537164.43,209070,10,10,10,0,0,0,0,0,0,649215,1054719,1088511,652026.88,200
1781842512,0,209270,0,438.17,200.08,1927167,5381292031,16785604607,26927431679,30534533119,164864,31440502783,8821898488.07,9561859800.79,209270,10,10,10,0,0,0,0,0,0,699903,1373183,1780735,726086.72,200
1781842513,0,209470,0,437.68,199.92,1922047,5360320511,16777215999,26910654463,30534533119,164864,31440502783,8813476084.81,9561176284.32,209470,10,10,10,0,0,0,0,0,0,674815,1103871,1693695,694433.92,200
1781842514,0,209670,0,437.18,199.92,1917951,5343543295,16768827391,26910654463,30534533119,164864,31440502783,8805069741.88,9560486631.55,209670,10,10,10,0,0,0,0,0,0,633855,1033727,1149951,686472.32,200
1781842515,0,211132,0,439.31,1463.31,1925119,5184159743,16693329919,26893877247,30534533119,164864,31440502783,8744366016.32,9555022441.31,211132,10,10,10,0,0,0,0,0,0,28114943,101056511,146276351,38654567.75,1462
1781842516,0,212437,0,441.11,1305.07,1935359,4949278719,16634609663,26860322815,30517755903,164864,31440502783,8693446846.26,9547641961.46,212437,10,10,10,0,0,0,0,0,0,447479807,792199167,801636351,455388446.41,1305
1781842517,0,213110,0,441.59,672.48,1940479,4873781247,16601055231,26843545599,30517755903,164864,31440502783,8669188897.01,9542296206.32,213110,10,10,10,0,0,0,0,0,0,1069023231,1139802111,1146093567,1012003211.60,673
1781842518,0,214210,0,442.95,1100.56,1949695,4768923647,16542334975,26826768383,30517755903,164864,31440502783,8632918015.95,9531152456.79,214210,10,10,10,0,0,0,0,0,0,1501560831,1829765119,1838153727,1605929414.28,1100
1781842519,0,215310,0,444.31,1099.85,1958911,4617928703,16483614719,26793213951,30517755903,164864,31440502783,8600507372.82,9517535140.38,215310,10,10,10,0,0,0,0,0,0,2183135231,2512388095,2524971007,2288976586.94,1100
1781842520,0,216410,0,445.66,1100.33,1967103,4429185023,16441671679,26776436735,30500978687,164864,31440502783,8571865014.80,9501777485.23,216410,10,10,10,0,0,0,0,0,0,2866806783,3189768191,3198156799,2965514009.13,1100
1781842521,0,217510,0,447.00,1099.50,1976319,4324327423,16391340031,26759659519,30500978687,164864,31440502783,8546894827.96,9484197597.57,217510,10,10,10,0,0,0,0,0,0,3550478335,3854565375,3862953983,3634351070.49,1100
1781842522,0,218610,0,448.34,1100.30,1984511,4311744511,16332619775,26726105087,30500978687,164864,31440502783,8525024646.09,9465310275.13,218610,10,10,10,0,0,0,0,0,0,4114612223,4408213503,4420796415,4200494411.40,1100
1781842523,0,219710,0,449.68,1100.11,1995775,4366270463,16282288127,26709327871,30500978687,164864,31440502783,8506496560.85,9445205902.37,219710,10,10,10,0,0,0,0,0,0,4731174911,5045747711,5054136319,4824292273.80,1100
1781842524,0,220810,0,451.00,1099.53,2007039,4429185023,16240345087,26658996223,30500978687,164864,31440502783,8491527591.05,9424033115.69,220810,10,10,10,0,0,0,0,0,0,5398069247,5729419263,5737807871,5501679995.81,1100
1781842525,0,221910,0,452.33,1099.94,2021375,4601151487,16190013439,26642219007,30500978687,164864,31440502783,8480115823.06,9402045290.77,221910,10,10,10,0,0,0,0,0,0,6081740799,6413090815,6429868031,6189359014.63,1100
1781842526,0,223010,0,453.64,1099.88,2035711,4689231871,16131293183,26625441791,30500978687,164864,31440502783,8471831374.30,9379574947.31,223010,10,10,10,0,0,0,0,0,0,6698303487,7025459199,7033847807,6800556806.52,1100
1781842527,0,224110,0,454.96,1099.76,2052095,4768923647,16080961535,26591887359,30484201471,164864,31440502783,8466958970.91,9356792781.61,224110,10,10,10,0,0,0,0,0,0,7377780735,7700742143,7709130751,7479145624.67,1100
1781842528,0,225210,0,456.26,1100.97,2067455,4873781247,16039018495,26575110143,30484201471,164864,31440502783,8465391775.86,9333948335.74,225210,10,10,10,0,0,0,0,0,0,8044675071,8363442175,8380219391,8146097155.72,1100
1781842529,0,226310,0,457.56,1099.45,2084863,4961861631,15997075455,26558332927,30484201471,164864,31440502783,8466946577.23,9311270853.07,226310,10,10,10,0,0,0,0,0,0,8690597887,9009364991,9017753599,8785270955.29,1100
1781842530,0,227410,0,458.86,1100.30,2105343,5041553407,15946743807,26524778495,30484201471,164864,31440502783,8471701293.99,9288981185.14,227410,10,10,10,0,0,0,0,0,0,9361686527,9663676415,9672065023,9449919432.15,1100
1781842531,0,228510,0,460.15,1099.73,2129919,5226102783,15896412159,26508001279,30467424255,164864,31440502783,8479615790.48,9267303212.92,228510,10,10,10,0,0,0,0,0,0,10015997951,10343153663,10351542271,10115830013.21,1100
1781842532,0,229610,0,461.44,1100.06,2148351,5301600255,15854469119,26474446847,30467424255,164864,31440502783,8490659778.84,9246455944.12,229610,10,10,10,0,0,0,0,0,0,10687086591,11014242303,11022630911,10784897761.28,1100
1781842533,0,230710,0,462.72,1100.10,2164735,5360320511,15804137471,26457669631,30467424255,164864,31440502783,8504837000.05,9226668172.27,230710,10,10,10,0,0,0,0,0,0,11366563839,11685330943,11702108159,11464138603.05,1100
1781842534,0,231810,0,463.99,1099.40,2179071,5431623679,15737028607,26424115199,30467424255,164864,31440502783,8522046108.17,9208131456.05,231810,10,10,10,0,0,0,0,0,0,12029263871,12348030975,12364808191,12131421865.43,1100
1781842535,0,232910,0,465.26,1100.44,2191359,5620367359,15686696959,26390560767,30450647039,164864,31440502783,8542147909.56,9191001117.23,232910,10,10,10,0,0,0,0,0,0,12700352511,12985565183,12993953791,12778328436.36,1100
1781842536,0,233753,0,466.02,843.50,2199551,5679087615,15653142527,26373783551,30450647039,164864,31440502783,8559641951.98,9179026408.48,233753,10,10,10,0,0,0,0,0,0,13304332287,13665042431,13673431039,13393019676.85,843
1781842537,0,234812,0,467.20,1058.96,2207743,5758779391,15602810879,26357006335,30450647039,164864,31440502783,8583842053.72,9165374170.03,234812,10,10,10,0,0,0,0,0,0,13933477887,14294188031,14310965247,13925528909.60,1059
1781842538,0,235829,0,468.29,1017.01,2217983,5846859775,15552479231,26340229119,30450647039,164864,31440502783,8609393326.84,9153840911.88,235829,10,10,10,0,0,0,0,0,0,14529069055,14940110847,14948499455,14508848139.08,1017
1781842539,0,236789,0,469.26,959.98,2226175,5934940159,15502147583,26323451903,30433869823,164864,31440502783,8635675267.46,9144557548.44,236789,10,10,10,0,0,0,0,0,0,15183380479,15292432383,15602810879,15091970867.20,960
1781842540,0,238960,0,472.63,2169.14,2244607,6119489535,15711862783,26273120255,30433869823,164864,31440502783,8700552270.94,9128114825.54,238960,10,10,10,0,0,0,0,0,0,15837691903,15946743807,15963521023,15776628169.99,2171
1781842541,0,240060,0,473.87,1100.55,2254847,6270484479,15820914687,26256343039,30417092607,164864,31440502783,8734338124.52,9120787635.52,240060,10,10,10,0,0,0,0,0,0,15988686847,16282288127,16299065343,16073854097.22,1100
1781842542,0,241160,0,475.10,1099.64,2263039,6337593343,15862857727,26239565823,30417092607,164864,31440502783,8770612500.16,9115733381.29,241160,10,10,10,0,0,0,0,0,0,16609443839,16903045119,16911433727,16687000333.96,1100
1781842543,0,242260,0,476.33,1100.74,2271231,6392119295,15904800767,26189234175,30417092607,164864,31440502783,8809616122.42,9113343162.29,242260,10,10,10,0,0,0,0,0,0,17230200831,17632854015,17632854015,17360628434.39,1100
1781842544,0,243360,0,477.55,1099.49,2279423,6505365503,15955132415,26172456959,30417092607,164864,31440502783,8852200272.98,9114668603.82,243360,10,10,10,0,0,0,0,0,0,18102616063,18488492031,18505269247,18230778742.23,1100
1781842545,0,243910,0,477.70,549.74,2283519,6580862975,15997075455,26155679743,30417092607,164864,31440502783,8874733389.98,9116716250.75,243910,10,10,10,0,0,0,0,0,0,18857590783,18907922431,18907922431,18845023124.01,550
1781842546,0,245010,0,478.91,1100.46,2291711,6664749055,16131293183,26138902527,30400315391,164864,31440502783,8922199478.79,9123656596.24,245010,10,10,10,0,0,0,0,0,0,19327352831,19696451583,19713228799,19447157406.25,1100
1781842547,0,246110,0,480.12,1100.53,2301951,6773800959,16231956479,26105348095,30400315391,164864,31440502783,8972876611.35,9134619980.03,246110,10,10,10,0,0,0,0,0,0,20132659199,20518535167,20535312383,20260516837.93,1100
1781842548,0,246660,0,480.26,549.85,2306047,6824132607,16273899519,26105348095,30400315391,164864,31440502783,8999430822.57,9141704066.48,246660,10,10,10,0,0,0,0,0,0,20887633919,20937965567,20954742783,20881716138.36,550
1781842549,0,247760,0,481.46,1099.48,2316287,6920601599,16416505855,26071793663,30400315391,164864,31440502783,9054993116.73,9159267080.46,247760,10,10,10,0,0,0,0,0,0,21374173183,21776826367,21793603583,21514079913.43,1100
1781842550,0,248860,0,482.66,1100.82,2328575,6991904767,16525557759,26055016447,30400315391,164864,31440502783,9113733421.46,9181433236.25,248860,10,10,10,0,0,0,0,0,0,22213033983,22615687167,22615687167,22344186057.08,1100
1781842551,0,249410,0,482.79,549.85,2334719,7033847807,16567500799,26038239231,30383538175,164864,31440502783,9144299525.71,9194322291.72,249410,10,10,10,0,0,0,0,0,0,22984785919,23035117567,23035117567,22974628078.31,550
1781842552,0,250510,0,483.99,1100.34,2349055,7226785791,16701718527,26021462015,30383538175,164864,31440502783,9207809435.61,9223833958.00,250510,10,10,10,0,0,0,0,0,0,23471325183,23873978367,23890755583,23607815462.17,1100
1781842553,0,251610,0,485.17,1099.31,2363391,7298088959,16827547647,25987907583,30383538175,164864,31440502783,9274295311.42,9258187741.56,251610,10,10,10,0,0,0,0,0,0,24276631551,24679284735,24696061951,24415546900.48,1100
1781842554,0,252160,0,485.30,550.16,2373631,7327449087,16869490687,25987907583,30383538175,164864,31440502783,9308677952.61,9277278489.90,252160,10,10,10,0,0,0,0,0,0,25048383487,25098715135,25115492351,25037798589.91,550
1781842555,0,253260,0,486.48,1099.80,2392063,7390363647,17003708415,25937575935,30383538175,164864,31440502783,9379600510.66,9319191598.63,253260,10,10,10,0,0,0,0,0,0,25501368319,25904021503,25920798719,25637629817.95,1100
1781842556,0,254360,0,487.66,1099.53,2410495,7537164287,17121148927,26273120255,30366760959,164864,31440502783,9453422798.34,9366250863.71,254360,10,10,10,0,0,0,0,0,0,26340229119,26709327871,26709327871,26449997868.68,1100
1781842557,0,255460,0,488.83,1101.02,2430975,7646216191,17213423615,26608664575,30366760959,164864,31440502783,9529945206.88,9418233141.21,255460,10,10,10,0,0,0,0,0,0,27111981055,27481079807,27481079807,27224708695.51,1100
1781842558,0,256010,0,488.94,549.77,2441215,7688159231,17280532479,26675773439,30366760959,164864,31440502783,9569278446.48,9446223583.50,256010,10,10,10,0,0,0,0,0,0,27850178559,27900510207,27900510207,27838495516.86,550
1781842559,0,257110,0,490.11,1099.56,2463743,7801405439,17448304639,27011317759,30366760959,164864,31440502783,9650135493.04,9506375264.02,257110,10,10,10,0,0,0,0,0,0,28336717823,28739371007,28739371007,28468510481.69,1100
1781842560,0,258193,0,491.24,1083.93,2484223,7893680127,17565745151,27296530431,30349983743,164864,31440502783,9732552363.14,9571043908.97,258193,10,10,10,0,0,0,0,0,0,29158801407,29561454591,29578231807,29298758709.89,1083
1781842561,0,258760,0,491.38,566.43,2492415,7931428863,17599299583,27413970943,30349983743,164864,31440502783,9776670280.41,9606794013.31,258760,10,10,10,0,0,0,0,0,0,29880221695,29947330559,29947330559,29866506987.68,567
1781842562,0,259860,0,492.53,1100.01,2508799,8002732031,17716740095,27766292479,30551310335,164864,31440502783,9864229744.63,9680055591.91,259860,10,10,10,0,0,0,0,0,0,30333206527,30719082495,30735859711,30461399710.25,1100
1781842563,0,260960,0,493.68,1100.50,2525183,8120172543,17884512255,27934064639,30786191359,164864,31541166079,9954474444.73,9758719669.22,260960,10,10,10,0,0,0,0,0,0,31138512895,31541166079,31541166079,31273554232.79,1100
1781842564,0,261788,0,494.32,828.43,2533375,8250195967,17985175551,28219277311,31054626815,164864,32329695231,10024166679.29,9821523487.74,261788,10,10,10,0,0,0,0,0,0,31876710399,32312918015,32329695231,31989004278.11,828
1781842565,0,262610,0,494.93,821.27,2543615,8292139007,18052284415,28387049471,31272730623,164864,32665239551,10094423788.29,9885975054.89,262610,10,10,10,0,0,0,0,0,0,32564576255,32648462335,32665239551,32469689057.48,822
1781842566,0,263710,0,496.07,1100.48,2553855,8342470655,18152947711,28689039359,31809601535,164864,33520877567,10190937155.30,9977416417.54,263710,10,10,10,0,0,0,0,0,0,33084669951,33504100351,33520877567,33232187436.68,1100
1781842567,0,264456,0,496.54,746.38,2562047,8388607999,18270388223,28907143167,32262586367,164864,34426847231,10258186560.08,10043248765.04,264456,10,10,10,0,0,0,0,0,0,33940307967,34426847231,34426847231,34030761001.18,746
1781842568,0,265360,0,497.30,903.33,2570239,8480882687,18387828735,29125246975,32984006655,164864,34863054847,10341153626.49,10126061090.71,265360,10,10,10,0,0,0,0,0,0,34762391551,34863054847,34863054847,34612324551.36,904
1781842569,0,266460,0,498.43,1100.50,2578431,8598323199,18471714815,29460791295,33873199103,164864,35500589055,10444161623.28,10231009858.88,266460,10,10,10,0,0,0,0,0,0,35265708031,35467034623,35500589055,35293436194.44,1100
1781842570,0,267560,0,499.55,1099.64,2588671,8682209279,18605932543,29695672319,34762391551,164864,36205232127,10549121895.76,10339823521.95,267560,10,10,10,0,0,0,0,0,0,35903242239,36171677695,36205232127,35974316627.78,1100
1781842571,0,268660,0,500.67,1100.32,2598911,8816427007,18756927487,29930553343,35399925759,164864,37044092927,10656366041.34,10453321619.99,268660,10,10,10,0,0,0,0,0,0,36607885311,37010538495,37044092927,36742042031.94,1100
1781842572,0,269210,0,500.77,549.78,2605055,8866758655,18824036351,30148657151,35802578943,164864,37446746111,10710947744.85,10512084998.51,269210,10,10,10,0,0,0,0,0,0,37379637247,37446746111,37446746111,37372621321.31,550
1781842573,0,270310,0,501.88,1100.29,2613247,8933867519,18907922431,30383538175,36507222015,164864,38285606911,10822041921.02,10633670302.04,270310,10,10,10,0,0,0,0,0,0,37882953727,38285606911,38285606911,38010826617.95,1100
1781842574,0,271410,0,502.99,1100.04,2623487,9009364991,19058917375,30668750847,37346082815,164864,39158022143,10935644068.54,10760491914.34,271410,10,10,10,0,0,0,0,0,0,38721814527,39124467711,39124467711,38851822699.99,1100
1781842575,0,271960,0,503.07,549.65,2629631,9076473855,19142803455,30802968575,37748735999,164864,39560675327,10993362457.19,10825801829.39,271960,10,10,10,0,0,0,0,0,0,39493566463,39560675327,39560675327,39475813119.07,550
1781842576,0,273060,0,504.18,1100.36,2641919,9244246015,19260243967,31088181247,38587596799,164864,40399536127,11110676091.84,10960320990.75,273060,10,10,10,0,0,0,0,0,0,39963328511,40399536127,40399536127,40114872528.52,1100
1781842577,0,273962,0,504.91,902.62,2652159,9261023231,19293798399,31239176191,39023804415,164864,40835743743,11157279972.53,11028258829.19,273962,10,10,10,0,0,0,0,0,0,40701526015,40802189311,40835743743,25265545670.10,902
1781842578,0,274610,0,505.17,647.77,2660351,9185525759,19277021183,31222398975,39023804415,164864,40835743743,11132195471.09,11027313108.17,274610,10,10,10,0,0,0,0,0,0,539492351,868220927,924844031,526948276.15,648
1781842579,0,275340,0,505.59,730.11,2664447,9068085247,19260243967,31188844543,38721814527,164864,40835743743,11103232169.54,11027007173.73,275340,10,10,10,0,0,0,0,0,0,160038911,571473919,628097023,207872940.01,730
1781842580,0,275840,0,505.57,499.77,2648063,9000976383,19243466751,31188844543,38721814527,164864,40835743743,11083107939.39,11027125454.69,275840,10,10,10,0,0,0,0,0,0,882175,1497087,7258111,1096880.13,500
1781842581,0,276340,0,505.56,500.06,2629631,8967421951,19226689535,31172067327,38721814527,164864,40835743743,11063056091.97,11027207222.04,276340,10,10,10,0,0,0,0,0,0,858623,1463295,1502207,852903.94,500
1781842582,0,276840,0,505.55,499.91,2615295,8933867519,19209912319,31155290111,38721814527,164864,40835743743,11043076680.39,11027252424.06,276840,10,10,10,0,0,0,0,0,0,845823,1466367,1680383,855490.82,500
1781842583,0,277340,0,505.54,500.21,2603007,8908701695,19209912319,31155290111,38721814527,164864,40835743743,11023169400.35,11027261367.35,277340,10,10,10,0,0,0,0,0,0,870399,1499135,3985407,906586.75,500
1781842584,0,277840,0,505.53,499.85,2588671,8883535871,19176357887,31138512895,38721814527,164864,40835743743,11003333870.75,11027234434.21,277840,10,10,10,0,0,0,0,0,0,841215,1488895,1562623,962310.66,500
1781842585,0,278340,0,505.52,500.00,2576383,8841592831,19159580671,31138512895,38721814527,164864,40835743743,10983569427.48,11027172286.35,278340,10,10,10,0,0,0,0,0,0,852479,1479679,1546239,863591.94,500
1781842586,0,278840,0,505.51,499.93,2562047,8791261183,19126026239,31138512895,38721814527,164864,40835743743,10963875866.47,11027075125.20,278840,10,10,10,0,0,0,0,0,0,856063,1482751,1529855,864324.99,500
1781842587,0,279340,0,505.50,500.04,2547711,8724152319,19109249023,31121735679,38721814527,164864,40835743743,10944252921.22,11026943213.58,279340,10,10,10,0,0,0,0,0,0,885247,1475583,1630207,928816.26,500
1781842588,0,279840,0,505.49,499.86,2531327,8673820671,19092471807,31121735679,38721814527,164864,40835743743,10924699961.04,11026777173.89,279840,10,10,10,0,0,0,0,0,0,822271,1459199,1522687,852165.38,500
1781842589,0,280340,0,505.48,500.18,2512895,8640266239,19058917375,31121735679,38721814527,164864,40835743743,10905216758.10,11026577227.09,280340,10,10,10,0,0,0,0,0,0,829951,1472511,1522687,857735.55,500
1781842590,0,280840,0,505.47,500.22,2490367,8598323199,19025362943,31121735679,38721814527,164864,40835743743,10885803004.53,11026343672.57,280840,10,10,10,0,0,0,0,0,0,850431,1454079,1550335,899651.97,500
1781842591,0,281340,0,505.46,499.98,2463743,8556380159,19008585727,31121735679,38688260095,164864,40835743743,10866458168.67,11026077028.85,281340,10,10,10,0,0,0,0,0,0,850431,1454079,1492991,850764.67,500
1781842592,0,281840,0,505.45,499.69,2437119,8480882687,18975031295,31104958463,38688260095,164864,40835743743,10847184021.37,11025775548.56,281840,10,10,10,0,0,0,0,0,0,943103,9011199,25804799,2006819.07,500
1781842593,0,282340,0,505.44,500.15,2408447,8426356735,18958254079,31104958463,38688260095,164864,40835743743,10827976219.81,11025443496.51,282340,10,10,10,0,0,0,0,0,0,894975,1546239,2648063,922638.72,500
1781842594,0,282840,0,505.43,499.78,2383871,8380219391,18924699647,31104958463,38688260095,164864,40835743743,10808836474.33,11025079179.69,282840,10,10,10,0,0,0,0,0,0,884223,1526783,2488319,1004993.02,500
1781842595,0,283340,0,505.43,500.25,2361343,8355053567,18907922431,31104958463,38688260095,164864,40835743743,10789764054.32,11024683304.18,283340,10,10,10,0,0,0,0,0,0,865791,1486847,1563647,877503.74,500
1781842596,0,283840,0,505.42,500.08,2340863,8329887743,18907922431,31104958463,38688260095,164864,40835743743,10770758813.66,11024256001.95,283840,10,10,10,0,0,0,0,0,0,877567,1472511,1554431,869039.36,500
1781842597,0,284340,0,505.41,499.82,2322431,8300527615,18891145215,31088181247,38688260095,164864,40835743743,10751820263.54,11023797739.09,284340,10,10,10,0,0,0,0,0,0,696319,1242111,1500159,784127.49,500
1781842598,0,284840,0,505.40,500.02,2310143,8279556095,18874367999,31088181247,38688260095,164864,40835743743,10732951018.70,11023305960.02,284840,10,10,10,0,0,0,0,0,0,836095,19939327,26607615,2388861.57,500
1781842599,0,285340,0,505.39,500.13,2297855,8258584575,18857590783,31088181247,38688260095,164864,40835743743,10714145445.94,11022786136.44,285340,10,10,10,0,0,0,0,0,0,900095,1557503,4923391,986756.74,500
1781842600,0,285840,0,505.38,499.84,2285567,8191475711,18840813567,31088181247,38688260095,164864,40835743743,10695405540.43,11022236309.88,285840,10,10,10,0,0,0,0,0,0,867327,1471487,1532927,916267.39,500
1781842601,0,286340,0,505.37,500.10,2275327,8103395327,18840813567,31088181247,38688260095,164864,40835743743,10676731014.64,11021656744.34,286340,10,10,10,0,0,0,0,0,0,887295,1481727,1594367,878111.49,500
1781842602,0,286840,0,505.36,500.22,2263039,8040480767,18824036351,31071404031,38688260095,164864,40835743743,10658121613.51,11021047671.77,286840,10,10,10,0,0,0,0,0,0,846847,1469439,3071999,889772.54,500
1781842603,0,287340,0,505.35,499.54,2250751,8002732031,18807259135,31071404031,38688260095,164864,40835743743,10639576942.38,11020409458.11,287340,10,10,10,0,0,0,0,0,0,865279,1487871,1549311,870006.14,500
1781842604,0,287840,0,505.34,500.43,2236415,7969177599,18790481919,31071404031,38688260095,164864,40835743743,10621097025.98,11019742063.97,287840,10,10,10,0,0,0,0,0,0,855039,1477631,1552383,1058672.13,500
1781842605,0,288340,0,505.33,499.78,2224127,7939817471,18756927487,31071404031,38688260095,164864,40835743743,10602680853.54,11019046446.02,288340,10,10,10,0,0,0,0,0,0,839679,1469439,1504255,858700.29,500
1781842606,0,288840,0,505.32,500.11,2211839,7906263039,18740150271,31054626815,38688260095,164864,40835743743,10584328437.61,11018322573.83,288840,10,10,10,0,0,0,0,0,0,847871,1440767,1553407,857222.78,500
1781842607,0,289340,0,505.31,499.72,2199551,7860125695,18723373055,31054626815,38688260095,164864,40835743743,10566041017.73,11017569242.38,289340,10,10,10,0,0,0,0,0,0,910335,8097791,27197439,1764298.88,500
1781842608,0,289840,0,505.30,500.30,2185215,7822376959,18689818623,31054626815,38688260095,164864,40835743743,10547815143.30,11016789741.35,289840,10,10,10,0,0,0,0,0,0,860671,1474559,1577983,866131.46,500
1781842609,0,290340,0,505.29,499.67,2166783,7780433919,18673041407,31054626815,38688260095,164864,40835743743,10529652050.81,11015982863.94,290340,10,10,10,0,0,0,0,0,0,885247,1472511,1545215,870593.15,500
1781842610,0,290840,0,505.28,500.39,2144255,7709130751,18639486975,31054626815,38688260095,164864,40835743743,10511551503.58,11015148816.49,290840,10,10,10,0,0,0,0,0,0,877055,1515519,1614847,925737.22,500
1781842611,0,291340,0,505.27,499.58,2115583,7675576319,18622709759,31037849599,38688260095,164864,40835743743,10493512997.37,11014288059.50,291340,10,10,10,0,0,0,0,0,0,873983,1474559,1604607,874704.26,500
1781842612,0,291840,0,505.27,500.44,2086911,7637827583,18605932543,31037849599,38688260095,164864,40835743743,10475536506.47,11013400596.35,291840,10,10,10,0,0,0,0,0,0,903167,1615871,4214783,994792.19,500
1781842613,0,292340,0,505.26,499.86,2063359,7604273151,18572378111,31037849599,38688260095,164864,40835743743,10457621216.93,11012487179.55,292340,10,10,10,0,0,0,0,0,0,811007,1438719,1515519,825019.52,500
1781842614,0,292840,0,505.25,499.81,2042879,7541358591,18538823679,31037849599,38688260095,164864,40835743743,10439767285.51,11011547637.62,292840,10,10,10,0,0,0,0,0,0,818175,1435647,1511423,930662.02,500
1781842615,0,293340,0,505.24,500.28,2021375,7440695295,18522046463,31021072383,38688260095,164864,40835743743,10421974036.11,11010582588.39,293340,10,10,10,0,0,0,0,0,0,811007,1454079,1543167,823727.36,500
1781842616,0,293840,0,505.23,500.06,2002943,7398752255,18505269247,31021072383,38688260095,164864,40835743743,10404241330.45,11009592139.12,293840,10,10,10,0,0,0,0,0,0,804863,1439743,1500159,817574.91,500
1781842617,0,294340,0,505.22,499.62,1988607,7365197823,18488492031,31021072383,38688260095,164864,40835743743,10386568978.07,11008576446.22,294340,10,10,10,0,0,0,0,0,0,807423,1401855,1482751,880931.71,500
1781842618,0,294840,0,505.21,500.35,1975295,7340031999,18471714815,31021072383,38688260095,164864,40835743743,10368956472.73,11007535962.91,294840,10,10,10,0,0,0,0,0,0,819711,1440767,1518591,826827.01,500
1781842619,0,295340,0,505.20,499.84,1964031,7310671871,18471714815,31021072383,38688260095,164864,40835743743,10351403601.14,11006470865.18,295340,10,10,10,0,0,0,0,0,0,814591,1456127,1518591,826281.86,500
1781842620,0,295840,0,505.19,499.83,1952767,7285506047,18454937599,31004295167,38688260095,164864,40835743743,10333910140.57,11005381337.47,295840,10,10,10,0,0,0,0,0,0,797183,1402879,1507327,872850.30,500
1781842621,0,296340,0,505.19,500.18,1939455,7260340223,18438160383,30987517951,38654705663,164864,40835743743,10316475598.81,11004267816.11,296340,10,10,10,0,0,0,0,0,0,787455,1411071,1489919,805928.45,500
1781842622,0,296840,0,505.18,500.22,1928191,7201619967,18421383167,30987517951,38654705663,164864,40835743743,10299099821.80,11003130419.23,296840,10,10,10,0,0,0,0,0,0,823295,1452031,1519615,824306.94,500
1781842623,0,297340,0,505.17,499.75,1917951,7113539583,18404605951,30953963519,38654705663,164864,40835743743,10281782478.12,11001969430.57,297340,10,10,10,0,0,0,0,0,0,802815,1433599,1523711,821880.32,500
1781842624,0,297840,0,505.16,499.95,1906687,7029653503,18404605951,30937186303,38654705663,164864,40835743743,10264523428.72,11000784953.60,297840,10,10,10,0,0,0,0,0,0,793599,1419263,1500159,911933.44,500
1781842625,0,298340,0,505.15,500.21,1895423,6991904767,18387828735,30920409087,38654705663,164864,40835743743,10247322084.30,10999577510.50,298340,10,10,10,0,0,0,0,0,0,806911,1438719,1511423,825240.19,500
1781842626,0,298840,0,505.14,499.86,1884159,6958350335,18371051519,30920409087,38654705663,164864,40835743743,10230178293.12,10998347214.72,298840,10,10,10,0,0,0,0,0,0,799231,1444863,1500159,820969.60,500
1781842627,0,299340,0,505.13,500.10,1870847,6928990207,18337497087,30903631871,38654705663,164864,40835743743,10213091893.10,10997094189.19,299340,10,10,10,0,0,0,0,0,0,784895,1429503,1497087,892331.65,500
1781842628,0,299840,0,505.12,499.78,1853439,6895435775,18303942655,30886854655,38654705663,164864,40835743743,10196062178.55,10995819060.33,299840,10,10,10,0,0,0,0,0,0,691711,1341439,1471487,712670.85,500
1781842629,0,300340,0,505.12,500.34,1830911,6845104127,18287165439,30886854655,38654705663,164864,40835743743,10179089144.41,10994521803.26,300340,10,10,10,0,0,0,0,0,0,693247,1097727,1869823,700029.95,500
1781842630,0,300840,0,505.11,499.61,1802239,6798966783,18270388223,30870077439,38654705663,164864,40835743743,10162172589.31,10993202575.32,300840,10,10,10,0,0,0,0,0,0,671743,1087487,1461247,736273.54,500
1781842631,0,301340,0,505.10,499.94,1774591,6752829439,18253611007,30870077439,38654705663,164864,40835743743,10145313674.47,10991860276.51,301340,10,10,10,0,0,0,0,0,0,797183,7905279,17907711,1641793.15,500
1781842632,0,301840,0,505.09,500.13,1747967,6689914879,18236833791,30853300223,38654705663,164864,40835743743,10128509318.06,10990497722.14,301840,10,10,10,0,0,0,0,0,0,854015,1463295,1532927,859798.14,500
1781842633,0,302340,0,505.08,499.85,1724415,6656360447,18203279359,30853300223,38654705663,164864,40835743743,10111760576.38,10989113905.77,302340,10,10,10,0,0,0,0,0,0,875007,1488895,1586175,880197.38,500
1781842634,0,302840,0,505.07,500.08,1702911,6618611711,18186502143,30836523007,38654705663,164864,40835743743,10095067349.47,10987708889.49,302840,10,10,10,0,0,0,0,0,0,867327,1485823,1623039,1006901.63,500
1781842635,0,303770,0,505.78,929.85,1703935,6522142719,18136170495,30819745791,38654705663,164864,40835743743,10064713531.17,10984544573.31,303770,10,10,10,0,0,0,0,0,0,284950527,322437119,326893567,180465858.82,930
1781842636,0,304870,0,506.77,1100.52,1720319,6400507903,18085838847,30802968575,38654705663,164864,40835743743,10032081910.44,10978119224.71,304870,10,10,10,0,0,0,0,0,0,823656447,1281359871,1290797055,1020711522.68,1100
1781842637,0,305420,0,506.84,549.76,1727487,6371147775,18069061631,30786191359,38654705663,164864,40835743743,10017106168.84,10973895747.72,305420,10,10,10,0,0,0,0,0,0,1715470335,1738539007,1741684735,1715916457.43,550
1781842638,0,306520,0,507.82,1101.05,1743871,6312427519,18052284415,30769414143,38654705663,164864,40835743743,9989907941.81,10963566661.25,306520,10,10,10,0,0,0,0,0,0,2239758335,2684354559,2690646015,2438196577.75,1100
1781842639,0,307620,0,508.80,1098.92,1765375,6228541439,18018729983,30735859711,38654705663,164864,40835743743,9966203502.90,10951108802.79,307620,10,10,10,0,0,0,0,0,0,3135242239,3634364415,3638558719,3360853852.16,1100
1781842640,0,308170,0,508.87,550.28,1774591,6136266751,18001952767,30735859711,38654705663,164864,40835743743,9955756948.31,10944121034.32,308170,10,10,10,0,0,0,0,0,0,4114612223,4135583743,4139778047,4112903998.37,550
1781842641,0,309270,0,509.84,1100.29,1798143,6031409151,17985175551,30719082495,38654705663,164864,40835743743,9937669442.32,10928845053.26,309270,10,10,10,0,0,0,0,0,0,4647288831,5142216703,5146411007,4870372422.75,1100
1781842642,0,310370,0,510.82,1099.14,1820671,6031409151,17934843903,30719082495,38654705663,164864,40835743743,9923268851.77,10912143432.38,310370,10,10,10,0,0,0,0,0,0,5649727487,6148849663,6153043967,5874477361.34,1100
1781842643,0,310920,0,510.88,550.01,1828863,6064963583,17901289471,30702305279,38654705663,164864,40835743743,9917345437.27,10903395695.88,310920,10,10,10,0,0,0,0,0,0,6576668671,6597640191,6601834495,6574708788.13,550
1781842644,0,312020,0,511.85,1100.53,1847295,6132072447,17850957823,30702305279,38621151231,164864,40835743743,9908237601.33,10885245839.51,312020,10,10,10,0,0,0,0,0,0,7117733887,7600078847,7604273151,7333866373.12,1100
1781842645,0,313120,0,512.81,1099.78,1860607,6228541439,17800626175,30685528063,38621151231,164864,40835743743,9902444289.61,10866554162.70,313120,10,10,10,0,0,0,0,0,0,8099201023,8489271295,8493465599,8259145087.53,1100
1781842646,0,313670,0,512.87,549.83,1867775,6278873087,17767071743,30685528063,38621151231,164864,40835743743,9900802408.43,10857093779.09,313670,10,10,10,0,0,0,0,0,0,8967421951,8992587775,8992587775,8966064522.71,550
1781842647,0,315320,0,514.73,1650.78,1882111,6371147775,17699962879,30668750847,38621151231,164864,40835743743,9900200223.46,10828666040.12,315320,10,10,10,0,0,0,0,0,0,9865003007,10041163775,10049552383,9785723036.39,1650
1781842648,0,316420,0,515.68,1100.32,1891327,6429868031,17649631231,30668750847,38621151231,164864,40835743743,9902963930.23,10809936812.36,316420,10,10,10,0,0,0,0,0,0,10502537215,10947133439,10955522047,10695193037.73,1100
1781842649,0,316970,0,515.74,549.79,1895423,6522142719,17632854015,30668750847,38621151231,164864,40835743743,9905508329.66,10800726590.01,316970,10,10,10,0,0,0,0,0,0,11374952447,11400118271,11400118271,11369324454.63,550
1781842650,0,318070,0,516.69,1099.88,1903615,6580862975,17599299583,30651973631,38621151231,164864,40835743743,9912906944.47,10782773603.99,318070,10,10,10,0,0,0,0,0,0,11853103103,12297699327,12297699327,12044851430.87,1100
1781842651,0,319170,0,517.63,1100.15,1911807,6631194623,17582522367,30651973631,38621151231,164864,40835743743,9923337165.36,10765645581.78,319170,10,10,10,0,0,0,0,0,0,12750684159,13186891775,13195280383,12939282945.86,1100
1781842652,0,320270,0,518.57,1099.93,1918975,6731857919,17548967935,30635196415,38621151231,164864,40835743743,9936771998.40,10749586326.26,320270,10,10,10,0,0,0,0,0,0,13639876607,14084472831,14092861439,13834949874.04,1100
1781842653,0,320820,0,518.63,549.92,1923071,6782189567,17532190719,30635196415,38621151231,164864,40835743743,9944693573.58,10742069031.95,320820,10,10,10,0,0,0,0,0,0,14562623487,14587789311,14587789311,14557498811.11,550
1781842654,0,321920,0,519.56,1100.58,1931263,6887047167,17498636287,30618419199,38621151231,164864,40835743743,9963055566.24,10728294799.58,321920,10,10,10,0,0,0,0,0,0,15091105791,15594422271,15602810879,15318414190.78,1100
1781842655,0,323020,0,520.50,1100.05,1940479,6958350335,17448304639,30618419199,38621151231,164864,40835743743,9984706114.91,10716424706.71,323020,10,10,10,0,0,0,0,0,0,16097738751,16592666623,16601055231,16320837594.76,1100
1781842656,0,323570,0,520.55,549.70,1944575,7000293375,17431527423,30618419199,38621151231,164864,40835743743,9996596478.78,10711189783.97,323570,10,10,10,0,0,0,0,0,0,16986931199,17003708415,17012097023,16979915273.31,550
1781842657,0,324670,0,521.48,1100.66,1953791,7084179455,17498636287,30601641983,38621151231,164864,40835743743,10022821068.24,10702494549.69,324670,10,10,10,0,0,0,0,0,0,17515413503,18018729983,18018729983,17736903259.23,1100
1781842658,0,325770,0,522.40,1099.18,1961983,7147094015,17582522367,30568087551,38621151231,164864,40835743743,10052267157.34,10696389773.09,325770,10,10,10,0,0,0,0,0,0,18522046463,19025362943,19025362943,18743414203.11,1100
1781842659,0,326354,0,522.50,584.50,1967103,7243563007,17616076799,30568087551,38587596799,164864,40835743743,10069063934.16,10694177136.73,326354,10,10,10,0,0,0,0,0,0,19411238911,19948109823,19948109823,19438731712.88,584
1781842660,0,327420,0,523.37,1065.49,1975295,7302283263,17750294527,30534533119,38587596799,164864,40835743743,10101933753.28,10692242492.22,327420,10,10,10,0,0,0,0,0,0,20384317439,20434649087,20434649087,20164970292.35,1066
1781842661,0,328520,0,524.29,1100.18,1984511,7361003519,17901289471,30517755903,38587596799,164864,40835743743,10138908721.64,10693380889.89,328520,10,10,10,0,0,0,0,0,0,20954742783,21424504831,21424504831,21144676121.13,1100
1781842662,0,329070,0,524.33,549.71,1989631,7394557951,17968398335,30517755903,38587596799,164864,40835743743,10158562830.77,10695232905.23,329070,10,10,10,0,0,0,0,0,0,21911044095,21927821311,21927821311,21898140891.69,550
1781842663,0,330170,0,525.25,1100.26,1999871,7549747199,18018729983,30500978687,38285606911,164864,40835743743,10200226634.23,10701702052.96,330170,10,10,10,0,0,0,0,0,0,22447915007,22951231487,22951231487,22664142818.21,1100
1781842664,0,331270,0,526.16,1100.03,2013183,7591690239,18085838847,30484201471,38285606911,164864,40835743743,10244919504.16,10711949519.36,331270,10,10,10,0,0,0,0,0,0,23454547967,23941087231,23941087231,23659687563.64,1100
1781842665,0,331820,0,526.20,549.79,2018303,7612661759,18152947711,30467424255,38285606911,164864,40835743743,10268306148.78,10718446379.76,331820,10,10,10,0,0,0,0,0,0,24360517631,24394072063,24394072063,24354294810.07,550
1781842666,0,332920,0,527.11,1100.70,2033663,7692353535,18303942655,30450647039,38285606911,164864,40835743743,10317371663.52,10734613691.94,332920,10,10,10,0,0,0,0,0,0,24897388543,25400705023,25400705023,25118207210.59,1100
1781842667,0,334020,0,528.01,1099.59,2050047,7809794047,18438160383,30417092607,38285606911,164864,40835743743,10369456445.69,10755171022.15,334020,10,10,10,0,0,0,0,0,0,25920798719,26407337983,26424115199,26133152518.52,1100
1781842668,0,334570,0,528.05,550.39,2058239,7851737087,18471714815,30417092607,38285606911,164864,40835743743,10396520016.56,10767003458.97,334570,10,10,10,0,0,0,0,0,0,26843545599,26860322815,26860322815,26832472637.44,550
1781842669,0,335670,0,528.95,1099.02,2073599,7935623167,18522046463,30400315391,38285606911,164864,40835743743,10452853717.92,10794160404.77,335670,10,10,10,0,0,0,0,0,0,27380416511,27866955775,27866955775,27587005049.02,1100
1781842670,0,336770,0,529.85,1100.95,2092031,8006926335,18656264191,30366760959,38285606911,164864,40835743743,10512117712.95,10826139677.06,336770,10,10,10,0,0,0,0,0,0,28387049471,28873588735,28873588735,28596795176.03,1100
1781842671,0,337320,0,529.88,549.53,2103295,8027897855,18740150271,30366760959,38285606911,164864,40835743743,10542690619.34,10843732037.24,337320,10,10,10,0,0,0,0,0,0,29276241919,29293019135,29293019135,29262759139.14,550
1781842672,0,338420,0,530.77,1100.59,2125823,8082423807,18857590783,30333206527,38285606911,164864,40835743743,10605849304.03,10882450486.46,338420,10,10,10,0,0,0,0,0,0,29796335615,30232543231,30249320447,29973747049.19,1100
1781842673,0,339520,0,531.67,1100.09,2146303,8233418751,18958254079,30651973631,38285606911,164864,40835743743,10671505002.37,10925675483.14,339520,10,10,10,0,0,0,0,0,0,30685528063,31104958463,31121735679,30870779032.67,1100
1781842674,0,340620,0,532.55,1099.79,2162687,8292139007,19025362943,30735859711,38285606911,164864,40835743743,10739794143.11,10973808363.25,340620,10,10,10,0,0,0,0,0,0,31608274943,32094814207,32094814207,31817547835.58,1100
1781842675,0,341170,0,532.58,549.91,2170879,8321499135,19109249023,30953963519,38285606911,164864,40835743743,10774976143.16,10999859013.26,341170,10,10,10,0,0,0,0,0,0,32564576255,32598130687,32598130687,32563508614.98,550
1781842676,0,342270,0,533.47,1099.66,2185215,8380219391,19226689535,31104958463,38285606911,164864,40835743743,10847188096.00,11055565047.28,342270,10,10,10,0,0,0,0,0,0,33051115519,33504100351,33504100351,33244053504.00,1100
1781842677,0,343370,0,534.35,1100.35,2195455,8459911167,19310575615,31390171135,38252052479,164864,40835743743,10922066649.01,11116597902.52,343370,10,10,10,0,0,0,0,0,0,34007416831,34493956095,34527510527,34220868775.56,1100
1781842678,0,343920,0,534.37,550.08,2201599,8476688383,19394461695,31507611647,38252052479,164864,40835743743,10960547351.72,11149241045.78,343920,10,10,10,0,0,0,0,0,0,34997272575,35030827007,35030827007,34984399875.72,550
1781842679,0,345020,0,535.25,1099.50,2209791,8568963071,19444793343,31859933183,38252052479,164864,40835743743,11039545588.83,11218763384.75,345020,10,10,10,0,0,0,0,0,0,35534143487,36037459967,36037459967,35738703507.08,1100
1781842680,0,346120,0,536.12,1100.42,2220031,8648654847,19595788287,32262586367,38252052479,164864,40835743743,11121183864.46,11293860906.11,346120,10,10,10,0,0,0,0,0,0,36540776447,37010538495,37010538495,36727400097.98,1100
1781842681,0,346670,0,536.15,550.07,2224127,8690597887,19646119935,32564576255,38252052479,164864,40835743743,11162990825.57,11333527775.15,346670,10,10,10,0,0,0,0,0,0,37480300543,37513854975,37513854975,37472491512.55,550
1781842682,0,347770,0,537.02,1100.33,2232319,8824815615,19730006015,33000783871,38419824639,164864,40835743743,11248348453.53,11416608362.96,347770,10,10,10,0,0,0,0,0,0,37950062591,38419824639,38419824639,38149192893.91,1100
1781842683,0,348870,0,537.88,1099.32,2242559,8908701695,19897778175,33436991487,38923141119,164864,40835743743,11336203453.57,11505145103.39,348870,10,10,10,0,0,0,0,0,0,38956695551,39359348735,39359348735,39111961060.07,1100
1781842684,0,349970,0,538.75,1099.95,2252799,8959033343,19948109823,33873199103,39359348735,164864,40835743743,11426226809.66,11598396100.13,349970,10,10,10,0,0,0,0,0,0,39762001919,40265318399,40265318399,39977543389.56,1100
1781842685,0,350520,0,538.77,550.23,2256895,8967421951,19998441471,33957085183,39493566463,164864,40835743743,11472091478.21,11646897979.69,350520,10,10,10,0,0,0,0,0,0,40667971583,40701526015,40701526015,40656197028.77,550
1781842686,0,351620,0,539.63,1100.16,2265087,9009364991,20099104767,34460401663,39929774079,164864,41708158975,11565742385.99,11748226477.24,351620,10,10,10,0,0,0,0,0,0,41204842495,41708158975,41708158975,41408029833.77,1100
1781842687,0,352720,0,540.49,1100.09,2275327,9185525759,20216545279,34863054847,40365981695,164864,42547019775,11661653667.64,11854575941.99,352720,10,10,10,0,0,0,0,0,0,42211475455,42513465343,42547019775,42320130807.62,1100
1781842688,0,353606,0,541.02,886.21,2281471,9277800447,20350763007,35198599167,40701526015,164864,43520098303,11740622787.29,11944104662.44,353606,10,10,10,0,0,0,0,0,0,43016781823,43520098303,43520098303,43178532364.71,886
1781842689,0,354370,0,541.36,763.33,2285567,9319743487,20401094655,35467034623,41171288063,164864,43989860351,11809769617.55,12023606433.31,354370,10,10,10,0,0,0,0,0,0,43956305919,43989860351,43989860351,43813348228.69,764
1781842690,0,355470,0,542.21,1100.83,2295807,9378463743,20468203519,35869687807,42177921023,164864,44962938879,11911492358.60,12143040945.49,355470,10,10,10,0,0,0,0,0,0,44493176831,44962938879,44962938879,44681935764.01,1100
1781842691,0,356570,0,543.06,1099.47,2306047,9462349823,20552089599,36138123263,43016781823,164864,45902462975,12015473160.13,12267546280.99,356570,10,10,10,0,0,0,0,0,0,45432700927,45902462975,45902462975,45617341816.09,1100
1781842692,0,357120,0,543.07,549.98,2310143,9479127039,20635975679,36507222015,43520098303,164864,46305116159,12068232792.19,12331485637.74,357120,10,10,10,0,0,0,0,0,0,46305116159,46305116159,46305116159,46272781889.16,550
1781842693,0,358220,0,543.91,1100.34,2320383,9554624511,20786970623,36943429631,44459622399,164864,47278194687,12175517191.92,12463366456.12,358220,10,10,10,0,0,0,0,0,0,46808432639,47278194687,47278194687,47005885220.31,1100
1781842694,0,359320,0,544.76,1099.24,2332671,9638510591,20887633919,37379637247,45399146495,164864,48284827647,12285128689.06,12600506804.54,359320,10,10,10,0,0,0,0,0,0,47781511167,48251273215,48284827647,47980610965.88,1100
1781842695,0,360420,0,545.60,1100.61,2347007,9772728319,20921188351,37782290431,46271561727,164864,49123688447,12396768916.67,12742041764.29,360420,10,10,10,0,0,0,0,0,0,48687480831,49123688447,49123688447,48864556720.87,1100
1781842696,0,360970,0,545.60,550.13,2355199,9831448575,20971519999,37916508159,46774878207,164864,49559896063,12453318515.29,12814360361.13,360970,10,10,10,0,0,0,0,0,0,49526341631,49559896063,49559896063,49510784577.16,550
1781842697,0,362070,0,546.44,1100.11,2369535,9873391615,21139292159,38386270207,47747956735,164864,50532974591,12568122492.96,12962800838.53,362070,10,10,10,0,0,0,0,0,0,50029658111,50532974591,50532974591,50241569602.09,1100
1781842698,0,363170,0,547.27,1099.48,2387967,9906946047,21273509887,38721814527,48653926399,164864,51438944255,12685086980.30,13115961997.99,363170,10,10,10,0,0,0,0,0,0,51002736639,51438944255,51438944255,51184479645.32,1100
1781842699,0,363720,0,547.28,549.93,2396159,9890168831,21256732671,38721814527,48653926399,164864,51438944255,12667739361.35,13113626022.72,363720,10,10,10,0,0,0,0,0,0,1214251007,1701838847,1740636159,1212948867.26,550
1781842700,0,364510,0,547.64,789.94,2410495,9865003007,21223178239,38688260095,48653926399,164864,51438944255,12641306770.38,13111686004.90,364510,10,10,10,0,0,0,0,0,0,437780479,963641343,1019740159,471608047.80,790
1781842701,0,365110,0,547.72,599.95,2422783,9848225791,21206401023,38688260095,48653926399,164864,51438944255,12620910538.91,13110550876.37,365110,10,10,10,0,0,0,0,0,0,224002047,403439615,458751999,229859983.36,600
1781842702,0,365630,0,547.68,520.06,2433023,9806282751,21172846591,38688260095,48653926399,164864,51438944255,12603251224.07,13109579006.90,365630,10,10,10,0,0,0,0,0,0,200540159,357564415,396099583,204034993.23,520
1781842703,0,366180,0,547.68,550.37,2441215,9739173887,21156069375,38688260095,48653926399,164864,51438944255,12584562650.83,13108589551.29,366180,10,10,10,0,0,0,0,0,0,160038911,287309823,315359231,160738955.64,550
1781842704,0,366620,0,547.52,439.99,2451455,9672065023,21139292159,38688260095,48653926399,164864,51438944255,12569664668.64,13107769153.30,366620,10,10,10,0,0,0,0,0,0,163446783,294387711,312999935,171157578.47,440
1781842705,0,367090,0,547.41,469.62,2459647,9638510591,21105737727,38688260095,48653926399,164864,51438944255,12553822952.30,13106845582.79,367090,10,10,10,0,0,0,0,0,0,192020479,324009983,342622207,196610091.57,470
1781842706,0,367670,0,547.46,580.09,2471935,9596567551,21088960511,38654705663,48653926399,164864,51438944255,12534285425.18,13105724222.88,367670,10,10,10,0,0,0,0,0,0,164757503,315097087,329777151,168715030.95,580
1781842707,0,368110,0,547.30,440.07,2480127,9554624511,21055406079,38654705663,48653926399,164864,51438944255,12519452848.60,13104905505.90,368110,10,10,10,0,0,0,0,0,0,122486783,238944255,257818623,125149593.60,440
1781842708,0,368660,0,547.30,549.94,2488319,9504292863,21038628863,38654705663,48653926399,164864,51438944255,12501023028.77,13103803739.43,368660,10,10,10,0,0,0,0,0,0,164626431,296222719,304087039,166112162.91,550
1781842709,0,369120,0,547.17,460.30,2494463,9487515647,21005074431,38654705663,48653926399,164864,51438944255,12485661683.87,13102855057.35,369120,10,10,10,0,0,0,0,0,0,171835391,303824895,322699263,174545572.73,460
1781842710,0,369570,0,547.03,449.72,2502655,9470738431,20971519999,38654705663,48653926399,164864,51438944255,12470677096.64,13101906383.91,369570,10,10,10,0,0,0,0,0,0,181272575,302776319,318767103,179319676.02,450
1781842711,0,370130,0,547.05,559.86,2510847,9445572607,20954742783,38654705663,48653926399,164864,51438944255,12452073821.80,13100711321.78,370130,10,10,10,0,0,0,0,0,0,173670399,304873471,324272127,174909030.40,560
1781842712,0,370680,0,547.05,550.37,2519039,9395240959,20937965567,38621151231,48653926399,164864,51438944255,12433799794.83,13099569322.84,370680,10,10,10,0,0,0,0,0,0,139460607,234225663,238682111,136044156.74,550
1781842713,0,371100,0,546.86,419.81,2525183,9361686527,20937965567,38621151231,48653926399,164864,51438944255,12419882497.84,13098681469.40,371100,10,10,10,0,0,0,0,0,0,135528447,230031359,247726079,136873808.46,420
1781842714,0,371600,0,546.79,499.96,2531327,9336520703,20921188351,38621151231,48653926399,164864,51438944255,12403352627.05,13097610330.03,371600,10,10,10,0,0,0,0,0,0,135135231,228982783,247988223,134882525.18,500
1781842715,0,372160,0,546.81,560.40,2535423,9311354879,20921188351,38621151231,48653926399,164864,51438944255,12384887468.92,13096393487.20,372160,10,10,10,0,0,0,0,0,0,132448255,228065279,244711423,131936109.71,560
1781842716,0,372600,0,546.66,439.98,2541567,9286189055,20921188351,38621151231,48653926399,164864,51438944255,12370408257.13,13095430855.36,372600,10,10,10,0,0,0,0,0,0,116719615,211550207,229244927,123627668.95,440
1781842717,0,373210,0,546.75,609.96,2547711,9244246015,20904411135,38587596799,48653926399,164864,51438944255,12350374728.48,13094089010.23,373210,10,10,10,0,0,0,0,0,0,111673343,206438399,228196351,113501328.37,610
1781842718,0,373630,0,546.56,419.96,2551807,9185525759,20904411135,38587596799,48653926399,164864,51438944255,12336624143.52,13093145198.49,373630,10,10,10,0,0,0,0,0,0,114556927,203030527,228196351,117919822.02,420
1781842719,0,374150,0,546.53,520.03,2555903,9101639679,20887633919,38419824639,48653926399,164864,51438944255,12319636114.72,13091965435.11,374150,10,10,10,0,0,0,0,0,0,110886911,217448447,236584959,113410733.29,520
1781842720,0,374700,0,546.53,550.10,2562047,9009364991,20887633919,38419824639,48653926399,164864,51438944255,12301723533.18,13090693248.93,374700,10,10,10,0,0,0,0,0,0,110755839,204865535,222429183,116282833.45,550
1781842721,0,375150,0,546.39,449.80,2566143,8992587775,20887633919,38419824639,48653926399,164864,51438944255,12287102903.51,13089640568.38,375150,10,10,10,0,0,0,0,0,0,105250815,227016703,244842495,112991928.32,450
1781842722,0,375670,0,546.35,520.01,2572287,8975810559,20870856703,38419824639,48653926399,164864,51438944255,12270264192.37,13088395187.53,375670,10,10,10,0,0,0,0,0,0,119341055,217448447,231604223,122105572.43,520
1781842723,0,376170,0,546.28,500.09,2576383,8959033343,20854079487,38419824639,48653926399,164864,51438944255,12254050586.26,13087242091.62,376170,10,10,10,0,0,0,0,0,0,73007103,130285567,138018815,72119771.14,500
1781842724,0,376640,0,546.17,469.91,2578431,8950644735,20837302271,38419824639,48620371967,164864,51438944255,12238839400.18,13086151595.03,376640,10,10,10,0,0,0,0,0,0,60686335,113508351,117374975,64388614.54,470
1781842725,0,377210,0,546.21,569.98,2574335,8917090303,20837302271,38419824639,48620371967,164864,51438944255,12220391047.97,13084857027.07,377210,10,10,10,0,0,0,0,0,0,1538047,127008767,148766719,30237758.99,570
1781842726,0,377710,0,546.14,500.14,2559999,8900313087,20803747839,38419824639,48620371967,164864,51438944255,12204215203.01,13083739399.47,377710,10,10,10,0,0,0,0,0,0,809471,1463295,1551359,834248.32,500
1781842727,0,378210,0,546.07,499.68,2545663,8858370047,20786970623,38419824639,48620371967,164864,51438944255,12188082177.82,13082604663.82,378210,10,10,10,0,0,0,0,0,0,832511,1466367,1554431,872292.35,500
1781842728,0,378710,0,546.01,500.40,2529279,8816427007,20753416191,38419824639,48620371967,164864,51438944255,12171991705.00,13081453052.99,378710,10,10,10,0,0,0,0,0,0,821759,1470463,1576959,836252.80,500
1781842729,0,379210,0,545.94,499.69,2512895,8766095359,20736638975,38419824639,48620371967,164864,51438944255,12155944370.68,13080284006.39,379210,10,10,10,0,0,0,0,0,0,868863,3508223,21725183,1372408.32,500
1781842730,0,379710,0,545.88,500.25,2490367,8690597887,20719861759,38419824639,48620371967,164864,51438944255,12139939071.81,13079098533.13,379710,10,10,10,0,0,0,0,0,0,875007,1851391,9183231,1200299.78,500
1781842731,0,380210,0,545.81,499.76,2463743,8657043455,20686307327,38419824639,48620371967,164864,51438944255,12123975453.27,13077896945.08,380210,10,10,10,0,0,0,0,0,0,871935,1514495,1612799,884261.12,500
1781842732,0,380710,0,545.74,499.90,2435071,8615100415,20669530111,38419824639,48620371967,164864,51438944255,12108053773.04,13076678985.45,380710,10,10,10,0,0,0,0,0,0,880127,1517567,1625087,889694.72,500
1781842733,0,381210,0,545.68,500.28,2406399,8577351679,20635975679,38419824639,48620371967,164864,51438944255,12092173857.46,13075444797.95,381210,10,10,10,0,0,0,0,0,0,873471,1527807,1577983,888536.06,500
1781842734,0,381710,0,545.61,499.85,2381823,8518631423,20619198463,38386270207,48620371967,164864,51438944255,12076335659.60,13074194408.96,381710,10,10,10,0,0,0,0,0,0,907263,1559551,1656831,976849.02,500
1781842735,0,382210,0,545.55,499.95,2357247,8485076991,20585644031,38386270207,48620371967,164864,51438944255,12060538800.90,13072928150.70,382210,10,10,10,0,0,0,0,0,0,888831,1538047,1616895,900928.90,500
1781842736,0,382710,0,545.48,500.31,2338815,8468299775,20568866815,38386270207,48620371967,164864,51438944255,12044783205.74,13071646075.23,382710,10,10,10,0,0,0,0,0,0,894975,1531903,1574911,891153.79,500
1781842737,0,383210,0,545.42,499.73,2320383,8451522559,20535312383,38386270207,48620371967,164864,51438944255,12029068868.58,13070348170.27,383210,10,10,10,0,0,0,0,0,0,868351,1531903,1585151,1000924.29,500
1781842738,0,383710,0,545.36,500.27,2306047,8413773823,20535312383,38386270207,48620371967,164864,51438944255,12013395286.32,13069034880.71,383710,10,10,10,0,0,0,0,0,0,831487,1492991,1570815,848371.71,500
1781842739,0,384210,0,545.29,499.61,2293759,8371830783,20518535167,38386270207,48620371967,164864,51438944255,11997762484.88,13067706164.46,384210,10,10,10,0,0,0,0,0,0,829439,1464319,1569791,837998.85,500
1781842740,0,384710,0,545.23,500.26,2281471,8342470655,20501757951,38386270207,48620371967,164864,51438944255,11982170438.14,13066362027.63,384710,10,10,10,0,0,0,0,0,0,809471,1431551,1555455,929888.00,500
1781842741,0,385210,0,545.16,499.73,2271231,8321499135,20484980735,38285606911,48284827647,164864,51438944255,11966618755.69,13065002809.80,385210,10,10,10,0,0,0,0,0,0,850943,1466367,1579007,843243.26,500
1781842742,0,385710,0,545.10,500.19,2258943,8292139007,20484980735,38285606911,48284827647,164864,51438944255,11951107381.14,13063628544.10,385710,10,10,10,0,0,0,0,0,0,815615,1469439,1567743,834196.48,500
1781842743,0,386210,0,545.04,500.18,2246655,8271167487,20468203519,38285606911,48284827647,164864,51438944255,11935636171.88,13062239342.44,386210,10,10,10,0,0,0,0,0,0,824319,1467391,1567743,835928.96,500
1781842744,0,386710,0,544.97,499.65,2232319,8250195967,20451426303,38285606911,48284827647,164864,51438944255,11920205050.47,13060835257.11,386710,10,10,10,0,0,0,0,0,0,831999,1458175,1589247,898246.91,500
1781842745,0,387210,0,544.91,499.92,2220031,8162115583,20434649087,38285606911,48284827647,164864,51438944255,11904813708.05,13059416551.14,387210,10,10,10,0,0,0,0,0,0,831999,1475583,1581055,841657.73,500
1781842746,0,387710,0,544.85,500.45,2207743,8090812415,20434649087,38252052479,48251273215,164864,51438944255,11889462045.77,13057983295.65,387710,10,10,10,0,0,0,0,0,0,819711,1454079,1505279,827740.03,500
1781842747,0,388210,0,544.78,499.67,2195455,8061452287,20417871871,38252052479,48251273215,164864,51438944255,11874150007.26,13056535523.04,388210,10,10,10,0,0,0,0,0,0,813055,1478655,1550335,889106.56,500
1781842748,0,388710,0,544.72,500.14,2179071,8044675071,20417871871,38252052479,48251273215,164864,51438944255,11858877306.63,13055073474.16,388710,10,10,10,0,0,0,0,0,0,828415,1487871,1571839,847080.96,500
1781842749,0,389210,0,544.66,499.97,2158591,8023703551,20417871871,38252052479,48251273215,164864,51438944255,11843643822.75,13053597239.70,389210,10,10,10,0,0,0,0,0,0,807423,1441791,1548287,828787.07,500
1781842750,0,389710,0,544.59,500.18,2134015,7998537727,20401094655,38252052479,48251273215,164864,51438944255,11828449570.73,13052106786.88,389710,10,10,10,0,0,0,0,0,0,814591,1477631,1582079,939910.40,500
1781842751,0,390210,0,544.53,499.62,2103295,7964983295,20401094655,38252052479,48251273215,164864,51438944255,11813294131.87,13050602475.47,390210,10,10,10,0,0,0,0,0,0,838143,1483775,1561599,841975.30,500
1781842752,0,390710,0,544.47,500.30,2075647,7935623167,20384317439,38218498047,48251273215,164864,51438944255,11798177479.21,13049084310.21,390710,10,10,10,0,0,0,0,0,0,827391,1465343,1573887,839411.46,500
1781842753,0,391210,0,544.41,499.80,2054143,7902068735,20367540223,38218498047,48251273215,164864,51438944255,11783099475.47,13047552395.53,391210,10,10,10,0,0,0,0,0,0,824831,1490943,1577983,845797.12,500
1781842754,0,391710,0,544.35,500.32,2032639,7855931391,20350763007,38218498047,48251273215,164864,51438944255,11768060157.19,13046006679.10,391710,10,10,10,0,0,0,0,0,0,842239,1486847,2123775,996745.73,500
1781842755,0,391910,0,543.87,200.02,2024447,7843348479,20350763007,38218498047,48251273215,164864,51438944255,11762055085.88,13045384682.21,391910,10,10,10,0,0,0,0,0,0,798207,1426431,1502207,822667.84,200
1781842756,0,391910,0,543.12,0.00,2024447,7843348479,20350763007,38218498047,48251273215,164864,51438944255,11762055085.88,13045384682.21,391910,10,10,10,0,0,0,0,0,0,0,0,0,0.00,0
1781842757,0,391910,0,542.36,0.00,2024447,7843348479,20350763007,38218498047,48251273215,164864,51438944255,11762055085.88,13045384682.21,391910,10,10,10,0,0,0,0,0,0,0,0,0,0.00,0
