timestamp,sent_count,received_count,error_count,total_throughput,interval_throughput,latency_ns_p25,latency_ns_p50,latency_ns_p75,latency_ns_p95,latency_ns_p99,latency_ns_min,latency_ns_max,latency_ns_mean,latency_ns_stddev,latency_sample_count,connections,active_connections,connection_attempts,connection_failures,crashes_injected,reconnects,reconnect_failures,duplicate_count,gap_count,interval_latency_ns_p50,interval_latency_ns_p95,interval_latency_ns_p99,interval_latency_ns_mean,interval_latency_sample_count
1781841973,0,0,0,0.00,0.00,0,0,0,0,0,0,0,0.00,0.00,0,1,1,1,0,0,0,0,0,0,0,0,0,0.00,0
1781841974,0,0,0,0.00,0.00,0,0,0,0,0,0,0,0.00,0.00,0,1,1,1,0,0,0,0,0,0,0,0,0,0.00,0
1781841975,0,0,0,0.00,0.00,0,0,0,0,0,0,0,0.00,0.00,0,1,1,1,0,0,0,0,0,0,0,0,0,0.00,0
1781841976,0,0,0,0.00,0.00,0,0,0,0,0,0,0,0.00,0.00,0,1,1,1,0,0,0,0,0,0,0,0,0,0.00,0
1781841977,0,0,0,0.00,0.00,0,0,0,0,0,0,0,0.00,0.00,0,1,1,1,0,0,0,0,0,0,0,0,0,0.00,0
1781841978,0,0,0,0.00,0.00,0,0,0,0,0,0,0,0.00,0.00,0,1,1,1,0,0,0,0,0,0,0,0,0,0.00,0
1781841979,0,0,0,0.00,0.00,0,0,0,0,0,0,0,0.00,0.00,0,1,1,1,0,0,0,0,0,0,0,0,0,0.00,0
1781841980,0,0,0,0.00,0.00,0,0,0,0,0,0,0,0.00,0.00,0,2,2,2,0,0,0,0,0,0,0,0,0,0.00,0
1781841981,0,0,0,0.00,0.00,0,0,0,0,0,0,0,0.00,0.00,0,2,2,2,0,0,0,0,0,0,0,0,0,0.00,0
1781841982,0,0,0,0.00,0.00,0,0,0,0,0,0,0,0.00,0.00,0,2,2,2,0,0,0,0,0,0,0,0,0,0.00,0
1781841983,0,0,0,0.00,0.00,0,0,0,0,0,0,0,0.00,0.00,0,2,2,2,0,0,0,0,0,0,0,0,0,0.00,0
1781841984,0,0,0,0.00,0.00,0,0,0,0,0,0,0,0.00,0.00,0,2,2,2,0,0,0,0,0,0,0,0,0,0.00,0
1781841985,0,0,0,0.00,0.00,0,0,0,0,0,0,0,0.00,0.00,0,2,2,2,0,0,0,0,0,0,0,0,0,0.00,0
1781841986,0,0,0,0.00,0.00,0,0,0,0,0,0,0,0.00,0.00,0,2,2,2,0,0,0,0,0,0,0,0,0,0.00,0
1781841987,0,0,0,0.00,0.00,0,0,0,0,0,0,0,0.00,0.00,0,3,3,3,0,0,0,0,0,0,0,0,0,0.00,0
1781841988,0,0,0,0.00,0.00,0,0,0,0,0,0,0,0.00,0.00,0,3,3,3,0,0,0,0,0,0,0,0,0,0.00,0
1781841989,0,0,0,0.00,0.00,0,0,0,0,0,0,0,0.00,0.00,0,3,3,3,0,0,0,0,0,0,0,0,0,0.00,0
1781841990,0,0,0,0.00,0.00,0,0,0,0,0,0,0,0.00,0.00,0,3,3,3,0,0,0,0,0,0,0,0,0,0.00,0
1781841991,0,0,0,0.00,0.00,0,0,0,0,0,0,0,0.00,0.00,0,3,3,3,0,0,0,0,0,0,0,0,0,0.00,0
1781841992,0,0,0,0.00,0.00,0,0,0,0,0,0,0,0.00,0.00,0,3,3,3,0,0,0,0,0,0,0,0,0,0.00,0
1781841993,0,0,0,0.00,0.00,0,0,0,0,0,0,0,0.00,0.00,0,3,3,3,0,0,0,0,0,0,0,0,0,0.00,0
1781841994,0,0,0,0.00,0.00,0,0,0,0,0,0,0,0.00,0.00,0,4,4,4,0,0,0,0,0,0,0,0,0,0.00,0
1781841995,0,0,0,0.00,0.00,0,0,0,0,0,0,0,0.00,0.00,0,4,4,4,0,0,0,0,0,0,0,0,0,0.00,0
1781841996,0,0,0,0.00,0.00,0,0,0,0,0,0,0,0.00,0.00,0,4,4,4,0,0,0,0,0,0,0,0,0,0.00,0
1781841997,0,0,0,0.00,0.00,0,0,0,0,0,0,0,0.00,0.00,0,4,4,4,0,0,0,0,0,0,0,0,0,0.00,0
1781841998,0,0,0,0.00,0.00,0,0,0,0,0,0,0,0.00,0.00,0,4,4,4,0,0,0,0,0,0,0,0,0,0.00,0
1781841999,0,0,0,0.00,0.00,0,0,0,0,0,0,0,0.00,0.00,0,4,4,4,0,0,0,0,0,0,0,0,0,0.00,0
1781842000,0,0,0,0.00,0.00,0,0,0,0,0,0,0,0.00,0.00,0,5,5,5,0,0,0,0,0,0,0,0,0,0.00,0
1781842001,0,0,0,0.00,0.00,0,0,0,0,0,0,0,0.00,0.00,0,5,5,5,0,0,0,0,0,0,0,0,0,0.00,0
1781842002,0,0,0,0.00,0.00,0,0,0,0,0,0,0,0.00,0.00,0,5,5,5,0,0,0,0,0,0,0,0,0,0.00,0
1781842003,0,0,0,0.00,0.00,0,0,0,0,0,0,0,0.00,0.00,0,5,5,5,0,0,0,0,0,0,0,0,0,0.00,0
1781842004,0,0,0,0.00,0.00,0,0,0,0,0,0,0,0.00,0.00,0,5,5,5,0,0,0,0,0,0,0,0,0,0.00,0
1781842005,0,0,0,0.00,0.00,0,0,0,0,0,0,0,0.00,0.00,0,5,5,5,0,0,0,0,0,0,0,0,0,0.00,0
1781842006,0,0,0,0.00,0.00,0,0,0,0,0,0,0,0.00,0.00,0,5,5,5,0,0,0,0,0,0,0,0,0,0.00,0
1781842007,0,0,0,0.00,0.00,0,0,0,0,0,0,0,0.00,0.00,0,6,6,6,0,0,0,0,0,0,0,0,0,0.00,0
1781842008,0,0,0,0.00,0.00,0,0,0,0,0,0,0,0.00,0.00,0,6,6,6,0,0,0,0,0,0,0,0,0,0.00,0
1781842009,0,0,0,0.00,0.00,0,0,0,0,0,0,0,0.00,0.00,0,6,6,6,0,0,0,0,0,0,0,0,0,0.00,0
1781842010,0,0,0,0.00,0.00,0,0,0,0,0,0,0,0.00,0.00,0,6,6,6,0,0,0,0,0,0,0,0,0,0.00,0
1781842011,0,0,0,0.00,0.00,0,0,0,0,0,0,0,0.00,0.00,0,6,6,6,0,0,0,0,0,0,0,0,0,0.00,0
1781842012,0,0,0,0.00,0.00,0,0,0,0,0,0,0,0.00,0.00,0,6,6,6,0,0,0,0,0,0,0,0,0,0.00,0
1781842013,0,0,0,0.00,0.00,0,0,0,0,0,0,0,0.00,0.00,0,6,6,6,0,0,0,0,0,0,0,0,0,0.00,0
1781842014,0,0,0,0.00,0.00,0,0,0,0,0,0,0,0.00,0.00,0,7,7,7,0,0,0,0,0,0,0,0,0,0.00,0
1781842015,0,0,0,0.00,0.00,0,0,0,0,0,0,0,0.00,0.00,0,7,7,7,0,0,0,0,0,0,0,0,0,0.00,0
1781842016,0,0,0,0.00,0.00,0,0,0,0,0,0,0,0.00,0.00,0,7,7,7,0,0,0,0,0,0,0,0,0,0.00,0
1781842017,0,0,0,0.00,0.00,0,0,0,0,0,0,0,0.00,0.00,0,7,7,7,0,0,0,0,0,0,0,0,0,0.00,0
1781842018,0,0,0,0.00,0.00,0,0,0,0,0,0,0,0.00,0.00,0,7,7,7,0,0,0,0,0,0,0,0,0,0.00,0
1781842019,0,0,0,0.00,0.00,0,0,0,0,0,0,0,0.00,0.00,0,7,7,7,0,0,0,0,0,0,0,0,0,0.00,0
1781842020,0,0,0,0.00,0.00,0,0,0,0,0,0,0,0.00,0.00,0,8,8,8,0,0,0,0,0,0,0,0,0,0.00,0
1781842021,0,0,0,0.00,0.00,0,0,0,0,0,0,0,0.00,0.00,0,8,8,8,0,0,0,0,0,0,0,0,0,0.00,0
1781842022,0,0,0,0.00,0.00,0,0,0,0,0,0,0,0.00,0.00,0,8,8,8,0,0,0,0,0,0,0,0,0,0.00,0
1781842023,0,0,0,0.00,0.00,0,0,0,0,0,0,0,0.00,0.00,0,8,8,8,0,0,0,0,0,0,0,0,0,0.00,0
1781842024,0,0,0,0.00,0.00,0,0,0,0,0,0,0,0.00,0.00,0,8,8,8,0,0,0,0,0,0,0,0,0,0.00,0
1781842025,0,0,0,0.00,0.00,0,0,0,0,0,0,0,0.00,0.00,0,8,8,8,0,0,0,0,0,0,0,0,0,0.00,0
1781842026,0,0,0,0.00,0.00,0,0,0,0,0,0,0,0.00,0.00,0,8,8,8,0,0,0,0,0,0,0,0,0,0.00,0
1781842027,0,0,0,0.00,0.00,0,0,0,0,0,0,0,0.00,0.00,0,9,9,9,0,0,0,0,0,0,0,0,0,0.00,0
1781842028,0,0,0,0.00,0.00,0,0,0,0,0,0,0,0.00,0.00,0,9,9,9,0,0,0,0,0,0,0,0,0,0.00,0
1781842029,0,0,0,0.00,0.00,0,0,0,0,0,0,0,0.00,0.00,0,9,9,9,0,0,0,0,0,0,0,0,0,0.00,0
1781842030,0,0,0,0.00,0.00,0,0,0,0,0,0,0,0.00,0.00,0,9,9,9,0,0,0,0,0,0,0,0,0,0.00,0
1781842031,0,0,0,0.00,0.00,0,0,0,0,0,0,0,0.00,0.00,0,9,9,9,0,0,0,0,0,0,0,0,0,0.00,0
1781842032,0,0,0,0.00,0.00,0,0,0,0,0,0,0,0.00,0.00,0,9,9,9,0,0,0,0,0,0,0,0,0,0.00,0
1781842033,0,0,0,0.00,0.00,0,0,0,0,0,0,0,0.00,0.00,0,9,9,9,0,0,0,0,0,0,0,0,0,0.00,0
1781842034,0,0,0,0.00,0.00,0,0,0,0,0,0,0,0.00,0.00,0,10,10,10,0,0,0,0,0,0,0,0,0,0.00,0
1781842035,0,200,0,218.69,199.91,3133439,4188159,5312511,12804095,50069503,533504,50397183,6561666.56,10089853.39,200,10,10,10,0,0,0,0,0,0,4188159,12804095,50069503,6561666.56,200
1781842036,0,400,0,209.00,200.13,3563519,4562943,5496831,6950911,49741823,533504,50397183,5689296.64,7225693.35,400,10,10,10,0,0,0,0,0,0,4857855,6524927,6823935,4816926.72,200
1781842037,0,600,0,205.91,199.99,3624959,4562943,5496831,6606847,49414143,533504,50397183,5297146.88,5972027.68,600,10,10,10,0,0,0,0,0,0,4587519,6295551,6729727,4512847.36,200
1781842038,0,800,0,204.37,199.88,3694591,4624383,5517311,6623231,49053695,533504,50397183,5148348.80,5213840.70,800,10,10,10,0,0,0,0,0,0,4706303,6623231,6856703,4701954.56,200
1781842039,0,1000,0,203.49,200.04,3690495,4607999,5505023,6524927,12804095,533504,50397183,5008656.90,4704429.99,1000,10,10,10,0,0,0,0,0,0,4542463,6230015,6430719,4449889.28,200
1781842040,0,1200,0,202.91,200.10,3704831,4620287,5517311,6541311,12443647,533504,50397183,4979252.48,4409598.11,1200,10,10,10,0,0,0,0,0,0,4739071,6569983,6897663,4832230.40,200
1781842041,0,1400,0,202.48,199.89,3708927,4628479,5521407,6504447,11722751,533504,50397183,4919313.55,4113208.25,1400,10,10,10,0,0,0,0,0,0,4673535,6324223,6492159,4559680.00,200
1781842042,0,1600,0,202.16,199.95,3704831,4620287,5500927,6504447,10977279,533504,50397183,4868607.04,3874180.52,1600,10,10,10,0,0,0,0,0,0,4538367,6582271,6975487,4513661.44,200
1781842043,0,1800,0,201.93,200.13,3725311,4628479,5505023,6492159,10272767,533504,50397183,4854407.11,3668588.17,1800,10,10,10,0,0,0,0,0,0,4747263,6365183,6590463,4740807.68,200
1781842044,0,2000,0,201.73,199.92,3735551,4636671,5509119,6488063,9912319,533504,50397183,4839767.30,3524191.29,2000,10,10,10,0,0,0,0,0,0,4636671,6365183,6991871,4708008.96,200
1781842045,0,2200,0,201.56,199.96,3766271,4657151,5521407,6483967,7438335,533504,50397183,4839080.73,3374271.11,2200,10,10,10,0,0,0,0,0,0,4775935,6451199,6737919,4832215.04,200
1781842046,0,2400,0,201.45,200.17,3776511,4661247,5517311,6467583,7180287,533504,50397183,4827190.40,3244270.91,2400,10,10,10,0,0,0,0,0,0,4698111,6361087,6684671,4696396.80,200
1781842047,0,2600,0,201.32,199.86,3739647,4636671,5505023,6438911,7069695,533504,50397183,4779443.79,3142783.31,2600,10,10,10,0,0,0,0,0,0,4288511,5988351,6316031,4206484.48,200
1781842048,0,2800,0,201.23,199.97,3700735,4607999,5492735,6410239,7036927,503552,50397183,4722874.83,3061696.53,2800,10,10,10,0,0,0,0,0,0,4114431,6131711,6270975,3987478.40,200
1781842049,0,3000,0,201.15,200.11,3713023,4607999,5488639,6410239,6991871,503552,50397183,4719438.81,2970676.48,3000,10,10,10,0,0,0,0,0,0,4665343,6451199,6778879,4671334.40,200
1781842050,0,3200,0,201.08,200.07,3696639,4595711,5480447,6410239,6991871,480000,50397183,4690860.12,2899837.51,3200,10,10,10,0,0,0,0,0,0,4370431,6287359,6909951,4262179.84,200
1781842051,0,3400,0,201.01,199.86,3715071,4616191,5492735,6422527,6991871,480000,50397183,4699381.12,2825563.17,3400,10,10,10,0,0,0,0,0,0,4829183,6668287,6959103,4835717.12,200
1781842052,0,3600,0,200.96,200.14,3729407,4624383,5496831,6451199,6959103,480000,50397183,4705740.76,2757627.06,3600,10,10,10,0,0,0,0,0,0,4812799,6496255,6791167,4813854.72,200
1781842053,0,3800,0,200.91,199.99,3747839,4636671,5509119,6459391,6959103,480000,50397183,4717979.72,2695616.13,3800,10,10,10,0,0,0,0,0,0,4907007,6561791,6885375,4938280.96,200
1781842054,0,4000,0,200.86,199.94,3762175,4648959,5525503,6463487,6975487,480000,50397183,4729001.70,2648855.42,4000,10,10,10,0,0,0,0,0,0,4898815,6639615,6991871,4938419.20,200
1781842055,0,4200,0,200.82,199.98,3735551,4628479,5509119,6451199,6950911,480000,50397183,4693916.86,2609011.12,4200,10,10,10,0,0,0,0,0,0,4055039,6074367,6291455,3992220.16,200
1781842056,0,4400,0,200.78,199.95,3729407,4628479,5509119,6422527,6922239,480000,50397183,4681364.33,2563909.80,4400,10,10,10,0,0,0,0,0,0,4485119,6217727,6422527,4417761.28,200
1781842057,0,4600,0,200.75,200.13,3713023,4616191,5496831,6410239,6914047,480000,50397183,4660981.62,2525537.54,4600,10,10,10,0,0,0,0,0,0,4284415,6025215,6340607,4212561.92,200
1781842058,0,4800,0,200.72,199.86,3704831,4603903,5480447,6389759,6901759,480000,50397183,4645098.11,2485454.66,4800,10,10,10,0,0,0,0,0,0,4325375,5980159,6270975,4279777.28,200
1781842059,0,5000,0,200.69,200.10,3680255,4591615,5472255,6381567,6897663,480000,50397183,4618656.74,2456367.49,5000,10,10,10,0,0,0,0,0,0,4079615,6029311,6324223,3984064.00,200
1781842060,0,5200,0,200.67,200.04,3682303,4591615,5472255,6369279,6885375,480000,50397183,4615983.24,2418625.36,5200,10,10,10,0,0,0,0,0,0,4587519,6164479,6316031,4549145.60,200
1781842061,0,5400,0,200.64,199.90,3682303,4591615,5472255,6365183,6881279,480000,50397183,4613816.01,2383989.03,5400,10,10,10,0,0,0,0,0,0,4587519,6242303,6873087,4557468.16,200
1781842062,0,5600,0,200.61,199.98,3698687,4595711,5480447,6373375,6881279,480000,50397183,4623718.47,2350004.88,5600,10,10,10,0,0,0,0,0,0,4874239,6529023,6881279,4891084.80,200
1781842063,0,5800,0,200.60,200.09,3696639,4595711,5476351,6365183,6873087,480000,50397183,4617407.34,2319186.03,5800,10,10,10,0,0,0,0,0,0,4485119,6160383,6520831,4440695.68,200
1781842064,0,6000,0,200.57,199.91,3698687,4595711,5476351,6373375,6873087,480000,50397183,4624194.01,2311248.19,6000,10,10,10,0,0,0,0,0,0,4648959,6488063,6721535,4821007.36,200
1781842065,0,6200,0,200.56,200.12,3698687,4595711,5472255,6365183,6856703,480000,50397183,4619438.53,2280681.88,6200,10,10,10,0,0,0,0,0,0,4431871,6062079,6262783,4476774.40,200
1781842066,0,6400,0,200.54,200.01,3700735,4591615,5468159,6344703,6848511,480000,50397183,4615273.08,2251363.67,6400,10,10,10,0,0,0,0,0,0,4456447,6025215,6164479,4486144.00,200
1781842067,0,6600,0,200.52,199.86,3702783,4591615,5464063,6336511,6832127,480000,50397183,4615570.58,2223389.69,6600,10,10,10,0,0,0,0,0,0,4587519,6111231,6246399,4625090.56,200
1781842068,0,6800,0,200.51,200.04,3708927,4595711,5472255,6352895,6881279,480000,50397183,4622511.10,2200879.10,6800,10,10,10,0,0,0,0,0,0,4780031,6819839,7892991,4851548.16,200
1781842069,0,7000,0,200.49,200.06,3708927,4595711,5472255,6352895,6881279,475136,50397183,4618916.94,2181073.38,7000,10,10,10,0,0,0,0,0,0,4599807,6467583,6840319,4496715.52,200
1781842070,0,7200,0,200.48,200.04,3694591,4587519,5464063,6340607,6873087,459264,50397183,4601563.00,2163828.89,7200,10,10,10,0,0,0,0,0,0,4024319,5853183,6123519,3994175.36,200
1781842071,0,7400,0,200.46,199.83,3686399,4583423,5459967,6336511,6856703,459264,50397183,4593652.15,2144288.87,7400,10,10,10,0,0,0,0,0,0,4358143,5988351,6242303,4308861.44,200
1781842072,0,7600,0,200.45,200.17,3667967,4571135,5447679,6324223,6848511,459264,50397183,4575983.61,2130224.72,7600,10,10,10,0,0,0,0,0,0,3956735,5857279,6033407,3922247.68,200
1781842073,0,7800,0,200.44,199.83,3653631,4558847,5439487,6316031,6836223,459264,50397183,4560633.88,2116478.11,7800,10,10,10,0,0,0,0,0,0,4069375,5898239,6221823,3977344.00,200
1781842074,0,8000,0,200.43,200.16,3651583,4554751,5431295,6311935,6832127,459264,50397183,4556282.59,2110319.73,8000,10,10,10,0,0,0,0,0,0,4374527,6012927,6381567,4386582.40,200
1781842075,0,8200,0,200.42,199.93,3639295,4546559,5423103,6307839,6823935,459264,50397183,4541055.02,2099436.47,8200,10,10,10,0,0,0,0,0,0,4024319,5967871,6303743,3931952.00,200
1781842076,0,8400,0,200.41,199.91,3627007,4534271,5419007,6307839,6823935,459264,50397183,4529410.77,2087496.87,8400,10,10,10,0,0,0,0,0,0,4149247,6160383,6729727,4051996.80,200
1781842077,0,8600,0,200.40,200.08,3606527,4521983,5410815,6303743,6852607,459264,50397183,4512036.52,2082680.94,8600,10,10,10,0,0,0,0,0,0,3631103,6295551,8359935,3782318.08,200
1781842078,0,8800,0,200.39,200.03,3608575,4526079,5414911,6303743,6848511,459264,50397183,4513709.32,2067735.58,8800,10,10,10,0,0,0,0,0,0,4636671,6262783,6725631,4585639.68,200
1781842079,0,9000,0,200.38,199.90,3614719,4530175,5423103,6311935,6889471,459264,50397183,4520500.17,2055231.72,9000,10,10,10,0,0,0,0,0,0,4681727,6619135,9338879,4819297.28,200
1781842080,0,9200,0,200.37,200.05,3620863,4534271,5419007,6307839,6881279,459264,50397183,4522385.09,2038144.26,9200,10,10,10,0,0,0,0,0,0,4595711,6193151,6426623,4607206.40,200
1781842081,0,9400,0,200.37,200.10,3624959,4534271,5419007,6303743,6873087,459264,50397183,4523462.43,2021265.85,9400,10,10,10,0,0,0,0,0,0,4542463,6123519,6262783,4573020.16,200
1781842082,0,9600,0,200.36,200.04,3627007,4538367,5423103,6299647,6856703,459264,50397183,4526100.00,2004882.96,9600,10,10,10,0,0,0,0,0,0,4571135,6131711,6221823,4650065.92,200
1781842083,0,9800,0,200.35,199.81,3627007,4538367,5427199,6303743,6918143,459264,50397183,4530117.69,1997884.80,9800,10,10,10,0,0,0,0,0,0,4538367,8146943,9494527,4722967.04,200
1781842084,0,10000,0,200.34,200.14,3624959,4534271,5423103,6299647,6914047,459264,50397183,4527517.29,1992565.50,10000,10,10,10,0,0,0,0,0,0,4386815,5996543,6156287,4400097.28,200
1781842085,0,10200,0,200.34,199.89,3610623,4521983,5419007,6299647,6914047,458752,50397183,4514771.01,1986284.80,10200,10,10,10,0,0,0,0,0,0,3917823,6156287,6782975,3877457.28,200
1781842086,0,10400,0,200.33,200.10,3606527,4517887,5419007,6303743,6942719,458752,50397183,4512188.14,1979168.06,10400,10,10,10,0,0,0,0,0,0,4403199,6930431,7987199,4380461.44,200
1781842087,0,10600,0,200.32,199.87,3596287,4509695,5414911,6303743,6934527,458752,50397183,4500737.00,1973124.21,10600,10,10,10,0,0,0,0,0,0,3946495,5988351,6787071,3905278.08,200
1781842088,0,10800,0,200.32,200.06,3600383,4513791,5414911,6303743,6926335,458752,50397183,4505544.19,1960580.10,10800,10,10,10,0,0,0,0,0,0,4718591,6561791,6705151,4760325.12,200
1781842089,0,11000,0,200.31,200.06,3604479,4521983,5419007,6307839,6922239,458752,50397183,4509015.54,1948119.82,11000,10,10,10,0,0,0,0,0,0,4747263,6418431,6598655,4696468.48,200
1781842090,0,11200,0,200.31,200.07,3608575,4526079,5419007,6307839,6922239,458752,50397183,4511833.27,1935693.13,11200,10,10,10,0,0,0,0,0,0,4665343,6242303,6463487,4666808.32,200
1781842091,0,11400,0,200.30,199.88,3612671,4526079,5419007,6303743,6914047,458752,50397183,4513044.60,1922892.34,11400,10,10,10,0,0,0,0,0,0,4587519,6053887,6361087,4580879.36,200
1781842092,0,11600,0,200.30,199.99,3608575,4521983,5414911,6299647,6909951,458752,50397183,4508652.57,1913066.65,11600,10,10,10,0,0,0,0,0,0,4325375,5922815,6275071,4258306.56,200
1781842093,0,11800,0,200.29,200.05,3612671,4526079,5414911,6295551,6901759,458752,50397183,4510462.56,1901332.09,11800,10,10,10,0,0,0,0,0,0,4620287,6180863,6328319,4615441.92,200
1781842094,0,12000,0,200.29,199.91,3618815,4530175,5419007,6295551,6922239,458752,50397183,4517458.55,1909637.98,12000,10,10,10,0,0,0,0,0,0,4653055,6320127,9519103,4930222.08,200
1781842095,0,12220,0,200.61,219.97,3624959,4542463,5431295,6316031,7073791,458752,50397183,4532100.81,1908702.41,12220,10,10,10,0,0,0,0,0,0,5074943,8896511,9256959,5330769.45,220
1781842096,0,12420,0,200.60,200.10,3631103,4546559,5431295,6316031,7069695,458752,50397183,4535422.88,1897600.14,12420,10,10,10,0,0,0,0,0,0,4730879,6316031,6602751,4738401.28,200
1781842097,0,12620,0,200.59,199.95,3629055,4542463,5431295,6316031,7049215,458752,50397183,4533343.98,1889116.82,12620,10,10,10,0,0,0,0,0,0,4460543,6139903,6406143,4404244.48,200
1781842098,0,12820,0,200.58,200.13,3624959,4538367,5427199,6311935,7036927,458752,50397183,4527157.55,1882280.90,12820,10,10,10,0,0,0,0,0,0,4243455,5922815,6529023,4136793.60,200
1781842099,0,13020,0,200.57,199.93,3624959,4538367,5427199,6311935,7032831,458752,50397183,4527471.04,1873268.99,13020,10,10,10,0,0,0,0,0,0,4579327,6217727,6533119,4547566.08,200
1781842100,0,13220,0,200.56,199.97,3622911,4534271,5423103,6307839,7028735,458752,50397183,4522212.11,1866613.79,13220,10,10,10,0,0,0,0,0,0,4296703,6025215,6393855,4179855.36,200
1781842101,0,13420,0,200.55,199.93,3627007,4538367,5423103,6307839,7024639,458752,50397183,4524765.73,1856742.00,13420,10,10,10,0,0,0,0,0,0,4702207,6205439,6475775,4693560.32,200
1781842102,0,13620,0,200.55,200.11,3633151,4542463,5423103,6307839,7000063,458752,50397183,4527384.27,1847521.36,13620,10,10,10,0,0,0,0,0,0,4657151,6471679,6610943,4703088.64,200
1781842103,0,13820,0,200.54,200.04,3637247,4546559,5427199,6311935,6991871,458752,50397183,4529453.93,1838600.04,13820,10,10,10,0,0,0,0,0,0,4685823,6438911,6742015,4670397.44,200
1781842104,0,14020,0,200.53,199.93,3635199,4542463,5423103,6311935,6991871,458752,50397183,4527293.09,1841048.53,14020,10,10,10,0,0,0,0,0,0,4378623,6283263,6848511,4377978.88,200
1781842105,0,14220,0,200.52,199.99,3629055,4538367,5423103,6311935,7032831,458752,50397183,4522944.02,1839663.90,14220,10,10,10,0,0,0,0,0,0,4153343,6352895,9527295,4218074.24,200
1781842106,0,14420,0,200.52,200.10,3631103,4538367,5423103,6311935,7028735,458752,50397183,4523726.40,1832123.10,14420,10,10,10,0,0,0,0,0,0,4620287,6332415,6635519,4579353.60,200
1781842107,0,14620,0,200.51,199.86,3633151,4538367,5423103,6316031,7024639,458752,50397183,4524695.11,1824067.34,14620,10,10,10,0,0,0,0,0,0,4538367,6426623,6877183,4594539.52,200
1781842108,0,14820,0,200.50,200.10,3631103,4538367,5423103,6311935,7000063,458752,50397183,4522115.32,1818898.58,14820,10,10,10,0,0,0,0,0,0,4448255,6262783,6582271,4333532.16,200
1781842109,0,15020,0,200.50,199.90,3627007,4538367,5423103,6311935,6991871,458752,50397183,4518932.62,1813666.50,15020,10,10,10,0,0,0,0,0,0,4354047,6180863,6627327,4283095.04,200
1781842110,0,15220,0,200.49,200.12,3627007,4538367,5423103,6311935,6991871,458752,50397183,4518290.33,1807725.25,15220,10,10,10,0,0,0,0,0,0,4550655,6254591,6799359,4470054.40,200
1781842111,0,15420,0,200.48,199.85,3627007,4538367,5423103,6311935,6991871,458752,50397183,4518437.98,1801267.50,15420,10,10,10,0,0,0,0,0,0,4534271,6168575,7540735,4529673.60,200
1781842112,0,15620,0,200.48,199.97,3631103,4538367,5423103,6311935,6991871,458752,50397183,4519877.06,1793465.85,15620,10,10,10,0,0,0,0,0,0,4603903,6287359,6451199,4630830.08,200
1781842113,0,15820,0,200.47,200.14,3631103,4538367,5423103,6307839,6987775,458752,50397183,4519038.48,1787024.96,15820,10,10,10,0,0,0,0,0,0,4501503,6258687,6602751,4453545.60,200
1781842114,0,16020,0,200.47,200.05,3627007,4534271,5419007,6307839,6975487,458752,50397183,4516065.69,1786936.69,16020,10,10,10,0,0,0,0,0,0,4284415,6217727,6660095,4280918.40,200
1781842115,0,16220,0,200.46,199.91,3629055,4538367,5419007,6307839,6959103,458752,50397183,4517151.56,1779709.97,16220,10,10,10,0,0,0,0,0,0,4562943,6332415,6647807,4604129.28,200
1781842116,0,16420,0,200.45,199.96,3627007,4534271,5419007,6307839,6950911,451840,50397183,4515377.35,1774373.22,16420,10,10,10,0,0,0,0,0,0,4468735,6127615,6361087,4371489.28,200
1781842117,0,16620,0,200.45,200.13,3631103,4538367,5419007,6307839,6942719,451840,50397183,4517443.06,1767830.38,16620,10,10,10,0,0,0,0,0,0,4665343,6270975,6655999,4687037.44,200
1781842118,0,16820,0,200.44,199.96,3633151,4538367,5419007,6303743,6934527,451840,50397183,4518686.77,1760314.96,16820,10,10,10,0,0,0,0,0,0,4624383,6074367,6234111,4622039.04,200
1781842119,0,17020,0,200.44,199.94,3631103,4534271,5419007,6303743,6930431,451840,50397183,4515217.30,1756673.39,17020,10,10,10,0,0,0,0,0,0,4321279,6213631,6631423,4223434.88,200
1781842120,0,17220,0,200.43,200.08,3633151,4534271,5419007,6303743,6922239,451840,50397183,4516098.14,1750106.42,17220,10,10,10,0,0,0,0,0,0,4587519,6336511,6643711,4591057.92,200
1781842121,0,17420,0,200.43,199.91,3635199,4538367,5419007,6303743,6922239,451840,50397183,4517423.20,1743382.60,17420,10,10,10,0,0,0,0,0,0,4612095,6201343,6381567,4631511.04,200
1781842122,0,17620,0,200.42,199.93,3637247,4538367,5419007,6303743,6914047,451840,50397183,4518990.43,1738186.77,17620,10,10,10,0,0,0,0,0,0,4694015,6397951,6668287,4655496.32,200
1781842123,0,17820,0,200.42,200.17,3635199,4538367,5419007,6303743,6914047,451840,50397183,4517842.44,1732883.47,17820,10,10,10,0,0,0,0,0,0,4468735,6135807,6836223,4416704.00,200
1781842124,0,18020,0,200.41,199.85,3635199,4538367,5419007,6303743,6918143,451840,50397183,4518737.12,1741706.52,18020,10,10,10,0,0,0,0,0,0,4493311,6311935,7188479,4598453.12,200
1781842125,0,18220,0,200.41,200.12,3633151,4538367,5419007,6303743,6914047,451840,50397183,4516452.06,1738260.70,18220,10,10,10,0,0,0,0,0,0,4440063,6266879,6475775,4310568.32,200
1781842126,0,18420,0,200.40,199.98,3631103,4534271,5414911,6303743,6909951,451840,50397183,4513536.17,1734079.75,18420,10,10,10,0,0,0,0,0,0,4268031,6049791,6664191,4247898.88,200
1781842127,0,18620,0,200.40,199.98,3633151,4534271,5419007,6303743,6905855,451840,50397183,4515342.80,1727947.05,18620,10,10,10,0,0,0,0,0,0,4677631,6193151,6524927,4681733.12,200
1781842128,0,18820,0,200.40,199.97,3631103,4534271,5414911,6299647,6901759,451840,50397183,4512027.35,1724750.30,18820,10,10,10,0,0,0,0,0,0,4329471,6029311,6574079,4203358.72,200
1781842129,0,19020,0,200.39,199.94,3633151,4534271,5414911,6299647,6897663,451840,50397183,4513460.98,1718722.36,19020,10,10,10,0,0,0,0,0,0,4632575,6160383,6455295,4648366.08,200
1781842130,0,19220,0,200.39,200.17,3629055,4530175,5414911,6295551,6897663,451840,50397183,4508506.43,1715893.70,19220,10,10,10,0,0,0,0,0,0,4114431,5943295,6504447,4037328.00,200
1781842131,0,19420,0,200.38,199.94,3629055,4530175,5414911,6291455,6893567,451840,50397183,4508837.64,1710064.66,19420,10,10,10,0,0,0,0,0,0,4562943,6127615,6258687,4540666.88,200
1781842132,0,19620,0,200.38,199.97,3624959,4530175,5410815,6287359,6893567,416000,50397183,4504832.44,1707211.95,19620,10,10,10,0,0,0,0,0,0,4235263,5996543,6508543,4115927.68,200
1781842133,0,19820,0,200.38,200.06,3624959,4526079,5410815,6287359,6889471,416000,50397183,4501980.49,1704519.33,19820,10,10,10,0,0,0,0,0,0,4325375,6225919,6569983,4222204.16,200
1781842134,0,20020,0,200.37,199.93,3620863,4521983,5406719,6287359,6885375,416000,50397183,4499690.97,1707585.11,20020,10,10,10,0,0,0,0,0,0,4259839,6098943,6479871,4272800.00,200
1781842135,0,20220,0,200.37,200.00,3622911,4526079,5406719,6287359,6885375,416000,50397183,4501068.01,1702474.27,20220,10,10,10,0,0,0,0,0,0,4657151,6406143,6655999,4638909.44,200
1781842136,0,20420,0,200.36,199.94,3624959,4526079,5406719,6287359,6889471,416000,50397183,4502033.80,1697588.75,20420,10,10,10,0,0,0,0,0,0,4603903,6344703,7245823,4599674.88,200
1781842137,0,20620,0,200.36,200.14,3627007,4526079,5406719,6287359,6885375,416000,50397183,4503321.07,1692690.31,20620,10,10,10,0,0,0,0,0,0,4607999,6430719,6639615,4634752.00,200
1781842138,0,20820,0,200.36,199.98,3629055,4530175,5410815,6287359,6885375,416000,50397183,4504746.76,1687279.64,20820,10,10,10,0,0,0,0,0,0,4632575,6176767,6307839,4651735.04,200
1781842139,0,21020,0,200.35,199.95,3631103,4530175,5410815,6283263,6881279,416000,50397183,4505632.10,1681844.29,21020,10,10,10,0,0,0,0,0,0,4550655,6111231,6217727,4597795.84,200
1781842140,0,21220,0,200.35,200.11,3631103,4530175,5406719,6283263,6873087,416000,50397183,4505375.92,1677760.21,21220,10,10,10,0,0,0,0,0,0,4546559,6291455,6647807,4478451.84,200
1781842141,0,21420,0,200.35,199.97,3633151,4530175,5406719,6283263,6860799,416000,50397183,4506562.78,1672608.89,21420,10,10,10,0,0,0,0,0,0,4665343,6172671,6340607,4632488.96,200
1781842142,0,21620,0,200.34,199.96,3627007,4526079,5406719,6283263,6852607,416000,50397183,4501905.58,1670797.54,21620,10,10,10,0,0,0,0,0,0,4098047,5898239,6094847,4003118.72,200
1781842143,0,21820,0,200.34,199.97,3631103,4530175,5406719,6283263,6848511,416000,50397183,4503757.67,1666306.59,21820,10,10,10,0,0,0,0,0,0,4702207,6418431,6692863,4703969.28,200
1781842144,0,22020,0,200.34,199.96,3635199,4530175,5410815,6283263,6848511,416000,50397183,4506929.55,1667446.99,22020,10,10,10,0,0,0,0,0,0,4767743,6397951,6582271,4852981.76,200
1781842145,0,22220,0,200.34,200.07,3635199,4530175,5410815,6287359,6844415,416000,50397183,4507739.48,1663965.17,22220,10,10,10,0,0,0,0,0,0,4648959,6389759,6496255,4596912.64,200
1781842146,0,22420,0,200.33,199.95,3637247,4534271,5414911,6287359,6836223,416000,50397183,4509831.88,1659541.24,22420,10,10,10,0,0,0,0,0,0,4771839,6414335,6512639,4742297.60,200
1781842147,0,22620,0,200.33,200.12,3639295,4534271,5414911,6287359,6836223,416000,50397183,4510715.61,1656049.21,22620,10,10,10,0,0,0,0,0,0,4685823,6328319,6479871,4609781.76,200
1781842148,0,22820,0,200.33,199.92,3643391,4534271,5414911,6291455,6836223,416000,50397183,4513855.59,1651920.24,22820,10,10,10,0,0,0,0,0,0,4857855,6537215,6770687,4868986.88,200
1781842149,0,23020,0,200.32,199.90,3639295,4534271,5414911,6291455,6832127,416000,50397183,4510283.00,1650581.31,23020,10,10,10,0,0,0,0,0,0,4169727,6131711,6758399,4102650.88,200
1781842150,0,23220,0,200.32,200.19,3637247,4530175,5414911,6287359,6828031,416000,50397183,4507402.68,1648060.52,23220,10,10,10,0,0,0,0,0,0,4272127,6004735,6103039,4175877.12,200
1781842151,0,23420,0,200.32,199.92,3635199,4530175,5410815,6283263,6823935,416000,50397183,4504013.31,1645709.09,23420,10,10,10,0,0,0,0,0,0,4184063,5935103,6172671,4110507.52,200
1781842152,0,23620,0,200.32,200.08,3629055,4521983,5406719,6283263,6823935,416000,50397183,4498147.18,1644902.76,23620,10,10,10,0,0,0,0,0,0,3821567,5742591,6037503,3811223.04,200
1781842153,0,23820,0,200.31,199.99,3631103,4526079,5410815,6283263,6836223,416000,50397183,4502612.82,1643800.54,23820,10,10,10,0,0,0,0,0,0,4919295,7266303,10387455,5030005.76,200
1781842154,0,24020,0,200.31,199.97,3631103,4526079,5410815,6283263,6836223,416000,50397183,4504347.59,1649169.03,24020,10,10,10,0,0,0,0,0,0,4546559,6193151,6639615,4710958.08,200
1781842155,0,24510,0,202.71,489.95,3590143,4497407,5402623,6295551,6950911,241408,50397183,4476071.07,1839880.58,24510,10,10,10,0,0,0,0,0,0,1178623,22216703,26001407,3089944.42,490
1781842156,0,25010,0,205.14,500.01,3536895,4464639,5382143,6287359,6938623,241408,50397183,4408047.22,1884236.35,25010,10,10,10,0,0,0,0,0,0,1024511,2142207,2637823,1073518.21,500
1781842157,0,25510,0,207.54,500.21,3483647,4427775,5361663,6279167,6930431,241408,50397183,4349016.45,1921758.10,25510,10,10,10,0,0,0,0,0,0,1287167,2652159,2975743,1396297.22,500
1781842158,0,26010,0,209.90,499.81,3424255,4386815,5345279,6275071,6922239,241408,50397183,4287743.93,1954832.12,26010,10,10,10,0,0,0,0,0,0,1088511,2486271,2844671,1161619.97,500
1781842159,0,26510,0,212.23,500.09,3358719,4345855,5324799,6266879,6914047,241408,50397183,4225023.25,1989395.75,26510,10,10,10,0,0,0,0,0,0,932863,1588223,2279423,962293.50,500
1781842160,0,27010,0,214.51,500.05,3301375,4308991,5308415,6262783,6901759,241408,50397183,4166269.24,2030959.24,27010,10,10,10,0,0,0,0,0,0,939007,1611775,2164735,1051131.65,500
1781842161,0,27510,0,216.76,499.89,3235839,4276223,5287935,6254591,6897663,241408,50397183,4114974.77,2049523.57,27510,10,10,10,0,0,0,0,0,0,1279999,2617343,2826239,1344047.87,500
1781842162,0,28010,0,218.98,500.12,3168255,4243455,5271551,6246399,6893567,241408,50397183,4061018.74,2071451.59,28010,10,10,10,0,0,0,0,0,0,1071103,2140159,2557951,1092357.89,500
1781842163,0,28510,0,221.16,499.97,3084287,4202495,5251071,6238207,6885375,241408,50397183,4010913.82,2088910.42,28510,10,10,10,0,0,0,0,0,0,1142783,2523135,2736127,1204035.97,500
1781842164,0,29010,0,223.30,499.94,2985983,4167679,5234687,6234111,6881279,241408,50397183,3965740.41,2110841.97,29010,10,10,10,0,0,0,0,0,0,1217535,2615295,2889727,1389952.38,500
1781842165,0,29510,0,225.42,500.09,2877439,4130815,5218303,6225919,6860799,241408,50397183,3919108.41,2124539.65,29510,10,10,10,0,0,0,0,0,0,1131519,2514943,2779135,1213519.87,500
1781842166,0,30010,0,227.50,499.72,2740223,4093951,5197823,6221823,6848511,241408,50397183,3871354.49,2139622.63,30010,10,10,10,0,0,0,0,0,0,992255,2191359,2734079,1052918.02,500
1781842167,0,30510,0,229.55,500.18,2584575,4052991,5181439,6213631,6836223,241408,50397183,3824247.72,2157983.77,30510,10,10,10,0,0,0,0,0,0,952319,1553407,2238463,996899.84,500
1781842168,0,31010,0,231.57,500.08,2426879,4014079,5165055,6209535,6828031,241408,50397183,3784505.65,2165729.45,31010,10,10,10,0,0,0,0,0,0,1214463,2869247,4669439,1359444.22,500
1781842169,0,31510,0,233.56,499.73,2230271,3977215,5144575,6201343,6819839,241408,50397183,3743976.13,2173814.08,31510,10,10,10,0,0,0,0,0,0,1108991,2672639,3356671,1230335.49,500
1781842170,0,32010,0,235.52,500.13,2040831,3944447,5128191,6197247,6823935,241408,50397183,3705753.79,2185093.40,32010,10,10,10,0,0,0,0,0,0,1069055,2723839,7163903,1296982.14,500
1781842171,0,32510,0,237.45,500.00,1908735,3913727,5111807,6197247,6852607,241408,50397183,3681815.58,2211022.16,32510,10,10,10,0,0,0,0,0,0,1538047,3205119,19415039,2149291.39,500
1781842172,0,33010,0,239.35,500.14,1732607,3878911,5095423,6193151,6840319,241408,50397183,3642216.27,2218341.23,33010,10,10,10,0,0,0,0,0,0,1034751,2129919,2805759,1067468.80,500
1781842173,0,33510,0,241.23,499.78,1619967,3844095,5074943,6189055,6832127,241408,50397183,3604899.79,2223715.02,33510,10,10,10,0,0,0,0,0,0,1084415,2338815,2658303,1141266.05,500
1781842174,0,34010,0,243.08,500.20,1582079,3815423,5066751,6193151,6901759,241408,50397183,3591218.54,2276479.25,34010,10,10,10,0,0,0,0,0,0,1340415,14827519,24002559,2674301.18,500
1781842175,0,34510,0,244.90,499.62,1534975,3778559,5046271,6184959,6897663,241408,50397183,3554602.93,2281048.01,34510,10,10,10,0,0,0,0,0,0,1029631,2271231,2654207,1064008.58,500
1781842176,0,35010,0,246.70,500.24,1507327,3745791,5033983,6189055,6963199,241408,50397183,3533640.20,2296057.68,35010,10,10,10,0,0,0,0,0,0,1326079,7987199,17170431,2086793.22,500
1781842177,0,35510,0,248.47,500.15,1473535,3708927,5013503,6184959,6950911,241408,50397183,3500463.99,2303034.85,35510,10,10,10,0,0,0,0,0,0,1060863,2359295,2713599,1177465.22,500
1781842178,0,36010,0,250.22,499.83,1440767,3667967,4997119,6176767,6934527,241408,50397183,3467750.34,2304704.51,36010,10,10,10,0,0,0,0,0,0,1097727,2408447,2777087,1144427.52,500
1781842179,0,36510,0,251.94,500.04,1417215,3633151,4976639,6172671,6922239,241408,50397183,3437256.20,2304826.04,36510,10,10,10,0,0,0,0,0,0,1153023,2586623,2848767,1241068.03,500
1781842180,0,37010,0,253.64,500.13,1393663,3598335,4956159,6164479,6918143,241408,50397183,3407790.90,2314098.24,37010,10,10,10,0,0,0,0,0,0,1105919,2369535,2666495,1256234.75,500
1781842181,0,37510,0,255.32,499.90,1377279,3561471,4939775,6160383,6909951,241408,50397183,3380767.48,2311894.08,37510,10,10,10,0,0,0,0,0,0,1292287,2686975,2885631,1380493.44,500
1781842182,0,38010,0,256.97,499.86,1354751,3530751,4923391,6156287,6897663,241408,50397183,3352731.92,2310956.67,38010,10,10,10,0,0,0,0,0,0,1126399,2779135,3088383,1249504.26,500
1781842183,0,38510,0,258.61,500.24,1325055,3497983,4907007,6152191,6893567,241408,50397183,3322088.57,2312049.93,38510,10,10,10,0,0,0,0,0,0,991743,1632255,2465791,992581.12,500
1781842184,0,39010,0,260.22,499.85,1301503,3457023,4890623,6148095,6893567,241408,50397183,3296481.56,2323440.49,39010,10,10,10,0,0,0,0,0,0,1047039,2619391,3053567,1324229.50,500
1781842185,0,39510,0,261.80,499.84,1281023,3420159,4874239,6143999,6897663,241408,50397183,3273307.30,2341396.29,39510,10,10,10,0,0,0,0,0,0,1009151,2750463,21512191,1465251.84,500
1781842186,0,40010,0,263.37,500.22,1262591,3377151,4853759,6135807,6893567,241408,50397183,3246704.85,2339742.29,40010,10,10,10,0,0,0,0,0,0,1067007,2439167,2899967,1144579.58,500
1781842187,0,40510,0,264.92,499.94,1247231,3336191,4837375,6131711,6889471,241408,50397183,3220875.65,2341267.37,40510,10,10,10,0,0,0,0,0,0,1082367,2197503,2494463,1154022.40,500
1781842188,0,41010,0,266.45,500.09,1235967,3299327,4820991,6127615,6881279,241408,50397183,3197913.61,2338194.82,41010,10,10,10,0,0,0,0,0,0,1206271,2596863,5623807,1337529.86,500
1781842189,0,41510,0,267.96,499.90,1231871,3264511,4812799,6131711,6942719,241408,50397183,3194235.56,2374683.05,41510,10,10,10,0,0,0,0,0,0,1606655,16572415,21692415,2892561.92,500
1781842190,0,42010,0,269.44,499.94,1225727,3223551,4792319,6127615,6934527,241408,50397183,3176113.37,2375850.53,42010,10,10,10,0,0,0,0,0,0,1522687,2815999,2981887,1671609.09,500
1781842191,0,42510,0,270.91,500.13,1207295,3178495,4771839,6123519,6922239,241408,50397183,3150612.46,2373757.59,42510,10,10,10,0,0,0,0,0,0,1007103,1624063,1692671,1008025.60,500
1781842192,0,43010,0,272.36,499.84,1192959,3125247,4755455,6115327,6914047,241408,50397183,3126407.02,2370992.72,43010,10,10,10,0,0,0,0,0,0,1059839,1702911,2500607,1068460.80,500
1781842193,0,43510,0,273.80,500.20,1182719,3071999,4734975,6111231,6901759,241408,50397183,3104747.09,2366717.79,43510,10,10,10,0,0,0,0,0,0,1212415,2422783,2633727,1241559.55,500
1781842194,0,44010,0,275.21,500.07,1171455,3008511,4714495,6103039,6897663,241408,50397183,3084435.38,2368651.67,44010,10,10,10,0,0,0,0,0,0,1165311,2529279,2887679,1316910.59,500
1781842195,0,44511,0,276.61,501.04,1163263,2951167,4698111,6098943,6893567,241408,50397183,3063955.55,2364180.77,44511,10,10,10,0,0,0,0,0,0,1184767,2617343,2873343,1264919.38,501
1781842196,0,45011,0,277.99,499.97,1159167,2934783,4702207,6127615,7987199,241408,53313535,3134356.40,2884588.16,45011,10,10,10,0,0,0,0,0,0,1538047,44367871,52559871,9401580.29,500
1781842197,0,45510,0,279.35,498.95,1147903,2877439,4681727,6123519,7925759,241408,53313535,3112761.32,2878985.91,45510,10,10,10,0,0,0,0,0,0,1036799,2414591,2957311,1164833.47,499
1781842198,0,46010,0,280.70,499.81,1134591,2820095,4661247,6119423,7847935,241408,53313535,3089879.59,2872298.11,46010,10,10,10,0,0,0,0,0,0,950783,1964031,3438591,1007184.00,500
1781842199,0,46510,0,282.03,500.16,1123327,2754559,4644863,6111231,7798783,241408,53313535,3068765.35,2864728.64,46510,10,10,10,0,0,0,0,0,0,1052671,2441215,2795519,1125833.22,500
1781842200,0,47010,0,283.34,500.09,1119231,2699263,4624383,6107135,7782399,241408,53313535,3051493.05,2856984.44,47010,10,10,10,0,0,0,0,0,0,1358847,2635775,2861055,1444823.55,500
1781842201,0,47510,0,284.64,499.85,1111039,2646015,4607999,6098943,7684095,241408,53313535,3033135.24,2848449.65,47510,10,10,10,0,0,0,0,0,0,1212415,2684927,2916351,1307134.21,500
1781842202,0,48010,0,285.92,499.90,1099775,2592767,4591615,6094847,7655423,241408,53313535,3012286.47,2841357.88,48010,10,10,10,0,0,0,0,0,0,1007103,1980415,2674687,1031236.10,500
1781842203,0,48510,0,287.19,500.08,1094655,2545663,4575231,6090751,7581695,241408,53313535,2994888.36,2832701.86,48510,10,10,10,0,0,0,0,0,0,1274879,2621439,2811903,1324321.79,500
1781842204,0,49010,0,288.44,500.05,1089535,2504703,4558847,6082559,7561215,241408,53313535,2979848.76,2827814.93,49010,10,10,10,0,0,0,0,0,0,1336319,2791423,2981887,1520707.33,500
1781842205,0,49510,0,289.68,499.78,1080319,2457599,4542463,6078463,7503871,241408,53313535,2960806.64,2820465.65,49510,10,10,10,0,0,0,0,0,0,1019391,2428927,2883583,1094297.34,500
1781842206,0,50010,0,290.90,500.24,1069055,2402303,4521983,6070271,7442431,241408,53313535,2940497.07,2813899.93,50010,10,10,10,0,0,0,0,0,0,937983,1554431,1669119,929443.58,500
1781842207,0,50510,0,292.11,499.92,1060863,2344959,4501503,6066175,7409663,241408,53313535,2922191.75,2810728.95,50510,10,10,10,0,0,0,0,0,0,992255,1895423,2656255,1091293.95,500
1781842208,0,51010,0,293.31,500.01,1053695,2297855,4485119,6062079,7352319,241408,53313535,2905367.51,2802980.47,51010,10,10,10,0,0,0,0,0,0,1091583,2707455,3481599,1205782.66,500
1781842209,0,51510,0,294.49,500.05,1047039,2256895,4468735,6057983,7311359,241408,53313535,2889273.22,2794893.95,51510,10,10,10,0,0,0,0,0,0,1169407,2580479,2832383,1247333.89,500
1781842210,0,52010,0,295.66,499.86,1040895,2220031,4452351,6049791,7270399,241408,53313535,2874333.14,2792888.71,52010,10,10,10,0,0,0,0,0,0,1121279,2629631,2883583,1335206.27,500
1781842211,0,52511,0,296.82,501.25,1033215,2183167,4435967,6045695,7249919,241408,53313535,2859065.42,2785889.22,52511,10,10,10,0,0,0,0,0,0,1080319,3299327,6438911,1274086.83,501
1781842212,0,53010,0,297.95,498.72,1027583,2150399,4419583,6045695,7385087,241408,53313535,2847775.31,2780453.82,53010,10,10,10,0,0,0,0,0,0,1164287,6496255,9175039,1659689.56,499
1781842213,0,53510,0,299.08,500.25,1022463,2117631,4399103,6041599,7344127,241408,53313535,2833750.81,2772465.55,53510,10,10,10,0,0,0,0,0,0,1154047,2801663,4296703,1346873.47,500
1781842214,0,54010,0,300.20,499.87,1020927,2094079,4382719,6037503,7331839,241408,53313535,2822793.17,2770994.52,54010,10,10,10,0,0,0,0,0,0,1417215,2824191,3071999,1650105.73,500
1781842215,0,54260,0,299.92,249.83,1022975,2111487,4386815,6037503,7315455,241408,53313535,2827146.19,2767086.70,54260,10,10,10,0,0,0,0,0,0,3739647,5988351,6275071,3767574.53,250
1781842216,0,54460,0,299.37,200.12,1025023,2127871,4386815,6037503,7311359,241408,53313535,2830596.52,2763765.59,54460,10,10,10,0,0,0,0,0,0,3778559,5718015,5914623,3766670.72,200
1781842217,0,54660,0,298.83,199.88,1028095,2144255,4399103,6037503,7286783,241408,53313535,2837597.38,2761802.46,54660,10,10,10,0,0,0,0,0,0,4698111,6320127,6516735,4743930.88,200
1781842218,0,54860,0,298.29,200.08,1031679,2164735,4411391,6041599,7266303,241408,53313535,2844129.06,2759523.21,54860,10,10,10,0,0,0,0,0,0,4640767,6189055,6311935,4629237.76,200
1781842219,0,55060,0,297.76,200.06,1034751,2185215,4419583,6041599,7249919,241408,53313535,2849846.48,2757004.07,55060,10,10,10,0,0,0,0,0,0,4452351,6139903,6266879,4418133.12,200
1781842220,0,55260,0,297.23,199.93,1037311,2201599,4427775,6041599,7237631,241408,53313535,2855922.32,2754669.93,55260,10,10,10,0,0,0,0,0,0,4587519,6098943,6320127,4528602.24,200
1781842221,0,55460,0,296.71,200.07,1039871,2215935,4431871,6041599,7245823,241408,53313535,2861211.84,2752444.72,55460,10,10,10,0,0,0,0,0,0,4440063,6160383,7372799,4322705.28,200
1781842222,0,55660,0,296.20,199.92,1042431,2228223,4444159,6041599,7233535,241408,53313535,2867108.43,2750057.03,55660,10,10,10,0,0,0,0,0,0,4526079,6119423,6225919,4502232.96,200
1781842223,0,55860,0,295.69,199.94,1045503,2246655,4448255,6041599,7237631,241408,53313535,2871996.02,2747663.55,55860,10,10,10,0,0,0,0,0,0,4304895,6184959,7266303,4232211.84,200
1781842224,0,56060,0,295.19,200.07,1048575,2265087,4456447,6045695,7233535,241408,53313535,2877865.49,2746657.57,56060,10,10,10,0,0,0,0,0,0,4440063,6049791,6143999,4517208.96,200
1781842225,0,56260,0,294.69,200.12,1051647,2281471,4460543,6045695,7245823,241408,53313535,2882710.71,2744281.07,56260,10,10,10,0,0,0,0,0,0,4276223,6180863,7593983,4240826.24,200
1781842226,0,56460,0,294.19,199.87,1054719,2297855,4472831,6049791,7237631,241408,53313535,2889630.08,2742615.87,56460,10,10,10,0,0,0,0,0,0,4812799,6713343,6901759,4836049.92,200
1781842227,0,56660,0,293.71,200.10,1057791,2322431,4476927,6053887,7213055,241408,53313535,2896412.63,2740850.26,56660,10,10,10,0,0,0,0,0,0,4751359,6537215,6725631,4811125.76,200
1781842228,0,56860,0,293.22,199.93,1060863,2338815,4489215,6053887,7196671,241408,53313535,2903160.72,2739010.31,56860,10,10,10,0,0,0,0,0,0,4792319,6336511,6623231,4814894.08,200
1781842229,0,57060,0,292.74,199.94,1062911,2353151,4493311,6057983,7196671,241408,53313535,2907770.99,2736769.42,57060,10,10,10,0,0,0,0,0,0,4308991,6246399,7241727,4218470.40,200
1781842230,0,57260,0,292.27,200.08,1064959,2371583,4497407,6057983,7196671,241408,53313535,2913720.47,2734497.79,57260,10,10,10,0,0,0,0,0,0,4567039,6152191,6655999,4611107.84,200
1781842231,0,57460,0,291.80,200.02,1067007,2390015,4505599,6057983,7188479,241408,53313535,2918923.27,2732047.96,57460,10,10,10,0,0,0,0,0,0,4419583,6270975,6864895,4408483.84,200
1781842232,0,57660,0,291.34,199.90,1070079,2410495,4509695,6057983,7184383,241408,53313535,2924379.14,2729755.63,57660,10,10,10,0,0,0,0,0,0,4513791,6311935,6696959,4491850.24,200
1781842233,0,57860,0,290.88,200.05,1072127,2424831,4517887,6062079,7180287,241408,53313535,2929555.20,2727287.59,57860,10,10,10,0,0,0,0,0,0,4448255,6164479,6623231,4421813.76,200
1781842234,0,58060,0,290.42,200.05,1075199,2443263,4521983,6062079,7180287,241408,53313535,2934580.48,2726282.14,58060,10,10,10,0,0,0,0,0,0,4317183,6225919,6696959,4388395.52,200
1781842235,0,58260,0,289.97,199.88,1078271,2461695,4530175,6062079,7159807,241408,53313535,2940579.00,2724230.77,58260,10,10,10,0,0,0,0,0,0,4718591,6500351,6688767,4681948.16,200
1781842236,0,58460,0,289.53,200.02,1080319,2476031,4538367,6062079,7139327,241408,53313535,2945718.53,2721976.66,58460,10,10,10,0,0,0,0,0,0,4554751,6197247,6803455,4442864.64,200
1781842237,0,58660,0,289.09,200.11,1083391,2494463,4546559,6066175,7180287,241408,53313535,2952318.48,2720781.18,58660,10,10,10,0,0,0,0,0,0,4763647,6529023,8138751,4881484.80,200
1781842238,0,58860,0,288.65,199.95,1085439,2508799,4550655,6066175,7159807,241408,53313535,2956853.43,2718234.66,58860,10,10,10,0,0,0,0,0,0,4329471,6049791,6549503,4286952.96,200
1781842239,0,59060,0,288.22,200.05,1088511,2527231,4558847,6070271,7118847,241408,53313535,2962929.28,2716339.11,59060,10,10,10,0,0,0,0,0,0,4747263,6471679,6881279,4751052.80,200
1781842240,0,59260,0,287.79,200.03,1091583,2543615,4567039,6070271,7188479,241408,53313535,2969119.12,2715090.64,59260,10,10,10,0,0,0,0,0,0,4710399,6852607,9494527,4796979.20,200
1781842241,0,59460,0,287.37,200.03,1093631,2553855,4571135,6074367,7196671,241408,53313535,2974521.45,2713266.46,59460,10,10,10,0,0,0,0,0,0,4530175,6533119,9109503,4575232.00,200
1781842242,0,59660,0,286.95,199.89,1096703,2574335,4575231,6074367,7192575,241408,53313535,2980114.13,2711060.06,59660,10,10,10,0,0,0,0,0,0,4616191,6221823,6492159,4642816.00,200
1781842243,0,59860,0,286.53,200.10,1098751,2588671,4579327,6074367,7188479,241408,53313535,2983351.39,2708268.92,59860,10,10,10,0,0,0,0,0,0,4052991,5894143,6029311,3949025.92,200
1781842244,0,60060,0,286.12,199.92,1100799,2603007,4583423,6074367,7188479,241408,53313535,2988124.80,2708671.01,60060,10,10,10,0,0,0,0,0,0,4313087,6307839,6897663,4416806.40,200
1781842245,0,60260,0,285.71,199.96,1102847,2617343,4587519,6074367,7184383,241408,53313535,2992562.79,2706214.41,60260,10,10,10,0,0,0,0,0,0,4411391,6070271,6377471,4325292.16,200
1781842246,0,60460,0,285.30,199.95,1105919,2631679,4591615,6078463,7180287,241408,53313535,2998244.94,2704191.33,60460,10,10,10,0,0,0,0,0,0,4681727,6303743,6606847,4710277.12,200
1781842247,0,60660,0,284.90,200.11,1108991,2652159,4599807,6078463,7163903,241408,53313535,3003818.07,2702190.09,60660,10,10,10,0,0,0,0,0,0,4689919,6180863,6426623,4688573.44,200
1781842248,0,60860,0,284.51,199.90,1111039,2664447,4603903,6078463,7139327,241408,53313535,3007756.57,2699709.31,60860,10,10,10,0,0,0,0,0,0,4288511,5996543,6492159,4202304.00,200
1781842249,0,61060,0,284.11,200.00,1114111,2680831,4607999,6082559,7180287,241408,53313535,3013478.26,2697937.80,61060,10,10,10,0,0,0,0,0,0,4730879,6479871,7843839,4754590.72,200
1781842250,0,61260,0,283.72,200.11,1116159,2697215,4616191,6082559,7159807,241408,53313535,3018514.90,2695602.20,61260,10,10,10,0,0,0,0,0,0,4521983,6119423,6672383,4556200.96,200
1781842251,0,61460,0,283.34,199.94,1119231,2713599,4620287,6086655,7118847,241408,53313535,3023901.32,2693512.78,61460,10,10,10,0,0,0,0,0,0,4673535,6373375,6582271,4673761.28,200
1781842252,0,61660,0,282.96,200.05,1122303,2725887,4624383,6090751,7139327,241408,53313535,3028694.29,2691548.75,61660,10,10,10,0,0,0,0,0,0,4583423,6311935,7139327,4501574.40,200
1781842253,0,61860,0,282.58,199.88,1124351,2742271,4628479,6090751,7118847,241408,53313535,3033194.37,2689174.26,61860,10,10,10,0,0,0,0,0,0,4489215,6107135,6586367,4420568.96,200
1781842254,0,62060,0,282.20,200.13,1126399,2760703,4636671,6090751,7159807,241408,53313535,3039070.86,2688945.35,62060,10,10,10,0,0,0,0,0,0,4698111,6586367,8302591,4856668.16,200
1781842255,0,62260,0,281.83,199.93,1128447,2777087,4640767,6094847,7139327,241408,53313535,3043304.73,2686618.24,62260,10,10,10,0,0,0,0,0,0,4444159,6168575,6561791,4357075.84,200
1781842256,0,62460,0,281.46,199.96,1130495,2791423,4644863,6094847,7118847,241408,53313535,3048239.73,2684354.91,62460,10,10,10,0,0,0,0,0,0,4603903,6238207,6422527,4584504.32,200
1781842257,0,62660,0,281.09,200.08,1133567,2803711,4648959,6094847,7114751,241408,53313535,3052230.61,2681966.07,62660,10,10,10,0,0,0,0,0,0,4345855,6078463,6852607,4298580.48,200
1781842258,0,62860,0,280.73,199.92,1135615,2824191,4653055,6094847,7098367,241408,53313535,3057655.90,2680081.31,62860,10,10,10,0,0,0,0,0,0,4739071,6418431,6680575,4757401.60,200
1781842259,0,63060,0,280.37,200.11,1138687,2838527,4657151,6098943,7090175,241408,53313535,3062391.43,2677925.43,63060,10,10,10,0,0,0,0,0,0,4567039,6221823,6311935,4550768.64,200
1781842260,0,63260,0,280.02,199.98,1140735,2852863,4661247,6098943,7077887,241408,53313535,3066546.79,2675460.53,63260,10,10,10,0,0,0,0,0,0,4431871,6000639,6422527,4376732.16,200
1781842261,0,63460,0,279.67,199.96,1142783,2869247,4669439,6098943,7073791,241408,53313535,3071643.22,2673389.70,63460,10,10,10,0,0,0,0,0,0,4681727,6311935,6479871,4683642.88,200
1781842262,0,63660,0,279.32,200.00,1144831,2877439,4669439,6098943,7069695,241408,53313535,3074632.38,2670867.91,63660,10,10,10,0,0,0,0,0,0,4139007,5984255,6160383,4023093.76,200
1781842263,0,63860,0,278.97,200.10,1147903,2891775,4677631,6098943,7061503,241408,53313535,3079169.07,2668579.35,63860,10,10,10,0,0,0,0,0,0,4513791,6369279,6717439,4523197.44,200
1781842264,0,64060,0,278.63,199.86,1149951,2908159,4681727,6103039,7057407,241408,53313535,3084884.35,2668216.36,64060,10,10,10,0,0,0,0,0,0,4792319,6467583,6688767,4909772.80,200
1781842265,0,64260,0,278.29,200.14,1151999,2924543,4689919,6103039,7041023,241408,53313535,3089878.07,2666144.30,64260,10,10,10,0,0,0,0,0,0,4669439,6262783,6406143,4689367.04,200
1781842266,0,64460,0,277.95,199.94,1154047,2936831,4694015,6103039,7036927,241408,53313535,3093236.16,2663736.34,64460,10,10,10,0,0,0,0,0,0,4251647,5992447,6602751,4172190.72,200
1781842267,0,64660,0,277.61,199.95,1157119,2949119,4698111,6103039,7032831,241408,53313535,3098331.15,2662154.99,64660,10,10,10,0,0,0,0,0,0,4730879,6471679,6742015,4740444.16,200
1781842268,0,64860,0,277.28,200.10,1159167,2965503,4702207,6103039,7028735,241408,53313535,3102779.66,2659999.78,64860,10,10,10,0,0,0,0,0,0,4562943,6205439,6377471,4540983.68,200
1781842269,0,65060,0,276.95,199.84,1162239,2975743,4706303,6103039,7028735,241408,53313535,3106252.79,2657480.84,65060,10,10,10,0,0,0,0,0,0,4276223,5914623,6103039,4232588.80,200
1781842270,0,65260,0,276.63,200.02,1164287,2988031,4706303,6103039,7028735,241408,53313535,3110049.20,2655286.26,65260,10,10,10,0,0,0,0,0,0,4411391,6373375,6750207,4345020.16,200
1781842271,0,65460,0,276.30,200.06,1167359,3000319,4710399,6107135,7016447,241408,53313535,3114651.84,2653181.62,65460,10,10,10,0,0,0,0,0,0,4620287,6410239,6742015,4616494.08,200
1781842272,0,65660,0,275.98,199.91,1169407,3014655,4718591,6107135,7000063,241408,53313535,3119514.43,2651226.67,65660,10,10,10,0,0,0,0,0,0,4702207,6414335,6664191,4711040.00,200
1781842273,0,65860,0,275.66,200.09,1172479,3028991,4722687,6107135,6995967,241408,53313535,3123781.83,2648888.64,65860,10,10,10,0,0,0,0,0,0,4505599,6123519,6295551,4524769.28,200
1781842274,0,66060,0,275.35,200.00,1174527,3039231,4722687,6107135,6995967,241408,53313535,3126637.70,2649713.85,66060,10,10,10,0,0,0,0,0,0,3936255,5992447,6660095,4067077.12,200
1781842275,0,66870,0,277.57,810.16,1185791,3098623,4784127,6225919,49348607,241408,379846655,4859198.70,19396835.52,66870,10,10,10,0,0,0,0,0,0,120782847,346292223,378798079,146159173.53,810
1781842276,0,67420,0,278.69,549.70,1193983,3135487,4820991,6324223,260308991,241408,715128831,8768264.58,48815895.98,67420,10,10,10,0,0,0,0,0,0,484966399,698875903,714604543,484039601.80,550
1781842277,0,67970,0,279.81,550.29,1201151,3172351,4861951,6467583,533200895,241408,924319743,14287656.75,79057320.61,67970,10,10,10,0,0,0,0,0,0,690487295,905445375,923271167,690864783.36,550
1781842278,0,69070,0,283.17,1100.06,1215487,3235839,4939775,8585215,940572671,241408,1344274431,30015095.92,148068217.83,69070,10,10,10,0,0,0,0,0,0,1000341503,1301282815,1335885823,1001827860.48,1100
1781842279,0,69620,0,284.26,550.04,1222655,3266559,4984831,40534015,1154482175,241408,1557135359,40225690.66,187060126.74,69620,10,10,10,0,0,0,0,0,0,1323302911,1538260991,1556086783,1322490742.23,550
1781842280,0,70170,0,285.34,549.67,1230847,3299327,5021695,207486975,1365245951,241408,1772093439,51966974.13,228724726.67,70170,10,10,10,0,0,0,0,0,0,1538260991,1754267647,1771044863,1538199983.94,550
1781842281,0,71270,0,288.64,1100.19,1244159,3358719,5099519,691535871,1783627775,241408,2191523839,79767758.75,318225902.91,71270,10,10,10,0,0,0,0,0,0,1852833791,2149580799,2183135231,1853205083.23,1100
1781842282,0,71820,0,289.70,549.90,1251327,3391487,5140479,893386751,1994391551,241408,2407530495,95807221.46,366020755.39,71820,10,10,10,0,0,0,0,0,0,2174746623,2390753279,2405433343,2174229962.01,550
1781842283,0,72370,0,290.74,550.04,1258495,3420159,5181439,1098907647,2206203903,241408,2619342847,113206209.74,415482058.24,72370,10,10,10,0,0,0,0,0,0,2386558975,2600468479,2619342847,2385197733.70,550
1781842284,0,73267,0,293.17,897.58,1269759,3469311,5246975,1426063359,2566914047,241408,3042967551,145094404.09,502962779.51,73267,10,10,10,0,0,0,0,0,0,2753560575,3007315967,3040870399,2717835346.19,897
1781842285,0,74020,0,295.00,752.77,1279999,3508223,5304319,1707081727,2835349503,241408,3252682751,173329831.30,573040324.87,74020,10,10,10,0,0,0,0,0,0,2931818495,3225419775,3252682751,2920640647.99,753
1781842286,0,74570,0,296.01,549.72,1287167,3532799,5341183,1905262591,3040870399,241408,3460300799,195838328.40,627913425.93,74570,10,10,10,0,0,0,0,0,0,3227516927,3441426431,3458203647,3225072792.67,550
1781842287,0,75205,0,297.35,635.55,1295359,3559423,5390335,2140143615,3282042879,241408,3877634047,223650663.13,694323140.43,75205,10,10,10,0,0,0,0,0,0,3470786559,3852468223,3877634047,3489738539.14,635
1781842288,0,76220,0,300.18,1014.33,1308671,3606527,5464063,2512388095,3663724543,241408,4095737855,270532875.22,799346156.90,76220,10,10,10,0,0,0,0,0,0,3732930559,4053794815,4087349247,3744204559.89,1015
1781842289,0,76770,0,301.16,550.12,1316863,3635199,5505023,2713714687,3877634047,241408,4307550207,297762467.52,858639524.21,76770,10,10,10,0,0,0,0,0,0,4072669183,4286578687,4303355903,4071288876.68,550
1781842290,0,77320,0,302.13,550.17,1324031,3659775,5545983,2906652671,4087349247,241408,4517265407,326091369.71,918786685.02,77320,10,10,10,0,0,0,0,0,0,4282384383,4496293887,4513071103,4280291045.00,550
1781842291,0,78420,0,305.24,1099.71,1339391,3717119,5631999,3298820095,4504682495,241408,4945084415,386071127.54,1041936771.95,78420,10,10,10,0,0,0,0,0,0,4601151487,4903141375,4936695807,4602102832.41,1100
1781842292,0,78970,0,306.19,550.09,1345535,3741695,5672959,3495952383,4722786303,241408,5158993919,417668646.58,1104787686.13,78970,10,10,10,0,0,0,0,0,0,4924112895,5142216703,5158993919,4922900360.84,550
1781842293,0,79520,0,307.13,549.89,1353727,3770367,5718015,3699376127,4936695807,241408,5377097727,450334901.96,1168527435.72,79520,10,10,10,0,0,0,0,0,0,5142216703,5356126207,5372903423,5140615242.47,550
1781842294,0,80620,0,310.18,1099.36,1369087,3825663,5812223,4097835007,5377097727,241408,5825888255,519009891.17,1299299641.88,80620,10,10,10,0,0,0,0,0,0,5481955327,5783945215,5817499647,5483587293.56,1100
1781842295,0,81170,0,311.10,550.25,1377279,3852287,5857279,4303355903,5599395839,241408,6043992063,554869568.85,1365781224.62,81170,10,10,10,0,0,0,0,0,0,5813305343,6027214847,6043992063,5811246322.04,550
1781842296,0,81720,0,312.01,549.89,1384447,3876863,5910527,4504682495,5813305343,241408,6262095871,591706810.13,1432897532.16,81720,10,10,10,0,0,0,0,0,0,6031409151,6245318655,6262095871,6028213854.95,550
1781842297,0,82515,0,313.85,795.54,1394687,3913727,5984255,4806672383,6127878143,241408,6706692095,647277424.26,1533373554.68,82515,10,10,10,0,0,0,0,0,0,6358564863,6677331967,6702497791,6359517155.66,795
1781842298,0,83370,0,315.90,854.91,1406975,3956735,6070271,5133828095,6476005375,241408,6941573119,708167145.44,1638702605.25,83370,10,10,10,0,0,0,0,0,0,6576668671,6903824383,6941573119,6584559359.70,855
1781842299,0,83920,0,316.78,549.70,1413119,3981311,6135807,5347737599,6698303487,241408,7159676927,748910115.07,1708652416.70,83920,10,10,10,0,0,0,0,0,0,6924795903,7142899711,7159676927,6924803530.01,550
1781842300,0,84470,0,317.66,550.24,1420287,4007935,6197247,5561647103,6924795903,241408,7377780735,790557674.52,1779117986.84,84470,10,10,10,0,0,0,0,0,0,7147094015,7361003519,7377780735,7145218018.21,550
1781842301,0,85570,0,320.59,1100.24,1435647,4061183,6356991,5976883199,7361003519,241408,7822376959,876540563.35,1921636628.50,85570,10,10,10,0,0,0,0,0,0,7478444031,7780433919,7813988351,7479244762.76,1100
1781842302,0,86120,0,321.45,549.83,1442815,4089855,6471679,6182404095,7583301631,241408,8053063679,920872391.19,1993737683.55,86120,10,10,10,0,0,0,0,0,0,7818182655,8036286463,8053063679,7818098769.92,550
1781842303,0,86670,0,322.30,550.15,1451007,4120575,6627327,6392119295,7801405439,241408,8266973183,965995388.34,2066082808.93,86670,10,10,10,0,0,0,0,0,0,8032092159,8250195967,8266973183,8031436323.37,550
1781842304,0,87770,0,325.18,1099.66,1466367,4171775,16769023,6824132607,8229224447,241408,8682209279,1058482951.59,2211229371.96,87770,10,10,10,0,0,0,0,0,0,8346664959,8640266239,8673820671,8345662140.04,1100
1781842305,0,88320,0,326.01,549.68,1473535,4198399,56688639,7029653503,8434745343,241408,8900313087,1105813805.84,2284009438.32,88320,10,10,10,0,0,0,0,0,0,8665432063,8875147263,8900313087,8658957583.83,550
1781842306,0,88870,0,326.83,550.15,1479679,4227071,198836223,7243563007,8648654847,241408,9101639679,1153855619.38,2356937435.53,88870,10,10,10,0,0,0,0,0,0,8875147263,9084862463,9101639679,8868497385.66,550
1781842307,0,89836,0,329.17,966.62,1494015,4272127,568852479,7608467455,9009364991,241408,9537847295,1240412596.63,2486972201.60,89836,10,10,10,0,0,0,0,0,0,9227468799,9495904255,9537847295,9203475296.99,966
1781842308,0,90520,0,330.47,683.49,1503231,4304895,759169023,7872708607,9286189055,241408,9747562495,1302337686.98,2577255147.97,90520,10,10,10,0,0,0,0,0,0,9453961215,9722396671,9747562495,9435528353.68,684
1781842309,0,91070,0,331.27,550.12,1511423,4329471,914358271,8074035199,9487515647,241408,9965666303,1353197234.88,2651031100.18,91070,10,10,10,0,0,0,0,0,0,9730785279,9940500479,9965666303,9723754101.29,550
1781842310,0,91678,0,332.27,608.37,1519615,4358143,1099956223,8292139007,9722396671,241408,10385096703,1410366670.06,2733336235.72,91678,10,10,10,0,0,0,0,0,0,9965666303,10359930879,10385096703,9973558218.11,608
1781842311,0,92720,0,334.83,1041.58,1537023,4415487,1392508927,8673820671,10116661247,241408,10603200511,1509710948.04,2873299150.48,92720,10,10,10,0,0,0,0,0,0,10250878975,10561257471,10594811903,10250291290.41,1042
1781842312,0,93270,0,335.61,550.14,1544191,4440063,1555038207,8875147263,10334765055,241408,10812915711,1563171090.54,2947724713.49,93270,10,10,10,0,0,0,0,0,0,10578034687,10796138495,10812915711,10575579113.66,550
1781842313,0,93820,0,336.38,549.73,1551359,4468735,1724907519,9084862463,10544480255,241408,11014242303,1617199244.25,3022129897.89,93820,10,10,10,0,0,0,0,0,0,10779361279,10997465087,11014242303,10779391784.03,550
1781842314,0,94920,0,339.10,1100.26,1566719,4521983,2030043135,9495904255,10947133439,241408,11425284095,1726915583.07,3170878964.98,94920,10,10,10,0,0,0,0,0,0,11089739775,11383341055,11416895487,11084721863.21,1100
1781842315,0,95470,0,339.85,549.81,1573887,4546559,2191523839,9697230847,11148460031,241408,11643387903,1782691486.97,3245543299.63,95470,10,10,10,0,0,0,0,0,0,11416895487,11626610687,11643387903,11408598392.09,550
1781842316,0,96020,0,340.60,549.87,1581055,4575231,2363490303,9898557439,11358175231,241408,11861491711,1839080164.05,3320430340.67,96020,10,10,10,0,0,0,0,0,0,11634999295,11844714495,11861491711,11627129256.49,550
1781842317,0,97120,0,343.28,1100.54,1597439,4624383,2671771647,10301210623,11794382847,241408,12289310719,1953527744.42,3470458392.91,97120,10,10,10,0,0,0,0,0,0,11945377791,12247367679,12280922111,11943761078.46,1100
1781842318,0,97670,0,344.01,550.03,1607679,4653055,2826960895,10502537215,12004098047,241408,12515803135,2011655527.82,3545843455.91,97670,10,10,10,0,0,0,0,0,0,12280922111,12499025919,12515803135,12275965207.27,550
1781842319,0,98220,0,344.74,549.87,1617919,4677631,2992635903,10695475199,12213813247,241408,12717129727,2070288719.39,3621216052.52,98220,10,10,10,0,0,0,0,0,0,12490637311,12700352511,12717129727,12482477484.22,550
1781842320,0,99320,0,347.38,1099.73,1639423,4734975,3296722943,11081351167,12641632255,241408,13128171519,2189049650.64,3771957527.87,99320,10,10,10,0,0,0,0,0,0,12792627199,13086228479,13119782911,12793321166.66,1100
1781842321,0,99870,0,348.08,550.28,1654783,4759551,3451912191,11282677759,12842958847,241408,13337886719,2249131194.57,3847242575.70,99870,10,10,10,0,0,0,0,0,0,13103005695,13321109503,13337886719,13098765635.96,550
1781842322,0,100420,0,348.78,549.70,1671167,4788223,3623878655,11492392959,13044285439,241408,13547601919,2309697785.32,3922551512.53,100420,10,10,10,0,0,0,0,0,0,13312720895,13530824703,13547601919,13307489455.01,550
1781842323,0,101520,0,351.38,1100.27,1719295,4841471,3932159999,11895046143,13446938623,241408,13958643711,2432233007.07,4073172785.68,101520,10,10,10,0,0,0,0,0,0,13623099391,13916700671,13950255103,13618584795.69,1100
1781842324,0,102070,0,352.07,550.36,1747967,4866047,4089446399,12096372735,13656653823,241408,14185136127,2494211348.21,4148551109.88,102070,10,10,10,0,0,0,0,0,0,13933477887,14151581695,14168358911,13934286244.77,550
1781842325,0,102620,0,352.75,549.55,1773567,4894719,4261412863,12306087935,13866369023,241408,14386462719,2556660763.12,4223990003.21,102620,10,10,10,0,0,0,0,0,0,14151581695,14369685503,14386462719,14146136726.81,550
1781842326,0,103410,0,354.25,790.71,1804287,4931583,4487905279,12599689215,14159970303,241408,14814281727,2647627279.83,4333703903.13,103410,10,10,10,0,0,0,0,0,0,14470348799,14780727295,14805893119,14464062653.25,790
1781842327,0,104270,0,355.97,859.51,1842175,4976639,4726980607,12901679103,14495514623,241408,15023996927,2746803867.06,4450743397.40,104270,10,10,10,0,0,0,0,0,0,14654898175,14990442495,15023996927,14672211872.74,860
1781842328,0,104820,0,356.63,550.13,1863679,5001215,4903141375,13094617087,14705229823,241408,15233712127,2811060468.64,4526371869.85,104820,10,10,10,0,0,0,0,0,0,14998831103,15216934911,15233712127,14992943826.39,550
1781842329,0,105370,0,357.29,549.91,1890303,5029887,5058330623,13304332287,14914945023,241408,15435038719,2875711305.16,4601932247.89,105370,10,10,10,0,0,0,0,0,0,15200157695,15418261503,15435038719,15196985276.97,550
1781842330,0,106470,0,359.80,1100.14,1936383,5083135,5393874943,13698596863,15325986815,241408,15846080511,3006251057.42,4753063890.33,106470,10,10,10,0,0,0,0,0,0,15510536191,15804137471,15837691903,15510772598.23,1100
1781842331,0,107020,0,360.44,550.09,1961983,5103615,5570035711,13891534847,15527313407,241408,16055795711,3072072457.50,4828487881.87,107020,10,10,10,0,0,0,0,0,0,15820914687,16039018495,16055795711,15813898761.31,550
1781842332,0,107570,0,361.08,549.92,1988607,5132287,5729419263,14101250047,15728639999,241408,16257122303,3138286877.20,4903906679.87,107570,10,10,10,0,0,0,0,0,0,16022241279,16240345087,16257122303,16022409052.16,550
1781842333,0,108670,0,363.55,1099.86,2051071,5189631,6048186367,14503903231,16131293183,241408,16659775487,3271752105.00,5054415280.06,108670,10,10,10,0,0,0,0,0,0,16324231167,16617832447,16651386879,16323438063.24,1100
1781842334,0,109220,0,364.17,549.98,2077695,5214207,6228541439,14696841215,16332619775,241408,16877879295,3339072198.46,5129717355.93,109220,10,10,10,0,0,0,0,0,0,16642998271,16861102079,16877879295,16640298665.43,550
1781842335,0,109770,0,364.79,550.26,2103295,5242879,6387924991,14898167807,16542334975,241408,17087594495,3406745298.30,5204967210.07,109770,10,10,10,0,0,0,0,0,0,16852713471,17062428671,17079205887,16845392505.02,550
1781842336,0,110870,0,367.22,1099.88,2152447,5292031,6723469311,15284043775,16953376767,241408,17498636287,3543131545.75,5355315738.19,110870,10,10,10,0,0,0,0,0,0,17154703359,17448304639,17481859071,17153239166.60,1100
1781842337,0,111420,0,367.83,549.54,2177023,5320703,6899630079,15485370367,17154703359,241408,17699962879,3611777959.31,5430271573.03,111420,10,10,10,0,0,0,0,0,0,17465081855,17666408447,17683185663,17449646817.28,550
1781842338,0,111970,0,368.43,550.12,2201599,5349375,7063207935,15678308351,17347641343,241408,17884512255,3680698602.58,5505031459.55,111970,10,10,10,0,0,0,0,0,0,17649631231,17867735039,17884512255,17642767825.45,550
1781842339,0,113070,0,370.83,1100.62,2244607,5402623,7390363647,16064184319,17733517311,241408,18303942655,3819548663.40,5654493542.85,113070,10,10,10,0,0,0,0,0,0,17968398335,18253611007,18287165439,17953222581.53,1100
1781842340,0,113620,0,371.41,549.58,2271231,5427199,7566524415,16248733695,17951621119,241408,18505269247,3889485590.92,5729236652.31,113620,10,10,10,0,0,0,0,0,0,18270388223,18488492031,18505269247,18267246309.00,550
1781842341,0,114170,0,371.99,550.00,2295807,5455871,7730102271,16450060287,18152947711,241408,18706595839,3959712534.55,5803873206.43,114170,10,10,10,0,0,0,0,0,0,18471714815,18689818623,18706595839,18467322235.81,550
1781842342,0,115270,0,374.36,1100.48,2349055,5513215,8048869375,16852713471,18555600895,241408,19126026239,4101121311.08,5953085258.09,115270,10,10,10,0,0,0,0,0,0,18790481919,19075694591,19109249023,18778066780.16,1100
1781842343,0,115820,0,374.93,549.76,2373631,5537791,8220835839,17045651455,18756927487,241408,19344130047,4172337386.84,6027766113.30,115820,10,10,10,0,0,0,0,0,0,19109249023,19327352831,19344130047,19097932029.21,550
1781842344,0,116370,0,375.49,550.19,2402303,5566463,8371830783,17246978047,18975031295,241408,19545456639,4243842628.49,6102379233.05,116370,10,10,10,0,0,0,0,0,0,19310575615,19528679423,19545456639,19301546423.39,550
1781842345,0,117470,0,377.82,1099.61,2451455,5623807,8682209279,17632854015,19377684479,241408,19948109823,4387673799.00,6251330543.16,117470,10,10,10,0,0,0,0,0,0,19612565503,19897778175,19931332607,19603704083.55,1100
1781842346,0,118020,0,378.37,550.03,2473983,5652479,8849981439,17817403391,19579011071,241408,20149436415,4460001603.13,6325694908.44,118020,10,10,10,0,0,0,0,0,0,19914555391,20132659199,20149436415,19907905513.66,550
1781842347,0,118570,0,378.92,550.49,2496511,5681151,9009364991,18018729983,19780337663,241408,20350763007,4532581245.14,6399942719.30,118570,10,10,10,0,0,0,0,0,0,20115881983,20333985791,20350763007,20106852791.39,550
1781842348,0,119670,0,381.22,1099.79,2539519,5738495,9319743487,18404605951,20182990847,241408,20753416191,4678553092.56,6548269150.89,119670,10,10,10,0,0,0,0,0,0,20417871871,20719861759,20753416191,20412991227.35,1100
1781842349,0,120220,0,381.75,549.65,2557951,5771263,9495904255,18589155327,20384317439,241408,20954742783,4751902137.20,6622261692.07,120220,10,10,10,0,0,0,0,0,0,20719861759,20937965567,20954742783,20711320631.85,550
1781842350,0,120770,0,382.29,550.41,2586623,5804031,9646899199,18790481919,20568866815,241408,21156069375,4825526777.43,6696234733.19,120770,10,10,10,0,0,0,0,0,0,20921188351,21139292159,21156069375,20918534501.47,550
1781842351,0,121870,0,384.55,1099.66,2629631,5865471,9957277695,19193135103,20971519999,241408,21575499775,4973568508.73,6844072141.85,121870,10,10,10,0,0,0,0,0,0,21239955455,21525168127,21558722559,21227204771.84,1100
1781842352,0,122420,0,385.07,549.70,2652159,5902335,10125049855,19377684479,21189623807,241408,21793603583,5048035901.70,6918072065.22,122420,10,10,10,0,0,0,0,0,0,21558722559,21776826367,21793603583,21548656230.40,550
1781842353,0,122970,0,385.59,550.00,2672639,5931007,10284433407,19562233855,21390950399,241408,21994930175,5122744582.23,6991999800.29,122970,10,10,10,0,0,0,0,0,0,21760049151,21978152959,21994930175,21751538527.88,550
1781842354,0,124070,0,387.82,1100.36,2717695,6000639,10594811903,19948109823,21793603583,241408,22380806143,5272810361.87,7139493696.04,124070,10,10,10,0,0,0,0,0,0,22062039039,22347251711,22380806143,22048800291.37,1100
1781842355,0,124620,0,388.33,550.26,2740223,6037503,10762584063,20149436415,21994930175,241408,22598909951,5348171699.89,7213088438.53,124620,10,10,10,0,0,0,0,0,0,22364028927,22565355519,22598909951,22348319353.02,550
1781842356,0,125170,0,388.83,549.65,2762751,6078463,10905190399,20333985791,22196256767,241408,22800236543,5423773219.46,7286642689.15,125170,10,10,10,0,0,0,0,0,0,22565355519,22783459327,22800236543,22553702980.89,550
1781842357,0,126270,0,391.03,1100.35,2807807,6164479,11215568895,20719861759,22565355519,241408,23202889727,5575339058.67,7432839427.98,126270,10,10,10,0,0,0,0,0,0,22867345407,23169335295,23202889727,22822153688.90,1100
1781842358,0,126820,0,391.52,549.95,2830335,6205439,11383341055,20870856703,22582132735,241408,23202889727,5644284942.20,7490087631.99,126820,10,10,10,0,0,0,0,0,0,21474836479,22699573247,22800236543,21473006238.25,550
1781842359,0,127370,0,392.01,550.08,2852863,6254591,11542724607,20854079487,22582132735,241408,23202889727,5704034581.96,7528938524.69,127370,10,10,10,0,0,0,0,0,0,19495124991,20703084543,20803747839,19481215154.73,550
1781842360,0,128235,0,393.46,865.39,2885631,6340607,11802771455,20837302271,22582132735,241408,23202889727,5780072001.24,7560424853.70,128235,10,10,10,0,0,0,0,0,0,16777215999,18622709759,18807259135,16976472108.98,865
1781842361,0,129020,0,394.66,784.34,2918399,6451199,12029263871,20820525055,22582132735,241408,23202889727,5829376526.06,7563995415.78,129020,10,10,10,0,0,0,0,0,0,14101250047,15124660223,15275655167,13883600400.31,785
1781842362,0,129570,0,395.13,550.40,2940927,6537215,12046041087,20820525055,22565355519,241408,23202889727,5853549616.62,7557166569.57,129570,10,10,10,0,0,0,0,0,0,11525947391,12742295551,12842958847,11524117150.25,550
1781842363,0,130223,0,395.92,653.01,2963455,6684671,11978932223,20803747839,22565355519,241408,23202889727,5871275086.05,7542532986.22,130223,10,10,10,0,0,0,0,0,0,9294577663,10703863807,10846470143,9388409961.07,653
1781842364,0,131220,0,397.74,997.02,3000319,8495103,11886657535,20786970623,22565355519,241408,23202889727,5874641585.55,7514569419.94,131220,10,10,10,0,0,0,0,0,0,6400507903,8128561151,8321499135,6314356395.01,997
1781842365,0,131770,0,398.20,549.83,3022847,19644415,11844714495,20786970623,22565355519,241408,23202889727,5864791956.84,7500579549.33,131770,10,10,10,0,0,0,0,0,0,3514826751,4731174911,4831838207,3514849630.02,550
1781842366,0,132500,0,399.20,730.18,3049471,47579135,11777605631,20770193407,22565355519,241408,23202889727,5838908440.52,7488259774.52,132500,10,10,10,0,0,0,0,0,0,1060110335,2667577343,2812280831,1166756460.89,730
1781842367,0,132700,0,398.60,199.86,3053567,36208639,11760828415,20753416191,22565355519,241408,23202889727,5830115231.69,7486036789.39,132700,10,10,10,0,0,0,0,0,0,4579327,6324223,6713343,4614384.64,200
1781842368,0,132900,0,398.01,199.96,3057663,26460159,11735662591,20753416191,22565355519,241408,23202889727,5821348532.89,7483809518.09,132900,10,10,10,0,0,0,0,0,0,4587519,6754303,8888319,4643876.48,200
1781842369,0,133100,0,397.42,200.13,3061759,19415039,11718885375,20753416191,22565355519,241408,23202889727,5812607722.56,7481578409.26,133100,10,10,10,0,0,0,0,0,0,4444159,6201343,6537215,4339256.96,200
1781842370,0,133300,0,396.83,200.03,3067903,15441919,11702108159,20753416191,22565355519,241408,23202889727,5803893497.65,7479342887.36,133300,10,10,10,0,0,0,0,0,0,4571135,6303743,6615039,4576824.32,200
1781842371,0,133500,0,396.24,199.87,3069951,9494527,11676942335,20753416191,22565355519,241408,23202889727,5795204857.11,7477103695.04,133500,10,10,10,0,0,0,0,0,0,4337663,6119423,6479871,4225932.16,200
1781842372,0,133700,0,395.66,200.15,3049471,8282111,11660165119,20753416191,22565355519,241408,23202889727,5786537970.67,7474863760.74,133700,10,10,10,0,0,0,0,0,0,1262591,2193407,5447679,1391271.04,200
1781842373,0,133900,0,395.09,199.87,3024895,7442431,11643387903,20753416191,22565355519,241408,23202889727,5777896644.71,7472620097.52,133900,10,10,10,0,0,0,0,0,0,1153023,1649663,1770495,1170246.40,200
1781842374,0,134100,0,394.51,200.11,3022847,6991871,11626610687,20753416191,22565355519,241408,23202889727,5769285155.16,7470369370.77,134100,10,10,10,0,0,0,0,0,0,3796991,6250495,8245247,3892895.36,200
1781842375,0,134300,0,393.94,200.01,3031039,6848511,11618222079,20736638975,22565355519,241408,23202889727,5760700356.09,7468113983.10,134300,10,10,10,0,0,0,0,0,0,4607999,6189055,6504447,4592583.68,200
1781842376,0,134500,0,393.37,199.87,3035135,6746111,11601444863,20736638975,22565355519,241408,23202889727,5752140884.05,7465854954.29,134500,10,10,10,0,0,0,0,0,0,4452351,6672383,7938047,4455406.08,200
1781842377,0,134700,0,392.81,200.13,3039231,6688767,11576279039,20736638975,22565355519,241408,23202889727,5743606819.52,7463592188.44,134700,10,10,10,0,0,0,0,0,0,4460543,6275071,6623231,4448427.52,200
1781842378,0,134900,0,392.25,199.92,3045375,6639615,11559501823,20736638975,22565355519,241408,23202889727,5735097966.49,7461325802.91,134900,10,10,10,0,0,0,0,0,0,4378623,5959679,6184959,4385451.52,200
1781842379,0,135100,0,391.69,199.91,3049471,6594559,11542724607,20736638975,22548578303,241408,23202889727,5726614704.26,7459055473.37,135100,10,10,10,0,0,0,0,0,0,4620287,6393855,6684671,4654325.76,200
1781842380,0,135300,0,391.14,200.17,3051519,6561791,11525947391,20719861759,22548578303,241408,23202889727,5718156057.77,7456781914.99,135300,10,10,10,0,0,0,0,0,0,4366335,6049791,6438911,4340357.76,200
1781842381,0,135500,0,390.59,200.00,3035135,6524927,11500781567,20719861759,22548578303,241408,23202889727,5709718244.73,7454507989.16,135500,10,10,10,0,0,0,0,0,0,1251327,4710399,5939199,1537723.52,200
1781842382,0,135700,0,390.04,199.86,3018751,6496255,11484004351,20719861759,22548578303,241408,23202889727,5701305972.89,7452230052.09,135700,10,10,10,0,0,0,0,0,0,1310719,5296127,5914623,1991800.96,200
1781842383,0,135900,0,389.49,200.00,2996223,6463487,11467227135,20719861759,22548578303,241408,23202889727,5692917081.40,7449949723.22,135900,10,10,10,0,0,0,0,0,0,1049599,1585151,1766399,1054203.52,200
1781842384,0,136100,0,388.95,200.04,2975743,6434815,11442061311,20719861759,22548578303,241408,23202889727,5684553128.37,7447665777.76,136100,10,10,10,0,0,0,0,0,0,1124351,1661951,1800191,1247044.48,200
1781842385,0,136300,0,388.41,200.10,2953215,6406143,11425284095,20703084543,22548578303,241408,23202889727,5676213473.13,7445378671.61,136300,10,10,10,0,0,0,0,0,0,1090559,1535999,1638399,1078081.92,200
1781842386,0,136500,0,387.88,199.86,2940927,6381567,11416895487,20703084543,22548578303,241408,23202889727,5667899584.70,7443087253.76,136500,10,10,10,0,0,0,0,0,0,1266687,5427199,5894143,1984620.16,200
1781842387,0,136700,0,387.35,200.05,2920447,6356991,11400118271,20703084543,22548578303,241408,23202889727,5659608831.20,7440793496.28,136700,10,10,10,0,0,0,0,0,0,1099775,1569791,1815551,1169568.64,200
1781842388,0,136900,0,386.82,200.10,2893823,6332415,11383341055,20703084543,22548578303,241408,23202889727,5651342224.51,7438496595.09,136900,10,10,10,0,0,0,0,0,0,1102847,1672191,1947647,1116549.76,200
1781842389,0,137100,0,386.29,199.82,2873343,6311935,11358175231,20703084543,22548578303,241408,23202889727,5643099839.73,7436196460.87,137100,10,10,10,0,0,0,0,0,0,1193983,1625087,1738751,1187458.56,200
1781842390,0,137300,0,385.77,200.05,2867199,6299647,11341398015,20703084543,22548578303,241408,23202889727,5634885117.26,7433890455.89,137300,10,10,10,0,0,0,0,0,0,3569663,9863167,12697599,3692863.36,200
1781842391,0,137500,0,385.25,200.00,2869247,6279167,11324620799,20703084543,22548578303,241408,23202889727,5626694676.15,7431581114.89,137500,10,10,10,0,0,0,0,0,0,3999743,6021119,6512639,3956855.68,200
1781842392,0,137700,0,384.73,200.07,2875391,6262783,11299454975,20703084543,22548578303,241408,23202889727,5618528978.18,7429268058.44,137700,10,10,10,0,0,0,0,0,0,4603903,6172671,6365183,4611624.96,200
1781842393,0,137900,0,384.21,200.02,2879487,6246399,11282677759,20686307327,22548578303,241408,23202889727,5610386221.66,7426952617.20,137900,10,10,10,0,0,0,0,0,0,4210687,5918719,6365183,4098355.20,200
1781842394,0,138100,0,383.70,199.90,2885631,6234111,11257511935,20686307327,22548578303,241408,23202889727,5602268291.21,7424633336.93,138100,10,10,10,0,0,0,0,0,0,4710399,6385663,6905855,4955248.64,200
1781842395,0,138790,0,384.55,690.16,2910207,6295551,11198791679,20686307327,22548578303,241408,23202889727,5575403173.60,7415902728.44,138790,10,10,10,0,0,0,0,0,0,209321983,321126399,335282175,198486155.50,690
1781842396,0,139340,0,385.01,550.03,2932735,6348799,11156848639,20669530111,22548578303,241408,23202889727,5556300278.30,7407471537.93,139340,10,10,10,0,0,0,0,0,0,737148927,824705023,832045055,735771480.44,550
1781842397,0,140440,0,386.98,1099.56,2971647,6496255,11047796735,20652752895,22548578303,241408,23202889727,5524415385.09,7387160655.42,140440,10,10,10,0,0,0,0,0,0,1337982975,1812987903,1826619391,1485469003.40,1100
1781842398,0,140990,0,387.43,550.30,2990079,6586367,11005853695,20635975679,22548578303,241408,23202889727,5511593565.35,7375585147.90,140990,10,10,10,0,0,0,0,0,0,2237661183,2327838719,2336227327,2237600175.94,550
1781842399,0,141540,0,387.87,549.69,3006463,6713343,10963910655,20635975679,22548578303,241408,23202889727,5500854885.66,7363249571.92,141540,10,10,10,0,0,0,0,0,0,2749366271,2837446655,2843738111,2748043159.74,550
1781842400,0,142640,0,389.82,1100.27,3047423,9109503,10863247359,20602421247,22548578303,241408,23202889727,5485431288.17,7336924212.70,142640,10,10,10,0,0,0,0,0,0,3351248895,3833593855,3848273919,3500834935.16,1100
1781842401,0,143190,0,390.26,550.33,3065855,22331391,10812915711,20602421247,22531801087,241408,23202889727,5480697484.80,7323217562.03,143190,10,10,10,0,0,0,0,0,0,4253024255,4345298943,4353687551,4253007097.48,550
1781842402,0,143740,0,390.69,549.49,3084287,46825471,10779361279,20585644031,22531801087,241408,23202889727,5477912592.46,7309332509.57,143740,10,10,10,0,0,0,0,0,0,4756340735,4844421119,4852809727,4752878528.70,550
1781842403,0,144290,0,391.12,550.49,3102719,78708735,10745806847,20568866815,22531801087,241408,23202889727,5477062078.79,7295402264.27,144290,10,10,10,0,0,0,0,0,0,5255462911,5347737599,5356126207,5254784197.35,550
1781842404,0,145390,0,393.04,1099.12,3137535,197525503,10645143551,20552089599,22531801087,241408,23202889727,5481069885.14,7267930966.41,145390,10,10,10,0,0,0,0,0,0,5855248383,6333399039,6350176255,6006784774.52,1100
1781842405,0,145940,0,393.46,550.44,3153919,259784703,10594811903,20552089599,22531801087,241408,23202889727,5485896499.24,7254648097.05,145940,10,10,10,0,0,0,0,0,0,6765412351,6853492735,6857687039,6761789998.55,550
1781842406,0,146490,0,393.88,549.77,3168255,310640639,10561257471,20535312383,22531801087,241408,23202889727,5492598028.51,7241840084.71,146490,10,10,10,0,0,0,0,0,0,7272923135,7361003519,7373586431,7270818357.99,550
1781842407,0,147590,0,395.78,1100.40,3201023,516161535,10460594175,20535312383,22531801087,241408,23202889727,5511487709.62,7218128654.93,147590,10,10,10,0,0,0,0,0,0,7876902911,8355053567,8371830783,8027078060.22,1100
1781842408,0,148140,0,396.19,549.44,3215359,622854143,10410262527,20518535167,22515023871,241408,23202889727,5523639396.33,7207467019.49,148140,10,10,10,0,0,0,0,0,0,8791261183,8875147263,8883535871,8784489289.54,550
1781842409,0,148690,0,396.60,550.33,3229695,676855807,10368319487,20518535167,22515023871,241408,23202889727,5537608805.46,7197777529.19,148690,10,10,10,0,0,0,0,0,0,9302966271,9395240959,9403629567,9300205657.37,550
1781842410,0,149240,0,397.01,550.15,3244031,719847423,10334765055,20501757951,22515023871,241408,23202889727,5553388093.77,7189185993.48,149240,10,10,10,0,0,0,0,0,0,9823059967,9906946047,9915334655,9819246964.36,550
1781842411,0,150340,0,398.87,1099.64,3270655,823132159,10418651135,20501757951,22515023871,241408,23202889727,5590107308.96,7175629383.67,150340,10,10,10,0,0,0,0,0,0,10418651135,10913579007,10921967615,10571903378.15,1100
1781842412,0,150890,0,399.27,550.04,3287039,905969663,10561257471,20484980735,22515023871,241408,23202889727,5611035799.25,7170893447.62,150890,10,10,10,0,0,0,0,0,0,11333009407,11425284095,11433672703,11331743490.79,550
1781842413,0,151512,0,399.86,622.33,3303423,1017118719,10712252415,20468203519,22515023871,241408,23202889727,5636797688.70,7167404873.49,151512,10,10,10,0,0,0,0,0,0,11861491711,12247367679,12264144895,11886333859.81,622
1781842414,0,153090,0,402.96,1577.90,3342335,1222639615,10921967615,20451426303,22498246655,241408,23202889727,5705300996.66,7161905016.29,153090,10,10,10,0,0,0,0,0,0,12306087935,12448694271,12465471487,12282660435.71,1578
1781842415,0,154190,0,404.79,1099.11,3371007,1322254335,11198791679,20434649087,22498246655,241408,23202889727,5755347545.89,7160703270.04,154190,10,10,10,0,0,0,0,0,0,12717129727,12935233535,12952010751,12720462293.18,1100
1781842416,0,155290,0,406.61,1100.12,3397631,1504706559,11374952447,20417871871,22498246655,241408,23202889727,5807633925.85,7162104576.33,155290,10,10,10,0,0,0,0,0,0,13144948735,13295943679,13312720895,13136758404.19,1100
1781842417,0,156390,0,408.42,1100.01,3424255,1668284415,11609833471,20384317439,22498246655,241408,23202889727,5861340364.34,7165346951.32,156390,10,10,10,0,0,0,0,0,0,13446938623,13597933567,13614710783,13443224758.46,1100
1781842418,0,157490,0,410.22,1099.98,3450879,1761607679,11827937279,20367540223,22498246655,241408,23202889727,5917292958.01,7171389340.96,157490,10,10,10,0,0,0,0,0,0,13866369023,14084472831,14101250047,13872225797.59,1100
1781842419,0,158590,0,412.01,1100.31,3477503,1895825407,12004098047,20350763007,22481469439,241408,23202889727,5975457874.38,7180288555.03,158590,10,10,10,0,0,0,0,0,0,14310965247,14461960191,14478737407,14303087582.49,1100
1781842420,0,159690,0,413.80,1099.52,3504127,2088763391,12180258815,20333985791,22481469439,241408,23202889727,6035769801.81,7192077130.36,159690,10,10,10,0,0,0,0,0,0,14722007039,14948499455,14965276671,14731104866.68,1100
1781842421,0,160790,0,415.57,1100.72,3524607,2208301055,12289310719,20317208575,22481469439,241408,23202889727,6098646390.93,7207369274.37,160790,10,10,10,0,0,0,0,0,0,15216934911,15443427327,15460204543,15226612315.23,1100
1781842422,0,161890,0,417.33,1099.63,3547135,2308964351,12398362623,20300431359,22481469439,241408,23202889727,6164025725.22,7226213094.93,161890,10,10,10,0,0,0,0,0,0,15703474175,15938355199,15955132415,15720701326.43,1100
1781842423,0,162990,0,419.09,1100.35,3571711,2464153599,12532580351,20283654143,22464692223,241408,23202889727,6231468865.39,7248122830.16,162990,10,10,10,0,0,0,0,0,0,16156459007,16366174207,16382951423,16157259738.76,1100
1781842424,0,164090,0,420.84,1099.31,3594239,2640314367,12683575295,20266876927,22464692223,241408,23202889727,6301212001.06,7273511106.30,164090,10,10,10,0,0,0,0,0,0,16626221055,16852713471,16869490687,16635242622.60,1100
1781842425,0,165190,0,422.57,1099.98,3618815,2745171967,12842958847,20250099711,22464692223,241408,23202889727,6373185444.86,7302363881.88,165190,10,10,10,0,0,0,0,0,0,17112760319,17314086911,17330864127,17109660348.04,1100
1781842426,0,166290,0,424.30,1100.82,3643391,2835349503,12985565183,20233322495,22447915007,241408,23202889727,6447227499.18,7334518712.58,166290,10,10,10,0,0,0,0,0,0,17582522367,17767071743,17783848959,17566324728.55,1100
1781842427,0,167390,0,426.02,1099.24,3667967,3019898879,13128171519,20216545279,22447915007,241408,23202889727,6523396583.47,7370131336.74,167390,10,10,10,0,0,0,0,0,0,18035507199,18253611007,18270388223,18038084790.46,1100
1781842428,0,168490,0,427.73,1100.55,3692543,3183476735,13270777855,20199768063,22447915007,241408,23202889727,6601743442.95,7409345827.53,168490,10,10,10,0,0,0,0,0,0,18522046463,18740150271,18756927487,18523998721.86,1100
1781842429,0,169590,0,429.43,1099.37,3719167,3277848575,13396606975,20166213631,22447915007,241408,23202889727,6682288124.56,7452257948.52,169590,10,10,10,0,0,0,0,0,0,19008585727,19243466751,19260243967,19019536674.44,1100
1781842430,0,170690,0,431.13,1100.60,3739647,3416260607,13514047487,20149436415,22447915007,241408,23202889727,6764972607.26,7498826880.43,170690,10,10,10,0,0,0,0,0,0,19511902207,19730006015,19746783231,19512664808.73,1100
1781842431,0,171790,0,432.81,1099.90,3766271,3607101439,13673431039,20182990847,22447915007,241408,23202889727,6849711253.04,7548953425.61,171790,10,10,10,0,0,0,0,0,0,19998441471,20216545279,20233322495,19998838024.38,1100
1781842432,0,172890,0,434.49,1099.91,3790847,3726639103,13824425983,20384317439,22431137791,241408,23202889727,6936486590.44,7602645708.02,172890,10,10,10,0,0,0,0,0,0,20484980735,20703084543,20719861759,20488427691.29,1100
1781842433,0,173990,0,436.16,1099.87,3817471,3827302399,13992198143,20585644031,22431137791,241408,23202889727,7025175135.15,7659711923.73,173990,10,10,10,0,0,0,0,0,0,20954742783,21189623807,21206401023,20964595585.40,1100
1781842434,0,174943,0,437.45,953.71,3837951,3974103039,14143193087,20753416191,22431137791,241408,23202889727,7103705802.31,7712173304.47,174943,10,10,10,0,0,0,0,0,0,21424504831,21676163071,21692940287,21441114803.98,953
1781842435,0,175676,0,438.19,733.01,3854335,4095737855,14243856383,20870856703,22431137791,241408,23202889727,7164861249.10,7753849217.71,175676,10,10,10,0,0,0,0,0,0,21793603583,21927821311,22162702335,21760655695.28,733
1781842436,0,176740,0,439.75,1063.89,3874815,4223664127,14344519679,21072183295,22414360575,241408,23202889727,7255222154.91,7817191611.98,176740,10,10,10,0,0,0,0,0,0,22196256767,22397583359,22414360575,22174622989.47,1064
1781842437,0,177840,0,441.38,1099.39,3899391,4311744511,14503903231,21273509887,22615687167,241408,23202889727,7350525738.57,7886062301.60,177840,10,10,10,0,0,0,0,0,0,22666018815,22884122623,22900899839,22663212445.32,1100
1781842438,0,178940,0,443.02,1100.27,3923967,4471128063,14654898175,21474836479,22867345407,241408,23320330239,7447449646.55,7957797692.46,178940,10,10,10,0,0,0,0,0,0,23119003647,23303553023,23320330239,23117402186.47,1100
1781842439,0,180040,0,444.64,1099.67,3948543,4651483135,14814281727,21676163071,23119003647,241408,23773315071,7545853567.64,8032119243.48,180040,10,10,10,0,0,0,0,0,0,23555211263,23756537855,23773315071,23553487786.36,1100
1781842440,0,181140,0,446.25,1100.55,3973119,4747952127,14973665279,21877489663,23504879615,241408,24259854335,7645865955.68,8109279341.44,181140,10,10,10,0,0,0,0,0,0,24008196095,24243077119,24259854335,24015166266.65,1100
1781842441,0,182240,0,447.86,1099.27,3995647,4844421119,15133048831,22078816255,23941087231,241408,24696061951,7747471217.54,8189236237.10,182240,10,10,10,0,0,0,0,0,0,24494735359,24679284735,24696061951,24479086793.08,1100
1781842442,0,183340,0,449.46,1100.04,4020223,5037359103,15300820991,22280142847,24427626495,241408,25165823999,7850542310.61,8271722375.83,183340,10,10,10,0,0,0,0,0,0,24930942975,25149046783,25165823999,24926611403.87,1100
1781842443,0,184440,0,451.05,1099.84,4044799,5196742655,15451815935,22481469439,24847056895,241408,25652363263,7955306613.11,8357198545.15,184440,10,10,10,0,0,0,0,0,0,25417482239,25635586047,25652363263,25416658631.21,1100
1781842444,0,185540,0,452.63,1100.01,4071423,5301600255,15619588095,22666018815,25333596159,241408,26155679743,8061732834.23,8445588341.14,185540,10,10,10,0,0,0,0,0,0,25904021503,26122125311,26138902527,25906507582.37,1100
1781842445,0,186640,0,454.21,1100.35,4095999,5448400895,15795748863,22884122623,25820135423,241408,26642219007,8169785386.96,8536802888.53,186640,10,10,10,0,0,0,0,0,0,26390560767,26608664575,26625441791,26395304144.52,1100
1781842446,0,187740,0,455.77,1099.69,4122623,5649727487,15938355199,23135780863,26306674687,241408,27128758271,8279451412.54,8630799988.14,187740,10,10,10,0,0,0,0,0,0,26877100031,27111981055,27128758271,26886785061.24,1100
1781842447,0,188840,0,457.34,1100.79,4147199,5758779391,16080961535,23538434047,26793213951,241408,27615297535,8390691787.59,8727478889.90,188840,10,10,10,0,0,0,0,0,0,27380416511,27598520319,27615297535,27376389980.16,1100
1781842448,0,189940,0,458.89,1099.58,4171775,5855248383,16231956479,23957864447,27279753215,241408,28051505151,8503306917.90,8826382567.07,189940,10,10,10,0,0,0,0,0,0,27850178559,28034727935,28051505151,27836253470.72,1100
1781842449,0,191040,0,460.43,1099.69,4194303,6056574975,16391340031,24410849279,27749515263,241408,28538044415,8617242933.72,8927379469.92,191040,10,10,10,0,0,0,0,0,0,28286386175,28521267199,28521267199,28290885520.29,1100
1781842450,0,192140,0,461.97,1100.48,4218879,6211764223,16542334975,24813502463,28168945663,241408,29007806463,8732672216.54,9030832712.39,192140,10,10,10,0,0,0,0,0,0,28772925439,28991029247,29007806463,28779590570.36,1100
1781842451,0,193240,0,463.50,1099.54,4243455,6304038911,16693329919,25283264511,28672262143,241408,29477568511,8849477322.48,9136461060.65,193240,10,10,10,0,0,0,0,0,0,29259464703,29460791295,29477568511,29252143737.02,1100
1781842452,0,194340,0,465.02,1100.49,4268031,6455033855,16852713471,25753026559,29142024191,241408,29964107775,8967651637.18,9244232952.50,194340,10,10,10,0,0,0,0,0,0,29729226751,29947330559,29964107775,29727655794.50,1100
1781842453,0,195440,0,466.54,1100.02,4292607,6643777535,17020485631,26222788607,29611786239,241408,30467424255,9087278830.66,9354319043.43,195440,10,10,10,0,0,0,0,0,0,30215766015,30450647039,30467424255,30222141358.08,1100
1781842454,0,196540,0,468.05,1099.48,4317183,6752829439,17163091967,26692550655,30081548287,241408,30903631871,9208082858.68,9466072845.10,196540,10,10,10,0,0,0,0,0,0,30668750847,30886854655,30903631871,30671663982.78,1100
1781842455,0,197640,0,469.55,1099.89,4337663,6849298431,17314086911,27162312703,30534533119,241408,31390171135,9330243388.06,9579889632.84,197640,10,10,10,0,0,0,0,0,0,31155290111,31373393919,31390171135,31156998337.63,1100
1781842456,0,198020,0,469.34,380.18,4337663,6815743999,17297309695,27128758271,30534533119,232192,31390171135,9313165408.86,9578632718.80,198020,10,10,10,0,0,0,0,0,0,310378495,1193279487,1243611135,430818543.66,380
1781842457,0,198220,0,468.70,200.03,4325375,6798966783,17280532479,27128758271,30534533119,232192,31390171135,9303769829.04,9578362784.24,198220,10,10,10,0,0,0,0,0,0,1157119,1708031,2058239,1206251.52,200
1781842458,0,198420,0,468.07,199.87,4313087,6782189567,17280532479,27111981055,30534533119,232192,31390171135,9294394088.56,9578083325.91,198420,10,10,10,0,0,0,0,0,0,1249279,5677055,6602751,2097690.88,200
1781842459,0,198620,0,467.44,200.19,4300799,6761218047,17263755263,27111981055,30534533119,232192,31390171135,9285036169.02,9577796300.09,198620,10,10,10,0,0,0,0,0,0,1051647,1560575,1733631,1044199.68,200
1781842460,0,198820,0,466.81,199.92,4288511,6744440831,17263755263,27111981055,30534533119,232192,31390171135,9275697050.89,9577500752.06,198820,10,10,10,0,0,0,0,0,0,1006591,1525759,1692671,1018833.92,200
1781842461,0,199020,0,466.18,200.07,4276223,6727663615,17246978047,27111981055,30534533119,232192,31390171135,9266376682.75,9577196728.99,199020,10,10,10,0,0,0,0,0,0,1014271,1515519,1658879,998717.44,200
1781842462,0,199220,0,465.56,199.98,4268031,6706692095,17246978047,27095203839,30534533119,232192,31390171135,9257076918.95,9576882436.46,199220,10,10,10,0,0,0,0,0,0,1504255,6942719,8962047,2881962.24,200
1781842463,0,199420,0,464.94,199.93,4263935,6694109183,17246978047,27095203839,30534533119,232192,31390171135,9247797103.73,9576558510.06,199420,10,10,10,0,0,0,0,0,0,4276223,6057983,6475775,4173161.60,200
1781842464,0,199620,0,464.32,199.94,4259839,6677331967,17230200831,27095203839,30534533119,232192,31390171135,9238536060.45,9576226085.75,199620,10,10,10,0,0,0,0,0,0,4329471,6004735,6664191,4349808.64,200
1781842465,0,199820,0,463.71,200.10,4255743,6647971839,17230200831,27095203839,30534533119,232192,31390171135,9229293838.50,9575885113.32,199820,10,10,10,0,0,0,0,0,0,4628479,6344703,6615039,4632110.08,200
1781842466,0,200020,0,463.10,200.07,4255743,6614417407,17213423615,27078426623,30534533119,232192,31390171135,9220070084.93,9575535930.58,200020,10,10,10,0,0,0,0,0,0,4620287,6176767,6623231,4617886.72,200
1781842467,0,200220,0,462.49,199.91,4251647,6576668671,17196646399,27078426623,30517755903,232192,31390171135,9210864573.79,9575178751.84,200220,10,10,10,0,0,0,0,0,0,4440063,6164479,6492159,4432885.12,200
1781842468,0,200420,0,461.89,199.92,4247551,6543114239,17196646399,27078426623,30517755903,232192,31390171135,9201677398.62,9574813483.72,200420,10,10,10,0,0,0,0,0,0,4415487,6094847,6385663,4396334.72,200
1781842469,0,200620,0,461.29,200.06,4247551,6505365503,17179869183,27078426623,30517755903,232192,31390171135,9192508502.88,9574440177.38,200620,10,10,10,0,0,0,0,0,0,4415487,6156287,6524927,4358082.56,200
1781842470,0,200820,0,460.69,200.08,4243455,6476005375,17171480575,27061649407,30517755903,232192,31390171135,9183357468.11,9574059230.84,200820,10,10,10,0,0,0,0,0,0,4157439,6049791,6467583,3954487.04,200
1781842471,0,201020,0,460.09,199.88,4227071,6442450943,17163091967,27061649407,30517755903,232192,31390171135,9174221805.50,9573673024.05,201020,10,10,10,0,0,0,0,0,0,1112063,1606655,1734655,1102985.60,200
1781842472,0,201220,0,459.50,200.00,4214783,6404702207,17154703359,27061649407,30517755903,232192,31390171135,9165104292.52,9573278887.85,201220,10,10,10,0,0,0,0,0,0,1089535,1671167,1794047,1091989.76,200
1781842473,0,201420,0,458.91,200.04,4202495,6366953471,17146314751,27061649407,30517755903,232192,31390171135,9156004882.71,9572876863.37,201420,10,10,10,0,0,0,0,0,0,1080319,1684479,1853439,1088679.68,200
1781842474,0,201620,0,458.32,200.08,4190207,6345981951,17129537535,27044872191,30517755903,232192,31390171135,9146924562.27,9572466005.44,201620,10,10,10,0,0,0,0,0,0,1233919,5603327,6025215,2133848.32,200
1781842475,0,201820,0,457.73,199.87,4177919,6325010431,17121148927,27044872191,30517755903,232192,31390171135,9137861165.18,9572048380.33,201820,10,10,10,0,0,0,0,0,0,1055743,1522687,1635327,1050552.32,200
1781842476,0,202020,0,457.15,200.02,4167679,6308233215,17112760319,27044872191,30517755903,232192,31390171135,9128815633.49,9571623083.68,202020,10,10,10,0,0,0,0,0,0,961023,1379327,1476607,969607.68,200
1781842477,0,202220,0,456.57,200.08,4165631,6291455999,17104371711,27044872191,30517755903,232192,31390171135,9119791718.37,9571186538.96,202220,10,10,10,0,0,0,0,0,0,4554751,9084927,11698175,4735058.56,200
1781842478,0,202420,0,455.99,199.96,4161535,6270484479,17095983103,27028094975,30517755903,232192,31390171135,9110785241.99,9570742727.95,202420,10,10,10,0,0,0,0,0,0,4374527,6082559,6569983,4336970.88,200
1781842479,0,202620,0,455.41,200.08,4157439,6253707263,17087594495,27028094975,30517755903,232192,31390171135,9101796563.94,9570291304.38,202620,10,10,10,0,0,0,0,0,0,4415487,6094847,6320127,4355509.12,200
1781842480,0,202820,0,454.84,199.89,4153343,6241124351,17079205887,27028094975,30517755903,232192,31390171135,9092825519.77,9569832420.85,202820,10,10,10,0,0,0,0,0,0,4354047,6082559,6434815,4260668.16,200
1781842481,0,203020,0,454.27,200.14,4151295,6224347135,17070817279,27028094975,30517755903,232192,31390171135,9083872499.19,9569365703.61,203020,10,10,10,0,0,0,0,0,0,4648959,6311935,6639615,4614328.32,200
1781842482,0,203220,0,453.70,199.86,4151295,6203375615,17062428671,27028094975,30517755903,232192,31390171135,9074937149.76,9568891483.97,203220,10,10,10,0,0,0,0,0,0,4669439,6234111,6578175,4663946.24,200
1781842483,0,203420,0,453.14,200.04,4147199,6186598399,17054040063,27011317759,30517755903,232192,31390171135,9066019001.93,9568410202.94,203420,10,10,10,0,0,0,0,0,0,4325375,6021119,6664191,4288995.84,200
1781842484,0,203620,0,452.58,200.09,4145151,6165626879,17045651455,27011317759,30517755903,232192,31390171135,9057118728.24,9567921219.77,203620,10,10,10,0,0,0,0,0,0,4423679,6258687,6852607,4650350.72,200
1781842485,0,203820,0,452.02,199.99,4143103,6136266751,17037262847,27011317759,30517755903,232192,31390171135,9048235778.92,9567425050.40,203820,10,10,10,0,0,0,0,0,0,4562943,6160383,6467583,4505079.68,200
1781842486,0,204020,0,451.46,200.00,4139007,6098518015,17028874239,27011317759,30517755903,232192,31390171135,9039369988.59,9566921847.12,204020,10,10,10,0,0,0,0,0,0,4288511,6008831,6549503,4243060.48,200
1781842487,0,204220,0,450.90,199.99,4136959,6056574975,17020485631,26994540543,30517755903,232192,31390171135,9030521849.12,9566411141.15,204220,10,10,10,0,0,0,0,0,0,4567039,6217727,6602751,4534775.68,200
1781842488,0,204420,0,450.35,199.87,4134911,6027214847,17012097023,26994540543,30517755903,232192,31390171135,9021691073.36,9565893199.86,204420,10,10,10,0,0,0,0,0,0,4575231,6131711,6320127,4585953.28,200
1781842489,0,204620,0,449.80,200.16,4132863,5993660415,17003708415,26994540543,30517755903,232192,31390171135,9012877546.19,9565368127.77,204620,10,10,10,0,0,0,0,0,0,4534271,6340607,6508543,4571422.72,200
1781842490,0,204820,0,449.25,199.90,4128767,5955911679,16995319807,26994540543,30517755903,232192,31390171135,9004080808.36,9564836352.87,204820,10,10,10,0,0,0,0,0,0,4227071,5967871,6406143,4138336.00,200
1781842491,0,205020,0,448.71,200.12,4126719,5913968639,16978542591,26977763327,30517755903,232192,31390171135,8995301283.89,9564297471.27,205020,10,10,10,0,0,0,0,0,0,4321279,6057983,6668287,4190266.88,200
1781842492,0,205220,0,448.16,199.95,4124671,5876219903,16970153983,26977763327,30517755903,232192,31390171135,8986539285.49,9563751185.14,205220,10,10,10,0,0,0,0,0,0,4579327,6336511,7049215,4614732.80,200
1781842493,0,205420,0,447.62,199.87,4122623,5846859775,16961765375,26977763327,30500978687,232192,31390171135,8977794010.38,9563198244.65,205420,10,10,10,0,0,0,0,0,0,4333567,6008831,6299647,4267216.00,200
1781842494,0,205620,0,447.08,200.14,4118527,5830082559,16953376767,26977763327,30500978687,232192,31390171135,8969066024.05,9562638114.66,205620,10,10,10,0,0,0,0,0,0,4460543,6262783,6778879,4551269.76,200
1781842495,0,205820,0,446.55,199.97,4116479,5813305343,16944988159,26977763327,30500978687,232192,31390171135,8960354954.69,9562071139.42,205820,10,10,10,0,0,0,0,0,0,4526079,6217727,6377471,4504542.08,200
1781842496,0,206020,0,446.01,200.07,4112383,5796528127,16928210943,26960986111,30500978687,232192,31390171135,8951660312.49,9561497773.01,206020,10,10,10,0,0,0,0,0,0,4102143,5971967,6258687,4004022.40,200
1781842497,0,206220,0,445.48,199.91,4110335,5779750911,16919822335,26960986111,30500978687,232192,31390171135,8942982765.78,9560917384.91,206220,10,10,10,0,0,0,0,0,0,4313087,6062079,6561791,4241905.28,200
1781842498,0,206420,0,444.95,199.96,4108287,5762973695,16911433727,26960986111,30500978687,232192,31390171135,8934322261.11,9560330021.16,206420,10,10,10,0,0,0,0,0,0,4501503,6172671,6541311,4475893.12,200
1781842499,0,206620,0,444.43,200.08,4106239,5742002175,16903045119,26960986111,30500978687,232192,31390171135,8925678453.12,9559736000.16,206620,10,10,10,0,0,0,0,0,0,4448255,6111231,6475775,4404229.12,200
1781842500,0,206820,0,443.90,199.98,4102143,5721030655,16886267903,26944208895,30500978687,232192,31390171135,8917051251.46,9559135401.48,206820,10,10,10,0,0,0,0,0,0,4395007,6156287,6455295,4289210.88,200
1781842501,0,207020,0,443.38,200.01,4100095,5704253439,16869490687,26944208895,30500978687,232192,31390171135,8908440993.36,9558527906.08,207020,10,10,10,0,0,0,0,0,0,4616191,6180863,6475775,4573091.20,200
1781842502,0,207220,0,442.86,199.93,4098047,5687476223,16861102079,26944208895,30500978687,232192,31390171135,8899847151.96,9557914000.42,207220,10,10,10,0,0,0,0,0,0,4444159,6156287,6508543,4361921.92,200
1781842503,0,207420,0,442.34,199.96,4095999,5666504703,16861102079,26944208895,30500978687,232192,31390171135,8891270114.40,9557293319.34,207420,10,10,10,0,0,0,0,0,0,4599807,6344703,6574079,4601497.60,200
1781842504,0,207620,0,441.83,200.11,4093951,5632950271,16852713471,26927431679,30500978687,232192,31390171135,8882709559.20,9556666157.60,207620,10,10,10,0,0,0,0,0,0,4440063,6152191,6291455,4557763.20,200
1781842505,0,207820,0,441.31,199.93,4093951,5599395839,16844324863,26927431679,30500978687,232192,31390171135,8874165528.05,9556032471.31,207820,10,10,10,0,0,0,0,0,0,4599807,6397951,6598655,4606791.68,200
1781842506,0,208020,0,440.80,200.09,4091903,5574230015,16835936255,26927431679,30500978687,232192,31390171135,8865637990.10,9555392284.63,208020,10,10,10,0,0,0,0,0,0,4665343,6258687,6561791,4673305.60,200
1781842507,0,208220,0,440.29,199.94,4083711,5532286975,16827547647,26927431679,30500978687,232192,31390171135,8857124189.74,9554748146.56,208220,10,10,10,0,0,0,0,0,0,1153023,5804031,6475775,1920433.28,200
1781842508,0,208420,0,439.78,200.02,4073471,5490343935,16819159039,26910654463,30500978687,232192,31390171135,8848626108.63,9554098210.83,208420,10,10,10,0,0,0,0,0,0,1092607,1876991,5345279,1273861.12,200
1781842509,0,208620,0,439.28,199.89,4061183,5456789503,16810770431,26910654463,30500978687,232192,31390171135,8840144171.34,9553442078.40,208620,10,10,10,0,0,0,0,0,0,1112063,1674239,1847295,1117322.88,200
1781842510,0,208820,0,438.78,200.11,4050943,5414846463,16793993215,26910654463,30500978687,232192,31390171135,8831678441.62,9552779685.15,208820,10,10,10,0,0,0,0,0,0,1058815,1530879,1617919,1075771.52,200
1781842511,0,209020,0,438.28,200.07,4038655,5377097727,16785604607,26877100031,30500978687,232192,31390171135,8823228869.82,9552111071.95,209020,10,10,10,0,0,0,0,0,0,1042943,1535999,1796095,1030953.60,200
1781842512,0,209220,0,437.78,199.82,4028415,5347737599,16777215999,26877100031,30500978687,232192,31390171135,8814795516.92,9551436177.49,209220,10,10,10,0,0,0,0,0,0,1129471,1573887,1775615,1098407.04,200
1781842513,0,209420,0,437.28,200.11,4016127,5330960383,16768827391,26877100031,30500978687,232192,31390171135,8806378204.35,9550755161.59,209420,10,10,10,0,0,0,0,0,0,1027071,1488895,1561599,1027523.20,200
1781842514,0,209620,0,436.79,199.93,4005887,5314183167,16760438783,26877100031,30484201471,232192,31390171135,8797977110.21,9550067855.18,209620,10,10,10,0,0,0,0,0,0,1100799,1675263,1879039,1191435.52,200
1781842515,0,211180,0,439.12,1559.96,4034559,5167382527,16684941311,26843545599,30484201471,232192,31390171135,8733358822.73,9544168339.51,211180,10,10,10,0,0,0,0,0,0,36110335,123863039,134348799,50483552.49,1560
1781842516,0,212280,0,440.49,1100.83,4052991,4970250239,16626221055,26826768383,30484201471,232192,31390171135,8690889352.16,9537585040.01,212280,10,10,10,0,0,0,0,0,0,447217663,741867519,755499007,537523173.93,1100
1781842517,0,213380,0,441.86,1099.83,4075519,4815060991,16575889407,26793213951,30484201471,232192,31390171135,8652321344.25,9528054112.10,213380,10,10,10,0,0,0,0,0,0,1102053375,1439694847,1448083455,1209397054.37,1100
1781842518,0,214480,0,443.22,1100.15,4095999,4718591999,16525557759,26776436735,30467424255,232192,31390171135,8617677292.24,9515838942.26,214480,10,10,10,0,0,0,0,0,0,1792016383,2121269247,2129657855,1897361095.21,1100
1781842519,0,215580,0,444.57,1099.64,4116479,4592762879,16475226111,26759659519,30467424255,232192,31390171135,8586862838.99,9501286550.04,215580,10,10,10,0,0,0,0,0,0,2474639359,2799697919,2814377983,2578604717.15,1100
1781842520,0,216680,0,445.92,1100.15,4136959,4408213503,16424894463,26726105087,30467424255,232192,31390171135,8559778899.05,9484728120.27,216680,10,10,10,0,0,0,0,0,0,3154116607,3474980863,3481272319,3251819106.68,1100
1781842521,0,217780,0,447.27,1099.47,4159487,4288675839,16374562815,26709327871,30467424255,232192,31390171135,8536168810.64,9466551081.25,217780,10,10,10,0,0,0,0,0,0,3816816639,4091543551,4099932159,3885410668.92,1100
1781842522,0,218880,0,448.60,1100.21,4179967,4324327423,16315842559,26675773439,30467424255,232192,31390171135,8515680353.00,9447139796.69,218880,10,10,10,0,0,0,0,0,0,4374659071,4664066047,4676648959,4459338256.76,1100
1781842523,0,219980,0,449.94,1100.20,4198399,4408213503,16265510911,26658996223,30450647039,232192,31390171135,8498648003.83,9426560535.69,219980,10,10,10,0,0,0,0,0,0,5007998975,5335154687,5343543295,5109520197.82,1100
1781842524,0,221080,0,451.26,1099.52,4218879,4563402751,16223567871,26608664575,30450647039,232192,31390171135,8485192078.99,9405013442.06,221080,10,10,10,0,0,0,0,0,0,5687476223,6018826239,6027214847,5794251764.83,1100
1781842525,0,222180,0,452.58,1100.22,4239359,4643094527,16173236223,26591887359,30450647039,232192,31390171135,8475095031.51,9382799856.01,222180,10,10,10,0,0,0,0,0,0,6375342079,6635388927,6647971839,6445772070.17,1100
1781842526,0,223280,0,453.90,1100.55,4259839,4718591999,16114515967,26575110143,30450647039,232192,31390171135,8468280863.07,9360167905.94,223280,10,10,10,0,0,0,0,0,0,6991904767,7319060479,7327449087,7091942731.40,1100
1781842527,0,224380,0,455.21,1100.06,4280319,4815060991,16064184319,26558332927,30450647039,232192,31390171135,8464834964.37,9337332913.45,224380,10,10,10,0,0,0,0,0,0,7662993407,7990149119,8002732031,7765380181.64,1100
1781842528,0,225480,0,456.52,1099.61,4300799,4915724287,16013852671,26524778495,30450647039,232192,31390171135,8464590811.59,9314536139.50,225480,10,10,10,0,0,0,0,0,0,8329887743,8623489023,8631877631,8414788082.97,1100
1781842529,0,226580,0,457.82,1100.30,4321279,4991221759,15971909631,26508001279,30433869823,232192,31390171135,8467547940.57,9292002882.52,226580,10,10,10,0,0,0,0,0,0,8975810559,9302966271,9311354879,9073705615.36,1100
1781842530,0,227680,0,459.11,1099.56,4337663,5167382527,15921577983,26474446847,30433869823,232192,31390171135,8473664741.54,9269952218.35,227680,10,10,10,0,0,0,0,0,0,9646899199,9948889087,9957277695,9733614528.70,1100
1781842531,0,228780,0,460.40,1100.54,4358143,5247074303,15871246335,26457669631,30433869823,232192,31390171135,8482930801.71,9248608213.07,228780,10,10,10,0,0,0,0,0,0,10301210623,10619977727,10636754943,10400836783.01,1100
1781842532,0,229839,0,461.60,1059.05,4378623,5301600255,15820914687,26440892415,30433869823,232192,31390171135,8494855419.75,9228948998.74,229839,10,10,10,0,0,0,0,0,0,10972299263,11299454975,11307843583,11070978285.87,1059
1781842533,0,230523,0,462.05,684.01,4395007,5335154687,15795748863,26424115199,30417092607,232192,31390171135,8504105863.96,9216811772.57,230523,10,10,10,0,0,0,0,0,0,11593056255,11978932223,11987320831,11612457978.01,684
1781842534,0,231530,0,463.14,1006.06,4411391,5490343935,15745417215,26390560767,30417092607,232192,31390171135,8519711497.35,9199783984.53,231530,10,10,10,0,0,0,0,0,0,12197036031,12306087935,12314476543,12092161771.41,1007
1781842535,0,232630,0,464.41,1100.66,4431871,5607784447,15678308351,26357006335,30417092607,232192,31390171135,8539612377.03,9182553727.51,232630,10,10,10,0,0,0,0,0,0,12650020863,12935233535,12943622143,12728385714.73,1100
1781842536,0,233730,0,465.68,1100.11,4452351,5679087615,15627976703,26340229119,30417092607,232192,31390171135,8562412133.47,9166926393.23,233730,10,10,10,0,0,0,0,0,0,13279166463,13606322175,13623099391,13384146080.12,1100
1781842537,0,234830,0,466.94,1099.93,4476927,5779750911,15586033663,26306674687,30400315391,232192,31390171135,8588053454.55,9153072245.22,234830,10,10,10,0,0,0,0,0,0,13958643711,14252244991,14260633599,14036367978.12,1100
1781842538,0,235930,0,468.19,1099.95,4493311,5892997119,15527313407,26289897471,30400315391,232192,31390171135,8616372790.50,9141087026.55,235930,10,10,10,0,0,0,0,0,0,14562623487,14889779199,14898167807,14662036118.81,1100
1781842539,0,237030,0,469.45,1099.44,4513791,5976883199,15510536191,26273120255,30400315391,232192,31390171135,8647515224.42,9131255198.21,237030,10,10,10,0,0,0,0,0,0,15242100735,15535702015,15544090623,15327001074.97,1100
1781842540,0,239230,0,472.87,2201.35,4554751,6228541439,15770583039,26222788607,30383538175,232192,31390171135,8713694580.24,9115094470.11,239230,10,10,10,0,0,0,0,0,0,15846080511,15938355199,15963521023,15843918538.94,2200
1781842541,0,240330,0,474.10,1099.85,4575231,6291455999,15820914687,26206011391,30383538175,232192,31390171135,8748572429.23,9108750639.71,240330,10,10,10,0,0,0,0,0,0,16248733695,16542334975,16559112191,16333870441.19,1100
1781842542,0,241430,0,475.34,1099.33,4595711,6345981951,15862857727,26189234175,30383538175,232192,31390171135,8785925997.12,9104739088.09,241430,10,10,10,0,0,0,0,0,0,16869490687,17163091967,17171480575,16947001425.92,1100
1781842543,0,242530,0,476.56,1100.82,4616191,6484393983,15913189375,26138902527,30366760959,232192,31390171135,8826543337.67,9103989913.61,242530,10,10,10,0,0,0,0,0,0,17582522367,18018729983,18035507199,17741311091.43,1100
1781842544,0,243080,0,476.71,549.72,4624383,6543114239,15946743807,26122125311,30366760959,232192,31390171135,8848134399.98,9104980413.54,243080,10,10,10,0,0,0,0,0,0,18371051519,18438160383,18438160383,18369007750.05,550
1781842545,0,244180,0,477.93,1100.73,4644863,6627000319,16064184319,26105348095,30366760959,232192,31390171135,8893832498.18,9109823793.82,244180,10,10,10,0,0,0,0,0,0,18857590783,19260243967,19260243967,18992281324.45,1100
1781842546,0,245280,0,479.14,1100.06,4665343,6723469311,16181624831,26088570879,30366760959,232192,31390171135,8942688608.95,9118484723.59,245280,10,10,10,0,0,0,0,0,0,19646119935,20048773119,20065550335,19787856907.17,1100
1781842547,0,245830,0,479.28,549.85,4673535,6769606655,16215179263,26071793663,30366760959,232192,31390171135,8968343139.21,9124376900.59,245830,10,10,10,0,0,0,0,0,0,20417871871,20468203519,20484980735,20409330743.85,550
1781842548,0,246930,0,480.49,1099.38,4698111,6866075647,16341008383,26055016447,30349983743,232192,31390171135,9022089313.97,9139428139.81,246930,10,10,10,0,0,0,0,0,0,20887633919,21290287103,21307064319,21033382171.00,1100
1781842549,0,248030,0,481.69,1100.37,4714495,6941573119,16466837503,26021462015,30349983743,232192,31390171135,9079076363.66,9159033995.02,248030,10,10,10,0,0,0,0,0,0,21743271935,22129147903,22145925119,21871632890.41,1100
1781842550,0,248580,0,481.82,550.19,4726783,6983516159,16508780543,26021462015,30349983743,232192,31390171135,9108760500.42,9170586931.67,248580,10,10,10,0,0,0,0,0,0,22498246655,22565355519,22565355519,22495226757.12,550
1781842551,0,249680,0,483.02,1099.38,4747263,7172259839,16626221055,25987907583,30349983743,232192,31390171135,9170513403.69,9197342807.73,249680,10,10,10,0,0,0,0,0,0,22984785919,23387439103,23404216319,23125546762.24,1100
1781842552,0,250780,0,484.21,1099.76,4767743,7243563007,16760438783,25971130367,30333206527,232192,31390171135,9235408293.79,9229093078.98,250780,10,10,10,0,0,0,0,0,0,23823646719,24243077119,24243077119,23965368439.16,1100
1781842553,0,251330,0,484.34,550.01,4775935,7272923135,16810770431,25954353151,30333206527,232192,31390171135,9268962707.31,9246790505.58,251330,10,10,10,0,0,0,0,0,0,24578621439,24628953087,24628953087,24568555110.40,550
1781842554,0,252430,0,485.52,1100.00,4800511,7331643391,16919822335,25937575935,30333206527,232192,31390171135,9338271122.44,9285917141.74,252430,10,10,10,0,0,0,0,0,0,25048383487,25417482239,25434259455,25173983827.78,1100
1781842555,0,253530,0,486.70,1100.05,4820991,7491026943,17062428671,26138902527,30333206527,232192,31390171135,9410552331.64,9330234504.20,253530,10,10,10,0,0,0,0,0,0,25853689855,26256343039,26273120255,25997775637.41,1100
1781842556,0,254630,0,487.88,1100.31,4841471,7595884543,17146314751,26357006335,30333206527,232192,31390171135,9485603086.01,9379530394.52,254630,10,10,10,0,0,0,0,0,0,26658996223,27044872191,27044872191,26783437410.68,1100
1781842557,0,255180,0,488.00,550.11,4849663,7637827583,17213423615,26558332927,30333206527,232192,31390171135,9524174883.82,9406102680.12,255180,10,10,10,0,0,0,0,0,0,27397193727,27464302591,27464302591,27381514657.05,550
1781842558,0,256280,0,489.16,1100.08,4870143,7738490879,17364418559,26826768383,30316429311,232192,31390171135,9603437438.12,9463226360.71,256280,10,10,10,0,0,0,0,0,0,27850178559,28252831743,28269608959,27990908898.21,1100
1781842559,0,257380,0,490.33,1099.94,4890623,7834959871,17481859071,27044872191,30316429311,232192,31390171135,9685598118.87,9525902848.78,257380,10,10,10,0,0,0,0,0,0,28689039359,29091692543,29108469759,28827542904.09,1100
1781842560,0,257930,0,490.44,550.02,4898815,7876902911,17532190719,27279753215,30316429311,232192,31390171135,9727748612.15,9559327672.17,257930,10,10,10,0,0,0,0,0,0,29460791295,29511122943,29527900159,29452646720.23,550
1781842561,0,259030,0,491.60,1099.42,4919295,7964983295,17632854015,27497857023,30316429311,232192,31390171135,9813882649.93,9629770712.55,259030,10,10,10,0,0,0,0,0,0,29896998911,30266097663,30266097663,30010748436.48,1100
1781842562,0,260130,0,492.75,1100.10,4939775,8095006719,17783848959,27799846911,30618419199,232192,31390171135,9902669789.35,9705507362.08,260130,10,10,10,0,0,0,0,0,0,30668750847,31071404031,31088181247,30810426811.11,1100
1781842563,0,261230,0,493.90,1100.62,4960255,8220835839,17934843903,28118614015,30970740735,232192,31843155967,9994038943.98,9786449518.97,261230,10,10,10,0,0,0,0,0,0,31490834431,31843155967,31843155967,31601182757.24,1100
1781842564,0,261780,0,494.00,549.66,4972543,8246001663,17985175551,28219277311,31054626815,232192,32279363583,10040687645.86,9828883129.90,261780,10,10,10,0,0,0,0,0,0,32212254719,32262586367,32262586367,32197124721.57,550
1781842565,0,262880,0,495.15,1100.57,4988927,8300527615,18085838847,28571598847,31390171135,232192,33017561087,10135674030.38,9917159690.02,262880,10,10,10,0,0,0,0,0,0,32598130687,33000783871,33017561087,32740706519.97,1100
1781842566,0,263980,0,496.28,1100.09,5009407,8376025087,18253611007,28789702655,32161923071,232192,33906753535,10233527592.34,10011432175.76,263980,10,10,10,0,0,0,0,0,0,33470545919,33906753535,33906753535,33618749745.34,1100
1781842567,0,264530,0,496.38,549.94,5021695,8464105471,18320719871,28991029247,32497467391,232192,34359738367,10283539578.51,10060858300.35,264530,10,10,10,0,0,0,0,0,0,34292629503,34342961151,34359738367,34287474323.08,550
1781842568,0,265630,0,497.51,1099.58,5042175,8560574463,18404605951,29225910271,33369882623,232192,35265708031,10385670626.94,10164167890.84,265630,10,10,10,0,0,0,0,0,0,34795945983,35232153599,35265708031,34946330847.42,1100
1781842569,0,266730,0,498.64,1099.89,5062655,8657043455,18522046463,29494345727,34259075071,232192,35836133375,10489512264.13,10270752425.75,266730,10,10,10,0,0,0,0,0,0,35433480191,35836133375,35836133375,35565379613.79,1100
1781842570,0,267830,0,499.76,1100.57,5083135,8757706751,18689818623,29813112831,35131490303,232192,36540776447,10595378168.51,10381373895.19,267830,10,10,10,0,0,0,0,0,0,36138123263,36540776447,36540776447,36265935145.89,1100
1781842571,0,268380,0,499.86,549.85,5091327,8808038399,18740150271,29896998911,35332816895,232192,36976984063,10649270954.47,10438698061.93,268380,10,10,10,0,0,0,0,0,0,36909875199,36976984063,36976984063,36893097984.00,550
1781842572,0,269480,0,500.97,1100.53,5111807,8883535871,18840813567,30215766015,36037459967,232192,37815844863,10758991966.47,10557416458.67,269480,10,10,10,0,0,0,0,0,0,37379637247,37815844863,37815844863,37528923966.37,1100
1781842573,0,270580,0,502.08,1099.56,5132287,8950644735,18975031295,30534533119,36842766335,232192,38654705663,10871247992.35,10681443135.41,270580,10,10,10,0,0,0,0,0,0,38252052479,38654705663,38654705663,38371933314.33,1100
1781842574,0,271130,0,502.17,550.26,5144575,9034530815,19075694591,30618419199,37278973951,232192,39090913279,10928312847.62,10745409069.69,271130,10,10,10,0,0,0,0,0,0,39023804415,39090913279,39090913279,39002146555.35,550
1781842575,0,272230,0,503.28,1099.66,5165055,9202302975,19176357887,30970740735,38117834751,232192,39929774079,11044285605.85,10877157307.36,272230,10,10,10,0,0,0,0,0,0,39493566463,39896219647,39929774079,39629461913.60,1100
1781842576,0,273330,0,504.38,1099.51,5185535,9261023231,19277021183,31205621759,38956695551,232192,40768634879,11162735844.87,11014030675.51,273330,10,10,10,0,0,0,0,0,0,40332427263,40735080447,40768634879,40477016361.89,1100
1781842577,0,274269,0,505.18,939.77,5201919,9269411839,19344130047,31390171135,39359348735,232192,41171288063,11208952184.12,11082514630.12,274269,10,10,10,0,0,0,0,0,0,41070624767,41171288063,41171288063,24661893617.28,939
1781842578,0,274980,0,505.56,710.55,5214207,9227468799,19310575615,31373393919,39359348735,232192,41171288063,11182090609.49,11080752807.49,274980,10,10,10,0,0,0,0,0,0,849870847,1245708287,1301282815,820209862.75,711
1781842579,0,275800,0,506.13,820.09,5210111,9177137151,19260243967,31373393919,39090913279,232192,41171288063,11149335839.69,11080519759.39,275800,10,10,10,0,0,0,0,0,0,78643199,567803903,642777087,165303399.34,820
1781842580,0,276300,0,506.12,500.19,5181439,9084862463,19243466751,31373393919,39090913279,232192,41171288063,11129161561.60,11080624436.56,276300,10,10,10,0,0,0,0,0,0,964607,1584127,1670143,1029771.26,500
1781842581,0,276800,0,506.11,499.63,5152767,9000976383,19243466751,31356616703,39090913279,232192,41171288063,11109060008.08,11080692362.43,276800,10,10,10,0,0,0,0,0,0,950783,1545215,1630207,941530.11,500
1781842582,0,277300,0,506.10,500.31,5128191,8950644735,19226689535,31356616703,39090913279,232192,41171288063,11089030944.58,11080723774.00,277300,10,10,10,0,0,0,0,0,0,930815,1554431,1605631,941391.36,500
1781842583,0,277800,0,506.09,499.65,5095423,8908701695,19209912319,31339839487,39090913279,232192,41171288063,11069073978.12,11080719065.81,277800,10,10,10,0,0,0,0,0,0,933375,1568767,1607679,940376.58,500
1781842584,0,278300,0,506.08,500.08,5070847,8875147263,19193135103,31323062271,39057358847,232192,41171288063,11049188822.81,11080678523.88,278300,10,10,10,0,0,0,0,0,0,935935,1598463,1647615,996534.53,500
1781842585,0,278800,0,506.07,500.08,5042175,8858370047,19176357887,31323062271,39057358847,232192,41171288063,11029374923.30,11080602701.20,278800,10,10,10,0,0,0,0,0,0,940031,1581055,1639423,958455.30,500
1781842586,0,279300,0,506.06,500.13,5013503,8816427007,19176357887,31306285055,39057358847,232192,41171288063,11009631984.06,11080491889.93,279300,10,10,10,0,0,0,0,0,0,959999,1602559,1662975,969066.24,500
1781842587,0,279800,0,506.05,500.18,4988927,8774483967,19159580671,31289507839,39057358847,232192,41171288063,10989959717.22,11080346373.72,279800,10,10,10,0,0,0,0,0,0,936447,1553407,1628159,1031459.84,500
1781842588,0,280300,0,506.03,499.59,4960255,8724152319,19142803455,31289507839,39057358847,232192,41171288063,10970357509.75,11080166756.49,280300,10,10,10,0,0,0,0,0,0,908799,1560575,1631231,962207.23,500
1781842589,0,280800,0,506.02,500.19,4931583,8682209279,19126026239,31272730623,39057358847,232192,41171288063,10950825134.56,11079953258.09,280800,10,10,10,0,0,0,0,0,0,972287,1570815,2506751,975606.78,500
1781842590,0,281300,0,506.01,499.98,4907007,8623489023,19109249023,31272730623,39057358847,232192,41171288063,10931362292.87,11079706168.55,281300,10,10,10,0,0,0,0,0,0,966655,1556479,1915903,1030395.65,500
1781842591,0,281800,0,506.00,500.13,4882431,8585740287,19075694591,31255953407,39057358847,232192,41171288063,10911969827.77,11079424652.50,281800,10,10,10,0,0,0,0,0,0,1040383,9797631,14573567,1768963.07,500
1781842592,0,282300,0,505.99,500.05,4853759,8552185855,19058917375,31239176191,39057358847,232192,41171288063,10892644655.09,11079111740.58,282300,10,10,10,0,0,0,0,0,0,985599,1593343,1697791,977336.58,500
1781842593,0,282800,0,505.98,499.60,4825087,8514437119,19025362943,31239176191,39057358847,232192,41171288063,10873387842.82,11078766370.45,282800,10,10,10,0,0,0,0,0,0,982527,1619967,1716223,991633.41,500
1781842594,0,283300,0,505.97,500.11,4800511,8455716863,18991808511,31222398975,39057358847,232192,41171288063,10854199228.40,11078388693.19,283300,10,10,10,0,0,0,0,0,0,1005055,1635327,1778687,1118911.74,500
1781842595,0,283800,0,505.96,500.10,4767743,8376025087,18975031295,31222398975,39057358847,232192,41171288063,10835077999.65,11077979494.23,283800,10,10,10,0,0,0,0,0,0,974335,1633279,1742847,989793.02,500
1781842596,0,284300,0,505.95,499.95,4743167,8329887743,18941476863,31205621759,39057358847,232192,41171288063,10816024017.42,11077538898.35,284300,10,10,10,0,0,0,0,0,0,945663,1659903,2308095,983699.71,500
1781842597,0,284800,0,505.94,500.28,4714495,8304721919,18924699647,31205621759,39057358847,232192,41171288063,10797037351.29,11077066827.01,284800,10,10,10,0,0,0,0,0,0,723967,7360511,10027007,1218988.29,500
1781842598,0,285300,0,505.93,499.56,4689919,8279556095,18907922431,31188844543,39057358847,232192,41171288063,10778117434.87,11076563820.98,285300,10,10,10,0,0,0,0,0,0,1056767,4251647,8962047,1333042.94,500
1781842599,0,285800,0,505.92,500.06,4661247,8254390271,18874367999,31172067327,39057358847,232192,41171288063,10759263142.35,11076030962.21,285800,10,10,10,0,0,0,0,0,0,1008639,1651711,1764351,1003830.78,500
1781842600,0,286300,0,505.91,499.98,4632575,8233418751,18857590783,31155290111,39057358847,232192,41171288063,10740474815.44,11075467903.48,286300,10,10,10,0,0,0,0,0,0,993279,1632255,2820095,1067152.64,500
1781842601,0,286800,0,505.90,500.24,4607999,8212447231,18840813567,31138512895,39057358847,232192,41171288063,10721752017.46,11074875053.80,286800,10,10,10,0,0,0,0,0,0,1005055,1655807,5640191,1077895.42,500
1781842602,0,287300,0,505.89,499.90,4579327,8162115583,18824036351,31138512895,39057358847,232192,41171288063,10703094213.87,11074252915.15,287300,10,10,10,0,0,0,0,0,0,964607,1612799,1679359,978076.42,500
1781842603,0,287800,0,505.88,500.18,4554751,8061452287,18824036351,31121735679,39057358847,232192,41171288063,10684501231.03,11073601638.81,287800,10,10,10,0,0,0,0,0,0,951807,1602559,1704959,973288.19,500
1781842604,0,288300,0,505.87,500.06,4526079,7994343423,18807259135,31104958463,39057358847,232192,41171288063,10665973015.89,11072921260.05,288300,10,10,10,0,0,0,0,0,0,946175,1609727,1693695,1132382.46,500
1781842605,0,288800,0,505.86,500.05,4497407,7956594687,18790481919,31104958463,39057358847,232192,41171288063,10647508666.61,11072212629.91,288800,10,10,10,0,0,0,0,0,0,941055,1583103,1643519,964873.22,500
1781842606,0,289300,0,505.84,499.66,4468735,7923040255,18773704703,31088181247,39057358847,232192,41171288063,10629108199.34,11071475714.44,289300,10,10,10,0,0,0,0,0,0,983551,1627135,1699839,998303.49,500
1781842607,0,289800,0,505.83,500.00,4444159,7881097215,18756927487,31088181247,39057358847,232192,41171288063,10610772777.56,11070709382.46,289800,10,10,10,0,0,0,0,0,0,1028095,3639295,29802495,1897733.89,500
1781842608,0,290300,0,505.82,500.03,4415487,7843348479,18740150271,31071404031,39057358847,232192,41171288063,10592498954.27,11069916917.41,290300,10,10,10,0,0,0,0,0,0,976383,1617919,1731583,990976.77,500
1781842609,0,290800,0,505.81,500.05,4386815,7801405439,18740150271,31071404031,39057358847,232192,41171288063,10574287992.18,11069097088.10,290800,10,10,10,0,0,0,0,0,0,994815,1656831,1733631,1003402.75,500
1781842610,0,291300,0,505.80,500.26,4358143,7755268095,18706595839,31071404031,39057358847,232192,41171288063,10556139644.19,11068250110.53,291300,10,10,10,0,0,0,0,0,0,996863,1613823,1719295,1060452.86,500
1781842611,0,291800,0,505.79,499.54,4333567,7709130751,18689818623,31071404031,39057358847,232192,41171288063,10538053379.93,11067376469.48,291800,10,10,10,0,0,0,0,0,0,978431,1648639,1756159,995820.54,500
1781842612,0,292300,0,505.78,500.26,4304895,7654604799,18673041407,31071404031,39057358847,232192,41171288063,10520029108.80,11066476229.69,292300,10,10,10,0,0,0,0,0,0,1003519,1685503,4222975,1064481.92,500
1781842613,0,292800,0,505.77,500.06,4276223,7621050367,18656264191,31054626815,39057358847,232192,41171288063,10502066145.27,11065550020.72,292800,10,10,10,0,0,0,0,0,0,902143,1558527,1623039,917664.64,500
1781842614,0,293300,0,505.76,500.12,4251647,7587495935,18622709759,31054626815,39023804415,232192,41171288063,10484164506.84,11064597802.86,293300,10,10,10,0,0,0,0,0,0,909311,1561599,1651711,965042.18,500
1781842615,0,293800,0,505.75,499.61,4222975,7549747199,18605932543,31054626815,39023804415,232192,41171288063,10466323748.04,11063619975.15,293800,10,10,10,0,0,0,0,0,0,929791,1574911,1639423,934636.03,500
1781842616,0,294300,0,505.74,500.06,4194303,7474249727,18572378111,31054626815,39023804415,232192,41171288063,10448543607.19,11062616761.49,294300,10,10,10,0,0,0,0,0,0,916479,1570815,1953791,932843.14,500
1781842617,0,294800,0,505.74,500.20,4167679,7377780735,18555600895,31037849599,39023804415,232192,41171288063,10430823924.55,11061588289.11,294800,10,10,10,0,0,0,0,0,0,912895,1566719,1617919,1018719.49,500
1781842618,0,295300,0,505.73,500.06,4141055,7335837695,18522046463,31037849599,39023804415,232192,41171288063,10413164076.61,11060535121.16,295300,10,10,10,0,0,0,0,0,0,903679,1545215,1605631,917734.53,500
1781842619,0,295800,0,505.72,499.85,4110335,7306477567,18505269247,31037849599,39023804415,232192,41171288063,10395563951.92,11059457337.31,295800,10,10,10,0,0,0,0,0,0,923135,1567743,1644543,930307.07,500
1781842620,0,296300,0,505.71,500.11,4081663,7277117439,18471714815,31037849599,39023804415,232192,41171288063,10378023351.13,11058355099.89,296300,10,10,10,0,0,0,0,0,0,925183,1577983,1654783,1003927.55,500
1781842621,0,296800,0,505.70,499.98,4052991,7251951615,18454937599,31037849599,39023804415,232192,41171288063,10360541719.61,11057228903.36,296800,10,10,10,0,0,0,0,0,0,927231,1549311,1657855,926880.77,500
1781842622,0,297300,0,505.69,500.06,4026367,7226785791,18438160383,31037849599,39023804415,232192,41171288063,10343118866.49,11056078899.98,297300,10,10,10,0,0,0,0,0,0,898559,1560575,1611775,913252.86,500
1781842623,0,297800,0,505.68,499.98,3999743,7197425663,18421383167,31021072383,39023804415,232192,41171288063,10325754520.83,11054905316.40,297800,10,10,10,0,0,0,0,0,0,901119,1552383,1628159,914591.87,500
1781842624,0,298300,0,505.67,499.66,3973119,7142899711,18421383167,31021072383,39023804415,232192,41171288063,10308448599.74,11053708203.52,298300,10,10,10,0,0,0,0,0,0,927231,1560575,1643519,1042000.26,500
1781842625,0,298800,0,505.66,500.38,3944447,7046430719,18404605951,31021072383,39023804415,232192,41171288063,10291200414.03,11052488176.24,298800,10,10,10,0,0,0,0,0,0,919039,1579007,1671167,932814.98,500
1781842626,0,299300,0,505.65,499.73,3915775,6975127551,18387828735,31021072383,39023804415,232192,41171288063,10274009832.94,11051245328.08,299300,10,10,10,0,0,0,0,0,0,901119,1563647,1612799,918578.43,500
1781842627,0,299800,0,505.64,500.32,3889151,6941573119,18371051519,31004295167,39023804415,232192,41171288063,10256876715.31,11049979762.22,299800,10,10,10,0,0,0,0,0,0,910335,1577983,1626111,992498.18,500
1781842628,0,300300,0,505.63,499.84,3864575,6903824383,18354274303,31004295167,39023804415,232192,41171288063,10239800155.55,11048692289.90,300300,10,10,10,0,0,0,0,0,0,696831,1051647,1287167,694922.11,500
1781842629,0,300800,0,505.62,499.99,3835903,6870269951,18354274303,31004295167,39023804415,232192,41171288063,10222780417.42,11047382636.42,300800,10,10,10,0,0,0,0,0,0,723967,1114111,1260543,725701.12,500
1781842630,0,301300,0,505.61,499.71,3809279,6828326911,18337497087,31004295167,39023804415,232192,41171288063,10205817378.30,11046050886.47,301300,10,10,10,0,0,0,0,0,0,773631,1435647,1646591,853041.66,500
1781842631,0,301800,0,505.60,500.24,3782655,6782189567,18320719871,31004295167,39023804415,232192,41171288063,10188913028.74,11044695177.50,301800,10,10,10,0,0,0,0,0,0,942079,12492799,29523967,2351986.69,500
1781842632,0,302300,0,505.59,500.06,3751935,6740246527,18303942655,30987517951,39023804415,232192,41171288063,10172062323.26,11043320132.93,302300,10,10,10,0,0,0,0,0,0,962559,1603583,1676287,976492.54,500
1781842633,0,302800,0,505.58,500.10,3725311,6694109183,18270388223,30987517951,39023804415,232192,41171288063,10155267268.79,11041923869.79,302800,10,10,10,0,0,0,0,0,0,967167,1604607,1699839,977336.58,500
1781842634,0,303300,0,505.57,499.89,3698687,6643777535,18253611007,30987517951,39023804415,232192,41171288063,10138527911.36,11040506315.88,303300,10,10,10,0,0,0,0,0,0,983039,1644543,1813503,1173051.65,500
1781842635,0,304430,0,506.61,1130.39,3719167,6559891455,18203279359,30970740735,39023804415,232192,41171288063,10102391395.27,11035899071.80,304430,10,10,10,0,0,0,0,0,0,188874751,680525823,686817279,403094643.43,1130
1781842636,0,304980,0,506.68,549.88,3729407,6522142719,18186502143,30970740735,39023804415,232192,41171288063,10086279346.11,11032457612.75,304980,10,10,10,0,0,0,0,0,0,1168113663,1192230911,1194328063,1168113664.00,550
1781842637,0,306080,0,507.67,1099.53,3747839,6362759167,18119393279,30970740735,39023804415,232192,41171288063,10056604915.55,11023704520.97,306080,10,10,10,0,0,0,0,0,0,1608515583,2097151999,2102394879,1829234159.24,1100
1781842638,0,307180,0,508.65,1100.71,3768319,6304038911,18069061631,30953963519,39023804415,232192,41171288063,10030436938.54,11012611438.41,307180,10,10,10,0,0,0,0,0,0,2556428287,2990538751,2996830207,2749078390.23,1100
1781842639,0,308091,0,509.31,911.07,3786751,6257901567,18035507199,30903631871,38990249983,232192,41171288063,10011654873.96,11001733302.28,308091,10,10,10,0,0,0,0,0,0,3493855231,3999268863,4003463167,3678532370.83,911
1781842640,0,308830,0,509.69,738.49,3801087,6203375615,18018729983,30886854655,38990249983,232192,41171288063,9998109918.52,10992047843.52,308830,10,10,10,0,0,0,0,0,0,4479516671,4508876799,4513071103,4351183172.24,739
1781842641,0,309930,0,510.67,1100.62,3823615,6039797759,17985175551,30870077439,38990249983,232192,41171288063,9981209271.78,10976187956.77,309930,10,10,10,0,0,0,0,0,0,5012193279,5507121151,5515509759,5236275877.70,1100
1781842642,0,310760,0,511.19,830.10,3837951,6018826239,17968398335,30853300223,38990249983,232192,41171288063,9970970049.85,10963311440.40,310760,10,10,10,0,0,0,0,0,0,6010437631,6459228159,6467616767,6147545892.40,830
1781842643,0,311580,0,511.70,819.46,3852287,6144655359,17951621119,30836523007,38990249983,232192,41171288063,9962569651.02,10950104254.76,311580,10,10,10,0,0,0,0,0,0,6941573119,6975127551,6983516159,6779023379.98,820
1781842644,0,312680,0,512.66,1100.66,3872767,6249512959,17918066687,30819745791,38990249983,232192,41171288063,9954586698.93,10931661192.54,312680,10,10,10,0,0,0,0,0,0,7482638335,7956594687,7960788991,7693379233.98,1100
1781842645,0,313780,0,513.62,1099.48,3891199,6304038911,17867735039,30786191359,38990249983,232192,41171288063,9949774006.33,10912794684.43,313780,10,10,10,0,0,0,0,0,0,8363442175,8849981439,8858370047,8581744260.19,1100
1781842646,0,314330,0,513.68,549.93,3901439,6333399039,17834180607,30786191359,38990249983,232192,41171288063,9948708650.19,10903272864.84,314330,10,10,10,0,0,0,0,0,0,9344909311,9370075135,9370075135,9340913284.19,550
1781842647,0,315980,0,515.54,1650.03,3932159,6438256639,17750294527,30752636927,38990249983,232192,41171288063,9948956195.93,10874784520.14,315980,10,10,10,0,0,0,0,0,0,9923723263,10368319487,10376708095,9996114409.04,1650
1781842648,0,316640,0,515.77,660.43,3942399,6467616767,17716740095,30735859711,38990249983,232192,41171288063,9950879973.12,10863529522.80,316640,10,10,10,0,0,0,0,0,0,10804527103,11274289151,11274289151,10871902878.25,660
1781842649,0,317630,0,516.54,989.58,3960831,6559891455,17666408447,30719082495,38990249983,232192,41171288063,9955682685.36,10846933907.97,317630,10,10,10,0,0,0,0,0,0,11676942335,11718885375,11727273983,11491774406.08,990
1781842650,0,318730,0,517.49,1099.98,3981311,6639583231,17632854015,30702305279,38990249983,232192,41171288063,9964007500.51,10829132298.38,318730,10,10,10,0,0,0,0,0,0,12180258815,12616466431,12624855039,12367835716.89,1100
1781842651,0,319830,0,518.43,1099.42,4001791,6744440831,17582522367,30668750847,38990249983,232192,41171288063,9975341091.91,10812223059.06,319830,10,10,10,0,0,0,0,0,0,13069451263,13505658879,13514047487,13259300715.05,1100
1781842652,0,320930,0,519.38,1100.68,4022271,6845104127,17548967935,30651973631,38990249983,232192,41171288063,9989738987.40,10796478996.30,320930,10,10,10,0,0,0,0,0,0,13958643711,14445182975,14453571583,14175992545.28,1100
1781842653,0,321480,0,519.43,549.85,4032511,6882852863,17532190719,30651973631,38990249983,232192,41171288063,9998182931.61,10789167780.05,321480,10,10,10,0,0,0,0,0,0,14931722239,14948499455,14956888063,14925301141.88,550
1781842654,0,322580,0,520.36,1099.69,4052991,6941573119,17515413503,30651973631,38990249983,232192,41171288063,10017569439.17,10775864144.07,322580,10,10,10,0,0,0,0,0,0,15460204543,15955132415,15963521023,15683364394.82,1100
1781842655,0,323680,0,521.30,1099.96,4073471,6975127551,17481859071,30635196415,38956695551,232192,41171288063,10040074195.25,10764445740.64,323680,10,10,10,0,0,0,0,0,0,16466837503,16869490687,16869490687,16639696210.85,1100
1781842656,0,324230,0,521.34,550.19,4083711,7021264895,17465081855,30635196415,38956695551,232192,41171288063,10052470371.62,10759515181.30,324230,10,10,10,0,0,0,0,0,0,17347641343,17381195775,17381195775,17347732856.09,550
1781842657,0,325330,0,522.27,1100.09,4104191,7197425663,17548967935,30635196415,38956695551,232192,41171288063,10079692371.87,10751482448.99,325330,10,10,10,0,0,0,0,0,0,17884512255,18387828735,18387828735,18103500680.84,1100
1781842658,0,326430,0,523.20,1099.72,4124671,7256145919,17666408447,30618419199,38956695551,232192,41171288063,10109979138.37,10745989194.99,326430,10,10,10,0,0,0,0,0,0,18891145215,19310575615,19310575615,19067428000.12,1100
1781842659,0,326980,0,523.24,550.18,4136959,7285506047,17750294527,30618419199,38956695551,232192,41171288063,10126234025.46,10744247944.04,326980,10,10,10,0,0,0,0,0,0,19780337663,19797114879,19813892095,19773657281.63,550
1781842660,0,328080,0,524.16,1099.56,4157439,7352614911,17867735039,30601641983,38956695551,232192,41171288063,10161071568.78,10743034164.20,328080,10,10,10,0,0,0,0,0,0,20300431359,20786970623,20803747839,20516689674.24,1100
1781842661,0,329180,0,525.08,1100.49,4177919,7449083903,17951621119,30601641983,38956695551,232192,41171288063,10198984939.05,10745047824.22,329180,10,10,10,0,0,0,0,0,0,21290287103,21793603583,21793603583,21506819954.50,1100
1781842662,0,329730,0,525.12,549.91,4186111,7470055423,17985175551,30601641983,38956695551,232192,41171288063,10219121578.17,10747378974.94,329730,10,10,10,0,0,0,0,0,0,22280142847,22296920063,22313697279,22271083151.36,550
1781842663,0,330830,0,526.03,1099.66,4206591,7579107327,18102616063,30584864767,38654705663,232192,41171288063,10261734336.42,10754841846.84,330830,10,10,10,0,0,0,0,0,0,22817013759,23320330239,23320330239,23035102315.99,1100
1781842664,0,331930,0,526.95,1100.93,4231167,7654604799,18253611007,30584864767,38654705663,232192,41171288063,10307291367.93,10766042071.38,331930,10,10,10,0,0,0,0,0,0,23823646719,24243077119,24259854335,24008775672.55,1100
1781842665,0,332480,0,526.98,549.86,4239359,7713325055,18320719871,30584864767,38654705663,232192,41171288063,10331139591.98,10773075799.57,332480,10,10,10,0,0,0,0,0,0,24729616383,24763170815,24763170815,24723759610.41,550
1781842666,0,333580,0,527.89,1100.25,4255743,7809794047,18371051519,30568087551,38654705663,232192,41171288063,10381137068.90,10790376393.47,333580,10,10,10,0,0,0,0,0,0,25266487295,25769803775,25786580991,25493101728.12,1100
1781842667,0,334519,0,528.54,939.10,4276223,7885291519,18421383167,30568087551,38654705663,232192,41171288063,10426202480.70,10808654473.74,334519,10,10,10,0,0,0,0,0,0,26273120255,26726105087,26726105087,26435702020.63,939
1781842668,0,335230,0,528.83,710.24,4288511,7923040255,18505269247,30551310335,38654705663,232192,41171288063,10461531849.48,10824351337.25,335230,10,10,10,0,0,0,0,0,0,27195867135,27229421567,27229421567,27083676877.95,711
1781842669,0,336330,0,529.72,1100.22,4308991,7952400383,18673041407,30534533119,38654705663,232192,41171288063,10518745808.55,10852704183.92,336330,10,10,10,0,0,0,0,0,0,27732738047,28236054527,28236054527,27954959899.93,1100
1781842670,0,337412,0,530.59,1082.91,4329471,8040480767,18773704703,30517755903,38654705663,232192,41171288063,10577741216.61,10885104669.60,337412,10,10,10,0,0,0,0,0,0,28739371007,29158801407,29158801407,28915934925.37,1082
1781842671,0,337980,0,530.65,567.66,4337663,8145338367,18824036351,30517755903,38654705663,232192,41171288063,10609714274.42,10903837060.05,337980,10,10,10,0,0,0,0,0,0,29628563455,29645340671,29662117887,29602836422.31,568
1781842672,0,339080,0,531.54,1100.12,4358143,8233418751,18874367999,30534533119,38654705663,232192,41171288063,10673657392.57,10943690967.42,339080,10,10,10,0,0,0,0,0,0,30148657151,30551310335,30551310335,30320471095.85,1100
1781842673,0,340180,0,532.43,1100.36,4378623,8283750399,19008585727,30702305279,38621151231,232192,41171288063,10740003370.50,10987910099.75,340180,10,10,10,0,0,0,0,0,0,30987517951,31457279999,31474057215,31191452638.49,1100
1781842674,0,340730,0,532.46,549.76,4390911,8313110527,19109249023,30937186303,38621151231,232192,41171288063,10774202550.85,11011933536.62,340730,10,10,10,0,0,0,0,0,0,31927042047,31960596479,31960596479,31926706503.68,550
1781842675,0,341830,0,533.35,1099.91,4411391,8342470655,19209912319,31021072383,38621151231,232192,41171288063,10844615727.50,11063832781.29,341830,10,10,10,0,0,0,0,0,0,32463912959,32916897791,32916897791,32655417254.63,1100
1781842676,0,342930,0,534.23,1099.98,4431871,8422162431,19277021183,31356616703,38621151231,232192,41171288063,10917616630.83,11120790202.63,342930,10,10,10,0,0,0,0,0,0,33403437055,33856421887,33873199103,33602979162.30,1100
1781842677,0,343689,0,534.58,759.56,4444159,8518631423,19327352831,31440502783,38621151231,232192,41171288063,10969651771.80,11163437908.73,343689,10,10,10,0,0,0,0,0,0,34359738367,34896609279,34896609279,34480074552.33,759
1781842678,0,344580,0,535.13,890.74,4460543,8581545983,19444793343,31809601535,38621151231,232192,41171288063,11032187951.11,11216451532.74,344580,10,10,10,0,0,0,0,0,0,35366371327,35399925759,35399925759,35154518963.00,891
1781842679,0,345680,0,536.01,1100.01,4481023,8682209279,19562233855,32212254719,38621151231,232192,41171288063,11111949586.47,11287229024.93,345680,10,10,10,0,0,0,0,0,0,35903242239,36373004287,36373004287,36097644417.40,1100
1781842680,0,346230,0,536.03,549.64,4493311,8732540927,19612565503,32430358527,38621151231,232192,41171288063,11152815183.79,11324697150.09,346230,10,10,10,0,0,0,0,0,0,36842766335,36876320767,36876320767,36837214602.71,550
1781842681,0,347330,0,536.90,1100.85,4513791,8816427007,19730006015,32883343359,38621151231,232192,41171288063,11236469912.49,11403747556.84,347330,10,10,10,0,0,0,0,0,0,37379637247,37849399295,37849399295,37567176018.85,1100
1781842682,0,348430,0,537.77,1099.17,4534271,8849981439,19797114879,33369882623,38788923391,232192,41171288063,11322568411.59,11488071094.25,348430,10,10,10,0,0,0,0,0,0,38285606911,38788923391,38788923391,38508560860.63,1100
1781842683,0,349530,0,538.64,1099.96,4554751,8891924479,19948109823,33822867455,39258685439,232192,41171288063,11410993338.11,11577444752.50,349530,10,10,10,0,0,0,0,0,0,39292239871,39627784191,39627784191,39419990745.83,1100
1781842684,0,350080,0,538.66,550.09,4562943,8933867519,19981664255,33856421887,39460012031,232192,41171288063,11455956664.58,11623745301.55,350080,10,10,10,0,0,0,0,0,0,40063991807,40063991807,40063991807,40030559392.12,550
1781842685,0,350630,0,538.67,550.41,4575231,8891924479,19964887039,33839644671,39460012031,232192,41171288063,11442321108.23,11619718745.64,350630,10,10,10,0,0,0,0,0,0,2764046335,2785017855,2787115007,2763165532.16,550
1781842686,0,351730,0,539.53,1099.05,4595711,8849981439,19948109823,33839644671,39460012031,232192,41171288063,11417533500.98,11609980715.32,351730,10,10,10,0,0,0,0,0,0,3294625791,3785359359,3787456511,3516371018.47,1100
1781842687,0,352830,0,540.39,1100.07,4612095,8816427007,19897778175,33839644671,39460012031,232192,41171288063,11395391475.88,11598634907.58,352830,10,10,10,0,0,0,0,0,0,4127195135,4555014143,4559208447,4315378304.47,1100
1781842688,0,353380,0,540.41,550.04,4624383,8782872575,19881000959,33839644671,39426457599,232192,41171288063,11385492415.50,11592317056.73,353380,10,10,10,0,0,0,0,0,0,5037359103,5058330623,5062524927,5035155187.90,550
1781842689,0,354480,0,541.26,1099.99,4640767,8682209279,19830669311,33839644671,39426457599,232192,41171288063,11367968178.23,11578585923.20,354480,10,10,10,0,0,0,0,0,0,5519704063,6002049023,6006243327,5738227302.40,1100
1781842690,0,355580,0,542.11,1100.02,4661247,8581545983,19797114879,33839644671,39426457599,232192,41171288063,11353534073.96,11563572697.19,355580,10,10,10,0,0,0,0,0,0,6505365503,6945767423,6949961727,6702078361.60,1100
1781842691,0,356680,0,542.96,1100.42,4681727,8501854207,19780337663,33822867455,39426457599,232192,41171288063,11341814225.64,11547656239.33,356680,10,10,10,0,0,0,0,0,0,7373586431,7780433919,7784628223,7553319984.41,1100
1781842692,0,357230,0,542.97,549.91,4694015,8422162431,19763560447,33822867455,39426457599,232192,41171288063,11337070603.45,11539395618.92,357230,10,10,10,0,0,0,0,0,0,8262778879,8283750399,8287944703,8260788492.10,550
1781842693,0,358330,0,543.82,1100.53,4714495,8539602943,19730006015,33822867455,39426457599,232192,41171288063,11329722733.80,11522438016.07,358330,10,10,10,0,0,0,0,0,0,8740929535,9193914367,9202302975,8943468663.16,1100
1781842694,0,359430,0,544.66,1099.88,4734975,8623489023,19679674367,33822867455,39426457599,232192,41171288063,11325231561.86,11505083927.21,359430,10,10,10,0,0,0,0,0,0,9688842239,10091495423,10091495423,9862211889.34,1100
1781842695,0,360530,0,545.50,1100.12,4755455,8707375103,19646119935,33822867455,39426457599,232192,41171288063,11323499392.39,11487567031.68,360530,10,10,10,0,0,0,0,0,0,10586423295,10980687871,10980687871,10757505143.16,1100
1781842696,0,361630,0,546.34,1099.32,4775935,8740929535,19612565503,33806090239,39426457599,232192,41171288063,11324344842.21,11470100777.15,361630,10,10,10,0,0,0,0,0,0,11383341055,11869880319,11878268927,11601444864.00,1100
1781842697,0,362180,0,546.35,550.11,4788223,8782872575,19595788287,33806090239,39426457599,232192,41171288063,11325901362.18,11461457831.67,362180,10,10,10,0,0,0,0,0,0,12356419583,12373196799,12381585407,12349327397.24,550
1781842698,0,363414,0,547.38,1234.56,4808703,8841592831,19562233855,33453768703,39426457599,232192,41171288063,11331722093.77,11442426812.09,363414,10,10,10,0,0,0,0,0,0,13195280383,13488881663,13497270271,13040111529.70,1234
1781842699,0,364930,0,548.84,1514.67,4837375,8891924479,19528679423,33436991487,39426457599,232192,41171288063,11341907096.55,11419736457.86,364930,10,10,10,0,0,0,0,0,0,13715374079,14126415871,14134804479,13783445752.57,1516
1781842700,0,366030,0,549.67,1100.05,4857855,8975810559,19478347775,33436991487,39426457599,232192,41171288063,11351861042.78,11404008260.44,366030,10,10,10,0,0,0,0,0,0,14537457663,14822670335,14831058943,14654127949.27,1100
1781842701,0,367680,0,551.32,1650.84,4886527,9177137151,19394461695,33403437055,39426457599,232192,41171288063,11369744715.71,11381517815.10,367680,10,10,10,0,0,0,0,0,0,15325986815,15636365311,15636365311,15336993686.50,1650
1781842702,0,369330,0,552.96,1650.32,4919295,9244246015,19310575615,33403437055,39392903167,232192,41171288063,11390505534.46,11360297412.41,369330,10,10,10,0,0,0,0,0,0,16047407103,16198402047,16198402047,16016770890.78,1650
1781842703,0,371530,0,555.42,2198.80,4956159,9336520703,19277021183,33403437055,39392903167,232192,41171288063,11421348577.26,11333669087.67,371530,10,10,10,0,0,0,0,0,0,16567500799,16861102079,16869490687,16599194486.23,2200
1781842704,0,373180,0,557.06,1650.48,4988927,9470738431,19243466751,33386659839,39392903167,232192,41171288063,11447129578.55,11315206402.07,373180,10,10,10,0,0,0,0,0,0,17263755263,17481859071,17481859071,17252229825.01,1650
1781842705,0,374830,0,558.69,1649.46,5017599,9613344767,19209912319,33386659839,39392903167,232192,41171288063,11475401962.50,11298282844.42,374830,10,10,10,0,0,0,0,0,0,17884512255,18102616063,18102616063,17869758473.93,1650
1781842706,0,377580,0,561.95,2750.75,5070847,9730785279,19126026239,33369882623,39392903167,232192,41171288063,11526536126.51,11272888766.46,377580,10,10,10,0,0,0,0,0,0,18505269247,18689818623,18706595839,18496215652.17,2750
1781842707,0,379230,0,563.56,1649.33,5099519,9839837183,19142803455,33369882623,39392903167,232192,41171288063,11559116437.65,11259134886.93,379230,10,10,10,0,0,0,0,0,0,19025362943,19226689535,19226689535,19014676365.81,1650
1781842708,0,381430,0,565.99,2201.19,5140479,9923723263,19260243967,33369882623,39392903167,232192,41171288063,11605544788.29,11243164436.75,381430,10,10,10,0,0,0,0,0,0,19528679423,19914555391,19914555391,19608737248.35,2200
1781842709,0,383080,0,567.60,1650.30,5169151,10049552383,19360907263,33353105407,39359348735,232192,41171288063,11642825252.26,11233239520.30,383080,10,10,10,0,0,0,0,0,0,20266876927,20484980735,20484980735,20260938810.34,1650
1781842710,0,384730,0,569.20,1649.30,5201919,10150215679,19495124991,33336328191,39359348735,232192,41171288063,11682301415.54,11225257743.01,384730,10,10,10,0,0,0,0,0,0,20854079487,21072183295,21072183295,20847470281.70,1650
1781842711,0,387351,0,572.23,2622.51,5251071,10317987839,19679674367,33000783871,39292239871,232192,41171288063,11748596099.80,11216019457.46,387351,10,10,10,0,0,0,0,0,0,21525168127,21726494719,21743271935,21479826117.49,2621
1781842712,0,389680,0,574.82,2326.71,5292031,10427039743,19830669311,32967229439,39292239871,232192,41171288063,11809613001.18,11210108596.03,389680,10,10,10,0,0,0,0,0,0,21961375743,22145925119,22145925119,21957727113.73,2329
1781842713,0,392140,0,577.60,2460.61,5337087,10578034687,20015218687,32933675007,39292239871,232192,41171288063,11876299454.55,11206373750.11,392140,10,10,10,0,0,0,0,0,0,22447915007,22699573247,22716350463,22439867400.33,2460
1781842714,0,394890,0,580.79,2751.05,5390335,10796138495,20250099711,32916897791,39292239871,232192,41171288063,11953571635.65,11205350282.71,394890,10,10,10,0,0,0,0,0,0,22984785919,23219666943,23219666943,22972303671.30,2750
1781842715,0,397090,0,583.17,2198.64,5427199,10888413183,20350763007,32900120575,39292239871,232192,41171288063,12017393651.66,11206937629.62,397090,10,10,10,0,0,0,0,0,0,23454547967,23672651775,23672651775,23473155425.75,2200
1781842716,0,399840,0,586.35,2751.91,5480447,11014242303,20535312383,32900120575,39258685439,232192,41171288063,12099508048.62,11211842706.95,399840,10,10,10,0,0,0,0,0,0,23974641663,24175968255,24192745471,23956528371.53,2750
1781842717,0,402590,0,589.52,2750.54,5533695,11257511935,20770193407,32883343359,39258685439,232192,41171288063,12183697971.39,11219509891.17,402590,10,10,10,0,0,0,0,0,0,24410849279,24612175871,24628953087,24424606597.12,2750
1781842718,0,405340,0,592.68,2747.63,5591039,11366563839,20887633919,32866566143,39258685439,232192,41171288063,12269885125.10,11229913749.04,405340,10,10,10,0,0,0,0,0,0,24930942975,25065160703,25081937919,24887371020.85,2750
1781842719,0,407693,0,595.25,2355.09,5636095,11576279039,21122514943,32598130687,39258685439,232192,41171288063,12345394075.70,11241237432.67,407693,10,10,10,0,0,0,0,0,0,25383927807,25635586047,25652363263,25352958051.22,2353
1781842720,0,410840,0,598.97,3144.30,5697535,11777605631,21290287103,32564576255,39258685439,232192,41171288063,12448766829.14,11259749105.55,410840,10,10,10,0,0,0,0,0,0,25887244287,26004684799,26021462015,25840679117.00,3147
1781842721,0,413168,0,601.48,2330.10,5742591,11878268927,21508390911,32531021823,39258685439,232192,41171288063,12518240722.02,11266106677.73,413168,10,10,10,0,0,0,0,0,0,24880611327,26105348095,26122125311,24778830992.27,2328
1781842722,0,416890,0,606.02,3719.75,5828607,12146704383,21491613695,32497467391,39258685439,232192,41171288063,12583655051.60,11238225569.06,416890,10,10,10,0,0,0,0,0,0,19897778175,22649241599,22934454271,19845102585.95,3722
1781842723,0,421290,0,611.53,4402.25,5931007,12163481599,21390950399,32447135743,39258685439,232192,41171288063,12584535094.89,11181775822.51,421290,10,10,10,0,0,0,0,0,0,12666798079,16190013439,16525557759,12667917196.57,4400
1781842724,0,426150,0,617.69,4859.22,6049791,11869880319,21273509887,32430358527,39258685439,232192,41171288063,12490541926.90,11155500992.27,426150,10,10,10,0,0,0,0,0,0,4299161599,8308916223,8690597887,4342726753.76,4860
1781842725,0,426660,0,617.53,510.10,6012927,11861491711,21256732671,32413581311,39258685439,232192,41171288063,12475614286.80,11157179169.60,426660,10,10,10,0,0,0,0,0,0,1124351,10952703,28196863,2253840.06,510
1781842726,0,427160,0,617.36,500.05,5976063,11844714495,21256732671,32413581311,39258685439,229376,41171288063,12461012481.38,11158802627.40,427160,10,10,10,0,0,0,0,0,0,967679,1723391,2564095,999874.69,500
1781842727,0,427662,0,617.19,502.00,5939199,11827937279,21256732671,32413581311,39258685439,229376,41171288063,12446386811.58,11160409155.06,427662,10,10,10,0,0,0,0,0,0,1050623,2330623,2797567,1165473.78,502
1781842728,0,428160,0,617.02,497.69,5902335,11794382847,21256732671,32413581311,39258685439,229376,41171288063,12431911529.55,11161980105.17,428160,10,10,10,0,0,0,0,0,0,1044479,2451455,3606527,1132285.69,498
1781842729,0,428660,0,616.85,500.08,5869567,11752439807,21256732671,32413581311,39258685439,229376,41171288063,12417412031.42,11163534563.61,428660,10,10,10,0,0,0,0,0,0,1136639,2523135,2998271,1201797.63,500
1781842730,0,429160,0,616.69,500.14,5840895,11718885375,21239955455,32262586367,39258685439,229376,41171288063,12402946653.28,11165066049.40,429160,10,10,10,0,0,0,0,0,0,1090559,2586623,13008895,1488660.22,500
1781842731,0,429660,0,616.52,499.97,5804031,11702108159,21239955455,32262586367,39258685439,229376,41171288063,12388514601.99,11166575465.18,429660,10,10,10,0,0,0,0,0,0,1132543,2500607,2981887,1196346.88,500
1781842732,0,430160,0,616.35,499.82,5771263,11676942335,21239955455,32262586367,39258685439,229376,41171288063,12374116050.27,11168062640.09,430160,10,10,10,0,0,0,0,0,0,1082367,2361343,2947071,1152582.91,500
1781842733,0,430660,0,616.18,500.14,5734399,11643387903,21239955455,32245809151,39258685439,229376,41171288063,12359751014.33,11169527577.15,430660,10,10,10,0,0,0,0,0,0,1148927,2486271,2889727,1223291.90,500
1781842734,0,431160,0,616.02,500.12,5705727,11609833471,21223178239,32245809151,39258685439,229376,41171288063,12345419382.04,11170970421.55,431160,10,10,10,0,0,0,0,0,0,1159167,2377727,2883583,1297860.10,500
1781842735,0,431660,0,615.85,499.65,5672959,11576279039,21223178239,32245809151,39258685439,229376,41171288063,12331120692.80,11172391702.11,431660,10,10,10,0,0,0,0,0,0,1056767,1989631,2703359,1074986.75,500
1781842736,0,432160,0,615.69,500.12,5648383,11542724607,21206401023,32229031935,39258685439,229376,41171288063,12316855120.18,11173791246.57,432160,10,10,10,0,0,0,0,0,0,1052671,2236415,2818047,1100968.70,500
1781842737,0,432660,0,615.52,500.11,5619711,11492392959,21189623807,32229031935,39258685439,229376,41171288063,12302622680.96,11175169056.29,432660,10,10,10,0,0,0,0,0,0,1135615,2471935,2795519,1240809.22,500
1781842738,0,433161,0,615.36,501.12,5586943,11425284095,21172846591,32212254719,39258685439,229376,41171288063,12288394556.69,11176528339.55,433161,10,10,10,0,0,0,0,0,0,1034751,2322431,2768895,1088678.96,501
1781842739,0,433660,0,615.20,498.93,5558271,11383341055,21139292159,32212254719,39258685439,229376,41171288063,12274255891.89,11177860990.21,433660,10,10,10,0,0,0,0,0,0,1053695,2125823,2744319,1073156.10,499
1781842740,0,434160,0,615.03,499.85,5529599,11366563839,21122514943,32212254719,39258685439,229376,41171288063,12260121592.54,11179175095.63,434160,10,10,10,0,0,0,0,0,0,1016831,2519039,3778559,1161084.93,500
1781842741,0,434660,0,614.87,500.15,5500927,11358175231,21105737727,32195477503,39258685439,229376,41171288063,12246019729.45,11180468306.50,434660,10,10,10,0,0,0,0,0,0,1027071,2344959,2772991,1089969.02,500
1781842742,0,435161,0,614.71,501.10,5472255,11341398015,21088960511,32195477503,39258685439,229376,41171288063,12231922216.30,11181743142.12,435161,10,10,10,0,0,0,0,0,0,1036799,2529279,2955263,1133664.45,501
1781842743,0,435660,0,614.55,498.64,5443583,11316232191,21072183295,32195477503,39258685439,229376,41171288063,12217913207.49,11182992228.73,435660,10,10,10,0,0,0,0,0,0,1062911,2428927,3676159,1131073.03,499
1781842744,0,436160,0,614.38,500.30,5414911,11291066367,21072183295,32178700287,39225131007,229376,41171288063,12203909011.55,11184222470.40,436160,10,10,10,0,0,0,0,0,0,1209343,2856959,21004287,1773010.94,500
1781842745,0,436660,0,614.22,499.71,5386239,11265900543,21055406079,32178700287,39225131007,229376,41171288063,12189936146.08,11185433093.38,436660,10,10,10,0,0,0,0,0,0,1037823,2467839,2846719,1126133.50,500
1781842746,0,437160,0,614.06,500.15,5361663,11257511935,21055406079,32178700287,39225131007,229376,41171288063,12175995181.93,11186623490.20,437160,10,10,10,0,0,0,0,0,0,1020415,2297855,2813951,1072371.84,500
1781842747,0,437660,0,613.90,500.15,5332991,11240734719,21038628863,32161923071,39225131007,229376,41171288063,12162086222.22,11187793564.71,437660,10,10,10,0,0,0,0,0,0,1047039,2387967,2828287,1204569.98,500
1781842748,0,438160,0,613.74,499.62,5304319,11232346111,21038628863,32161923071,39225131007,229376,41171288063,12148208881.43,11188943751.49,438160,10,10,10,0,0,0,0,0,0,1013759,2433023,2889727,1094937.34,500
1781842749,0,438660,0,613.58,500.15,5275647,11207180287,21021851647,32161923071,39225131007,229376,41171288063,12134363260.61,11190073955.95,438660,10,10,10,0,0,0,0,0,0,1104895,2457599,2840575,1168829.44,500
1781842750,0,439160,0,613.43,500.11,5251071,11182014463,21005074431,32145145855,39225131007,229376,41171288063,12120549150.74,11191184420.02,439160,10,10,10,0,0,0,0,0,0,1028607,2035711,2611199,1154279.04,500
1781842751,0,439660,0,613.27,500.07,5222399,11098128383,20988297215,32145145855,39225131007,229376,41171288063,12106766538.64,11192275172.28,439660,10,10,10,0,0,0,0,0,0,1157119,2539519,2785279,1222675.84,500
1781842752,0,440160,0,613.11,499.59,5193727,11022630911,20954742783,31960596479,39090913279,229376,41171288063,12093015026.81,11193346657.00,440160,10,10,10,0,0,0,0,0,0,992255,2086911,2680831,1035646.46,500
1781842753,0,440660,0,612.95,500.23,5169151,10980687871,20937965567,31960596479,39090913279,229376,41171288063,12079294788.20,11194398700.87,440660,10,10,10,0,0,0,0,0,0,1017855,2373631,3708927,1094331.52,500
1781842754,0,441160,0,612.80,500.15,5140479,10963910655,20921188351,31960596479,39090913279,229376,41171288063,12065605901.84,11195431233.00,441160,10,10,10,0,0,0,0,0,0,1021951,2615295,4911103,1316576.77,500
1781842755,0,441200,0,612.00,39.98,5136383,10963910655,20904411135,31960596479,39090913279,229376,41171288063,12064512098.21,11195513043.86,441200,10,10,10,0,0,0,0,0,0,928767,1603583,1646591,951872.00,40
1781842756,0,441200,0,611.15,0.00,5136383,10963910655,20904411135,31960596479,39090913279,229376,41171288063,12064512098.21,11195513043.86,441200,10,10,10,0,0,0,0,0,0,0,0,0,0.00,0
